experiment_id,stream,namespace,dag_id,cell_id,task_count,topology_family,weight_type,target_rho_l_bin,observation_index,attempt,raw_seed,accepted,reason,rho_l,longest_path_count,rho_h_low,rho_h_high
EXP-08,confirmatory,EXP-08-confirmatory-v1,exp08_confirmatory_n8_wide_layered_homogeneous_00,n8_wide_layered_homogeneous,8,wide_layered,homogeneous,low,0,0,13991428769505926376,true,accepted_all_structural_and_allocator_checks,0.25,7,0.3,0.7
EXP-08,confirmatory,EXP-08-confirmatory-v1,exp08_confirmatory_n8_wide_layered_homogeneous_01,n8_wide_layered_homogeneous,8,wide_layered,homogeneous,low,1,0,5037203865155119018,true,accepted_all_structural_and_allocator_checks,0.25,7,0.3,0.7
EXP-08,confirmatory,EXP-08-confirmatory-v1,exp08_confirmatory_n8_wide_layered_homogeneous_02,n8_wide_layered_homogeneous,8,wide_layered,homogeneous,low,2,0,4143969830578763026,true,accepted_all_structural_and_allocator_checks,0.25,7,0.3,0.7
EXP-08,confirmatory,EXP-08-confirmatory-v1,exp08_confirmatory_n8_wide_layered_homogeneous_03,n8_wide_layered_homogeneous,8,wide_layered,homogeneous,low,3,0,9915171306460377192,true,accepted_all_structural_and_allocator_checks,0.25,7,0.3,0.7
EXP-08,confirmatory,EXP-08-confirmatory-v1,exp08_confirmatory_n8_wide_layered_homogeneous_04,n8_wide_layered_homogeneous,8,wide_layered,homogeneous,low,4,0,16938683527426065736,true,accepted_all_structural_and_allocator_checks,0.25,7,0.3,0.7
EXP-08,confirmatory,EXP-08-confirmatory-v1,exp08_confirmatory_n8_wide_layered_homogeneous_05,n8_wide_layered_homogeneous,8,wide_layered,homogeneous,low,5,0,11860787778288324346,true,accepted_all_structural_and_allocator_checks,0.25,7,0.3,0.7
EXP-08,confirmatory,EXP-08-confirmatory-v1,exp08_confirmatory_n8_wide_layered_homogeneous_06,n8_wide_layered_homogeneous,8,wide_layered,homogeneous,low,6,0,16152427729140909885,true,accepted_all_structural_and_allocator_checks,0.25,7,0.3,0.7
EXP-08,confirmatory,EXP-08-confirmatory-v1,exp08_confirmatory_n8_wide_layered_homogeneous_07,n8_wide_layered_homogeneous,8,wide_layered,homogeneous,low,7,0,192848084552594019,true,accepted_all_structural_and_allocator_checks,0.25,7,0.3,0.7
EXP-08,confirmatory,EXP-08-confirmatory-v1,exp08_confirmatory_n8_wide_layered_homogeneous_08,n8_wide_layered_homogeneous,8,wide_layered,homogeneous,low,8,0,17526911179129724025,true,accepted_all_structural_and_allocator_checks,0.25,7,0.3,0.7
EXP-08,confirmatory,EXP-08-confirmatory-v1,exp08_confirmatory_n8_wide_layered_homogeneous_09,n8_wide_layered_homogeneous,8,wide_layered,homogeneous,low,9,0,631671294251678460,true,accepted_all_structural_and_allocator_checks,0.25,7,0.3,0.7
EXP-08,confirmatory,EXP-08-confirmatory-v1,exp08_confirmatory_n8_wide_layered_homogeneous_10,n8_wide_layered_homogeneous,8,wide_layered,homogeneous,low,10,0,6209908695486048490,true,accepted_all_structural_and_allocator_checks,0.25,7,0.3,0.7
EXP-08,confirmatory,EXP-08-confirmatory-v1,exp08_confirmatory_n8_wide_layered_homogeneous_11,n8_wide_layered_homogeneous,8,wide_layered,homogeneous,low,11,0,12078901624161907898,true,accepted_all_structural_and_allocator_checks,0.25,7,0.3,0.7
EXP-08,confirmatory,EXP-08-confirmatory-v1,exp08_confirmatory_n8_wide_layered_homogeneous_12,n8_wide_layered_homogeneous,8,wide_layered,homogeneous,low,12,0,4245020740478436213,true,accepted_all_structural_and_allocator_checks,0.25,7,0.3,0.7
EXP-08,confirmatory,EXP-08-confirmatory-v1,exp08_confirmatory_n8_wide_layered_homogeneous_13,n8_wide_layered_homogeneous,8,wide_layered,homogeneous,low,13,0,18362440099073130637,true,accepted_all_structural_and_allocator_checks,0.25,7,0.3,0.7
EXP-08,confirmatory,EXP-08-confirmatory-v1,exp08_confirmatory_n8_wide_layered_homogeneous_14,n8_wide_layered_homogeneous,8,wide_layered,homogeneous,low,14,0,14332015246363472838,true,accepted_all_structural_and_allocator_checks,0.25,7,0.3,0.7
EXP-08,confirmatory,EXP-08-confirmatory-v1,exp08_confirmatory_n8_wide_layered_homogeneous_15,n8_wide_layered_homogeneous,8,wide_layered,homogeneous,low,15,0,15770869621340777159,true,accepted_all_structural_and_allocator_checks,0.25,7,0.3,0.7
EXP-08,confirmatory,EXP-08-confirmatory-v1,exp08_confirmatory_n8_wide_layered_homogeneous_16,n8_wide_layered_homogeneous,8,wide_layered,homogeneous,low,16,0,14654553871029643111,true,accepted_all_structural_and_allocator_checks,0.25,7,0.3,0.7
EXP-08,confirmatory,EXP-08-confirmatory-v1,exp08_confirmatory_n8_wide_layered_homogeneous_17,n8_wide_layered_homogeneous,8,wide_layered,homogeneous,low,17,0,7419489746047202046,true,accepted_all_structural_and_allocator_checks,0.25,7,0.3,0.7
EXP-08,confirmatory,EXP-08-confirmatory-v1,exp08_confirmatory_n8_wide_layered_homogeneous_18,n8_wide_layered_homogeneous,8,wide_layered,homogeneous,low,18,0,843685751226921299,true,accepted_all_structural_and_allocator_checks,0.25,7,0.3,0.7
EXP-08,confirmatory,EXP-08-confirmatory-v1,exp08_confirmatory_n8_wide_layered_homogeneous_19,n8_wide_layered_homogeneous,8,wide_layered,homogeneous,low,19,0,14962466573197199526,true,accepted_all_structural_and_allocator_checks,0.25,7,0.3,0.7
EXP-08,confirmatory,EXP-08-confirmatory-v1,exp08_confirmatory_n8_wide_layered_lognormal_00,n8_wide_layered_lognormal,8,wide_layered,lognormal,low,0,0,17474036545764217959,false,rho_l_outside_target_bin,0.3333333333333333333333333333,1,,
EXP-08,confirmatory,EXP-08-confirmatory-v1,exp08_confirmatory_n8_wide_layered_lognormal_00,n8_wide_layered_lognormal,8,wide_layered,lognormal,low,0,1,16675216867622254366,false,rho_l_outside_target_bin,0.4117647058823529411764705882,1,,
EXP-08,confirmatory,EXP-08-confirmatory-v1,exp08_confirmatory_n8_wide_layered_lognormal_00,n8_wide_layered_lognormal,8,wide_layered,lognormal,low,0,2,9571666903471486808,false,rho_l_outside_target_bin,0.4736842105263157894736842105,1,,
EXP-08,confirmatory,EXP-08-confirmatory-v1,exp08_confirmatory_n8_wide_layered_lognormal_00,n8_wide_layered_lognormal,8,wide_layered,lognormal,low,0,3,13641702907019413728,false,rho_l_outside_target_bin,0.375,2,,
EXP-08,confirmatory,EXP-08-confirmatory-v1,exp08_confirmatory_n8_wide_layered_lognormal_00,n8_wide_layered_lognormal,8,wide_layered,lognormal,low,0,4,14476501072906630919,false,rho_l_outside_target_bin,0.35,2,,
EXP-08,confirmatory,EXP-08-confirmatory-v1,exp08_confirmatory_n8_wide_layered_lognormal_00,n8_wide_layered_lognormal,8,wide_layered,lognormal,low,0,5,5786743443525576939,false,rho_l_outside_target_bin,0.375,1,,
EXP-08,confirmatory,EXP-08-confirmatory-v1,exp08_confirmatory_n8_wide_layered_lognormal_00,n8_wide_layered_lognormal,8,wide_layered,lognormal,low,0,6,16381207211179807253,false,rho_l_outside_target_bin,0.3,3,,
EXP-08,confirmatory,EXP-08-confirmatory-v1,exp08_confirmatory_n8_wide_layered_lognormal_00,n8_wide_layered_lognormal,8,wide_layered,lognormal,low,0,7,5049703793243307755,false,rho_l_outside_target_bin,0.3125,2,,
EXP-08,confirmatory,EXP-08-confirmatory-v1,exp08_confirmatory_n8_wide_layered_lognormal_00,n8_wide_layered_lognormal,8,wide_layered,lognormal,low,0,8,10172486803490929813,false,rho_l_outside_target_bin,0.32,1,,
EXP-08,confirmatory,EXP-08-confirmatory-v1,exp08_confirmatory_n8_wide_layered_lognormal_00,n8_wide_layered_lognormal,8,wide_layered,lognormal,low,0,9,17671572376702826076,false,rho_l_outside_target_bin,0.4,4,,
EXP-08,confirmatory,EXP-08-confirmatory-v1,exp08_confirmatory_n8_wide_layered_lognormal_00,n8_wide_layered_lognormal,8,wide_layered,lognormal,low,0,10,14377728233326211366,false,rho_l_outside_target_bin,0.45,1,,
EXP-08,confirmatory,EXP-08-confirmatory-v1,exp08_confirmatory_n8_wide_layered_lognormal_00,n8_wide_layered_lognormal,8,wide_layered,lognormal,low,0,11,1506204724662273275,true,accepted_all_structural_and_allocator_checks,0.2608695652173913043478260870,2,0.3,0.7
EXP-08,confirmatory,EXP-08-confirmatory-v1,exp08_confirmatory_n8_wide_layered_lognormal_01,n8_wide_layered_lognormal,8,wide_layered,lognormal,low,1,0,838162710521127717,false,rho_l_outside_target_bin,0.4,1,,
EXP-08,confirmatory,EXP-08-confirmatory-v1,exp08_confirmatory_n8_wide_layered_lognormal_01,n8_wide_layered_lognormal,8,wide_layered,lognormal,low,1,1,1782686405529919943,false,rho_l_outside_target_bin,0.3636363636363636363636363636,1,,
EXP-08,confirmatory,EXP-08-confirmatory-v1,exp08_confirmatory_n8_wide_layered_lognormal_01,n8_wide_layered_lognormal,8,wide_layered,lognormal,low,1,2,18066800415279001033,false,rho_l_outside_target_bin,0.3181818181818181818181818182,1,,
EXP-08,confirmatory,EXP-08-confirmatory-v1,exp08_confirmatory_n8_wide_layered_lognormal_01,n8_wide_layered_lognormal,8,wide_layered,lognormal,low,1,3,2871121178746799050,false,rho_l_outside_target_bin,0.3461538461538461538461538462,1,,
EXP-08,confirmatory,EXP-08-confirmatory-v1,exp08_confirmatory_n8_wide_layered_lognormal_01,n8_wide_layered_lognormal,8,wide_layered,lognormal,low,1,4,161054709058492115,false,rho_l_outside_target_bin,0.3529411764705882352941176471,1,,
EXP-08,confirmatory,EXP-08-confirmatory-v1,exp08_confirmatory_n8_wide_layered_lognormal_01,n8_wide_layered_lognormal,8,wide_layered,lognormal,low,1,5,5321034842462874925,false,rho_l_outside_target_bin,0.4210526315789473684210526316,1,,
EXP-08,confirmatory,EXP-08-confirmatory-v1,exp08_confirmatory_n8_wide_layered_lognormal_01,n8_wide_layered_lognormal,8,wide_layered,lognormal,low,1,6,14289101825422064060,true,accepted_all_structural_and_allocator_checks,0.2857142857142857142857142857,1,0.3,0.7
EXP-08,confirmatory,EXP-08-confirmatory-v1,exp08_confirmatory_n8_wide_layered_lognormal_02,n8_wide_layered_lognormal,8,wide_layered,lognormal,low,2,0,4434416992238182092,false,rho_l_outside_target_bin,0.4,1,,
EXP-08,confirmatory,EXP-08-confirmatory-v1,exp08_confirmatory_n8_wide_layered_lognormal_02,n8_wide_layered_lognormal,8,wide_layered,lognormal,low,2,1,16580179887059177502,false,rho_l_outside_target_bin,0.4117647058823529411764705882,1,,
EXP-08,confirmatory,EXP-08-confirmatory-v1,exp08_confirmatory_n8_wide_layered_lognormal_02,n8_wide_layered_lognormal,8,wide_layered,lognormal,low,2,2,3751271617944124974,false,rho_l_outside_target_bin,0.3888888888888888888888888889,1,,
EXP-08,confirmatory,EXP-08-confirmatory-v1,exp08_confirmatory_n8_wide_layered_lognormal_02,n8_wide_layered_lognormal,8,wide_layered,lognormal,low,2,3,112351443125607791,false,rho_l_outside_target_bin,0.3333333333333333333333333333,3,,
EXP-08,confirmatory,EXP-08-confirmatory-v1,exp08_confirmatory_n8_wide_layered_lognormal_02,n8_wide_layered_lognormal,8,wide_layered,lognormal,low,2,4,5167826361969446050,false,rho_l_outside_target_bin,0.375,1,,
EXP-08,confirmatory,EXP-08-confirmatory-v1,exp08_confirmatory_n8_wide_layered_lognormal_02,n8_wide_layered_lognormal,8,wide_layered,lognormal,low,2,5,791150373087593143,false,rho_l_outside_target_bin,0.3571428571428571428571428571,4,,
EXP-08,confirmatory,EXP-08-confirmatory-v1,exp08_confirmatory_n8_wide_layered_lognormal_02,n8_wide_layered_lognormal,8,wide_layered,lognormal,low,2,6,1693616320815979626,false,rho_l_outside_target_bin,0.3529411764705882352941176471,2,,
EXP-08,confirmatory,EXP-08-confirmatory-v1,exp08_confirmatory_n8_wide_layered_lognormal_02,n8_wide_layered_lognormal,8,wide_layered,lognormal,low,2,7,15501451962204811497,false,rho_l_outside_target_bin,0.3888888888888888888888888889,1,,
EXP-08,confirmatory,EXP-08-confirmatory-v1,exp08_confirmatory_n8_wide_layered_lognormal_02,n8_wide_layered_lognormal,8,wide_layered,lognormal,low,2,8,16508502863857751647,false,rho_l_outside_target_bin,0.4166666666666666666666666667,1,,
EXP-08,confirmatory,EXP-08-confirmatory-v1,exp08_confirmatory_n8_wide_layered_lognormal_02,n8_wide_layered_lognormal,8,wide_layered,lognormal,low,2,9,14714284844833919515,false,rho_l_outside_target_bin,0.3529411764705882352941176471,1,,
EXP-08,confirmatory,EXP-08-confirmatory-v1,exp08_confirmatory_n8_wide_layered_lognormal_02,n8_wide_layered_lognormal,8,wide_layered,lognormal,low,2,10,6092434019927985407,false,rho_l_outside_target_bin,0.375,1,,
EXP-08,confirmatory,EXP-08-confirmatory-v1,exp08_confirmatory_n8_wide_layered_lognormal_02,n8_wide_layered_lognormal,8,wide_layered,lognormal,low,2,11,17813613612066373339,false,rho_l_outside_target_bin,0.3809523809523809523809523810,1,,
EXP-08,confirmatory,EXP-08-confirmatory-v1,exp08_confirmatory_n8_wide_layered_lognormal_02,n8_wide_layered_lognormal,8,wide_layered,lognormal,low,2,12,11809856361587384055,false,rho_l_outside_target_bin,0.3529411764705882352941176471,1,,
EXP-08,confirmatory,EXP-08-confirmatory-v1,exp08_confirmatory_n8_wide_layered_lognormal_02,n8_wide_layered_lognormal,8,wide_layered,lognormal,low,2,13,17190940402006611038,false,rho_l_outside_target_bin,0.45,1,,
EXP-08,confirmatory,EXP-08-confirmatory-v1,exp08_confirmatory_n8_wide_layered_lognormal_02,n8_wide_layered_lognormal,8,wide_layered,lognormal,low,2,14,14047062725228263172,false,rho_l_outside_target_bin,0.4166666666666666666666666667,2,,
EXP-08,confirmatory,EXP-08-confirmatory-v1,exp08_confirmatory_n8_wide_layered_lognormal_02,n8_wide_layered_lognormal,8,wide_layered,lognormal,low,2,15,1988927659683308677,false,rho_l_outside_target_bin,0.4285714285714285714285714286,1,,
EXP-08,confirmatory,EXP-08-confirmatory-v1,exp08_confirmatory_n8_wide_layered_lognormal_02,n8_wide_layered_lognormal,8,wide_layered,lognormal,low,2,16,4232896292668445695,true,accepted_all_structural_and_allocator_checks,0.2857142857142857142857142857,2,0.3,0.7
EXP-08,confirmatory,EXP-08-confirmatory-v1,exp08_confirmatory_n8_wide_layered_lognormal_03,n8_wide_layered_lognormal,8,wide_layered,lognormal,low,3,0,3044034637486695790,false,rho_l_outside_target_bin,0.3125,1,,
EXP-08,confirmatory,EXP-08-confirmatory-v1,exp08_confirmatory_n8_wide_layered_lognormal_03,n8_wide_layered_lognormal,8,wide_layered,lognormal,low,3,1,2430596399180878210,true,accepted_all_structural_and_allocator_checks,0.2631578947368421052631578947,3,0.3,0.7
EXP-08,confirmatory,EXP-08-confirmatory-v1,exp08_confirmatory_n8_wide_layered_lognormal_04,n8_wide_layered_lognormal,8,wide_layered,lognormal,low,4,0,6187189748325712714,false,rho_l_outside_target_bin,0.3157894736842105263157894737,1,,
EXP-08,confirmatory,EXP-08-confirmatory-v1,exp08_confirmatory_n8_wide_layered_lognormal_04,n8_wide_layered_lognormal,8,wide_layered,lognormal,low,4,1,14091220224422106531,false,rho_l_outside_target_bin,0.3684210526315789473684210526,1,,
EXP-08,confirmatory,EXP-08-confirmatory-v1,exp08_confirmatory_n8_wide_layered_lognormal_04,n8_wide_layered_lognormal,8,wide_layered,lognormal,low,4,2,7401643209533070743,false,rho_l_outside_target_bin,0.45,1,,
EXP-08,confirmatory,EXP-08-confirmatory-v1,exp08_confirmatory_n8_wide_layered_lognormal_04,n8_wide_layered_lognormal,8,wide_layered,lognormal,low,4,3,13638855354419030071,false,rho_l_outside_target_bin,0.3333333333333333333333333333,1,,
EXP-08,confirmatory,EXP-08-confirmatory-v1,exp08_confirmatory_n8_wide_layered_lognormal_04,n8_wide_layered_lognormal,8,wide_layered,lognormal,low,4,4,9766970486555732644,false,rho_l_outside_target_bin,0.4666666666666666666666666667,1,,
EXP-08,confirmatory,EXP-08-confirmatory-v1,exp08_confirmatory_n8_wide_layered_lognormal_04,n8_wide_layered_lognormal,8,wide_layered,lognormal,low,4,5,12012281295078380727,false,rho_l_outside_target_bin,0.3076923076923076923076923077,1,,
EXP-08,confirmatory,EXP-08-confirmatory-v1,exp08_confirmatory_n8_wide_layered_lognormal_04,n8_wide_layered_lognormal,8,wide_layered,lognormal,low,4,6,15906831824463161536,true,accepted_all_structural_and_allocator_checks,0.25,2,0.3,0.7
EXP-08,confirmatory,EXP-08-confirmatory-v1,exp08_confirmatory_n8_wide_layered_lognormal_05,n8_wide_layered_lognormal,8,wide_layered,lognormal,low,5,0,106806914665855725,false,rho_l_outside_target_bin,0.3181818181818181818181818182,1,,
EXP-08,confirmatory,EXP-08-confirmatory-v1,exp08_confirmatory_n8_wide_layered_lognormal_05,n8_wide_layered_lognormal,8,wide_layered,lognormal,low,5,1,735858828955034549,false,rho_l_outside_target_bin,0.3333333333333333333333333333,1,,
EXP-08,confirmatory,EXP-08-confirmatory-v1,exp08_confirmatory_n8_wide_layered_lognormal_05,n8_wide_layered_lognormal,8,wide_layered,lognormal,low,5,2,7463995754730811249,false,rho_l_outside_target_bin,0.4285714285714285714285714286,1,,
EXP-08,confirmatory,EXP-08-confirmatory-v1,exp08_confirmatory_n8_wide_layered_lognormal_05,n8_wide_layered_lognormal,8,wide_layered,lognormal,low,5,3,2730128955234810878,false,rho_l_outside_target_bin,0.4545454545454545454545454545,1,,
EXP-08,confirmatory,EXP-08-confirmatory-v1,exp08_confirmatory_n8_wide_layered_lognormal_05,n8_wide_layered_lognormal,8,wide_layered,lognormal,low,5,4,10022788545951839635,false,rho_l_outside_target_bin,0.3157894736842105263157894737,1,,
EXP-08,confirmatory,EXP-08-confirmatory-v1,exp08_confirmatory_n8_wide_layered_lognormal_05,n8_wide_layered_lognormal,8,wide_layered,lognormal,low,5,5,1080504249270006968,false,rho_l_outside_target_bin,0.4545454545454545454545454545,1,,
EXP-08,confirmatory,EXP-08-confirmatory-v1,exp08_confirmatory_n8_wide_layered_lognormal_05,n8_wide_layered_lognormal,8,wide_layered,lognormal,low,5,6,14256223979952985949,false,rho_l_outside_target_bin,0.5,1,,
EXP-08,confirmatory,EXP-08-confirmatory-v1,exp08_confirmatory_n8_wide_layered_lognormal_05,n8_wide_layered_lognormal,8,wide_layered,lognormal,low,5,7,2660760136177282808,false,rho_l_outside_target_bin,0.3529411764705882352941176471,1,,
EXP-08,confirmatory,EXP-08-confirmatory-v1,exp08_confirmatory_n8_wide_layered_lognormal_05,n8_wide_layered_lognormal,8,wide_layered,lognormal,low,5,8,1175069958481884210,true,accepted_all_structural_and_allocator_checks,0.2666666666666666666666666667,2,0.3,0.7
EXP-08,confirmatory,EXP-08-confirmatory-v1,exp08_confirmatory_n8_wide_layered_lognormal_06,n8_wide_layered_lognormal,8,wide_layered,lognormal,low,6,0,1693561374263112316,false,rho_l_outside_target_bin,0.3076923076923076923076923077,1,,
EXP-08,confirmatory,EXP-08-confirmatory-v1,exp08_confirmatory_n8_wide_layered_lognormal_06,n8_wide_layered_lognormal,8,wide_layered,lognormal,low,6,1,11840713424266372330,true,accepted_all_structural_and_allocator_checks,0.25,1,0.3,0.7
EXP-08,confirmatory,EXP-08-confirmatory-v1,exp08_confirmatory_n8_wide_layered_lognormal_07,n8_wide_layered_lognormal,8,wide_layered,lognormal,low,7,0,7824375688821155175,false,rho_l_outside_target_bin,0.4736842105263157894736842105,1,,
EXP-08,confirmatory,EXP-08-confirmatory-v1,exp08_confirmatory_n8_wide_layered_lognormal_07,n8_wide_layered_lognormal,8,wide_layered,lognormal,low,7,1,12899190248119742512,false,rho_l_outside_target_bin,0.4375,1,,
EXP-08,confirmatory,EXP-08-confirmatory-v1,exp08_confirmatory_n8_wide_layered_lognormal_07,n8_wide_layered_lognormal,8,wide_layered,lognormal,low,7,2,18076342635717102467,false,rho_l_outside_target_bin,0.3888888888888888888888888889,1,,
EXP-08,confirmatory,EXP-08-confirmatory-v1,exp08_confirmatory_n8_wide_layered_lognormal_07,n8_wide_layered_lognormal,8,wide_layered,lognormal,low,7,3,14113133579389290058,false,rho_l_outside_target_bin,0.3157894736842105263157894737,1,,
EXP-08,confirmatory,EXP-08-confirmatory-v1,exp08_confirmatory_n8_wide_layered_lognormal_07,n8_wide_layered_lognormal,8,wide_layered,lognormal,low,7,4,8793142789765871083,false,rho_l_outside_target_bin,0.3529411764705882352941176471,2,,
EXP-08,confirmatory,EXP-08-confirmatory-v1,exp08_confirmatory_n8_wide_layered_lognormal_07,n8_wide_layered_lognormal,8,wide_layered,lognormal,low,7,5,939000452153926158,false,rho_l_outside_target_bin,0.3181818181818181818181818182,1,,
EXP-08,confirmatory,EXP-08-confirmatory-v1,exp08_confirmatory_n8_wide_layered_lognormal_07,n8_wide_layered_lognormal,8,wide_layered,lognormal,low,7,6,17547711590945024878,false,rho_l_outside_target_bin,0.3333333333333333333333333333,1,,
EXP-08,confirmatory,EXP-08-confirmatory-v1,exp08_confirmatory_n8_wide_layered_lognormal_07,n8_wide_layered_lognormal,8,wide_layered,lognormal,low,7,7,4964678108615353042,false,rho_l_outside_target_bin,0.3076923076923076923076923077,1,,
EXP-08,confirmatory,EXP-08-confirmatory-v1,exp08_confirmatory_n8_wide_layered_lognormal_07,n8_wide_layered_lognormal,8,wide_layered,lognormal,low,7,8,2891226597804382130,false,rho_l_outside_target_bin,0.3333333333333333333333333333,1,,
EXP-08,confirmatory,EXP-08-confirmatory-v1,exp08_confirmatory_n8_wide_layered_lognormal_07,n8_wide_layered_lognormal,8,wide_layered,lognormal,low,7,9,7736049741764238224,false,rho_l_outside_target_bin,0.3636363636363636363636363636,1,,
EXP-08,confirmatory,EXP-08-confirmatory-v1,exp08_confirmatory_n8_wide_layered_lognormal_07,n8_wide_layered_lognormal,8,wide_layered,lognormal,low,7,10,8627463087078231333,false,rho_l_outside_target_bin,0.5,1,,
EXP-08,confirmatory,EXP-08-confirmatory-v1,exp08_confirmatory_n8_wide_layered_lognormal_07,n8_wide_layered_lognormal,8,wide_layered,lognormal,low,7,11,6876098515511776797,false,rho_l_outside_target_bin,0.3333333333333333333333333333,1,,
EXP-08,confirmatory,EXP-08-confirmatory-v1,exp08_confirmatory_n8_wide_layered_lognormal_07,n8_wide_layered_lognormal,8,wide_layered,lognormal,low,7,12,11074216813564209570,false,rho_l_outside_target_bin,0.3181818181818181818181818182,2,,
EXP-08,confirmatory,EXP-08-confirmatory-v1,exp08_confirmatory_n8_wide_layered_lognormal_07,n8_wide_layered_lognormal,8,wide_layered,lognormal,low,7,13,6381900286394404860,false,rho_l_outside_target_bin,0.3809523809523809523809523810,1,,
EXP-08,confirmatory,EXP-08-confirmatory-v1,exp08_confirmatory_n8_wide_layered_lognormal_07,n8_wide_layered_lognormal,8,wide_layered,lognormal,low,7,14,6559093446732756269,true,accepted_all_structural_and_allocator_checks,0.2222222222222222222222222222,4,0.3,0.7
EXP-08,confirmatory,EXP-08-confirmatory-v1,exp08_confirmatory_n8_wide_layered_lognormal_08,n8_wide_layered_lognormal,8,wide_layered,lognormal,low,8,0,11960796976583651020,false,rho_l_outside_target_bin,0.4375,1,,
EXP-08,confirmatory,EXP-08-confirmatory-v1,exp08_confirmatory_n8_wide_layered_lognormal_08,n8_wide_layered_lognormal,8,wide_layered,lognormal,low,8,1,10564659884773817791,false,rho_l_outside_target_bin,0.5,1,,
EXP-08,confirmatory,EXP-08-confirmatory-v1,exp08_confirmatory_n8_wide_layered_lognormal_08,n8_wide_layered_lognormal,8,wide_layered,lognormal,low,8,2,4545195329094984271,true,accepted_all_structural_and_allocator_checks,0.2352941176470588235294117647,4,0.3,0.7
EXP-08,confirmatory,EXP-08-confirmatory-v1,exp08_confirmatory_n8_wide_layered_lognormal_09,n8_wide_layered_lognormal,8,wide_layered,lognormal,low,9,0,14765439348785808975,false,rho_l_outside_target_bin,0.3529411764705882352941176471,2,,
EXP-08,confirmatory,EXP-08-confirmatory-v1,exp08_confirmatory_n8_wide_layered_lognormal_09,n8_wide_layered_lognormal,8,wide_layered,lognormal,low,9,1,18374965400440659951,false,rho_l_outside_target_bin,0.4,1,,
EXP-08,confirmatory,EXP-08-confirmatory-v1,exp08_confirmatory_n8_wide_layered_lognormal_09,n8_wide_layered_lognormal,8,wide_layered,lognormal,low,9,2,8309733860612745586,false,rho_l_outside_target_bin,0.3157894736842105263157894737,1,,
EXP-08,confirmatory,EXP-08-confirmatory-v1,exp08_confirmatory_n8_wide_layered_lognormal_09,n8_wide_layered_lognormal,8,wide_layered,lognormal,low,9,3,3881129947518128371,false,rho_l_outside_target_bin,0.3157894736842105263157894737,1,,
EXP-08,confirmatory,EXP-08-confirmatory-v1,exp08_confirmatory_n8_wide_layered_lognormal_09,n8_wide_layered_lognormal,8,wide_layered,lognormal,low,9,4,12807008249693485591,false,rho_l_outside_target_bin,0.375,1,,
EXP-08,confirmatory,EXP-08-confirmatory-v1,exp08_confirmatory_n8_wide_layered_lognormal_09,n8_wide_layered_lognormal,8,wide_layered,lognormal,low,9,5,8615855840211185908,false,rho_l_outside_target_bin,0.4210526315789473684210526316,1,,
EXP-08,confirmatory,EXP-08-confirmatory-v1,exp08_confirmatory_n8_wide_layered_lognormal_09,n8_wide_layered_lognormal,8,wide_layered,lognormal,low,9,6,15963885726694186063,false,rho_l_outside_target_bin,0.3529411764705882352941176471,2,,
EXP-08,confirmatory,EXP-08-confirmatory-v1,exp08_confirmatory_n8_wide_layered_lognormal_09,n8_wide_layered_lognormal,8,wide_layered,lognormal,low,9,7,17153481307673324688,true,accepted_all_structural_and_allocator_checks,0.2666666666666666666666666667,2,0.3,0.7
EXP-08,confirmatory,EXP-08-confirmatory-v1,exp08_confirmatory_n8_wide_layered_lognormal_10,n8_wide_layered_lognormal,8,wide_layered,lognormal,low,10,0,9699048137015219785,true,accepted_all_structural_and_allocator_checks,0.2380952380952380952380952381,3,0.3,0.7
EXP-08,confirmatory,EXP-08-confirmatory-v1,exp08_confirmatory_n8_wide_layered_lognormal_11,n8_wide_layered_lognormal,8,wide_layered,lognormal,low,11,0,8292811172579135984,false,rho_l_outside_target_bin,0.4285714285714285714285714286,1,,
EXP-08,confirmatory,EXP-08-confirmatory-v1,exp08_confirmatory_n8_wide_layered_lognormal_11,n8_wide_layered_lognormal,8,wide_layered,lognormal,low,11,1,80998698053436776,true,accepted_all_structural_and_allocator_checks,0.25,4,0.3,0.7
EXP-08,confirmatory,EXP-08-confirmatory-v1,exp08_confirmatory_n8_wide_layered_lognormal_12,n8_wide_layered_lognormal,8,wide_layered,lognormal,low,12,0,3509948382974652416,false,rho_l_outside_target_bin,0.3333333333333333333333333333,1,,
EXP-08,confirmatory,EXP-08-confirmatory-v1,exp08_confirmatory_n8_wide_layered_lognormal_12,n8_wide_layered_lognormal,8,wide_layered,lognormal,low,12,1,9295753274870092427,true,accepted_all_structural_and_allocator_checks,0.2941176470588235294117647059,1,0.3,0.7
EXP-08,confirmatory,EXP-08-confirmatory-v1,exp08_confirmatory_n8_wide_layered_lognormal_13,n8_wide_layered_lognormal,8,wide_layered,lognormal,low,13,0,7897138240907146445,false,rho_l_outside_target_bin,0.3333333333333333333333333333,5,,
EXP-08,confirmatory,EXP-08-confirmatory-v1,exp08_confirmatory_n8_wide_layered_lognormal_13,n8_wide_layered_lognormal,8,wide_layered,lognormal,low,13,1,12568988606231186469,false,rho_l_outside_target_bin,0.4210526315789473684210526316,1,,
EXP-08,confirmatory,EXP-08-confirmatory-v1,exp08_confirmatory_n8_wide_layered_lognormal_13,n8_wide_layered_lognormal,8,wide_layered,lognormal,low,13,2,1560838698252898166,true,accepted_all_structural_and_allocator_checks,0.2692307692307692307692307692,2,0.3,0.7
EXP-08,confirmatory,EXP-08-confirmatory-v1,exp08_confirmatory_n8_wide_layered_lognormal_14,n8_wide_layered_lognormal,8,wide_layered,lognormal,low,14,0,8019042873759241204,false,rho_l_outside_target_bin,0.4,1,,
EXP-08,confirmatory,EXP-08-confirmatory-v1,exp08_confirmatory_n8_wide_layered_lognormal_14,n8_wide_layered_lognormal,8,wide_layered,lognormal,low,14,1,787472302081925479,false,rho_l_outside_target_bin,0.3333333333333333333333333333,2,,
EXP-08,confirmatory,EXP-08-confirmatory-v1,exp08_confirmatory_n8_wide_layered_lognormal_14,n8_wide_layered_lognormal,8,wide_layered,lognormal,low,14,2,10504403653257664962,false,rho_l_outside_target_bin,0.3125,1,,
EXP-08,confirmatory,EXP-08-confirmatory-v1,exp08_confirmatory_n8_wide_layered_lognormal_14,n8_wide_layered_lognormal,8,wide_layered,lognormal,low,14,3,8428770903975633179,false,rho_l_outside_target_bin,0.3684210526315789473684210526,1,,
EXP-08,confirmatory,EXP-08-confirmatory-v1,exp08_confirmatory_n8_wide_layered_lognormal_14,n8_wide_layered_lognormal,8,wide_layered,lognormal,low,14,4,4369531351658899549,true,accepted_all_structural_and_allocator_checks,0.2692307692307692307692307692,2,0.3,0.7
EXP-08,confirmatory,EXP-08-confirmatory-v1,exp08_confirmatory_n8_wide_layered_lognormal_15,n8_wide_layered_lognormal,8,wide_layered,lognormal,low,15,0,9000565442167585207,false,rho_l_outside_target_bin,0.3888888888888888888888888889,2,,
EXP-08,confirmatory,EXP-08-confirmatory-v1,exp08_confirmatory_n8_wide_layered_lognormal_15,n8_wide_layered_lognormal,8,wide_layered,lognormal,low,15,1,4132427938534716318,false,rho_l_outside_target_bin,0.3125,1,,
EXP-08,confirmatory,EXP-08-confirmatory-v1,exp08_confirmatory_n8_wide_layered_lognormal_15,n8_wide_layered_lognormal,8,wide_layered,lognormal,low,15,2,3583064187771363351,false,rho_l_outside_target_bin,0.3571428571428571428571428571,4,,
EXP-08,confirmatory,EXP-08-confirmatory-v1,exp08_confirmatory_n8_wide_layered_lognormal_15,n8_wide_layered_lognormal,8,wide_layered,lognormal,low,15,3,3305044066366173724,true,accepted_all_structural_and_allocator_checks,0.2777777777777777777777777778,2,0.3,0.7
EXP-08,confirmatory,EXP-08-confirmatory-v1,exp08_confirmatory_n8_wide_layered_lognormal_16,n8_wide_layered_lognormal,8,wide_layered,lognormal,low,16,0,1528717721439182218,true,accepted_all_structural_and_allocator_checks,0.25,4,0.3,0.7
EXP-08,confirmatory,EXP-08-confirmatory-v1,exp08_confirmatory_n8_wide_layered_lognormal_17,n8_wide_layered_lognormal,8,wide_layered,lognormal,low,17,0,1031871281953539277,false,rho_l_outside_target_bin,0.3333333333333333333333333333,2,,
EXP-08,confirmatory,EXP-08-confirmatory-v1,exp08_confirmatory_n8_wide_layered_lognormal_17,n8_wide_layered_lognormal,8,wide_layered,lognormal,low,17,1,8348721775567969706,true,accepted_all_structural_and_allocator_checks,0.2631578947368421052631578947,3,0.3,0.7
EXP-08,confirmatory,EXP-08-confirmatory-v1,exp08_confirmatory_n8_wide_layered_lognormal_18,n8_wide_layered_lognormal,8,wide_layered,lognormal,low,18,0,775750491452310248,false,rho_l_outside_target_bin,0.3076923076923076923076923077,4,,
EXP-08,confirmatory,EXP-08-confirmatory-v1,exp08_confirmatory_n8_wide_layered_lognormal_18,n8_wide_layered_lognormal,8,wide_layered,lognormal,low,18,1,4624786664369924431,false,rho_l_outside_target_bin,0.3529411764705882352941176471,1,,
EXP-08,confirmatory,EXP-08-confirmatory-v1,exp08_confirmatory_n8_wide_layered_lognormal_18,n8_wide_layered_lognormal,8,wide_layered,lognormal,low,18,2,9296540370540686912,true,accepted_all_structural_and_allocator_checks,0.2857142857142857142857142857,2,0.3,0.7
EXP-08,confirmatory,EXP-08-confirmatory-v1,exp08_confirmatory_n8_wide_layered_lognormal_19,n8_wide_layered_lognormal,8,wide_layered,lognormal,low,19,0,3200970031209663682,false,rho_l_outside_target_bin,0.3636363636363636363636363636,1,,
EXP-08,confirmatory,EXP-08-confirmatory-v1,exp08_confirmatory_n8_wide_layered_lognormal_19,n8_wide_layered_lognormal,8,wide_layered,lognormal,low,19,1,15666120724402929015,true,accepted_all_structural_and_allocator_checks,0.2941176470588235294117647059,3,0.3,0.7
EXP-08,confirmatory,EXP-08-confirmatory-v1,exp08_confirmatory_n8_mixed_homogeneous_00,n8_mixed_homogeneous,8,mixed,homogeneous,medium,0,0,8293231574717321094,true,accepted_all_structural_and_allocator_checks,0.5,5,0.3,0.7
EXP-08,confirmatory,EXP-08-confirmatory-v1,exp08_confirmatory_n8_mixed_homogeneous_01,n8_mixed_homogeneous,8,mixed,homogeneous,medium,1,0,2069333149084399555,true,accepted_all_structural_and_allocator_checks,0.5,6,0.3,0.7
EXP-08,confirmatory,EXP-08-confirmatory-v1,exp08_confirmatory_n8_mixed_homogeneous_02,n8_mixed_homogeneous,8,mixed,homogeneous,medium,2,0,7900626946586442388,true,accepted_all_structural_and_allocator_checks,0.5,5,0.3,0.7
EXP-08,confirmatory,EXP-08-confirmatory-v1,exp08_confirmatory_n8_mixed_homogeneous_03,n8_mixed_homogeneous,8,mixed,homogeneous,medium,3,0,14130658683596689060,true,accepted_all_structural_and_allocator_checks,0.5,6,0.3,0.7
EXP-08,confirmatory,EXP-08-confirmatory-v1,exp08_confirmatory_n8_mixed_homogeneous_04,n8_mixed_homogeneous,8,mixed,homogeneous,medium,4,0,6390433597778408787,true,accepted_all_structural_and_allocator_checks,0.5,4,0.3,0.7
EXP-08,confirmatory,EXP-08-confirmatory-v1,exp08_confirmatory_n8_mixed_homogeneous_05,n8_mixed_homogeneous,8,mixed,homogeneous,medium,5,0,16856009884717984441,true,accepted_all_structural_and_allocator_checks,0.5,5,0.3,0.7
EXP-08,confirmatory,EXP-08-confirmatory-v1,exp08_confirmatory_n8_mixed_homogeneous_06,n8_mixed_homogeneous,8,mixed,homogeneous,medium,6,0,4473297931562302270,true,accepted_all_structural_and_allocator_checks,0.5,5,0.3,0.7
EXP-08,confirmatory,EXP-08-confirmatory-v1,exp08_confirmatory_n8_mixed_homogeneous_07,n8_mixed_homogeneous,8,mixed,homogeneous,medium,7,0,2581317779222536099,true,accepted_all_structural_and_allocator_checks,0.5,6,0.3,0.7
EXP-08,confirmatory,EXP-08-confirmatory-v1,exp08_confirmatory_n8_mixed_homogeneous_08,n8_mixed_homogeneous,8,mixed,homogeneous,medium,8,0,11824121359734586891,true,accepted_all_structural_and_allocator_checks,0.5,3,0.3,0.7
EXP-08,confirmatory,EXP-08-confirmatory-v1,exp08_confirmatory_n8_mixed_homogeneous_09,n8_mixed_homogeneous,8,mixed,homogeneous,medium,9,0,7327028327812660754,true,accepted_all_structural_and_allocator_checks,0.5,4,0.3,0.7
EXP-08,confirmatory,EXP-08-confirmatory-v1,exp08_confirmatory_n8_mixed_homogeneous_10,n8_mixed_homogeneous,8,mixed,homogeneous,medium,10,0,7609083141875536751,true,accepted_all_structural_and_allocator_checks,0.5,6,0.3,0.7
EXP-08,confirmatory,EXP-08-confirmatory-v1,exp08_confirmatory_n8_mixed_homogeneous_11,n8_mixed_homogeneous,8,mixed,homogeneous,medium,11,0,1795944163446817707,true,accepted_all_structural_and_allocator_checks,0.5,4,0.3,0.7
EXP-08,confirmatory,EXP-08-confirmatory-v1,exp08_confirmatory_n8_mixed_homogeneous_12,n8_mixed_homogeneous,8,mixed,homogeneous,medium,12,0,12668337644675453489,true,accepted_all_structural_and_allocator_checks,0.5,4,0.3,0.7
EXP-08,confirmatory,EXP-08-confirmatory-v1,exp08_confirmatory_n8_mixed_homogeneous_13,n8_mixed_homogeneous,8,mixed,homogeneous,medium,13,0,1299947943453280068,true,accepted_all_structural_and_allocator_checks,0.5,5,0.3,0.7
EXP-08,confirmatory,EXP-08-confirmatory-v1,exp08_confirmatory_n8_mixed_homogeneous_14,n8_mixed_homogeneous,8,mixed,homogeneous,medium,14,0,9666148923517923194,true,accepted_all_structural_and_allocator_checks,0.5,4,0.3,0.7
EXP-08,confirmatory,EXP-08-confirmatory-v1,exp08_confirmatory_n8_mixed_homogeneous_15,n8_mixed_homogeneous,8,mixed,homogeneous,medium,15,0,4531584966561650045,true,accepted_all_structural_and_allocator_checks,0.5,5,0.3,0.7
EXP-08,confirmatory,EXP-08-confirmatory-v1,exp08_confirmatory_n8_mixed_homogeneous_16,n8_mixed_homogeneous,8,mixed,homogeneous,medium,16,0,6162200245899267852,true,accepted_all_structural_and_allocator_checks,0.5,5,0.3,0.7
EXP-08,confirmatory,EXP-08-confirmatory-v1,exp08_confirmatory_n8_mixed_homogeneous_17,n8_mixed_homogeneous,8,mixed,homogeneous,medium,17,0,13808001144263214096,true,accepted_all_structural_and_allocator_checks,0.5,5,0.3,0.7
EXP-08,confirmatory,EXP-08-confirmatory-v1,exp08_confirmatory_n8_mixed_homogeneous_18,n8_mixed_homogeneous,8,mixed,homogeneous,medium,18,0,604775281229634550,true,accepted_all_structural_and_allocator_checks,0.5,6,0.3,0.7
EXP-08,confirmatory,EXP-08-confirmatory-v1,exp08_confirmatory_n8_mixed_homogeneous_19,n8_mixed_homogeneous,8,mixed,homogeneous,medium,19,0,15020462591522795172,true,accepted_all_structural_and_allocator_checks,0.5,5,0.3,0.7
EXP-08,confirmatory,EXP-08-confirmatory-v1,exp08_confirmatory_n8_mixed_lognormal_00,n8_mixed_lognormal,8,mixed,lognormal,medium,0,0,7597499555203554628,true,accepted_all_structural_and_allocator_checks,0.5789473684210526315789473684,1,0.3,0.7
EXP-08,confirmatory,EXP-08-confirmatory-v1,exp08_confirmatory_n8_mixed_lognormal_01,n8_mixed_lognormal,8,mixed,lognormal,medium,1,0,12719848593774488246,true,accepted_all_structural_and_allocator_checks,0.55,1,0.3,0.7
EXP-08,confirmatory,EXP-08-confirmatory-v1,exp08_confirmatory_n8_mixed_lognormal_02,n8_mixed_lognormal,8,mixed,lognormal,medium,2,0,2385896802933236874,true,accepted_all_structural_and_allocator_checks,0.5,1,0.3,0.7
EXP-08,confirmatory,EXP-08-confirmatory-v1,exp08_confirmatory_n8_mixed_lognormal_03,n8_mixed_lognormal,8,mixed,lognormal,medium,3,0,9249393559387659527,true,accepted_all_structural_and_allocator_checks,0.55,1,0.3,0.7
EXP-08,confirmatory,EXP-08-confirmatory-v1,exp08_confirmatory_n8_mixed_lognormal_04,n8_mixed_lognormal,8,mixed,lognormal,medium,4,0,11796485122656923586,false,rho_l_outside_target_bin,0.625,2,,
EXP-08,confirmatory,EXP-08-confirmatory-v1,exp08_confirmatory_n8_mixed_lognormal_04,n8_mixed_lognormal,8,mixed,lognormal,medium,4,1,13106457948978540458,false,rho_l_outside_target_bin,0.625,3,,
EXP-08,confirmatory,EXP-08-confirmatory-v1,exp08_confirmatory_n8_mixed_lognormal_04,n8_mixed_lognormal,8,mixed,lognormal,medium,4,2,2776681514126779243,false,rho_l_outside_target_bin,0.6666666666666666666666666667,1,,
EXP-08,confirmatory,EXP-08-confirmatory-v1,exp08_confirmatory_n8_mixed_lognormal_04,n8_mixed_lognormal,8,mixed,lognormal,medium,4,3,12808276295653907432,true,accepted_all_structural_and_allocator_checks,0.5,3,0.3,0.7
EXP-08,confirmatory,EXP-08-confirmatory-v1,exp08_confirmatory_n8_mixed_lognormal_05,n8_mixed_lognormal,8,mixed,lognormal,medium,5,0,12481410590633757536,false,rho_l_outside_target_bin,0.7368421052631578947368421053,1,,
EXP-08,confirmatory,EXP-08-confirmatory-v1,exp08_confirmatory_n8_mixed_lognormal_05,n8_mixed_lognormal,8,mixed,lognormal,medium,5,1,3948437565595939425,false,rho_l_outside_target_bin,0.625,2,,
EXP-08,confirmatory,EXP-08-confirmatory-v1,exp08_confirmatory_n8_mixed_lognormal_05,n8_mixed_lognormal,8,mixed,lognormal,medium,5,2,5864854980666332031,true,accepted_all_structural_and_allocator_checks,0.5263157894736842105263157895,2,0.3,0.7
EXP-08,confirmatory,EXP-08-confirmatory-v1,exp08_confirmatory_n8_mixed_lognormal_06,n8_mixed_lognormal,8,mixed,lognormal,medium,6,0,14801129365851480439,true,accepted_all_structural_and_allocator_checks,0.55,1,0.3,0.7
EXP-08,confirmatory,EXP-08-confirmatory-v1,exp08_confirmatory_n8_mixed_lognormal_07,n8_mixed_lognormal,8,mixed,lognormal,medium,7,0,4682939763792578916,true,accepted_all_structural_and_allocator_checks,0.5833333333333333333333333333,1,0.3,0.7
EXP-08,confirmatory,EXP-08-confirmatory-v1,exp08_confirmatory_n8_mixed_lognormal_08,n8_mixed_lognormal,8,mixed,lognormal,medium,8,0,3915775244168468202,true,accepted_all_structural_and_allocator_checks,0.5454545454545454545454545455,2,0.3,0.7
EXP-08,confirmatory,EXP-08-confirmatory-v1,exp08_confirmatory_n8_mixed_lognormal_09,n8_mixed_lognormal,8,mixed,lognormal,medium,9,0,16108775707179317677,false,rho_l_outside_target_bin,0.7333333333333333333333333333,1,,
EXP-08,confirmatory,EXP-08-confirmatory-v1,exp08_confirmatory_n8_mixed_lognormal_09,n8_mixed_lognormal,8,mixed,lognormal,medium,9,1,13592996387111064937,false,rho_l_outside_target_bin,0.6,1,,
EXP-08,confirmatory,EXP-08-confirmatory-v1,exp08_confirmatory_n8_mixed_lognormal_09,n8_mixed_lognormal,8,mixed,lognormal,medium,9,2,627212560280182181,false,rho_l_outside_target_bin,0.64,1,,
EXP-08,confirmatory,EXP-08-confirmatory-v1,exp08_confirmatory_n8_mixed_lognormal_09,n8_mixed_lognormal,8,mixed,lognormal,medium,9,3,9155463153344734285,false,rho_l_outside_target_bin,0.6190476190476190476190476190,1,,
EXP-08,confirmatory,EXP-08-confirmatory-v1,exp08_confirmatory_n8_mixed_lognormal_09,n8_mixed_lognormal,8,mixed,lognormal,medium,9,4,10857445859728182454,false,rho_l_outside_target_bin,0.7142857142857142857142857143,1,,
EXP-08,confirmatory,EXP-08-confirmatory-v1,exp08_confirmatory_n8_mixed_lognormal_09,n8_mixed_lognormal,8,mixed,lognormal,medium,9,5,4136949700888483521,true,accepted_all_structural_and_allocator_checks,0.5555555555555555555555555556,2,0.3,0.7
EXP-08,confirmatory,EXP-08-confirmatory-v1,exp08_confirmatory_n8_mixed_lognormal_10,n8_mixed_lognormal,8,mixed,lognormal,medium,10,0,14602295155564998000,true,accepted_all_structural_and_allocator_checks,0.5625,2,0.3,0.7
EXP-08,confirmatory,EXP-08-confirmatory-v1,exp08_confirmatory_n8_mixed_lognormal_11,n8_mixed_lognormal,8,mixed,lognormal,medium,11,0,36662124724034299,true,accepted_all_structural_and_allocator_checks,0.5882352941176470588235294118,2,0.3,0.7
EXP-08,confirmatory,EXP-08-confirmatory-v1,exp08_confirmatory_n8_mixed_lognormal_12,n8_mixed_lognormal,8,mixed,lognormal,medium,12,0,7122292719801478275,true,accepted_all_structural_and_allocator_checks,0.5625,1,0.3,0.7
EXP-08,confirmatory,EXP-08-confirmatory-v1,exp08_confirmatory_n8_mixed_lognormal_13,n8_mixed_lognormal,8,mixed,lognormal,medium,13,0,3853471174482124640,false,rho_l_outside_target_bin,0.7142857142857142857142857143,1,,
EXP-08,confirmatory,EXP-08-confirmatory-v1,exp08_confirmatory_n8_mixed_lognormal_13,n8_mixed_lognormal,8,mixed,lognormal,medium,13,1,12673821451903222252,true,accepted_all_structural_and_allocator_checks,0.5,2,0.3,0.7
EXP-08,confirmatory,EXP-08-confirmatory-v1,exp08_confirmatory_n8_mixed_lognormal_14,n8_mixed_lognormal,8,mixed,lognormal,medium,14,0,14965805553594031523,false,rho_l_outside_target_bin,0.6666666666666666666666666667,1,,
EXP-08,confirmatory,EXP-08-confirmatory-v1,exp08_confirmatory_n8_mixed_lognormal_14,n8_mixed_lognormal,8,mixed,lognormal,medium,14,1,13322123387462404596,false,rho_l_outside_target_bin,0.6315789473684210526315789474,2,,
EXP-08,confirmatory,EXP-08-confirmatory-v1,exp08_confirmatory_n8_mixed_lognormal_14,n8_mixed_lognormal,8,mixed,lognormal,medium,14,2,5067196827175173985,false,rho_l_outside_target_bin,0.7272727272727272727272727273,1,,
EXP-08,confirmatory,EXP-08-confirmatory-v1,exp08_confirmatory_n8_mixed_lognormal_14,n8_mixed_lognormal,8,mixed,lognormal,medium,14,3,15681241869739691389,true,accepted_all_structural_and_allocator_checks,0.5,3,0.3,0.7
EXP-08,confirmatory,EXP-08-confirmatory-v1,exp08_confirmatory_n8_mixed_lognormal_15,n8_mixed_lognormal,8,mixed,lognormal,medium,15,0,18198752987177314988,false,rho_l_outside_target_bin,0.6470588235294117647058823529,1,,
EXP-08,confirmatory,EXP-08-confirmatory-v1,exp08_confirmatory_n8_mixed_lognormal_15,n8_mixed_lognormal,8,mixed,lognormal,medium,15,1,9741629342010798590,true,accepted_all_structural_and_allocator_checks,0.5555555555555555555555555556,1,0.3,0.7
EXP-08,confirmatory,EXP-08-confirmatory-v1,exp08_confirmatory_n8_mixed_lognormal_16,n8_mixed_lognormal,8,mixed,lognormal,medium,16,0,2303884935418755001,true,accepted_all_structural_and_allocator_checks,0.5,1,0.3,0.7
EXP-08,confirmatory,EXP-08-confirmatory-v1,exp08_confirmatory_n8_mixed_lognormal_17,n8_mixed_lognormal,8,mixed,lognormal,medium,17,0,6587495898871818578,true,accepted_all_structural_and_allocator_checks,0.5,4,0.3,0.7
EXP-08,confirmatory,EXP-08-confirmatory-v1,exp08_confirmatory_n8_mixed_lognormal_18,n8_mixed_lognormal,8,mixed,lognormal,medium,18,0,11011067609627459444,true,accepted_all_structural_and_allocator_checks,0.5789473684210526315789473684,2,0.3,0.7
EXP-08,confirmatory,EXP-08-confirmatory-v1,exp08_confirmatory_n8_mixed_lognormal_19,n8_mixed_lognormal,8,mixed,lognormal,medium,19,0,6207643750566331162,false,rho_l_outside_target_bin,0.6315789473684210526315789474,1,,
EXP-08,confirmatory,EXP-08-confirmatory-v1,exp08_confirmatory_n8_mixed_lognormal_19,n8_mixed_lognormal,8,mixed,lognormal,medium,19,1,16985135300805145169,false,rho_l_outside_target_bin,0.625,2,,
EXP-08,confirmatory,EXP-08-confirmatory-v1,exp08_confirmatory_n8_mixed_lognormal_19,n8_mixed_lognormal,8,mixed,lognormal,medium,19,2,6351759657476804013,false,rho_l_outside_target_bin,0.6,1,,
EXP-08,confirmatory,EXP-08-confirmatory-v1,exp08_confirmatory_n8_mixed_lognormal_19,n8_mixed_lognormal,8,mixed,lognormal,medium,19,3,797382349517594055,false,rho_l_outside_target_bin,0.6,1,,
EXP-08,confirmatory,EXP-08-confirmatory-v1,exp08_confirmatory_n8_mixed_lognormal_19,n8_mixed_lognormal,8,mixed,lognormal,medium,19,4,8281977997457378373,true,accepted_all_structural_and_allocator_checks,0.5,2,0.3,0.7
EXP-08,confirmatory,EXP-08-confirmatory-v1,exp08_confirmatory_n8_chain_like_homogeneous_00,n8_chain_like_homogeneous,8,chain_like,homogeneous,high,0,0,13228177369527108703,true,accepted_all_structural_and_allocator_checks,0.75,3,0.3,0.7
EXP-08,confirmatory,EXP-08-confirmatory-v1,exp08_confirmatory_n8_chain_like_homogeneous_01,n8_chain_like_homogeneous,8,chain_like,homogeneous,high,1,0,11375220573071930682,true,accepted_all_structural_and_allocator_checks,0.75,3,0.3,0.7
EXP-08,confirmatory,EXP-08-confirmatory-v1,exp08_confirmatory_n8_chain_like_homogeneous_02,n8_chain_like_homogeneous,8,chain_like,homogeneous,high,2,0,6725001514765590648,true,accepted_all_structural_and_allocator_checks,0.75,2,0.3,0.7
EXP-08,confirmatory,EXP-08-confirmatory-v1,exp08_confirmatory_n8_chain_like_homogeneous_03,n8_chain_like_homogeneous,8,chain_like,homogeneous,high,3,0,14495194782719259213,true,accepted_all_structural_and_allocator_checks,0.75,2,0.3,0.7
EXP-08,confirmatory,EXP-08-confirmatory-v1,exp08_confirmatory_n8_chain_like_homogeneous_04,n8_chain_like_homogeneous,8,chain_like,homogeneous,high,4,0,13341252810766270518,true,accepted_all_structural_and_allocator_checks,0.75,2,0.3,0.7
EXP-08,confirmatory,EXP-08-confirmatory-v1,exp08_confirmatory_n8_chain_like_homogeneous_05,n8_chain_like_homogeneous,8,chain_like,homogeneous,high,5,0,1748828465973202184,true,accepted_all_structural_and_allocator_checks,0.75,3,0.3,0.7
EXP-08,confirmatory,EXP-08-confirmatory-v1,exp08_confirmatory_n8_chain_like_homogeneous_06,n8_chain_like_homogeneous,8,chain_like,homogeneous,high,6,0,13833764925507807419,true,accepted_all_structural_and_allocator_checks,0.75,3,0.3,0.7
EXP-08,confirmatory,EXP-08-confirmatory-v1,exp08_confirmatory_n8_chain_like_homogeneous_07,n8_chain_like_homogeneous,8,chain_like,homogeneous,high,7,0,12323623129995771515,true,accepted_all_structural_and_allocator_checks,0.75,2,0.3,0.7
EXP-08,confirmatory,EXP-08-confirmatory-v1,exp08_confirmatory_n8_chain_like_homogeneous_08,n8_chain_like_homogeneous,8,chain_like,homogeneous,high,8,0,5753352118267063026,true,accepted_all_structural_and_allocator_checks,0.75,2,0.3,0.7
EXP-08,confirmatory,EXP-08-confirmatory-v1,exp08_confirmatory_n8_chain_like_homogeneous_09,n8_chain_like_homogeneous,8,chain_like,homogeneous,high,9,0,10674888542866903883,true,accepted_all_structural_and_allocator_checks,0.75,3,0.3,0.7
EXP-08,confirmatory,EXP-08-confirmatory-v1,exp08_confirmatory_n8_chain_like_homogeneous_10,n8_chain_like_homogeneous,8,chain_like,homogeneous,high,10,0,11930562602768028997,true,accepted_all_structural_and_allocator_checks,0.75,3,0.3,0.7
EXP-08,confirmatory,EXP-08-confirmatory-v1,exp08_confirmatory_n8_chain_like_homogeneous_11,n8_chain_like_homogeneous,8,chain_like,homogeneous,high,11,0,18195796238244998050,true,accepted_all_structural_and_allocator_checks,0.75,2,0.3,0.7
EXP-08,confirmatory,EXP-08-confirmatory-v1,exp08_confirmatory_n8_chain_like_homogeneous_12,n8_chain_like_homogeneous,8,chain_like,homogeneous,high,12,0,5853913992426309291,true,accepted_all_structural_and_allocator_checks,0.75,2,0.3,0.7
EXP-08,confirmatory,EXP-08-confirmatory-v1,exp08_confirmatory_n8_chain_like_homogeneous_13,n8_chain_like_homogeneous,8,chain_like,homogeneous,high,13,0,17518961867886179850,true,accepted_all_structural_and_allocator_checks,0.75,3,0.3,0.7
EXP-08,confirmatory,EXP-08-confirmatory-v1,exp08_confirmatory_n8_chain_like_homogeneous_14,n8_chain_like_homogeneous,8,chain_like,homogeneous,high,14,0,13461232425519319181,true,accepted_all_structural_and_allocator_checks,0.75,3,0.3,0.7
EXP-08,confirmatory,EXP-08-confirmatory-v1,exp08_confirmatory_n8_chain_like_homogeneous_15,n8_chain_like_homogeneous,8,chain_like,homogeneous,high,15,0,5233165659652738414,true,accepted_all_structural_and_allocator_checks,0.75,3,0.3,0.7
EXP-08,confirmatory,EXP-08-confirmatory-v1,exp08_confirmatory_n8_chain_like_homogeneous_16,n8_chain_like_homogeneous,8,chain_like,homogeneous,high,16,0,7395753343939121943,true,accepted_all_structural_and_allocator_checks,0.75,2,0.3,0.7
EXP-08,confirmatory,EXP-08-confirmatory-v1,exp08_confirmatory_n8_chain_like_homogeneous_17,n8_chain_like_homogeneous,8,chain_like,homogeneous,high,17,0,17907633579909920228,true,accepted_all_structural_and_allocator_checks,0.75,3,0.3,0.7
EXP-08,confirmatory,EXP-08-confirmatory-v1,exp08_confirmatory_n8_chain_like_homogeneous_18,n8_chain_like_homogeneous,8,chain_like,homogeneous,high,18,0,17626853028533600591,true,accepted_all_structural_and_allocator_checks,0.75,2,0.3,0.7
EXP-08,confirmatory,EXP-08-confirmatory-v1,exp08_confirmatory_n8_chain_like_homogeneous_19,n8_chain_like_homogeneous,8,chain_like,homogeneous,high,19,0,3159734238263478661,true,accepted_all_structural_and_allocator_checks,0.75,3,0.3,0.7
EXP-08,confirmatory,EXP-08-confirmatory-v1,exp08_confirmatory_n8_chain_like_lognormal_00,n8_chain_like_lognormal,8,chain_like,lognormal,high,0,0,9002503461132284091,true,accepted_all_structural_and_allocator_checks,0.9,1,0.3,0.7
EXP-08,confirmatory,EXP-08-confirmatory-v1,exp08_confirmatory_n8_chain_like_lognormal_01,n8_chain_like_lognormal,8,chain_like,lognormal,high,1,0,8600707865892994734,true,accepted_all_structural_and_allocator_checks,0.8823529411764705882352941176,2,0.3,0.7
EXP-08,confirmatory,EXP-08-confirmatory-v1,exp08_confirmatory_n8_chain_like_lognormal_02,n8_chain_like_lognormal,8,chain_like,lognormal,high,2,0,7329683998311606769,true,accepted_all_structural_and_allocator_checks,0.7777777777777777777777777778,1,0.3,0.7
EXP-08,confirmatory,EXP-08-confirmatory-v1,exp08_confirmatory_n8_chain_like_lognormal_03,n8_chain_like_lognormal,8,chain_like,lognormal,high,3,0,15387905264651837949,true,accepted_all_structural_and_allocator_checks,0.8260869565217391304347826087,2,0.3,0.7
EXP-08,confirmatory,EXP-08-confirmatory-v1,exp08_confirmatory_n8_chain_like_lognormal_04,n8_chain_like_lognormal,8,chain_like,lognormal,high,4,0,12141726741157879957,true,accepted_all_structural_and_allocator_checks,0.7777777777777777777777777778,1,0.3,0.7
EXP-08,confirmatory,EXP-08-confirmatory-v1,exp08_confirmatory_n8_chain_like_lognormal_05,n8_chain_like_lognormal,8,chain_like,lognormal,high,5,0,16592903552230016332,true,accepted_all_structural_and_allocator_checks,0.7777777777777777777777777778,2,0.3,0.7
EXP-08,confirmatory,EXP-08-confirmatory-v1,exp08_confirmatory_n8_chain_like_lognormal_06,n8_chain_like_lognormal,8,chain_like,lognormal,high,6,0,12178201111090236625,true,accepted_all_structural_and_allocator_checks,0.8095238095238095238095238095,1,0.3,0.7
EXP-08,confirmatory,EXP-08-confirmatory-v1,exp08_confirmatory_n8_chain_like_lognormal_07,n8_chain_like_lognormal,8,chain_like,lognormal,high,7,0,14471995099249530097,true,accepted_all_structural_and_allocator_checks,0.7727272727272727272727272727,1,0.3,0.7
EXP-08,confirmatory,EXP-08-confirmatory-v1,exp08_confirmatory_n8_chain_like_lognormal_08,n8_chain_like_lognormal,8,chain_like,lognormal,high,8,0,9884237202086032685,true,accepted_all_structural_and_allocator_checks,0.8333333333333333333333333333,1,0.3,0.7
EXP-08,confirmatory,EXP-08-confirmatory-v1,exp08_confirmatory_n8_chain_like_lognormal_09,n8_chain_like_lognormal,8,chain_like,lognormal,high,9,0,12926663098759993453,true,accepted_all_structural_and_allocator_checks,0.7058823529411764705882352941,2,0.3,0.7
EXP-08,confirmatory,EXP-08-confirmatory-v1,exp08_confirmatory_n8_chain_like_lognormal_10,n8_chain_like_lognormal,8,chain_like,lognormal,high,10,0,2058522734514205823,true,accepted_all_structural_and_allocator_checks,0.7727272727272727272727272727,1,0.3,0.7
EXP-08,confirmatory,EXP-08-confirmatory-v1,exp08_confirmatory_n8_chain_like_lognormal_11,n8_chain_like_lognormal,8,chain_like,lognormal,high,11,0,12514550657355460501,true,accepted_all_structural_and_allocator_checks,0.8333333333333333333333333333,1,0.3,0.7
EXP-08,confirmatory,EXP-08-confirmatory-v1,exp08_confirmatory_n8_chain_like_lognormal_12,n8_chain_like_lognormal,8,chain_like,lognormal,high,12,0,7684186058830295699,true,accepted_all_structural_and_allocator_checks,0.7272727272727272727272727273,1,0.3,0.7
EXP-08,confirmatory,EXP-08-confirmatory-v1,exp08_confirmatory_n8_chain_like_lognormal_13,n8_chain_like_lognormal,8,chain_like,lognormal,high,13,0,5582676014110116177,true,accepted_all_structural_and_allocator_checks,0.7857142857142857142857142857,1,0.3,0.7
EXP-08,confirmatory,EXP-08-confirmatory-v1,exp08_confirmatory_n8_chain_like_lognormal_14,n8_chain_like_lognormal,8,chain_like,lognormal,high,14,0,8252104377885368717,true,accepted_all_structural_and_allocator_checks,0.75,2,0.3,0.7
EXP-08,confirmatory,EXP-08-confirmatory-v1,exp08_confirmatory_n8_chain_like_lognormal_15,n8_chain_like_lognormal,8,chain_like,lognormal,high,15,0,6612887952664596483,true,accepted_all_structural_and_allocator_checks,0.85,2,0.3,0.7
EXP-08,confirmatory,EXP-08-confirmatory-v1,exp08_confirmatory_n8_chain_like_lognormal_16,n8_chain_like_lognormal,8,chain_like,lognormal,high,16,0,3945305051735467792,true,accepted_all_structural_and_allocator_checks,0.8,1,0.3,0.7
EXP-08,confirmatory,EXP-08-confirmatory-v1,exp08_confirmatory_n8_chain_like_lognormal_17,n8_chain_like_lognormal,8,chain_like,lognormal,high,17,0,3074656468855769240,true,accepted_all_structural_and_allocator_checks,0.8333333333333333333333333333,2,0.3,0.7
EXP-08,confirmatory,EXP-08-confirmatory-v1,exp08_confirmatory_n8_chain_like_lognormal_18,n8_chain_like_lognormal,8,chain_like,lognormal,high,18,0,10654672125473044400,true,accepted_all_structural_and_allocator_checks,0.75,2,0.3,0.7
EXP-08,confirmatory,EXP-08-confirmatory-v1,exp08_confirmatory_n8_chain_like_lognormal_19,n8_chain_like_lognormal,8,chain_like,lognormal,high,19,0,10466630520885840321,true,accepted_all_structural_and_allocator_checks,0.8235294117647058823529411765,2,0.3,0.7
EXP-08,confirmatory,EXP-08-confirmatory-v1,exp08_confirmatory_n16_wide_layered_homogeneous_00,n16_wide_layered_homogeneous,16,wide_layered,homogeneous,low,0,0,3503792020226700900,true,accepted_all_structural_and_allocator_checks,0.1875,14,0.3,0.7
EXP-08,confirmatory,EXP-08-confirmatory-v1,exp08_confirmatory_n16_wide_layered_homogeneous_01,n16_wide_layered_homogeneous,16,wide_layered,homogeneous,low,1,0,16955498599499774808,true,accepted_all_structural_and_allocator_checks,0.1875,14,0.3,0.7
EXP-08,confirmatory,EXP-08-confirmatory-v1,exp08_confirmatory_n16_wide_layered_homogeneous_02,n16_wide_layered_homogeneous,16,wide_layered,homogeneous,low,2,0,14383501851665714668,true,accepted_all_structural_and_allocator_checks,0.1875,14,0.3,0.7
EXP-08,confirmatory,EXP-08-confirmatory-v1,exp08_confirmatory_n16_wide_layered_homogeneous_03,n16_wide_layered_homogeneous,16,wide_layered,homogeneous,low,3,0,757934425640005968,true,accepted_all_structural_and_allocator_checks,0.1875,14,0.3,0.7
EXP-08,confirmatory,EXP-08-confirmatory-v1,exp08_confirmatory_n16_wide_layered_homogeneous_04,n16_wide_layered_homogeneous,16,wide_layered,homogeneous,low,4,0,14788759464713637655,true,accepted_all_structural_and_allocator_checks,0.1875,14,0.3,0.7
EXP-08,confirmatory,EXP-08-confirmatory-v1,exp08_confirmatory_n16_wide_layered_homogeneous_05,n16_wide_layered_homogeneous,16,wide_layered,homogeneous,low,5,0,15574233876449567147,true,accepted_all_structural_and_allocator_checks,0.1875,14,0.3,0.7
EXP-08,confirmatory,EXP-08-confirmatory-v1,exp08_confirmatory_n16_wide_layered_homogeneous_06,n16_wide_layered_homogeneous,16,wide_layered,homogeneous,low,6,0,14515216608596669308,true,accepted_all_structural_and_allocator_checks,0.1875,14,0.3,0.7
EXP-08,confirmatory,EXP-08-confirmatory-v1,exp08_confirmatory_n16_wide_layered_homogeneous_07,n16_wide_layered_homogeneous,16,wide_layered,homogeneous,low,7,0,1706014100290187219,true,accepted_all_structural_and_allocator_checks,0.1875,14,0.3,0.7
EXP-08,confirmatory,EXP-08-confirmatory-v1,exp08_confirmatory_n16_wide_layered_homogeneous_08,n16_wide_layered_homogeneous,16,wide_layered,homogeneous,low,8,0,16837797081035685036,true,accepted_all_structural_and_allocator_checks,0.1875,14,0.3,0.7
EXP-08,confirmatory,EXP-08-confirmatory-v1,exp08_confirmatory_n16_wide_layered_homogeneous_09,n16_wide_layered_homogeneous,16,wide_layered,homogeneous,low,9,0,12207886278660064578,true,accepted_all_structural_and_allocator_checks,0.1875,14,0.3,0.7
EXP-08,confirmatory,EXP-08-confirmatory-v1,exp08_confirmatory_n16_wide_layered_homogeneous_10,n16_wide_layered_homogeneous,16,wide_layered,homogeneous,low,10,0,2473885050007763725,true,accepted_all_structural_and_allocator_checks,0.1875,14,0.3,0.7
EXP-08,confirmatory,EXP-08-confirmatory-v1,exp08_confirmatory_n16_wide_layered_homogeneous_11,n16_wide_layered_homogeneous,16,wide_layered,homogeneous,low,11,0,848239290184394509,true,accepted_all_structural_and_allocator_checks,0.1875,14,0.3,0.7
EXP-08,confirmatory,EXP-08-confirmatory-v1,exp08_confirmatory_n16_wide_layered_homogeneous_12,n16_wide_layered_homogeneous,16,wide_layered,homogeneous,low,12,0,12132863918345223566,true,accepted_all_structural_and_allocator_checks,0.1875,14,0.3,0.7
EXP-08,confirmatory,EXP-08-confirmatory-v1,exp08_confirmatory_n16_wide_layered_homogeneous_13,n16_wide_layered_homogeneous,16,wide_layered,homogeneous,low,13,0,6219493030821495937,true,accepted_all_structural_and_allocator_checks,0.1875,14,0.3,0.7
EXP-08,confirmatory,EXP-08-confirmatory-v1,exp08_confirmatory_n16_wide_layered_homogeneous_14,n16_wide_layered_homogeneous,16,wide_layered,homogeneous,low,14,0,14458556050156899882,true,accepted_all_structural_and_allocator_checks,0.1875,14,0.3,0.7
EXP-08,confirmatory,EXP-08-confirmatory-v1,exp08_confirmatory_n16_wide_layered_homogeneous_15,n16_wide_layered_homogeneous,16,wide_layered,homogeneous,low,15,0,13949307690373935051,true,accepted_all_structural_and_allocator_checks,0.1875,14,0.3,0.7
EXP-08,confirmatory,EXP-08-confirmatory-v1,exp08_confirmatory_n16_wide_layered_homogeneous_16,n16_wide_layered_homogeneous,16,wide_layered,homogeneous,low,16,0,3170123174519130502,true,accepted_all_structural_and_allocator_checks,0.1875,14,0.3,0.7
EXP-08,confirmatory,EXP-08-confirmatory-v1,exp08_confirmatory_n16_wide_layered_homogeneous_17,n16_wide_layered_homogeneous,16,wide_layered,homogeneous,low,17,0,15005557453591717377,true,accepted_all_structural_and_allocator_checks,0.1875,14,0.3,0.7
EXP-08,confirmatory,EXP-08-confirmatory-v1,exp08_confirmatory_n16_wide_layered_homogeneous_18,n16_wide_layered_homogeneous,16,wide_layered,homogeneous,low,18,0,18284745615909677711,true,accepted_all_structural_and_allocator_checks,0.1875,14,0.3,0.7
EXP-08,confirmatory,EXP-08-confirmatory-v1,exp08_confirmatory_n16_wide_layered_homogeneous_19,n16_wide_layered_homogeneous,16,wide_layered,homogeneous,low,19,0,9321931731172523601,true,accepted_all_structural_and_allocator_checks,0.1875,14,0.3,0.7
EXP-08,confirmatory,EXP-08-confirmatory-v1,exp08_confirmatory_n16_wide_layered_lognormal_00,n16_wide_layered_lognormal,16,wide_layered,lognormal,low,0,0,6417464109566036,true,accepted_all_structural_and_allocator_checks,0.25,1,0.3,0.7
EXP-08,confirmatory,EXP-08-confirmatory-v1,exp08_confirmatory_n16_wide_layered_lognormal_01,n16_wide_layered_lognormal,16,wide_layered,lognormal,low,1,0,4238181780368779700,true,accepted_all_structural_and_allocator_checks,0.2162162162162162162162162162,2,0.3,0.7
EXP-08,confirmatory,EXP-08-confirmatory-v1,exp08_confirmatory_n16_wide_layered_lognormal_02,n16_wide_layered_lognormal,16,wide_layered,lognormal,low,2,0,105851305855495320,true,accepted_all_structural_and_allocator_checks,0.2325581395348837209302325581,1,0.3,0.7
EXP-08,confirmatory,EXP-08-confirmatory-v1,exp08_confirmatory_n16_wide_layered_lognormal_03,n16_wide_layered_lognormal,16,wide_layered,lognormal,low,3,0,8801367986185385123,true,accepted_all_structural_and_allocator_checks,0.2222222222222222222222222222,1,0.3,0.7
EXP-08,confirmatory,EXP-08-confirmatory-v1,exp08_confirmatory_n16_wide_layered_lognormal_04,n16_wide_layered_lognormal,16,wide_layered,lognormal,low,4,0,2504875996025917307,false,rho_l_outside_target_bin,0.3103448275862068965517241379,1,,
EXP-08,confirmatory,EXP-08-confirmatory-v1,exp08_confirmatory_n16_wide_layered_lognormal_04,n16_wide_layered_lognormal,16,wide_layered,lognormal,low,4,1,8751411196729241604,false,rho_l_outside_target_bin,0.3333333333333333333333333333,1,,
EXP-08,confirmatory,EXP-08-confirmatory-v1,exp08_confirmatory_n16_wide_layered_lognormal_04,n16_wide_layered_lognormal,16,wide_layered,lognormal,low,4,2,5133639998768629223,true,accepted_all_structural_and_allocator_checks,0.2121212121212121212121212121,1,0.3,0.7
EXP-08,confirmatory,EXP-08-confirmatory-v1,exp08_confirmatory_n16_wide_layered_lognormal_05,n16_wide_layered_lognormal,16,wide_layered,lognormal,low,5,0,6862275226367498052,true,accepted_all_structural_and_allocator_checks,0.2432432432432432432432432432,2,0.3,0.7
EXP-08,confirmatory,EXP-08-confirmatory-v1,exp08_confirmatory_n16_wide_layered_lognormal_06,n16_wide_layered_lognormal,16,wide_layered,lognormal,low,6,0,17739462068354910039,true,accepted_all_structural_and_allocator_checks,0.2,1,0.3,0.7
EXP-08,confirmatory,EXP-08-confirmatory-v1,exp08_confirmatory_n16_wide_layered_lognormal_07,n16_wide_layered_lognormal,16,wide_layered,lognormal,low,7,0,12916696499682658512,true,accepted_all_structural_and_allocator_checks,0.25,5,0.3,0.7
EXP-08,confirmatory,EXP-08-confirmatory-v1,exp08_confirmatory_n16_wide_layered_lognormal_08,n16_wide_layered_lognormal,16,wide_layered,lognormal,low,8,0,254023752479749944,true,accepted_all_structural_and_allocator_checks,0.2,5,0.3,0.7
EXP-08,confirmatory,EXP-08-confirmatory-v1,exp08_confirmatory_n16_wide_layered_lognormal_09,n16_wide_layered_lognormal,16,wide_layered,lognormal,low,9,0,10048809999661607105,true,accepted_all_structural_and_allocator_checks,0.2682926829268292682926829268,1,0.3,0.7
EXP-08,confirmatory,EXP-08-confirmatory-v1,exp08_confirmatory_n16_wide_layered_lognormal_10,n16_wide_layered_lognormal,16,wide_layered,lognormal,low,10,0,10362575373110914561,true,accepted_all_structural_and_allocator_checks,0.1612903225806451612903225806,6,0.3,0.7
EXP-08,confirmatory,EXP-08-confirmatory-v1,exp08_confirmatory_n16_wide_layered_lognormal_11,n16_wide_layered_lognormal,16,wide_layered,lognormal,low,11,0,16445940607494165908,true,accepted_all_structural_and_allocator_checks,0.2222222222222222222222222222,1,0.3,0.7
EXP-08,confirmatory,EXP-08-confirmatory-v1,exp08_confirmatory_n16_wide_layered_lognormal_12,n16_wide_layered_lognormal,16,wide_layered,lognormal,low,12,0,12022093319837210329,true,accepted_all_structural_and_allocator_checks,0.2195121951219512195121951220,1,0.3,0.7
EXP-08,confirmatory,EXP-08-confirmatory-v1,exp08_confirmatory_n16_wide_layered_lognormal_13,n16_wide_layered_lognormal,16,wide_layered,lognormal,low,13,0,14721601622111183024,true,accepted_all_structural_and_allocator_checks,0.21875,1,0.3,0.7
EXP-08,confirmatory,EXP-08-confirmatory-v1,exp08_confirmatory_n16_wide_layered_lognormal_14,n16_wide_layered_lognormal,16,wide_layered,lognormal,low,14,0,8966475333567391817,true,accepted_all_structural_and_allocator_checks,0.16,3,0.3,0.7
EXP-08,confirmatory,EXP-08-confirmatory-v1,exp08_confirmatory_n16_wide_layered_lognormal_15,n16_wide_layered_lognormal,16,wide_layered,lognormal,low,15,0,6686761881971453860,false,rho_l_outside_target_bin,0.34375,2,,
EXP-08,confirmatory,EXP-08-confirmatory-v1,exp08_confirmatory_n16_wide_layered_lognormal_15,n16_wide_layered_lognormal,16,wide_layered,lognormal,low,15,1,12593206104935349997,true,accepted_all_structural_and_allocator_checks,0.2857142857142857142857142857,1,0.3,0.7
EXP-08,confirmatory,EXP-08-confirmatory-v1,exp08_confirmatory_n16_wide_layered_lognormal_16,n16_wide_layered_lognormal,16,wide_layered,lognormal,low,16,0,15921515425664715330,true,accepted_all_structural_and_allocator_checks,0.2820512820512820512820512821,1,0.3,0.7
EXP-08,confirmatory,EXP-08-confirmatory-v1,exp08_confirmatory_n16_wide_layered_lognormal_17,n16_wide_layered_lognormal,16,wide_layered,lognormal,low,17,0,6493830068785567265,true,accepted_all_structural_and_allocator_checks,0.2619047619047619047619047619,1,0.3,0.7
EXP-08,confirmatory,EXP-08-confirmatory-v1,exp08_confirmatory_n16_wide_layered_lognormal_18,n16_wide_layered_lognormal,16,wide_layered,lognormal,low,18,0,12022540728725294951,true,accepted_all_structural_and_allocator_checks,0.28,1,0.3,0.7
EXP-08,confirmatory,EXP-08-confirmatory-v1,exp08_confirmatory_n16_wide_layered_lognormal_19,n16_wide_layered_lognormal,16,wide_layered,lognormal,low,19,0,11596866353784744860,true,accepted_all_structural_and_allocator_checks,0.2444444444444444444444444444,1,0.3,0.7
EXP-08,confirmatory,EXP-08-confirmatory-v1,exp08_confirmatory_n16_mixed_homogeneous_00,n16_mixed_homogeneous,16,mixed,homogeneous,medium,0,0,17806635564162499845,true,accepted_all_structural_and_allocator_checks,0.4375,10,0.3,0.7
EXP-08,confirmatory,EXP-08-confirmatory-v1,exp08_confirmatory_n16_mixed_homogeneous_01,n16_mixed_homogeneous,16,mixed,homogeneous,medium,1,0,16462431388798477243,true,accepted_all_structural_and_allocator_checks,0.4375,33,0.3,0.7
EXP-08,confirmatory,EXP-08-confirmatory-v1,exp08_confirmatory_n16_mixed_homogeneous_02,n16_mixed_homogeneous,16,mixed,homogeneous,medium,2,0,17454654879923884694,true,accepted_all_structural_and_allocator_checks,0.4375,17,0.3,0.7
EXP-08,confirmatory,EXP-08-confirmatory-v1,exp08_confirmatory_n16_mixed_homogeneous_03,n16_mixed_homogeneous,16,mixed,homogeneous,medium,3,0,15310028613213033392,true,accepted_all_structural_and_allocator_checks,0.4375,15,0.3,0.7
EXP-08,confirmatory,EXP-08-confirmatory-v1,exp08_confirmatory_n16_mixed_homogeneous_04,n16_mixed_homogeneous,16,mixed,homogeneous,medium,4,0,15711331555903469831,true,accepted_all_structural_and_allocator_checks,0.4375,33,0.3,0.7
EXP-08,confirmatory,EXP-08-confirmatory-v1,exp08_confirmatory_n16_mixed_homogeneous_05,n16_mixed_homogeneous,16,mixed,homogeneous,medium,5,0,16715195990024815212,true,accepted_all_structural_and_allocator_checks,0.4375,14,0.3,0.7
EXP-08,confirmatory,EXP-08-confirmatory-v1,exp08_confirmatory_n16_mixed_homogeneous_06,n16_mixed_homogeneous,16,mixed,homogeneous,medium,6,0,4765792260216772634,true,accepted_all_structural_and_allocator_checks,0.4375,29,0.3,0.7
EXP-08,confirmatory,EXP-08-confirmatory-v1,exp08_confirmatory_n16_mixed_homogeneous_07,n16_mixed_homogeneous,16,mixed,homogeneous,medium,7,0,9386572896517658949,true,accepted_all_structural_and_allocator_checks,0.4375,15,0.3,0.7
EXP-08,confirmatory,EXP-08-confirmatory-v1,exp08_confirmatory_n16_mixed_homogeneous_08,n16_mixed_homogeneous,16,mixed,homogeneous,medium,8,0,4334184214937787400,true,accepted_all_structural_and_allocator_checks,0.4375,12,0.3,0.7
EXP-08,confirmatory,EXP-08-confirmatory-v1,exp08_confirmatory_n16_mixed_homogeneous_09,n16_mixed_homogeneous,16,mixed,homogeneous,medium,9,0,12156496691356001379,true,accepted_all_structural_and_allocator_checks,0.4375,10,0.3,0.7
EXP-08,confirmatory,EXP-08-confirmatory-v1,exp08_confirmatory_n16_mixed_homogeneous_10,n16_mixed_homogeneous,16,mixed,homogeneous,medium,10,0,5640331301358134138,true,accepted_all_structural_and_allocator_checks,0.4375,18,0.3,0.7
EXP-08,confirmatory,EXP-08-confirmatory-v1,exp08_confirmatory_n16_mixed_homogeneous_11,n16_mixed_homogeneous,16,mixed,homogeneous,medium,11,0,16950700788908843453,true,accepted_all_structural_and_allocator_checks,0.4375,24,0.3,0.7
EXP-08,confirmatory,EXP-08-confirmatory-v1,exp08_confirmatory_n16_mixed_homogeneous_12,n16_mixed_homogeneous,16,mixed,homogeneous,medium,12,0,1652880066119362549,true,accepted_all_structural_and_allocator_checks,0.4375,21,0.3,0.7
EXP-08,confirmatory,EXP-08-confirmatory-v1,exp08_confirmatory_n16_mixed_homogeneous_13,n16_mixed_homogeneous,16,mixed,homogeneous,medium,13,0,492515450892097716,true,accepted_all_structural_and_allocator_checks,0.4375,9,0.3,0.7
EXP-08,confirmatory,EXP-08-confirmatory-v1,exp08_confirmatory_n16_mixed_homogeneous_14,n16_mixed_homogeneous,16,mixed,homogeneous,medium,14,0,13097041495943177732,true,accepted_all_structural_and_allocator_checks,0.4375,18,0.3,0.7
EXP-08,confirmatory,EXP-08-confirmatory-v1,exp08_confirmatory_n16_mixed_homogeneous_15,n16_mixed_homogeneous,16,mixed,homogeneous,medium,15,0,8950739178279050651,true,accepted_all_structural_and_allocator_checks,0.4375,13,0.3,0.7
EXP-08,confirmatory,EXP-08-confirmatory-v1,exp08_confirmatory_n16_mixed_homogeneous_16,n16_mixed_homogeneous,16,mixed,homogeneous,medium,16,0,666821779168004381,true,accepted_all_structural_and_allocator_checks,0.4375,11,0.3,0.7
EXP-08,confirmatory,EXP-08-confirmatory-v1,exp08_confirmatory_n16_mixed_homogeneous_17,n16_mixed_homogeneous,16,mixed,homogeneous,medium,17,0,3027133886163092717,true,accepted_all_structural_and_allocator_checks,0.4375,24,0.3,0.7
EXP-08,confirmatory,EXP-08-confirmatory-v1,exp08_confirmatory_n16_mixed_homogeneous_18,n16_mixed_homogeneous,16,mixed,homogeneous,medium,18,0,7523623890751997676,true,accepted_all_structural_and_allocator_checks,0.4375,18,0.3,0.7
EXP-08,confirmatory,EXP-08-confirmatory-v1,exp08_confirmatory_n16_mixed_homogeneous_19,n16_mixed_homogeneous,16,mixed,homogeneous,medium,19,0,10522641126637537724,true,accepted_all_structural_and_allocator_checks,0.4375,14,0.3,0.7
EXP-08,confirmatory,EXP-08-confirmatory-v1,exp08_confirmatory_n16_mixed_lognormal_00,n16_mixed_lognormal,16,mixed,lognormal,medium,0,0,14705914018706020731,true,accepted_all_structural_and_allocator_checks,0.52,1,0.3,0.7
EXP-08,confirmatory,EXP-08-confirmatory-v1,exp08_confirmatory_n16_mixed_lognormal_01,n16_mixed_lognormal,16,mixed,lognormal,medium,1,0,4032276511937573639,true,accepted_all_structural_and_allocator_checks,0.5185185185185185185185185185,1,0.3,0.7
EXP-08,confirmatory,EXP-08-confirmatory-v1,exp08_confirmatory_n16_mixed_lognormal_02,n16_mixed_lognormal,16,mixed,lognormal,medium,2,0,7729781049225160432,true,accepted_all_structural_and_allocator_checks,0.4878048780487804878048780488,1,0.3,0.7
EXP-08,confirmatory,EXP-08-confirmatory-v1,exp08_confirmatory_n16_mixed_lognormal_03,n16_mixed_lognormal,16,mixed,lognormal,medium,3,0,3674873408619308624,true,accepted_all_structural_and_allocator_checks,0.5,1,0.3,0.7
EXP-08,confirmatory,EXP-08-confirmatory-v1,exp08_confirmatory_n16_mixed_lognormal_04,n16_mixed_lognormal,16,mixed,lognormal,medium,4,0,4072058911250860536,true,accepted_all_structural_and_allocator_checks,0.5151515151515151515151515152,1,0.3,0.7
EXP-08,confirmatory,EXP-08-confirmatory-v1,exp08_confirmatory_n16_mixed_lognormal_05,n16_mixed_lognormal,16,mixed,lognormal,medium,5,0,14189052257763253032,true,accepted_all_structural_and_allocator_checks,0.5476190476190476190476190476,1,0.3,0.7
EXP-08,confirmatory,EXP-08-confirmatory-v1,exp08_confirmatory_n16_mixed_lognormal_06,n16_mixed_lognormal,16,mixed,lognormal,medium,6,0,15739995839334456737,true,accepted_all_structural_and_allocator_checks,0.4848484848484848484848484848,1,0.3,0.7
EXP-08,confirmatory,EXP-08-confirmatory-v1,exp08_confirmatory_n16_mixed_lognormal_07,n16_mixed_lognormal,16,mixed,lognormal,medium,7,0,39710214246806745,true,accepted_all_structural_and_allocator_checks,0.5277777777777777777777777778,1,0.3,0.7
EXP-08,confirmatory,EXP-08-confirmatory-v1,exp08_confirmatory_n16_mixed_lognormal_08,n16_mixed_lognormal,16,mixed,lognormal,medium,8,0,12176902937949586467,true,accepted_all_structural_and_allocator_checks,0.5,2,0.3,0.7
EXP-08,confirmatory,EXP-08-confirmatory-v1,exp08_confirmatory_n16_mixed_lognormal_09,n16_mixed_lognormal,16,mixed,lognormal,medium,9,0,14134820424648268659,true,accepted_all_structural_and_allocator_checks,0.5333333333333333333333333333,3,0.3,0.7
EXP-08,confirmatory,EXP-08-confirmatory-v1,exp08_confirmatory_n16_mixed_lognormal_10,n16_mixed_lognormal,16,mixed,lognormal,medium,10,0,15207608438867133691,true,accepted_all_structural_and_allocator_checks,0.5142857142857142857142857143,1,0.3,0.7
EXP-08,confirmatory,EXP-08-confirmatory-v1,exp08_confirmatory_n16_mixed_lognormal_11,n16_mixed_lognormal,16,mixed,lognormal,medium,11,0,4686924311259394505,true,accepted_all_structural_and_allocator_checks,0.5714285714285714285714285714,1,0.3,0.7
EXP-08,confirmatory,EXP-08-confirmatory-v1,exp08_confirmatory_n16_mixed_lognormal_12,n16_mixed_lognormal,16,mixed,lognormal,medium,12,0,17290929514129036054,false,rho_l_outside_target_bin,0.6176470588235294117647058824,1,,
EXP-08,confirmatory,EXP-08-confirmatory-v1,exp08_confirmatory_n16_mixed_lognormal_12,n16_mixed_lognormal,16,mixed,lognormal,medium,12,1,9404034243187870027,true,accepted_all_structural_and_allocator_checks,0.4166666666666666666666666667,3,0.3,0.7
EXP-08,confirmatory,EXP-08-confirmatory-v1,exp08_confirmatory_n16_mixed_lognormal_13,n16_mixed_lognormal,16,mixed,lognormal,medium,13,0,17973901428423431680,true,accepted_all_structural_and_allocator_checks,0.5675675675675675675675675676,1,0.3,0.7
EXP-08,confirmatory,EXP-08-confirmatory-v1,exp08_confirmatory_n16_mixed_lognormal_14,n16_mixed_lognormal,16,mixed,lognormal,medium,14,0,6515159425319234189,false,rho_l_outside_target_bin,0.625,2,,
EXP-08,confirmatory,EXP-08-confirmatory-v1,exp08_confirmatory_n16_mixed_lognormal_14,n16_mixed_lognormal,16,mixed,lognormal,medium,14,1,727247056215231833,false,rho_l_outside_target_bin,0.6052631578947368421052631579,1,,
EXP-08,confirmatory,EXP-08-confirmatory-v1,exp08_confirmatory_n16_mixed_lognormal_14,n16_mixed_lognormal,16,mixed,lognormal,medium,14,2,12426795442927924769,true,accepted_all_structural_and_allocator_checks,0.5151515151515151515151515152,1,0.3,0.7
EXP-08,confirmatory,EXP-08-confirmatory-v1,exp08_confirmatory_n16_mixed_lognormal_15,n16_mixed_lognormal,16,mixed,lognormal,medium,15,0,6796989121192522489,false,rho_l_outside_target_bin,0.6176470588235294117647058824,1,,
EXP-08,confirmatory,EXP-08-confirmatory-v1,exp08_confirmatory_n16_mixed_lognormal_15,n16_mixed_lognormal,16,mixed,lognormal,medium,15,1,2309187789250056991,false,rho_l_outside_target_bin,0.6060606060606060606060606061,1,,
EXP-08,confirmatory,EXP-08-confirmatory-v1,exp08_confirmatory_n16_mixed_lognormal_15,n16_mixed_lognormal,16,mixed,lognormal,medium,15,2,2727882939513739108,true,accepted_all_structural_and_allocator_checks,0.5897435897435897435897435897,1,0.3,0.7
EXP-08,confirmatory,EXP-08-confirmatory-v1,exp08_confirmatory_n16_mixed_lognormal_16,n16_mixed_lognormal,16,mixed,lognormal,medium,16,0,5727898195786388212,false,rho_l_outside_target_bin,0.6,1,,
EXP-08,confirmatory,EXP-08-confirmatory-v1,exp08_confirmatory_n16_mixed_lognormal_16,n16_mixed_lognormal,16,mixed,lognormal,medium,16,1,14352660621070131832,true,accepted_all_structural_and_allocator_checks,0.5483870967741935483870967742,1,0.3,0.7
EXP-08,confirmatory,EXP-08-confirmatory-v1,exp08_confirmatory_n16_mixed_lognormal_17,n16_mixed_lognormal,16,mixed,lognormal,medium,17,0,12905613193662500495,true,accepted_all_structural_and_allocator_checks,0.5306122448979591836734693878,1,0.3,0.7
EXP-08,confirmatory,EXP-08-confirmatory-v1,exp08_confirmatory_n16_mixed_lognormal_18,n16_mixed_lognormal,16,mixed,lognormal,medium,18,0,16747456705133332378,true,accepted_all_structural_and_allocator_checks,0.5588235294117647058823529412,1,0.3,0.7
EXP-08,confirmatory,EXP-08-confirmatory-v1,exp08_confirmatory_n16_mixed_lognormal_19,n16_mixed_lognormal,16,mixed,lognormal,medium,19,0,11452547812813841933,true,accepted_all_structural_and_allocator_checks,0.5,1,0.3,0.7
EXP-08,confirmatory,EXP-08-confirmatory-v1,exp08_confirmatory_n16_chain_like_homogeneous_00,n16_chain_like_homogeneous,16,chain_like,homogeneous,high,0,0,17031455153674705072,true,accepted_all_structural_and_allocator_checks,0.75,4,0.3,0.7
EXP-08,confirmatory,EXP-08-confirmatory-v1,exp08_confirmatory_n16_chain_like_homogeneous_01,n16_chain_like_homogeneous,16,chain_like,homogeneous,high,1,0,459094312710732746,true,accepted_all_structural_and_allocator_checks,0.75,8,0.3,0.7
EXP-08,confirmatory,EXP-08-confirmatory-v1,exp08_confirmatory_n16_chain_like_homogeneous_02,n16_chain_like_homogeneous,16,chain_like,homogeneous,high,2,0,3739110291715276369,true,accepted_all_structural_and_allocator_checks,0.75,5,0.3,0.7
EXP-08,confirmatory,EXP-08-confirmatory-v1,exp08_confirmatory_n16_chain_like_homogeneous_03,n16_chain_like_homogeneous,16,chain_like,homogeneous,high,3,0,14574302260870708005,true,accepted_all_structural_and_allocator_checks,0.75,5,0.3,0.7
EXP-08,confirmatory,EXP-08-confirmatory-v1,exp08_confirmatory_n16_chain_like_homogeneous_04,n16_chain_like_homogeneous,16,chain_like,homogeneous,high,4,0,14297996489842882420,true,accepted_all_structural_and_allocator_checks,0.75,7,0.3,0.7
EXP-08,confirmatory,EXP-08-confirmatory-v1,exp08_confirmatory_n16_chain_like_homogeneous_05,n16_chain_like_homogeneous,16,chain_like,homogeneous,high,5,0,9342864457474125147,true,accepted_all_structural_and_allocator_checks,0.75,3,0.3,0.7
EXP-08,confirmatory,EXP-08-confirmatory-v1,exp08_confirmatory_n16_chain_like_homogeneous_06,n16_chain_like_homogeneous,16,chain_like,homogeneous,high,6,0,1517576182883918483,true,accepted_all_structural_and_allocator_checks,0.75,3,0.3,0.7
EXP-08,confirmatory,EXP-08-confirmatory-v1,exp08_confirmatory_n16_chain_like_homogeneous_07,n16_chain_like_homogeneous,16,chain_like,homogeneous,high,7,0,4318180144112131596,true,accepted_all_structural_and_allocator_checks,0.75,4,0.3,0.7
EXP-08,confirmatory,EXP-08-confirmatory-v1,exp08_confirmatory_n16_chain_like_homogeneous_08,n16_chain_like_homogeneous,16,chain_like,homogeneous,high,8,0,5716638713851423360,true,accepted_all_structural_and_allocator_checks,0.75,5,0.3,0.7
EXP-08,confirmatory,EXP-08-confirmatory-v1,exp08_confirmatory_n16_chain_like_homogeneous_09,n16_chain_like_homogeneous,16,chain_like,homogeneous,high,9,0,18348669175440424908,true,accepted_all_structural_and_allocator_checks,0.75,3,0.3,0.7
EXP-08,confirmatory,EXP-08-confirmatory-v1,exp08_confirmatory_n16_chain_like_homogeneous_10,n16_chain_like_homogeneous,16,chain_like,homogeneous,high,10,0,6229863141423592579,true,accepted_all_structural_and_allocator_checks,0.75,4,0.3,0.7
EXP-08,confirmatory,EXP-08-confirmatory-v1,exp08_confirmatory_n16_chain_like_homogeneous_11,n16_chain_like_homogeneous,16,chain_like,homogeneous,high,11,0,5254586349117104540,true,accepted_all_structural_and_allocator_checks,0.75,3,0.3,0.7
EXP-08,confirmatory,EXP-08-confirmatory-v1,exp08_confirmatory_n16_chain_like_homogeneous_12,n16_chain_like_homogeneous,16,chain_like,homogeneous,high,12,0,14111327407338343570,true,accepted_all_structural_and_allocator_checks,0.75,7,0.3,0.7
EXP-08,confirmatory,EXP-08-confirmatory-v1,exp08_confirmatory_n16_chain_like_homogeneous_13,n16_chain_like_homogeneous,16,chain_like,homogeneous,high,13,0,10975404677635154963,true,accepted_all_structural_and_allocator_checks,0.75,3,0.3,0.7
EXP-08,confirmatory,EXP-08-confirmatory-v1,exp08_confirmatory_n16_chain_like_homogeneous_14,n16_chain_like_homogeneous,16,chain_like,homogeneous,high,14,0,4807729352559640678,true,accepted_all_structural_and_allocator_checks,0.75,5,0.3,0.7
EXP-08,confirmatory,EXP-08-confirmatory-v1,exp08_confirmatory_n16_chain_like_homogeneous_15,n16_chain_like_homogeneous,16,chain_like,homogeneous,high,15,0,9075272206859912118,true,accepted_all_structural_and_allocator_checks,0.75,3,0.3,0.7
EXP-08,confirmatory,EXP-08-confirmatory-v1,exp08_confirmatory_n16_chain_like_homogeneous_16,n16_chain_like_homogeneous,16,chain_like,homogeneous,high,16,0,3133477427656827120,true,accepted_all_structural_and_allocator_checks,0.75,4,0.3,0.7
EXP-08,confirmatory,EXP-08-confirmatory-v1,exp08_confirmatory_n16_chain_like_homogeneous_17,n16_chain_like_homogeneous,16,chain_like,homogeneous,high,17,0,5490620032288622749,true,accepted_all_structural_and_allocator_checks,0.75,5,0.3,0.7
EXP-08,confirmatory,EXP-08-confirmatory-v1,exp08_confirmatory_n16_chain_like_homogeneous_18,n16_chain_like_homogeneous,16,chain_like,homogeneous,high,18,0,8627253600891071138,true,accepted_all_structural_and_allocator_checks,0.75,5,0.3,0.7
EXP-08,confirmatory,EXP-08-confirmatory-v1,exp08_confirmatory_n16_chain_like_homogeneous_19,n16_chain_like_homogeneous,16,chain_like,homogeneous,high,19,0,18094997795765133248,true,accepted_all_structural_and_allocator_checks,0.75,4,0.3,0.7
EXP-08,confirmatory,EXP-08-confirmatory-v1,exp08_confirmatory_n16_chain_like_lognormal_00,n16_chain_like_lognormal,16,chain_like,lognormal,high,0,0,9658265793450479295,true,accepted_all_structural_and_allocator_checks,0.8378378378378378378378378378,2,0.3,0.7
EXP-08,confirmatory,EXP-08-confirmatory-v1,exp08_confirmatory_n16_chain_like_lognormal_01,n16_chain_like_lognormal,16,chain_like,lognormal,high,1,0,5270884610333007687,true,accepted_all_structural_and_allocator_checks,0.8125,2,0.3,0.7
EXP-08,confirmatory,EXP-08-confirmatory-v1,exp08_confirmatory_n16_chain_like_lognormal_02,n16_chain_like_lognormal,16,chain_like,lognormal,high,2,0,5367759099824520148,true,accepted_all_structural_and_allocator_checks,0.6875,2,0.3,0.7
EXP-08,confirmatory,EXP-08-confirmatory-v1,exp08_confirmatory_n16_chain_like_lognormal_03,n16_chain_like_lognormal,16,chain_like,lognormal,high,3,0,16952921721657065674,true,accepted_all_structural_and_allocator_checks,0.8235294117647058823529411765,1,0.3,0.7
EXP-08,confirmatory,EXP-08-confirmatory-v1,exp08_confirmatory_n16_chain_like_lognormal_04,n16_chain_like_lognormal,16,chain_like,lognormal,high,4,0,7333532115220626,true,accepted_all_structural_and_allocator_checks,0.6818181818181818181818181818,1,0.3,0.7
EXP-08,confirmatory,EXP-08-confirmatory-v1,exp08_confirmatory_n16_chain_like_lognormal_05,n16_chain_like_lognormal,16,chain_like,lognormal,high,5,0,143908201031875815,true,accepted_all_structural_and_allocator_checks,0.7894736842105263157894736842,1,0.3,0.7
EXP-08,confirmatory,EXP-08-confirmatory-v1,exp08_confirmatory_n16_chain_like_lognormal_06,n16_chain_like_lognormal,16,chain_like,lognormal,high,6,0,16585831140973579562,true,accepted_all_structural_and_allocator_checks,0.8,1,0.3,0.7
EXP-08,confirmatory,EXP-08-confirmatory-v1,exp08_confirmatory_n16_chain_like_lognormal_07,n16_chain_like_lognormal,16,chain_like,lognormal,high,7,0,4864294184380421915,true,accepted_all_structural_and_allocator_checks,0.8510638297872340425531914894,1,0.3,0.7
EXP-08,confirmatory,EXP-08-confirmatory-v1,exp08_confirmatory_n16_chain_like_lognormal_08,n16_chain_like_lognormal,16,chain_like,lognormal,high,8,0,14924843705870494959,true,accepted_all_structural_and_allocator_checks,0.8,1,0.3,0.7
EXP-08,confirmatory,EXP-08-confirmatory-v1,exp08_confirmatory_n16_chain_like_lognormal_09,n16_chain_like_lognormal,16,chain_like,lognormal,high,9,0,10526267569596877771,true,accepted_all_structural_and_allocator_checks,0.7837837837837837837837837838,1,0.3,0.7
EXP-08,confirmatory,EXP-08-confirmatory-v1,exp08_confirmatory_n16_chain_like_lognormal_10,n16_chain_like_lognormal,16,chain_like,lognormal,high,10,0,3824227733345053483,true,accepted_all_structural_and_allocator_checks,0.7837837837837837837837837838,2,0.3,0.7
EXP-08,confirmatory,EXP-08-confirmatory-v1,exp08_confirmatory_n16_chain_like_lognormal_11,n16_chain_like_lognormal,16,chain_like,lognormal,high,11,0,8123054802511960042,true,accepted_all_structural_and_allocator_checks,0.8205128205128205128205128205,1,0.3,0.7
EXP-08,confirmatory,EXP-08-confirmatory-v1,exp08_confirmatory_n16_chain_like_lognormal_12,n16_chain_like_lognormal,16,chain_like,lognormal,high,12,0,3730503793024068912,true,accepted_all_structural_and_allocator_checks,0.8285714285714285714285714286,1,0.3,0.7
EXP-08,confirmatory,EXP-08-confirmatory-v1,exp08_confirmatory_n16_chain_like_lognormal_13,n16_chain_like_lognormal,16,chain_like,lognormal,high,13,0,6909623252441248835,true,accepted_all_structural_and_allocator_checks,0.7272727272727272727272727273,1,0.3,0.7
EXP-08,confirmatory,EXP-08-confirmatory-v1,exp08_confirmatory_n16_chain_like_lognormal_14,n16_chain_like_lognormal,16,chain_like,lognormal,high,14,0,4264102094421660356,true,accepted_all_structural_and_allocator_checks,0.8285714285714285714285714286,1,0.3,0.7
EXP-08,confirmatory,EXP-08-confirmatory-v1,exp08_confirmatory_n16_chain_like_lognormal_15,n16_chain_like_lognormal,16,chain_like,lognormal,high,15,0,11974257237274138596,true,accepted_all_structural_and_allocator_checks,0.7435897435897435897435897436,3,0.3,0.7
EXP-08,confirmatory,EXP-08-confirmatory-v1,exp08_confirmatory_n16_chain_like_lognormal_16,n16_chain_like_lognormal,16,chain_like,lognormal,high,16,0,15182447604746216684,true,accepted_all_structural_and_allocator_checks,0.8,3,0.3,0.7
EXP-08,confirmatory,EXP-08-confirmatory-v1,exp08_confirmatory_n16_chain_like_lognormal_17,n16_chain_like_lognormal,16,chain_like,lognormal,high,17,0,4786111693996523178,true,accepted_all_structural_and_allocator_checks,0.8181818181818181818181818182,1,0.3,0.7
EXP-08,confirmatory,EXP-08-confirmatory-v1,exp08_confirmatory_n16_chain_like_lognormal_18,n16_chain_like_lognormal,16,chain_like,lognormal,high,18,0,16016665246056589115,true,accepted_all_structural_and_allocator_checks,0.8717948717948717948717948718,1,0.3,0.7
EXP-08,confirmatory,EXP-08-confirmatory-v1,exp08_confirmatory_n16_chain_like_lognormal_19,n16_chain_like_lognormal,16,chain_like,lognormal,high,19,0,11865616484371961956,true,accepted_all_structural_and_allocator_checks,0.7419354838709677419354838710,2,0.3,0.7
EXP-08,confirmatory,EXP-08-confirmatory-v1,exp08_confirmatory_n32_wide_layered_homogeneous_00,n32_wide_layered_homogeneous,32,wide_layered,homogeneous,low,0,0,13869865595908019987,true,accepted_all_structural_and_allocator_checks,0.1875,182,0.3,0.7
EXP-08,confirmatory,EXP-08-confirmatory-v1,exp08_confirmatory_n32_wide_layered_homogeneous_01,n32_wide_layered_homogeneous,32,wide_layered,homogeneous,low,1,0,3680330574524749088,true,accepted_all_structural_and_allocator_checks,0.1875,158,0.3,0.7
EXP-08,confirmatory,EXP-08-confirmatory-v1,exp08_confirmatory_n32_wide_layered_homogeneous_02,n32_wide_layered_homogeneous,32,wide_layered,homogeneous,low,2,0,6155288355978033463,true,accepted_all_structural_and_allocator_checks,0.1875,340,0.3,0.7
EXP-08,confirmatory,EXP-08-confirmatory-v1,exp08_confirmatory_n32_wide_layered_homogeneous_03,n32_wide_layered_homogeneous,32,wide_layered,homogeneous,low,3,0,3999213174841849563,true,accepted_all_structural_and_allocator_checks,0.1875,196,0.3,0.7
EXP-08,confirmatory,EXP-08-confirmatory-v1,exp08_confirmatory_n32_wide_layered_homogeneous_04,n32_wide_layered_homogeneous,32,wide_layered,homogeneous,low,4,0,17972666001386223655,true,accepted_all_structural_and_allocator_checks,0.1875,189,0.3,0.7
EXP-08,confirmatory,EXP-08-confirmatory-v1,exp08_confirmatory_n32_wide_layered_homogeneous_05,n32_wide_layered_homogeneous,32,wide_layered,homogeneous,low,5,0,2975943487701333129,true,accepted_all_structural_and_allocator_checks,0.1875,186,0.3,0.7
EXP-08,confirmatory,EXP-08-confirmatory-v1,exp08_confirmatory_n32_wide_layered_homogeneous_06,n32_wide_layered_homogeneous,32,wide_layered,homogeneous,low,6,0,8827602412596354716,true,accepted_all_structural_and_allocator_checks,0.1875,215,0.3,0.7
EXP-08,confirmatory,EXP-08-confirmatory-v1,exp08_confirmatory_n32_wide_layered_homogeneous_07,n32_wide_layered_homogeneous,32,wide_layered,homogeneous,low,7,0,8786566257681706707,true,accepted_all_structural_and_allocator_checks,0.1875,218,0.3,0.7
EXP-08,confirmatory,EXP-08-confirmatory-v1,exp08_confirmatory_n32_wide_layered_homogeneous_08,n32_wide_layered_homogeneous,32,wide_layered,homogeneous,low,8,0,13360373680882431201,true,accepted_all_structural_and_allocator_checks,0.1875,193,0.3,0.7
EXP-08,confirmatory,EXP-08-confirmatory-v1,exp08_confirmatory_n32_wide_layered_homogeneous_09,n32_wide_layered_homogeneous,32,wide_layered,homogeneous,low,9,0,9843242231845545415,true,accepted_all_structural_and_allocator_checks,0.1875,195,0.3,0.7
EXP-08,confirmatory,EXP-08-confirmatory-v1,exp08_confirmatory_n32_wide_layered_homogeneous_10,n32_wide_layered_homogeneous,32,wide_layered,homogeneous,low,10,0,14585876495613461702,true,accepted_all_structural_and_allocator_checks,0.1875,188,0.3,0.7
EXP-08,confirmatory,EXP-08-confirmatory-v1,exp08_confirmatory_n32_wide_layered_homogeneous_11,n32_wide_layered_homogeneous,32,wide_layered,homogeneous,low,11,0,15295807023080581962,true,accepted_all_structural_and_allocator_checks,0.1875,242,0.3,0.7
EXP-08,confirmatory,EXP-08-confirmatory-v1,exp08_confirmatory_n32_wide_layered_homogeneous_12,n32_wide_layered_homogeneous,32,wide_layered,homogeneous,low,12,0,7113171399324048317,true,accepted_all_structural_and_allocator_checks,0.1875,248,0.3,0.7
EXP-08,confirmatory,EXP-08-confirmatory-v1,exp08_confirmatory_n32_wide_layered_homogeneous_13,n32_wide_layered_homogeneous,32,wide_layered,homogeneous,low,13,0,255427395621503784,true,accepted_all_structural_and_allocator_checks,0.1875,163,0.3,0.7
EXP-08,confirmatory,EXP-08-confirmatory-v1,exp08_confirmatory_n32_wide_layered_homogeneous_14,n32_wide_layered_homogeneous,32,wide_layered,homogeneous,low,14,0,8744513117926664114,true,accepted_all_structural_and_allocator_checks,0.1875,138,0.3,0.7
EXP-08,confirmatory,EXP-08-confirmatory-v1,exp08_confirmatory_n32_wide_layered_homogeneous_15,n32_wide_layered_homogeneous,32,wide_layered,homogeneous,low,15,0,124972906312198136,true,accepted_all_structural_and_allocator_checks,0.1875,153,0.3,0.7
EXP-08,confirmatory,EXP-08-confirmatory-v1,exp08_confirmatory_n32_wide_layered_homogeneous_16,n32_wide_layered_homogeneous,32,wide_layered,homogeneous,low,16,0,12475352608409012460,true,accepted_all_structural_and_allocator_checks,0.1875,208,0.3,0.7
EXP-08,confirmatory,EXP-08-confirmatory-v1,exp08_confirmatory_n32_wide_layered_homogeneous_17,n32_wide_layered_homogeneous,32,wide_layered,homogeneous,low,17,0,12640161125378881400,true,accepted_all_structural_and_allocator_checks,0.1875,223,0.3,0.7
EXP-08,confirmatory,EXP-08-confirmatory-v1,exp08_confirmatory_n32_wide_layered_homogeneous_18,n32_wide_layered_homogeneous,32,wide_layered,homogeneous,low,18,0,9314167484943605109,true,accepted_all_structural_and_allocator_checks,0.1875,210,0.3,0.7
EXP-08,confirmatory,EXP-08-confirmatory-v1,exp08_confirmatory_n32_wide_layered_homogeneous_19,n32_wide_layered_homogeneous,32,wide_layered,homogeneous,low,19,0,18176103609514088531,true,accepted_all_structural_and_allocator_checks,0.1875,130,0.3,0.7
EXP-08,confirmatory,EXP-08-confirmatory-v1,exp08_confirmatory_n32_wide_layered_lognormal_00,n32_wide_layered_lognormal,32,wide_layered,lognormal,low,0,0,15105927353949007911,true,accepted_all_structural_and_allocator_checks,0.2911392405063291139240506329,1,0.3,0.7
EXP-08,confirmatory,EXP-08-confirmatory-v1,exp08_confirmatory_n32_wide_layered_lognormal_01,n32_wide_layered_lognormal,32,wide_layered,lognormal,low,1,0,1364926965132829985,true,accepted_all_structural_and_allocator_checks,0.265625,1,0.3,0.7
EXP-08,confirmatory,EXP-08-confirmatory-v1,exp08_confirmatory_n32_wide_layered_lognormal_02,n32_wide_layered_lognormal,32,wide_layered,lognormal,low,2,0,5348537039102061092,true,accepted_all_structural_and_allocator_checks,0.2531645569620253164556962025,2,0.3,0.7
EXP-08,confirmatory,EXP-08-confirmatory-v1,exp08_confirmatory_n32_wide_layered_lognormal_03,n32_wide_layered_lognormal,32,wide_layered,lognormal,low,3,0,15425913730227806289,true,accepted_all_structural_and_allocator_checks,0.2714285714285714285714285714,1,0.3,0.7
EXP-08,confirmatory,EXP-08-confirmatory-v1,exp08_confirmatory_n32_wide_layered_lognormal_04,n32_wide_layered_lognormal,32,wide_layered,lognormal,low,4,0,7915851745562379896,true,accepted_all_structural_and_allocator_checks,0.2777777777777777777777777778,1,0.3,0.7
EXP-08,confirmatory,EXP-08-confirmatory-v1,exp08_confirmatory_n32_wide_layered_lognormal_05,n32_wide_layered_lognormal,32,wide_layered,lognormal,low,5,0,7700992348948595628,true,accepted_all_structural_and_allocator_checks,0.25,8,0.3,0.7
EXP-08,confirmatory,EXP-08-confirmatory-v1,exp08_confirmatory_n32_wide_layered_lognormal_06,n32_wide_layered_lognormal,32,wide_layered,lognormal,low,6,0,1643116381588687900,true,accepted_all_structural_and_allocator_checks,0.2794117647058823529411764706,2,0.3,0.7
EXP-08,confirmatory,EXP-08-confirmatory-v1,exp08_confirmatory_n32_wide_layered_lognormal_07,n32_wide_layered_lognormal,32,wide_layered,lognormal,low,7,0,3645346322539373541,true,accepted_all_structural_and_allocator_checks,0.2580645161290322580645161290,3,0.3,0.7
EXP-08,confirmatory,EXP-08-confirmatory-v1,exp08_confirmatory_n32_wide_layered_lognormal_08,n32_wide_layered_lognormal,32,wide_layered,lognormal,low,8,0,14914402071990106552,true,accepted_all_structural_and_allocator_checks,0.2692307692307692307692307692,1,0.3,0.7
EXP-08,confirmatory,EXP-08-confirmatory-v1,exp08_confirmatory_n32_wide_layered_lognormal_09,n32_wide_layered_lognormal,32,wide_layered,lognormal,low,9,0,9569602662500024794,true,accepted_all_structural_and_allocator_checks,0.2771084337349397590361445783,1,0.3,0.7
EXP-08,confirmatory,EXP-08-confirmatory-v1,exp08_confirmatory_n32_wide_layered_lognormal_10,n32_wide_layered_lognormal,32,wide_layered,lognormal,low,10,0,17592354153564938944,true,accepted_all_structural_and_allocator_checks,0.2571428571428571428571428571,2,0.3,0.7
EXP-08,confirmatory,EXP-08-confirmatory-v1,exp08_confirmatory_n32_wide_layered_lognormal_11,n32_wide_layered_lognormal,32,wide_layered,lognormal,low,11,0,5781922156536882650,true,accepted_all_structural_and_allocator_checks,0.2428571428571428571428571429,1,0.3,0.7
EXP-08,confirmatory,EXP-08-confirmatory-v1,exp08_confirmatory_n32_wide_layered_lognormal_12,n32_wide_layered_lognormal,32,wide_layered,lognormal,low,12,0,3160697478372672617,true,accepted_all_structural_and_allocator_checks,0.2666666666666666666666666667,3,0.3,0.7
EXP-08,confirmatory,EXP-08-confirmatory-v1,exp08_confirmatory_n32_wide_layered_lognormal_13,n32_wide_layered_lognormal,32,wide_layered,lognormal,low,13,0,695289685469491954,true,accepted_all_structural_and_allocator_checks,0.2769230769230769230769230769,2,0.3,0.7
EXP-08,confirmatory,EXP-08-confirmatory-v1,exp08_confirmatory_n32_wide_layered_lognormal_14,n32_wide_layered_lognormal,32,wide_layered,lognormal,low,14,0,11252925087568800742,true,accepted_all_structural_and_allocator_checks,0.2602739726027397260273972603,8,0.3,0.7
EXP-08,confirmatory,EXP-08-confirmatory-v1,exp08_confirmatory_n32_wide_layered_lognormal_15,n32_wide_layered_lognormal,32,wide_layered,lognormal,low,15,0,16730859324099776983,true,accepted_all_structural_and_allocator_checks,0.2647058823529411764705882353,4,0.3,0.7
EXP-08,confirmatory,EXP-08-confirmatory-v1,exp08_confirmatory_n32_wide_layered_lognormal_16,n32_wide_layered_lognormal,32,wide_layered,lognormal,low,16,0,6412323313755446298,true,accepted_all_structural_and_allocator_checks,0.2823529411764705882352941176,2,0.3,0.7
EXP-08,confirmatory,EXP-08-confirmatory-v1,exp08_confirmatory_n32_wide_layered_lognormal_17,n32_wide_layered_lognormal,32,wide_layered,lognormal,low,17,0,14712287156514201406,true,accepted_all_structural_and_allocator_checks,0.2647058823529411764705882353,1,0.3,0.7
EXP-08,confirmatory,EXP-08-confirmatory-v1,exp08_confirmatory_n32_wide_layered_lognormal_18,n32_wide_layered_lognormal,32,wide_layered,lognormal,low,18,0,7783003317980826969,true,accepted_all_structural_and_allocator_checks,0.2816901408450704225352112676,1,0.3,0.7
EXP-08,confirmatory,EXP-08-confirmatory-v1,exp08_confirmatory_n32_wide_layered_lognormal_19,n32_wide_layered_lognormal,32,wide_layered,lognormal,low,19,0,7353692590585424299,true,accepted_all_structural_and_allocator_checks,0.2567567567567567567567567568,6,0.3,0.7
EXP-08,confirmatory,EXP-08-confirmatory-v1,exp08_confirmatory_n32_mixed_homogeneous_00,n32_mixed_homogeneous,32,mixed,homogeneous,medium,0,0,17898416912260535809,true,accepted_all_structural_and_allocator_checks,0.4375,180,0.3,0.7
EXP-08,confirmatory,EXP-08-confirmatory-v1,exp08_confirmatory_n32_mixed_homogeneous_01,n32_mixed_homogeneous,32,mixed,homogeneous,medium,1,0,10438117728449863571,true,accepted_all_structural_and_allocator_checks,0.4375,678,0.3,0.7
EXP-08,confirmatory,EXP-08-confirmatory-v1,exp08_confirmatory_n32_mixed_homogeneous_02,n32_mixed_homogeneous,32,mixed,homogeneous,medium,2,0,1577612595276349441,true,accepted_all_structural_and_allocator_checks,0.4375,104,0.3,0.7
EXP-08,confirmatory,EXP-08-confirmatory-v1,exp08_confirmatory_n32_mixed_homogeneous_03,n32_mixed_homogeneous,32,mixed,homogeneous,medium,3,0,16393539876794341868,true,accepted_all_structural_and_allocator_checks,0.4375,138,0.3,0.7
EXP-08,confirmatory,EXP-08-confirmatory-v1,exp08_confirmatory_n32_mixed_homogeneous_04,n32_mixed_homogeneous,32,mixed,homogeneous,medium,4,0,12149556897371727135,true,accepted_all_structural_and_allocator_checks,0.4375,98,0.3,0.7
EXP-08,confirmatory,EXP-08-confirmatory-v1,exp08_confirmatory_n32_mixed_homogeneous_05,n32_mixed_homogeneous,32,mixed,homogeneous,medium,5,0,157289117499037967,true,accepted_all_structural_and_allocator_checks,0.4375,234,0.3,0.7
EXP-08,confirmatory,EXP-08-confirmatory-v1,exp08_confirmatory_n32_mixed_homogeneous_06,n32_mixed_homogeneous,32,mixed,homogeneous,medium,6,0,9247597207810072136,true,accepted_all_structural_and_allocator_checks,0.4375,65,0.3,0.7
EXP-08,confirmatory,EXP-08-confirmatory-v1,exp08_confirmatory_n32_mixed_homogeneous_07,n32_mixed_homogeneous,32,mixed,homogeneous,medium,7,0,15844317025516380127,true,accepted_all_structural_and_allocator_checks,0.4375,207,0.3,0.7
EXP-08,confirmatory,EXP-08-confirmatory-v1,exp08_confirmatory_n32_mixed_homogeneous_08,n32_mixed_homogeneous,32,mixed,homogeneous,medium,8,0,14119602533444459175,true,accepted_all_structural_and_allocator_checks,0.4375,70,0.3,0.7
EXP-08,confirmatory,EXP-08-confirmatory-v1,exp08_confirmatory_n32_mixed_homogeneous_09,n32_mixed_homogeneous,32,mixed,homogeneous,medium,9,0,6753112437405170461,true,accepted_all_structural_and_allocator_checks,0.4375,59,0.3,0.7
EXP-08,confirmatory,EXP-08-confirmatory-v1,exp08_confirmatory_n32_mixed_homogeneous_10,n32_mixed_homogeneous,32,mixed,homogeneous,medium,10,0,11239345106089082210,true,accepted_all_structural_and_allocator_checks,0.4375,552,0.3,0.7
EXP-08,confirmatory,EXP-08-confirmatory-v1,exp08_confirmatory_n32_mixed_homogeneous_11,n32_mixed_homogeneous,32,mixed,homogeneous,medium,11,0,607635858297836154,true,accepted_all_structural_and_allocator_checks,0.4375,282,0.3,0.7
EXP-08,confirmatory,EXP-08-confirmatory-v1,exp08_confirmatory_n32_mixed_homogeneous_12,n32_mixed_homogeneous,32,mixed,homogeneous,medium,12,0,7335330473797174778,true,accepted_all_structural_and_allocator_checks,0.4375,248,0.3,0.7
EXP-08,confirmatory,EXP-08-confirmatory-v1,exp08_confirmatory_n32_mixed_homogeneous_13,n32_mixed_homogeneous,32,mixed,homogeneous,medium,13,0,8139005421848476244,true,accepted_all_structural_and_allocator_checks,0.4375,132,0.3,0.7
EXP-08,confirmatory,EXP-08-confirmatory-v1,exp08_confirmatory_n32_mixed_homogeneous_14,n32_mixed_homogeneous,32,mixed,homogeneous,medium,14,0,2223313451378489079,true,accepted_all_structural_and_allocator_checks,0.4375,242,0.3,0.7
EXP-08,confirmatory,EXP-08-confirmatory-v1,exp08_confirmatory_n32_mixed_homogeneous_15,n32_mixed_homogeneous,32,mixed,homogeneous,medium,15,0,8010747639432765067,true,accepted_all_structural_and_allocator_checks,0.4375,212,0.3,0.7
EXP-08,confirmatory,EXP-08-confirmatory-v1,exp08_confirmatory_n32_mixed_homogeneous_16,n32_mixed_homogeneous,32,mixed,homogeneous,medium,16,0,2437134194235593865,true,accepted_all_structural_and_allocator_checks,0.4375,583,0.3,0.7
EXP-08,confirmatory,EXP-08-confirmatory-v1,exp08_confirmatory_n32_mixed_homogeneous_17,n32_mixed_homogeneous,32,mixed,homogeneous,medium,17,0,2420087928047914970,true,accepted_all_structural_and_allocator_checks,0.4375,680,0.3,0.7
EXP-08,confirmatory,EXP-08-confirmatory-v1,exp08_confirmatory_n32_mixed_homogeneous_18,n32_mixed_homogeneous,32,mixed,homogeneous,medium,18,0,12853138672391973131,true,accepted_all_structural_and_allocator_checks,0.4375,264,0.3,0.7
EXP-08,confirmatory,EXP-08-confirmatory-v1,exp08_confirmatory_n32_mixed_homogeneous_19,n32_mixed_homogeneous,32,mixed,homogeneous,medium,19,0,8915039980117548885,true,accepted_all_structural_and_allocator_checks,0.4375,280,0.3,0.7
EXP-08,confirmatory,EXP-08-confirmatory-v1,exp08_confirmatory_n32_mixed_lognormal_00,n32_mixed_lognormal,32,mixed,lognormal,medium,0,0,222821487832015264,true,accepted_all_structural_and_allocator_checks,0.5063291139240506329113924051,4,0.3,0.7
EXP-08,confirmatory,EXP-08-confirmatory-v1,exp08_confirmatory_n32_mixed_lognormal_01,n32_mixed_lognormal,32,mixed,lognormal,medium,1,0,1010841298215524623,true,accepted_all_structural_and_allocator_checks,0.4814814814814814814814814815,2,0.3,0.7
EXP-08,confirmatory,EXP-08-confirmatory-v1,exp08_confirmatory_n32_mixed_lognormal_02,n32_mixed_lognormal,32,mixed,lognormal,medium,2,0,13397268495650436544,true,accepted_all_structural_and_allocator_checks,0.5125,4,0.3,0.7
EXP-08,confirmatory,EXP-08-confirmatory-v1,exp08_confirmatory_n32_mixed_lognormal_03,n32_mixed_lognormal,32,mixed,lognormal,medium,3,0,16004174741087453740,true,accepted_all_structural_and_allocator_checks,0.5405405405405405405405405405,4,0.3,0.7
EXP-08,confirmatory,EXP-08-confirmatory-v1,exp08_confirmatory_n32_mixed_lognormal_04,n32_mixed_lognormal,32,mixed,lognormal,medium,4,0,5662708795762768629,true,accepted_all_structural_and_allocator_checks,0.5342465753424657534246575342,1,0.3,0.7
EXP-08,confirmatory,EXP-08-confirmatory-v1,exp08_confirmatory_n32_mixed_lognormal_05,n32_mixed_lognormal,32,mixed,lognormal,medium,5,0,14683920509993553704,true,accepted_all_structural_and_allocator_checks,0.5121951219512195121951219512,6,0.3,0.7
EXP-08,confirmatory,EXP-08-confirmatory-v1,exp08_confirmatory_n32_mixed_lognormal_06,n32_mixed_lognormal,32,mixed,lognormal,medium,6,0,9808911918545818448,true,accepted_all_structural_and_allocator_checks,0.5733333333333333333333333333,1,0.3,0.7
EXP-08,confirmatory,EXP-08-confirmatory-v1,exp08_confirmatory_n32_mixed_lognormal_07,n32_mixed_lognormal,32,mixed,lognormal,medium,7,0,10720167996022003861,true,accepted_all_structural_and_allocator_checks,0.5324675324675324675324675325,2,0.3,0.7
EXP-08,confirmatory,EXP-08-confirmatory-v1,exp08_confirmatory_n32_mixed_lognormal_08,n32_mixed_lognormal,32,mixed,lognormal,medium,8,0,2014287503453696802,true,accepted_all_structural_and_allocator_checks,0.5285714285714285714285714286,2,0.3,0.7
EXP-08,confirmatory,EXP-08-confirmatory-v1,exp08_confirmatory_n32_mixed_lognormal_09,n32_mixed_lognormal,32,mixed,lognormal,medium,9,0,1240193418818391659,true,accepted_all_structural_and_allocator_checks,0.4857142857142857142857142857,1,0.3,0.7
EXP-08,confirmatory,EXP-08-confirmatory-v1,exp08_confirmatory_n32_mixed_lognormal_10,n32_mixed_lognormal,32,mixed,lognormal,medium,10,0,1637212469662149838,true,accepted_all_structural_and_allocator_checks,0.5058823529411764705882352941,2,0.3,0.7
EXP-08,confirmatory,EXP-08-confirmatory-v1,exp08_confirmatory_n32_mixed_lognormal_11,n32_mixed_lognormal,32,mixed,lognormal,medium,11,0,73487653104120321,true,accepted_all_structural_and_allocator_checks,0.5507246376811594202898550725,1,0.3,0.7
EXP-08,confirmatory,EXP-08-confirmatory-v1,exp08_confirmatory_n32_mixed_lognormal_12,n32_mixed_lognormal,32,mixed,lognormal,medium,12,0,2119541817440369474,true,accepted_all_structural_and_allocator_checks,0.5,3,0.3,0.7
EXP-08,confirmatory,EXP-08-confirmatory-v1,exp08_confirmatory_n32_mixed_lognormal_13,n32_mixed_lognormal,32,mixed,lognormal,medium,13,0,14171431394385637265,true,accepted_all_structural_and_allocator_checks,0.5454545454545454545454545455,1,0.3,0.7
EXP-08,confirmatory,EXP-08-confirmatory-v1,exp08_confirmatory_n32_mixed_lognormal_14,n32_mixed_lognormal,32,mixed,lognormal,medium,14,0,8584452246693979462,true,accepted_all_structural_and_allocator_checks,0.5142857142857142857142857143,2,0.3,0.7
EXP-08,confirmatory,EXP-08-confirmatory-v1,exp08_confirmatory_n32_mixed_lognormal_15,n32_mixed_lognormal,32,mixed,lognormal,medium,15,0,16039653152869516400,true,accepted_all_structural_and_allocator_checks,0.5342465753424657534246575342,2,0.3,0.7
EXP-08,confirmatory,EXP-08-confirmatory-v1,exp08_confirmatory_n32_mixed_lognormal_16,n32_mixed_lognormal,32,mixed,lognormal,medium,16,0,4135089393728880398,true,accepted_all_structural_and_allocator_checks,0.5142857142857142857142857143,1,0.3,0.7
EXP-08,confirmatory,EXP-08-confirmatory-v1,exp08_confirmatory_n32_mixed_lognormal_17,n32_mixed_lognormal,32,mixed,lognormal,medium,17,0,10173264822325680978,true,accepted_all_structural_and_allocator_checks,0.5949367088607594936708860759,2,0.3,0.7
EXP-08,confirmatory,EXP-08-confirmatory-v1,exp08_confirmatory_n32_mixed_lognormal_18,n32_mixed_lognormal,32,mixed,lognormal,medium,18,0,17825632719173709345,false,rho_l_outside_target_bin,0.6056338028169014084507042254,1,,
EXP-08,confirmatory,EXP-08-confirmatory-v1,exp08_confirmatory_n32_mixed_lognormal_18,n32_mixed_lognormal,32,mixed,lognormal,medium,18,1,8777563100253066268,true,accepted_all_structural_and_allocator_checks,0.5066666666666666666666666667,2,0.3,0.7
EXP-08,confirmatory,EXP-08-confirmatory-v1,exp08_confirmatory_n32_mixed_lognormal_19,n32_mixed_lognormal,32,mixed,lognormal,medium,19,0,8538325459686997987,true,accepted_all_structural_and_allocator_checks,0.5538461538461538461538461538,2,0.3,0.7
EXP-08,confirmatory,EXP-08-confirmatory-v1,exp08_confirmatory_n32_chain_like_homogeneous_00,n32_chain_like_homogeneous,32,chain_like,homogeneous,high,0,0,12822736421457525553,true,accepted_all_structural_and_allocator_checks,0.75,25,0.3,0.7
EXP-08,confirmatory,EXP-08-confirmatory-v1,exp08_confirmatory_n32_chain_like_homogeneous_01,n32_chain_like_homogeneous,32,chain_like,homogeneous,high,1,0,3415557810487926870,true,accepted_all_structural_and_allocator_checks,0.75,15,0.3,0.7
EXP-08,confirmatory,EXP-08-confirmatory-v1,exp08_confirmatory_n32_chain_like_homogeneous_02,n32_chain_like_homogeneous,32,chain_like,homogeneous,high,2,0,18214265642885239884,true,accepted_all_structural_and_allocator_checks,0.75,15,0.3,0.7
EXP-08,confirmatory,EXP-08-confirmatory-v1,exp08_confirmatory_n32_chain_like_homogeneous_03,n32_chain_like_homogeneous,32,chain_like,homogeneous,high,3,0,9066128145912012768,true,accepted_all_structural_and_allocator_checks,0.75,9,0.3,0.7
EXP-08,confirmatory,EXP-08-confirmatory-v1,exp08_confirmatory_n32_chain_like_homogeneous_04,n32_chain_like_homogeneous,32,chain_like,homogeneous,high,4,0,11412709149969150623,true,accepted_all_structural_and_allocator_checks,0.75,11,0.3,0.7
EXP-08,confirmatory,EXP-08-confirmatory-v1,exp08_confirmatory_n32_chain_like_homogeneous_05,n32_chain_like_homogeneous,32,chain_like,homogeneous,high,5,0,10585342435724376029,true,accepted_all_structural_and_allocator_checks,0.75,10,0.3,0.7
EXP-08,confirmatory,EXP-08-confirmatory-v1,exp08_confirmatory_n32_chain_like_homogeneous_06,n32_chain_like_homogeneous,32,chain_like,homogeneous,high,6,0,923944097522969875,true,accepted_all_structural_and_allocator_checks,0.75,16,0.3,0.7
EXP-08,confirmatory,EXP-08-confirmatory-v1,exp08_confirmatory_n32_chain_like_homogeneous_07,n32_chain_like_homogeneous,32,chain_like,homogeneous,high,7,0,1424587043034083603,true,accepted_all_structural_and_allocator_checks,0.75,13,0.3,0.7
EXP-08,confirmatory,EXP-08-confirmatory-v1,exp08_confirmatory_n32_chain_like_homogeneous_08,n32_chain_like_homogeneous,32,chain_like,homogeneous,high,8,0,9865915956865642587,true,accepted_all_structural_and_allocator_checks,0.75,7,0.3,0.7
EXP-08,confirmatory,EXP-08-confirmatory-v1,exp08_confirmatory_n32_chain_like_homogeneous_09,n32_chain_like_homogeneous,32,chain_like,homogeneous,high,9,0,13204036453481753626,true,accepted_all_structural_and_allocator_checks,0.75,30,0.3,0.7
EXP-08,confirmatory,EXP-08-confirmatory-v1,exp08_confirmatory_n32_chain_like_homogeneous_10,n32_chain_like_homogeneous,32,chain_like,homogeneous,high,10,0,3582267607750785535,true,accepted_all_structural_and_allocator_checks,0.75,13,0.3,0.7
EXP-08,confirmatory,EXP-08-confirmatory-v1,exp08_confirmatory_n32_chain_like_homogeneous_11,n32_chain_like_homogeneous,32,chain_like,homogeneous,high,11,0,7695024236331934657,true,accepted_all_structural_and_allocator_checks,0.75,23,0.3,0.7
EXP-08,confirmatory,EXP-08-confirmatory-v1,exp08_confirmatory_n32_chain_like_homogeneous_12,n32_chain_like_homogeneous,32,chain_like,homogeneous,high,12,0,1106327263884891618,true,accepted_all_structural_and_allocator_checks,0.75,17,0.3,0.7
EXP-08,confirmatory,EXP-08-confirmatory-v1,exp08_confirmatory_n32_chain_like_homogeneous_13,n32_chain_like_homogeneous,32,chain_like,homogeneous,high,13,0,3635455078514539762,true,accepted_all_structural_and_allocator_checks,0.75,7,0.3,0.7
EXP-08,confirmatory,EXP-08-confirmatory-v1,exp08_confirmatory_n32_chain_like_homogeneous_14,n32_chain_like_homogeneous,32,chain_like,homogeneous,high,14,0,5387583726011555929,true,accepted_all_structural_and_allocator_checks,0.75,9,0.3,0.7
EXP-08,confirmatory,EXP-08-confirmatory-v1,exp08_confirmatory_n32_chain_like_homogeneous_15,n32_chain_like_homogeneous,32,chain_like,homogeneous,high,15,0,12249310719859702506,true,accepted_all_structural_and_allocator_checks,0.75,19,0.3,0.7
EXP-08,confirmatory,EXP-08-confirmatory-v1,exp08_confirmatory_n32_chain_like_homogeneous_16,n32_chain_like_homogeneous,32,chain_like,homogeneous,high,16,0,16293875458241172679,true,accepted_all_structural_and_allocator_checks,0.75,13,0.3,0.7
EXP-08,confirmatory,EXP-08-confirmatory-v1,exp08_confirmatory_n32_chain_like_homogeneous_17,n32_chain_like_homogeneous,32,chain_like,homogeneous,high,17,0,7449164592137001662,true,accepted_all_structural_and_allocator_checks,0.75,7,0.3,0.7
EXP-08,confirmatory,EXP-08-confirmatory-v1,exp08_confirmatory_n32_chain_like_homogeneous_18,n32_chain_like_homogeneous,32,chain_like,homogeneous,high,18,0,1344786262365261416,true,accepted_all_structural_and_allocator_checks,0.75,14,0.3,0.7
EXP-08,confirmatory,EXP-08-confirmatory-v1,exp08_confirmatory_n32_chain_like_homogeneous_19,n32_chain_like_homogeneous,32,chain_like,homogeneous,high,19,0,9489966797068236444,true,accepted_all_structural_and_allocator_checks,0.75,33,0.3,0.7
EXP-08,confirmatory,EXP-08-confirmatory-v1,exp08_confirmatory_n32_chain_like_lognormal_00,n32_chain_like_lognormal,32,chain_like,lognormal,high,0,0,16899522257874822025,true,accepted_all_structural_and_allocator_checks,0.8611111111111111111111111111,2,0.3,0.7
EXP-08,confirmatory,EXP-08-confirmatory-v1,exp08_confirmatory_n32_chain_like_lognormal_01,n32_chain_like_lognormal,32,chain_like,lognormal,high,1,0,112988043618073243,true,accepted_all_structural_and_allocator_checks,0.7941176470588235294117647059,3,0.3,0.7
EXP-08,confirmatory,EXP-08-confirmatory-v1,exp08_confirmatory_n32_chain_like_lognormal_02,n32_chain_like_lognormal,32,chain_like,lognormal,high,2,0,16697065513280229694,true,accepted_all_structural_and_allocator_checks,0.8571428571428571428571428571,1,0.3,0.7
EXP-08,confirmatory,EXP-08-confirmatory-v1,exp08_confirmatory_n32_chain_like_lognormal_03,n32_chain_like_lognormal,32,chain_like,lognormal,high,3,0,2991024836186041992,true,accepted_all_structural_and_allocator_checks,0.8108108108108108108108108108,2,0.3,0.7
EXP-08,confirmatory,EXP-08-confirmatory-v1,exp08_confirmatory_n32_chain_like_lognormal_04,n32_chain_like_lognormal,32,chain_like,lognormal,high,4,0,9173752792060137413,true,accepted_all_structural_and_allocator_checks,0.8032786885245901639344262295,1,0.3,0.7
EXP-08,confirmatory,EXP-08-confirmatory-v1,exp08_confirmatory_n32_chain_like_lognormal_05,n32_chain_like_lognormal,32,chain_like,lognormal,high,5,0,2108264399660564459,true,accepted_all_structural_and_allocator_checks,0.8030303030303030303030303030,2,0.3,0.7
EXP-08,confirmatory,EXP-08-confirmatory-v1,exp08_confirmatory_n32_chain_like_lognormal_06,n32_chain_like_lognormal,32,chain_like,lognormal,high,6,0,11881632286223976401,true,accepted_all_structural_and_allocator_checks,0.7894736842105263157894736842,1,0.3,0.7
EXP-08,confirmatory,EXP-08-confirmatory-v1,exp08_confirmatory_n32_chain_like_lognormal_07,n32_chain_like_lognormal,32,chain_like,lognormal,high,7,0,17404672959986424126,true,accepted_all_structural_and_allocator_checks,0.8030303030303030303030303030,3,0.3,0.7
EXP-08,confirmatory,EXP-08-confirmatory-v1,exp08_confirmatory_n32_chain_like_lognormal_08,n32_chain_like_lognormal,32,chain_like,lognormal,high,8,0,11374585119971261690,true,accepted_all_structural_and_allocator_checks,0.8101265822784810126582278481,2,0.3,0.7
EXP-08,confirmatory,EXP-08-confirmatory-v1,exp08_confirmatory_n32_chain_like_lognormal_09,n32_chain_like_lognormal,32,chain_like,lognormal,high,9,0,3137004203728644509,true,accepted_all_structural_and_allocator_checks,0.8222222222222222222222222222,1,0.3,0.7
EXP-08,confirmatory,EXP-08-confirmatory-v1,exp08_confirmatory_n32_chain_like_lognormal_10,n32_chain_like_lognormal,32,chain_like,lognormal,high,10,0,16020328579568357623,true,accepted_all_structural_and_allocator_checks,0.8028169014084507042253521127,1,0.3,0.7
EXP-08,confirmatory,EXP-08-confirmatory-v1,exp08_confirmatory_n32_chain_like_lognormal_11,n32_chain_like_lognormal,32,chain_like,lognormal,high,11,0,5980510087394180820,true,accepted_all_structural_and_allocator_checks,0.8125,1,0.3,0.7
EXP-08,confirmatory,EXP-08-confirmatory-v1,exp08_confirmatory_n32_chain_like_lognormal_12,n32_chain_like_lognormal,32,chain_like,lognormal,high,12,0,11684507188339843029,true,accepted_all_structural_and_allocator_checks,0.8055555555555555555555555556,1,0.3,0.7
EXP-08,confirmatory,EXP-08-confirmatory-v1,exp08_confirmatory_n32_chain_like_lognormal_13,n32_chain_like_lognormal,32,chain_like,lognormal,high,13,0,17087841402136257268,true,accepted_all_structural_and_allocator_checks,0.7887323943661971830985915493,3,0.3,0.7
EXP-08,confirmatory,EXP-08-confirmatory-v1,exp08_confirmatory_n32_chain_like_lognormal_14,n32_chain_like_lognormal,32,chain_like,lognormal,high,14,0,6580428208568800808,true,accepted_all_structural_and_allocator_checks,0.8493150684931506849315068493,1,0.3,0.7
EXP-08,confirmatory,EXP-08-confirmatory-v1,exp08_confirmatory_n32_chain_like_lognormal_15,n32_chain_like_lognormal,32,chain_like,lognormal,high,15,0,12493364414299658798,true,accepted_all_structural_and_allocator_checks,0.8072289156626506024096385542,2,0.3,0.7
EXP-08,confirmatory,EXP-08-confirmatory-v1,exp08_confirmatory_n32_chain_like_lognormal_16,n32_chain_like_lognormal,32,chain_like,lognormal,high,16,0,7225197625751561989,true,accepted_all_structural_and_allocator_checks,0.7761194029850746268656716418,2,0.3,0.7
EXP-08,confirmatory,EXP-08-confirmatory-v1,exp08_confirmatory_n32_chain_like_lognormal_17,n32_chain_like_lognormal,32,chain_like,lognormal,high,17,0,1419832989353052393,true,accepted_all_structural_and_allocator_checks,0.8021978021978021978021978022,2,0.3,0.7
EXP-08,confirmatory,EXP-08-confirmatory-v1,exp08_confirmatory_n32_chain_like_lognormal_18,n32_chain_like_lognormal,32,chain_like,lognormal,high,18,0,9867290581442572521,true,accepted_all_structural_and_allocator_checks,0.7866666666666666666666666667,12,0.3,0.7
EXP-08,confirmatory,EXP-08-confirmatory-v1,exp08_confirmatory_n32_chain_like_lognormal_19,n32_chain_like_lognormal,32,chain_like,lognormal,high,19,0,8969212331707851777,true,accepted_all_structural_and_allocator_checks,0.8023255813953488372093023256,2,0.3,0.7
EXP-08,confirmatory,EXP-08-confirmatory-v1,exp08_confirmatory_n64_wide_layered_homogeneous_00,n64_wide_layered_homogeneous,64,wide_layered,homogeneous,low,0,0,15429005631630127434,true,accepted_all_structural_and_allocator_checks,0.203125,84965,0.3,0.7
EXP-08,confirmatory,EXP-08-confirmatory-v1,exp08_confirmatory_n64_wide_layered_homogeneous_01,n64_wide_layered_homogeneous,64,wide_layered,homogeneous,low,1,0,579944509862057466,true,accepted_all_structural_and_allocator_checks,0.203125,101614,0.3,0.7
EXP-08,confirmatory,EXP-08-confirmatory-v1,exp08_confirmatory_n64_wide_layered_homogeneous_02,n64_wide_layered_homogeneous,64,wide_layered,homogeneous,low,2,0,9188786574771914364,true,accepted_all_structural_and_allocator_checks,0.203125,35043,0.3,0.7
EXP-08,confirmatory,EXP-08-confirmatory-v1,exp08_confirmatory_n64_wide_layered_homogeneous_03,n64_wide_layered_homogeneous,64,wide_layered,homogeneous,low,3,0,7361714134841892777,true,accepted_all_structural_and_allocator_checks,0.203125,30721,0.3,0.7
EXP-08,confirmatory,EXP-08-confirmatory-v1,exp08_confirmatory_n64_wide_layered_homogeneous_04,n64_wide_layered_homogeneous,64,wide_layered,homogeneous,low,4,0,9045132980392324652,true,accepted_all_structural_and_allocator_checks,0.203125,58712,0.3,0.7
EXP-08,confirmatory,EXP-08-confirmatory-v1,exp08_confirmatory_n64_wide_layered_homogeneous_05,n64_wide_layered_homogeneous,64,wide_layered,homogeneous,low,5,0,5896830599026717661,true,accepted_all_structural_and_allocator_checks,0.203125,36878,0.3,0.7
EXP-08,confirmatory,EXP-08-confirmatory-v1,exp08_confirmatory_n64_wide_layered_homogeneous_06,n64_wide_layered_homogeneous,64,wide_layered,homogeneous,low,6,0,14557824460930920145,true,accepted_all_structural_and_allocator_checks,0.203125,32181,0.3,0.7
EXP-08,confirmatory,EXP-08-confirmatory-v1,exp08_confirmatory_n64_wide_layered_homogeneous_07,n64_wide_layered_homogeneous,64,wide_layered,homogeneous,low,7,0,4113801427522881724,true,accepted_all_structural_and_allocator_checks,0.203125,18643,0.3,0.7
EXP-08,confirmatory,EXP-08-confirmatory-v1,exp08_confirmatory_n64_wide_layered_homogeneous_08,n64_wide_layered_homogeneous,64,wide_layered,homogeneous,low,8,0,12648105465110636860,true,accepted_all_structural_and_allocator_checks,0.203125,51016,0.3,0.7
EXP-08,confirmatory,EXP-08-confirmatory-v1,exp08_confirmatory_n64_wide_layered_homogeneous_09,n64_wide_layered_homogeneous,64,wide_layered,homogeneous,low,9,0,1459783747686459394,true,accepted_all_structural_and_allocator_checks,0.203125,59373,0.3,0.7
EXP-08,confirmatory,EXP-08-confirmatory-v1,exp08_confirmatory_n64_wide_layered_homogeneous_10,n64_wide_layered_homogeneous,64,wide_layered,homogeneous,low,10,0,5663209700966469148,true,accepted_all_structural_and_allocator_checks,0.203125,34444,0.3,0.7
EXP-08,confirmatory,EXP-08-confirmatory-v1,exp08_confirmatory_n64_wide_layered_homogeneous_11,n64_wide_layered_homogeneous,64,wide_layered,homogeneous,low,11,0,6433757931533866341,true,accepted_all_structural_and_allocator_checks,0.203125,32982,0.3,0.7
EXP-08,confirmatory,EXP-08-confirmatory-v1,exp08_confirmatory_n64_wide_layered_homogeneous_12,n64_wide_layered_homogeneous,64,wide_layered,homogeneous,low,12,0,8358108810407486510,true,accepted_all_structural_and_allocator_checks,0.203125,41773,0.3,0.7
EXP-08,confirmatory,EXP-08-confirmatory-v1,exp08_confirmatory_n64_wide_layered_homogeneous_13,n64_wide_layered_homogeneous,64,wide_layered,homogeneous,low,13,0,18124702167952990747,true,accepted_all_structural_and_allocator_checks,0.203125,78458,0.3,0.7
EXP-08,confirmatory,EXP-08-confirmatory-v1,exp08_confirmatory_n64_wide_layered_homogeneous_14,n64_wide_layered_homogeneous,64,wide_layered,homogeneous,low,14,0,5704438292402325224,true,accepted_all_structural_and_allocator_checks,0.203125,47859,0.3,0.7
EXP-08,confirmatory,EXP-08-confirmatory-v1,exp08_confirmatory_n64_wide_layered_homogeneous_15,n64_wide_layered_homogeneous,64,wide_layered,homogeneous,low,15,0,1037391755628540382,true,accepted_all_structural_and_allocator_checks,0.203125,6393,0.3,0.7
EXP-08,confirmatory,EXP-08-confirmatory-v1,exp08_confirmatory_n64_wide_layered_homogeneous_16,n64_wide_layered_homogeneous,64,wide_layered,homogeneous,low,16,0,7269734327252203910,true,accepted_all_structural_and_allocator_checks,0.203125,45080,0.3,0.7
EXP-08,confirmatory,EXP-08-confirmatory-v1,exp08_confirmatory_n64_wide_layered_homogeneous_17,n64_wide_layered_homogeneous,64,wide_layered,homogeneous,low,17,0,7582924838246235394,true,accepted_all_structural_and_allocator_checks,0.203125,49524,0.3,0.7
EXP-08,confirmatory,EXP-08-confirmatory-v1,exp08_confirmatory_n64_wide_layered_homogeneous_18,n64_wide_layered_homogeneous,64,wide_layered,homogeneous,low,18,0,14922085685075210456,true,accepted_all_structural_and_allocator_checks,0.203125,21190,0.3,0.7
EXP-08,confirmatory,EXP-08-confirmatory-v1,exp08_confirmatory_n64_wide_layered_homogeneous_19,n64_wide_layered_homogeneous,64,wide_layered,homogeneous,low,19,0,2982056942359154652,true,accepted_all_structural_and_allocator_checks,0.203125,28792,0.3,0.7
EXP-08,confirmatory,EXP-08-confirmatory-v1,exp08_confirmatory_n64_wide_layered_lognormal_00,n64_wide_layered_lognormal,64,wide_layered,lognormal,low,0,0,4641925868162810353,false,rho_l_outside_target_bin,0.3087248322147651006711409396,6,,
EXP-08,confirmatory,EXP-08-confirmatory-v1,exp08_confirmatory_n64_wide_layered_lognormal_00,n64_wide_layered_lognormal,64,wide_layered,lognormal,low,0,1,18220936886728222422,false,rho_l_outside_target_bin,0.3219178082191780821917808219,4,,
EXP-08,confirmatory,EXP-08-confirmatory-v1,exp08_confirmatory_n64_wide_layered_lognormal_00,n64_wide_layered_lognormal,64,wide_layered,lognormal,low,0,2,3025749579908008709,true,accepted_all_structural_and_allocator_checks,0.2883435582822085889570552147,2,0.3,0.7
EXP-08,confirmatory,EXP-08-confirmatory-v1,exp08_confirmatory_n64_wide_layered_lognormal_01,n64_wide_layered_lognormal,64,wide_layered,lognormal,low,1,0,14748950496774324458,false,rho_l_outside_target_bin,0.3398692810457516339869281046,2,,
EXP-08,confirmatory,EXP-08-confirmatory-v1,exp08_confirmatory_n64_wide_layered_lognormal_01,n64_wide_layered_lognormal,64,wide_layered,lognormal,low,1,1,10557002360041186347,false,rho_l_outside_target_bin,0.3228346456692913385826771654,11,,
EXP-08,confirmatory,EXP-08-confirmatory-v1,exp08_confirmatory_n64_wide_layered_lognormal_01,n64_wide_layered_lognormal,64,wide_layered,lognormal,low,1,2,15990668159731820897,false,rho_l_outside_target_bin,0.3046357615894039735099337748,3,,
EXP-08,confirmatory,EXP-08-confirmatory-v1,exp08_confirmatory_n64_wide_layered_lognormal_01,n64_wide_layered_lognormal,64,wide_layered,lognormal,low,1,3,9168462174232671427,true,accepted_all_structural_and_allocator_checks,0.2746478873239436619718309859,1,0.3,0.7
EXP-08,confirmatory,EXP-08-confirmatory-v1,exp08_confirmatory_n64_wide_layered_lognormal_02,n64_wide_layered_lognormal,64,wide_layered,lognormal,low,2,0,15694562934797225227,false,rho_l_outside_target_bin,0.3006993006993006993006993007,2,,
EXP-08,confirmatory,EXP-08-confirmatory-v1,exp08_confirmatory_n64_wide_layered_lognormal_02,n64_wide_layered_lognormal,64,wide_layered,lognormal,low,2,1,1999853353014861636,false,rho_l_outside_target_bin,0.3037037037037037037037037037,6,,
EXP-08,confirmatory,EXP-08-confirmatory-v1,exp08_confirmatory_n64_wide_layered_lognormal_02,n64_wide_layered_lognormal,64,wide_layered,lognormal,low,2,2,4668308355940804531,false,rho_l_outside_target_bin,0.3028169014084507042253521127,16,,
EXP-08,confirmatory,EXP-08-confirmatory-v1,exp08_confirmatory_n64_wide_layered_lognormal_02,n64_wide_layered_lognormal,64,wide_layered,lognormal,low,2,3,16778826445128991416,true,accepted_all_structural_and_allocator_checks,0.2733812949640287769784172662,15,0.3,0.7
EXP-08,confirmatory,EXP-08-confirmatory-v1,exp08_confirmatory_n64_wide_layered_lognormal_03,n64_wide_layered_lognormal,64,wide_layered,lognormal,low,3,0,10325226879534595053,true,accepted_all_structural_and_allocator_checks,0.2985074626865671641791044776,12,0.3,0.7
EXP-08,confirmatory,EXP-08-confirmatory-v1,exp08_confirmatory_n64_wide_layered_lognormal_04,n64_wide_layered_lognormal,64,wide_layered,lognormal,low,4,0,5165660113139784236,true,accepted_all_structural_and_allocator_checks,0.2929936305732484076433121019,2,0.3,0.7
EXP-08,confirmatory,EXP-08-confirmatory-v1,exp08_confirmatory_n64_wide_layered_lognormal_05,n64_wide_layered_lognormal,64,wide_layered,lognormal,low,5,0,6532037024110668054,true,accepted_all_structural_and_allocator_checks,0.2824427480916030534351145038,16,0.3,0.7
EXP-08,confirmatory,EXP-08-confirmatory-v1,exp08_confirmatory_n64_wide_layered_lognormal_06,n64_wide_layered_lognormal,64,wide_layered,lognormal,low,6,0,3845213044472506713,true,accepted_all_structural_and_allocator_checks,0.2808219178082191780821917808,4,0.3,0.7
EXP-08,confirmatory,EXP-08-confirmatory-v1,exp08_confirmatory_n64_wide_layered_lognormal_07,n64_wide_layered_lognormal,64,wide_layered,lognormal,low,7,0,201218462139386478,true,accepted_all_structural_and_allocator_checks,0.2933333333333333333333333333,8,0.3,0.7
EXP-08,confirmatory,EXP-08-confirmatory-v1,exp08_confirmatory_n64_wide_layered_lognormal_08,n64_wide_layered_lognormal,64,wide_layered,lognormal,low,8,0,14161598080819999567,true,accepted_all_structural_and_allocator_checks,0.2638036809815950920245398773,24,0.3,0.7
EXP-08,confirmatory,EXP-08-confirmatory-v1,exp08_confirmatory_n64_wide_layered_lognormal_09,n64_wide_layered_lognormal,64,wide_layered,lognormal,low,9,0,9971628609308631756,true,accepted_all_structural_and_allocator_checks,0.2808219178082191780821917808,1,0.3,0.7
EXP-08,confirmatory,EXP-08-confirmatory-v1,exp08_confirmatory_n64_wide_layered_lognormal_10,n64_wide_layered_lognormal,64,wide_layered,lognormal,low,10,0,16685109045500432569,true,accepted_all_structural_and_allocator_checks,0.2971014492753623188405797101,2,0.3,0.7
EXP-08,confirmatory,EXP-08-confirmatory-v1,exp08_confirmatory_n64_wide_layered_lognormal_11,n64_wide_layered_lognormal,64,wide_layered,lognormal,low,11,0,11535821680491745741,false,rho_l_outside_target_bin,0.3071895424836601307189542484,1,,
EXP-08,confirmatory,EXP-08-confirmatory-v1,exp08_confirmatory_n64_wide_layered_lognormal_11,n64_wide_layered_lognormal,64,wide_layered,lognormal,low,11,1,8859054768517166674,false,rho_l_outside_target_bin,0.3066666666666666666666666667,1,,
EXP-08,confirmatory,EXP-08-confirmatory-v1,exp08_confirmatory_n64_wide_layered_lognormal_11,n64_wide_layered_lognormal,64,wide_layered,lognormal,low,11,2,2565337159580688671,true,accepted_all_structural_and_allocator_checks,0.2810457516339869281045751634,6,0.3,0.7
EXP-08,confirmatory,EXP-08-confirmatory-v1,exp08_confirmatory_n64_wide_layered_lognormal_12,n64_wide_layered_lognormal,64,wide_layered,lognormal,low,12,0,18256158389539091713,true,accepted_all_structural_and_allocator_checks,0.2761194029850746268656716418,18,0.3,0.7
EXP-08,confirmatory,EXP-08-confirmatory-v1,exp08_confirmatory_n64_wide_layered_lognormal_13,n64_wide_layered_lognormal,64,wide_layered,lognormal,low,13,0,13697989554657396859,true,accepted_all_structural_and_allocator_checks,0.2993630573248407643312101911,12,0.3,0.7
EXP-08,confirmatory,EXP-08-confirmatory-v1,exp08_confirmatory_n64_wide_layered_lognormal_14,n64_wide_layered_lognormal,64,wide_layered,lognormal,low,14,0,12282897075537111168,true,accepted_all_structural_and_allocator_checks,0.2868217054263565891472868217,8,0.3,0.7
EXP-08,confirmatory,EXP-08-confirmatory-v1,exp08_confirmatory_n64_wide_layered_lognormal_15,n64_wide_layered_lognormal,64,wide_layered,lognormal,low,15,0,13055491353909549377,true,accepted_all_structural_and_allocator_checks,0.2929936305732484076433121019,3,0.3,0.7
EXP-08,confirmatory,EXP-08-confirmatory-v1,exp08_confirmatory_n64_wide_layered_lognormal_16,n64_wide_layered_lognormal,64,wide_layered,lognormal,low,16,0,2360565518002460781,true,accepted_all_structural_and_allocator_checks,0.2676056338028169014084507042,16,0.3,0.7
EXP-08,confirmatory,EXP-08-confirmatory-v1,exp08_confirmatory_n64_wide_layered_lognormal_17,n64_wide_layered_lognormal,64,wide_layered,lognormal,low,17,0,12469556692381136325,true,accepted_all_structural_and_allocator_checks,0.26,3,0.3,0.7
EXP-08,confirmatory,EXP-08-confirmatory-v1,exp08_confirmatory_n64_wide_layered_lognormal_18,n64_wide_layered_lognormal,64,wide_layered,lognormal,low,18,0,9195165449779850370,false,rho_l_outside_target_bin,0.3191489361702127659574468085,2,,
EXP-08,confirmatory,EXP-08-confirmatory-v1,exp08_confirmatory_n64_wide_layered_lognormal_18,n64_wide_layered_lognormal,64,wide_layered,lognormal,low,18,1,3889168078353471580,true,accepted_all_structural_and_allocator_checks,0.2826086956521739130434782609,2,0.3,0.7
EXP-08,confirmatory,EXP-08-confirmatory-v1,exp08_confirmatory_n64_wide_layered_lognormal_19,n64_wide_layered_lognormal,64,wide_layered,lognormal,low,19,0,3047196839169469379,false,rho_l_outside_target_bin,0.3098591549295774647887323944,2,,
EXP-08,confirmatory,EXP-08-confirmatory-v1,exp08_confirmatory_n64_wide_layered_lognormal_19,n64_wide_layered_lognormal,64,wide_layered,lognormal,low,19,1,13834878046288337359,false,rho_l_outside_target_bin,0.3053435114503816793893129771,1,,
EXP-08,confirmatory,EXP-08-confirmatory-v1,exp08_confirmatory_n64_wide_layered_lognormal_19,n64_wide_layered_lognormal,64,wide_layered,lognormal,low,19,2,14358726530340282699,true,accepted_all_structural_and_allocator_checks,0.2941176470588235294117647059,10,0.3,0.7
EXP-08,confirmatory,EXP-08-confirmatory-v1,exp08_confirmatory_n64_mixed_homogeneous_00,n64_mixed_homogeneous,64,mixed,homogeneous,medium,0,0,18229147802151760071,true,accepted_all_structural_and_allocator_checks,0.453125,97440,0.3,0.7
EXP-08,confirmatory,EXP-08-confirmatory-v1,exp08_confirmatory_n64_mixed_homogeneous_01,n64_mixed_homogeneous,64,mixed,homogeneous,medium,1,0,18123222780893718013,true,accepted_all_structural_and_allocator_checks,0.453125,8910,0.3,0.7
EXP-08,confirmatory,EXP-08-confirmatory-v1,exp08_confirmatory_n64_mixed_homogeneous_02,n64_mixed_homogeneous,64,mixed,homogeneous,medium,2,0,2385971233972266246,true,accepted_all_structural_and_allocator_checks,0.453125,17168,0.3,0.7
EXP-08,confirmatory,EXP-08-confirmatory-v1,exp08_confirmatory_n64_mixed_homogeneous_03,n64_mixed_homogeneous,64,mixed,homogeneous,medium,3,0,4609903374548117932,true,accepted_all_structural_and_allocator_checks,0.453125,28386,0.3,0.7
EXP-08,confirmatory,EXP-08-confirmatory-v1,exp08_confirmatory_n64_mixed_homogeneous_04,n64_mixed_homogeneous,64,mixed,homogeneous,medium,4,0,7895643915697307039,true,accepted_all_structural_and_allocator_checks,0.453125,16146,0.3,0.7
EXP-08,confirmatory,EXP-08-confirmatory-v1,exp08_confirmatory_n64_mixed_homogeneous_05,n64_mixed_homogeneous,64,mixed,homogeneous,medium,5,0,13166352085689041254,true,accepted_all_structural_and_allocator_checks,0.453125,8260,0.3,0.7
EXP-08,confirmatory,EXP-08-confirmatory-v1,exp08_confirmatory_n64_mixed_homogeneous_06,n64_mixed_homogeneous,64,mixed,homogeneous,medium,6,0,480126206530880333,true,accepted_all_structural_and_allocator_checks,0.453125,21667,0.3,0.7
EXP-08,confirmatory,EXP-08-confirmatory-v1,exp08_confirmatory_n64_mixed_homogeneous_07,n64_mixed_homogeneous,64,mixed,homogeneous,medium,7,0,4621967833882942143,true,accepted_all_structural_and_allocator_checks,0.453125,55290,0.3,0.7
EXP-08,confirmatory,EXP-08-confirmatory-v1,exp08_confirmatory_n64_mixed_homogeneous_08,n64_mixed_homogeneous,64,mixed,homogeneous,medium,8,0,11919015890806457702,true,accepted_all_structural_and_allocator_checks,0.453125,77270,0.3,0.7
EXP-08,confirmatory,EXP-08-confirmatory-v1,exp08_confirmatory_n64_mixed_homogeneous_09,n64_mixed_homogeneous,64,mixed,homogeneous,medium,9,0,3457822147225804564,true,accepted_all_structural_and_allocator_checks,0.453125,7259,0.3,0.7
EXP-08,confirmatory,EXP-08-confirmatory-v1,exp08_confirmatory_n64_mixed_homogeneous_10,n64_mixed_homogeneous,64,mixed,homogeneous,medium,10,0,5818923674398520723,true,accepted_all_structural_and_allocator_checks,0.453125,7494,0.3,0.7
EXP-08,confirmatory,EXP-08-confirmatory-v1,exp08_confirmatory_n64_mixed_homogeneous_11,n64_mixed_homogeneous,64,mixed,homogeneous,medium,11,0,16729593743616101486,true,accepted_all_structural_and_allocator_checks,0.453125,4306,0.3,0.7
EXP-08,confirmatory,EXP-08-confirmatory-v1,exp08_confirmatory_n64_mixed_homogeneous_12,n64_mixed_homogeneous,64,mixed,homogeneous,medium,12,0,95283774374679653,true,accepted_all_structural_and_allocator_checks,0.453125,64545,0.3,0.7
EXP-08,confirmatory,EXP-08-confirmatory-v1,exp08_confirmatory_n64_mixed_homogeneous_13,n64_mixed_homogeneous,64,mixed,homogeneous,medium,13,0,4255084792161864223,true,accepted_all_structural_and_allocator_checks,0.453125,18006,0.3,0.7
EXP-08,confirmatory,EXP-08-confirmatory-v1,exp08_confirmatory_n64_mixed_homogeneous_14,n64_mixed_homogeneous,64,mixed,homogeneous,medium,14,0,96510072971134384,true,accepted_all_structural_and_allocator_checks,0.453125,19584,0.3,0.7
EXP-08,confirmatory,EXP-08-confirmatory-v1,exp08_confirmatory_n64_mixed_homogeneous_15,n64_mixed_homogeneous,64,mixed,homogeneous,medium,15,0,15217127410429517368,true,accepted_all_structural_and_allocator_checks,0.453125,5856,0.3,0.7
EXP-08,confirmatory,EXP-08-confirmatory-v1,exp08_confirmatory_n64_mixed_homogeneous_16,n64_mixed_homogeneous,64,mixed,homogeneous,medium,16,0,13842746394919244916,true,accepted_all_structural_and_allocator_checks,0.453125,36676,0.3,0.7
EXP-08,confirmatory,EXP-08-confirmatory-v1,exp08_confirmatory_n64_mixed_homogeneous_17,n64_mixed_homogeneous,64,mixed,homogeneous,medium,17,0,2012600718139032731,true,accepted_all_structural_and_allocator_checks,0.453125,35400,0.3,0.7
EXP-08,confirmatory,EXP-08-confirmatory-v1,exp08_confirmatory_n64_mixed_homogeneous_18,n64_mixed_homogeneous,64,mixed,homogeneous,medium,18,0,10846374632781034649,true,accepted_all_structural_and_allocator_checks,0.453125,21760,0.3,0.7
EXP-08,confirmatory,EXP-08-confirmatory-v1,exp08_confirmatory_n64_mixed_homogeneous_19,n64_mixed_homogeneous,64,mixed,homogeneous,medium,19,0,3126608895982219868,true,accepted_all_structural_and_allocator_checks,0.453125,13340,0.3,0.7
EXP-08,confirmatory,EXP-08-confirmatory-v1,exp08_confirmatory_n64_mixed_lognormal_00,n64_mixed_lognormal,64,mixed,lognormal,medium,0,0,14990837786015937935,true,accepted_all_structural_and_allocator_checks,0.5373134328358208955223880597,1,0.3,0.7
EXP-08,confirmatory,EXP-08-confirmatory-v1,exp08_confirmatory_n64_mixed_lognormal_01,n64_mixed_lognormal,64,mixed,lognormal,medium,1,0,597661553522601200,true,accepted_all_structural_and_allocator_checks,0.5864661654135338345864661654,3,0.3,0.7
EXP-08,confirmatory,EXP-08-confirmatory-v1,exp08_confirmatory_n64_mixed_lognormal_02,n64_mixed_lognormal,64,mixed,lognormal,medium,2,0,14818888856787399341,true,accepted_all_structural_and_allocator_checks,0.5255474452554744525547445255,2,0.3,0.7
EXP-08,confirmatory,EXP-08-confirmatory-v1,exp08_confirmatory_n64_mixed_lognormal_03,n64_mixed_lognormal,64,mixed,lognormal,medium,3,0,3050368161300791992,true,accepted_all_structural_and_allocator_checks,0.5189873417721518987341772152,192,0.3,0.7
EXP-08,confirmatory,EXP-08-confirmatory-v1,exp08_confirmatory_n64_mixed_lognormal_04,n64_mixed_lognormal,64,mixed,lognormal,medium,4,0,13097744302959269308,true,accepted_all_structural_and_allocator_checks,0.5205479452054794520547945205,5,0.3,0.7
EXP-08,confirmatory,EXP-08-confirmatory-v1,exp08_confirmatory_n64_mixed_lognormal_05,n64_mixed_lognormal,64,mixed,lognormal,medium,5,0,2789944120323490352,true,accepted_all_structural_and_allocator_checks,0.5467625899280575539568345324,2,0.3,0.7
EXP-08,confirmatory,EXP-08-confirmatory-v1,exp08_confirmatory_n64_mixed_lognormal_06,n64_mixed_lognormal,64,mixed,lognormal,medium,6,0,10977072758492406857,true,accepted_all_structural_and_allocator_checks,0.5783132530120481927710843373,7,0.3,0.7
EXP-08,confirmatory,EXP-08-confirmatory-v1,exp08_confirmatory_n64_mixed_lognormal_07,n64_mixed_lognormal,64,mixed,lognormal,medium,7,0,14047591303140805933,true,accepted_all_structural_and_allocator_checks,0.5401459854014598540145985401,4,0.3,0.7
EXP-08,confirmatory,EXP-08-confirmatory-v1,exp08_confirmatory_n64_mixed_lognormal_08,n64_mixed_lognormal,64,mixed,lognormal,medium,8,0,16807977300305714065,true,accepted_all_structural_and_allocator_checks,0.5411764705882352941176470588,4,0.3,0.7
EXP-08,confirmatory,EXP-08-confirmatory-v1,exp08_confirmatory_n64_mixed_lognormal_09,n64_mixed_lognormal,64,mixed,lognormal,medium,9,0,15123729520244299737,true,accepted_all_structural_and_allocator_checks,0.5671641791044776119402985075,8,0.3,0.7
EXP-08,confirmatory,EXP-08-confirmatory-v1,exp08_confirmatory_n64_mixed_lognormal_10,n64_mixed_lognormal,64,mixed,lognormal,medium,10,0,8089348083278973606,true,accepted_all_structural_and_allocator_checks,0.58,8,0.3,0.7
EXP-08,confirmatory,EXP-08-confirmatory-v1,exp08_confirmatory_n64_mixed_lognormal_11,n64_mixed_lognormal,64,mixed,lognormal,medium,11,0,13200057394004372384,true,accepted_all_structural_and_allocator_checks,0.5639534883720930232558139535,3,0.3,0.7
EXP-08,confirmatory,EXP-08-confirmatory-v1,exp08_confirmatory_n64_mixed_lognormal_12,n64_mixed_lognormal,64,mixed,lognormal,medium,12,0,5805426830040433319,true,accepted_all_structural_and_allocator_checks,0.5,2,0.3,0.7
EXP-08,confirmatory,EXP-08-confirmatory-v1,exp08_confirmatory_n64_mixed_lognormal_13,n64_mixed_lognormal,64,mixed,lognormal,medium,13,0,10583310056830601552,true,accepted_all_structural_and_allocator_checks,0.5320512820512820512820512821,1,0.3,0.7
EXP-08,confirmatory,EXP-08-confirmatory-v1,exp08_confirmatory_n64_mixed_lognormal_14,n64_mixed_lognormal,64,mixed,lognormal,medium,14,0,16922979209957453166,true,accepted_all_structural_and_allocator_checks,0.5098039215686274509803921569,12,0.3,0.7
EXP-08,confirmatory,EXP-08-confirmatory-v1,exp08_confirmatory_n64_mixed_lognormal_15,n64_mixed_lognormal,64,mixed,lognormal,medium,15,0,4625539908883815280,true,accepted_all_structural_and_allocator_checks,0.5586206896551724137931034483,96,0.3,0.7
EXP-08,confirmatory,EXP-08-confirmatory-v1,exp08_confirmatory_n64_mixed_lognormal_16,n64_mixed_lognormal,64,mixed,lognormal,medium,16,0,9867745467562304602,true,accepted_all_structural_and_allocator_checks,0.5230769230769230769230769231,4,0.3,0.7
EXP-08,confirmatory,EXP-08-confirmatory-v1,exp08_confirmatory_n64_mixed_lognormal_17,n64_mixed_lognormal,64,mixed,lognormal,medium,17,0,3413811111405645823,false,rho_l_outside_target_bin,0.6226415094339622641509433962,2,,
EXP-08,confirmatory,EXP-08-confirmatory-v1,exp08_confirmatory_n64_mixed_lognormal_17,n64_mixed_lognormal,64,mixed,lognormal,medium,17,1,15387055581399239765,true,accepted_all_structural_and_allocator_checks,0.5774647887323943661971830986,4,0.3,0.7
EXP-08,confirmatory,EXP-08-confirmatory-v1,exp08_confirmatory_n64_mixed_lognormal_18,n64_mixed_lognormal,64,mixed,lognormal,medium,18,0,3244391803760622178,true,accepted_all_structural_and_allocator_checks,0.5,10,0.3,0.7
EXP-08,confirmatory,EXP-08-confirmatory-v1,exp08_confirmatory_n64_mixed_lognormal_19,n64_mixed_lognormal,64,mixed,lognormal,medium,19,0,12477794696776824677,true,accepted_all_structural_and_allocator_checks,0.5193798449612403100775193798,2,0.3,0.7
EXP-08,confirmatory,EXP-08-confirmatory-v1,exp08_confirmatory_n64_chain_like_homogeneous_00,n64_chain_like_homogeneous,64,chain_like,homogeneous,high,0,0,8094337225619721596,true,accepted_all_structural_and_allocator_checks,0.75,293,0.3,0.7
EXP-08,confirmatory,EXP-08-confirmatory-v1,exp08_confirmatory_n64_chain_like_homogeneous_01,n64_chain_like_homogeneous,64,chain_like,homogeneous,high,1,0,17638634497331400098,true,accepted_all_structural_and_allocator_checks,0.75,159,0.3,0.7
EXP-08,confirmatory,EXP-08-confirmatory-v1,exp08_confirmatory_n64_chain_like_homogeneous_02,n64_chain_like_homogeneous,64,chain_like,homogeneous,high,2,0,9772110483396085936,true,accepted_all_structural_and_allocator_checks,0.75,80,0.3,0.7
EXP-08,confirmatory,EXP-08-confirmatory-v1,exp08_confirmatory_n64_chain_like_homogeneous_03,n64_chain_like_homogeneous,64,chain_like,homogeneous,high,3,0,1642499266748220637,true,accepted_all_structural_and_allocator_checks,0.75,350,0.3,0.7
EXP-08,confirmatory,EXP-08-confirmatory-v1,exp08_confirmatory_n64_chain_like_homogeneous_04,n64_chain_like_homogeneous,64,chain_like,homogeneous,high,4,0,1679694218422533772,true,accepted_all_structural_and_allocator_checks,0.75,65,0.3,0.7
EXP-08,confirmatory,EXP-08-confirmatory-v1,exp08_confirmatory_n64_chain_like_homogeneous_05,n64_chain_like_homogeneous,64,chain_like,homogeneous,high,5,0,5187482019700643293,true,accepted_all_structural_and_allocator_checks,0.75,121,0.3,0.7
EXP-08,confirmatory,EXP-08-confirmatory-v1,exp08_confirmatory_n64_chain_like_homogeneous_06,n64_chain_like_homogeneous,64,chain_like,homogeneous,high,6,0,17195139104796601066,true,accepted_all_structural_and_allocator_checks,0.75,64,0.3,0.7
EXP-08,confirmatory,EXP-08-confirmatory-v1,exp08_confirmatory_n64_chain_like_homogeneous_07,n64_chain_like_homogeneous,64,chain_like,homogeneous,high,7,0,13232907461194619348,true,accepted_all_structural_and_allocator_checks,0.75,77,0.3,0.7
EXP-08,confirmatory,EXP-08-confirmatory-v1,exp08_confirmatory_n64_chain_like_homogeneous_08,n64_chain_like_homogeneous,64,chain_like,homogeneous,high,8,0,2359725464337975824,true,accepted_all_structural_and_allocator_checks,0.75,43,0.3,0.7
EXP-08,confirmatory,EXP-08-confirmatory-v1,exp08_confirmatory_n64_chain_like_homogeneous_09,n64_chain_like_homogeneous,64,chain_like,homogeneous,high,9,0,3523765097191775465,true,accepted_all_structural_and_allocator_checks,0.75,94,0.3,0.7
EXP-08,confirmatory,EXP-08-confirmatory-v1,exp08_confirmatory_n64_chain_like_homogeneous_10,n64_chain_like_homogeneous,64,chain_like,homogeneous,high,10,0,10363924372165768770,true,accepted_all_structural_and_allocator_checks,0.75,339,0.3,0.7
EXP-08,confirmatory,EXP-08-confirmatory-v1,exp08_confirmatory_n64_chain_like_homogeneous_11,n64_chain_like_homogeneous,64,chain_like,homogeneous,high,11,0,6951930741422992104,true,accepted_all_structural_and_allocator_checks,0.75,41,0.3,0.7
EXP-08,confirmatory,EXP-08-confirmatory-v1,exp08_confirmatory_n64_chain_like_homogeneous_12,n64_chain_like_homogeneous,64,chain_like,homogeneous,high,12,0,3493207951008720888,true,accepted_all_structural_and_allocator_checks,0.75,226,0.3,0.7
EXP-08,confirmatory,EXP-08-confirmatory-v1,exp08_confirmatory_n64_chain_like_homogeneous_13,n64_chain_like_homogeneous,64,chain_like,homogeneous,high,13,0,10063948705616579933,true,accepted_all_structural_and_allocator_checks,0.75,85,0.3,0.7
EXP-08,confirmatory,EXP-08-confirmatory-v1,exp08_confirmatory_n64_chain_like_homogeneous_14,n64_chain_like_homogeneous,64,chain_like,homogeneous,high,14,0,9597142880384903040,true,accepted_all_structural_and_allocator_checks,0.75,120,0.3,0.7
EXP-08,confirmatory,EXP-08-confirmatory-v1,exp08_confirmatory_n64_chain_like_homogeneous_15,n64_chain_like_homogeneous,64,chain_like,homogeneous,high,15,0,11084666331323317240,true,accepted_all_structural_and_allocator_checks,0.75,248,0.3,0.7
EXP-08,confirmatory,EXP-08-confirmatory-v1,exp08_confirmatory_n64_chain_like_homogeneous_16,n64_chain_like_homogeneous,64,chain_like,homogeneous,high,16,0,17517052782625792264,true,accepted_all_structural_and_allocator_checks,0.75,414,0.3,0.7
EXP-08,confirmatory,EXP-08-confirmatory-v1,exp08_confirmatory_n64_chain_like_homogeneous_17,n64_chain_like_homogeneous,64,chain_like,homogeneous,high,17,0,13010237739801078518,true,accepted_all_structural_and_allocator_checks,0.75,133,0.3,0.7
EXP-08,confirmatory,EXP-08-confirmatory-v1,exp08_confirmatory_n64_chain_like_homogeneous_18,n64_chain_like_homogeneous,64,chain_like,homogeneous,high,18,0,13590207724600668227,true,accepted_all_structural_and_allocator_checks,0.75,111,0.3,0.7
EXP-08,confirmatory,EXP-08-confirmatory-v1,exp08_confirmatory_n64_chain_like_homogeneous_19,n64_chain_like_homogeneous,64,chain_like,homogeneous,high,19,0,7147827595619117599,true,accepted_all_structural_and_allocator_checks,0.75,42,0.3,0.7
EXP-08,confirmatory,EXP-08-confirmatory-v1,exp08_confirmatory_n64_chain_like_lognormal_00,n64_chain_like_lognormal,64,chain_like,lognormal,high,0,0,11663306756787184151,true,accepted_all_structural_and_allocator_checks,0.8309859154929577464788732394,2,0.3,0.7
EXP-08,confirmatory,EXP-08-confirmatory-v1,exp08_confirmatory_n64_chain_like_lognormal_01,n64_chain_like_lognormal,64,chain_like,lognormal,high,1,0,2549262293330480121,true,accepted_all_structural_and_allocator_checks,0.7902097902097902097902097902,6,0.3,0.7
EXP-08,confirmatory,EXP-08-confirmatory-v1,exp08_confirmatory_n64_chain_like_lognormal_02,n64_chain_like_lognormal,64,chain_like,lognormal,high,2,0,3055681414703175281,true,accepted_all_structural_and_allocator_checks,0.7945205479452054794520547945,2,0.3,0.7
EXP-08,confirmatory,EXP-08-confirmatory-v1,exp08_confirmatory_n64_chain_like_lognormal_03,n64_chain_like_lognormal,64,chain_like,lognormal,high,3,0,13529114404600974690,true,accepted_all_structural_and_allocator_checks,0.8142857142857142857142857143,2,0.3,0.7
EXP-08,confirmatory,EXP-08-confirmatory-v1,exp08_confirmatory_n64_chain_like_lognormal_04,n64_chain_like_lognormal,64,chain_like,lognormal,high,4,0,4779036181334927867,true,accepted_all_structural_and_allocator_checks,0.7651006711409395973154362416,3,0.3,0.7
EXP-08,confirmatory,EXP-08-confirmatory-v1,exp08_confirmatory_n64_chain_like_lognormal_05,n64_chain_like_lognormal,64,chain_like,lognormal,high,5,0,9774853621357893395,true,accepted_all_structural_and_allocator_checks,0.7763157894736842105263157895,2,0.3,0.7
EXP-08,confirmatory,EXP-08-confirmatory-v1,exp08_confirmatory_n64_chain_like_lognormal_06,n64_chain_like_lognormal,64,chain_like,lognormal,high,6,0,3451678912888457059,true,accepted_all_structural_and_allocator_checks,0.7876106194690265486725663717,2,0.3,0.7
EXP-08,confirmatory,EXP-08-confirmatory-v1,exp08_confirmatory_n64_chain_like_lognormal_07,n64_chain_like_lognormal,64,chain_like,lognormal,high,7,0,255405010381588612,true,accepted_all_structural_and_allocator_checks,0.8066666666666666666666666667,2,0.3,0.7
EXP-08,confirmatory,EXP-08-confirmatory-v1,exp08_confirmatory_n64_chain_like_lognormal_08,n64_chain_like_lognormal,64,chain_like,lognormal,high,8,0,11152906591110012325,true,accepted_all_structural_and_allocator_checks,0.7786885245901639344262295082,2,0.3,0.7
EXP-08,confirmatory,EXP-08-confirmatory-v1,exp08_confirmatory_n64_chain_like_lognormal_09,n64_chain_like_lognormal,64,chain_like,lognormal,high,9,0,11451879205777973592,true,accepted_all_structural_and_allocator_checks,0.8082191780821917808219178082,2,0.3,0.7
EXP-08,confirmatory,EXP-08-confirmatory-v1,exp08_confirmatory_n64_chain_like_lognormal_10,n64_chain_like_lognormal,64,chain_like,lognormal,high,10,0,12539352768647715085,true,accepted_all_structural_and_allocator_checks,0.7419354838709677419354838710,2,0.3,0.7
EXP-08,confirmatory,EXP-08-confirmatory-v1,exp08_confirmatory_n64_chain_like_lognormal_11,n64_chain_like_lognormal,64,chain_like,lognormal,high,11,0,9638468527533732501,true,accepted_all_structural_and_allocator_checks,0.7967479674796747967479674797,1,0.3,0.7
EXP-08,confirmatory,EXP-08-confirmatory-v1,exp08_confirmatory_n64_chain_like_lognormal_12,n64_chain_like_lognormal,64,chain_like,lognormal,high,12,0,9915929669776585748,true,accepted_all_structural_and_allocator_checks,0.8263888888888888888888888889,3,0.3,0.7
EXP-08,confirmatory,EXP-08-confirmatory-v1,exp08_confirmatory_n64_chain_like_lognormal_13,n64_chain_like_lognormal,64,chain_like,lognormal,high,13,0,17884897007248326480,true,accepted_all_structural_and_allocator_checks,0.7972972972972972972972972973,2,0.3,0.7
EXP-08,confirmatory,EXP-08-confirmatory-v1,exp08_confirmatory_n64_chain_like_lognormal_14,n64_chain_like_lognormal,64,chain_like,lognormal,high,14,0,18372898957162881092,true,accepted_all_structural_and_allocator_checks,0.8043478260869565217391304348,7,0.3,0.7
EXP-08,confirmatory,EXP-08-confirmatory-v1,exp08_confirmatory_n64_chain_like_lognormal_15,n64_chain_like_lognormal,64,chain_like,lognormal,high,15,0,18052855259375617810,true,accepted_all_structural_and_allocator_checks,0.7956204379562043795620437956,1,0.3,0.7
EXP-08,confirmatory,EXP-08-confirmatory-v1,exp08_confirmatory_n64_chain_like_lognormal_16,n64_chain_like_lognormal,64,chain_like,lognormal,high,16,0,6691207151350814382,true,accepted_all_structural_and_allocator_checks,0.7905405405405405405405405405,16,0.3,0.7
EXP-08,confirmatory,EXP-08-confirmatory-v1,exp08_confirmatory_n64_chain_like_lognormal_17,n64_chain_like_lognormal,64,chain_like,lognormal,high,17,0,17833067265825506069,true,accepted_all_structural_and_allocator_checks,0.76875,2,0.3,0.7
EXP-08,confirmatory,EXP-08-confirmatory-v1,exp08_confirmatory_n64_chain_like_lognormal_18,n64_chain_like_lognormal,64,chain_like,lognormal,high,18,0,11125226749691108742,true,accepted_all_structural_and_allocator_checks,0.8068965517241379310344827586,1,0.3,0.7
EXP-08,confirmatory,EXP-08-confirmatory-v1,exp08_confirmatory_n64_chain_like_lognormal_19,n64_chain_like_lognormal,64,chain_like,lognormal,high,19,0,14698206669391645115,true,accepted_all_structural_and_allocator_checks,0.7714285714285714285714285714,1,0.3,0.7
