experiment_id,scenario_id,schedule_kind,start,end,duration,active_agent_phases,active_human_phases,human_queue_length,occupied_agent_slots,free_agent_slots,full_agent_stop
EXP-05,exp05_p01_m01_ro000_lh00,baseline,0,1.50,1.50,0,1,0,1,0,true
EXP-05,exp05_p01_m01_ro000_lh00,baseline,1.50,10.50,9.00,1,0,0,1,0,false
EXP-05,exp05_p01_m01_ro000_lh00,baseline,10.50,12.00,1.50,0,1,0,1,0,true
EXP-05,exp05_p01_m01_ro000_lh00,baseline,12.00,12.75,0.75,0,1,0,1,0,true
EXP-05,exp05_p01_m01_ro000_lh00,baseline,12.75,17.25,4.50,1,0,0,1,0,false
EXP-05,exp05_p01_m01_ro000_lh00,baseline,17.25,18.00,0.75,0,1,0,1,0,true
EXP-05,exp05_p01_m01_ro000_lh00,baseline,18.00,21.00,3.00,0,1,0,1,0,true
EXP-05,exp05_p01_m01_ro000_lh00,baseline,21.00,39.00,18.00,1,0,0,1,0,false
EXP-05,exp05_p01_m01_ro000_lh00,baseline,39.00,41.25,2.25,0,1,0,1,0,true
EXP-05,exp05_p01_m01_ro000_lh00,baseline,41.25,54.75,13.50,1,0,0,1,0,false
EXP-05,exp05_p01_m01_ro000_lh00,baseline,54.75,57.00,2.25,0,1,0,1,0,true
EXP-05,exp05_p01_m01_ro000_lh00,baseline,57.00,60.00,3.00,0,1,0,1,0,true
EXP-05,exp05_p01_m01_ro000_lh00,exact,0,1.50000,1.50000,0,1,0,1,0,true
EXP-05,exp05_p01_m01_ro000_lh00,exact,1.50000,10.50000,9.00000,1,0,0,1,0,false
EXP-05,exp05_p01_m01_ro000_lh00,exact,10.50000,12.00000,1.50000,0,1,0,1,0,true
EXP-05,exp05_p01_m01_ro000_lh00,exact,12.00000,12.75000,0.75000,0,1,0,1,0,true
EXP-05,exp05_p01_m01_ro000_lh00,exact,12.75000,17.25000,4.50000,1,0,0,1,0,false
EXP-05,exp05_p01_m01_ro000_lh00,exact,17.25000,18.00000,0.75000,0,1,0,1,0,true
EXP-05,exp05_p01_m01_ro000_lh00,exact,18.00000,21.00000,3.00000,0,1,0,1,0,true
EXP-05,exp05_p01_m01_ro000_lh00,exact,21.00000,39.00000,18.00000,1,0,0,1,0,false
EXP-05,exp05_p01_m01_ro000_lh00,exact,39.00000,41.25000,2.25000,0,1,0,1,0,true
EXP-05,exp05_p01_m01_ro000_lh00,exact,41.25000,54.75000,13.50000,1,0,0,1,0,false
EXP-05,exp05_p01_m01_ro000_lh00,exact,54.75000,57.00000,2.25000,0,1,0,1,0,true
EXP-05,exp05_p01_m01_ro000_lh00,exact,57.00000,60.00000,3.00000,0,1,0,1,0,true
EXP-05,exp05_p01_m02_ro000_lh00,baseline,0,1.50,1.50,0,1,0,1,0,true
EXP-05,exp05_p01_m02_ro000_lh00,baseline,1.50,10.50,9.00,1,0,0,1,0,false
EXP-05,exp05_p01_m02_ro000_lh00,baseline,10.50,12.00,1.50,0,1,0,1,0,true
EXP-05,exp05_p01_m02_ro000_lh00,baseline,12.00,12.75,0.75,0,1,0,1,0,true
EXP-05,exp05_p01_m02_ro000_lh00,baseline,12.75,17.25,4.50,1,0,0,1,0,false
EXP-05,exp05_p01_m02_ro000_lh00,baseline,17.25,18.00,0.75,0,1,0,1,0,true
EXP-05,exp05_p01_m02_ro000_lh00,baseline,18.00,20.25,2.25,0,1,0,1,0,true
EXP-05,exp05_p01_m02_ro000_lh00,baseline,20.25,33.75,13.50,1,0,0,1,0,false
EXP-05,exp05_p01_m02_ro000_lh00,baseline,33.75,36.00,2.25,0,1,0,1,0,true
EXP-05,exp05_p01_m02_ro000_lh00,baseline,36.00,37.50,1.50,0,1,0,1,0,true
EXP-05,exp05_p01_m02_ro000_lh00,baseline,37.50,46.50,9.00,1,0,0,1,0,false
EXP-05,exp05_p01_m02_ro000_lh00,baseline,46.50,48.00,1.50,0,1,0,1,0,true
EXP-05,exp05_p01_m02_ro000_lh00,baseline,48.00,57.00,9.00,1,0,0,1,0,false
EXP-05,exp05_p01_m02_ro000_lh00,baseline,57.00,60.00,3.00,0,1,0,1,0,true
EXP-05,exp05_p01_m02_ro000_lh00,exact,0,1.50000,1.50000,0,1,0,1,0,true
EXP-05,exp05_p01_m02_ro000_lh00,exact,1.50000,10.50000,9.00000,1,0,0,1,0,false
EXP-05,exp05_p01_m02_ro000_lh00,exact,10.50000,12.00000,1.50000,0,1,0,1,0,true
EXP-05,exp05_p01_m02_ro000_lh00,exact,12.00000,12.75000,0.75000,0,1,0,1,0,true
EXP-05,exp05_p01_m02_ro000_lh00,exact,12.75000,17.25000,4.50000,1,0,0,1,0,false
EXP-05,exp05_p01_m02_ro000_lh00,exact,17.25000,18.00000,0.75000,0,1,0,1,0,true
EXP-05,exp05_p01_m02_ro000_lh00,exact,18.00000,20.25000,2.25000,0,1,0,1,0,true
EXP-05,exp05_p01_m02_ro000_lh00,exact,20.25000,33.75000,13.50000,1,0,0,1,0,false
EXP-05,exp05_p01_m02_ro000_lh00,exact,33.75000,36.00000,2.25000,0,1,0,1,0,true
EXP-05,exp05_p01_m02_ro000_lh00,exact,36.00000,37.50000,1.50000,0,1,0,1,0,true
EXP-05,exp05_p01_m02_ro000_lh00,exact,37.50000,46.50000,9.00000,1,0,0,1,0,false
EXP-05,exp05_p01_m02_ro000_lh00,exact,46.50000,48.00000,1.50000,0,1,0,1,0,true
EXP-05,exp05_p01_m02_ro000_lh00,exact,48.00000,57.00000,9.00000,1,0,0,1,0,false
EXP-05,exp05_p01_m02_ro000_lh00,exact,57.00000,60.00000,3.00000,0,1,0,1,0,true
EXP-05,exp05_p01_m02_ro050_lh00,baseline,0,1.50,1.50,0,1,0,1,0,true
EXP-05,exp05_p01_m02_ro050_lh00,baseline,1.50,10.50,9.00,1,0,0,1,0,false
EXP-05,exp05_p01_m02_ro050_lh00,baseline,10.50,12.00,1.50,0,1,0,1,0,true
EXP-05,exp05_p01_m02_ro050_lh00,baseline,12.00,12.75,0.75,0,1,0,1,0,true
EXP-05,exp05_p01_m02_ro050_lh00,baseline,12.75,17.25,4.50,1,0,0,1,0,false
EXP-05,exp05_p01_m02_ro050_lh00,baseline,17.25,18.00,0.75,0,1,0,1,0,true
EXP-05,exp05_p01_m02_ro050_lh00,baseline,18.00,20.25,2.25,0,1,0,1,0,true
EXP-05,exp05_p01_m02_ro050_lh00,baseline,20.25,33.75,13.50,1,0,0,1,0,false
EXP-05,exp05_p01_m02_ro050_lh00,baseline,33.75,36.00,2.25,0,1,0,1,0,true
EXP-05,exp05_p01_m02_ro050_lh00,baseline,36.00,37.50,1.50,0,1,0,1,0,true
EXP-05,exp05_p01_m02_ro050_lh00,baseline,37.50,46.80,9.30,1,0,0,1,0,false
EXP-05,exp05_p01_m02_ro050_lh00,baseline,46.80,48.30,1.50,0,1,0,1,0,true
EXP-05,exp05_p01_m02_ro050_lh00,baseline,48.30,57.60,9.30,1,0,0,1,0,false
EXP-05,exp05_p01_m02_ro050_lh00,baseline,57.60,58.20,0.60,1,0,0,1,0,false
EXP-05,exp05_p01_m02_ro050_lh00,baseline,58.20,61.20,3.00,0,1,0,1,0,true
EXP-05,exp05_p01_m02_ro050_lh00,exact,0,1.50000,1.50000,0,1,0,1,0,true
EXP-05,exp05_p01_m02_ro050_lh00,exact,1.50000,10.50000,9.00000,1,0,0,1,0,false
EXP-05,exp05_p01_m02_ro050_lh00,exact,10.50000,12.00000,1.50000,0,1,0,1,0,true
EXP-05,exp05_p01_m02_ro050_lh00,exact,12.00000,12.75000,0.75000,0,1,0,1,0,true
EXP-05,exp05_p01_m02_ro050_lh00,exact,12.75000,17.25000,4.50000,1,0,0,1,0,false
EXP-05,exp05_p01_m02_ro050_lh00,exact,17.25000,18.00000,0.75000,0,1,0,1,0,true
EXP-05,exp05_p01_m02_ro050_lh00,exact,18.00000,20.25000,2.25000,0,1,0,1,0,true
EXP-05,exp05_p01_m02_ro050_lh00,exact,20.25000,33.75000,13.50000,1,0,0,1,0,false
EXP-05,exp05_p01_m02_ro050_lh00,exact,33.75000,36.00000,2.25000,0,1,0,1,0,true
EXP-05,exp05_p01_m02_ro050_lh00,exact,36.00000,37.50000,1.50000,0,1,0,1,0,true
EXP-05,exp05_p01_m02_ro050_lh00,exact,37.50000,46.80000,9.30000,1,0,0,1,0,false
EXP-05,exp05_p01_m02_ro050_lh00,exact,46.80000,48.30000,1.50000,0,1,0,1,0,true
EXP-05,exp05_p01_m02_ro050_lh00,exact,48.30000,57.60000,9.30000,1,0,0,1,0,false
EXP-05,exp05_p01_m02_ro050_lh00,exact,57.60000,58.20000,0.60000,1,0,0,1,0,false
EXP-05,exp05_p01_m02_ro050_lh00,exact,58.20000,61.20000,3.00000,0,1,0,1,0,true
EXP-05,exp05_p01_m02_ro050_lh05,baseline,0,1.50,1.50,0,1,0,1,0,true
EXP-05,exp05_p01_m02_ro050_lh05,baseline,1.50,10.50,9.00,1,0,0,1,0,false
EXP-05,exp05_p01_m02_ro050_lh05,baseline,10.50,12.00,1.50,0,1,0,1,0,true
EXP-05,exp05_p01_m02_ro050_lh05,baseline,12.00,12.75,0.75,0,1,0,1,0,true
EXP-05,exp05_p01_m02_ro050_lh05,baseline,12.75,17.25,4.50,1,0,0,1,0,false
EXP-05,exp05_p01_m02_ro050_lh05,baseline,17.25,18.00,0.75,0,1,0,1,0,true
EXP-05,exp05_p01_m02_ro050_lh05,baseline,18.00,20.25,2.25,0,1,0,1,0,true
EXP-05,exp05_p01_m02_ro050_lh05,baseline,20.25,33.75,13.50,1,0,0,1,0,false
EXP-05,exp05_p01_m02_ro050_lh05,baseline,33.75,36.00,2.25,0,1,0,1,0,true
EXP-05,exp05_p01_m02_ro050_lh05,baseline,36.00,37.650,1.650,0,1,0,1,0,true
EXP-05,exp05_p01_m02_ro050_lh05,baseline,37.650,46.800,9.150,1,0,0,1,0,false
EXP-05,exp05_p01_m02_ro050_lh05,baseline,46.800,48.450,1.650,0,1,0,1,0,true
EXP-05,exp05_p01_m02_ro050_lh05,baseline,48.450,57.600,9.150,1,0,0,1,0,false
EXP-05,exp05_p01_m02_ro050_lh05,baseline,57.600,57.900,0.300,1,0,0,1,0,false
EXP-05,exp05_p01_m02_ro050_lh05,baseline,57.900,61.200,3.300,0,1,0,1,0,true
EXP-05,exp05_p01_m02_ro050_lh05,exact,0,1.50000,1.50000,0,1,0,1,0,true
EXP-05,exp05_p01_m02_ro050_lh05,exact,1.50000,10.50000,9.00000,1,0,0,1,0,false
EXP-05,exp05_p01_m02_ro050_lh05,exact,10.50000,12.00000,1.50000,0,1,0,1,0,true
EXP-05,exp05_p01_m02_ro050_lh05,exact,12.00000,12.75000,0.75000,0,1,0,1,0,true
EXP-05,exp05_p01_m02_ro050_lh05,exact,12.75000,17.25000,4.50000,1,0,0,1,0,false
EXP-05,exp05_p01_m02_ro050_lh05,exact,17.25000,18.00000,0.75000,0,1,0,1,0,true
EXP-05,exp05_p01_m02_ro050_lh05,exact,18.00000,20.25000,2.25000,0,1,0,1,0,true
EXP-05,exp05_p01_m02_ro050_lh05,exact,20.25000,33.75000,13.50000,1,0,0,1,0,false
EXP-05,exp05_p01_m02_ro050_lh05,exact,33.75000,36.00000,2.25000,0,1,0,1,0,true
EXP-05,exp05_p01_m02_ro050_lh05,exact,36.00000,37.65000,1.65000,0,1,0,1,0,true
EXP-05,exp05_p01_m02_ro050_lh05,exact,37.65000,46.80000,9.15000,1,0,0,1,0,false
EXP-05,exp05_p01_m02_ro050_lh05,exact,46.80000,48.45000,1.65000,0,1,0,1,0,true
EXP-05,exp05_p01_m02_ro050_lh05,exact,48.45000,57.60000,9.15000,1,0,0,1,0,false
EXP-05,exp05_p01_m02_ro050_lh05,exact,57.60000,57.90000,0.30000,1,0,0,1,0,false
EXP-05,exp05_p01_m02_ro050_lh05,exact,57.90000,61.20000,3.30000,0,1,0,1,0,true
EXP-05,exp05_p01_m02_ro100_lh00,baseline,0,1.50,1.50,0,1,0,1,0,true
EXP-05,exp05_p01_m02_ro100_lh00,baseline,1.50,10.50,9.00,1,0,0,1,0,false
EXP-05,exp05_p01_m02_ro100_lh00,baseline,10.50,12.00,1.50,0,1,0,1,0,true
EXP-05,exp05_p01_m02_ro100_lh00,baseline,12.00,12.75,0.75,0,1,0,1,0,true
EXP-05,exp05_p01_m02_ro100_lh00,baseline,12.75,17.25,4.50,1,0,0,1,0,false
EXP-05,exp05_p01_m02_ro100_lh00,baseline,17.25,18.00,0.75,0,1,0,1,0,true
EXP-05,exp05_p01_m02_ro100_lh00,baseline,18.00,20.25,2.25,0,1,0,1,0,true
EXP-05,exp05_p01_m02_ro100_lh00,baseline,20.25,33.75,13.50,1,0,0,1,0,false
EXP-05,exp05_p01_m02_ro100_lh00,baseline,33.75,36.00,2.25,0,1,0,1,0,true
EXP-05,exp05_p01_m02_ro100_lh00,baseline,36.00,37.50,1.50,0,1,0,1,0,true
EXP-05,exp05_p01_m02_ro100_lh00,baseline,37.50,47.10,9.60,1,0,0,1,0,false
EXP-05,exp05_p01_m02_ro100_lh00,baseline,47.10,48.60,1.50,0,1,0,1,0,true
EXP-05,exp05_p01_m02_ro100_lh00,baseline,48.60,58.20,9.60,1,0,0,1,0,false
EXP-05,exp05_p01_m02_ro100_lh00,baseline,58.20,59.40,1.20,1,0,0,1,0,false
EXP-05,exp05_p01_m02_ro100_lh00,baseline,59.40,62.40,3.00,0,1,0,1,0,true
EXP-05,exp05_p01_m02_ro100_lh00,exact,0,1.50000,1.50000,0,1,0,1,0,true
EXP-05,exp05_p01_m02_ro100_lh00,exact,1.50000,10.50000,9.00000,1,0,0,1,0,false
EXP-05,exp05_p01_m02_ro100_lh00,exact,10.50000,12.00000,1.50000,0,1,0,1,0,true
EXP-05,exp05_p01_m02_ro100_lh00,exact,12.00000,12.75000,0.75000,0,1,0,1,0,true
EXP-05,exp05_p01_m02_ro100_lh00,exact,12.75000,17.25000,4.50000,1,0,0,1,0,false
EXP-05,exp05_p01_m02_ro100_lh00,exact,17.25000,18.00000,0.75000,0,1,0,1,0,true
EXP-05,exp05_p01_m02_ro100_lh00,exact,18.00000,20.25000,2.25000,0,1,0,1,0,true
EXP-05,exp05_p01_m02_ro100_lh00,exact,20.25000,33.75000,13.50000,1,0,0,1,0,false
EXP-05,exp05_p01_m02_ro100_lh00,exact,33.75000,36.00000,2.25000,0,1,0,1,0,true
EXP-05,exp05_p01_m02_ro100_lh00,exact,36.00000,37.50000,1.50000,0,1,0,1,0,true
EXP-05,exp05_p01_m02_ro100_lh00,exact,37.50000,47.10000,9.60000,1,0,0,1,0,false
EXP-05,exp05_p01_m02_ro100_lh00,exact,47.10000,48.60000,1.50000,0,1,0,1,0,true
EXP-05,exp05_p01_m02_ro100_lh00,exact,48.60000,58.20000,9.60000,1,0,0,1,0,false
EXP-05,exp05_p01_m02_ro100_lh00,exact,58.20000,59.40000,1.20000,1,0,0,1,0,false
EXP-05,exp05_p01_m02_ro100_lh00,exact,59.40000,62.40000,3.00000,0,1,0,1,0,true
EXP-05,exp05_p01_m02_ro100_lh05,baseline,0,1.50,1.50,0,1,0,1,0,true
EXP-05,exp05_p01_m02_ro100_lh05,baseline,1.50,10.50,9.00,1,0,0,1,0,false
EXP-05,exp05_p01_m02_ro100_lh05,baseline,10.50,12.00,1.50,0,1,0,1,0,true
EXP-05,exp05_p01_m02_ro100_lh05,baseline,12.00,12.75,0.75,0,1,0,1,0,true
EXP-05,exp05_p01_m02_ro100_lh05,baseline,12.75,17.25,4.50,1,0,0,1,0,false
EXP-05,exp05_p01_m02_ro100_lh05,baseline,17.25,18.00,0.75,0,1,0,1,0,true
EXP-05,exp05_p01_m02_ro100_lh05,baseline,18.00,20.25,2.25,0,1,0,1,0,true
EXP-05,exp05_p01_m02_ro100_lh05,baseline,20.25,33.75,13.50,1,0,0,1,0,false
EXP-05,exp05_p01_m02_ro100_lh05,baseline,33.75,36.00,2.25,0,1,0,1,0,true
EXP-05,exp05_p01_m02_ro100_lh05,baseline,36.00,37.800,1.800,0,1,0,1,0,true
EXP-05,exp05_p01_m02_ro100_lh05,baseline,37.800,47.100,9.300,1,0,0,1,0,false
EXP-05,exp05_p01_m02_ro100_lh05,baseline,47.100,48.900,1.800,0,1,0,1,0,true
EXP-05,exp05_p01_m02_ro100_lh05,baseline,48.900,58.200,9.300,1,0,0,1,0,false
EXP-05,exp05_p01_m02_ro100_lh05,baseline,58.200,58.800,0.600,1,0,0,1,0,false
EXP-05,exp05_p01_m02_ro100_lh05,baseline,58.800,62.400,3.600,0,1,0,1,0,true
EXP-05,exp05_p01_m02_ro100_lh05,exact,0,1.50000,1.50000,0,1,0,1,0,true
EXP-05,exp05_p01_m02_ro100_lh05,exact,1.50000,10.50000,9.00000,1,0,0,1,0,false
EXP-05,exp05_p01_m02_ro100_lh05,exact,10.50000,12.00000,1.50000,0,1,0,1,0,true
EXP-05,exp05_p01_m02_ro100_lh05,exact,12.00000,12.75000,0.75000,0,1,0,1,0,true
EXP-05,exp05_p01_m02_ro100_lh05,exact,12.75000,17.25000,4.50000,1,0,0,1,0,false
EXP-05,exp05_p01_m02_ro100_lh05,exact,17.25000,18.00000,0.75000,0,1,0,1,0,true
EXP-05,exp05_p01_m02_ro100_lh05,exact,18.00000,20.25000,2.25000,0,1,0,1,0,true
EXP-05,exp05_p01_m02_ro100_lh05,exact,20.25000,33.75000,13.50000,1,0,0,1,0,false
EXP-05,exp05_p01_m02_ro100_lh05,exact,33.75000,36.00000,2.25000,0,1,0,1,0,true
EXP-05,exp05_p01_m02_ro100_lh05,exact,36.00000,37.80000,1.80000,0,1,0,1,0,true
EXP-05,exp05_p01_m02_ro100_lh05,exact,37.80000,47.10000,9.30000,1,0,0,1,0,false
EXP-05,exp05_p01_m02_ro100_lh05,exact,47.10000,48.90000,1.80000,0,1,0,1,0,true
EXP-05,exp05_p01_m02_ro100_lh05,exact,48.90000,58.20000,9.30000,1,0,0,1,0,false
EXP-05,exp05_p01_m02_ro100_lh05,exact,58.20000,58.80000,0.60000,1,0,0,1,0,false
EXP-05,exp05_p01_m02_ro100_lh05,exact,58.80000,62.40000,3.60000,0,1,0,1,0,true
EXP-05,exp05_p01_m03_ro000_lh00,baseline,0,1.50,1.50,0,1,0,1,0,true
EXP-05,exp05_p01_m03_ro000_lh00,baseline,1.50,10.50,9.00,1,0,0,1,0,false
EXP-05,exp05_p01_m03_ro000_lh00,baseline,10.50,12.00,1.50,0,1,0,1,0,true
EXP-05,exp05_p01_m03_ro000_lh00,baseline,12.00,12.75,0.75,0,1,0,1,0,true
EXP-05,exp05_p01_m03_ro000_lh00,baseline,12.75,17.25,4.50,1,0,0,1,0,false
EXP-05,exp05_p01_m03_ro000_lh00,baseline,17.25,18.00,0.75,0,1,0,1,0,true
EXP-05,exp05_p01_m03_ro000_lh00,baseline,18.00,20.25,2.25,0,1,0,1,0,true
EXP-05,exp05_p01_m03_ro000_lh00,baseline,20.25,33.75,13.50,1,0,0,1,0,false
EXP-05,exp05_p01_m03_ro000_lh00,baseline,33.75,36.00,2.25,0,1,0,1,0,true
EXP-05,exp05_p01_m03_ro000_lh00,baseline,36.00,37.00,1.00,0,1,0,1,0,true
EXP-05,exp05_p01_m03_ro000_lh00,baseline,37.00,43.00,6.00,1,0,0,1,0,false
EXP-05,exp05_p01_m03_ro000_lh00,baseline,43.00,44.00,1.00,0,1,0,1,0,true
EXP-05,exp05_p01_m03_ro000_lh00,baseline,44.00,50.00,6.00,1,0,0,1,0,false
EXP-05,exp05_p01_m03_ro000_lh00,baseline,50.00,51.00,1.00,0,1,0,1,0,true
EXP-05,exp05_p01_m03_ro000_lh00,baseline,51.00,57.00,6.00,1,0,0,1,0,false
EXP-05,exp05_p01_m03_ro000_lh00,baseline,57.00,60.00,3.00,0,1,0,1,0,true
EXP-05,exp05_p01_m03_ro000_lh00,exact,0,1.50000,1.50000,0,1,0,1,0,true
EXP-05,exp05_p01_m03_ro000_lh00,exact,1.50000,10.50000,9.00000,1,0,0,1,0,false
EXP-05,exp05_p01_m03_ro000_lh00,exact,10.50000,12.00000,1.50000,0,1,0,1,0,true
EXP-05,exp05_p01_m03_ro000_lh00,exact,12.00000,12.75000,0.75000,0,1,0,1,0,true
EXP-05,exp05_p01_m03_ro000_lh00,exact,12.75000,17.25000,4.50000,1,0,0,1,0,false
EXP-05,exp05_p01_m03_ro000_lh00,exact,17.25000,18.00000,0.75000,0,1,0,1,0,true
EXP-05,exp05_p01_m03_ro000_lh00,exact,18.00000,20.25000,2.25000,0,1,0,1,0,true
EXP-05,exp05_p01_m03_ro000_lh00,exact,20.25000,33.75000,13.50000,1,0,0,1,0,false
EXP-05,exp05_p01_m03_ro000_lh00,exact,33.75000,36.00000,2.25000,0,1,0,1,0,true
EXP-05,exp05_p01_m03_ro000_lh00,exact,36.00000,37.00000,1.00000,0,1,0,1,0,true
EXP-05,exp05_p01_m03_ro000_lh00,exact,37.00000,43.00000,6.00000,1,0,0,1,0,false
EXP-05,exp05_p01_m03_ro000_lh00,exact,43.00000,44.00000,1.00000,0,1,0,1,0,true
EXP-05,exp05_p01_m03_ro000_lh00,exact,44.00000,50.00000,6.00000,1,0,0,1,0,false
EXP-05,exp05_p01_m03_ro000_lh00,exact,50.00000,51.00000,1.00000,0,1,0,1,0,true
EXP-05,exp05_p01_m03_ro000_lh00,exact,51.00000,57.00000,6.00000,1,0,0,1,0,false
EXP-05,exp05_p01_m03_ro000_lh00,exact,57.00000,60.00000,3.00000,0,1,0,1,0,true
EXP-05,exp05_p01_m03_ro050_lh00,baseline,0,1.50,1.50,0,1,0,1,0,true
EXP-05,exp05_p01_m03_ro050_lh00,baseline,1.50,10.50,9.00,1,0,0,1,0,false
EXP-05,exp05_p01_m03_ro050_lh00,baseline,10.50,12.00,1.50,0,1,0,1,0,true
EXP-05,exp05_p01_m03_ro050_lh00,baseline,12.00,12.75,0.75,0,1,0,1,0,true
EXP-05,exp05_p01_m03_ro050_lh00,baseline,12.75,17.25,4.50,1,0,0,1,0,false
EXP-05,exp05_p01_m03_ro050_lh00,baseline,17.25,18.00,0.75,0,1,0,1,0,true
EXP-05,exp05_p01_m03_ro050_lh00,baseline,18.00,20.25,2.25,0,1,0,1,0,true
EXP-05,exp05_p01_m03_ro050_lh00,baseline,20.25,33.75,13.50,1,0,0,1,0,false
EXP-05,exp05_p01_m03_ro050_lh00,baseline,33.75,36.00,2.25,0,1,0,1,0,true
EXP-05,exp05_p01_m03_ro050_lh00,baseline,36.00,37.00,1.00,0,1,0,1,0,true
EXP-05,exp05_p01_m03_ro050_lh00,baseline,37.00,43.40,6.40,1,0,0,1,0,false
EXP-05,exp05_p01_m03_ro050_lh00,baseline,43.40,44.40,1.00,0,1,0,1,0,true
EXP-05,exp05_p01_m03_ro050_lh00,baseline,44.40,50.80,6.40,1,0,0,1,0,false
EXP-05,exp05_p01_m03_ro050_lh00,baseline,50.80,51.80,1.00,0,1,0,1,0,true
EXP-05,exp05_p01_m03_ro050_lh00,baseline,51.80,58.20,6.40,1,0,0,1,0,false
EXP-05,exp05_p01_m03_ro050_lh00,baseline,58.20,59.40,1.20,1,0,0,1,0,false
EXP-05,exp05_p01_m03_ro050_lh00,baseline,59.40,62.40,3.00,0,1,0,1,0,true
EXP-05,exp05_p01_m03_ro050_lh00,exact,0,1.50000,1.50000,0,1,0,1,0,true
EXP-05,exp05_p01_m03_ro050_lh00,exact,1.50000,10.50000,9.00000,1,0,0,1,0,false
EXP-05,exp05_p01_m03_ro050_lh00,exact,10.50000,12.00000,1.50000,0,1,0,1,0,true
EXP-05,exp05_p01_m03_ro050_lh00,exact,12.00000,12.75000,0.75000,0,1,0,1,0,true
EXP-05,exp05_p01_m03_ro050_lh00,exact,12.75000,17.25000,4.50000,1,0,0,1,0,false
EXP-05,exp05_p01_m03_ro050_lh00,exact,17.25000,18.00000,0.75000,0,1,0,1,0,true
EXP-05,exp05_p01_m03_ro050_lh00,exact,18.00000,20.25000,2.25000,0,1,0,1,0,true
EXP-05,exp05_p01_m03_ro050_lh00,exact,20.25000,33.75000,13.50000,1,0,0,1,0,false
EXP-05,exp05_p01_m03_ro050_lh00,exact,33.75000,36.00000,2.25000,0,1,0,1,0,true
EXP-05,exp05_p01_m03_ro050_lh00,exact,36.00000,37.00000,1.00000,0,1,0,1,0,true
EXP-05,exp05_p01_m03_ro050_lh00,exact,37.00000,43.40000,6.40000,1,0,0,1,0,false
EXP-05,exp05_p01_m03_ro050_lh00,exact,43.40000,44.40000,1.00000,0,1,0,1,0,true
EXP-05,exp05_p01_m03_ro050_lh00,exact,44.40000,50.80000,6.40000,1,0,0,1,0,false
EXP-05,exp05_p01_m03_ro050_lh00,exact,50.80000,51.80000,1.00000,0,1,0,1,0,true
EXP-05,exp05_p01_m03_ro050_lh00,exact,51.80000,58.20000,6.40000,1,0,0,1,0,false
EXP-05,exp05_p01_m03_ro050_lh00,exact,58.20000,59.40000,1.20000,1,0,0,1,0,false
EXP-05,exp05_p01_m03_ro050_lh00,exact,59.40000,62.40000,3.00000,0,1,0,1,0,true
EXP-05,exp05_p01_m03_ro050_lh05,baseline,0,1.50,1.50,0,1,0,1,0,true
EXP-05,exp05_p01_m03_ro050_lh05,baseline,1.50,10.50,9.00,1,0,0,1,0,false
EXP-05,exp05_p01_m03_ro050_lh05,baseline,10.50,12.00,1.50,0,1,0,1,0,true
EXP-05,exp05_p01_m03_ro050_lh05,baseline,12.00,12.75,0.75,0,1,0,1,0,true
EXP-05,exp05_p01_m03_ro050_lh05,baseline,12.75,17.25,4.50,1,0,0,1,0,false
EXP-05,exp05_p01_m03_ro050_lh05,baseline,17.25,18.00,0.75,0,1,0,1,0,true
EXP-05,exp05_p01_m03_ro050_lh05,baseline,18.00,20.25,2.25,0,1,0,1,0,true
EXP-05,exp05_p01_m03_ro050_lh05,baseline,20.25,33.75,13.50,1,0,0,1,0,false
EXP-05,exp05_p01_m03_ro050_lh05,baseline,33.75,36.00,2.25,0,1,0,1,0,true
EXP-05,exp05_p01_m03_ro050_lh05,baseline,36.00,37.200,1.200,0,1,0,1,0,true
EXP-05,exp05_p01_m03_ro050_lh05,baseline,37.200,43.400,6.200,1,0,0,1,0,false
EXP-05,exp05_p01_m03_ro050_lh05,baseline,43.400,44.600,1.200,0,1,0,1,0,true
EXP-05,exp05_p01_m03_ro050_lh05,baseline,44.600,50.800,6.200,1,0,0,1,0,false
EXP-05,exp05_p01_m03_ro050_lh05,baseline,50.800,52.000,1.200,0,1,0,1,0,true
EXP-05,exp05_p01_m03_ro050_lh05,baseline,52.000,58.200,6.200,1,0,0,1,0,false
EXP-05,exp05_p01_m03_ro050_lh05,baseline,58.200,58.800,0.600,1,0,0,1,0,false
EXP-05,exp05_p01_m03_ro050_lh05,baseline,58.800,62.400,3.600,0,1,0,1,0,true
EXP-05,exp05_p01_m03_ro050_lh05,exact,0,1.50000,1.50000,0,1,0,1,0,true
EXP-05,exp05_p01_m03_ro050_lh05,exact,1.50000,10.50000,9.00000,1,0,0,1,0,false
EXP-05,exp05_p01_m03_ro050_lh05,exact,10.50000,12.00000,1.50000,0,1,0,1,0,true
EXP-05,exp05_p01_m03_ro050_lh05,exact,12.00000,12.75000,0.75000,0,1,0,1,0,true
EXP-05,exp05_p01_m03_ro050_lh05,exact,12.75000,17.25000,4.50000,1,0,0,1,0,false
EXP-05,exp05_p01_m03_ro050_lh05,exact,17.25000,18.00000,0.75000,0,1,0,1,0,true
EXP-05,exp05_p01_m03_ro050_lh05,exact,18.00000,20.25000,2.25000,0,1,0,1,0,true
EXP-05,exp05_p01_m03_ro050_lh05,exact,20.25000,33.75000,13.50000,1,0,0,1,0,false
EXP-05,exp05_p01_m03_ro050_lh05,exact,33.75000,36.00000,2.25000,0,1,0,1,0,true
EXP-05,exp05_p01_m03_ro050_lh05,exact,36.00000,37.20000,1.20000,0,1,0,1,0,true
EXP-05,exp05_p01_m03_ro050_lh05,exact,37.20000,43.40000,6.20000,1,0,0,1,0,false
EXP-05,exp05_p01_m03_ro050_lh05,exact,43.40000,44.60000,1.20000,0,1,0,1,0,true
EXP-05,exp05_p01_m03_ro050_lh05,exact,44.60000,50.80000,6.20000,1,0,0,1,0,false
EXP-05,exp05_p01_m03_ro050_lh05,exact,50.80000,52.00000,1.20000,0,1,0,1,0,true
EXP-05,exp05_p01_m03_ro050_lh05,exact,52.00000,58.20000,6.20000,1,0,0,1,0,false
EXP-05,exp05_p01_m03_ro050_lh05,exact,58.20000,58.80000,0.60000,1,0,0,1,0,false
EXP-05,exp05_p01_m03_ro050_lh05,exact,58.80000,62.40000,3.60000,0,1,0,1,0,true
EXP-05,exp05_p01_m03_ro100_lh00,baseline,0,1.50,1.50,0,1,0,1,0,true
EXP-05,exp05_p01_m03_ro100_lh00,baseline,1.50,10.50,9.00,1,0,0,1,0,false
EXP-05,exp05_p01_m03_ro100_lh00,baseline,10.50,12.00,1.50,0,1,0,1,0,true
EXP-05,exp05_p01_m03_ro100_lh00,baseline,12.00,12.75,0.75,0,1,0,1,0,true
EXP-05,exp05_p01_m03_ro100_lh00,baseline,12.75,17.25,4.50,1,0,0,1,0,false
EXP-05,exp05_p01_m03_ro100_lh00,baseline,17.25,18.00,0.75,0,1,0,1,0,true
EXP-05,exp05_p01_m03_ro100_lh00,baseline,18.00,20.25,2.25,0,1,0,1,0,true
EXP-05,exp05_p01_m03_ro100_lh00,baseline,20.25,33.75,13.50,1,0,0,1,0,false
EXP-05,exp05_p01_m03_ro100_lh00,baseline,33.75,36.00,2.25,0,1,0,1,0,true
EXP-05,exp05_p01_m03_ro100_lh00,baseline,36.00,37.00,1.00,0,1,0,1,0,true
EXP-05,exp05_p01_m03_ro100_lh00,baseline,37.00,43.80,6.80,1,0,0,1,0,false
EXP-05,exp05_p01_m03_ro100_lh00,baseline,43.80,44.80,1.00,0,1,0,1,0,true
EXP-05,exp05_p01_m03_ro100_lh00,baseline,44.80,51.60,6.80,1,0,0,1,0,false
EXP-05,exp05_p01_m03_ro100_lh00,baseline,51.60,52.60,1.00,0,1,0,1,0,true
EXP-05,exp05_p01_m03_ro100_lh00,baseline,52.60,59.40,6.80,1,0,0,1,0,false
EXP-05,exp05_p01_m03_ro100_lh00,baseline,59.40,61.80,2.40,1,0,0,1,0,false
EXP-05,exp05_p01_m03_ro100_lh00,baseline,61.80,64.80,3.00,0,1,0,1,0,true
EXP-05,exp05_p01_m03_ro100_lh00,exact,0,1.50000,1.50000,0,1,0,1,0,true
EXP-05,exp05_p01_m03_ro100_lh00,exact,1.50000,10.50000,9.00000,1,0,0,1,0,false
EXP-05,exp05_p01_m03_ro100_lh00,exact,10.50000,12.00000,1.50000,0,1,0,1,0,true
EXP-05,exp05_p01_m03_ro100_lh00,exact,12.00000,12.75000,0.75000,0,1,0,1,0,true
EXP-05,exp05_p01_m03_ro100_lh00,exact,12.75000,17.25000,4.50000,1,0,0,1,0,false
EXP-05,exp05_p01_m03_ro100_lh00,exact,17.25000,18.00000,0.75000,0,1,0,1,0,true
EXP-05,exp05_p01_m03_ro100_lh00,exact,18.00000,20.25000,2.25000,0,1,0,1,0,true
EXP-05,exp05_p01_m03_ro100_lh00,exact,20.25000,33.75000,13.50000,1,0,0,1,0,false
EXP-05,exp05_p01_m03_ro100_lh00,exact,33.75000,36.00000,2.25000,0,1,0,1,0,true
EXP-05,exp05_p01_m03_ro100_lh00,exact,36.00000,37.00000,1.00000,0,1,0,1,0,true
EXP-05,exp05_p01_m03_ro100_lh00,exact,37.00000,43.80000,6.80000,1,0,0,1,0,false
EXP-05,exp05_p01_m03_ro100_lh00,exact,43.80000,44.80000,1.00000,0,1,0,1,0,true
EXP-05,exp05_p01_m03_ro100_lh00,exact,44.80000,51.60000,6.80000,1,0,0,1,0,false
EXP-05,exp05_p01_m03_ro100_lh00,exact,51.60000,52.60000,1.00000,0,1,0,1,0,true
EXP-05,exp05_p01_m03_ro100_lh00,exact,52.60000,59.40000,6.80000,1,0,0,1,0,false
EXP-05,exp05_p01_m03_ro100_lh00,exact,59.40000,61.80000,2.40000,1,0,0,1,0,false
EXP-05,exp05_p01_m03_ro100_lh00,exact,61.80000,64.80000,3.00000,0,1,0,1,0,true
EXP-05,exp05_p01_m03_ro100_lh05,baseline,0,1.50,1.50,0,1,0,1,0,true
EXP-05,exp05_p01_m03_ro100_lh05,baseline,1.50,10.50,9.00,1,0,0,1,0,false
EXP-05,exp05_p01_m03_ro100_lh05,baseline,10.50,12.00,1.50,0,1,0,1,0,true
EXP-05,exp05_p01_m03_ro100_lh05,baseline,12.00,12.75,0.75,0,1,0,1,0,true
EXP-05,exp05_p01_m03_ro100_lh05,baseline,12.75,17.25,4.50,1,0,0,1,0,false
EXP-05,exp05_p01_m03_ro100_lh05,baseline,17.25,18.00,0.75,0,1,0,1,0,true
EXP-05,exp05_p01_m03_ro100_lh05,baseline,18.00,20.25,2.25,0,1,0,1,0,true
EXP-05,exp05_p01_m03_ro100_lh05,baseline,20.25,33.75,13.50,1,0,0,1,0,false
EXP-05,exp05_p01_m03_ro100_lh05,baseline,33.75,36.00,2.25,0,1,0,1,0,true
EXP-05,exp05_p01_m03_ro100_lh05,baseline,36.00,37.400,1.400,0,1,0,1,0,true
EXP-05,exp05_p01_m03_ro100_lh05,baseline,37.400,43.800,6.400,1,0,0,1,0,false
EXP-05,exp05_p01_m03_ro100_lh05,baseline,43.800,45.200,1.400,0,1,0,1,0,true
EXP-05,exp05_p01_m03_ro100_lh05,baseline,45.200,51.600,6.400,1,0,0,1,0,false
EXP-05,exp05_p01_m03_ro100_lh05,baseline,51.600,53.000,1.400,0,1,0,1,0,true
EXP-05,exp05_p01_m03_ro100_lh05,baseline,53.000,59.400,6.400,1,0,0,1,0,false
EXP-05,exp05_p01_m03_ro100_lh05,baseline,59.400,60.600,1.200,1,0,0,1,0,false
EXP-05,exp05_p01_m03_ro100_lh05,baseline,60.600,64.800,4.200,0,1,0,1,0,true
EXP-05,exp05_p01_m03_ro100_lh05,exact,0,1.50000,1.50000,0,1,0,1,0,true
EXP-05,exp05_p01_m03_ro100_lh05,exact,1.50000,10.50000,9.00000,1,0,0,1,0,false
EXP-05,exp05_p01_m03_ro100_lh05,exact,10.50000,12.00000,1.50000,0,1,0,1,0,true
EXP-05,exp05_p01_m03_ro100_lh05,exact,12.00000,12.75000,0.75000,0,1,0,1,0,true
EXP-05,exp05_p01_m03_ro100_lh05,exact,12.75000,17.25000,4.50000,1,0,0,1,0,false
EXP-05,exp05_p01_m03_ro100_lh05,exact,17.25000,18.00000,0.75000,0,1,0,1,0,true
EXP-05,exp05_p01_m03_ro100_lh05,exact,18.00000,20.25000,2.25000,0,1,0,1,0,true
EXP-05,exp05_p01_m03_ro100_lh05,exact,20.25000,33.75000,13.50000,1,0,0,1,0,false
EXP-05,exp05_p01_m03_ro100_lh05,exact,33.75000,36.00000,2.25000,0,1,0,1,0,true
EXP-05,exp05_p01_m03_ro100_lh05,exact,36.00000,37.40000,1.40000,0,1,0,1,0,true
EXP-05,exp05_p01_m03_ro100_lh05,exact,37.40000,43.80000,6.40000,1,0,0,1,0,false
EXP-05,exp05_p01_m03_ro100_lh05,exact,43.80000,45.20000,1.40000,0,1,0,1,0,true
EXP-05,exp05_p01_m03_ro100_lh05,exact,45.20000,51.60000,6.40000,1,0,0,1,0,false
EXP-05,exp05_p01_m03_ro100_lh05,exact,51.60000,53.00000,1.40000,0,1,0,1,0,true
EXP-05,exp05_p01_m03_ro100_lh05,exact,53.00000,59.40000,6.40000,1,0,0,1,0,false
EXP-05,exp05_p01_m03_ro100_lh05,exact,59.40000,60.60000,1.20000,1,0,0,1,0,false
EXP-05,exp05_p01_m03_ro100_lh05,exact,60.60000,64.80000,4.20000,0,1,0,1,0,true
EXP-05,exp05_p01_m04_ro000_lh00,baseline,0,1.50,1.50,0,1,0,1,0,true
EXP-05,exp05_p01_m04_ro000_lh00,baseline,1.50,10.50,9.00,1,0,0,1,0,false
EXP-05,exp05_p01_m04_ro000_lh00,baseline,10.50,12.00,1.50,0,1,0,1,0,true
EXP-05,exp05_p01_m04_ro000_lh00,baseline,12.00,12.75,0.75,0,1,0,1,0,true
EXP-05,exp05_p01_m04_ro000_lh00,baseline,12.75,17.25,4.50,1,0,0,1,0,false
EXP-05,exp05_p01_m04_ro000_lh00,baseline,17.25,18.00,0.75,0,1,0,1,0,true
EXP-05,exp05_p01_m04_ro000_lh00,baseline,18.00,20.25,2.25,0,1,0,1,0,true
EXP-05,exp05_p01_m04_ro000_lh00,baseline,20.25,33.75,13.50,1,0,0,1,0,false
EXP-05,exp05_p01_m04_ro000_lh00,baseline,33.75,36.00,2.25,0,1,0,1,0,true
EXP-05,exp05_p01_m04_ro000_lh00,baseline,36.00,36.75,0.75,0,1,0,1,0,true
EXP-05,exp05_p01_m04_ro000_lh00,baseline,36.75,41.25,4.50,1,0,0,1,0,false
EXP-05,exp05_p01_m04_ro000_lh00,baseline,41.25,42.00,0.75,0,1,0,1,0,true
EXP-05,exp05_p01_m04_ro000_lh00,baseline,42.00,46.50,4.50,1,0,0,1,0,false
EXP-05,exp05_p01_m04_ro000_lh00,baseline,46.50,47.25,0.75,0,1,0,1,0,true
EXP-05,exp05_p01_m04_ro000_lh00,baseline,47.25,51.75,4.50,1,0,0,1,0,false
EXP-05,exp05_p01_m04_ro000_lh00,baseline,51.75,52.50,0.75,0,1,0,1,0,true
EXP-05,exp05_p01_m04_ro000_lh00,baseline,52.50,57.00,4.50,1,0,0,1,0,false
EXP-05,exp05_p01_m04_ro000_lh00,baseline,57.00,60.00,3.00,0,1,0,1,0,true
EXP-05,exp05_p01_m04_ro000_lh00,exact,0,1.50000,1.50000,0,1,0,1,0,true
EXP-05,exp05_p01_m04_ro000_lh00,exact,1.50000,10.50000,9.00000,1,0,0,1,0,false
EXP-05,exp05_p01_m04_ro000_lh00,exact,10.50000,12.00000,1.50000,0,1,0,1,0,true
EXP-05,exp05_p01_m04_ro000_lh00,exact,12.00000,12.75000,0.75000,0,1,0,1,0,true
EXP-05,exp05_p01_m04_ro000_lh00,exact,12.75000,17.25000,4.50000,1,0,0,1,0,false
EXP-05,exp05_p01_m04_ro000_lh00,exact,17.25000,18.00000,0.75000,0,1,0,1,0,true
EXP-05,exp05_p01_m04_ro000_lh00,exact,18.00000,20.25000,2.25000,0,1,0,1,0,true
EXP-05,exp05_p01_m04_ro000_lh00,exact,20.25000,33.75000,13.50000,1,0,0,1,0,false
EXP-05,exp05_p01_m04_ro000_lh00,exact,33.75000,36.00000,2.25000,0,1,0,1,0,true
EXP-05,exp05_p01_m04_ro000_lh00,exact,36.00000,36.75000,0.75000,0,1,0,1,0,true
EXP-05,exp05_p01_m04_ro000_lh00,exact,36.75000,41.25000,4.50000,1,0,0,1,0,false
EXP-05,exp05_p01_m04_ro000_lh00,exact,41.25000,42.00000,0.75000,0,1,0,1,0,true
EXP-05,exp05_p01_m04_ro000_lh00,exact,42.00000,46.50000,4.50000,1,0,0,1,0,false
EXP-05,exp05_p01_m04_ro000_lh00,exact,46.50000,47.25000,0.75000,0,1,0,1,0,true
EXP-05,exp05_p01_m04_ro000_lh00,exact,47.25000,51.75000,4.50000,1,0,0,1,0,false
EXP-05,exp05_p01_m04_ro000_lh00,exact,51.75000,52.50000,0.75000,0,1,0,1,0,true
EXP-05,exp05_p01_m04_ro000_lh00,exact,52.50000,57.00000,4.50000,1,0,0,1,0,false
EXP-05,exp05_p01_m04_ro000_lh00,exact,57.00000,60.00000,3.00000,0,1,0,1,0,true
EXP-05,exp05_p01_m04_ro050_lh00,baseline,0,1.50,1.50,0,1,0,1,0,true
EXP-05,exp05_p01_m04_ro050_lh00,baseline,1.50,10.50,9.00,1,0,0,1,0,false
EXP-05,exp05_p01_m04_ro050_lh00,baseline,10.50,12.00,1.50,0,1,0,1,0,true
EXP-05,exp05_p01_m04_ro050_lh00,baseline,12.00,12.75,0.75,0,1,0,1,0,true
EXP-05,exp05_p01_m04_ro050_lh00,baseline,12.75,17.25,4.50,1,0,0,1,0,false
EXP-05,exp05_p01_m04_ro050_lh00,baseline,17.25,18.00,0.75,0,1,0,1,0,true
EXP-05,exp05_p01_m04_ro050_lh00,baseline,18.00,20.25,2.25,0,1,0,1,0,true
EXP-05,exp05_p01_m04_ro050_lh00,baseline,20.25,33.75,13.50,1,0,0,1,0,false
EXP-05,exp05_p01_m04_ro050_lh00,baseline,33.75,36.00,2.25,0,1,0,1,0,true
EXP-05,exp05_p01_m04_ro050_lh00,baseline,36.00,36.75,0.75,0,1,0,1,0,true
EXP-05,exp05_p01_m04_ro050_lh00,baseline,36.75,41.70,4.95,1,0,0,1,0,false
EXP-05,exp05_p01_m04_ro050_lh00,baseline,41.70,42.45,0.75,0,1,0,1,0,true
EXP-05,exp05_p01_m04_ro050_lh00,baseline,42.45,47.40,4.95,1,0,0,1,0,false
EXP-05,exp05_p01_m04_ro050_lh00,baseline,47.40,48.15,0.75,0,1,0,1,0,true
EXP-05,exp05_p01_m04_ro050_lh00,baseline,48.15,53.10,4.95,1,0,0,1,0,false
EXP-05,exp05_p01_m04_ro050_lh00,baseline,53.10,53.85,0.75,0,1,0,1,0,true
EXP-05,exp05_p01_m04_ro050_lh00,baseline,53.85,58.80,4.95,1,0,0,1,0,false
EXP-05,exp05_p01_m04_ro050_lh00,baseline,58.80,60.60,1.80,1,0,0,1,0,false
EXP-05,exp05_p01_m04_ro050_lh00,baseline,60.60,63.60,3.00,0,1,0,1,0,true
EXP-05,exp05_p01_m04_ro050_lh00,exact,0,1.50000,1.50000,0,1,0,1,0,true
EXP-05,exp05_p01_m04_ro050_lh00,exact,1.50000,10.50000,9.00000,1,0,0,1,0,false
EXP-05,exp05_p01_m04_ro050_lh00,exact,10.50000,12.00000,1.50000,0,1,0,1,0,true
EXP-05,exp05_p01_m04_ro050_lh00,exact,12.00000,12.75000,0.75000,0,1,0,1,0,true
EXP-05,exp05_p01_m04_ro050_lh00,exact,12.75000,17.25000,4.50000,1,0,0,1,0,false
EXP-05,exp05_p01_m04_ro050_lh00,exact,17.25000,18.00000,0.75000,0,1,0,1,0,true
EXP-05,exp05_p01_m04_ro050_lh00,exact,18.00000,20.25000,2.25000,0,1,0,1,0,true
EXP-05,exp05_p01_m04_ro050_lh00,exact,20.25000,33.75000,13.50000,1,0,0,1,0,false
EXP-05,exp05_p01_m04_ro050_lh00,exact,33.75000,36.00000,2.25000,0,1,0,1,0,true
EXP-05,exp05_p01_m04_ro050_lh00,exact,36.00000,36.75000,0.75000,0,1,0,1,0,true
EXP-05,exp05_p01_m04_ro050_lh00,exact,36.75000,41.70000,4.95000,1,0,0,1,0,false
EXP-05,exp05_p01_m04_ro050_lh00,exact,41.70000,42.45000,0.75000,0,1,0,1,0,true
EXP-05,exp05_p01_m04_ro050_lh00,exact,42.45000,47.40000,4.95000,1,0,0,1,0,false
EXP-05,exp05_p01_m04_ro050_lh00,exact,47.40000,48.15000,0.75000,0,1,0,1,0,true
EXP-05,exp05_p01_m04_ro050_lh00,exact,48.15000,53.10000,4.95000,1,0,0,1,0,false
EXP-05,exp05_p01_m04_ro050_lh00,exact,53.10000,53.85000,0.75000,0,1,0,1,0,true
EXP-05,exp05_p01_m04_ro050_lh00,exact,53.85000,58.80000,4.95000,1,0,0,1,0,false
EXP-05,exp05_p01_m04_ro050_lh00,exact,58.80000,60.60000,1.80000,1,0,0,1,0,false
EXP-05,exp05_p01_m04_ro050_lh00,exact,60.60000,63.60000,3.00000,0,1,0,1,0,true
EXP-05,exp05_p01_m04_ro050_lh05,baseline,0,1.50,1.50,0,1,0,1,0,true
EXP-05,exp05_p01_m04_ro050_lh05,baseline,1.50,10.50,9.00,1,0,0,1,0,false
EXP-05,exp05_p01_m04_ro050_lh05,baseline,10.50,12.00,1.50,0,1,0,1,0,true
EXP-05,exp05_p01_m04_ro050_lh05,baseline,12.00,12.75,0.75,0,1,0,1,0,true
EXP-05,exp05_p01_m04_ro050_lh05,baseline,12.75,17.25,4.50,1,0,0,1,0,false
EXP-05,exp05_p01_m04_ro050_lh05,baseline,17.25,18.00,0.75,0,1,0,1,0,true
EXP-05,exp05_p01_m04_ro050_lh05,baseline,18.00,20.25,2.25,0,1,0,1,0,true
EXP-05,exp05_p01_m04_ro050_lh05,baseline,20.25,33.75,13.50,1,0,0,1,0,false
EXP-05,exp05_p01_m04_ro050_lh05,baseline,33.75,36.00,2.25,0,1,0,1,0,true
EXP-05,exp05_p01_m04_ro050_lh05,baseline,36.00,36.975,0.975,0,1,0,1,0,true
EXP-05,exp05_p01_m04_ro050_lh05,baseline,36.975,41.700,4.725,1,0,0,1,0,false
EXP-05,exp05_p01_m04_ro050_lh05,baseline,41.700,42.675,0.975,0,1,0,1,0,true
EXP-05,exp05_p01_m04_ro050_lh05,baseline,42.675,47.400,4.725,1,0,0,1,0,false
EXP-05,exp05_p01_m04_ro050_lh05,baseline,47.400,48.375,0.975,0,1,0,1,0,true
EXP-05,exp05_p01_m04_ro050_lh05,baseline,48.375,53.100,4.725,1,0,0,1,0,false
EXP-05,exp05_p01_m04_ro050_lh05,baseline,53.100,54.075,0.975,0,1,0,1,0,true
EXP-05,exp05_p01_m04_ro050_lh05,baseline,54.075,58.800,4.725,1,0,0,1,0,false
EXP-05,exp05_p01_m04_ro050_lh05,baseline,58.800,59.700,0.900,1,0,0,1,0,false
EXP-05,exp05_p01_m04_ro050_lh05,baseline,59.700,63.600,3.900,0,1,0,1,0,true
EXP-05,exp05_p01_m04_ro050_lh05,exact,0,1.50000,1.50000,0,1,0,1,0,true
EXP-05,exp05_p01_m04_ro050_lh05,exact,1.50000,10.50000,9.00000,1,0,0,1,0,false
EXP-05,exp05_p01_m04_ro050_lh05,exact,10.50000,12.00000,1.50000,0,1,0,1,0,true
EXP-05,exp05_p01_m04_ro050_lh05,exact,12.00000,12.75000,0.75000,0,1,0,1,0,true
EXP-05,exp05_p01_m04_ro050_lh05,exact,12.75000,17.25000,4.50000,1,0,0,1,0,false
EXP-05,exp05_p01_m04_ro050_lh05,exact,17.25000,18.00000,0.75000,0,1,0,1,0,true
EXP-05,exp05_p01_m04_ro050_lh05,exact,18.00000,20.25000,2.25000,0,1,0,1,0,true
EXP-05,exp05_p01_m04_ro050_lh05,exact,20.25000,33.75000,13.50000,1,0,0,1,0,false
EXP-05,exp05_p01_m04_ro050_lh05,exact,33.75000,36.00000,2.25000,0,1,0,1,0,true
EXP-05,exp05_p01_m04_ro050_lh05,exact,36.00000,36.97500,0.97500,0,1,0,1,0,true
EXP-05,exp05_p01_m04_ro050_lh05,exact,36.97500,41.70000,4.72500,1,0,0,1,0,false
EXP-05,exp05_p01_m04_ro050_lh05,exact,41.70000,42.67500,0.97500,0,1,0,1,0,true
EXP-05,exp05_p01_m04_ro050_lh05,exact,42.67500,47.40000,4.72500,1,0,0,1,0,false
EXP-05,exp05_p01_m04_ro050_lh05,exact,47.40000,48.37500,0.97500,0,1,0,1,0,true
EXP-05,exp05_p01_m04_ro050_lh05,exact,48.37500,53.10000,4.72500,1,0,0,1,0,false
EXP-05,exp05_p01_m04_ro050_lh05,exact,53.10000,54.07500,0.97500,0,1,0,1,0,true
EXP-05,exp05_p01_m04_ro050_lh05,exact,54.07500,58.80000,4.72500,1,0,0,1,0,false
EXP-05,exp05_p01_m04_ro050_lh05,exact,58.80000,59.70000,0.90000,1,0,0,1,0,false
EXP-05,exp05_p01_m04_ro050_lh05,exact,59.70000,63.60000,3.90000,0,1,0,1,0,true
EXP-05,exp05_p01_m04_ro100_lh00,baseline,0,1.50,1.50,0,1,0,1,0,true
EXP-05,exp05_p01_m04_ro100_lh00,baseline,1.50,10.50,9.00,1,0,0,1,0,false
EXP-05,exp05_p01_m04_ro100_lh00,baseline,10.50,12.00,1.50,0,1,0,1,0,true
EXP-05,exp05_p01_m04_ro100_lh00,baseline,12.00,12.75,0.75,0,1,0,1,0,true
EXP-05,exp05_p01_m04_ro100_lh00,baseline,12.75,17.25,4.50,1,0,0,1,0,false
EXP-05,exp05_p01_m04_ro100_lh00,baseline,17.25,18.00,0.75,0,1,0,1,0,true
EXP-05,exp05_p01_m04_ro100_lh00,baseline,18.00,20.25,2.25,0,1,0,1,0,true
EXP-05,exp05_p01_m04_ro100_lh00,baseline,20.25,33.75,13.50,1,0,0,1,0,false
EXP-05,exp05_p01_m04_ro100_lh00,baseline,33.75,36.00,2.25,0,1,0,1,0,true
EXP-05,exp05_p01_m04_ro100_lh00,baseline,36.00,36.75,0.75,0,1,0,1,0,true
EXP-05,exp05_p01_m04_ro100_lh00,baseline,36.75,42.15,5.40,1,0,0,1,0,false
EXP-05,exp05_p01_m04_ro100_lh00,baseline,42.15,42.90,0.75,0,1,0,1,0,true
EXP-05,exp05_p01_m04_ro100_lh00,baseline,42.90,48.30,5.40,1,0,0,1,0,false
EXP-05,exp05_p01_m04_ro100_lh00,baseline,48.30,49.05,0.75,0,1,0,1,0,true
EXP-05,exp05_p01_m04_ro100_lh00,baseline,49.05,54.45,5.40,1,0,0,1,0,false
EXP-05,exp05_p01_m04_ro100_lh00,baseline,54.45,55.20,0.75,0,1,0,1,0,true
EXP-05,exp05_p01_m04_ro100_lh00,baseline,55.20,60.60,5.40,1,0,0,1,0,false
EXP-05,exp05_p01_m04_ro100_lh00,baseline,60.60,64.20,3.60,1,0,0,1,0,false
EXP-05,exp05_p01_m04_ro100_lh00,baseline,64.20,67.20,3.00,0,1,0,1,0,true
EXP-05,exp05_p01_m04_ro100_lh00,exact,0,1.50000,1.50000,0,1,0,1,0,true
EXP-05,exp05_p01_m04_ro100_lh00,exact,1.50000,10.50000,9.00000,1,0,0,1,0,false
EXP-05,exp05_p01_m04_ro100_lh00,exact,10.50000,12.00000,1.50000,0,1,0,1,0,true
EXP-05,exp05_p01_m04_ro100_lh00,exact,12.00000,12.75000,0.75000,0,1,0,1,0,true
EXP-05,exp05_p01_m04_ro100_lh00,exact,12.75000,17.25000,4.50000,1,0,0,1,0,false
EXP-05,exp05_p01_m04_ro100_lh00,exact,17.25000,18.00000,0.75000,0,1,0,1,0,true
EXP-05,exp05_p01_m04_ro100_lh00,exact,18.00000,20.25000,2.25000,0,1,0,1,0,true
EXP-05,exp05_p01_m04_ro100_lh00,exact,20.25000,33.75000,13.50000,1,0,0,1,0,false
EXP-05,exp05_p01_m04_ro100_lh00,exact,33.75000,36.00000,2.25000,0,1,0,1,0,true
EXP-05,exp05_p01_m04_ro100_lh00,exact,36.00000,36.75000,0.75000,0,1,0,1,0,true
EXP-05,exp05_p01_m04_ro100_lh00,exact,36.75000,42.15000,5.40000,1,0,0,1,0,false
EXP-05,exp05_p01_m04_ro100_lh00,exact,42.15000,42.90000,0.75000,0,1,0,1,0,true
EXP-05,exp05_p01_m04_ro100_lh00,exact,42.90000,48.30000,5.40000,1,0,0,1,0,false
EXP-05,exp05_p01_m04_ro100_lh00,exact,48.30000,49.05000,0.75000,0,1,0,1,0,true
EXP-05,exp05_p01_m04_ro100_lh00,exact,49.05000,54.45000,5.40000,1,0,0,1,0,false
EXP-05,exp05_p01_m04_ro100_lh00,exact,54.45000,55.20000,0.75000,0,1,0,1,0,true
EXP-05,exp05_p01_m04_ro100_lh00,exact,55.20000,60.60000,5.40000,1,0,0,1,0,false
EXP-05,exp05_p01_m04_ro100_lh00,exact,60.60000,64.20000,3.60000,1,0,0,1,0,false
EXP-05,exp05_p01_m04_ro100_lh00,exact,64.20000,67.20000,3.00000,0,1,0,1,0,true
EXP-05,exp05_p01_m04_ro100_lh05,baseline,0,1.50,1.50,0,1,0,1,0,true
EXP-05,exp05_p01_m04_ro100_lh05,baseline,1.50,10.50,9.00,1,0,0,1,0,false
EXP-05,exp05_p01_m04_ro100_lh05,baseline,10.50,12.00,1.50,0,1,0,1,0,true
EXP-05,exp05_p01_m04_ro100_lh05,baseline,12.00,12.75,0.75,0,1,0,1,0,true
EXP-05,exp05_p01_m04_ro100_lh05,baseline,12.75,17.25,4.50,1,0,0,1,0,false
EXP-05,exp05_p01_m04_ro100_lh05,baseline,17.25,18.00,0.75,0,1,0,1,0,true
EXP-05,exp05_p01_m04_ro100_lh05,baseline,18.00,20.25,2.25,0,1,0,1,0,true
EXP-05,exp05_p01_m04_ro100_lh05,baseline,20.25,33.75,13.50,1,0,0,1,0,false
EXP-05,exp05_p01_m04_ro100_lh05,baseline,33.75,36.00,2.25,0,1,0,1,0,true
EXP-05,exp05_p01_m04_ro100_lh05,baseline,36.00,37.200,1.200,0,1,0,1,0,true
EXP-05,exp05_p01_m04_ro100_lh05,baseline,37.200,42.150,4.950,1,0,0,1,0,false
EXP-05,exp05_p01_m04_ro100_lh05,baseline,42.150,43.350,1.200,0,1,0,1,0,true
EXP-05,exp05_p01_m04_ro100_lh05,baseline,43.350,48.300,4.950,1,0,0,1,0,false
EXP-05,exp05_p01_m04_ro100_lh05,baseline,48.300,49.500,1.200,0,1,0,1,0,true
EXP-05,exp05_p01_m04_ro100_lh05,baseline,49.500,54.450,4.950,1,0,0,1,0,false
EXP-05,exp05_p01_m04_ro100_lh05,baseline,54.450,55.650,1.200,0,1,0,1,0,true
EXP-05,exp05_p01_m04_ro100_lh05,baseline,55.650,60.600,4.950,1,0,0,1,0,false
EXP-05,exp05_p01_m04_ro100_lh05,baseline,60.600,62.400,1.800,1,0,0,1,0,false
EXP-05,exp05_p01_m04_ro100_lh05,baseline,62.400,67.200,4.800,0,1,0,1,0,true
EXP-05,exp05_p01_m04_ro100_lh05,exact,0,1.50000,1.50000,0,1,0,1,0,true
EXP-05,exp05_p01_m04_ro100_lh05,exact,1.50000,10.50000,9.00000,1,0,0,1,0,false
EXP-05,exp05_p01_m04_ro100_lh05,exact,10.50000,12.00000,1.50000,0,1,0,1,0,true
EXP-05,exp05_p01_m04_ro100_lh05,exact,12.00000,12.75000,0.75000,0,1,0,1,0,true
EXP-05,exp05_p01_m04_ro100_lh05,exact,12.75000,17.25000,4.50000,1,0,0,1,0,false
EXP-05,exp05_p01_m04_ro100_lh05,exact,17.25000,18.00000,0.75000,0,1,0,1,0,true
EXP-05,exp05_p01_m04_ro100_lh05,exact,18.00000,20.25000,2.25000,0,1,0,1,0,true
EXP-05,exp05_p01_m04_ro100_lh05,exact,20.25000,33.75000,13.50000,1,0,0,1,0,false
EXP-05,exp05_p01_m04_ro100_lh05,exact,33.75000,36.00000,2.25000,0,1,0,1,0,true
EXP-05,exp05_p01_m04_ro100_lh05,exact,36.00000,37.20000,1.20000,0,1,0,1,0,true
EXP-05,exp05_p01_m04_ro100_lh05,exact,37.20000,42.15000,4.95000,1,0,0,1,0,false
EXP-05,exp05_p01_m04_ro100_lh05,exact,42.15000,43.35000,1.20000,0,1,0,1,0,true
EXP-05,exp05_p01_m04_ro100_lh05,exact,43.35000,48.30000,4.95000,1,0,0,1,0,false
EXP-05,exp05_p01_m04_ro100_lh05,exact,48.30000,49.50000,1.20000,0,1,0,1,0,true
EXP-05,exp05_p01_m04_ro100_lh05,exact,49.50000,54.45000,4.95000,1,0,0,1,0,false
EXP-05,exp05_p01_m04_ro100_lh05,exact,54.45000,55.65000,1.20000,0,1,0,1,0,true
EXP-05,exp05_p01_m04_ro100_lh05,exact,55.65000,60.60000,4.95000,1,0,0,1,0,false
EXP-05,exp05_p01_m04_ro100_lh05,exact,60.60000,62.40000,1.80000,1,0,0,1,0,false
EXP-05,exp05_p01_m04_ro100_lh05,exact,62.40000,67.20000,4.80000,0,1,0,1,0,true
EXP-05,exp05_p01_m06_ro000_lh00,baseline,0,1.50,1.50,0,1,0,1,0,true
EXP-05,exp05_p01_m06_ro000_lh00,baseline,1.50,10.50,9.00,1,0,0,1,0,false
EXP-05,exp05_p01_m06_ro000_lh00,baseline,10.50,12.00,1.50,0,1,0,1,0,true
EXP-05,exp05_p01_m06_ro000_lh00,baseline,12.00,12.75,0.75,0,1,0,1,0,true
EXP-05,exp05_p01_m06_ro000_lh00,baseline,12.75,17.25,4.50,1,0,0,1,0,false
EXP-05,exp05_p01_m06_ro000_lh00,baseline,17.25,18.00,0.75,0,1,0,1,0,true
EXP-05,exp05_p01_m06_ro000_lh00,baseline,18.00,20.25,2.25,0,1,0,1,0,true
EXP-05,exp05_p01_m06_ro000_lh00,baseline,20.25,33.75,13.50,1,0,0,1,0,false
EXP-05,exp05_p01_m06_ro000_lh00,baseline,33.75,36.00,2.25,0,1,0,1,0,true
EXP-05,exp05_p01_m06_ro000_lh00,baseline,36.00,36.50,0.50,0,1,0,1,0,true
EXP-05,exp05_p01_m06_ro000_lh00,baseline,36.50,39.50,3.00,1,0,0,1,0,false
EXP-05,exp05_p01_m06_ro000_lh00,baseline,39.50,40.00,0.50,0,1,0,1,0,true
EXP-05,exp05_p01_m06_ro000_lh00,baseline,40.00,43.00,3.00,1,0,0,1,0,false
EXP-05,exp05_p01_m06_ro000_lh00,baseline,43.00,43.50,0.50,0,1,0,1,0,true
EXP-05,exp05_p01_m06_ro000_lh00,baseline,43.50,46.50,3.00,1,0,0,1,0,false
EXP-05,exp05_p01_m06_ro000_lh00,baseline,46.50,47.00,0.50,0,1,0,1,0,true
EXP-05,exp05_p01_m06_ro000_lh00,baseline,47.00,50.00,3.00,1,0,0,1,0,false
EXP-05,exp05_p01_m06_ro000_lh00,baseline,50.00,50.50,0.50,0,1,0,1,0,true
EXP-05,exp05_p01_m06_ro000_lh00,baseline,50.50,53.50,3.00,1,0,0,1,0,false
EXP-05,exp05_p01_m06_ro000_lh00,baseline,53.50,54.00,0.50,0,1,0,1,0,true
EXP-05,exp05_p01_m06_ro000_lh00,baseline,54.00,57.00,3.00,1,0,0,1,0,false
EXP-05,exp05_p01_m06_ro000_lh00,baseline,57.00,60.00,3.00,0,1,0,1,0,true
EXP-05,exp05_p01_m06_ro000_lh00,exact,0,1.50000,1.50000,0,1,0,1,0,true
EXP-05,exp05_p01_m06_ro000_lh00,exact,1.50000,10.50000,9.00000,1,0,0,1,0,false
EXP-05,exp05_p01_m06_ro000_lh00,exact,10.50000,12.00000,1.50000,0,1,0,1,0,true
EXP-05,exp05_p01_m06_ro000_lh00,exact,12.00000,12.75000,0.75000,0,1,0,1,0,true
EXP-05,exp05_p01_m06_ro000_lh00,exact,12.75000,17.25000,4.50000,1,0,0,1,0,false
EXP-05,exp05_p01_m06_ro000_lh00,exact,17.25000,18.00000,0.75000,0,1,0,1,0,true
EXP-05,exp05_p01_m06_ro000_lh00,exact,18.00000,20.25000,2.25000,0,1,0,1,0,true
EXP-05,exp05_p01_m06_ro000_lh00,exact,20.25000,33.75000,13.50000,1,0,0,1,0,false
EXP-05,exp05_p01_m06_ro000_lh00,exact,33.75000,36.00000,2.25000,0,1,0,1,0,true
EXP-05,exp05_p01_m06_ro000_lh00,exact,36.00000,36.50000,0.50000,0,1,0,1,0,true
EXP-05,exp05_p01_m06_ro000_lh00,exact,36.50000,39.50000,3.00000,1,0,0,1,0,false
EXP-05,exp05_p01_m06_ro000_lh00,exact,39.50000,40.00000,0.50000,0,1,0,1,0,true
EXP-05,exp05_p01_m06_ro000_lh00,exact,40.00000,43.00000,3.00000,1,0,0,1,0,false
EXP-05,exp05_p01_m06_ro000_lh00,exact,43.00000,43.50000,0.50000,0,1,0,1,0,true
EXP-05,exp05_p01_m06_ro000_lh00,exact,43.50000,46.50000,3.00000,1,0,0,1,0,false
EXP-05,exp05_p01_m06_ro000_lh00,exact,46.50000,47.00000,0.50000,0,1,0,1,0,true
EXP-05,exp05_p01_m06_ro000_lh00,exact,47.00000,50.00000,3.00000,1,0,0,1,0,false
EXP-05,exp05_p01_m06_ro000_lh00,exact,50.00000,50.50000,0.50000,0,1,0,1,0,true
EXP-05,exp05_p01_m06_ro000_lh00,exact,50.50000,53.50000,3.00000,1,0,0,1,0,false
EXP-05,exp05_p01_m06_ro000_lh00,exact,53.50000,54.00000,0.50000,0,1,0,1,0,true
EXP-05,exp05_p01_m06_ro000_lh00,exact,54.00000,57.00000,3.00000,1,0,0,1,0,false
EXP-05,exp05_p01_m06_ro000_lh00,exact,57.00000,60.00000,3.00000,0,1,0,1,0,true
EXP-05,exp05_p01_m06_ro050_lh00,baseline,0,1.50,1.50,0,1,0,1,0,true
EXP-05,exp05_p01_m06_ro050_lh00,baseline,1.50,10.50,9.00,1,0,0,1,0,false
EXP-05,exp05_p01_m06_ro050_lh00,baseline,10.50,12.00,1.50,0,1,0,1,0,true
EXP-05,exp05_p01_m06_ro050_lh00,baseline,12.00,12.75,0.75,0,1,0,1,0,true
EXP-05,exp05_p01_m06_ro050_lh00,baseline,12.75,17.25,4.50,1,0,0,1,0,false
EXP-05,exp05_p01_m06_ro050_lh00,baseline,17.25,18.00,0.75,0,1,0,1,0,true
EXP-05,exp05_p01_m06_ro050_lh00,baseline,18.00,20.25,2.25,0,1,0,1,0,true
EXP-05,exp05_p01_m06_ro050_lh00,baseline,20.25,33.75,13.50,1,0,0,1,0,false
EXP-05,exp05_p01_m06_ro050_lh00,baseline,33.75,36.00,2.25,0,1,0,1,0,true
EXP-05,exp05_p01_m06_ro050_lh00,baseline,36.00,36.50,0.50,0,1,0,1,0,true
EXP-05,exp05_p01_m06_ro050_lh00,baseline,36.50,40.00,3.50,1,0,0,1,0,false
EXP-05,exp05_p01_m06_ro050_lh00,baseline,40.00,40.50,0.50,0,1,0,1,0,true
EXP-05,exp05_p01_m06_ro050_lh00,baseline,40.50,44.00,3.50,1,0,0,1,0,false
EXP-05,exp05_p01_m06_ro050_lh00,baseline,44.00,44.50,0.50,0,1,0,1,0,true
EXP-05,exp05_p01_m06_ro050_lh00,baseline,44.50,48.00,3.50,1,0,0,1,0,false
EXP-05,exp05_p01_m06_ro050_lh00,baseline,48.00,48.50,0.50,0,1,0,1,0,true
EXP-05,exp05_p01_m06_ro050_lh00,baseline,48.50,52.00,3.50,1,0,0,1,0,false
EXP-05,exp05_p01_m06_ro050_lh00,baseline,52.00,52.50,0.50,0,1,0,1,0,true
EXP-05,exp05_p01_m06_ro050_lh00,baseline,52.50,56.00,3.50,1,0,0,1,0,false
EXP-05,exp05_p01_m06_ro050_lh00,baseline,56.00,56.50,0.50,0,1,0,1,0,true
EXP-05,exp05_p01_m06_ro050_lh00,baseline,56.50,60.00,3.50,1,0,0,1,0,false
EXP-05,exp05_p01_m06_ro050_lh00,baseline,60.00,63.00,3.00,1,0,0,1,0,false
EXP-05,exp05_p01_m06_ro050_lh00,baseline,63.00,66.00,3.00,0,1,0,1,0,true
EXP-05,exp05_p01_m06_ro050_lh00,exact,0,1.50000,1.50000,0,1,0,1,0,true
EXP-05,exp05_p01_m06_ro050_lh00,exact,1.50000,10.50000,9.00000,1,0,0,1,0,false
EXP-05,exp05_p01_m06_ro050_lh00,exact,10.50000,12.00000,1.50000,0,1,0,1,0,true
EXP-05,exp05_p01_m06_ro050_lh00,exact,12.00000,12.75000,0.75000,0,1,0,1,0,true
EXP-05,exp05_p01_m06_ro050_lh00,exact,12.75000,17.25000,4.50000,1,0,0,1,0,false
EXP-05,exp05_p01_m06_ro050_lh00,exact,17.25000,18.00000,0.75000,0,1,0,1,0,true
EXP-05,exp05_p01_m06_ro050_lh00,exact,18.00000,20.25000,2.25000,0,1,0,1,0,true
EXP-05,exp05_p01_m06_ro050_lh00,exact,20.25000,33.75000,13.50000,1,0,0,1,0,false
EXP-05,exp05_p01_m06_ro050_lh00,exact,33.75000,36.00000,2.25000,0,1,0,1,0,true
EXP-05,exp05_p01_m06_ro050_lh00,exact,36.00000,36.50000,0.50000,0,1,0,1,0,true
EXP-05,exp05_p01_m06_ro050_lh00,exact,36.50000,40.00000,3.50000,1,0,0,1,0,false
EXP-05,exp05_p01_m06_ro050_lh00,exact,40.00000,40.50000,0.50000,0,1,0,1,0,true
EXP-05,exp05_p01_m06_ro050_lh00,exact,40.50000,44.00000,3.50000,1,0,0,1,0,false
EXP-05,exp05_p01_m06_ro050_lh00,exact,44.00000,44.50000,0.50000,0,1,0,1,0,true
EXP-05,exp05_p01_m06_ro050_lh00,exact,44.50000,48.00000,3.50000,1,0,0,1,0,false
EXP-05,exp05_p01_m06_ro050_lh00,exact,48.00000,48.50000,0.50000,0,1,0,1,0,true
EXP-05,exp05_p01_m06_ro050_lh00,exact,48.50000,52.00000,3.50000,1,0,0,1,0,false
EXP-05,exp05_p01_m06_ro050_lh00,exact,52.00000,52.50000,0.50000,0,1,0,1,0,true
EXP-05,exp05_p01_m06_ro050_lh00,exact,52.50000,56.00000,3.50000,1,0,0,1,0,false
EXP-05,exp05_p01_m06_ro050_lh00,exact,56.00000,56.50000,0.50000,0,1,0,1,0,true
EXP-05,exp05_p01_m06_ro050_lh00,exact,56.50000,60.00000,3.50000,1,0,0,1,0,false
EXP-05,exp05_p01_m06_ro050_lh00,exact,60.00000,63.00000,3.00000,1,0,0,1,0,false
EXP-05,exp05_p01_m06_ro050_lh00,exact,63.00000,66.00000,3.00000,0,1,0,1,0,true
EXP-05,exp05_p01_m06_ro050_lh05,baseline,0,1.50,1.50,0,1,0,1,0,true
EXP-05,exp05_p01_m06_ro050_lh05,baseline,1.50,10.50,9.00,1,0,0,1,0,false
EXP-05,exp05_p01_m06_ro050_lh05,baseline,10.50,12.00,1.50,0,1,0,1,0,true
EXP-05,exp05_p01_m06_ro050_lh05,baseline,12.00,12.75,0.75,0,1,0,1,0,true
EXP-05,exp05_p01_m06_ro050_lh05,baseline,12.75,17.25,4.50,1,0,0,1,0,false
EXP-05,exp05_p01_m06_ro050_lh05,baseline,17.25,18.00,0.75,0,1,0,1,0,true
EXP-05,exp05_p01_m06_ro050_lh05,baseline,18.00,20.25,2.25,0,1,0,1,0,true
EXP-05,exp05_p01_m06_ro050_lh05,baseline,20.25,33.75,13.50,1,0,0,1,0,false
EXP-05,exp05_p01_m06_ro050_lh05,baseline,33.75,36.00,2.25,0,1,0,1,0,true
EXP-05,exp05_p01_m06_ro050_lh05,baseline,36.00,36.750,0.750,0,1,0,1,0,true
EXP-05,exp05_p01_m06_ro050_lh05,baseline,36.750,40.000,3.250,1,0,0,1,0,false
EXP-05,exp05_p01_m06_ro050_lh05,baseline,40.000,40.750,0.750,0,1,0,1,0,true
EXP-05,exp05_p01_m06_ro050_lh05,baseline,40.750,44.000,3.250,1,0,0,1,0,false
EXP-05,exp05_p01_m06_ro050_lh05,baseline,44.000,44.750,0.750,0,1,0,1,0,true
EXP-05,exp05_p01_m06_ro050_lh05,baseline,44.750,48.000,3.250,1,0,0,1,0,false
EXP-05,exp05_p01_m06_ro050_lh05,baseline,48.000,48.750,0.750,0,1,0,1,0,true
EXP-05,exp05_p01_m06_ro050_lh05,baseline,48.750,52.000,3.250,1,0,0,1,0,false
EXP-05,exp05_p01_m06_ro050_lh05,baseline,52.000,52.750,0.750,0,1,0,1,0,true
EXP-05,exp05_p01_m06_ro050_lh05,baseline,52.750,56.000,3.250,1,0,0,1,0,false
EXP-05,exp05_p01_m06_ro050_lh05,baseline,56.000,56.750,0.750,0,1,0,1,0,true
EXP-05,exp05_p01_m06_ro050_lh05,baseline,56.750,60.000,3.250,1,0,0,1,0,false
EXP-05,exp05_p01_m06_ro050_lh05,baseline,60.000,61.500,1.500,1,0,0,1,0,false
EXP-05,exp05_p01_m06_ro050_lh05,baseline,61.500,66.000,4.500,0,1,0,1,0,true
EXP-05,exp05_p01_m06_ro050_lh05,exact,0,1.50000,1.50000,0,1,0,1,0,true
EXP-05,exp05_p01_m06_ro050_lh05,exact,1.50000,10.50000,9.00000,1,0,0,1,0,false
EXP-05,exp05_p01_m06_ro050_lh05,exact,10.50000,12.00000,1.50000,0,1,0,1,0,true
EXP-05,exp05_p01_m06_ro050_lh05,exact,12.00000,12.75000,0.75000,0,1,0,1,0,true
EXP-05,exp05_p01_m06_ro050_lh05,exact,12.75000,17.25000,4.50000,1,0,0,1,0,false
EXP-05,exp05_p01_m06_ro050_lh05,exact,17.25000,18.00000,0.75000,0,1,0,1,0,true
EXP-05,exp05_p01_m06_ro050_lh05,exact,18.00000,20.25000,2.25000,0,1,0,1,0,true
EXP-05,exp05_p01_m06_ro050_lh05,exact,20.25000,33.75000,13.50000,1,0,0,1,0,false
EXP-05,exp05_p01_m06_ro050_lh05,exact,33.75000,36.00000,2.25000,0,1,0,1,0,true
EXP-05,exp05_p01_m06_ro050_lh05,exact,36.00000,36.75000,0.75000,0,1,0,1,0,true
EXP-05,exp05_p01_m06_ro050_lh05,exact,36.75000,40.00000,3.25000,1,0,0,1,0,false
EXP-05,exp05_p01_m06_ro050_lh05,exact,40.00000,40.75000,0.75000,0,1,0,1,0,true
EXP-05,exp05_p01_m06_ro050_lh05,exact,40.75000,44.00000,3.25000,1,0,0,1,0,false
EXP-05,exp05_p01_m06_ro050_lh05,exact,44.00000,44.75000,0.75000,0,1,0,1,0,true
EXP-05,exp05_p01_m06_ro050_lh05,exact,44.75000,48.00000,3.25000,1,0,0,1,0,false
EXP-05,exp05_p01_m06_ro050_lh05,exact,48.00000,48.75000,0.75000,0,1,0,1,0,true
EXP-05,exp05_p01_m06_ro050_lh05,exact,48.75000,52.00000,3.25000,1,0,0,1,0,false
EXP-05,exp05_p01_m06_ro050_lh05,exact,52.00000,52.75000,0.75000,0,1,0,1,0,true
EXP-05,exp05_p01_m06_ro050_lh05,exact,52.75000,56.00000,3.25000,1,0,0,1,0,false
EXP-05,exp05_p01_m06_ro050_lh05,exact,56.00000,56.75000,0.75000,0,1,0,1,0,true
EXP-05,exp05_p01_m06_ro050_lh05,exact,56.75000,60.00000,3.25000,1,0,0,1,0,false
EXP-05,exp05_p01_m06_ro050_lh05,exact,60.00000,61.50000,1.50000,1,0,0,1,0,false
EXP-05,exp05_p01_m06_ro050_lh05,exact,61.50000,66.00000,4.50000,0,1,0,1,0,true
EXP-05,exp05_p01_m06_ro100_lh00,baseline,0,1.50,1.50,0,1,0,1,0,true
EXP-05,exp05_p01_m06_ro100_lh00,baseline,1.50,10.50,9.00,1,0,0,1,0,false
EXP-05,exp05_p01_m06_ro100_lh00,baseline,10.50,12.00,1.50,0,1,0,1,0,true
EXP-05,exp05_p01_m06_ro100_lh00,baseline,12.00,12.75,0.75,0,1,0,1,0,true
EXP-05,exp05_p01_m06_ro100_lh00,baseline,12.75,17.25,4.50,1,0,0,1,0,false
EXP-05,exp05_p01_m06_ro100_lh00,baseline,17.25,18.00,0.75,0,1,0,1,0,true
EXP-05,exp05_p01_m06_ro100_lh00,baseline,18.00,20.25,2.25,0,1,0,1,0,true
EXP-05,exp05_p01_m06_ro100_lh00,baseline,20.25,33.75,13.50,1,0,0,1,0,false
EXP-05,exp05_p01_m06_ro100_lh00,baseline,33.75,36.00,2.25,0,1,0,1,0,true
EXP-05,exp05_p01_m06_ro100_lh00,baseline,36.00,36.50,0.50,0,1,0,1,0,true
EXP-05,exp05_p01_m06_ro100_lh00,baseline,36.50,40.50,4.00,1,0,0,1,0,false
EXP-05,exp05_p01_m06_ro100_lh00,baseline,40.50,41.00,0.50,0,1,0,1,0,true
EXP-05,exp05_p01_m06_ro100_lh00,baseline,41.00,45.00,4.00,1,0,0,1,0,false
EXP-05,exp05_p01_m06_ro100_lh00,baseline,45.00,45.50,0.50,0,1,0,1,0,true
EXP-05,exp05_p01_m06_ro100_lh00,baseline,45.50,49.50,4.00,1,0,0,1,0,false
EXP-05,exp05_p01_m06_ro100_lh00,baseline,49.50,50.00,0.50,0,1,0,1,0,true
EXP-05,exp05_p01_m06_ro100_lh00,baseline,50.00,54.00,4.00,1,0,0,1,0,false
EXP-05,exp05_p01_m06_ro100_lh00,baseline,54.00,54.50,0.50,0,1,0,1,0,true
EXP-05,exp05_p01_m06_ro100_lh00,baseline,54.50,58.50,4.00,1,0,0,1,0,false
EXP-05,exp05_p01_m06_ro100_lh00,baseline,58.50,59.00,0.50,0,1,0,1,0,true
EXP-05,exp05_p01_m06_ro100_lh00,baseline,59.00,63.00,4.00,1,0,0,1,0,false
EXP-05,exp05_p01_m06_ro100_lh00,baseline,63.00,69.00,6.00,1,0,0,1,0,false
EXP-05,exp05_p01_m06_ro100_lh00,baseline,69.00,72.00,3.00,0,1,0,1,0,true
EXP-05,exp05_p01_m06_ro100_lh00,exact,0,1.50000,1.50000,0,1,0,1,0,true
EXP-05,exp05_p01_m06_ro100_lh00,exact,1.50000,10.50000,9.00000,1,0,0,1,0,false
EXP-05,exp05_p01_m06_ro100_lh00,exact,10.50000,12.00000,1.50000,0,1,0,1,0,true
EXP-05,exp05_p01_m06_ro100_lh00,exact,12.00000,12.75000,0.75000,0,1,0,1,0,true
EXP-05,exp05_p01_m06_ro100_lh00,exact,12.75000,17.25000,4.50000,1,0,0,1,0,false
EXP-05,exp05_p01_m06_ro100_lh00,exact,17.25000,18.00000,0.75000,0,1,0,1,0,true
EXP-05,exp05_p01_m06_ro100_lh00,exact,18.00000,20.25000,2.25000,0,1,0,1,0,true
EXP-05,exp05_p01_m06_ro100_lh00,exact,20.25000,33.75000,13.50000,1,0,0,1,0,false
EXP-05,exp05_p01_m06_ro100_lh00,exact,33.75000,36.00000,2.25000,0,1,0,1,0,true
EXP-05,exp05_p01_m06_ro100_lh00,exact,36.00000,36.50000,0.50000,0,1,0,1,0,true
EXP-05,exp05_p01_m06_ro100_lh00,exact,36.50000,40.50000,4.00000,1,0,0,1,0,false
EXP-05,exp05_p01_m06_ro100_lh00,exact,40.50000,41.00000,0.50000,0,1,0,1,0,true
EXP-05,exp05_p01_m06_ro100_lh00,exact,41.00000,45.00000,4.00000,1,0,0,1,0,false
EXP-05,exp05_p01_m06_ro100_lh00,exact,45.00000,45.50000,0.50000,0,1,0,1,0,true
EXP-05,exp05_p01_m06_ro100_lh00,exact,45.50000,49.50000,4.00000,1,0,0,1,0,false
EXP-05,exp05_p01_m06_ro100_lh00,exact,49.50000,50.00000,0.50000,0,1,0,1,0,true
EXP-05,exp05_p01_m06_ro100_lh00,exact,50.00000,54.00000,4.00000,1,0,0,1,0,false
EXP-05,exp05_p01_m06_ro100_lh00,exact,54.00000,54.50000,0.50000,0,1,0,1,0,true
EXP-05,exp05_p01_m06_ro100_lh00,exact,54.50000,58.50000,4.00000,1,0,0,1,0,false
EXP-05,exp05_p01_m06_ro100_lh00,exact,58.50000,59.00000,0.50000,0,1,0,1,0,true
EXP-05,exp05_p01_m06_ro100_lh00,exact,59.00000,63.00000,4.00000,1,0,0,1,0,false
EXP-05,exp05_p01_m06_ro100_lh00,exact,63.00000,69.00000,6.00000,1,0,0,1,0,false
EXP-05,exp05_p01_m06_ro100_lh00,exact,69.00000,72.00000,3.00000,0,1,0,1,0,true
EXP-05,exp05_p01_m06_ro100_lh05,baseline,0,1.50,1.50,0,1,0,1,0,true
EXP-05,exp05_p01_m06_ro100_lh05,baseline,1.50,10.50,9.00,1,0,0,1,0,false
EXP-05,exp05_p01_m06_ro100_lh05,baseline,10.50,12.00,1.50,0,1,0,1,0,true
EXP-05,exp05_p01_m06_ro100_lh05,baseline,12.00,12.75,0.75,0,1,0,1,0,true
EXP-05,exp05_p01_m06_ro100_lh05,baseline,12.75,17.25,4.50,1,0,0,1,0,false
EXP-05,exp05_p01_m06_ro100_lh05,baseline,17.25,18.00,0.75,0,1,0,1,0,true
EXP-05,exp05_p01_m06_ro100_lh05,baseline,18.00,20.25,2.25,0,1,0,1,0,true
EXP-05,exp05_p01_m06_ro100_lh05,baseline,20.25,33.75,13.50,1,0,0,1,0,false
EXP-05,exp05_p01_m06_ro100_lh05,baseline,33.75,36.00,2.25,0,1,0,1,0,true
EXP-05,exp05_p01_m06_ro100_lh05,baseline,36.00,37.000,1.000,0,1,0,1,0,true
EXP-05,exp05_p01_m06_ro100_lh05,baseline,37.000,40.500,3.500,1,0,0,1,0,false
EXP-05,exp05_p01_m06_ro100_lh05,baseline,40.500,41.500,1.000,0,1,0,1,0,true
EXP-05,exp05_p01_m06_ro100_lh05,baseline,41.500,45.000,3.500,1,0,0,1,0,false
EXP-05,exp05_p01_m06_ro100_lh05,baseline,45.000,46.000,1.000,0,1,0,1,0,true
EXP-05,exp05_p01_m06_ro100_lh05,baseline,46.000,49.500,3.500,1,0,0,1,0,false
EXP-05,exp05_p01_m06_ro100_lh05,baseline,49.500,50.500,1.000,0,1,0,1,0,true
EXP-05,exp05_p01_m06_ro100_lh05,baseline,50.500,54.000,3.500,1,0,0,1,0,false
EXP-05,exp05_p01_m06_ro100_lh05,baseline,54.000,55.000,1.000,0,1,0,1,0,true
EXP-05,exp05_p01_m06_ro100_lh05,baseline,55.000,58.500,3.500,1,0,0,1,0,false
EXP-05,exp05_p01_m06_ro100_lh05,baseline,58.500,59.500,1.000,0,1,0,1,0,true
EXP-05,exp05_p01_m06_ro100_lh05,baseline,59.500,63.000,3.500,1,0,0,1,0,false
EXP-05,exp05_p01_m06_ro100_lh05,baseline,63.000,66.000,3.000,1,0,0,1,0,false
EXP-05,exp05_p01_m06_ro100_lh05,baseline,66.000,72.000,6.000,0,1,0,1,0,true
EXP-05,exp05_p01_m06_ro100_lh05,exact,0,1.50000,1.50000,0,1,0,1,0,true
EXP-05,exp05_p01_m06_ro100_lh05,exact,1.50000,10.50000,9.00000,1,0,0,1,0,false
EXP-05,exp05_p01_m06_ro100_lh05,exact,10.50000,12.00000,1.50000,0,1,0,1,0,true
EXP-05,exp05_p01_m06_ro100_lh05,exact,12.00000,12.75000,0.75000,0,1,0,1,0,true
EXP-05,exp05_p01_m06_ro100_lh05,exact,12.75000,17.25000,4.50000,1,0,0,1,0,false
EXP-05,exp05_p01_m06_ro100_lh05,exact,17.25000,18.00000,0.75000,0,1,0,1,0,true
EXP-05,exp05_p01_m06_ro100_lh05,exact,18.00000,20.25000,2.25000,0,1,0,1,0,true
EXP-05,exp05_p01_m06_ro100_lh05,exact,20.25000,33.75000,13.50000,1,0,0,1,0,false
EXP-05,exp05_p01_m06_ro100_lh05,exact,33.75000,36.00000,2.25000,0,1,0,1,0,true
EXP-05,exp05_p01_m06_ro100_lh05,exact,36.00000,37.00000,1.00000,0,1,0,1,0,true
EXP-05,exp05_p01_m06_ro100_lh05,exact,37.00000,40.50000,3.50000,1,0,0,1,0,false
EXP-05,exp05_p01_m06_ro100_lh05,exact,40.50000,41.50000,1.00000,0,1,0,1,0,true
EXP-05,exp05_p01_m06_ro100_lh05,exact,41.50000,45.00000,3.50000,1,0,0,1,0,false
EXP-05,exp05_p01_m06_ro100_lh05,exact,45.00000,46.00000,1.00000,0,1,0,1,0,true
EXP-05,exp05_p01_m06_ro100_lh05,exact,46.00000,49.50000,3.50000,1,0,0,1,0,false
EXP-05,exp05_p01_m06_ro100_lh05,exact,49.50000,50.50000,1.00000,0,1,0,1,0,true
EXP-05,exp05_p01_m06_ro100_lh05,exact,50.50000,54.00000,3.50000,1,0,0,1,0,false
EXP-05,exp05_p01_m06_ro100_lh05,exact,54.00000,55.00000,1.00000,0,1,0,1,0,true
EXP-05,exp05_p01_m06_ro100_lh05,exact,55.00000,58.50000,3.50000,1,0,0,1,0,false
EXP-05,exp05_p01_m06_ro100_lh05,exact,58.50000,59.50000,1.00000,0,1,0,1,0,true
EXP-05,exp05_p01_m06_ro100_lh05,exact,59.50000,63.00000,3.50000,1,0,0,1,0,false
EXP-05,exp05_p01_m06_ro100_lh05,exact,63.00000,66.00000,3.00000,1,0,0,1,0,false
EXP-05,exp05_p01_m06_ro100_lh05,exact,66.00000,72.00000,6.00000,0,1,0,1,0,true
EXP-05,exp05_p01_m08_ro000_lh00,baseline,0,1.50,1.50,0,1,0,1,0,true
EXP-05,exp05_p01_m08_ro000_lh00,baseline,1.50,10.50,9.00,1,0,0,1,0,false
EXP-05,exp05_p01_m08_ro000_lh00,baseline,10.50,12.00,1.50,0,1,0,1,0,true
EXP-05,exp05_p01_m08_ro000_lh00,baseline,12.00,12.75,0.75,0,1,0,1,0,true
EXP-05,exp05_p01_m08_ro000_lh00,baseline,12.75,17.25,4.50,1,0,0,1,0,false
EXP-05,exp05_p01_m08_ro000_lh00,baseline,17.25,18.00,0.75,0,1,0,1,0,true
EXP-05,exp05_p01_m08_ro000_lh00,baseline,18.00,20.25,2.25,0,1,0,1,0,true
EXP-05,exp05_p01_m08_ro000_lh00,baseline,20.25,33.75,13.50,1,0,0,1,0,false
EXP-05,exp05_p01_m08_ro000_lh00,baseline,33.75,36.00,2.25,0,1,0,1,0,true
EXP-05,exp05_p01_m08_ro000_lh00,baseline,36.00,36.375,0.375,0,1,0,1,0,true
EXP-05,exp05_p01_m08_ro000_lh00,baseline,36.375,38.625,2.250,1,0,0,1,0,false
EXP-05,exp05_p01_m08_ro000_lh00,baseline,38.625,39.000,0.375,0,1,0,1,0,true
EXP-05,exp05_p01_m08_ro000_lh00,baseline,39.000,41.250,2.250,1,0,0,1,0,false
EXP-05,exp05_p01_m08_ro000_lh00,baseline,41.250,41.625,0.375,0,1,0,1,0,true
EXP-05,exp05_p01_m08_ro000_lh00,baseline,41.625,43.875,2.250,1,0,0,1,0,false
EXP-05,exp05_p01_m08_ro000_lh00,baseline,43.875,44.250,0.375,0,1,0,1,0,true
EXP-05,exp05_p01_m08_ro000_lh00,baseline,44.250,46.500,2.250,1,0,0,1,0,false
EXP-05,exp05_p01_m08_ro000_lh00,baseline,46.500,46.875,0.375,0,1,0,1,0,true
EXP-05,exp05_p01_m08_ro000_lh00,baseline,46.875,49.125,2.250,1,0,0,1,0,false
EXP-05,exp05_p01_m08_ro000_lh00,baseline,49.125,49.500,0.375,0,1,0,1,0,true
EXP-05,exp05_p01_m08_ro000_lh00,baseline,49.500,51.750,2.250,1,0,0,1,0,false
EXP-05,exp05_p01_m08_ro000_lh00,baseline,51.750,52.125,0.375,0,1,0,1,0,true
EXP-05,exp05_p01_m08_ro000_lh00,baseline,52.125,54.375,2.250,1,0,0,1,0,false
EXP-05,exp05_p01_m08_ro000_lh00,baseline,54.375,54.750,0.375,0,1,0,1,0,true
EXP-05,exp05_p01_m08_ro000_lh00,baseline,54.750,57.000,2.250,1,0,0,1,0,false
EXP-05,exp05_p01_m08_ro000_lh00,baseline,57.000,60.000,3.000,0,1,0,1,0,true
EXP-05,exp05_p01_m08_ro000_lh00,exact,0,1.50000,1.50000,0,1,0,1,0,true
EXP-05,exp05_p01_m08_ro000_lh00,exact,1.50000,10.50000,9.00000,1,0,0,1,0,false
EXP-05,exp05_p01_m08_ro000_lh00,exact,10.50000,12.00000,1.50000,0,1,0,1,0,true
EXP-05,exp05_p01_m08_ro000_lh00,exact,12.00000,12.75000,0.75000,0,1,0,1,0,true
EXP-05,exp05_p01_m08_ro000_lh00,exact,12.75000,17.25000,4.50000,1,0,0,1,0,false
EXP-05,exp05_p01_m08_ro000_lh00,exact,17.25000,18.00000,0.75000,0,1,0,1,0,true
EXP-05,exp05_p01_m08_ro000_lh00,exact,18.00000,20.25000,2.25000,0,1,0,1,0,true
EXP-05,exp05_p01_m08_ro000_lh00,exact,20.25000,33.75000,13.50000,1,0,0,1,0,false
EXP-05,exp05_p01_m08_ro000_lh00,exact,33.75000,36.00000,2.25000,0,1,0,1,0,true
EXP-05,exp05_p01_m08_ro000_lh00,exact,36.00000,36.37500,0.37500,0,1,0,1,0,true
EXP-05,exp05_p01_m08_ro000_lh00,exact,36.37500,38.62500,2.25000,1,0,0,1,0,false
EXP-05,exp05_p01_m08_ro000_lh00,exact,38.62500,39.00000,0.37500,0,1,0,1,0,true
EXP-05,exp05_p01_m08_ro000_lh00,exact,39.00000,41.25000,2.25000,1,0,0,1,0,false
EXP-05,exp05_p01_m08_ro000_lh00,exact,41.25000,41.62500,0.37500,0,1,0,1,0,true
EXP-05,exp05_p01_m08_ro000_lh00,exact,41.62500,43.87500,2.25000,1,0,0,1,0,false
EXP-05,exp05_p01_m08_ro000_lh00,exact,43.87500,44.25000,0.37500,0,1,0,1,0,true
EXP-05,exp05_p01_m08_ro000_lh00,exact,44.25000,46.50000,2.25000,1,0,0,1,0,false
EXP-05,exp05_p01_m08_ro000_lh00,exact,46.50000,46.87500,0.37500,0,1,0,1,0,true
EXP-05,exp05_p01_m08_ro000_lh00,exact,46.87500,49.12500,2.25000,1,0,0,1,0,false
EXP-05,exp05_p01_m08_ro000_lh00,exact,49.12500,49.50000,0.37500,0,1,0,1,0,true
EXP-05,exp05_p01_m08_ro000_lh00,exact,49.50000,51.75000,2.25000,1,0,0,1,0,false
EXP-05,exp05_p01_m08_ro000_lh00,exact,51.75000,52.12500,0.37500,0,1,0,1,0,true
EXP-05,exp05_p01_m08_ro000_lh00,exact,52.12500,54.37500,2.25000,1,0,0,1,0,false
EXP-05,exp05_p01_m08_ro000_lh00,exact,54.37500,54.75000,0.37500,0,1,0,1,0,true
EXP-05,exp05_p01_m08_ro000_lh00,exact,54.75000,57.00000,2.25000,1,0,0,1,0,false
EXP-05,exp05_p01_m08_ro000_lh00,exact,57.00000,60.00000,3.00000,0,1,0,1,0,true
EXP-05,exp05_p01_m08_ro050_lh00,baseline,0,1.50,1.50,0,1,0,1,0,true
EXP-05,exp05_p01_m08_ro050_lh00,baseline,1.50,10.50,9.00,1,0,0,1,0,false
EXP-05,exp05_p01_m08_ro050_lh00,baseline,10.50,12.00,1.50,0,1,0,1,0,true
EXP-05,exp05_p01_m08_ro050_lh00,baseline,12.00,12.75,0.75,0,1,0,1,0,true
EXP-05,exp05_p01_m08_ro050_lh00,baseline,12.75,17.25,4.50,1,0,0,1,0,false
EXP-05,exp05_p01_m08_ro050_lh00,baseline,17.25,18.00,0.75,0,1,0,1,0,true
EXP-05,exp05_p01_m08_ro050_lh00,baseline,18.00,20.25,2.25,0,1,0,1,0,true
EXP-05,exp05_p01_m08_ro050_lh00,baseline,20.25,33.75,13.50,1,0,0,1,0,false
EXP-05,exp05_p01_m08_ro050_lh00,baseline,33.75,36.00,2.25,0,1,0,1,0,true
EXP-05,exp05_p01_m08_ro050_lh00,baseline,36.00,36.375,0.375,0,1,0,1,0,true
EXP-05,exp05_p01_m08_ro050_lh00,baseline,36.375,39.150,2.775,1,0,0,1,0,false
EXP-05,exp05_p01_m08_ro050_lh00,baseline,39.150,39.525,0.375,0,1,0,1,0,true
EXP-05,exp05_p01_m08_ro050_lh00,baseline,39.525,42.300,2.775,1,0,0,1,0,false
EXP-05,exp05_p01_m08_ro050_lh00,baseline,42.300,42.675,0.375,0,1,0,1,0,true
EXP-05,exp05_p01_m08_ro050_lh00,baseline,42.675,45.450,2.775,1,0,0,1,0,false
EXP-05,exp05_p01_m08_ro050_lh00,baseline,45.450,45.825,0.375,0,1,0,1,0,true
EXP-05,exp05_p01_m08_ro050_lh00,baseline,45.825,48.600,2.775,1,0,0,1,0,false
EXP-05,exp05_p01_m08_ro050_lh00,baseline,48.600,48.975,0.375,0,1,0,1,0,true
EXP-05,exp05_p01_m08_ro050_lh00,baseline,48.975,51.750,2.775,1,0,0,1,0,false
EXP-05,exp05_p01_m08_ro050_lh00,baseline,51.750,52.125,0.375,0,1,0,1,0,true
EXP-05,exp05_p01_m08_ro050_lh00,baseline,52.125,54.900,2.775,1,0,0,1,0,false
EXP-05,exp05_p01_m08_ro050_lh00,baseline,54.900,55.275,0.375,0,1,0,1,0,true
EXP-05,exp05_p01_m08_ro050_lh00,baseline,55.275,58.050,2.775,1,0,0,1,0,false
EXP-05,exp05_p01_m08_ro050_lh00,baseline,58.050,58.425,0.375,0,1,0,1,0,true
EXP-05,exp05_p01_m08_ro050_lh00,baseline,58.425,61.200,2.775,1,0,0,1,0,false
EXP-05,exp05_p01_m08_ro050_lh00,baseline,61.200,65.400,4.200,1,0,0,1,0,false
EXP-05,exp05_p01_m08_ro050_lh00,baseline,65.400,68.400,3.000,0,1,0,1,0,true
EXP-05,exp05_p01_m08_ro050_lh00,exact,0,1.50000,1.50000,0,1,0,1,0,true
EXP-05,exp05_p01_m08_ro050_lh00,exact,1.50000,10.50000,9.00000,1,0,0,1,0,false
EXP-05,exp05_p01_m08_ro050_lh00,exact,10.50000,12.00000,1.50000,0,1,0,1,0,true
EXP-05,exp05_p01_m08_ro050_lh00,exact,12.00000,12.75000,0.75000,0,1,0,1,0,true
EXP-05,exp05_p01_m08_ro050_lh00,exact,12.75000,17.25000,4.50000,1,0,0,1,0,false
EXP-05,exp05_p01_m08_ro050_lh00,exact,17.25000,18.00000,0.75000,0,1,0,1,0,true
EXP-05,exp05_p01_m08_ro050_lh00,exact,18.00000,20.25000,2.25000,0,1,0,1,0,true
EXP-05,exp05_p01_m08_ro050_lh00,exact,20.25000,33.75000,13.50000,1,0,0,1,0,false
EXP-05,exp05_p01_m08_ro050_lh00,exact,33.75000,36.00000,2.25000,0,1,0,1,0,true
EXP-05,exp05_p01_m08_ro050_lh00,exact,36.00000,36.37500,0.37500,0,1,0,1,0,true
EXP-05,exp05_p01_m08_ro050_lh00,exact,36.37500,39.15000,2.77500,1,0,0,1,0,false
EXP-05,exp05_p01_m08_ro050_lh00,exact,39.15000,39.52500,0.37500,0,1,0,1,0,true
EXP-05,exp05_p01_m08_ro050_lh00,exact,39.52500,42.30000,2.77500,1,0,0,1,0,false
EXP-05,exp05_p01_m08_ro050_lh00,exact,42.30000,42.67500,0.37500,0,1,0,1,0,true
EXP-05,exp05_p01_m08_ro050_lh00,exact,42.67500,45.45000,2.77500,1,0,0,1,0,false
EXP-05,exp05_p01_m08_ro050_lh00,exact,45.45000,45.82500,0.37500,0,1,0,1,0,true
EXP-05,exp05_p01_m08_ro050_lh00,exact,45.82500,48.60000,2.77500,1,0,0,1,0,false
EXP-05,exp05_p01_m08_ro050_lh00,exact,48.60000,48.97500,0.37500,0,1,0,1,0,true
EXP-05,exp05_p01_m08_ro050_lh00,exact,48.97500,51.75000,2.77500,1,0,0,1,0,false
EXP-05,exp05_p01_m08_ro050_lh00,exact,51.75000,52.12500,0.37500,0,1,0,1,0,true
EXP-05,exp05_p01_m08_ro050_lh00,exact,52.12500,54.90000,2.77500,1,0,0,1,0,false
EXP-05,exp05_p01_m08_ro050_lh00,exact,54.90000,55.27500,0.37500,0,1,0,1,0,true
EXP-05,exp05_p01_m08_ro050_lh00,exact,55.27500,58.05000,2.77500,1,0,0,1,0,false
EXP-05,exp05_p01_m08_ro050_lh00,exact,58.05000,58.42500,0.37500,0,1,0,1,0,true
EXP-05,exp05_p01_m08_ro050_lh00,exact,58.42500,61.20000,2.77500,1,0,0,1,0,false
EXP-05,exp05_p01_m08_ro050_lh00,exact,61.20000,65.40000,4.20000,1,0,0,1,0,false
EXP-05,exp05_p01_m08_ro050_lh00,exact,65.40000,68.40000,3.00000,0,1,0,1,0,true
EXP-05,exp05_p01_m08_ro050_lh05,baseline,0,1.50,1.50,0,1,0,1,0,true
EXP-05,exp05_p01_m08_ro050_lh05,baseline,1.50,10.50,9.00,1,0,0,1,0,false
EXP-05,exp05_p01_m08_ro050_lh05,baseline,10.50,12.00,1.50,0,1,0,1,0,true
EXP-05,exp05_p01_m08_ro050_lh05,baseline,12.00,12.75,0.75,0,1,0,1,0,true
EXP-05,exp05_p01_m08_ro050_lh05,baseline,12.75,17.25,4.50,1,0,0,1,0,false
EXP-05,exp05_p01_m08_ro050_lh05,baseline,17.25,18.00,0.75,0,1,0,1,0,true
EXP-05,exp05_p01_m08_ro050_lh05,baseline,18.00,20.25,2.25,0,1,0,1,0,true
EXP-05,exp05_p01_m08_ro050_lh05,baseline,20.25,33.75,13.50,1,0,0,1,0,false
EXP-05,exp05_p01_m08_ro050_lh05,baseline,33.75,36.00,2.25,0,1,0,1,0,true
EXP-05,exp05_p01_m08_ro050_lh05,baseline,36.00,36.6375,0.6375,0,1,0,1,0,true
EXP-05,exp05_p01_m08_ro050_lh05,baseline,36.6375,39.1500,2.5125,1,0,0,1,0,false
EXP-05,exp05_p01_m08_ro050_lh05,baseline,39.1500,39.7875,0.6375,0,1,0,1,0,true
EXP-05,exp05_p01_m08_ro050_lh05,baseline,39.7875,42.3000,2.5125,1,0,0,1,0,false
EXP-05,exp05_p01_m08_ro050_lh05,baseline,42.3000,42.9375,0.6375,0,1,0,1,0,true
EXP-05,exp05_p01_m08_ro050_lh05,baseline,42.9375,45.4500,2.5125,1,0,0,1,0,false
EXP-05,exp05_p01_m08_ro050_lh05,baseline,45.4500,46.0875,0.6375,0,1,0,1,0,true
EXP-05,exp05_p01_m08_ro050_lh05,baseline,46.0875,48.6000,2.5125,1,0,0,1,0,false
EXP-05,exp05_p01_m08_ro050_lh05,baseline,48.6000,49.2375,0.6375,0,1,0,1,0,true
EXP-05,exp05_p01_m08_ro050_lh05,baseline,49.2375,51.7500,2.5125,1,0,0,1,0,false
EXP-05,exp05_p01_m08_ro050_lh05,baseline,51.7500,52.3875,0.6375,0,1,0,1,0,true
EXP-05,exp05_p01_m08_ro050_lh05,baseline,52.3875,54.9000,2.5125,1,0,0,1,0,false
EXP-05,exp05_p01_m08_ro050_lh05,baseline,54.9000,55.5375,0.6375,0,1,0,1,0,true
EXP-05,exp05_p01_m08_ro050_lh05,baseline,55.5375,58.0500,2.5125,1,0,0,1,0,false
EXP-05,exp05_p01_m08_ro050_lh05,baseline,58.0500,58.6875,0.6375,0,1,0,1,0,true
EXP-05,exp05_p01_m08_ro050_lh05,baseline,58.6875,61.2000,2.5125,1,0,0,1,0,false
EXP-05,exp05_p01_m08_ro050_lh05,baseline,61.2000,63.3000,2.1000,1,0,0,1,0,false
EXP-05,exp05_p01_m08_ro050_lh05,baseline,63.3000,68.4000,5.1000,0,1,0,1,0,true
EXP-05,exp05_p01_m08_ro050_lh05,exact,0,1.50000,1.50000,0,1,0,1,0,true
EXP-05,exp05_p01_m08_ro050_lh05,exact,1.50000,10.50000,9.00000,1,0,0,1,0,false
EXP-05,exp05_p01_m08_ro050_lh05,exact,10.50000,12.00000,1.50000,0,1,0,1,0,true
EXP-05,exp05_p01_m08_ro050_lh05,exact,12.00000,12.75000,0.75000,0,1,0,1,0,true
EXP-05,exp05_p01_m08_ro050_lh05,exact,12.75000,17.25000,4.50000,1,0,0,1,0,false
EXP-05,exp05_p01_m08_ro050_lh05,exact,17.25000,18.00000,0.75000,0,1,0,1,0,true
EXP-05,exp05_p01_m08_ro050_lh05,exact,18.00000,20.25000,2.25000,0,1,0,1,0,true
EXP-05,exp05_p01_m08_ro050_lh05,exact,20.25000,33.75000,13.50000,1,0,0,1,0,false
EXP-05,exp05_p01_m08_ro050_lh05,exact,33.75000,36.00000,2.25000,0,1,0,1,0,true
EXP-05,exp05_p01_m08_ro050_lh05,exact,36.00000,36.63750,0.63750,0,1,0,1,0,true
EXP-05,exp05_p01_m08_ro050_lh05,exact,36.63750,39.15000,2.51250,1,0,0,1,0,false
EXP-05,exp05_p01_m08_ro050_lh05,exact,39.15000,39.78750,0.63750,0,1,0,1,0,true
EXP-05,exp05_p01_m08_ro050_lh05,exact,39.78750,42.30000,2.51250,1,0,0,1,0,false
EXP-05,exp05_p01_m08_ro050_lh05,exact,42.30000,42.93750,0.63750,0,1,0,1,0,true
EXP-05,exp05_p01_m08_ro050_lh05,exact,42.93750,45.45000,2.51250,1,0,0,1,0,false
EXP-05,exp05_p01_m08_ro050_lh05,exact,45.45000,46.08750,0.63750,0,1,0,1,0,true
EXP-05,exp05_p01_m08_ro050_lh05,exact,46.08750,48.60000,2.51250,1,0,0,1,0,false
EXP-05,exp05_p01_m08_ro050_lh05,exact,48.60000,49.23750,0.63750,0,1,0,1,0,true
EXP-05,exp05_p01_m08_ro050_lh05,exact,49.23750,51.75000,2.51250,1,0,0,1,0,false
EXP-05,exp05_p01_m08_ro050_lh05,exact,51.75000,52.38750,0.63750,0,1,0,1,0,true
EXP-05,exp05_p01_m08_ro050_lh05,exact,52.38750,54.90000,2.51250,1,0,0,1,0,false
EXP-05,exp05_p01_m08_ro050_lh05,exact,54.90000,55.53750,0.63750,0,1,0,1,0,true
EXP-05,exp05_p01_m08_ro050_lh05,exact,55.53750,58.05000,2.51250,1,0,0,1,0,false
EXP-05,exp05_p01_m08_ro050_lh05,exact,58.05000,58.68750,0.63750,0,1,0,1,0,true
EXP-05,exp05_p01_m08_ro050_lh05,exact,58.68750,61.20000,2.51250,1,0,0,1,0,false
EXP-05,exp05_p01_m08_ro050_lh05,exact,61.20000,63.30000,2.10000,1,0,0,1,0,false
EXP-05,exp05_p01_m08_ro050_lh05,exact,63.30000,68.40000,5.10000,0,1,0,1,0,true
EXP-05,exp05_p01_m08_ro100_lh00,baseline,0,1.50,1.50,0,1,0,1,0,true
EXP-05,exp05_p01_m08_ro100_lh00,baseline,1.50,10.50,9.00,1,0,0,1,0,false
EXP-05,exp05_p01_m08_ro100_lh00,baseline,10.50,12.00,1.50,0,1,0,1,0,true
EXP-05,exp05_p01_m08_ro100_lh00,baseline,12.00,12.75,0.75,0,1,0,1,0,true
EXP-05,exp05_p01_m08_ro100_lh00,baseline,12.75,17.25,4.50,1,0,0,1,0,false
EXP-05,exp05_p01_m08_ro100_lh00,baseline,17.25,18.00,0.75,0,1,0,1,0,true
EXP-05,exp05_p01_m08_ro100_lh00,baseline,18.00,20.25,2.25,0,1,0,1,0,true
EXP-05,exp05_p01_m08_ro100_lh00,baseline,20.25,33.75,13.50,1,0,0,1,0,false
EXP-05,exp05_p01_m08_ro100_lh00,baseline,33.75,36.00,2.25,0,1,0,1,0,true
EXP-05,exp05_p01_m08_ro100_lh00,baseline,36.00,36.375,0.375,0,1,0,1,0,true
EXP-05,exp05_p01_m08_ro100_lh00,baseline,36.375,39.675,3.300,1,0,0,1,0,false
EXP-05,exp05_p01_m08_ro100_lh00,baseline,39.675,40.050,0.375,0,1,0,1,0,true
EXP-05,exp05_p01_m08_ro100_lh00,baseline,40.050,43.350,3.300,1,0,0,1,0,false
EXP-05,exp05_p01_m08_ro100_lh00,baseline,43.350,43.725,0.375,0,1,0,1,0,true
EXP-05,exp05_p01_m08_ro100_lh00,baseline,43.725,47.025,3.300,1,0,0,1,0,false
EXP-05,exp05_p01_m08_ro100_lh00,baseline,47.025,47.400,0.375,0,1,0,1,0,true
EXP-05,exp05_p01_m08_ro100_lh00,baseline,47.400,50.700,3.300,1,0,0,1,0,false
EXP-05,exp05_p01_m08_ro100_lh00,baseline,50.700,51.075,0.375,0,1,0,1,0,true
EXP-05,exp05_p01_m08_ro100_lh00,baseline,51.075,54.375,3.300,1,0,0,1,0,false
EXP-05,exp05_p01_m08_ro100_lh00,baseline,54.375,54.750,0.375,0,1,0,1,0,true
EXP-05,exp05_p01_m08_ro100_lh00,baseline,54.750,58.050,3.300,1,0,0,1,0,false
EXP-05,exp05_p01_m08_ro100_lh00,baseline,58.050,58.425,0.375,0,1,0,1,0,true
EXP-05,exp05_p01_m08_ro100_lh00,baseline,58.425,61.725,3.300,1,0,0,1,0,false
EXP-05,exp05_p01_m08_ro100_lh00,baseline,61.725,62.100,0.375,0,1,0,1,0,true
EXP-05,exp05_p01_m08_ro100_lh00,baseline,62.100,65.400,3.300,1,0,0,1,0,false
EXP-05,exp05_p01_m08_ro100_lh00,baseline,65.400,73.800,8.400,1,0,0,1,0,false
EXP-05,exp05_p01_m08_ro100_lh00,baseline,73.800,76.800,3.000,0,1,0,1,0,true
EXP-05,exp05_p01_m08_ro100_lh00,exact,0,1.50000,1.50000,0,1,0,1,0,true
EXP-05,exp05_p01_m08_ro100_lh00,exact,1.50000,10.50000,9.00000,1,0,0,1,0,false
EXP-05,exp05_p01_m08_ro100_lh00,exact,10.50000,12.00000,1.50000,0,1,0,1,0,true
EXP-05,exp05_p01_m08_ro100_lh00,exact,12.00000,12.75000,0.75000,0,1,0,1,0,true
EXP-05,exp05_p01_m08_ro100_lh00,exact,12.75000,17.25000,4.50000,1,0,0,1,0,false
EXP-05,exp05_p01_m08_ro100_lh00,exact,17.25000,18.00000,0.75000,0,1,0,1,0,true
EXP-05,exp05_p01_m08_ro100_lh00,exact,18.00000,20.25000,2.25000,0,1,0,1,0,true
EXP-05,exp05_p01_m08_ro100_lh00,exact,20.25000,33.75000,13.50000,1,0,0,1,0,false
EXP-05,exp05_p01_m08_ro100_lh00,exact,33.75000,36.00000,2.25000,0,1,0,1,0,true
EXP-05,exp05_p01_m08_ro100_lh00,exact,36.00000,36.37500,0.37500,0,1,0,1,0,true
EXP-05,exp05_p01_m08_ro100_lh00,exact,36.37500,39.67500,3.30000,1,0,0,1,0,false
EXP-05,exp05_p01_m08_ro100_lh00,exact,39.67500,40.05000,0.37500,0,1,0,1,0,true
EXP-05,exp05_p01_m08_ro100_lh00,exact,40.05000,43.35000,3.30000,1,0,0,1,0,false
EXP-05,exp05_p01_m08_ro100_lh00,exact,43.35000,43.72500,0.37500,0,1,0,1,0,true
EXP-05,exp05_p01_m08_ro100_lh00,exact,43.72500,47.02500,3.30000,1,0,0,1,0,false
EXP-05,exp05_p01_m08_ro100_lh00,exact,47.02500,47.40000,0.37500,0,1,0,1,0,true
EXP-05,exp05_p01_m08_ro100_lh00,exact,47.40000,50.70000,3.30000,1,0,0,1,0,false
EXP-05,exp05_p01_m08_ro100_lh00,exact,50.70000,51.07500,0.37500,0,1,0,1,0,true
EXP-05,exp05_p01_m08_ro100_lh00,exact,51.07500,54.37500,3.30000,1,0,0,1,0,false
EXP-05,exp05_p01_m08_ro100_lh00,exact,54.37500,54.75000,0.37500,0,1,0,1,0,true
EXP-05,exp05_p01_m08_ro100_lh00,exact,54.75000,58.05000,3.30000,1,0,0,1,0,false
EXP-05,exp05_p01_m08_ro100_lh00,exact,58.05000,58.42500,0.37500,0,1,0,1,0,true
EXP-05,exp05_p01_m08_ro100_lh00,exact,58.42500,61.72500,3.30000,1,0,0,1,0,false
EXP-05,exp05_p01_m08_ro100_lh00,exact,61.72500,62.10000,0.37500,0,1,0,1,0,true
EXP-05,exp05_p01_m08_ro100_lh00,exact,62.10000,65.40000,3.30000,1,0,0,1,0,false
EXP-05,exp05_p01_m08_ro100_lh00,exact,65.40000,73.80000,8.40000,1,0,0,1,0,false
EXP-05,exp05_p01_m08_ro100_lh00,exact,73.80000,76.80000,3.00000,0,1,0,1,0,true
EXP-05,exp05_p01_m08_ro100_lh05,baseline,0,1.50,1.50,0,1,0,1,0,true
EXP-05,exp05_p01_m08_ro100_lh05,baseline,1.50,10.50,9.00,1,0,0,1,0,false
EXP-05,exp05_p01_m08_ro100_lh05,baseline,10.50,12.00,1.50,0,1,0,1,0,true
EXP-05,exp05_p01_m08_ro100_lh05,baseline,12.00,12.75,0.75,0,1,0,1,0,true
EXP-05,exp05_p01_m08_ro100_lh05,baseline,12.75,17.25,4.50,1,0,0,1,0,false
EXP-05,exp05_p01_m08_ro100_lh05,baseline,17.25,18.00,0.75,0,1,0,1,0,true
EXP-05,exp05_p01_m08_ro100_lh05,baseline,18.00,20.25,2.25,0,1,0,1,0,true
EXP-05,exp05_p01_m08_ro100_lh05,baseline,20.25,33.75,13.50,1,0,0,1,0,false
EXP-05,exp05_p01_m08_ro100_lh05,baseline,33.75,36.00,2.25,0,1,0,1,0,true
EXP-05,exp05_p01_m08_ro100_lh05,baseline,36.00,36.900,0.900,0,1,0,1,0,true
EXP-05,exp05_p01_m08_ro100_lh05,baseline,36.900,39.675,2.775,1,0,0,1,0,false
EXP-05,exp05_p01_m08_ro100_lh05,baseline,39.675,40.575,0.900,0,1,0,1,0,true
EXP-05,exp05_p01_m08_ro100_lh05,baseline,40.575,43.350,2.775,1,0,0,1,0,false
EXP-05,exp05_p01_m08_ro100_lh05,baseline,43.350,44.250,0.900,0,1,0,1,0,true
EXP-05,exp05_p01_m08_ro100_lh05,baseline,44.250,47.025,2.775,1,0,0,1,0,false
EXP-05,exp05_p01_m08_ro100_lh05,baseline,47.025,47.925,0.900,0,1,0,1,0,true
EXP-05,exp05_p01_m08_ro100_lh05,baseline,47.925,50.700,2.775,1,0,0,1,0,false
EXP-05,exp05_p01_m08_ro100_lh05,baseline,50.700,51.600,0.900,0,1,0,1,0,true
EXP-05,exp05_p01_m08_ro100_lh05,baseline,51.600,54.375,2.775,1,0,0,1,0,false
EXP-05,exp05_p01_m08_ro100_lh05,baseline,54.375,55.275,0.900,0,1,0,1,0,true
EXP-05,exp05_p01_m08_ro100_lh05,baseline,55.275,58.050,2.775,1,0,0,1,0,false
EXP-05,exp05_p01_m08_ro100_lh05,baseline,58.050,58.950,0.900,0,1,0,1,0,true
EXP-05,exp05_p01_m08_ro100_lh05,baseline,58.950,61.725,2.775,1,0,0,1,0,false
EXP-05,exp05_p01_m08_ro100_lh05,baseline,61.725,62.625,0.900,0,1,0,1,0,true
EXP-05,exp05_p01_m08_ro100_lh05,baseline,62.625,65.400,2.775,1,0,0,1,0,false
EXP-05,exp05_p01_m08_ro100_lh05,baseline,65.400,69.600,4.200,1,0,0,1,0,false
EXP-05,exp05_p01_m08_ro100_lh05,baseline,69.600,76.800,7.200,0,1,0,1,0,true
EXP-05,exp05_p01_m08_ro100_lh05,exact,0,1.50000,1.50000,0,1,0,1,0,true
EXP-05,exp05_p01_m08_ro100_lh05,exact,1.50000,10.50000,9.00000,1,0,0,1,0,false
EXP-05,exp05_p01_m08_ro100_lh05,exact,10.50000,12.00000,1.50000,0,1,0,1,0,true
EXP-05,exp05_p01_m08_ro100_lh05,exact,12.00000,12.75000,0.75000,0,1,0,1,0,true
EXP-05,exp05_p01_m08_ro100_lh05,exact,12.75000,17.25000,4.50000,1,0,0,1,0,false
EXP-05,exp05_p01_m08_ro100_lh05,exact,17.25000,18.00000,0.75000,0,1,0,1,0,true
EXP-05,exp05_p01_m08_ro100_lh05,exact,18.00000,20.25000,2.25000,0,1,0,1,0,true
EXP-05,exp05_p01_m08_ro100_lh05,exact,20.25000,33.75000,13.50000,1,0,0,1,0,false
EXP-05,exp05_p01_m08_ro100_lh05,exact,33.75000,36.00000,2.25000,0,1,0,1,0,true
EXP-05,exp05_p01_m08_ro100_lh05,exact,36.00000,36.90000,0.90000,0,1,0,1,0,true
EXP-05,exp05_p01_m08_ro100_lh05,exact,36.90000,39.67500,2.77500,1,0,0,1,0,false
EXP-05,exp05_p01_m08_ro100_lh05,exact,39.67500,40.57500,0.90000,0,1,0,1,0,true
EXP-05,exp05_p01_m08_ro100_lh05,exact,40.57500,43.35000,2.77500,1,0,0,1,0,false
EXP-05,exp05_p01_m08_ro100_lh05,exact,43.35000,44.25000,0.90000,0,1,0,1,0,true
EXP-05,exp05_p01_m08_ro100_lh05,exact,44.25000,47.02500,2.77500,1,0,0,1,0,false
EXP-05,exp05_p01_m08_ro100_lh05,exact,47.02500,47.92500,0.90000,0,1,0,1,0,true
EXP-05,exp05_p01_m08_ro100_lh05,exact,47.92500,50.70000,2.77500,1,0,0,1,0,false
EXP-05,exp05_p01_m08_ro100_lh05,exact,50.70000,51.60000,0.90000,0,1,0,1,0,true
EXP-05,exp05_p01_m08_ro100_lh05,exact,51.60000,54.37500,2.77500,1,0,0,1,0,false
EXP-05,exp05_p01_m08_ro100_lh05,exact,54.37500,55.27500,0.90000,0,1,0,1,0,true
EXP-05,exp05_p01_m08_ro100_lh05,exact,55.27500,58.05000,2.77500,1,0,0,1,0,false
EXP-05,exp05_p01_m08_ro100_lh05,exact,58.05000,58.95000,0.90000,0,1,0,1,0,true
EXP-05,exp05_p01_m08_ro100_lh05,exact,58.95000,61.72500,2.77500,1,0,0,1,0,false
EXP-05,exp05_p01_m08_ro100_lh05,exact,61.72500,62.62500,0.90000,0,1,0,1,0,true
EXP-05,exp05_p01_m08_ro100_lh05,exact,62.62500,65.40000,2.77500,1,0,0,1,0,false
EXP-05,exp05_p01_m08_ro100_lh05,exact,65.40000,69.60000,4.20000,1,0,0,1,0,false
EXP-05,exp05_p01_m08_ro100_lh05,exact,69.60000,76.80000,7.20000,0,1,0,1,0,true
EXP-05,exp05_p02_m01_ro000_lh00,baseline,0,1.50,1.50,0,1,1,2,0,true
EXP-05,exp05_p02_m01_ro000_lh00,baseline,1.50,2.25,0.75,1,1,0,2,0,false
EXP-05,exp05_p02_m01_ro000_lh00,baseline,2.25,6.75,4.50,2,0,0,2,0,false
EXP-05,exp05_p02_m01_ro000_lh00,baseline,6.75,7.50,0.75,1,1,0,2,0,false
EXP-05,exp05_p02_m01_ro000_lh00,baseline,7.50,10.50,3.00,1,0,0,1,1,false
EXP-05,exp05_p02_m01_ro000_lh00,baseline,10.50,12.00,1.50,0,1,0,1,1,false
EXP-05,exp05_p02_m01_ro000_lh00,baseline,12.00,15.00,3.00,0,1,1,2,0,true
EXP-05,exp05_p02_m01_ro000_lh00,baseline,15.00,17.25,2.25,1,1,0,2,0,false
EXP-05,exp05_p02_m01_ro000_lh00,baseline,17.25,30.75,13.50,2,0,0,2,0,false
EXP-05,exp05_p02_m01_ro000_lh00,baseline,30.75,33.00,2.25,1,1,0,2,0,false
EXP-05,exp05_p02_m01_ro000_lh00,baseline,33.00,36.00,3.00,0,1,0,1,1,false
EXP-05,exp05_p02_m01_ro000_lh00,exact,0,1.50000,1.50000,0,1,0,1,1,false
EXP-05,exp05_p02_m01_ro000_lh00,exact,1.50000,2.25000,0.75000,1,1,0,2,0,false
EXP-05,exp05_p02_m01_ro000_lh00,exact,2.25000,6.75000,4.50000,2,0,0,2,0,false
EXP-05,exp05_p02_m01_ro000_lh00,exact,6.75000,7.50000,0.75000,1,1,0,2,0,false
EXP-05,exp05_p02_m01_ro000_lh00,exact,7.50000,10.50000,3.00000,1,0,0,1,1,false
EXP-05,exp05_p02_m01_ro000_lh00,exact,10.50000,12.00000,1.50000,0,1,0,1,1,false
EXP-05,exp05_p02_m01_ro000_lh00,exact,12.00000,15.00000,3.00000,0,1,0,1,1,false
EXP-05,exp05_p02_m01_ro000_lh00,exact,15.00000,17.25000,2.25000,1,1,0,2,0,false
EXP-05,exp05_p02_m01_ro000_lh00,exact,17.25000,30.75000,13.50000,2,0,0,2,0,false
EXP-05,exp05_p02_m01_ro000_lh00,exact,30.75000,33.00000,2.25000,1,1,0,2,0,false
EXP-05,exp05_p02_m01_ro000_lh00,exact,33.00000,36.00000,3.00000,0,1,0,1,1,false
EXP-05,exp05_p02_m02_ro000_lh00,baseline,0,1.50,1.50,0,1,1,2,0,true
EXP-05,exp05_p02_m02_ro000_lh00,baseline,1.50,2.25,0.75,1,1,0,2,0,false
EXP-05,exp05_p02_m02_ro000_lh00,baseline,2.25,6.75,4.50,2,0,0,2,0,false
EXP-05,exp05_p02_m02_ro000_lh00,baseline,6.75,7.50,0.75,1,1,0,2,0,false
EXP-05,exp05_p02_m02_ro000_lh00,baseline,7.50,10.50,3.00,1,0,0,1,1,false
EXP-05,exp05_p02_m02_ro000_lh00,baseline,10.50,12.00,1.50,0,1,0,1,1,false
EXP-05,exp05_p02_m02_ro000_lh00,baseline,12.00,14.25,2.25,0,1,1,2,0,true
EXP-05,exp05_p02_m02_ro000_lh00,baseline,14.25,15.75,1.50,1,1,0,2,0,false
EXP-05,exp05_p02_m02_ro000_lh00,baseline,15.75,24.75,9.00,2,0,0,2,0,false
EXP-05,exp05_p02_m02_ro000_lh00,baseline,24.75,26.25,1.50,1,1,0,2,0,false
EXP-05,exp05_p02_m02_ro000_lh00,baseline,26.25,27.75,1.50,2,0,0,2,0,false
EXP-05,exp05_p02_m02_ro000_lh00,baseline,27.75,30.00,2.25,1,1,0,2,0,false
EXP-05,exp05_p02_m02_ro000_lh00,baseline,30.00,35.25,5.25,1,0,0,1,1,false
EXP-05,exp05_p02_m02_ro000_lh00,baseline,35.25,38.25,3.00,0,1,0,1,1,false
EXP-05,exp05_p02_m02_ro000_lh00,exact,0,1.50000,1.50000,0,1,0,1,1,false
EXP-05,exp05_p02_m02_ro000_lh00,exact,1.50000,2.25000,0.75000,1,1,0,2,0,false
EXP-05,exp05_p02_m02_ro000_lh00,exact,2.25000,6.75000,4.50000,2,0,0,2,0,false
EXP-05,exp05_p02_m02_ro000_lh00,exact,6.75000,7.50000,0.75000,1,1,0,2,0,false
EXP-05,exp05_p02_m02_ro000_lh00,exact,7.50000,10.50000,3.00000,1,0,0,1,1,false
EXP-05,exp05_p02_m02_ro000_lh00,exact,10.50000,12.00000,1.50000,0,1,0,1,1,false
EXP-05,exp05_p02_m02_ro000_lh00,exact,12.00000,13.50000,1.50000,0,1,0,1,1,false
EXP-05,exp05_p02_m02_ro000_lh00,exact,13.50000,15.75000,2.25000,1,1,0,2,0,false
EXP-05,exp05_p02_m02_ro000_lh00,exact,15.75000,22.50000,6.75000,2,0,0,2,0,false
EXP-05,exp05_p02_m02_ro000_lh00,exact,22.50000,24.00000,1.50000,1,1,0,2,0,false
EXP-05,exp05_p02_m02_ro000_lh00,exact,24.00000,29.25000,5.25000,2,0,0,2,0,false
EXP-05,exp05_p02_m02_ro000_lh00,exact,29.25000,31.50000,2.25000,1,1,0,2,0,false
EXP-05,exp05_p02_m02_ro000_lh00,exact,31.50000,33.00000,1.50000,1,0,0,1,1,false
EXP-05,exp05_p02_m02_ro000_lh00,exact,33.00000,36.00000,3.00000,0,1,0,1,1,false
EXP-05,exp05_p02_m02_ro050_lh00,baseline,0,1.50,1.50,0,1,1,2,0,true
EXP-05,exp05_p02_m02_ro050_lh00,baseline,1.50,2.25,0.75,1,1,0,2,0,false
EXP-05,exp05_p02_m02_ro050_lh00,baseline,2.25,6.75,4.50,2,0,0,2,0,false
EXP-05,exp05_p02_m02_ro050_lh00,baseline,6.75,7.50,0.75,1,1,0,2,0,false
EXP-05,exp05_p02_m02_ro050_lh00,baseline,7.50,10.50,3.00,1,0,0,1,1,false
EXP-05,exp05_p02_m02_ro050_lh00,baseline,10.50,12.00,1.50,0,1,0,1,1,false
EXP-05,exp05_p02_m02_ro050_lh00,baseline,12.00,14.25,2.25,0,1,1,2,0,true
EXP-05,exp05_p02_m02_ro050_lh00,baseline,14.25,15.75,1.50,1,1,0,2,0,false
EXP-05,exp05_p02_m02_ro050_lh00,baseline,15.75,25.05,9.30,2,0,0,2,0,false
EXP-05,exp05_p02_m02_ro050_lh00,baseline,25.05,26.55,1.50,1,1,0,2,0,false
EXP-05,exp05_p02_m02_ro050_lh00,baseline,26.55,27.75,1.20,2,0,0,2,0,false
EXP-05,exp05_p02_m02_ro050_lh00,baseline,27.75,30.00,2.25,1,1,0,2,0,false
EXP-05,exp05_p02_m02_ro050_lh00,baseline,30.00,35.85,5.85,1,0,0,1,1,false
EXP-05,exp05_p02_m02_ro050_lh00,baseline,35.85,36.45,0.60,1,0,0,1,1,false
EXP-05,exp05_p02_m02_ro050_lh00,baseline,36.45,39.45,3.00,0,1,0,1,1,false
EXP-05,exp05_p02_m02_ro050_lh00,exact,0,1.50000,1.50000,0,1,0,1,1,false
EXP-05,exp05_p02_m02_ro050_lh00,exact,1.50000,2.25000,0.75000,1,1,0,2,0,false
EXP-05,exp05_p02_m02_ro050_lh00,exact,2.25000,6.75000,4.50000,2,0,0,2,0,false
EXP-05,exp05_p02_m02_ro050_lh00,exact,6.75000,7.50000,0.75000,1,1,0,2,0,false
EXP-05,exp05_p02_m02_ro050_lh00,exact,7.50000,10.50000,3.00000,1,0,0,1,1,false
EXP-05,exp05_p02_m02_ro050_lh00,exact,10.50000,12.00000,1.50000,0,1,0,1,1,false
EXP-05,exp05_p02_m02_ro050_lh00,exact,12.00000,13.50000,1.50000,0,1,0,1,1,false
EXP-05,exp05_p02_m02_ro050_lh00,exact,13.50000,15.75000,2.25000,1,1,0,2,0,false
EXP-05,exp05_p02_m02_ro050_lh00,exact,15.75000,22.80000,7.05000,2,0,0,2,0,false
EXP-05,exp05_p02_m02_ro050_lh00,exact,22.80000,24.30000,1.50000,1,1,0,2,0,false
EXP-05,exp05_p02_m02_ro050_lh00,exact,24.30000,29.25000,4.95000,2,0,0,2,0,false
EXP-05,exp05_p02_m02_ro050_lh00,exact,29.25000,31.50000,2.25000,1,1,0,2,0,false
EXP-05,exp05_p02_m02_ro050_lh00,exact,31.50000,33.60000,2.10000,1,0,0,1,1,false
EXP-05,exp05_p02_m02_ro050_lh00,exact,33.60000,34.20000,0.60000,1,0,0,1,1,false
EXP-05,exp05_p02_m02_ro050_lh00,exact,34.20000,37.20000,3.00000,0,1,0,1,1,false
EXP-05,exp05_p02_m02_ro050_lh05,baseline,0,1.50,1.50,0,1,1,2,0,true
EXP-05,exp05_p02_m02_ro050_lh05,baseline,1.50,2.25,0.75,1,1,0,2,0,false
EXP-05,exp05_p02_m02_ro050_lh05,baseline,2.25,6.75,4.50,2,0,0,2,0,false
EXP-05,exp05_p02_m02_ro050_lh05,baseline,6.75,7.50,0.75,1,1,0,2,0,false
EXP-05,exp05_p02_m02_ro050_lh05,baseline,7.50,10.50,3.00,1,0,0,1,1,false
EXP-05,exp05_p02_m02_ro050_lh05,baseline,10.50,12.00,1.50,0,1,0,1,1,false
EXP-05,exp05_p02_m02_ro050_lh05,baseline,12.00,14.25,2.25,0,1,1,2,0,true
EXP-05,exp05_p02_m02_ro050_lh05,baseline,14.25,15.900,1.650,1,1,0,2,0,false
EXP-05,exp05_p02_m02_ro050_lh05,baseline,15.900,25.050,9.150,2,0,0,2,0,false
EXP-05,exp05_p02_m02_ro050_lh05,baseline,25.050,26.700,1.650,1,1,0,2,0,false
EXP-05,exp05_p02_m02_ro050_lh05,baseline,26.700,27.75,1.050,2,0,0,2,0,false
EXP-05,exp05_p02_m02_ro050_lh05,baseline,27.75,30.00,2.25,1,1,0,2,0,false
EXP-05,exp05_p02_m02_ro050_lh05,baseline,30.00,35.850,5.850,1,0,0,1,1,false
EXP-05,exp05_p02_m02_ro050_lh05,baseline,35.850,36.150,0.300,1,0,0,1,1,false
EXP-05,exp05_p02_m02_ro050_lh05,baseline,36.150,39.450,3.300,0,1,0,1,1,false
EXP-05,exp05_p02_m02_ro050_lh05,exact,0,1.50000,1.50000,0,1,0,1,1,false
EXP-05,exp05_p02_m02_ro050_lh05,exact,1.50000,2.25000,0.75000,1,1,0,2,0,false
EXP-05,exp05_p02_m02_ro050_lh05,exact,2.25000,6.75000,4.50000,2,0,0,2,0,false
EXP-05,exp05_p02_m02_ro050_lh05,exact,6.75000,7.50000,0.75000,1,1,0,2,0,false
EXP-05,exp05_p02_m02_ro050_lh05,exact,7.50000,10.50000,3.00000,1,0,0,1,1,false
EXP-05,exp05_p02_m02_ro050_lh05,exact,10.50000,12.00000,1.50000,0,1,0,1,1,false
EXP-05,exp05_p02_m02_ro050_lh05,exact,12.00000,13.65000,1.65000,0,1,0,1,1,false
EXP-05,exp05_p02_m02_ro050_lh05,exact,13.65000,15.90000,2.25000,1,1,0,2,0,false
EXP-05,exp05_p02_m02_ro050_lh05,exact,15.90000,22.80000,6.90000,2,0,0,2,0,false
EXP-05,exp05_p02_m02_ro050_lh05,exact,22.80000,24.45000,1.65000,1,1,0,2,0,false
EXP-05,exp05_p02_m02_ro050_lh05,exact,24.45000,29.40000,4.95000,2,0,0,2,0,false
EXP-05,exp05_p02_m02_ro050_lh05,exact,29.40000,31.65000,2.25000,1,1,0,2,0,false
EXP-05,exp05_p02_m02_ro050_lh05,exact,31.65000,33.60000,1.95000,1,0,0,1,1,false
EXP-05,exp05_p02_m02_ro050_lh05,exact,33.60000,33.90000,0.30000,1,0,0,1,1,false
EXP-05,exp05_p02_m02_ro050_lh05,exact,33.90000,37.20000,3.30000,0,1,0,1,1,false
EXP-05,exp05_p02_m02_ro100_lh00,baseline,0,1.50,1.50,0,1,1,2,0,true
EXP-05,exp05_p02_m02_ro100_lh00,baseline,1.50,2.25,0.75,1,1,0,2,0,false
EXP-05,exp05_p02_m02_ro100_lh00,baseline,2.25,6.75,4.50,2,0,0,2,0,false
EXP-05,exp05_p02_m02_ro100_lh00,baseline,6.75,7.50,0.75,1,1,0,2,0,false
EXP-05,exp05_p02_m02_ro100_lh00,baseline,7.50,10.50,3.00,1,0,0,1,1,false
EXP-05,exp05_p02_m02_ro100_lh00,baseline,10.50,12.00,1.50,0,1,0,1,1,false
EXP-05,exp05_p02_m02_ro100_lh00,baseline,12.00,14.25,2.25,0,1,1,2,0,true
EXP-05,exp05_p02_m02_ro100_lh00,baseline,14.25,15.75,1.50,1,1,0,2,0,false
EXP-05,exp05_p02_m02_ro100_lh00,baseline,15.75,25.35,9.60,2,0,0,2,0,false
EXP-05,exp05_p02_m02_ro100_lh00,baseline,25.35,26.85,1.50,1,1,0,2,0,false
EXP-05,exp05_p02_m02_ro100_lh00,baseline,26.85,27.75,0.90,2,0,0,2,0,false
EXP-05,exp05_p02_m02_ro100_lh00,baseline,27.75,30.00,2.25,1,1,0,2,0,false
EXP-05,exp05_p02_m02_ro100_lh00,baseline,30.00,36.45,6.45,1,0,0,1,1,false
EXP-05,exp05_p02_m02_ro100_lh00,baseline,36.45,37.65,1.20,1,0,0,1,1,false
EXP-05,exp05_p02_m02_ro100_lh00,baseline,37.65,40.65,3.00,0,1,0,1,1,false
EXP-05,exp05_p02_m02_ro100_lh00,exact,0,1.50000,1.50000,0,1,0,1,1,false
EXP-05,exp05_p02_m02_ro100_lh00,exact,1.50000,2.25000,0.75000,1,1,0,2,0,false
EXP-05,exp05_p02_m02_ro100_lh00,exact,2.25000,6.75000,4.50000,2,0,0,2,0,false
EXP-05,exp05_p02_m02_ro100_lh00,exact,6.75000,7.50000,0.75000,1,1,0,2,0,false
EXP-05,exp05_p02_m02_ro100_lh00,exact,7.50000,10.50000,3.00000,1,0,0,1,1,false
EXP-05,exp05_p02_m02_ro100_lh00,exact,10.50000,12.00000,1.50000,0,1,0,1,1,false
EXP-05,exp05_p02_m02_ro100_lh00,exact,12.00000,13.50000,1.50000,0,1,0,1,1,false
EXP-05,exp05_p02_m02_ro100_lh00,exact,13.50000,15.75000,2.25000,1,1,0,2,0,false
EXP-05,exp05_p02_m02_ro100_lh00,exact,15.75000,23.10000,7.35000,2,0,0,2,0,false
EXP-05,exp05_p02_m02_ro100_lh00,exact,23.10000,24.60000,1.50000,1,1,0,2,0,false
EXP-05,exp05_p02_m02_ro100_lh00,exact,24.60000,29.25000,4.65000,2,0,0,2,0,false
EXP-05,exp05_p02_m02_ro100_lh00,exact,29.25000,31.50000,2.25000,1,1,0,2,0,false
EXP-05,exp05_p02_m02_ro100_lh00,exact,31.50000,34.20000,2.70000,1,0,0,1,1,false
EXP-05,exp05_p02_m02_ro100_lh00,exact,34.20000,35.40000,1.20000,1,0,0,1,1,false
EXP-05,exp05_p02_m02_ro100_lh00,exact,35.40000,38.40000,3.00000,0,1,0,1,1,false
EXP-05,exp05_p02_m02_ro100_lh05,baseline,0,1.50,1.50,0,1,1,2,0,true
EXP-05,exp05_p02_m02_ro100_lh05,baseline,1.50,2.25,0.75,1,1,0,2,0,false
EXP-05,exp05_p02_m02_ro100_lh05,baseline,2.25,6.75,4.50,2,0,0,2,0,false
EXP-05,exp05_p02_m02_ro100_lh05,baseline,6.75,7.50,0.75,1,1,0,2,0,false
EXP-05,exp05_p02_m02_ro100_lh05,baseline,7.50,10.50,3.00,1,0,0,1,1,false
EXP-05,exp05_p02_m02_ro100_lh05,baseline,10.50,12.00,1.50,0,1,0,1,1,false
EXP-05,exp05_p02_m02_ro100_lh05,baseline,12.00,14.25,2.25,0,1,1,2,0,true
EXP-05,exp05_p02_m02_ro100_lh05,baseline,14.25,16.050,1.800,1,1,0,2,0,false
EXP-05,exp05_p02_m02_ro100_lh05,baseline,16.050,25.350,9.300,2,0,0,2,0,false
EXP-05,exp05_p02_m02_ro100_lh05,baseline,25.350,27.150,1.800,1,1,0,2,0,false
EXP-05,exp05_p02_m02_ro100_lh05,baseline,27.150,27.75,0.600,2,0,0,2,0,false
EXP-05,exp05_p02_m02_ro100_lh05,baseline,27.75,30.00,2.25,1,1,0,2,0,false
EXP-05,exp05_p02_m02_ro100_lh05,baseline,30.00,36.450,6.450,1,0,0,1,1,false
EXP-05,exp05_p02_m02_ro100_lh05,baseline,36.450,37.050,0.600,1,0,0,1,1,false
EXP-05,exp05_p02_m02_ro100_lh05,baseline,37.050,40.650,3.600,0,1,0,1,1,false
EXP-05,exp05_p02_m02_ro100_lh05,exact,0,1.50000,1.50000,0,1,0,1,1,false
EXP-05,exp05_p02_m02_ro100_lh05,exact,1.50000,2.25000,0.75000,1,1,0,2,0,false
EXP-05,exp05_p02_m02_ro100_lh05,exact,2.25000,6.75000,4.50000,2,0,0,2,0,false
EXP-05,exp05_p02_m02_ro100_lh05,exact,6.75000,7.50000,0.75000,1,1,0,2,0,false
EXP-05,exp05_p02_m02_ro100_lh05,exact,7.50000,10.50000,3.00000,1,0,0,1,1,false
EXP-05,exp05_p02_m02_ro100_lh05,exact,10.50000,12.00000,1.50000,0,1,0,1,1,false
EXP-05,exp05_p02_m02_ro100_lh05,exact,12.00000,13.80000,1.80000,0,1,0,1,1,false
EXP-05,exp05_p02_m02_ro100_lh05,exact,13.80000,16.05000,2.25000,1,1,0,2,0,false
EXP-05,exp05_p02_m02_ro100_lh05,exact,16.05000,23.10000,7.05000,2,0,0,2,0,false
EXP-05,exp05_p02_m02_ro100_lh05,exact,23.10000,24.90000,1.80000,1,1,0,2,0,false
EXP-05,exp05_p02_m02_ro100_lh05,exact,24.90000,29.55000,4.65000,2,0,0,2,0,false
EXP-05,exp05_p02_m02_ro100_lh05,exact,29.55000,31.80000,2.25000,1,1,0,2,0,false
EXP-05,exp05_p02_m02_ro100_lh05,exact,31.80000,34.20000,2.40000,1,0,0,1,1,false
EXP-05,exp05_p02_m02_ro100_lh05,exact,34.20000,34.80000,0.60000,1,0,0,1,1,false
EXP-05,exp05_p02_m02_ro100_lh05,exact,34.80000,38.40000,3.60000,0,1,0,1,1,false
EXP-05,exp05_p02_m03_ro000_lh00,baseline,0,1.50,1.50,0,1,1,2,0,true
EXP-05,exp05_p02_m03_ro000_lh00,baseline,1.50,2.25,0.75,1,1,0,2,0,false
EXP-05,exp05_p02_m03_ro000_lh00,baseline,2.25,6.75,4.50,2,0,0,2,0,false
EXP-05,exp05_p02_m03_ro000_lh00,baseline,6.75,7.50,0.75,1,1,0,2,0,false
EXP-05,exp05_p02_m03_ro000_lh00,baseline,7.50,10.50,3.00,1,0,0,1,1,false
EXP-05,exp05_p02_m03_ro000_lh00,baseline,10.50,12.00,1.50,0,1,0,1,1,false
EXP-05,exp05_p02_m03_ro000_lh00,baseline,12.00,14.25,2.25,0,1,1,2,0,true
EXP-05,exp05_p02_m03_ro000_lh00,baseline,14.25,15.25,1.00,1,1,0,2,0,false
EXP-05,exp05_p02_m03_ro000_lh00,baseline,15.25,21.25,6.00,2,0,0,2,0,false
EXP-05,exp05_p02_m03_ro000_lh00,baseline,21.25,22.25,1.00,1,1,0,2,0,false
EXP-05,exp05_p02_m03_ro000_lh00,baseline,22.25,27.75,5.50,2,0,0,2,0,false
EXP-05,exp05_p02_m03_ro000_lh00,baseline,27.75,28.25,0.50,1,1,0,2,0,false
EXP-05,exp05_p02_m03_ro000_lh00,baseline,28.25,30.00,1.75,0,1,1,2,0,true
EXP-05,exp05_p02_m03_ro000_lh00,baseline,30.00,31.00,1.00,0,1,0,1,1,false
EXP-05,exp05_p02_m03_ro000_lh00,baseline,31.00,37.00,6.00,1,0,0,1,1,false
EXP-05,exp05_p02_m03_ro000_lh00,baseline,37.00,40.00,3.00,0,1,0,1,1,false
EXP-05,exp05_p02_m03_ro000_lh00,exact,0,1.50000,1.50000,0,1,0,1,1,false
EXP-05,exp05_p02_m03_ro000_lh00,exact,1.50000,2.25000,0.75000,1,1,0,2,0,false
EXP-05,exp05_p02_m03_ro000_lh00,exact,2.25000,6.75000,4.50000,2,0,0,2,0,false
EXP-05,exp05_p02_m03_ro000_lh00,exact,6.75000,7.50000,0.75000,1,1,0,2,0,false
EXP-05,exp05_p02_m03_ro000_lh00,exact,7.50000,10.50000,3.00000,1,0,0,1,1,false
EXP-05,exp05_p02_m03_ro000_lh00,exact,10.50000,12.00000,1.50000,0,1,0,1,1,false
EXP-05,exp05_p02_m03_ro000_lh00,exact,12.00000,13.00000,1.00000,0,1,0,1,1,false
EXP-05,exp05_p02_m03_ro000_lh00,exact,13.00000,15.25000,2.25000,1,1,0,2,0,false
EXP-05,exp05_p02_m03_ro000_lh00,exact,15.25000,19.00000,3.75000,2,0,0,2,0,false
EXP-05,exp05_p02_m03_ro000_lh00,exact,19.00000,20.00000,1.00000,1,1,0,2,0,false
EXP-05,exp05_p02_m03_ro000_lh00,exact,20.00000,26.00000,6.00000,2,0,0,2,0,false
EXP-05,exp05_p02_m03_ro000_lh00,exact,26.00000,27.00000,1.00000,1,1,0,2,0,false
EXP-05,exp05_p02_m03_ro000_lh00,exact,27.00000,28.75000,1.75000,2,0,0,2,0,false
EXP-05,exp05_p02_m03_ro000_lh00,exact,28.75000,31.00000,2.25000,1,1,0,2,0,false
EXP-05,exp05_p02_m03_ro000_lh00,exact,31.00000,33.00000,2.00000,1,0,0,1,1,false
EXP-05,exp05_p02_m03_ro000_lh00,exact,33.00000,36.00000,3.00000,0,1,0,1,1,false
EXP-05,exp05_p02_m03_ro050_lh00,baseline,0,1.50,1.50,0,1,1,2,0,true
EXP-05,exp05_p02_m03_ro050_lh00,baseline,1.50,2.25,0.75,1,1,0,2,0,false
EXP-05,exp05_p02_m03_ro050_lh00,baseline,2.25,6.75,4.50,2,0,0,2,0,false
EXP-05,exp05_p02_m03_ro050_lh00,baseline,6.75,7.50,0.75,1,1,0,2,0,false
EXP-05,exp05_p02_m03_ro050_lh00,baseline,7.50,10.50,3.00,1,0,0,1,1,false
EXP-05,exp05_p02_m03_ro050_lh00,baseline,10.50,12.00,1.50,0,1,0,1,1,false
EXP-05,exp05_p02_m03_ro050_lh00,baseline,12.00,14.25,2.25,0,1,1,2,0,true
EXP-05,exp05_p02_m03_ro050_lh00,baseline,14.25,15.25,1.00,1,1,0,2,0,false
EXP-05,exp05_p02_m03_ro050_lh00,baseline,15.25,21.65,6.40,2,0,0,2,0,false
EXP-05,exp05_p02_m03_ro050_lh00,baseline,21.65,22.65,1.00,1,1,0,2,0,false
EXP-05,exp05_p02_m03_ro050_lh00,baseline,22.65,27.75,5.10,2,0,0,2,0,false
EXP-05,exp05_p02_m03_ro050_lh00,baseline,27.75,29.05,1.30,1,1,0,2,0,false
EXP-05,exp05_p02_m03_ro050_lh00,baseline,29.05,30.00,0.95,0,1,1,2,0,true
EXP-05,exp05_p02_m03_ro050_lh00,baseline,30.00,31.00,1.00,0,1,0,1,1,false
EXP-05,exp05_p02_m03_ro050_lh00,baseline,31.00,37.40,6.40,1,0,0,1,1,false
EXP-05,exp05_p02_m03_ro050_lh00,baseline,37.40,38.60,1.20,1,0,0,1,1,false
EXP-05,exp05_p02_m03_ro050_lh00,baseline,38.60,41.60,3.00,0,1,0,1,1,false
EXP-05,exp05_p02_m03_ro050_lh00,exact,0,1.50000,1.50000,0,1,0,1,1,false
EXP-05,exp05_p02_m03_ro050_lh00,exact,1.50000,2.25000,0.75000,1,1,0,2,0,false
EXP-05,exp05_p02_m03_ro050_lh00,exact,2.25000,6.75000,4.50000,2,0,0,2,0,false
EXP-05,exp05_p02_m03_ro050_lh00,exact,6.75000,7.50000,0.75000,1,1,0,2,0,false
EXP-05,exp05_p02_m03_ro050_lh00,exact,7.50000,10.50000,3.00000,1,0,0,1,1,false
EXP-05,exp05_p02_m03_ro050_lh00,exact,10.50000,12.00000,1.50000,0,1,0,1,1,false
EXP-05,exp05_p02_m03_ro050_lh00,exact,12.00000,13.00000,1.00000,0,1,0,1,1,false
EXP-05,exp05_p02_m03_ro050_lh00,exact,13.00000,14.00000,1.00000,1,1,0,2,0,false
EXP-05,exp05_p02_m03_ro050_lh00,exact,14.00000,19.40000,5.40000,2,0,0,2,0,false
EXP-05,exp05_p02_m03_ro050_lh00,exact,19.40000,20.40000,1.00000,1,1,0,2,0,false
EXP-05,exp05_p02_m03_ro050_lh00,exact,20.40000,21.65000,1.25000,0,1,0,1,1,false
EXP-05,exp05_p02_m03_ro050_lh00,exact,21.65000,22.65000,1.00000,1,1,0,2,0,false
EXP-05,exp05_p02_m03_ro050_lh00,exact,22.65000,29.05000,6.40000,2,0,0,2,0,false
EXP-05,exp05_p02_m03_ro050_lh00,exact,29.05000,30.25000,1.20000,2,0,0,2,0,false
EXP-05,exp05_p02_m03_ro050_lh00,exact,30.25000,33.25000,3.00000,1,1,0,2,0,false
EXP-05,exp05_p02_m03_ro050_lh00,exact,33.25000,35.15000,1.90000,1,0,0,1,1,false
EXP-05,exp05_p02_m03_ro050_lh00,exact,35.15000,37.40000,2.25000,0,1,0,1,1,false
EXP-05,exp05_p02_m03_ro050_lh05,baseline,0,1.50,1.50,0,1,1,2,0,true
EXP-05,exp05_p02_m03_ro050_lh05,baseline,1.50,2.25,0.75,1,1,0,2,0,false
EXP-05,exp05_p02_m03_ro050_lh05,baseline,2.25,6.75,4.50,2,0,0,2,0,false
EXP-05,exp05_p02_m03_ro050_lh05,baseline,6.75,7.50,0.75,1,1,0,2,0,false
EXP-05,exp05_p02_m03_ro050_lh05,baseline,7.50,10.50,3.00,1,0,0,1,1,false
EXP-05,exp05_p02_m03_ro050_lh05,baseline,10.50,12.00,1.50,0,1,0,1,1,false
EXP-05,exp05_p02_m03_ro050_lh05,baseline,12.00,14.25,2.25,0,1,1,2,0,true
EXP-05,exp05_p02_m03_ro050_lh05,baseline,14.25,15.450,1.200,1,1,0,2,0,false
EXP-05,exp05_p02_m03_ro050_lh05,baseline,15.450,21.650,6.200,2,0,0,2,0,false
EXP-05,exp05_p02_m03_ro050_lh05,baseline,21.650,22.850,1.200,1,1,0,2,0,false
EXP-05,exp05_p02_m03_ro050_lh05,baseline,22.850,27.75,4.900,2,0,0,2,0,false
EXP-05,exp05_p02_m03_ro050_lh05,baseline,27.75,29.050,1.300,1,1,0,2,0,false
EXP-05,exp05_p02_m03_ro050_lh05,baseline,29.050,30.00,0.950,0,1,1,2,0,true
EXP-05,exp05_p02_m03_ro050_lh05,baseline,30.00,31.200,1.200,0,1,0,1,1,false
EXP-05,exp05_p02_m03_ro050_lh05,baseline,31.200,37.400,6.200,1,0,0,1,1,false
EXP-05,exp05_p02_m03_ro050_lh05,baseline,37.400,38.000,0.600,1,0,0,1,1,false
EXP-05,exp05_p02_m03_ro050_lh05,baseline,38.000,41.600,3.600,0,1,0,1,1,false
EXP-05,exp05_p02_m03_ro050_lh05,exact,0,1.50000,1.50000,0,1,0,1,1,false
EXP-05,exp05_p02_m03_ro050_lh05,exact,1.50000,2.25000,0.75000,1,1,0,2,0,false
EXP-05,exp05_p02_m03_ro050_lh05,exact,2.25000,6.75000,4.50000,2,0,0,2,0,false
EXP-05,exp05_p02_m03_ro050_lh05,exact,6.75000,7.50000,0.75000,1,1,0,2,0,false
EXP-05,exp05_p02_m03_ro050_lh05,exact,7.50000,10.50000,3.00000,1,0,0,1,1,false
EXP-05,exp05_p02_m03_ro050_lh05,exact,10.50000,12.00000,1.50000,0,1,0,1,1,false
EXP-05,exp05_p02_m03_ro050_lh05,exact,12.00000,13.20000,1.20000,0,1,0,1,1,false
EXP-05,exp05_p02_m03_ro050_lh05,exact,13.20000,14.40000,1.20000,1,1,0,2,0,false
EXP-05,exp05_p02_m03_ro050_lh05,exact,14.40000,19.40000,5.00000,2,0,0,2,0,false
EXP-05,exp05_p02_m03_ro050_lh05,exact,19.40000,20.60000,1.20000,1,1,0,2,0,false
EXP-05,exp05_p02_m03_ro050_lh05,exact,20.60000,21.65000,1.05000,0,1,0,1,1,false
EXP-05,exp05_p02_m03_ro050_lh05,exact,21.65000,22.85000,1.20000,1,1,0,2,0,false
EXP-05,exp05_p02_m03_ro050_lh05,exact,22.85000,29.05000,6.20000,2,0,0,2,0,false
EXP-05,exp05_p02_m03_ro050_lh05,exact,29.05000,29.65000,0.60000,2,0,0,2,0,false
EXP-05,exp05_p02_m03_ro050_lh05,exact,29.65000,33.25000,3.60000,1,1,0,2,0,false
EXP-05,exp05_p02_m03_ro050_lh05,exact,33.25000,35.15000,1.90000,1,0,0,1,1,false
EXP-05,exp05_p02_m03_ro050_lh05,exact,35.15000,37.40000,2.25000,0,1,0,1,1,false
EXP-05,exp05_p02_m03_ro100_lh00,baseline,0,1.50,1.50,0,1,1,2,0,true
EXP-05,exp05_p02_m03_ro100_lh00,baseline,1.50,2.25,0.75,1,1,0,2,0,false
EXP-05,exp05_p02_m03_ro100_lh00,baseline,2.25,6.75,4.50,2,0,0,2,0,false
EXP-05,exp05_p02_m03_ro100_lh00,baseline,6.75,7.50,0.75,1,1,0,2,0,false
EXP-05,exp05_p02_m03_ro100_lh00,baseline,7.50,10.50,3.00,1,0,0,1,1,false
EXP-05,exp05_p02_m03_ro100_lh00,baseline,10.50,12.00,1.50,0,1,0,1,1,false
EXP-05,exp05_p02_m03_ro100_lh00,baseline,12.00,14.25,2.25,0,1,1,2,0,true
EXP-05,exp05_p02_m03_ro100_lh00,baseline,14.25,15.25,1.00,1,1,0,2,0,false
EXP-05,exp05_p02_m03_ro100_lh00,baseline,15.25,22.05,6.80,2,0,0,2,0,false
EXP-05,exp05_p02_m03_ro100_lh00,baseline,22.05,23.05,1.00,1,1,0,2,0,false
EXP-05,exp05_p02_m03_ro100_lh00,baseline,23.05,27.75,4.70,2,0,0,2,0,false
EXP-05,exp05_p02_m03_ro100_lh00,baseline,27.75,29.85,2.10,1,1,0,2,0,false
EXP-05,exp05_p02_m03_ro100_lh00,baseline,29.85,30.00,0.15,0,1,1,2,0,true
EXP-05,exp05_p02_m03_ro100_lh00,baseline,30.00,31.00,1.00,0,1,0,1,1,false
EXP-05,exp05_p02_m03_ro100_lh00,baseline,31.00,37.80,6.80,1,0,0,1,1,false
EXP-05,exp05_p02_m03_ro100_lh00,baseline,37.80,40.20,2.40,1,0,0,1,1,false
EXP-05,exp05_p02_m03_ro100_lh00,baseline,40.20,43.20,3.00,0,1,0,1,1,false
EXP-05,exp05_p02_m03_ro100_lh00,exact,0,1.50000,1.50000,0,1,0,1,1,false
EXP-05,exp05_p02_m03_ro100_lh00,exact,1.50000,2.25000,0.75000,1,1,0,2,0,false
EXP-05,exp05_p02_m03_ro100_lh00,exact,2.25000,6.75000,4.50000,2,0,0,2,0,false
EXP-05,exp05_p02_m03_ro100_lh00,exact,6.75000,7.50000,0.75000,1,1,0,2,0,false
EXP-05,exp05_p02_m03_ro100_lh00,exact,7.50000,10.50000,3.00000,1,0,0,1,1,false
EXP-05,exp05_p02_m03_ro100_lh00,exact,10.50000,12.00000,1.50000,0,1,0,1,1,false
EXP-05,exp05_p02_m03_ro100_lh00,exact,12.00000,13.00000,1.00000,0,1,0,1,1,false
EXP-05,exp05_p02_m03_ro100_lh00,exact,13.00000,14.00000,1.00000,1,1,0,2,0,false
EXP-05,exp05_p02_m03_ro100_lh00,exact,14.00000,19.80000,5.80000,2,0,0,2,0,false
EXP-05,exp05_p02_m03_ro100_lh00,exact,19.80000,20.80000,1.00000,1,1,0,2,0,false
EXP-05,exp05_p02_m03_ro100_lh00,exact,20.80000,22.05000,1.25000,0,1,0,1,1,false
EXP-05,exp05_p02_m03_ro100_lh00,exact,22.05000,23.05000,1.00000,1,1,0,2,0,false
EXP-05,exp05_p02_m03_ro100_lh00,exact,23.05000,29.85000,6.80000,2,0,0,2,0,false
EXP-05,exp05_p02_m03_ro100_lh00,exact,29.85000,32.25000,2.40000,2,0,0,2,0,false
EXP-05,exp05_p02_m03_ro100_lh00,exact,32.25000,35.25000,3.00000,1,1,0,2,0,false
EXP-05,exp05_p02_m03_ro100_lh00,exact,35.25000,35.55000,0.30000,1,0,0,1,1,false
EXP-05,exp05_p02_m03_ro100_lh00,exact,35.55000,37.80000,2.25000,0,1,0,1,1,false
EXP-05,exp05_p02_m03_ro100_lh05,baseline,0,1.50,1.50,0,1,1,2,0,true
EXP-05,exp05_p02_m03_ro100_lh05,baseline,1.50,2.25,0.75,1,1,0,2,0,false
EXP-05,exp05_p02_m03_ro100_lh05,baseline,2.25,6.75,4.50,2,0,0,2,0,false
EXP-05,exp05_p02_m03_ro100_lh05,baseline,6.75,7.50,0.75,1,1,0,2,0,false
EXP-05,exp05_p02_m03_ro100_lh05,baseline,7.50,10.50,3.00,1,0,0,1,1,false
EXP-05,exp05_p02_m03_ro100_lh05,baseline,10.50,12.00,1.50,0,1,0,1,1,false
EXP-05,exp05_p02_m03_ro100_lh05,baseline,12.00,14.25,2.25,0,1,1,2,0,true
EXP-05,exp05_p02_m03_ro100_lh05,baseline,14.25,15.650,1.400,1,1,0,2,0,false
EXP-05,exp05_p02_m03_ro100_lh05,baseline,15.650,22.050,6.400,2,0,0,2,0,false
EXP-05,exp05_p02_m03_ro100_lh05,baseline,22.050,23.450,1.400,1,1,0,2,0,false
EXP-05,exp05_p02_m03_ro100_lh05,baseline,23.450,27.75,4.300,2,0,0,2,0,false
EXP-05,exp05_p02_m03_ro100_lh05,baseline,27.75,29.850,2.100,1,1,0,2,0,false
EXP-05,exp05_p02_m03_ro100_lh05,baseline,29.850,30.00,0.150,0,1,1,2,0,true
EXP-05,exp05_p02_m03_ro100_lh05,baseline,30.00,31.400,1.400,0,1,0,1,1,false
EXP-05,exp05_p02_m03_ro100_lh05,baseline,31.400,37.800,6.400,1,0,0,1,1,false
EXP-05,exp05_p02_m03_ro100_lh05,baseline,37.800,39.000,1.200,1,0,0,1,1,false
EXP-05,exp05_p02_m03_ro100_lh05,baseline,39.000,43.200,4.200,0,1,0,1,1,false
EXP-05,exp05_p02_m03_ro100_lh05,exact,0,1.50000,1.50000,0,1,0,1,1,false
EXP-05,exp05_p02_m03_ro100_lh05,exact,1.50000,2.25000,0.75000,1,1,0,2,0,false
EXP-05,exp05_p02_m03_ro100_lh05,exact,2.25000,6.75000,4.50000,2,0,0,2,0,false
EXP-05,exp05_p02_m03_ro100_lh05,exact,6.75000,7.50000,0.75000,1,1,0,2,0,false
EXP-05,exp05_p02_m03_ro100_lh05,exact,7.50000,10.50000,3.00000,1,0,0,1,1,false
EXP-05,exp05_p02_m03_ro100_lh05,exact,10.50000,12.00000,1.50000,0,1,0,1,1,false
EXP-05,exp05_p02_m03_ro100_lh05,exact,12.00000,13.40000,1.40000,0,1,0,1,1,false
EXP-05,exp05_p02_m03_ro100_lh05,exact,13.40000,14.80000,1.40000,1,1,0,2,0,false
EXP-05,exp05_p02_m03_ro100_lh05,exact,14.80000,19.80000,5.00000,2,0,0,2,0,false
EXP-05,exp05_p02_m03_ro100_lh05,exact,19.80000,21.20000,1.40000,1,1,0,2,0,false
EXP-05,exp05_p02_m03_ro100_lh05,exact,21.20000,22.05000,0.85000,0,1,0,1,1,false
EXP-05,exp05_p02_m03_ro100_lh05,exact,22.05000,23.45000,1.40000,1,1,0,2,0,false
EXP-05,exp05_p02_m03_ro100_lh05,exact,23.45000,29.85000,6.40000,2,0,0,2,0,false
EXP-05,exp05_p02_m03_ro100_lh05,exact,29.85000,31.05000,1.20000,2,0,0,2,0,false
EXP-05,exp05_p02_m03_ro100_lh05,exact,31.05000,35.25000,4.20000,1,1,0,2,0,false
EXP-05,exp05_p02_m03_ro100_lh05,exact,35.25000,35.55000,0.30000,1,0,0,1,1,false
EXP-05,exp05_p02_m03_ro100_lh05,exact,35.55000,37.80000,2.25000,0,1,0,1,1,false
EXP-05,exp05_p02_m04_ro000_lh00,baseline,0,1.50,1.50,0,1,1,2,0,true
EXP-05,exp05_p02_m04_ro000_lh00,baseline,1.50,2.25,0.75,1,1,0,2,0,false
EXP-05,exp05_p02_m04_ro000_lh00,baseline,2.25,6.75,4.50,2,0,0,2,0,false
EXP-05,exp05_p02_m04_ro000_lh00,baseline,6.75,7.50,0.75,1,1,0,2,0,false
EXP-05,exp05_p02_m04_ro000_lh00,baseline,7.50,10.50,3.00,1,0,0,1,1,false
EXP-05,exp05_p02_m04_ro000_lh00,baseline,10.50,12.00,1.50,0,1,0,1,1,false
EXP-05,exp05_p02_m04_ro000_lh00,baseline,12.00,14.25,2.25,0,1,1,2,0,true
EXP-05,exp05_p02_m04_ro000_lh00,baseline,14.25,15.00,0.75,1,1,0,2,0,false
EXP-05,exp05_p02_m04_ro000_lh00,baseline,15.00,19.50,4.50,2,0,0,2,0,false
EXP-05,exp05_p02_m04_ro000_lh00,baseline,19.50,20.25,0.75,1,1,0,2,0,false
EXP-05,exp05_p02_m04_ro000_lh00,baseline,20.25,24.75,4.50,2,0,0,2,0,false
EXP-05,exp05_p02_m04_ro000_lh00,baseline,24.75,25.50,0.75,1,1,0,2,0,false
EXP-05,exp05_p02_m04_ro000_lh00,baseline,25.50,27.75,2.25,2,0,0,2,0,false
EXP-05,exp05_p02_m04_ro000_lh00,baseline,27.75,30.00,2.25,1,1,0,2,0,false
EXP-05,exp05_p02_m04_ro000_lh00,baseline,30.00,30.75,0.75,0,1,0,1,1,false
EXP-05,exp05_p02_m04_ro000_lh00,baseline,30.75,35.25,4.50,1,0,0,1,1,false
EXP-05,exp05_p02_m04_ro000_lh00,baseline,35.25,38.25,3.00,0,1,0,1,1,false
EXP-05,exp05_p02_m04_ro000_lh00,exact,0,1.50000,1.50000,0,1,0,1,1,false
EXP-05,exp05_p02_m04_ro000_lh00,exact,1.50000,2.25000,0.75000,1,1,0,2,0,false
EXP-05,exp05_p02_m04_ro000_lh00,exact,2.25000,6.75000,4.50000,2,0,0,2,0,false
EXP-05,exp05_p02_m04_ro000_lh00,exact,6.75000,7.50000,0.75000,1,1,0,2,0,false
EXP-05,exp05_p02_m04_ro000_lh00,exact,7.50000,10.50000,3.00000,1,0,0,1,1,false
EXP-05,exp05_p02_m04_ro000_lh00,exact,10.50000,12.00000,1.50000,0,1,0,1,1,false
EXP-05,exp05_p02_m04_ro000_lh00,exact,12.00000,12.75000,0.75000,0,1,0,1,1,false
EXP-05,exp05_p02_m04_ro000_lh00,exact,12.75000,13.50000,0.75000,1,1,0,2,0,false
EXP-05,exp05_p02_m04_ro000_lh00,exact,13.50000,17.25000,3.75000,2,0,0,2,0,false
EXP-05,exp05_p02_m04_ro000_lh00,exact,17.25000,18.00000,0.75000,1,1,0,2,0,false
EXP-05,exp05_p02_m04_ro000_lh00,exact,18.00000,19.50000,1.50000,0,1,0,1,1,false
EXP-05,exp05_p02_m04_ro000_lh00,exact,19.50000,20.25000,0.75000,1,1,0,2,0,false
EXP-05,exp05_p02_m04_ro000_lh00,exact,20.25000,24.75000,4.50000,2,0,0,2,0,false
EXP-05,exp05_p02_m04_ro000_lh00,exact,24.75000,25.50000,0.75000,1,1,0,2,0,false
EXP-05,exp05_p02_m04_ro000_lh00,exact,25.50000,30.00000,4.50000,2,0,0,2,0,false
EXP-05,exp05_p02_m04_ro000_lh00,exact,30.00000,33.00000,3.00000,1,1,0,2,0,false
EXP-05,exp05_p02_m04_ro000_lh00,exact,33.00000,35.25000,2.25000,0,1,0,1,1,false
EXP-05,exp05_p02_m04_ro050_lh00,baseline,0,1.50,1.50,0,1,1,2,0,true
EXP-05,exp05_p02_m04_ro050_lh00,baseline,1.50,2.25,0.75,1,1,0,2,0,false
EXP-05,exp05_p02_m04_ro050_lh00,baseline,2.25,6.75,4.50,2,0,0,2,0,false
EXP-05,exp05_p02_m04_ro050_lh00,baseline,6.75,7.50,0.75,1,1,0,2,0,false
EXP-05,exp05_p02_m04_ro050_lh00,baseline,7.50,10.50,3.00,1,0,0,1,1,false
EXP-05,exp05_p02_m04_ro050_lh00,baseline,10.50,12.00,1.50,0,1,0,1,1,false
EXP-05,exp05_p02_m04_ro050_lh00,baseline,12.00,14.25,2.25,0,1,1,2,0,true
EXP-05,exp05_p02_m04_ro050_lh00,baseline,14.25,15.00,0.75,1,1,0,2,0,false
EXP-05,exp05_p02_m04_ro050_lh00,baseline,15.00,19.95,4.95,2,0,0,2,0,false
EXP-05,exp05_p02_m04_ro050_lh00,baseline,19.95,20.70,0.75,1,1,0,2,0,false
EXP-05,exp05_p02_m04_ro050_lh00,baseline,20.70,25.65,4.95,2,0,0,2,0,false
EXP-05,exp05_p02_m04_ro050_lh00,baseline,25.65,26.40,0.75,1,1,0,2,0,false
EXP-05,exp05_p02_m04_ro050_lh00,baseline,26.40,27.75,1.35,2,0,0,2,0,false
EXP-05,exp05_p02_m04_ro050_lh00,baseline,27.75,30.00,2.25,1,1,0,2,0,false
EXP-05,exp05_p02_m04_ro050_lh00,baseline,30.00,30.75,0.75,1,1,0,2,0,false
EXP-05,exp05_p02_m04_ro050_lh00,baseline,30.75,31.35,0.60,2,0,0,2,0,false
EXP-05,exp05_p02_m04_ro050_lh00,baseline,31.35,35.70,4.35,1,0,0,1,1,false
EXP-05,exp05_p02_m04_ro050_lh00,baseline,35.70,37.50,1.80,1,0,0,1,1,false
EXP-05,exp05_p02_m04_ro050_lh00,baseline,37.50,40.50,3.00,0,1,0,1,1,false
EXP-05,exp05_p02_m04_ro050_lh00,exact,0,1.50000,1.50000,0,1,0,1,1,false
EXP-05,exp05_p02_m04_ro050_lh00,exact,1.50000,2.25000,0.75000,1,1,0,2,0,false
EXP-05,exp05_p02_m04_ro050_lh00,exact,2.25000,6.75000,4.50000,2,0,0,2,0,false
EXP-05,exp05_p02_m04_ro050_lh00,exact,6.75000,7.50000,0.75000,1,1,0,2,0,false
EXP-05,exp05_p02_m04_ro050_lh00,exact,7.50000,10.50000,3.00000,1,0,0,1,1,false
EXP-05,exp05_p02_m04_ro050_lh00,exact,10.50000,12.00000,1.50000,0,1,0,1,1,false
EXP-05,exp05_p02_m04_ro050_lh00,exact,12.00000,12.75000,0.75000,0,1,0,1,1,false
EXP-05,exp05_p02_m04_ro050_lh00,exact,12.75000,13.50000,0.75000,1,1,0,2,0,false
EXP-05,exp05_p02_m04_ro050_lh00,exact,13.50000,17.70000,4.20000,2,0,0,2,0,false
EXP-05,exp05_p02_m04_ro050_lh00,exact,17.70000,18.45000,0.75000,1,1,0,2,0,false
EXP-05,exp05_p02_m04_ro050_lh00,exact,18.45000,20.70000,2.25000,1,1,0,2,0,false
EXP-05,exp05_p02_m04_ro050_lh00,exact,20.70000,23.40000,2.70000,2,0,0,2,0,false
EXP-05,exp05_p02_m04_ro050_lh00,exact,23.40000,24.15000,0.75000,1,1,0,2,0,false
EXP-05,exp05_p02_m04_ro050_lh00,exact,24.15000,29.10000,4.95000,2,0,0,2,0,false
EXP-05,exp05_p02_m04_ro050_lh00,exact,29.10000,30.90000,1.80000,2,0,0,2,0,false
EXP-05,exp05_p02_m04_ro050_lh00,exact,30.90000,33.90000,3.00000,1,1,0,2,0,false
EXP-05,exp05_p02_m04_ro050_lh00,exact,33.90000,34.20000,0.30000,1,0,0,1,1,false
EXP-05,exp05_p02_m04_ro050_lh00,exact,34.20000,36.45000,2.25000,0,1,0,1,1,false
EXP-05,exp05_p02_m04_ro050_lh05,baseline,0,1.50,1.50,0,1,1,2,0,true
EXP-05,exp05_p02_m04_ro050_lh05,baseline,1.50,2.25,0.75,1,1,0,2,0,false
EXP-05,exp05_p02_m04_ro050_lh05,baseline,2.25,6.75,4.50,2,0,0,2,0,false
EXP-05,exp05_p02_m04_ro050_lh05,baseline,6.75,7.50,0.75,1,1,0,2,0,false
EXP-05,exp05_p02_m04_ro050_lh05,baseline,7.50,10.50,3.00,1,0,0,1,1,false
EXP-05,exp05_p02_m04_ro050_lh05,baseline,10.50,12.00,1.50,0,1,0,1,1,false
EXP-05,exp05_p02_m04_ro050_lh05,baseline,12.00,14.25,2.25,0,1,1,2,0,true
EXP-05,exp05_p02_m04_ro050_lh05,baseline,14.25,15.225,0.975,1,1,0,2,0,false
EXP-05,exp05_p02_m04_ro050_lh05,baseline,15.225,19.950,4.725,2,0,0,2,0,false
EXP-05,exp05_p02_m04_ro050_lh05,baseline,19.950,20.925,0.975,1,1,0,2,0,false
EXP-05,exp05_p02_m04_ro050_lh05,baseline,20.925,25.650,4.725,2,0,0,2,0,false
EXP-05,exp05_p02_m04_ro050_lh05,baseline,25.650,26.625,0.975,1,1,0,2,0,false
EXP-05,exp05_p02_m04_ro050_lh05,baseline,26.625,27.75,1.125,2,0,0,2,0,false
EXP-05,exp05_p02_m04_ro050_lh05,baseline,27.75,30.00,2.25,1,1,0,2,0,false
EXP-05,exp05_p02_m04_ro050_lh05,baseline,30.00,30.975,0.975,1,1,0,2,0,false
EXP-05,exp05_p02_m04_ro050_lh05,baseline,30.975,31.350,0.375,2,0,0,2,0,false
EXP-05,exp05_p02_m04_ro050_lh05,baseline,31.350,35.700,4.350,1,0,0,1,1,false
EXP-05,exp05_p02_m04_ro050_lh05,baseline,35.700,36.600,0.900,1,0,0,1,1,false
EXP-05,exp05_p02_m04_ro050_lh05,baseline,36.600,40.500,3.900,0,1,0,1,1,false
EXP-05,exp05_p02_m04_ro050_lh05,exact,0,1.50000,1.50000,0,1,0,1,1,false
EXP-05,exp05_p02_m04_ro050_lh05,exact,1.50000,2.25000,0.75000,1,1,0,2,0,false
EXP-05,exp05_p02_m04_ro050_lh05,exact,2.25000,6.75000,4.50000,2,0,0,2,0,false
EXP-05,exp05_p02_m04_ro050_lh05,exact,6.75000,7.50000,0.75000,1,1,0,2,0,false
EXP-05,exp05_p02_m04_ro050_lh05,exact,7.50000,10.50000,3.00000,1,0,0,1,1,false
EXP-05,exp05_p02_m04_ro050_lh05,exact,10.50000,12.00000,1.50000,0,1,0,1,1,false
EXP-05,exp05_p02_m04_ro050_lh05,exact,12.00000,12.97500,0.97500,0,1,0,1,1,false
EXP-05,exp05_p02_m04_ro050_lh05,exact,12.97500,13.95000,0.97500,1,1,0,2,0,false
EXP-05,exp05_p02_m04_ro050_lh05,exact,13.95000,17.70000,3.75000,2,0,0,2,0,false
EXP-05,exp05_p02_m04_ro050_lh05,exact,17.70000,18.67500,0.97500,1,1,0,2,0,false
EXP-05,exp05_p02_m04_ro050_lh05,exact,18.67500,20.92500,2.25000,1,1,0,2,0,false
EXP-05,exp05_p02_m04_ro050_lh05,exact,20.92500,23.40000,2.47500,2,0,0,2,0,false
EXP-05,exp05_p02_m04_ro050_lh05,exact,23.40000,24.37500,0.97500,1,1,0,2,0,false
EXP-05,exp05_p02_m04_ro050_lh05,exact,24.37500,29.10000,4.72500,2,0,0,2,0,false
EXP-05,exp05_p02_m04_ro050_lh05,exact,29.10000,30.00000,0.90000,2,0,0,2,0,false
EXP-05,exp05_p02_m04_ro050_lh05,exact,30.00000,33.90000,3.90000,1,1,0,2,0,false
EXP-05,exp05_p02_m04_ro050_lh05,exact,33.90000,34.42500,0.52500,1,0,0,1,1,false
EXP-05,exp05_p02_m04_ro050_lh05,exact,34.42500,36.67500,2.25000,0,1,0,1,1,false
EXP-05,exp05_p02_m04_ro100_lh00,baseline,0,1.50,1.50,0,1,1,2,0,true
EXP-05,exp05_p02_m04_ro100_lh00,baseline,1.50,2.25,0.75,1,1,0,2,0,false
EXP-05,exp05_p02_m04_ro100_lh00,baseline,2.25,6.75,4.50,2,0,0,2,0,false
EXP-05,exp05_p02_m04_ro100_lh00,baseline,6.75,7.50,0.75,1,1,0,2,0,false
EXP-05,exp05_p02_m04_ro100_lh00,baseline,7.50,10.50,3.00,1,0,0,1,1,false
EXP-05,exp05_p02_m04_ro100_lh00,baseline,10.50,12.00,1.50,0,1,0,1,1,false
EXP-05,exp05_p02_m04_ro100_lh00,baseline,12.00,14.25,2.25,0,1,1,2,0,true
EXP-05,exp05_p02_m04_ro100_lh00,baseline,14.25,15.00,0.75,1,1,0,2,0,false
EXP-05,exp05_p02_m04_ro100_lh00,baseline,15.00,20.40,5.40,2,0,0,2,0,false
EXP-05,exp05_p02_m04_ro100_lh00,baseline,20.40,21.15,0.75,1,1,0,2,0,false
EXP-05,exp05_p02_m04_ro100_lh00,baseline,21.15,26.55,5.40,2,0,0,2,0,false
EXP-05,exp05_p02_m04_ro100_lh00,baseline,26.55,27.30,0.75,1,1,0,2,0,false
EXP-05,exp05_p02_m04_ro100_lh00,baseline,27.30,27.75,0.45,2,0,0,2,0,false
EXP-05,exp05_p02_m04_ro100_lh00,baseline,27.75,30.00,2.25,1,1,0,2,0,false
EXP-05,exp05_p02_m04_ro100_lh00,baseline,30.00,30.75,0.75,1,1,0,2,0,false
EXP-05,exp05_p02_m04_ro100_lh00,baseline,30.75,32.70,1.95,2,0,0,2,0,false
EXP-05,exp05_p02_m04_ro100_lh00,baseline,32.70,36.15,3.45,1,0,0,1,1,false
EXP-05,exp05_p02_m04_ro100_lh00,baseline,36.15,39.75,3.60,1,0,0,1,1,false
EXP-05,exp05_p02_m04_ro100_lh00,baseline,39.75,42.75,3.00,0,1,0,1,1,false
EXP-05,exp05_p02_m04_ro100_lh00,exact,0,1.50000,1.50000,0,1,0,1,1,false
EXP-05,exp05_p02_m04_ro100_lh00,exact,1.50000,2.25000,0.75000,1,1,0,2,0,false
EXP-05,exp05_p02_m04_ro100_lh00,exact,2.25000,6.75000,4.50000,2,0,0,2,0,false
EXP-05,exp05_p02_m04_ro100_lh00,exact,6.75000,7.50000,0.75000,1,1,0,2,0,false
EXP-05,exp05_p02_m04_ro100_lh00,exact,7.50000,10.50000,3.00000,1,0,0,1,1,false
EXP-05,exp05_p02_m04_ro100_lh00,exact,10.50000,12.00000,1.50000,0,1,0,1,1,false
EXP-05,exp05_p02_m04_ro100_lh00,exact,12.00000,12.75000,0.75000,0,1,0,1,1,false
EXP-05,exp05_p02_m04_ro100_lh00,exact,12.75000,13.50000,0.75000,1,1,0,2,0,false
EXP-05,exp05_p02_m04_ro100_lh00,exact,13.50000,18.15000,4.65000,2,0,0,2,0,false
EXP-05,exp05_p02_m04_ro100_lh00,exact,18.15000,18.90000,0.75000,1,1,0,2,0,false
EXP-05,exp05_p02_m04_ro100_lh00,exact,18.90000,20.40000,1.50000,0,1,0,1,1,false
EXP-05,exp05_p02_m04_ro100_lh00,exact,20.40000,21.15000,0.75000,1,1,0,2,0,false
EXP-05,exp05_p02_m04_ro100_lh00,exact,21.15000,26.55000,5.40000,2,0,0,2,0,false
EXP-05,exp05_p02_m04_ro100_lh00,exact,26.55000,27.30000,0.75000,1,1,0,2,0,false
EXP-05,exp05_p02_m04_ro100_lh00,exact,27.30000,32.70000,5.40000,2,0,0,2,0,false
EXP-05,exp05_p02_m04_ro100_lh00,exact,32.70000,33.90000,1.20000,2,0,0,2,0,false
EXP-05,exp05_p02_m04_ro100_lh00,exact,33.90000,36.15000,2.25000,1,1,0,2,0,false
EXP-05,exp05_p02_m04_ro100_lh00,exact,36.15000,36.30000,0.15000,1,0,0,1,1,false
EXP-05,exp05_p02_m04_ro100_lh00,exact,36.30000,39.30000,3.00000,0,1,0,1,1,false
EXP-05,exp05_p02_m04_ro100_lh05,baseline,0,1.50,1.50,0,1,1,2,0,true
EXP-05,exp05_p02_m04_ro100_lh05,baseline,1.50,2.25,0.75,1,1,0,2,0,false
EXP-05,exp05_p02_m04_ro100_lh05,baseline,2.25,6.75,4.50,2,0,0,2,0,false
EXP-05,exp05_p02_m04_ro100_lh05,baseline,6.75,7.50,0.75,1,1,0,2,0,false
EXP-05,exp05_p02_m04_ro100_lh05,baseline,7.50,10.50,3.00,1,0,0,1,1,false
EXP-05,exp05_p02_m04_ro100_lh05,baseline,10.50,12.00,1.50,0,1,0,1,1,false
EXP-05,exp05_p02_m04_ro100_lh05,baseline,12.00,14.25,2.25,0,1,1,2,0,true
EXP-05,exp05_p02_m04_ro100_lh05,baseline,14.25,15.450,1.200,1,1,0,2,0,false
EXP-05,exp05_p02_m04_ro100_lh05,baseline,15.450,20.400,4.950,2,0,0,2,0,false
EXP-05,exp05_p02_m04_ro100_lh05,baseline,20.400,21.600,1.200,1,1,0,2,0,false
EXP-05,exp05_p02_m04_ro100_lh05,baseline,21.600,26.550,4.950,2,0,0,2,0,false
EXP-05,exp05_p02_m04_ro100_lh05,baseline,26.550,27.75,1.200,1,1,0,2,0,false
EXP-05,exp05_p02_m04_ro100_lh05,baseline,27.75,30.00,2.25,1,1,0,2,0,false
EXP-05,exp05_p02_m04_ro100_lh05,baseline,30.00,31.200,1.200,1,1,0,2,0,false
EXP-05,exp05_p02_m04_ro100_lh05,baseline,31.200,32.700,1.500,2,0,0,2,0,false
EXP-05,exp05_p02_m04_ro100_lh05,baseline,32.700,36.150,3.450,1,0,0,1,1,false
EXP-05,exp05_p02_m04_ro100_lh05,baseline,36.150,37.950,1.800,1,0,0,1,1,false
EXP-05,exp05_p02_m04_ro100_lh05,baseline,37.950,42.750,4.800,0,1,0,1,1,false
EXP-05,exp05_p02_m04_ro100_lh05,exact,0,1.50000,1.50000,0,1,0,1,1,false
EXP-05,exp05_p02_m04_ro100_lh05,exact,1.50000,2.25000,0.75000,1,1,0,2,0,false
EXP-05,exp05_p02_m04_ro100_lh05,exact,2.25000,6.75000,4.50000,2,0,0,2,0,false
EXP-05,exp05_p02_m04_ro100_lh05,exact,6.75000,7.50000,0.75000,1,1,0,2,0,false
EXP-05,exp05_p02_m04_ro100_lh05,exact,7.50000,10.50000,3.00000,1,0,0,1,1,false
EXP-05,exp05_p02_m04_ro100_lh05,exact,10.50000,12.00000,1.50000,0,1,0,1,1,false
EXP-05,exp05_p02_m04_ro100_lh05,exact,12.00000,13.20000,1.20000,0,1,0,1,1,false
EXP-05,exp05_p02_m04_ro100_lh05,exact,13.20000,14.40000,1.20000,1,1,0,2,0,false
EXP-05,exp05_p02_m04_ro100_lh05,exact,14.40000,18.15000,3.75000,2,0,0,2,0,false
EXP-05,exp05_p02_m04_ro100_lh05,exact,18.15000,19.35000,1.20000,1,1,0,2,0,false
EXP-05,exp05_p02_m04_ro100_lh05,exact,19.35000,21.60000,2.25000,1,1,0,2,0,false
EXP-05,exp05_p02_m04_ro100_lh05,exact,21.60000,24.30000,2.70000,2,0,0,2,0,false
EXP-05,exp05_p02_m04_ro100_lh05,exact,24.30000,25.50000,1.20000,1,1,0,2,0,false
EXP-05,exp05_p02_m04_ro100_lh05,exact,25.50000,30.45000,4.95000,2,0,0,2,0,false
EXP-05,exp05_p02_m04_ro100_lh05,exact,30.45000,32.25000,1.80000,2,0,0,2,0,false
EXP-05,exp05_p02_m04_ro100_lh05,exact,32.25000,35.10000,2.85000,1,1,0,2,0,false
EXP-05,exp05_p02_m04_ro100_lh05,exact,35.10000,37.05000,1.95000,0,1,1,2,0,true
EXP-05,exp05_p02_m04_ro100_lh05,exact,37.05000,39.30000,2.25000,0,1,0,1,1,false
EXP-05,exp05_p02_m06_ro000_lh00,baseline,0,1.50,1.50,0,1,1,2,0,true
EXP-05,exp05_p02_m06_ro000_lh00,baseline,1.50,2.25,0.75,1,1,0,2,0,false
EXP-05,exp05_p02_m06_ro000_lh00,baseline,2.25,6.75,4.50,2,0,0,2,0,false
EXP-05,exp05_p02_m06_ro000_lh00,baseline,6.75,7.50,0.75,1,1,0,2,0,false
EXP-05,exp05_p02_m06_ro000_lh00,baseline,7.50,10.50,3.00,1,0,0,1,1,false
EXP-05,exp05_p02_m06_ro000_lh00,baseline,10.50,12.00,1.50,0,1,0,1,1,false
EXP-05,exp05_p02_m06_ro000_lh00,baseline,12.00,14.25,2.25,0,1,1,2,0,true
EXP-05,exp05_p02_m06_ro000_lh00,baseline,14.25,14.75,0.50,1,1,0,2,0,false
EXP-05,exp05_p02_m06_ro000_lh00,baseline,14.75,17.75,3.00,2,0,0,2,0,false
EXP-05,exp05_p02_m06_ro000_lh00,baseline,17.75,18.25,0.50,1,1,0,2,0,false
EXP-05,exp05_p02_m06_ro000_lh00,baseline,18.25,21.25,3.00,2,0,0,2,0,false
EXP-05,exp05_p02_m06_ro000_lh00,baseline,21.25,21.75,0.50,1,1,0,2,0,false
EXP-05,exp05_p02_m06_ro000_lh00,baseline,21.75,24.75,3.00,2,0,0,2,0,false
EXP-05,exp05_p02_m06_ro000_lh00,baseline,24.75,25.25,0.50,1,1,0,2,0,false
EXP-05,exp05_p02_m06_ro000_lh00,baseline,25.25,27.75,2.50,2,0,0,2,0,false
EXP-05,exp05_p02_m06_ro000_lh00,baseline,27.75,28.25,0.50,1,1,0,2,0,false
EXP-05,exp05_p02_m06_ro000_lh00,baseline,28.25,30.00,1.75,0,1,1,2,0,true
EXP-05,exp05_p02_m06_ro000_lh00,baseline,30.00,30.50,0.50,0,1,1,2,0,true
EXP-05,exp05_p02_m06_ro000_lh00,baseline,30.50,31.00,0.50,1,1,0,2,0,false
EXP-05,exp05_p02_m06_ro000_lh00,baseline,31.00,33.50,2.50,2,0,0,2,0,false
EXP-05,exp05_p02_m06_ro000_lh00,baseline,33.50,34.00,0.50,1,0,0,1,1,false
EXP-05,exp05_p02_m06_ro000_lh00,baseline,34.00,37.00,3.00,0,1,0,1,1,false
EXP-05,exp05_p02_m06_ro000_lh00,exact,0,1.50000,1.50000,0,1,0,1,1,false
EXP-05,exp05_p02_m06_ro000_lh00,exact,1.50000,2.25000,0.75000,1,1,0,2,0,false
EXP-05,exp05_p02_m06_ro000_lh00,exact,2.25000,6.75000,4.50000,2,0,0,2,0,false
EXP-05,exp05_p02_m06_ro000_lh00,exact,6.75000,7.50000,0.75000,1,1,0,2,0,false
EXP-05,exp05_p02_m06_ro000_lh00,exact,7.50000,10.50000,3.00000,1,0,0,1,1,false
EXP-05,exp05_p02_m06_ro000_lh00,exact,10.50000,12.00000,1.50000,0,1,0,1,1,false
EXP-05,exp05_p02_m06_ro000_lh00,exact,12.00000,12.50000,0.50000,0,1,0,1,1,false
EXP-05,exp05_p02_m06_ro000_lh00,exact,12.50000,13.00000,0.50000,1,1,0,2,0,false
EXP-05,exp05_p02_m06_ro000_lh00,exact,13.00000,15.50000,2.50000,2,0,0,2,0,false
EXP-05,exp05_p02_m06_ro000_lh00,exact,15.50000,16.00000,0.50000,1,1,0,2,0,false
EXP-05,exp05_p02_m06_ro000_lh00,exact,16.00000,16.00625,0.00625,1,0,0,1,1,false
EXP-05,exp05_p02_m06_ro000_lh00,exact,16.00625,18.25625,2.25000,1,1,0,2,0,false
EXP-05,exp05_p02_m06_ro000_lh00,exact,18.25625,19.00000,0.74375,2,0,0,2,0,false
EXP-05,exp05_p02_m06_ro000_lh00,exact,19.00000,19.50000,0.50000,1,1,0,2,0,false
EXP-05,exp05_p02_m06_ro000_lh00,exact,19.50000,22.50000,3.00000,2,0,0,2,0,false
EXP-05,exp05_p02_m06_ro000_lh00,exact,22.50000,23.00000,0.50000,1,1,0,2,0,false
EXP-05,exp05_p02_m06_ro000_lh00,exact,23.00000,26.00000,3.00000,2,0,0,2,0,false
EXP-05,exp05_p02_m06_ro000_lh00,exact,26.00000,26.50000,0.50000,1,1,0,2,0,false
EXP-05,exp05_p02_m06_ro000_lh00,exact,26.50000,29.50000,3.00000,2,0,0,2,0,false
EXP-05,exp05_p02_m06_ro000_lh00,exact,29.50000,31.75625,2.25625,1,1,0,2,0,false
EXP-05,exp05_p02_m06_ro000_lh00,exact,31.75625,32.50000,0.74375,0,1,1,2,0,true
EXP-05,exp05_p02_m06_ro000_lh00,exact,32.50000,34.75000,2.25000,0,1,0,1,1,false
EXP-05,exp05_p02_m06_ro050_lh00,baseline,0,1.50,1.50,0,1,1,2,0,true
EXP-05,exp05_p02_m06_ro050_lh00,baseline,1.50,2.25,0.75,1,1,0,2,0,false
EXP-05,exp05_p02_m06_ro050_lh00,baseline,2.25,6.75,4.50,2,0,0,2,0,false
EXP-05,exp05_p02_m06_ro050_lh00,baseline,6.75,7.50,0.75,1,1,0,2,0,false
EXP-05,exp05_p02_m06_ro050_lh00,baseline,7.50,10.50,3.00,1,0,0,1,1,false
EXP-05,exp05_p02_m06_ro050_lh00,baseline,10.50,12.00,1.50,0,1,0,1,1,false
EXP-05,exp05_p02_m06_ro050_lh00,baseline,12.00,14.25,2.25,0,1,1,2,0,true
EXP-05,exp05_p02_m06_ro050_lh00,baseline,14.25,14.75,0.50,1,1,0,2,0,false
EXP-05,exp05_p02_m06_ro050_lh00,baseline,14.75,18.25,3.50,2,0,0,2,0,false
EXP-05,exp05_p02_m06_ro050_lh00,baseline,18.25,18.75,0.50,1,1,0,2,0,false
EXP-05,exp05_p02_m06_ro050_lh00,baseline,18.75,22.25,3.50,2,0,0,2,0,false
EXP-05,exp05_p02_m06_ro050_lh00,baseline,22.25,22.75,0.50,1,1,0,2,0,false
EXP-05,exp05_p02_m06_ro050_lh00,baseline,22.75,26.25,3.50,2,0,0,2,0,false
EXP-05,exp05_p02_m06_ro050_lh00,baseline,26.25,26.75,0.50,1,1,0,2,0,false
EXP-05,exp05_p02_m06_ro050_lh00,baseline,26.75,27.75,1.00,2,0,0,2,0,false
EXP-05,exp05_p02_m06_ro050_lh00,baseline,27.75,30.00,2.25,1,1,0,2,0,false
EXP-05,exp05_p02_m06_ro050_lh00,baseline,30.00,30.25,0.25,1,1,0,2,0,false
EXP-05,exp05_p02_m06_ro050_lh00,baseline,30.25,30.50,0.25,0,1,1,2,0,true
EXP-05,exp05_p02_m06_ro050_lh00,baseline,30.50,31.00,0.50,1,1,0,2,0,false
EXP-05,exp05_p02_m06_ro050_lh00,baseline,31.00,34.00,3.00,2,0,0,2,0,false
EXP-05,exp05_p02_m06_ro050_lh00,baseline,34.00,34.50,0.50,1,0,0,1,1,false
EXP-05,exp05_p02_m06_ro050_lh00,baseline,34.50,37.50,3.00,1,0,0,1,1,false
EXP-05,exp05_p02_m06_ro050_lh00,baseline,37.50,40.50,3.00,0,1,0,1,1,false
EXP-05,exp05_p02_m06_ro050_lh00,exact,0,1.50000,1.50000,0,1,0,1,1,false
EXP-05,exp05_p02_m06_ro050_lh00,exact,1.50000,2.25000,0.75000,1,1,0,2,0,false
EXP-05,exp05_p02_m06_ro050_lh00,exact,2.25000,6.75000,4.50000,2,0,0,2,0,false
EXP-05,exp05_p02_m06_ro050_lh00,exact,6.75000,7.50000,0.75000,1,1,0,2,0,false
EXP-05,exp05_p02_m06_ro050_lh00,exact,7.50000,10.50000,3.00000,1,0,0,1,1,false
EXP-05,exp05_p02_m06_ro050_lh00,exact,10.50000,12.00000,1.50000,0,1,0,1,1,false
EXP-05,exp05_p02_m06_ro050_lh00,exact,12.00000,12.50000,0.50000,0,1,0,1,1,false
EXP-05,exp05_p02_m06_ro050_lh00,exact,12.50000,13.00000,0.50000,1,1,0,2,0,false
EXP-05,exp05_p02_m06_ro050_lh00,exact,13.00000,16.00000,3.00000,2,0,0,2,0,false
EXP-05,exp05_p02_m06_ro050_lh00,exact,16.00000,16.50000,0.50000,1,1,0,2,0,false
EXP-05,exp05_p02_m06_ro050_lh00,exact,16.50000,18.75000,2.25000,1,1,0,2,0,false
EXP-05,exp05_p02_m06_ro050_lh00,exact,18.75000,20.00000,1.25000,2,0,0,2,0,false
EXP-05,exp05_p02_m06_ro050_lh00,exact,20.00000,20.50000,0.50000,1,1,0,2,0,false
EXP-05,exp05_p02_m06_ro050_lh00,exact,20.50000,24.00000,3.50000,2,0,0,2,0,false
EXP-05,exp05_p02_m06_ro050_lh00,exact,24.00000,24.50000,0.50000,1,1,0,2,0,false
EXP-05,exp05_p02_m06_ro050_lh00,exact,24.50000,28.00000,3.50000,2,0,0,2,0,false
EXP-05,exp05_p02_m06_ro050_lh00,exact,28.00000,28.50000,0.50000,1,1,0,2,0,false
EXP-05,exp05_p02_m06_ro050_lh00,exact,28.50000,32.00000,3.50000,2,0,0,2,0,false
EXP-05,exp05_p02_m06_ro050_lh00,exact,32.00000,32.25000,0.25000,2,0,0,2,0,false
EXP-05,exp05_p02_m06_ro050_lh00,exact,32.25000,34.50000,2.25000,1,1,0,2,0,false
EXP-05,exp05_p02_m06_ro050_lh00,exact,34.50000,35.00000,0.50000,1,0,0,1,1,false
EXP-05,exp05_p02_m06_ro050_lh00,exact,35.00000,38.00000,3.00000,0,1,0,1,1,false
EXP-05,exp05_p02_m06_ro050_lh05,baseline,0,1.50,1.50,0,1,1,2,0,true
EXP-05,exp05_p02_m06_ro050_lh05,baseline,1.50,2.25,0.75,1,1,0,2,0,false
EXP-05,exp05_p02_m06_ro050_lh05,baseline,2.25,6.75,4.50,2,0,0,2,0,false
EXP-05,exp05_p02_m06_ro050_lh05,baseline,6.75,7.50,0.75,1,1,0,2,0,false
EXP-05,exp05_p02_m06_ro050_lh05,baseline,7.50,10.50,3.00,1,0,0,1,1,false
EXP-05,exp05_p02_m06_ro050_lh05,baseline,10.50,12.00,1.50,0,1,0,1,1,false
EXP-05,exp05_p02_m06_ro050_lh05,baseline,12.00,14.25,2.25,0,1,1,2,0,true
EXP-05,exp05_p02_m06_ro050_lh05,baseline,14.25,15.000,0.750,1,1,0,2,0,false
EXP-05,exp05_p02_m06_ro050_lh05,baseline,15.000,18.250,3.250,2,0,0,2,0,false
EXP-05,exp05_p02_m06_ro050_lh05,baseline,18.250,19.000,0.750,1,1,0,2,0,false
EXP-05,exp05_p02_m06_ro050_lh05,baseline,19.000,22.250,3.250,2,0,0,2,0,false
EXP-05,exp05_p02_m06_ro050_lh05,baseline,22.250,23.000,0.750,1,1,0,2,0,false
EXP-05,exp05_p02_m06_ro050_lh05,baseline,23.000,26.250,3.250,2,0,0,2,0,false
EXP-05,exp05_p02_m06_ro050_lh05,baseline,26.250,27.000,0.750,1,1,0,2,0,false
EXP-05,exp05_p02_m06_ro050_lh05,baseline,27.000,27.75,0.750,2,0,0,2,0,false
EXP-05,exp05_p02_m06_ro050_lh05,baseline,27.75,30.00,2.25,1,1,0,2,0,false
EXP-05,exp05_p02_m06_ro050_lh05,baseline,30.00,30.250,0.250,1,1,0,2,0,false
EXP-05,exp05_p02_m06_ro050_lh05,baseline,30.250,30.750,0.500,0,1,1,2,0,true
EXP-05,exp05_p02_m06_ro050_lh05,baseline,30.750,31.500,0.750,1,1,0,2,0,false
EXP-05,exp05_p02_m06_ro050_lh05,baseline,31.500,34.000,2.500,2,0,0,2,0,false
EXP-05,exp05_p02_m06_ro050_lh05,baseline,34.000,34.750,0.750,1,0,0,1,1,false
EXP-05,exp05_p02_m06_ro050_lh05,baseline,34.750,36.250,1.500,1,0,0,1,1,false
EXP-05,exp05_p02_m06_ro050_lh05,baseline,36.250,40.750,4.500,0,1,0,1,1,false
EXP-05,exp05_p02_m06_ro050_lh05,exact,0,1.50000,1.50000,0,1,0,1,1,false
EXP-05,exp05_p02_m06_ro050_lh05,exact,1.50000,2.25000,0.75000,1,1,0,2,0,false
EXP-05,exp05_p02_m06_ro050_lh05,exact,2.25000,6.75000,4.50000,2,0,0,2,0,false
EXP-05,exp05_p02_m06_ro050_lh05,exact,6.75000,7.50000,0.75000,1,1,0,2,0,false
EXP-05,exp05_p02_m06_ro050_lh05,exact,7.50000,10.50000,3.00000,1,0,0,1,1,false
EXP-05,exp05_p02_m06_ro050_lh05,exact,10.50000,12.00000,1.50000,0,1,0,1,1,false
EXP-05,exp05_p02_m06_ro050_lh05,exact,12.00000,12.75000,0.75000,0,1,0,1,1,false
EXP-05,exp05_p02_m06_ro050_lh05,exact,12.75000,13.50000,0.75000,1,1,0,2,0,false
EXP-05,exp05_p02_m06_ro050_lh05,exact,13.50000,16.00000,2.50000,2,0,0,2,0,false
EXP-05,exp05_p02_m06_ro050_lh05,exact,16.00000,16.75000,0.75000,1,1,0,2,0,false
EXP-05,exp05_p02_m06_ro050_lh05,exact,16.75000,17.50000,0.75000,1,1,0,2,0,false
EXP-05,exp05_p02_m06_ro050_lh05,exact,17.50000,20.00000,2.50000,2,0,0,2,0,false
EXP-05,exp05_p02_m06_ro050_lh05,exact,20.00000,20.75000,0.75000,1,1,0,2,0,false
EXP-05,exp05_p02_m06_ro050_lh05,exact,20.75000,22.25000,1.50000,0,1,0,1,1,false
EXP-05,exp05_p02_m06_ro050_lh05,exact,22.25000,23.00000,0.75000,1,1,0,2,0,false
EXP-05,exp05_p02_m06_ro050_lh05,exact,23.00000,26.25000,3.25000,2,0,0,2,0,false
EXP-05,exp05_p02_m06_ro050_lh05,exact,26.25000,27.00000,0.75000,1,1,0,2,0,false
EXP-05,exp05_p02_m06_ro050_lh05,exact,27.00000,30.25000,3.25000,2,0,0,2,0,false
EXP-05,exp05_p02_m06_ro050_lh05,exact,30.25000,31.75000,1.50000,2,0,0,2,0,false
EXP-05,exp05_p02_m06_ro050_lh05,exact,31.75000,35.75000,4.00000,1,1,0,2,0,false
EXP-05,exp05_p02_m06_ro050_lh05,exact,35.75000,36.25000,0.50000,0,1,1,2,0,true
EXP-05,exp05_p02_m06_ro050_lh05,exact,36.25000,38.50000,2.25000,0,1,0,1,1,false
EXP-05,exp05_p02_m06_ro100_lh00,baseline,0,1.50,1.50,0,1,1,2,0,true
EXP-05,exp05_p02_m06_ro100_lh00,baseline,1.50,2.25,0.75,1,1,0,2,0,false
EXP-05,exp05_p02_m06_ro100_lh00,baseline,2.25,6.75,4.50,2,0,0,2,0,false
EXP-05,exp05_p02_m06_ro100_lh00,baseline,6.75,7.50,0.75,1,1,0,2,0,false
EXP-05,exp05_p02_m06_ro100_lh00,baseline,7.50,10.50,3.00,1,0,0,1,1,false
EXP-05,exp05_p02_m06_ro100_lh00,baseline,10.50,12.00,1.50,0,1,0,1,1,false
EXP-05,exp05_p02_m06_ro100_lh00,baseline,12.00,14.25,2.25,0,1,1,2,0,true
EXP-05,exp05_p02_m06_ro100_lh00,baseline,14.25,14.75,0.50,1,1,0,2,0,false
EXP-05,exp05_p02_m06_ro100_lh00,baseline,14.75,18.75,4.00,2,0,0,2,0,false
EXP-05,exp05_p02_m06_ro100_lh00,baseline,18.75,19.25,0.50,1,1,0,2,0,false
EXP-05,exp05_p02_m06_ro100_lh00,baseline,19.25,23.25,4.00,2,0,0,2,0,false
EXP-05,exp05_p02_m06_ro100_lh00,baseline,23.25,23.75,0.50,1,1,0,2,0,false
EXP-05,exp05_p02_m06_ro100_lh00,baseline,23.75,27.75,4.00,2,0,0,2,0,false
EXP-05,exp05_p02_m06_ro100_lh00,baseline,27.75,30.00,2.25,0,1,1,2,0,true
EXP-05,exp05_p02_m06_ro100_lh00,baseline,30.00,30.50,0.50,0,1,1,2,0,true
EXP-05,exp05_p02_m06_ro100_lh00,baseline,30.50,31.00,0.50,1,1,0,2,0,false
EXP-05,exp05_p02_m06_ro100_lh00,baseline,31.00,34.50,3.50,2,0,0,2,0,false
EXP-05,exp05_p02_m06_ro100_lh00,baseline,34.50,35.00,0.50,1,1,0,2,0,false
EXP-05,exp05_p02_m06_ro100_lh00,baseline,35.00,39.00,4.00,1,0,0,1,1,false
EXP-05,exp05_p02_m06_ro100_lh00,baseline,39.00,45.00,6.00,1,0,0,1,1,false
EXP-05,exp05_p02_m06_ro100_lh00,baseline,45.00,48.00,3.00,0,1,0,1,1,false
EXP-05,exp05_p02_m06_ro100_lh00,exact,0,1.50000,1.50000,0,1,0,1,1,false
EXP-05,exp05_p02_m06_ro100_lh00,exact,1.50000,2.25000,0.75000,1,1,0,2,0,false
EXP-05,exp05_p02_m06_ro100_lh00,exact,2.25000,6.75000,4.50000,2,0,0,2,0,false
EXP-05,exp05_p02_m06_ro100_lh00,exact,6.75000,7.50000,0.75000,1,1,0,2,0,false
EXP-05,exp05_p02_m06_ro100_lh00,exact,7.50000,10.50000,3.00000,1,0,0,1,1,false
EXP-05,exp05_p02_m06_ro100_lh00,exact,10.50000,12.00000,1.50000,0,1,0,1,1,false
EXP-05,exp05_p02_m06_ro100_lh00,exact,12.00000,12.50000,0.50000,0,1,0,1,1,false
EXP-05,exp05_p02_m06_ro100_lh00,exact,12.50000,13.00000,0.50000,1,1,0,2,0,false
EXP-05,exp05_p02_m06_ro100_lh00,exact,13.00000,16.50000,3.50000,2,0,0,2,0,false
EXP-05,exp05_p02_m06_ro100_lh00,exact,16.50000,17.00000,0.50000,1,1,0,2,0,false
EXP-05,exp05_p02_m06_ro100_lh00,exact,17.00000,17.50000,0.50000,1,1,0,2,0,false
EXP-05,exp05_p02_m06_ro100_lh00,exact,17.50000,21.00000,3.50000,2,0,0,2,0,false
EXP-05,exp05_p02_m06_ro100_lh00,exact,21.00000,21.50000,0.50000,1,1,0,2,0,false
EXP-05,exp05_p02_m06_ro100_lh00,exact,21.50000,23.75000,2.25000,1,1,0,2,0,false
EXP-05,exp05_p02_m06_ro100_lh00,exact,23.75000,25.50000,1.75000,2,0,0,2,0,false
EXP-05,exp05_p02_m06_ro100_lh00,exact,25.50000,26.00000,0.50000,1,1,0,2,0,false
EXP-05,exp05_p02_m06_ro100_lh00,exact,26.00000,30.00000,4.00000,2,0,0,2,0,false
EXP-05,exp05_p02_m06_ro100_lh00,exact,30.00000,36.00000,6.00000,2,0,0,2,0,false
EXP-05,exp05_p02_m06_ro100_lh00,exact,36.00000,37.25000,1.25000,1,1,0,2,0,false
EXP-05,exp05_p02_m06_ro100_lh00,exact,37.25000,39.00000,1.75000,0,1,1,2,0,true
EXP-05,exp05_p02_m06_ro100_lh00,exact,39.00000,41.25000,2.25000,0,1,0,1,1,false
EXP-05,exp05_p02_m06_ro100_lh05,baseline,0,1.50,1.50,0,1,1,2,0,true
EXP-05,exp05_p02_m06_ro100_lh05,baseline,1.50,2.25,0.75,1,1,0,2,0,false
EXP-05,exp05_p02_m06_ro100_lh05,baseline,2.25,6.75,4.50,2,0,0,2,0,false
EXP-05,exp05_p02_m06_ro100_lh05,baseline,6.75,7.50,0.75,1,1,0,2,0,false
EXP-05,exp05_p02_m06_ro100_lh05,baseline,7.50,10.50,3.00,1,0,0,1,1,false
EXP-05,exp05_p02_m06_ro100_lh05,baseline,10.50,12.00,1.50,0,1,0,1,1,false
EXP-05,exp05_p02_m06_ro100_lh05,baseline,12.00,14.25,2.25,0,1,1,2,0,true
EXP-05,exp05_p02_m06_ro100_lh05,baseline,14.25,15.250,1.000,1,1,0,2,0,false
EXP-05,exp05_p02_m06_ro100_lh05,baseline,15.250,18.750,3.500,2,0,0,2,0,false
EXP-05,exp05_p02_m06_ro100_lh05,baseline,18.750,19.750,1.000,1,1,0,2,0,false
EXP-05,exp05_p02_m06_ro100_lh05,baseline,19.750,23.250,3.500,2,0,0,2,0,false
EXP-05,exp05_p02_m06_ro100_lh05,baseline,23.250,24.250,1.000,1,1,0,2,0,false
EXP-05,exp05_p02_m06_ro100_lh05,baseline,24.250,27.75,3.500,2,0,0,2,0,false
EXP-05,exp05_p02_m06_ro100_lh05,baseline,27.75,30.00,2.25,0,1,1,2,0,true
EXP-05,exp05_p02_m06_ro100_lh05,baseline,30.00,31.000,1.000,0,1,1,2,0,true
EXP-05,exp05_p02_m06_ro100_lh05,baseline,31.000,32.000,1.000,1,1,0,2,0,false
EXP-05,exp05_p02_m06_ro100_lh05,baseline,32.000,34.500,2.500,2,0,0,2,0,false
EXP-05,exp05_p02_m06_ro100_lh05,baseline,34.500,35.500,1.000,1,1,0,2,0,false
EXP-05,exp05_p02_m06_ro100_lh05,baseline,35.500,39.000,3.500,1,0,0,1,1,false
EXP-05,exp05_p02_m06_ro100_lh05,baseline,39.000,42.000,3.000,1,0,0,1,1,false
EXP-05,exp05_p02_m06_ro100_lh05,baseline,42.000,48.000,6.000,0,1,0,1,1,false
EXP-05,exp05_p02_m06_ro100_lh05,exact,0,1.50000,1.50000,0,1,0,1,1,false
EXP-05,exp05_p02_m06_ro100_lh05,exact,1.50000,2.25000,0.75000,1,1,0,2,0,false
EXP-05,exp05_p02_m06_ro100_lh05,exact,2.25000,6.75000,4.50000,2,0,0,2,0,false
EXP-05,exp05_p02_m06_ro100_lh05,exact,6.75000,7.50000,0.75000,1,1,0,2,0,false
EXP-05,exp05_p02_m06_ro100_lh05,exact,7.50000,10.50000,3.00000,1,0,0,1,1,false
EXP-05,exp05_p02_m06_ro100_lh05,exact,10.50000,12.00000,1.50000,0,1,0,1,1,false
EXP-05,exp05_p02_m06_ro100_lh05,exact,12.00000,13.00000,1.00000,0,1,0,1,1,false
EXP-05,exp05_p02_m06_ro100_lh05,exact,13.00000,14.00000,1.00000,1,1,0,2,0,false
EXP-05,exp05_p02_m06_ro100_lh05,exact,14.00000,16.50000,2.50000,2,0,0,2,0,false
EXP-05,exp05_p02_m06_ro100_lh05,exact,16.50000,17.50000,1.00000,1,1,0,2,0,false
EXP-05,exp05_p02_m06_ro100_lh05,exact,17.50000,18.50000,1.00000,1,1,0,2,0,false
EXP-05,exp05_p02_m06_ro100_lh05,exact,18.50000,21.00000,2.50000,2,0,0,2,0,false
EXP-05,exp05_p02_m06_ro100_lh05,exact,21.00000,22.00000,1.00000,1,1,0,2,0,false
EXP-05,exp05_p02_m06_ro100_lh05,exact,22.00000,24.25000,2.25000,1,1,0,2,0,false
EXP-05,exp05_p02_m06_ro100_lh05,exact,24.25000,25.50000,1.25000,2,0,0,2,0,false
EXP-05,exp05_p02_m06_ro100_lh05,exact,25.50000,26.50000,1.00000,1,1,0,2,0,false
EXP-05,exp05_p02_m06_ro100_lh05,exact,26.50000,30.00000,3.50000,2,0,0,2,0,false
EXP-05,exp05_p02_m06_ro100_lh05,exact,30.00000,33.00000,3.00000,2,0,0,2,0,false
EXP-05,exp05_p02_m06_ro100_lh05,exact,33.00000,37.75000,4.75000,1,1,0,2,0,false
EXP-05,exp05_p02_m06_ro100_lh05,exact,37.75000,39.00000,1.25000,0,1,1,2,0,true
EXP-05,exp05_p02_m06_ro100_lh05,exact,39.00000,41.25000,2.25000,0,1,0,1,1,false
EXP-05,exp05_p02_m08_ro000_lh00,baseline,0,1.50,1.50,0,1,1,2,0,true
EXP-05,exp05_p02_m08_ro000_lh00,baseline,1.50,2.25,0.75,1,1,0,2,0,false
EXP-05,exp05_p02_m08_ro000_lh00,baseline,2.25,6.75,4.50,2,0,0,2,0,false
EXP-05,exp05_p02_m08_ro000_lh00,baseline,6.75,7.50,0.75,1,1,0,2,0,false
EXP-05,exp05_p02_m08_ro000_lh00,baseline,7.50,10.50,3.00,1,0,0,1,1,false
EXP-05,exp05_p02_m08_ro000_lh00,baseline,10.50,12.00,1.50,0,1,0,1,1,false
EXP-05,exp05_p02_m08_ro000_lh00,baseline,12.00,14.25,2.25,0,1,1,2,0,true
EXP-05,exp05_p02_m08_ro000_lh00,baseline,14.25,14.625,0.375,1,1,0,2,0,false
EXP-05,exp05_p02_m08_ro000_lh00,baseline,14.625,16.875,2.250,2,0,0,2,0,false
EXP-05,exp05_p02_m08_ro000_lh00,baseline,16.875,17.250,0.375,1,1,0,2,0,false
EXP-05,exp05_p02_m08_ro000_lh00,baseline,17.250,19.500,2.250,2,0,0,2,0,false
EXP-05,exp05_p02_m08_ro000_lh00,baseline,19.500,19.875,0.375,1,1,0,2,0,false
EXP-05,exp05_p02_m08_ro000_lh00,baseline,19.875,22.125,2.250,2,0,0,2,0,false
EXP-05,exp05_p02_m08_ro000_lh00,baseline,22.125,22.500,0.375,1,1,0,2,0,false
EXP-05,exp05_p02_m08_ro000_lh00,baseline,22.500,24.750,2.250,2,0,0,2,0,false
EXP-05,exp05_p02_m08_ro000_lh00,baseline,24.750,25.125,0.375,1,1,0,2,0,false
EXP-05,exp05_p02_m08_ro000_lh00,baseline,25.125,27.375,2.250,2,0,0,2,0,false
EXP-05,exp05_p02_m08_ro000_lh00,baseline,27.375,27.75,0.375,1,1,0,2,0,false
EXP-05,exp05_p02_m08_ro000_lh00,baseline,27.75,30.00,2.25,1,1,0,2,0,false
EXP-05,exp05_p02_m08_ro000_lh00,baseline,30.00,30.375,0.375,0,1,1,2,0,true
EXP-05,exp05_p02_m08_ro000_lh00,baseline,30.375,30.750,0.375,1,1,0,2,0,false
EXP-05,exp05_p02_m08_ro000_lh00,baseline,30.750,32.625,1.875,2,0,0,2,0,false
EXP-05,exp05_p02_m08_ro000_lh00,baseline,32.625,33.000,0.375,1,0,0,1,1,false
EXP-05,exp05_p02_m08_ro000_lh00,baseline,33.000,36.000,3.000,0,1,0,1,1,false
EXP-05,exp05_p02_m08_ro000_lh00,exact,0,1.50000,1.50000,0,1,0,1,1,false
EXP-05,exp05_p02_m08_ro000_lh00,exact,1.50000,2.25000,0.75000,1,1,0,2,0,false
EXP-05,exp05_p02_m08_ro000_lh00,exact,2.25000,6.75000,4.50000,2,0,0,2,0,false
EXP-05,exp05_p02_m08_ro000_lh00,exact,6.75000,7.50000,0.75000,1,1,0,2,0,false
EXP-05,exp05_p02_m08_ro000_lh00,exact,7.50000,10.50000,3.00000,1,0,0,1,1,false
EXP-05,exp05_p02_m08_ro000_lh00,exact,10.50000,12.00000,1.50000,0,1,0,1,1,false
EXP-05,exp05_p02_m08_ro000_lh00,exact,12.00000,12.37500,0.37500,0,1,0,1,1,false
EXP-05,exp05_p02_m08_ro000_lh00,exact,12.37500,12.75000,0.37500,1,1,0,2,0,false
EXP-05,exp05_p02_m08_ro000_lh00,exact,12.75000,14.62500,1.87500,2,0,0,2,0,false
EXP-05,exp05_p02_m08_ro000_lh00,exact,14.62500,15.00000,0.37500,1,1,0,2,0,false
EXP-05,exp05_p02_m08_ro000_lh00,exact,15.00000,15.37500,0.37500,1,1,0,2,0,false
EXP-05,exp05_p02_m08_ro000_lh00,exact,15.37500,17.25000,1.87500,2,0,0,2,0,false
EXP-05,exp05_p02_m08_ro000_lh00,exact,17.25000,17.62500,0.37500,1,1,0,2,0,false
EXP-05,exp05_p02_m08_ro000_lh00,exact,17.62500,19.50000,1.87500,0,1,0,1,1,false
EXP-05,exp05_p02_m08_ro000_lh00,exact,19.50000,19.87500,0.37500,1,1,0,2,0,false
EXP-05,exp05_p02_m08_ro000_lh00,exact,19.87500,22.12500,2.25000,2,0,0,2,0,false
EXP-05,exp05_p02_m08_ro000_lh00,exact,22.12500,22.50000,0.37500,1,1,0,2,0,false
EXP-05,exp05_p02_m08_ro000_lh00,exact,22.50000,24.75000,2.25000,2,0,0,2,0,false
EXP-05,exp05_p02_m08_ro000_lh00,exact,24.75000,25.12500,0.37500,1,1,0,2,0,false
EXP-05,exp05_p02_m08_ro000_lh00,exact,25.12500,27.37500,2.25000,2,0,0,2,0,false
EXP-05,exp05_p02_m08_ro000_lh00,exact,27.37500,27.75000,0.37500,1,1,0,2,0,false
EXP-05,exp05_p02_m08_ro000_lh00,exact,27.75000,30.00000,2.25000,2,0,0,2,0,false
EXP-05,exp05_p02_m08_ro000_lh00,exact,30.00000,33.00000,3.00000,1,1,0,2,0,false
EXP-05,exp05_p02_m08_ro000_lh00,exact,33.00000,35.25000,2.25000,0,1,0,1,1,false
EXP-05,exp05_p02_m08_ro050_lh00,baseline,0,1.50,1.50,0,1,1,2,0,true
EXP-05,exp05_p02_m08_ro050_lh00,baseline,1.50,2.25,0.75,1,1,0,2,0,false
EXP-05,exp05_p02_m08_ro050_lh00,baseline,2.25,6.75,4.50,2,0,0,2,0,false
EXP-05,exp05_p02_m08_ro050_lh00,baseline,6.75,7.50,0.75,1,1,0,2,0,false
EXP-05,exp05_p02_m08_ro050_lh00,baseline,7.50,10.50,3.00,1,0,0,1,1,false
EXP-05,exp05_p02_m08_ro050_lh00,baseline,10.50,12.00,1.50,0,1,0,1,1,false
EXP-05,exp05_p02_m08_ro050_lh00,baseline,12.00,14.25,2.25,0,1,1,2,0,true
EXP-05,exp05_p02_m08_ro050_lh00,baseline,14.25,14.625,0.375,1,1,0,2,0,false
EXP-05,exp05_p02_m08_ro050_lh00,baseline,14.625,17.400,2.775,2,0,0,2,0,false
EXP-05,exp05_p02_m08_ro050_lh00,baseline,17.400,17.775,0.375,1,1,0,2,0,false
EXP-05,exp05_p02_m08_ro050_lh00,baseline,17.775,20.550,2.775,2,0,0,2,0,false
EXP-05,exp05_p02_m08_ro050_lh00,baseline,20.550,20.925,0.375,1,1,0,2,0,false
EXP-05,exp05_p02_m08_ro050_lh00,baseline,20.925,23.700,2.775,2,0,0,2,0,false
EXP-05,exp05_p02_m08_ro050_lh00,baseline,23.700,24.075,0.375,1,1,0,2,0,false
EXP-05,exp05_p02_m08_ro050_lh00,baseline,24.075,26.850,2.775,2,0,0,2,0,false
EXP-05,exp05_p02_m08_ro050_lh00,baseline,26.850,27.225,0.375,1,1,0,2,0,false
EXP-05,exp05_p02_m08_ro050_lh00,baseline,27.225,27.75,0.525,2,0,0,2,0,false
EXP-05,exp05_p02_m08_ro050_lh00,baseline,27.75,30.000,2.250,1,1,0,2,0,false
EXP-05,exp05_p02_m08_ro050_lh00,baseline,30.000,30.375,0.375,0,1,1,2,0,true
EXP-05,exp05_p02_m08_ro050_lh00,baseline,30.375,30.750,0.375,1,1,0,2,0,false
EXP-05,exp05_p02_m08_ro050_lh00,baseline,30.750,33.150,2.400,2,0,0,2,0,false
EXP-05,exp05_p02_m08_ro050_lh00,baseline,33.150,33.525,0.375,1,1,0,2,0,false
EXP-05,exp05_p02_m08_ro050_lh00,baseline,33.525,36.300,2.775,1,0,0,1,1,false
EXP-05,exp05_p02_m08_ro050_lh00,baseline,36.300,40.500,4.200,1,0,0,1,1,false
EXP-05,exp05_p02_m08_ro050_lh00,baseline,40.500,43.500,3.000,0,1,0,1,1,false
EXP-05,exp05_p02_m08_ro050_lh00,exact,0,1.50000,1.50000,0,1,0,1,1,false
EXP-05,exp05_p02_m08_ro050_lh00,exact,1.50000,2.25000,0.75000,1,1,0,2,0,false
EXP-05,exp05_p02_m08_ro050_lh00,exact,2.25000,6.75000,4.50000,2,0,0,2,0,false
EXP-05,exp05_p02_m08_ro050_lh00,exact,6.75000,7.50000,0.75000,1,1,0,2,0,false
EXP-05,exp05_p02_m08_ro050_lh00,exact,7.50000,10.50000,3.00000,1,0,0,1,1,false
EXP-05,exp05_p02_m08_ro050_lh00,exact,10.50000,12.00000,1.50000,0,1,0,1,1,false
EXP-05,exp05_p02_m08_ro050_lh00,exact,12.00000,12.37500,0.37500,0,1,0,1,1,false
EXP-05,exp05_p02_m08_ro050_lh00,exact,12.37500,12.75000,0.37500,1,1,0,2,0,false
EXP-05,exp05_p02_m08_ro050_lh00,exact,12.75000,15.15000,2.40000,2,0,0,2,0,false
EXP-05,exp05_p02_m08_ro050_lh00,exact,15.15000,15.52500,0.37500,1,1,0,2,0,false
EXP-05,exp05_p02_m08_ro050_lh00,exact,15.52500,15.90000,0.37500,1,1,0,2,0,false
EXP-05,exp05_p02_m08_ro050_lh00,exact,15.90000,18.30000,2.40000,2,0,0,2,0,false
EXP-05,exp05_p02_m08_ro050_lh00,exact,18.30000,18.67500,0.37500,1,1,0,2,0,false
EXP-05,exp05_p02_m08_ro050_lh00,exact,18.67500,19.05000,0.37500,1,1,0,2,0,false
EXP-05,exp05_p02_m08_ro050_lh00,exact,19.05000,21.45000,2.40000,2,0,0,2,0,false
EXP-05,exp05_p02_m08_ro050_lh00,exact,21.45000,21.82500,0.37500,1,1,0,2,0,false
EXP-05,exp05_p02_m08_ro050_lh00,exact,21.82500,23.70000,1.87500,0,1,0,1,1,false
EXP-05,exp05_p02_m08_ro050_lh00,exact,23.70000,24.07500,0.37500,1,1,0,2,0,false
EXP-05,exp05_p02_m08_ro050_lh00,exact,24.07500,26.85000,2.77500,2,0,0,2,0,false
EXP-05,exp05_p02_m08_ro050_lh00,exact,26.85000,27.22500,0.37500,1,1,0,2,0,false
EXP-05,exp05_p02_m08_ro050_lh00,exact,27.22500,30.00000,2.77500,2,0,0,2,0,false
EXP-05,exp05_p02_m08_ro050_lh00,exact,30.00000,34.20000,4.20000,2,0,0,2,0,false
EXP-05,exp05_p02_m08_ro050_lh00,exact,34.20000,37.20000,3.00000,1,1,0,2,0,false
EXP-05,exp05_p02_m08_ro050_lh00,exact,37.20000,39.45000,2.25000,0,1,0,1,1,false
EXP-05,exp05_p02_m08_ro050_lh05,baseline,0,1.50,1.50,0,1,1,2,0,true
EXP-05,exp05_p02_m08_ro050_lh05,baseline,1.50,2.25,0.75,1,1,0,2,0,false
EXP-05,exp05_p02_m08_ro050_lh05,baseline,2.25,6.75,4.50,2,0,0,2,0,false
EXP-05,exp05_p02_m08_ro050_lh05,baseline,6.75,7.50,0.75,1,1,0,2,0,false
EXP-05,exp05_p02_m08_ro050_lh05,baseline,7.50,10.50,3.00,1,0,0,1,1,false
EXP-05,exp05_p02_m08_ro050_lh05,baseline,10.50,12.00,1.50,0,1,0,1,1,false
EXP-05,exp05_p02_m08_ro050_lh05,baseline,12.00,14.25,2.25,0,1,1,2,0,true
EXP-05,exp05_p02_m08_ro050_lh05,baseline,14.25,14.8875,0.6375,1,1,0,2,0,false
EXP-05,exp05_p02_m08_ro050_lh05,baseline,14.8875,17.4000,2.5125,2,0,0,2,0,false
EXP-05,exp05_p02_m08_ro050_lh05,baseline,17.4000,18.0375,0.6375,1,1,0,2,0,false
EXP-05,exp05_p02_m08_ro050_lh05,baseline,18.0375,20.5500,2.5125,2,0,0,2,0,false
EXP-05,exp05_p02_m08_ro050_lh05,baseline,20.5500,21.1875,0.6375,1,1,0,2,0,false
EXP-05,exp05_p02_m08_ro050_lh05,baseline,21.1875,23.7000,2.5125,2,0,0,2,0,false
EXP-05,exp05_p02_m08_ro050_lh05,baseline,23.7000,24.3375,0.6375,1,1,0,2,0,false
EXP-05,exp05_p02_m08_ro050_lh05,baseline,24.3375,26.8500,2.5125,2,0,0,2,0,false
EXP-05,exp05_p02_m08_ro050_lh05,baseline,26.8500,27.4875,0.6375,1,1,0,2,0,false
EXP-05,exp05_p02_m08_ro050_lh05,baseline,27.4875,27.75,0.2625,2,0,0,2,0,false
EXP-05,exp05_p02_m08_ro050_lh05,baseline,27.75,30.0000,2.2500,1,1,0,2,0,false
EXP-05,exp05_p02_m08_ro050_lh05,baseline,30.0000,30.6375,0.6375,0,1,1,2,0,true
EXP-05,exp05_p02_m08_ro050_lh05,baseline,30.6375,31.2750,0.6375,1,1,0,2,0,false
EXP-05,exp05_p02_m08_ro050_lh05,baseline,31.2750,33.1500,1.8750,2,0,0,2,0,false
EXP-05,exp05_p02_m08_ro050_lh05,baseline,33.1500,33.7875,0.6375,1,1,0,2,0,false
EXP-05,exp05_p02_m08_ro050_lh05,baseline,33.7875,36.3000,2.5125,1,0,0,1,1,false
EXP-05,exp05_p02_m08_ro050_lh05,baseline,36.3000,38.4000,2.1000,1,0,0,1,1,false
EXP-05,exp05_p02_m08_ro050_lh05,baseline,38.4000,43.5000,5.1000,0,1,0,1,1,false
EXP-05,exp05_p02_m08_ro050_lh05,exact,0,1.50000,1.50000,0,1,0,1,1,false
EXP-05,exp05_p02_m08_ro050_lh05,exact,1.50000,2.25000,0.75000,1,1,0,2,0,false
EXP-05,exp05_p02_m08_ro050_lh05,exact,2.25000,6.75000,4.50000,2,0,0,2,0,false
EXP-05,exp05_p02_m08_ro050_lh05,exact,6.75000,7.50000,0.75000,1,1,0,2,0,false
EXP-05,exp05_p02_m08_ro050_lh05,exact,7.50000,10.50000,3.00000,1,0,0,1,1,false
EXP-05,exp05_p02_m08_ro050_lh05,exact,10.50000,12.00000,1.50000,0,1,0,1,1,false
EXP-05,exp05_p02_m08_ro050_lh05,exact,12.00000,12.63750,0.63750,0,1,0,1,1,false
EXP-05,exp05_p02_m08_ro050_lh05,exact,12.63750,13.27500,0.63750,1,1,0,2,0,false
EXP-05,exp05_p02_m08_ro050_lh05,exact,13.27500,15.15000,1.87500,2,0,0,2,0,false
EXP-05,exp05_p02_m08_ro050_lh05,exact,15.15000,15.78750,0.63750,1,1,0,2,0,false
EXP-05,exp05_p02_m08_ro050_lh05,exact,15.78750,16.42500,0.63750,1,1,0,2,0,false
EXP-05,exp05_p02_m08_ro050_lh05,exact,16.42500,18.30000,1.87500,2,0,0,2,0,false
EXP-05,exp05_p02_m08_ro050_lh05,exact,18.30000,18.93750,0.63750,1,1,0,2,0,false
EXP-05,exp05_p02_m08_ro050_lh05,exact,18.93750,19.57500,0.63750,1,1,0,2,0,false
EXP-05,exp05_p02_m08_ro050_lh05,exact,19.57500,21.45000,1.87500,2,0,0,2,0,false
EXP-05,exp05_p02_m08_ro050_lh05,exact,21.45000,22.08750,0.63750,1,1,0,2,0,false
EXP-05,exp05_p02_m08_ro050_lh05,exact,22.08750,23.70000,1.61250,0,1,0,1,1,false
EXP-05,exp05_p02_m08_ro050_lh05,exact,23.70000,24.33750,0.63750,1,1,0,2,0,false
EXP-05,exp05_p02_m08_ro050_lh05,exact,24.33750,26.85000,2.51250,2,0,0,2,0,false
EXP-05,exp05_p02_m08_ro050_lh05,exact,26.85000,27.48750,0.63750,1,1,0,2,0,false
EXP-05,exp05_p02_m08_ro050_lh05,exact,27.48750,30.00000,2.51250,2,0,0,2,0,false
EXP-05,exp05_p02_m08_ro050_lh05,exact,30.00000,32.10000,2.10000,2,0,0,2,0,false
EXP-05,exp05_p02_m08_ro050_lh05,exact,32.10000,37.20000,5.10000,1,1,0,2,0,false
EXP-05,exp05_p02_m08_ro050_lh05,exact,37.20000,39.45000,2.25000,0,1,0,1,1,false
EXP-05,exp05_p02_m08_ro100_lh00,baseline,0,1.50,1.50,0,1,1,2,0,true
EXP-05,exp05_p02_m08_ro100_lh00,baseline,1.50,2.25,0.75,1,1,0,2,0,false
EXP-05,exp05_p02_m08_ro100_lh00,baseline,2.25,6.75,4.50,2,0,0,2,0,false
EXP-05,exp05_p02_m08_ro100_lh00,baseline,6.75,7.50,0.75,1,1,0,2,0,false
EXP-05,exp05_p02_m08_ro100_lh00,baseline,7.50,10.50,3.00,1,0,0,1,1,false
EXP-05,exp05_p02_m08_ro100_lh00,baseline,10.50,12.00,1.50,0,1,0,1,1,false
EXP-05,exp05_p02_m08_ro100_lh00,baseline,12.00,14.25,2.25,0,1,1,2,0,true
EXP-05,exp05_p02_m08_ro100_lh00,baseline,14.25,14.625,0.375,1,1,0,2,0,false
EXP-05,exp05_p02_m08_ro100_lh00,baseline,14.625,17.925,3.300,2,0,0,2,0,false
EXP-05,exp05_p02_m08_ro100_lh00,baseline,17.925,18.300,0.375,1,1,0,2,0,false
EXP-05,exp05_p02_m08_ro100_lh00,baseline,18.300,21.600,3.300,2,0,0,2,0,false
EXP-05,exp05_p02_m08_ro100_lh00,baseline,21.600,21.975,0.375,1,1,0,2,0,false
EXP-05,exp05_p02_m08_ro100_lh00,baseline,21.975,25.275,3.300,2,0,0,2,0,false
EXP-05,exp05_p02_m08_ro100_lh00,baseline,25.275,25.650,0.375,1,1,0,2,0,false
EXP-05,exp05_p02_m08_ro100_lh00,baseline,25.650,27.75,2.100,2,0,0,2,0,false
EXP-05,exp05_p02_m08_ro100_lh00,baseline,27.75,28.950,1.200,1,1,0,2,0,false
EXP-05,exp05_p02_m08_ro100_lh00,baseline,28.950,30.00,1.050,0,1,1,2,0,true
EXP-05,exp05_p02_m08_ro100_lh00,baseline,30.00,30.375,0.375,0,1,1,2,0,true
EXP-05,exp05_p02_m08_ro100_lh00,baseline,30.375,30.750,0.375,1,1,0,2,0,false
EXP-05,exp05_p02_m08_ro100_lh00,baseline,30.750,33.675,2.925,2,0,0,2,0,false
EXP-05,exp05_p02_m08_ro100_lh00,baseline,33.675,34.050,0.375,1,1,0,2,0,false
EXP-05,exp05_p02_m08_ro100_lh00,baseline,34.050,34.425,0.375,1,1,0,2,0,false
EXP-05,exp05_p02_m08_ro100_lh00,baseline,34.425,37.350,2.925,2,0,0,2,0,false
EXP-05,exp05_p02_m08_ro100_lh00,baseline,37.350,37.725,0.375,1,0,0,1,1,false
EXP-05,exp05_p02_m08_ro100_lh00,baseline,37.725,46.125,8.400,1,0,0,1,1,false
EXP-05,exp05_p02_m08_ro100_lh00,baseline,46.125,49.125,3.000,0,1,0,1,1,false
EXP-05,exp05_p02_m08_ro100_lh00,exact,0,1.50000,1.50000,0,1,0,1,1,false
EXP-05,exp05_p02_m08_ro100_lh00,exact,1.50000,2.25000,0.75000,1,1,0,2,0,false
EXP-05,exp05_p02_m08_ro100_lh00,exact,2.25000,6.75000,4.50000,2,0,0,2,0,false
EXP-05,exp05_p02_m08_ro100_lh00,exact,6.75000,7.50000,0.75000,1,1,0,2,0,false
EXP-05,exp05_p02_m08_ro100_lh00,exact,7.50000,10.50000,3.00000,1,0,0,1,1,false
EXP-05,exp05_p02_m08_ro100_lh00,exact,10.50000,12.00000,1.50000,0,1,0,1,1,false
EXP-05,exp05_p02_m08_ro100_lh00,exact,12.00000,12.37500,0.37500,0,1,0,1,1,false
EXP-05,exp05_p02_m08_ro100_lh00,exact,12.37500,12.75000,0.37500,1,1,0,2,0,false
EXP-05,exp05_p02_m08_ro100_lh00,exact,12.75000,15.67500,2.92500,2,0,0,2,0,false
EXP-05,exp05_p02_m08_ro100_lh00,exact,15.67500,16.05000,0.37500,1,1,0,2,0,false
EXP-05,exp05_p02_m08_ro100_lh00,exact,16.05000,16.42500,0.37500,1,1,0,2,0,false
EXP-05,exp05_p02_m08_ro100_lh00,exact,16.42500,19.35000,2.92500,2,0,0,2,0,false
EXP-05,exp05_p02_m08_ro100_lh00,exact,19.35000,19.72500,0.37500,1,1,0,2,0,false
EXP-05,exp05_p02_m08_ro100_lh00,exact,19.72500,20.10000,0.37500,1,1,0,2,0,false
EXP-05,exp05_p02_m08_ro100_lh00,exact,20.10000,23.02500,2.92500,2,0,0,2,0,false
EXP-05,exp05_p02_m08_ro100_lh00,exact,23.02500,23.40000,0.37500,1,1,0,2,0,false
EXP-05,exp05_p02_m08_ro100_lh00,exact,23.40000,25.27500,1.87500,0,1,0,1,1,false
EXP-05,exp05_p02_m08_ro100_lh00,exact,25.27500,25.65000,0.37500,1,1,0,2,0,false
EXP-05,exp05_p02_m08_ro100_lh00,exact,25.65000,28.95000,3.30000,2,0,0,2,0,false
EXP-05,exp05_p02_m08_ro100_lh00,exact,28.95000,29.32500,0.37500,1,1,0,2,0,false
EXP-05,exp05_p02_m08_ro100_lh00,exact,29.32500,32.62500,3.30000,2,0,0,2,0,false
EXP-05,exp05_p02_m08_ro100_lh00,exact,32.62500,38.77500,6.15000,2,0,0,2,0,false
EXP-05,exp05_p02_m08_ro100_lh00,exact,38.77500,41.02500,2.25000,1,1,0,2,0,false
EXP-05,exp05_p02_m08_ro100_lh00,exact,41.02500,44.02500,3.00000,0,1,0,1,1,false
EXP-05,exp05_p02_m08_ro100_lh05,baseline,0,1.50,1.50,0,1,1,2,0,true
EXP-05,exp05_p02_m08_ro100_lh05,baseline,1.50,2.25,0.75,1,1,0,2,0,false
EXP-05,exp05_p02_m08_ro100_lh05,baseline,2.25,6.75,4.50,2,0,0,2,0,false
EXP-05,exp05_p02_m08_ro100_lh05,baseline,6.75,7.50,0.75,1,1,0,2,0,false
EXP-05,exp05_p02_m08_ro100_lh05,baseline,7.50,10.50,3.00,1,0,0,1,1,false
EXP-05,exp05_p02_m08_ro100_lh05,baseline,10.50,12.00,1.50,0,1,0,1,1,false
EXP-05,exp05_p02_m08_ro100_lh05,baseline,12.00,14.25,2.25,0,1,1,2,0,true
EXP-05,exp05_p02_m08_ro100_lh05,baseline,14.25,15.150,0.900,1,1,0,2,0,false
EXP-05,exp05_p02_m08_ro100_lh05,baseline,15.150,17.925,2.775,2,0,0,2,0,false
EXP-05,exp05_p02_m08_ro100_lh05,baseline,17.925,18.825,0.900,1,1,0,2,0,false
EXP-05,exp05_p02_m08_ro100_lh05,baseline,18.825,21.600,2.775,2,0,0,2,0,false
EXP-05,exp05_p02_m08_ro100_lh05,baseline,21.600,22.500,0.900,1,1,0,2,0,false
EXP-05,exp05_p02_m08_ro100_lh05,baseline,22.500,25.275,2.775,2,0,0,2,0,false
EXP-05,exp05_p02_m08_ro100_lh05,baseline,25.275,26.175,0.900,1,1,0,2,0,false
EXP-05,exp05_p02_m08_ro100_lh05,baseline,26.175,27.75,1.575,2,0,0,2,0,false
EXP-05,exp05_p02_m08_ro100_lh05,baseline,27.75,28.950,1.200,1,1,0,2,0,false
EXP-05,exp05_p02_m08_ro100_lh05,baseline,28.950,30.00,1.050,0,1,1,2,0,true
EXP-05,exp05_p02_m08_ro100_lh05,baseline,30.00,30.900,0.900,0,1,1,2,0,true
EXP-05,exp05_p02_m08_ro100_lh05,baseline,30.900,31.800,0.900,1,1,0,2,0,false
EXP-05,exp05_p02_m08_ro100_lh05,baseline,31.800,33.675,1.875,2,0,0,2,0,false
EXP-05,exp05_p02_m08_ro100_lh05,baseline,33.675,34.575,0.900,1,1,0,2,0,false
EXP-05,exp05_p02_m08_ro100_lh05,baseline,34.575,35.475,0.900,1,1,0,2,0,false
EXP-05,exp05_p02_m08_ro100_lh05,baseline,35.475,37.350,1.875,2,0,0,2,0,false
EXP-05,exp05_p02_m08_ro100_lh05,baseline,37.350,38.250,0.900,1,0,0,1,1,false
EXP-05,exp05_p02_m08_ro100_lh05,baseline,38.250,42.450,4.200,1,0,0,1,1,false
EXP-05,exp05_p02_m08_ro100_lh05,baseline,42.450,49.650,7.200,0,1,0,1,1,false
EXP-05,exp05_p02_m08_ro100_lh05,exact,0,1.50000,1.50000,0,1,0,1,1,false
EXP-05,exp05_p02_m08_ro100_lh05,exact,1.50000,2.25000,0.75000,1,1,0,2,0,false
EXP-05,exp05_p02_m08_ro100_lh05,exact,2.25000,6.75000,4.50000,2,0,0,2,0,false
EXP-05,exp05_p02_m08_ro100_lh05,exact,6.75000,7.50000,0.75000,1,1,0,2,0,false
EXP-05,exp05_p02_m08_ro100_lh05,exact,7.50000,10.50000,3.00000,1,0,0,1,1,false
EXP-05,exp05_p02_m08_ro100_lh05,exact,10.50000,12.00000,1.50000,0,1,0,1,1,false
EXP-05,exp05_p02_m08_ro100_lh05,exact,12.00000,12.90000,0.90000,0,1,0,1,1,false
EXP-05,exp05_p02_m08_ro100_lh05,exact,12.90000,13.80000,0.90000,1,1,0,2,0,false
EXP-05,exp05_p02_m08_ro100_lh05,exact,13.80000,15.67500,1.87500,2,0,0,2,0,false
EXP-05,exp05_p02_m08_ro100_lh05,exact,15.67500,16.57500,0.90000,1,1,0,2,0,false
EXP-05,exp05_p02_m08_ro100_lh05,exact,16.57500,17.47500,0.90000,1,1,0,2,0,false
EXP-05,exp05_p02_m08_ro100_lh05,exact,17.47500,19.35000,1.87500,2,0,0,2,0,false
EXP-05,exp05_p02_m08_ro100_lh05,exact,19.35000,20.25000,0.90000,1,1,0,2,0,false
EXP-05,exp05_p02_m08_ro100_lh05,exact,20.25000,20.25625,0.00625,1,0,0,1,1,false
EXP-05,exp05_p02_m08_ro100_lh05,exact,20.25625,21.15625,0.90000,1,1,0,2,0,false
EXP-05,exp05_p02_m08_ro100_lh05,exact,21.15625,21.16250,0.00625,1,0,0,2,0,false
EXP-05,exp05_p02_m08_ro100_lh05,exact,21.16250,23.02500,1.86250,2,0,0,2,0,false
EXP-05,exp05_p02_m08_ro100_lh05,exact,23.02500,23.92500,0.90000,1,1,0,2,0,false
EXP-05,exp05_p02_m08_ro100_lh05,exact,23.92500,23.93750,0.01250,2,0,0,2,0,false
EXP-05,exp05_p02_m08_ro100_lh05,exact,23.93750,26.18750,2.25000,1,1,0,2,0,false
EXP-05,exp05_p02_m08_ro100_lh05,exact,26.18750,26.70000,0.51250,2,0,0,2,0,false
EXP-05,exp05_p02_m08_ro100_lh05,exact,26.70000,27.60000,0.90000,1,1,0,2,0,false
EXP-05,exp05_p02_m08_ro100_lh05,exact,27.60000,30.37500,2.77500,2,0,0,2,0,false
EXP-05,exp05_p02_m08_ro100_lh05,exact,30.37500,34.57500,4.20000,2,0,0,2,0,false
EXP-05,exp05_p02_m08_ro100_lh05,exact,34.57500,39.68750,5.11250,1,1,0,2,0,false
EXP-05,exp05_p02_m08_ro100_lh05,exact,39.68750,41.77500,2.08750,0,1,1,2,0,true
EXP-05,exp05_p02_m08_ro100_lh05,exact,41.77500,44.02500,2.25000,0,1,0,1,1,false
EXP-05,exp05_p03_m01_ro000_lh00,baseline,0,1.50,1.50,0,1,1,2,1,false
EXP-05,exp05_p03_m01_ro000_lh00,baseline,1.50,2.25,0.75,1,1,0,2,1,false
EXP-05,exp05_p03_m01_ro000_lh00,baseline,2.25,6.75,4.50,2,0,0,2,1,false
EXP-05,exp05_p03_m01_ro000_lh00,baseline,6.75,7.50,0.75,1,1,0,2,1,false
EXP-05,exp05_p03_m01_ro000_lh00,baseline,7.50,10.50,3.00,1,0,0,1,2,false
EXP-05,exp05_p03_m01_ro000_lh00,baseline,10.50,12.00,1.50,0,1,0,1,2,false
EXP-05,exp05_p03_m01_ro000_lh00,baseline,12.00,15.00,3.00,0,1,1,2,1,false
EXP-05,exp05_p03_m01_ro000_lh00,baseline,15.00,17.25,2.25,1,1,0,2,1,false
EXP-05,exp05_p03_m01_ro000_lh00,baseline,17.25,30.75,13.50,2,0,0,2,1,false
EXP-05,exp05_p03_m01_ro000_lh00,baseline,30.75,33.00,2.25,1,1,0,2,1,false
EXP-05,exp05_p03_m01_ro000_lh00,baseline,33.00,36.00,3.00,0,1,0,1,2,false
EXP-05,exp05_p03_m01_ro000_lh00,exact,0,1.50000,1.50000,0,1,0,1,2,false
EXP-05,exp05_p03_m01_ro000_lh00,exact,1.50000,2.25000,0.75000,1,1,0,2,1,false
EXP-05,exp05_p03_m01_ro000_lh00,exact,2.25000,6.75000,4.50000,2,0,0,2,1,false
EXP-05,exp05_p03_m01_ro000_lh00,exact,6.75000,7.50000,0.75000,1,1,0,2,1,false
EXP-05,exp05_p03_m01_ro000_lh00,exact,7.50000,10.50000,3.00000,1,0,0,1,2,false
EXP-05,exp05_p03_m01_ro000_lh00,exact,10.50000,12.00000,1.50000,0,1,0,1,2,false
EXP-05,exp05_p03_m01_ro000_lh00,exact,12.00000,15.00000,3.00000,0,1,0,1,2,false
EXP-05,exp05_p03_m01_ro000_lh00,exact,15.00000,17.25000,2.25000,1,1,0,2,1,false
EXP-05,exp05_p03_m01_ro000_lh00,exact,17.25000,30.75000,13.50000,2,0,0,2,1,false
EXP-05,exp05_p03_m01_ro000_lh00,exact,30.75000,33.00000,2.25000,1,1,0,2,1,false
EXP-05,exp05_p03_m01_ro000_lh00,exact,33.00000,36.00000,3.00000,0,1,0,1,2,false
EXP-05,exp05_p03_m02_ro000_lh00,baseline,0,1.50,1.50,0,1,1,2,1,false
EXP-05,exp05_p03_m02_ro000_lh00,baseline,1.50,2.25,0.75,1,1,0,2,1,false
EXP-05,exp05_p03_m02_ro000_lh00,baseline,2.25,6.75,4.50,2,0,0,2,1,false
EXP-05,exp05_p03_m02_ro000_lh00,baseline,6.75,7.50,0.75,1,1,0,2,1,false
EXP-05,exp05_p03_m02_ro000_lh00,baseline,7.50,10.50,3.00,1,0,0,1,2,false
EXP-05,exp05_p03_m02_ro000_lh00,baseline,10.50,12.00,1.50,0,1,0,1,2,false
EXP-05,exp05_p03_m02_ro000_lh00,baseline,12.00,14.25,2.25,0,1,2,3,0,true
EXP-05,exp05_p03_m02_ro000_lh00,baseline,14.25,15.75,1.50,1,1,1,3,0,false
EXP-05,exp05_p03_m02_ro000_lh00,baseline,15.75,17.25,1.50,2,1,0,3,0,false
EXP-05,exp05_p03_m02_ro000_lh00,baseline,17.25,24.75,7.50,3,0,0,3,0,false
EXP-05,exp05_p03_m02_ro000_lh00,baseline,24.75,26.25,1.50,2,0,0,2,1,false
EXP-05,exp05_p03_m02_ro000_lh00,baseline,26.25,27.75,1.50,1,1,0,2,1,false
EXP-05,exp05_p03_m02_ro000_lh00,baseline,27.75,29.25,1.50,0,1,1,2,1,false
EXP-05,exp05_p03_m02_ro000_lh00,baseline,29.25,31.50,2.25,0,1,0,1,2,false
EXP-05,exp05_p03_m02_ro000_lh00,exact,0,1.50000,1.50000,0,1,0,1,2,false
EXP-05,exp05_p03_m02_ro000_lh00,exact,1.50000,2.25000,0.75000,1,1,0,2,1,false
EXP-05,exp05_p03_m02_ro000_lh00,exact,2.25000,6.75000,4.50000,2,0,0,2,1,false
EXP-05,exp05_p03_m02_ro000_lh00,exact,6.75000,7.50000,0.75000,1,1,0,2,1,false
EXP-05,exp05_p03_m02_ro000_lh00,exact,7.50000,10.50000,3.00000,1,0,0,1,2,false
EXP-05,exp05_p03_m02_ro000_lh00,exact,10.50000,12.00000,1.50000,0,1,0,1,2,false
EXP-05,exp05_p03_m02_ro000_lh00,exact,12.00000,13.50000,1.50000,0,1,0,1,2,false
EXP-05,exp05_p03_m02_ro000_lh00,exact,13.50000,15.75000,2.25000,1,1,0,2,1,false
EXP-05,exp05_p03_m02_ro000_lh00,exact,15.75000,17.25000,1.50000,2,1,0,3,0,false
EXP-05,exp05_p03_m02_ro000_lh00,exact,17.25000,22.50000,5.25000,3,0,0,3,0,false
EXP-05,exp05_p03_m02_ro000_lh00,exact,22.50000,26.25000,3.75000,2,0,0,2,1,false
EXP-05,exp05_p03_m02_ro000_lh00,exact,26.25000,29.25000,3.00000,1,1,0,2,1,false
EXP-05,exp05_p03_m02_ro000_lh00,exact,29.25000,31.50000,2.25000,0,1,0,1,2,false
EXP-05,exp05_p03_m02_ro050_lh00,baseline,0,1.50,1.50,0,1,1,2,1,false
EXP-05,exp05_p03_m02_ro050_lh00,baseline,1.50,2.25,0.75,1,1,0,2,1,false
EXP-05,exp05_p03_m02_ro050_lh00,baseline,2.25,6.75,4.50,2,0,0,2,1,false
EXP-05,exp05_p03_m02_ro050_lh00,baseline,6.75,7.50,0.75,1,1,0,2,1,false
EXP-05,exp05_p03_m02_ro050_lh00,baseline,7.50,10.50,3.00,1,0,0,1,2,false
EXP-05,exp05_p03_m02_ro050_lh00,baseline,10.50,12.00,1.50,0,1,0,1,2,false
EXP-05,exp05_p03_m02_ro050_lh00,baseline,12.00,14.25,2.25,0,1,2,3,0,true
EXP-05,exp05_p03_m02_ro050_lh00,baseline,14.25,15.75,1.50,1,1,1,3,0,false
EXP-05,exp05_p03_m02_ro050_lh00,baseline,15.75,17.25,1.50,2,1,0,3,0,false
EXP-05,exp05_p03_m02_ro050_lh00,baseline,17.25,25.05,7.80,3,0,0,3,0,false
EXP-05,exp05_p03_m02_ro050_lh00,baseline,25.05,26.55,1.50,2,0,0,2,1,false
EXP-05,exp05_p03_m02_ro050_lh00,baseline,26.55,27.15,0.60,2,0,0,2,1,false
EXP-05,exp05_p03_m02_ro050_lh00,baseline,27.15,27.75,0.60,1,1,0,2,1,false
EXP-05,exp05_p03_m02_ro050_lh00,baseline,27.75,30.15,2.40,0,1,1,2,1,false
EXP-05,exp05_p03_m02_ro050_lh00,baseline,30.15,32.40,2.25,0,1,0,1,2,false
EXP-05,exp05_p03_m02_ro050_lh00,exact,0,1.50000,1.50000,0,1,0,1,2,false
EXP-05,exp05_p03_m02_ro050_lh00,exact,1.50000,2.25000,0.75000,1,1,0,2,1,false
EXP-05,exp05_p03_m02_ro050_lh00,exact,2.25000,6.75000,4.50000,2,0,0,2,1,false
EXP-05,exp05_p03_m02_ro050_lh00,exact,6.75000,7.50000,0.75000,1,1,0,2,1,false
EXP-05,exp05_p03_m02_ro050_lh00,exact,7.50000,10.50000,3.00000,1,0,0,1,2,false
EXP-05,exp05_p03_m02_ro050_lh00,exact,10.50000,12.00000,1.50000,0,1,0,1,2,false
EXP-05,exp05_p03_m02_ro050_lh00,exact,12.00000,13.50000,1.50000,0,1,0,1,2,false
EXP-05,exp05_p03_m02_ro050_lh00,exact,13.50000,15.75000,2.25000,1,1,0,2,1,false
EXP-05,exp05_p03_m02_ro050_lh00,exact,15.75000,17.25000,1.50000,2,1,0,3,0,false
EXP-05,exp05_p03_m02_ro050_lh00,exact,17.25000,22.80000,5.55000,3,0,0,3,0,false
EXP-05,exp05_p03_m02_ro050_lh00,exact,22.80000,26.55000,3.75000,2,0,0,2,1,false
EXP-05,exp05_p03_m02_ro050_lh00,exact,26.55000,27.15000,0.60000,2,0,0,2,1,false
EXP-05,exp05_p03_m02_ro050_lh00,exact,27.15000,29.25000,2.10000,1,1,0,2,1,false
EXP-05,exp05_p03_m02_ro050_lh00,exact,29.25000,30.15000,0.90000,0,1,1,2,1,false
EXP-05,exp05_p03_m02_ro050_lh00,exact,30.15000,32.40000,2.25000,0,1,0,1,2,false
EXP-05,exp05_p03_m02_ro050_lh05,baseline,0,1.50,1.50,0,1,1,2,1,false
EXP-05,exp05_p03_m02_ro050_lh05,baseline,1.50,2.25,0.75,1,1,0,2,1,false
EXP-05,exp05_p03_m02_ro050_lh05,baseline,2.25,6.75,4.50,2,0,0,2,1,false
EXP-05,exp05_p03_m02_ro050_lh05,baseline,6.75,7.50,0.75,1,1,0,2,1,false
EXP-05,exp05_p03_m02_ro050_lh05,baseline,7.50,10.50,3.00,1,0,0,1,2,false
EXP-05,exp05_p03_m02_ro050_lh05,baseline,10.50,12.00,1.50,0,1,0,1,2,false
EXP-05,exp05_p03_m02_ro050_lh05,baseline,12.00,14.25,2.25,0,1,2,3,0,true
EXP-05,exp05_p03_m02_ro050_lh05,baseline,14.25,15.900,1.650,1,1,1,3,0,false
EXP-05,exp05_p03_m02_ro050_lh05,baseline,15.900,17.550,1.650,2,1,0,3,0,false
EXP-05,exp05_p03_m02_ro050_lh05,baseline,17.550,25.050,7.500,3,0,0,3,0,false
EXP-05,exp05_p03_m02_ro050_lh05,baseline,25.050,26.700,1.650,2,0,0,2,1,false
EXP-05,exp05_p03_m02_ro050_lh05,baseline,26.700,27.000,0.300,2,0,0,2,1,false
EXP-05,exp05_p03_m02_ro050_lh05,baseline,27.000,27.75,0.750,1,1,0,2,1,false
EXP-05,exp05_p03_m02_ro050_lh05,baseline,27.75,30.300,2.550,0,1,1,2,1,false
EXP-05,exp05_p03_m02_ro050_lh05,baseline,30.300,32.550,2.250,0,1,0,1,2,false
EXP-05,exp05_p03_m02_ro050_lh05,exact,0,1.50000,1.50000,0,1,0,1,2,false
EXP-05,exp05_p03_m02_ro050_lh05,exact,1.50000,2.25000,0.75000,1,1,0,2,1,false
EXP-05,exp05_p03_m02_ro050_lh05,exact,2.25000,6.75000,4.50000,2,0,0,2,1,false
EXP-05,exp05_p03_m02_ro050_lh05,exact,6.75000,7.50000,0.75000,1,1,0,2,1,false
EXP-05,exp05_p03_m02_ro050_lh05,exact,7.50000,10.50000,3.00000,1,0,0,1,2,false
EXP-05,exp05_p03_m02_ro050_lh05,exact,10.50000,12.00000,1.50000,0,1,0,1,2,false
EXP-05,exp05_p03_m02_ro050_lh05,exact,12.00000,13.65000,1.65000,0,1,0,1,2,false
EXP-05,exp05_p03_m02_ro050_lh05,exact,13.65000,15.90000,2.25000,1,1,0,2,1,false
EXP-05,exp05_p03_m02_ro050_lh05,exact,15.90000,17.55000,1.65000,2,1,0,3,0,false
EXP-05,exp05_p03_m02_ro050_lh05,exact,17.55000,22.80000,5.25000,3,0,0,3,0,false
EXP-05,exp05_p03_m02_ro050_lh05,exact,22.80000,26.70000,3.90000,2,0,0,2,1,false
EXP-05,exp05_p03_m02_ro050_lh05,exact,26.70000,27.00000,0.30000,2,0,0,2,1,false
EXP-05,exp05_p03_m02_ro050_lh05,exact,27.00000,29.40000,2.40000,1,1,0,2,1,false
EXP-05,exp05_p03_m02_ro050_lh05,exact,29.40000,30.30000,0.90000,0,1,1,2,1,false
EXP-05,exp05_p03_m02_ro050_lh05,exact,30.30000,32.55000,2.25000,0,1,0,1,2,false
EXP-05,exp05_p03_m02_ro100_lh00,baseline,0,1.50,1.50,0,1,1,2,1,false
EXP-05,exp05_p03_m02_ro100_lh00,baseline,1.50,2.25,0.75,1,1,0,2,1,false
EXP-05,exp05_p03_m02_ro100_lh00,baseline,2.25,6.75,4.50,2,0,0,2,1,false
EXP-05,exp05_p03_m02_ro100_lh00,baseline,6.75,7.50,0.75,1,1,0,2,1,false
EXP-05,exp05_p03_m02_ro100_lh00,baseline,7.50,10.50,3.00,1,0,0,1,2,false
EXP-05,exp05_p03_m02_ro100_lh00,baseline,10.50,12.00,1.50,0,1,0,1,2,false
EXP-05,exp05_p03_m02_ro100_lh00,baseline,12.00,14.25,2.25,0,1,2,3,0,true
EXP-05,exp05_p03_m02_ro100_lh00,baseline,14.25,15.75,1.50,1,1,1,3,0,false
EXP-05,exp05_p03_m02_ro100_lh00,baseline,15.75,17.25,1.50,2,1,0,3,0,false
EXP-05,exp05_p03_m02_ro100_lh00,baseline,17.25,25.35,8.10,3,0,0,3,0,false
EXP-05,exp05_p03_m02_ro100_lh00,baseline,25.35,26.85,1.50,2,0,0,2,1,false
EXP-05,exp05_p03_m02_ro100_lh00,baseline,26.85,27.75,0.90,2,0,0,2,1,false
EXP-05,exp05_p03_m02_ro100_lh00,baseline,27.75,28.05,0.30,1,1,0,2,1,false
EXP-05,exp05_p03_m02_ro100_lh00,baseline,28.05,30.00,1.95,0,1,1,2,1,false
EXP-05,exp05_p03_m02_ro100_lh00,baseline,30.00,33.00,3.00,0,1,0,1,2,false
EXP-05,exp05_p03_m02_ro100_lh00,exact,0,1.50000,1.50000,0,1,0,1,2,false
EXP-05,exp05_p03_m02_ro100_lh00,exact,1.50000,2.25000,0.75000,1,1,0,2,1,false
EXP-05,exp05_p03_m02_ro100_lh00,exact,2.25000,6.75000,4.50000,2,0,0,2,1,false
EXP-05,exp05_p03_m02_ro100_lh00,exact,6.75000,7.50000,0.75000,1,1,0,2,1,false
EXP-05,exp05_p03_m02_ro100_lh00,exact,7.50000,10.50000,3.00000,1,0,0,1,2,false
EXP-05,exp05_p03_m02_ro100_lh00,exact,10.50000,12.00000,1.50000,0,1,0,1,2,false
EXP-05,exp05_p03_m02_ro100_lh00,exact,12.00000,13.50000,1.50000,0,1,0,1,2,false
EXP-05,exp05_p03_m02_ro100_lh00,exact,13.50000,15.00000,1.50000,1,1,0,2,1,false
EXP-05,exp05_p03_m02_ro100_lh00,exact,15.00000,17.25000,2.25000,2,1,0,3,0,false
EXP-05,exp05_p03_m02_ro100_lh00,exact,17.25000,23.10000,5.85000,3,0,0,3,0,false
EXP-05,exp05_p03_m02_ro100_lh00,exact,23.10000,24.60000,1.50000,2,0,0,2,1,false
EXP-05,exp05_p03_m02_ro100_lh00,exact,24.60000,25.80000,1.20000,2,0,0,2,1,false
EXP-05,exp05_p03_m02_ro100_lh00,exact,25.80000,28.80000,3.00000,1,1,0,2,1,false
EXP-05,exp05_p03_m02_ro100_lh00,exact,28.80000,30.75000,1.95000,1,0,0,1,2,false
EXP-05,exp05_p03_m02_ro100_lh00,exact,30.75000,33.00000,2.25000,0,1,0,1,2,false
EXP-05,exp05_p03_m02_ro100_lh05,baseline,0,1.50,1.50,0,1,1,2,1,false
EXP-05,exp05_p03_m02_ro100_lh05,baseline,1.50,2.25,0.75,1,1,0,2,1,false
EXP-05,exp05_p03_m02_ro100_lh05,baseline,2.25,6.75,4.50,2,0,0,2,1,false
EXP-05,exp05_p03_m02_ro100_lh05,baseline,6.75,7.50,0.75,1,1,0,2,1,false
EXP-05,exp05_p03_m02_ro100_lh05,baseline,7.50,10.50,3.00,1,0,0,1,2,false
EXP-05,exp05_p03_m02_ro100_lh05,baseline,10.50,12.00,1.50,0,1,0,1,2,false
EXP-05,exp05_p03_m02_ro100_lh05,baseline,12.00,14.25,2.25,0,1,2,3,0,true
EXP-05,exp05_p03_m02_ro100_lh05,baseline,14.25,16.050,1.800,1,1,1,3,0,false
EXP-05,exp05_p03_m02_ro100_lh05,baseline,16.050,17.850,1.800,2,1,0,3,0,false
EXP-05,exp05_p03_m02_ro100_lh05,baseline,17.850,25.350,7.500,3,0,0,3,0,false
EXP-05,exp05_p03_m02_ro100_lh05,baseline,25.350,27.150,1.800,2,0,0,2,1,false
EXP-05,exp05_p03_m02_ro100_lh05,baseline,27.150,27.75,0.600,2,0,0,2,1,false
EXP-05,exp05_p03_m02_ro100_lh05,baseline,27.75,30.00,2.25,0,1,1,2,1,false
EXP-05,exp05_p03_m02_ro100_lh05,baseline,30.00,33.600,3.600,0,1,0,1,2,false
EXP-05,exp05_p03_m02_ro100_lh05,exact,0,1.50000,1.50000,0,1,0,1,2,false
EXP-05,exp05_p03_m02_ro100_lh05,exact,1.50000,2.25000,0.75000,1,1,0,2,1,false
EXP-05,exp05_p03_m02_ro100_lh05,exact,2.25000,6.75000,4.50000,2,0,0,2,1,false
EXP-05,exp05_p03_m02_ro100_lh05,exact,6.75000,7.50000,0.75000,1,1,0,2,1,false
EXP-05,exp05_p03_m02_ro100_lh05,exact,7.50000,10.50000,3.00000,1,0,0,1,2,false
EXP-05,exp05_p03_m02_ro100_lh05,exact,10.50000,12.00000,1.50000,0,1,0,1,2,false
EXP-05,exp05_p03_m02_ro100_lh05,exact,12.00000,13.80000,1.80000,0,1,0,1,2,false
EXP-05,exp05_p03_m02_ro100_lh05,exact,13.80000,16.05000,2.25000,1,1,0,2,1,false
EXP-05,exp05_p03_m02_ro100_lh05,exact,16.05000,17.85000,1.80000,2,1,0,3,0,false
EXP-05,exp05_p03_m02_ro100_lh05,exact,17.85000,23.10000,5.25000,3,0,0,3,0,false
EXP-05,exp05_p03_m02_ro100_lh05,exact,23.10000,27.15000,4.05000,2,0,0,2,1,false
EXP-05,exp05_p03_m02_ro100_lh05,exact,27.15000,27.75000,0.60000,2,0,0,2,1,false
EXP-05,exp05_p03_m02_ro100_lh05,exact,27.75000,29.55000,1.80000,1,1,0,2,1,false
EXP-05,exp05_p03_m02_ro100_lh05,exact,29.55000,31.35000,1.80000,0,1,1,2,1,false
EXP-05,exp05_p03_m02_ro100_lh05,exact,31.35000,33.60000,2.25000,0,1,0,1,2,false
EXP-05,exp05_p03_m03_ro000_lh00,baseline,0,1.50,1.50,0,1,1,2,1,false
EXP-05,exp05_p03_m03_ro000_lh00,baseline,1.50,2.25,0.75,1,1,0,2,1,false
EXP-05,exp05_p03_m03_ro000_lh00,baseline,2.25,6.75,4.50,2,0,0,2,1,false
EXP-05,exp05_p03_m03_ro000_lh00,baseline,6.75,7.50,0.75,1,1,0,2,1,false
EXP-05,exp05_p03_m03_ro000_lh00,baseline,7.50,10.50,3.00,1,0,0,1,2,false
EXP-05,exp05_p03_m03_ro000_lh00,baseline,10.50,12.00,1.50,0,1,0,1,2,false
EXP-05,exp05_p03_m03_ro000_lh00,baseline,12.00,14.25,2.25,0,1,2,3,0,true
EXP-05,exp05_p03_m03_ro000_lh00,baseline,14.25,15.25,1.00,1,1,1,3,0,false
EXP-05,exp05_p03_m03_ro000_lh00,baseline,15.25,16.25,1.00,2,1,0,3,0,false
EXP-05,exp05_p03_m03_ro000_lh00,baseline,16.25,21.25,5.00,3,0,0,3,0,false
EXP-05,exp05_p03_m03_ro000_lh00,baseline,21.25,22.25,1.00,2,1,0,3,0,false
EXP-05,exp05_p03_m03_ro000_lh00,baseline,22.25,27.75,5.50,2,0,0,2,1,false
EXP-05,exp05_p03_m03_ro000_lh00,baseline,27.75,28.25,0.50,1,1,0,2,1,false
EXP-05,exp05_p03_m03_ro000_lh00,baseline,28.25,30.00,1.75,0,1,1,2,1,false
EXP-05,exp05_p03_m03_ro000_lh00,baseline,30.00,33.00,3.00,0,1,0,1,2,false
EXP-05,exp05_p03_m03_ro000_lh00,exact,0,1.50000,1.50000,0,1,0,1,2,false
EXP-05,exp05_p03_m03_ro000_lh00,exact,1.50000,2.25000,0.75000,1,1,0,2,1,false
EXP-05,exp05_p03_m03_ro000_lh00,exact,2.25000,6.75000,4.50000,2,0,0,2,1,false
EXP-05,exp05_p03_m03_ro000_lh00,exact,6.75000,7.50000,0.75000,1,1,0,2,1,false
EXP-05,exp05_p03_m03_ro000_lh00,exact,7.50000,10.50000,3.00000,1,0,0,1,2,false
EXP-05,exp05_p03_m03_ro000_lh00,exact,10.50000,12.00000,1.50000,0,1,0,1,2,false
EXP-05,exp05_p03_m03_ro000_lh00,exact,12.00000,13.00000,1.00000,0,1,0,1,2,false
EXP-05,exp05_p03_m03_ro000_lh00,exact,13.00000,15.25000,2.25000,1,1,0,2,1,false
EXP-05,exp05_p03_m03_ro000_lh00,exact,15.25000,16.25000,1.00000,2,1,0,3,0,false
EXP-05,exp05_p03_m03_ro000_lh00,exact,16.25000,19.00000,2.75000,3,0,0,3,0,false
EXP-05,exp05_p03_m03_ro000_lh00,exact,19.00000,20.00000,1.00000,2,1,0,3,0,false
EXP-05,exp05_p03_m03_ro000_lh00,exact,20.00000,22.25000,2.25000,3,0,0,3,0,false
EXP-05,exp05_p03_m03_ro000_lh00,exact,22.25000,26.00000,3.75000,2,0,0,2,1,false
EXP-05,exp05_p03_m03_ro000_lh00,exact,26.00000,28.75000,2.75000,1,1,0,2,1,false
EXP-05,exp05_p03_m03_ro000_lh00,exact,28.75000,29.00000,0.25000,0,1,1,2,1,false
EXP-05,exp05_p03_m03_ro000_lh00,exact,29.00000,31.25000,2.25000,0,1,0,1,2,false
EXP-05,exp05_p03_m03_ro050_lh00,baseline,0,1.50,1.50,0,1,1,2,1,false
EXP-05,exp05_p03_m03_ro050_lh00,baseline,1.50,2.25,0.75,1,1,0,2,1,false
EXP-05,exp05_p03_m03_ro050_lh00,baseline,2.25,6.75,4.50,2,0,0,2,1,false
EXP-05,exp05_p03_m03_ro050_lh00,baseline,6.75,7.50,0.75,1,1,0,2,1,false
EXP-05,exp05_p03_m03_ro050_lh00,baseline,7.50,10.50,3.00,1,0,0,1,2,false
EXP-05,exp05_p03_m03_ro050_lh00,baseline,10.50,12.00,1.50,0,1,0,1,2,false
EXP-05,exp05_p03_m03_ro050_lh00,baseline,12.00,14.25,2.25,0,1,2,3,0,true
EXP-05,exp05_p03_m03_ro050_lh00,baseline,14.25,15.25,1.00,1,1,1,3,0,false
EXP-05,exp05_p03_m03_ro050_lh00,baseline,15.25,16.25,1.00,2,1,0,3,0,false
EXP-05,exp05_p03_m03_ro050_lh00,baseline,16.25,21.65,5.40,3,0,0,3,0,false
EXP-05,exp05_p03_m03_ro050_lh00,baseline,21.65,22.65,1.00,2,1,0,3,0,false
EXP-05,exp05_p03_m03_ro050_lh00,baseline,22.65,27.75,5.10,2,0,0,2,1,false
EXP-05,exp05_p03_m03_ro050_lh00,baseline,27.75,29.05,1.30,1,1,0,2,1,false
EXP-05,exp05_p03_m03_ro050_lh00,baseline,29.05,30.00,0.95,1,1,0,2,1,false
EXP-05,exp05_p03_m03_ro050_lh00,baseline,30.00,30.25,0.25,1,0,0,1,2,false
EXP-05,exp05_p03_m03_ro050_lh00,baseline,30.25,33.25,3.00,0,1,0,1,2,false
EXP-05,exp05_p03_m03_ro050_lh00,exact,0,1.50000,1.50000,0,1,0,1,2,false
EXP-05,exp05_p03_m03_ro050_lh00,exact,1.50000,2.25000,0.75000,1,1,0,2,1,false
EXP-05,exp05_p03_m03_ro050_lh00,exact,2.25000,6.75000,4.50000,2,0,0,2,1,false
EXP-05,exp05_p03_m03_ro050_lh00,exact,6.75000,7.50000,0.75000,1,1,0,2,1,false
EXP-05,exp05_p03_m03_ro050_lh00,exact,7.50000,10.50000,3.00000,1,0,0,1,2,false
EXP-05,exp05_p03_m03_ro050_lh00,exact,10.50000,12.00000,1.50000,0,1,0,1,2,false
EXP-05,exp05_p03_m03_ro050_lh00,exact,12.00000,13.00000,1.00000,0,1,0,1,2,false
EXP-05,exp05_p03_m03_ro050_lh00,exact,13.00000,14.00000,1.00000,1,1,0,2,1,false
EXP-05,exp05_p03_m03_ro050_lh00,exact,14.00000,16.25000,2.25000,2,1,0,3,0,false
EXP-05,exp05_p03_m03_ro050_lh00,exact,16.25000,19.40000,3.15000,3,0,0,3,0,false
EXP-05,exp05_p03_m03_ro050_lh00,exact,19.40000,20.40000,1.00000,2,1,0,3,0,false
EXP-05,exp05_p03_m03_ro050_lh00,exact,20.40000,26.80000,6.40000,2,0,0,2,1,false
EXP-05,exp05_p03_m03_ro050_lh00,exact,26.80000,28.00000,1.20000,2,0,0,2,1,false
EXP-05,exp05_p03_m03_ro050_lh00,exact,28.00000,29.75000,1.75000,1,1,0,2,1,false
EXP-05,exp05_p03_m03_ro050_lh00,exact,29.75000,31.00000,1.25000,0,1,1,2,1,false
EXP-05,exp05_p03_m03_ro050_lh00,exact,31.00000,33.25000,2.25000,0,1,0,1,2,false
EXP-05,exp05_p03_m03_ro050_lh05,baseline,0,1.50,1.50,0,1,1,2,1,false
EXP-05,exp05_p03_m03_ro050_lh05,baseline,1.50,2.25,0.75,1,1,0,2,1,false
EXP-05,exp05_p03_m03_ro050_lh05,baseline,2.25,6.75,4.50,2,0,0,2,1,false
EXP-05,exp05_p03_m03_ro050_lh05,baseline,6.75,7.50,0.75,1,1,0,2,1,false
EXP-05,exp05_p03_m03_ro050_lh05,baseline,7.50,10.50,3.00,1,0,0,1,2,false
EXP-05,exp05_p03_m03_ro050_lh05,baseline,10.50,12.00,1.50,0,1,0,1,2,false
EXP-05,exp05_p03_m03_ro050_lh05,baseline,12.00,14.25,2.25,0,1,2,3,0,true
EXP-05,exp05_p03_m03_ro050_lh05,baseline,14.25,15.450,1.200,1,1,1,3,0,false
EXP-05,exp05_p03_m03_ro050_lh05,baseline,15.450,16.650,1.200,2,1,0,3,0,false
EXP-05,exp05_p03_m03_ro050_lh05,baseline,16.650,21.650,5.000,3,0,0,3,0,false
EXP-05,exp05_p03_m03_ro050_lh05,baseline,21.650,22.850,1.200,2,1,0,3,0,false
EXP-05,exp05_p03_m03_ro050_lh05,baseline,22.850,27.75,4.900,2,0,0,2,1,false
EXP-05,exp05_p03_m03_ro050_lh05,baseline,27.75,29.050,1.300,1,1,0,2,1,false
EXP-05,exp05_p03_m03_ro050_lh05,baseline,29.050,29.650,0.600,1,1,0,2,1,false
EXP-05,exp05_p03_m03_ro050_lh05,baseline,29.650,30.00,0.350,0,1,1,2,1,false
EXP-05,exp05_p03_m03_ro050_lh05,baseline,30.00,33.600,3.600,0,1,0,1,2,false
EXP-05,exp05_p03_m03_ro050_lh05,exact,0,1.50000,1.50000,0,1,0,1,2,false
EXP-05,exp05_p03_m03_ro050_lh05,exact,1.50000,2.25000,0.75000,1,1,0,2,1,false
EXP-05,exp05_p03_m03_ro050_lh05,exact,2.25000,6.75000,4.50000,2,0,0,2,1,false
EXP-05,exp05_p03_m03_ro050_lh05,exact,6.75000,7.50000,0.75000,1,1,0,2,1,false
EXP-05,exp05_p03_m03_ro050_lh05,exact,7.50000,10.50000,3.00000,1,0,0,1,2,false
EXP-05,exp05_p03_m03_ro050_lh05,exact,10.50000,12.00000,1.50000,0,1,0,1,2,false
EXP-05,exp05_p03_m03_ro050_lh05,exact,12.00000,13.20000,1.20000,0,1,0,1,2,false
EXP-05,exp05_p03_m03_ro050_lh05,exact,13.20000,14.40000,1.20000,1,1,0,2,1,false
EXP-05,exp05_p03_m03_ro050_lh05,exact,14.40000,16.65000,2.25000,2,1,0,3,0,false
EXP-05,exp05_p03_m03_ro050_lh05,exact,16.65000,19.40000,2.75000,3,0,0,3,0,false
EXP-05,exp05_p03_m03_ro050_lh05,exact,19.40000,20.60000,1.20000,2,1,0,3,0,false
EXP-05,exp05_p03_m03_ro050_lh05,exact,20.60000,26.80000,6.20000,2,0,0,2,1,false
EXP-05,exp05_p03_m03_ro050_lh05,exact,26.80000,27.40000,0.60000,2,0,0,2,1,false
EXP-05,exp05_p03_m03_ro050_lh05,exact,27.40000,30.15000,2.75000,1,1,0,2,1,false
EXP-05,exp05_p03_m03_ro050_lh05,exact,30.15000,31.00000,0.85000,0,1,1,2,1,false
EXP-05,exp05_p03_m03_ro050_lh05,exact,31.00000,33.25000,2.25000,0,1,0,1,2,false
EXP-05,exp05_p03_m03_ro100_lh00,baseline,0,1.50,1.50,0,1,1,2,1,false
EXP-05,exp05_p03_m03_ro100_lh00,baseline,1.50,2.25,0.75,1,1,0,2,1,false
EXP-05,exp05_p03_m03_ro100_lh00,baseline,2.25,6.75,4.50,2,0,0,2,1,false
EXP-05,exp05_p03_m03_ro100_lh00,baseline,6.75,7.50,0.75,1,1,0,2,1,false
EXP-05,exp05_p03_m03_ro100_lh00,baseline,7.50,10.50,3.00,1,0,0,1,2,false
EXP-05,exp05_p03_m03_ro100_lh00,baseline,10.50,12.00,1.50,0,1,0,1,2,false
EXP-05,exp05_p03_m03_ro100_lh00,baseline,12.00,14.25,2.25,0,1,2,3,0,true
EXP-05,exp05_p03_m03_ro100_lh00,baseline,14.25,15.25,1.00,1,1,1,3,0,false
EXP-05,exp05_p03_m03_ro100_lh00,baseline,15.25,16.25,1.00,2,1,0,3,0,false
EXP-05,exp05_p03_m03_ro100_lh00,baseline,16.25,22.05,5.80,3,0,0,3,0,false
EXP-05,exp05_p03_m03_ro100_lh00,baseline,22.05,23.05,1.00,2,1,0,3,0,false
EXP-05,exp05_p03_m03_ro100_lh00,baseline,23.05,27.75,4.70,2,0,0,2,1,false
EXP-05,exp05_p03_m03_ro100_lh00,baseline,27.75,29.85,2.10,1,1,0,2,1,false
EXP-05,exp05_p03_m03_ro100_lh00,baseline,29.85,30.00,0.15,1,1,0,2,1,false
EXP-05,exp05_p03_m03_ro100_lh00,baseline,30.00,32.25,2.25,1,0,0,1,2,false
EXP-05,exp05_p03_m03_ro100_lh00,baseline,32.25,35.25,3.00,0,1,0,1,2,false
EXP-05,exp05_p03_m03_ro100_lh00,exact,0,1.50000,1.50000,0,1,0,1,2,false
EXP-05,exp05_p03_m03_ro100_lh00,exact,1.50000,2.25000,0.75000,1,1,0,2,1,false
EXP-05,exp05_p03_m03_ro100_lh00,exact,2.25000,6.75000,4.50000,2,0,0,2,1,false
EXP-05,exp05_p03_m03_ro100_lh00,exact,6.75000,7.50000,0.75000,1,1,0,2,1,false
EXP-05,exp05_p03_m03_ro100_lh00,exact,7.50000,10.50000,3.00000,1,0,0,1,2,false
EXP-05,exp05_p03_m03_ro100_lh00,exact,10.50000,12.00000,1.50000,0,1,0,1,2,false
EXP-05,exp05_p03_m03_ro100_lh00,exact,12.00000,13.00000,1.00000,0,1,0,1,2,false
EXP-05,exp05_p03_m03_ro100_lh00,exact,13.00000,15.25000,2.25000,1,1,0,2,1,false
EXP-05,exp05_p03_m03_ro100_lh00,exact,15.25000,16.25000,1.00000,2,1,0,3,0,false
EXP-05,exp05_p03_m03_ro100_lh00,exact,16.25000,19.80000,3.55000,3,0,0,3,0,false
EXP-05,exp05_p03_m03_ro100_lh00,exact,19.80000,20.80000,1.00000,2,1,0,3,0,false
EXP-05,exp05_p03_m03_ro100_lh00,exact,20.80000,23.05000,2.25000,3,0,0,3,0,false
EXP-05,exp05_p03_m03_ro100_lh00,exact,23.05000,27.60000,4.55000,2,0,0,2,1,false
EXP-05,exp05_p03_m03_ro100_lh00,exact,27.60000,28.60000,1.00000,1,0,0,1,2,false
EXP-05,exp05_p03_m03_ro100_lh00,exact,28.60000,28.75000,0.15000,2,0,0,2,1,false
EXP-05,exp05_p03_m03_ro100_lh00,exact,28.75000,31.00000,2.25000,1,1,0,2,1,false
EXP-05,exp05_p03_m03_ro100_lh00,exact,31.00000,34.00000,3.00000,0,1,0,1,2,false
EXP-05,exp05_p03_m03_ro100_lh05,baseline,0,1.50,1.50,0,1,1,2,1,false
EXP-05,exp05_p03_m03_ro100_lh05,baseline,1.50,2.25,0.75,1,1,0,2,1,false
EXP-05,exp05_p03_m03_ro100_lh05,baseline,2.25,6.75,4.50,2,0,0,2,1,false
EXP-05,exp05_p03_m03_ro100_lh05,baseline,6.75,7.50,0.75,1,1,0,2,1,false
EXP-05,exp05_p03_m03_ro100_lh05,baseline,7.50,10.50,3.00,1,0,0,1,2,false
EXP-05,exp05_p03_m03_ro100_lh05,baseline,10.50,12.00,1.50,0,1,0,1,2,false
EXP-05,exp05_p03_m03_ro100_lh05,baseline,12.00,14.25,2.25,0,1,2,3,0,true
EXP-05,exp05_p03_m03_ro100_lh05,baseline,14.25,15.650,1.400,1,1,1,3,0,false
EXP-05,exp05_p03_m03_ro100_lh05,baseline,15.650,17.050,1.400,2,1,0,3,0,false
EXP-05,exp05_p03_m03_ro100_lh05,baseline,17.050,22.050,5.000,3,0,0,3,0,false
EXP-05,exp05_p03_m03_ro100_lh05,baseline,22.050,23.450,1.400,2,1,0,3,0,false
EXP-05,exp05_p03_m03_ro100_lh05,baseline,23.450,27.75,4.300,2,0,0,2,1,false
EXP-05,exp05_p03_m03_ro100_lh05,baseline,27.75,29.850,2.100,1,1,0,2,1,false
EXP-05,exp05_p03_m03_ro100_lh05,baseline,29.850,30.00,0.150,1,1,0,2,1,false
EXP-05,exp05_p03_m03_ro100_lh05,baseline,30.00,31.050,1.050,1,0,0,1,2,false
EXP-05,exp05_p03_m03_ro100_lh05,baseline,31.050,35.250,4.200,0,1,0,1,2,false
EXP-05,exp05_p03_m03_ro100_lh05,exact,0,1.50000,1.50000,0,1,0,1,2,false
EXP-05,exp05_p03_m03_ro100_lh05,exact,1.50000,2.25000,0.75000,1,1,0,2,1,false
EXP-05,exp05_p03_m03_ro100_lh05,exact,2.25000,6.75000,4.50000,2,0,0,2,1,false
EXP-05,exp05_p03_m03_ro100_lh05,exact,6.75000,7.50000,0.75000,1,1,0,2,1,false
EXP-05,exp05_p03_m03_ro100_lh05,exact,7.50000,10.50000,3.00000,1,0,0,1,2,false
EXP-05,exp05_p03_m03_ro100_lh05,exact,10.50000,12.00000,1.50000,0,1,0,1,2,false
EXP-05,exp05_p03_m03_ro100_lh05,exact,12.00000,13.40000,1.40000,0,1,0,1,2,false
EXP-05,exp05_p03_m03_ro100_lh05,exact,13.40000,14.80000,1.40000,1,1,0,2,1,false
EXP-05,exp05_p03_m03_ro100_lh05,exact,14.80000,17.05000,2.25000,2,1,0,3,0,false
EXP-05,exp05_p03_m03_ro100_lh05,exact,17.05000,19.80000,2.75000,3,0,0,3,0,false
EXP-05,exp05_p03_m03_ro100_lh05,exact,19.80000,21.20000,1.40000,2,1,0,3,0,false
EXP-05,exp05_p03_m03_ro100_lh05,exact,21.20000,27.60000,6.40000,2,0,0,2,1,false
EXP-05,exp05_p03_m03_ro100_lh05,exact,27.60000,28.80000,1.20000,2,0,0,2,1,false
EXP-05,exp05_p03_m03_ro100_lh05,exact,28.80000,30.55000,1.75000,1,1,0,2,1,false
EXP-05,exp05_p03_m03_ro100_lh05,exact,30.55000,33.00000,2.45000,0,1,1,2,1,false
EXP-05,exp05_p03_m03_ro100_lh05,exact,33.00000,35.25000,2.25000,0,1,0,1,2,false
EXP-05,exp05_p03_m04_ro000_lh00,baseline,0,1.50,1.50,0,1,1,2,1,false
EXP-05,exp05_p03_m04_ro000_lh00,baseline,1.50,2.25,0.75,1,1,0,2,1,false
EXP-05,exp05_p03_m04_ro000_lh00,baseline,2.25,6.75,4.50,2,0,0,2,1,false
EXP-05,exp05_p03_m04_ro000_lh00,baseline,6.75,7.50,0.75,1,1,0,2,1,false
EXP-05,exp05_p03_m04_ro000_lh00,baseline,7.50,10.50,3.00,1,0,0,1,2,false
EXP-05,exp05_p03_m04_ro000_lh00,baseline,10.50,12.00,1.50,0,1,0,1,2,false
EXP-05,exp05_p03_m04_ro000_lh00,baseline,12.00,14.25,2.25,0,1,2,3,0,true
EXP-05,exp05_p03_m04_ro000_lh00,baseline,14.25,15.00,0.75,1,1,1,3,0,false
EXP-05,exp05_p03_m04_ro000_lh00,baseline,15.00,15.75,0.75,2,1,0,3,0,false
EXP-05,exp05_p03_m04_ro000_lh00,baseline,15.75,19.50,3.75,3,0,0,3,0,false
EXP-05,exp05_p03_m04_ro000_lh00,baseline,19.50,20.25,0.75,2,1,0,3,0,false
EXP-05,exp05_p03_m04_ro000_lh00,baseline,20.25,21.00,0.75,2,1,0,3,0,false
EXP-05,exp05_p03_m04_ro000_lh00,baseline,21.00,24.75,3.75,3,0,0,3,0,false
EXP-05,exp05_p03_m04_ro000_lh00,baseline,24.75,25.50,0.75,2,0,0,2,1,false
EXP-05,exp05_p03_m04_ro000_lh00,baseline,25.50,27.75,2.25,1,1,0,2,1,false
EXP-05,exp05_p03_m04_ro000_lh00,baseline,27.75,28.50,0.75,0,1,1,2,1,false
EXP-05,exp05_p03_m04_ro000_lh00,baseline,28.50,30.75,2.25,0,1,0,1,2,false
EXP-05,exp05_p03_m04_ro000_lh00,exact,0,1.50000,1.50000,0,1,0,1,2,false
EXP-05,exp05_p03_m04_ro000_lh00,exact,1.50000,2.25000,0.75000,1,1,0,2,1,false
EXP-05,exp05_p03_m04_ro000_lh00,exact,2.25000,6.75000,4.50000,2,0,0,2,1,false
EXP-05,exp05_p03_m04_ro000_lh00,exact,6.75000,7.50000,0.75000,1,1,0,2,1,false
EXP-05,exp05_p03_m04_ro000_lh00,exact,7.50000,10.50000,3.00000,1,0,0,1,2,false
EXP-05,exp05_p03_m04_ro000_lh00,exact,10.50000,12.00000,1.50000,0,1,0,1,2,false
EXP-05,exp05_p03_m04_ro000_lh00,exact,12.00000,12.75000,0.75000,0,1,0,1,2,false
EXP-05,exp05_p03_m04_ro000_lh00,exact,12.75000,15.00000,2.25000,1,1,0,2,1,false
EXP-05,exp05_p03_m04_ro000_lh00,exact,15.00000,15.75000,0.75000,2,1,0,3,0,false
EXP-05,exp05_p03_m04_ro000_lh00,exact,15.75000,17.25000,1.50000,3,0,0,3,0,false
EXP-05,exp05_p03_m04_ro000_lh00,exact,17.25000,18.00000,0.75000,2,1,0,3,0,false
EXP-05,exp05_p03_m04_ro000_lh00,exact,18.00000,20.25000,2.25000,3,0,0,3,0,false
EXP-05,exp05_p03_m04_ro000_lh00,exact,20.25000,21.00000,0.75000,2,1,0,3,0,false
EXP-05,exp05_p03_m04_ro000_lh00,exact,21.00000,22.50000,1.50000,3,0,0,3,0,false
EXP-05,exp05_p03_m04_ro000_lh00,exact,22.50000,25.50000,3.00000,2,0,0,2,1,false
EXP-05,exp05_p03_m04_ro000_lh00,exact,25.50000,28.50000,3.00000,1,1,0,2,1,false
EXP-05,exp05_p03_m04_ro000_lh00,exact,28.50000,30.75000,2.25000,0,1,0,1,2,false
EXP-05,exp05_p03_m04_ro050_lh00,baseline,0,1.50,1.50,0,1,1,2,1,false
EXP-05,exp05_p03_m04_ro050_lh00,baseline,1.50,2.25,0.75,1,1,0,2,1,false
EXP-05,exp05_p03_m04_ro050_lh00,baseline,2.25,6.75,4.50,2,0,0,2,1,false
EXP-05,exp05_p03_m04_ro050_lh00,baseline,6.75,7.50,0.75,1,1,0,2,1,false
EXP-05,exp05_p03_m04_ro050_lh00,baseline,7.50,10.50,3.00,1,0,0,1,2,false
EXP-05,exp05_p03_m04_ro050_lh00,baseline,10.50,12.00,1.50,0,1,0,1,2,false
EXP-05,exp05_p03_m04_ro050_lh00,baseline,12.00,14.25,2.25,0,1,2,3,0,true
EXP-05,exp05_p03_m04_ro050_lh00,baseline,14.25,15.00,0.75,1,1,1,3,0,false
EXP-05,exp05_p03_m04_ro050_lh00,baseline,15.00,15.75,0.75,2,1,0,3,0,false
EXP-05,exp05_p03_m04_ro050_lh00,baseline,15.75,19.95,4.20,3,0,0,3,0,false
EXP-05,exp05_p03_m04_ro050_lh00,baseline,19.95,20.70,0.75,2,1,0,3,0,false
EXP-05,exp05_p03_m04_ro050_lh00,baseline,20.70,21.45,0.75,2,1,0,3,0,false
EXP-05,exp05_p03_m04_ro050_lh00,baseline,21.45,25.65,4.20,3,0,0,3,0,false
EXP-05,exp05_p03_m04_ro050_lh00,baseline,25.65,26.40,0.75,2,0,0,2,1,false
EXP-05,exp05_p03_m04_ro050_lh00,baseline,26.40,27.75,1.35,2,0,0,2,1,false
EXP-05,exp05_p03_m04_ro050_lh00,baseline,27.75,28.20,0.45,1,1,0,2,1,false
EXP-05,exp05_p03_m04_ro050_lh00,baseline,28.20,30.00,1.80,0,1,1,2,1,false
EXP-05,exp05_p03_m04_ro050_lh00,baseline,30.00,33.00,3.00,0,1,0,1,2,false
EXP-05,exp05_p03_m04_ro050_lh00,exact,0,1.50000,1.50000,0,1,0,1,2,false
EXP-05,exp05_p03_m04_ro050_lh00,exact,1.50000,2.25000,0.75000,1,1,0,2,1,false
EXP-05,exp05_p03_m04_ro050_lh00,exact,2.25000,6.75000,4.50000,2,0,0,2,1,false
EXP-05,exp05_p03_m04_ro050_lh00,exact,6.75000,7.50000,0.75000,1,1,0,2,1,false
EXP-05,exp05_p03_m04_ro050_lh00,exact,7.50000,10.50000,3.00000,1,0,0,1,2,false
EXP-05,exp05_p03_m04_ro050_lh00,exact,10.50000,12.00000,1.50000,0,1,0,1,2,false
EXP-05,exp05_p03_m04_ro050_lh00,exact,12.00000,12.75000,0.75000,0,1,0,1,2,false
EXP-05,exp05_p03_m04_ro050_lh00,exact,12.75000,13.50000,0.75000,1,1,0,2,1,false
EXP-05,exp05_p03_m04_ro050_lh00,exact,13.50000,15.75000,2.25000,2,1,0,3,0,false
EXP-05,exp05_p03_m04_ro050_lh00,exact,15.75000,17.70000,1.95000,3,0,0,3,0,false
EXP-05,exp05_p03_m04_ro050_lh00,exact,17.70000,18.45000,0.75000,2,1,0,3,0,false
EXP-05,exp05_p03_m04_ro050_lh00,exact,18.45000,19.20000,0.75000,2,1,0,3,0,false
EXP-05,exp05_p03_m04_ro050_lh00,exact,19.20000,23.40000,4.20000,3,0,0,3,0,false
EXP-05,exp05_p03_m04_ro050_lh00,exact,23.40000,24.15000,0.75000,2,0,0,2,1,false
EXP-05,exp05_p03_m04_ro050_lh00,exact,24.15000,25.95000,1.80000,2,0,0,2,1,false
EXP-05,exp05_p03_m04_ro050_lh00,exact,25.95000,28.95000,3.00000,1,1,0,2,1,false
EXP-05,exp05_p03_m04_ro050_lh00,exact,28.95000,29.25000,0.30000,1,0,0,1,2,false
EXP-05,exp05_p03_m04_ro050_lh00,exact,29.25000,31.50000,2.25000,0,1,0,1,2,false
EXP-05,exp05_p03_m04_ro050_lh05,baseline,0,1.50,1.50,0,1,1,2,1,false
EXP-05,exp05_p03_m04_ro050_lh05,baseline,1.50,2.25,0.75,1,1,0,2,1,false
EXP-05,exp05_p03_m04_ro050_lh05,baseline,2.25,6.75,4.50,2,0,0,2,1,false
EXP-05,exp05_p03_m04_ro050_lh05,baseline,6.75,7.50,0.75,1,1,0,2,1,false
EXP-05,exp05_p03_m04_ro050_lh05,baseline,7.50,10.50,3.00,1,0,0,1,2,false
EXP-05,exp05_p03_m04_ro050_lh05,baseline,10.50,12.00,1.50,0,1,0,1,2,false
EXP-05,exp05_p03_m04_ro050_lh05,baseline,12.00,14.25,2.25,0,1,2,3,0,true
EXP-05,exp05_p03_m04_ro050_lh05,baseline,14.25,15.225,0.975,1,1,1,3,0,false
EXP-05,exp05_p03_m04_ro050_lh05,baseline,15.225,16.200,0.975,2,1,0,3,0,false
EXP-05,exp05_p03_m04_ro050_lh05,baseline,16.200,19.950,3.750,3,0,0,3,0,false
EXP-05,exp05_p03_m04_ro050_lh05,baseline,19.950,20.925,0.975,2,1,0,3,0,false
EXP-05,exp05_p03_m04_ro050_lh05,baseline,20.925,21.900,0.975,2,1,0,3,0,false
EXP-05,exp05_p03_m04_ro050_lh05,baseline,21.900,25.650,3.750,3,0,0,3,0,false
EXP-05,exp05_p03_m04_ro050_lh05,baseline,25.650,26.625,0.975,2,0,0,2,1,false
EXP-05,exp05_p03_m04_ro050_lh05,baseline,26.625,27.525,0.900,2,0,0,2,1,false
EXP-05,exp05_p03_m04_ro050_lh05,baseline,27.525,27.75,0.225,1,1,0,2,1,false
EXP-05,exp05_p03_m04_ro050_lh05,baseline,27.75,31.425,3.675,0,1,1,2,1,false
EXP-05,exp05_p03_m04_ro050_lh05,baseline,31.425,33.675,2.250,0,1,0,1,2,false
EXP-05,exp05_p03_m04_ro050_lh05,exact,0,1.50000,1.50000,0,1,0,1,2,false
EXP-05,exp05_p03_m04_ro050_lh05,exact,1.50000,2.25000,0.75000,1,1,0,2,1,false
EXP-05,exp05_p03_m04_ro050_lh05,exact,2.25000,6.75000,4.50000,2,0,0,2,1,false
EXP-05,exp05_p03_m04_ro050_lh05,exact,6.75000,7.50000,0.75000,1,1,0,2,1,false
EXP-05,exp05_p03_m04_ro050_lh05,exact,7.50000,10.50000,3.00000,1,0,0,1,2,false
EXP-05,exp05_p03_m04_ro050_lh05,exact,10.50000,12.00000,1.50000,0,1,0,1,2,false
EXP-05,exp05_p03_m04_ro050_lh05,exact,12.00000,12.97500,0.97500,0,1,0,1,2,false
EXP-05,exp05_p03_m04_ro050_lh05,exact,12.97500,13.95000,0.97500,1,1,0,2,1,false
EXP-05,exp05_p03_m04_ro050_lh05,exact,13.95000,16.20000,2.25000,2,1,0,3,0,false
EXP-05,exp05_p03_m04_ro050_lh05,exact,16.20000,17.70000,1.50000,3,0,0,3,0,false
EXP-05,exp05_p03_m04_ro050_lh05,exact,17.70000,18.67500,0.97500,2,1,0,3,0,false
EXP-05,exp05_p03_m04_ro050_lh05,exact,18.67500,19.65000,0.97500,2,1,0,3,0,false
EXP-05,exp05_p03_m04_ro050_lh05,exact,19.65000,23.40000,3.75000,3,0,0,3,0,false
EXP-05,exp05_p03_m04_ro050_lh05,exact,23.40000,24.37500,0.97500,2,0,0,2,1,false
EXP-05,exp05_p03_m04_ro050_lh05,exact,24.37500,25.27500,0.90000,2,0,0,2,1,false
EXP-05,exp05_p03_m04_ro050_lh05,exact,25.27500,29.17500,3.90000,1,1,0,2,1,false
EXP-05,exp05_p03_m04_ro050_lh05,exact,29.17500,29.70000,0.52500,1,0,0,1,2,false
EXP-05,exp05_p03_m04_ro050_lh05,exact,29.70000,31.95000,2.25000,0,1,0,1,2,false
EXP-05,exp05_p03_m04_ro100_lh00,baseline,0,1.50,1.50,0,1,1,2,1,false
EXP-05,exp05_p03_m04_ro100_lh00,baseline,1.50,2.25,0.75,1,1,0,2,1,false
EXP-05,exp05_p03_m04_ro100_lh00,baseline,2.25,6.75,4.50,2,0,0,2,1,false
EXP-05,exp05_p03_m04_ro100_lh00,baseline,6.75,7.50,0.75,1,1,0,2,1,false
EXP-05,exp05_p03_m04_ro100_lh00,baseline,7.50,10.50,3.00,1,0,0,1,2,false
EXP-05,exp05_p03_m04_ro100_lh00,baseline,10.50,12.00,1.50,0,1,0,1,2,false
EXP-05,exp05_p03_m04_ro100_lh00,baseline,12.00,14.25,2.25,0,1,2,3,0,true
EXP-05,exp05_p03_m04_ro100_lh00,baseline,14.25,15.00,0.75,1,1,1,3,0,false
EXP-05,exp05_p03_m04_ro100_lh00,baseline,15.00,15.75,0.75,2,1,0,3,0,false
EXP-05,exp05_p03_m04_ro100_lh00,baseline,15.75,20.40,4.65,3,0,0,3,0,false
EXP-05,exp05_p03_m04_ro100_lh00,baseline,20.40,21.15,0.75,2,1,0,3,0,false
EXP-05,exp05_p03_m04_ro100_lh00,baseline,21.15,21.90,0.75,2,1,0,3,0,false
EXP-05,exp05_p03_m04_ro100_lh00,baseline,21.90,26.55,4.65,3,0,0,3,0,false
EXP-05,exp05_p03_m04_ro100_lh00,baseline,26.55,27.30,0.75,2,0,0,2,1,false
EXP-05,exp05_p03_m04_ro100_lh00,baseline,27.30,27.75,0.45,2,0,0,2,1,false
EXP-05,exp05_p03_m04_ro100_lh00,baseline,27.75,30.00,2.25,1,1,0,2,1,false
EXP-05,exp05_p03_m04_ro100_lh00,baseline,30.00,30.90,0.90,1,0,0,1,2,false
EXP-05,exp05_p03_m04_ro100_lh00,baseline,30.90,33.90,3.00,0,1,0,1,2,false
EXP-05,exp05_p03_m04_ro100_lh00,exact,0,1.50000,1.50000,0,1,0,1,2,false
EXP-05,exp05_p03_m04_ro100_lh00,exact,1.50000,2.25000,0.75000,1,1,0,2,1,false
EXP-05,exp05_p03_m04_ro100_lh00,exact,2.25000,6.75000,4.50000,2,0,0,2,1,false
EXP-05,exp05_p03_m04_ro100_lh00,exact,6.75000,7.50000,0.75000,1,1,0,2,1,false
EXP-05,exp05_p03_m04_ro100_lh00,exact,7.50000,10.50000,3.00000,1,0,0,1,2,false
EXP-05,exp05_p03_m04_ro100_lh00,exact,10.50000,12.00000,1.50000,0,1,0,1,2,false
EXP-05,exp05_p03_m04_ro100_lh00,exact,12.00000,12.75000,0.75000,0,1,0,1,2,false
EXP-05,exp05_p03_m04_ro100_lh00,exact,12.75000,13.50000,0.75000,1,1,0,2,1,false
EXP-05,exp05_p03_m04_ro100_lh00,exact,13.50000,15.75000,2.25000,2,1,0,3,0,false
EXP-05,exp05_p03_m04_ro100_lh00,exact,15.75000,18.15000,2.40000,3,0,0,3,0,false
EXP-05,exp05_p03_m04_ro100_lh00,exact,18.15000,18.90000,0.75000,2,1,0,3,0,false
EXP-05,exp05_p03_m04_ro100_lh00,exact,18.90000,19.65000,0.75000,2,1,0,3,0,false
EXP-05,exp05_p03_m04_ro100_lh00,exact,19.65000,24.30000,4.65000,3,0,0,3,0,false
EXP-05,exp05_p03_m04_ro100_lh00,exact,24.30000,25.05000,0.75000,2,0,0,2,1,false
EXP-05,exp05_p03_m04_ro100_lh00,exact,25.05000,28.65000,3.60000,2,0,0,2,1,false
EXP-05,exp05_p03_m04_ro100_lh00,exact,28.65000,29.25000,0.60000,1,1,0,2,1,false
EXP-05,exp05_p03_m04_ro100_lh00,exact,29.25000,31.65000,2.40000,0,1,1,2,1,false
EXP-05,exp05_p03_m04_ro100_lh00,exact,31.65000,33.90000,2.25000,0,1,0,1,2,false
EXP-05,exp05_p03_m04_ro100_lh05,baseline,0,1.50,1.50,0,1,1,2,1,false
EXP-05,exp05_p03_m04_ro100_lh05,baseline,1.50,2.25,0.75,1,1,0,2,1,false
EXP-05,exp05_p03_m04_ro100_lh05,baseline,2.25,6.75,4.50,2,0,0,2,1,false
EXP-05,exp05_p03_m04_ro100_lh05,baseline,6.75,7.50,0.75,1,1,0,2,1,false
EXP-05,exp05_p03_m04_ro100_lh05,baseline,7.50,10.50,3.00,1,0,0,1,2,false
EXP-05,exp05_p03_m04_ro100_lh05,baseline,10.50,12.00,1.50,0,1,0,1,2,false
EXP-05,exp05_p03_m04_ro100_lh05,baseline,12.00,14.25,2.25,0,1,2,3,0,true
EXP-05,exp05_p03_m04_ro100_lh05,baseline,14.25,15.450,1.200,1,1,1,3,0,false
EXP-05,exp05_p03_m04_ro100_lh05,baseline,15.450,16.650,1.200,2,1,0,3,0,false
EXP-05,exp05_p03_m04_ro100_lh05,baseline,16.650,20.400,3.750,3,0,0,3,0,false
EXP-05,exp05_p03_m04_ro100_lh05,baseline,20.400,21.600,1.200,2,1,0,3,0,false
EXP-05,exp05_p03_m04_ro100_lh05,baseline,21.600,22.800,1.200,2,1,0,3,0,false
EXP-05,exp05_p03_m04_ro100_lh05,baseline,22.800,26.550,3.750,3,0,0,3,0,false
EXP-05,exp05_p03_m04_ro100_lh05,baseline,26.550,27.75,1.200,2,0,0,2,1,false
EXP-05,exp05_p03_m04_ro100_lh05,baseline,27.75,29.550,1.800,1,1,0,2,1,false
EXP-05,exp05_p03_m04_ro100_lh05,baseline,29.550,30.00,0.450,0,1,1,2,1,false
EXP-05,exp05_p03_m04_ro100_lh05,baseline,30.00,34.800,4.800,0,1,0,1,2,false
EXP-05,exp05_p03_m04_ro100_lh05,exact,0,1.50000,1.50000,0,1,0,1,2,false
EXP-05,exp05_p03_m04_ro100_lh05,exact,1.50000,2.25000,0.75000,1,1,0,2,1,false
EXP-05,exp05_p03_m04_ro100_lh05,exact,2.25000,6.75000,4.50000,2,0,0,2,1,false
EXP-05,exp05_p03_m04_ro100_lh05,exact,6.75000,7.50000,0.75000,1,1,0,2,1,false
EXP-05,exp05_p03_m04_ro100_lh05,exact,7.50000,10.50000,3.00000,1,0,0,1,2,false
EXP-05,exp05_p03_m04_ro100_lh05,exact,10.50000,12.00000,1.50000,0,1,0,1,2,false
EXP-05,exp05_p03_m04_ro100_lh05,exact,12.00000,13.20000,1.20000,0,1,0,1,2,false
EXP-05,exp05_p03_m04_ro100_lh05,exact,13.20000,14.40000,1.20000,1,1,0,2,1,false
EXP-05,exp05_p03_m04_ro100_lh05,exact,14.40000,16.65000,2.25000,2,1,0,3,0,false
EXP-05,exp05_p03_m04_ro100_lh05,exact,16.65000,18.15000,1.50000,3,0,0,3,0,false
EXP-05,exp05_p03_m04_ro100_lh05,exact,18.15000,19.35000,1.20000,2,1,0,3,0,false
EXP-05,exp05_p03_m04_ro100_lh05,exact,19.35000,20.55000,1.20000,2,1,0,3,0,false
EXP-05,exp05_p03_m04_ro100_lh05,exact,20.55000,24.30000,3.75000,3,0,0,3,0,false
EXP-05,exp05_p03_m04_ro100_lh05,exact,24.30000,25.50000,1.20000,2,0,0,2,1,false
EXP-05,exp05_p03_m04_ro100_lh05,exact,25.50000,27.30000,1.80000,2,0,0,2,1,false
EXP-05,exp05_p03_m04_ro100_lh05,exact,27.30000,30.15000,2.85000,1,1,0,2,1,false
EXP-05,exp05_p03_m04_ro100_lh05,exact,30.15000,32.10000,1.95000,0,1,1,2,1,false
EXP-05,exp05_p03_m04_ro100_lh05,exact,32.10000,34.35000,2.25000,0,1,0,1,2,false
EXP-05,exp05_p03_m06_ro000_lh00,baseline,0,1.50,1.50,0,1,1,2,1,false
EXP-05,exp05_p03_m06_ro000_lh00,baseline,1.50,2.25,0.75,1,1,0,2,1,false
EXP-05,exp05_p03_m06_ro000_lh00,baseline,2.25,6.75,4.50,2,0,0,2,1,false
EXP-05,exp05_p03_m06_ro000_lh00,baseline,6.75,7.50,0.75,1,1,0,2,1,false
EXP-05,exp05_p03_m06_ro000_lh00,baseline,7.50,10.50,3.00,1,0,0,1,2,false
EXP-05,exp05_p03_m06_ro000_lh00,baseline,10.50,12.00,1.50,0,1,0,1,2,false
EXP-05,exp05_p03_m06_ro000_lh00,baseline,12.00,14.25,2.25,0,1,2,3,0,true
EXP-05,exp05_p03_m06_ro000_lh00,baseline,14.25,14.75,0.50,1,1,1,3,0,false
EXP-05,exp05_p03_m06_ro000_lh00,baseline,14.75,15.25,0.50,2,1,0,3,0,false
EXP-05,exp05_p03_m06_ro000_lh00,baseline,15.25,17.75,2.50,3,0,0,3,0,false
EXP-05,exp05_p03_m06_ro000_lh00,baseline,17.75,18.25,0.50,2,1,0,3,0,false
EXP-05,exp05_p03_m06_ro000_lh00,baseline,18.25,18.75,0.50,2,1,0,3,0,false
EXP-05,exp05_p03_m06_ro000_lh00,baseline,18.75,21.25,2.50,3,0,0,3,0,false
EXP-05,exp05_p03_m06_ro000_lh00,baseline,21.25,21.75,0.50,2,1,0,3,0,false
EXP-05,exp05_p03_m06_ro000_lh00,baseline,21.75,22.25,0.50,2,1,0,3,0,false
EXP-05,exp05_p03_m06_ro000_lh00,baseline,22.25,24.75,2.50,3,0,0,3,0,false
EXP-05,exp05_p03_m06_ro000_lh00,baseline,24.75,25.25,0.50,2,0,0,2,1,false
EXP-05,exp05_p03_m06_ro000_lh00,baseline,25.25,27.75,2.50,1,1,0,2,1,false
EXP-05,exp05_p03_m06_ro000_lh00,baseline,27.75,28.25,0.50,0,1,1,2,1,false
EXP-05,exp05_p03_m06_ro000_lh00,baseline,28.25,30.50,2.25,0,1,0,1,2,false
EXP-05,exp05_p03_m06_ro000_lh00,exact,0,1.50000,1.50000,0,1,0,1,2,false
EXP-05,exp05_p03_m06_ro000_lh00,exact,1.50000,2.25000,0.75000,1,1,0,2,1,false
EXP-05,exp05_p03_m06_ro000_lh00,exact,2.25000,6.75000,4.50000,2,0,0,2,1,false
EXP-05,exp05_p03_m06_ro000_lh00,exact,6.75000,7.50000,0.75000,1,1,0,2,1,false
EXP-05,exp05_p03_m06_ro000_lh00,exact,7.50000,10.50000,3.00000,1,0,0,1,2,false
EXP-05,exp05_p03_m06_ro000_lh00,exact,10.50000,12.00000,1.50000,0,1,0,1,2,false
EXP-05,exp05_p03_m06_ro000_lh00,exact,12.00000,12.50000,0.50000,0,1,0,1,2,false
EXP-05,exp05_p03_m06_ro000_lh00,exact,12.50000,14.75000,2.25000,1,1,0,2,1,false
EXP-05,exp05_p03_m06_ro000_lh00,exact,14.75000,15.25000,0.50000,2,1,0,3,0,false
EXP-05,exp05_p03_m06_ro000_lh00,exact,15.25000,15.50000,0.25000,3,0,0,3,0,false
EXP-05,exp05_p03_m06_ro000_lh00,exact,15.50000,16.00000,0.50000,2,1,0,3,0,false
EXP-05,exp05_p03_m06_ro000_lh00,exact,16.00000,18.25000,2.25000,3,0,0,3,0,false
EXP-05,exp05_p03_m06_ro000_lh00,exact,18.25000,18.75000,0.50000,2,1,0,3,0,false
EXP-05,exp05_p03_m06_ro000_lh00,exact,18.75000,19.00000,0.25000,3,0,0,3,0,false
EXP-05,exp05_p03_m06_ro000_lh00,exact,19.00000,19.50000,0.50000,2,1,0,3,0,false
EXP-05,exp05_p03_m06_ro000_lh00,exact,19.50000,21.75000,2.25000,3,0,0,3,0,false
EXP-05,exp05_p03_m06_ro000_lh00,exact,21.75000,22.25000,0.50000,2,1,0,3,0,false
EXP-05,exp05_p03_m06_ro000_lh00,exact,22.25000,22.50000,0.25000,3,0,0,3,0,false
EXP-05,exp05_p03_m06_ro000_lh00,exact,22.50000,25.25000,2.75000,2,0,0,2,1,false
EXP-05,exp05_p03_m06_ro000_lh00,exact,25.25000,28.25000,3.00000,1,1,0,2,1,false
EXP-05,exp05_p03_m06_ro000_lh00,exact,28.25000,30.50000,2.25000,0,1,0,1,2,false
EXP-05,exp05_p03_m06_ro050_lh00,baseline,0,1.50,1.50,0,1,1,2,1,false
EXP-05,exp05_p03_m06_ro050_lh00,baseline,1.50,2.25,0.75,1,1,0,2,1,false
EXP-05,exp05_p03_m06_ro050_lh00,baseline,2.25,6.75,4.50,2,0,0,2,1,false
EXP-05,exp05_p03_m06_ro050_lh00,baseline,6.75,7.50,0.75,1,1,0,2,1,false
EXP-05,exp05_p03_m06_ro050_lh00,baseline,7.50,10.50,3.00,1,0,0,1,2,false
EXP-05,exp05_p03_m06_ro050_lh00,baseline,10.50,12.00,1.50,0,1,0,1,2,false
EXP-05,exp05_p03_m06_ro050_lh00,baseline,12.00,14.25,2.25,0,1,2,3,0,true
EXP-05,exp05_p03_m06_ro050_lh00,baseline,14.25,14.75,0.50,1,1,1,3,0,false
EXP-05,exp05_p03_m06_ro050_lh00,baseline,14.75,15.25,0.50,2,1,0,3,0,false
EXP-05,exp05_p03_m06_ro050_lh00,baseline,15.25,18.25,3.00,3,0,0,3,0,false
EXP-05,exp05_p03_m06_ro050_lh00,baseline,18.25,18.75,0.50,2,1,0,3,0,false
EXP-05,exp05_p03_m06_ro050_lh00,baseline,18.75,19.25,0.50,2,1,0,3,0,false
EXP-05,exp05_p03_m06_ro050_lh00,baseline,19.25,22.25,3.00,3,0,0,3,0,false
EXP-05,exp05_p03_m06_ro050_lh00,baseline,22.25,22.75,0.50,2,1,0,3,0,false
EXP-05,exp05_p03_m06_ro050_lh00,baseline,22.75,23.25,0.50,2,1,0,3,0,false
EXP-05,exp05_p03_m06_ro050_lh00,baseline,23.25,26.25,3.00,3,0,0,3,0,false
EXP-05,exp05_p03_m06_ro050_lh00,baseline,26.25,26.75,0.50,2,0,0,2,1,false
EXP-05,exp05_p03_m06_ro050_lh00,baseline,26.75,27.75,1.00,2,0,0,2,1,false
EXP-05,exp05_p03_m06_ro050_lh00,baseline,27.75,29.75,2.00,1,1,0,2,1,false
EXP-05,exp05_p03_m06_ro050_lh00,baseline,29.75,30.00,0.25,0,1,1,2,1,false
EXP-05,exp05_p03_m06_ro050_lh00,baseline,30.00,33.00,3.00,0,1,0,1,2,false
EXP-05,exp05_p03_m06_ro050_lh00,exact,0,1.50000,1.50000,0,1,0,1,2,false
EXP-05,exp05_p03_m06_ro050_lh00,exact,1.50000,2.25000,0.75000,1,1,0,2,1,false
EXP-05,exp05_p03_m06_ro050_lh00,exact,2.25000,6.75000,4.50000,2,0,0,2,1,false
EXP-05,exp05_p03_m06_ro050_lh00,exact,6.75000,7.50000,0.75000,1,1,0,2,1,false
EXP-05,exp05_p03_m06_ro050_lh00,exact,7.50000,10.50000,3.00000,1,0,0,1,2,false
EXP-05,exp05_p03_m06_ro050_lh00,exact,10.50000,12.00000,1.50000,0,1,0,1,2,false
EXP-05,exp05_p03_m06_ro050_lh00,exact,12.00000,12.50000,0.50000,0,1,0,1,2,false
EXP-05,exp05_p03_m06_ro050_lh00,exact,12.50000,13.00000,0.50000,1,1,0,2,1,false
EXP-05,exp05_p03_m06_ro050_lh00,exact,13.00000,15.25000,2.25000,2,1,0,3,0,false
EXP-05,exp05_p03_m06_ro050_lh00,exact,15.25000,16.00000,0.75000,3,0,0,3,0,false
EXP-05,exp05_p03_m06_ro050_lh00,exact,16.00000,16.50000,0.50000,2,1,0,3,0,false
EXP-05,exp05_p03_m06_ro050_lh00,exact,16.50000,17.00000,0.50000,2,1,0,3,0,false
EXP-05,exp05_p03_m06_ro050_lh00,exact,17.00000,20.00000,3.00000,3,0,0,3,0,false
EXP-05,exp05_p03_m06_ro050_lh00,exact,20.00000,20.50000,0.50000,2,1,0,3,0,false
EXP-05,exp05_p03_m06_ro050_lh00,exact,20.50000,21.00000,0.50000,2,1,0,3,0,false
EXP-05,exp05_p03_m06_ro050_lh00,exact,21.00000,24.00000,3.00000,3,0,0,3,0,false
EXP-05,exp05_p03_m06_ro050_lh00,exact,24.00000,24.50000,0.50000,2,0,0,2,1,false
EXP-05,exp05_p03_m06_ro050_lh00,exact,24.50000,27.50000,3.00000,2,0,0,2,1,false
EXP-05,exp05_p03_m06_ro050_lh00,exact,27.50000,28.75000,1.25000,1,1,0,2,1,false
EXP-05,exp05_p03_m06_ro050_lh00,exact,28.75000,30.50000,1.75000,0,1,1,2,1,false
EXP-05,exp05_p03_m06_ro050_lh00,exact,30.50000,32.75000,2.25000,0,1,0,1,2,false
EXP-05,exp05_p03_m06_ro050_lh05,baseline,0,1.50,1.50,0,1,1,2,1,false
EXP-05,exp05_p03_m06_ro050_lh05,baseline,1.50,2.25,0.75,1,1,0,2,1,false
EXP-05,exp05_p03_m06_ro050_lh05,baseline,2.25,6.75,4.50,2,0,0,2,1,false
EXP-05,exp05_p03_m06_ro050_lh05,baseline,6.75,7.50,0.75,1,1,0,2,1,false
EXP-05,exp05_p03_m06_ro050_lh05,baseline,7.50,10.50,3.00,1,0,0,1,2,false
EXP-05,exp05_p03_m06_ro050_lh05,baseline,10.50,12.00,1.50,0,1,0,1,2,false
EXP-05,exp05_p03_m06_ro050_lh05,baseline,12.00,14.25,2.25,0,1,2,3,0,true
EXP-05,exp05_p03_m06_ro050_lh05,baseline,14.25,15.000,0.750,1,1,1,3,0,false
EXP-05,exp05_p03_m06_ro050_lh05,baseline,15.000,15.750,0.750,2,1,0,3,0,false
EXP-05,exp05_p03_m06_ro050_lh05,baseline,15.750,18.250,2.500,3,0,0,3,0,false
EXP-05,exp05_p03_m06_ro050_lh05,baseline,18.250,19.000,0.750,2,1,0,3,0,false
EXP-05,exp05_p03_m06_ro050_lh05,baseline,19.000,19.750,0.750,2,1,0,3,0,false
EXP-05,exp05_p03_m06_ro050_lh05,baseline,19.750,22.250,2.500,3,0,0,3,0,false
EXP-05,exp05_p03_m06_ro050_lh05,baseline,22.250,23.000,0.750,2,1,0,3,0,false
EXP-05,exp05_p03_m06_ro050_lh05,baseline,23.000,23.750,0.750,2,1,0,3,0,false
EXP-05,exp05_p03_m06_ro050_lh05,baseline,23.750,26.250,2.500,3,0,0,3,0,false
EXP-05,exp05_p03_m06_ro050_lh05,baseline,26.250,27.000,0.750,2,0,0,2,1,false
EXP-05,exp05_p03_m06_ro050_lh05,baseline,27.000,27.75,0.750,2,0,0,2,1,false
EXP-05,exp05_p03_m06_ro050_lh05,baseline,27.75,28.500,0.750,1,1,0,2,1,false
EXP-05,exp05_p03_m06_ro050_lh05,baseline,28.500,30.00,1.500,0,1,1,2,1,false
EXP-05,exp05_p03_m06_ro050_lh05,baseline,30.00,34.500,4.500,0,1,0,1,2,false
EXP-05,exp05_p03_m06_ro050_lh05,exact,0,1.50000,1.50000,0,1,0,1,2,false
EXP-05,exp05_p03_m06_ro050_lh05,exact,1.50000,2.25000,0.75000,1,1,0,2,1,false
EXP-05,exp05_p03_m06_ro050_lh05,exact,2.25000,6.75000,4.50000,2,0,0,2,1,false
EXP-05,exp05_p03_m06_ro050_lh05,exact,6.75000,7.50000,0.75000,1,1,0,2,1,false
EXP-05,exp05_p03_m06_ro050_lh05,exact,7.50000,10.50000,3.00000,1,0,0,1,2,false
EXP-05,exp05_p03_m06_ro050_lh05,exact,10.50000,12.00000,1.50000,0,1,0,1,2,false
EXP-05,exp05_p03_m06_ro050_lh05,exact,12.00000,12.75000,0.75000,0,1,0,1,2,false
EXP-05,exp05_p03_m06_ro050_lh05,exact,12.75000,13.50000,0.75000,1,1,0,2,1,false
EXP-05,exp05_p03_m06_ro050_lh05,exact,13.50000,15.75000,2.25000,2,1,0,3,0,false
EXP-05,exp05_p03_m06_ro050_lh05,exact,15.75000,16.00000,0.25000,3,0,0,3,0,false
EXP-05,exp05_p03_m06_ro050_lh05,exact,16.00000,16.75000,0.75000,2,1,0,3,0,false
EXP-05,exp05_p03_m06_ro050_lh05,exact,16.75000,17.50000,0.75000,2,1,0,3,0,false
EXP-05,exp05_p03_m06_ro050_lh05,exact,17.50000,20.00000,2.50000,3,0,0,3,0,false
EXP-05,exp05_p03_m06_ro050_lh05,exact,20.00000,20.75000,0.75000,2,1,0,3,0,false
EXP-05,exp05_p03_m06_ro050_lh05,exact,20.75000,21.50000,0.75000,2,1,0,3,0,false
EXP-05,exp05_p03_m06_ro050_lh05,exact,21.50000,24.00000,2.50000,3,0,0,3,0,false
EXP-05,exp05_p03_m06_ro050_lh05,exact,24.00000,24.75000,0.75000,2,0,0,2,1,false
EXP-05,exp05_p03_m06_ro050_lh05,exact,24.75000,26.25000,1.50000,2,0,0,2,1,false
EXP-05,exp05_p03_m06_ro050_lh05,exact,26.25000,29.25000,3.00000,1,1,0,2,1,false
EXP-05,exp05_p03_m06_ro050_lh05,exact,29.25000,30.75000,1.50000,0,1,1,2,1,false
EXP-05,exp05_p03_m06_ro050_lh05,exact,30.75000,33.00000,2.25000,0,1,0,1,2,false
EXP-05,exp05_p03_m06_ro100_lh00,baseline,0,1.50,1.50,0,1,1,2,1,false
EXP-05,exp05_p03_m06_ro100_lh00,baseline,1.50,2.25,0.75,1,1,0,2,1,false
EXP-05,exp05_p03_m06_ro100_lh00,baseline,2.25,6.75,4.50,2,0,0,2,1,false
EXP-05,exp05_p03_m06_ro100_lh00,baseline,6.75,7.50,0.75,1,1,0,2,1,false
EXP-05,exp05_p03_m06_ro100_lh00,baseline,7.50,10.50,3.00,1,0,0,1,2,false
EXP-05,exp05_p03_m06_ro100_lh00,baseline,10.50,12.00,1.50,0,1,0,1,2,false
EXP-05,exp05_p03_m06_ro100_lh00,baseline,12.00,14.25,2.25,0,1,2,3,0,true
EXP-05,exp05_p03_m06_ro100_lh00,baseline,14.25,14.75,0.50,1,1,1,3,0,false
EXP-05,exp05_p03_m06_ro100_lh00,baseline,14.75,15.25,0.50,2,1,0,3,0,false
EXP-05,exp05_p03_m06_ro100_lh00,baseline,15.25,18.75,3.50,3,0,0,3,0,false
EXP-05,exp05_p03_m06_ro100_lh00,baseline,18.75,19.25,0.50,2,1,0,3,0,false
EXP-05,exp05_p03_m06_ro100_lh00,baseline,19.25,19.75,0.50,2,1,0,3,0,false
EXP-05,exp05_p03_m06_ro100_lh00,baseline,19.75,23.25,3.50,3,0,0,3,0,false
EXP-05,exp05_p03_m06_ro100_lh00,baseline,23.25,23.75,0.50,2,1,0,3,0,false
EXP-05,exp05_p03_m06_ro100_lh00,baseline,23.75,24.25,0.50,2,1,0,3,0,false
EXP-05,exp05_p03_m06_ro100_lh00,baseline,24.25,27.75,3.50,3,0,0,3,0,false
EXP-05,exp05_p03_m06_ro100_lh00,baseline,27.75,28.25,0.50,1,1,0,2,1,false
EXP-05,exp05_p03_m06_ro100_lh00,baseline,28.25,30.00,1.75,1,1,0,2,1,false
EXP-05,exp05_p03_m06_ro100_lh00,baseline,30.00,34.25,4.25,1,0,0,1,2,false
EXP-05,exp05_p03_m06_ro100_lh00,baseline,34.25,37.25,3.00,0,1,0,1,2,false
EXP-05,exp05_p03_m06_ro100_lh00,exact,0,1.50000,1.50000,0,1,0,1,2,false
EXP-05,exp05_p03_m06_ro100_lh00,exact,1.50000,2.25000,0.75000,1,1,0,2,1,false
EXP-05,exp05_p03_m06_ro100_lh00,exact,2.25000,6.75000,4.50000,2,0,0,2,1,false
EXP-05,exp05_p03_m06_ro100_lh00,exact,6.75000,7.50000,0.75000,1,1,0,2,1,false
EXP-05,exp05_p03_m06_ro100_lh00,exact,7.50000,10.50000,3.00000,1,0,0,1,2,false
EXP-05,exp05_p03_m06_ro100_lh00,exact,10.50000,12.00000,1.50000,0,1,0,1,2,false
EXP-05,exp05_p03_m06_ro100_lh00,exact,12.00000,12.50000,0.50000,0,1,0,1,2,false
EXP-05,exp05_p03_m06_ro100_lh00,exact,12.50000,13.00000,0.50000,1,1,0,2,1,false
EXP-05,exp05_p03_m06_ro100_lh00,exact,13.00000,15.25000,2.25000,2,1,0,3,0,false
EXP-05,exp05_p03_m06_ro100_lh00,exact,15.25000,16.50000,1.25000,3,0,0,3,0,false
EXP-05,exp05_p03_m06_ro100_lh00,exact,16.50000,17.00000,0.50000,2,1,0,3,0,false
EXP-05,exp05_p03_m06_ro100_lh00,exact,17.00000,17.50000,0.50000,2,1,0,3,0,false
EXP-05,exp05_p03_m06_ro100_lh00,exact,17.50000,21.00000,3.50000,3,0,0,3,0,false
EXP-05,exp05_p03_m06_ro100_lh00,exact,21.00000,21.50000,0.50000,2,1,0,3,0,false
EXP-05,exp05_p03_m06_ro100_lh00,exact,21.50000,22.00000,0.50000,2,1,0,3,0,false
EXP-05,exp05_p03_m06_ro100_lh00,exact,22.00000,25.50000,3.50000,3,0,0,3,0,false
EXP-05,exp05_p03_m06_ro100_lh00,exact,25.50000,26.00000,0.50000,2,0,0,2,1,false
EXP-05,exp05_p03_m06_ro100_lh00,exact,26.00000,28.75000,2.75000,2,0,0,2,1,false
EXP-05,exp05_p03_m06_ro100_lh00,exact,28.75000,31.00000,2.25000,1,1,0,2,1,false
EXP-05,exp05_p03_m06_ro100_lh00,exact,31.00000,32.00000,1.00000,1,0,0,1,2,false
EXP-05,exp05_p03_m06_ro100_lh00,exact,32.00000,35.00000,3.00000,0,1,0,1,2,false
EXP-05,exp05_p03_m06_ro100_lh05,baseline,0,1.50,1.50,0,1,1,2,1,false
EXP-05,exp05_p03_m06_ro100_lh05,baseline,1.50,2.25,0.75,1,1,0,2,1,false
EXP-05,exp05_p03_m06_ro100_lh05,baseline,2.25,6.75,4.50,2,0,0,2,1,false
EXP-05,exp05_p03_m06_ro100_lh05,baseline,6.75,7.50,0.75,1,1,0,2,1,false
EXP-05,exp05_p03_m06_ro100_lh05,baseline,7.50,10.50,3.00,1,0,0,1,2,false
EXP-05,exp05_p03_m06_ro100_lh05,baseline,10.50,12.00,1.50,0,1,0,1,2,false
EXP-05,exp05_p03_m06_ro100_lh05,baseline,12.00,14.25,2.25,0,1,2,3,0,true
EXP-05,exp05_p03_m06_ro100_lh05,baseline,14.25,15.250,1.000,1,1,1,3,0,false
EXP-05,exp05_p03_m06_ro100_lh05,baseline,15.250,16.250,1.000,2,1,0,3,0,false
EXP-05,exp05_p03_m06_ro100_lh05,baseline,16.250,18.750,2.500,3,0,0,3,0,false
EXP-05,exp05_p03_m06_ro100_lh05,baseline,18.750,19.750,1.000,2,1,0,3,0,false
EXP-05,exp05_p03_m06_ro100_lh05,baseline,19.750,20.750,1.000,2,1,0,3,0,false
EXP-05,exp05_p03_m06_ro100_lh05,baseline,20.750,23.250,2.500,3,0,0,3,0,false
EXP-05,exp05_p03_m06_ro100_lh05,baseline,23.250,24.250,1.000,2,1,0,3,0,false
EXP-05,exp05_p03_m06_ro100_lh05,baseline,24.250,25.250,1.000,2,1,0,3,0,false
EXP-05,exp05_p03_m06_ro100_lh05,baseline,25.250,27.75,2.500,3,0,0,3,0,false
EXP-05,exp05_p03_m06_ro100_lh05,baseline,27.75,28.750,1.000,1,1,0,2,1,false
EXP-05,exp05_p03_m06_ro100_lh05,baseline,28.750,30.00,1.250,1,1,0,2,1,false
EXP-05,exp05_p03_m06_ro100_lh05,baseline,30.00,31.750,1.750,1,0,0,1,2,false
EXP-05,exp05_p03_m06_ro100_lh05,baseline,31.750,37.750,6.000,0,1,0,1,2,false
EXP-05,exp05_p03_m06_ro100_lh05,exact,0,1.50000,1.50000,0,1,0,1,2,false
EXP-05,exp05_p03_m06_ro100_lh05,exact,1.50000,2.25000,0.75000,1,1,0,2,1,false
EXP-05,exp05_p03_m06_ro100_lh05,exact,2.25000,6.75000,4.50000,2,0,0,2,1,false
EXP-05,exp05_p03_m06_ro100_lh05,exact,6.75000,7.50000,0.75000,1,1,0,2,1,false
EXP-05,exp05_p03_m06_ro100_lh05,exact,7.50000,10.50000,3.00000,1,0,0,1,2,false
EXP-05,exp05_p03_m06_ro100_lh05,exact,10.50000,12.00000,1.50000,0,1,0,1,2,false
EXP-05,exp05_p03_m06_ro100_lh05,exact,12.00000,13.00000,1.00000,0,1,0,1,2,false
EXP-05,exp05_p03_m06_ro100_lh05,exact,13.00000,14.00000,1.00000,1,1,0,2,1,false
EXP-05,exp05_p03_m06_ro100_lh05,exact,14.00000,15.00000,1.00000,2,1,0,3,0,false
EXP-05,exp05_p03_m06_ro100_lh05,exact,15.00000,16.50000,1.50000,3,0,0,3,0,false
EXP-05,exp05_p03_m06_ro100_lh05,exact,16.50000,17.50000,1.00000,2,1,0,3,0,false
EXP-05,exp05_p03_m06_ro100_lh05,exact,17.50000,18.50000,1.00000,2,1,0,3,0,false
EXP-05,exp05_p03_m06_ro100_lh05,exact,18.50000,20.75000,2.25000,2,1,0,3,0,false
EXP-05,exp05_p03_m06_ro100_lh05,exact,20.75000,21.00000,0.25000,3,0,0,3,0,false
EXP-05,exp05_p03_m06_ro100_lh05,exact,21.00000,22.00000,1.00000,2,1,0,3,0,false
EXP-05,exp05_p03_m06_ro100_lh05,exact,22.00000,25.50000,3.50000,2,0,0,2,1,false
EXP-05,exp05_p03_m06_ro100_lh05,exact,25.50000,28.50000,3.00000,2,0,0,2,1,false
EXP-05,exp05_p03_m06_ro100_lh05,exact,28.50000,34.25000,5.75000,1,1,0,2,1,false
EXP-05,exp05_p03_m06_ro100_lh05,exact,34.25000,34.50000,0.25000,0,1,1,2,1,false
EXP-05,exp05_p03_m06_ro100_lh05,exact,34.50000,36.75000,2.25000,0,1,0,1,2,false
EXP-05,exp05_p03_m08_ro000_lh00,baseline,0,1.50,1.50,0,1,1,2,1,false
EXP-05,exp05_p03_m08_ro000_lh00,baseline,1.50,2.25,0.75,1,1,0,2,1,false
EXP-05,exp05_p03_m08_ro000_lh00,baseline,2.25,6.75,4.50,2,0,0,2,1,false
EXP-05,exp05_p03_m08_ro000_lh00,baseline,6.75,7.50,0.75,1,1,0,2,1,false
EXP-05,exp05_p03_m08_ro000_lh00,baseline,7.50,10.50,3.00,1,0,0,1,2,false
EXP-05,exp05_p03_m08_ro000_lh00,baseline,10.50,12.00,1.50,0,1,0,1,2,false
EXP-05,exp05_p03_m08_ro000_lh00,baseline,12.00,14.25,2.25,0,1,2,3,0,true
EXP-05,exp05_p03_m08_ro000_lh00,baseline,14.25,14.625,0.375,1,1,1,3,0,false
EXP-05,exp05_p03_m08_ro000_lh00,baseline,14.625,15.000,0.375,2,1,0,3,0,false
EXP-05,exp05_p03_m08_ro000_lh00,baseline,15.000,16.875,1.875,3,0,0,3,0,false
EXP-05,exp05_p03_m08_ro000_lh00,baseline,16.875,17.250,0.375,2,1,0,3,0,false
EXP-05,exp05_p03_m08_ro000_lh00,baseline,17.250,17.625,0.375,2,1,0,3,0,false
EXP-05,exp05_p03_m08_ro000_lh00,baseline,17.625,19.500,1.875,3,0,0,3,0,false
EXP-05,exp05_p03_m08_ro000_lh00,baseline,19.500,19.875,0.375,2,1,0,3,0,false
EXP-05,exp05_p03_m08_ro000_lh00,baseline,19.875,20.250,0.375,2,1,0,3,0,false
EXP-05,exp05_p03_m08_ro000_lh00,baseline,20.250,22.125,1.875,3,0,0,3,0,false
EXP-05,exp05_p03_m08_ro000_lh00,baseline,22.125,22.500,0.375,2,1,0,3,0,false
EXP-05,exp05_p03_m08_ro000_lh00,baseline,22.500,22.875,0.375,2,1,0,3,0,false
EXP-05,exp05_p03_m08_ro000_lh00,baseline,22.875,24.750,1.875,3,0,0,3,0,false
EXP-05,exp05_p03_m08_ro000_lh00,baseline,24.750,25.125,0.375,2,0,0,2,1,false
EXP-05,exp05_p03_m08_ro000_lh00,baseline,25.125,27.75,2.625,1,1,0,2,1,false
EXP-05,exp05_p03_m08_ro000_lh00,baseline,27.75,28.125,0.375,0,1,1,2,1,false
EXP-05,exp05_p03_m08_ro000_lh00,baseline,28.125,30.375,2.250,0,1,0,1,2,false
EXP-05,exp05_p03_m08_ro000_lh00,exact,0,1.50000,1.50000,0,1,0,1,2,false
EXP-05,exp05_p03_m08_ro000_lh00,exact,1.50000,2.25000,0.75000,1,1,0,2,1,false
EXP-05,exp05_p03_m08_ro000_lh00,exact,2.25000,6.75000,4.50000,2,0,0,2,1,false
EXP-05,exp05_p03_m08_ro000_lh00,exact,6.75000,7.50000,0.75000,1,1,0,2,1,false
EXP-05,exp05_p03_m08_ro000_lh00,exact,7.50000,10.50000,3.00000,1,0,0,1,2,false
EXP-05,exp05_p03_m08_ro000_lh00,exact,10.50000,12.00000,1.50000,0,1,0,1,2,false
EXP-05,exp05_p03_m08_ro000_lh00,exact,12.00000,12.37500,0.37500,0,1,0,1,2,false
EXP-05,exp05_p03_m08_ro000_lh00,exact,12.37500,14.62500,2.25000,1,1,0,2,1,false
EXP-05,exp05_p03_m08_ro000_lh00,exact,14.62500,15.00000,0.37500,1,1,0,2,1,false
EXP-05,exp05_p03_m08_ro000_lh00,exact,15.00000,15.37500,0.37500,2,1,0,3,0,false
EXP-05,exp05_p03_m08_ro000_lh00,exact,15.37500,17.25000,1.87500,3,0,0,3,0,false
EXP-05,exp05_p03_m08_ro000_lh00,exact,17.25000,17.62500,0.37500,2,1,0,3,0,false
EXP-05,exp05_p03_m08_ro000_lh00,exact,17.62500,17.63125,0.00625,2,0,0,2,1,false
EXP-05,exp05_p03_m08_ro000_lh00,exact,17.63125,18.00625,0.37500,2,1,0,3,0,false
EXP-05,exp05_p03_m08_ro000_lh00,exact,18.00625,19.87500,1.86875,3,0,0,3,0,false
EXP-05,exp05_p03_m08_ro000_lh00,exact,19.87500,20.25000,0.37500,2,1,0,3,0,false
EXP-05,exp05_p03_m08_ro000_lh00,exact,20.25000,20.25625,0.00625,3,0,0,3,0,false
EXP-05,exp05_p03_m08_ro000_lh00,exact,20.25625,20.63125,0.37500,2,1,0,3,0,false
EXP-05,exp05_p03_m08_ro000_lh00,exact,20.63125,22.50000,1.86875,3,0,0,3,0,false
EXP-05,exp05_p03_m08_ro000_lh00,exact,22.50000,22.87500,0.37500,2,1,0,3,0,false
EXP-05,exp05_p03_m08_ro000_lh00,exact,22.87500,22.88125,0.00625,3,0,0,3,0,false
EXP-05,exp05_p03_m08_ro000_lh00,exact,22.88125,25.12500,2.24375,2,0,0,2,1,false
EXP-05,exp05_p03_m08_ro000_lh00,exact,25.12500,28.12500,3.00000,1,1,0,2,1,false
EXP-05,exp05_p03_m08_ro000_lh00,exact,28.12500,30.37500,2.25000,0,1,0,1,2,false
EXP-05,exp05_p03_m08_ro050_lh00,baseline,0,1.50,1.50,0,1,1,2,1,false
EXP-05,exp05_p03_m08_ro050_lh00,baseline,1.50,2.25,0.75,1,1,0,2,1,false
EXP-05,exp05_p03_m08_ro050_lh00,baseline,2.25,6.75,4.50,2,0,0,2,1,false
EXP-05,exp05_p03_m08_ro050_lh00,baseline,6.75,7.50,0.75,1,1,0,2,1,false
EXP-05,exp05_p03_m08_ro050_lh00,baseline,7.50,10.50,3.00,1,0,0,1,2,false
EXP-05,exp05_p03_m08_ro050_lh00,baseline,10.50,12.00,1.50,0,1,0,1,2,false
EXP-05,exp05_p03_m08_ro050_lh00,baseline,12.00,14.25,2.25,0,1,2,3,0,true
EXP-05,exp05_p03_m08_ro050_lh00,baseline,14.25,14.625,0.375,1,1,1,3,0,false
EXP-05,exp05_p03_m08_ro050_lh00,baseline,14.625,15.000,0.375,2,1,0,3,0,false
EXP-05,exp05_p03_m08_ro050_lh00,baseline,15.000,17.400,2.400,3,0,0,3,0,false
EXP-05,exp05_p03_m08_ro050_lh00,baseline,17.400,17.775,0.375,2,1,0,3,0,false
EXP-05,exp05_p03_m08_ro050_lh00,baseline,17.775,18.150,0.375,2,1,0,3,0,false
EXP-05,exp05_p03_m08_ro050_lh00,baseline,18.150,20.550,2.400,3,0,0,3,0,false
EXP-05,exp05_p03_m08_ro050_lh00,baseline,20.550,20.925,0.375,2,1,0,3,0,false
EXP-05,exp05_p03_m08_ro050_lh00,baseline,20.925,21.300,0.375,2,1,0,3,0,false
EXP-05,exp05_p03_m08_ro050_lh00,baseline,21.300,23.700,2.400,3,0,0,3,0,false
EXP-05,exp05_p03_m08_ro050_lh00,baseline,23.700,24.075,0.375,2,1,0,3,0,false
EXP-05,exp05_p03_m08_ro050_lh00,baseline,24.075,24.450,0.375,2,1,0,3,0,false
EXP-05,exp05_p03_m08_ro050_lh00,baseline,24.450,26.850,2.400,3,0,0,3,0,false
EXP-05,exp05_p03_m08_ro050_lh00,baseline,26.850,27.225,0.375,2,0,0,2,1,false
EXP-05,exp05_p03_m08_ro050_lh00,baseline,27.225,27.75,0.525,2,0,0,2,1,false
EXP-05,exp05_p03_m08_ro050_lh00,baseline,27.75,30.00,2.25,1,1,0,2,1,false
EXP-05,exp05_p03_m08_ro050_lh00,baseline,30.00,31.425,1.425,1,0,0,1,2,false
EXP-05,exp05_p03_m08_ro050_lh00,baseline,31.425,34.425,3.000,0,1,0,1,2,false
EXP-05,exp05_p03_m08_ro050_lh00,exact,0,1.50000,1.50000,0,1,0,1,2,false
EXP-05,exp05_p03_m08_ro050_lh00,exact,1.50000,2.25000,0.75000,1,1,0,2,1,false
EXP-05,exp05_p03_m08_ro050_lh00,exact,2.25000,6.75000,4.50000,2,0,0,2,1,false
EXP-05,exp05_p03_m08_ro050_lh00,exact,6.75000,7.50000,0.75000,1,1,0,2,1,false
EXP-05,exp05_p03_m08_ro050_lh00,exact,7.50000,10.50000,3.00000,1,0,0,1,2,false
EXP-05,exp05_p03_m08_ro050_lh00,exact,10.50000,12.00000,1.50000,0,1,0,1,2,false
EXP-05,exp05_p03_m08_ro050_lh00,exact,12.00000,12.37500,0.37500,0,1,0,1,2,false
EXP-05,exp05_p03_m08_ro050_lh00,exact,12.37500,12.75000,0.37500,1,1,0,2,1,false
EXP-05,exp05_p03_m08_ro050_lh00,exact,12.75000,15.00000,2.25000,2,1,0,3,0,false
EXP-05,exp05_p03_m08_ro050_lh00,exact,15.00000,15.15000,0.15000,3,0,0,3,0,false
EXP-05,exp05_p03_m08_ro050_lh00,exact,15.15000,15.52500,0.37500,2,1,0,3,0,false
EXP-05,exp05_p03_m08_ro050_lh00,exact,15.52500,15.90000,0.37500,2,1,0,3,0,false
EXP-05,exp05_p03_m08_ro050_lh00,exact,15.90000,18.30000,2.40000,3,0,0,3,0,false
EXP-05,exp05_p03_m08_ro050_lh00,exact,18.30000,18.67500,0.37500,2,1,0,3,0,false
EXP-05,exp05_p03_m08_ro050_lh00,exact,18.67500,19.05000,0.37500,2,1,0,3,0,false
EXP-05,exp05_p03_m08_ro050_lh00,exact,19.05000,21.45000,2.40000,3,0,0,3,0,false
EXP-05,exp05_p03_m08_ro050_lh00,exact,21.45000,21.82500,0.37500,2,1,0,3,0,false
EXP-05,exp05_p03_m08_ro050_lh00,exact,21.82500,22.20000,0.37500,2,1,0,3,0,false
EXP-05,exp05_p03_m08_ro050_lh00,exact,22.20000,24.60000,2.40000,3,0,0,3,0,false
EXP-05,exp05_p03_m08_ro050_lh00,exact,24.60000,24.97500,0.37500,2,0,0,2,1,false
EXP-05,exp05_p03_m08_ro050_lh00,exact,24.97500,28.50000,3.52500,2,0,0,2,1,false
EXP-05,exp05_p03_m08_ro050_lh00,exact,28.50000,29.17500,0.67500,1,1,0,2,1,false
EXP-05,exp05_p03_m08_ro050_lh00,exact,29.17500,30.75000,1.57500,0,1,1,2,1,false
EXP-05,exp05_p03_m08_ro050_lh00,exact,30.75000,33.75000,3.00000,0,1,0,1,2,false
EXP-05,exp05_p03_m08_ro050_lh05,baseline,0,1.50,1.50,0,1,1,2,1,false
EXP-05,exp05_p03_m08_ro050_lh05,baseline,1.50,2.25,0.75,1,1,0,2,1,false
EXP-05,exp05_p03_m08_ro050_lh05,baseline,2.25,6.75,4.50,2,0,0,2,1,false
EXP-05,exp05_p03_m08_ro050_lh05,baseline,6.75,7.50,0.75,1,1,0,2,1,false
EXP-05,exp05_p03_m08_ro050_lh05,baseline,7.50,10.50,3.00,1,0,0,1,2,false
EXP-05,exp05_p03_m08_ro050_lh05,baseline,10.50,12.00,1.50,0,1,0,1,2,false
EXP-05,exp05_p03_m08_ro050_lh05,baseline,12.00,14.25,2.25,0,1,2,3,0,true
EXP-05,exp05_p03_m08_ro050_lh05,baseline,14.25,14.8875,0.6375,1,1,1,3,0,false
EXP-05,exp05_p03_m08_ro050_lh05,baseline,14.8875,15.5250,0.6375,2,1,0,3,0,false
EXP-05,exp05_p03_m08_ro050_lh05,baseline,15.5250,17.4000,1.8750,3,0,0,3,0,false
EXP-05,exp05_p03_m08_ro050_lh05,baseline,17.4000,18.0375,0.6375,2,1,0,3,0,false
EXP-05,exp05_p03_m08_ro050_lh05,baseline,18.0375,18.6750,0.6375,2,1,0,3,0,false
EXP-05,exp05_p03_m08_ro050_lh05,baseline,18.6750,20.5500,1.8750,3,0,0,3,0,false
EXP-05,exp05_p03_m08_ro050_lh05,baseline,20.5500,21.1875,0.6375,2,1,0,3,0,false
EXP-05,exp05_p03_m08_ro050_lh05,baseline,21.1875,21.8250,0.6375,2,1,0,3,0,false
EXP-05,exp05_p03_m08_ro050_lh05,baseline,21.8250,23.7000,1.8750,3,0,0,3,0,false
EXP-05,exp05_p03_m08_ro050_lh05,baseline,23.7000,24.3375,0.6375,2,1,0,3,0,false
EXP-05,exp05_p03_m08_ro050_lh05,baseline,24.3375,24.9750,0.6375,2,1,0,3,0,false
EXP-05,exp05_p03_m08_ro050_lh05,baseline,24.9750,26.8500,1.8750,3,0,0,3,0,false
EXP-05,exp05_p03_m08_ro050_lh05,baseline,26.8500,27.4875,0.6375,2,0,0,2,1,false
EXP-05,exp05_p03_m08_ro050_lh05,baseline,27.4875,27.75,0.2625,2,0,0,2,1,false
EXP-05,exp05_p03_m08_ro050_lh05,baseline,27.75,29.5875,1.8375,1,1,0,2,1,false
EXP-05,exp05_p03_m08_ro050_lh05,baseline,29.5875,30.00,0.4125,0,1,1,2,1,false
EXP-05,exp05_p03_m08_ro050_lh05,baseline,30.00,35.100,5.100,0,1,0,1,2,false
EXP-05,exp05_p03_m08_ro050_lh05,exact,0,1.50000,1.50000,0,1,0,1,2,false
EXP-05,exp05_p03_m08_ro050_lh05,exact,1.50000,2.25000,0.75000,1,1,0,2,1,false
EXP-05,exp05_p03_m08_ro050_lh05,exact,2.25000,6.75000,4.50000,2,0,0,2,1,false
EXP-05,exp05_p03_m08_ro050_lh05,exact,6.75000,7.50000,0.75000,1,1,0,2,1,false
EXP-05,exp05_p03_m08_ro050_lh05,exact,7.50000,10.50000,3.00000,1,0,0,1,2,false
EXP-05,exp05_p03_m08_ro050_lh05,exact,10.50000,12.00000,1.50000,0,1,0,1,2,false
EXP-05,exp05_p03_m08_ro050_lh05,exact,12.00000,12.63750,0.63750,0,1,0,1,2,false
EXP-05,exp05_p03_m08_ro050_lh05,exact,12.63750,13.27500,0.63750,1,1,0,2,1,false
EXP-05,exp05_p03_m08_ro050_lh05,exact,13.27500,13.91250,0.63750,2,1,0,3,0,false
EXP-05,exp05_p03_m08_ro050_lh05,exact,13.91250,15.15000,1.23750,3,0,0,3,0,false
EXP-05,exp05_p03_m08_ro050_lh05,exact,15.15000,15.78750,0.63750,2,1,0,3,0,false
EXP-05,exp05_p03_m08_ro050_lh05,exact,15.78750,15.79375,0.00625,1,1,0,3,0,false
EXP-05,exp05_p03_m08_ro050_lh05,exact,15.79375,16.42500,0.63125,2,1,0,3,0,false
EXP-05,exp05_p03_m08_ro050_lh05,exact,16.42500,18.03750,1.61250,1,1,0,2,1,false
EXP-05,exp05_p03_m08_ro050_lh05,exact,18.03750,18.30625,0.26875,2,1,0,3,0,false
EXP-05,exp05_p03_m08_ro050_lh05,exact,18.30625,18.67500,0.36875,1,1,0,2,1,false
EXP-05,exp05_p03_m08_ro050_lh05,exact,18.67500,19.31250,0.63750,2,1,0,3,0,false
EXP-05,exp05_p03_m08_ro050_lh05,exact,19.31250,21.18750,1.87500,3,0,0,3,0,false
EXP-05,exp05_p03_m08_ro050_lh05,exact,21.18750,21.82500,0.63750,2,1,0,3,0,false
EXP-05,exp05_p03_m08_ro050_lh05,exact,21.82500,22.46250,0.63750,2,1,0,3,0,false
EXP-05,exp05_p03_m08_ro050_lh05,exact,22.46250,24.33750,1.87500,3,0,0,3,0,false
EXP-05,exp05_p03_m08_ro050_lh05,exact,24.33750,24.97500,0.63750,2,0,0,2,1,false
EXP-05,exp05_p03_m08_ro050_lh05,exact,24.97500,27.07500,2.10000,2,0,0,2,1,false
EXP-05,exp05_p03_m08_ro050_lh05,exact,27.07500,31.53750,4.46250,1,1,0,2,1,false
EXP-05,exp05_p03_m08_ro050_lh05,exact,31.53750,32.17500,0.63750,0,1,1,2,1,false
EXP-05,exp05_p03_m08_ro050_lh05,exact,32.17500,34.42500,2.25000,0,1,0,1,2,false
EXP-05,exp05_p03_m08_ro100_lh00,baseline,0,1.50,1.50,0,1,1,2,1,false
EXP-05,exp05_p03_m08_ro100_lh00,baseline,1.50,2.25,0.75,1,1,0,2,1,false
EXP-05,exp05_p03_m08_ro100_lh00,baseline,2.25,6.75,4.50,2,0,0,2,1,false
EXP-05,exp05_p03_m08_ro100_lh00,baseline,6.75,7.50,0.75,1,1,0,2,1,false
EXP-05,exp05_p03_m08_ro100_lh00,baseline,7.50,10.50,3.00,1,0,0,1,2,false
EXP-05,exp05_p03_m08_ro100_lh00,baseline,10.50,12.00,1.50,0,1,0,1,2,false
EXP-05,exp05_p03_m08_ro100_lh00,baseline,12.00,14.25,2.25,0,1,2,3,0,true
EXP-05,exp05_p03_m08_ro100_lh00,baseline,14.25,14.625,0.375,1,1,1,3,0,false
EXP-05,exp05_p03_m08_ro100_lh00,baseline,14.625,15.000,0.375,2,1,0,3,0,false
EXP-05,exp05_p03_m08_ro100_lh00,baseline,15.000,17.925,2.925,3,0,0,3,0,false
EXP-05,exp05_p03_m08_ro100_lh00,baseline,17.925,18.300,0.375,2,1,0,3,0,false
EXP-05,exp05_p03_m08_ro100_lh00,baseline,18.300,18.675,0.375,2,1,0,3,0,false
EXP-05,exp05_p03_m08_ro100_lh00,baseline,18.675,21.600,2.925,3,0,0,3,0,false
EXP-05,exp05_p03_m08_ro100_lh00,baseline,21.600,21.975,0.375,2,1,0,3,0,false
EXP-05,exp05_p03_m08_ro100_lh00,baseline,21.975,22.350,0.375,2,1,0,3,0,false
EXP-05,exp05_p03_m08_ro100_lh00,baseline,22.350,25.275,2.925,3,0,0,3,0,false
EXP-05,exp05_p03_m08_ro100_lh00,baseline,25.275,25.650,0.375,2,1,0,3,0,false
EXP-05,exp05_p03_m08_ro100_lh00,baseline,25.650,26.025,0.375,2,1,0,3,0,false
EXP-05,exp05_p03_m08_ro100_lh00,baseline,26.025,27.75,1.725,3,0,0,3,0,false
EXP-05,exp05_p03_m08_ro100_lh00,baseline,27.75,28.950,1.200,2,1,0,3,0,false
EXP-05,exp05_p03_m08_ro100_lh00,baseline,28.950,29.325,0.375,1,1,0,2,1,false
EXP-05,exp05_p03_m08_ro100_lh00,baseline,29.325,30.00,0.675,1,1,0,2,1,false
EXP-05,exp05_p03_m08_ro100_lh00,baseline,30.00,37.725,7.725,1,0,0,1,2,false
EXP-05,exp05_p03_m08_ro100_lh00,baseline,37.725,40.725,3.000,0,1,0,1,2,false
EXP-05,exp05_p03_m08_ro100_lh00,exact,0,1.50000,1.50000,0,1,0,1,2,false
EXP-05,exp05_p03_m08_ro100_lh00,exact,1.50000,2.25000,0.75000,1,1,0,2,1,false
EXP-05,exp05_p03_m08_ro100_lh00,exact,2.25000,6.75000,4.50000,2,0,0,2,1,false
EXP-05,exp05_p03_m08_ro100_lh00,exact,6.75000,7.50000,0.75000,1,1,0,2,1,false
EXP-05,exp05_p03_m08_ro100_lh00,exact,7.50000,10.50000,3.00000,1,0,0,1,2,false
EXP-05,exp05_p03_m08_ro100_lh00,exact,10.50000,12.00000,1.50000,0,1,0,1,2,false
EXP-05,exp05_p03_m08_ro100_lh00,exact,12.00000,12.37500,0.37500,0,1,0,1,2,false
EXP-05,exp05_p03_m08_ro100_lh00,exact,12.37500,12.75000,0.37500,1,1,0,2,1,false
EXP-05,exp05_p03_m08_ro100_lh00,exact,12.75000,13.12500,0.37500,2,1,0,3,0,false
EXP-05,exp05_p03_m08_ro100_lh00,exact,13.12500,15.67500,2.55000,3,0,0,3,0,false
EXP-05,exp05_p03_m08_ro100_lh00,exact,15.67500,16.05000,0.37500,2,1,0,3,0,false
EXP-05,exp05_p03_m08_ro100_lh00,exact,16.05000,16.42500,0.37500,2,1,0,3,0,false
EXP-05,exp05_p03_m08_ro100_lh00,exact,16.42500,16.80000,0.37500,2,1,0,3,0,false
EXP-05,exp05_p03_m08_ro100_lh00,exact,16.80000,19.35000,2.55000,3,0,0,3,0,false
EXP-05,exp05_p03_m08_ro100_lh00,exact,19.35000,19.72500,0.37500,2,1,0,3,0,false
EXP-05,exp05_p03_m08_ro100_lh00,exact,19.72500,20.10000,0.37500,2,1,0,3,0,false
EXP-05,exp05_p03_m08_ro100_lh00,exact,20.10000,22.35000,2.25000,2,1,0,3,0,false
EXP-05,exp05_p03_m08_ro100_lh00,exact,22.35000,23.02500,0.67500,3,0,0,3,0,false
EXP-05,exp05_p03_m08_ro100_lh00,exact,23.02500,23.40000,0.37500,2,0,0,2,1,false
EXP-05,exp05_p03_m08_ro100_lh00,exact,23.40000,31.80000,8.40000,2,0,0,2,1,false
EXP-05,exp05_p03_m08_ro100_lh00,exact,31.80000,34.80000,3.00000,1,1,0,2,1,false
EXP-05,exp05_p03_m08_ro100_lh00,exact,34.80000,35.85000,1.05000,1,0,0,1,2,false
EXP-05,exp05_p03_m08_ro100_lh00,exact,35.85000,38.10000,2.25000,0,1,0,1,2,false
EXP-05,exp05_p03_m08_ro100_lh05,baseline,0,1.50,1.50,0,1,1,2,1,false
EXP-05,exp05_p03_m08_ro100_lh05,baseline,1.50,2.25,0.75,1,1,0,2,1,false
EXP-05,exp05_p03_m08_ro100_lh05,baseline,2.25,6.75,4.50,2,0,0,2,1,false
EXP-05,exp05_p03_m08_ro100_lh05,baseline,6.75,7.50,0.75,1,1,0,2,1,false
EXP-05,exp05_p03_m08_ro100_lh05,baseline,7.50,10.50,3.00,1,0,0,1,2,false
EXP-05,exp05_p03_m08_ro100_lh05,baseline,10.50,12.00,1.50,0,1,0,1,2,false
EXP-05,exp05_p03_m08_ro100_lh05,baseline,12.00,14.25,2.25,0,1,2,3,0,true
EXP-05,exp05_p03_m08_ro100_lh05,baseline,14.25,15.150,0.900,1,1,1,3,0,false
EXP-05,exp05_p03_m08_ro100_lh05,baseline,15.150,16.050,0.900,2,1,0,3,0,false
EXP-05,exp05_p03_m08_ro100_lh05,baseline,16.050,17.925,1.875,3,0,0,3,0,false
EXP-05,exp05_p03_m08_ro100_lh05,baseline,17.925,18.825,0.900,2,1,0,3,0,false
EXP-05,exp05_p03_m08_ro100_lh05,baseline,18.825,19.725,0.900,2,1,0,3,0,false
EXP-05,exp05_p03_m08_ro100_lh05,baseline,19.725,21.600,1.875,3,0,0,3,0,false
EXP-05,exp05_p03_m08_ro100_lh05,baseline,21.600,22.500,0.900,2,1,0,3,0,false
EXP-05,exp05_p03_m08_ro100_lh05,baseline,22.500,23.400,0.900,2,1,0,3,0,false
EXP-05,exp05_p03_m08_ro100_lh05,baseline,23.400,25.275,1.875,3,0,0,3,0,false
EXP-05,exp05_p03_m08_ro100_lh05,baseline,25.275,26.175,0.900,2,1,0,3,0,false
EXP-05,exp05_p03_m08_ro100_lh05,baseline,26.175,27.075,0.900,2,1,0,3,0,false
EXP-05,exp05_p03_m08_ro100_lh05,baseline,27.075,27.75,0.675,3,0,0,3,0,false
EXP-05,exp05_p03_m08_ro100_lh05,baseline,27.75,28.950,1.200,2,1,0,3,0,false
EXP-05,exp05_p03_m08_ro100_lh05,baseline,28.950,29.850,0.900,1,1,0,2,1,false
EXP-05,exp05_p03_m08_ro100_lh05,baseline,29.850,30.00,0.150,1,1,0,2,1,false
EXP-05,exp05_p03_m08_ro100_lh05,baseline,30.00,34.050,4.050,1,0,0,1,2,false
EXP-05,exp05_p03_m08_ro100_lh05,baseline,34.050,41.250,7.200,0,1,0,1,2,false
EXP-05,exp05_p03_m08_ro100_lh05,exact,0,1.50000,1.50000,0,1,0,1,2,false
EXP-05,exp05_p03_m08_ro100_lh05,exact,1.50000,2.25000,0.75000,1,1,0,2,1,false
EXP-05,exp05_p03_m08_ro100_lh05,exact,2.25000,6.75000,4.50000,2,0,0,2,1,false
EXP-05,exp05_p03_m08_ro100_lh05,exact,6.75000,7.50000,0.75000,1,1,0,2,1,false
EXP-05,exp05_p03_m08_ro100_lh05,exact,7.50000,10.50000,3.00000,1,0,0,1,2,false
EXP-05,exp05_p03_m08_ro100_lh05,exact,10.50000,12.00000,1.50000,0,1,0,1,2,false
EXP-05,exp05_p03_m08_ro100_lh05,exact,12.00000,12.90000,0.90000,0,1,0,1,2,false
EXP-05,exp05_p03_m08_ro100_lh05,exact,12.90000,13.80000,0.90000,1,1,0,2,1,false
EXP-05,exp05_p03_m08_ro100_lh05,exact,13.80000,14.70000,0.90000,2,1,0,3,0,false
EXP-05,exp05_p03_m08_ro100_lh05,exact,14.70000,15.67500,0.97500,3,0,0,3,0,false
EXP-05,exp05_p03_m08_ro100_lh05,exact,15.67500,16.57500,0.90000,2,1,0,3,0,false
EXP-05,exp05_p03_m08_ro100_lh05,exact,16.57500,17.47500,0.90000,2,1,0,3,0,false
EXP-05,exp05_p03_m08_ro100_lh05,exact,17.47500,18.37500,0.90000,2,1,0,3,0,false
EXP-05,exp05_p03_m08_ro100_lh05,exact,18.37500,19.35000,0.97500,3,0,0,3,0,false
EXP-05,exp05_p03_m08_ro100_lh05,exact,19.35000,20.25000,0.90000,2,1,0,3,0,false
EXP-05,exp05_p03_m08_ro100_lh05,exact,20.25000,21.15000,0.90000,2,1,0,3,0,false
EXP-05,exp05_p03_m08_ro100_lh05,exact,21.15000,23.02500,1.87500,2,1,0,3,0,false
EXP-05,exp05_p03_m08_ro100_lh05,exact,23.02500,23.40000,0.37500,1,1,0,2,1,false
EXP-05,exp05_p03_m08_ro100_lh05,exact,23.40000,23.92500,0.52500,2,0,0,2,1,false
EXP-05,exp05_p03_m08_ro100_lh05,exact,23.92500,28.12500,4.20000,2,0,0,2,1,false
EXP-05,exp05_p03_m08_ro100_lh05,exact,28.12500,35.32500,7.20000,1,1,0,2,1,false
EXP-05,exp05_p03_m08_ro100_lh05,exact,35.32500,36.90000,1.57500,1,0,0,1,2,false
EXP-05,exp05_p03_m08_ro100_lh05,exact,36.90000,39.15000,2.25000,0,1,0,1,2,false
EXP-05,exp05_p04_m01_ro000_lh00,baseline,0,1.50,1.50,0,1,1,2,2,false
EXP-05,exp05_p04_m01_ro000_lh00,baseline,1.50,2.25,0.75,1,1,0,2,2,false
EXP-05,exp05_p04_m01_ro000_lh00,baseline,2.25,6.75,4.50,2,0,0,2,2,false
EXP-05,exp05_p04_m01_ro000_lh00,baseline,6.75,7.50,0.75,1,1,0,2,2,false
EXP-05,exp05_p04_m01_ro000_lh00,baseline,7.50,10.50,3.00,1,0,0,1,3,false
EXP-05,exp05_p04_m01_ro000_lh00,baseline,10.50,12.00,1.50,0,1,0,1,3,false
EXP-05,exp05_p04_m01_ro000_lh00,baseline,12.00,15.00,3.00,0,1,1,2,2,false
EXP-05,exp05_p04_m01_ro000_lh00,baseline,15.00,17.25,2.25,1,1,0,2,2,false
EXP-05,exp05_p04_m01_ro000_lh00,baseline,17.25,30.75,13.50,2,0,0,2,2,false
EXP-05,exp05_p04_m01_ro000_lh00,baseline,30.75,33.00,2.25,1,1,0,2,2,false
EXP-05,exp05_p04_m01_ro000_lh00,baseline,33.00,36.00,3.00,0,1,0,1,3,false
EXP-05,exp05_p04_m01_ro000_lh00,exact,0,1.50000,1.50000,0,1,0,1,3,false
EXP-05,exp05_p04_m01_ro000_lh00,exact,1.50000,2.25000,0.75000,1,1,0,2,2,false
EXP-05,exp05_p04_m01_ro000_lh00,exact,2.25000,6.75000,4.50000,2,0,0,2,2,false
EXP-05,exp05_p04_m01_ro000_lh00,exact,6.75000,7.50000,0.75000,1,1,0,2,2,false
EXP-05,exp05_p04_m01_ro000_lh00,exact,7.50000,10.50000,3.00000,1,0,0,1,3,false
EXP-05,exp05_p04_m01_ro000_lh00,exact,10.50000,12.00000,1.50000,0,1,0,1,3,false
EXP-05,exp05_p04_m01_ro000_lh00,exact,12.00000,15.00000,3.00000,0,1,0,1,3,false
EXP-05,exp05_p04_m01_ro000_lh00,exact,15.00000,17.25000,2.25000,1,1,0,2,2,false
EXP-05,exp05_p04_m01_ro000_lh00,exact,17.25000,30.75000,13.50000,2,0,0,2,2,false
EXP-05,exp05_p04_m01_ro000_lh00,exact,30.75000,33.00000,2.25000,1,1,0,2,2,false
EXP-05,exp05_p04_m01_ro000_lh00,exact,33.00000,36.00000,3.00000,0,1,0,1,3,false
EXP-05,exp05_p04_m02_ro000_lh00,baseline,0,1.50,1.50,0,1,1,2,2,false
EXP-05,exp05_p04_m02_ro000_lh00,baseline,1.50,2.25,0.75,1,1,0,2,2,false
EXP-05,exp05_p04_m02_ro000_lh00,baseline,2.25,6.75,4.50,2,0,0,2,2,false
EXP-05,exp05_p04_m02_ro000_lh00,baseline,6.75,7.50,0.75,1,1,0,2,2,false
EXP-05,exp05_p04_m02_ro000_lh00,baseline,7.50,10.50,3.00,1,0,0,1,3,false
EXP-05,exp05_p04_m02_ro000_lh00,baseline,10.50,12.00,1.50,0,1,0,1,3,false
EXP-05,exp05_p04_m02_ro000_lh00,baseline,12.00,14.25,2.25,0,1,2,3,1,false
EXP-05,exp05_p04_m02_ro000_lh00,baseline,14.25,15.75,1.50,1,1,1,3,1,false
EXP-05,exp05_p04_m02_ro000_lh00,baseline,15.75,17.25,1.50,2,1,0,3,1,false
EXP-05,exp05_p04_m02_ro000_lh00,baseline,17.25,24.75,7.50,3,0,0,3,1,false
EXP-05,exp05_p04_m02_ro000_lh00,baseline,24.75,26.25,1.50,2,0,0,2,2,false
EXP-05,exp05_p04_m02_ro000_lh00,baseline,26.25,27.75,1.50,1,1,0,2,2,false
EXP-05,exp05_p04_m02_ro000_lh00,baseline,27.75,29.25,1.50,0,1,1,2,2,false
EXP-05,exp05_p04_m02_ro000_lh00,baseline,29.25,31.50,2.25,0,1,0,1,3,false
EXP-05,exp05_p04_m02_ro000_lh00,exact,0,1.50000,1.50000,0,1,0,1,3,false
EXP-05,exp05_p04_m02_ro000_lh00,exact,1.50000,2.25000,0.75000,1,1,0,2,2,false
EXP-05,exp05_p04_m02_ro000_lh00,exact,2.25000,6.75000,4.50000,2,0,0,2,2,false
EXP-05,exp05_p04_m02_ro000_lh00,exact,6.75000,7.50000,0.75000,1,1,0,2,2,false
EXP-05,exp05_p04_m02_ro000_lh00,exact,7.50000,10.50000,3.00000,1,0,0,1,3,false
EXP-05,exp05_p04_m02_ro000_lh00,exact,10.50000,12.00000,1.50000,0,1,0,1,3,false
EXP-05,exp05_p04_m02_ro000_lh00,exact,12.00000,13.50000,1.50000,0,1,0,1,3,false
EXP-05,exp05_p04_m02_ro000_lh00,exact,13.50000,15.75000,2.25000,1,1,0,2,2,false
EXP-05,exp05_p04_m02_ro000_lh00,exact,15.75000,17.25000,1.50000,2,1,0,3,1,false
EXP-05,exp05_p04_m02_ro000_lh00,exact,17.25000,22.50000,5.25000,3,0,0,3,1,false
EXP-05,exp05_p04_m02_ro000_lh00,exact,22.50000,26.25000,3.75000,2,0,0,2,2,false
EXP-05,exp05_p04_m02_ro000_lh00,exact,26.25000,29.25000,3.00000,1,1,0,2,2,false
EXP-05,exp05_p04_m02_ro000_lh00,exact,29.25000,31.50000,2.25000,0,1,0,1,3,false
EXP-05,exp05_p04_m02_ro050_lh00,baseline,0,1.50,1.50,0,1,1,2,2,false
EXP-05,exp05_p04_m02_ro050_lh00,baseline,1.50,2.25,0.75,1,1,0,2,2,false
EXP-05,exp05_p04_m02_ro050_lh00,baseline,2.25,6.75,4.50,2,0,0,2,2,false
EXP-05,exp05_p04_m02_ro050_lh00,baseline,6.75,7.50,0.75,1,1,0,2,2,false
EXP-05,exp05_p04_m02_ro050_lh00,baseline,7.50,10.50,3.00,1,0,0,1,3,false
EXP-05,exp05_p04_m02_ro050_lh00,baseline,10.50,12.00,1.50,0,1,0,1,3,false
EXP-05,exp05_p04_m02_ro050_lh00,baseline,12.00,14.25,2.25,0,1,2,3,1,false
EXP-05,exp05_p04_m02_ro050_lh00,baseline,14.25,15.75,1.50,1,1,1,3,1,false
EXP-05,exp05_p04_m02_ro050_lh00,baseline,15.75,17.25,1.50,2,1,0,3,1,false
EXP-05,exp05_p04_m02_ro050_lh00,baseline,17.25,25.05,7.80,3,0,0,3,1,false
EXP-05,exp05_p04_m02_ro050_lh00,baseline,25.05,26.55,1.50,2,0,0,2,2,false
EXP-05,exp05_p04_m02_ro050_lh00,baseline,26.55,27.15,0.60,2,0,0,2,2,false
EXP-05,exp05_p04_m02_ro050_lh00,baseline,27.15,27.75,0.60,1,1,0,2,2,false
EXP-05,exp05_p04_m02_ro050_lh00,baseline,27.75,30.15,2.40,0,1,1,2,2,false
EXP-05,exp05_p04_m02_ro050_lh00,baseline,30.15,32.40,2.25,0,1,0,1,3,false
EXP-05,exp05_p04_m02_ro050_lh00,exact,0,1.50000,1.50000,0,1,0,1,3,false
EXP-05,exp05_p04_m02_ro050_lh00,exact,1.50000,2.25000,0.75000,1,1,0,2,2,false
EXP-05,exp05_p04_m02_ro050_lh00,exact,2.25000,6.75000,4.50000,2,0,0,2,2,false
EXP-05,exp05_p04_m02_ro050_lh00,exact,6.75000,7.50000,0.75000,1,1,0,2,2,false
EXP-05,exp05_p04_m02_ro050_lh00,exact,7.50000,10.50000,3.00000,1,0,0,1,3,false
EXP-05,exp05_p04_m02_ro050_lh00,exact,10.50000,12.00000,1.50000,0,1,0,1,3,false
EXP-05,exp05_p04_m02_ro050_lh00,exact,12.00000,13.50000,1.50000,0,1,0,1,3,false
EXP-05,exp05_p04_m02_ro050_lh00,exact,13.50000,15.75000,2.25000,1,1,0,2,2,false
EXP-05,exp05_p04_m02_ro050_lh00,exact,15.75000,17.25000,1.50000,2,1,0,3,1,false
EXP-05,exp05_p04_m02_ro050_lh00,exact,17.25000,22.80000,5.55000,3,0,0,3,1,false
EXP-05,exp05_p04_m02_ro050_lh00,exact,22.80000,26.55000,3.75000,2,0,0,2,2,false
EXP-05,exp05_p04_m02_ro050_lh00,exact,26.55000,27.15000,0.60000,2,0,0,2,2,false
EXP-05,exp05_p04_m02_ro050_lh00,exact,27.15000,29.25000,2.10000,1,1,0,2,2,false
EXP-05,exp05_p04_m02_ro050_lh00,exact,29.25000,30.15000,0.90000,0,1,1,2,2,false
EXP-05,exp05_p04_m02_ro050_lh00,exact,30.15000,32.40000,2.25000,0,1,0,1,3,false
EXP-05,exp05_p04_m02_ro050_lh05,baseline,0,1.50,1.50,0,1,1,2,2,false
EXP-05,exp05_p04_m02_ro050_lh05,baseline,1.50,2.25,0.75,1,1,0,2,2,false
EXP-05,exp05_p04_m02_ro050_lh05,baseline,2.25,6.75,4.50,2,0,0,2,2,false
EXP-05,exp05_p04_m02_ro050_lh05,baseline,6.75,7.50,0.75,1,1,0,2,2,false
EXP-05,exp05_p04_m02_ro050_lh05,baseline,7.50,10.50,3.00,1,0,0,1,3,false
EXP-05,exp05_p04_m02_ro050_lh05,baseline,10.50,12.00,1.50,0,1,0,1,3,false
EXP-05,exp05_p04_m02_ro050_lh05,baseline,12.00,14.25,2.25,0,1,2,3,1,false
EXP-05,exp05_p04_m02_ro050_lh05,baseline,14.25,15.900,1.650,1,1,1,3,1,false
EXP-05,exp05_p04_m02_ro050_lh05,baseline,15.900,17.550,1.650,2,1,0,3,1,false
EXP-05,exp05_p04_m02_ro050_lh05,baseline,17.550,25.050,7.500,3,0,0,3,1,false
EXP-05,exp05_p04_m02_ro050_lh05,baseline,25.050,26.700,1.650,2,0,0,2,2,false
EXP-05,exp05_p04_m02_ro050_lh05,baseline,26.700,27.000,0.300,2,0,0,2,2,false
EXP-05,exp05_p04_m02_ro050_lh05,baseline,27.000,27.75,0.750,1,1,0,2,2,false
EXP-05,exp05_p04_m02_ro050_lh05,baseline,27.75,30.300,2.550,0,1,1,2,2,false
EXP-05,exp05_p04_m02_ro050_lh05,baseline,30.300,32.550,2.250,0,1,0,1,3,false
EXP-05,exp05_p04_m02_ro050_lh05,exact,0,1.50000,1.50000,0,1,0,1,3,false
EXP-05,exp05_p04_m02_ro050_lh05,exact,1.50000,2.25000,0.75000,1,1,0,2,2,false
EXP-05,exp05_p04_m02_ro050_lh05,exact,2.25000,6.75000,4.50000,2,0,0,2,2,false
EXP-05,exp05_p04_m02_ro050_lh05,exact,6.75000,7.50000,0.75000,1,1,0,2,2,false
EXP-05,exp05_p04_m02_ro050_lh05,exact,7.50000,10.50000,3.00000,1,0,0,1,3,false
EXP-05,exp05_p04_m02_ro050_lh05,exact,10.50000,12.00000,1.50000,0,1,0,1,3,false
EXP-05,exp05_p04_m02_ro050_lh05,exact,12.00000,13.65000,1.65000,0,1,0,1,3,false
EXP-05,exp05_p04_m02_ro050_lh05,exact,13.65000,15.90000,2.25000,1,1,0,2,2,false
EXP-05,exp05_p04_m02_ro050_lh05,exact,15.90000,17.55000,1.65000,2,1,0,3,1,false
EXP-05,exp05_p04_m02_ro050_lh05,exact,17.55000,22.80000,5.25000,3,0,0,3,1,false
EXP-05,exp05_p04_m02_ro050_lh05,exact,22.80000,26.70000,3.90000,2,0,0,2,2,false
EXP-05,exp05_p04_m02_ro050_lh05,exact,26.70000,27.00000,0.30000,2,0,0,2,2,false
EXP-05,exp05_p04_m02_ro050_lh05,exact,27.00000,29.40000,2.40000,1,1,0,2,2,false
EXP-05,exp05_p04_m02_ro050_lh05,exact,29.40000,30.30000,0.90000,0,1,1,2,2,false
EXP-05,exp05_p04_m02_ro050_lh05,exact,30.30000,32.55000,2.25000,0,1,0,1,3,false
EXP-05,exp05_p04_m02_ro100_lh00,baseline,0,1.50,1.50,0,1,1,2,2,false
EXP-05,exp05_p04_m02_ro100_lh00,baseline,1.50,2.25,0.75,1,1,0,2,2,false
EXP-05,exp05_p04_m02_ro100_lh00,baseline,2.25,6.75,4.50,2,0,0,2,2,false
EXP-05,exp05_p04_m02_ro100_lh00,baseline,6.75,7.50,0.75,1,1,0,2,2,false
EXP-05,exp05_p04_m02_ro100_lh00,baseline,7.50,10.50,3.00,1,0,0,1,3,false
EXP-05,exp05_p04_m02_ro100_lh00,baseline,10.50,12.00,1.50,0,1,0,1,3,false
EXP-05,exp05_p04_m02_ro100_lh00,baseline,12.00,14.25,2.25,0,1,2,3,1,false
EXP-05,exp05_p04_m02_ro100_lh00,baseline,14.25,15.75,1.50,1,1,1,3,1,false
EXP-05,exp05_p04_m02_ro100_lh00,baseline,15.75,17.25,1.50,2,1,0,3,1,false
EXP-05,exp05_p04_m02_ro100_lh00,baseline,17.25,25.35,8.10,3,0,0,3,1,false
EXP-05,exp05_p04_m02_ro100_lh00,baseline,25.35,26.85,1.50,2,0,0,2,2,false
EXP-05,exp05_p04_m02_ro100_lh00,baseline,26.85,27.75,0.90,2,0,0,2,2,false
EXP-05,exp05_p04_m02_ro100_lh00,baseline,27.75,28.05,0.30,1,1,0,2,2,false
EXP-05,exp05_p04_m02_ro100_lh00,baseline,28.05,30.00,1.95,0,1,1,2,2,false
EXP-05,exp05_p04_m02_ro100_lh00,baseline,30.00,33.00,3.00,0,1,0,1,3,false
EXP-05,exp05_p04_m02_ro100_lh00,exact,0,1.50000,1.50000,0,1,0,1,3,false
EXP-05,exp05_p04_m02_ro100_lh00,exact,1.50000,2.25000,0.75000,1,1,0,2,2,false
EXP-05,exp05_p04_m02_ro100_lh00,exact,2.25000,6.75000,4.50000,2,0,0,2,2,false
EXP-05,exp05_p04_m02_ro100_lh00,exact,6.75000,7.50000,0.75000,1,1,0,2,2,false
EXP-05,exp05_p04_m02_ro100_lh00,exact,7.50000,10.50000,3.00000,1,0,0,1,3,false
EXP-05,exp05_p04_m02_ro100_lh00,exact,10.50000,12.00000,1.50000,0,1,0,1,3,false
EXP-05,exp05_p04_m02_ro100_lh00,exact,12.00000,13.50000,1.50000,0,1,0,1,3,false
EXP-05,exp05_p04_m02_ro100_lh00,exact,13.50000,15.00000,1.50000,1,1,0,2,2,false
EXP-05,exp05_p04_m02_ro100_lh00,exact,15.00000,17.25000,2.25000,2,1,0,3,1,false
EXP-05,exp05_p04_m02_ro100_lh00,exact,17.25000,23.10000,5.85000,3,0,0,3,1,false
EXP-05,exp05_p04_m02_ro100_lh00,exact,23.10000,24.60000,1.50000,2,0,0,2,2,false
EXP-05,exp05_p04_m02_ro100_lh00,exact,24.60000,25.80000,1.20000,2,0,0,2,2,false
EXP-05,exp05_p04_m02_ro100_lh00,exact,25.80000,28.80000,3.00000,1,1,0,2,2,false
EXP-05,exp05_p04_m02_ro100_lh00,exact,28.80000,30.75000,1.95000,1,0,0,1,3,false
EXP-05,exp05_p04_m02_ro100_lh00,exact,30.75000,33.00000,2.25000,0,1,0,1,3,false
EXP-05,exp05_p04_m02_ro100_lh05,baseline,0,1.50,1.50,0,1,1,2,2,false
EXP-05,exp05_p04_m02_ro100_lh05,baseline,1.50,2.25,0.75,1,1,0,2,2,false
EXP-05,exp05_p04_m02_ro100_lh05,baseline,2.25,6.75,4.50,2,0,0,2,2,false
EXP-05,exp05_p04_m02_ro100_lh05,baseline,6.75,7.50,0.75,1,1,0,2,2,false
EXP-05,exp05_p04_m02_ro100_lh05,baseline,7.50,10.50,3.00,1,0,0,1,3,false
EXP-05,exp05_p04_m02_ro100_lh05,baseline,10.50,12.00,1.50,0,1,0,1,3,false
EXP-05,exp05_p04_m02_ro100_lh05,baseline,12.00,14.25,2.25,0,1,2,3,1,false
EXP-05,exp05_p04_m02_ro100_lh05,baseline,14.25,16.050,1.800,1,1,1,3,1,false
EXP-05,exp05_p04_m02_ro100_lh05,baseline,16.050,17.850,1.800,2,1,0,3,1,false
EXP-05,exp05_p04_m02_ro100_lh05,baseline,17.850,25.350,7.500,3,0,0,3,1,false
EXP-05,exp05_p04_m02_ro100_lh05,baseline,25.350,27.150,1.800,2,0,0,2,2,false
EXP-05,exp05_p04_m02_ro100_lh05,baseline,27.150,27.75,0.600,2,0,0,2,2,false
EXP-05,exp05_p04_m02_ro100_lh05,baseline,27.75,30.00,2.25,0,1,1,2,2,false
EXP-05,exp05_p04_m02_ro100_lh05,baseline,30.00,33.600,3.600,0,1,0,1,3,false
EXP-05,exp05_p04_m02_ro100_lh05,exact,0,1.50000,1.50000,0,1,0,1,3,false
EXP-05,exp05_p04_m02_ro100_lh05,exact,1.50000,2.25000,0.75000,1,1,0,2,2,false
EXP-05,exp05_p04_m02_ro100_lh05,exact,2.25000,6.75000,4.50000,2,0,0,2,2,false
EXP-05,exp05_p04_m02_ro100_lh05,exact,6.75000,7.50000,0.75000,1,1,0,2,2,false
EXP-05,exp05_p04_m02_ro100_lh05,exact,7.50000,10.50000,3.00000,1,0,0,1,3,false
EXP-05,exp05_p04_m02_ro100_lh05,exact,10.50000,12.00000,1.50000,0,1,0,1,3,false
EXP-05,exp05_p04_m02_ro100_lh05,exact,12.00000,13.80000,1.80000,0,1,0,1,3,false
EXP-05,exp05_p04_m02_ro100_lh05,exact,13.80000,15.60000,1.80000,1,1,0,2,2,false
EXP-05,exp05_p04_m02_ro100_lh05,exact,15.60000,17.85000,2.25000,2,1,0,3,1,false
EXP-05,exp05_p04_m02_ro100_lh05,exact,17.85000,23.10000,5.25000,3,0,0,3,1,false
EXP-05,exp05_p04_m02_ro100_lh05,exact,23.10000,24.90000,1.80000,2,0,0,2,2,false
EXP-05,exp05_p04_m02_ro100_lh05,exact,24.90000,25.50000,0.60000,2,0,0,2,2,false
EXP-05,exp05_p04_m02_ro100_lh05,exact,25.50000,29.10000,3.60000,1,1,0,2,2,false
EXP-05,exp05_p04_m02_ro100_lh05,exact,29.10000,31.35000,2.25000,1,0,0,1,3,false
EXP-05,exp05_p04_m02_ro100_lh05,exact,31.35000,33.60000,2.25000,0,1,0,1,3,false
EXP-05,exp05_p04_m03_ro000_lh00,baseline,0,1.50,1.50,0,1,1,2,2,false
EXP-05,exp05_p04_m03_ro000_lh00,baseline,1.50,2.25,0.75,1,1,0,2,2,false
EXP-05,exp05_p04_m03_ro000_lh00,baseline,2.25,6.75,4.50,2,0,0,2,2,false
EXP-05,exp05_p04_m03_ro000_lh00,baseline,6.75,7.50,0.75,1,1,0,2,2,false
EXP-05,exp05_p04_m03_ro000_lh00,baseline,7.50,10.50,3.00,1,0,0,1,3,false
EXP-05,exp05_p04_m03_ro000_lh00,baseline,10.50,12.00,1.50,0,1,0,1,3,false
EXP-05,exp05_p04_m03_ro000_lh00,baseline,12.00,14.25,2.25,0,1,3,4,0,true
EXP-05,exp05_p04_m03_ro000_lh00,baseline,14.25,15.25,1.00,1,1,2,4,0,false
EXP-05,exp05_p04_m03_ro000_lh00,baseline,15.25,16.25,1.00,2,1,1,4,0,false
EXP-05,exp05_p04_m03_ro000_lh00,baseline,16.25,17.25,1.00,3,1,0,4,0,false
EXP-05,exp05_p04_m03_ro000_lh00,baseline,17.25,21.25,4.00,4,0,0,4,0,false
EXP-05,exp05_p04_m03_ro000_lh00,baseline,21.25,22.25,1.00,3,0,0,3,1,false
EXP-05,exp05_p04_m03_ro000_lh00,baseline,22.25,23.25,1.00,2,0,0,2,2,false
EXP-05,exp05_p04_m03_ro000_lh00,baseline,23.25,26.25,3.00,1,1,0,2,2,false
EXP-05,exp05_p04_m03_ro000_lh00,baseline,26.25,27.75,1.50,1,0,0,1,3,false
EXP-05,exp05_p04_m03_ro000_lh00,baseline,27.75,30.00,2.25,0,1,0,1,3,false
EXP-05,exp05_p04_m03_ro000_lh00,exact,0,1.50000,1.50000,0,1,0,1,3,false
EXP-05,exp05_p04_m03_ro000_lh00,exact,1.50000,2.25000,0.75000,1,1,0,2,2,false
EXP-05,exp05_p04_m03_ro000_lh00,exact,2.25000,6.75000,4.50000,2,0,0,2,2,false
EXP-05,exp05_p04_m03_ro000_lh00,exact,6.75000,7.50000,0.75000,1,1,0,2,2,false
EXP-05,exp05_p04_m03_ro000_lh00,exact,7.50000,10.50000,3.00000,1,0,0,1,3,false
EXP-05,exp05_p04_m03_ro000_lh00,exact,10.50000,12.00000,1.50000,0,1,0,1,3,false
EXP-05,exp05_p04_m03_ro000_lh00,exact,12.00000,14.25000,2.25000,0,1,0,1,3,false
EXP-05,exp05_p04_m03_ro000_lh00,exact,14.25000,15.25000,1.00000,1,1,0,2,2,false
EXP-05,exp05_p04_m03_ro000_lh00,exact,15.25000,16.25000,1.00000,2,1,0,3,1,false
EXP-05,exp05_p04_m03_ro000_lh00,exact,16.25000,17.25000,1.00000,3,1,0,4,0,false
EXP-05,exp05_p04_m03_ro000_lh00,exact,17.25000,21.25000,4.00000,4,0,0,4,0,false
EXP-05,exp05_p04_m03_ro000_lh00,exact,21.25000,22.25000,1.00000,3,0,0,3,1,false
EXP-05,exp05_p04_m03_ro000_lh00,exact,22.25000,23.25000,1.00000,2,0,0,2,2,false
EXP-05,exp05_p04_m03_ro000_lh00,exact,23.25000,26.25000,3.00000,1,1,0,2,2,false
EXP-05,exp05_p04_m03_ro000_lh00,exact,26.25000,27.75000,1.50000,1,0,0,1,3,false
EXP-05,exp05_p04_m03_ro000_lh00,exact,27.75000,30.00000,2.25000,0,1,0,1,3,false
EXP-05,exp05_p04_m03_ro050_lh00,baseline,0,1.50,1.50,0,1,1,2,2,false
EXP-05,exp05_p04_m03_ro050_lh00,baseline,1.50,2.25,0.75,1,1,0,2,2,false
EXP-05,exp05_p04_m03_ro050_lh00,baseline,2.25,6.75,4.50,2,0,0,2,2,false
EXP-05,exp05_p04_m03_ro050_lh00,baseline,6.75,7.50,0.75,1,1,0,2,2,false
EXP-05,exp05_p04_m03_ro050_lh00,baseline,7.50,10.50,3.00,1,0,0,1,3,false
EXP-05,exp05_p04_m03_ro050_lh00,baseline,10.50,12.00,1.50,0,1,0,1,3,false
EXP-05,exp05_p04_m03_ro050_lh00,baseline,12.00,14.25,2.25,0,1,3,4,0,true
EXP-05,exp05_p04_m03_ro050_lh00,baseline,14.25,15.25,1.00,1,1,2,4,0,false
EXP-05,exp05_p04_m03_ro050_lh00,baseline,15.25,16.25,1.00,2,1,1,4,0,false
EXP-05,exp05_p04_m03_ro050_lh00,baseline,16.25,17.25,1.00,3,1,0,4,0,false
EXP-05,exp05_p04_m03_ro050_lh00,baseline,17.25,21.65,4.40,4,0,0,4,0,false
EXP-05,exp05_p04_m03_ro050_lh00,baseline,21.65,22.65,1.00,3,0,0,3,1,false
EXP-05,exp05_p04_m03_ro050_lh00,baseline,22.65,23.65,1.00,2,0,0,2,2,false
EXP-05,exp05_p04_m03_ro050_lh00,baseline,23.65,24.85,1.20,2,0,0,2,2,false
EXP-05,exp05_p04_m03_ro050_lh00,baseline,24.85,27.75,2.90,1,1,0,2,2,false
EXP-05,exp05_p04_m03_ro050_lh00,baseline,27.75,27.85,0.10,0,1,1,2,2,false
EXP-05,exp05_p04_m03_ro050_lh00,baseline,27.85,30.10,2.25,0,1,0,1,3,false
EXP-05,exp05_p04_m03_ro050_lh00,exact,0,1.50000,1.50000,0,1,0,1,3,false
EXP-05,exp05_p04_m03_ro050_lh00,exact,1.50000,2.25000,0.75000,1,1,0,2,2,false
EXP-05,exp05_p04_m03_ro050_lh00,exact,2.25000,6.75000,4.50000,2,0,0,2,2,false
EXP-05,exp05_p04_m03_ro050_lh00,exact,6.75000,7.50000,0.75000,1,1,0,2,2,false
EXP-05,exp05_p04_m03_ro050_lh00,exact,7.50000,10.50000,3.00000,1,0,0,1,3,false
EXP-05,exp05_p04_m03_ro050_lh00,exact,10.50000,12.00000,1.50000,0,1,0,1,3,false
EXP-05,exp05_p04_m03_ro050_lh00,exact,12.00000,14.25000,2.25000,0,1,0,1,3,false
EXP-05,exp05_p04_m03_ro050_lh00,exact,14.25000,15.25000,1.00000,1,1,0,2,2,false
EXP-05,exp05_p04_m03_ro050_lh00,exact,15.25000,16.25000,1.00000,2,1,0,3,1,false
EXP-05,exp05_p04_m03_ro050_lh00,exact,16.25000,17.25000,1.00000,3,1,0,4,0,false
EXP-05,exp05_p04_m03_ro050_lh00,exact,17.25000,21.65000,4.40000,4,0,0,4,0,false
EXP-05,exp05_p04_m03_ro050_lh00,exact,21.65000,22.65000,1.00000,3,0,0,3,1,false
EXP-05,exp05_p04_m03_ro050_lh00,exact,22.65000,23.65000,1.00000,2,0,0,2,2,false
EXP-05,exp05_p04_m03_ro050_lh00,exact,23.65000,24.85000,1.20000,2,0,0,2,2,false
EXP-05,exp05_p04_m03_ro050_lh00,exact,24.85000,27.75000,2.90000,1,1,0,2,2,false
EXP-05,exp05_p04_m03_ro050_lh00,exact,27.75000,27.85000,0.10000,0,1,1,2,2,false
EXP-05,exp05_p04_m03_ro050_lh00,exact,27.85000,30.10000,2.25000,0,1,0,1,3,false
EXP-05,exp05_p04_m03_ro050_lh05,baseline,0,1.50,1.50,0,1,1,2,2,false
EXP-05,exp05_p04_m03_ro050_lh05,baseline,1.50,2.25,0.75,1,1,0,2,2,false
EXP-05,exp05_p04_m03_ro050_lh05,baseline,2.25,6.75,4.50,2,0,0,2,2,false
EXP-05,exp05_p04_m03_ro050_lh05,baseline,6.75,7.50,0.75,1,1,0,2,2,false
EXP-05,exp05_p04_m03_ro050_lh05,baseline,7.50,10.50,3.00,1,0,0,1,3,false
EXP-05,exp05_p04_m03_ro050_lh05,baseline,10.50,12.00,1.50,0,1,0,1,3,false
EXP-05,exp05_p04_m03_ro050_lh05,baseline,12.00,14.25,2.25,0,1,3,4,0,true
EXP-05,exp05_p04_m03_ro050_lh05,baseline,14.25,15.450,1.200,1,1,2,4,0,false
EXP-05,exp05_p04_m03_ro050_lh05,baseline,15.450,16.650,1.200,2,1,1,4,0,false
EXP-05,exp05_p04_m03_ro050_lh05,baseline,16.650,17.850,1.200,3,1,0,4,0,false
EXP-05,exp05_p04_m03_ro050_lh05,baseline,17.850,21.650,3.800,4,0,0,4,0,false
EXP-05,exp05_p04_m03_ro050_lh05,baseline,21.650,22.850,1.200,3,0,0,3,1,false
EXP-05,exp05_p04_m03_ro050_lh05,baseline,22.850,24.050,1.200,2,0,0,2,2,false
EXP-05,exp05_p04_m03_ro050_lh05,baseline,24.050,24.650,0.600,2,0,0,2,2,false
EXP-05,exp05_p04_m03_ro050_lh05,baseline,24.650,27.75,3.100,1,1,0,2,2,false
EXP-05,exp05_p04_m03_ro050_lh05,baseline,27.75,28.250,0.500,0,1,1,2,2,false
EXP-05,exp05_p04_m03_ro050_lh05,baseline,28.250,30.500,2.250,0,1,0,1,3,false
EXP-05,exp05_p04_m03_ro050_lh05,exact,0,1.50000,1.50000,0,1,0,1,3,false
EXP-05,exp05_p04_m03_ro050_lh05,exact,1.50000,2.25000,0.75000,1,1,0,2,2,false
EXP-05,exp05_p04_m03_ro050_lh05,exact,2.25000,6.75000,4.50000,2,0,0,2,2,false
EXP-05,exp05_p04_m03_ro050_lh05,exact,6.75000,7.50000,0.75000,1,1,0,2,2,false
EXP-05,exp05_p04_m03_ro050_lh05,exact,7.50000,10.50000,3.00000,1,0,0,1,3,false
EXP-05,exp05_p04_m03_ro050_lh05,exact,10.50000,12.00000,1.50000,0,1,0,1,3,false
EXP-05,exp05_p04_m03_ro050_lh05,exact,12.00000,14.25000,2.25000,0,1,0,1,3,false
EXP-05,exp05_p04_m03_ro050_lh05,exact,14.25000,15.45000,1.20000,1,1,0,2,2,false
EXP-05,exp05_p04_m03_ro050_lh05,exact,15.45000,16.65000,1.20000,2,1,0,3,1,false
EXP-05,exp05_p04_m03_ro050_lh05,exact,16.65000,17.85000,1.20000,3,1,0,4,0,false
EXP-05,exp05_p04_m03_ro050_lh05,exact,17.85000,21.65000,3.80000,4,0,0,4,0,false
EXP-05,exp05_p04_m03_ro050_lh05,exact,21.65000,22.85000,1.20000,3,0,0,3,1,false
EXP-05,exp05_p04_m03_ro050_lh05,exact,22.85000,24.05000,1.20000,2,0,0,2,2,false
EXP-05,exp05_p04_m03_ro050_lh05,exact,24.05000,24.65000,0.60000,2,0,0,2,2,false
EXP-05,exp05_p04_m03_ro050_lh05,exact,24.65000,27.75000,3.10000,1,1,0,2,2,false
EXP-05,exp05_p04_m03_ro050_lh05,exact,27.75000,28.25000,0.50000,0,1,1,2,2,false
EXP-05,exp05_p04_m03_ro050_lh05,exact,28.25000,30.50000,2.25000,0,1,0,1,3,false
EXP-05,exp05_p04_m03_ro100_lh00,baseline,0,1.50,1.50,0,1,1,2,2,false
EXP-05,exp05_p04_m03_ro100_lh00,baseline,1.50,2.25,0.75,1,1,0,2,2,false
EXP-05,exp05_p04_m03_ro100_lh00,baseline,2.25,6.75,4.50,2,0,0,2,2,false
EXP-05,exp05_p04_m03_ro100_lh00,baseline,6.75,7.50,0.75,1,1,0,2,2,false
EXP-05,exp05_p04_m03_ro100_lh00,baseline,7.50,10.50,3.00,1,0,0,1,3,false
EXP-05,exp05_p04_m03_ro100_lh00,baseline,10.50,12.00,1.50,0,1,0,1,3,false
EXP-05,exp05_p04_m03_ro100_lh00,baseline,12.00,14.25,2.25,0,1,3,4,0,true
EXP-05,exp05_p04_m03_ro100_lh00,baseline,14.25,15.25,1.00,1,1,2,4,0,false
EXP-05,exp05_p04_m03_ro100_lh00,baseline,15.25,16.25,1.00,2,1,1,4,0,false
EXP-05,exp05_p04_m03_ro100_lh00,baseline,16.25,17.25,1.00,3,1,0,4,0,false
EXP-05,exp05_p04_m03_ro100_lh00,baseline,17.25,22.05,4.80,4,0,0,4,0,false
EXP-05,exp05_p04_m03_ro100_lh00,baseline,22.05,23.05,1.00,3,0,0,3,1,false
EXP-05,exp05_p04_m03_ro100_lh00,baseline,23.05,24.05,1.00,2,0,0,2,2,false
EXP-05,exp05_p04_m03_ro100_lh00,baseline,24.05,26.45,2.40,2,0,0,2,2,false
EXP-05,exp05_p04_m03_ro100_lh00,baseline,26.45,27.75,1.30,1,1,0,2,2,false
EXP-05,exp05_p04_m03_ro100_lh00,baseline,27.75,29.45,1.70,0,1,1,2,2,false
EXP-05,exp05_p04_m03_ro100_lh00,baseline,29.45,31.70,2.25,0,1,0,1,3,false
EXP-05,exp05_p04_m03_ro100_lh00,exact,0,1.50000,1.50000,0,1,0,1,3,false
EXP-05,exp05_p04_m03_ro100_lh00,exact,1.50000,2.25000,0.75000,1,1,0,2,2,false
EXP-05,exp05_p04_m03_ro100_lh00,exact,2.25000,6.75000,4.50000,2,0,0,2,2,false
EXP-05,exp05_p04_m03_ro100_lh00,exact,6.75000,7.50000,0.75000,1,1,0,2,2,false
EXP-05,exp05_p04_m03_ro100_lh00,exact,7.50000,10.50000,3.00000,1,0,0,1,3,false
EXP-05,exp05_p04_m03_ro100_lh00,exact,10.50000,12.00000,1.50000,0,1,0,1,3,false
EXP-05,exp05_p04_m03_ro100_lh00,exact,12.00000,13.00000,1.00000,0,1,0,1,3,false
EXP-05,exp05_p04_m03_ro100_lh00,exact,13.00000,15.25000,2.25000,1,1,0,2,2,false
EXP-05,exp05_p04_m03_ro100_lh00,exact,15.25000,16.25000,1.00000,2,1,0,3,1,false
EXP-05,exp05_p04_m03_ro100_lh00,exact,16.25000,17.25000,1.00000,3,1,0,4,0,false
EXP-05,exp05_p04_m03_ro100_lh00,exact,17.25000,19.80000,2.55000,4,0,0,4,0,false
EXP-05,exp05_p04_m03_ro100_lh00,exact,19.80000,23.05000,3.25000,3,0,0,3,1,false
EXP-05,exp05_p04_m03_ro100_lh00,exact,23.05000,24.05000,1.00000,2,0,0,2,2,false
EXP-05,exp05_p04_m03_ro100_lh00,exact,24.05000,26.45000,2.40000,2,0,0,2,2,false
EXP-05,exp05_p04_m03_ro100_lh00,exact,26.45000,28.75000,2.30000,1,1,0,2,2,false
EXP-05,exp05_p04_m03_ro100_lh00,exact,28.75000,29.45000,0.70000,0,1,1,2,2,false
EXP-05,exp05_p04_m03_ro100_lh00,exact,29.45000,31.70000,2.25000,0,1,0,1,3,false
EXP-05,exp05_p04_m03_ro100_lh05,baseline,0,1.50,1.50,0,1,1,2,2,false
EXP-05,exp05_p04_m03_ro100_lh05,baseline,1.50,2.25,0.75,1,1,0,2,2,false
EXP-05,exp05_p04_m03_ro100_lh05,baseline,2.25,6.75,4.50,2,0,0,2,2,false
EXP-05,exp05_p04_m03_ro100_lh05,baseline,6.75,7.50,0.75,1,1,0,2,2,false
EXP-05,exp05_p04_m03_ro100_lh05,baseline,7.50,10.50,3.00,1,0,0,1,3,false
EXP-05,exp05_p04_m03_ro100_lh05,baseline,10.50,12.00,1.50,0,1,0,1,3,false
EXP-05,exp05_p04_m03_ro100_lh05,baseline,12.00,14.25,2.25,0,1,3,4,0,true
EXP-05,exp05_p04_m03_ro100_lh05,baseline,14.25,15.650,1.400,1,1,2,4,0,false
EXP-05,exp05_p04_m03_ro100_lh05,baseline,15.650,17.050,1.400,2,1,1,4,0,false
EXP-05,exp05_p04_m03_ro100_lh05,baseline,17.050,18.450,1.400,3,1,0,4,0,false
EXP-05,exp05_p04_m03_ro100_lh05,baseline,18.450,22.050,3.600,4,0,0,4,0,false
EXP-05,exp05_p04_m03_ro100_lh05,baseline,22.050,23.450,1.400,3,0,0,3,1,false
EXP-05,exp05_p04_m03_ro100_lh05,baseline,23.450,24.850,1.400,2,0,0,2,2,false
EXP-05,exp05_p04_m03_ro100_lh05,baseline,24.850,26.050,1.200,2,0,0,2,2,false
EXP-05,exp05_p04_m03_ro100_lh05,baseline,26.050,27.75,1.700,1,1,0,2,2,false
EXP-05,exp05_p04_m03_ro100_lh05,baseline,27.75,30.250,2.500,0,1,1,2,2,false
EXP-05,exp05_p04_m03_ro100_lh05,baseline,30.250,32.500,2.250,0,1,0,1,3,false
EXP-05,exp05_p04_m03_ro100_lh05,exact,0,1.50000,1.50000,0,1,0,1,3,false
EXP-05,exp05_p04_m03_ro100_lh05,exact,1.50000,2.25000,0.75000,1,1,0,2,2,false
EXP-05,exp05_p04_m03_ro100_lh05,exact,2.25000,6.75000,4.50000,2,0,0,2,2,false
EXP-05,exp05_p04_m03_ro100_lh05,exact,6.75000,7.50000,0.75000,1,1,0,2,2,false
EXP-05,exp05_p04_m03_ro100_lh05,exact,7.50000,10.50000,3.00000,1,0,0,1,3,false
EXP-05,exp05_p04_m03_ro100_lh05,exact,10.50000,12.00000,1.50000,0,1,0,1,3,false
EXP-05,exp05_p04_m03_ro100_lh05,exact,12.00000,13.40000,1.40000,0,1,0,1,3,false
EXP-05,exp05_p04_m03_ro100_lh05,exact,13.40000,15.65000,2.25000,1,1,0,2,2,false
EXP-05,exp05_p04_m03_ro100_lh05,exact,15.65000,17.05000,1.40000,2,1,0,3,1,false
EXP-05,exp05_p04_m03_ro100_lh05,exact,17.05000,18.45000,1.40000,3,1,0,4,0,false
EXP-05,exp05_p04_m03_ro100_lh05,exact,18.45000,19.80000,1.35000,4,0,0,4,0,false
EXP-05,exp05_p04_m03_ro100_lh05,exact,19.80000,23.45000,3.65000,3,0,0,3,1,false
EXP-05,exp05_p04_m03_ro100_lh05,exact,23.45000,24.85000,1.40000,2,0,0,2,2,false
EXP-05,exp05_p04_m03_ro100_lh05,exact,24.85000,26.05000,1.20000,2,0,0,2,2,false
EXP-05,exp05_p04_m03_ro100_lh05,exact,26.05000,29.15000,3.10000,1,1,0,2,2,false
EXP-05,exp05_p04_m03_ro100_lh05,exact,29.15000,30.25000,1.10000,0,1,1,2,2,false
EXP-05,exp05_p04_m03_ro100_lh05,exact,30.25000,32.50000,2.25000,0,1,0,1,3,false
EXP-05,exp05_p04_m04_ro000_lh00,baseline,0,1.50,1.50,0,1,1,2,2,false
EXP-05,exp05_p04_m04_ro000_lh00,baseline,1.50,2.25,0.75,1,1,0,2,2,false
EXP-05,exp05_p04_m04_ro000_lh00,baseline,2.25,6.75,4.50,2,0,0,2,2,false
EXP-05,exp05_p04_m04_ro000_lh00,baseline,6.75,7.50,0.75,1,1,0,2,2,false
EXP-05,exp05_p04_m04_ro000_lh00,baseline,7.50,10.50,3.00,1,0,0,1,3,false
EXP-05,exp05_p04_m04_ro000_lh00,baseline,10.50,12.00,1.50,0,1,0,1,3,false
EXP-05,exp05_p04_m04_ro000_lh00,baseline,12.00,14.25,2.25,0,1,3,4,0,true
EXP-05,exp05_p04_m04_ro000_lh00,baseline,14.25,15.00,0.75,1,1,2,4,0,false
EXP-05,exp05_p04_m04_ro000_lh00,baseline,15.00,15.75,0.75,2,1,1,4,0,false
EXP-05,exp05_p04_m04_ro000_lh00,baseline,15.75,16.50,0.75,3,1,0,4,0,false
EXP-05,exp05_p04_m04_ro000_lh00,baseline,16.50,19.50,3.00,4,0,0,4,0,false
EXP-05,exp05_p04_m04_ro000_lh00,baseline,19.50,20.25,0.75,3,1,0,4,0,false
EXP-05,exp05_p04_m04_ro000_lh00,baseline,20.25,21.00,0.75,3,0,0,3,1,false
EXP-05,exp05_p04_m04_ro000_lh00,baseline,21.00,24.75,3.75,2,0,0,2,2,false
EXP-05,exp05_p04_m04_ro000_lh00,baseline,24.75,27.75,3.00,1,1,0,2,2,false
EXP-05,exp05_p04_m04_ro000_lh00,baseline,27.75,30.00,2.25,0,1,0,1,3,false
EXP-05,exp05_p04_m04_ro000_lh00,exact,0,1.50000,1.50000,0,1,0,1,3,false
EXP-05,exp05_p04_m04_ro000_lh00,exact,1.50000,2.25000,0.75000,1,1,0,2,2,false
EXP-05,exp05_p04_m04_ro000_lh00,exact,2.25000,6.75000,4.50000,2,0,0,2,2,false
EXP-05,exp05_p04_m04_ro000_lh00,exact,6.75000,7.50000,0.75000,1,1,0,2,2,false
EXP-05,exp05_p04_m04_ro000_lh00,exact,7.50000,10.50000,3.00000,1,0,0,1,3,false
EXP-05,exp05_p04_m04_ro000_lh00,exact,10.50000,12.00000,1.50000,0,1,0,1,3,false
EXP-05,exp05_p04_m04_ro000_lh00,exact,12.00000,14.25000,2.25000,0,1,0,1,3,false
EXP-05,exp05_p04_m04_ro000_lh00,exact,14.25000,15.00000,0.75000,1,1,0,2,2,false
EXP-05,exp05_p04_m04_ro000_lh00,exact,15.00000,15.75000,0.75000,2,1,0,3,1,false
EXP-05,exp05_p04_m04_ro000_lh00,exact,15.75000,16.50000,0.75000,3,1,0,4,0,false
EXP-05,exp05_p04_m04_ro000_lh00,exact,16.50000,19.50000,3.00000,4,0,0,4,0,false
EXP-05,exp05_p04_m04_ro000_lh00,exact,19.50000,20.25000,0.75000,3,1,0,4,0,false
EXP-05,exp05_p04_m04_ro000_lh00,exact,20.25000,21.00000,0.75000,3,0,0,3,1,false
EXP-05,exp05_p04_m04_ro000_lh00,exact,21.00000,24.75000,3.75000,2,0,0,2,2,false
EXP-05,exp05_p04_m04_ro000_lh00,exact,24.75000,27.75000,3.00000,1,1,0,2,2,false
EXP-05,exp05_p04_m04_ro000_lh00,exact,27.75000,30.00000,2.25000,0,1,0,1,3,false
EXP-05,exp05_p04_m04_ro050_lh00,baseline,0,1.50,1.50,0,1,1,2,2,false
EXP-05,exp05_p04_m04_ro050_lh00,baseline,1.50,2.25,0.75,1,1,0,2,2,false
EXP-05,exp05_p04_m04_ro050_lh00,baseline,2.25,6.75,4.50,2,0,0,2,2,false
EXP-05,exp05_p04_m04_ro050_lh00,baseline,6.75,7.50,0.75,1,1,0,2,2,false
EXP-05,exp05_p04_m04_ro050_lh00,baseline,7.50,10.50,3.00,1,0,0,1,3,false
EXP-05,exp05_p04_m04_ro050_lh00,baseline,10.50,12.00,1.50,0,1,0,1,3,false
EXP-05,exp05_p04_m04_ro050_lh00,baseline,12.00,14.25,2.25,0,1,3,4,0,true
EXP-05,exp05_p04_m04_ro050_lh00,baseline,14.25,15.00,0.75,1,1,2,4,0,false
EXP-05,exp05_p04_m04_ro050_lh00,baseline,15.00,15.75,0.75,2,1,1,4,0,false
EXP-05,exp05_p04_m04_ro050_lh00,baseline,15.75,16.50,0.75,3,1,0,4,0,false
EXP-05,exp05_p04_m04_ro050_lh00,baseline,16.50,19.95,3.45,4,0,0,4,0,false
EXP-05,exp05_p04_m04_ro050_lh00,baseline,19.95,20.70,0.75,3,1,0,4,0,false
EXP-05,exp05_p04_m04_ro050_lh00,baseline,20.70,21.45,0.75,3,0,0,3,1,false
EXP-05,exp05_p04_m04_ro050_lh00,baseline,21.45,25.65,4.20,2,0,0,2,2,false
EXP-05,exp05_p04_m04_ro050_lh00,baseline,25.65,27.45,1.80,2,0,0,2,2,false
EXP-05,exp05_p04_m04_ro050_lh00,baseline,27.45,27.75,0.30,1,1,0,2,2,false
EXP-05,exp05_p04_m04_ro050_lh00,baseline,27.75,30.45,2.70,0,1,1,2,2,false
EXP-05,exp05_p04_m04_ro050_lh00,baseline,30.45,32.70,2.25,0,1,0,1,3,false
EXP-05,exp05_p04_m04_ro050_lh00,exact,0,1.50000,1.50000,0,1,0,1,3,false
EXP-05,exp05_p04_m04_ro050_lh00,exact,1.50000,2.25000,0.75000,1,1,0,2,2,false
EXP-05,exp05_p04_m04_ro050_lh00,exact,2.25000,6.75000,4.50000,2,0,0,2,2,false
EXP-05,exp05_p04_m04_ro050_lh00,exact,6.75000,7.50000,0.75000,1,1,0,2,2,false
EXP-05,exp05_p04_m04_ro050_lh00,exact,7.50000,10.50000,3.00000,1,0,0,1,3,false
EXP-05,exp05_p04_m04_ro050_lh00,exact,10.50000,12.00000,1.50000,0,1,0,1,3,false
EXP-05,exp05_p04_m04_ro050_lh00,exact,12.00000,12.75000,0.75000,0,1,0,1,3,false
EXP-05,exp05_p04_m04_ro050_lh00,exact,12.75000,15.00000,2.25000,1,1,0,2,2,false
EXP-05,exp05_p04_m04_ro050_lh00,exact,15.00000,15.75000,0.75000,2,1,0,3,1,false
EXP-05,exp05_p04_m04_ro050_lh00,exact,15.75000,16.50000,0.75000,3,1,0,4,0,false
EXP-05,exp05_p04_m04_ro050_lh00,exact,16.50000,17.70000,1.20000,4,0,0,4,0,false
EXP-05,exp05_p04_m04_ro050_lh00,exact,17.70000,18.45000,0.75000,3,1,0,4,0,false
EXP-05,exp05_p04_m04_ro050_lh00,exact,18.45000,20.70000,2.25000,4,0,0,4,0,false
EXP-05,exp05_p04_m04_ro050_lh00,exact,20.70000,21.45000,0.75000,3,0,0,3,1,false
EXP-05,exp05_p04_m04_ro050_lh00,exact,21.45000,23.40000,1.95000,2,0,0,2,2,false
EXP-05,exp05_p04_m04_ro050_lh00,exact,23.40000,25.20000,1.80000,2,0,0,2,2,false
EXP-05,exp05_p04_m04_ro050_lh00,exact,25.20000,28.20000,3.00000,1,1,0,2,2,false
EXP-05,exp05_p04_m04_ro050_lh00,exact,28.20000,28.50000,0.30000,1,0,0,1,3,false
EXP-05,exp05_p04_m04_ro050_lh00,exact,28.50000,30.75000,2.25000,0,1,0,1,3,false
EXP-05,exp05_p04_m04_ro050_lh05,baseline,0,1.50,1.50,0,1,1,2,2,false
EXP-05,exp05_p04_m04_ro050_lh05,baseline,1.50,2.25,0.75,1,1,0,2,2,false
EXP-05,exp05_p04_m04_ro050_lh05,baseline,2.25,6.75,4.50,2,0,0,2,2,false
EXP-05,exp05_p04_m04_ro050_lh05,baseline,6.75,7.50,0.75,1,1,0,2,2,false
EXP-05,exp05_p04_m04_ro050_lh05,baseline,7.50,10.50,3.00,1,0,0,1,3,false
EXP-05,exp05_p04_m04_ro050_lh05,baseline,10.50,12.00,1.50,0,1,0,1,3,false
EXP-05,exp05_p04_m04_ro050_lh05,baseline,12.00,14.25,2.25,0,1,3,4,0,true
EXP-05,exp05_p04_m04_ro050_lh05,baseline,14.25,15.225,0.975,1,1,2,4,0,false
EXP-05,exp05_p04_m04_ro050_lh05,baseline,15.225,16.200,0.975,2,1,1,4,0,false
EXP-05,exp05_p04_m04_ro050_lh05,baseline,16.200,17.175,0.975,3,1,0,4,0,false
EXP-05,exp05_p04_m04_ro050_lh05,baseline,17.175,19.950,2.775,4,0,0,4,0,false
EXP-05,exp05_p04_m04_ro050_lh05,baseline,19.950,20.925,0.975,3,1,0,4,0,false
EXP-05,exp05_p04_m04_ro050_lh05,baseline,20.925,21.900,0.975,3,0,0,3,1,false
EXP-05,exp05_p04_m04_ro050_lh05,baseline,21.900,25.650,3.750,2,0,0,2,2,false
EXP-05,exp05_p04_m04_ro050_lh05,baseline,25.650,26.550,0.900,2,0,0,2,2,false
EXP-05,exp05_p04_m04_ro050_lh05,baseline,26.550,27.75,1.200,1,1,0,2,2,false
EXP-05,exp05_p04_m04_ro050_lh05,baseline,27.75,30.450,2.700,0,1,1,2,2,false
EXP-05,exp05_p04_m04_ro050_lh05,baseline,30.450,32.700,2.250,0,1,0,1,3,false
EXP-05,exp05_p04_m04_ro050_lh05,exact,0,1.50000,1.50000,0,1,0,1,3,false
EXP-05,exp05_p04_m04_ro050_lh05,exact,1.50000,2.25000,0.75000,1,1,0,2,2,false
EXP-05,exp05_p04_m04_ro050_lh05,exact,2.25000,6.75000,4.50000,2,0,0,2,2,false
EXP-05,exp05_p04_m04_ro050_lh05,exact,6.75000,7.50000,0.75000,1,1,0,2,2,false
EXP-05,exp05_p04_m04_ro050_lh05,exact,7.50000,10.50000,3.00000,1,0,0,1,3,false
EXP-05,exp05_p04_m04_ro050_lh05,exact,10.50000,12.00000,1.50000,0,1,0,1,3,false
EXP-05,exp05_p04_m04_ro050_lh05,exact,12.00000,12.97500,0.97500,0,1,0,1,3,false
EXP-05,exp05_p04_m04_ro050_lh05,exact,12.97500,15.22500,2.25000,1,1,0,2,2,false
EXP-05,exp05_p04_m04_ro050_lh05,exact,15.22500,16.20000,0.97500,2,1,0,3,1,false
EXP-05,exp05_p04_m04_ro050_lh05,exact,16.20000,17.17500,0.97500,3,1,0,4,0,false
EXP-05,exp05_p04_m04_ro050_lh05,exact,17.17500,17.70000,0.52500,4,0,0,4,0,false
EXP-05,exp05_p04_m04_ro050_lh05,exact,17.70000,18.67500,0.97500,3,1,0,4,0,false
EXP-05,exp05_p04_m04_ro050_lh05,exact,18.67500,20.92500,2.25000,4,0,0,4,0,false
EXP-05,exp05_p04_m04_ro050_lh05,exact,20.92500,21.90000,0.97500,3,0,0,3,1,false
EXP-05,exp05_p04_m04_ro050_lh05,exact,21.90000,23.40000,1.50000,2,0,0,2,2,false
EXP-05,exp05_p04_m04_ro050_lh05,exact,23.40000,24.30000,0.90000,2,0,0,2,2,false
EXP-05,exp05_p04_m04_ro050_lh05,exact,24.30000,28.20000,3.90000,1,1,0,2,2,false
EXP-05,exp05_p04_m04_ro050_lh05,exact,28.20000,28.72500,0.52500,1,0,0,1,3,false
EXP-05,exp05_p04_m04_ro050_lh05,exact,28.72500,30.97500,2.25000,0,1,0,1,3,false
EXP-05,exp05_p04_m04_ro100_lh00,baseline,0,1.50,1.50,0,1,1,2,2,false
EXP-05,exp05_p04_m04_ro100_lh00,baseline,1.50,2.25,0.75,1,1,0,2,2,false
EXP-05,exp05_p04_m04_ro100_lh00,baseline,2.25,6.75,4.50,2,0,0,2,2,false
EXP-05,exp05_p04_m04_ro100_lh00,baseline,6.75,7.50,0.75,1,1,0,2,2,false
EXP-05,exp05_p04_m04_ro100_lh00,baseline,7.50,10.50,3.00,1,0,0,1,3,false
EXP-05,exp05_p04_m04_ro100_lh00,baseline,10.50,12.00,1.50,0,1,0,1,3,false
EXP-05,exp05_p04_m04_ro100_lh00,baseline,12.00,14.25,2.25,0,1,3,4,0,true
EXP-05,exp05_p04_m04_ro100_lh00,baseline,14.25,15.00,0.75,1,1,2,4,0,false
EXP-05,exp05_p04_m04_ro100_lh00,baseline,15.00,15.75,0.75,2,1,1,4,0,false
EXP-05,exp05_p04_m04_ro100_lh00,baseline,15.75,16.50,0.75,3,1,0,4,0,false
EXP-05,exp05_p04_m04_ro100_lh00,baseline,16.50,20.40,3.90,4,0,0,4,0,false
EXP-05,exp05_p04_m04_ro100_lh00,baseline,20.40,21.15,0.75,3,1,0,4,0,false
EXP-05,exp05_p04_m04_ro100_lh00,baseline,21.15,21.90,0.75,3,0,0,3,1,false
EXP-05,exp05_p04_m04_ro100_lh00,baseline,21.90,26.55,4.65,2,0,0,2,2,false
EXP-05,exp05_p04_m04_ro100_lh00,baseline,26.55,27.75,1.20,2,0,0,2,2,false
EXP-05,exp05_p04_m04_ro100_lh00,baseline,27.75,30.00,2.25,1,1,0,2,2,false
EXP-05,exp05_p04_m04_ro100_lh00,baseline,30.00,30.15,0.15,1,0,0,1,3,false
EXP-05,exp05_p04_m04_ro100_lh00,baseline,30.15,33.15,3.00,0,1,0,1,3,false
EXP-05,exp05_p04_m04_ro100_lh00,exact,0,1.50000,1.50000,0,1,0,1,3,false
EXP-05,exp05_p04_m04_ro100_lh00,exact,1.50000,2.25000,0.75000,1,1,0,2,2,false
EXP-05,exp05_p04_m04_ro100_lh00,exact,2.25000,6.75000,4.50000,2,0,0,2,2,false
EXP-05,exp05_p04_m04_ro100_lh00,exact,6.75000,7.50000,0.75000,1,1,0,2,2,false
EXP-05,exp05_p04_m04_ro100_lh00,exact,7.50000,10.50000,3.00000,1,0,0,1,3,false
EXP-05,exp05_p04_m04_ro100_lh00,exact,10.50000,12.00000,1.50000,0,1,0,1,3,false
EXP-05,exp05_p04_m04_ro100_lh00,exact,12.00000,12.75000,0.75000,0,1,0,1,3,false
EXP-05,exp05_p04_m04_ro100_lh00,exact,12.75000,13.50000,0.75000,1,1,0,2,2,false
EXP-05,exp05_p04_m04_ro100_lh00,exact,13.50000,14.25000,0.75000,2,1,0,3,1,false
EXP-05,exp05_p04_m04_ro100_lh00,exact,14.25000,16.50000,2.25000,3,1,0,4,0,false
EXP-05,exp05_p04_m04_ro100_lh00,exact,16.50000,18.15000,1.65000,4,0,0,4,0,false
EXP-05,exp05_p04_m04_ro100_lh00,exact,18.15000,18.90000,0.75000,3,1,0,4,0,false
EXP-05,exp05_p04_m04_ro100_lh00,exact,18.90000,19.65000,0.75000,3,0,0,3,1,false
EXP-05,exp05_p04_m04_ro100_lh00,exact,19.65000,24.30000,4.65000,2,0,0,2,2,false
EXP-05,exp05_p04_m04_ro100_lh00,exact,24.30000,27.90000,3.60000,2,0,0,2,2,false
EXP-05,exp05_p04_m04_ro100_lh00,exact,27.90000,30.00000,2.10000,1,1,0,2,2,false
EXP-05,exp05_p04_m04_ro100_lh00,exact,30.00000,30.90000,0.90000,0,1,1,2,2,false
EXP-05,exp05_p04_m04_ro100_lh00,exact,30.90000,33.15000,2.25000,0,1,0,1,3,false
EXP-05,exp05_p04_m04_ro100_lh05,baseline,0,1.50,1.50,0,1,1,2,2,false
EXP-05,exp05_p04_m04_ro100_lh05,baseline,1.50,2.25,0.75,1,1,0,2,2,false
EXP-05,exp05_p04_m04_ro100_lh05,baseline,2.25,6.75,4.50,2,0,0,2,2,false
EXP-05,exp05_p04_m04_ro100_lh05,baseline,6.75,7.50,0.75,1,1,0,2,2,false
EXP-05,exp05_p04_m04_ro100_lh05,baseline,7.50,10.50,3.00,1,0,0,1,3,false
EXP-05,exp05_p04_m04_ro100_lh05,baseline,10.50,12.00,1.50,0,1,0,1,3,false
EXP-05,exp05_p04_m04_ro100_lh05,baseline,12.00,14.25,2.25,0,1,3,4,0,true
EXP-05,exp05_p04_m04_ro100_lh05,baseline,14.25,15.450,1.200,1,1,2,4,0,false
EXP-05,exp05_p04_m04_ro100_lh05,baseline,15.450,16.650,1.200,2,1,1,4,0,false
EXP-05,exp05_p04_m04_ro100_lh05,baseline,16.650,17.850,1.200,3,1,0,4,0,false
EXP-05,exp05_p04_m04_ro100_lh05,baseline,17.850,20.400,2.550,4,0,0,4,0,false
EXP-05,exp05_p04_m04_ro100_lh05,baseline,20.400,21.600,1.200,3,1,0,4,0,false
EXP-05,exp05_p04_m04_ro100_lh05,baseline,21.600,22.800,1.200,3,0,0,3,1,false
EXP-05,exp05_p04_m04_ro100_lh05,baseline,22.800,26.550,3.750,2,0,0,2,2,false
EXP-05,exp05_p04_m04_ro100_lh05,baseline,26.550,27.75,1.200,2,0,0,2,2,false
EXP-05,exp05_p04_m04_ro100_lh05,baseline,27.75,28.350,0.600,1,1,0,2,2,false
EXP-05,exp05_p04_m04_ro100_lh05,baseline,28.350,30.00,1.650,0,1,1,2,2,false
EXP-05,exp05_p04_m04_ro100_lh05,baseline,30.00,34.800,4.800,0,1,0,1,3,false
EXP-05,exp05_p04_m04_ro100_lh05,exact,0,1.50000,1.50000,0,1,0,1,3,false
EXP-05,exp05_p04_m04_ro100_lh05,exact,1.50000,2.25000,0.75000,1,1,0,2,2,false
EXP-05,exp05_p04_m04_ro100_lh05,exact,2.25000,6.75000,4.50000,2,0,0,2,2,false
EXP-05,exp05_p04_m04_ro100_lh05,exact,6.75000,7.50000,0.75000,1,1,0,2,2,false
EXP-05,exp05_p04_m04_ro100_lh05,exact,7.50000,10.50000,3.00000,1,0,0,1,3,false
EXP-05,exp05_p04_m04_ro100_lh05,exact,10.50000,12.00000,1.50000,0,1,0,1,3,false
EXP-05,exp05_p04_m04_ro100_lh05,exact,12.00000,13.20000,1.20000,0,1,0,1,3,false
EXP-05,exp05_p04_m04_ro100_lh05,exact,13.20000,15.45000,2.25000,1,1,0,2,2,false
EXP-05,exp05_p04_m04_ro100_lh05,exact,15.45000,16.65000,1.20000,2,1,0,3,1,false
EXP-05,exp05_p04_m04_ro100_lh05,exact,16.65000,17.85000,1.20000,3,1,0,4,0,false
EXP-05,exp05_p04_m04_ro100_lh05,exact,17.85000,18.15000,0.30000,4,0,0,4,0,false
EXP-05,exp05_p04_m04_ro100_lh05,exact,18.15000,19.35000,1.20000,3,1,0,4,0,false
EXP-05,exp05_p04_m04_ro100_lh05,exact,19.35000,21.60000,2.25000,4,0,0,4,0,false
EXP-05,exp05_p04_m04_ro100_lh05,exact,21.60000,22.80000,1.20000,3,0,0,3,1,false
EXP-05,exp05_p04_m04_ro100_lh05,exact,22.80000,24.30000,1.50000,2,0,0,2,2,false
EXP-05,exp05_p04_m04_ro100_lh05,exact,24.30000,26.10000,1.80000,2,0,0,2,2,false
EXP-05,exp05_p04_m04_ro100_lh05,exact,26.10000,28.95000,2.85000,1,1,0,2,2,false
EXP-05,exp05_p04_m04_ro100_lh05,exact,28.95000,30.90000,1.95000,0,1,1,2,2,false
EXP-05,exp05_p04_m04_ro100_lh05,exact,30.90000,33.15000,2.25000,0,1,0,1,3,false
EXP-05,exp05_p04_m06_ro000_lh00,baseline,0,1.50,1.50,0,1,1,2,2,false
EXP-05,exp05_p04_m06_ro000_lh00,baseline,1.50,2.25,0.75,1,1,0,2,2,false
EXP-05,exp05_p04_m06_ro000_lh00,baseline,2.25,6.75,4.50,2,0,0,2,2,false
EXP-05,exp05_p04_m06_ro000_lh00,baseline,6.75,7.50,0.75,1,1,0,2,2,false
EXP-05,exp05_p04_m06_ro000_lh00,baseline,7.50,10.50,3.00,1,0,0,1,3,false
EXP-05,exp05_p04_m06_ro000_lh00,baseline,10.50,12.00,1.50,0,1,0,1,3,false
EXP-05,exp05_p04_m06_ro000_lh00,baseline,12.00,14.25,2.25,0,1,3,4,0,true
EXP-05,exp05_p04_m06_ro000_lh00,baseline,14.25,14.75,0.50,1,1,2,4,0,false
EXP-05,exp05_p04_m06_ro000_lh00,baseline,14.75,15.25,0.50,2,1,1,4,0,false
EXP-05,exp05_p04_m06_ro000_lh00,baseline,15.25,15.75,0.50,3,1,0,4,0,false
EXP-05,exp05_p04_m06_ro000_lh00,baseline,15.75,17.75,2.00,4,0,0,4,0,false
EXP-05,exp05_p04_m06_ro000_lh00,baseline,17.75,18.25,0.50,3,1,0,4,0,false
EXP-05,exp05_p04_m06_ro000_lh00,baseline,18.25,18.75,0.50,3,1,0,4,0,false
EXP-05,exp05_p04_m06_ro000_lh00,baseline,18.75,19.25,0.50,3,1,0,4,0,false
EXP-05,exp05_p04_m06_ro000_lh00,baseline,19.25,21.25,2.00,4,0,0,4,0,false
EXP-05,exp05_p04_m06_ro000_lh00,baseline,21.25,21.75,0.50,3,0,0,3,1,false
EXP-05,exp05_p04_m06_ro000_lh00,baseline,21.75,22.25,0.50,2,0,0,2,2,false
EXP-05,exp05_p04_m06_ro000_lh00,baseline,22.25,25.25,3.00,1,1,0,2,2,false
EXP-05,exp05_p04_m06_ro000_lh00,baseline,25.25,27.75,2.50,1,0,0,1,3,false
EXP-05,exp05_p04_m06_ro000_lh00,baseline,27.75,30.00,2.25,0,1,0,1,3,false
EXP-05,exp05_p04_m06_ro000_lh00,exact,0,1.50000,1.50000,0,1,0,1,3,false
EXP-05,exp05_p04_m06_ro000_lh00,exact,1.50000,2.25000,0.75000,1,1,0,2,2,false
EXP-05,exp05_p04_m06_ro000_lh00,exact,2.25000,6.75000,4.50000,2,0,0,2,2,false
EXP-05,exp05_p04_m06_ro000_lh00,exact,6.75000,7.50000,0.75000,1,1,0,2,2,false
EXP-05,exp05_p04_m06_ro000_lh00,exact,7.50000,10.50000,3.00000,1,0,0,1,3,false
EXP-05,exp05_p04_m06_ro000_lh00,exact,10.50000,12.00000,1.50000,0,1,0,1,3,false
EXP-05,exp05_p04_m06_ro000_lh00,exact,12.00000,14.25000,2.25000,0,1,0,1,3,false
EXP-05,exp05_p04_m06_ro000_lh00,exact,14.25000,14.75000,0.50000,1,1,0,2,2,false
EXP-05,exp05_p04_m06_ro000_lh00,exact,14.75000,15.25000,0.50000,2,1,0,3,1,false
EXP-05,exp05_p04_m06_ro000_lh00,exact,15.25000,15.75000,0.50000,3,1,0,4,0,false
EXP-05,exp05_p04_m06_ro000_lh00,exact,15.75000,17.75000,2.00000,4,0,0,4,0,false
EXP-05,exp05_p04_m06_ro000_lh00,exact,17.75000,18.25000,0.50000,3,1,0,4,0,false
EXP-05,exp05_p04_m06_ro000_lh00,exact,18.25000,18.75000,0.50000,3,1,0,4,0,false
EXP-05,exp05_p04_m06_ro000_lh00,exact,18.75000,21.25000,2.50000,3,0,0,3,1,false
EXP-05,exp05_p04_m06_ro000_lh00,exact,21.25000,21.75000,0.50000,2,1,0,3,1,false
EXP-05,exp05_p04_m06_ro000_lh00,exact,21.75000,24.75000,3.00000,2,0,0,2,2,false
EXP-05,exp05_p04_m06_ro000_lh00,exact,24.75000,27.75000,3.00000,1,1,0,2,2,false
EXP-05,exp05_p04_m06_ro000_lh00,exact,27.75000,30.00000,2.25000,0,1,0,1,3,false
EXP-05,exp05_p04_m06_ro050_lh00,baseline,0,1.50,1.50,0,1,1,2,2,false
EXP-05,exp05_p04_m06_ro050_lh00,baseline,1.50,2.25,0.75,1,1,0,2,2,false
EXP-05,exp05_p04_m06_ro050_lh00,baseline,2.25,6.75,4.50,2,0,0,2,2,false
EXP-05,exp05_p04_m06_ro050_lh00,baseline,6.75,7.50,0.75,1,1,0,2,2,false
EXP-05,exp05_p04_m06_ro050_lh00,baseline,7.50,10.50,3.00,1,0,0,1,3,false
EXP-05,exp05_p04_m06_ro050_lh00,baseline,10.50,12.00,1.50,0,1,0,1,3,false
EXP-05,exp05_p04_m06_ro050_lh00,baseline,12.00,14.25,2.25,0,1,3,4,0,true
EXP-05,exp05_p04_m06_ro050_lh00,baseline,14.25,14.75,0.50,1,1,2,4,0,false
EXP-05,exp05_p04_m06_ro050_lh00,baseline,14.75,15.25,0.50,2,1,1,4,0,false
EXP-05,exp05_p04_m06_ro050_lh00,baseline,15.25,15.75,0.50,3,1,0,4,0,false
EXP-05,exp05_p04_m06_ro050_lh00,baseline,15.75,18.25,2.50,4,0,0,4,0,false
EXP-05,exp05_p04_m06_ro050_lh00,baseline,18.25,18.75,0.50,3,1,0,4,0,false
EXP-05,exp05_p04_m06_ro050_lh00,baseline,18.75,19.25,0.50,3,1,0,4,0,false
EXP-05,exp05_p04_m06_ro050_lh00,baseline,19.25,19.75,0.50,3,1,0,4,0,false
EXP-05,exp05_p04_m06_ro050_lh00,baseline,19.75,22.25,2.50,4,0,0,4,0,false
EXP-05,exp05_p04_m06_ro050_lh00,baseline,22.25,22.75,0.50,3,0,0,3,1,false
EXP-05,exp05_p04_m06_ro050_lh00,baseline,22.75,23.25,0.50,2,0,0,2,2,false
EXP-05,exp05_p04_m06_ro050_lh00,baseline,23.25,26.25,3.00,2,0,0,2,2,false
EXP-05,exp05_p04_m06_ro050_lh00,baseline,26.25,27.75,1.50,1,1,0,2,2,false
EXP-05,exp05_p04_m06_ro050_lh00,baseline,27.75,29.25,1.50,0,1,1,2,2,false
EXP-05,exp05_p04_m06_ro050_lh00,baseline,29.25,31.50,2.25,0,1,0,1,3,false
EXP-05,exp05_p04_m06_ro050_lh00,exact,0,1.50000,1.50000,0,1,0,1,3,false
EXP-05,exp05_p04_m06_ro050_lh00,exact,1.50000,2.25000,0.75000,1,1,0,2,2,false
EXP-05,exp05_p04_m06_ro050_lh00,exact,2.25000,6.75000,4.50000,2,0,0,2,2,false
EXP-05,exp05_p04_m06_ro050_lh00,exact,6.75000,7.50000,0.75000,1,1,0,2,2,false
EXP-05,exp05_p04_m06_ro050_lh00,exact,7.50000,10.50000,3.00000,1,0,0,1,3,false
EXP-05,exp05_p04_m06_ro050_lh00,exact,10.50000,12.00000,1.50000,0,1,0,1,3,false
EXP-05,exp05_p04_m06_ro050_lh00,exact,12.00000,12.50000,0.50000,0,1,0,1,3,false
EXP-05,exp05_p04_m06_ro050_lh00,exact,12.50000,13.00000,0.50000,1,1,0,2,2,false
EXP-05,exp05_p04_m06_ro050_lh00,exact,13.00000,13.50000,0.50000,2,1,0,3,1,false
EXP-05,exp05_p04_m06_ro050_lh00,exact,13.50000,15.75000,2.25000,3,1,0,4,0,false
EXP-05,exp05_p04_m06_ro050_lh00,exact,15.75000,16.00000,0.25000,4,0,0,4,0,false
EXP-05,exp05_p04_m06_ro050_lh00,exact,16.00000,16.50000,0.50000,3,1,0,4,0,false
EXP-05,exp05_p04_m06_ro050_lh00,exact,16.50000,17.00000,0.50000,3,1,0,4,0,false
EXP-05,exp05_p04_m06_ro050_lh00,exact,17.00000,17.50000,0.50000,3,1,0,4,0,false
EXP-05,exp05_p04_m06_ro050_lh00,exact,17.50000,20.00000,2.50000,4,0,0,4,0,false
EXP-05,exp05_p04_m06_ro050_lh00,exact,20.00000,20.50000,0.50000,3,0,0,3,1,false
EXP-05,exp05_p04_m06_ro050_lh00,exact,20.50000,21.00000,0.50000,2,0,0,2,2,false
EXP-05,exp05_p04_m06_ro050_lh00,exact,21.00000,24.00000,3.00000,2,0,0,2,2,false
EXP-05,exp05_p04_m06_ro050_lh00,exact,24.00000,27.00000,3.00000,1,1,0,2,2,false
EXP-05,exp05_p04_m06_ro050_lh00,exact,27.00000,29.25000,2.25000,1,0,0,1,3,false
EXP-05,exp05_p04_m06_ro050_lh00,exact,29.25000,31.50000,2.25000,0,1,0,1,3,false
EXP-05,exp05_p04_m06_ro050_lh05,baseline,0,1.50,1.50,0,1,1,2,2,false
EXP-05,exp05_p04_m06_ro050_lh05,baseline,1.50,2.25,0.75,1,1,0,2,2,false
EXP-05,exp05_p04_m06_ro050_lh05,baseline,2.25,6.75,4.50,2,0,0,2,2,false
EXP-05,exp05_p04_m06_ro050_lh05,baseline,6.75,7.50,0.75,1,1,0,2,2,false
EXP-05,exp05_p04_m06_ro050_lh05,baseline,7.50,10.50,3.00,1,0,0,1,3,false
EXP-05,exp05_p04_m06_ro050_lh05,baseline,10.50,12.00,1.50,0,1,0,1,3,false
EXP-05,exp05_p04_m06_ro050_lh05,baseline,12.00,14.25,2.25,0,1,3,4,0,true
EXP-05,exp05_p04_m06_ro050_lh05,baseline,14.25,15.000,0.750,1,1,2,4,0,false
EXP-05,exp05_p04_m06_ro050_lh05,baseline,15.000,15.750,0.750,2,1,1,4,0,false
EXP-05,exp05_p04_m06_ro050_lh05,baseline,15.750,16.500,0.750,3,1,0,4,0,false
EXP-05,exp05_p04_m06_ro050_lh05,baseline,16.500,18.250,1.750,4,0,0,4,0,false
EXP-05,exp05_p04_m06_ro050_lh05,baseline,18.250,19.000,0.750,3,1,0,4,0,false
EXP-05,exp05_p04_m06_ro050_lh05,baseline,19.000,19.750,0.750,3,1,0,4,0,false
EXP-05,exp05_p04_m06_ro050_lh05,baseline,19.750,20.500,0.750,3,1,0,4,0,false
EXP-05,exp05_p04_m06_ro050_lh05,baseline,20.500,22.250,1.750,4,0,0,4,0,false
EXP-05,exp05_p04_m06_ro050_lh05,baseline,22.250,23.000,0.750,3,0,0,3,1,false
EXP-05,exp05_p04_m06_ro050_lh05,baseline,23.000,23.750,0.750,2,0,0,2,2,false
EXP-05,exp05_p04_m06_ro050_lh05,baseline,23.750,25.250,1.500,2,0,0,2,2,false
EXP-05,exp05_p04_m06_ro050_lh05,baseline,25.250,27.75,2.500,1,1,0,2,2,false
EXP-05,exp05_p04_m06_ro050_lh05,baseline,27.75,29.750,2.000,0,1,1,2,2,false
EXP-05,exp05_p04_m06_ro050_lh05,baseline,29.750,32.000,2.250,0,1,0,1,3,false
EXP-05,exp05_p04_m06_ro050_lh05,exact,0,1.50000,1.50000,0,1,0,1,3,false
EXP-05,exp05_p04_m06_ro050_lh05,exact,1.50000,2.25000,0.75000,1,1,0,2,2,false
EXP-05,exp05_p04_m06_ro050_lh05,exact,2.25000,6.75000,4.50000,2,0,0,2,2,false
EXP-05,exp05_p04_m06_ro050_lh05,exact,6.75000,7.50000,0.75000,1,1,0,2,2,false
EXP-05,exp05_p04_m06_ro050_lh05,exact,7.50000,10.50000,3.00000,1,0,0,1,3,false
EXP-05,exp05_p04_m06_ro050_lh05,exact,10.50000,12.00000,1.50000,0,1,0,1,3,false
EXP-05,exp05_p04_m06_ro050_lh05,exact,12.00000,12.75000,0.75000,0,1,0,1,3,false
EXP-05,exp05_p04_m06_ro050_lh05,exact,12.75000,13.50000,0.75000,1,1,0,2,2,false
EXP-05,exp05_p04_m06_ro050_lh05,exact,13.50000,15.75000,2.25000,2,1,0,3,1,false
EXP-05,exp05_p04_m06_ro050_lh05,exact,15.75000,16.00000,0.25000,3,1,0,4,0,false
EXP-05,exp05_p04_m06_ro050_lh05,exact,16.00000,16.50000,0.50000,2,1,0,3,1,false
EXP-05,exp05_p04_m06_ro050_lh05,exact,16.50000,16.75000,0.25000,3,1,0,4,0,false
EXP-05,exp05_p04_m06_ro050_lh05,exact,16.75000,17.25000,0.50000,2,1,0,3,1,false
EXP-05,exp05_p04_m06_ro050_lh05,exact,17.25000,18.00000,0.75000,3,1,0,4,0,false
EXP-05,exp05_p04_m06_ro050_lh05,exact,18.00000,19.75000,1.75000,4,0,0,4,0,false
EXP-05,exp05_p04_m06_ro050_lh05,exact,19.75000,20.50000,0.75000,3,1,0,4,0,false
EXP-05,exp05_p04_m06_ro050_lh05,exact,20.50000,21.25000,0.75000,3,0,0,3,1,false
EXP-05,exp05_p04_m06_ro050_lh05,exact,21.25000,23.75000,2.50000,2,0,0,2,2,false
EXP-05,exp05_p04_m06_ro050_lh05,exact,23.75000,25.25000,1.50000,2,0,0,2,2,false
EXP-05,exp05_p04_m06_ro050_lh05,exact,25.25000,29.25000,4.00000,1,1,0,2,2,false
EXP-05,exp05_p04_m06_ro050_lh05,exact,29.25000,29.75000,0.50000,0,1,1,2,2,false
EXP-05,exp05_p04_m06_ro050_lh05,exact,29.75000,32.00000,2.25000,0,1,0,1,3,false
EXP-05,exp05_p04_m06_ro100_lh00,baseline,0,1.50,1.50,0,1,1,2,2,false
EXP-05,exp05_p04_m06_ro100_lh00,baseline,1.50,2.25,0.75,1,1,0,2,2,false
EXP-05,exp05_p04_m06_ro100_lh00,baseline,2.25,6.75,4.50,2,0,0,2,2,false
EXP-05,exp05_p04_m06_ro100_lh00,baseline,6.75,7.50,0.75,1,1,0,2,2,false
EXP-05,exp05_p04_m06_ro100_lh00,baseline,7.50,10.50,3.00,1,0,0,1,3,false
EXP-05,exp05_p04_m06_ro100_lh00,baseline,10.50,12.00,1.50,0,1,0,1,3,false
EXP-05,exp05_p04_m06_ro100_lh00,baseline,12.00,14.25,2.25,0,1,3,4,0,true
EXP-05,exp05_p04_m06_ro100_lh00,baseline,14.25,14.75,0.50,1,1,2,4,0,false
EXP-05,exp05_p04_m06_ro100_lh00,baseline,14.75,15.25,0.50,2,1,1,4,0,false
EXP-05,exp05_p04_m06_ro100_lh00,baseline,15.25,15.75,0.50,3,1,0,4,0,false
EXP-05,exp05_p04_m06_ro100_lh00,baseline,15.75,18.75,3.00,4,0,0,4,0,false
EXP-05,exp05_p04_m06_ro100_lh00,baseline,18.75,19.25,0.50,3,1,0,4,0,false
EXP-05,exp05_p04_m06_ro100_lh00,baseline,19.25,19.75,0.50,3,1,0,4,0,false
EXP-05,exp05_p04_m06_ro100_lh00,baseline,19.75,20.25,0.50,3,1,0,4,0,false
EXP-05,exp05_p04_m06_ro100_lh00,baseline,20.25,23.25,3.00,4,0,0,4,0,false
EXP-05,exp05_p04_m06_ro100_lh00,baseline,23.25,23.75,0.50,3,0,0,3,1,false
EXP-05,exp05_p04_m06_ro100_lh00,baseline,23.75,24.25,0.50,2,0,0,2,2,false
EXP-05,exp05_p04_m06_ro100_lh00,baseline,24.25,27.75,3.50,2,0,0,2,2,false
EXP-05,exp05_p04_m06_ro100_lh00,baseline,27.75,30.00,2.25,1,1,0,2,2,false
EXP-05,exp05_p04_m06_ro100_lh00,baseline,30.00,30.25,0.25,1,0,0,1,3,false
EXP-05,exp05_p04_m06_ro100_lh00,baseline,30.25,33.25,3.00,0,1,0,1,3,false
EXP-05,exp05_p04_m06_ro100_lh00,exact,0,1.50000,1.50000,0,1,0,1,3,false
EXP-05,exp05_p04_m06_ro100_lh00,exact,1.50000,2.25000,0.75000,1,1,0,2,2,false
EXP-05,exp05_p04_m06_ro100_lh00,exact,2.25000,6.75000,4.50000,2,0,0,2,2,false
EXP-05,exp05_p04_m06_ro100_lh00,exact,6.75000,7.50000,0.75000,1,1,0,2,2,false
EXP-05,exp05_p04_m06_ro100_lh00,exact,7.50000,10.50000,3.00000,1,0,0,1,3,false
EXP-05,exp05_p04_m06_ro100_lh00,exact,10.50000,12.00000,1.50000,0,1,0,1,3,false
EXP-05,exp05_p04_m06_ro100_lh00,exact,12.00000,12.50000,0.50000,0,1,0,1,3,false
EXP-05,exp05_p04_m06_ro100_lh00,exact,12.50000,13.00000,0.50000,1,1,0,2,2,false
EXP-05,exp05_p04_m06_ro100_lh00,exact,13.00000,13.50000,0.50000,2,1,0,3,1,false
EXP-05,exp05_p04_m06_ro100_lh00,exact,13.50000,15.75000,2.25000,3,1,0,4,0,false
EXP-05,exp05_p04_m06_ro100_lh00,exact,15.75000,16.50000,0.75000,4,0,0,4,0,false
EXP-05,exp05_p04_m06_ro100_lh00,exact,16.50000,17.00000,0.50000,3,1,0,4,0,false
EXP-05,exp05_p04_m06_ro100_lh00,exact,17.00000,17.50000,0.50000,3,1,0,4,0,false
EXP-05,exp05_p04_m06_ro100_lh00,exact,17.50000,18.00000,0.50000,3,1,0,4,0,false
EXP-05,exp05_p04_m06_ro100_lh00,exact,18.00000,21.00000,3.00000,4,0,0,4,0,false
EXP-05,exp05_p04_m06_ro100_lh00,exact,21.00000,21.50000,0.50000,3,0,0,3,1,false
EXP-05,exp05_p04_m06_ro100_lh00,exact,21.50000,22.00000,0.50000,2,0,0,2,2,false
EXP-05,exp05_p04_m06_ro100_lh00,exact,22.00000,28.00000,6.00000,2,0,0,2,2,false
EXP-05,exp05_p04_m06_ro100_lh00,exact,28.00000,29.25000,1.25000,1,1,0,2,2,false
EXP-05,exp05_p04_m06_ro100_lh00,exact,29.25000,31.00000,1.75000,0,1,1,2,2,false
EXP-05,exp05_p04_m06_ro100_lh00,exact,31.00000,33.25000,2.25000,0,1,0,1,3,false
EXP-05,exp05_p04_m06_ro100_lh05,baseline,0,1.50,1.50,0,1,1,2,2,false
EXP-05,exp05_p04_m06_ro100_lh05,baseline,1.50,2.25,0.75,1,1,0,2,2,false
EXP-05,exp05_p04_m06_ro100_lh05,baseline,2.25,6.75,4.50,2,0,0,2,2,false
EXP-05,exp05_p04_m06_ro100_lh05,baseline,6.75,7.50,0.75,1,1,0,2,2,false
EXP-05,exp05_p04_m06_ro100_lh05,baseline,7.50,10.50,3.00,1,0,0,1,3,false
EXP-05,exp05_p04_m06_ro100_lh05,baseline,10.50,12.00,1.50,0,1,0,1,3,false
EXP-05,exp05_p04_m06_ro100_lh05,baseline,12.00,14.25,2.25,0,1,3,4,0,true
EXP-05,exp05_p04_m06_ro100_lh05,baseline,14.25,15.250,1.000,1,1,2,4,0,false
EXP-05,exp05_p04_m06_ro100_lh05,baseline,15.250,16.250,1.000,2,1,1,4,0,false
EXP-05,exp05_p04_m06_ro100_lh05,baseline,16.250,17.250,1.000,3,1,0,4,0,false
EXP-05,exp05_p04_m06_ro100_lh05,baseline,17.250,18.750,1.500,4,0,0,4,0,false
EXP-05,exp05_p04_m06_ro100_lh05,baseline,18.750,19.750,1.000,3,1,0,4,0,false
EXP-05,exp05_p04_m06_ro100_lh05,baseline,19.750,20.750,1.000,3,1,0,4,0,false
EXP-05,exp05_p04_m06_ro100_lh05,baseline,20.750,21.750,1.000,3,1,0,4,0,false
EXP-05,exp05_p04_m06_ro100_lh05,baseline,21.750,23.250,1.500,4,0,0,4,0,false
EXP-05,exp05_p04_m06_ro100_lh05,baseline,23.250,24.250,1.000,3,0,0,3,1,false
EXP-05,exp05_p04_m06_ro100_lh05,baseline,24.250,25.250,1.000,2,0,0,2,2,false
EXP-05,exp05_p04_m06_ro100_lh05,baseline,25.250,27.75,2.500,2,0,0,2,2,false
EXP-05,exp05_p04_m06_ro100_lh05,baseline,27.75,28.250,0.500,1,1,0,2,2,false
EXP-05,exp05_p04_m06_ro100_lh05,baseline,28.250,30.00,1.750,0,1,1,2,2,false
EXP-05,exp05_p04_m06_ro100_lh05,baseline,30.00,36.000,6.000,0,1,0,1,3,false
EXP-05,exp05_p04_m06_ro100_lh05,exact,0,1.50000,1.50000,0,1,0,1,3,false
EXP-05,exp05_p04_m06_ro100_lh05,exact,1.50000,2.25000,0.75000,1,1,0,2,2,false
EXP-05,exp05_p04_m06_ro100_lh05,exact,2.25000,6.75000,4.50000,2,0,0,2,2,false
EXP-05,exp05_p04_m06_ro100_lh05,exact,6.75000,7.50000,0.75000,1,1,0,2,2,false
EXP-05,exp05_p04_m06_ro100_lh05,exact,7.50000,10.50000,3.00000,1,0,0,1,3,false
EXP-05,exp05_p04_m06_ro100_lh05,exact,10.50000,12.00000,1.50000,0,1,0,1,3,false
EXP-05,exp05_p04_m06_ro100_lh05,exact,12.00000,13.00000,1.00000,0,1,0,1,3,false
EXP-05,exp05_p04_m06_ro100_lh05,exact,13.00000,13.00625,0.00625,0,1,0,2,2,false
EXP-05,exp05_p04_m06_ro100_lh05,exact,13.00625,14.00000,0.99375,1,1,0,2,2,false
EXP-05,exp05_p04_m06_ro100_lh05,exact,14.00000,15.00000,1.00000,2,1,0,3,1,false
EXP-05,exp05_p04_m06_ro100_lh05,exact,15.00000,16.50625,1.50625,3,1,0,4,0,false
EXP-05,exp05_p04_m06_ro100_lh05,exact,16.50625,17.25000,0.74375,2,1,0,3,1,false
EXP-05,exp05_p04_m06_ro100_lh05,exact,17.25000,17.50000,0.25000,2,1,0,4,0,false
EXP-05,exp05_p04_m06_ro100_lh05,exact,17.50000,18.25000,0.75000,1,1,0,3,1,false
EXP-05,exp05_p04_m06_ro100_lh05,exact,18.25000,18.50000,0.25000,2,1,0,4,0,false
EXP-05,exp05_p04_m06_ro100_lh05,exact,18.50000,18.75625,0.25625,1,1,0,3,1,false
EXP-05,exp05_p04_m06_ro100_lh05,exact,18.75625,19.25000,0.49375,2,1,0,3,1,false
EXP-05,exp05_p04_m06_ro100_lh05,exact,19.25000,20.25000,1.00000,3,1,0,4,0,false
EXP-05,exp05_p04_m06_ro100_lh05,exact,20.25000,21.75000,1.50000,4,0,0,4,0,false
EXP-05,exp05_p04_m06_ro100_lh05,exact,21.75000,22.75000,1.00000,3,0,0,3,1,false
EXP-05,exp05_p04_m06_ro100_lh05,exact,22.75000,23.75000,1.00000,2,0,0,2,2,false
EXP-05,exp05_p04_m06_ro100_lh05,exact,23.75000,26.75000,3.00000,2,0,0,2,2,false
EXP-05,exp05_p04_m06_ro100_lh05,exact,26.75000,32.25625,5.50625,1,1,0,2,2,false
EXP-05,exp05_p04_m06_ro100_lh05,exact,32.25625,32.75000,0.49375,0,1,1,2,2,false
EXP-05,exp05_p04_m06_ro100_lh05,exact,32.75000,35.00000,2.25000,0,1,0,1,3,false
EXP-05,exp05_p04_m08_ro000_lh00,baseline,0,1.50,1.50,0,1,1,2,2,false
EXP-05,exp05_p04_m08_ro000_lh00,baseline,1.50,2.25,0.75,1,1,0,2,2,false
EXP-05,exp05_p04_m08_ro000_lh00,baseline,2.25,6.75,4.50,2,0,0,2,2,false
EXP-05,exp05_p04_m08_ro000_lh00,baseline,6.75,7.50,0.75,1,1,0,2,2,false
EXP-05,exp05_p04_m08_ro000_lh00,baseline,7.50,10.50,3.00,1,0,0,1,3,false
EXP-05,exp05_p04_m08_ro000_lh00,baseline,10.50,12.00,1.50,0,1,0,1,3,false
EXP-05,exp05_p04_m08_ro000_lh00,baseline,12.00,14.25,2.25,0,1,3,4,0,true
EXP-05,exp05_p04_m08_ro000_lh00,baseline,14.25,14.625,0.375,1,1,2,4,0,false
EXP-05,exp05_p04_m08_ro000_lh00,baseline,14.625,15.000,0.375,2,1,1,4,0,false
EXP-05,exp05_p04_m08_ro000_lh00,baseline,15.000,15.375,0.375,3,1,0,4,0,false
EXP-05,exp05_p04_m08_ro000_lh00,baseline,15.375,16.875,1.500,4,0,0,4,0,false
EXP-05,exp05_p04_m08_ro000_lh00,baseline,16.875,17.250,0.375,3,1,0,4,0,false
EXP-05,exp05_p04_m08_ro000_lh00,baseline,17.250,17.625,0.375,3,1,0,4,0,false
EXP-05,exp05_p04_m08_ro000_lh00,baseline,17.625,18.000,0.375,3,1,0,4,0,false
EXP-05,exp05_p04_m08_ro000_lh00,baseline,18.000,19.500,1.500,4,0,0,4,0,false
EXP-05,exp05_p04_m08_ro000_lh00,baseline,19.500,19.875,0.375,3,1,0,4,0,false
EXP-05,exp05_p04_m08_ro000_lh00,baseline,19.875,20.250,0.375,3,1,0,4,0,false
EXP-05,exp05_p04_m08_ro000_lh00,baseline,20.250,22.125,1.875,3,0,0,3,1,false
EXP-05,exp05_p04_m08_ro000_lh00,baseline,22.125,22.500,0.375,2,0,0,2,2,false
EXP-05,exp05_p04_m08_ro000_lh00,baseline,22.500,25.500,3.000,1,1,0,2,2,false
EXP-05,exp05_p04_m08_ro000_lh00,baseline,25.500,27.75,2.250,1,0,0,1,3,false
EXP-05,exp05_p04_m08_ro000_lh00,baseline,27.75,30.00,2.25,0,1,0,1,3,false
EXP-05,exp05_p04_m08_ro000_lh00,exact,0,1.50000,1.50000,0,1,0,1,3,false
EXP-05,exp05_p04_m08_ro000_lh00,exact,1.50000,2.25000,0.75000,1,1,0,2,2,false
EXP-05,exp05_p04_m08_ro000_lh00,exact,2.25000,6.75000,4.50000,2,0,0,2,2,false
EXP-05,exp05_p04_m08_ro000_lh00,exact,6.75000,7.50000,0.75000,1,1,0,2,2,false
EXP-05,exp05_p04_m08_ro000_lh00,exact,7.50000,10.50000,3.00000,1,0,0,1,3,false
EXP-05,exp05_p04_m08_ro000_lh00,exact,10.50000,12.00000,1.50000,0,1,0,1,3,false
EXP-05,exp05_p04_m08_ro000_lh00,exact,12.00000,14.25000,2.25000,0,1,0,1,3,false
EXP-05,exp05_p04_m08_ro000_lh00,exact,14.25000,14.62500,0.37500,1,1,0,2,2,false
EXP-05,exp05_p04_m08_ro000_lh00,exact,14.62500,15.00000,0.37500,2,1,0,3,1,false
EXP-05,exp05_p04_m08_ro000_lh00,exact,15.00000,15.37500,0.37500,3,1,0,4,0,false
EXP-05,exp05_p04_m08_ro000_lh00,exact,15.37500,16.87500,1.50000,4,0,0,4,0,false
EXP-05,exp05_p04_m08_ro000_lh00,exact,16.87500,17.25000,0.37500,3,1,0,4,0,false
EXP-05,exp05_p04_m08_ro000_lh00,exact,17.25000,17.62500,0.37500,3,1,0,4,0,false
EXP-05,exp05_p04_m08_ro000_lh00,exact,17.62500,19.50000,1.87500,3,0,0,3,1,false
EXP-05,exp05_p04_m08_ro000_lh00,exact,19.50000,19.87500,0.37500,2,1,0,3,1,false
EXP-05,exp05_p04_m08_ro000_lh00,exact,19.87500,20.25000,0.37500,2,1,0,3,1,false
EXP-05,exp05_p04_m08_ro000_lh00,exact,20.25000,22.12500,1.87500,3,0,0,3,1,false
EXP-05,exp05_p04_m08_ro000_lh00,exact,22.12500,22.50000,0.37500,2,1,0,3,1,false
EXP-05,exp05_p04_m08_ro000_lh00,exact,22.50000,24.75000,2.25000,2,0,0,2,2,false
EXP-05,exp05_p04_m08_ro000_lh00,exact,24.75000,27.75000,3.00000,1,1,0,2,2,false
EXP-05,exp05_p04_m08_ro000_lh00,exact,27.75000,30.00000,2.25000,0,1,0,1,3,false
EXP-05,exp05_p04_m08_ro050_lh00,baseline,0,1.50,1.50,0,1,1,2,2,false
EXP-05,exp05_p04_m08_ro050_lh00,baseline,1.50,2.25,0.75,1,1,0,2,2,false
EXP-05,exp05_p04_m08_ro050_lh00,baseline,2.25,6.75,4.50,2,0,0,2,2,false
EXP-05,exp05_p04_m08_ro050_lh00,baseline,6.75,7.50,0.75,1,1,0,2,2,false
EXP-05,exp05_p04_m08_ro050_lh00,baseline,7.50,10.50,3.00,1,0,0,1,3,false
EXP-05,exp05_p04_m08_ro050_lh00,baseline,10.50,12.00,1.50,0,1,0,1,3,false
EXP-05,exp05_p04_m08_ro050_lh00,baseline,12.00,14.25,2.25,0,1,3,4,0,true
EXP-05,exp05_p04_m08_ro050_lh00,baseline,14.25,14.625,0.375,1,1,2,4,0,false
EXP-05,exp05_p04_m08_ro050_lh00,baseline,14.625,15.000,0.375,2,1,1,4,0,false
EXP-05,exp05_p04_m08_ro050_lh00,baseline,15.000,15.375,0.375,3,1,0,4,0,false
EXP-05,exp05_p04_m08_ro050_lh00,baseline,15.375,17.400,2.025,4,0,0,4,0,false
EXP-05,exp05_p04_m08_ro050_lh00,baseline,17.400,17.775,0.375,3,1,0,4,0,false
EXP-05,exp05_p04_m08_ro050_lh00,baseline,17.775,18.150,0.375,3,1,0,4,0,false
EXP-05,exp05_p04_m08_ro050_lh00,baseline,18.150,18.525,0.375,3,1,0,4,0,false
EXP-05,exp05_p04_m08_ro050_lh00,baseline,18.525,20.550,2.025,4,0,0,4,0,false
EXP-05,exp05_p04_m08_ro050_lh00,baseline,20.550,20.925,0.375,3,1,0,4,0,false
EXP-05,exp05_p04_m08_ro050_lh00,baseline,20.925,21.300,0.375,3,1,0,4,0,false
EXP-05,exp05_p04_m08_ro050_lh00,baseline,21.300,23.700,2.400,3,0,0,3,1,false
EXP-05,exp05_p04_m08_ro050_lh00,baseline,23.700,24.075,0.375,2,0,0,2,2,false
EXP-05,exp05_p04_m08_ro050_lh00,baseline,24.075,27.75,3.675,2,0,0,2,2,false
EXP-05,exp05_p04_m08_ro050_lh00,baseline,27.75,28.275,0.525,1,1,0,2,2,false
EXP-05,exp05_p04_m08_ro050_lh00,baseline,28.275,30.00,1.725,0,1,1,2,2,false
EXP-05,exp05_p04_m08_ro050_lh00,baseline,30.00,33.00,3.00,0,1,0,1,3,false
EXP-05,exp05_p04_m08_ro050_lh00,exact,0,1.50000,1.50000,0,1,0,1,3,false
EXP-05,exp05_p04_m08_ro050_lh00,exact,1.50000,2.25000,0.75000,1,1,0,2,2,false
EXP-05,exp05_p04_m08_ro050_lh00,exact,2.25000,6.75000,4.50000,2,0,0,2,2,false
EXP-05,exp05_p04_m08_ro050_lh00,exact,6.75000,7.50000,0.75000,1,1,0,2,2,false
EXP-05,exp05_p04_m08_ro050_lh00,exact,7.50000,10.50000,3.00000,1,0,0,1,3,false
EXP-05,exp05_p04_m08_ro050_lh00,exact,10.50000,12.00000,1.50000,0,1,0,1,3,false
EXP-05,exp05_p04_m08_ro050_lh00,exact,12.00000,12.37500,0.37500,0,1,0,1,3,false
EXP-05,exp05_p04_m08_ro050_lh00,exact,12.37500,12.75000,0.37500,1,1,0,2,2,false
EXP-05,exp05_p04_m08_ro050_lh00,exact,12.75000,13.12500,0.37500,2,1,0,3,1,false
EXP-05,exp05_p04_m08_ro050_lh00,exact,13.12500,15.15000,2.02500,3,1,0,4,0,false
EXP-05,exp05_p04_m08_ro050_lh00,exact,15.15000,15.37500,0.22500,2,1,0,3,1,false
EXP-05,exp05_p04_m08_ro050_lh00,exact,15.37500,15.52500,0.15000,3,1,0,4,0,false
EXP-05,exp05_p04_m08_ro050_lh00,exact,15.52500,15.75000,0.22500,2,1,0,3,1,false
EXP-05,exp05_p04_m08_ro050_lh00,exact,15.75000,15.90000,0.15000,3,1,0,4,0,false
EXP-05,exp05_p04_m08_ro050_lh00,exact,15.90000,16.12500,0.22500,2,1,0,3,1,false
EXP-05,exp05_p04_m08_ro050_lh00,exact,16.12500,16.50000,0.37500,3,1,0,4,0,false
EXP-05,exp05_p04_m08_ro050_lh00,exact,16.50000,18.52500,2.02500,4,0,0,4,0,false
EXP-05,exp05_p04_m08_ro050_lh00,exact,18.52500,18.90000,0.37500,3,1,0,4,0,false
EXP-05,exp05_p04_m08_ro050_lh00,exact,18.90000,19.27500,0.37500,3,1,0,4,0,false
EXP-05,exp05_p04_m08_ro050_lh00,exact,19.27500,21.67500,2.40000,3,0,0,3,1,false
EXP-05,exp05_p04_m08_ro050_lh00,exact,21.67500,22.05000,0.37500,2,0,0,2,2,false
EXP-05,exp05_p04_m08_ro050_lh00,exact,22.05000,26.25000,4.20000,2,0,0,2,2,false
EXP-05,exp05_p04_m08_ro050_lh00,exact,26.25000,28.87500,2.62500,1,1,0,2,2,false
EXP-05,exp05_p04_m08_ro050_lh00,exact,28.87500,29.25000,0.37500,0,1,1,2,2,false
EXP-05,exp05_p04_m08_ro050_lh00,exact,29.25000,31.50000,2.25000,0,1,0,1,3,false
EXP-05,exp05_p04_m08_ro050_lh05,baseline,0,1.50,1.50,0,1,1,2,2,false
EXP-05,exp05_p04_m08_ro050_lh05,baseline,1.50,2.25,0.75,1,1,0,2,2,false
EXP-05,exp05_p04_m08_ro050_lh05,baseline,2.25,6.75,4.50,2,0,0,2,2,false
EXP-05,exp05_p04_m08_ro050_lh05,baseline,6.75,7.50,0.75,1,1,0,2,2,false
EXP-05,exp05_p04_m08_ro050_lh05,baseline,7.50,10.50,3.00,1,0,0,1,3,false
EXP-05,exp05_p04_m08_ro050_lh05,baseline,10.50,12.00,1.50,0,1,0,1,3,false
EXP-05,exp05_p04_m08_ro050_lh05,baseline,12.00,14.25,2.25,0,1,3,4,0,true
EXP-05,exp05_p04_m08_ro050_lh05,baseline,14.25,14.8875,0.6375,1,1,2,4,0,false
EXP-05,exp05_p04_m08_ro050_lh05,baseline,14.8875,15.5250,0.6375,2,1,1,4,0,false
EXP-05,exp05_p04_m08_ro050_lh05,baseline,15.5250,16.1625,0.6375,3,1,0,4,0,false
EXP-05,exp05_p04_m08_ro050_lh05,baseline,16.1625,17.4000,1.2375,4,0,0,4,0,false
EXP-05,exp05_p04_m08_ro050_lh05,baseline,17.4000,18.0375,0.6375,3,1,0,4,0,false
EXP-05,exp05_p04_m08_ro050_lh05,baseline,18.0375,18.6750,0.6375,3,1,0,4,0,false
EXP-05,exp05_p04_m08_ro050_lh05,baseline,18.6750,19.3125,0.6375,3,1,0,4,0,false
EXP-05,exp05_p04_m08_ro050_lh05,baseline,19.3125,20.5500,1.2375,4,0,0,4,0,false
EXP-05,exp05_p04_m08_ro050_lh05,baseline,20.5500,21.1875,0.6375,3,1,0,4,0,false
EXP-05,exp05_p04_m08_ro050_lh05,baseline,21.1875,21.8250,0.6375,3,1,0,4,0,false
EXP-05,exp05_p04_m08_ro050_lh05,baseline,21.8250,23.7000,1.8750,3,0,0,3,1,false
EXP-05,exp05_p04_m08_ro050_lh05,baseline,23.7000,24.3375,0.6375,2,0,0,2,2,false
EXP-05,exp05_p04_m08_ro050_lh05,baseline,24.3375,26.4375,2.1000,2,0,0,2,2,false
EXP-05,exp05_p04_m08_ro050_lh05,baseline,26.4375,27.75,1.3125,1,1,0,2,2,false
EXP-05,exp05_p04_m08_ro050_lh05,baseline,27.75,31.5375,3.7875,0,1,1,2,2,false
EXP-05,exp05_p04_m08_ro050_lh05,baseline,31.5375,33.7875,2.2500,0,1,0,1,3,false
EXP-05,exp05_p04_m08_ro050_lh05,exact,0,1.50000,1.50000,0,1,0,1,3,false
EXP-05,exp05_p04_m08_ro050_lh05,exact,1.50000,2.25000,0.75000,1,1,0,2,2,false
EXP-05,exp05_p04_m08_ro050_lh05,exact,2.25000,6.75000,4.50000,2,0,0,2,2,false
EXP-05,exp05_p04_m08_ro050_lh05,exact,6.75000,7.50000,0.75000,1,1,0,2,2,false
EXP-05,exp05_p04_m08_ro050_lh05,exact,7.50000,10.50000,3.00000,1,0,0,1,3,false
EXP-05,exp05_p04_m08_ro050_lh05,exact,10.50000,12.00000,1.50000,0,1,0,1,3,false
EXP-05,exp05_p04_m08_ro050_lh05,exact,12.00000,12.63750,0.63750,0,1,0,1,3,false
EXP-05,exp05_p04_m08_ro050_lh05,exact,12.63750,13.27500,0.63750,1,1,0,2,2,false
EXP-05,exp05_p04_m08_ro050_lh05,exact,13.27500,13.91250,0.63750,2,1,0,3,1,false
EXP-05,exp05_p04_m08_ro050_lh05,exact,13.91250,15.15000,1.23750,3,1,0,4,0,false
EXP-05,exp05_p04_m08_ro050_lh05,exact,15.15000,15.78750,0.63750,2,1,0,3,1,false
EXP-05,exp05_p04_m08_ro050_lh05,exact,15.78750,16.16250,0.37500,1,1,0,2,2,false
EXP-05,exp05_p04_m08_ro050_lh05,exact,16.16250,16.42500,0.26250,2,1,0,3,1,false
EXP-05,exp05_p04_m08_ro050_lh05,exact,16.42500,16.80000,0.37500,1,1,0,2,2,false
EXP-05,exp05_p04_m08_ro050_lh05,exact,16.80000,17.43750,0.63750,2,1,0,3,1,false
EXP-05,exp05_p04_m08_ro050_lh05,exact,17.43750,18.07500,0.63750,3,1,0,4,0,false
EXP-05,exp05_p04_m08_ro050_lh05,exact,18.07500,19.31250,1.23750,4,0,0,4,0,false
EXP-05,exp05_p04_m08_ro050_lh05,exact,19.31250,19.95000,0.63750,3,1,0,4,0,false
EXP-05,exp05_p04_m08_ro050_lh05,exact,19.95000,20.58750,0.63750,3,1,0,4,0,false
EXP-05,exp05_p04_m08_ro050_lh05,exact,20.58750,22.46250,1.87500,3,0,0,3,1,false
EXP-05,exp05_p04_m08_ro050_lh05,exact,22.46250,23.10000,0.63750,2,0,0,2,2,false
EXP-05,exp05_p04_m08_ro050_lh05,exact,23.10000,25.20000,2.10000,2,0,0,2,2,false
EXP-05,exp05_p04_m08_ro050_lh05,exact,25.20000,29.66250,4.46250,1,1,0,2,2,false
EXP-05,exp05_p04_m08_ro050_lh05,exact,29.66250,30.30000,0.63750,0,1,1,2,2,false
EXP-05,exp05_p04_m08_ro050_lh05,exact,30.30000,32.55000,2.25000,0,1,0,1,3,false
EXP-05,exp05_p04_m08_ro100_lh00,baseline,0,1.50,1.50,0,1,1,2,2,false
EXP-05,exp05_p04_m08_ro100_lh00,baseline,1.50,2.25,0.75,1,1,0,2,2,false
EXP-05,exp05_p04_m08_ro100_lh00,baseline,2.25,6.75,4.50,2,0,0,2,2,false
EXP-05,exp05_p04_m08_ro100_lh00,baseline,6.75,7.50,0.75,1,1,0,2,2,false
EXP-05,exp05_p04_m08_ro100_lh00,baseline,7.50,10.50,3.00,1,0,0,1,3,false
EXP-05,exp05_p04_m08_ro100_lh00,baseline,10.50,12.00,1.50,0,1,0,1,3,false
EXP-05,exp05_p04_m08_ro100_lh00,baseline,12.00,14.25,2.25,0,1,3,4,0,true
EXP-05,exp05_p04_m08_ro100_lh00,baseline,14.25,14.625,0.375,1,1,2,4,0,false
EXP-05,exp05_p04_m08_ro100_lh00,baseline,14.625,15.000,0.375,2,1,1,4,0,false
EXP-05,exp05_p04_m08_ro100_lh00,baseline,15.000,15.375,0.375,3,1,0,4,0,false
EXP-05,exp05_p04_m08_ro100_lh00,baseline,15.375,17.925,2.550,4,0,0,4,0,false
EXP-05,exp05_p04_m08_ro100_lh00,baseline,17.925,18.300,0.375,3,1,0,4,0,false
EXP-05,exp05_p04_m08_ro100_lh00,baseline,18.300,18.675,0.375,3,1,0,4,0,false
EXP-05,exp05_p04_m08_ro100_lh00,baseline,18.675,19.050,0.375,3,1,0,4,0,false
EXP-05,exp05_p04_m08_ro100_lh00,baseline,19.050,21.600,2.550,4,0,0,4,0,false
EXP-05,exp05_p04_m08_ro100_lh00,baseline,21.600,21.975,0.375,3,1,0,4,0,false
EXP-05,exp05_p04_m08_ro100_lh00,baseline,21.975,22.350,0.375,3,1,0,4,0,false
EXP-05,exp05_p04_m08_ro100_lh00,baseline,22.350,25.275,2.925,3,0,0,3,1,false
EXP-05,exp05_p04_m08_ro100_lh00,baseline,25.275,25.650,0.375,2,0,0,2,2,false
EXP-05,exp05_p04_m08_ro100_lh00,baseline,25.650,27.75,2.100,2,0,0,2,2,false
EXP-05,exp05_p04_m08_ro100_lh00,baseline,27.75,30.00,2.25,1,1,0,2,2,false
EXP-05,exp05_p04_m08_ro100_lh00,baseline,30.00,34.050,4.050,1,0,0,1,3,false
EXP-05,exp05_p04_m08_ro100_lh00,baseline,34.050,37.050,3.000,0,1,0,1,3,false
EXP-05,exp05_p04_m08_ro100_lh00,exact,0,1.50000,1.50000,0,1,0,1,3,false
EXP-05,exp05_p04_m08_ro100_lh00,exact,1.50000,2.25000,0.75000,1,1,0,2,2,false
EXP-05,exp05_p04_m08_ro100_lh00,exact,2.25000,6.75000,4.50000,2,0,0,2,2,false
EXP-05,exp05_p04_m08_ro100_lh00,exact,6.75000,7.50000,0.75000,1,1,0,2,2,false
EXP-05,exp05_p04_m08_ro100_lh00,exact,7.50000,10.50000,3.00000,1,0,0,1,3,false
EXP-05,exp05_p04_m08_ro100_lh00,exact,10.50000,12.00000,1.50000,0,1,0,1,3,false
EXP-05,exp05_p04_m08_ro100_lh00,exact,12.00000,12.37500,0.37500,0,1,0,1,3,false
EXP-05,exp05_p04_m08_ro100_lh00,exact,12.37500,12.75000,0.37500,1,1,0,2,2,false
EXP-05,exp05_p04_m08_ro100_lh00,exact,12.75000,13.12500,0.37500,2,1,0,3,1,false
EXP-05,exp05_p04_m08_ro100_lh00,exact,13.12500,15.37500,2.25000,3,1,0,4,0,false
EXP-05,exp05_p04_m08_ro100_lh00,exact,15.37500,15.67500,0.30000,4,0,0,4,0,false
EXP-05,exp05_p04_m08_ro100_lh00,exact,15.67500,16.05000,0.37500,3,1,0,4,0,false
EXP-05,exp05_p04_m08_ro100_lh00,exact,16.05000,16.42500,0.37500,3,1,0,4,0,false
EXP-05,exp05_p04_m08_ro100_lh00,exact,16.42500,16.80000,0.37500,3,1,0,4,0,false
EXP-05,exp05_p04_m08_ro100_lh00,exact,16.80000,19.35000,2.55000,4,0,0,4,0,false
EXP-05,exp05_p04_m08_ro100_lh00,exact,19.35000,19.72500,0.37500,3,1,0,4,0,false
EXP-05,exp05_p04_m08_ro100_lh00,exact,19.72500,20.10000,0.37500,3,1,0,4,0,false
EXP-05,exp05_p04_m08_ro100_lh00,exact,20.10000,23.02500,2.92500,3,0,0,3,1,false
EXP-05,exp05_p04_m08_ro100_lh00,exact,23.02500,23.40000,0.37500,2,0,0,2,2,false
EXP-05,exp05_p04_m08_ro100_lh00,exact,23.40000,28.87500,5.47500,2,0,0,2,2,false
EXP-05,exp05_p04_m08_ro100_lh00,exact,28.87500,31.12500,2.25000,1,1,0,2,2,false
EXP-05,exp05_p04_m08_ro100_lh00,exact,31.12500,31.80000,0.67500,1,0,0,1,3,false
EXP-05,exp05_p04_m08_ro100_lh00,exact,31.80000,34.80000,3.00000,0,1,0,1,3,false
EXP-05,exp05_p04_m08_ro100_lh05,baseline,0,1.50,1.50,0,1,1,2,2,false
EXP-05,exp05_p04_m08_ro100_lh05,baseline,1.50,2.25,0.75,1,1,0,2,2,false
EXP-05,exp05_p04_m08_ro100_lh05,baseline,2.25,6.75,4.50,2,0,0,2,2,false
EXP-05,exp05_p04_m08_ro100_lh05,baseline,6.75,7.50,0.75,1,1,0,2,2,false
EXP-05,exp05_p04_m08_ro100_lh05,baseline,7.50,10.50,3.00,1,0,0,1,3,false
EXP-05,exp05_p04_m08_ro100_lh05,baseline,10.50,12.00,1.50,0,1,0,1,3,false
EXP-05,exp05_p04_m08_ro100_lh05,baseline,12.00,14.25,2.25,0,1,3,4,0,true
EXP-05,exp05_p04_m08_ro100_lh05,baseline,14.25,15.150,0.900,1,1,2,4,0,false
EXP-05,exp05_p04_m08_ro100_lh05,baseline,15.150,16.050,0.900,2,1,1,4,0,false
EXP-05,exp05_p04_m08_ro100_lh05,baseline,16.050,16.950,0.900,3,1,0,4,0,false
EXP-05,exp05_p04_m08_ro100_lh05,baseline,16.950,17.925,0.975,4,0,0,4,0,false
EXP-05,exp05_p04_m08_ro100_lh05,baseline,17.925,18.825,0.900,3,1,0,4,0,false
EXP-05,exp05_p04_m08_ro100_lh05,baseline,18.825,19.725,0.900,3,1,0,4,0,false
EXP-05,exp05_p04_m08_ro100_lh05,baseline,19.725,20.625,0.900,3,1,0,4,0,false
EXP-05,exp05_p04_m08_ro100_lh05,baseline,20.625,21.600,0.975,4,0,0,4,0,false
EXP-05,exp05_p04_m08_ro100_lh05,baseline,21.600,22.500,0.900,3,1,0,4,0,false
EXP-05,exp05_p04_m08_ro100_lh05,baseline,22.500,23.400,0.900,3,1,0,4,0,false
EXP-05,exp05_p04_m08_ro100_lh05,baseline,23.400,25.275,1.875,3,0,0,3,1,false
EXP-05,exp05_p04_m08_ro100_lh05,baseline,25.275,26.175,0.900,2,0,0,2,2,false
EXP-05,exp05_p04_m08_ro100_lh05,baseline,26.175,27.75,1.575,2,0,0,2,2,false
EXP-05,exp05_p04_m08_ro100_lh05,baseline,27.75,30.00,2.25,1,1,0,2,2,false
EXP-05,exp05_p04_m08_ro100_lh05,baseline,30.00,30.375,0.375,1,0,0,1,3,false
EXP-05,exp05_p04_m08_ro100_lh05,baseline,30.375,37.575,7.200,0,1,0,1,3,false
EXP-05,exp05_p04_m08_ro100_lh05,exact,0,1.50000,1.50000,0,1,0,1,3,false
EXP-05,exp05_p04_m08_ro100_lh05,exact,1.50000,2.25000,0.75000,1,1,0,2,2,false
EXP-05,exp05_p04_m08_ro100_lh05,exact,2.25000,6.75000,4.50000,2,0,0,2,2,false
EXP-05,exp05_p04_m08_ro100_lh05,exact,6.75000,7.50000,0.75000,1,1,0,2,2,false
EXP-05,exp05_p04_m08_ro100_lh05,exact,7.50000,10.50000,3.00000,1,0,0,1,3,false
EXP-05,exp05_p04_m08_ro100_lh05,exact,10.50000,12.00000,1.50000,0,1,0,1,3,false
EXP-05,exp05_p04_m08_ro100_lh05,exact,12.00000,12.90000,0.90000,0,1,0,1,3,false
EXP-05,exp05_p04_m08_ro100_lh05,exact,12.90000,13.80000,0.90000,1,1,0,2,2,false
EXP-05,exp05_p04_m08_ro100_lh05,exact,13.80000,14.70000,0.90000,2,1,0,3,1,false
EXP-05,exp05_p04_m08_ro100_lh05,exact,14.70000,15.60000,0.90000,3,1,0,4,0,false
EXP-05,exp05_p04_m08_ro100_lh05,exact,15.60000,15.67500,0.07500,4,0,0,4,0,false
EXP-05,exp05_p04_m08_ro100_lh05,exact,15.67500,16.57500,0.90000,3,1,0,4,0,false
EXP-05,exp05_p04_m08_ro100_lh05,exact,16.57500,17.47500,0.90000,3,1,0,4,0,false
EXP-05,exp05_p04_m08_ro100_lh05,exact,17.47500,18.37500,0.90000,3,1,0,4,0,false
EXP-05,exp05_p04_m08_ro100_lh05,exact,18.37500,19.27500,0.90000,3,1,0,4,0,false
EXP-05,exp05_p04_m08_ro100_lh05,exact,19.27500,19.35000,0.07500,4,0,0,4,0,false
EXP-05,exp05_p04_m08_ro100_lh05,exact,19.35000,20.25000,0.90000,3,1,0,4,0,false
EXP-05,exp05_p04_m08_ro100_lh05,exact,20.25000,21.15000,0.90000,2,1,0,3,1,false
EXP-05,exp05_p04_m08_ro100_lh05,exact,21.15000,21.60000,0.45000,1,1,0,2,2,false
EXP-05,exp05_p04_m08_ro100_lh05,exact,21.60000,22.05000,0.45000,2,0,0,2,2,false
EXP-05,exp05_p04_m08_ro100_lh05,exact,22.05000,26.25000,4.20000,2,0,0,2,2,false
EXP-05,exp05_p04_m08_ro100_lh05,exact,26.25000,33.45000,7.20000,1,1,0,2,2,false
EXP-05,exp05_p04_m08_ro100_lh05,exact,33.45000,35.10000,1.65000,1,0,0,1,3,false
EXP-05,exp05_p04_m08_ro100_lh05,exact,35.10000,37.35000,2.25000,0,1,0,1,3,false
EXP-05,exp05_p06_m01_ro000_lh00,baseline,0,1.50,1.50,0,1,1,2,4,false
EXP-05,exp05_p06_m01_ro000_lh00,baseline,1.50,2.25,0.75,1,1,0,2,4,false
EXP-05,exp05_p06_m01_ro000_lh00,baseline,2.25,6.75,4.50,2,0,0,2,4,false
EXP-05,exp05_p06_m01_ro000_lh00,baseline,6.75,7.50,0.75,1,1,0,2,4,false
EXP-05,exp05_p06_m01_ro000_lh00,baseline,7.50,10.50,3.00,1,0,0,1,5,false
EXP-05,exp05_p06_m01_ro000_lh00,baseline,10.50,12.00,1.50,0,1,0,1,5,false
EXP-05,exp05_p06_m01_ro000_lh00,baseline,12.00,15.00,3.00,0,1,1,2,4,false
EXP-05,exp05_p06_m01_ro000_lh00,baseline,15.00,17.25,2.25,1,1,0,2,4,false
EXP-05,exp05_p06_m01_ro000_lh00,baseline,17.25,30.75,13.50,2,0,0,2,4,false
EXP-05,exp05_p06_m01_ro000_lh00,baseline,30.75,33.00,2.25,1,1,0,2,4,false
EXP-05,exp05_p06_m01_ro000_lh00,baseline,33.00,36.00,3.00,0,1,0,1,5,false
EXP-05,exp05_p06_m01_ro000_lh00,exact,0,1.50000,1.50000,0,1,0,1,5,false
EXP-05,exp05_p06_m01_ro000_lh00,exact,1.50000,2.25000,0.75000,1,1,0,2,4,false
EXP-05,exp05_p06_m01_ro000_lh00,exact,2.25000,6.75000,4.50000,2,0,0,2,4,false
EXP-05,exp05_p06_m01_ro000_lh00,exact,6.75000,7.50000,0.75000,1,1,0,2,4,false
EXP-05,exp05_p06_m01_ro000_lh00,exact,7.50000,10.50000,3.00000,1,0,0,1,5,false
EXP-05,exp05_p06_m01_ro000_lh00,exact,10.50000,12.00000,1.50000,0,1,0,1,5,false
EXP-05,exp05_p06_m01_ro000_lh00,exact,12.00000,15.00000,3.00000,0,1,0,1,5,false
EXP-05,exp05_p06_m01_ro000_lh00,exact,15.00000,17.25000,2.25000,1,1,0,2,4,false
EXP-05,exp05_p06_m01_ro000_lh00,exact,17.25000,30.75000,13.50000,2,0,0,2,4,false
EXP-05,exp05_p06_m01_ro000_lh00,exact,30.75000,33.00000,2.25000,1,1,0,2,4,false
EXP-05,exp05_p06_m01_ro000_lh00,exact,33.00000,36.00000,3.00000,0,1,0,1,5,false
EXP-05,exp05_p06_m02_ro000_lh00,baseline,0,1.50,1.50,0,1,1,2,4,false
EXP-05,exp05_p06_m02_ro000_lh00,baseline,1.50,2.25,0.75,1,1,0,2,4,false
EXP-05,exp05_p06_m02_ro000_lh00,baseline,2.25,6.75,4.50,2,0,0,2,4,false
EXP-05,exp05_p06_m02_ro000_lh00,baseline,6.75,7.50,0.75,1,1,0,2,4,false
EXP-05,exp05_p06_m02_ro000_lh00,baseline,7.50,10.50,3.00,1,0,0,1,5,false
EXP-05,exp05_p06_m02_ro000_lh00,baseline,10.50,12.00,1.50,0,1,0,1,5,false
EXP-05,exp05_p06_m02_ro000_lh00,baseline,12.00,14.25,2.25,0,1,2,3,3,false
EXP-05,exp05_p06_m02_ro000_lh00,baseline,14.25,15.75,1.50,1,1,1,3,3,false
EXP-05,exp05_p06_m02_ro000_lh00,baseline,15.75,17.25,1.50,2,1,0,3,3,false
EXP-05,exp05_p06_m02_ro000_lh00,baseline,17.25,24.75,7.50,3,0,0,3,3,false
EXP-05,exp05_p06_m02_ro000_lh00,baseline,24.75,26.25,1.50,2,0,0,2,4,false
EXP-05,exp05_p06_m02_ro000_lh00,baseline,26.25,27.75,1.50,1,1,0,2,4,false
EXP-05,exp05_p06_m02_ro000_lh00,baseline,27.75,29.25,1.50,0,1,1,2,4,false
EXP-05,exp05_p06_m02_ro000_lh00,baseline,29.25,31.50,2.25,0,1,0,1,5,false
EXP-05,exp05_p06_m02_ro000_lh00,exact,0,1.50000,1.50000,0,1,0,1,5,false
EXP-05,exp05_p06_m02_ro000_lh00,exact,1.50000,2.25000,0.75000,1,1,0,2,4,false
EXP-05,exp05_p06_m02_ro000_lh00,exact,2.25000,6.75000,4.50000,2,0,0,2,4,false
EXP-05,exp05_p06_m02_ro000_lh00,exact,6.75000,7.50000,0.75000,1,1,0,2,4,false
EXP-05,exp05_p06_m02_ro000_lh00,exact,7.50000,10.50000,3.00000,1,0,0,1,5,false
EXP-05,exp05_p06_m02_ro000_lh00,exact,10.50000,12.00000,1.50000,0,1,0,1,5,false
EXP-05,exp05_p06_m02_ro000_lh00,exact,12.00000,14.25000,2.25000,0,1,0,1,5,false
EXP-05,exp05_p06_m02_ro000_lh00,exact,14.25000,15.75000,1.50000,1,1,0,2,4,false
EXP-05,exp05_p06_m02_ro000_lh00,exact,15.75000,17.25000,1.50000,2,1,0,3,3,false
EXP-05,exp05_p06_m02_ro000_lh00,exact,17.25000,24.75000,7.50000,3,0,0,3,3,false
EXP-05,exp05_p06_m02_ro000_lh00,exact,24.75000,26.25000,1.50000,2,0,0,2,4,false
EXP-05,exp05_p06_m02_ro000_lh00,exact,26.25000,27.75000,1.50000,1,1,0,2,4,false
EXP-05,exp05_p06_m02_ro000_lh00,exact,27.75000,29.25000,1.50000,0,1,1,2,4,false
EXP-05,exp05_p06_m02_ro000_lh00,exact,29.25000,31.50000,2.25000,0,1,0,1,5,false
EXP-05,exp05_p06_m02_ro050_lh00,baseline,0,1.50,1.50,0,1,1,2,4,false
EXP-05,exp05_p06_m02_ro050_lh00,baseline,1.50,2.25,0.75,1,1,0,2,4,false
EXP-05,exp05_p06_m02_ro050_lh00,baseline,2.25,6.75,4.50,2,0,0,2,4,false
EXP-05,exp05_p06_m02_ro050_lh00,baseline,6.75,7.50,0.75,1,1,0,2,4,false
EXP-05,exp05_p06_m02_ro050_lh00,baseline,7.50,10.50,3.00,1,0,0,1,5,false
EXP-05,exp05_p06_m02_ro050_lh00,baseline,10.50,12.00,1.50,0,1,0,1,5,false
EXP-05,exp05_p06_m02_ro050_lh00,baseline,12.00,14.25,2.25,0,1,2,3,3,false
EXP-05,exp05_p06_m02_ro050_lh00,baseline,14.25,15.75,1.50,1,1,1,3,3,false
EXP-05,exp05_p06_m02_ro050_lh00,baseline,15.75,17.25,1.50,2,1,0,3,3,false
EXP-05,exp05_p06_m02_ro050_lh00,baseline,17.25,25.05,7.80,3,0,0,3,3,false
EXP-05,exp05_p06_m02_ro050_lh00,baseline,25.05,26.55,1.50,2,0,0,2,4,false
EXP-05,exp05_p06_m02_ro050_lh00,baseline,26.55,27.15,0.60,2,0,0,2,4,false
EXP-05,exp05_p06_m02_ro050_lh00,baseline,27.15,27.75,0.60,1,1,0,2,4,false
EXP-05,exp05_p06_m02_ro050_lh00,baseline,27.75,30.15,2.40,0,1,1,2,4,false
EXP-05,exp05_p06_m02_ro050_lh00,baseline,30.15,32.40,2.25,0,1,0,1,5,false
EXP-05,exp05_p06_m02_ro050_lh00,exact,0,1.50000,1.50000,0,1,0,1,5,false
EXP-05,exp05_p06_m02_ro050_lh00,exact,1.50000,2.25000,0.75000,1,1,0,2,4,false
EXP-05,exp05_p06_m02_ro050_lh00,exact,2.25000,6.75000,4.50000,2,0,0,2,4,false
EXP-05,exp05_p06_m02_ro050_lh00,exact,6.75000,7.50000,0.75000,1,1,0,2,4,false
EXP-05,exp05_p06_m02_ro050_lh00,exact,7.50000,10.50000,3.00000,1,0,0,1,5,false
EXP-05,exp05_p06_m02_ro050_lh00,exact,10.50000,12.00000,1.50000,0,1,0,1,5,false
EXP-05,exp05_p06_m02_ro050_lh00,exact,12.00000,13.50000,1.50000,0,1,0,1,5,false
EXP-05,exp05_p06_m02_ro050_lh00,exact,13.50000,15.75000,2.25000,1,1,0,2,4,false
EXP-05,exp05_p06_m02_ro050_lh00,exact,15.75000,17.25000,1.50000,2,1,0,3,3,false
EXP-05,exp05_p06_m02_ro050_lh00,exact,17.25000,22.80000,5.55000,3,0,0,3,3,false
EXP-05,exp05_p06_m02_ro050_lh00,exact,22.80000,26.55000,3.75000,2,0,0,2,4,false
EXP-05,exp05_p06_m02_ro050_lh00,exact,26.55000,27.15000,0.60000,2,0,0,2,4,false
EXP-05,exp05_p06_m02_ro050_lh00,exact,27.15000,29.25000,2.10000,1,1,0,2,4,false
EXP-05,exp05_p06_m02_ro050_lh00,exact,29.25000,30.15000,0.90000,0,1,1,2,4,false
EXP-05,exp05_p06_m02_ro050_lh00,exact,30.15000,32.40000,2.25000,0,1,0,1,5,false
EXP-05,exp05_p06_m02_ro050_lh05,baseline,0,1.50,1.50,0,1,1,2,4,false
EXP-05,exp05_p06_m02_ro050_lh05,baseline,1.50,2.25,0.75,1,1,0,2,4,false
EXP-05,exp05_p06_m02_ro050_lh05,baseline,2.25,6.75,4.50,2,0,0,2,4,false
EXP-05,exp05_p06_m02_ro050_lh05,baseline,6.75,7.50,0.75,1,1,0,2,4,false
EXP-05,exp05_p06_m02_ro050_lh05,baseline,7.50,10.50,3.00,1,0,0,1,5,false
EXP-05,exp05_p06_m02_ro050_lh05,baseline,10.50,12.00,1.50,0,1,0,1,5,false
EXP-05,exp05_p06_m02_ro050_lh05,baseline,12.00,14.25,2.25,0,1,2,3,3,false
EXP-05,exp05_p06_m02_ro050_lh05,baseline,14.25,15.900,1.650,1,1,1,3,3,false
EXP-05,exp05_p06_m02_ro050_lh05,baseline,15.900,17.550,1.650,2,1,0,3,3,false
EXP-05,exp05_p06_m02_ro050_lh05,baseline,17.550,25.050,7.500,3,0,0,3,3,false
EXP-05,exp05_p06_m02_ro050_lh05,baseline,25.050,26.700,1.650,2,0,0,2,4,false
EXP-05,exp05_p06_m02_ro050_lh05,baseline,26.700,27.000,0.300,2,0,0,2,4,false
EXP-05,exp05_p06_m02_ro050_lh05,baseline,27.000,27.75,0.750,1,1,0,2,4,false
EXP-05,exp05_p06_m02_ro050_lh05,baseline,27.75,30.300,2.550,0,1,1,2,4,false
EXP-05,exp05_p06_m02_ro050_lh05,baseline,30.300,32.550,2.250,0,1,0,1,5,false
EXP-05,exp05_p06_m02_ro050_lh05,exact,0,1.50000,1.50000,0,1,0,1,5,false
EXP-05,exp05_p06_m02_ro050_lh05,exact,1.50000,2.25000,0.75000,1,1,0,2,4,false
EXP-05,exp05_p06_m02_ro050_lh05,exact,2.25000,6.75000,4.50000,2,0,0,2,4,false
EXP-05,exp05_p06_m02_ro050_lh05,exact,6.75000,7.50000,0.75000,1,1,0,2,4,false
EXP-05,exp05_p06_m02_ro050_lh05,exact,7.50000,10.50000,3.00000,1,0,0,1,5,false
EXP-05,exp05_p06_m02_ro050_lh05,exact,10.50000,12.00000,1.50000,0,1,0,1,5,false
EXP-05,exp05_p06_m02_ro050_lh05,exact,12.00000,13.65000,1.65000,0,1,0,1,5,false
EXP-05,exp05_p06_m02_ro050_lh05,exact,13.65000,15.90000,2.25000,1,1,0,2,4,false
EXP-05,exp05_p06_m02_ro050_lh05,exact,15.90000,17.55000,1.65000,2,1,0,3,3,false
EXP-05,exp05_p06_m02_ro050_lh05,exact,17.55000,22.80000,5.25000,3,0,0,3,3,false
EXP-05,exp05_p06_m02_ro050_lh05,exact,22.80000,26.70000,3.90000,2,0,0,2,4,false
EXP-05,exp05_p06_m02_ro050_lh05,exact,26.70000,27.00000,0.30000,2,0,0,2,4,false
EXP-05,exp05_p06_m02_ro050_lh05,exact,27.00000,29.40000,2.40000,1,1,0,2,4,false
EXP-05,exp05_p06_m02_ro050_lh05,exact,29.40000,30.30000,0.90000,0,1,1,2,4,false
EXP-05,exp05_p06_m02_ro050_lh05,exact,30.30000,32.55000,2.25000,0,1,0,1,5,false
EXP-05,exp05_p06_m02_ro100_lh00,baseline,0,1.50,1.50,0,1,1,2,4,false
EXP-05,exp05_p06_m02_ro100_lh00,baseline,1.50,2.25,0.75,1,1,0,2,4,false
EXP-05,exp05_p06_m02_ro100_lh00,baseline,2.25,6.75,4.50,2,0,0,2,4,false
EXP-05,exp05_p06_m02_ro100_lh00,baseline,6.75,7.50,0.75,1,1,0,2,4,false
EXP-05,exp05_p06_m02_ro100_lh00,baseline,7.50,10.50,3.00,1,0,0,1,5,false
EXP-05,exp05_p06_m02_ro100_lh00,baseline,10.50,12.00,1.50,0,1,0,1,5,false
EXP-05,exp05_p06_m02_ro100_lh00,baseline,12.00,14.25,2.25,0,1,2,3,3,false
EXP-05,exp05_p06_m02_ro100_lh00,baseline,14.25,15.75,1.50,1,1,1,3,3,false
EXP-05,exp05_p06_m02_ro100_lh00,baseline,15.75,17.25,1.50,2,1,0,3,3,false
EXP-05,exp05_p06_m02_ro100_lh00,baseline,17.25,25.35,8.10,3,0,0,3,3,false
EXP-05,exp05_p06_m02_ro100_lh00,baseline,25.35,26.85,1.50,2,0,0,2,4,false
EXP-05,exp05_p06_m02_ro100_lh00,baseline,26.85,27.75,0.90,2,0,0,2,4,false
EXP-05,exp05_p06_m02_ro100_lh00,baseline,27.75,28.05,0.30,1,1,0,2,4,false
EXP-05,exp05_p06_m02_ro100_lh00,baseline,28.05,30.00,1.95,0,1,1,2,4,false
EXP-05,exp05_p06_m02_ro100_lh00,baseline,30.00,33.00,3.00,0,1,0,1,5,false
EXP-05,exp05_p06_m02_ro100_lh00,exact,0,1.50000,1.50000,0,1,0,1,5,false
EXP-05,exp05_p06_m02_ro100_lh00,exact,1.50000,2.25000,0.75000,1,1,0,2,4,false
EXP-05,exp05_p06_m02_ro100_lh00,exact,2.25000,6.75000,4.50000,2,0,0,2,4,false
EXP-05,exp05_p06_m02_ro100_lh00,exact,6.75000,7.50000,0.75000,1,1,0,2,4,false
EXP-05,exp05_p06_m02_ro100_lh00,exact,7.50000,10.50000,3.00000,1,0,0,1,5,false
EXP-05,exp05_p06_m02_ro100_lh00,exact,10.50000,12.00000,1.50000,0,1,0,1,5,false
EXP-05,exp05_p06_m02_ro100_lh00,exact,12.00000,14.25000,2.25000,0,1,0,1,5,false
EXP-05,exp05_p06_m02_ro100_lh00,exact,14.25000,15.75000,1.50000,1,1,0,2,4,false
EXP-05,exp05_p06_m02_ro100_lh00,exact,15.75000,17.25000,1.50000,2,1,0,3,3,false
EXP-05,exp05_p06_m02_ro100_lh00,exact,17.25000,25.35000,8.10000,3,0,0,3,3,false
EXP-05,exp05_p06_m02_ro100_lh00,exact,25.35000,26.85000,1.50000,2,0,0,2,4,false
EXP-05,exp05_p06_m02_ro100_lh00,exact,26.85000,27.75000,0.90000,2,0,0,2,4,false
EXP-05,exp05_p06_m02_ro100_lh00,exact,27.75000,28.05000,0.30000,1,1,0,2,4,false
EXP-05,exp05_p06_m02_ro100_lh00,exact,28.05000,30.00000,1.95000,0,1,1,2,4,false
EXP-05,exp05_p06_m02_ro100_lh00,exact,30.00000,33.00000,3.00000,0,1,0,1,5,false
EXP-05,exp05_p06_m02_ro100_lh05,baseline,0,1.50,1.50,0,1,1,2,4,false
EXP-05,exp05_p06_m02_ro100_lh05,baseline,1.50,2.25,0.75,1,1,0,2,4,false
EXP-05,exp05_p06_m02_ro100_lh05,baseline,2.25,6.75,4.50,2,0,0,2,4,false
EXP-05,exp05_p06_m02_ro100_lh05,baseline,6.75,7.50,0.75,1,1,0,2,4,false
EXP-05,exp05_p06_m02_ro100_lh05,baseline,7.50,10.50,3.00,1,0,0,1,5,false
EXP-05,exp05_p06_m02_ro100_lh05,baseline,10.50,12.00,1.50,0,1,0,1,5,false
EXP-05,exp05_p06_m02_ro100_lh05,baseline,12.00,14.25,2.25,0,1,2,3,3,false
EXP-05,exp05_p06_m02_ro100_lh05,baseline,14.25,16.050,1.800,1,1,1,3,3,false
EXP-05,exp05_p06_m02_ro100_lh05,baseline,16.050,17.850,1.800,2,1,0,3,3,false
EXP-05,exp05_p06_m02_ro100_lh05,baseline,17.850,25.350,7.500,3,0,0,3,3,false
EXP-05,exp05_p06_m02_ro100_lh05,baseline,25.350,27.150,1.800,2,0,0,2,4,false
EXP-05,exp05_p06_m02_ro100_lh05,baseline,27.150,27.75,0.600,2,0,0,2,4,false
EXP-05,exp05_p06_m02_ro100_lh05,baseline,27.75,30.00,2.25,0,1,1,2,4,false
EXP-05,exp05_p06_m02_ro100_lh05,baseline,30.00,33.600,3.600,0,1,0,1,5,false
EXP-05,exp05_p06_m02_ro100_lh05,exact,0,1.50000,1.50000,0,1,0,1,5,false
EXP-05,exp05_p06_m02_ro100_lh05,exact,1.50000,2.25000,0.75000,1,1,0,2,4,false
EXP-05,exp05_p06_m02_ro100_lh05,exact,2.25000,6.75000,4.50000,2,0,0,2,4,false
EXP-05,exp05_p06_m02_ro100_lh05,exact,6.75000,7.50000,0.75000,1,1,0,2,4,false
EXP-05,exp05_p06_m02_ro100_lh05,exact,7.50000,10.50000,3.00000,1,0,0,1,5,false
EXP-05,exp05_p06_m02_ro100_lh05,exact,10.50000,12.00000,1.50000,0,1,0,1,5,false
EXP-05,exp05_p06_m02_ro100_lh05,exact,12.00000,14.25000,2.25000,0,1,0,1,5,false
EXP-05,exp05_p06_m02_ro100_lh05,exact,14.25000,16.05000,1.80000,1,1,0,2,4,false
EXP-05,exp05_p06_m02_ro100_lh05,exact,16.05000,17.85000,1.80000,2,1,0,3,3,false
EXP-05,exp05_p06_m02_ro100_lh05,exact,17.85000,25.35000,7.50000,3,0,0,3,3,false
EXP-05,exp05_p06_m02_ro100_lh05,exact,25.35000,27.15000,1.80000,2,0,0,2,4,false
EXP-05,exp05_p06_m02_ro100_lh05,exact,27.15000,27.75000,0.60000,2,0,0,2,4,false
EXP-05,exp05_p06_m02_ro100_lh05,exact,27.75000,30.00000,2.25000,0,1,1,2,4,false
EXP-05,exp05_p06_m02_ro100_lh05,exact,30.00000,33.60000,3.60000,0,1,0,1,5,false
EXP-05,exp05_p06_m03_ro000_lh00,baseline,0,1.50,1.50,0,1,1,2,4,false
EXP-05,exp05_p06_m03_ro000_lh00,baseline,1.50,2.25,0.75,1,1,0,2,4,false
EXP-05,exp05_p06_m03_ro000_lh00,baseline,2.25,6.75,4.50,2,0,0,2,4,false
EXP-05,exp05_p06_m03_ro000_lh00,baseline,6.75,7.50,0.75,1,1,0,2,4,false
EXP-05,exp05_p06_m03_ro000_lh00,baseline,7.50,10.50,3.00,1,0,0,1,5,false
EXP-05,exp05_p06_m03_ro000_lh00,baseline,10.50,12.00,1.50,0,1,0,1,5,false
EXP-05,exp05_p06_m03_ro000_lh00,baseline,12.00,14.25,2.25,0,1,3,4,2,false
EXP-05,exp05_p06_m03_ro000_lh00,baseline,14.25,15.25,1.00,1,1,2,4,2,false
EXP-05,exp05_p06_m03_ro000_lh00,baseline,15.25,16.25,1.00,2,1,1,4,2,false
EXP-05,exp05_p06_m03_ro000_lh00,baseline,16.25,17.25,1.00,3,1,0,4,2,false
EXP-05,exp05_p06_m03_ro000_lh00,baseline,17.25,21.25,4.00,4,0,0,4,2,false
EXP-05,exp05_p06_m03_ro000_lh00,baseline,21.25,22.25,1.00,3,0,0,3,3,false
EXP-05,exp05_p06_m03_ro000_lh00,baseline,22.25,23.25,1.00,2,0,0,2,4,false
EXP-05,exp05_p06_m03_ro000_lh00,baseline,23.25,26.25,3.00,1,1,0,2,4,false
EXP-05,exp05_p06_m03_ro000_lh00,baseline,26.25,27.75,1.50,1,0,0,1,5,false
EXP-05,exp05_p06_m03_ro000_lh00,baseline,27.75,30.00,2.25,0,1,0,1,5,false
EXP-05,exp05_p06_m03_ro000_lh00,exact,0,1.50000,1.50000,0,1,0,1,5,false
EXP-05,exp05_p06_m03_ro000_lh00,exact,1.50000,2.25000,0.75000,1,1,0,2,4,false
EXP-05,exp05_p06_m03_ro000_lh00,exact,2.25000,6.75000,4.50000,2,0,0,2,4,false
EXP-05,exp05_p06_m03_ro000_lh00,exact,6.75000,7.50000,0.75000,1,1,0,2,4,false
EXP-05,exp05_p06_m03_ro000_lh00,exact,7.50000,10.50000,3.00000,1,0,0,1,5,false
EXP-05,exp05_p06_m03_ro000_lh00,exact,10.50000,12.00000,1.50000,0,1,0,1,5,false
EXP-05,exp05_p06_m03_ro000_lh00,exact,12.00000,14.25000,2.25000,0,1,0,1,5,false
EXP-05,exp05_p06_m03_ro000_lh00,exact,14.25000,15.25000,1.00000,1,1,0,2,4,false
EXP-05,exp05_p06_m03_ro000_lh00,exact,15.25000,16.25000,1.00000,2,1,0,3,3,false
EXP-05,exp05_p06_m03_ro000_lh00,exact,16.25000,17.25000,1.00000,3,1,0,4,2,false
EXP-05,exp05_p06_m03_ro000_lh00,exact,17.25000,21.25000,4.00000,4,0,0,4,2,false
EXP-05,exp05_p06_m03_ro000_lh00,exact,21.25000,22.25000,1.00000,3,0,0,3,3,false
EXP-05,exp05_p06_m03_ro000_lh00,exact,22.25000,23.25000,1.00000,2,0,0,2,4,false
EXP-05,exp05_p06_m03_ro000_lh00,exact,23.25000,26.25000,3.00000,1,1,0,2,4,false
EXP-05,exp05_p06_m03_ro000_lh00,exact,26.25000,27.75000,1.50000,1,0,0,1,5,false
EXP-05,exp05_p06_m03_ro000_lh00,exact,27.75000,30.00000,2.25000,0,1,0,1,5,false
EXP-05,exp05_p06_m03_ro050_lh00,baseline,0,1.50,1.50,0,1,1,2,4,false
EXP-05,exp05_p06_m03_ro050_lh00,baseline,1.50,2.25,0.75,1,1,0,2,4,false
EXP-05,exp05_p06_m03_ro050_lh00,baseline,2.25,6.75,4.50,2,0,0,2,4,false
EXP-05,exp05_p06_m03_ro050_lh00,baseline,6.75,7.50,0.75,1,1,0,2,4,false
EXP-05,exp05_p06_m03_ro050_lh00,baseline,7.50,10.50,3.00,1,0,0,1,5,false
EXP-05,exp05_p06_m03_ro050_lh00,baseline,10.50,12.00,1.50,0,1,0,1,5,false
EXP-05,exp05_p06_m03_ro050_lh00,baseline,12.00,14.25,2.25,0,1,3,4,2,false
EXP-05,exp05_p06_m03_ro050_lh00,baseline,14.25,15.25,1.00,1,1,2,4,2,false
EXP-05,exp05_p06_m03_ro050_lh00,baseline,15.25,16.25,1.00,2,1,1,4,2,false
EXP-05,exp05_p06_m03_ro050_lh00,baseline,16.25,17.25,1.00,3,1,0,4,2,false
EXP-05,exp05_p06_m03_ro050_lh00,baseline,17.25,21.65,4.40,4,0,0,4,2,false
EXP-05,exp05_p06_m03_ro050_lh00,baseline,21.65,22.65,1.00,3,0,0,3,3,false
EXP-05,exp05_p06_m03_ro050_lh00,baseline,22.65,23.65,1.00,2,0,0,2,4,false
EXP-05,exp05_p06_m03_ro050_lh00,baseline,23.65,24.85,1.20,2,0,0,2,4,false
EXP-05,exp05_p06_m03_ro050_lh00,baseline,24.85,27.75,2.90,1,1,0,2,4,false
EXP-05,exp05_p06_m03_ro050_lh00,baseline,27.75,27.85,0.10,0,1,1,2,4,false
EXP-05,exp05_p06_m03_ro050_lh00,baseline,27.85,30.10,2.25,0,1,0,1,5,false
EXP-05,exp05_p06_m03_ro050_lh00,exact,0,1.50000,1.50000,0,1,0,1,5,false
EXP-05,exp05_p06_m03_ro050_lh00,exact,1.50000,2.25000,0.75000,1,1,0,2,4,false
EXP-05,exp05_p06_m03_ro050_lh00,exact,2.25000,6.75000,4.50000,2,0,0,2,4,false
EXP-05,exp05_p06_m03_ro050_lh00,exact,6.75000,7.50000,0.75000,1,1,0,2,4,false
EXP-05,exp05_p06_m03_ro050_lh00,exact,7.50000,10.50000,3.00000,1,0,0,1,5,false
EXP-05,exp05_p06_m03_ro050_lh00,exact,10.50000,12.00000,1.50000,0,1,0,1,5,false
EXP-05,exp05_p06_m03_ro050_lh00,exact,12.00000,14.25000,2.25000,0,1,0,1,5,false
EXP-05,exp05_p06_m03_ro050_lh00,exact,14.25000,15.25000,1.00000,1,1,0,2,4,false
EXP-05,exp05_p06_m03_ro050_lh00,exact,15.25000,16.25000,1.00000,2,1,0,3,3,false
EXP-05,exp05_p06_m03_ro050_lh00,exact,16.25000,17.25000,1.00000,3,1,0,4,2,false
EXP-05,exp05_p06_m03_ro050_lh00,exact,17.25000,21.65000,4.40000,4,0,0,4,2,false
EXP-05,exp05_p06_m03_ro050_lh00,exact,21.65000,22.65000,1.00000,3,0,0,3,3,false
EXP-05,exp05_p06_m03_ro050_lh00,exact,22.65000,23.65000,1.00000,2,0,0,2,4,false
EXP-05,exp05_p06_m03_ro050_lh00,exact,23.65000,24.85000,1.20000,2,0,0,2,4,false
EXP-05,exp05_p06_m03_ro050_lh00,exact,24.85000,27.75000,2.90000,1,1,0,2,4,false
EXP-05,exp05_p06_m03_ro050_lh00,exact,27.75000,27.85000,0.10000,0,1,1,2,4,false
EXP-05,exp05_p06_m03_ro050_lh00,exact,27.85000,30.10000,2.25000,0,1,0,1,5,false
EXP-05,exp05_p06_m03_ro050_lh05,baseline,0,1.50,1.50,0,1,1,2,4,false
EXP-05,exp05_p06_m03_ro050_lh05,baseline,1.50,2.25,0.75,1,1,0,2,4,false
EXP-05,exp05_p06_m03_ro050_lh05,baseline,2.25,6.75,4.50,2,0,0,2,4,false
EXP-05,exp05_p06_m03_ro050_lh05,baseline,6.75,7.50,0.75,1,1,0,2,4,false
EXP-05,exp05_p06_m03_ro050_lh05,baseline,7.50,10.50,3.00,1,0,0,1,5,false
EXP-05,exp05_p06_m03_ro050_lh05,baseline,10.50,12.00,1.50,0,1,0,1,5,false
EXP-05,exp05_p06_m03_ro050_lh05,baseline,12.00,14.25,2.25,0,1,3,4,2,false
EXP-05,exp05_p06_m03_ro050_lh05,baseline,14.25,15.450,1.200,1,1,2,4,2,false
EXP-05,exp05_p06_m03_ro050_lh05,baseline,15.450,16.650,1.200,2,1,1,4,2,false
EXP-05,exp05_p06_m03_ro050_lh05,baseline,16.650,17.850,1.200,3,1,0,4,2,false
EXP-05,exp05_p06_m03_ro050_lh05,baseline,17.850,21.650,3.800,4,0,0,4,2,false
EXP-05,exp05_p06_m03_ro050_lh05,baseline,21.650,22.850,1.200,3,0,0,3,3,false
EXP-05,exp05_p06_m03_ro050_lh05,baseline,22.850,24.050,1.200,2,0,0,2,4,false
EXP-05,exp05_p06_m03_ro050_lh05,baseline,24.050,24.650,0.600,2,0,0,2,4,false
EXP-05,exp05_p06_m03_ro050_lh05,baseline,24.650,27.75,3.100,1,1,0,2,4,false
EXP-05,exp05_p06_m03_ro050_lh05,baseline,27.75,28.250,0.500,0,1,1,2,4,false
EXP-05,exp05_p06_m03_ro050_lh05,baseline,28.250,30.500,2.250,0,1,0,1,5,false
EXP-05,exp05_p06_m03_ro050_lh05,exact,0,1.50000,1.50000,0,1,0,1,5,false
EXP-05,exp05_p06_m03_ro050_lh05,exact,1.50000,2.25000,0.75000,1,1,0,2,4,false
EXP-05,exp05_p06_m03_ro050_lh05,exact,2.25000,6.75000,4.50000,2,0,0,2,4,false
EXP-05,exp05_p06_m03_ro050_lh05,exact,6.75000,7.50000,0.75000,1,1,0,2,4,false
EXP-05,exp05_p06_m03_ro050_lh05,exact,7.50000,10.50000,3.00000,1,0,0,1,5,false
EXP-05,exp05_p06_m03_ro050_lh05,exact,10.50000,12.00000,1.50000,0,1,0,1,5,false
EXP-05,exp05_p06_m03_ro050_lh05,exact,12.00000,14.25000,2.25000,0,1,0,1,5,false
EXP-05,exp05_p06_m03_ro050_lh05,exact,14.25000,15.45000,1.20000,1,1,0,2,4,false
EXP-05,exp05_p06_m03_ro050_lh05,exact,15.45000,16.65000,1.20000,2,1,0,3,3,false
EXP-05,exp05_p06_m03_ro050_lh05,exact,16.65000,17.85000,1.20000,3,1,0,4,2,false
EXP-05,exp05_p06_m03_ro050_lh05,exact,17.85000,21.65000,3.80000,4,0,0,4,2,false
EXP-05,exp05_p06_m03_ro050_lh05,exact,21.65000,22.85000,1.20000,3,0,0,3,3,false
EXP-05,exp05_p06_m03_ro050_lh05,exact,22.85000,24.05000,1.20000,2,0,0,2,4,false
EXP-05,exp05_p06_m03_ro050_lh05,exact,24.05000,24.65000,0.60000,2,0,0,2,4,false
EXP-05,exp05_p06_m03_ro050_lh05,exact,24.65000,27.75000,3.10000,1,1,0,2,4,false
EXP-05,exp05_p06_m03_ro050_lh05,exact,27.75000,28.25000,0.50000,0,1,1,2,4,false
EXP-05,exp05_p06_m03_ro050_lh05,exact,28.25000,30.50000,2.25000,0,1,0,1,5,false
EXP-05,exp05_p06_m03_ro100_lh00,baseline,0,1.50,1.50,0,1,1,2,4,false
EXP-05,exp05_p06_m03_ro100_lh00,baseline,1.50,2.25,0.75,1,1,0,2,4,false
EXP-05,exp05_p06_m03_ro100_lh00,baseline,2.25,6.75,4.50,2,0,0,2,4,false
EXP-05,exp05_p06_m03_ro100_lh00,baseline,6.75,7.50,0.75,1,1,0,2,4,false
EXP-05,exp05_p06_m03_ro100_lh00,baseline,7.50,10.50,3.00,1,0,0,1,5,false
EXP-05,exp05_p06_m03_ro100_lh00,baseline,10.50,12.00,1.50,0,1,0,1,5,false
EXP-05,exp05_p06_m03_ro100_lh00,baseline,12.00,14.25,2.25,0,1,3,4,2,false
EXP-05,exp05_p06_m03_ro100_lh00,baseline,14.25,15.25,1.00,1,1,2,4,2,false
EXP-05,exp05_p06_m03_ro100_lh00,baseline,15.25,16.25,1.00,2,1,1,4,2,false
EXP-05,exp05_p06_m03_ro100_lh00,baseline,16.25,17.25,1.00,3,1,0,4,2,false
EXP-05,exp05_p06_m03_ro100_lh00,baseline,17.25,22.05,4.80,4,0,0,4,2,false
EXP-05,exp05_p06_m03_ro100_lh00,baseline,22.05,23.05,1.00,3,0,0,3,3,false
EXP-05,exp05_p06_m03_ro100_lh00,baseline,23.05,24.05,1.00,2,0,0,2,4,false
EXP-05,exp05_p06_m03_ro100_lh00,baseline,24.05,26.45,2.40,2,0,0,2,4,false
EXP-05,exp05_p06_m03_ro100_lh00,baseline,26.45,27.75,1.30,1,1,0,2,4,false
EXP-05,exp05_p06_m03_ro100_lh00,baseline,27.75,29.45,1.70,0,1,1,2,4,false
EXP-05,exp05_p06_m03_ro100_lh00,baseline,29.45,31.70,2.25,0,1,0,1,5,false
EXP-05,exp05_p06_m03_ro100_lh00,exact,0,1.50000,1.50000,0,1,0,1,5,false
EXP-05,exp05_p06_m03_ro100_lh00,exact,1.50000,2.25000,0.75000,1,1,0,2,4,false
EXP-05,exp05_p06_m03_ro100_lh00,exact,2.25000,6.75000,4.50000,2,0,0,2,4,false
EXP-05,exp05_p06_m03_ro100_lh00,exact,6.75000,7.50000,0.75000,1,1,0,2,4,false
EXP-05,exp05_p06_m03_ro100_lh00,exact,7.50000,10.50000,3.00000,1,0,0,1,5,false
EXP-05,exp05_p06_m03_ro100_lh00,exact,10.50000,12.00000,1.50000,0,1,0,1,5,false
EXP-05,exp05_p06_m03_ro100_lh00,exact,12.00000,13.00000,1.00000,0,1,0,1,5,false
EXP-05,exp05_p06_m03_ro100_lh00,exact,13.00000,15.25000,2.25000,1,1,0,2,4,false
EXP-05,exp05_p06_m03_ro100_lh00,exact,15.25000,16.25000,1.00000,2,1,0,3,3,false
EXP-05,exp05_p06_m03_ro100_lh00,exact,16.25000,17.25000,1.00000,3,1,0,4,2,false
EXP-05,exp05_p06_m03_ro100_lh00,exact,17.25000,19.80000,2.55000,4,0,0,4,2,false
EXP-05,exp05_p06_m03_ro100_lh00,exact,19.80000,23.05000,3.25000,3,0,0,3,3,false
EXP-05,exp05_p06_m03_ro100_lh00,exact,23.05000,24.05000,1.00000,2,0,0,2,4,false
EXP-05,exp05_p06_m03_ro100_lh00,exact,24.05000,26.45000,2.40000,2,0,0,2,4,false
EXP-05,exp05_p06_m03_ro100_lh00,exact,26.45000,28.75000,2.30000,1,1,0,2,4,false
EXP-05,exp05_p06_m03_ro100_lh00,exact,28.75000,29.45000,0.70000,0,1,1,2,4,false
EXP-05,exp05_p06_m03_ro100_lh00,exact,29.45000,31.70000,2.25000,0,1,0,1,5,false
EXP-05,exp05_p06_m03_ro100_lh05,baseline,0,1.50,1.50,0,1,1,2,4,false
EXP-05,exp05_p06_m03_ro100_lh05,baseline,1.50,2.25,0.75,1,1,0,2,4,false
EXP-05,exp05_p06_m03_ro100_lh05,baseline,2.25,6.75,4.50,2,0,0,2,4,false
EXP-05,exp05_p06_m03_ro100_lh05,baseline,6.75,7.50,0.75,1,1,0,2,4,false
EXP-05,exp05_p06_m03_ro100_lh05,baseline,7.50,10.50,3.00,1,0,0,1,5,false
EXP-05,exp05_p06_m03_ro100_lh05,baseline,10.50,12.00,1.50,0,1,0,1,5,false
EXP-05,exp05_p06_m03_ro100_lh05,baseline,12.00,14.25,2.25,0,1,3,4,2,false
EXP-05,exp05_p06_m03_ro100_lh05,baseline,14.25,15.650,1.400,1,1,2,4,2,false
EXP-05,exp05_p06_m03_ro100_lh05,baseline,15.650,17.050,1.400,2,1,1,4,2,false
EXP-05,exp05_p06_m03_ro100_lh05,baseline,17.050,18.450,1.400,3,1,0,4,2,false
EXP-05,exp05_p06_m03_ro100_lh05,baseline,18.450,22.050,3.600,4,0,0,4,2,false
EXP-05,exp05_p06_m03_ro100_lh05,baseline,22.050,23.450,1.400,3,0,0,3,3,false
EXP-05,exp05_p06_m03_ro100_lh05,baseline,23.450,24.850,1.400,2,0,0,2,4,false
EXP-05,exp05_p06_m03_ro100_lh05,baseline,24.850,26.050,1.200,2,0,0,2,4,false
EXP-05,exp05_p06_m03_ro100_lh05,baseline,26.050,27.75,1.700,1,1,0,2,4,false
EXP-05,exp05_p06_m03_ro100_lh05,baseline,27.75,30.250,2.500,0,1,1,2,4,false
EXP-05,exp05_p06_m03_ro100_lh05,baseline,30.250,32.500,2.250,0,1,0,1,5,false
EXP-05,exp05_p06_m03_ro100_lh05,exact,0,1.50000,1.50000,0,1,0,1,5,false
EXP-05,exp05_p06_m03_ro100_lh05,exact,1.50000,2.25000,0.75000,1,1,0,2,4,false
EXP-05,exp05_p06_m03_ro100_lh05,exact,2.25000,6.75000,4.50000,2,0,0,2,4,false
EXP-05,exp05_p06_m03_ro100_lh05,exact,6.75000,7.50000,0.75000,1,1,0,2,4,false
EXP-05,exp05_p06_m03_ro100_lh05,exact,7.50000,10.50000,3.00000,1,0,0,1,5,false
EXP-05,exp05_p06_m03_ro100_lh05,exact,10.50000,12.00000,1.50000,0,1,0,1,5,false
EXP-05,exp05_p06_m03_ro100_lh05,exact,12.00000,13.40000,1.40000,0,1,0,1,5,false
EXP-05,exp05_p06_m03_ro100_lh05,exact,13.40000,15.65000,2.25000,1,1,0,2,4,false
EXP-05,exp05_p06_m03_ro100_lh05,exact,15.65000,17.05000,1.40000,2,1,0,3,3,false
EXP-05,exp05_p06_m03_ro100_lh05,exact,17.05000,18.45000,1.40000,3,1,0,4,2,false
EXP-05,exp05_p06_m03_ro100_lh05,exact,18.45000,19.80000,1.35000,4,0,0,4,2,false
EXP-05,exp05_p06_m03_ro100_lh05,exact,19.80000,23.45000,3.65000,3,0,0,3,3,false
EXP-05,exp05_p06_m03_ro100_lh05,exact,23.45000,24.85000,1.40000,2,0,0,2,4,false
EXP-05,exp05_p06_m03_ro100_lh05,exact,24.85000,26.05000,1.20000,2,0,0,2,4,false
EXP-05,exp05_p06_m03_ro100_lh05,exact,26.05000,29.15000,3.10000,1,1,0,2,4,false
EXP-05,exp05_p06_m03_ro100_lh05,exact,29.15000,30.25000,1.10000,0,1,1,2,4,false
EXP-05,exp05_p06_m03_ro100_lh05,exact,30.25000,32.50000,2.25000,0,1,0,1,5,false
EXP-05,exp05_p06_m04_ro000_lh00,baseline,0,1.50,1.50,0,1,1,2,4,false
EXP-05,exp05_p06_m04_ro000_lh00,baseline,1.50,2.25,0.75,1,1,0,2,4,false
EXP-05,exp05_p06_m04_ro000_lh00,baseline,2.25,6.75,4.50,2,0,0,2,4,false
EXP-05,exp05_p06_m04_ro000_lh00,baseline,6.75,7.50,0.75,1,1,0,2,4,false
EXP-05,exp05_p06_m04_ro000_lh00,baseline,7.50,10.50,3.00,1,0,0,1,5,false
EXP-05,exp05_p06_m04_ro000_lh00,baseline,10.50,12.00,1.50,0,1,0,1,5,false
EXP-05,exp05_p06_m04_ro000_lh00,baseline,12.00,14.25,2.25,0,1,4,5,1,false
EXP-05,exp05_p06_m04_ro000_lh00,baseline,14.25,15.00,0.75,1,1,3,5,1,false
EXP-05,exp05_p06_m04_ro000_lh00,baseline,15.00,15.75,0.75,2,1,2,5,1,false
EXP-05,exp05_p06_m04_ro000_lh00,baseline,15.75,16.50,0.75,3,1,1,5,1,false
EXP-05,exp05_p06_m04_ro000_lh00,baseline,16.50,17.25,0.75,4,1,0,5,1,false
EXP-05,exp05_p06_m04_ro000_lh00,baseline,17.25,19.50,2.25,5,0,0,5,1,false
EXP-05,exp05_p06_m04_ro000_lh00,baseline,19.50,20.25,0.75,4,0,0,4,2,false
EXP-05,exp05_p06_m04_ro000_lh00,baseline,20.25,21.00,0.75,3,0,0,3,3,false
EXP-05,exp05_p06_m04_ro000_lh00,baseline,21.00,21.75,0.75,2,0,0,2,4,false
EXP-05,exp05_p06_m04_ro000_lh00,baseline,21.75,24.75,3.00,1,1,0,2,4,false
EXP-05,exp05_p06_m04_ro000_lh00,baseline,24.75,27.75,3.00,1,0,0,1,5,false
EXP-05,exp05_p06_m04_ro000_lh00,baseline,27.75,30.00,2.25,0,1,0,1,5,false
EXP-05,exp05_p06_m04_ro000_lh00,exact,0,1.50000,1.50000,0,1,0,1,5,false
EXP-05,exp05_p06_m04_ro000_lh00,exact,1.50000,2.25000,0.75000,1,1,0,2,4,false
EXP-05,exp05_p06_m04_ro000_lh00,exact,2.25000,6.75000,4.50000,2,0,0,2,4,false
EXP-05,exp05_p06_m04_ro000_lh00,exact,6.75000,7.50000,0.75000,1,1,0,2,4,false
EXP-05,exp05_p06_m04_ro000_lh00,exact,7.50000,10.50000,3.00000,1,0,0,1,5,false
EXP-05,exp05_p06_m04_ro000_lh00,exact,10.50000,12.00000,1.50000,0,1,0,1,5,false
EXP-05,exp05_p06_m04_ro000_lh00,exact,12.00000,14.25000,2.25000,0,1,0,1,5,false
EXP-05,exp05_p06_m04_ro000_lh00,exact,14.25000,15.00000,0.75000,1,1,0,2,4,false
EXP-05,exp05_p06_m04_ro000_lh00,exact,15.00000,15.75000,0.75000,2,1,0,3,3,false
EXP-05,exp05_p06_m04_ro000_lh00,exact,15.75000,16.50000,0.75000,3,1,0,4,2,false
EXP-05,exp05_p06_m04_ro000_lh00,exact,16.50000,17.25000,0.75000,4,1,0,5,1,false
EXP-05,exp05_p06_m04_ro000_lh00,exact,17.25000,19.50000,2.25000,5,0,0,5,1,false
EXP-05,exp05_p06_m04_ro000_lh00,exact,19.50000,20.25000,0.75000,4,0,0,4,2,false
EXP-05,exp05_p06_m04_ro000_lh00,exact,20.25000,21.00000,0.75000,3,0,0,3,3,false
EXP-05,exp05_p06_m04_ro000_lh00,exact,21.00000,21.75000,0.75000,2,0,0,2,4,false
EXP-05,exp05_p06_m04_ro000_lh00,exact,21.75000,24.75000,3.00000,1,1,0,2,4,false
EXP-05,exp05_p06_m04_ro000_lh00,exact,24.75000,27.75000,3.00000,1,0,0,1,5,false
EXP-05,exp05_p06_m04_ro000_lh00,exact,27.75000,30.00000,2.25000,0,1,0,1,5,false
EXP-05,exp05_p06_m04_ro050_lh00,baseline,0,1.50,1.50,0,1,1,2,4,false
EXP-05,exp05_p06_m04_ro050_lh00,baseline,1.50,2.25,0.75,1,1,0,2,4,false
EXP-05,exp05_p06_m04_ro050_lh00,baseline,2.25,6.75,4.50,2,0,0,2,4,false
EXP-05,exp05_p06_m04_ro050_lh00,baseline,6.75,7.50,0.75,1,1,0,2,4,false
EXP-05,exp05_p06_m04_ro050_lh00,baseline,7.50,10.50,3.00,1,0,0,1,5,false
EXP-05,exp05_p06_m04_ro050_lh00,baseline,10.50,12.00,1.50,0,1,0,1,5,false
EXP-05,exp05_p06_m04_ro050_lh00,baseline,12.00,14.25,2.25,0,1,4,5,1,false
EXP-05,exp05_p06_m04_ro050_lh00,baseline,14.25,15.00,0.75,1,1,3,5,1,false
EXP-05,exp05_p06_m04_ro050_lh00,baseline,15.00,15.75,0.75,2,1,2,5,1,false
EXP-05,exp05_p06_m04_ro050_lh00,baseline,15.75,16.50,0.75,3,1,1,5,1,false
EXP-05,exp05_p06_m04_ro050_lh00,baseline,16.50,17.25,0.75,4,1,0,5,1,false
EXP-05,exp05_p06_m04_ro050_lh00,baseline,17.25,19.95,2.70,5,0,0,5,1,false
EXP-05,exp05_p06_m04_ro050_lh00,baseline,19.95,20.70,0.75,4,0,0,4,2,false
EXP-05,exp05_p06_m04_ro050_lh00,baseline,20.70,21.45,0.75,3,0,0,3,3,false
EXP-05,exp05_p06_m04_ro050_lh00,baseline,21.45,22.20,0.75,2,0,0,2,4,false
EXP-05,exp05_p06_m04_ro050_lh00,baseline,22.20,24.00,1.80,2,0,0,2,4,false
EXP-05,exp05_p06_m04_ro050_lh00,baseline,24.00,27.00,3.00,1,1,0,2,4,false
EXP-05,exp05_p06_m04_ro050_lh00,baseline,27.00,27.75,0.75,1,0,0,1,5,false
EXP-05,exp05_p06_m04_ro050_lh00,baseline,27.75,30.00,2.25,0,1,0,1,5,false
EXP-05,exp05_p06_m04_ro050_lh00,exact,0,1.50000,1.50000,0,1,0,1,5,false
EXP-05,exp05_p06_m04_ro050_lh00,exact,1.50000,2.25000,0.75000,1,1,0,2,4,false
EXP-05,exp05_p06_m04_ro050_lh00,exact,2.25000,6.75000,4.50000,2,0,0,2,4,false
EXP-05,exp05_p06_m04_ro050_lh00,exact,6.75000,7.50000,0.75000,1,1,0,2,4,false
EXP-05,exp05_p06_m04_ro050_lh00,exact,7.50000,10.50000,3.00000,1,0,0,1,5,false
EXP-05,exp05_p06_m04_ro050_lh00,exact,10.50000,12.00000,1.50000,0,1,0,1,5,false
EXP-05,exp05_p06_m04_ro050_lh00,exact,12.00000,14.25000,2.25000,0,1,0,1,5,false
EXP-05,exp05_p06_m04_ro050_lh00,exact,14.25000,15.00000,0.75000,1,1,0,2,4,false
EXP-05,exp05_p06_m04_ro050_lh00,exact,15.00000,15.75000,0.75000,2,1,0,3,3,false
EXP-05,exp05_p06_m04_ro050_lh00,exact,15.75000,16.50000,0.75000,3,1,0,4,2,false
EXP-05,exp05_p06_m04_ro050_lh00,exact,16.50000,17.25000,0.75000,4,1,0,5,1,false
EXP-05,exp05_p06_m04_ro050_lh00,exact,17.25000,19.95000,2.70000,5,0,0,5,1,false
EXP-05,exp05_p06_m04_ro050_lh00,exact,19.95000,20.70000,0.75000,4,0,0,4,2,false
EXP-05,exp05_p06_m04_ro050_lh00,exact,20.70000,21.45000,0.75000,3,0,0,3,3,false
EXP-05,exp05_p06_m04_ro050_lh00,exact,21.45000,22.20000,0.75000,2,0,0,2,4,false
EXP-05,exp05_p06_m04_ro050_lh00,exact,22.20000,24.00000,1.80000,2,0,0,2,4,false
EXP-05,exp05_p06_m04_ro050_lh00,exact,24.00000,27.00000,3.00000,1,1,0,2,4,false
EXP-05,exp05_p06_m04_ro050_lh00,exact,27.00000,27.75000,0.75000,1,0,0,1,5,false
EXP-05,exp05_p06_m04_ro050_lh00,exact,27.75000,30.00000,2.25000,0,1,0,1,5,false
EXP-05,exp05_p06_m04_ro050_lh05,baseline,0,1.50,1.50,0,1,1,2,4,false
EXP-05,exp05_p06_m04_ro050_lh05,baseline,1.50,2.25,0.75,1,1,0,2,4,false
EXP-05,exp05_p06_m04_ro050_lh05,baseline,2.25,6.75,4.50,2,0,0,2,4,false
EXP-05,exp05_p06_m04_ro050_lh05,baseline,6.75,7.50,0.75,1,1,0,2,4,false
EXP-05,exp05_p06_m04_ro050_lh05,baseline,7.50,10.50,3.00,1,0,0,1,5,false
EXP-05,exp05_p06_m04_ro050_lh05,baseline,10.50,12.00,1.50,0,1,0,1,5,false
EXP-05,exp05_p06_m04_ro050_lh05,baseline,12.00,14.25,2.25,0,1,4,5,1,false
EXP-05,exp05_p06_m04_ro050_lh05,baseline,14.25,15.225,0.975,1,1,3,5,1,false
EXP-05,exp05_p06_m04_ro050_lh05,baseline,15.225,16.200,0.975,2,1,2,5,1,false
EXP-05,exp05_p06_m04_ro050_lh05,baseline,16.200,17.175,0.975,3,1,1,5,1,false
EXP-05,exp05_p06_m04_ro050_lh05,baseline,17.175,18.150,0.975,4,1,0,5,1,false
EXP-05,exp05_p06_m04_ro050_lh05,baseline,18.150,19.950,1.800,5,0,0,5,1,false
EXP-05,exp05_p06_m04_ro050_lh05,baseline,19.950,20.925,0.975,4,0,0,4,2,false
EXP-05,exp05_p06_m04_ro050_lh05,baseline,20.925,21.900,0.975,3,0,0,3,3,false
EXP-05,exp05_p06_m04_ro050_lh05,baseline,21.900,22.875,0.975,2,0,0,2,4,false
EXP-05,exp05_p06_m04_ro050_lh05,baseline,22.875,23.775,0.900,2,0,0,2,4,false
EXP-05,exp05_p06_m04_ro050_lh05,baseline,23.775,27.675,3.900,1,1,0,2,4,false
EXP-05,exp05_p06_m04_ro050_lh05,baseline,27.675,27.75,0.075,1,0,0,1,5,false
EXP-05,exp05_p06_m04_ro050_lh05,baseline,27.75,30.00,2.25,0,1,0,1,5,false
EXP-05,exp05_p06_m04_ro050_lh05,exact,0,1.50000,1.50000,0,1,0,1,5,false
EXP-05,exp05_p06_m04_ro050_lh05,exact,1.50000,2.25000,0.75000,1,1,0,2,4,false
EXP-05,exp05_p06_m04_ro050_lh05,exact,2.25000,6.75000,4.50000,2,0,0,2,4,false
EXP-05,exp05_p06_m04_ro050_lh05,exact,6.75000,7.50000,0.75000,1,1,0,2,4,false
EXP-05,exp05_p06_m04_ro050_lh05,exact,7.50000,10.50000,3.00000,1,0,0,1,5,false
EXP-05,exp05_p06_m04_ro050_lh05,exact,10.50000,12.00000,1.50000,0,1,0,1,5,false
EXP-05,exp05_p06_m04_ro050_lh05,exact,12.00000,14.25000,2.25000,0,1,0,1,5,false
EXP-05,exp05_p06_m04_ro050_lh05,exact,14.25000,15.22500,0.97500,1,1,0,2,4,false
EXP-05,exp05_p06_m04_ro050_lh05,exact,15.22500,16.20000,0.97500,2,1,0,3,3,false
EXP-05,exp05_p06_m04_ro050_lh05,exact,16.20000,17.17500,0.97500,3,1,0,4,2,false
EXP-05,exp05_p06_m04_ro050_lh05,exact,17.17500,18.15000,0.97500,4,1,0,5,1,false
EXP-05,exp05_p06_m04_ro050_lh05,exact,18.15000,19.95000,1.80000,5,0,0,5,1,false
EXP-05,exp05_p06_m04_ro050_lh05,exact,19.95000,20.92500,0.97500,4,0,0,4,2,false
EXP-05,exp05_p06_m04_ro050_lh05,exact,20.92500,21.90000,0.97500,3,0,0,3,3,false
EXP-05,exp05_p06_m04_ro050_lh05,exact,21.90000,22.87500,0.97500,2,0,0,2,4,false
EXP-05,exp05_p06_m04_ro050_lh05,exact,22.87500,23.77500,0.90000,2,0,0,2,4,false
EXP-05,exp05_p06_m04_ro050_lh05,exact,23.77500,27.67500,3.90000,1,1,0,2,4,false
EXP-05,exp05_p06_m04_ro050_lh05,exact,27.67500,27.75000,0.07500,1,0,0,1,5,false
EXP-05,exp05_p06_m04_ro050_lh05,exact,27.75000,30.00000,2.25000,0,1,0,1,5,false
EXP-05,exp05_p06_m04_ro100_lh00,baseline,0,1.50,1.50,0,1,1,2,4,false
EXP-05,exp05_p06_m04_ro100_lh00,baseline,1.50,2.25,0.75,1,1,0,2,4,false
EXP-05,exp05_p06_m04_ro100_lh00,baseline,2.25,6.75,4.50,2,0,0,2,4,false
EXP-05,exp05_p06_m04_ro100_lh00,baseline,6.75,7.50,0.75,1,1,0,2,4,false
EXP-05,exp05_p06_m04_ro100_lh00,baseline,7.50,10.50,3.00,1,0,0,1,5,false
EXP-05,exp05_p06_m04_ro100_lh00,baseline,10.50,12.00,1.50,0,1,0,1,5,false
EXP-05,exp05_p06_m04_ro100_lh00,baseline,12.00,14.25,2.25,0,1,4,5,1,false
EXP-05,exp05_p06_m04_ro100_lh00,baseline,14.25,15.00,0.75,1,1,3,5,1,false
EXP-05,exp05_p06_m04_ro100_lh00,baseline,15.00,15.75,0.75,2,1,2,5,1,false
EXP-05,exp05_p06_m04_ro100_lh00,baseline,15.75,16.50,0.75,3,1,1,5,1,false
EXP-05,exp05_p06_m04_ro100_lh00,baseline,16.50,17.25,0.75,4,1,0,5,1,false
EXP-05,exp05_p06_m04_ro100_lh00,baseline,17.25,20.40,3.15,5,0,0,5,1,false
EXP-05,exp05_p06_m04_ro100_lh00,baseline,20.40,21.15,0.75,4,0,0,4,2,false
EXP-05,exp05_p06_m04_ro100_lh00,baseline,21.15,21.90,0.75,3,0,0,3,3,false
EXP-05,exp05_p06_m04_ro100_lh00,baseline,21.90,22.65,0.75,2,0,0,2,4,false
EXP-05,exp05_p06_m04_ro100_lh00,baseline,22.65,26.25,3.60,2,0,0,2,4,false
EXP-05,exp05_p06_m04_ro100_lh00,baseline,26.25,27.75,1.50,1,1,0,2,4,false
EXP-05,exp05_p06_m04_ro100_lh00,baseline,27.75,29.25,1.50,0,1,1,2,4,false
EXP-05,exp05_p06_m04_ro100_lh00,baseline,29.25,31.50,2.25,0,1,0,1,5,false
EXP-05,exp05_p06_m04_ro100_lh00,exact,0,1.50000,1.50000,0,1,0,1,5,false
EXP-05,exp05_p06_m04_ro100_lh00,exact,1.50000,2.25000,0.75000,1,1,0,2,4,false
EXP-05,exp05_p06_m04_ro100_lh00,exact,2.25000,6.75000,4.50000,2,0,0,2,4,false
EXP-05,exp05_p06_m04_ro100_lh00,exact,6.75000,7.50000,0.75000,1,1,0,2,4,false
EXP-05,exp05_p06_m04_ro100_lh00,exact,7.50000,10.50000,3.00000,1,0,0,1,5,false
EXP-05,exp05_p06_m04_ro100_lh00,exact,10.50000,12.00000,1.50000,0,1,0,1,5,false
EXP-05,exp05_p06_m04_ro100_lh00,exact,12.00000,12.75000,0.75000,0,1,0,1,5,false
EXP-05,exp05_p06_m04_ro100_lh00,exact,12.75000,13.50000,0.75000,1,1,0,2,4,false
EXP-05,exp05_p06_m04_ro100_lh00,exact,13.50000,15.75000,2.25000,2,1,0,3,3,false
EXP-05,exp05_p06_m04_ro100_lh00,exact,15.75000,16.50000,0.75000,3,1,0,4,2,false
EXP-05,exp05_p06_m04_ro100_lh00,exact,16.50000,17.25000,0.75000,4,1,0,5,1,false
EXP-05,exp05_p06_m04_ro100_lh00,exact,17.25000,18.15000,0.90000,5,0,0,5,1,false
EXP-05,exp05_p06_m04_ro100_lh00,exact,18.15000,18.90000,0.75000,4,0,0,4,2,false
EXP-05,exp05_p06_m04_ro100_lh00,exact,18.90000,21.90000,3.00000,3,0,0,3,3,false
EXP-05,exp05_p06_m04_ro100_lh00,exact,21.90000,22.65000,0.75000,2,0,0,2,4,false
EXP-05,exp05_p06_m04_ro100_lh00,exact,22.65000,26.25000,3.60000,2,0,0,2,4,false
EXP-05,exp05_p06_m04_ro100_lh00,exact,26.25000,29.25000,3.00000,1,1,0,2,4,false
EXP-05,exp05_p06_m04_ro100_lh00,exact,29.25000,31.50000,2.25000,0,1,0,1,5,false
EXP-05,exp05_p06_m04_ro100_lh05,baseline,0,1.50,1.50,0,1,1,2,4,false
EXP-05,exp05_p06_m04_ro100_lh05,baseline,1.50,2.25,0.75,1,1,0,2,4,false
EXP-05,exp05_p06_m04_ro100_lh05,baseline,2.25,6.75,4.50,2,0,0,2,4,false
EXP-05,exp05_p06_m04_ro100_lh05,baseline,6.75,7.50,0.75,1,1,0,2,4,false
EXP-05,exp05_p06_m04_ro100_lh05,baseline,7.50,10.50,3.00,1,0,0,1,5,false
EXP-05,exp05_p06_m04_ro100_lh05,baseline,10.50,12.00,1.50,0,1,0,1,5,false
EXP-05,exp05_p06_m04_ro100_lh05,baseline,12.00,14.25,2.25,0,1,4,5,1,false
EXP-05,exp05_p06_m04_ro100_lh05,baseline,14.25,15.450,1.200,1,1,3,5,1,false
EXP-05,exp05_p06_m04_ro100_lh05,baseline,15.450,16.650,1.200,2,1,2,5,1,false
EXP-05,exp05_p06_m04_ro100_lh05,baseline,16.650,17.850,1.200,3,1,1,5,1,false
EXP-05,exp05_p06_m04_ro100_lh05,baseline,17.850,19.050,1.200,4,1,0,5,1,false
EXP-05,exp05_p06_m04_ro100_lh05,baseline,19.050,20.400,1.350,5,0,0,5,1,false
EXP-05,exp05_p06_m04_ro100_lh05,baseline,20.400,21.600,1.200,4,0,0,4,2,false
EXP-05,exp05_p06_m04_ro100_lh05,baseline,21.600,22.800,1.200,3,0,0,3,3,false
EXP-05,exp05_p06_m04_ro100_lh05,baseline,22.800,24.000,1.200,2,0,0,2,4,false
EXP-05,exp05_p06_m04_ro100_lh05,baseline,24.000,25.800,1.800,2,0,0,2,4,false
EXP-05,exp05_p06_m04_ro100_lh05,baseline,25.800,27.75,1.950,1,1,0,2,4,false
EXP-05,exp05_p06_m04_ro100_lh05,baseline,27.75,30.600,2.850,0,1,1,2,4,false
EXP-05,exp05_p06_m04_ro100_lh05,baseline,30.600,32.850,2.250,0,1,0,1,5,false
EXP-05,exp05_p06_m04_ro100_lh05,exact,0,1.50000,1.50000,0,1,0,1,5,false
EXP-05,exp05_p06_m04_ro100_lh05,exact,1.50000,2.25000,0.75000,1,1,0,2,4,false
EXP-05,exp05_p06_m04_ro100_lh05,exact,2.25000,6.75000,4.50000,2,0,0,2,4,false
EXP-05,exp05_p06_m04_ro100_lh05,exact,6.75000,7.50000,0.75000,1,1,0,2,4,false
EXP-05,exp05_p06_m04_ro100_lh05,exact,7.50000,10.50000,3.00000,1,0,0,1,5,false
EXP-05,exp05_p06_m04_ro100_lh05,exact,10.50000,12.00000,1.50000,0,1,0,1,5,false
EXP-05,exp05_p06_m04_ro100_lh05,exact,12.00000,13.20000,1.20000,0,1,0,1,5,false
EXP-05,exp05_p06_m04_ro100_lh05,exact,13.20000,14.40000,1.20000,1,1,0,2,4,false
EXP-05,exp05_p06_m04_ro100_lh05,exact,14.40000,16.65000,2.25000,2,1,0,3,3,false
EXP-05,exp05_p06_m04_ro100_lh05,exact,16.65000,17.85000,1.20000,3,1,0,4,2,false
EXP-05,exp05_p06_m04_ro100_lh05,exact,17.85000,18.15000,0.30000,4,1,0,5,1,false
EXP-05,exp05_p06_m04_ro100_lh05,exact,18.15000,19.05000,0.90000,3,1,0,4,2,false
EXP-05,exp05_p06_m04_ro100_lh05,exact,19.05000,19.35000,0.30000,4,0,0,4,2,false
EXP-05,exp05_p06_m04_ro100_lh05,exact,19.35000,22.80000,3.45000,3,0,0,3,3,false
EXP-05,exp05_p06_m04_ro100_lh05,exact,22.80000,24.00000,1.20000,2,0,0,2,4,false
EXP-05,exp05_p06_m04_ro100_lh05,exact,24.00000,25.80000,1.80000,2,0,0,2,4,false
EXP-05,exp05_p06_m04_ro100_lh05,exact,25.80000,30.15000,4.35000,1,1,0,2,4,false
EXP-05,exp05_p06_m04_ro100_lh05,exact,30.15000,30.60000,0.45000,0,1,1,2,4,false
EXP-05,exp05_p06_m04_ro100_lh05,exact,30.60000,32.85000,2.25000,0,1,0,1,5,false
EXP-05,exp05_p06_m06_ro000_lh00,baseline,0,1.50,1.50,0,1,1,2,4,false
EXP-05,exp05_p06_m06_ro000_lh00,baseline,1.50,2.25,0.75,1,1,0,2,4,false
EXP-05,exp05_p06_m06_ro000_lh00,baseline,2.25,6.75,4.50,2,0,0,2,4,false
EXP-05,exp05_p06_m06_ro000_lh00,baseline,6.75,7.50,0.75,1,1,0,2,4,false
EXP-05,exp05_p06_m06_ro000_lh00,baseline,7.50,10.50,3.00,1,0,0,1,5,false
EXP-05,exp05_p06_m06_ro000_lh00,baseline,10.50,12.00,1.50,0,1,0,1,5,false
EXP-05,exp05_p06_m06_ro000_lh00,baseline,12.00,14.25,2.25,0,1,5,6,0,true
EXP-05,exp05_p06_m06_ro000_lh00,baseline,14.25,14.75,0.50,1,1,4,6,0,false
EXP-05,exp05_p06_m06_ro000_lh00,baseline,14.75,15.25,0.50,2,1,3,6,0,false
EXP-05,exp05_p06_m06_ro000_lh00,baseline,15.25,15.75,0.50,3,1,2,6,0,false
EXP-05,exp05_p06_m06_ro000_lh00,baseline,15.75,16.25,0.50,4,1,1,6,0,false
EXP-05,exp05_p06_m06_ro000_lh00,baseline,16.25,16.75,0.50,5,1,0,6,0,false
EXP-05,exp05_p06_m06_ro000_lh00,baseline,16.75,17.75,1.00,6,0,0,6,0,false
EXP-05,exp05_p06_m06_ro000_lh00,baseline,17.75,18.25,0.50,5,1,0,6,0,false
EXP-05,exp05_p06_m06_ro000_lh00,baseline,18.25,18.75,0.50,5,0,0,5,1,false
EXP-05,exp05_p06_m06_ro000_lh00,baseline,18.75,19.25,0.50,4,0,0,4,2,false
EXP-05,exp05_p06_m06_ro000_lh00,baseline,19.25,19.75,0.50,3,0,0,3,3,false
EXP-05,exp05_p06_m06_ro000_lh00,baseline,19.75,21.25,1.50,2,0,0,2,4,false
EXP-05,exp05_p06_m06_ro000_lh00,baseline,21.25,24.25,3.00,1,1,0,2,4,false
EXP-05,exp05_p06_m06_ro000_lh00,baseline,24.25,27.75,3.50,1,0,0,1,5,false
EXP-05,exp05_p06_m06_ro000_lh00,baseline,27.75,30.00,2.25,0,1,0,1,5,false
EXP-05,exp05_p06_m06_ro000_lh00,exact,0,1.50000,1.50000,0,1,0,1,5,false
EXP-05,exp05_p06_m06_ro000_lh00,exact,1.50000,2.25000,0.75000,1,1,0,2,4,false
EXP-05,exp05_p06_m06_ro000_lh00,exact,2.25000,6.75000,4.50000,2,0,0,2,4,false
EXP-05,exp05_p06_m06_ro000_lh00,exact,6.75000,7.50000,0.75000,1,1,0,2,4,false
EXP-05,exp05_p06_m06_ro000_lh00,exact,7.50000,10.50000,3.00000,1,0,0,1,5,false
EXP-05,exp05_p06_m06_ro000_lh00,exact,10.50000,12.00000,1.50000,0,1,0,1,5,false
EXP-05,exp05_p06_m06_ro000_lh00,exact,12.00000,14.25000,2.25000,0,1,0,1,5,false
EXP-05,exp05_p06_m06_ro000_lh00,exact,14.25000,14.75000,0.50000,1,1,0,2,4,false
EXP-05,exp05_p06_m06_ro000_lh00,exact,14.75000,15.25000,0.50000,2,1,0,3,3,false
EXP-05,exp05_p06_m06_ro000_lh00,exact,15.25000,15.75000,0.50000,3,1,0,4,2,false
EXP-05,exp05_p06_m06_ro000_lh00,exact,15.75000,16.25000,0.50000,4,1,0,5,1,false
EXP-05,exp05_p06_m06_ro000_lh00,exact,16.25000,16.75000,0.50000,5,1,0,6,0,false
EXP-05,exp05_p06_m06_ro000_lh00,exact,16.75000,17.75000,1.00000,6,0,0,6,0,false
EXP-05,exp05_p06_m06_ro000_lh00,exact,17.75000,18.25000,0.50000,5,0,0,5,1,false
EXP-05,exp05_p06_m06_ro000_lh00,exact,18.25000,18.75000,0.50000,4,0,0,4,2,false
EXP-05,exp05_p06_m06_ro000_lh00,exact,18.75000,19.25000,0.50000,3,0,0,3,3,false
EXP-05,exp05_p06_m06_ro000_lh00,exact,19.25000,19.75000,0.50000,2,1,0,3,3,false
EXP-05,exp05_p06_m06_ro000_lh00,exact,19.75000,22.75000,3.00000,2,0,0,2,4,false
EXP-05,exp05_p06_m06_ro000_lh00,exact,22.75000,25.75000,3.00000,1,1,0,2,4,false
EXP-05,exp05_p06_m06_ro000_lh00,exact,25.75000,27.75000,2.00000,1,0,0,1,5,false
EXP-05,exp05_p06_m06_ro000_lh00,exact,27.75000,30.00000,2.25000,0,1,0,1,5,false
EXP-05,exp05_p06_m06_ro050_lh00,baseline,0,1.50,1.50,0,1,1,2,4,false
EXP-05,exp05_p06_m06_ro050_lh00,baseline,1.50,2.25,0.75,1,1,0,2,4,false
EXP-05,exp05_p06_m06_ro050_lh00,baseline,2.25,6.75,4.50,2,0,0,2,4,false
EXP-05,exp05_p06_m06_ro050_lh00,baseline,6.75,7.50,0.75,1,1,0,2,4,false
EXP-05,exp05_p06_m06_ro050_lh00,baseline,7.50,10.50,3.00,1,0,0,1,5,false
EXP-05,exp05_p06_m06_ro050_lh00,baseline,10.50,12.00,1.50,0,1,0,1,5,false
EXP-05,exp05_p06_m06_ro050_lh00,baseline,12.00,14.25,2.25,0,1,5,6,0,true
EXP-05,exp05_p06_m06_ro050_lh00,baseline,14.25,14.75,0.50,1,1,4,6,0,false
EXP-05,exp05_p06_m06_ro050_lh00,baseline,14.75,15.25,0.50,2,1,3,6,0,false
EXP-05,exp05_p06_m06_ro050_lh00,baseline,15.25,15.75,0.50,3,1,2,6,0,false
EXP-05,exp05_p06_m06_ro050_lh00,baseline,15.75,16.25,0.50,4,1,1,6,0,false
EXP-05,exp05_p06_m06_ro050_lh00,baseline,16.25,16.75,0.50,5,1,0,6,0,false
EXP-05,exp05_p06_m06_ro050_lh00,baseline,16.75,18.25,1.50,6,0,0,6,0,false
EXP-05,exp05_p06_m06_ro050_lh00,baseline,18.25,18.75,0.50,5,1,0,6,0,false
EXP-05,exp05_p06_m06_ro050_lh00,baseline,18.75,19.25,0.50,5,0,0,5,1,false
EXP-05,exp05_p06_m06_ro050_lh00,baseline,19.25,19.75,0.50,4,0,0,4,2,false
EXP-05,exp05_p06_m06_ro050_lh00,baseline,19.75,20.25,0.50,3,0,0,3,3,false
EXP-05,exp05_p06_m06_ro050_lh00,baseline,20.25,22.25,2.00,2,0,0,2,4,false
EXP-05,exp05_p06_m06_ro050_lh00,baseline,22.25,25.25,3.00,2,0,0,2,4,false
EXP-05,exp05_p06_m06_ro050_lh00,baseline,25.25,27.75,2.50,1,1,0,2,4,false
EXP-05,exp05_p06_m06_ro050_lh00,baseline,27.75,28.25,0.50,0,1,1,2,4,false
EXP-05,exp05_p06_m06_ro050_lh00,baseline,28.25,30.50,2.25,0,1,0,1,5,false
EXP-05,exp05_p06_m06_ro050_lh00,exact,0,1.50000,1.50000,0,1,0,1,5,false
EXP-05,exp05_p06_m06_ro050_lh00,exact,1.50000,2.25000,0.75000,1,1,0,2,4,false
EXP-05,exp05_p06_m06_ro050_lh00,exact,2.25000,6.75000,4.50000,2,0,0,2,4,false
EXP-05,exp05_p06_m06_ro050_lh00,exact,6.75000,7.50000,0.75000,1,1,0,2,4,false
EXP-05,exp05_p06_m06_ro050_lh00,exact,7.50000,10.50000,3.00000,1,0,0,1,5,false
EXP-05,exp05_p06_m06_ro050_lh00,exact,10.50000,12.00000,1.50000,0,1,0,1,5,false
EXP-05,exp05_p06_m06_ro050_lh00,exact,12.00000,12.50000,0.50000,0,1,0,1,5,false
EXP-05,exp05_p06_m06_ro050_lh00,exact,12.50000,14.75000,2.25000,1,1,0,2,4,false
EXP-05,exp05_p06_m06_ro050_lh00,exact,14.75000,15.25000,0.50000,2,1,0,3,3,false
EXP-05,exp05_p06_m06_ro050_lh00,exact,15.25000,15.75000,0.50000,3,1,0,4,2,false
EXP-05,exp05_p06_m06_ro050_lh00,exact,15.75000,16.00000,0.25000,4,1,0,5,1,false
EXP-05,exp05_p06_m06_ro050_lh00,exact,16.00000,16.25000,0.25000,3,1,0,4,2,false
EXP-05,exp05_p06_m06_ro050_lh00,exact,16.25000,16.75000,0.50000,4,1,0,5,1,false
EXP-05,exp05_p06_m06_ro050_lh00,exact,16.75000,17.25000,0.50000,5,1,0,6,0,false
EXP-05,exp05_p06_m06_ro050_lh00,exact,17.25000,18.75000,1.50000,6,0,0,6,0,false
EXP-05,exp05_p06_m06_ro050_lh00,exact,18.75000,19.25000,0.50000,5,0,0,5,1,false
EXP-05,exp05_p06_m06_ro050_lh00,exact,19.25000,19.75000,0.50000,4,0,0,4,2,false
EXP-05,exp05_p06_m06_ro050_lh00,exact,19.75000,20.25000,0.50000,3,0,0,3,3,false
EXP-05,exp05_p06_m06_ro050_lh00,exact,20.25000,20.75000,0.50000,2,0,0,2,4,false
EXP-05,exp05_p06_m06_ro050_lh00,exact,20.75000,23.75000,3.00000,2,0,0,2,4,false
EXP-05,exp05_p06_m06_ro050_lh00,exact,23.75000,26.75000,3.00000,1,1,0,2,4,false
EXP-05,exp05_p06_m06_ro050_lh00,exact,26.75000,28.25000,1.50000,1,0,0,1,5,false
EXP-05,exp05_p06_m06_ro050_lh00,exact,28.25000,30.50000,2.25000,0,1,0,1,5,false
EXP-05,exp05_p06_m06_ro050_lh05,baseline,0,1.50,1.50,0,1,1,2,4,false
EXP-05,exp05_p06_m06_ro050_lh05,baseline,1.50,2.25,0.75,1,1,0,2,4,false
EXP-05,exp05_p06_m06_ro050_lh05,baseline,2.25,6.75,4.50,2,0,0,2,4,false
EXP-05,exp05_p06_m06_ro050_lh05,baseline,6.75,7.50,0.75,1,1,0,2,4,false
EXP-05,exp05_p06_m06_ro050_lh05,baseline,7.50,10.50,3.00,1,0,0,1,5,false
EXP-05,exp05_p06_m06_ro050_lh05,baseline,10.50,12.00,1.50,0,1,0,1,5,false
EXP-05,exp05_p06_m06_ro050_lh05,baseline,12.00,14.25,2.25,0,1,5,6,0,true
EXP-05,exp05_p06_m06_ro050_lh05,baseline,14.25,15.000,0.750,1,1,4,6,0,false
EXP-05,exp05_p06_m06_ro050_lh05,baseline,15.000,15.750,0.750,2,1,3,6,0,false
EXP-05,exp05_p06_m06_ro050_lh05,baseline,15.750,16.500,0.750,3,1,2,6,0,false
EXP-05,exp05_p06_m06_ro050_lh05,baseline,16.500,17.250,0.750,4,1,1,6,0,false
EXP-05,exp05_p06_m06_ro050_lh05,baseline,17.250,18.000,0.750,5,1,0,6,0,false
EXP-05,exp05_p06_m06_ro050_lh05,baseline,18.000,18.250,0.250,6,0,0,6,0,false
EXP-05,exp05_p06_m06_ro050_lh05,baseline,18.250,19.000,0.750,5,1,0,6,0,false
EXP-05,exp05_p06_m06_ro050_lh05,baseline,19.000,19.750,0.750,5,0,0,5,1,false
EXP-05,exp05_p06_m06_ro050_lh05,baseline,19.750,20.500,0.750,4,0,0,4,2,false
EXP-05,exp05_p06_m06_ro050_lh05,baseline,20.500,21.250,0.750,3,0,0,3,3,false
EXP-05,exp05_p06_m06_ro050_lh05,baseline,21.250,22.250,1.000,2,0,0,2,4,false
EXP-05,exp05_p06_m06_ro050_lh05,baseline,22.250,23.750,1.500,2,0,0,2,4,false
EXP-05,exp05_p06_m06_ro050_lh05,baseline,23.750,27.75,4.000,1,1,0,2,4,false
EXP-05,exp05_p06_m06_ro050_lh05,baseline,27.75,28.250,0.500,0,1,1,2,4,false
EXP-05,exp05_p06_m06_ro050_lh05,baseline,28.250,30.500,2.250,0,1,0,1,5,false
EXP-05,exp05_p06_m06_ro050_lh05,exact,0,1.50000,1.50000,0,1,0,1,5,false
EXP-05,exp05_p06_m06_ro050_lh05,exact,1.50000,2.25000,0.75000,1,1,0,2,4,false
EXP-05,exp05_p06_m06_ro050_lh05,exact,2.25000,6.75000,4.50000,2,0,0,2,4,false
EXP-05,exp05_p06_m06_ro050_lh05,exact,6.75000,7.50000,0.75000,1,1,0,2,4,false
EXP-05,exp05_p06_m06_ro050_lh05,exact,7.50000,10.50000,3.00000,1,0,0,1,5,false
EXP-05,exp05_p06_m06_ro050_lh05,exact,10.50000,12.00000,1.50000,0,1,0,1,5,false
EXP-05,exp05_p06_m06_ro050_lh05,exact,12.00000,14.25000,2.25000,0,1,0,1,5,false
EXP-05,exp05_p06_m06_ro050_lh05,exact,14.25000,15.00000,0.75000,1,1,0,2,4,false
EXP-05,exp05_p06_m06_ro050_lh05,exact,15.00000,15.75000,0.75000,2,1,0,3,3,false
EXP-05,exp05_p06_m06_ro050_lh05,exact,15.75000,16.50000,0.75000,3,1,0,4,2,false
EXP-05,exp05_p06_m06_ro050_lh05,exact,16.50000,17.25000,0.75000,4,1,0,5,1,false
EXP-05,exp05_p06_m06_ro050_lh05,exact,17.25000,18.00000,0.75000,5,1,0,6,0,false
EXP-05,exp05_p06_m06_ro050_lh05,exact,18.00000,18.25000,0.25000,6,0,0,6,0,false
EXP-05,exp05_p06_m06_ro050_lh05,exact,18.25000,19.00000,0.75000,5,1,0,6,0,false
EXP-05,exp05_p06_m06_ro050_lh05,exact,19.00000,19.75000,0.75000,5,0,0,5,1,false
EXP-05,exp05_p06_m06_ro050_lh05,exact,19.75000,20.50000,0.75000,4,0,0,4,2,false
EXP-05,exp05_p06_m06_ro050_lh05,exact,20.50000,21.25000,0.75000,3,0,0,3,3,false
EXP-05,exp05_p06_m06_ro050_lh05,exact,21.25000,22.25000,1.00000,2,0,0,2,4,false
EXP-05,exp05_p06_m06_ro050_lh05,exact,22.25000,23.75000,1.50000,2,0,0,2,4,false
EXP-05,exp05_p06_m06_ro050_lh05,exact,23.75000,27.75000,4.00000,1,1,0,2,4,false
EXP-05,exp05_p06_m06_ro050_lh05,exact,27.75000,28.25000,0.50000,0,1,1,2,4,false
EXP-05,exp05_p06_m06_ro050_lh05,exact,28.25000,30.50000,2.25000,0,1,0,1,5,false
EXP-05,exp05_p06_m06_ro100_lh00,baseline,0,1.50,1.50,0,1,1,2,4,false
EXP-05,exp05_p06_m06_ro100_lh00,baseline,1.50,2.25,0.75,1,1,0,2,4,false
EXP-05,exp05_p06_m06_ro100_lh00,baseline,2.25,6.75,4.50,2,0,0,2,4,false
EXP-05,exp05_p06_m06_ro100_lh00,baseline,6.75,7.50,0.75,1,1,0,2,4,false
EXP-05,exp05_p06_m06_ro100_lh00,baseline,7.50,10.50,3.00,1,0,0,1,5,false
EXP-05,exp05_p06_m06_ro100_lh00,baseline,10.50,12.00,1.50,0,1,0,1,5,false
EXP-05,exp05_p06_m06_ro100_lh00,baseline,12.00,14.25,2.25,0,1,5,6,0,true
EXP-05,exp05_p06_m06_ro100_lh00,baseline,14.25,14.75,0.50,1,1,4,6,0,false
EXP-05,exp05_p06_m06_ro100_lh00,baseline,14.75,15.25,0.50,2,1,3,6,0,false
EXP-05,exp05_p06_m06_ro100_lh00,baseline,15.25,15.75,0.50,3,1,2,6,0,false
EXP-05,exp05_p06_m06_ro100_lh00,baseline,15.75,16.25,0.50,4,1,1,6,0,false
EXP-05,exp05_p06_m06_ro100_lh00,baseline,16.25,16.75,0.50,5,1,0,6,0,false
EXP-05,exp05_p06_m06_ro100_lh00,baseline,16.75,18.75,2.00,6,0,0,6,0,false
EXP-05,exp05_p06_m06_ro100_lh00,baseline,18.75,19.25,0.50,5,1,0,6,0,false
EXP-05,exp05_p06_m06_ro100_lh00,baseline,19.25,19.75,0.50,5,0,0,5,1,false
EXP-05,exp05_p06_m06_ro100_lh00,baseline,19.75,20.25,0.50,4,0,0,4,2,false
EXP-05,exp05_p06_m06_ro100_lh00,baseline,20.25,20.75,0.50,3,0,0,3,3,false
EXP-05,exp05_p06_m06_ro100_lh00,baseline,20.75,23.25,2.50,2,0,0,2,4,false
EXP-05,exp05_p06_m06_ro100_lh00,baseline,23.25,27.75,4.50,2,0,0,2,4,false
EXP-05,exp05_p06_m06_ro100_lh00,baseline,27.75,29.25,1.50,1,1,0,2,4,false
EXP-05,exp05_p06_m06_ro100_lh00,baseline,29.25,30.00,0.75,0,1,1,2,4,false
EXP-05,exp05_p06_m06_ro100_lh00,baseline,30.00,33.00,3.00,0,1,0,1,5,false
EXP-05,exp05_p06_m06_ro100_lh00,exact,0,1.50000,1.50000,0,1,0,1,5,false
EXP-05,exp05_p06_m06_ro100_lh00,exact,1.50000,2.25000,0.75000,1,1,0,2,4,false
EXP-05,exp05_p06_m06_ro100_lh00,exact,2.25000,6.75000,4.50000,2,0,0,2,4,false
EXP-05,exp05_p06_m06_ro100_lh00,exact,6.75000,7.50000,0.75000,1,1,0,2,4,false
EXP-05,exp05_p06_m06_ro100_lh00,exact,7.50000,10.50000,3.00000,1,0,0,1,5,false
EXP-05,exp05_p06_m06_ro100_lh00,exact,10.50000,12.00000,1.50000,0,1,0,1,5,false
EXP-05,exp05_p06_m06_ro100_lh00,exact,12.00000,12.50000,0.50000,0,1,0,1,5,false
EXP-05,exp05_p06_m06_ro100_lh00,exact,12.50000,13.00000,0.50000,1,1,0,2,4,false
EXP-05,exp05_p06_m06_ro100_lh00,exact,13.00000,13.50000,0.50000,2,1,0,3,3,false
EXP-05,exp05_p06_m06_ro100_lh00,exact,13.50000,14.00000,0.50000,3,1,0,4,2,false
EXP-05,exp05_p06_m06_ro100_lh00,exact,14.00000,14.50000,0.50000,4,1,0,5,1,false
EXP-05,exp05_p06_m06_ro100_lh00,exact,14.50000,16.50000,2.00000,5,1,0,6,0,false
EXP-05,exp05_p06_m06_ro100_lh00,exact,16.50000,16.75000,0.25000,4,1,0,5,1,false
EXP-05,exp05_p06_m06_ro100_lh00,exact,16.75000,17.00000,0.25000,5,1,0,6,0,false
EXP-05,exp05_p06_m06_ro100_lh00,exact,17.00000,17.25000,0.25000,4,1,0,5,1,false
EXP-05,exp05_p06_m06_ro100_lh00,exact,17.25000,17.50000,0.25000,5,0,0,5,1,false
EXP-05,exp05_p06_m06_ro100_lh00,exact,17.50000,18.00000,0.50000,4,0,0,4,2,false
EXP-05,exp05_p06_m06_ro100_lh00,exact,18.00000,18.50000,0.50000,3,0,0,3,3,false
EXP-05,exp05_p06_m06_ro100_lh00,exact,18.50000,21.25000,2.75000,2,0,0,2,4,false
EXP-05,exp05_p06_m06_ro100_lh00,exact,21.25000,27.25000,6.00000,2,0,0,2,4,false
EXP-05,exp05_p06_m06_ro100_lh00,exact,27.25000,30.25000,3.00000,1,1,0,2,4,false
EXP-05,exp05_p06_m06_ro100_lh00,exact,30.25000,32.50000,2.25000,0,1,0,1,5,false
EXP-05,exp05_p06_m06_ro100_lh05,baseline,0,1.50,1.50,0,1,1,2,4,false
EXP-05,exp05_p06_m06_ro100_lh05,baseline,1.50,2.25,0.75,1,1,0,2,4,false
EXP-05,exp05_p06_m06_ro100_lh05,baseline,2.25,6.75,4.50,2,0,0,2,4,false
EXP-05,exp05_p06_m06_ro100_lh05,baseline,6.75,7.50,0.75,1,1,0,2,4,false
EXP-05,exp05_p06_m06_ro100_lh05,baseline,7.50,10.50,3.00,1,0,0,1,5,false
EXP-05,exp05_p06_m06_ro100_lh05,baseline,10.50,12.00,1.50,0,1,0,1,5,false
EXP-05,exp05_p06_m06_ro100_lh05,baseline,12.00,14.25,2.25,0,1,5,6,0,true
EXP-05,exp05_p06_m06_ro100_lh05,baseline,14.25,15.250,1.000,1,1,4,6,0,false
EXP-05,exp05_p06_m06_ro100_lh05,baseline,15.250,16.250,1.000,2,1,3,6,0,false
EXP-05,exp05_p06_m06_ro100_lh05,baseline,16.250,17.250,1.000,3,1,2,6,0,false
EXP-05,exp05_p06_m06_ro100_lh05,baseline,17.250,18.250,1.000,4,1,1,6,0,false
EXP-05,exp05_p06_m06_ro100_lh05,baseline,18.250,18.750,0.500,5,1,0,6,0,false
EXP-05,exp05_p06_m06_ro100_lh05,baseline,18.750,19.250,0.500,4,1,1,6,0,false
EXP-05,exp05_p06_m06_ro100_lh05,baseline,19.250,19.750,0.500,5,1,0,6,0,false
EXP-05,exp05_p06_m06_ro100_lh05,baseline,19.750,20.250,0.500,4,1,0,5,1,false
EXP-05,exp05_p06_m06_ro100_lh05,baseline,20.250,20.750,0.500,5,0,0,5,1,false
EXP-05,exp05_p06_m06_ro100_lh05,baseline,20.750,21.750,1.000,4,0,0,4,2,false
EXP-05,exp05_p06_m06_ro100_lh05,baseline,21.750,22.750,1.000,3,0,0,3,3,false
EXP-05,exp05_p06_m06_ro100_lh05,baseline,22.750,23.750,1.000,2,0,0,2,4,false
EXP-05,exp05_p06_m06_ro100_lh05,baseline,23.750,26.750,3.000,2,0,0,2,4,false
EXP-05,exp05_p06_m06_ro100_lh05,baseline,26.750,27.75,1.000,1,1,0,2,4,false
EXP-05,exp05_p06_m06_ro100_lh05,baseline,27.75,32.750,5.000,0,1,1,2,4,false
EXP-05,exp05_p06_m06_ro100_lh05,baseline,32.750,35.000,2.250,0,1,0,1,5,false
EXP-05,exp05_p06_m06_ro100_lh05,exact,0,1.50000,1.50000,0,1,0,1,5,false
EXP-05,exp05_p06_m06_ro100_lh05,exact,1.50000,2.25000,0.75000,1,1,0,2,4,false
EXP-05,exp05_p06_m06_ro100_lh05,exact,2.25000,6.75000,4.50000,2,0,0,2,4,false
EXP-05,exp05_p06_m06_ro100_lh05,exact,6.75000,7.50000,0.75000,1,1,0,2,4,false
EXP-05,exp05_p06_m06_ro100_lh05,exact,7.50000,10.50000,3.00000,1,0,0,1,5,false
EXP-05,exp05_p06_m06_ro100_lh05,exact,10.50000,12.00000,1.50000,0,1,0,1,5,false
EXP-05,exp05_p06_m06_ro100_lh05,exact,12.00000,13.00000,1.00000,0,1,0,1,5,false
EXP-05,exp05_p06_m06_ro100_lh05,exact,13.00000,14.00000,1.00000,1,1,0,2,4,false
EXP-05,exp05_p06_m06_ro100_lh05,exact,14.00000,15.00000,1.00000,2,1,0,3,3,false
EXP-05,exp05_p06_m06_ro100_lh05,exact,15.00000,16.00000,1.00000,3,1,0,4,2,false
EXP-05,exp05_p06_m06_ro100_lh05,exact,16.00000,16.50000,0.50000,4,1,0,5,1,false
EXP-05,exp05_p06_m06_ro100_lh05,exact,16.50000,17.50000,1.00000,3,1,0,4,2,false
EXP-05,exp05_p06_m06_ro100_lh05,exact,17.50000,18.25000,0.75000,2,1,0,3,3,false
EXP-05,exp05_p06_m06_ro100_lh05,exact,18.25000,18.50000,0.25000,3,1,0,4,2,false
EXP-05,exp05_p06_m06_ro100_lh05,exact,18.50000,19.25000,0.75000,2,1,0,3,3,false
EXP-05,exp05_p06_m06_ro100_lh05,exact,19.25000,19.50000,0.25000,3,1,0,4,2,false
EXP-05,exp05_p06_m06_ro100_lh05,exact,19.50000,20.25000,0.75000,2,1,0,3,3,false
EXP-05,exp05_p06_m06_ro100_lh05,exact,20.25000,22.75000,2.50000,3,0,0,3,3,false
EXP-05,exp05_p06_m06_ro100_lh05,exact,22.75000,23.75000,1.00000,2,0,0,2,4,false
EXP-05,exp05_p06_m06_ro100_lh05,exact,23.75000,26.75000,3.00000,2,0,0,2,4,false
EXP-05,exp05_p06_m06_ro100_lh05,exact,26.75000,31.75000,5.00000,1,1,0,2,4,false
EXP-05,exp05_p06_m06_ro100_lh05,exact,31.75000,32.75000,1.00000,0,1,1,2,4,false
EXP-05,exp05_p06_m06_ro100_lh05,exact,32.75000,35.00000,2.25000,0,1,0,1,5,false
EXP-05,exp05_p06_m08_ro000_lh00,baseline,0,1.50,1.50,0,1,1,2,4,false
EXP-05,exp05_p06_m08_ro000_lh00,baseline,1.50,2.25,0.75,1,1,0,2,4,false
EXP-05,exp05_p06_m08_ro000_lh00,baseline,2.25,6.75,4.50,2,0,0,2,4,false
EXP-05,exp05_p06_m08_ro000_lh00,baseline,6.75,7.50,0.75,1,1,0,2,4,false
EXP-05,exp05_p06_m08_ro000_lh00,baseline,7.50,10.50,3.00,1,0,0,1,5,false
EXP-05,exp05_p06_m08_ro000_lh00,baseline,10.50,12.00,1.50,0,1,0,1,5,false
EXP-05,exp05_p06_m08_ro000_lh00,baseline,12.00,14.25,2.25,0,1,5,6,0,true
EXP-05,exp05_p06_m08_ro000_lh00,baseline,14.25,14.625,0.375,1,1,4,6,0,false
EXP-05,exp05_p06_m08_ro000_lh00,baseline,14.625,15.000,0.375,2,1,3,6,0,false
EXP-05,exp05_p06_m08_ro000_lh00,baseline,15.000,15.375,0.375,3,1,2,6,0,false
EXP-05,exp05_p06_m08_ro000_lh00,baseline,15.375,15.750,0.375,4,1,1,6,0,false
EXP-05,exp05_p06_m08_ro000_lh00,baseline,15.750,16.125,0.375,5,1,0,6,0,false
EXP-05,exp05_p06_m08_ro000_lh00,baseline,16.125,16.875,0.750,6,0,0,6,0,false
EXP-05,exp05_p06_m08_ro000_lh00,baseline,16.875,17.250,0.375,5,1,0,6,0,false
EXP-05,exp05_p06_m08_ro000_lh00,baseline,17.250,17.625,0.375,5,1,0,6,0,false
EXP-05,exp05_p06_m08_ro000_lh00,baseline,17.625,18.000,0.375,5,1,0,6,0,false
EXP-05,exp05_p06_m08_ro000_lh00,baseline,18.000,18.375,0.375,5,0,0,5,1,false
EXP-05,exp05_p06_m08_ro000_lh00,baseline,18.375,19.500,1.125,4,0,0,4,2,false
EXP-05,exp05_p06_m08_ro000_lh00,baseline,19.500,19.875,0.375,3,0,0,3,3,false
EXP-05,exp05_p06_m08_ro000_lh00,baseline,19.875,20.250,0.375,2,0,0,2,4,false
EXP-05,exp05_p06_m08_ro000_lh00,baseline,20.250,23.250,3.000,1,1,0,2,4,false
EXP-05,exp05_p06_m08_ro000_lh00,baseline,23.250,27.75,4.500,1,0,0,1,5,false
EXP-05,exp05_p06_m08_ro000_lh00,baseline,27.75,30.00,2.25,0,1,0,1,5,false
EXP-05,exp05_p06_m08_ro000_lh00,exact,0,1.50000,1.50000,0,1,0,1,5,false
EXP-05,exp05_p06_m08_ro000_lh00,exact,1.50000,2.25000,0.75000,1,1,0,2,4,false
EXP-05,exp05_p06_m08_ro000_lh00,exact,2.25000,6.75000,4.50000,2,0,0,2,4,false
EXP-05,exp05_p06_m08_ro000_lh00,exact,6.75000,7.50000,0.75000,1,1,0,2,4,false
EXP-05,exp05_p06_m08_ro000_lh00,exact,7.50000,10.50000,3.00000,1,0,0,1,5,false
EXP-05,exp05_p06_m08_ro000_lh00,exact,10.50000,12.00000,1.50000,0,1,0,1,5,false
EXP-05,exp05_p06_m08_ro000_lh00,exact,12.00000,14.25000,2.25000,0,1,0,1,5,false
EXP-05,exp05_p06_m08_ro000_lh00,exact,14.25000,14.62500,0.37500,1,1,0,2,4,false
EXP-05,exp05_p06_m08_ro000_lh00,exact,14.62500,15.00000,0.37500,2,1,0,3,3,false
EXP-05,exp05_p06_m08_ro000_lh00,exact,15.00000,15.37500,0.37500,3,1,0,4,2,false
EXP-05,exp05_p06_m08_ro000_lh00,exact,15.37500,15.75000,0.37500,4,1,0,5,1,false
EXP-05,exp05_p06_m08_ro000_lh00,exact,15.75000,16.12500,0.37500,5,1,0,6,0,false
EXP-05,exp05_p06_m08_ro000_lh00,exact,16.12500,16.87500,0.75000,6,0,0,6,0,false
EXP-05,exp05_p06_m08_ro000_lh00,exact,16.87500,17.25000,0.37500,5,0,0,5,1,false
EXP-05,exp05_p06_m08_ro000_lh00,exact,17.25000,17.62500,0.37500,4,1,0,5,1,false
EXP-05,exp05_p06_m08_ro000_lh00,exact,17.62500,18.00000,0.37500,4,0,0,4,2,false
EXP-05,exp05_p06_m08_ro000_lh00,exact,18.00000,18.37500,0.37500,3,1,0,4,2,false
EXP-05,exp05_p06_m08_ro000_lh00,exact,18.37500,19.87500,1.50000,3,0,0,3,3,false
EXP-05,exp05_p06_m08_ro000_lh00,exact,19.87500,20.25000,0.37500,2,1,0,3,3,false
EXP-05,exp05_p06_m08_ro000_lh00,exact,20.25000,20.62500,0.37500,3,0,0,3,3,false
EXP-05,exp05_p06_m08_ro000_lh00,exact,20.62500,22.50000,1.87500,2,0,0,2,4,false
EXP-05,exp05_p06_m08_ro000_lh00,exact,22.50000,25.50000,3.00000,1,1,0,2,4,false
EXP-05,exp05_p06_m08_ro000_lh00,exact,25.50000,27.75000,2.25000,1,0,0,1,5,false
EXP-05,exp05_p06_m08_ro000_lh00,exact,27.75000,30.00000,2.25000,0,1,0,1,5,false
EXP-05,exp05_p06_m08_ro050_lh00,baseline,0,1.50,1.50,0,1,1,2,4,false
EXP-05,exp05_p06_m08_ro050_lh00,baseline,1.50,2.25,0.75,1,1,0,2,4,false
EXP-05,exp05_p06_m08_ro050_lh00,baseline,2.25,6.75,4.50,2,0,0,2,4,false
EXP-05,exp05_p06_m08_ro050_lh00,baseline,6.75,7.50,0.75,1,1,0,2,4,false
EXP-05,exp05_p06_m08_ro050_lh00,baseline,7.50,10.50,3.00,1,0,0,1,5,false
EXP-05,exp05_p06_m08_ro050_lh00,baseline,10.50,12.00,1.50,0,1,0,1,5,false
EXP-05,exp05_p06_m08_ro050_lh00,baseline,12.00,14.25,2.25,0,1,5,6,0,true
EXP-05,exp05_p06_m08_ro050_lh00,baseline,14.25,14.625,0.375,1,1,4,6,0,false
EXP-05,exp05_p06_m08_ro050_lh00,baseline,14.625,15.000,0.375,2,1,3,6,0,false
EXP-05,exp05_p06_m08_ro050_lh00,baseline,15.000,15.375,0.375,3,1,2,6,0,false
EXP-05,exp05_p06_m08_ro050_lh00,baseline,15.375,15.750,0.375,4,1,1,6,0,false
EXP-05,exp05_p06_m08_ro050_lh00,baseline,15.750,16.125,0.375,5,1,0,6,0,false
EXP-05,exp05_p06_m08_ro050_lh00,baseline,16.125,17.400,1.275,6,0,0,6,0,false
EXP-05,exp05_p06_m08_ro050_lh00,baseline,17.400,17.775,0.375,5,1,0,6,0,false
EXP-05,exp05_p06_m08_ro050_lh00,baseline,17.775,18.150,0.375,5,1,0,6,0,false
EXP-05,exp05_p06_m08_ro050_lh00,baseline,18.150,18.525,0.375,5,1,0,6,0,false
EXP-05,exp05_p06_m08_ro050_lh00,baseline,18.525,18.900,0.375,5,0,0,5,1,false
EXP-05,exp05_p06_m08_ro050_lh00,baseline,18.900,20.550,1.650,4,0,0,4,2,false
EXP-05,exp05_p06_m08_ro050_lh00,baseline,20.550,20.925,0.375,3,0,0,3,3,false
EXP-05,exp05_p06_m08_ro050_lh00,baseline,20.925,21.300,0.375,2,0,0,2,4,false
EXP-05,exp05_p06_m08_ro050_lh00,baseline,21.300,25.500,4.200,2,0,0,2,4,false
EXP-05,exp05_p06_m08_ro050_lh00,baseline,25.500,27.75,2.250,1,1,0,2,4,false
EXP-05,exp05_p06_m08_ro050_lh00,baseline,27.75,28.500,0.750,0,1,1,2,4,false
EXP-05,exp05_p06_m08_ro050_lh00,baseline,28.500,30.750,2.250,0,1,0,1,5,false
EXP-05,exp05_p06_m08_ro050_lh00,exact,0,1.50000,1.50000,0,1,0,1,5,false
EXP-05,exp05_p06_m08_ro050_lh00,exact,1.50000,2.25000,0.75000,1,1,0,2,4,false
EXP-05,exp05_p06_m08_ro050_lh00,exact,2.25000,6.75000,4.50000,2,0,0,2,4,false
EXP-05,exp05_p06_m08_ro050_lh00,exact,6.75000,7.50000,0.75000,1,1,0,2,4,false
EXP-05,exp05_p06_m08_ro050_lh00,exact,7.50000,10.50000,3.00000,1,0,0,1,5,false
EXP-05,exp05_p06_m08_ro050_lh00,exact,10.50000,12.00000,1.50000,0,1,0,1,5,false
EXP-05,exp05_p06_m08_ro050_lh00,exact,12.00000,12.37500,0.37500,0,1,0,1,5,false
EXP-05,exp05_p06_m08_ro050_lh00,exact,12.37500,12.75000,0.37500,1,1,0,2,4,false
EXP-05,exp05_p06_m08_ro050_lh00,exact,12.75000,15.00000,2.25000,2,1,0,3,3,false
EXP-05,exp05_p06_m08_ro050_lh00,exact,15.00000,15.15000,0.15000,3,1,0,4,2,false
EXP-05,exp05_p06_m08_ro050_lh00,exact,15.15000,15.37500,0.22500,2,1,0,3,3,false
EXP-05,exp05_p06_m08_ro050_lh00,exact,15.37500,15.52500,0.15000,3,1,0,4,2,false
EXP-05,exp05_p06_m08_ro050_lh00,exact,15.52500,15.75000,0.22500,2,1,0,3,3,false
EXP-05,exp05_p06_m08_ro050_lh00,exact,15.75000,16.12500,0.37500,3,1,0,4,2,false
EXP-05,exp05_p06_m08_ro050_lh00,exact,16.12500,16.50000,0.37500,4,1,0,5,1,false
EXP-05,exp05_p06_m08_ro050_lh00,exact,16.50000,16.87500,0.37500,5,1,0,6,0,false
EXP-05,exp05_p06_m08_ro050_lh00,exact,16.87500,18.15000,1.27500,6,0,0,6,0,false
EXP-05,exp05_p06_m08_ro050_lh00,exact,18.15000,18.52500,0.37500,5,1,0,6,0,false
EXP-05,exp05_p06_m08_ro050_lh00,exact,18.52500,18.90000,0.37500,5,0,0,5,1,false
EXP-05,exp05_p06_m08_ro050_lh00,exact,18.90000,19.27500,0.37500,4,0,0,4,2,false
EXP-05,exp05_p06_m08_ro050_lh00,exact,19.27500,19.65000,0.37500,3,0,0,3,3,false
EXP-05,exp05_p06_m08_ro050_lh00,exact,19.65000,21.30000,1.65000,2,0,0,2,4,false
EXP-05,exp05_p06_m08_ro050_lh00,exact,21.30000,25.50000,4.20000,2,0,0,2,4,false
EXP-05,exp05_p06_m08_ro050_lh00,exact,25.50000,28.50000,3.00000,1,1,0,2,4,false
EXP-05,exp05_p06_m08_ro050_lh00,exact,28.50000,30.75000,2.25000,0,1,0,1,5,false
EXP-05,exp05_p06_m08_ro050_lh05,baseline,0,1.50,1.50,0,1,1,2,4,false
EXP-05,exp05_p06_m08_ro050_lh05,baseline,1.50,2.25,0.75,1,1,0,2,4,false
EXP-05,exp05_p06_m08_ro050_lh05,baseline,2.25,6.75,4.50,2,0,0,2,4,false
EXP-05,exp05_p06_m08_ro050_lh05,baseline,6.75,7.50,0.75,1,1,0,2,4,false
EXP-05,exp05_p06_m08_ro050_lh05,baseline,7.50,10.50,3.00,1,0,0,1,5,false
EXP-05,exp05_p06_m08_ro050_lh05,baseline,10.50,12.00,1.50,0,1,0,1,5,false
EXP-05,exp05_p06_m08_ro050_lh05,baseline,12.00,14.25,2.25,0,1,5,6,0,true
EXP-05,exp05_p06_m08_ro050_lh05,baseline,14.25,14.8875,0.6375,1,1,4,6,0,false
EXP-05,exp05_p06_m08_ro050_lh05,baseline,14.8875,15.5250,0.6375,2,1,3,6,0,false
EXP-05,exp05_p06_m08_ro050_lh05,baseline,15.5250,16.1625,0.6375,3,1,2,6,0,false
EXP-05,exp05_p06_m08_ro050_lh05,baseline,16.1625,16.8000,0.6375,4,1,1,6,0,false
EXP-05,exp05_p06_m08_ro050_lh05,baseline,16.8000,17.4000,0.6000,5,1,0,6,0,false
EXP-05,exp05_p06_m08_ro050_lh05,baseline,17.4000,17.4375,0.0375,4,1,1,6,0,false
EXP-05,exp05_p06_m08_ro050_lh05,baseline,17.4375,18.0375,0.6000,5,1,0,6,0,false
EXP-05,exp05_p06_m08_ro050_lh05,baseline,18.0375,18.0750,0.0375,4,1,1,6,0,false
EXP-05,exp05_p06_m08_ro050_lh05,baseline,18.0750,18.6750,0.6000,5,1,0,6,0,false
EXP-05,exp05_p06_m08_ro050_lh05,baseline,18.6750,18.7125,0.0375,4,1,1,6,0,false
EXP-05,exp05_p06_m08_ro050_lh05,baseline,18.7125,19.3125,0.6000,5,1,0,6,0,false
EXP-05,exp05_p06_m08_ro050_lh05,baseline,19.3125,19.3500,0.0375,4,1,0,5,1,false
EXP-05,exp05_p06_m08_ro050_lh05,baseline,19.3500,19.9500,0.6000,5,0,0,5,1,false
EXP-05,exp05_p06_m08_ro050_lh05,baseline,19.9500,20.5875,0.6375,4,0,0,4,2,false
EXP-05,exp05_p06_m08_ro050_lh05,baseline,20.5875,21.2250,0.6375,3,0,0,3,3,false
EXP-05,exp05_p06_m08_ro050_lh05,baseline,21.2250,21.8625,0.6375,2,0,0,2,4,false
EXP-05,exp05_p06_m08_ro050_lh05,baseline,21.8625,23.9625,2.1000,2,0,0,2,4,false
EXP-05,exp05_p06_m08_ro050_lh05,baseline,23.9625,27.75,3.7875,1,1,0,2,4,false
EXP-05,exp05_p06_m08_ro050_lh05,baseline,27.75,29.0625,1.3125,0,1,1,2,4,false
EXP-05,exp05_p06_m08_ro050_lh05,baseline,29.0625,31.3125,2.2500,0,1,0,1,5,false
EXP-05,exp05_p06_m08_ro050_lh05,exact,0,1.50000,1.50000,0,1,0,1,5,false
EXP-05,exp05_p06_m08_ro050_lh05,exact,1.50000,2.25000,0.75000,1,1,0,2,4,false
EXP-05,exp05_p06_m08_ro050_lh05,exact,2.25000,6.75000,4.50000,2,0,0,2,4,false
EXP-05,exp05_p06_m08_ro050_lh05,exact,6.75000,7.50000,0.75000,1,1,0,2,4,false
EXP-05,exp05_p06_m08_ro050_lh05,exact,7.50000,10.50000,3.00000,1,0,0,1,5,false
EXP-05,exp05_p06_m08_ro050_lh05,exact,10.50000,12.00000,1.50000,0,1,0,1,5,false
EXP-05,exp05_p06_m08_ro050_lh05,exact,12.00000,12.63750,0.63750,0,1,0,1,5,false
EXP-05,exp05_p06_m08_ro050_lh05,exact,12.63750,13.27500,0.63750,1,1,0,2,4,false
EXP-05,exp05_p06_m08_ro050_lh05,exact,13.27500,15.15000,1.87500,2,1,0,3,3,false
EXP-05,exp05_p06_m08_ro050_lh05,exact,15.15000,15.52500,0.37500,1,1,0,2,4,false
EXP-05,exp05_p06_m08_ro050_lh05,exact,15.52500,15.78750,0.26250,2,1,0,3,3,false
EXP-05,exp05_p06_m08_ro050_lh05,exact,15.78750,16.16250,0.37500,1,1,0,2,4,false
EXP-05,exp05_p06_m08_ro050_lh05,exact,16.16250,16.80000,0.63750,2,1,0,3,3,false
EXP-05,exp05_p06_m08_ro050_lh05,exact,16.80000,17.43750,0.63750,3,1,0,4,2,false
EXP-05,exp05_p06_m08_ro050_lh05,exact,17.43750,18.07500,0.63750,4,1,0,5,1,false
EXP-05,exp05_p06_m08_ro050_lh05,exact,18.07500,18.67500,0.60000,5,1,0,6,0,false
EXP-05,exp05_p06_m08_ro050_lh05,exact,18.67500,18.71250,0.03750,4,1,0,5,1,false
EXP-05,exp05_p06_m08_ro050_lh05,exact,18.71250,19.31250,0.60000,5,1,0,6,0,false
EXP-05,exp05_p06_m08_ro050_lh05,exact,19.31250,19.35000,0.03750,4,1,0,5,1,false
EXP-05,exp05_p06_m08_ro050_lh05,exact,19.35000,19.95000,0.60000,5,0,0,5,1,false
EXP-05,exp05_p06_m08_ro050_lh05,exact,19.95000,20.58750,0.63750,4,0,0,4,2,false
EXP-05,exp05_p06_m08_ro050_lh05,exact,20.58750,21.22500,0.63750,3,0,0,3,3,false
EXP-05,exp05_p06_m08_ro050_lh05,exact,21.22500,21.86250,0.63750,2,0,0,2,4,false
EXP-05,exp05_p06_m08_ro050_lh05,exact,21.86250,23.96250,2.10000,2,0,0,2,4,false
EXP-05,exp05_p06_m08_ro050_lh05,exact,23.96250,29.02500,5.06250,1,1,0,2,4,false
EXP-05,exp05_p06_m08_ro050_lh05,exact,29.02500,29.06250,0.03750,0,1,1,2,4,false
EXP-05,exp05_p06_m08_ro050_lh05,exact,29.06250,31.31250,2.25000,0,1,0,1,5,false
EXP-05,exp05_p06_m08_ro100_lh00,baseline,0,1.50,1.50,0,1,1,2,4,false
EXP-05,exp05_p06_m08_ro100_lh00,baseline,1.50,2.25,0.75,1,1,0,2,4,false
EXP-05,exp05_p06_m08_ro100_lh00,baseline,2.25,6.75,4.50,2,0,0,2,4,false
EXP-05,exp05_p06_m08_ro100_lh00,baseline,6.75,7.50,0.75,1,1,0,2,4,false
EXP-05,exp05_p06_m08_ro100_lh00,baseline,7.50,10.50,3.00,1,0,0,1,5,false
EXP-05,exp05_p06_m08_ro100_lh00,baseline,10.50,12.00,1.50,0,1,0,1,5,false
EXP-05,exp05_p06_m08_ro100_lh00,baseline,12.00,14.25,2.25,0,1,5,6,0,true
EXP-05,exp05_p06_m08_ro100_lh00,baseline,14.25,14.625,0.375,1,1,4,6,0,false
EXP-05,exp05_p06_m08_ro100_lh00,baseline,14.625,15.000,0.375,2,1,3,6,0,false
EXP-05,exp05_p06_m08_ro100_lh00,baseline,15.000,15.375,0.375,3,1,2,6,0,false
EXP-05,exp05_p06_m08_ro100_lh00,baseline,15.375,15.750,0.375,4,1,1,6,0,false
EXP-05,exp05_p06_m08_ro100_lh00,baseline,15.750,16.125,0.375,5,1,0,6,0,false
EXP-05,exp05_p06_m08_ro100_lh00,baseline,16.125,17.925,1.800,6,0,0,6,0,false
EXP-05,exp05_p06_m08_ro100_lh00,baseline,17.925,18.300,0.375,5,1,0,6,0,false
EXP-05,exp05_p06_m08_ro100_lh00,baseline,18.300,18.675,0.375,5,1,0,6,0,false
EXP-05,exp05_p06_m08_ro100_lh00,baseline,18.675,19.050,0.375,5,1,0,6,0,false
EXP-05,exp05_p06_m08_ro100_lh00,baseline,19.050,19.425,0.375,5,0,0,5,1,false
EXP-05,exp05_p06_m08_ro100_lh00,baseline,19.425,21.600,2.175,4,0,0,4,2,false
EXP-05,exp05_p06_m08_ro100_lh00,baseline,21.600,21.975,0.375,3,0,0,3,3,false
EXP-05,exp05_p06_m08_ro100_lh00,baseline,21.975,22.350,0.375,2,0,0,2,4,false
EXP-05,exp05_p06_m08_ro100_lh00,baseline,22.350,27.75,5.400,2,0,0,2,4,false
EXP-05,exp05_p06_m08_ro100_lh00,baseline,27.75,30.00,2.25,1,1,0,2,4,false
EXP-05,exp05_p06_m08_ro100_lh00,baseline,30.00,30.750,0.750,1,0,0,1,5,false
EXP-05,exp05_p06_m08_ro100_lh00,baseline,30.750,33.750,3.000,0,1,0,1,5,false
EXP-05,exp05_p06_m08_ro100_lh00,exact,0,1.50000,1.50000,0,1,0,1,5,false
EXP-05,exp05_p06_m08_ro100_lh00,exact,1.50000,2.25000,0.75000,1,1,0,2,4,false
EXP-05,exp05_p06_m08_ro100_lh00,exact,2.25000,6.75000,4.50000,2,0,0,2,4,false
EXP-05,exp05_p06_m08_ro100_lh00,exact,6.75000,7.50000,0.75000,1,1,0,2,4,false
EXP-05,exp05_p06_m08_ro100_lh00,exact,7.50000,10.50000,3.00000,1,0,0,1,5,false
EXP-05,exp05_p06_m08_ro100_lh00,exact,10.50000,12.00000,1.50000,0,1,0,1,5,false
EXP-05,exp05_p06_m08_ro100_lh00,exact,12.00000,12.37500,0.37500,0,1,0,1,5,false
EXP-05,exp05_p06_m08_ro100_lh00,exact,12.37500,12.75000,0.37500,1,1,0,2,4,false
EXP-05,exp05_p06_m08_ro100_lh00,exact,12.75000,15.00000,2.25000,2,1,0,3,3,false
EXP-05,exp05_p06_m08_ro100_lh00,exact,15.00000,15.37500,0.37500,3,1,0,4,2,false
EXP-05,exp05_p06_m08_ro100_lh00,exact,15.37500,15.67500,0.30000,4,0,0,4,2,false
EXP-05,exp05_p06_m08_ro100_lh00,exact,15.67500,16.05000,0.37500,3,1,0,4,2,false
EXP-05,exp05_p06_m08_ro100_lh00,exact,16.05000,16.42500,0.37500,3,1,0,4,2,false
EXP-05,exp05_p06_m08_ro100_lh00,exact,16.42500,16.80000,0.37500,4,1,0,5,1,false
EXP-05,exp05_p06_m08_ro100_lh00,exact,16.80000,17.17500,0.37500,5,1,0,6,0,false
EXP-05,exp05_p06_m08_ro100_lh00,exact,17.17500,18.67500,1.50000,6,0,0,6,0,false
EXP-05,exp05_p06_m08_ro100_lh00,exact,18.67500,19.05000,0.37500,5,1,0,6,0,false
EXP-05,exp05_p06_m08_ro100_lh00,exact,19.05000,19.35000,0.30000,6,0,0,6,0,false
EXP-05,exp05_p06_m08_ro100_lh00,exact,19.35000,19.72500,0.37500,5,0,0,5,1,false
EXP-05,exp05_p06_m08_ro100_lh00,exact,19.72500,20.10000,0.37500,4,0,0,4,2,false
EXP-05,exp05_p06_m08_ro100_lh00,exact,20.10000,20.47500,0.37500,3,0,0,3,3,false
EXP-05,exp05_p06_m08_ro100_lh00,exact,20.47500,22.35000,1.87500,2,0,0,2,4,false
EXP-05,exp05_p06_m08_ro100_lh00,exact,22.35000,28.50000,6.15000,2,0,0,2,4,false
EXP-05,exp05_p06_m08_ro100_lh00,exact,28.50000,30.75000,2.25000,1,1,0,2,4,false
EXP-05,exp05_p06_m08_ro100_lh00,exact,30.75000,33.75000,3.00000,0,1,0,1,5,false
EXP-05,exp05_p06_m08_ro100_lh05,baseline,0,1.50,1.50,0,1,1,2,4,false
EXP-05,exp05_p06_m08_ro100_lh05,baseline,1.50,2.25,0.75,1,1,0,2,4,false
EXP-05,exp05_p06_m08_ro100_lh05,baseline,2.25,6.75,4.50,2,0,0,2,4,false
EXP-05,exp05_p06_m08_ro100_lh05,baseline,6.75,7.50,0.75,1,1,0,2,4,false
EXP-05,exp05_p06_m08_ro100_lh05,baseline,7.50,10.50,3.00,1,0,0,1,5,false
EXP-05,exp05_p06_m08_ro100_lh05,baseline,10.50,12.00,1.50,0,1,0,1,5,false
EXP-05,exp05_p06_m08_ro100_lh05,baseline,12.00,14.25,2.25,0,1,5,6,0,true
EXP-05,exp05_p06_m08_ro100_lh05,baseline,14.25,15.150,0.900,1,1,4,6,0,false
EXP-05,exp05_p06_m08_ro100_lh05,baseline,15.150,16.050,0.900,2,1,3,6,0,false
EXP-05,exp05_p06_m08_ro100_lh05,baseline,16.050,16.950,0.900,3,1,2,6,0,false
EXP-05,exp05_p06_m08_ro100_lh05,baseline,16.950,17.850,0.900,4,1,1,6,0,false
EXP-05,exp05_p06_m08_ro100_lh05,baseline,17.850,17.925,0.075,5,1,0,6,0,false
EXP-05,exp05_p06_m08_ro100_lh05,baseline,17.925,18.750,0.825,4,1,1,6,0,false
EXP-05,exp05_p06_m08_ro100_lh05,baseline,18.750,18.825,0.075,5,1,0,6,0,false
EXP-05,exp05_p06_m08_ro100_lh05,baseline,18.825,19.650,0.825,4,1,1,6,0,false
EXP-05,exp05_p06_m08_ro100_lh05,baseline,19.650,19.725,0.075,5,1,0,6,0,false
EXP-05,exp05_p06_m08_ro100_lh05,baseline,19.725,20.550,0.825,4,1,1,6,0,false
EXP-05,exp05_p06_m08_ro100_lh05,baseline,20.550,20.625,0.075,5,1,0,6,0,false
EXP-05,exp05_p06_m08_ro100_lh05,baseline,20.625,21.450,0.825,4,1,0,5,1,false
EXP-05,exp05_p06_m08_ro100_lh05,baseline,21.450,21.525,0.075,5,0,0,5,1,false
EXP-05,exp05_p06_m08_ro100_lh05,baseline,21.525,22.425,0.900,4,0,0,4,2,false
EXP-05,exp05_p06_m08_ro100_lh05,baseline,22.425,23.325,0.900,3,0,0,3,3,false
EXP-05,exp05_p06_m08_ro100_lh05,baseline,23.325,24.225,0.900,2,0,0,2,4,false
EXP-05,exp05_p06_m08_ro100_lh05,baseline,24.225,27.75,3.525,2,0,0,2,4,false
EXP-05,exp05_p06_m08_ro100_lh05,baseline,27.75,28.425,0.675,1,1,0,2,4,false
EXP-05,exp05_p06_m08_ro100_lh05,baseline,28.425,30.00,1.575,0,1,1,2,4,false
EXP-05,exp05_p06_m08_ro100_lh05,baseline,30.00,37.200,7.200,0,1,0,1,5,false
EXP-05,exp05_p06_m08_ro100_lh05,exact,0,1.50000,1.50000,0,1,0,1,5,false
EXP-05,exp05_p06_m08_ro100_lh05,exact,1.50000,2.25000,0.75000,1,1,0,2,4,false
EXP-05,exp05_p06_m08_ro100_lh05,exact,2.25000,6.75000,4.50000,2,0,0,2,4,false
EXP-05,exp05_p06_m08_ro100_lh05,exact,6.75000,7.50000,0.75000,1,1,0,2,4,false
EXP-05,exp05_p06_m08_ro100_lh05,exact,7.50000,10.50000,3.00000,1,0,0,1,5,false
EXP-05,exp05_p06_m08_ro100_lh05,exact,10.50000,12.00000,1.50000,0,1,0,1,5,false
EXP-05,exp05_p06_m08_ro100_lh05,exact,12.00000,12.90000,0.90000,0,1,0,1,5,false
EXP-05,exp05_p06_m08_ro100_lh05,exact,12.90000,13.80000,0.90000,1,1,0,2,4,false
EXP-05,exp05_p06_m08_ro100_lh05,exact,13.80000,14.70000,0.90000,2,1,0,3,3,false
EXP-05,exp05_p06_m08_ro100_lh05,exact,14.70000,15.60000,0.90000,3,1,0,4,2,false
EXP-05,exp05_p06_m08_ro100_lh05,exact,15.60000,15.67500,0.07500,4,1,0,5,1,false
EXP-05,exp05_p06_m08_ro100_lh05,exact,15.67500,16.50000,0.82500,3,1,0,4,2,false
EXP-05,exp05_p06_m08_ro100_lh05,exact,16.50000,16.57500,0.07500,4,1,0,5,1,false
EXP-05,exp05_p06_m08_ro100_lh05,exact,16.57500,17.40000,0.82500,3,1,0,4,2,false
EXP-05,exp05_p06_m08_ro100_lh05,exact,17.40000,17.47500,0.07500,4,1,0,5,1,false
EXP-05,exp05_p06_m08_ro100_lh05,exact,17.47500,18.30000,0.82500,3,1,0,4,2,false
EXP-05,exp05_p06_m08_ro100_lh05,exact,18.30000,18.37500,0.07500,4,1,0,5,1,false
EXP-05,exp05_p06_m08_ro100_lh05,exact,18.37500,19.20000,0.82500,3,1,0,4,2,false
EXP-05,exp05_p06_m08_ro100_lh05,exact,19.20000,19.27500,0.07500,4,1,0,5,1,false
EXP-05,exp05_p06_m08_ro100_lh05,exact,19.27500,20.17500,0.90000,3,1,0,4,2,false
EXP-05,exp05_p06_m08_ro100_lh05,exact,20.17500,21.07500,0.90000,2,1,0,3,3,false
EXP-05,exp05_p06_m08_ro100_lh05,exact,21.07500,21.45000,0.37500,1,1,0,2,4,false
EXP-05,exp05_p06_m08_ro100_lh05,exact,21.45000,21.97500,0.52500,2,0,0,2,4,false
EXP-05,exp05_p06_m08_ro100_lh05,exact,21.97500,26.17500,4.20000,2,0,0,2,4,false
EXP-05,exp05_p06_m08_ro100_lh05,exact,26.17500,33.37500,7.20000,1,1,0,2,4,false
EXP-05,exp05_p06_m08_ro100_lh05,exact,33.37500,34.95000,1.57500,1,0,0,1,5,false
EXP-05,exp05_p06_m08_ro100_lh05,exact,34.95000,37.20000,2.25000,0,1,0,1,5,false
EXP-05,exp05_p08_m01_ro000_lh00,baseline,0,1.50,1.50,0,1,1,2,6,false
EXP-05,exp05_p08_m01_ro000_lh00,baseline,1.50,2.25,0.75,1,1,0,2,6,false
EXP-05,exp05_p08_m01_ro000_lh00,baseline,2.25,6.75,4.50,2,0,0,2,6,false
EXP-05,exp05_p08_m01_ro000_lh00,baseline,6.75,7.50,0.75,1,1,0,2,6,false
EXP-05,exp05_p08_m01_ro000_lh00,baseline,7.50,10.50,3.00,1,0,0,1,7,false
EXP-05,exp05_p08_m01_ro000_lh00,baseline,10.50,12.00,1.50,0,1,0,1,7,false
EXP-05,exp05_p08_m01_ro000_lh00,baseline,12.00,15.00,3.00,0,1,1,2,6,false
EXP-05,exp05_p08_m01_ro000_lh00,baseline,15.00,17.25,2.25,1,1,0,2,6,false
EXP-05,exp05_p08_m01_ro000_lh00,baseline,17.25,30.75,13.50,2,0,0,2,6,false
EXP-05,exp05_p08_m01_ro000_lh00,baseline,30.75,33.00,2.25,1,1,0,2,6,false
EXP-05,exp05_p08_m01_ro000_lh00,baseline,33.00,36.00,3.00,0,1,0,1,7,false
EXP-05,exp05_p08_m01_ro000_lh00,exact,0,1.50000,1.50000,0,1,0,1,7,false
EXP-05,exp05_p08_m01_ro000_lh00,exact,1.50000,2.25000,0.75000,1,1,0,2,6,false
EXP-05,exp05_p08_m01_ro000_lh00,exact,2.25000,6.75000,4.50000,2,0,0,2,6,false
EXP-05,exp05_p08_m01_ro000_lh00,exact,6.75000,7.50000,0.75000,1,1,0,2,6,false
EXP-05,exp05_p08_m01_ro000_lh00,exact,7.50000,10.50000,3.00000,1,0,0,1,7,false
EXP-05,exp05_p08_m01_ro000_lh00,exact,10.50000,12.00000,1.50000,0,1,0,1,7,false
EXP-05,exp05_p08_m01_ro000_lh00,exact,12.00000,15.00000,3.00000,0,1,0,1,7,false
EXP-05,exp05_p08_m01_ro000_lh00,exact,15.00000,17.25000,2.25000,1,1,0,2,6,false
EXP-05,exp05_p08_m01_ro000_lh00,exact,17.25000,30.75000,13.50000,2,0,0,2,6,false
EXP-05,exp05_p08_m01_ro000_lh00,exact,30.75000,33.00000,2.25000,1,1,0,2,6,false
EXP-05,exp05_p08_m01_ro000_lh00,exact,33.00000,36.00000,3.00000,0,1,0,1,7,false
EXP-05,exp05_p08_m02_ro000_lh00,baseline,0,1.50,1.50,0,1,1,2,6,false
EXP-05,exp05_p08_m02_ro000_lh00,baseline,1.50,2.25,0.75,1,1,0,2,6,false
EXP-05,exp05_p08_m02_ro000_lh00,baseline,2.25,6.75,4.50,2,0,0,2,6,false
EXP-05,exp05_p08_m02_ro000_lh00,baseline,6.75,7.50,0.75,1,1,0,2,6,false
EXP-05,exp05_p08_m02_ro000_lh00,baseline,7.50,10.50,3.00,1,0,0,1,7,false
EXP-05,exp05_p08_m02_ro000_lh00,baseline,10.50,12.00,1.50,0,1,0,1,7,false
EXP-05,exp05_p08_m02_ro000_lh00,baseline,12.00,14.25,2.25,0,1,2,3,5,false
EXP-05,exp05_p08_m02_ro000_lh00,baseline,14.25,15.75,1.50,1,1,1,3,5,false
EXP-05,exp05_p08_m02_ro000_lh00,baseline,15.75,17.25,1.50,2,1,0,3,5,false
EXP-05,exp05_p08_m02_ro000_lh00,baseline,17.25,24.75,7.50,3,0,0,3,5,false
EXP-05,exp05_p08_m02_ro000_lh00,baseline,24.75,26.25,1.50,2,0,0,2,6,false
EXP-05,exp05_p08_m02_ro000_lh00,baseline,26.25,27.75,1.50,1,1,0,2,6,false
EXP-05,exp05_p08_m02_ro000_lh00,baseline,27.75,29.25,1.50,0,1,1,2,6,false
EXP-05,exp05_p08_m02_ro000_lh00,baseline,29.25,31.50,2.25,0,1,0,1,7,false
EXP-05,exp05_p08_m02_ro000_lh00,exact,0,1.50000,1.50000,0,1,0,1,7,false
EXP-05,exp05_p08_m02_ro000_lh00,exact,1.50000,2.25000,0.75000,1,1,0,2,6,false
EXP-05,exp05_p08_m02_ro000_lh00,exact,2.25000,6.75000,4.50000,2,0,0,2,6,false
EXP-05,exp05_p08_m02_ro000_lh00,exact,6.75000,7.50000,0.75000,1,1,0,2,6,false
EXP-05,exp05_p08_m02_ro000_lh00,exact,7.50000,10.50000,3.00000,1,0,0,1,7,false
EXP-05,exp05_p08_m02_ro000_lh00,exact,10.50000,12.00000,1.50000,0,1,0,1,7,false
EXP-05,exp05_p08_m02_ro000_lh00,exact,12.00000,14.25000,2.25000,0,1,0,1,7,false
EXP-05,exp05_p08_m02_ro000_lh00,exact,14.25000,15.75000,1.50000,1,1,0,2,6,false
EXP-05,exp05_p08_m02_ro000_lh00,exact,15.75000,17.25000,1.50000,2,1,0,3,5,false
EXP-05,exp05_p08_m02_ro000_lh00,exact,17.25000,24.75000,7.50000,3,0,0,3,5,false
EXP-05,exp05_p08_m02_ro000_lh00,exact,24.75000,26.25000,1.50000,2,0,0,2,6,false
EXP-05,exp05_p08_m02_ro000_lh00,exact,26.25000,27.75000,1.50000,1,1,0,2,6,false
EXP-05,exp05_p08_m02_ro000_lh00,exact,27.75000,29.25000,1.50000,0,1,1,2,6,false
EXP-05,exp05_p08_m02_ro000_lh00,exact,29.25000,31.50000,2.25000,0,1,0,1,7,false
EXP-05,exp05_p08_m02_ro050_lh00,baseline,0,1.50,1.50,0,1,1,2,6,false
EXP-05,exp05_p08_m02_ro050_lh00,baseline,1.50,2.25,0.75,1,1,0,2,6,false
EXP-05,exp05_p08_m02_ro050_lh00,baseline,2.25,6.75,4.50,2,0,0,2,6,false
EXP-05,exp05_p08_m02_ro050_lh00,baseline,6.75,7.50,0.75,1,1,0,2,6,false
EXP-05,exp05_p08_m02_ro050_lh00,baseline,7.50,10.50,3.00,1,0,0,1,7,false
EXP-05,exp05_p08_m02_ro050_lh00,baseline,10.50,12.00,1.50,0,1,0,1,7,false
EXP-05,exp05_p08_m02_ro050_lh00,baseline,12.00,14.25,2.25,0,1,2,3,5,false
EXP-05,exp05_p08_m02_ro050_lh00,baseline,14.25,15.75,1.50,1,1,1,3,5,false
EXP-05,exp05_p08_m02_ro050_lh00,baseline,15.75,17.25,1.50,2,1,0,3,5,false
EXP-05,exp05_p08_m02_ro050_lh00,baseline,17.25,25.05,7.80,3,0,0,3,5,false
EXP-05,exp05_p08_m02_ro050_lh00,baseline,25.05,26.55,1.50,2,0,0,2,6,false
EXP-05,exp05_p08_m02_ro050_lh00,baseline,26.55,27.15,0.60,2,0,0,2,6,false
EXP-05,exp05_p08_m02_ro050_lh00,baseline,27.15,27.75,0.60,1,1,0,2,6,false
EXP-05,exp05_p08_m02_ro050_lh00,baseline,27.75,30.15,2.40,0,1,1,2,6,false
EXP-05,exp05_p08_m02_ro050_lh00,baseline,30.15,32.40,2.25,0,1,0,1,7,false
EXP-05,exp05_p08_m02_ro050_lh00,exact,0,1.50000,1.50000,0,1,0,1,7,false
EXP-05,exp05_p08_m02_ro050_lh00,exact,1.50000,2.25000,0.75000,1,1,0,2,6,false
EXP-05,exp05_p08_m02_ro050_lh00,exact,2.25000,6.75000,4.50000,2,0,0,2,6,false
EXP-05,exp05_p08_m02_ro050_lh00,exact,6.75000,7.50000,0.75000,1,1,0,2,6,false
EXP-05,exp05_p08_m02_ro050_lh00,exact,7.50000,10.50000,3.00000,1,0,0,1,7,false
EXP-05,exp05_p08_m02_ro050_lh00,exact,10.50000,12.00000,1.50000,0,1,0,1,7,false
EXP-05,exp05_p08_m02_ro050_lh00,exact,12.00000,13.50000,1.50000,0,1,0,1,7,false
EXP-05,exp05_p08_m02_ro050_lh00,exact,13.50000,15.75000,2.25000,1,1,0,2,6,false
EXP-05,exp05_p08_m02_ro050_lh00,exact,15.75000,17.25000,1.50000,2,1,0,3,5,false
EXP-05,exp05_p08_m02_ro050_lh00,exact,17.25000,22.80000,5.55000,3,0,0,3,5,false
EXP-05,exp05_p08_m02_ro050_lh00,exact,22.80000,26.55000,3.75000,2,0,0,2,6,false
EXP-05,exp05_p08_m02_ro050_lh00,exact,26.55000,27.15000,0.60000,2,0,0,2,6,false
EXP-05,exp05_p08_m02_ro050_lh00,exact,27.15000,29.25000,2.10000,1,1,0,2,6,false
EXP-05,exp05_p08_m02_ro050_lh00,exact,29.25000,30.15000,0.90000,0,1,1,2,6,false
EXP-05,exp05_p08_m02_ro050_lh00,exact,30.15000,32.40000,2.25000,0,1,0,1,7,false
EXP-05,exp05_p08_m02_ro050_lh05,baseline,0,1.50,1.50,0,1,1,2,6,false
EXP-05,exp05_p08_m02_ro050_lh05,baseline,1.50,2.25,0.75,1,1,0,2,6,false
EXP-05,exp05_p08_m02_ro050_lh05,baseline,2.25,6.75,4.50,2,0,0,2,6,false
EXP-05,exp05_p08_m02_ro050_lh05,baseline,6.75,7.50,0.75,1,1,0,2,6,false
EXP-05,exp05_p08_m02_ro050_lh05,baseline,7.50,10.50,3.00,1,0,0,1,7,false
EXP-05,exp05_p08_m02_ro050_lh05,baseline,10.50,12.00,1.50,0,1,0,1,7,false
EXP-05,exp05_p08_m02_ro050_lh05,baseline,12.00,14.25,2.25,0,1,2,3,5,false
EXP-05,exp05_p08_m02_ro050_lh05,baseline,14.25,15.900,1.650,1,1,1,3,5,false
EXP-05,exp05_p08_m02_ro050_lh05,baseline,15.900,17.550,1.650,2,1,0,3,5,false
EXP-05,exp05_p08_m02_ro050_lh05,baseline,17.550,25.050,7.500,3,0,0,3,5,false
EXP-05,exp05_p08_m02_ro050_lh05,baseline,25.050,26.700,1.650,2,0,0,2,6,false
EXP-05,exp05_p08_m02_ro050_lh05,baseline,26.700,27.000,0.300,2,0,0,2,6,false
EXP-05,exp05_p08_m02_ro050_lh05,baseline,27.000,27.75,0.750,1,1,0,2,6,false
EXP-05,exp05_p08_m02_ro050_lh05,baseline,27.75,30.300,2.550,0,1,1,2,6,false
EXP-05,exp05_p08_m02_ro050_lh05,baseline,30.300,32.550,2.250,0,1,0,1,7,false
EXP-05,exp05_p08_m02_ro050_lh05,exact,0,1.50000,1.50000,0,1,0,1,7,false
EXP-05,exp05_p08_m02_ro050_lh05,exact,1.50000,2.25000,0.75000,1,1,0,2,6,false
EXP-05,exp05_p08_m02_ro050_lh05,exact,2.25000,6.75000,4.50000,2,0,0,2,6,false
EXP-05,exp05_p08_m02_ro050_lh05,exact,6.75000,7.50000,0.75000,1,1,0,2,6,false
EXP-05,exp05_p08_m02_ro050_lh05,exact,7.50000,10.50000,3.00000,1,0,0,1,7,false
EXP-05,exp05_p08_m02_ro050_lh05,exact,10.50000,12.00000,1.50000,0,1,0,1,7,false
EXP-05,exp05_p08_m02_ro050_lh05,exact,12.00000,13.65000,1.65000,0,1,0,1,7,false
EXP-05,exp05_p08_m02_ro050_lh05,exact,13.65000,15.90000,2.25000,1,1,0,2,6,false
EXP-05,exp05_p08_m02_ro050_lh05,exact,15.90000,17.55000,1.65000,2,1,0,3,5,false
EXP-05,exp05_p08_m02_ro050_lh05,exact,17.55000,22.80000,5.25000,3,0,0,3,5,false
EXP-05,exp05_p08_m02_ro050_lh05,exact,22.80000,26.70000,3.90000,2,0,0,2,6,false
EXP-05,exp05_p08_m02_ro050_lh05,exact,26.70000,27.00000,0.30000,2,0,0,2,6,false
EXP-05,exp05_p08_m02_ro050_lh05,exact,27.00000,29.40000,2.40000,1,1,0,2,6,false
EXP-05,exp05_p08_m02_ro050_lh05,exact,29.40000,30.30000,0.90000,0,1,1,2,6,false
EXP-05,exp05_p08_m02_ro050_lh05,exact,30.30000,32.55000,2.25000,0,1,0,1,7,false
EXP-05,exp05_p08_m02_ro100_lh00,baseline,0,1.50,1.50,0,1,1,2,6,false
EXP-05,exp05_p08_m02_ro100_lh00,baseline,1.50,2.25,0.75,1,1,0,2,6,false
EXP-05,exp05_p08_m02_ro100_lh00,baseline,2.25,6.75,4.50,2,0,0,2,6,false
EXP-05,exp05_p08_m02_ro100_lh00,baseline,6.75,7.50,0.75,1,1,0,2,6,false
EXP-05,exp05_p08_m02_ro100_lh00,baseline,7.50,10.50,3.00,1,0,0,1,7,false
EXP-05,exp05_p08_m02_ro100_lh00,baseline,10.50,12.00,1.50,0,1,0,1,7,false
EXP-05,exp05_p08_m02_ro100_lh00,baseline,12.00,14.25,2.25,0,1,2,3,5,false
EXP-05,exp05_p08_m02_ro100_lh00,baseline,14.25,15.75,1.50,1,1,1,3,5,false
EXP-05,exp05_p08_m02_ro100_lh00,baseline,15.75,17.25,1.50,2,1,0,3,5,false
EXP-05,exp05_p08_m02_ro100_lh00,baseline,17.25,25.35,8.10,3,0,0,3,5,false
EXP-05,exp05_p08_m02_ro100_lh00,baseline,25.35,26.85,1.50,2,0,0,2,6,false
EXP-05,exp05_p08_m02_ro100_lh00,baseline,26.85,27.75,0.90,2,0,0,2,6,false
EXP-05,exp05_p08_m02_ro100_lh00,baseline,27.75,28.05,0.30,1,1,0,2,6,false
EXP-05,exp05_p08_m02_ro100_lh00,baseline,28.05,30.00,1.95,0,1,1,2,6,false
EXP-05,exp05_p08_m02_ro100_lh00,baseline,30.00,33.00,3.00,0,1,0,1,7,false
EXP-05,exp05_p08_m02_ro100_lh00,exact,0,1.50000,1.50000,0,1,0,1,7,false
EXP-05,exp05_p08_m02_ro100_lh00,exact,1.50000,2.25000,0.75000,1,1,0,2,6,false
EXP-05,exp05_p08_m02_ro100_lh00,exact,2.25000,6.75000,4.50000,2,0,0,2,6,false
EXP-05,exp05_p08_m02_ro100_lh00,exact,6.75000,7.50000,0.75000,1,1,0,2,6,false
EXP-05,exp05_p08_m02_ro100_lh00,exact,7.50000,10.50000,3.00000,1,0,0,1,7,false
EXP-05,exp05_p08_m02_ro100_lh00,exact,10.50000,12.00000,1.50000,0,1,0,1,7,false
EXP-05,exp05_p08_m02_ro100_lh00,exact,12.00000,14.25000,2.25000,0,1,0,1,7,false
EXP-05,exp05_p08_m02_ro100_lh00,exact,14.25000,15.75000,1.50000,1,1,0,2,6,false
EXP-05,exp05_p08_m02_ro100_lh00,exact,15.75000,17.25000,1.50000,2,1,0,3,5,false
EXP-05,exp05_p08_m02_ro100_lh00,exact,17.25000,25.35000,8.10000,3,0,0,3,5,false
EXP-05,exp05_p08_m02_ro100_lh00,exact,25.35000,26.85000,1.50000,2,0,0,2,6,false
EXP-05,exp05_p08_m02_ro100_lh00,exact,26.85000,27.75000,0.90000,2,0,0,2,6,false
EXP-05,exp05_p08_m02_ro100_lh00,exact,27.75000,28.05000,0.30000,1,1,0,2,6,false
EXP-05,exp05_p08_m02_ro100_lh00,exact,28.05000,30.00000,1.95000,0,1,1,2,6,false
EXP-05,exp05_p08_m02_ro100_lh00,exact,30.00000,33.00000,3.00000,0,1,0,1,7,false
EXP-05,exp05_p08_m02_ro100_lh05,baseline,0,1.50,1.50,0,1,1,2,6,false
EXP-05,exp05_p08_m02_ro100_lh05,baseline,1.50,2.25,0.75,1,1,0,2,6,false
EXP-05,exp05_p08_m02_ro100_lh05,baseline,2.25,6.75,4.50,2,0,0,2,6,false
EXP-05,exp05_p08_m02_ro100_lh05,baseline,6.75,7.50,0.75,1,1,0,2,6,false
EXP-05,exp05_p08_m02_ro100_lh05,baseline,7.50,10.50,3.00,1,0,0,1,7,false
EXP-05,exp05_p08_m02_ro100_lh05,baseline,10.50,12.00,1.50,0,1,0,1,7,false
EXP-05,exp05_p08_m02_ro100_lh05,baseline,12.00,14.25,2.25,0,1,2,3,5,false
EXP-05,exp05_p08_m02_ro100_lh05,baseline,14.25,16.050,1.800,1,1,1,3,5,false
EXP-05,exp05_p08_m02_ro100_lh05,baseline,16.050,17.850,1.800,2,1,0,3,5,false
EXP-05,exp05_p08_m02_ro100_lh05,baseline,17.850,25.350,7.500,3,0,0,3,5,false
EXP-05,exp05_p08_m02_ro100_lh05,baseline,25.350,27.150,1.800,2,0,0,2,6,false
EXP-05,exp05_p08_m02_ro100_lh05,baseline,27.150,27.75,0.600,2,0,0,2,6,false
EXP-05,exp05_p08_m02_ro100_lh05,baseline,27.75,30.00,2.25,0,1,1,2,6,false
EXP-05,exp05_p08_m02_ro100_lh05,baseline,30.00,33.600,3.600,0,1,0,1,7,false
EXP-05,exp05_p08_m02_ro100_lh05,exact,0,1.50000,1.50000,0,1,0,1,7,false
EXP-05,exp05_p08_m02_ro100_lh05,exact,1.50000,2.25000,0.75000,1,1,0,2,6,false
EXP-05,exp05_p08_m02_ro100_lh05,exact,2.25000,6.75000,4.50000,2,0,0,2,6,false
EXP-05,exp05_p08_m02_ro100_lh05,exact,6.75000,7.50000,0.75000,1,1,0,2,6,false
EXP-05,exp05_p08_m02_ro100_lh05,exact,7.50000,10.50000,3.00000,1,0,0,1,7,false
EXP-05,exp05_p08_m02_ro100_lh05,exact,10.50000,12.00000,1.50000,0,1,0,1,7,false
EXP-05,exp05_p08_m02_ro100_lh05,exact,12.00000,14.25000,2.25000,0,1,0,1,7,false
EXP-05,exp05_p08_m02_ro100_lh05,exact,14.25000,16.05000,1.80000,1,1,0,2,6,false
EXP-05,exp05_p08_m02_ro100_lh05,exact,16.05000,17.85000,1.80000,2,1,0,3,5,false
EXP-05,exp05_p08_m02_ro100_lh05,exact,17.85000,25.35000,7.50000,3,0,0,3,5,false
EXP-05,exp05_p08_m02_ro100_lh05,exact,25.35000,27.15000,1.80000,2,0,0,2,6,false
EXP-05,exp05_p08_m02_ro100_lh05,exact,27.15000,27.75000,0.60000,2,0,0,2,6,false
EXP-05,exp05_p08_m02_ro100_lh05,exact,27.75000,30.00000,2.25000,0,1,1,2,6,false
EXP-05,exp05_p08_m02_ro100_lh05,exact,30.00000,33.60000,3.60000,0,1,0,1,7,false
EXP-05,exp05_p08_m03_ro000_lh00,baseline,0,1.50,1.50,0,1,1,2,6,false
EXP-05,exp05_p08_m03_ro000_lh00,baseline,1.50,2.25,0.75,1,1,0,2,6,false
EXP-05,exp05_p08_m03_ro000_lh00,baseline,2.25,6.75,4.50,2,0,0,2,6,false
EXP-05,exp05_p08_m03_ro000_lh00,baseline,6.75,7.50,0.75,1,1,0,2,6,false
EXP-05,exp05_p08_m03_ro000_lh00,baseline,7.50,10.50,3.00,1,0,0,1,7,false
EXP-05,exp05_p08_m03_ro000_lh00,baseline,10.50,12.00,1.50,0,1,0,1,7,false
EXP-05,exp05_p08_m03_ro000_lh00,baseline,12.00,14.25,2.25,0,1,3,4,4,false
EXP-05,exp05_p08_m03_ro000_lh00,baseline,14.25,15.25,1.00,1,1,2,4,4,false
EXP-05,exp05_p08_m03_ro000_lh00,baseline,15.25,16.25,1.00,2,1,1,4,4,false
EXP-05,exp05_p08_m03_ro000_lh00,baseline,16.25,17.25,1.00,3,1,0,4,4,false
EXP-05,exp05_p08_m03_ro000_lh00,baseline,17.25,21.25,4.00,4,0,0,4,4,false
EXP-05,exp05_p08_m03_ro000_lh00,baseline,21.25,22.25,1.00,3,0,0,3,5,false
EXP-05,exp05_p08_m03_ro000_lh00,baseline,22.25,23.25,1.00,2,0,0,2,6,false
EXP-05,exp05_p08_m03_ro000_lh00,baseline,23.25,26.25,3.00,1,1,0,2,6,false
EXP-05,exp05_p08_m03_ro000_lh00,baseline,26.25,27.75,1.50,1,0,0,1,7,false
EXP-05,exp05_p08_m03_ro000_lh00,baseline,27.75,30.00,2.25,0,1,0,1,7,false
EXP-05,exp05_p08_m03_ro000_lh00,exact,0,1.50000,1.50000,0,1,0,1,7,false
EXP-05,exp05_p08_m03_ro000_lh00,exact,1.50000,2.25000,0.75000,1,1,0,2,6,false
EXP-05,exp05_p08_m03_ro000_lh00,exact,2.25000,6.75000,4.50000,2,0,0,2,6,false
EXP-05,exp05_p08_m03_ro000_lh00,exact,6.75000,7.50000,0.75000,1,1,0,2,6,false
EXP-05,exp05_p08_m03_ro000_lh00,exact,7.50000,10.50000,3.00000,1,0,0,1,7,false
EXP-05,exp05_p08_m03_ro000_lh00,exact,10.50000,12.00000,1.50000,0,1,0,1,7,false
EXP-05,exp05_p08_m03_ro000_lh00,exact,12.00000,14.25000,2.25000,0,1,0,1,7,false
EXP-05,exp05_p08_m03_ro000_lh00,exact,14.25000,15.25000,1.00000,1,1,0,2,6,false
EXP-05,exp05_p08_m03_ro000_lh00,exact,15.25000,16.25000,1.00000,2,1,0,3,5,false
EXP-05,exp05_p08_m03_ro000_lh00,exact,16.25000,17.25000,1.00000,3,1,0,4,4,false
EXP-05,exp05_p08_m03_ro000_lh00,exact,17.25000,21.25000,4.00000,4,0,0,4,4,false
EXP-05,exp05_p08_m03_ro000_lh00,exact,21.25000,22.25000,1.00000,3,0,0,3,5,false
EXP-05,exp05_p08_m03_ro000_lh00,exact,22.25000,23.25000,1.00000,2,0,0,2,6,false
EXP-05,exp05_p08_m03_ro000_lh00,exact,23.25000,26.25000,3.00000,1,1,0,2,6,false
EXP-05,exp05_p08_m03_ro000_lh00,exact,26.25000,27.75000,1.50000,1,0,0,1,7,false
EXP-05,exp05_p08_m03_ro000_lh00,exact,27.75000,30.00000,2.25000,0,1,0,1,7,false
EXP-05,exp05_p08_m03_ro050_lh00,baseline,0,1.50,1.50,0,1,1,2,6,false
EXP-05,exp05_p08_m03_ro050_lh00,baseline,1.50,2.25,0.75,1,1,0,2,6,false
EXP-05,exp05_p08_m03_ro050_lh00,baseline,2.25,6.75,4.50,2,0,0,2,6,false
EXP-05,exp05_p08_m03_ro050_lh00,baseline,6.75,7.50,0.75,1,1,0,2,6,false
EXP-05,exp05_p08_m03_ro050_lh00,baseline,7.50,10.50,3.00,1,0,0,1,7,false
EXP-05,exp05_p08_m03_ro050_lh00,baseline,10.50,12.00,1.50,0,1,0,1,7,false
EXP-05,exp05_p08_m03_ro050_lh00,baseline,12.00,14.25,2.25,0,1,3,4,4,false
EXP-05,exp05_p08_m03_ro050_lh00,baseline,14.25,15.25,1.00,1,1,2,4,4,false
EXP-05,exp05_p08_m03_ro050_lh00,baseline,15.25,16.25,1.00,2,1,1,4,4,false
EXP-05,exp05_p08_m03_ro050_lh00,baseline,16.25,17.25,1.00,3,1,0,4,4,false
EXP-05,exp05_p08_m03_ro050_lh00,baseline,17.25,21.65,4.40,4,0,0,4,4,false
EXP-05,exp05_p08_m03_ro050_lh00,baseline,21.65,22.65,1.00,3,0,0,3,5,false
EXP-05,exp05_p08_m03_ro050_lh00,baseline,22.65,23.65,1.00,2,0,0,2,6,false
EXP-05,exp05_p08_m03_ro050_lh00,baseline,23.65,24.85,1.20,2,0,0,2,6,false
EXP-05,exp05_p08_m03_ro050_lh00,baseline,24.85,27.75,2.90,1,1,0,2,6,false
EXP-05,exp05_p08_m03_ro050_lh00,baseline,27.75,27.85,0.10,0,1,1,2,6,false
EXP-05,exp05_p08_m03_ro050_lh00,baseline,27.85,30.10,2.25,0,1,0,1,7,false
EXP-05,exp05_p08_m03_ro050_lh00,exact,0,1.50000,1.50000,0,1,0,1,7,false
EXP-05,exp05_p08_m03_ro050_lh00,exact,1.50000,2.25000,0.75000,1,1,0,2,6,false
EXP-05,exp05_p08_m03_ro050_lh00,exact,2.25000,6.75000,4.50000,2,0,0,2,6,false
EXP-05,exp05_p08_m03_ro050_lh00,exact,6.75000,7.50000,0.75000,1,1,0,2,6,false
EXP-05,exp05_p08_m03_ro050_lh00,exact,7.50000,10.50000,3.00000,1,0,0,1,7,false
EXP-05,exp05_p08_m03_ro050_lh00,exact,10.50000,12.00000,1.50000,0,1,0,1,7,false
EXP-05,exp05_p08_m03_ro050_lh00,exact,12.00000,14.25000,2.25000,0,1,0,1,7,false
EXP-05,exp05_p08_m03_ro050_lh00,exact,14.25000,15.25000,1.00000,1,1,0,2,6,false
EXP-05,exp05_p08_m03_ro050_lh00,exact,15.25000,16.25000,1.00000,2,1,0,3,5,false
EXP-05,exp05_p08_m03_ro050_lh00,exact,16.25000,17.25000,1.00000,3,1,0,4,4,false
EXP-05,exp05_p08_m03_ro050_lh00,exact,17.25000,21.65000,4.40000,4,0,0,4,4,false
EXP-05,exp05_p08_m03_ro050_lh00,exact,21.65000,22.65000,1.00000,3,0,0,3,5,false
EXP-05,exp05_p08_m03_ro050_lh00,exact,22.65000,23.65000,1.00000,2,0,0,2,6,false
EXP-05,exp05_p08_m03_ro050_lh00,exact,23.65000,24.85000,1.20000,2,0,0,2,6,false
EXP-05,exp05_p08_m03_ro050_lh00,exact,24.85000,27.75000,2.90000,1,1,0,2,6,false
EXP-05,exp05_p08_m03_ro050_lh00,exact,27.75000,27.85000,0.10000,0,1,1,2,6,false
EXP-05,exp05_p08_m03_ro050_lh00,exact,27.85000,30.10000,2.25000,0,1,0,1,7,false
EXP-05,exp05_p08_m03_ro050_lh05,baseline,0,1.50,1.50,0,1,1,2,6,false
EXP-05,exp05_p08_m03_ro050_lh05,baseline,1.50,2.25,0.75,1,1,0,2,6,false
EXP-05,exp05_p08_m03_ro050_lh05,baseline,2.25,6.75,4.50,2,0,0,2,6,false
EXP-05,exp05_p08_m03_ro050_lh05,baseline,6.75,7.50,0.75,1,1,0,2,6,false
EXP-05,exp05_p08_m03_ro050_lh05,baseline,7.50,10.50,3.00,1,0,0,1,7,false
EXP-05,exp05_p08_m03_ro050_lh05,baseline,10.50,12.00,1.50,0,1,0,1,7,false
EXP-05,exp05_p08_m03_ro050_lh05,baseline,12.00,14.25,2.25,0,1,3,4,4,false
EXP-05,exp05_p08_m03_ro050_lh05,baseline,14.25,15.450,1.200,1,1,2,4,4,false
EXP-05,exp05_p08_m03_ro050_lh05,baseline,15.450,16.650,1.200,2,1,1,4,4,false
EXP-05,exp05_p08_m03_ro050_lh05,baseline,16.650,17.850,1.200,3,1,0,4,4,false
EXP-05,exp05_p08_m03_ro050_lh05,baseline,17.850,21.650,3.800,4,0,0,4,4,false
EXP-05,exp05_p08_m03_ro050_lh05,baseline,21.650,22.850,1.200,3,0,0,3,5,false
EXP-05,exp05_p08_m03_ro050_lh05,baseline,22.850,24.050,1.200,2,0,0,2,6,false
EXP-05,exp05_p08_m03_ro050_lh05,baseline,24.050,24.650,0.600,2,0,0,2,6,false
EXP-05,exp05_p08_m03_ro050_lh05,baseline,24.650,27.75,3.100,1,1,0,2,6,false
EXP-05,exp05_p08_m03_ro050_lh05,baseline,27.75,28.250,0.500,0,1,1,2,6,false
EXP-05,exp05_p08_m03_ro050_lh05,baseline,28.250,30.500,2.250,0,1,0,1,7,false
EXP-05,exp05_p08_m03_ro050_lh05,exact,0,1.50000,1.50000,0,1,0,1,7,false
EXP-05,exp05_p08_m03_ro050_lh05,exact,1.50000,2.25000,0.75000,1,1,0,2,6,false
EXP-05,exp05_p08_m03_ro050_lh05,exact,2.25000,6.75000,4.50000,2,0,0,2,6,false
EXP-05,exp05_p08_m03_ro050_lh05,exact,6.75000,7.50000,0.75000,1,1,0,2,6,false
EXP-05,exp05_p08_m03_ro050_lh05,exact,7.50000,10.50000,3.00000,1,0,0,1,7,false
EXP-05,exp05_p08_m03_ro050_lh05,exact,10.50000,12.00000,1.50000,0,1,0,1,7,false
EXP-05,exp05_p08_m03_ro050_lh05,exact,12.00000,14.25000,2.25000,0,1,0,1,7,false
EXP-05,exp05_p08_m03_ro050_lh05,exact,14.25000,15.45000,1.20000,1,1,0,2,6,false
EXP-05,exp05_p08_m03_ro050_lh05,exact,15.45000,16.65000,1.20000,2,1,0,3,5,false
EXP-05,exp05_p08_m03_ro050_lh05,exact,16.65000,17.85000,1.20000,3,1,0,4,4,false
EXP-05,exp05_p08_m03_ro050_lh05,exact,17.85000,21.65000,3.80000,4,0,0,4,4,false
EXP-05,exp05_p08_m03_ro050_lh05,exact,21.65000,22.85000,1.20000,3,0,0,3,5,false
EXP-05,exp05_p08_m03_ro050_lh05,exact,22.85000,24.05000,1.20000,2,0,0,2,6,false
EXP-05,exp05_p08_m03_ro050_lh05,exact,24.05000,24.65000,0.60000,2,0,0,2,6,false
EXP-05,exp05_p08_m03_ro050_lh05,exact,24.65000,27.75000,3.10000,1,1,0,2,6,false
EXP-05,exp05_p08_m03_ro050_lh05,exact,27.75000,28.25000,0.50000,0,1,1,2,6,false
EXP-05,exp05_p08_m03_ro050_lh05,exact,28.25000,30.50000,2.25000,0,1,0,1,7,false
EXP-05,exp05_p08_m03_ro100_lh00,baseline,0,1.50,1.50,0,1,1,2,6,false
EXP-05,exp05_p08_m03_ro100_lh00,baseline,1.50,2.25,0.75,1,1,0,2,6,false
EXP-05,exp05_p08_m03_ro100_lh00,baseline,2.25,6.75,4.50,2,0,0,2,6,false
EXP-05,exp05_p08_m03_ro100_lh00,baseline,6.75,7.50,0.75,1,1,0,2,6,false
EXP-05,exp05_p08_m03_ro100_lh00,baseline,7.50,10.50,3.00,1,0,0,1,7,false
EXP-05,exp05_p08_m03_ro100_lh00,baseline,10.50,12.00,1.50,0,1,0,1,7,false
EXP-05,exp05_p08_m03_ro100_lh00,baseline,12.00,14.25,2.25,0,1,3,4,4,false
EXP-05,exp05_p08_m03_ro100_lh00,baseline,14.25,15.25,1.00,1,1,2,4,4,false
EXP-05,exp05_p08_m03_ro100_lh00,baseline,15.25,16.25,1.00,2,1,1,4,4,false
EXP-05,exp05_p08_m03_ro100_lh00,baseline,16.25,17.25,1.00,3,1,0,4,4,false
EXP-05,exp05_p08_m03_ro100_lh00,baseline,17.25,22.05,4.80,4,0,0,4,4,false
EXP-05,exp05_p08_m03_ro100_lh00,baseline,22.05,23.05,1.00,3,0,0,3,5,false
EXP-05,exp05_p08_m03_ro100_lh00,baseline,23.05,24.05,1.00,2,0,0,2,6,false
EXP-05,exp05_p08_m03_ro100_lh00,baseline,24.05,26.45,2.40,2,0,0,2,6,false
EXP-05,exp05_p08_m03_ro100_lh00,baseline,26.45,27.75,1.30,1,1,0,2,6,false
EXP-05,exp05_p08_m03_ro100_lh00,baseline,27.75,29.45,1.70,0,1,1,2,6,false
EXP-05,exp05_p08_m03_ro100_lh00,baseline,29.45,31.70,2.25,0,1,0,1,7,false
EXP-05,exp05_p08_m03_ro100_lh00,exact,0,1.50000,1.50000,0,1,0,1,7,false
EXP-05,exp05_p08_m03_ro100_lh00,exact,1.50000,2.25000,0.75000,1,1,0,2,6,false
EXP-05,exp05_p08_m03_ro100_lh00,exact,2.25000,6.75000,4.50000,2,0,0,2,6,false
EXP-05,exp05_p08_m03_ro100_lh00,exact,6.75000,7.50000,0.75000,1,1,0,2,6,false
EXP-05,exp05_p08_m03_ro100_lh00,exact,7.50000,10.50000,3.00000,1,0,0,1,7,false
EXP-05,exp05_p08_m03_ro100_lh00,exact,10.50000,12.00000,1.50000,0,1,0,1,7,false
EXP-05,exp05_p08_m03_ro100_lh00,exact,12.00000,13.00000,1.00000,0,1,0,1,7,false
EXP-05,exp05_p08_m03_ro100_lh00,exact,13.00000,15.25000,2.25000,1,1,0,2,6,false
EXP-05,exp05_p08_m03_ro100_lh00,exact,15.25000,16.25000,1.00000,2,1,0,3,5,false
EXP-05,exp05_p08_m03_ro100_lh00,exact,16.25000,17.25000,1.00000,3,1,0,4,4,false
EXP-05,exp05_p08_m03_ro100_lh00,exact,17.25000,19.80000,2.55000,4,0,0,4,4,false
EXP-05,exp05_p08_m03_ro100_lh00,exact,19.80000,23.05000,3.25000,3,0,0,3,5,false
EXP-05,exp05_p08_m03_ro100_lh00,exact,23.05000,24.05000,1.00000,2,0,0,2,6,false
EXP-05,exp05_p08_m03_ro100_lh00,exact,24.05000,26.45000,2.40000,2,0,0,2,6,false
EXP-05,exp05_p08_m03_ro100_lh00,exact,26.45000,28.75000,2.30000,1,1,0,2,6,false
EXP-05,exp05_p08_m03_ro100_lh00,exact,28.75000,29.45000,0.70000,0,1,1,2,6,false
EXP-05,exp05_p08_m03_ro100_lh00,exact,29.45000,31.70000,2.25000,0,1,0,1,7,false
EXP-05,exp05_p08_m03_ro100_lh05,baseline,0,1.50,1.50,0,1,1,2,6,false
EXP-05,exp05_p08_m03_ro100_lh05,baseline,1.50,2.25,0.75,1,1,0,2,6,false
EXP-05,exp05_p08_m03_ro100_lh05,baseline,2.25,6.75,4.50,2,0,0,2,6,false
EXP-05,exp05_p08_m03_ro100_lh05,baseline,6.75,7.50,0.75,1,1,0,2,6,false
EXP-05,exp05_p08_m03_ro100_lh05,baseline,7.50,10.50,3.00,1,0,0,1,7,false
EXP-05,exp05_p08_m03_ro100_lh05,baseline,10.50,12.00,1.50,0,1,0,1,7,false
EXP-05,exp05_p08_m03_ro100_lh05,baseline,12.00,14.25,2.25,0,1,3,4,4,false
EXP-05,exp05_p08_m03_ro100_lh05,baseline,14.25,15.650,1.400,1,1,2,4,4,false
EXP-05,exp05_p08_m03_ro100_lh05,baseline,15.650,17.050,1.400,2,1,1,4,4,false
EXP-05,exp05_p08_m03_ro100_lh05,baseline,17.050,18.450,1.400,3,1,0,4,4,false
EXP-05,exp05_p08_m03_ro100_lh05,baseline,18.450,22.050,3.600,4,0,0,4,4,false
EXP-05,exp05_p08_m03_ro100_lh05,baseline,22.050,23.450,1.400,3,0,0,3,5,false
EXP-05,exp05_p08_m03_ro100_lh05,baseline,23.450,24.850,1.400,2,0,0,2,6,false
EXP-05,exp05_p08_m03_ro100_lh05,baseline,24.850,26.050,1.200,2,0,0,2,6,false
EXP-05,exp05_p08_m03_ro100_lh05,baseline,26.050,27.75,1.700,1,1,0,2,6,false
EXP-05,exp05_p08_m03_ro100_lh05,baseline,27.75,30.250,2.500,0,1,1,2,6,false
EXP-05,exp05_p08_m03_ro100_lh05,baseline,30.250,32.500,2.250,0,1,0,1,7,false
EXP-05,exp05_p08_m03_ro100_lh05,exact,0,1.50000,1.50000,0,1,0,1,7,false
EXP-05,exp05_p08_m03_ro100_lh05,exact,1.50000,2.25000,0.75000,1,1,0,2,6,false
EXP-05,exp05_p08_m03_ro100_lh05,exact,2.25000,6.75000,4.50000,2,0,0,2,6,false
EXP-05,exp05_p08_m03_ro100_lh05,exact,6.75000,7.50000,0.75000,1,1,0,2,6,false
EXP-05,exp05_p08_m03_ro100_lh05,exact,7.50000,10.50000,3.00000,1,0,0,1,7,false
EXP-05,exp05_p08_m03_ro100_lh05,exact,10.50000,12.00000,1.50000,0,1,0,1,7,false
EXP-05,exp05_p08_m03_ro100_lh05,exact,12.00000,14.25000,2.25000,0,1,0,1,7,false
EXP-05,exp05_p08_m03_ro100_lh05,exact,14.25000,15.65000,1.40000,1,1,0,2,6,false
EXP-05,exp05_p08_m03_ro100_lh05,exact,15.65000,17.05000,1.40000,2,1,0,3,5,false
EXP-05,exp05_p08_m03_ro100_lh05,exact,17.05000,18.45000,1.40000,3,1,0,4,4,false
EXP-05,exp05_p08_m03_ro100_lh05,exact,18.45000,22.05000,3.60000,4,0,0,4,4,false
EXP-05,exp05_p08_m03_ro100_lh05,exact,22.05000,23.45000,1.40000,3,0,0,3,5,false
EXP-05,exp05_p08_m03_ro100_lh05,exact,23.45000,24.85000,1.40000,2,0,0,2,6,false
EXP-05,exp05_p08_m03_ro100_lh05,exact,24.85000,26.05000,1.20000,2,0,0,2,6,false
EXP-05,exp05_p08_m03_ro100_lh05,exact,26.05000,27.75000,1.70000,1,1,0,2,6,false
EXP-05,exp05_p08_m03_ro100_lh05,exact,27.75000,30.25000,2.50000,0,1,1,2,6,false
EXP-05,exp05_p08_m03_ro100_lh05,exact,30.25000,32.50000,2.25000,0,1,0,1,7,false
EXP-05,exp05_p08_m04_ro000_lh00,baseline,0,1.50,1.50,0,1,1,2,6,false
EXP-05,exp05_p08_m04_ro000_lh00,baseline,1.50,2.25,0.75,1,1,0,2,6,false
EXP-05,exp05_p08_m04_ro000_lh00,baseline,2.25,6.75,4.50,2,0,0,2,6,false
EXP-05,exp05_p08_m04_ro000_lh00,baseline,6.75,7.50,0.75,1,1,0,2,6,false
EXP-05,exp05_p08_m04_ro000_lh00,baseline,7.50,10.50,3.00,1,0,0,1,7,false
EXP-05,exp05_p08_m04_ro000_lh00,baseline,10.50,12.00,1.50,0,1,0,1,7,false
EXP-05,exp05_p08_m04_ro000_lh00,baseline,12.00,14.25,2.25,0,1,4,5,3,false
EXP-05,exp05_p08_m04_ro000_lh00,baseline,14.25,15.00,0.75,1,1,3,5,3,false
EXP-05,exp05_p08_m04_ro000_lh00,baseline,15.00,15.75,0.75,2,1,2,5,3,false
EXP-05,exp05_p08_m04_ro000_lh00,baseline,15.75,16.50,0.75,3,1,1,5,3,false
EXP-05,exp05_p08_m04_ro000_lh00,baseline,16.50,17.25,0.75,4,1,0,5,3,false
EXP-05,exp05_p08_m04_ro000_lh00,baseline,17.25,19.50,2.25,5,0,0,5,3,false
EXP-05,exp05_p08_m04_ro000_lh00,baseline,19.50,20.25,0.75,4,0,0,4,4,false
EXP-05,exp05_p08_m04_ro000_lh00,baseline,20.25,21.00,0.75,3,0,0,3,5,false
EXP-05,exp05_p08_m04_ro000_lh00,baseline,21.00,21.75,0.75,2,0,0,2,6,false
EXP-05,exp05_p08_m04_ro000_lh00,baseline,21.75,24.75,3.00,1,1,0,2,6,false
EXP-05,exp05_p08_m04_ro000_lh00,baseline,24.75,27.75,3.00,1,0,0,1,7,false
EXP-05,exp05_p08_m04_ro000_lh00,baseline,27.75,30.00,2.25,0,1,0,1,7,false
EXP-05,exp05_p08_m04_ro000_lh00,exact,0,1.50000,1.50000,0,1,0,1,7,false
EXP-05,exp05_p08_m04_ro000_lh00,exact,1.50000,2.25000,0.75000,1,1,0,2,6,false
EXP-05,exp05_p08_m04_ro000_lh00,exact,2.25000,6.75000,4.50000,2,0,0,2,6,false
EXP-05,exp05_p08_m04_ro000_lh00,exact,6.75000,7.50000,0.75000,1,1,0,2,6,false
EXP-05,exp05_p08_m04_ro000_lh00,exact,7.50000,10.50000,3.00000,1,0,0,1,7,false
EXP-05,exp05_p08_m04_ro000_lh00,exact,10.50000,12.00000,1.50000,0,1,0,1,7,false
EXP-05,exp05_p08_m04_ro000_lh00,exact,12.00000,14.25000,2.25000,0,1,0,1,7,false
EXP-05,exp05_p08_m04_ro000_lh00,exact,14.25000,15.00000,0.75000,1,1,0,2,6,false
EXP-05,exp05_p08_m04_ro000_lh00,exact,15.00000,15.75000,0.75000,2,1,0,3,5,false
EXP-05,exp05_p08_m04_ro000_lh00,exact,15.75000,16.50000,0.75000,3,1,0,4,4,false
EXP-05,exp05_p08_m04_ro000_lh00,exact,16.50000,17.25000,0.75000,4,1,0,5,3,false
EXP-05,exp05_p08_m04_ro000_lh00,exact,17.25000,19.50000,2.25000,5,0,0,5,3,false
EXP-05,exp05_p08_m04_ro000_lh00,exact,19.50000,20.25000,0.75000,4,0,0,4,4,false
EXP-05,exp05_p08_m04_ro000_lh00,exact,20.25000,21.00000,0.75000,3,0,0,3,5,false
EXP-05,exp05_p08_m04_ro000_lh00,exact,21.00000,21.75000,0.75000,2,0,0,2,6,false
EXP-05,exp05_p08_m04_ro000_lh00,exact,21.75000,24.75000,3.00000,1,1,0,2,6,false
EXP-05,exp05_p08_m04_ro000_lh00,exact,24.75000,27.75000,3.00000,1,0,0,1,7,false
EXP-05,exp05_p08_m04_ro000_lh00,exact,27.75000,30.00000,2.25000,0,1,0,1,7,false
EXP-05,exp05_p08_m04_ro050_lh00,baseline,0,1.50,1.50,0,1,1,2,6,false
EXP-05,exp05_p08_m04_ro050_lh00,baseline,1.50,2.25,0.75,1,1,0,2,6,false
EXP-05,exp05_p08_m04_ro050_lh00,baseline,2.25,6.75,4.50,2,0,0,2,6,false
EXP-05,exp05_p08_m04_ro050_lh00,baseline,6.75,7.50,0.75,1,1,0,2,6,false
EXP-05,exp05_p08_m04_ro050_lh00,baseline,7.50,10.50,3.00,1,0,0,1,7,false
EXP-05,exp05_p08_m04_ro050_lh00,baseline,10.50,12.00,1.50,0,1,0,1,7,false
EXP-05,exp05_p08_m04_ro050_lh00,baseline,12.00,14.25,2.25,0,1,4,5,3,false
EXP-05,exp05_p08_m04_ro050_lh00,baseline,14.25,15.00,0.75,1,1,3,5,3,false
EXP-05,exp05_p08_m04_ro050_lh00,baseline,15.00,15.75,0.75,2,1,2,5,3,false
EXP-05,exp05_p08_m04_ro050_lh00,baseline,15.75,16.50,0.75,3,1,1,5,3,false
EXP-05,exp05_p08_m04_ro050_lh00,baseline,16.50,17.25,0.75,4,1,0,5,3,false
EXP-05,exp05_p08_m04_ro050_lh00,baseline,17.25,19.95,2.70,5,0,0,5,3,false
EXP-05,exp05_p08_m04_ro050_lh00,baseline,19.95,20.70,0.75,4,0,0,4,4,false
EXP-05,exp05_p08_m04_ro050_lh00,baseline,20.70,21.45,0.75,3,0,0,3,5,false
EXP-05,exp05_p08_m04_ro050_lh00,baseline,21.45,22.20,0.75,2,0,0,2,6,false
EXP-05,exp05_p08_m04_ro050_lh00,baseline,22.20,24.00,1.80,2,0,0,2,6,false
EXP-05,exp05_p08_m04_ro050_lh00,baseline,24.00,27.00,3.00,1,1,0,2,6,false
EXP-05,exp05_p08_m04_ro050_lh00,baseline,27.00,27.75,0.75,1,0,0,1,7,false
EXP-05,exp05_p08_m04_ro050_lh00,baseline,27.75,30.00,2.25,0,1,0,1,7,false
EXP-05,exp05_p08_m04_ro050_lh00,exact,0,1.50000,1.50000,0,1,0,1,7,false
EXP-05,exp05_p08_m04_ro050_lh00,exact,1.50000,2.25000,0.75000,1,1,0,2,6,false
EXP-05,exp05_p08_m04_ro050_lh00,exact,2.25000,6.75000,4.50000,2,0,0,2,6,false
EXP-05,exp05_p08_m04_ro050_lh00,exact,6.75000,7.50000,0.75000,1,1,0,2,6,false
EXP-05,exp05_p08_m04_ro050_lh00,exact,7.50000,10.50000,3.00000,1,0,0,1,7,false
EXP-05,exp05_p08_m04_ro050_lh00,exact,10.50000,12.00000,1.50000,0,1,0,1,7,false
EXP-05,exp05_p08_m04_ro050_lh00,exact,12.00000,14.25000,2.25000,0,1,0,1,7,false
EXP-05,exp05_p08_m04_ro050_lh00,exact,14.25000,15.00000,0.75000,1,1,0,2,6,false
EXP-05,exp05_p08_m04_ro050_lh00,exact,15.00000,15.75000,0.75000,2,1,0,3,5,false
EXP-05,exp05_p08_m04_ro050_lh00,exact,15.75000,16.50000,0.75000,3,1,0,4,4,false
EXP-05,exp05_p08_m04_ro050_lh00,exact,16.50000,17.25000,0.75000,4,1,0,5,3,false
EXP-05,exp05_p08_m04_ro050_lh00,exact,17.25000,19.95000,2.70000,5,0,0,5,3,false
EXP-05,exp05_p08_m04_ro050_lh00,exact,19.95000,20.70000,0.75000,4,0,0,4,4,false
EXP-05,exp05_p08_m04_ro050_lh00,exact,20.70000,21.45000,0.75000,3,0,0,3,5,false
EXP-05,exp05_p08_m04_ro050_lh00,exact,21.45000,22.20000,0.75000,2,0,0,2,6,false
EXP-05,exp05_p08_m04_ro050_lh00,exact,22.20000,24.00000,1.80000,2,0,0,2,6,false
EXP-05,exp05_p08_m04_ro050_lh00,exact,24.00000,27.00000,3.00000,1,1,0,2,6,false
EXP-05,exp05_p08_m04_ro050_lh00,exact,27.00000,27.75000,0.75000,1,0,0,1,7,false
EXP-05,exp05_p08_m04_ro050_lh00,exact,27.75000,30.00000,2.25000,0,1,0,1,7,false
EXP-05,exp05_p08_m04_ro050_lh05,baseline,0,1.50,1.50,0,1,1,2,6,false
EXP-05,exp05_p08_m04_ro050_lh05,baseline,1.50,2.25,0.75,1,1,0,2,6,false
EXP-05,exp05_p08_m04_ro050_lh05,baseline,2.25,6.75,4.50,2,0,0,2,6,false
EXP-05,exp05_p08_m04_ro050_lh05,baseline,6.75,7.50,0.75,1,1,0,2,6,false
EXP-05,exp05_p08_m04_ro050_lh05,baseline,7.50,10.50,3.00,1,0,0,1,7,false
EXP-05,exp05_p08_m04_ro050_lh05,baseline,10.50,12.00,1.50,0,1,0,1,7,false
EXP-05,exp05_p08_m04_ro050_lh05,baseline,12.00,14.25,2.25,0,1,4,5,3,false
EXP-05,exp05_p08_m04_ro050_lh05,baseline,14.25,15.225,0.975,1,1,3,5,3,false
EXP-05,exp05_p08_m04_ro050_lh05,baseline,15.225,16.200,0.975,2,1,2,5,3,false
EXP-05,exp05_p08_m04_ro050_lh05,baseline,16.200,17.175,0.975,3,1,1,5,3,false
EXP-05,exp05_p08_m04_ro050_lh05,baseline,17.175,18.150,0.975,4,1,0,5,3,false
EXP-05,exp05_p08_m04_ro050_lh05,baseline,18.150,19.950,1.800,5,0,0,5,3,false
EXP-05,exp05_p08_m04_ro050_lh05,baseline,19.950,20.925,0.975,4,0,0,4,4,false
EXP-05,exp05_p08_m04_ro050_lh05,baseline,20.925,21.900,0.975,3,0,0,3,5,false
EXP-05,exp05_p08_m04_ro050_lh05,baseline,21.900,22.875,0.975,2,0,0,2,6,false
EXP-05,exp05_p08_m04_ro050_lh05,baseline,22.875,23.775,0.900,2,0,0,2,6,false
EXP-05,exp05_p08_m04_ro050_lh05,baseline,23.775,27.675,3.900,1,1,0,2,6,false
EXP-05,exp05_p08_m04_ro050_lh05,baseline,27.675,27.75,0.075,1,0,0,1,7,false
EXP-05,exp05_p08_m04_ro050_lh05,baseline,27.75,30.00,2.25,0,1,0,1,7,false
EXP-05,exp05_p08_m04_ro050_lh05,exact,0,1.50000,1.50000,0,1,0,1,7,false
EXP-05,exp05_p08_m04_ro050_lh05,exact,1.50000,2.25000,0.75000,1,1,0,2,6,false
EXP-05,exp05_p08_m04_ro050_lh05,exact,2.25000,6.75000,4.50000,2,0,0,2,6,false
EXP-05,exp05_p08_m04_ro050_lh05,exact,6.75000,7.50000,0.75000,1,1,0,2,6,false
EXP-05,exp05_p08_m04_ro050_lh05,exact,7.50000,10.50000,3.00000,1,0,0,1,7,false
EXP-05,exp05_p08_m04_ro050_lh05,exact,10.50000,12.00000,1.50000,0,1,0,1,7,false
EXP-05,exp05_p08_m04_ro050_lh05,exact,12.00000,14.25000,2.25000,0,1,0,1,7,false
EXP-05,exp05_p08_m04_ro050_lh05,exact,14.25000,15.22500,0.97500,1,1,0,2,6,false
EXP-05,exp05_p08_m04_ro050_lh05,exact,15.22500,16.20000,0.97500,2,1,0,3,5,false
EXP-05,exp05_p08_m04_ro050_lh05,exact,16.20000,17.17500,0.97500,3,1,0,4,4,false
EXP-05,exp05_p08_m04_ro050_lh05,exact,17.17500,18.15000,0.97500,4,1,0,5,3,false
EXP-05,exp05_p08_m04_ro050_lh05,exact,18.15000,19.95000,1.80000,5,0,0,5,3,false
EXP-05,exp05_p08_m04_ro050_lh05,exact,19.95000,20.92500,0.97500,4,0,0,4,4,false
EXP-05,exp05_p08_m04_ro050_lh05,exact,20.92500,21.90000,0.97500,3,0,0,3,5,false
EXP-05,exp05_p08_m04_ro050_lh05,exact,21.90000,22.87500,0.97500,2,0,0,2,6,false
EXP-05,exp05_p08_m04_ro050_lh05,exact,22.87500,23.77500,0.90000,2,0,0,2,6,false
EXP-05,exp05_p08_m04_ro050_lh05,exact,23.77500,27.67500,3.90000,1,1,0,2,6,false
EXP-05,exp05_p08_m04_ro050_lh05,exact,27.67500,27.75000,0.07500,1,0,0,1,7,false
EXP-05,exp05_p08_m04_ro050_lh05,exact,27.75000,30.00000,2.25000,0,1,0,1,7,false
EXP-05,exp05_p08_m04_ro100_lh00,baseline,0,1.50,1.50,0,1,1,2,6,false
EXP-05,exp05_p08_m04_ro100_lh00,baseline,1.50,2.25,0.75,1,1,0,2,6,false
EXP-05,exp05_p08_m04_ro100_lh00,baseline,2.25,6.75,4.50,2,0,0,2,6,false
EXP-05,exp05_p08_m04_ro100_lh00,baseline,6.75,7.50,0.75,1,1,0,2,6,false
EXP-05,exp05_p08_m04_ro100_lh00,baseline,7.50,10.50,3.00,1,0,0,1,7,false
EXP-05,exp05_p08_m04_ro100_lh00,baseline,10.50,12.00,1.50,0,1,0,1,7,false
EXP-05,exp05_p08_m04_ro100_lh00,baseline,12.00,14.25,2.25,0,1,4,5,3,false
EXP-05,exp05_p08_m04_ro100_lh00,baseline,14.25,15.00,0.75,1,1,3,5,3,false
EXP-05,exp05_p08_m04_ro100_lh00,baseline,15.00,15.75,0.75,2,1,2,5,3,false
EXP-05,exp05_p08_m04_ro100_lh00,baseline,15.75,16.50,0.75,3,1,1,5,3,false
EXP-05,exp05_p08_m04_ro100_lh00,baseline,16.50,17.25,0.75,4,1,0,5,3,false
EXP-05,exp05_p08_m04_ro100_lh00,baseline,17.25,20.40,3.15,5,0,0,5,3,false
EXP-05,exp05_p08_m04_ro100_lh00,baseline,20.40,21.15,0.75,4,0,0,4,4,false
EXP-05,exp05_p08_m04_ro100_lh00,baseline,21.15,21.90,0.75,3,0,0,3,5,false
EXP-05,exp05_p08_m04_ro100_lh00,baseline,21.90,22.65,0.75,2,0,0,2,6,false
EXP-05,exp05_p08_m04_ro100_lh00,baseline,22.65,26.25,3.60,2,0,0,2,6,false
EXP-05,exp05_p08_m04_ro100_lh00,baseline,26.25,27.75,1.50,1,1,0,2,6,false
EXP-05,exp05_p08_m04_ro100_lh00,baseline,27.75,29.25,1.50,0,1,1,2,6,false
EXP-05,exp05_p08_m04_ro100_lh00,baseline,29.25,31.50,2.25,0,1,0,1,7,false
EXP-05,exp05_p08_m04_ro100_lh00,exact,0,1.50000,1.50000,0,1,0,1,7,false
EXP-05,exp05_p08_m04_ro100_lh00,exact,1.50000,2.25000,0.75000,1,1,0,2,6,false
EXP-05,exp05_p08_m04_ro100_lh00,exact,2.25000,6.75000,4.50000,2,0,0,2,6,false
EXP-05,exp05_p08_m04_ro100_lh00,exact,6.75000,7.50000,0.75000,1,1,0,2,6,false
EXP-05,exp05_p08_m04_ro100_lh00,exact,7.50000,10.50000,3.00000,1,0,0,1,7,false
EXP-05,exp05_p08_m04_ro100_lh00,exact,10.50000,12.00000,1.50000,0,1,0,1,7,false
EXP-05,exp05_p08_m04_ro100_lh00,exact,12.00000,12.75000,0.75000,0,1,0,1,7,false
EXP-05,exp05_p08_m04_ro100_lh00,exact,12.75000,13.50000,0.75000,1,1,0,2,6,false
EXP-05,exp05_p08_m04_ro100_lh00,exact,13.50000,15.75000,2.25000,2,1,0,3,5,false
EXP-05,exp05_p08_m04_ro100_lh00,exact,15.75000,16.50000,0.75000,3,1,0,4,4,false
EXP-05,exp05_p08_m04_ro100_lh00,exact,16.50000,17.25000,0.75000,4,1,0,5,3,false
EXP-05,exp05_p08_m04_ro100_lh00,exact,17.25000,18.15000,0.90000,5,0,0,5,3,false
EXP-05,exp05_p08_m04_ro100_lh00,exact,18.15000,18.90000,0.75000,4,0,0,4,4,false
EXP-05,exp05_p08_m04_ro100_lh00,exact,18.90000,21.90000,3.00000,3,0,0,3,5,false
EXP-05,exp05_p08_m04_ro100_lh00,exact,21.90000,22.65000,0.75000,2,0,0,2,6,false
EXP-05,exp05_p08_m04_ro100_lh00,exact,22.65000,26.25000,3.60000,2,0,0,2,6,false
EXP-05,exp05_p08_m04_ro100_lh00,exact,26.25000,29.25000,3.00000,1,1,0,2,6,false
EXP-05,exp05_p08_m04_ro100_lh00,exact,29.25000,31.50000,2.25000,0,1,0,1,7,false
EXP-05,exp05_p08_m04_ro100_lh05,baseline,0,1.50,1.50,0,1,1,2,6,false
EXP-05,exp05_p08_m04_ro100_lh05,baseline,1.50,2.25,0.75,1,1,0,2,6,false
EXP-05,exp05_p08_m04_ro100_lh05,baseline,2.25,6.75,4.50,2,0,0,2,6,false
EXP-05,exp05_p08_m04_ro100_lh05,baseline,6.75,7.50,0.75,1,1,0,2,6,false
EXP-05,exp05_p08_m04_ro100_lh05,baseline,7.50,10.50,3.00,1,0,0,1,7,false
EXP-05,exp05_p08_m04_ro100_lh05,baseline,10.50,12.00,1.50,0,1,0,1,7,false
EXP-05,exp05_p08_m04_ro100_lh05,baseline,12.00,14.25,2.25,0,1,4,5,3,false
EXP-05,exp05_p08_m04_ro100_lh05,baseline,14.25,15.450,1.200,1,1,3,5,3,false
EXP-05,exp05_p08_m04_ro100_lh05,baseline,15.450,16.650,1.200,2,1,2,5,3,false
EXP-05,exp05_p08_m04_ro100_lh05,baseline,16.650,17.850,1.200,3,1,1,5,3,false
EXP-05,exp05_p08_m04_ro100_lh05,baseline,17.850,19.050,1.200,4,1,0,5,3,false
EXP-05,exp05_p08_m04_ro100_lh05,baseline,19.050,20.400,1.350,5,0,0,5,3,false
EXP-05,exp05_p08_m04_ro100_lh05,baseline,20.400,21.600,1.200,4,0,0,4,4,false
EXP-05,exp05_p08_m04_ro100_lh05,baseline,21.600,22.800,1.200,3,0,0,3,5,false
EXP-05,exp05_p08_m04_ro100_lh05,baseline,22.800,24.000,1.200,2,0,0,2,6,false
EXP-05,exp05_p08_m04_ro100_lh05,baseline,24.000,25.800,1.800,2,0,0,2,6,false
EXP-05,exp05_p08_m04_ro100_lh05,baseline,25.800,27.75,1.950,1,1,0,2,6,false
EXP-05,exp05_p08_m04_ro100_lh05,baseline,27.75,30.600,2.850,0,1,1,2,6,false
EXP-05,exp05_p08_m04_ro100_lh05,baseline,30.600,32.850,2.250,0,1,0,1,7,false
EXP-05,exp05_p08_m04_ro100_lh05,exact,0,1.50000,1.50000,0,1,0,1,7,false
EXP-05,exp05_p08_m04_ro100_lh05,exact,1.50000,2.25000,0.75000,1,1,0,2,6,false
EXP-05,exp05_p08_m04_ro100_lh05,exact,2.25000,6.75000,4.50000,2,0,0,2,6,false
EXP-05,exp05_p08_m04_ro100_lh05,exact,6.75000,7.50000,0.75000,1,1,0,2,6,false
EXP-05,exp05_p08_m04_ro100_lh05,exact,7.50000,10.50000,3.00000,1,0,0,1,7,false
EXP-05,exp05_p08_m04_ro100_lh05,exact,10.50000,12.00000,1.50000,0,1,0,1,7,false
EXP-05,exp05_p08_m04_ro100_lh05,exact,12.00000,13.20000,1.20000,0,1,0,1,7,false
EXP-05,exp05_p08_m04_ro100_lh05,exact,13.20000,15.45000,2.25000,1,1,0,2,6,false
EXP-05,exp05_p08_m04_ro100_lh05,exact,15.45000,16.65000,1.20000,2,1,0,3,5,false
EXP-05,exp05_p08_m04_ro100_lh05,exact,16.65000,17.85000,1.20000,3,1,0,4,4,false
EXP-05,exp05_p08_m04_ro100_lh05,exact,17.85000,18.15000,0.30000,4,1,0,5,3,false
EXP-05,exp05_p08_m04_ro100_lh05,exact,18.15000,19.05000,0.90000,3,1,0,4,4,false
EXP-05,exp05_p08_m04_ro100_lh05,exact,19.05000,21.60000,2.55000,4,0,0,4,4,false
EXP-05,exp05_p08_m04_ro100_lh05,exact,21.60000,22.80000,1.20000,3,0,0,3,5,false
EXP-05,exp05_p08_m04_ro100_lh05,exact,22.80000,24.00000,1.20000,2,0,0,2,6,false
EXP-05,exp05_p08_m04_ro100_lh05,exact,24.00000,25.80000,1.80000,2,0,0,2,6,false
EXP-05,exp05_p08_m04_ro100_lh05,exact,25.80000,28.95000,3.15000,1,1,0,2,6,false
EXP-05,exp05_p08_m04_ro100_lh05,exact,28.95000,30.60000,1.65000,0,1,1,2,6,false
EXP-05,exp05_p08_m04_ro100_lh05,exact,30.60000,32.85000,2.25000,0,1,0,1,7,false
EXP-05,exp05_p08_m06_ro000_lh00,baseline,0,1.50,1.50,0,1,1,2,6,false
EXP-05,exp05_p08_m06_ro000_lh00,baseline,1.50,2.25,0.75,1,1,0,2,6,false
EXP-05,exp05_p08_m06_ro000_lh00,baseline,2.25,6.75,4.50,2,0,0,2,6,false
EXP-05,exp05_p08_m06_ro000_lh00,baseline,6.75,7.50,0.75,1,1,0,2,6,false
EXP-05,exp05_p08_m06_ro000_lh00,baseline,7.50,10.50,3.00,1,0,0,1,7,false
EXP-05,exp05_p08_m06_ro000_lh00,baseline,10.50,12.00,1.50,0,1,0,1,7,false
EXP-05,exp05_p08_m06_ro000_lh00,baseline,12.00,14.25,2.25,0,1,6,7,1,false
EXP-05,exp05_p08_m06_ro000_lh00,baseline,14.25,14.75,0.50,1,1,5,7,1,false
EXP-05,exp05_p08_m06_ro000_lh00,baseline,14.75,15.25,0.50,2,1,4,7,1,false
EXP-05,exp05_p08_m06_ro000_lh00,baseline,15.25,15.75,0.50,3,1,3,7,1,false
EXP-05,exp05_p08_m06_ro000_lh00,baseline,15.75,16.25,0.50,4,1,2,7,1,false
EXP-05,exp05_p08_m06_ro000_lh00,baseline,16.25,16.75,0.50,5,1,1,7,1,false
EXP-05,exp05_p08_m06_ro000_lh00,baseline,16.75,17.25,0.50,6,1,0,7,1,false
EXP-05,exp05_p08_m06_ro000_lh00,baseline,17.25,17.75,0.50,7,0,0,7,1,false
EXP-05,exp05_p08_m06_ro000_lh00,baseline,17.75,18.25,0.50,6,0,0,6,2,false
EXP-05,exp05_p08_m06_ro000_lh00,baseline,18.25,18.75,0.50,5,0,0,5,3,false
EXP-05,exp05_p08_m06_ro000_lh00,baseline,18.75,19.25,0.50,4,0,0,4,4,false
EXP-05,exp05_p08_m06_ro000_lh00,baseline,19.25,19.75,0.50,3,0,0,3,5,false
EXP-05,exp05_p08_m06_ro000_lh00,baseline,19.75,20.25,0.50,2,0,0,2,6,false
EXP-05,exp05_p08_m06_ro000_lh00,baseline,20.25,23.25,3.00,1,1,0,2,6,false
EXP-05,exp05_p08_m06_ro000_lh00,baseline,23.25,27.75,4.50,1,0,0,1,7,false
EXP-05,exp05_p08_m06_ro000_lh00,baseline,27.75,30.00,2.25,0,1,0,1,7,false
EXP-05,exp05_p08_m06_ro000_lh00,exact,0,1.50000,1.50000,0,1,0,1,7,false
EXP-05,exp05_p08_m06_ro000_lh00,exact,1.50000,2.25000,0.75000,1,1,0,2,6,false
EXP-05,exp05_p08_m06_ro000_lh00,exact,2.25000,6.75000,4.50000,2,0,0,2,6,false
EXP-05,exp05_p08_m06_ro000_lh00,exact,6.75000,7.50000,0.75000,1,1,0,2,6,false
EXP-05,exp05_p08_m06_ro000_lh00,exact,7.50000,10.50000,3.00000,1,0,0,1,7,false
EXP-05,exp05_p08_m06_ro000_lh00,exact,10.50000,12.00000,1.50000,0,1,0,1,7,false
EXP-05,exp05_p08_m06_ro000_lh00,exact,12.00000,14.25000,2.25000,0,1,0,1,7,false
EXP-05,exp05_p08_m06_ro000_lh00,exact,14.25000,14.75000,0.50000,1,1,0,2,6,false
EXP-05,exp05_p08_m06_ro000_lh00,exact,14.75000,15.25000,0.50000,2,1,0,3,5,false
EXP-05,exp05_p08_m06_ro000_lh00,exact,15.25000,15.75000,0.50000,3,1,0,4,4,false
EXP-05,exp05_p08_m06_ro000_lh00,exact,15.75000,16.25000,0.50000,4,1,0,5,3,false
EXP-05,exp05_p08_m06_ro000_lh00,exact,16.25000,16.75000,0.50000,5,1,0,6,2,false
EXP-05,exp05_p08_m06_ro000_lh00,exact,16.75000,17.25000,0.50000,6,1,0,7,1,false
EXP-05,exp05_p08_m06_ro000_lh00,exact,17.25000,17.75000,0.50000,7,0,0,7,1,false
EXP-05,exp05_p08_m06_ro000_lh00,exact,17.75000,18.25000,0.50000,6,0,0,6,2,false
EXP-05,exp05_p08_m06_ro000_lh00,exact,18.25000,18.75000,0.50000,5,0,0,5,3,false
EXP-05,exp05_p08_m06_ro000_lh00,exact,18.75000,19.25000,0.50000,4,0,0,4,4,false
EXP-05,exp05_p08_m06_ro000_lh00,exact,19.25000,19.75000,0.50000,3,0,0,3,5,false
EXP-05,exp05_p08_m06_ro000_lh00,exact,19.75000,20.25000,0.50000,2,0,0,2,6,false
EXP-05,exp05_p08_m06_ro000_lh00,exact,20.25000,23.25000,3.00000,1,1,0,2,6,false
EXP-05,exp05_p08_m06_ro000_lh00,exact,23.25000,27.75000,4.50000,1,0,0,1,7,false
EXP-05,exp05_p08_m06_ro000_lh00,exact,27.75000,30.00000,2.25000,0,1,0,1,7,false
EXP-05,exp05_p08_m06_ro050_lh00,baseline,0,1.50,1.50,0,1,1,2,6,false
EXP-05,exp05_p08_m06_ro050_lh00,baseline,1.50,2.25,0.75,1,1,0,2,6,false
EXP-05,exp05_p08_m06_ro050_lh00,baseline,2.25,6.75,4.50,2,0,0,2,6,false
EXP-05,exp05_p08_m06_ro050_lh00,baseline,6.75,7.50,0.75,1,1,0,2,6,false
EXP-05,exp05_p08_m06_ro050_lh00,baseline,7.50,10.50,3.00,1,0,0,1,7,false
EXP-05,exp05_p08_m06_ro050_lh00,baseline,10.50,12.00,1.50,0,1,0,1,7,false
EXP-05,exp05_p08_m06_ro050_lh00,baseline,12.00,14.25,2.25,0,1,6,7,1,false
EXP-05,exp05_p08_m06_ro050_lh00,baseline,14.25,14.75,0.50,1,1,5,7,1,false
EXP-05,exp05_p08_m06_ro050_lh00,baseline,14.75,15.25,0.50,2,1,4,7,1,false
EXP-05,exp05_p08_m06_ro050_lh00,baseline,15.25,15.75,0.50,3,1,3,7,1,false
EXP-05,exp05_p08_m06_ro050_lh00,baseline,15.75,16.25,0.50,4,1,2,7,1,false
EXP-05,exp05_p08_m06_ro050_lh00,baseline,16.25,16.75,0.50,5,1,1,7,1,false
EXP-05,exp05_p08_m06_ro050_lh00,baseline,16.75,17.25,0.50,6,1,0,7,1,false
EXP-05,exp05_p08_m06_ro050_lh00,baseline,17.25,18.25,1.00,7,0,0,7,1,false
EXP-05,exp05_p08_m06_ro050_lh00,baseline,18.25,18.75,0.50,6,0,0,6,2,false
EXP-05,exp05_p08_m06_ro050_lh00,baseline,18.75,19.25,0.50,5,0,0,5,3,false
EXP-05,exp05_p08_m06_ro050_lh00,baseline,19.25,19.75,0.50,4,0,0,4,4,false
EXP-05,exp05_p08_m06_ro050_lh00,baseline,19.75,20.25,0.50,3,0,0,3,5,false
EXP-05,exp05_p08_m06_ro050_lh00,baseline,20.25,20.75,0.50,2,0,0,2,6,false
EXP-05,exp05_p08_m06_ro050_lh00,baseline,20.75,23.75,3.00,2,0,0,2,6,false
EXP-05,exp05_p08_m06_ro050_lh00,baseline,23.75,26.75,3.00,1,1,0,2,6,false
EXP-05,exp05_p08_m06_ro050_lh00,baseline,26.75,27.75,1.00,1,0,0,1,7,false
EXP-05,exp05_p08_m06_ro050_lh00,baseline,27.75,30.00,2.25,0,1,0,1,7,false
EXP-05,exp05_p08_m06_ro050_lh00,exact,0,1.50000,1.50000,0,1,0,1,7,false
EXP-05,exp05_p08_m06_ro050_lh00,exact,1.50000,2.25000,0.75000,1,1,0,2,6,false
EXP-05,exp05_p08_m06_ro050_lh00,exact,2.25000,6.75000,4.50000,2,0,0,2,6,false
EXP-05,exp05_p08_m06_ro050_lh00,exact,6.75000,7.50000,0.75000,1,1,0,2,6,false
EXP-05,exp05_p08_m06_ro050_lh00,exact,7.50000,10.50000,3.00000,1,0,0,1,7,false
EXP-05,exp05_p08_m06_ro050_lh00,exact,10.50000,12.00000,1.50000,0,1,0,1,7,false
EXP-05,exp05_p08_m06_ro050_lh00,exact,12.00000,14.25000,2.25000,0,1,0,1,7,false
EXP-05,exp05_p08_m06_ro050_lh00,exact,14.25000,14.75000,0.50000,1,1,0,2,6,false
EXP-05,exp05_p08_m06_ro050_lh00,exact,14.75000,15.25000,0.50000,2,1,0,3,5,false
EXP-05,exp05_p08_m06_ro050_lh00,exact,15.25000,15.75000,0.50000,3,1,0,4,4,false
EXP-05,exp05_p08_m06_ro050_lh00,exact,15.75000,16.25000,0.50000,4,1,0,5,3,false
EXP-05,exp05_p08_m06_ro050_lh00,exact,16.25000,16.75000,0.50000,5,1,0,6,2,false
EXP-05,exp05_p08_m06_ro050_lh00,exact,16.75000,17.25000,0.50000,6,1,0,7,1,false
EXP-05,exp05_p08_m06_ro050_lh00,exact,17.25000,18.25000,1.00000,7,0,0,7,1,false
EXP-05,exp05_p08_m06_ro050_lh00,exact,18.25000,18.75000,0.50000,6,0,0,6,2,false
EXP-05,exp05_p08_m06_ro050_lh00,exact,18.75000,19.25000,0.50000,5,0,0,5,3,false
EXP-05,exp05_p08_m06_ro050_lh00,exact,19.25000,19.75000,0.50000,4,0,0,4,4,false
EXP-05,exp05_p08_m06_ro050_lh00,exact,19.75000,20.25000,0.50000,3,0,0,3,5,false
EXP-05,exp05_p08_m06_ro050_lh00,exact,20.25000,20.75000,0.50000,2,0,0,2,6,false
EXP-05,exp05_p08_m06_ro050_lh00,exact,20.75000,23.75000,3.00000,2,0,0,2,6,false
EXP-05,exp05_p08_m06_ro050_lh00,exact,23.75000,26.75000,3.00000,1,1,0,2,6,false
EXP-05,exp05_p08_m06_ro050_lh00,exact,26.75000,27.75000,1.00000,1,0,0,1,7,false
EXP-05,exp05_p08_m06_ro050_lh00,exact,27.75000,30.00000,2.25000,0,1,0,1,7,false
EXP-05,exp05_p08_m06_ro050_lh05,baseline,0,1.50,1.50,0,1,1,2,6,false
EXP-05,exp05_p08_m06_ro050_lh05,baseline,1.50,2.25,0.75,1,1,0,2,6,false
EXP-05,exp05_p08_m06_ro050_lh05,baseline,2.25,6.75,4.50,2,0,0,2,6,false
EXP-05,exp05_p08_m06_ro050_lh05,baseline,6.75,7.50,0.75,1,1,0,2,6,false
EXP-05,exp05_p08_m06_ro050_lh05,baseline,7.50,10.50,3.00,1,0,0,1,7,false
EXP-05,exp05_p08_m06_ro050_lh05,baseline,10.50,12.00,1.50,0,1,0,1,7,false
EXP-05,exp05_p08_m06_ro050_lh05,baseline,12.00,14.25,2.25,0,1,6,7,1,false
EXP-05,exp05_p08_m06_ro050_lh05,baseline,14.25,15.000,0.750,1,1,5,7,1,false
EXP-05,exp05_p08_m06_ro050_lh05,baseline,15.000,15.750,0.750,2,1,4,7,1,false
EXP-05,exp05_p08_m06_ro050_lh05,baseline,15.750,16.500,0.750,3,1,3,7,1,false
EXP-05,exp05_p08_m06_ro050_lh05,baseline,16.500,17.250,0.750,4,1,2,7,1,false
EXP-05,exp05_p08_m06_ro050_lh05,baseline,17.250,18.000,0.750,5,1,1,7,1,false
EXP-05,exp05_p08_m06_ro050_lh05,baseline,18.000,18.250,0.250,6,1,0,7,1,false
EXP-05,exp05_p08_m06_ro050_lh05,baseline,18.250,18.750,0.500,5,1,0,6,2,false
EXP-05,exp05_p08_m06_ro050_lh05,baseline,18.750,19.000,0.250,6,0,0,6,2,false
EXP-05,exp05_p08_m06_ro050_lh05,baseline,19.000,19.750,0.750,5,0,0,5,3,false
EXP-05,exp05_p08_m06_ro050_lh05,baseline,19.750,20.500,0.750,4,0,0,4,4,false
EXP-05,exp05_p08_m06_ro050_lh05,baseline,20.500,21.250,0.750,3,0,0,3,5,false
EXP-05,exp05_p08_m06_ro050_lh05,baseline,21.250,22.000,0.750,2,0,0,2,6,false
EXP-05,exp05_p08_m06_ro050_lh05,baseline,22.000,23.500,1.500,2,0,0,2,6,false
EXP-05,exp05_p08_m06_ro050_lh05,baseline,23.500,27.75,4.250,1,1,0,2,6,false
EXP-05,exp05_p08_m06_ro050_lh05,baseline,27.75,28.000,0.250,0,1,1,2,6,false
EXP-05,exp05_p08_m06_ro050_lh05,baseline,28.000,30.250,2.250,0,1,0,1,7,false
EXP-05,exp05_p08_m06_ro050_lh05,exact,0,1.50000,1.50000,0,1,0,1,7,false
EXP-05,exp05_p08_m06_ro050_lh05,exact,1.50000,2.25000,0.75000,1,1,0,2,6,false
EXP-05,exp05_p08_m06_ro050_lh05,exact,2.25000,6.75000,4.50000,2,0,0,2,6,false
EXP-05,exp05_p08_m06_ro050_lh05,exact,6.75000,7.50000,0.75000,1,1,0,2,6,false
EXP-05,exp05_p08_m06_ro050_lh05,exact,7.50000,10.50000,3.00000,1,0,0,1,7,false
EXP-05,exp05_p08_m06_ro050_lh05,exact,10.50000,12.00000,1.50000,0,1,0,1,7,false
EXP-05,exp05_p08_m06_ro050_lh05,exact,12.00000,14.25000,2.25000,0,1,0,1,7,false
EXP-05,exp05_p08_m06_ro050_lh05,exact,14.25000,15.00000,0.75000,1,1,0,2,6,false
EXP-05,exp05_p08_m06_ro050_lh05,exact,15.00000,15.75000,0.75000,2,1,0,3,5,false
EXP-05,exp05_p08_m06_ro050_lh05,exact,15.75000,16.50000,0.75000,3,1,0,4,4,false
EXP-05,exp05_p08_m06_ro050_lh05,exact,16.50000,17.25000,0.75000,4,1,0,5,3,false
EXP-05,exp05_p08_m06_ro050_lh05,exact,17.25000,18.00000,0.75000,5,1,0,6,2,false
EXP-05,exp05_p08_m06_ro050_lh05,exact,18.00000,18.25000,0.25000,6,1,0,7,1,false
EXP-05,exp05_p08_m06_ro050_lh05,exact,18.25000,18.75000,0.50000,5,1,0,6,2,false
EXP-05,exp05_p08_m06_ro050_lh05,exact,18.75000,19.00000,0.25000,6,0,0,6,2,false
EXP-05,exp05_p08_m06_ro050_lh05,exact,19.00000,19.75000,0.75000,5,0,0,5,3,false
EXP-05,exp05_p08_m06_ro050_lh05,exact,19.75000,20.50000,0.75000,4,0,0,4,4,false
EXP-05,exp05_p08_m06_ro050_lh05,exact,20.50000,21.25000,0.75000,3,0,0,3,5,false
EXP-05,exp05_p08_m06_ro050_lh05,exact,21.25000,22.00000,0.75000,2,0,0,2,6,false
EXP-05,exp05_p08_m06_ro050_lh05,exact,22.00000,23.50000,1.50000,2,0,0,2,6,false
EXP-05,exp05_p08_m06_ro050_lh05,exact,23.50000,27.75000,4.25000,1,1,0,2,6,false
EXP-05,exp05_p08_m06_ro050_lh05,exact,27.75000,28.00000,0.25000,0,1,1,2,6,false
EXP-05,exp05_p08_m06_ro050_lh05,exact,28.00000,30.25000,2.25000,0,1,0,1,7,false
EXP-05,exp05_p08_m06_ro100_lh00,baseline,0,1.50,1.50,0,1,1,2,6,false
EXP-05,exp05_p08_m06_ro100_lh00,baseline,1.50,2.25,0.75,1,1,0,2,6,false
EXP-05,exp05_p08_m06_ro100_lh00,baseline,2.25,6.75,4.50,2,0,0,2,6,false
EXP-05,exp05_p08_m06_ro100_lh00,baseline,6.75,7.50,0.75,1,1,0,2,6,false
EXP-05,exp05_p08_m06_ro100_lh00,baseline,7.50,10.50,3.00,1,0,0,1,7,false
EXP-05,exp05_p08_m06_ro100_lh00,baseline,10.50,12.00,1.50,0,1,0,1,7,false
EXP-05,exp05_p08_m06_ro100_lh00,baseline,12.00,14.25,2.25,0,1,6,7,1,false
EXP-05,exp05_p08_m06_ro100_lh00,baseline,14.25,14.75,0.50,1,1,5,7,1,false
EXP-05,exp05_p08_m06_ro100_lh00,baseline,14.75,15.25,0.50,2,1,4,7,1,false
EXP-05,exp05_p08_m06_ro100_lh00,baseline,15.25,15.75,0.50,3,1,3,7,1,false
EXP-05,exp05_p08_m06_ro100_lh00,baseline,15.75,16.25,0.50,4,1,2,7,1,false
EXP-05,exp05_p08_m06_ro100_lh00,baseline,16.25,16.75,0.50,5,1,1,7,1,false
EXP-05,exp05_p08_m06_ro100_lh00,baseline,16.75,17.25,0.50,6,1,0,7,1,false
EXP-05,exp05_p08_m06_ro100_lh00,baseline,17.25,18.75,1.50,7,0,0,7,1,false
EXP-05,exp05_p08_m06_ro100_lh00,baseline,18.75,19.25,0.50,6,0,0,6,2,false
EXP-05,exp05_p08_m06_ro100_lh00,baseline,19.25,19.75,0.50,5,0,0,5,3,false
EXP-05,exp05_p08_m06_ro100_lh00,baseline,19.75,20.25,0.50,4,0,0,4,4,false
EXP-05,exp05_p08_m06_ro100_lh00,baseline,20.25,20.75,0.50,3,0,0,3,5,false
EXP-05,exp05_p08_m06_ro100_lh00,baseline,20.75,21.25,0.50,2,0,0,2,6,false
EXP-05,exp05_p08_m06_ro100_lh00,baseline,21.25,27.25,6.00,2,0,0,2,6,false
EXP-05,exp05_p08_m06_ro100_lh00,baseline,27.25,27.75,0.50,1,1,0,2,6,false
EXP-05,exp05_p08_m06_ro100_lh00,baseline,27.75,30.25,2.50,0,1,1,2,6,false
EXP-05,exp05_p08_m06_ro100_lh00,baseline,30.25,32.50,2.25,0,1,0,1,7,false
EXP-05,exp05_p08_m06_ro100_lh00,exact,0,1.50000,1.50000,0,1,0,1,7,false
EXP-05,exp05_p08_m06_ro100_lh00,exact,1.50000,2.25000,0.75000,1,1,0,2,6,false
EXP-05,exp05_p08_m06_ro100_lh00,exact,2.25000,6.75000,4.50000,2,0,0,2,6,false
EXP-05,exp05_p08_m06_ro100_lh00,exact,6.75000,7.50000,0.75000,1,1,0,2,6,false
EXP-05,exp05_p08_m06_ro100_lh00,exact,7.50000,10.50000,3.00000,1,0,0,1,7,false
EXP-05,exp05_p08_m06_ro100_lh00,exact,10.50000,12.00000,1.50000,0,1,0,1,7,false
EXP-05,exp05_p08_m06_ro100_lh00,exact,12.00000,12.50000,0.50000,0,1,0,1,7,false
EXP-05,exp05_p08_m06_ro100_lh00,exact,12.50000,13.00000,0.50000,1,1,0,2,6,false
EXP-05,exp05_p08_m06_ro100_lh00,exact,13.00000,13.50000,0.50000,2,1,0,3,5,false
EXP-05,exp05_p08_m06_ro100_lh00,exact,13.50000,14.00000,0.50000,3,1,0,4,4,false
EXP-05,exp05_p08_m06_ro100_lh00,exact,14.00000,14.50000,0.50000,4,1,0,5,3,false
EXP-05,exp05_p08_m06_ro100_lh00,exact,14.50000,16.50000,2.00000,5,1,0,6,2,false
EXP-05,exp05_p08_m06_ro100_lh00,exact,16.50000,16.75000,0.25000,4,1,0,5,3,false
EXP-05,exp05_p08_m06_ro100_lh00,exact,16.75000,17.00000,0.25000,5,1,0,6,2,false
EXP-05,exp05_p08_m06_ro100_lh00,exact,17.00000,17.25000,0.25000,4,1,0,5,3,false
EXP-05,exp05_p08_m06_ro100_lh00,exact,17.25000,17.50000,0.25000,5,0,0,5,3,false
EXP-05,exp05_p08_m06_ro100_lh00,exact,17.50000,18.00000,0.50000,4,0,0,4,4,false
EXP-05,exp05_p08_m06_ro100_lh00,exact,18.00000,18.50000,0.50000,3,0,0,3,5,false
EXP-05,exp05_p08_m06_ro100_lh00,exact,18.50000,21.25000,2.75000,2,0,0,2,6,false
EXP-05,exp05_p08_m06_ro100_lh00,exact,21.25000,27.25000,6.00000,2,0,0,2,6,false
EXP-05,exp05_p08_m06_ro100_lh00,exact,27.25000,30.25000,3.00000,1,1,0,2,6,false
EXP-05,exp05_p08_m06_ro100_lh00,exact,30.25000,32.50000,2.25000,0,1,0,1,7,false
EXP-05,exp05_p08_m06_ro100_lh05,baseline,0,1.50,1.50,0,1,1,2,6,false
EXP-05,exp05_p08_m06_ro100_lh05,baseline,1.50,2.25,0.75,1,1,0,2,6,false
EXP-05,exp05_p08_m06_ro100_lh05,baseline,2.25,6.75,4.50,2,0,0,2,6,false
EXP-05,exp05_p08_m06_ro100_lh05,baseline,6.75,7.50,0.75,1,1,0,2,6,false
EXP-05,exp05_p08_m06_ro100_lh05,baseline,7.50,10.50,3.00,1,0,0,1,7,false
EXP-05,exp05_p08_m06_ro100_lh05,baseline,10.50,12.00,1.50,0,1,0,1,7,false
EXP-05,exp05_p08_m06_ro100_lh05,baseline,12.00,14.25,2.25,0,1,6,7,1,false
EXP-05,exp05_p08_m06_ro100_lh05,baseline,14.25,15.250,1.000,1,1,5,7,1,false
EXP-05,exp05_p08_m06_ro100_lh05,baseline,15.250,16.250,1.000,2,1,4,7,1,false
EXP-05,exp05_p08_m06_ro100_lh05,baseline,16.250,17.250,1.000,3,1,3,7,1,false
EXP-05,exp05_p08_m06_ro100_lh05,baseline,17.250,18.250,1.000,4,1,2,7,1,false
EXP-05,exp05_p08_m06_ro100_lh05,baseline,18.250,18.750,0.500,5,1,1,7,1,false
EXP-05,exp05_p08_m06_ro100_lh05,baseline,18.750,19.250,0.500,4,1,1,6,2,false
EXP-05,exp05_p08_m06_ro100_lh05,baseline,19.250,19.750,0.500,5,1,0,6,2,false
EXP-05,exp05_p08_m06_ro100_lh05,baseline,19.750,20.250,0.500,4,1,0,5,3,false
EXP-05,exp05_p08_m06_ro100_lh05,baseline,20.250,20.750,0.500,5,0,0,5,3,false
EXP-05,exp05_p08_m06_ro100_lh05,baseline,20.750,21.750,1.000,4,0,0,4,4,false
EXP-05,exp05_p08_m06_ro100_lh05,baseline,21.750,22.750,1.000,3,0,0,3,5,false
EXP-05,exp05_p08_m06_ro100_lh05,baseline,22.750,23.750,1.000,2,0,0,2,6,false
EXP-05,exp05_p08_m06_ro100_lh05,baseline,23.750,26.750,3.000,2,0,0,2,6,false
EXP-05,exp05_p08_m06_ro100_lh05,baseline,26.750,27.75,1.000,1,1,0,2,6,false
EXP-05,exp05_p08_m06_ro100_lh05,baseline,27.75,32.750,5.000,0,1,1,2,6,false
EXP-05,exp05_p08_m06_ro100_lh05,baseline,32.750,35.000,2.250,0,1,0,1,7,false
EXP-05,exp05_p08_m06_ro100_lh05,exact,0,1.50000,1.50000,0,1,0,1,7,false
EXP-05,exp05_p08_m06_ro100_lh05,exact,1.50000,2.25000,0.75000,1,1,0,2,6,false
EXP-05,exp05_p08_m06_ro100_lh05,exact,2.25000,6.75000,4.50000,2,0,0,2,6,false
EXP-05,exp05_p08_m06_ro100_lh05,exact,6.75000,7.50000,0.75000,1,1,0,2,6,false
EXP-05,exp05_p08_m06_ro100_lh05,exact,7.50000,10.50000,3.00000,1,0,0,1,7,false
EXP-05,exp05_p08_m06_ro100_lh05,exact,10.50000,12.00000,1.50000,0,1,0,1,7,false
EXP-05,exp05_p08_m06_ro100_lh05,exact,12.00000,13.00000,1.00000,0,1,0,1,7,false
EXP-05,exp05_p08_m06_ro100_lh05,exact,13.00000,14.00000,1.00000,1,1,0,2,6,false
EXP-05,exp05_p08_m06_ro100_lh05,exact,14.00000,16.25000,2.25000,2,1,0,3,5,false
EXP-05,exp05_p08_m06_ro100_lh05,exact,16.25000,16.50000,0.25000,3,1,0,4,4,false
EXP-05,exp05_p08_m06_ro100_lh05,exact,16.50000,17.25000,0.75000,2,1,0,3,5,false
EXP-05,exp05_p08_m06_ro100_lh05,exact,17.25000,17.50000,0.25000,3,1,0,4,4,false
EXP-05,exp05_p08_m06_ro100_lh05,exact,17.50000,18.25000,0.75000,2,1,0,3,5,false
EXP-05,exp05_p08_m06_ro100_lh05,exact,18.25000,19.25000,1.00000,3,1,0,4,4,false
EXP-05,exp05_p08_m06_ro100_lh05,exact,19.25000,20.25000,1.00000,4,1,0,5,3,false
EXP-05,exp05_p08_m06_ro100_lh05,exact,20.25000,20.75000,0.50000,5,0,0,5,3,false
EXP-05,exp05_p08_m06_ro100_lh05,exact,20.75000,21.75000,1.00000,4,0,0,4,4,false
EXP-05,exp05_p08_m06_ro100_lh05,exact,21.75000,22.75000,1.00000,3,0,0,3,5,false
EXP-05,exp05_p08_m06_ro100_lh05,exact,22.75000,23.75000,1.00000,2,0,0,2,6,false
EXP-05,exp05_p08_m06_ro100_lh05,exact,23.75000,26.75000,3.00000,2,0,0,2,6,false
EXP-05,exp05_p08_m06_ro100_lh05,exact,26.75000,29.75000,3.00000,1,1,0,2,6,false
EXP-05,exp05_p08_m06_ro100_lh05,exact,29.75000,32.75000,3.00000,0,1,1,2,6,false
EXP-05,exp05_p08_m06_ro100_lh05,exact,32.75000,35.00000,2.25000,0,1,0,1,7,false
EXP-05,exp05_p08_m08_ro000_lh00,baseline,0,1.50,1.50,0,1,1,2,6,false
EXP-05,exp05_p08_m08_ro000_lh00,baseline,1.50,2.25,0.75,1,1,0,2,6,false
EXP-05,exp05_p08_m08_ro000_lh00,baseline,2.25,6.75,4.50,2,0,0,2,6,false
EXP-05,exp05_p08_m08_ro000_lh00,baseline,6.75,7.50,0.75,1,1,0,2,6,false
EXP-05,exp05_p08_m08_ro000_lh00,baseline,7.50,10.50,3.00,1,0,0,1,7,false
EXP-05,exp05_p08_m08_ro000_lh00,baseline,10.50,12.00,1.50,0,1,0,1,7,false
EXP-05,exp05_p08_m08_ro000_lh00,baseline,12.00,14.25,2.25,0,1,7,8,0,true
EXP-05,exp05_p08_m08_ro000_lh00,baseline,14.25,14.625,0.375,1,1,6,8,0,false
EXP-05,exp05_p08_m08_ro000_lh00,baseline,14.625,15.000,0.375,2,1,5,8,0,false
EXP-05,exp05_p08_m08_ro000_lh00,baseline,15.000,15.375,0.375,3,1,4,8,0,false
EXP-05,exp05_p08_m08_ro000_lh00,baseline,15.375,15.750,0.375,4,1,3,8,0,false
EXP-05,exp05_p08_m08_ro000_lh00,baseline,15.750,16.125,0.375,5,1,2,8,0,false
EXP-05,exp05_p08_m08_ro000_lh00,baseline,16.125,16.500,0.375,6,1,1,8,0,false
EXP-05,exp05_p08_m08_ro000_lh00,baseline,16.500,16.875,0.375,7,1,0,8,0,false
EXP-05,exp05_p08_m08_ro000_lh00,baseline,16.875,17.250,0.375,7,1,0,8,0,false
EXP-05,exp05_p08_m08_ro000_lh00,baseline,17.250,17.625,0.375,7,0,0,7,1,false
EXP-05,exp05_p08_m08_ro000_lh00,baseline,17.625,18.000,0.375,6,0,0,6,2,false
EXP-05,exp05_p08_m08_ro000_lh00,baseline,18.000,18.375,0.375,5,0,0,5,3,false
EXP-05,exp05_p08_m08_ro000_lh00,baseline,18.375,18.750,0.375,4,0,0,4,4,false
EXP-05,exp05_p08_m08_ro000_lh00,baseline,18.750,19.125,0.375,3,0,0,3,5,false
EXP-05,exp05_p08_m08_ro000_lh00,baseline,19.125,19.500,0.375,2,0,0,2,6,false
EXP-05,exp05_p08_m08_ro000_lh00,baseline,19.500,22.500,3.000,1,1,0,2,6,false
EXP-05,exp05_p08_m08_ro000_lh00,baseline,22.500,27.75,5.250,1,0,0,1,7,false
EXP-05,exp05_p08_m08_ro000_lh00,baseline,27.75,30.00,2.25,0,1,0,1,7,false
EXP-05,exp05_p08_m08_ro000_lh00,exact,0,1.50000,1.50000,0,1,0,1,7,false
EXP-05,exp05_p08_m08_ro000_lh00,exact,1.50000,2.25000,0.75000,1,1,0,2,6,false
EXP-05,exp05_p08_m08_ro000_lh00,exact,2.25000,6.75000,4.50000,2,0,0,2,6,false
EXP-05,exp05_p08_m08_ro000_lh00,exact,6.75000,7.50000,0.75000,1,1,0,2,6,false
EXP-05,exp05_p08_m08_ro000_lh00,exact,7.50000,10.50000,3.00000,1,0,0,1,7,false
EXP-05,exp05_p08_m08_ro000_lh00,exact,10.50000,12.00000,1.50000,0,1,0,1,7,false
EXP-05,exp05_p08_m08_ro000_lh00,exact,12.00000,14.25000,2.25000,0,1,0,1,7,false
EXP-05,exp05_p08_m08_ro000_lh00,exact,14.25000,14.62500,0.37500,1,1,0,2,6,false
EXP-05,exp05_p08_m08_ro000_lh00,exact,14.62500,15.00000,0.37500,2,1,0,3,5,false
EXP-05,exp05_p08_m08_ro000_lh00,exact,15.00000,15.37500,0.37500,3,1,0,4,4,false
EXP-05,exp05_p08_m08_ro000_lh00,exact,15.37500,15.75000,0.37500,4,1,0,5,3,false
EXP-05,exp05_p08_m08_ro000_lh00,exact,15.75000,16.12500,0.37500,5,1,0,6,2,false
EXP-05,exp05_p08_m08_ro000_lh00,exact,16.12500,16.50000,0.37500,6,1,0,7,1,false
EXP-05,exp05_p08_m08_ro000_lh00,exact,16.50000,16.87500,0.37500,7,1,0,8,0,false
EXP-05,exp05_p08_m08_ro000_lh00,exact,16.87500,17.25000,0.37500,7,1,0,8,0,false
EXP-05,exp05_p08_m08_ro000_lh00,exact,17.25000,17.62500,0.37500,7,0,0,7,1,false
EXP-05,exp05_p08_m08_ro000_lh00,exact,17.62500,18.00000,0.37500,6,0,0,6,2,false
EXP-05,exp05_p08_m08_ro000_lh00,exact,18.00000,18.37500,0.37500,5,0,0,5,3,false
EXP-05,exp05_p08_m08_ro000_lh00,exact,18.37500,18.75000,0.37500,4,0,0,4,4,false
EXP-05,exp05_p08_m08_ro000_lh00,exact,18.75000,19.12500,0.37500,3,0,0,3,5,false
EXP-05,exp05_p08_m08_ro000_lh00,exact,19.12500,19.50000,0.37500,2,0,0,2,6,false
EXP-05,exp05_p08_m08_ro000_lh00,exact,19.50000,22.50000,3.00000,1,1,0,2,6,false
EXP-05,exp05_p08_m08_ro000_lh00,exact,22.50000,27.75000,5.25000,1,0,0,1,7,false
EXP-05,exp05_p08_m08_ro000_lh00,exact,27.75000,30.00000,2.25000,0,1,0,1,7,false
EXP-05,exp05_p08_m08_ro050_lh00,baseline,0,1.50,1.50,0,1,1,2,6,false
EXP-05,exp05_p08_m08_ro050_lh00,baseline,1.50,2.25,0.75,1,1,0,2,6,false
EXP-05,exp05_p08_m08_ro050_lh00,baseline,2.25,6.75,4.50,2,0,0,2,6,false
EXP-05,exp05_p08_m08_ro050_lh00,baseline,6.75,7.50,0.75,1,1,0,2,6,false
EXP-05,exp05_p08_m08_ro050_lh00,baseline,7.50,10.50,3.00,1,0,0,1,7,false
EXP-05,exp05_p08_m08_ro050_lh00,baseline,10.50,12.00,1.50,0,1,0,1,7,false
EXP-05,exp05_p08_m08_ro050_lh00,baseline,12.00,14.25,2.25,0,1,7,8,0,true
EXP-05,exp05_p08_m08_ro050_lh00,baseline,14.25,14.625,0.375,1,1,6,8,0,false
EXP-05,exp05_p08_m08_ro050_lh00,baseline,14.625,15.000,0.375,2,1,5,8,0,false
EXP-05,exp05_p08_m08_ro050_lh00,baseline,15.000,15.375,0.375,3,1,4,8,0,false
EXP-05,exp05_p08_m08_ro050_lh00,baseline,15.375,15.750,0.375,4,1,3,8,0,false
EXP-05,exp05_p08_m08_ro050_lh00,baseline,15.750,16.125,0.375,5,1,2,8,0,false
EXP-05,exp05_p08_m08_ro050_lh00,baseline,16.125,16.500,0.375,6,1,1,8,0,false
EXP-05,exp05_p08_m08_ro050_lh00,baseline,16.500,16.875,0.375,7,1,0,8,0,false
EXP-05,exp05_p08_m08_ro050_lh00,baseline,16.875,17.400,0.525,8,0,0,8,0,false
EXP-05,exp05_p08_m08_ro050_lh00,baseline,17.400,17.775,0.375,7,1,0,8,0,false
EXP-05,exp05_p08_m08_ro050_lh00,baseline,17.775,18.150,0.375,7,0,0,7,1,false
EXP-05,exp05_p08_m08_ro050_lh00,baseline,18.150,18.525,0.375,6,0,0,6,2,false
EXP-05,exp05_p08_m08_ro050_lh00,baseline,18.525,18.900,0.375,5,0,0,5,3,false
EXP-05,exp05_p08_m08_ro050_lh00,baseline,18.900,19.275,0.375,4,0,0,4,4,false
EXP-05,exp05_p08_m08_ro050_lh00,baseline,19.275,19.650,0.375,3,0,0,3,5,false
EXP-05,exp05_p08_m08_ro050_lh00,baseline,19.650,20.550,0.900,2,0,0,2,6,false
EXP-05,exp05_p08_m08_ro050_lh00,baseline,20.550,24.750,4.200,2,0,0,2,6,false
EXP-05,exp05_p08_m08_ro050_lh00,baseline,24.750,27.75,3.000,1,1,0,2,6,false
EXP-05,exp05_p08_m08_ro050_lh00,baseline,27.75,30.00,2.25,0,1,0,1,7,false
EXP-05,exp05_p08_m08_ro050_lh00,exact,0,1.50000,1.50000,0,1,0,1,7,false
EXP-05,exp05_p08_m08_ro050_lh00,exact,1.50000,2.25000,0.75000,1,1,0,2,6,false
EXP-05,exp05_p08_m08_ro050_lh00,exact,2.25000,6.75000,4.50000,2,0,0,2,6,false
EXP-05,exp05_p08_m08_ro050_lh00,exact,6.75000,7.50000,0.75000,1,1,0,2,6,false
EXP-05,exp05_p08_m08_ro050_lh00,exact,7.50000,10.50000,3.00000,1,0,0,1,7,false
EXP-05,exp05_p08_m08_ro050_lh00,exact,10.50000,12.00000,1.50000,0,1,0,1,7,false
EXP-05,exp05_p08_m08_ro050_lh00,exact,12.00000,14.25000,2.25000,0,1,0,1,7,false
EXP-05,exp05_p08_m08_ro050_lh00,exact,14.25000,14.62500,0.37500,1,1,0,2,6,false
EXP-05,exp05_p08_m08_ro050_lh00,exact,14.62500,15.00000,0.37500,2,1,0,3,5,false
EXP-05,exp05_p08_m08_ro050_lh00,exact,15.00000,15.37500,0.37500,3,1,0,4,4,false
EXP-05,exp05_p08_m08_ro050_lh00,exact,15.37500,15.75000,0.37500,4,1,0,5,3,false
EXP-05,exp05_p08_m08_ro050_lh00,exact,15.75000,16.12500,0.37500,5,1,0,6,2,false
EXP-05,exp05_p08_m08_ro050_lh00,exact,16.12500,16.50000,0.37500,6,1,0,7,1,false
EXP-05,exp05_p08_m08_ro050_lh00,exact,16.50000,16.87500,0.37500,7,1,0,8,0,false
EXP-05,exp05_p08_m08_ro050_lh00,exact,16.87500,17.40000,0.52500,8,0,0,8,0,false
EXP-05,exp05_p08_m08_ro050_lh00,exact,17.40000,17.77500,0.37500,7,1,0,8,0,false
EXP-05,exp05_p08_m08_ro050_lh00,exact,17.77500,18.15000,0.37500,7,0,0,7,1,false
EXP-05,exp05_p08_m08_ro050_lh00,exact,18.15000,18.52500,0.37500,6,0,0,6,2,false
EXP-05,exp05_p08_m08_ro050_lh00,exact,18.52500,18.90000,0.37500,5,0,0,5,3,false
EXP-05,exp05_p08_m08_ro050_lh00,exact,18.90000,19.27500,0.37500,4,0,0,4,4,false
EXP-05,exp05_p08_m08_ro050_lh00,exact,19.27500,19.65000,0.37500,3,0,0,3,5,false
EXP-05,exp05_p08_m08_ro050_lh00,exact,19.65000,20.55000,0.90000,2,0,0,2,6,false
EXP-05,exp05_p08_m08_ro050_lh00,exact,20.55000,24.75000,4.20000,2,0,0,2,6,false
EXP-05,exp05_p08_m08_ro050_lh00,exact,24.75000,27.75000,3.00000,1,1,0,2,6,false
EXP-05,exp05_p08_m08_ro050_lh00,exact,27.75000,30.00000,2.25000,0,1,0,1,7,false
EXP-05,exp05_p08_m08_ro050_lh05,baseline,0,1.50,1.50,0,1,1,2,6,false
EXP-05,exp05_p08_m08_ro050_lh05,baseline,1.50,2.25,0.75,1,1,0,2,6,false
EXP-05,exp05_p08_m08_ro050_lh05,baseline,2.25,6.75,4.50,2,0,0,2,6,false
EXP-05,exp05_p08_m08_ro050_lh05,baseline,6.75,7.50,0.75,1,1,0,2,6,false
EXP-05,exp05_p08_m08_ro050_lh05,baseline,7.50,10.50,3.00,1,0,0,1,7,false
EXP-05,exp05_p08_m08_ro050_lh05,baseline,10.50,12.00,1.50,0,1,0,1,7,false
EXP-05,exp05_p08_m08_ro050_lh05,baseline,12.00,14.25,2.25,0,1,7,8,0,true
EXP-05,exp05_p08_m08_ro050_lh05,baseline,14.25,14.8875,0.6375,1,1,6,8,0,false
EXP-05,exp05_p08_m08_ro050_lh05,baseline,14.8875,15.5250,0.6375,2,1,5,8,0,false
EXP-05,exp05_p08_m08_ro050_lh05,baseline,15.5250,16.1625,0.6375,3,1,4,8,0,false
EXP-05,exp05_p08_m08_ro050_lh05,baseline,16.1625,16.8000,0.6375,4,1,3,8,0,false
EXP-05,exp05_p08_m08_ro050_lh05,baseline,16.8000,17.4000,0.6000,5,1,2,8,0,false
EXP-05,exp05_p08_m08_ro050_lh05,baseline,17.4000,17.4375,0.0375,4,1,3,8,0,false
EXP-05,exp05_p08_m08_ro050_lh05,baseline,17.4375,18.0375,0.6000,5,1,2,8,0,false
EXP-05,exp05_p08_m08_ro050_lh05,baseline,18.0375,18.0750,0.0375,4,1,2,7,1,false
EXP-05,exp05_p08_m08_ro050_lh05,baseline,18.0750,18.6750,0.6000,5,1,1,7,1,false
EXP-05,exp05_p08_m08_ro050_lh05,baseline,18.6750,18.7125,0.0375,4,1,1,6,2,false
EXP-05,exp05_p08_m08_ro050_lh05,baseline,18.7125,19.3125,0.6000,5,1,0,6,2,false
EXP-05,exp05_p08_m08_ro050_lh05,baseline,19.3125,19.3500,0.0375,4,1,0,5,3,false
EXP-05,exp05_p08_m08_ro050_lh05,baseline,19.3500,19.9500,0.6000,5,0,0,5,3,false
EXP-05,exp05_p08_m08_ro050_lh05,baseline,19.9500,20.5875,0.6375,4,0,0,4,4,false
EXP-05,exp05_p08_m08_ro050_lh05,baseline,20.5875,21.2250,0.6375,3,0,0,3,5,false
EXP-05,exp05_p08_m08_ro050_lh05,baseline,21.2250,21.8625,0.6375,2,0,0,2,6,false
EXP-05,exp05_p08_m08_ro050_lh05,baseline,21.8625,23.9625,2.1000,2,0,0,2,6,false
EXP-05,exp05_p08_m08_ro050_lh05,baseline,23.9625,27.75,3.7875,1,1,0,2,6,false
EXP-05,exp05_p08_m08_ro050_lh05,baseline,27.75,29.0625,1.3125,0,1,1,2,6,false
EXP-05,exp05_p08_m08_ro050_lh05,baseline,29.0625,31.3125,2.2500,0,1,0,1,7,false
EXP-05,exp05_p08_m08_ro050_lh05,exact,0,1.50000,1.50000,0,1,0,1,7,false
EXP-05,exp05_p08_m08_ro050_lh05,exact,1.50000,2.25000,0.75000,1,1,0,2,6,false
EXP-05,exp05_p08_m08_ro050_lh05,exact,2.25000,6.75000,4.50000,2,0,0,2,6,false
EXP-05,exp05_p08_m08_ro050_lh05,exact,6.75000,7.50000,0.75000,1,1,0,2,6,false
EXP-05,exp05_p08_m08_ro050_lh05,exact,7.50000,10.50000,3.00000,1,0,0,1,7,false
EXP-05,exp05_p08_m08_ro050_lh05,exact,10.50000,12.00000,1.50000,0,1,0,1,7,false
EXP-05,exp05_p08_m08_ro050_lh05,exact,12.00000,12.63750,0.63750,0,1,0,1,7,false
EXP-05,exp05_p08_m08_ro050_lh05,exact,12.63750,13.27500,0.63750,1,1,0,2,6,false
EXP-05,exp05_p08_m08_ro050_lh05,exact,13.27500,15.15000,1.87500,2,1,0,3,5,false
EXP-05,exp05_p08_m08_ro050_lh05,exact,15.15000,15.52500,0.37500,1,1,0,2,6,false
EXP-05,exp05_p08_m08_ro050_lh05,exact,15.52500,15.78750,0.26250,2,1,0,3,5,false
EXP-05,exp05_p08_m08_ro050_lh05,exact,15.78750,16.16250,0.37500,1,1,0,2,6,false
EXP-05,exp05_p08_m08_ro050_lh05,exact,16.16250,16.80000,0.63750,2,1,0,3,5,false
EXP-05,exp05_p08_m08_ro050_lh05,exact,16.80000,17.43750,0.63750,3,1,0,4,4,false
EXP-05,exp05_p08_m08_ro050_lh05,exact,17.43750,18.07500,0.63750,4,1,0,5,3,false
EXP-05,exp05_p08_m08_ro050_lh05,exact,18.07500,18.67500,0.60000,5,1,0,6,2,false
EXP-05,exp05_p08_m08_ro050_lh05,exact,18.67500,18.71250,0.03750,4,1,0,5,3,false
EXP-05,exp05_p08_m08_ro050_lh05,exact,18.71250,19.31250,0.60000,5,1,0,6,2,false
EXP-05,exp05_p08_m08_ro050_lh05,exact,19.31250,19.35000,0.03750,4,1,0,5,3,false
EXP-05,exp05_p08_m08_ro050_lh05,exact,19.35000,19.95000,0.60000,5,0,0,5,3,false
EXP-05,exp05_p08_m08_ro050_lh05,exact,19.95000,20.58750,0.63750,4,0,0,4,4,false
EXP-05,exp05_p08_m08_ro050_lh05,exact,20.58750,21.22500,0.63750,3,0,0,3,5,false
EXP-05,exp05_p08_m08_ro050_lh05,exact,21.22500,21.86250,0.63750,2,0,0,2,6,false
EXP-05,exp05_p08_m08_ro050_lh05,exact,21.86250,23.96250,2.10000,2,0,0,2,6,false
EXP-05,exp05_p08_m08_ro050_lh05,exact,23.96250,29.02500,5.06250,1,1,0,2,6,false
EXP-05,exp05_p08_m08_ro050_lh05,exact,29.02500,29.06250,0.03750,0,1,1,2,6,false
EXP-05,exp05_p08_m08_ro050_lh05,exact,29.06250,31.31250,2.25000,0,1,0,1,7,false
EXP-05,exp05_p08_m08_ro100_lh00,baseline,0,1.50,1.50,0,1,1,2,6,false
EXP-05,exp05_p08_m08_ro100_lh00,baseline,1.50,2.25,0.75,1,1,0,2,6,false
EXP-05,exp05_p08_m08_ro100_lh00,baseline,2.25,6.75,4.50,2,0,0,2,6,false
EXP-05,exp05_p08_m08_ro100_lh00,baseline,6.75,7.50,0.75,1,1,0,2,6,false
EXP-05,exp05_p08_m08_ro100_lh00,baseline,7.50,10.50,3.00,1,0,0,1,7,false
EXP-05,exp05_p08_m08_ro100_lh00,baseline,10.50,12.00,1.50,0,1,0,1,7,false
EXP-05,exp05_p08_m08_ro100_lh00,baseline,12.00,14.25,2.25,0,1,7,8,0,true
EXP-05,exp05_p08_m08_ro100_lh00,baseline,14.25,14.625,0.375,1,1,6,8,0,false
EXP-05,exp05_p08_m08_ro100_lh00,baseline,14.625,15.000,0.375,2,1,5,8,0,false
EXP-05,exp05_p08_m08_ro100_lh00,baseline,15.000,15.375,0.375,3,1,4,8,0,false
EXP-05,exp05_p08_m08_ro100_lh00,baseline,15.375,15.750,0.375,4,1,3,8,0,false
EXP-05,exp05_p08_m08_ro100_lh00,baseline,15.750,16.125,0.375,5,1,2,8,0,false
EXP-05,exp05_p08_m08_ro100_lh00,baseline,16.125,16.500,0.375,6,1,1,8,0,false
EXP-05,exp05_p08_m08_ro100_lh00,baseline,16.500,16.875,0.375,7,1,0,8,0,false
EXP-05,exp05_p08_m08_ro100_lh00,baseline,16.875,17.925,1.050,8,0,0,8,0,false
EXP-05,exp05_p08_m08_ro100_lh00,baseline,17.925,18.300,0.375,7,1,0,8,0,false
EXP-05,exp05_p08_m08_ro100_lh00,baseline,18.300,18.675,0.375,7,0,0,7,1,false
EXP-05,exp05_p08_m08_ro100_lh00,baseline,18.675,19.050,0.375,6,0,0,6,2,false
EXP-05,exp05_p08_m08_ro100_lh00,baseline,19.050,19.425,0.375,5,0,0,5,3,false
EXP-05,exp05_p08_m08_ro100_lh00,baseline,19.425,19.800,0.375,4,0,0,4,4,false
EXP-05,exp05_p08_m08_ro100_lh00,baseline,19.800,20.175,0.375,3,0,0,3,5,false
EXP-05,exp05_p08_m08_ro100_lh00,baseline,20.175,21.600,1.425,2,0,0,2,6,false
EXP-05,exp05_p08_m08_ro100_lh00,baseline,21.600,27.75,6.150,2,0,0,2,6,false
EXP-05,exp05_p08_m08_ro100_lh00,baseline,27.75,30.000,2.250,1,1,0,2,6,false
EXP-05,exp05_p08_m08_ro100_lh00,baseline,30.000,33.000,3.000,0,1,0,1,7,false
EXP-05,exp05_p08_m08_ro100_lh00,exact,0,1.50000,1.50000,0,1,0,1,7,false
EXP-05,exp05_p08_m08_ro100_lh00,exact,1.50000,2.25000,0.75000,1,1,0,2,6,false
EXP-05,exp05_p08_m08_ro100_lh00,exact,2.25000,6.75000,4.50000,2,0,0,2,6,false
EXP-05,exp05_p08_m08_ro100_lh00,exact,6.75000,7.50000,0.75000,1,1,0,2,6,false
EXP-05,exp05_p08_m08_ro100_lh00,exact,7.50000,10.50000,3.00000,1,0,0,1,7,false
EXP-05,exp05_p08_m08_ro100_lh00,exact,10.50000,12.00000,1.50000,0,1,0,1,7,false
EXP-05,exp05_p08_m08_ro100_lh00,exact,12.00000,14.25000,2.25000,0,1,0,1,7,false
EXP-05,exp05_p08_m08_ro100_lh00,exact,14.25000,14.62500,0.37500,1,1,0,2,6,false
EXP-05,exp05_p08_m08_ro100_lh00,exact,14.62500,15.00000,0.37500,2,1,0,3,5,false
EXP-05,exp05_p08_m08_ro100_lh00,exact,15.00000,15.37500,0.37500,3,1,0,4,4,false
EXP-05,exp05_p08_m08_ro100_lh00,exact,15.37500,15.75000,0.37500,4,1,0,5,3,false
EXP-05,exp05_p08_m08_ro100_lh00,exact,15.75000,16.12500,0.37500,5,1,0,6,2,false
EXP-05,exp05_p08_m08_ro100_lh00,exact,16.12500,16.50000,0.37500,6,1,0,7,1,false
EXP-05,exp05_p08_m08_ro100_lh00,exact,16.50000,16.87500,0.37500,7,1,0,8,0,false
EXP-05,exp05_p08_m08_ro100_lh00,exact,16.87500,17.92500,1.05000,8,0,0,8,0,false
EXP-05,exp05_p08_m08_ro100_lh00,exact,17.92500,18.30000,0.37500,7,1,0,8,0,false
EXP-05,exp05_p08_m08_ro100_lh00,exact,18.30000,18.67500,0.37500,7,0,0,7,1,false
EXP-05,exp05_p08_m08_ro100_lh00,exact,18.67500,19.05000,0.37500,6,0,0,6,2,false
EXP-05,exp05_p08_m08_ro100_lh00,exact,19.05000,19.42500,0.37500,5,0,0,5,3,false
EXP-05,exp05_p08_m08_ro100_lh00,exact,19.42500,19.80000,0.37500,4,0,0,4,4,false
EXP-05,exp05_p08_m08_ro100_lh00,exact,19.80000,20.17500,0.37500,3,0,0,3,5,false
EXP-05,exp05_p08_m08_ro100_lh00,exact,20.17500,21.60000,1.42500,2,0,0,2,6,false
EXP-05,exp05_p08_m08_ro100_lh00,exact,21.60000,27.75000,6.15000,2,0,0,2,6,false
EXP-05,exp05_p08_m08_ro100_lh00,exact,27.75000,30.00000,2.25000,1,1,0,2,6,false
EXP-05,exp05_p08_m08_ro100_lh00,exact,30.00000,33.00000,3.00000,0,1,0,1,7,false
EXP-05,exp05_p08_m08_ro100_lh05,baseline,0,1.50,1.50,0,1,1,2,6,false
EXP-05,exp05_p08_m08_ro100_lh05,baseline,1.50,2.25,0.75,1,1,0,2,6,false
EXP-05,exp05_p08_m08_ro100_lh05,baseline,2.25,6.75,4.50,2,0,0,2,6,false
EXP-05,exp05_p08_m08_ro100_lh05,baseline,6.75,7.50,0.75,1,1,0,2,6,false
EXP-05,exp05_p08_m08_ro100_lh05,baseline,7.50,10.50,3.00,1,0,0,1,7,false
EXP-05,exp05_p08_m08_ro100_lh05,baseline,10.50,12.00,1.50,0,1,0,1,7,false
EXP-05,exp05_p08_m08_ro100_lh05,baseline,12.00,14.25,2.25,0,1,7,8,0,true
EXP-05,exp05_p08_m08_ro100_lh05,baseline,14.25,15.150,0.900,1,1,6,8,0,false
EXP-05,exp05_p08_m08_ro100_lh05,baseline,15.150,16.050,0.900,2,1,5,8,0,false
EXP-05,exp05_p08_m08_ro100_lh05,baseline,16.050,16.950,0.900,3,1,4,8,0,false
EXP-05,exp05_p08_m08_ro100_lh05,baseline,16.950,17.850,0.900,4,1,3,8,0,false
EXP-05,exp05_p08_m08_ro100_lh05,baseline,17.850,17.925,0.075,5,1,2,8,0,false
EXP-05,exp05_p08_m08_ro100_lh05,baseline,17.925,18.750,0.825,4,1,3,8,0,false
EXP-05,exp05_p08_m08_ro100_lh05,baseline,18.750,18.825,0.075,5,1,2,8,0,false
EXP-05,exp05_p08_m08_ro100_lh05,baseline,18.825,19.650,0.825,4,1,2,7,1,false
EXP-05,exp05_p08_m08_ro100_lh05,baseline,19.650,19.725,0.075,5,1,1,7,1,false
EXP-05,exp05_p08_m08_ro100_lh05,baseline,19.725,20.550,0.825,4,1,1,6,2,false
EXP-05,exp05_p08_m08_ro100_lh05,baseline,20.550,20.625,0.075,5,1,0,6,2,false
EXP-05,exp05_p08_m08_ro100_lh05,baseline,20.625,21.450,0.825,4,1,0,5,3,false
EXP-05,exp05_p08_m08_ro100_lh05,baseline,21.450,21.525,0.075,5,0,0,5,3,false
EXP-05,exp05_p08_m08_ro100_lh05,baseline,21.525,22.425,0.900,4,0,0,4,4,false
EXP-05,exp05_p08_m08_ro100_lh05,baseline,22.425,23.325,0.900,3,0,0,3,5,false
EXP-05,exp05_p08_m08_ro100_lh05,baseline,23.325,24.225,0.900,2,0,0,2,6,false
EXP-05,exp05_p08_m08_ro100_lh05,baseline,24.225,27.75,3.525,2,0,0,2,6,false
EXP-05,exp05_p08_m08_ro100_lh05,baseline,27.75,28.425,0.675,1,1,0,2,6,false
EXP-05,exp05_p08_m08_ro100_lh05,baseline,28.425,30.00,1.575,0,1,1,2,6,false
EXP-05,exp05_p08_m08_ro100_lh05,baseline,30.00,37.200,7.200,0,1,0,1,7,false
EXP-05,exp05_p08_m08_ro100_lh05,exact,0,1.50000,1.50000,0,1,0,1,7,false
EXP-05,exp05_p08_m08_ro100_lh05,exact,1.50000,2.25000,0.75000,1,1,0,2,6,false
EXP-05,exp05_p08_m08_ro100_lh05,exact,2.25000,6.75000,4.50000,2,0,0,2,6,false
EXP-05,exp05_p08_m08_ro100_lh05,exact,6.75000,7.50000,0.75000,1,1,0,2,6,false
EXP-05,exp05_p08_m08_ro100_lh05,exact,7.50000,10.50000,3.00000,1,0,0,1,7,false
EXP-05,exp05_p08_m08_ro100_lh05,exact,10.50000,12.00000,1.50000,0,1,0,1,7,false
EXP-05,exp05_p08_m08_ro100_lh05,exact,12.00000,12.90000,0.90000,0,1,0,1,7,false
EXP-05,exp05_p08_m08_ro100_lh05,exact,12.90000,13.80000,0.90000,1,1,0,2,6,false
EXP-05,exp05_p08_m08_ro100_lh05,exact,13.80000,14.70000,0.90000,2,1,0,3,5,false
EXP-05,exp05_p08_m08_ro100_lh05,exact,14.70000,15.60000,0.90000,3,1,0,4,4,false
EXP-05,exp05_p08_m08_ro100_lh05,exact,15.60000,15.67500,0.07500,4,1,0,5,3,false
EXP-05,exp05_p08_m08_ro100_lh05,exact,15.67500,16.50000,0.82500,3,1,0,4,4,false
EXP-05,exp05_p08_m08_ro100_lh05,exact,16.50000,16.57500,0.07500,4,1,0,5,3,false
EXP-05,exp05_p08_m08_ro100_lh05,exact,16.57500,17.40000,0.82500,3,1,0,4,4,false
EXP-05,exp05_p08_m08_ro100_lh05,exact,17.40000,17.47500,0.07500,4,1,0,5,3,false
EXP-05,exp05_p08_m08_ro100_lh05,exact,17.47500,18.30000,0.82500,3,1,0,4,4,false
EXP-05,exp05_p08_m08_ro100_lh05,exact,18.30000,18.37500,0.07500,4,1,0,5,3,false
EXP-05,exp05_p08_m08_ro100_lh05,exact,18.37500,19.20000,0.82500,3,1,0,4,4,false
EXP-05,exp05_p08_m08_ro100_lh05,exact,19.20000,19.27500,0.07500,4,1,0,5,3,false
EXP-05,exp05_p08_m08_ro100_lh05,exact,19.27500,20.17500,0.90000,3,1,0,4,4,false
EXP-05,exp05_p08_m08_ro100_lh05,exact,20.17500,21.07500,0.90000,2,1,0,3,5,false
EXP-05,exp05_p08_m08_ro100_lh05,exact,21.07500,21.45000,0.37500,1,1,0,2,6,false
EXP-05,exp05_p08_m08_ro100_lh05,exact,21.45000,21.97500,0.52500,2,0,0,2,6,false
EXP-05,exp05_p08_m08_ro100_lh05,exact,21.97500,26.17500,4.20000,2,0,0,2,6,false
EXP-05,exp05_p08_m08_ro100_lh05,exact,26.17500,33.37500,7.20000,1,1,0,2,6,false
EXP-05,exp05_p08_m08_ro100_lh05,exact,33.37500,34.95000,1.57500,1,0,0,1,7,false
EXP-05,exp05_p08_m08_ro100_lh05,exact,34.95000,37.20000,2.25000,0,1,0,1,7,false
