experiment_id,scenario_id,schedule_kind,start,end,duration,active_agent_phases,active_human_phases,human_queue_length,occupied_agent_slots,free_agent_slots,full_agent_stop
EXP-04B,exp04b_m01_ro000_lh00,baseline,0,1.50,1.50,0,1,1,2,2,false
EXP-04B,exp04b_m01_ro000_lh00,baseline,1.50,2.25,0.75,1,1,0,2,2,false
EXP-04B,exp04b_m01_ro000_lh00,baseline,2.25,6.75,4.50,2,0,0,2,2,false
EXP-04B,exp04b_m01_ro000_lh00,baseline,6.75,7.50,0.75,1,1,0,2,2,false
EXP-04B,exp04b_m01_ro000_lh00,baseline,7.50,10.50,3.00,1,0,0,1,3,false
EXP-04B,exp04b_m01_ro000_lh00,baseline,10.50,12.00,1.50,0,1,0,1,3,false
EXP-04B,exp04b_m01_ro000_lh00,baseline,12.00,15.00,3.00,0,1,1,2,2,false
EXP-04B,exp04b_m01_ro000_lh00,baseline,15.00,17.25,2.25,1,1,0,2,2,false
EXP-04B,exp04b_m01_ro000_lh00,baseline,17.25,30.75,13.50,2,0,0,2,2,false
EXP-04B,exp04b_m01_ro000_lh00,baseline,30.75,33.00,2.25,1,1,0,2,2,false
EXP-04B,exp04b_m01_ro000_lh00,baseline,33.00,36.00,3.00,0,1,0,1,3,false
EXP-04B,exp04b_m01_ro000_lh00,exact,0,1.50000,1.50000,0,1,0,1,3,false
EXP-04B,exp04b_m01_ro000_lh00,exact,1.50000,2.25000,0.75000,1,1,0,2,2,false
EXP-04B,exp04b_m01_ro000_lh00,exact,2.25000,6.75000,4.50000,2,0,0,2,2,false
EXP-04B,exp04b_m01_ro000_lh00,exact,6.75000,7.50000,0.75000,1,1,0,2,2,false
EXP-04B,exp04b_m01_ro000_lh00,exact,7.50000,10.50000,3.00000,1,0,0,1,3,false
EXP-04B,exp04b_m01_ro000_lh00,exact,10.50000,12.00000,1.50000,0,1,0,1,3,false
EXP-04B,exp04b_m01_ro000_lh00,exact,12.00000,15.00000,3.00000,0,1,0,1,3,false
EXP-04B,exp04b_m01_ro000_lh00,exact,15.00000,17.25000,2.25000,1,1,0,2,2,false
EXP-04B,exp04b_m01_ro000_lh00,exact,17.25000,30.75000,13.50000,2,0,0,2,2,false
EXP-04B,exp04b_m01_ro000_lh00,exact,30.75000,33.00000,2.25000,1,1,0,2,2,false
EXP-04B,exp04b_m01_ro000_lh00,exact,33.00000,36.00000,3.00000,0,1,0,1,3,false
EXP-04B,exp04b_m02_ro000_lh00,baseline,0,1.50,1.50,0,1,1,2,2,false
EXP-04B,exp04b_m02_ro000_lh00,baseline,1.50,2.25,0.75,1,1,0,2,2,false
EXP-04B,exp04b_m02_ro000_lh00,baseline,2.25,6.75,4.50,2,0,0,2,2,false
EXP-04B,exp04b_m02_ro000_lh00,baseline,6.75,7.50,0.75,1,1,0,2,2,false
EXP-04B,exp04b_m02_ro000_lh00,baseline,7.50,10.50,3.00,1,0,0,1,3,false
EXP-04B,exp04b_m02_ro000_lh00,baseline,10.50,12.00,1.50,0,1,0,1,3,false
EXP-04B,exp04b_m02_ro000_lh00,baseline,12.00,14.25,2.25,0,1,2,3,1,false
EXP-04B,exp04b_m02_ro000_lh00,baseline,14.25,15.75,1.50,1,1,1,3,1,false
EXP-04B,exp04b_m02_ro000_lh00,baseline,15.75,17.25,1.50,2,1,0,3,1,false
EXP-04B,exp04b_m02_ro000_lh00,baseline,17.25,24.75,7.50,3,0,0,3,1,false
EXP-04B,exp04b_m02_ro000_lh00,baseline,24.75,26.25,1.50,2,0,0,2,2,false
EXP-04B,exp04b_m02_ro000_lh00,baseline,26.25,27.75,1.50,1,1,0,2,2,false
EXP-04B,exp04b_m02_ro000_lh00,baseline,27.75,29.25,1.50,0,1,1,2,2,false
EXP-04B,exp04b_m02_ro000_lh00,baseline,29.25,31.50,2.25,0,1,0,1,3,false
EXP-04B,exp04b_m02_ro000_lh00,exact,0,1.50000,1.50000,0,1,0,1,3,false
EXP-04B,exp04b_m02_ro000_lh00,exact,1.50000,2.25000,0.75000,1,1,0,2,2,false
EXP-04B,exp04b_m02_ro000_lh00,exact,2.25000,6.75000,4.50000,2,0,0,2,2,false
EXP-04B,exp04b_m02_ro000_lh00,exact,6.75000,7.50000,0.75000,1,1,0,2,2,false
EXP-04B,exp04b_m02_ro000_lh00,exact,7.50000,10.50000,3.00000,1,0,0,1,3,false
EXP-04B,exp04b_m02_ro000_lh00,exact,10.50000,12.00000,1.50000,0,1,0,1,3,false
EXP-04B,exp04b_m02_ro000_lh00,exact,12.00000,13.50000,1.50000,0,1,0,1,3,false
EXP-04B,exp04b_m02_ro000_lh00,exact,13.50000,15.75000,2.25000,1,1,0,2,2,false
EXP-04B,exp04b_m02_ro000_lh00,exact,15.75000,17.25000,1.50000,2,1,0,3,1,false
EXP-04B,exp04b_m02_ro000_lh00,exact,17.25000,22.50000,5.25000,3,0,0,3,1,false
EXP-04B,exp04b_m02_ro000_lh00,exact,22.50000,26.25000,3.75000,2,0,0,2,2,false
EXP-04B,exp04b_m02_ro000_lh00,exact,26.25000,29.25000,3.00000,1,1,0,2,2,false
EXP-04B,exp04b_m02_ro000_lh00,exact,29.25000,31.50000,2.25000,0,1,0,1,3,false
EXP-04B,exp04b_m02_ro025_lh00,baseline,0,1.50,1.50,0,1,1,2,2,false
EXP-04B,exp04b_m02_ro025_lh00,baseline,1.50,2.25,0.75,1,1,0,2,2,false
EXP-04B,exp04b_m02_ro025_lh00,baseline,2.25,6.75,4.50,2,0,0,2,2,false
EXP-04B,exp04b_m02_ro025_lh00,baseline,6.75,7.50,0.75,1,1,0,2,2,false
EXP-04B,exp04b_m02_ro025_lh00,baseline,7.50,10.50,3.00,1,0,0,1,3,false
EXP-04B,exp04b_m02_ro025_lh00,baseline,10.50,12.00,1.50,0,1,0,1,3,false
EXP-04B,exp04b_m02_ro025_lh00,baseline,12.00,14.25,2.25,0,1,2,3,1,false
EXP-04B,exp04b_m02_ro025_lh00,baseline,14.25,15.750,1.500,1,1,1,3,1,false
EXP-04B,exp04b_m02_ro025_lh00,baseline,15.750,17.250,1.500,2,1,0,3,1,false
EXP-04B,exp04b_m02_ro025_lh00,baseline,17.250,24.900,7.650,3,0,0,3,1,false
EXP-04B,exp04b_m02_ro025_lh00,baseline,24.900,26.400,1.500,2,0,0,2,2,false
EXP-04B,exp04b_m02_ro025_lh00,baseline,26.400,26.700,0.300,2,0,0,2,2,false
EXP-04B,exp04b_m02_ro025_lh00,baseline,26.700,27.75,1.050,1,1,0,2,2,false
EXP-04B,exp04b_m02_ro025_lh00,baseline,27.75,29.700,1.950,0,1,1,2,2,false
EXP-04B,exp04b_m02_ro025_lh00,baseline,29.700,31.950,2.250,0,1,0,1,3,false
EXP-04B,exp04b_m02_ro025_lh00,exact,0,1.50000,1.50000,0,1,0,1,3,false
EXP-04B,exp04b_m02_ro025_lh00,exact,1.50000,2.25000,0.75000,1,1,0,2,2,false
EXP-04B,exp04b_m02_ro025_lh00,exact,2.25000,6.75000,4.50000,2,0,0,2,2,false
EXP-04B,exp04b_m02_ro025_lh00,exact,6.75000,7.50000,0.75000,1,1,0,2,2,false
EXP-04B,exp04b_m02_ro025_lh00,exact,7.50000,10.50000,3.00000,1,0,0,1,3,false
EXP-04B,exp04b_m02_ro025_lh00,exact,10.50000,12.00000,1.50000,0,1,0,1,3,false
EXP-04B,exp04b_m02_ro025_lh00,exact,12.00000,13.50000,1.50000,0,1,0,1,3,false
EXP-04B,exp04b_m02_ro025_lh00,exact,13.50000,15.75000,2.25000,1,1,0,2,2,false
EXP-04B,exp04b_m02_ro025_lh00,exact,15.75000,17.25000,1.50000,2,1,0,3,1,false
EXP-04B,exp04b_m02_ro025_lh00,exact,17.25000,22.65000,5.40000,3,0,0,3,1,false
EXP-04B,exp04b_m02_ro025_lh00,exact,22.65000,26.40000,3.75000,2,0,0,2,2,false
EXP-04B,exp04b_m02_ro025_lh00,exact,26.40000,26.70000,0.30000,2,0,0,2,2,false
EXP-04B,exp04b_m02_ro025_lh00,exact,26.70000,29.25000,2.55000,1,1,0,2,2,false
EXP-04B,exp04b_m02_ro025_lh00,exact,29.25000,29.70000,0.45000,0,1,1,2,2,false
EXP-04B,exp04b_m02_ro025_lh00,exact,29.70000,31.95000,2.25000,0,1,0,1,3,false
EXP-04B,exp04b_m02_ro025_lh05,baseline,0,1.50,1.50,0,1,1,2,2,false
EXP-04B,exp04b_m02_ro025_lh05,baseline,1.50,2.25,0.75,1,1,0,2,2,false
EXP-04B,exp04b_m02_ro025_lh05,baseline,2.25,6.75,4.50,2,0,0,2,2,false
EXP-04B,exp04b_m02_ro025_lh05,baseline,6.75,7.50,0.75,1,1,0,2,2,false
EXP-04B,exp04b_m02_ro025_lh05,baseline,7.50,10.50,3.00,1,0,0,1,3,false
EXP-04B,exp04b_m02_ro025_lh05,baseline,10.50,12.00,1.50,0,1,0,1,3,false
EXP-04B,exp04b_m02_ro025_lh05,baseline,12.00,14.25,2.25,0,1,2,3,1,false
EXP-04B,exp04b_m02_ro025_lh05,baseline,14.25,15.8250,1.5750,1,1,1,3,1,false
EXP-04B,exp04b_m02_ro025_lh05,baseline,15.8250,17.4000,1.5750,2,1,0,3,1,false
EXP-04B,exp04b_m02_ro025_lh05,baseline,17.4000,24.9000,7.5000,3,0,0,3,1,false
EXP-04B,exp04b_m02_ro025_lh05,baseline,24.9000,26.4750,1.5750,2,0,0,2,2,false
EXP-04B,exp04b_m02_ro025_lh05,baseline,26.4750,26.6250,0.1500,2,0,0,2,2,false
EXP-04B,exp04b_m02_ro025_lh05,baseline,26.6250,27.75,1.1250,1,1,0,2,2,false
EXP-04B,exp04b_m02_ro025_lh05,baseline,27.75,29.7750,2.0250,0,1,1,2,2,false
EXP-04B,exp04b_m02_ro025_lh05,baseline,29.7750,32.0250,2.2500,0,1,0,1,3,false
EXP-04B,exp04b_m02_ro025_lh05,exact,0,1.50000,1.50000,0,1,0,1,3,false
EXP-04B,exp04b_m02_ro025_lh05,exact,1.50000,2.25000,0.75000,1,1,0,2,2,false
EXP-04B,exp04b_m02_ro025_lh05,exact,2.25000,6.75000,4.50000,2,0,0,2,2,false
EXP-04B,exp04b_m02_ro025_lh05,exact,6.75000,7.50000,0.75000,1,1,0,2,2,false
EXP-04B,exp04b_m02_ro025_lh05,exact,7.50000,10.50000,3.00000,1,0,0,1,3,false
EXP-04B,exp04b_m02_ro025_lh05,exact,10.50000,12.00000,1.50000,0,1,0,1,3,false
EXP-04B,exp04b_m02_ro025_lh05,exact,12.00000,13.57500,1.57500,0,1,0,1,3,false
EXP-04B,exp04b_m02_ro025_lh05,exact,13.57500,15.82500,2.25000,1,1,0,2,2,false
EXP-04B,exp04b_m02_ro025_lh05,exact,15.82500,17.40000,1.57500,2,1,0,3,1,false
EXP-04B,exp04b_m02_ro025_lh05,exact,17.40000,22.65000,5.25000,3,0,0,3,1,false
EXP-04B,exp04b_m02_ro025_lh05,exact,22.65000,26.47500,3.82500,2,0,0,2,2,false
EXP-04B,exp04b_m02_ro025_lh05,exact,26.47500,26.62500,0.15000,2,0,0,2,2,false
EXP-04B,exp04b_m02_ro025_lh05,exact,26.62500,29.32500,2.70000,1,1,0,2,2,false
EXP-04B,exp04b_m02_ro025_lh05,exact,29.32500,29.77500,0.45000,0,1,1,2,2,false
EXP-04B,exp04b_m02_ro025_lh05,exact,29.77500,32.02500,2.25000,0,1,0,1,3,false
EXP-04B,exp04b_m02_ro025_lh10,baseline,0,1.50,1.50,0,1,1,2,2,false
EXP-04B,exp04b_m02_ro025_lh10,baseline,1.50,2.25,0.75,1,1,0,2,2,false
EXP-04B,exp04b_m02_ro025_lh10,baseline,2.25,6.75,4.50,2,0,0,2,2,false
EXP-04B,exp04b_m02_ro025_lh10,baseline,6.75,7.50,0.75,1,1,0,2,2,false
EXP-04B,exp04b_m02_ro025_lh10,baseline,7.50,10.50,3.00,1,0,0,1,3,false
EXP-04B,exp04b_m02_ro025_lh10,baseline,10.50,12.00,1.50,0,1,0,1,3,false
EXP-04B,exp04b_m02_ro025_lh10,baseline,12.00,14.25,2.25,0,1,2,3,1,false
EXP-04B,exp04b_m02_ro025_lh10,baseline,14.25,15.900,1.650,1,1,1,3,1,false
EXP-04B,exp04b_m02_ro025_lh10,baseline,15.900,17.550,1.650,2,1,0,3,1,false
EXP-04B,exp04b_m02_ro025_lh10,baseline,17.550,24.900,7.350,3,0,0,3,1,false
EXP-04B,exp04b_m02_ro025_lh10,baseline,24.900,26.550,1.650,2,0,0,2,2,false
EXP-04B,exp04b_m02_ro025_lh10,baseline,26.550,27.75,1.200,1,1,0,2,2,false
EXP-04B,exp04b_m02_ro025_lh10,baseline,27.75,29.850,2.100,0,1,1,2,2,false
EXP-04B,exp04b_m02_ro025_lh10,baseline,29.850,32.100,2.250,0,1,0,1,3,false
EXP-04B,exp04b_m02_ro025_lh10,exact,0,1.50000,1.50000,0,1,0,1,3,false
EXP-04B,exp04b_m02_ro025_lh10,exact,1.50000,2.25000,0.75000,1,1,0,2,2,false
EXP-04B,exp04b_m02_ro025_lh10,exact,2.25000,6.75000,4.50000,2,0,0,2,2,false
EXP-04B,exp04b_m02_ro025_lh10,exact,6.75000,7.50000,0.75000,1,1,0,2,2,false
EXP-04B,exp04b_m02_ro025_lh10,exact,7.50000,10.50000,3.00000,1,0,0,1,3,false
EXP-04B,exp04b_m02_ro025_lh10,exact,10.50000,12.00000,1.50000,0,1,0,1,3,false
EXP-04B,exp04b_m02_ro025_lh10,exact,12.00000,13.65000,1.65000,0,1,0,1,3,false
EXP-04B,exp04b_m02_ro025_lh10,exact,13.65000,15.90000,2.25000,1,1,0,2,2,false
EXP-04B,exp04b_m02_ro025_lh10,exact,15.90000,17.55000,1.65000,2,1,0,3,1,false
EXP-04B,exp04b_m02_ro025_lh10,exact,17.55000,22.65000,5.10000,3,0,0,3,1,false
EXP-04B,exp04b_m02_ro025_lh10,exact,22.65000,26.55000,3.90000,2,0,0,2,2,false
EXP-04B,exp04b_m02_ro025_lh10,exact,26.55000,29.40000,2.85000,1,1,0,2,2,false
EXP-04B,exp04b_m02_ro025_lh10,exact,29.40000,29.85000,0.45000,0,1,1,2,2,false
EXP-04B,exp04b_m02_ro025_lh10,exact,29.85000,32.10000,2.25000,0,1,0,1,3,false
EXP-04B,exp04b_m02_ro050_lh00,baseline,0,1.50,1.50,0,1,1,2,2,false
EXP-04B,exp04b_m02_ro050_lh00,baseline,1.50,2.25,0.75,1,1,0,2,2,false
EXP-04B,exp04b_m02_ro050_lh00,baseline,2.25,6.75,4.50,2,0,0,2,2,false
EXP-04B,exp04b_m02_ro050_lh00,baseline,6.75,7.50,0.75,1,1,0,2,2,false
EXP-04B,exp04b_m02_ro050_lh00,baseline,7.50,10.50,3.00,1,0,0,1,3,false
EXP-04B,exp04b_m02_ro050_lh00,baseline,10.50,12.00,1.50,0,1,0,1,3,false
EXP-04B,exp04b_m02_ro050_lh00,baseline,12.00,14.25,2.25,0,1,2,3,1,false
EXP-04B,exp04b_m02_ro050_lh00,baseline,14.25,15.75,1.50,1,1,1,3,1,false
EXP-04B,exp04b_m02_ro050_lh00,baseline,15.75,17.25,1.50,2,1,0,3,1,false
EXP-04B,exp04b_m02_ro050_lh00,baseline,17.25,25.05,7.80,3,0,0,3,1,false
EXP-04B,exp04b_m02_ro050_lh00,baseline,25.05,26.55,1.50,2,0,0,2,2,false
EXP-04B,exp04b_m02_ro050_lh00,baseline,26.55,27.15,0.60,2,0,0,2,2,false
EXP-04B,exp04b_m02_ro050_lh00,baseline,27.15,27.75,0.60,1,1,0,2,2,false
EXP-04B,exp04b_m02_ro050_lh00,baseline,27.75,30.15,2.40,0,1,1,2,2,false
EXP-04B,exp04b_m02_ro050_lh00,baseline,30.15,32.40,2.25,0,1,0,1,3,false
EXP-04B,exp04b_m02_ro050_lh00,exact,0,1.50000,1.50000,0,1,0,1,3,false
EXP-04B,exp04b_m02_ro050_lh00,exact,1.50000,2.25000,0.75000,1,1,0,2,2,false
EXP-04B,exp04b_m02_ro050_lh00,exact,2.25000,6.75000,4.50000,2,0,0,2,2,false
EXP-04B,exp04b_m02_ro050_lh00,exact,6.75000,7.50000,0.75000,1,1,0,2,2,false
EXP-04B,exp04b_m02_ro050_lh00,exact,7.50000,10.50000,3.00000,1,0,0,1,3,false
EXP-04B,exp04b_m02_ro050_lh00,exact,10.50000,12.00000,1.50000,0,1,0,1,3,false
EXP-04B,exp04b_m02_ro050_lh00,exact,12.00000,13.50000,1.50000,0,1,0,1,3,false
EXP-04B,exp04b_m02_ro050_lh00,exact,13.50000,15.75000,2.25000,1,1,0,2,2,false
EXP-04B,exp04b_m02_ro050_lh00,exact,15.75000,17.25000,1.50000,2,1,0,3,1,false
EXP-04B,exp04b_m02_ro050_lh00,exact,17.25000,22.80000,5.55000,3,0,0,3,1,false
EXP-04B,exp04b_m02_ro050_lh00,exact,22.80000,26.55000,3.75000,2,0,0,2,2,false
EXP-04B,exp04b_m02_ro050_lh00,exact,26.55000,27.15000,0.60000,2,0,0,2,2,false
EXP-04B,exp04b_m02_ro050_lh00,exact,27.15000,29.25000,2.10000,1,1,0,2,2,false
EXP-04B,exp04b_m02_ro050_lh00,exact,29.25000,30.15000,0.90000,0,1,1,2,2,false
EXP-04B,exp04b_m02_ro050_lh00,exact,30.15000,32.40000,2.25000,0,1,0,1,3,false
EXP-04B,exp04b_m02_ro050_lh05,baseline,0,1.50,1.50,0,1,1,2,2,false
EXP-04B,exp04b_m02_ro050_lh05,baseline,1.50,2.25,0.75,1,1,0,2,2,false
EXP-04B,exp04b_m02_ro050_lh05,baseline,2.25,6.75,4.50,2,0,0,2,2,false
EXP-04B,exp04b_m02_ro050_lh05,baseline,6.75,7.50,0.75,1,1,0,2,2,false
EXP-04B,exp04b_m02_ro050_lh05,baseline,7.50,10.50,3.00,1,0,0,1,3,false
EXP-04B,exp04b_m02_ro050_lh05,baseline,10.50,12.00,1.50,0,1,0,1,3,false
EXP-04B,exp04b_m02_ro050_lh05,baseline,12.00,14.25,2.25,0,1,2,3,1,false
EXP-04B,exp04b_m02_ro050_lh05,baseline,14.25,15.900,1.650,1,1,1,3,1,false
EXP-04B,exp04b_m02_ro050_lh05,baseline,15.900,17.550,1.650,2,1,0,3,1,false
EXP-04B,exp04b_m02_ro050_lh05,baseline,17.550,25.050,7.500,3,0,0,3,1,false
EXP-04B,exp04b_m02_ro050_lh05,baseline,25.050,26.700,1.650,2,0,0,2,2,false
EXP-04B,exp04b_m02_ro050_lh05,baseline,26.700,27.000,0.300,2,0,0,2,2,false
EXP-04B,exp04b_m02_ro050_lh05,baseline,27.000,27.75,0.750,1,1,0,2,2,false
EXP-04B,exp04b_m02_ro050_lh05,baseline,27.75,30.300,2.550,0,1,1,2,2,false
EXP-04B,exp04b_m02_ro050_lh05,baseline,30.300,32.550,2.250,0,1,0,1,3,false
EXP-04B,exp04b_m02_ro050_lh05,exact,0,1.50000,1.50000,0,1,0,1,3,false
EXP-04B,exp04b_m02_ro050_lh05,exact,1.50000,2.25000,0.75000,1,1,0,2,2,false
EXP-04B,exp04b_m02_ro050_lh05,exact,2.25000,6.75000,4.50000,2,0,0,2,2,false
EXP-04B,exp04b_m02_ro050_lh05,exact,6.75000,7.50000,0.75000,1,1,0,2,2,false
EXP-04B,exp04b_m02_ro050_lh05,exact,7.50000,10.50000,3.00000,1,0,0,1,3,false
EXP-04B,exp04b_m02_ro050_lh05,exact,10.50000,12.00000,1.50000,0,1,0,1,3,false
EXP-04B,exp04b_m02_ro050_lh05,exact,12.00000,13.65000,1.65000,0,1,0,1,3,false
EXP-04B,exp04b_m02_ro050_lh05,exact,13.65000,15.90000,2.25000,1,1,0,2,2,false
EXP-04B,exp04b_m02_ro050_lh05,exact,15.90000,17.55000,1.65000,2,1,0,3,1,false
EXP-04B,exp04b_m02_ro050_lh05,exact,17.55000,22.80000,5.25000,3,0,0,3,1,false
EXP-04B,exp04b_m02_ro050_lh05,exact,22.80000,26.70000,3.90000,2,0,0,2,2,false
EXP-04B,exp04b_m02_ro050_lh05,exact,26.70000,27.00000,0.30000,2,0,0,2,2,false
EXP-04B,exp04b_m02_ro050_lh05,exact,27.00000,29.40000,2.40000,1,1,0,2,2,false
EXP-04B,exp04b_m02_ro050_lh05,exact,29.40000,30.30000,0.90000,0,1,1,2,2,false
EXP-04B,exp04b_m02_ro050_lh05,exact,30.30000,32.55000,2.25000,0,1,0,1,3,false
EXP-04B,exp04b_m02_ro050_lh10,baseline,0,1.50,1.50,0,1,1,2,2,false
EXP-04B,exp04b_m02_ro050_lh10,baseline,1.50,2.25,0.75,1,1,0,2,2,false
EXP-04B,exp04b_m02_ro050_lh10,baseline,2.25,6.75,4.50,2,0,0,2,2,false
EXP-04B,exp04b_m02_ro050_lh10,baseline,6.75,7.50,0.75,1,1,0,2,2,false
EXP-04B,exp04b_m02_ro050_lh10,baseline,7.50,10.50,3.00,1,0,0,1,3,false
EXP-04B,exp04b_m02_ro050_lh10,baseline,10.50,12.00,1.50,0,1,0,1,3,false
EXP-04B,exp04b_m02_ro050_lh10,baseline,12.00,14.25,2.25,0,1,2,3,1,false
EXP-04B,exp04b_m02_ro050_lh10,baseline,14.25,16.05,1.80,1,1,1,3,1,false
EXP-04B,exp04b_m02_ro050_lh10,baseline,16.05,17.85,1.80,2,1,0,3,1,false
EXP-04B,exp04b_m02_ro050_lh10,baseline,17.85,25.05,7.20,3,0,0,3,1,false
EXP-04B,exp04b_m02_ro050_lh10,baseline,25.05,26.85,1.80,2,0,0,2,2,false
EXP-04B,exp04b_m02_ro050_lh10,baseline,26.85,27.75,0.90,1,1,0,2,2,false
EXP-04B,exp04b_m02_ro050_lh10,baseline,27.75,30.45,2.70,0,1,1,2,2,false
EXP-04B,exp04b_m02_ro050_lh10,baseline,30.45,32.70,2.25,0,1,0,1,3,false
EXP-04B,exp04b_m02_ro050_lh10,exact,0,1.50000,1.50000,0,1,0,1,3,false
EXP-04B,exp04b_m02_ro050_lh10,exact,1.50000,2.25000,0.75000,1,1,0,2,2,false
EXP-04B,exp04b_m02_ro050_lh10,exact,2.25000,6.75000,4.50000,2,0,0,2,2,false
EXP-04B,exp04b_m02_ro050_lh10,exact,6.75000,7.50000,0.75000,1,1,0,2,2,false
EXP-04B,exp04b_m02_ro050_lh10,exact,7.50000,10.50000,3.00000,1,0,0,1,3,false
EXP-04B,exp04b_m02_ro050_lh10,exact,10.50000,12.00000,1.50000,0,1,0,1,3,false
EXP-04B,exp04b_m02_ro050_lh10,exact,12.00000,13.80000,1.80000,0,1,0,1,3,false
EXP-04B,exp04b_m02_ro050_lh10,exact,13.80000,16.05000,2.25000,1,1,0,2,2,false
EXP-04B,exp04b_m02_ro050_lh10,exact,16.05000,17.85000,1.80000,2,1,0,3,1,false
EXP-04B,exp04b_m02_ro050_lh10,exact,17.85000,22.80000,4.95000,3,0,0,3,1,false
EXP-04B,exp04b_m02_ro050_lh10,exact,22.80000,26.85000,4.05000,2,0,0,2,2,false
EXP-04B,exp04b_m02_ro050_lh10,exact,26.85000,29.55000,2.70000,1,1,0,2,2,false
EXP-04B,exp04b_m02_ro050_lh10,exact,29.55000,30.45000,0.90000,0,1,1,2,2,false
EXP-04B,exp04b_m02_ro050_lh10,exact,30.45000,32.70000,2.25000,0,1,0,1,3,false
EXP-04B,exp04b_m02_ro100_lh00,baseline,0,1.50,1.50,0,1,1,2,2,false
EXP-04B,exp04b_m02_ro100_lh00,baseline,1.50,2.25,0.75,1,1,0,2,2,false
EXP-04B,exp04b_m02_ro100_lh00,baseline,2.25,6.75,4.50,2,0,0,2,2,false
EXP-04B,exp04b_m02_ro100_lh00,baseline,6.75,7.50,0.75,1,1,0,2,2,false
EXP-04B,exp04b_m02_ro100_lh00,baseline,7.50,10.50,3.00,1,0,0,1,3,false
EXP-04B,exp04b_m02_ro100_lh00,baseline,10.50,12.00,1.50,0,1,0,1,3,false
EXP-04B,exp04b_m02_ro100_lh00,baseline,12.00,14.25,2.25,0,1,2,3,1,false
EXP-04B,exp04b_m02_ro100_lh00,baseline,14.25,15.75,1.50,1,1,1,3,1,false
EXP-04B,exp04b_m02_ro100_lh00,baseline,15.75,17.25,1.50,2,1,0,3,1,false
EXP-04B,exp04b_m02_ro100_lh00,baseline,17.25,25.35,8.10,3,0,0,3,1,false
EXP-04B,exp04b_m02_ro100_lh00,baseline,25.35,26.85,1.50,2,0,0,2,2,false
EXP-04B,exp04b_m02_ro100_lh00,baseline,26.85,27.75,0.90,2,0,0,2,2,false
EXP-04B,exp04b_m02_ro100_lh00,baseline,27.75,28.05,0.30,1,1,0,2,2,false
EXP-04B,exp04b_m02_ro100_lh00,baseline,28.05,30.00,1.95,0,1,1,2,2,false
EXP-04B,exp04b_m02_ro100_lh00,baseline,30.00,33.00,3.00,0,1,0,1,3,false
EXP-04B,exp04b_m02_ro100_lh00,exact,0,1.50000,1.50000,0,1,0,1,3,false
EXP-04B,exp04b_m02_ro100_lh00,exact,1.50000,2.25000,0.75000,1,1,0,2,2,false
EXP-04B,exp04b_m02_ro100_lh00,exact,2.25000,6.75000,4.50000,2,0,0,2,2,false
EXP-04B,exp04b_m02_ro100_lh00,exact,6.75000,7.50000,0.75000,1,1,0,2,2,false
EXP-04B,exp04b_m02_ro100_lh00,exact,7.50000,10.50000,3.00000,1,0,0,1,3,false
EXP-04B,exp04b_m02_ro100_lh00,exact,10.50000,12.00000,1.50000,0,1,0,1,3,false
EXP-04B,exp04b_m02_ro100_lh00,exact,12.00000,13.50000,1.50000,0,1,0,1,3,false
EXP-04B,exp04b_m02_ro100_lh00,exact,13.50000,15.00000,1.50000,1,1,0,2,2,false
EXP-04B,exp04b_m02_ro100_lh00,exact,15.00000,17.25000,2.25000,2,1,0,3,1,false
EXP-04B,exp04b_m02_ro100_lh00,exact,17.25000,23.10000,5.85000,3,0,0,3,1,false
EXP-04B,exp04b_m02_ro100_lh00,exact,23.10000,24.60000,1.50000,2,0,0,2,2,false
EXP-04B,exp04b_m02_ro100_lh00,exact,24.60000,25.80000,1.20000,2,0,0,2,2,false
EXP-04B,exp04b_m02_ro100_lh00,exact,25.80000,28.80000,3.00000,1,1,0,2,2,false
EXP-04B,exp04b_m02_ro100_lh00,exact,28.80000,30.75000,1.95000,1,0,0,1,3,false
EXP-04B,exp04b_m02_ro100_lh00,exact,30.75000,33.00000,2.25000,0,1,0,1,3,false
EXP-04B,exp04b_m02_ro100_lh05,baseline,0,1.50,1.50,0,1,1,2,2,false
EXP-04B,exp04b_m02_ro100_lh05,baseline,1.50,2.25,0.75,1,1,0,2,2,false
EXP-04B,exp04b_m02_ro100_lh05,baseline,2.25,6.75,4.50,2,0,0,2,2,false
EXP-04B,exp04b_m02_ro100_lh05,baseline,6.75,7.50,0.75,1,1,0,2,2,false
EXP-04B,exp04b_m02_ro100_lh05,baseline,7.50,10.50,3.00,1,0,0,1,3,false
EXP-04B,exp04b_m02_ro100_lh05,baseline,10.50,12.00,1.50,0,1,0,1,3,false
EXP-04B,exp04b_m02_ro100_lh05,baseline,12.00,14.25,2.25,0,1,2,3,1,false
EXP-04B,exp04b_m02_ro100_lh05,baseline,14.25,16.050,1.800,1,1,1,3,1,false
EXP-04B,exp04b_m02_ro100_lh05,baseline,16.050,17.850,1.800,2,1,0,3,1,false
EXP-04B,exp04b_m02_ro100_lh05,baseline,17.850,25.350,7.500,3,0,0,3,1,false
EXP-04B,exp04b_m02_ro100_lh05,baseline,25.350,27.150,1.800,2,0,0,2,2,false
EXP-04B,exp04b_m02_ro100_lh05,baseline,27.150,27.75,0.600,2,0,0,2,2,false
EXP-04B,exp04b_m02_ro100_lh05,baseline,27.75,30.00,2.25,0,1,1,2,2,false
EXP-04B,exp04b_m02_ro100_lh05,baseline,30.00,33.600,3.600,0,1,0,1,3,false
EXP-04B,exp04b_m02_ro100_lh05,exact,0,1.50000,1.50000,0,1,0,1,3,false
EXP-04B,exp04b_m02_ro100_lh05,exact,1.50000,2.25000,0.75000,1,1,0,2,2,false
EXP-04B,exp04b_m02_ro100_lh05,exact,2.25000,6.75000,4.50000,2,0,0,2,2,false
EXP-04B,exp04b_m02_ro100_lh05,exact,6.75000,7.50000,0.75000,1,1,0,2,2,false
EXP-04B,exp04b_m02_ro100_lh05,exact,7.50000,10.50000,3.00000,1,0,0,1,3,false
EXP-04B,exp04b_m02_ro100_lh05,exact,10.50000,12.00000,1.50000,0,1,0,1,3,false
EXP-04B,exp04b_m02_ro100_lh05,exact,12.00000,13.80000,1.80000,0,1,0,1,3,false
EXP-04B,exp04b_m02_ro100_lh05,exact,13.80000,15.60000,1.80000,1,1,0,2,2,false
EXP-04B,exp04b_m02_ro100_lh05,exact,15.60000,17.85000,2.25000,2,1,0,3,1,false
EXP-04B,exp04b_m02_ro100_lh05,exact,17.85000,23.10000,5.25000,3,0,0,3,1,false
EXP-04B,exp04b_m02_ro100_lh05,exact,23.10000,24.90000,1.80000,2,0,0,2,2,false
EXP-04B,exp04b_m02_ro100_lh05,exact,24.90000,25.50000,0.60000,2,0,0,2,2,false
EXP-04B,exp04b_m02_ro100_lh05,exact,25.50000,29.10000,3.60000,1,1,0,2,2,false
EXP-04B,exp04b_m02_ro100_lh05,exact,29.10000,31.35000,2.25000,1,0,0,1,3,false
EXP-04B,exp04b_m02_ro100_lh05,exact,31.35000,33.60000,2.25000,0,1,0,1,3,false
EXP-04B,exp04b_m02_ro100_lh10,baseline,0,1.50,1.50,0,1,1,2,2,false
EXP-04B,exp04b_m02_ro100_lh10,baseline,1.50,2.25,0.75,1,1,0,2,2,false
EXP-04B,exp04b_m02_ro100_lh10,baseline,2.25,6.75,4.50,2,0,0,2,2,false
EXP-04B,exp04b_m02_ro100_lh10,baseline,6.75,7.50,0.75,1,1,0,2,2,false
EXP-04B,exp04b_m02_ro100_lh10,baseline,7.50,10.50,3.00,1,0,0,1,3,false
EXP-04B,exp04b_m02_ro100_lh10,baseline,10.50,12.00,1.50,0,1,0,1,3,false
EXP-04B,exp04b_m02_ro100_lh10,baseline,12.00,14.25,2.25,0,1,2,3,1,false
EXP-04B,exp04b_m02_ro100_lh10,baseline,14.25,16.35,2.10,1,1,1,3,1,false
EXP-04B,exp04b_m02_ro100_lh10,baseline,16.35,18.45,2.10,2,1,0,3,1,false
EXP-04B,exp04b_m02_ro100_lh10,baseline,18.45,25.35,6.90,3,0,0,3,1,false
EXP-04B,exp04b_m02_ro100_lh10,baseline,25.35,27.45,2.10,2,0,0,2,2,false
EXP-04B,exp04b_m02_ro100_lh10,baseline,27.45,27.75,0.30,1,1,0,2,2,false
EXP-04B,exp04b_m02_ro100_lh10,baseline,27.75,31.65,3.90,0,1,1,2,2,false
EXP-04B,exp04b_m02_ro100_lh10,baseline,31.65,33.90,2.25,0,1,0,1,3,false
EXP-04B,exp04b_m02_ro100_lh10,exact,0,1.50000,1.50000,0,1,0,1,3,false
EXP-04B,exp04b_m02_ro100_lh10,exact,1.50000,2.25000,0.75000,1,1,0,2,2,false
EXP-04B,exp04b_m02_ro100_lh10,exact,2.25000,6.75000,4.50000,2,0,0,2,2,false
EXP-04B,exp04b_m02_ro100_lh10,exact,6.75000,7.50000,0.75000,1,1,0,2,2,false
EXP-04B,exp04b_m02_ro100_lh10,exact,7.50000,10.50000,3.00000,1,0,0,1,3,false
EXP-04B,exp04b_m02_ro100_lh10,exact,10.50000,12.00000,1.50000,0,1,0,1,3,false
EXP-04B,exp04b_m02_ro100_lh10,exact,12.00000,14.10000,2.10000,0,1,0,1,3,false
EXP-04B,exp04b_m02_ro100_lh10,exact,14.10000,16.35000,2.25000,1,1,0,2,2,false
EXP-04B,exp04b_m02_ro100_lh10,exact,16.35000,18.45000,2.10000,2,1,0,3,1,false
EXP-04B,exp04b_m02_ro100_lh10,exact,18.45000,23.10000,4.65000,3,0,0,3,1,false
EXP-04B,exp04b_m02_ro100_lh10,exact,23.10000,27.45000,4.35000,2,0,0,2,2,false
EXP-04B,exp04b_m02_ro100_lh10,exact,27.45000,29.85000,2.40000,1,1,0,2,2,false
EXP-04B,exp04b_m02_ro100_lh10,exact,29.85000,31.65000,1.80000,0,1,1,2,2,false
EXP-04B,exp04b_m02_ro100_lh10,exact,31.65000,33.90000,2.25000,0,1,0,1,3,false
EXP-04B,exp04b_m02_ro200_lh00,baseline,0,1.50,1.50,0,1,1,2,2,false
EXP-04B,exp04b_m02_ro200_lh00,baseline,1.50,2.25,0.75,1,1,0,2,2,false
EXP-04B,exp04b_m02_ro200_lh00,baseline,2.25,6.75,4.50,2,0,0,2,2,false
EXP-04B,exp04b_m02_ro200_lh00,baseline,6.75,7.50,0.75,1,1,0,2,2,false
EXP-04B,exp04b_m02_ro200_lh00,baseline,7.50,10.50,3.00,1,0,0,1,3,false
EXP-04B,exp04b_m02_ro200_lh00,baseline,10.50,12.00,1.50,0,1,0,1,3,false
EXP-04B,exp04b_m02_ro200_lh00,baseline,12.00,14.25,2.25,0,1,2,3,1,false
EXP-04B,exp04b_m02_ro200_lh00,baseline,14.25,15.75,1.50,1,1,1,3,1,false
EXP-04B,exp04b_m02_ro200_lh00,baseline,15.75,17.25,1.50,2,1,0,3,1,false
EXP-04B,exp04b_m02_ro200_lh00,baseline,17.25,25.95,8.70,3,0,0,3,1,false
EXP-04B,exp04b_m02_ro200_lh00,baseline,25.95,27.45,1.50,2,0,0,2,2,false
EXP-04B,exp04b_m02_ro200_lh00,baseline,27.45,27.75,0.30,2,0,0,2,2,false
EXP-04B,exp04b_m02_ro200_lh00,baseline,27.75,29.85,2.10,1,1,0,2,2,false
EXP-04B,exp04b_m02_ro200_lh00,baseline,29.85,30.00,0.15,0,1,1,2,2,false
EXP-04B,exp04b_m02_ro200_lh00,baseline,30.00,33.00,3.00,0,1,0,1,3,false
EXP-04B,exp04b_m02_ro200_lh00,exact,0,1.50000,1.50000,0,1,0,1,3,false
EXP-04B,exp04b_m02_ro200_lh00,exact,1.50000,2.25000,0.75000,1,1,0,2,2,false
EXP-04B,exp04b_m02_ro200_lh00,exact,2.25000,6.75000,4.50000,2,0,0,2,2,false
EXP-04B,exp04b_m02_ro200_lh00,exact,6.75000,7.50000,0.75000,1,1,0,2,2,false
EXP-04B,exp04b_m02_ro200_lh00,exact,7.50000,10.50000,3.00000,1,0,0,1,3,false
EXP-04B,exp04b_m02_ro200_lh00,exact,10.50000,12.00000,1.50000,0,1,0,1,3,false
EXP-04B,exp04b_m02_ro200_lh00,exact,12.00000,13.50000,1.50000,0,1,0,1,3,false
EXP-04B,exp04b_m02_ro200_lh00,exact,13.50000,15.00000,1.50000,1,1,0,2,2,false
EXP-04B,exp04b_m02_ro200_lh00,exact,15.00000,17.25000,2.25000,2,1,0,3,1,false
EXP-04B,exp04b_m02_ro200_lh00,exact,17.25000,23.70000,6.45000,3,0,0,3,1,false
EXP-04B,exp04b_m02_ro200_lh00,exact,23.70000,25.20000,1.50000,2,0,0,2,2,false
EXP-04B,exp04b_m02_ro200_lh00,exact,25.20000,27.60000,2.40000,2,0,0,2,2,false
EXP-04B,exp04b_m02_ro200_lh00,exact,27.60000,30.60000,3.00000,1,1,0,2,2,false
EXP-04B,exp04b_m02_ro200_lh00,exact,30.60000,30.75000,0.15000,1,0,0,1,3,false
EXP-04B,exp04b_m02_ro200_lh00,exact,30.75000,33.00000,2.25000,0,1,0,1,3,false
EXP-04B,exp04b_m02_ro200_lh05,baseline,0,1.50,1.50,0,1,1,2,2,false
EXP-04B,exp04b_m02_ro200_lh05,baseline,1.50,2.25,0.75,1,1,0,2,2,false
EXP-04B,exp04b_m02_ro200_lh05,baseline,2.25,6.75,4.50,2,0,0,2,2,false
EXP-04B,exp04b_m02_ro200_lh05,baseline,6.75,7.50,0.75,1,1,0,2,2,false
EXP-04B,exp04b_m02_ro200_lh05,baseline,7.50,10.50,3.00,1,0,0,1,3,false
EXP-04B,exp04b_m02_ro200_lh05,baseline,10.50,12.00,1.50,0,1,0,1,3,false
EXP-04B,exp04b_m02_ro200_lh05,baseline,12.00,14.25,2.25,0,1,2,3,1,false
EXP-04B,exp04b_m02_ro200_lh05,baseline,14.25,16.350,2.100,1,1,1,3,1,false
EXP-04B,exp04b_m02_ro200_lh05,baseline,16.350,18.450,2.100,2,1,0,3,1,false
EXP-04B,exp04b_m02_ro200_lh05,baseline,18.450,25.950,7.500,3,0,0,3,1,false
EXP-04B,exp04b_m02_ro200_lh05,baseline,25.950,27.75,1.800,2,0,0,2,2,false
EXP-04B,exp04b_m02_ro200_lh05,baseline,27.75,28.050,0.300,1,1,0,2,2,false
EXP-04B,exp04b_m02_ro200_lh05,baseline,28.050,29.250,1.200,1,1,0,2,2,false
EXP-04B,exp04b_m02_ro200_lh05,baseline,29.250,30.00,0.750,0,1,1,2,2,false
EXP-04B,exp04b_m02_ro200_lh05,baseline,30.00,34.200,4.200,0,1,0,1,3,false
EXP-04B,exp04b_m02_ro200_lh05,exact,0,1.50000,1.50000,0,1,0,1,3,false
EXP-04B,exp04b_m02_ro200_lh05,exact,1.50000,2.25000,0.75000,1,1,0,2,2,false
EXP-04B,exp04b_m02_ro200_lh05,exact,2.25000,6.75000,4.50000,2,0,0,2,2,false
EXP-04B,exp04b_m02_ro200_lh05,exact,6.75000,7.50000,0.75000,1,1,0,2,2,false
EXP-04B,exp04b_m02_ro200_lh05,exact,7.50000,10.50000,3.00000,1,0,0,1,3,false
EXP-04B,exp04b_m02_ro200_lh05,exact,10.50000,12.00000,1.50000,0,1,0,1,3,false
EXP-04B,exp04b_m02_ro200_lh05,exact,12.00000,14.10000,2.10000,0,1,0,1,3,false
EXP-04B,exp04b_m02_ro200_lh05,exact,14.10000,16.20000,2.10000,1,1,0,2,2,false
EXP-04B,exp04b_m02_ro200_lh05,exact,16.20000,18.45000,2.25000,2,1,0,3,1,false
EXP-04B,exp04b_m02_ro200_lh05,exact,18.45000,23.70000,5.25000,3,0,0,3,1,false
EXP-04B,exp04b_m02_ro200_lh05,exact,23.70000,25.80000,2.10000,2,0,0,2,2,false
EXP-04B,exp04b_m02_ro200_lh05,exact,25.80000,27.00000,1.20000,2,0,0,2,2,false
EXP-04B,exp04b_m02_ro200_lh05,exact,27.00000,31.20000,4.20000,1,1,0,2,2,false
EXP-04B,exp04b_m02_ro200_lh05,exact,31.20000,31.95000,0.75000,1,0,0,1,3,false
EXP-04B,exp04b_m02_ro200_lh05,exact,31.95000,34.20000,2.25000,0,1,0,1,3,false
EXP-04B,exp04b_m02_ro200_lh10,baseline,0,1.50,1.50,0,1,1,2,2,false
EXP-04B,exp04b_m02_ro200_lh10,baseline,1.50,2.25,0.75,1,1,0,2,2,false
EXP-04B,exp04b_m02_ro200_lh10,baseline,2.25,6.75,4.50,2,0,0,2,2,false
EXP-04B,exp04b_m02_ro200_lh10,baseline,6.75,7.50,0.75,1,1,0,2,2,false
EXP-04B,exp04b_m02_ro200_lh10,baseline,7.50,10.50,3.00,1,0,0,1,3,false
EXP-04B,exp04b_m02_ro200_lh10,baseline,10.50,12.00,1.50,0,1,0,1,3,false
EXP-04B,exp04b_m02_ro200_lh10,baseline,12.00,14.25,2.25,0,1,2,3,1,false
EXP-04B,exp04b_m02_ro200_lh10,baseline,14.25,16.95,2.70,1,1,1,3,1,false
EXP-04B,exp04b_m02_ro200_lh10,baseline,16.95,19.65,2.70,2,1,0,3,1,false
EXP-04B,exp04b_m02_ro200_lh10,baseline,19.65,25.95,6.30,3,0,0,3,1,false
EXP-04B,exp04b_m02_ro200_lh10,baseline,25.95,27.75,1.80,2,0,0,2,2,false
EXP-04B,exp04b_m02_ro200_lh10,baseline,27.75,28.65,0.90,1,1,0,2,2,false
EXP-04B,exp04b_m02_ro200_lh10,baseline,28.65,30.00,1.35,0,1,1,2,2,false
EXP-04B,exp04b_m02_ro200_lh10,baseline,30.00,35.40,5.40,0,1,0,1,3,false
EXP-04B,exp04b_m02_ro200_lh10,exact,0,1.50000,1.50000,0,1,0,1,3,false
EXP-04B,exp04b_m02_ro200_lh10,exact,1.50000,2.25000,0.75000,1,1,0,2,2,false
EXP-04B,exp04b_m02_ro200_lh10,exact,2.25000,6.75000,4.50000,2,0,0,2,2,false
EXP-04B,exp04b_m02_ro200_lh10,exact,6.75000,7.50000,0.75000,1,1,0,2,2,false
EXP-04B,exp04b_m02_ro200_lh10,exact,7.50000,10.50000,3.00000,1,0,0,1,3,false
EXP-04B,exp04b_m02_ro200_lh10,exact,10.50000,12.00000,1.50000,0,1,0,1,3,false
EXP-04B,exp04b_m02_ro200_lh10,exact,12.00000,14.25000,2.25000,0,1,0,1,3,false
EXP-04B,exp04b_m02_ro200_lh10,exact,14.25000,16.95000,2.70000,1,1,0,2,2,false
EXP-04B,exp04b_m02_ro200_lh10,exact,16.95000,19.65000,2.70000,2,1,0,3,1,false
EXP-04B,exp04b_m02_ro200_lh10,exact,19.65000,25.95000,6.30000,3,0,0,3,1,false
EXP-04B,exp04b_m02_ro200_lh10,exact,25.95000,27.75000,1.80000,2,0,0,2,2,false
EXP-04B,exp04b_m02_ro200_lh10,exact,27.75000,28.65000,0.90000,1,1,0,2,2,false
EXP-04B,exp04b_m02_ro200_lh10,exact,28.65000,30.00000,1.35000,0,1,0,1,3,false
EXP-04B,exp04b_m02_ro200_lh10,exact,30.00000,35.40000,5.40000,0,1,0,1,3,false
EXP-04B,exp04b_m03_ro000_lh00,baseline,0,1.50,1.50,0,1,1,2,2,false
EXP-04B,exp04b_m03_ro000_lh00,baseline,1.50,2.25,0.75,1,1,0,2,2,false
EXP-04B,exp04b_m03_ro000_lh00,baseline,2.25,6.75,4.50,2,0,0,2,2,false
EXP-04B,exp04b_m03_ro000_lh00,baseline,6.75,7.50,0.75,1,1,0,2,2,false
EXP-04B,exp04b_m03_ro000_lh00,baseline,7.50,10.50,3.00,1,0,0,1,3,false
EXP-04B,exp04b_m03_ro000_lh00,baseline,10.50,12.00,1.50,0,1,0,1,3,false
EXP-04B,exp04b_m03_ro000_lh00,baseline,12.00,14.25,2.25,0,1,3,4,0,true
EXP-04B,exp04b_m03_ro000_lh00,baseline,14.25,15.25,1.00,1,1,2,4,0,false
EXP-04B,exp04b_m03_ro000_lh00,baseline,15.25,16.25,1.00,2,1,1,4,0,false
EXP-04B,exp04b_m03_ro000_lh00,baseline,16.25,17.25,1.00,3,1,0,4,0,false
EXP-04B,exp04b_m03_ro000_lh00,baseline,17.25,21.25,4.00,4,0,0,4,0,false
EXP-04B,exp04b_m03_ro000_lh00,baseline,21.25,22.25,1.00,3,0,0,3,1,false
EXP-04B,exp04b_m03_ro000_lh00,baseline,22.25,23.25,1.00,2,0,0,2,2,false
EXP-04B,exp04b_m03_ro000_lh00,baseline,23.25,26.25,3.00,1,1,0,2,2,false
EXP-04B,exp04b_m03_ro000_lh00,baseline,26.25,27.75,1.50,1,0,0,1,3,false
EXP-04B,exp04b_m03_ro000_lh00,baseline,27.75,30.00,2.25,0,1,0,1,3,false
EXP-04B,exp04b_m03_ro000_lh00,exact,0,1.50000,1.50000,0,1,0,1,3,false
EXP-04B,exp04b_m03_ro000_lh00,exact,1.50000,2.25000,0.75000,1,1,0,2,2,false
EXP-04B,exp04b_m03_ro000_lh00,exact,2.25000,6.75000,4.50000,2,0,0,2,2,false
EXP-04B,exp04b_m03_ro000_lh00,exact,6.75000,7.50000,0.75000,1,1,0,2,2,false
EXP-04B,exp04b_m03_ro000_lh00,exact,7.50000,10.50000,3.00000,1,0,0,1,3,false
EXP-04B,exp04b_m03_ro000_lh00,exact,10.50000,12.00000,1.50000,0,1,0,1,3,false
EXP-04B,exp04b_m03_ro000_lh00,exact,12.00000,14.25000,2.25000,0,1,0,1,3,false
EXP-04B,exp04b_m03_ro000_lh00,exact,14.25000,15.25000,1.00000,1,1,0,2,2,false
EXP-04B,exp04b_m03_ro000_lh00,exact,15.25000,16.25000,1.00000,2,1,0,3,1,false
EXP-04B,exp04b_m03_ro000_lh00,exact,16.25000,17.25000,1.00000,3,1,0,4,0,false
EXP-04B,exp04b_m03_ro000_lh00,exact,17.25000,21.25000,4.00000,4,0,0,4,0,false
EXP-04B,exp04b_m03_ro000_lh00,exact,21.25000,22.25000,1.00000,3,0,0,3,1,false
EXP-04B,exp04b_m03_ro000_lh00,exact,22.25000,23.25000,1.00000,2,0,0,2,2,false
EXP-04B,exp04b_m03_ro000_lh00,exact,23.25000,26.25000,3.00000,1,1,0,2,2,false
EXP-04B,exp04b_m03_ro000_lh00,exact,26.25000,27.75000,1.50000,1,0,0,1,3,false
EXP-04B,exp04b_m03_ro000_lh00,exact,27.75000,30.00000,2.25000,0,1,0,1,3,false
EXP-04B,exp04b_m03_ro025_lh00,baseline,0,1.50,1.50,0,1,1,2,2,false
EXP-04B,exp04b_m03_ro025_lh00,baseline,1.50,2.25,0.75,1,1,0,2,2,false
EXP-04B,exp04b_m03_ro025_lh00,baseline,2.25,6.75,4.50,2,0,0,2,2,false
EXP-04B,exp04b_m03_ro025_lh00,baseline,6.75,7.50,0.75,1,1,0,2,2,false
EXP-04B,exp04b_m03_ro025_lh00,baseline,7.50,10.50,3.00,1,0,0,1,3,false
EXP-04B,exp04b_m03_ro025_lh00,baseline,10.50,12.00,1.50,0,1,0,1,3,false
EXP-04B,exp04b_m03_ro025_lh00,baseline,12.00,14.25,2.25,0,1,3,4,0,true
EXP-04B,exp04b_m03_ro025_lh00,baseline,14.25,15.250,1.000,1,1,2,4,0,false
EXP-04B,exp04b_m03_ro025_lh00,baseline,15.250,16.250,1.000,2,1,1,4,0,false
EXP-04B,exp04b_m03_ro025_lh00,baseline,16.250,17.250,1.000,3,1,0,4,0,false
EXP-04B,exp04b_m03_ro025_lh00,baseline,17.250,21.450,4.200,4,0,0,4,0,false
EXP-04B,exp04b_m03_ro025_lh00,baseline,21.450,22.450,1.000,3,0,0,3,1,false
EXP-04B,exp04b_m03_ro025_lh00,baseline,22.450,23.450,1.000,2,0,0,2,2,false
EXP-04B,exp04b_m03_ro025_lh00,baseline,23.450,24.050,0.600,2,0,0,2,2,false
EXP-04B,exp04b_m03_ro025_lh00,baseline,24.050,27.050,3.000,1,1,0,2,2,false
EXP-04B,exp04b_m03_ro025_lh00,baseline,27.050,27.75,0.700,1,0,0,1,3,false
EXP-04B,exp04b_m03_ro025_lh00,baseline,27.75,30.00,2.25,0,1,0,1,3,false
EXP-04B,exp04b_m03_ro025_lh00,exact,0,1.50000,1.50000,0,1,0,1,3,false
EXP-04B,exp04b_m03_ro025_lh00,exact,1.50000,2.25000,0.75000,1,1,0,2,2,false
EXP-04B,exp04b_m03_ro025_lh00,exact,2.25000,6.75000,4.50000,2,0,0,2,2,false
EXP-04B,exp04b_m03_ro025_lh00,exact,6.75000,7.50000,0.75000,1,1,0,2,2,false
EXP-04B,exp04b_m03_ro025_lh00,exact,7.50000,10.50000,3.00000,1,0,0,1,3,false
EXP-04B,exp04b_m03_ro025_lh00,exact,10.50000,12.00000,1.50000,0,1,0,1,3,false
EXP-04B,exp04b_m03_ro025_lh00,exact,12.00000,14.25000,2.25000,0,1,0,1,3,false
EXP-04B,exp04b_m03_ro025_lh00,exact,14.25000,15.25000,1.00000,1,1,0,2,2,false
EXP-04B,exp04b_m03_ro025_lh00,exact,15.25000,16.25000,1.00000,2,1,0,3,1,false
EXP-04B,exp04b_m03_ro025_lh00,exact,16.25000,17.25000,1.00000,3,1,0,4,0,false
EXP-04B,exp04b_m03_ro025_lh00,exact,17.25000,21.45000,4.20000,4,0,0,4,0,false
EXP-04B,exp04b_m03_ro025_lh00,exact,21.45000,22.45000,1.00000,3,0,0,3,1,false
EXP-04B,exp04b_m03_ro025_lh00,exact,22.45000,23.45000,1.00000,2,0,0,2,2,false
EXP-04B,exp04b_m03_ro025_lh00,exact,23.45000,24.05000,0.60000,2,0,0,2,2,false
EXP-04B,exp04b_m03_ro025_lh00,exact,24.05000,27.05000,3.00000,1,1,0,2,2,false
EXP-04B,exp04b_m03_ro025_lh00,exact,27.05000,27.75000,0.70000,1,0,0,1,3,false
EXP-04B,exp04b_m03_ro025_lh00,exact,27.75000,30.00000,2.25000,0,1,0,1,3,false
EXP-04B,exp04b_m03_ro025_lh05,baseline,0,1.50,1.50,0,1,1,2,2,false
EXP-04B,exp04b_m03_ro025_lh05,baseline,1.50,2.25,0.75,1,1,0,2,2,false
EXP-04B,exp04b_m03_ro025_lh05,baseline,2.25,6.75,4.50,2,0,0,2,2,false
EXP-04B,exp04b_m03_ro025_lh05,baseline,6.75,7.50,0.75,1,1,0,2,2,false
EXP-04B,exp04b_m03_ro025_lh05,baseline,7.50,10.50,3.00,1,0,0,1,3,false
EXP-04B,exp04b_m03_ro025_lh05,baseline,10.50,12.00,1.50,0,1,0,1,3,false
EXP-04B,exp04b_m03_ro025_lh05,baseline,12.00,14.25,2.25,0,1,3,4,0,true
EXP-04B,exp04b_m03_ro025_lh05,baseline,14.25,15.3500,1.1000,1,1,2,4,0,false
EXP-04B,exp04b_m03_ro025_lh05,baseline,15.3500,16.4500,1.1000,2,1,1,4,0,false
EXP-04B,exp04b_m03_ro025_lh05,baseline,16.4500,17.5500,1.1000,3,1,0,4,0,false
EXP-04B,exp04b_m03_ro025_lh05,baseline,17.5500,21.4500,3.9000,4,0,0,4,0,false
EXP-04B,exp04b_m03_ro025_lh05,baseline,21.4500,22.5500,1.1000,3,0,0,3,1,false
EXP-04B,exp04b_m03_ro025_lh05,baseline,22.5500,23.6500,1.1000,2,0,0,2,2,false
EXP-04B,exp04b_m03_ro025_lh05,baseline,23.6500,23.9500,0.3000,2,0,0,2,2,false
EXP-04B,exp04b_m03_ro025_lh05,baseline,23.9500,27.2500,3.3000,1,1,0,2,2,false
EXP-04B,exp04b_m03_ro025_lh05,baseline,27.2500,27.75,0.5000,1,0,0,1,3,false
EXP-04B,exp04b_m03_ro025_lh05,baseline,27.75,30.00,2.25,0,1,0,1,3,false
EXP-04B,exp04b_m03_ro025_lh05,exact,0,1.50000,1.50000,0,1,0,1,3,false
EXP-04B,exp04b_m03_ro025_lh05,exact,1.50000,2.25000,0.75000,1,1,0,2,2,false
EXP-04B,exp04b_m03_ro025_lh05,exact,2.25000,6.75000,4.50000,2,0,0,2,2,false
EXP-04B,exp04b_m03_ro025_lh05,exact,6.75000,7.50000,0.75000,1,1,0,2,2,false
EXP-04B,exp04b_m03_ro025_lh05,exact,7.50000,10.50000,3.00000,1,0,0,1,3,false
EXP-04B,exp04b_m03_ro025_lh05,exact,10.50000,12.00000,1.50000,0,1,0,1,3,false
EXP-04B,exp04b_m03_ro025_lh05,exact,12.00000,14.25000,2.25000,0,1,0,1,3,false
EXP-04B,exp04b_m03_ro025_lh05,exact,14.25000,15.35000,1.10000,1,1,0,2,2,false
EXP-04B,exp04b_m03_ro025_lh05,exact,15.35000,16.45000,1.10000,2,1,0,3,1,false
EXP-04B,exp04b_m03_ro025_lh05,exact,16.45000,17.55000,1.10000,3,1,0,4,0,false
EXP-04B,exp04b_m03_ro025_lh05,exact,17.55000,21.45000,3.90000,4,0,0,4,0,false
EXP-04B,exp04b_m03_ro025_lh05,exact,21.45000,22.55000,1.10000,3,0,0,3,1,false
EXP-04B,exp04b_m03_ro025_lh05,exact,22.55000,23.65000,1.10000,2,0,0,2,2,false
EXP-04B,exp04b_m03_ro025_lh05,exact,23.65000,23.95000,0.30000,2,0,0,2,2,false
EXP-04B,exp04b_m03_ro025_lh05,exact,23.95000,27.25000,3.30000,1,1,0,2,2,false
EXP-04B,exp04b_m03_ro025_lh05,exact,27.25000,27.75000,0.50000,1,0,0,1,3,false
EXP-04B,exp04b_m03_ro025_lh05,exact,27.75000,30.00000,2.25000,0,1,0,1,3,false
EXP-04B,exp04b_m03_ro025_lh10,baseline,0,1.50,1.50,0,1,1,2,2,false
EXP-04B,exp04b_m03_ro025_lh10,baseline,1.50,2.25,0.75,1,1,0,2,2,false
EXP-04B,exp04b_m03_ro025_lh10,baseline,2.25,6.75,4.50,2,0,0,2,2,false
EXP-04B,exp04b_m03_ro025_lh10,baseline,6.75,7.50,0.75,1,1,0,2,2,false
EXP-04B,exp04b_m03_ro025_lh10,baseline,7.50,10.50,3.00,1,0,0,1,3,false
EXP-04B,exp04b_m03_ro025_lh10,baseline,10.50,12.00,1.50,0,1,0,1,3,false
EXP-04B,exp04b_m03_ro025_lh10,baseline,12.00,14.25,2.25,0,1,3,4,0,true
EXP-04B,exp04b_m03_ro025_lh10,baseline,14.25,15.450,1.200,1,1,2,4,0,false
EXP-04B,exp04b_m03_ro025_lh10,baseline,15.450,16.650,1.200,2,1,1,4,0,false
EXP-04B,exp04b_m03_ro025_lh10,baseline,16.650,17.850,1.200,3,1,0,4,0,false
EXP-04B,exp04b_m03_ro025_lh10,baseline,17.850,21.450,3.600,4,0,0,4,0,false
EXP-04B,exp04b_m03_ro025_lh10,baseline,21.450,22.650,1.200,3,0,0,3,1,false
EXP-04B,exp04b_m03_ro025_lh10,baseline,22.650,23.850,1.200,2,0,0,2,2,false
EXP-04B,exp04b_m03_ro025_lh10,baseline,23.850,27.450,3.600,1,1,0,2,2,false
EXP-04B,exp04b_m03_ro025_lh10,baseline,27.450,27.75,0.300,1,0,0,1,3,false
EXP-04B,exp04b_m03_ro025_lh10,baseline,27.75,30.00,2.25,0,1,0,1,3,false
EXP-04B,exp04b_m03_ro025_lh10,exact,0,1.50000,1.50000,0,1,0,1,3,false
EXP-04B,exp04b_m03_ro025_lh10,exact,1.50000,2.25000,0.75000,1,1,0,2,2,false
EXP-04B,exp04b_m03_ro025_lh10,exact,2.25000,6.75000,4.50000,2,0,0,2,2,false
EXP-04B,exp04b_m03_ro025_lh10,exact,6.75000,7.50000,0.75000,1,1,0,2,2,false
EXP-04B,exp04b_m03_ro025_lh10,exact,7.50000,10.50000,3.00000,1,0,0,1,3,false
EXP-04B,exp04b_m03_ro025_lh10,exact,10.50000,12.00000,1.50000,0,1,0,1,3,false
EXP-04B,exp04b_m03_ro025_lh10,exact,12.00000,14.25000,2.25000,0,1,0,1,3,false
EXP-04B,exp04b_m03_ro025_lh10,exact,14.25000,15.45000,1.20000,1,1,0,2,2,false
EXP-04B,exp04b_m03_ro025_lh10,exact,15.45000,16.65000,1.20000,2,1,0,3,1,false
EXP-04B,exp04b_m03_ro025_lh10,exact,16.65000,17.85000,1.20000,3,1,0,4,0,false
EXP-04B,exp04b_m03_ro025_lh10,exact,17.85000,21.45000,3.60000,4,0,0,4,0,false
EXP-04B,exp04b_m03_ro025_lh10,exact,21.45000,22.65000,1.20000,3,0,0,3,1,false
EXP-04B,exp04b_m03_ro025_lh10,exact,22.65000,23.85000,1.20000,2,0,0,2,2,false
EXP-04B,exp04b_m03_ro025_lh10,exact,23.85000,27.45000,3.60000,1,1,0,2,2,false
EXP-04B,exp04b_m03_ro025_lh10,exact,27.45000,27.75000,0.30000,1,0,0,1,3,false
EXP-04B,exp04b_m03_ro025_lh10,exact,27.75000,30.00000,2.25000,0,1,0,1,3,false
EXP-04B,exp04b_m03_ro050_lh00,baseline,0,1.50,1.50,0,1,1,2,2,false
EXP-04B,exp04b_m03_ro050_lh00,baseline,1.50,2.25,0.75,1,1,0,2,2,false
EXP-04B,exp04b_m03_ro050_lh00,baseline,2.25,6.75,4.50,2,0,0,2,2,false
EXP-04B,exp04b_m03_ro050_lh00,baseline,6.75,7.50,0.75,1,1,0,2,2,false
EXP-04B,exp04b_m03_ro050_lh00,baseline,7.50,10.50,3.00,1,0,0,1,3,false
EXP-04B,exp04b_m03_ro050_lh00,baseline,10.50,12.00,1.50,0,1,0,1,3,false
EXP-04B,exp04b_m03_ro050_lh00,baseline,12.00,14.25,2.25,0,1,3,4,0,true
EXP-04B,exp04b_m03_ro050_lh00,baseline,14.25,15.25,1.00,1,1,2,4,0,false
EXP-04B,exp04b_m03_ro050_lh00,baseline,15.25,16.25,1.00,2,1,1,4,0,false
EXP-04B,exp04b_m03_ro050_lh00,baseline,16.25,17.25,1.00,3,1,0,4,0,false
EXP-04B,exp04b_m03_ro050_lh00,baseline,17.25,21.65,4.40,4,0,0,4,0,false
EXP-04B,exp04b_m03_ro050_lh00,baseline,21.65,22.65,1.00,3,0,0,3,1,false
EXP-04B,exp04b_m03_ro050_lh00,baseline,22.65,23.65,1.00,2,0,0,2,2,false
EXP-04B,exp04b_m03_ro050_lh00,baseline,23.65,24.85,1.20,2,0,0,2,2,false
EXP-04B,exp04b_m03_ro050_lh00,baseline,24.85,27.75,2.90,1,1,0,2,2,false
EXP-04B,exp04b_m03_ro050_lh00,baseline,27.75,27.85,0.10,0,1,1,2,2,false
EXP-04B,exp04b_m03_ro050_lh00,baseline,27.85,30.10,2.25,0,1,0,1,3,false
EXP-04B,exp04b_m03_ro050_lh00,exact,0,1.50000,1.50000,0,1,0,1,3,false
EXP-04B,exp04b_m03_ro050_lh00,exact,1.50000,2.25000,0.75000,1,1,0,2,2,false
EXP-04B,exp04b_m03_ro050_lh00,exact,2.25000,6.75000,4.50000,2,0,0,2,2,false
EXP-04B,exp04b_m03_ro050_lh00,exact,6.75000,7.50000,0.75000,1,1,0,2,2,false
EXP-04B,exp04b_m03_ro050_lh00,exact,7.50000,10.50000,3.00000,1,0,0,1,3,false
EXP-04B,exp04b_m03_ro050_lh00,exact,10.50000,12.00000,1.50000,0,1,0,1,3,false
EXP-04B,exp04b_m03_ro050_lh00,exact,12.00000,14.25000,2.25000,0,1,0,1,3,false
EXP-04B,exp04b_m03_ro050_lh00,exact,14.25000,15.25000,1.00000,1,1,0,2,2,false
EXP-04B,exp04b_m03_ro050_lh00,exact,15.25000,16.25000,1.00000,2,1,0,3,1,false
EXP-04B,exp04b_m03_ro050_lh00,exact,16.25000,17.25000,1.00000,3,1,0,4,0,false
EXP-04B,exp04b_m03_ro050_lh00,exact,17.25000,21.65000,4.40000,4,0,0,4,0,false
EXP-04B,exp04b_m03_ro050_lh00,exact,21.65000,22.65000,1.00000,3,0,0,3,1,false
EXP-04B,exp04b_m03_ro050_lh00,exact,22.65000,23.65000,1.00000,2,0,0,2,2,false
EXP-04B,exp04b_m03_ro050_lh00,exact,23.65000,24.85000,1.20000,2,0,0,2,2,false
EXP-04B,exp04b_m03_ro050_lh00,exact,24.85000,27.75000,2.90000,1,1,0,2,2,false
EXP-04B,exp04b_m03_ro050_lh00,exact,27.75000,27.85000,0.10000,0,1,1,2,2,false
EXP-04B,exp04b_m03_ro050_lh00,exact,27.85000,30.10000,2.25000,0,1,0,1,3,false
EXP-04B,exp04b_m03_ro050_lh05,baseline,0,1.50,1.50,0,1,1,2,2,false
EXP-04B,exp04b_m03_ro050_lh05,baseline,1.50,2.25,0.75,1,1,0,2,2,false
EXP-04B,exp04b_m03_ro050_lh05,baseline,2.25,6.75,4.50,2,0,0,2,2,false
EXP-04B,exp04b_m03_ro050_lh05,baseline,6.75,7.50,0.75,1,1,0,2,2,false
EXP-04B,exp04b_m03_ro050_lh05,baseline,7.50,10.50,3.00,1,0,0,1,3,false
EXP-04B,exp04b_m03_ro050_lh05,baseline,10.50,12.00,1.50,0,1,0,1,3,false
EXP-04B,exp04b_m03_ro050_lh05,baseline,12.00,14.25,2.25,0,1,3,4,0,true
EXP-04B,exp04b_m03_ro050_lh05,baseline,14.25,15.450,1.200,1,1,2,4,0,false
EXP-04B,exp04b_m03_ro050_lh05,baseline,15.450,16.650,1.200,2,1,1,4,0,false
EXP-04B,exp04b_m03_ro050_lh05,baseline,16.650,17.850,1.200,3,1,0,4,0,false
EXP-04B,exp04b_m03_ro050_lh05,baseline,17.850,21.650,3.800,4,0,0,4,0,false
EXP-04B,exp04b_m03_ro050_lh05,baseline,21.650,22.850,1.200,3,0,0,3,1,false
EXP-04B,exp04b_m03_ro050_lh05,baseline,22.850,24.050,1.200,2,0,0,2,2,false
EXP-04B,exp04b_m03_ro050_lh05,baseline,24.050,24.650,0.600,2,0,0,2,2,false
EXP-04B,exp04b_m03_ro050_lh05,baseline,24.650,27.75,3.100,1,1,0,2,2,false
EXP-04B,exp04b_m03_ro050_lh05,baseline,27.75,28.250,0.500,0,1,1,2,2,false
EXP-04B,exp04b_m03_ro050_lh05,baseline,28.250,30.500,2.250,0,1,0,1,3,false
EXP-04B,exp04b_m03_ro050_lh05,exact,0,1.50000,1.50000,0,1,0,1,3,false
EXP-04B,exp04b_m03_ro050_lh05,exact,1.50000,2.25000,0.75000,1,1,0,2,2,false
EXP-04B,exp04b_m03_ro050_lh05,exact,2.25000,6.75000,4.50000,2,0,0,2,2,false
EXP-04B,exp04b_m03_ro050_lh05,exact,6.75000,7.50000,0.75000,1,1,0,2,2,false
EXP-04B,exp04b_m03_ro050_lh05,exact,7.50000,10.50000,3.00000,1,0,0,1,3,false
EXP-04B,exp04b_m03_ro050_lh05,exact,10.50000,12.00000,1.50000,0,1,0,1,3,false
EXP-04B,exp04b_m03_ro050_lh05,exact,12.00000,14.25000,2.25000,0,1,0,1,3,false
EXP-04B,exp04b_m03_ro050_lh05,exact,14.25000,15.45000,1.20000,1,1,0,2,2,false
EXP-04B,exp04b_m03_ro050_lh05,exact,15.45000,16.65000,1.20000,2,1,0,3,1,false
EXP-04B,exp04b_m03_ro050_lh05,exact,16.65000,17.85000,1.20000,3,1,0,4,0,false
EXP-04B,exp04b_m03_ro050_lh05,exact,17.85000,21.65000,3.80000,4,0,0,4,0,false
EXP-04B,exp04b_m03_ro050_lh05,exact,21.65000,22.85000,1.20000,3,0,0,3,1,false
EXP-04B,exp04b_m03_ro050_lh05,exact,22.85000,24.05000,1.20000,2,0,0,2,2,false
EXP-04B,exp04b_m03_ro050_lh05,exact,24.05000,24.65000,0.60000,2,0,0,2,2,false
EXP-04B,exp04b_m03_ro050_lh05,exact,24.65000,27.75000,3.10000,1,1,0,2,2,false
EXP-04B,exp04b_m03_ro050_lh05,exact,27.75000,28.25000,0.50000,0,1,1,2,2,false
EXP-04B,exp04b_m03_ro050_lh05,exact,28.25000,30.50000,2.25000,0,1,0,1,3,false
EXP-04B,exp04b_m03_ro050_lh10,baseline,0,1.50,1.50,0,1,1,2,2,false
EXP-04B,exp04b_m03_ro050_lh10,baseline,1.50,2.25,0.75,1,1,0,2,2,false
EXP-04B,exp04b_m03_ro050_lh10,baseline,2.25,6.75,4.50,2,0,0,2,2,false
EXP-04B,exp04b_m03_ro050_lh10,baseline,6.75,7.50,0.75,1,1,0,2,2,false
EXP-04B,exp04b_m03_ro050_lh10,baseline,7.50,10.50,3.00,1,0,0,1,3,false
EXP-04B,exp04b_m03_ro050_lh10,baseline,10.50,12.00,1.50,0,1,0,1,3,false
EXP-04B,exp04b_m03_ro050_lh10,baseline,12.00,14.25,2.25,0,1,3,4,0,true
EXP-04B,exp04b_m03_ro050_lh10,baseline,14.25,15.65,1.40,1,1,2,4,0,false
EXP-04B,exp04b_m03_ro050_lh10,baseline,15.65,17.05,1.40,2,1,1,4,0,false
EXP-04B,exp04b_m03_ro050_lh10,baseline,17.05,18.45,1.40,3,1,0,4,0,false
EXP-04B,exp04b_m03_ro050_lh10,baseline,18.45,21.65,3.20,4,0,0,4,0,false
EXP-04B,exp04b_m03_ro050_lh10,baseline,21.65,23.05,1.40,3,0,0,3,1,false
EXP-04B,exp04b_m03_ro050_lh10,baseline,23.05,24.45,1.40,2,0,0,2,2,false
EXP-04B,exp04b_m03_ro050_lh10,baseline,24.45,27.75,3.30,1,1,0,2,2,false
EXP-04B,exp04b_m03_ro050_lh10,baseline,27.75,28.65,0.90,0,1,1,2,2,false
EXP-04B,exp04b_m03_ro050_lh10,baseline,28.65,30.90,2.25,0,1,0,1,3,false
EXP-04B,exp04b_m03_ro050_lh10,exact,0,1.50000,1.50000,0,1,0,1,3,false
EXP-04B,exp04b_m03_ro050_lh10,exact,1.50000,2.25000,0.75000,1,1,0,2,2,false
EXP-04B,exp04b_m03_ro050_lh10,exact,2.25000,6.75000,4.50000,2,0,0,2,2,false
EXP-04B,exp04b_m03_ro050_lh10,exact,6.75000,7.50000,0.75000,1,1,0,2,2,false
EXP-04B,exp04b_m03_ro050_lh10,exact,7.50000,10.50000,3.00000,1,0,0,1,3,false
EXP-04B,exp04b_m03_ro050_lh10,exact,10.50000,12.00000,1.50000,0,1,0,1,3,false
EXP-04B,exp04b_m03_ro050_lh10,exact,12.00000,14.25000,2.25000,0,1,0,1,3,false
EXP-04B,exp04b_m03_ro050_lh10,exact,14.25000,15.65000,1.40000,1,1,0,2,2,false
EXP-04B,exp04b_m03_ro050_lh10,exact,15.65000,17.05000,1.40000,2,1,0,3,1,false
EXP-04B,exp04b_m03_ro050_lh10,exact,17.05000,18.45000,1.40000,3,1,0,4,0,false
EXP-04B,exp04b_m03_ro050_lh10,exact,18.45000,21.65000,3.20000,4,0,0,4,0,false
EXP-04B,exp04b_m03_ro050_lh10,exact,21.65000,23.05000,1.40000,3,0,0,3,1,false
EXP-04B,exp04b_m03_ro050_lh10,exact,23.05000,24.45000,1.40000,2,0,0,2,2,false
EXP-04B,exp04b_m03_ro050_lh10,exact,24.45000,27.75000,3.30000,1,1,0,2,2,false
EXP-04B,exp04b_m03_ro050_lh10,exact,27.75000,28.65000,0.90000,0,1,1,2,2,false
EXP-04B,exp04b_m03_ro050_lh10,exact,28.65000,30.90000,2.25000,0,1,0,1,3,false
EXP-04B,exp04b_m03_ro100_lh00,baseline,0,1.50,1.50,0,1,1,2,2,false
EXP-04B,exp04b_m03_ro100_lh00,baseline,1.50,2.25,0.75,1,1,0,2,2,false
EXP-04B,exp04b_m03_ro100_lh00,baseline,2.25,6.75,4.50,2,0,0,2,2,false
EXP-04B,exp04b_m03_ro100_lh00,baseline,6.75,7.50,0.75,1,1,0,2,2,false
EXP-04B,exp04b_m03_ro100_lh00,baseline,7.50,10.50,3.00,1,0,0,1,3,false
EXP-04B,exp04b_m03_ro100_lh00,baseline,10.50,12.00,1.50,0,1,0,1,3,false
EXP-04B,exp04b_m03_ro100_lh00,baseline,12.00,14.25,2.25,0,1,3,4,0,true
EXP-04B,exp04b_m03_ro100_lh00,baseline,14.25,15.25,1.00,1,1,2,4,0,false
EXP-04B,exp04b_m03_ro100_lh00,baseline,15.25,16.25,1.00,2,1,1,4,0,false
EXP-04B,exp04b_m03_ro100_lh00,baseline,16.25,17.25,1.00,3,1,0,4,0,false
EXP-04B,exp04b_m03_ro100_lh00,baseline,17.25,22.05,4.80,4,0,0,4,0,false
EXP-04B,exp04b_m03_ro100_lh00,baseline,22.05,23.05,1.00,3,0,0,3,1,false
EXP-04B,exp04b_m03_ro100_lh00,baseline,23.05,24.05,1.00,2,0,0,2,2,false
EXP-04B,exp04b_m03_ro100_lh00,baseline,24.05,26.45,2.40,2,0,0,2,2,false
EXP-04B,exp04b_m03_ro100_lh00,baseline,26.45,27.75,1.30,1,1,0,2,2,false
EXP-04B,exp04b_m03_ro100_lh00,baseline,27.75,29.45,1.70,0,1,1,2,2,false
EXP-04B,exp04b_m03_ro100_lh00,baseline,29.45,31.70,2.25,0,1,0,1,3,false
EXP-04B,exp04b_m03_ro100_lh00,exact,0,1.50000,1.50000,0,1,0,1,3,false
EXP-04B,exp04b_m03_ro100_lh00,exact,1.50000,2.25000,0.75000,1,1,0,2,2,false
EXP-04B,exp04b_m03_ro100_lh00,exact,2.25000,6.75000,4.50000,2,0,0,2,2,false
EXP-04B,exp04b_m03_ro100_lh00,exact,6.75000,7.50000,0.75000,1,1,0,2,2,false
EXP-04B,exp04b_m03_ro100_lh00,exact,7.50000,10.50000,3.00000,1,0,0,1,3,false
EXP-04B,exp04b_m03_ro100_lh00,exact,10.50000,12.00000,1.50000,0,1,0,1,3,false
EXP-04B,exp04b_m03_ro100_lh00,exact,12.00000,13.00000,1.00000,0,1,0,1,3,false
EXP-04B,exp04b_m03_ro100_lh00,exact,13.00000,15.25000,2.25000,1,1,0,2,2,false
EXP-04B,exp04b_m03_ro100_lh00,exact,15.25000,16.25000,1.00000,2,1,0,3,1,false
EXP-04B,exp04b_m03_ro100_lh00,exact,16.25000,17.25000,1.00000,3,1,0,4,0,false
EXP-04B,exp04b_m03_ro100_lh00,exact,17.25000,19.80000,2.55000,4,0,0,4,0,false
EXP-04B,exp04b_m03_ro100_lh00,exact,19.80000,23.05000,3.25000,3,0,0,3,1,false
EXP-04B,exp04b_m03_ro100_lh00,exact,23.05000,24.05000,1.00000,2,0,0,2,2,false
EXP-04B,exp04b_m03_ro100_lh00,exact,24.05000,26.45000,2.40000,2,0,0,2,2,false
EXP-04B,exp04b_m03_ro100_lh00,exact,26.45000,28.75000,2.30000,1,1,0,2,2,false
EXP-04B,exp04b_m03_ro100_lh00,exact,28.75000,29.45000,0.70000,0,1,1,2,2,false
EXP-04B,exp04b_m03_ro100_lh00,exact,29.45000,31.70000,2.25000,0,1,0,1,3,false
EXP-04B,exp04b_m03_ro100_lh05,baseline,0,1.50,1.50,0,1,1,2,2,false
EXP-04B,exp04b_m03_ro100_lh05,baseline,1.50,2.25,0.75,1,1,0,2,2,false
EXP-04B,exp04b_m03_ro100_lh05,baseline,2.25,6.75,4.50,2,0,0,2,2,false
EXP-04B,exp04b_m03_ro100_lh05,baseline,6.75,7.50,0.75,1,1,0,2,2,false
EXP-04B,exp04b_m03_ro100_lh05,baseline,7.50,10.50,3.00,1,0,0,1,3,false
EXP-04B,exp04b_m03_ro100_lh05,baseline,10.50,12.00,1.50,0,1,0,1,3,false
EXP-04B,exp04b_m03_ro100_lh05,baseline,12.00,14.25,2.25,0,1,3,4,0,true
EXP-04B,exp04b_m03_ro100_lh05,baseline,14.25,15.650,1.400,1,1,2,4,0,false
EXP-04B,exp04b_m03_ro100_lh05,baseline,15.650,17.050,1.400,2,1,1,4,0,false
EXP-04B,exp04b_m03_ro100_lh05,baseline,17.050,18.450,1.400,3,1,0,4,0,false
EXP-04B,exp04b_m03_ro100_lh05,baseline,18.450,22.050,3.600,4,0,0,4,0,false
EXP-04B,exp04b_m03_ro100_lh05,baseline,22.050,23.450,1.400,3,0,0,3,1,false
EXP-04B,exp04b_m03_ro100_lh05,baseline,23.450,24.850,1.400,2,0,0,2,2,false
EXP-04B,exp04b_m03_ro100_lh05,baseline,24.850,26.050,1.200,2,0,0,2,2,false
EXP-04B,exp04b_m03_ro100_lh05,baseline,26.050,27.75,1.700,1,1,0,2,2,false
EXP-04B,exp04b_m03_ro100_lh05,baseline,27.75,30.250,2.500,0,1,1,2,2,false
EXP-04B,exp04b_m03_ro100_lh05,baseline,30.250,32.500,2.250,0,1,0,1,3,false
EXP-04B,exp04b_m03_ro100_lh05,exact,0,1.50000,1.50000,0,1,0,1,3,false
EXP-04B,exp04b_m03_ro100_lh05,exact,1.50000,2.25000,0.75000,1,1,0,2,2,false
EXP-04B,exp04b_m03_ro100_lh05,exact,2.25000,6.75000,4.50000,2,0,0,2,2,false
EXP-04B,exp04b_m03_ro100_lh05,exact,6.75000,7.50000,0.75000,1,1,0,2,2,false
EXP-04B,exp04b_m03_ro100_lh05,exact,7.50000,10.50000,3.00000,1,0,0,1,3,false
EXP-04B,exp04b_m03_ro100_lh05,exact,10.50000,12.00000,1.50000,0,1,0,1,3,false
EXP-04B,exp04b_m03_ro100_lh05,exact,12.00000,13.40000,1.40000,0,1,0,1,3,false
EXP-04B,exp04b_m03_ro100_lh05,exact,13.40000,15.65000,2.25000,1,1,0,2,2,false
EXP-04B,exp04b_m03_ro100_lh05,exact,15.65000,17.05000,1.40000,2,1,0,3,1,false
EXP-04B,exp04b_m03_ro100_lh05,exact,17.05000,18.45000,1.40000,3,1,0,4,0,false
EXP-04B,exp04b_m03_ro100_lh05,exact,18.45000,19.80000,1.35000,4,0,0,4,0,false
EXP-04B,exp04b_m03_ro100_lh05,exact,19.80000,23.45000,3.65000,3,0,0,3,1,false
EXP-04B,exp04b_m03_ro100_lh05,exact,23.45000,24.85000,1.40000,2,0,0,2,2,false
EXP-04B,exp04b_m03_ro100_lh05,exact,24.85000,26.05000,1.20000,2,0,0,2,2,false
EXP-04B,exp04b_m03_ro100_lh05,exact,26.05000,29.15000,3.10000,1,1,0,2,2,false
EXP-04B,exp04b_m03_ro100_lh05,exact,29.15000,30.25000,1.10000,0,1,1,2,2,false
EXP-04B,exp04b_m03_ro100_lh05,exact,30.25000,32.50000,2.25000,0,1,0,1,3,false
EXP-04B,exp04b_m03_ro100_lh10,baseline,0,1.50,1.50,0,1,1,2,2,false
EXP-04B,exp04b_m03_ro100_lh10,baseline,1.50,2.25,0.75,1,1,0,2,2,false
EXP-04B,exp04b_m03_ro100_lh10,baseline,2.25,6.75,4.50,2,0,0,2,2,false
EXP-04B,exp04b_m03_ro100_lh10,baseline,6.75,7.50,0.75,1,1,0,2,2,false
EXP-04B,exp04b_m03_ro100_lh10,baseline,7.50,10.50,3.00,1,0,0,1,3,false
EXP-04B,exp04b_m03_ro100_lh10,baseline,10.50,12.00,1.50,0,1,0,1,3,false
EXP-04B,exp04b_m03_ro100_lh10,baseline,12.00,14.25,2.25,0,1,3,4,0,true
EXP-04B,exp04b_m03_ro100_lh10,baseline,14.25,16.05,1.80,1,1,2,4,0,false
EXP-04B,exp04b_m03_ro100_lh10,baseline,16.05,17.85,1.80,2,1,1,4,0,false
EXP-04B,exp04b_m03_ro100_lh10,baseline,17.85,19.65,1.80,3,1,0,4,0,false
EXP-04B,exp04b_m03_ro100_lh10,baseline,19.65,22.05,2.40,4,0,0,4,0,false
EXP-04B,exp04b_m03_ro100_lh10,baseline,22.05,23.85,1.80,3,0,0,3,1,false
EXP-04B,exp04b_m03_ro100_lh10,baseline,23.85,25.65,1.80,2,0,0,2,2,false
EXP-04B,exp04b_m03_ro100_lh10,baseline,25.65,27.75,2.10,1,1,0,2,2,false
EXP-04B,exp04b_m03_ro100_lh10,baseline,27.75,31.05,3.30,0,1,1,2,2,false
EXP-04B,exp04b_m03_ro100_lh10,baseline,31.05,33.30,2.25,0,1,0,1,3,false
EXP-04B,exp04b_m03_ro100_lh10,exact,0,1.50000,1.50000,0,1,0,1,3,false
EXP-04B,exp04b_m03_ro100_lh10,exact,1.50000,2.25000,0.75000,1,1,0,2,2,false
EXP-04B,exp04b_m03_ro100_lh10,exact,2.25000,6.75000,4.50000,2,0,0,2,2,false
EXP-04B,exp04b_m03_ro100_lh10,exact,6.75000,7.50000,0.75000,1,1,0,2,2,false
EXP-04B,exp04b_m03_ro100_lh10,exact,7.50000,10.50000,3.00000,1,0,0,1,3,false
EXP-04B,exp04b_m03_ro100_lh10,exact,10.50000,12.00000,1.50000,0,1,0,1,3,false
EXP-04B,exp04b_m03_ro100_lh10,exact,12.00000,14.25000,2.25000,0,1,0,1,3,false
EXP-04B,exp04b_m03_ro100_lh10,exact,14.25000,16.05000,1.80000,1,1,0,2,2,false
EXP-04B,exp04b_m03_ro100_lh10,exact,16.05000,17.85000,1.80000,2,1,0,3,1,false
EXP-04B,exp04b_m03_ro100_lh10,exact,17.85000,19.65000,1.80000,3,1,0,4,0,false
EXP-04B,exp04b_m03_ro100_lh10,exact,19.65000,22.05000,2.40000,4,0,0,4,0,false
EXP-04B,exp04b_m03_ro100_lh10,exact,22.05000,23.85000,1.80000,3,0,0,3,1,false
EXP-04B,exp04b_m03_ro100_lh10,exact,23.85000,25.65000,1.80000,2,0,0,2,2,false
EXP-04B,exp04b_m03_ro100_lh10,exact,25.65000,27.75000,2.10000,1,1,0,2,2,false
EXP-04B,exp04b_m03_ro100_lh10,exact,27.75000,31.05000,3.30000,0,1,1,2,2,false
EXP-04B,exp04b_m03_ro100_lh10,exact,31.05000,33.30000,2.25000,0,1,0,1,3,false
EXP-04B,exp04b_m03_ro200_lh00,baseline,0,1.50,1.50,0,1,1,2,2,false
EXP-04B,exp04b_m03_ro200_lh00,baseline,1.50,2.25,0.75,1,1,0,2,2,false
EXP-04B,exp04b_m03_ro200_lh00,baseline,2.25,6.75,4.50,2,0,0,2,2,false
EXP-04B,exp04b_m03_ro200_lh00,baseline,6.75,7.50,0.75,1,1,0,2,2,false
EXP-04B,exp04b_m03_ro200_lh00,baseline,7.50,10.50,3.00,1,0,0,1,3,false
EXP-04B,exp04b_m03_ro200_lh00,baseline,10.50,12.00,1.50,0,1,0,1,3,false
EXP-04B,exp04b_m03_ro200_lh00,baseline,12.00,14.25,2.25,0,1,3,4,0,true
EXP-04B,exp04b_m03_ro200_lh00,baseline,14.25,15.25,1.00,1,1,2,4,0,false
EXP-04B,exp04b_m03_ro200_lh00,baseline,15.25,16.25,1.00,2,1,1,4,0,false
EXP-04B,exp04b_m03_ro200_lh00,baseline,16.25,17.25,1.00,3,1,0,4,0,false
EXP-04B,exp04b_m03_ro200_lh00,baseline,17.25,22.85,5.60,4,0,0,4,0,false
EXP-04B,exp04b_m03_ro200_lh00,baseline,22.85,23.85,1.00,3,0,0,3,1,false
EXP-04B,exp04b_m03_ro200_lh00,baseline,23.85,24.85,1.00,2,0,0,2,2,false
EXP-04B,exp04b_m03_ro200_lh00,baseline,24.85,27.75,2.90,2,0,0,2,2,false
EXP-04B,exp04b_m03_ro200_lh00,baseline,27.75,29.65,1.90,1,1,0,2,2,false
EXP-04B,exp04b_m03_ro200_lh00,baseline,29.65,30.00,0.35,0,1,1,2,2,false
EXP-04B,exp04b_m03_ro200_lh00,baseline,30.00,33.00,3.00,0,1,0,1,3,false
EXP-04B,exp04b_m03_ro200_lh00,exact,0,1.50000,1.50000,0,1,0,1,3,false
EXP-04B,exp04b_m03_ro200_lh00,exact,1.50000,2.25000,0.75000,1,1,0,2,2,false
EXP-04B,exp04b_m03_ro200_lh00,exact,2.25000,6.75000,4.50000,2,0,0,2,2,false
EXP-04B,exp04b_m03_ro200_lh00,exact,6.75000,7.50000,0.75000,1,1,0,2,2,false
EXP-04B,exp04b_m03_ro200_lh00,exact,7.50000,10.50000,3.00000,1,0,0,1,3,false
EXP-04B,exp04b_m03_ro200_lh00,exact,10.50000,12.00000,1.50000,0,1,0,1,3,false
EXP-04B,exp04b_m03_ro200_lh00,exact,12.00000,14.25000,2.25000,0,1,0,1,3,false
EXP-04B,exp04b_m03_ro200_lh00,exact,14.25000,15.25000,1.00000,1,1,0,2,2,false
EXP-04B,exp04b_m03_ro200_lh00,exact,15.25000,16.25000,1.00000,2,1,0,3,1,false
EXP-04B,exp04b_m03_ro200_lh00,exact,16.25000,17.25000,1.00000,3,1,0,4,0,false
EXP-04B,exp04b_m03_ro200_lh00,exact,17.25000,22.85000,5.60000,4,0,0,4,0,false
EXP-04B,exp04b_m03_ro200_lh00,exact,22.85000,23.85000,1.00000,3,0,0,3,1,false
EXP-04B,exp04b_m03_ro200_lh00,exact,23.85000,24.85000,1.00000,2,0,0,2,2,false
EXP-04B,exp04b_m03_ro200_lh00,exact,24.85000,27.75000,2.90000,2,0,0,2,2,false
EXP-04B,exp04b_m03_ro200_lh00,exact,27.75000,29.65000,1.90000,1,1,0,2,2,false
EXP-04B,exp04b_m03_ro200_lh00,exact,29.65000,30.00000,0.35000,0,1,1,2,2,false
EXP-04B,exp04b_m03_ro200_lh00,exact,30.00000,33.00000,3.00000,0,1,0,1,3,false
EXP-04B,exp04b_m03_ro200_lh05,baseline,0,1.50,1.50,0,1,1,2,2,false
EXP-04B,exp04b_m03_ro200_lh05,baseline,1.50,2.25,0.75,1,1,0,2,2,false
EXP-04B,exp04b_m03_ro200_lh05,baseline,2.25,6.75,4.50,2,0,0,2,2,false
EXP-04B,exp04b_m03_ro200_lh05,baseline,6.75,7.50,0.75,1,1,0,2,2,false
EXP-04B,exp04b_m03_ro200_lh05,baseline,7.50,10.50,3.00,1,0,0,1,3,false
EXP-04B,exp04b_m03_ro200_lh05,baseline,10.50,12.00,1.50,0,1,0,1,3,false
EXP-04B,exp04b_m03_ro200_lh05,baseline,12.00,14.25,2.25,0,1,3,4,0,true
EXP-04B,exp04b_m03_ro200_lh05,baseline,14.25,16.050,1.800,1,1,2,4,0,false
EXP-04B,exp04b_m03_ro200_lh05,baseline,16.050,17.850,1.800,2,1,1,4,0,false
EXP-04B,exp04b_m03_ro200_lh05,baseline,17.850,19.650,1.800,3,1,0,4,0,false
EXP-04B,exp04b_m03_ro200_lh05,baseline,19.650,22.850,3.200,4,0,0,4,0,false
EXP-04B,exp04b_m03_ro200_lh05,baseline,22.850,24.650,1.800,3,0,0,3,1,false
EXP-04B,exp04b_m03_ro200_lh05,baseline,24.650,26.450,1.800,2,0,0,2,2,false
EXP-04B,exp04b_m03_ro200_lh05,baseline,26.450,27.75,1.300,2,0,0,2,2,false
EXP-04B,exp04b_m03_ro200_lh05,baseline,27.75,28.850,1.100,1,1,0,2,2,false
EXP-04B,exp04b_m03_ro200_lh05,baseline,28.850,30.00,1.150,0,1,1,2,2,false
EXP-04B,exp04b_m03_ro200_lh05,baseline,30.00,35.400,5.400,0,1,0,1,3,false
EXP-04B,exp04b_m03_ro200_lh05,exact,0,1.50000,1.50000,0,1,0,1,3,false
EXP-04B,exp04b_m03_ro200_lh05,exact,1.50000,2.25000,0.75000,1,1,0,2,2,false
EXP-04B,exp04b_m03_ro200_lh05,exact,2.25000,6.75000,4.50000,2,0,0,2,2,false
EXP-04B,exp04b_m03_ro200_lh05,exact,6.75000,7.50000,0.75000,1,1,0,2,2,false
EXP-04B,exp04b_m03_ro200_lh05,exact,7.50000,10.50000,3.00000,1,0,0,1,3,false
EXP-04B,exp04b_m03_ro200_lh05,exact,10.50000,12.00000,1.50000,0,1,0,1,3,false
EXP-04B,exp04b_m03_ro200_lh05,exact,12.00000,13.80000,1.80000,0,1,0,1,3,false
EXP-04B,exp04b_m03_ro200_lh05,exact,13.80000,15.60000,1.80000,1,1,0,2,2,false
EXP-04B,exp04b_m03_ro200_lh05,exact,15.60000,17.40000,1.80000,2,1,0,3,1,false
EXP-04B,exp04b_m03_ro200_lh05,exact,17.40000,19.65000,2.25000,3,1,0,4,0,false
EXP-04B,exp04b_m03_ro200_lh05,exact,19.65000,20.60000,0.95000,4,0,0,4,0,false
EXP-04B,exp04b_m03_ro200_lh05,exact,20.60000,22.40000,1.80000,3,0,0,3,1,false
EXP-04B,exp04b_m03_ro200_lh05,exact,22.40000,24.20000,1.80000,2,0,0,2,2,false
EXP-04B,exp04b_m03_ro200_lh05,exact,24.20000,26.60000,2.40000,2,0,0,2,2,false
EXP-04B,exp04b_m03_ro200_lh05,exact,26.60000,32.00000,5.40000,1,1,0,2,2,false
EXP-04B,exp04b_m03_ro200_lh05,exact,32.00000,33.15000,1.15000,1,0,0,1,3,false
EXP-04B,exp04b_m03_ro200_lh05,exact,33.15000,35.40000,2.25000,0,1,0,1,3,false
EXP-04B,exp04b_m03_ro200_lh10,baseline,0,1.50,1.50,0,1,1,2,2,false
EXP-04B,exp04b_m03_ro200_lh10,baseline,1.50,2.25,0.75,1,1,0,2,2,false
EXP-04B,exp04b_m03_ro200_lh10,baseline,2.25,6.75,4.50,2,0,0,2,2,false
EXP-04B,exp04b_m03_ro200_lh10,baseline,6.75,7.50,0.75,1,1,0,2,2,false
EXP-04B,exp04b_m03_ro200_lh10,baseline,7.50,10.50,3.00,1,0,0,1,3,false
EXP-04B,exp04b_m03_ro200_lh10,baseline,10.50,12.00,1.50,0,1,0,1,3,false
EXP-04B,exp04b_m03_ro200_lh10,baseline,12.00,14.25,2.25,0,1,3,4,0,true
EXP-04B,exp04b_m03_ro200_lh10,baseline,14.25,16.85,2.60,1,1,2,4,0,false
EXP-04B,exp04b_m03_ro200_lh10,baseline,16.85,19.45,2.60,2,1,1,4,0,false
EXP-04B,exp04b_m03_ro200_lh10,baseline,19.45,22.05,2.60,3,1,0,4,0,false
EXP-04B,exp04b_m03_ro200_lh10,baseline,22.05,22.85,0.80,4,0,0,4,0,false
EXP-04B,exp04b_m03_ro200_lh10,baseline,22.85,25.45,2.60,3,0,0,3,1,false
EXP-04B,exp04b_m03_ro200_lh10,baseline,25.45,27.75,2.30,2,0,0,2,2,false
EXP-04B,exp04b_m03_ro200_lh10,baseline,27.75,28.05,0.30,1,1,0,2,2,false
EXP-04B,exp04b_m03_ro200_lh10,baseline,28.05,30.00,1.95,0,1,1,2,2,false
EXP-04B,exp04b_m03_ro200_lh10,baseline,30.00,37.80,7.80,0,1,0,1,3,false
EXP-04B,exp04b_m03_ro200_lh10,exact,0,1.50000,1.50000,0,1,0,1,3,false
EXP-04B,exp04b_m03_ro200_lh10,exact,1.50000,2.25000,0.75000,1,1,0,2,2,false
EXP-04B,exp04b_m03_ro200_lh10,exact,2.25000,6.75000,4.50000,2,0,0,2,2,false
EXP-04B,exp04b_m03_ro200_lh10,exact,6.75000,7.50000,0.75000,1,1,0,2,2,false
EXP-04B,exp04b_m03_ro200_lh10,exact,7.50000,10.50000,3.00000,1,0,0,1,3,false
EXP-04B,exp04b_m03_ro200_lh10,exact,10.50000,12.00000,1.50000,0,1,0,1,3,false
EXP-04B,exp04b_m03_ro200_lh10,exact,12.00000,14.60000,2.60000,0,1,0,1,3,false
EXP-04B,exp04b_m03_ro200_lh10,exact,14.60000,17.20000,2.60000,1,1,0,2,2,false
EXP-04B,exp04b_m03_ro200_lh10,exact,17.20000,19.80000,2.60000,2,1,0,3,1,false
EXP-04B,exp04b_m03_ro200_lh10,exact,19.80000,20.60000,0.80000,3,1,0,4,0,false
EXP-04B,exp04b_m03_ro200_lh10,exact,20.60000,22.05000,1.45000,2,1,0,3,1,false
EXP-04B,exp04b_m03_ro200_lh10,exact,22.05000,23.20000,1.15000,3,0,0,3,1,false
EXP-04B,exp04b_m03_ro200_lh10,exact,23.20000,25.80000,2.60000,2,0,0,2,2,false
EXP-04B,exp04b_m03_ro200_lh10,exact,25.80000,33.60000,7.80000,1,1,0,2,2,false
EXP-04B,exp04b_m03_ro200_lh10,exact,33.60000,35.55000,1.95000,1,0,0,1,3,false
EXP-04B,exp04b_m03_ro200_lh10,exact,35.55000,37.80000,2.25000,0,1,0,1,3,false
EXP-04B,exp04b_m04_ro000_lh00,baseline,0,1.50,1.50,0,1,1,2,2,false
EXP-04B,exp04b_m04_ro000_lh00,baseline,1.50,2.25,0.75,1,1,0,2,2,false
EXP-04B,exp04b_m04_ro000_lh00,baseline,2.25,6.75,4.50,2,0,0,2,2,false
EXP-04B,exp04b_m04_ro000_lh00,baseline,6.75,7.50,0.75,1,1,0,2,2,false
EXP-04B,exp04b_m04_ro000_lh00,baseline,7.50,10.50,3.00,1,0,0,1,3,false
EXP-04B,exp04b_m04_ro000_lh00,baseline,10.50,12.00,1.50,0,1,0,1,3,false
EXP-04B,exp04b_m04_ro000_lh00,baseline,12.00,14.25,2.25,0,1,3,4,0,true
EXP-04B,exp04b_m04_ro000_lh00,baseline,14.25,15.00,0.75,1,1,2,4,0,false
EXP-04B,exp04b_m04_ro000_lh00,baseline,15.00,15.75,0.75,2,1,1,4,0,false
EXP-04B,exp04b_m04_ro000_lh00,baseline,15.75,16.50,0.75,3,1,0,4,0,false
EXP-04B,exp04b_m04_ro000_lh00,baseline,16.50,19.50,3.00,4,0,0,4,0,false
EXP-04B,exp04b_m04_ro000_lh00,baseline,19.50,20.25,0.75,3,1,0,4,0,false
EXP-04B,exp04b_m04_ro000_lh00,baseline,20.25,21.00,0.75,3,0,0,3,1,false
EXP-04B,exp04b_m04_ro000_lh00,baseline,21.00,24.75,3.75,2,0,0,2,2,false
EXP-04B,exp04b_m04_ro000_lh00,baseline,24.75,27.75,3.00,1,1,0,2,2,false
EXP-04B,exp04b_m04_ro000_lh00,baseline,27.75,30.00,2.25,0,1,0,1,3,false
EXP-04B,exp04b_m04_ro000_lh00,exact,0,1.50000,1.50000,0,1,0,1,3,false
EXP-04B,exp04b_m04_ro000_lh00,exact,1.50000,2.25000,0.75000,1,1,0,2,2,false
EXP-04B,exp04b_m04_ro000_lh00,exact,2.25000,6.75000,4.50000,2,0,0,2,2,false
EXP-04B,exp04b_m04_ro000_lh00,exact,6.75000,7.50000,0.75000,1,1,0,2,2,false
EXP-04B,exp04b_m04_ro000_lh00,exact,7.50000,10.50000,3.00000,1,0,0,1,3,false
EXP-04B,exp04b_m04_ro000_lh00,exact,10.50000,12.00000,1.50000,0,1,0,1,3,false
EXP-04B,exp04b_m04_ro000_lh00,exact,12.00000,14.25000,2.25000,0,1,0,1,3,false
EXP-04B,exp04b_m04_ro000_lh00,exact,14.25000,15.00000,0.75000,1,1,0,2,2,false
EXP-04B,exp04b_m04_ro000_lh00,exact,15.00000,15.75000,0.75000,2,1,0,3,1,false
EXP-04B,exp04b_m04_ro000_lh00,exact,15.75000,16.50000,0.75000,3,1,0,4,0,false
EXP-04B,exp04b_m04_ro000_lh00,exact,16.50000,19.50000,3.00000,4,0,0,4,0,false
EXP-04B,exp04b_m04_ro000_lh00,exact,19.50000,20.25000,0.75000,3,1,0,4,0,false
EXP-04B,exp04b_m04_ro000_lh00,exact,20.25000,21.00000,0.75000,3,0,0,3,1,false
EXP-04B,exp04b_m04_ro000_lh00,exact,21.00000,24.75000,3.75000,2,0,0,2,2,false
EXP-04B,exp04b_m04_ro000_lh00,exact,24.75000,27.75000,3.00000,1,1,0,2,2,false
EXP-04B,exp04b_m04_ro000_lh00,exact,27.75000,30.00000,2.25000,0,1,0,1,3,false
EXP-04B,exp04b_m04_ro025_lh00,baseline,0,1.50,1.50,0,1,1,2,2,false
EXP-04B,exp04b_m04_ro025_lh00,baseline,1.50,2.25,0.75,1,1,0,2,2,false
EXP-04B,exp04b_m04_ro025_lh00,baseline,2.25,6.75,4.50,2,0,0,2,2,false
EXP-04B,exp04b_m04_ro025_lh00,baseline,6.75,7.50,0.75,1,1,0,2,2,false
EXP-04B,exp04b_m04_ro025_lh00,baseline,7.50,10.50,3.00,1,0,0,1,3,false
EXP-04B,exp04b_m04_ro025_lh00,baseline,10.50,12.00,1.50,0,1,0,1,3,false
EXP-04B,exp04b_m04_ro025_lh00,baseline,12.00,14.25,2.25,0,1,3,4,0,true
EXP-04B,exp04b_m04_ro025_lh00,baseline,14.25,15.000,0.750,1,1,2,4,0,false
EXP-04B,exp04b_m04_ro025_lh00,baseline,15.000,15.750,0.750,2,1,1,4,0,false
EXP-04B,exp04b_m04_ro025_lh00,baseline,15.750,16.500,0.750,3,1,0,4,0,false
EXP-04B,exp04b_m04_ro025_lh00,baseline,16.500,19.725,3.225,4,0,0,4,0,false
EXP-04B,exp04b_m04_ro025_lh00,baseline,19.725,20.475,0.750,3,1,0,4,0,false
EXP-04B,exp04b_m04_ro025_lh00,baseline,20.475,21.225,0.750,3,0,0,3,1,false
EXP-04B,exp04b_m04_ro025_lh00,baseline,21.225,25.200,3.975,2,0,0,2,2,false
EXP-04B,exp04b_m04_ro025_lh00,baseline,25.200,26.100,0.900,2,0,0,2,2,false
EXP-04B,exp04b_m04_ro025_lh00,baseline,26.100,27.75,1.650,1,1,0,2,2,false
EXP-04B,exp04b_m04_ro025_lh00,baseline,27.75,29.100,1.350,0,1,1,2,2,false
EXP-04B,exp04b_m04_ro025_lh00,baseline,29.100,31.350,2.250,0,1,0,1,3,false
EXP-04B,exp04b_m04_ro025_lh00,exact,0,1.50000,1.50000,0,1,0,1,3,false
EXP-04B,exp04b_m04_ro025_lh00,exact,1.50000,2.25000,0.75000,1,1,0,2,2,false
EXP-04B,exp04b_m04_ro025_lh00,exact,2.25000,6.75000,4.50000,2,0,0,2,2,false
EXP-04B,exp04b_m04_ro025_lh00,exact,6.75000,7.50000,0.75000,1,1,0,2,2,false
EXP-04B,exp04b_m04_ro025_lh00,exact,7.50000,10.50000,3.00000,1,0,0,1,3,false
EXP-04B,exp04b_m04_ro025_lh00,exact,10.50000,12.00000,1.50000,0,1,0,1,3,false
EXP-04B,exp04b_m04_ro025_lh00,exact,12.00000,12.75000,0.75000,0,1,0,1,3,false
EXP-04B,exp04b_m04_ro025_lh00,exact,12.75000,15.00000,2.25000,1,1,0,2,2,false
EXP-04B,exp04b_m04_ro025_lh00,exact,15.00000,15.75000,0.75000,2,1,0,3,1,false
EXP-04B,exp04b_m04_ro025_lh00,exact,15.75000,16.50000,0.75000,3,1,0,4,0,false
EXP-04B,exp04b_m04_ro025_lh00,exact,16.50000,17.47500,0.97500,4,0,0,4,0,false
EXP-04B,exp04b_m04_ro025_lh00,exact,17.47500,18.22500,0.75000,3,1,0,4,0,false
EXP-04B,exp04b_m04_ro025_lh00,exact,18.22500,20.47500,2.25000,4,0,0,4,0,false
EXP-04B,exp04b_m04_ro025_lh00,exact,20.47500,21.22500,0.75000,3,0,0,3,1,false
EXP-04B,exp04b_m04_ro025_lh00,exact,21.22500,22.95000,1.72500,2,0,0,2,2,false
EXP-04B,exp04b_m04_ro025_lh00,exact,22.95000,23.85000,0.90000,2,0,0,2,2,false
EXP-04B,exp04b_m04_ro025_lh00,exact,23.85000,26.85000,3.00000,1,1,0,2,2,false
EXP-04B,exp04b_m04_ro025_lh00,exact,26.85000,28.50000,1.65000,1,0,0,1,3,false
EXP-04B,exp04b_m04_ro025_lh00,exact,28.50000,30.75000,2.25000,0,1,0,1,3,false
EXP-04B,exp04b_m04_ro025_lh05,baseline,0,1.50,1.50,0,1,1,2,2,false
EXP-04B,exp04b_m04_ro025_lh05,baseline,1.50,2.25,0.75,1,1,0,2,2,false
EXP-04B,exp04b_m04_ro025_lh05,baseline,2.25,6.75,4.50,2,0,0,2,2,false
EXP-04B,exp04b_m04_ro025_lh05,baseline,6.75,7.50,0.75,1,1,0,2,2,false
EXP-04B,exp04b_m04_ro025_lh05,baseline,7.50,10.50,3.00,1,0,0,1,3,false
EXP-04B,exp04b_m04_ro025_lh05,baseline,10.50,12.00,1.50,0,1,0,1,3,false
EXP-04B,exp04b_m04_ro025_lh05,baseline,12.00,14.25,2.25,0,1,3,4,0,true
EXP-04B,exp04b_m04_ro025_lh05,baseline,14.25,15.1125,0.8625,1,1,2,4,0,false
EXP-04B,exp04b_m04_ro025_lh05,baseline,15.1125,15.9750,0.8625,2,1,1,4,0,false
EXP-04B,exp04b_m04_ro025_lh05,baseline,15.9750,16.8375,0.8625,3,1,0,4,0,false
EXP-04B,exp04b_m04_ro025_lh05,baseline,16.8375,19.7250,2.8875,4,0,0,4,0,false
EXP-04B,exp04b_m04_ro025_lh05,baseline,19.7250,20.5875,0.8625,3,1,0,4,0,false
EXP-04B,exp04b_m04_ro025_lh05,baseline,20.5875,21.4500,0.8625,3,0,0,3,1,false
EXP-04B,exp04b_m04_ro025_lh05,baseline,21.4500,25.2000,3.7500,2,0,0,2,2,false
EXP-04B,exp04b_m04_ro025_lh05,baseline,25.2000,25.6500,0.4500,2,0,0,2,2,false
EXP-04B,exp04b_m04_ro025_lh05,baseline,25.6500,27.75,2.1000,1,1,0,2,2,false
EXP-04B,exp04b_m04_ro025_lh05,baseline,27.75,29.1000,1.3500,0,1,1,2,2,false
EXP-04B,exp04b_m04_ro025_lh05,baseline,29.1000,31.3500,2.2500,0,1,0,1,3,false
EXP-04B,exp04b_m04_ro025_lh05,exact,0,1.50000,1.50000,0,1,0,1,3,false
EXP-04B,exp04b_m04_ro025_lh05,exact,1.50000,2.25000,0.75000,1,1,0,2,2,false
EXP-04B,exp04b_m04_ro025_lh05,exact,2.25000,6.75000,4.50000,2,0,0,2,2,false
EXP-04B,exp04b_m04_ro025_lh05,exact,6.75000,7.50000,0.75000,1,1,0,2,2,false
EXP-04B,exp04b_m04_ro025_lh05,exact,7.50000,10.50000,3.00000,1,0,0,1,3,false
EXP-04B,exp04b_m04_ro025_lh05,exact,10.50000,12.00000,1.50000,0,1,0,1,3,false
EXP-04B,exp04b_m04_ro025_lh05,exact,12.00000,12.86250,0.86250,0,1,0,1,3,false
EXP-04B,exp04b_m04_ro025_lh05,exact,12.86250,15.11250,2.25000,1,1,0,2,2,false
EXP-04B,exp04b_m04_ro025_lh05,exact,15.11250,15.97500,0.86250,2,1,0,3,1,false
EXP-04B,exp04b_m04_ro025_lh05,exact,15.97500,16.83750,0.86250,3,1,0,4,0,false
EXP-04B,exp04b_m04_ro025_lh05,exact,16.83750,17.47500,0.63750,4,0,0,4,0,false
EXP-04B,exp04b_m04_ro025_lh05,exact,17.47500,18.33750,0.86250,3,1,0,4,0,false
EXP-04B,exp04b_m04_ro025_lh05,exact,18.33750,20.58750,2.25000,4,0,0,4,0,false
EXP-04B,exp04b_m04_ro025_lh05,exact,20.58750,21.45000,0.86250,3,0,0,3,1,false
EXP-04B,exp04b_m04_ro025_lh05,exact,21.45000,22.95000,1.50000,2,0,0,2,2,false
EXP-04B,exp04b_m04_ro025_lh05,exact,22.95000,23.40000,0.45000,2,0,0,2,2,false
EXP-04B,exp04b_m04_ro025_lh05,exact,23.40000,26.85000,3.45000,1,1,0,2,2,false
EXP-04B,exp04b_m04_ro025_lh05,exact,26.85000,28.61250,1.76250,1,0,0,1,3,false
EXP-04B,exp04b_m04_ro025_lh05,exact,28.61250,30.86250,2.25000,0,1,0,1,3,false
EXP-04B,exp04b_m04_ro025_lh10,baseline,0,1.50,1.50,0,1,1,2,2,false
EXP-04B,exp04b_m04_ro025_lh10,baseline,1.50,2.25,0.75,1,1,0,2,2,false
EXP-04B,exp04b_m04_ro025_lh10,baseline,2.25,6.75,4.50,2,0,0,2,2,false
EXP-04B,exp04b_m04_ro025_lh10,baseline,6.75,7.50,0.75,1,1,0,2,2,false
EXP-04B,exp04b_m04_ro025_lh10,baseline,7.50,10.50,3.00,1,0,0,1,3,false
EXP-04B,exp04b_m04_ro025_lh10,baseline,10.50,12.00,1.50,0,1,0,1,3,false
EXP-04B,exp04b_m04_ro025_lh10,baseline,12.00,14.25,2.25,0,1,3,4,0,true
EXP-04B,exp04b_m04_ro025_lh10,baseline,14.25,15.225,0.975,1,1,2,4,0,false
EXP-04B,exp04b_m04_ro025_lh10,baseline,15.225,16.200,0.975,2,1,1,4,0,false
EXP-04B,exp04b_m04_ro025_lh10,baseline,16.200,17.175,0.975,3,1,0,4,0,false
EXP-04B,exp04b_m04_ro025_lh10,baseline,17.175,19.725,2.550,4,0,0,4,0,false
EXP-04B,exp04b_m04_ro025_lh10,baseline,19.725,20.700,0.975,3,1,0,4,0,false
EXP-04B,exp04b_m04_ro025_lh10,baseline,20.700,21.675,0.975,3,0,0,3,1,false
EXP-04B,exp04b_m04_ro025_lh10,baseline,21.675,25.200,3.525,2,0,0,2,2,false
EXP-04B,exp04b_m04_ro025_lh10,baseline,25.200,27.75,2.550,1,1,0,2,2,false
EXP-04B,exp04b_m04_ro025_lh10,baseline,27.75,29.100,1.350,0,1,1,2,2,false
EXP-04B,exp04b_m04_ro025_lh10,baseline,29.100,31.350,2.250,0,1,0,1,3,false
EXP-04B,exp04b_m04_ro025_lh10,exact,0,1.50000,1.50000,0,1,0,1,3,false
EXP-04B,exp04b_m04_ro025_lh10,exact,1.50000,2.25000,0.75000,1,1,0,2,2,false
EXP-04B,exp04b_m04_ro025_lh10,exact,2.25000,6.75000,4.50000,2,0,0,2,2,false
EXP-04B,exp04b_m04_ro025_lh10,exact,6.75000,7.50000,0.75000,1,1,0,2,2,false
EXP-04B,exp04b_m04_ro025_lh10,exact,7.50000,10.50000,3.00000,1,0,0,1,3,false
EXP-04B,exp04b_m04_ro025_lh10,exact,10.50000,12.00000,1.50000,0,1,0,1,3,false
EXP-04B,exp04b_m04_ro025_lh10,exact,12.00000,12.97500,0.97500,0,1,0,1,3,false
EXP-04B,exp04b_m04_ro025_lh10,exact,12.97500,15.22500,2.25000,1,1,0,2,2,false
EXP-04B,exp04b_m04_ro025_lh10,exact,15.22500,16.20000,0.97500,2,1,0,3,1,false
EXP-04B,exp04b_m04_ro025_lh10,exact,16.20000,17.17500,0.97500,3,1,0,4,0,false
EXP-04B,exp04b_m04_ro025_lh10,exact,17.17500,17.47500,0.30000,4,0,0,4,0,false
EXP-04B,exp04b_m04_ro025_lh10,exact,17.47500,18.45000,0.97500,3,1,0,4,0,false
EXP-04B,exp04b_m04_ro025_lh10,exact,18.45000,20.70000,2.25000,4,0,0,4,0,false
EXP-04B,exp04b_m04_ro025_lh10,exact,20.70000,21.67500,0.97500,3,0,0,3,1,false
EXP-04B,exp04b_m04_ro025_lh10,exact,21.67500,22.95000,1.27500,2,0,0,2,2,false
EXP-04B,exp04b_m04_ro025_lh10,exact,22.95000,26.85000,3.90000,1,1,0,2,2,false
EXP-04B,exp04b_m04_ro025_lh10,exact,26.85000,28.72500,1.87500,1,0,0,1,3,false
EXP-04B,exp04b_m04_ro025_lh10,exact,28.72500,30.97500,2.25000,0,1,0,1,3,false
EXP-04B,exp04b_m04_ro050_lh00,baseline,0,1.50,1.50,0,1,1,2,2,false
EXP-04B,exp04b_m04_ro050_lh00,baseline,1.50,2.25,0.75,1,1,0,2,2,false
EXP-04B,exp04b_m04_ro050_lh00,baseline,2.25,6.75,4.50,2,0,0,2,2,false
EXP-04B,exp04b_m04_ro050_lh00,baseline,6.75,7.50,0.75,1,1,0,2,2,false
EXP-04B,exp04b_m04_ro050_lh00,baseline,7.50,10.50,3.00,1,0,0,1,3,false
EXP-04B,exp04b_m04_ro050_lh00,baseline,10.50,12.00,1.50,0,1,0,1,3,false
EXP-04B,exp04b_m04_ro050_lh00,baseline,12.00,14.25,2.25,0,1,3,4,0,true
EXP-04B,exp04b_m04_ro050_lh00,baseline,14.25,15.00,0.75,1,1,2,4,0,false
EXP-04B,exp04b_m04_ro050_lh00,baseline,15.00,15.75,0.75,2,1,1,4,0,false
EXP-04B,exp04b_m04_ro050_lh00,baseline,15.75,16.50,0.75,3,1,0,4,0,false
EXP-04B,exp04b_m04_ro050_lh00,baseline,16.50,19.95,3.45,4,0,0,4,0,false
EXP-04B,exp04b_m04_ro050_lh00,baseline,19.95,20.70,0.75,3,1,0,4,0,false
EXP-04B,exp04b_m04_ro050_lh00,baseline,20.70,21.45,0.75,3,0,0,3,1,false
EXP-04B,exp04b_m04_ro050_lh00,baseline,21.45,25.65,4.20,2,0,0,2,2,false
EXP-04B,exp04b_m04_ro050_lh00,baseline,25.65,27.45,1.80,2,0,0,2,2,false
EXP-04B,exp04b_m04_ro050_lh00,baseline,27.45,27.75,0.30,1,1,0,2,2,false
EXP-04B,exp04b_m04_ro050_lh00,baseline,27.75,30.45,2.70,0,1,1,2,2,false
EXP-04B,exp04b_m04_ro050_lh00,baseline,30.45,32.70,2.25,0,1,0,1,3,false
EXP-04B,exp04b_m04_ro050_lh00,exact,0,1.50000,1.50000,0,1,0,1,3,false
EXP-04B,exp04b_m04_ro050_lh00,exact,1.50000,2.25000,0.75000,1,1,0,2,2,false
EXP-04B,exp04b_m04_ro050_lh00,exact,2.25000,6.75000,4.50000,2,0,0,2,2,false
EXP-04B,exp04b_m04_ro050_lh00,exact,6.75000,7.50000,0.75000,1,1,0,2,2,false
EXP-04B,exp04b_m04_ro050_lh00,exact,7.50000,10.50000,3.00000,1,0,0,1,3,false
EXP-04B,exp04b_m04_ro050_lh00,exact,10.50000,12.00000,1.50000,0,1,0,1,3,false
EXP-04B,exp04b_m04_ro050_lh00,exact,12.00000,12.75000,0.75000,0,1,0,1,3,false
EXP-04B,exp04b_m04_ro050_lh00,exact,12.75000,15.00000,2.25000,1,1,0,2,2,false
EXP-04B,exp04b_m04_ro050_lh00,exact,15.00000,15.75000,0.75000,2,1,0,3,1,false
EXP-04B,exp04b_m04_ro050_lh00,exact,15.75000,16.50000,0.75000,3,1,0,4,0,false
EXP-04B,exp04b_m04_ro050_lh00,exact,16.50000,17.70000,1.20000,4,0,0,4,0,false
EXP-04B,exp04b_m04_ro050_lh00,exact,17.70000,18.45000,0.75000,3,1,0,4,0,false
EXP-04B,exp04b_m04_ro050_lh00,exact,18.45000,20.70000,2.25000,4,0,0,4,0,false
EXP-04B,exp04b_m04_ro050_lh00,exact,20.70000,21.45000,0.75000,3,0,0,3,1,false
EXP-04B,exp04b_m04_ro050_lh00,exact,21.45000,23.40000,1.95000,2,0,0,2,2,false
EXP-04B,exp04b_m04_ro050_lh00,exact,23.40000,25.20000,1.80000,2,0,0,2,2,false
EXP-04B,exp04b_m04_ro050_lh00,exact,25.20000,28.20000,3.00000,1,1,0,2,2,false
EXP-04B,exp04b_m04_ro050_lh00,exact,28.20000,28.50000,0.30000,1,0,0,1,3,false
EXP-04B,exp04b_m04_ro050_lh00,exact,28.50000,30.75000,2.25000,0,1,0,1,3,false
EXP-04B,exp04b_m04_ro050_lh05,baseline,0,1.50,1.50,0,1,1,2,2,false
EXP-04B,exp04b_m04_ro050_lh05,baseline,1.50,2.25,0.75,1,1,0,2,2,false
EXP-04B,exp04b_m04_ro050_lh05,baseline,2.25,6.75,4.50,2,0,0,2,2,false
EXP-04B,exp04b_m04_ro050_lh05,baseline,6.75,7.50,0.75,1,1,0,2,2,false
EXP-04B,exp04b_m04_ro050_lh05,baseline,7.50,10.50,3.00,1,0,0,1,3,false
EXP-04B,exp04b_m04_ro050_lh05,baseline,10.50,12.00,1.50,0,1,0,1,3,false
EXP-04B,exp04b_m04_ro050_lh05,baseline,12.00,14.25,2.25,0,1,3,4,0,true
EXP-04B,exp04b_m04_ro050_lh05,baseline,14.25,15.225,0.975,1,1,2,4,0,false
EXP-04B,exp04b_m04_ro050_lh05,baseline,15.225,16.200,0.975,2,1,1,4,0,false
EXP-04B,exp04b_m04_ro050_lh05,baseline,16.200,17.175,0.975,3,1,0,4,0,false
EXP-04B,exp04b_m04_ro050_lh05,baseline,17.175,19.950,2.775,4,0,0,4,0,false
EXP-04B,exp04b_m04_ro050_lh05,baseline,19.950,20.925,0.975,3,1,0,4,0,false
EXP-04B,exp04b_m04_ro050_lh05,baseline,20.925,21.900,0.975,3,0,0,3,1,false
EXP-04B,exp04b_m04_ro050_lh05,baseline,21.900,25.650,3.750,2,0,0,2,2,false
EXP-04B,exp04b_m04_ro050_lh05,baseline,25.650,26.550,0.900,2,0,0,2,2,false
EXP-04B,exp04b_m04_ro050_lh05,baseline,26.550,27.75,1.200,1,1,0,2,2,false
EXP-04B,exp04b_m04_ro050_lh05,baseline,27.75,30.450,2.700,0,1,1,2,2,false
EXP-04B,exp04b_m04_ro050_lh05,baseline,30.450,32.700,2.250,0,1,0,1,3,false
EXP-04B,exp04b_m04_ro050_lh05,exact,0,1.50000,1.50000,0,1,0,1,3,false
EXP-04B,exp04b_m04_ro050_lh05,exact,1.50000,2.25000,0.75000,1,1,0,2,2,false
EXP-04B,exp04b_m04_ro050_lh05,exact,2.25000,6.75000,4.50000,2,0,0,2,2,false
EXP-04B,exp04b_m04_ro050_lh05,exact,6.75000,7.50000,0.75000,1,1,0,2,2,false
EXP-04B,exp04b_m04_ro050_lh05,exact,7.50000,10.50000,3.00000,1,0,0,1,3,false
EXP-04B,exp04b_m04_ro050_lh05,exact,10.50000,12.00000,1.50000,0,1,0,1,3,false
EXP-04B,exp04b_m04_ro050_lh05,exact,12.00000,12.97500,0.97500,0,1,0,1,3,false
EXP-04B,exp04b_m04_ro050_lh05,exact,12.97500,15.22500,2.25000,1,1,0,2,2,false
EXP-04B,exp04b_m04_ro050_lh05,exact,15.22500,16.20000,0.97500,2,1,0,3,1,false
EXP-04B,exp04b_m04_ro050_lh05,exact,16.20000,17.17500,0.97500,3,1,0,4,0,false
EXP-04B,exp04b_m04_ro050_lh05,exact,17.17500,17.70000,0.52500,4,0,0,4,0,false
EXP-04B,exp04b_m04_ro050_lh05,exact,17.70000,18.67500,0.97500,3,1,0,4,0,false
EXP-04B,exp04b_m04_ro050_lh05,exact,18.67500,20.92500,2.25000,4,0,0,4,0,false
EXP-04B,exp04b_m04_ro050_lh05,exact,20.92500,21.90000,0.97500,3,0,0,3,1,false
EXP-04B,exp04b_m04_ro050_lh05,exact,21.90000,23.40000,1.50000,2,0,0,2,2,false
EXP-04B,exp04b_m04_ro050_lh05,exact,23.40000,24.30000,0.90000,2,0,0,2,2,false
EXP-04B,exp04b_m04_ro050_lh05,exact,24.30000,28.20000,3.90000,1,1,0,2,2,false
EXP-04B,exp04b_m04_ro050_lh05,exact,28.20000,28.72500,0.52500,1,0,0,1,3,false
EXP-04B,exp04b_m04_ro050_lh05,exact,28.72500,30.97500,2.25000,0,1,0,1,3,false
EXP-04B,exp04b_m04_ro050_lh10,baseline,0,1.50,1.50,0,1,1,2,2,false
EXP-04B,exp04b_m04_ro050_lh10,baseline,1.50,2.25,0.75,1,1,0,2,2,false
EXP-04B,exp04b_m04_ro050_lh10,baseline,2.25,6.75,4.50,2,0,0,2,2,false
EXP-04B,exp04b_m04_ro050_lh10,baseline,6.75,7.50,0.75,1,1,0,2,2,false
EXP-04B,exp04b_m04_ro050_lh10,baseline,7.50,10.50,3.00,1,0,0,1,3,false
EXP-04B,exp04b_m04_ro050_lh10,baseline,10.50,12.00,1.50,0,1,0,1,3,false
EXP-04B,exp04b_m04_ro050_lh10,baseline,12.00,14.25,2.25,0,1,3,4,0,true
EXP-04B,exp04b_m04_ro050_lh10,baseline,14.25,15.45,1.20,1,1,2,4,0,false
EXP-04B,exp04b_m04_ro050_lh10,baseline,15.45,16.65,1.20,2,1,1,4,0,false
EXP-04B,exp04b_m04_ro050_lh10,baseline,16.65,17.85,1.20,3,1,0,4,0,false
EXP-04B,exp04b_m04_ro050_lh10,baseline,17.85,19.95,2.10,4,0,0,4,0,false
EXP-04B,exp04b_m04_ro050_lh10,baseline,19.95,21.15,1.20,3,1,0,4,0,false
EXP-04B,exp04b_m04_ro050_lh10,baseline,21.15,22.35,1.20,3,0,0,3,1,false
EXP-04B,exp04b_m04_ro050_lh10,baseline,22.35,25.65,3.30,2,0,0,2,2,false
EXP-04B,exp04b_m04_ro050_lh10,baseline,25.65,27.75,2.10,1,1,0,2,2,false
EXP-04B,exp04b_m04_ro050_lh10,baseline,27.75,30.45,2.70,0,1,1,2,2,false
EXP-04B,exp04b_m04_ro050_lh10,baseline,30.45,32.70,2.25,0,1,0,1,3,false
EXP-04B,exp04b_m04_ro050_lh10,exact,0,1.50000,1.50000,0,1,0,1,3,false
EXP-04B,exp04b_m04_ro050_lh10,exact,1.50000,2.25000,0.75000,1,1,0,2,2,false
EXP-04B,exp04b_m04_ro050_lh10,exact,2.25000,6.75000,4.50000,2,0,0,2,2,false
EXP-04B,exp04b_m04_ro050_lh10,exact,6.75000,7.50000,0.75000,1,1,0,2,2,false
EXP-04B,exp04b_m04_ro050_lh10,exact,7.50000,10.50000,3.00000,1,0,0,1,3,false
EXP-04B,exp04b_m04_ro050_lh10,exact,10.50000,12.00000,1.50000,0,1,0,1,3,false
EXP-04B,exp04b_m04_ro050_lh10,exact,12.00000,13.20000,1.20000,0,1,0,1,3,false
EXP-04B,exp04b_m04_ro050_lh10,exact,13.20000,15.45000,2.25000,1,1,0,2,2,false
EXP-04B,exp04b_m04_ro050_lh10,exact,15.45000,16.65000,1.20000,2,1,0,3,1,false
EXP-04B,exp04b_m04_ro050_lh10,exact,16.65000,17.70000,1.05000,3,1,0,4,0,false
EXP-04B,exp04b_m04_ro050_lh10,exact,17.70000,17.85000,0.15000,2,1,0,3,1,false
EXP-04B,exp04b_m04_ro050_lh10,exact,17.85000,19.05000,1.20000,3,1,0,4,0,false
EXP-04B,exp04b_m04_ro050_lh10,exact,19.05000,21.15000,2.10000,4,0,0,4,0,false
EXP-04B,exp04b_m04_ro050_lh10,exact,21.15000,22.35000,1.20000,3,0,0,3,1,false
EXP-04B,exp04b_m04_ro050_lh10,exact,22.35000,23.55000,1.20000,2,0,0,2,2,false
EXP-04B,exp04b_m04_ro050_lh10,exact,23.55000,28.35000,4.80000,1,1,0,2,2,false
EXP-04B,exp04b_m04_ro050_lh10,exact,28.35000,28.95000,0.60000,1,0,0,1,3,false
EXP-04B,exp04b_m04_ro050_lh10,exact,28.95000,31.20000,2.25000,0,1,0,1,3,false
EXP-04B,exp04b_m04_ro100_lh00,baseline,0,1.50,1.50,0,1,1,2,2,false
EXP-04B,exp04b_m04_ro100_lh00,baseline,1.50,2.25,0.75,1,1,0,2,2,false
EXP-04B,exp04b_m04_ro100_lh00,baseline,2.25,6.75,4.50,2,0,0,2,2,false
EXP-04B,exp04b_m04_ro100_lh00,baseline,6.75,7.50,0.75,1,1,0,2,2,false
EXP-04B,exp04b_m04_ro100_lh00,baseline,7.50,10.50,3.00,1,0,0,1,3,false
EXP-04B,exp04b_m04_ro100_lh00,baseline,10.50,12.00,1.50,0,1,0,1,3,false
EXP-04B,exp04b_m04_ro100_lh00,baseline,12.00,14.25,2.25,0,1,3,4,0,true
EXP-04B,exp04b_m04_ro100_lh00,baseline,14.25,15.00,0.75,1,1,2,4,0,false
EXP-04B,exp04b_m04_ro100_lh00,baseline,15.00,15.75,0.75,2,1,1,4,0,false
EXP-04B,exp04b_m04_ro100_lh00,baseline,15.75,16.50,0.75,3,1,0,4,0,false
EXP-04B,exp04b_m04_ro100_lh00,baseline,16.50,20.40,3.90,4,0,0,4,0,false
EXP-04B,exp04b_m04_ro100_lh00,baseline,20.40,21.15,0.75,3,1,0,4,0,false
EXP-04B,exp04b_m04_ro100_lh00,baseline,21.15,21.90,0.75,3,0,0,3,1,false
EXP-04B,exp04b_m04_ro100_lh00,baseline,21.90,26.55,4.65,2,0,0,2,2,false
EXP-04B,exp04b_m04_ro100_lh00,baseline,26.55,27.75,1.20,2,0,0,2,2,false
EXP-04B,exp04b_m04_ro100_lh00,baseline,27.75,30.00,2.25,1,1,0,2,2,false
EXP-04B,exp04b_m04_ro100_lh00,baseline,30.00,30.15,0.15,1,0,0,1,3,false
EXP-04B,exp04b_m04_ro100_lh00,baseline,30.15,33.15,3.00,0,1,0,1,3,false
EXP-04B,exp04b_m04_ro100_lh00,exact,0,1.50000,1.50000,0,1,0,1,3,false
EXP-04B,exp04b_m04_ro100_lh00,exact,1.50000,2.25000,0.75000,1,1,0,2,2,false
EXP-04B,exp04b_m04_ro100_lh00,exact,2.25000,6.75000,4.50000,2,0,0,2,2,false
EXP-04B,exp04b_m04_ro100_lh00,exact,6.75000,7.50000,0.75000,1,1,0,2,2,false
EXP-04B,exp04b_m04_ro100_lh00,exact,7.50000,10.50000,3.00000,1,0,0,1,3,false
EXP-04B,exp04b_m04_ro100_lh00,exact,10.50000,12.00000,1.50000,0,1,0,1,3,false
EXP-04B,exp04b_m04_ro100_lh00,exact,12.00000,12.75000,0.75000,0,1,0,1,3,false
EXP-04B,exp04b_m04_ro100_lh00,exact,12.75000,13.50000,0.75000,1,1,0,2,2,false
EXP-04B,exp04b_m04_ro100_lh00,exact,13.50000,14.25000,0.75000,2,1,0,3,1,false
EXP-04B,exp04b_m04_ro100_lh00,exact,14.25000,16.50000,2.25000,3,1,0,4,0,false
EXP-04B,exp04b_m04_ro100_lh00,exact,16.50000,18.15000,1.65000,4,0,0,4,0,false
EXP-04B,exp04b_m04_ro100_lh00,exact,18.15000,18.90000,0.75000,3,1,0,4,0,false
EXP-04B,exp04b_m04_ro100_lh00,exact,18.90000,19.65000,0.75000,3,0,0,3,1,false
EXP-04B,exp04b_m04_ro100_lh00,exact,19.65000,24.30000,4.65000,2,0,0,2,2,false
EXP-04B,exp04b_m04_ro100_lh00,exact,24.30000,27.90000,3.60000,2,0,0,2,2,false
EXP-04B,exp04b_m04_ro100_lh00,exact,27.90000,30.00000,2.10000,1,1,0,2,2,false
EXP-04B,exp04b_m04_ro100_lh00,exact,30.00000,30.90000,0.90000,0,1,1,2,2,false
EXP-04B,exp04b_m04_ro100_lh00,exact,30.90000,33.15000,2.25000,0,1,0,1,3,false
EXP-04B,exp04b_m04_ro100_lh05,baseline,0,1.50,1.50,0,1,1,2,2,false
EXP-04B,exp04b_m04_ro100_lh05,baseline,1.50,2.25,0.75,1,1,0,2,2,false
EXP-04B,exp04b_m04_ro100_lh05,baseline,2.25,6.75,4.50,2,0,0,2,2,false
EXP-04B,exp04b_m04_ro100_lh05,baseline,6.75,7.50,0.75,1,1,0,2,2,false
EXP-04B,exp04b_m04_ro100_lh05,baseline,7.50,10.50,3.00,1,0,0,1,3,false
EXP-04B,exp04b_m04_ro100_lh05,baseline,10.50,12.00,1.50,0,1,0,1,3,false
EXP-04B,exp04b_m04_ro100_lh05,baseline,12.00,14.25,2.25,0,1,3,4,0,true
EXP-04B,exp04b_m04_ro100_lh05,baseline,14.25,15.450,1.200,1,1,2,4,0,false
EXP-04B,exp04b_m04_ro100_lh05,baseline,15.450,16.650,1.200,2,1,1,4,0,false
EXP-04B,exp04b_m04_ro100_lh05,baseline,16.650,17.850,1.200,3,1,0,4,0,false
EXP-04B,exp04b_m04_ro100_lh05,baseline,17.850,20.400,2.550,4,0,0,4,0,false
EXP-04B,exp04b_m04_ro100_lh05,baseline,20.400,21.600,1.200,3,1,0,4,0,false
EXP-04B,exp04b_m04_ro100_lh05,baseline,21.600,22.800,1.200,3,0,0,3,1,false
EXP-04B,exp04b_m04_ro100_lh05,baseline,22.800,26.550,3.750,2,0,0,2,2,false
EXP-04B,exp04b_m04_ro100_lh05,baseline,26.550,27.75,1.200,2,0,0,2,2,false
EXP-04B,exp04b_m04_ro100_lh05,baseline,27.75,28.350,0.600,1,1,0,2,2,false
EXP-04B,exp04b_m04_ro100_lh05,baseline,28.350,30.00,1.650,0,1,1,2,2,false
EXP-04B,exp04b_m04_ro100_lh05,baseline,30.00,34.800,4.800,0,1,0,1,3,false
EXP-04B,exp04b_m04_ro100_lh05,exact,0,1.50000,1.50000,0,1,0,1,3,false
EXP-04B,exp04b_m04_ro100_lh05,exact,1.50000,2.25000,0.75000,1,1,0,2,2,false
EXP-04B,exp04b_m04_ro100_lh05,exact,2.25000,6.75000,4.50000,2,0,0,2,2,false
EXP-04B,exp04b_m04_ro100_lh05,exact,6.75000,7.50000,0.75000,1,1,0,2,2,false
EXP-04B,exp04b_m04_ro100_lh05,exact,7.50000,10.50000,3.00000,1,0,0,1,3,false
EXP-04B,exp04b_m04_ro100_lh05,exact,10.50000,12.00000,1.50000,0,1,0,1,3,false
EXP-04B,exp04b_m04_ro100_lh05,exact,12.00000,13.20000,1.20000,0,1,0,1,3,false
EXP-04B,exp04b_m04_ro100_lh05,exact,13.20000,15.45000,2.25000,1,1,0,2,2,false
EXP-04B,exp04b_m04_ro100_lh05,exact,15.45000,16.65000,1.20000,2,1,0,3,1,false
EXP-04B,exp04b_m04_ro100_lh05,exact,16.65000,17.85000,1.20000,3,1,0,4,0,false
EXP-04B,exp04b_m04_ro100_lh05,exact,17.85000,18.15000,0.30000,4,0,0,4,0,false
EXP-04B,exp04b_m04_ro100_lh05,exact,18.15000,19.35000,1.20000,3,1,0,4,0,false
EXP-04B,exp04b_m04_ro100_lh05,exact,19.35000,21.60000,2.25000,4,0,0,4,0,false
EXP-04B,exp04b_m04_ro100_lh05,exact,21.60000,22.80000,1.20000,3,0,0,3,1,false
EXP-04B,exp04b_m04_ro100_lh05,exact,22.80000,24.30000,1.50000,2,0,0,2,2,false
EXP-04B,exp04b_m04_ro100_lh05,exact,24.30000,26.10000,1.80000,2,0,0,2,2,false
EXP-04B,exp04b_m04_ro100_lh05,exact,26.10000,28.95000,2.85000,1,1,0,2,2,false
EXP-04B,exp04b_m04_ro100_lh05,exact,28.95000,30.90000,1.95000,0,1,1,2,2,false
EXP-04B,exp04b_m04_ro100_lh05,exact,30.90000,33.15000,2.25000,0,1,0,1,3,false
EXP-04B,exp04b_m04_ro100_lh10,baseline,0,1.50,1.50,0,1,1,2,2,false
EXP-04B,exp04b_m04_ro100_lh10,baseline,1.50,2.25,0.75,1,1,0,2,2,false
EXP-04B,exp04b_m04_ro100_lh10,baseline,2.25,6.75,4.50,2,0,0,2,2,false
EXP-04B,exp04b_m04_ro100_lh10,baseline,6.75,7.50,0.75,1,1,0,2,2,false
EXP-04B,exp04b_m04_ro100_lh10,baseline,7.50,10.50,3.00,1,0,0,1,3,false
EXP-04B,exp04b_m04_ro100_lh10,baseline,10.50,12.00,1.50,0,1,0,1,3,false
EXP-04B,exp04b_m04_ro100_lh10,baseline,12.00,14.25,2.25,0,1,3,4,0,true
EXP-04B,exp04b_m04_ro100_lh10,baseline,14.25,15.90,1.65,1,1,2,4,0,false
EXP-04B,exp04b_m04_ro100_lh10,baseline,15.90,17.55,1.65,2,1,1,4,0,false
EXP-04B,exp04b_m04_ro100_lh10,baseline,17.55,19.20,1.65,3,1,0,4,0,false
EXP-04B,exp04b_m04_ro100_lh10,baseline,19.20,20.40,1.20,4,0,0,4,0,false
EXP-04B,exp04b_m04_ro100_lh10,baseline,20.40,22.05,1.65,3,1,0,4,0,false
EXP-04B,exp04b_m04_ro100_lh10,baseline,22.05,23.70,1.65,3,0,0,3,1,false
EXP-04B,exp04b_m04_ro100_lh10,baseline,23.70,26.55,2.85,2,0,0,2,2,false
EXP-04B,exp04b_m04_ro100_lh10,baseline,26.55,27.75,1.20,1,1,0,2,2,false
EXP-04B,exp04b_m04_ro100_lh10,baseline,27.75,33.15,5.40,0,1,1,2,2,false
EXP-04B,exp04b_m04_ro100_lh10,baseline,33.15,35.40,2.25,0,1,0,1,3,false
EXP-04B,exp04b_m04_ro100_lh10,exact,0,1.50000,1.50000,0,1,0,1,3,false
EXP-04B,exp04b_m04_ro100_lh10,exact,1.50000,2.25000,0.75000,1,1,0,2,2,false
EXP-04B,exp04b_m04_ro100_lh10,exact,2.25000,6.75000,4.50000,2,0,0,2,2,false
EXP-04B,exp04b_m04_ro100_lh10,exact,6.75000,7.50000,0.75000,1,1,0,2,2,false
EXP-04B,exp04b_m04_ro100_lh10,exact,7.50000,10.50000,3.00000,1,0,0,1,3,false
EXP-04B,exp04b_m04_ro100_lh10,exact,10.50000,12.00000,1.50000,0,1,0,1,3,false
EXP-04B,exp04b_m04_ro100_lh10,exact,12.00000,13.65000,1.65000,0,1,0,1,3,false
EXP-04B,exp04b_m04_ro100_lh10,exact,13.65000,15.30000,1.65000,1,1,0,2,2,false
EXP-04B,exp04b_m04_ro100_lh10,exact,15.30000,17.55000,2.25000,2,1,0,3,1,false
EXP-04B,exp04b_m04_ro100_lh10,exact,17.55000,18.15000,0.60000,3,1,0,4,0,false
EXP-04B,exp04b_m04_ro100_lh10,exact,18.15000,19.20000,1.05000,2,1,0,3,1,false
EXP-04B,exp04b_m04_ro100_lh10,exact,19.20000,19.80000,0.60000,3,1,0,4,0,false
EXP-04B,exp04b_m04_ro100_lh10,exact,19.80000,20.85000,1.05000,2,1,0,3,1,false
EXP-04B,exp04b_m04_ro100_lh10,exact,20.85000,23.70000,2.85000,3,0,0,3,1,false
EXP-04B,exp04b_m04_ro100_lh10,exact,23.70000,25.35000,1.65000,2,0,0,2,2,false
EXP-04B,exp04b_m04_ro100_lh10,exact,25.35000,31.05000,5.70000,1,1,0,2,2,false
EXP-04B,exp04b_m04_ro100_lh10,exact,31.05000,31.95000,0.90000,0,1,1,2,2,false
EXP-04B,exp04b_m04_ro100_lh10,exact,31.95000,34.20000,2.25000,0,1,0,1,3,false
EXP-04B,exp04b_m04_ro200_lh00,baseline,0,1.50,1.50,0,1,1,2,2,false
EXP-04B,exp04b_m04_ro200_lh00,baseline,1.50,2.25,0.75,1,1,0,2,2,false
EXP-04B,exp04b_m04_ro200_lh00,baseline,2.25,6.75,4.50,2,0,0,2,2,false
EXP-04B,exp04b_m04_ro200_lh00,baseline,6.75,7.50,0.75,1,1,0,2,2,false
EXP-04B,exp04b_m04_ro200_lh00,baseline,7.50,10.50,3.00,1,0,0,1,3,false
EXP-04B,exp04b_m04_ro200_lh00,baseline,10.50,12.00,1.50,0,1,0,1,3,false
EXP-04B,exp04b_m04_ro200_lh00,baseline,12.00,14.25,2.25,0,1,3,4,0,true
EXP-04B,exp04b_m04_ro200_lh00,baseline,14.25,15.00,0.75,1,1,2,4,0,false
EXP-04B,exp04b_m04_ro200_lh00,baseline,15.00,15.75,0.75,2,1,1,4,0,false
EXP-04B,exp04b_m04_ro200_lh00,baseline,15.75,16.50,0.75,3,1,0,4,0,false
EXP-04B,exp04b_m04_ro200_lh00,baseline,16.50,21.30,4.80,4,0,0,4,0,false
EXP-04B,exp04b_m04_ro200_lh00,baseline,21.30,22.05,0.75,3,1,0,4,0,false
EXP-04B,exp04b_m04_ro200_lh00,baseline,22.05,22.80,0.75,3,0,0,3,1,false
EXP-04B,exp04b_m04_ro200_lh00,baseline,22.80,27.75,4.95,2,0,0,2,2,false
EXP-04B,exp04b_m04_ro200_lh00,baseline,27.75,28.35,0.60,1,1,0,2,2,false
EXP-04B,exp04b_m04_ro200_lh00,baseline,28.35,30.00,1.65,1,1,0,2,2,false
EXP-04B,exp04b_m04_ro200_lh00,baseline,30.00,35.55,5.55,1,0,0,1,3,false
EXP-04B,exp04b_m04_ro200_lh00,baseline,35.55,38.55,3.00,0,1,0,1,3,false
EXP-04B,exp04b_m04_ro200_lh00,exact,0,1.50000,1.50000,0,1,0,1,3,false
EXP-04B,exp04b_m04_ro200_lh00,exact,1.50000,2.25000,0.75000,1,1,0,2,2,false
EXP-04B,exp04b_m04_ro200_lh00,exact,2.25000,6.75000,4.50000,2,0,0,2,2,false
EXP-04B,exp04b_m04_ro200_lh00,exact,6.75000,7.50000,0.75000,1,1,0,2,2,false
EXP-04B,exp04b_m04_ro200_lh00,exact,7.50000,10.50000,3.00000,1,0,0,1,3,false
EXP-04B,exp04b_m04_ro200_lh00,exact,10.50000,12.00000,1.50000,0,1,0,1,3,false
EXP-04B,exp04b_m04_ro200_lh00,exact,12.00000,12.75000,0.75000,0,1,0,1,3,false
EXP-04B,exp04b_m04_ro200_lh00,exact,12.75000,13.50000,0.75000,1,1,0,2,2,false
EXP-04B,exp04b_m04_ro200_lh00,exact,13.50000,15.75000,2.25000,2,1,0,3,1,false
EXP-04B,exp04b_m04_ro200_lh00,exact,15.75000,16.50000,0.75000,3,1,0,4,0,false
EXP-04B,exp04b_m04_ro200_lh00,exact,16.50000,19.05000,2.55000,4,0,0,4,0,false
EXP-04B,exp04b_m04_ro200_lh00,exact,19.05000,19.80000,0.75000,3,1,0,4,0,false
EXP-04B,exp04b_m04_ro200_lh00,exact,19.80000,22.80000,3.00000,3,0,0,3,1,false
EXP-04B,exp04b_m04_ro200_lh00,exact,22.80000,26.10000,3.30000,2,0,0,2,2,false
EXP-04B,exp04b_m04_ro200_lh00,exact,26.10000,29.25000,3.15000,2,0,0,2,2,false
EXP-04B,exp04b_m04_ro200_lh00,exact,29.25000,31.50000,2.25000,1,1,0,2,2,false
EXP-04B,exp04b_m04_ro200_lh00,exact,31.50000,33.30000,1.80000,1,0,0,1,3,false
EXP-04B,exp04b_m04_ro200_lh00,exact,33.30000,36.30000,3.00000,0,1,0,1,3,false
EXP-04B,exp04b_m04_ro200_lh05,baseline,0,1.50,1.50,0,1,1,2,2,false
EXP-04B,exp04b_m04_ro200_lh05,baseline,1.50,2.25,0.75,1,1,0,2,2,false
EXP-04B,exp04b_m04_ro200_lh05,baseline,2.25,6.75,4.50,2,0,0,2,2,false
EXP-04B,exp04b_m04_ro200_lh05,baseline,6.75,7.50,0.75,1,1,0,2,2,false
EXP-04B,exp04b_m04_ro200_lh05,baseline,7.50,10.50,3.00,1,0,0,1,3,false
EXP-04B,exp04b_m04_ro200_lh05,baseline,10.50,12.00,1.50,0,1,0,1,3,false
EXP-04B,exp04b_m04_ro200_lh05,baseline,12.00,14.25,2.25,0,1,3,4,0,true
EXP-04B,exp04b_m04_ro200_lh05,baseline,14.25,15.900,1.650,1,1,2,4,0,false
EXP-04B,exp04b_m04_ro200_lh05,baseline,15.900,17.550,1.650,2,1,1,4,0,false
EXP-04B,exp04b_m04_ro200_lh05,baseline,17.550,19.200,1.650,3,1,0,4,0,false
EXP-04B,exp04b_m04_ro200_lh05,baseline,19.200,21.300,2.100,4,0,0,4,0,false
EXP-04B,exp04b_m04_ro200_lh05,baseline,21.300,22.950,1.650,3,1,0,4,0,false
EXP-04B,exp04b_m04_ro200_lh05,baseline,22.950,24.600,1.650,3,0,0,3,1,false
EXP-04B,exp04b_m04_ro200_lh05,baseline,24.600,27.75,3.150,2,0,0,2,2,false
EXP-04B,exp04b_m04_ro200_lh05,baseline,27.75,28.350,0.600,1,1,0,2,2,false
EXP-04B,exp04b_m04_ro200_lh05,baseline,28.350,30.00,1.650,1,1,0,2,2,false
EXP-04B,exp04b_m04_ro200_lh05,baseline,30.00,31.950,1.950,1,0,0,1,3,false
EXP-04B,exp04b_m04_ro200_lh05,baseline,31.950,38.550,6.600,0,1,0,1,3,false
EXP-04B,exp04b_m04_ro200_lh05,exact,0,1.50000,1.50000,0,1,0,1,3,false
EXP-04B,exp04b_m04_ro200_lh05,exact,1.50000,2.25000,0.75000,1,1,0,2,2,false
EXP-04B,exp04b_m04_ro200_lh05,exact,2.25000,6.75000,4.50000,2,0,0,2,2,false
EXP-04B,exp04b_m04_ro200_lh05,exact,6.75000,7.50000,0.75000,1,1,0,2,2,false
EXP-04B,exp04b_m04_ro200_lh05,exact,7.50000,10.50000,3.00000,1,0,0,1,3,false
EXP-04B,exp04b_m04_ro200_lh05,exact,10.50000,12.00000,1.50000,0,1,0,1,3,false
EXP-04B,exp04b_m04_ro200_lh05,exact,12.00000,13.65000,1.65000,0,1,0,1,3,false
EXP-04B,exp04b_m04_ro200_lh05,exact,13.65000,15.30000,1.65000,1,1,0,2,2,false
EXP-04B,exp04b_m04_ro200_lh05,exact,15.30000,16.95000,1.65000,2,1,0,3,1,false
EXP-04B,exp04b_m04_ro200_lh05,exact,16.95000,18.60000,1.65000,3,1,0,4,0,false
EXP-04B,exp04b_m04_ro200_lh05,exact,18.60000,19.05000,0.45000,4,0,0,4,0,false
EXP-04B,exp04b_m04_ro200_lh05,exact,19.05000,20.70000,1.65000,3,1,0,4,0,false
EXP-04B,exp04b_m04_ro200_lh05,exact,20.70000,21.30000,0.60000,2,1,0,3,1,false
EXP-04B,exp04b_m04_ro200_lh05,exact,21.30000,22.35000,1.05000,3,0,0,3,1,false
EXP-04B,exp04b_m04_ro200_lh05,exact,22.35000,24.00000,1.65000,2,0,0,2,2,false
EXP-04B,exp04b_m04_ro200_lh05,exact,24.00000,27.60000,3.60000,2,0,0,2,2,false
EXP-04B,exp04b_m04_ro200_lh05,exact,27.60000,34.20000,6.60000,1,1,0,2,2,false
EXP-04B,exp04b_m04_ro200_lh05,exact,34.20000,34.80000,0.60000,1,0,0,1,3,false
EXP-04B,exp04b_m04_ro200_lh05,exact,34.80000,37.05000,2.25000,0,1,0,1,3,false
EXP-04B,exp04b_m04_ro200_lh10,baseline,0,1.50,1.50,0,1,1,2,2,false
EXP-04B,exp04b_m04_ro200_lh10,baseline,1.50,2.25,0.75,1,1,0,2,2,false
EXP-04B,exp04b_m04_ro200_lh10,baseline,2.25,6.75,4.50,2,0,0,2,2,false
EXP-04B,exp04b_m04_ro200_lh10,baseline,6.75,7.50,0.75,1,1,0,2,2,false
EXP-04B,exp04b_m04_ro200_lh10,baseline,7.50,10.50,3.00,1,0,0,1,3,false
EXP-04B,exp04b_m04_ro200_lh10,baseline,10.50,12.00,1.50,0,1,0,1,3,false
EXP-04B,exp04b_m04_ro200_lh10,baseline,12.00,14.25,2.25,0,1,3,4,0,true
EXP-04B,exp04b_m04_ro200_lh10,baseline,14.25,16.80,2.55,1,1,2,4,0,false
EXP-04B,exp04b_m04_ro200_lh10,baseline,16.80,19.35,2.55,2,1,1,4,0,false
EXP-04B,exp04b_m04_ro200_lh10,baseline,19.35,21.30,1.95,3,1,0,4,0,false
EXP-04B,exp04b_m04_ro200_lh10,baseline,21.30,21.90,0.60,2,1,1,4,0,false
EXP-04B,exp04b_m04_ro200_lh10,baseline,21.90,23.85,1.95,3,1,0,4,0,false
EXP-04B,exp04b_m04_ro200_lh10,baseline,23.85,24.45,0.60,2,1,0,3,1,false
EXP-04B,exp04b_m04_ro200_lh10,baseline,24.45,26.40,1.95,3,0,0,3,1,false
EXP-04B,exp04b_m04_ro200_lh10,baseline,26.40,27.75,1.35,2,0,0,2,2,false
EXP-04B,exp04b_m04_ro200_lh10,baseline,27.75,28.95,1.20,1,1,0,2,2,false
EXP-04B,exp04b_m04_ro200_lh10,baseline,28.95,30.00,1.05,0,1,1,2,2,false
EXP-04B,exp04b_m04_ro200_lh10,baseline,30.00,40.20,10.20,0,1,0,1,3,false
EXP-04B,exp04b_m04_ro200_lh10,exact,0,1.50000,1.50000,0,1,0,1,3,false
EXP-04B,exp04b_m04_ro200_lh10,exact,1.50000,2.25000,0.75000,1,1,0,2,2,false
EXP-04B,exp04b_m04_ro200_lh10,exact,2.25000,6.75000,4.50000,2,0,0,2,2,false
EXP-04B,exp04b_m04_ro200_lh10,exact,6.75000,7.50000,0.75000,1,1,0,2,2,false
EXP-04B,exp04b_m04_ro200_lh10,exact,7.50000,10.50000,3.00000,1,0,0,1,3,false
EXP-04B,exp04b_m04_ro200_lh10,exact,10.50000,12.00000,1.50000,0,1,0,1,3,false
EXP-04B,exp04b_m04_ro200_lh10,exact,12.00000,14.25000,2.25000,0,1,0,1,3,false
EXP-04B,exp04b_m04_ro200_lh10,exact,14.25000,16.80000,2.55000,1,1,0,2,2,false
EXP-04B,exp04b_m04_ro200_lh10,exact,16.80000,19.35000,2.55000,2,1,0,3,1,false
EXP-04B,exp04b_m04_ro200_lh10,exact,19.35000,21.30000,1.95000,3,1,0,4,0,false
EXP-04B,exp04b_m04_ro200_lh10,exact,21.30000,21.90000,0.60000,2,1,0,3,1,false
EXP-04B,exp04b_m04_ro200_lh10,exact,21.90000,23.85000,1.95000,3,1,0,4,0,false
EXP-04B,exp04b_m04_ro200_lh10,exact,23.85000,24.45000,0.60000,2,1,0,3,1,false
EXP-04B,exp04b_m04_ro200_lh10,exact,24.45000,26.40000,1.95000,3,0,0,3,1,false
EXP-04B,exp04b_m04_ro200_lh10,exact,26.40000,27.75000,1.35000,2,0,0,2,2,false
EXP-04B,exp04b_m04_ro200_lh10,exact,27.75000,28.95000,1.20000,1,1,0,2,2,false
EXP-04B,exp04b_m04_ro200_lh10,exact,28.95000,30.00000,1.05000,0,1,0,1,3,false
EXP-04B,exp04b_m04_ro200_lh10,exact,30.00000,40.20000,10.20000,0,1,0,1,3,false
EXP-04B,exp04b_m06_ro000_lh00,baseline,0,1.50,1.50,0,1,1,2,2,false
EXP-04B,exp04b_m06_ro000_lh00,baseline,1.50,2.25,0.75,1,1,0,2,2,false
EXP-04B,exp04b_m06_ro000_lh00,baseline,2.25,6.75,4.50,2,0,0,2,2,false
EXP-04B,exp04b_m06_ro000_lh00,baseline,6.75,7.50,0.75,1,1,0,2,2,false
EXP-04B,exp04b_m06_ro000_lh00,baseline,7.50,10.50,3.00,1,0,0,1,3,false
EXP-04B,exp04b_m06_ro000_lh00,baseline,10.50,12.00,1.50,0,1,0,1,3,false
EXP-04B,exp04b_m06_ro000_lh00,baseline,12.00,14.25,2.25,0,1,3,4,0,true
EXP-04B,exp04b_m06_ro000_lh00,baseline,14.25,14.75,0.50,1,1,2,4,0,false
EXP-04B,exp04b_m06_ro000_lh00,baseline,14.75,15.25,0.50,2,1,1,4,0,false
EXP-04B,exp04b_m06_ro000_lh00,baseline,15.25,15.75,0.50,3,1,0,4,0,false
EXP-04B,exp04b_m06_ro000_lh00,baseline,15.75,17.75,2.00,4,0,0,4,0,false
EXP-04B,exp04b_m06_ro000_lh00,baseline,17.75,18.25,0.50,3,1,0,4,0,false
EXP-04B,exp04b_m06_ro000_lh00,baseline,18.25,18.75,0.50,3,1,0,4,0,false
EXP-04B,exp04b_m06_ro000_lh00,baseline,18.75,19.25,0.50,3,1,0,4,0,false
EXP-04B,exp04b_m06_ro000_lh00,baseline,19.25,21.25,2.00,4,0,0,4,0,false
EXP-04B,exp04b_m06_ro000_lh00,baseline,21.25,21.75,0.50,3,0,0,3,1,false
EXP-04B,exp04b_m06_ro000_lh00,baseline,21.75,22.25,0.50,2,0,0,2,2,false
EXP-04B,exp04b_m06_ro000_lh00,baseline,22.25,25.25,3.00,1,1,0,2,2,false
EXP-04B,exp04b_m06_ro000_lh00,baseline,25.25,27.75,2.50,1,0,0,1,3,false
EXP-04B,exp04b_m06_ro000_lh00,baseline,27.75,30.00,2.25,0,1,0,1,3,false
EXP-04B,exp04b_m06_ro000_lh00,exact,0,1.50000,1.50000,0,1,0,1,3,false
EXP-04B,exp04b_m06_ro000_lh00,exact,1.50000,2.25000,0.75000,1,1,0,2,2,false
EXP-04B,exp04b_m06_ro000_lh00,exact,2.25000,6.75000,4.50000,2,0,0,2,2,false
EXP-04B,exp04b_m06_ro000_lh00,exact,6.75000,7.50000,0.75000,1,1,0,2,2,false
EXP-04B,exp04b_m06_ro000_lh00,exact,7.50000,10.50000,3.00000,1,0,0,1,3,false
EXP-04B,exp04b_m06_ro000_lh00,exact,10.50000,12.00000,1.50000,0,1,0,1,3,false
EXP-04B,exp04b_m06_ro000_lh00,exact,12.00000,14.25000,2.25000,0,1,0,1,3,false
EXP-04B,exp04b_m06_ro000_lh00,exact,14.25000,14.75000,0.50000,1,1,0,2,2,false
EXP-04B,exp04b_m06_ro000_lh00,exact,14.75000,15.25000,0.50000,2,1,0,3,1,false
EXP-04B,exp04b_m06_ro000_lh00,exact,15.25000,15.75000,0.50000,3,1,0,4,0,false
EXP-04B,exp04b_m06_ro000_lh00,exact,15.75000,17.75000,2.00000,4,0,0,4,0,false
EXP-04B,exp04b_m06_ro000_lh00,exact,17.75000,18.25000,0.50000,3,1,0,4,0,false
EXP-04B,exp04b_m06_ro000_lh00,exact,18.25000,18.75000,0.50000,3,1,0,4,0,false
EXP-04B,exp04b_m06_ro000_lh00,exact,18.75000,21.25000,2.50000,3,0,0,3,1,false
EXP-04B,exp04b_m06_ro000_lh00,exact,21.25000,21.75000,0.50000,2,1,0,3,1,false
EXP-04B,exp04b_m06_ro000_lh00,exact,21.75000,24.75000,3.00000,2,0,0,2,2,false
EXP-04B,exp04b_m06_ro000_lh00,exact,24.75000,27.75000,3.00000,1,1,0,2,2,false
EXP-04B,exp04b_m06_ro000_lh00,exact,27.75000,30.00000,2.25000,0,1,0,1,3,false
EXP-04B,exp04b_m06_ro025_lh00,baseline,0,1.50,1.50,0,1,1,2,2,false
EXP-04B,exp04b_m06_ro025_lh00,baseline,1.50,2.25,0.75,1,1,0,2,2,false
EXP-04B,exp04b_m06_ro025_lh00,baseline,2.25,6.75,4.50,2,0,0,2,2,false
EXP-04B,exp04b_m06_ro025_lh00,baseline,6.75,7.50,0.75,1,1,0,2,2,false
EXP-04B,exp04b_m06_ro025_lh00,baseline,7.50,10.50,3.00,1,0,0,1,3,false
EXP-04B,exp04b_m06_ro025_lh00,baseline,10.50,12.00,1.50,0,1,0,1,3,false
EXP-04B,exp04b_m06_ro025_lh00,baseline,12.00,14.25,2.25,0,1,3,4,0,true
EXP-04B,exp04b_m06_ro025_lh00,baseline,14.25,14.750,0.500,1,1,2,4,0,false
EXP-04B,exp04b_m06_ro025_lh00,baseline,14.750,15.250,0.500,2,1,1,4,0,false
EXP-04B,exp04b_m06_ro025_lh00,baseline,15.250,15.750,0.500,3,1,0,4,0,false
EXP-04B,exp04b_m06_ro025_lh00,baseline,15.750,18.000,2.250,4,0,0,4,0,false
EXP-04B,exp04b_m06_ro025_lh00,baseline,18.000,18.500,0.500,3,1,0,4,0,false
EXP-04B,exp04b_m06_ro025_lh00,baseline,18.500,19.000,0.500,3,1,0,4,0,false
EXP-04B,exp04b_m06_ro025_lh00,baseline,19.000,19.500,0.500,3,1,0,4,0,false
EXP-04B,exp04b_m06_ro025_lh00,baseline,19.500,21.750,2.250,4,0,0,4,0,false
EXP-04B,exp04b_m06_ro025_lh00,baseline,21.750,22.250,0.500,3,0,0,3,1,false
EXP-04B,exp04b_m06_ro025_lh00,baseline,22.250,22.750,0.500,2,0,0,2,2,false
EXP-04B,exp04b_m06_ro025_lh00,baseline,22.750,24.250,1.500,2,0,0,2,2,false
EXP-04B,exp04b_m06_ro025_lh00,baseline,24.250,27.250,3.000,1,1,0,2,2,false
EXP-04B,exp04b_m06_ro025_lh00,baseline,27.250,27.75,0.500,1,0,0,1,3,false
EXP-04B,exp04b_m06_ro025_lh00,baseline,27.75,30.00,2.25,0,1,0,1,3,false
EXP-04B,exp04b_m06_ro025_lh00,exact,0,1.50000,1.50000,0,1,0,1,3,false
EXP-04B,exp04b_m06_ro025_lh00,exact,1.50000,2.25000,0.75000,1,1,0,2,2,false
EXP-04B,exp04b_m06_ro025_lh00,exact,2.25000,6.75000,4.50000,2,0,0,2,2,false
EXP-04B,exp04b_m06_ro025_lh00,exact,6.75000,7.50000,0.75000,1,1,0,2,2,false
EXP-04B,exp04b_m06_ro025_lh00,exact,7.50000,10.50000,3.00000,1,0,0,1,3,false
EXP-04B,exp04b_m06_ro025_lh00,exact,10.50000,12.00000,1.50000,0,1,0,1,3,false
EXP-04B,exp04b_m06_ro025_lh00,exact,12.00000,14.25000,2.25000,0,1,0,1,3,false
EXP-04B,exp04b_m06_ro025_lh00,exact,14.25000,14.75000,0.50000,1,1,0,2,2,false
EXP-04B,exp04b_m06_ro025_lh00,exact,14.75000,15.25000,0.50000,2,1,0,3,1,false
EXP-04B,exp04b_m06_ro025_lh00,exact,15.25000,15.75000,0.50000,3,1,0,4,0,false
EXP-04B,exp04b_m06_ro025_lh00,exact,15.75000,18.00000,2.25000,4,0,0,4,0,false
EXP-04B,exp04b_m06_ro025_lh00,exact,18.00000,18.50000,0.50000,3,1,0,4,0,false
EXP-04B,exp04b_m06_ro025_lh00,exact,18.50000,19.00000,0.50000,3,1,0,4,0,false
EXP-04B,exp04b_m06_ro025_lh00,exact,19.00000,19.50000,0.50000,3,1,0,4,0,false
EXP-04B,exp04b_m06_ro025_lh00,exact,19.50000,21.75000,2.25000,4,0,0,4,0,false
EXP-04B,exp04b_m06_ro025_lh00,exact,21.75000,22.25000,0.50000,3,0,0,3,1,false
EXP-04B,exp04b_m06_ro025_lh00,exact,22.25000,22.75000,0.50000,2,0,0,2,2,false
EXP-04B,exp04b_m06_ro025_lh00,exact,22.75000,24.25000,1.50000,2,0,0,2,2,false
EXP-04B,exp04b_m06_ro025_lh00,exact,24.25000,27.25000,3.00000,1,1,0,2,2,false
EXP-04B,exp04b_m06_ro025_lh00,exact,27.25000,27.75000,0.50000,1,0,0,1,3,false
EXP-04B,exp04b_m06_ro025_lh00,exact,27.75000,30.00000,2.25000,0,1,0,1,3,false
EXP-04B,exp04b_m06_ro025_lh05,baseline,0,1.50,1.50,0,1,1,2,2,false
EXP-04B,exp04b_m06_ro025_lh05,baseline,1.50,2.25,0.75,1,1,0,2,2,false
EXP-04B,exp04b_m06_ro025_lh05,baseline,2.25,6.75,4.50,2,0,0,2,2,false
EXP-04B,exp04b_m06_ro025_lh05,baseline,6.75,7.50,0.75,1,1,0,2,2,false
EXP-04B,exp04b_m06_ro025_lh05,baseline,7.50,10.50,3.00,1,0,0,1,3,false
EXP-04B,exp04b_m06_ro025_lh05,baseline,10.50,12.00,1.50,0,1,0,1,3,false
EXP-04B,exp04b_m06_ro025_lh05,baseline,12.00,14.25,2.25,0,1,3,4,0,true
EXP-04B,exp04b_m06_ro025_lh05,baseline,14.25,14.8750,0.6250,1,1,2,4,0,false
EXP-04B,exp04b_m06_ro025_lh05,baseline,14.8750,15.5000,0.6250,2,1,1,4,0,false
EXP-04B,exp04b_m06_ro025_lh05,baseline,15.5000,16.1250,0.6250,3,1,0,4,0,false
EXP-04B,exp04b_m06_ro025_lh05,baseline,16.1250,18.0000,1.8750,4,0,0,4,0,false
EXP-04B,exp04b_m06_ro025_lh05,baseline,18.0000,18.6250,0.6250,3,1,0,4,0,false
EXP-04B,exp04b_m06_ro025_lh05,baseline,18.6250,19.2500,0.6250,3,1,0,4,0,false
EXP-04B,exp04b_m06_ro025_lh05,baseline,19.2500,19.8750,0.6250,3,1,0,4,0,false
EXP-04B,exp04b_m06_ro025_lh05,baseline,19.8750,21.7500,1.8750,4,0,0,4,0,false
EXP-04B,exp04b_m06_ro025_lh05,baseline,21.7500,22.3750,0.6250,3,0,0,3,1,false
EXP-04B,exp04b_m06_ro025_lh05,baseline,22.3750,23.0000,0.6250,2,0,0,2,2,false
EXP-04B,exp04b_m06_ro025_lh05,baseline,23.0000,23.7500,0.7500,2,0,0,2,2,false
EXP-04B,exp04b_m06_ro025_lh05,baseline,23.7500,27.5000,3.7500,1,1,0,2,2,false
EXP-04B,exp04b_m06_ro025_lh05,baseline,27.5000,27.75,0.2500,1,0,0,1,3,false
EXP-04B,exp04b_m06_ro025_lh05,baseline,27.75,30.00,2.25,0,1,0,1,3,false
EXP-04B,exp04b_m06_ro025_lh05,exact,0,1.50000,1.50000,0,1,0,1,3,false
EXP-04B,exp04b_m06_ro025_lh05,exact,1.50000,2.25000,0.75000,1,1,0,2,2,false
EXP-04B,exp04b_m06_ro025_lh05,exact,2.25000,6.75000,4.50000,2,0,0,2,2,false
EXP-04B,exp04b_m06_ro025_lh05,exact,6.75000,7.50000,0.75000,1,1,0,2,2,false
EXP-04B,exp04b_m06_ro025_lh05,exact,7.50000,10.50000,3.00000,1,0,0,1,3,false
EXP-04B,exp04b_m06_ro025_lh05,exact,10.50000,12.00000,1.50000,0,1,0,1,3,false
EXP-04B,exp04b_m06_ro025_lh05,exact,12.00000,14.25000,2.25000,0,1,0,1,3,false
EXP-04B,exp04b_m06_ro025_lh05,exact,14.25000,14.87500,0.62500,1,1,0,2,2,false
EXP-04B,exp04b_m06_ro025_lh05,exact,14.87500,15.50000,0.62500,2,1,0,3,1,false
EXP-04B,exp04b_m06_ro025_lh05,exact,15.50000,16.12500,0.62500,3,1,0,4,0,false
EXP-04B,exp04b_m06_ro025_lh05,exact,16.12500,18.00000,1.87500,4,0,0,4,0,false
EXP-04B,exp04b_m06_ro025_lh05,exact,18.00000,18.62500,0.62500,3,1,0,4,0,false
EXP-04B,exp04b_m06_ro025_lh05,exact,18.62500,19.25000,0.62500,3,1,0,4,0,false
EXP-04B,exp04b_m06_ro025_lh05,exact,19.25000,19.87500,0.62500,3,1,0,4,0,false
EXP-04B,exp04b_m06_ro025_lh05,exact,19.87500,21.75000,1.87500,4,0,0,4,0,false
EXP-04B,exp04b_m06_ro025_lh05,exact,21.75000,22.37500,0.62500,3,0,0,3,1,false
EXP-04B,exp04b_m06_ro025_lh05,exact,22.37500,23.00000,0.62500,2,0,0,2,2,false
EXP-04B,exp04b_m06_ro025_lh05,exact,23.00000,23.75000,0.75000,2,0,0,2,2,false
EXP-04B,exp04b_m06_ro025_lh05,exact,23.75000,27.50000,3.75000,1,1,0,2,2,false
EXP-04B,exp04b_m06_ro025_lh05,exact,27.50000,27.75000,0.25000,1,0,0,1,3,false
EXP-04B,exp04b_m06_ro025_lh05,exact,27.75000,30.00000,2.25000,0,1,0,1,3,false
EXP-04B,exp04b_m06_ro025_lh10,baseline,0,1.50,1.50,0,1,1,2,2,false
EXP-04B,exp04b_m06_ro025_lh10,baseline,1.50,2.25,0.75,1,1,0,2,2,false
EXP-04B,exp04b_m06_ro025_lh10,baseline,2.25,6.75,4.50,2,0,0,2,2,false
EXP-04B,exp04b_m06_ro025_lh10,baseline,6.75,7.50,0.75,1,1,0,2,2,false
EXP-04B,exp04b_m06_ro025_lh10,baseline,7.50,10.50,3.00,1,0,0,1,3,false
EXP-04B,exp04b_m06_ro025_lh10,baseline,10.50,12.00,1.50,0,1,0,1,3,false
EXP-04B,exp04b_m06_ro025_lh10,baseline,12.00,14.25,2.25,0,1,3,4,0,true
EXP-04B,exp04b_m06_ro025_lh10,baseline,14.25,15.000,0.750,1,1,2,4,0,false
EXP-04B,exp04b_m06_ro025_lh10,baseline,15.000,15.750,0.750,2,1,1,4,0,false
EXP-04B,exp04b_m06_ro025_lh10,baseline,15.750,16.500,0.750,3,1,0,4,0,false
EXP-04B,exp04b_m06_ro025_lh10,baseline,16.500,18.000,1.500,4,0,0,4,0,false
EXP-04B,exp04b_m06_ro025_lh10,baseline,18.000,18.750,0.750,3,1,0,4,0,false
EXP-04B,exp04b_m06_ro025_lh10,baseline,18.750,19.500,0.750,3,1,0,4,0,false
EXP-04B,exp04b_m06_ro025_lh10,baseline,19.500,20.250,0.750,3,1,0,4,0,false
EXP-04B,exp04b_m06_ro025_lh10,baseline,20.250,21.750,1.500,4,0,0,4,0,false
EXP-04B,exp04b_m06_ro025_lh10,baseline,21.750,22.500,0.750,3,0,0,3,1,false
EXP-04B,exp04b_m06_ro025_lh10,baseline,22.500,23.250,0.750,2,0,0,2,2,false
EXP-04B,exp04b_m06_ro025_lh10,baseline,23.250,27.75,4.500,1,1,0,2,2,false
EXP-04B,exp04b_m06_ro025_lh10,baseline,27.75,30.00,2.25,0,1,0,1,3,false
EXP-04B,exp04b_m06_ro025_lh10,exact,0,1.50000,1.50000,0,1,0,1,3,false
EXP-04B,exp04b_m06_ro025_lh10,exact,1.50000,2.25000,0.75000,1,1,0,2,2,false
EXP-04B,exp04b_m06_ro025_lh10,exact,2.25000,6.75000,4.50000,2,0,0,2,2,false
EXP-04B,exp04b_m06_ro025_lh10,exact,6.75000,7.50000,0.75000,1,1,0,2,2,false
EXP-04B,exp04b_m06_ro025_lh10,exact,7.50000,10.50000,3.00000,1,0,0,1,3,false
EXP-04B,exp04b_m06_ro025_lh10,exact,10.50000,12.00000,1.50000,0,1,0,1,3,false
EXP-04B,exp04b_m06_ro025_lh10,exact,12.00000,14.25000,2.25000,0,1,0,1,3,false
EXP-04B,exp04b_m06_ro025_lh10,exact,14.25000,15.00000,0.75000,1,1,0,2,2,false
EXP-04B,exp04b_m06_ro025_lh10,exact,15.00000,15.75000,0.75000,2,1,0,3,1,false
EXP-04B,exp04b_m06_ro025_lh10,exact,15.75000,16.50000,0.75000,3,1,0,4,0,false
EXP-04B,exp04b_m06_ro025_lh10,exact,16.50000,18.00000,1.50000,4,0,0,4,0,false
EXP-04B,exp04b_m06_ro025_lh10,exact,18.00000,18.75000,0.75000,3,1,0,4,0,false
EXP-04B,exp04b_m06_ro025_lh10,exact,18.75000,19.50000,0.75000,3,1,0,4,0,false
EXP-04B,exp04b_m06_ro025_lh10,exact,19.50000,20.25000,0.75000,3,1,0,4,0,false
EXP-04B,exp04b_m06_ro025_lh10,exact,20.25000,21.75000,1.50000,4,0,0,4,0,false
EXP-04B,exp04b_m06_ro025_lh10,exact,21.75000,22.50000,0.75000,3,0,0,3,1,false
EXP-04B,exp04b_m06_ro025_lh10,exact,22.50000,23.25000,0.75000,2,0,0,2,2,false
EXP-04B,exp04b_m06_ro025_lh10,exact,23.25000,27.75000,4.50000,1,1,0,2,2,false
EXP-04B,exp04b_m06_ro025_lh10,exact,27.75000,30.00000,2.25000,0,1,0,1,3,false
EXP-04B,exp04b_m06_ro050_lh00,baseline,0,1.50,1.50,0,1,1,2,2,false
EXP-04B,exp04b_m06_ro050_lh00,baseline,1.50,2.25,0.75,1,1,0,2,2,false
EXP-04B,exp04b_m06_ro050_lh00,baseline,2.25,6.75,4.50,2,0,0,2,2,false
EXP-04B,exp04b_m06_ro050_lh00,baseline,6.75,7.50,0.75,1,1,0,2,2,false
EXP-04B,exp04b_m06_ro050_lh00,baseline,7.50,10.50,3.00,1,0,0,1,3,false
EXP-04B,exp04b_m06_ro050_lh00,baseline,10.50,12.00,1.50,0,1,0,1,3,false
EXP-04B,exp04b_m06_ro050_lh00,baseline,12.00,14.25,2.25,0,1,3,4,0,true
EXP-04B,exp04b_m06_ro050_lh00,baseline,14.25,14.75,0.50,1,1,2,4,0,false
EXP-04B,exp04b_m06_ro050_lh00,baseline,14.75,15.25,0.50,2,1,1,4,0,false
EXP-04B,exp04b_m06_ro050_lh00,baseline,15.25,15.75,0.50,3,1,0,4,0,false
EXP-04B,exp04b_m06_ro050_lh00,baseline,15.75,18.25,2.50,4,0,0,4,0,false
EXP-04B,exp04b_m06_ro050_lh00,baseline,18.25,18.75,0.50,3,1,0,4,0,false
EXP-04B,exp04b_m06_ro050_lh00,baseline,18.75,19.25,0.50,3,1,0,4,0,false
EXP-04B,exp04b_m06_ro050_lh00,baseline,19.25,19.75,0.50,3,1,0,4,0,false
EXP-04B,exp04b_m06_ro050_lh00,baseline,19.75,22.25,2.50,4,0,0,4,0,false
EXP-04B,exp04b_m06_ro050_lh00,baseline,22.25,22.75,0.50,3,0,0,3,1,false
EXP-04B,exp04b_m06_ro050_lh00,baseline,22.75,23.25,0.50,2,0,0,2,2,false
EXP-04B,exp04b_m06_ro050_lh00,baseline,23.25,26.25,3.00,2,0,0,2,2,false
EXP-04B,exp04b_m06_ro050_lh00,baseline,26.25,27.75,1.50,1,1,0,2,2,false
EXP-04B,exp04b_m06_ro050_lh00,baseline,27.75,29.25,1.50,0,1,1,2,2,false
EXP-04B,exp04b_m06_ro050_lh00,baseline,29.25,31.50,2.25,0,1,0,1,3,false
EXP-04B,exp04b_m06_ro050_lh00,exact,0,1.50000,1.50000,0,1,0,1,3,false
EXP-04B,exp04b_m06_ro050_lh00,exact,1.50000,2.25000,0.75000,1,1,0,2,2,false
EXP-04B,exp04b_m06_ro050_lh00,exact,2.25000,6.75000,4.50000,2,0,0,2,2,false
EXP-04B,exp04b_m06_ro050_lh00,exact,6.75000,7.50000,0.75000,1,1,0,2,2,false
EXP-04B,exp04b_m06_ro050_lh00,exact,7.50000,10.50000,3.00000,1,0,0,1,3,false
EXP-04B,exp04b_m06_ro050_lh00,exact,10.50000,12.00000,1.50000,0,1,0,1,3,false
EXP-04B,exp04b_m06_ro050_lh00,exact,12.00000,12.50000,0.50000,0,1,0,1,3,false
EXP-04B,exp04b_m06_ro050_lh00,exact,12.50000,13.00000,0.50000,1,1,0,2,2,false
EXP-04B,exp04b_m06_ro050_lh00,exact,13.00000,13.50000,0.50000,2,1,0,3,1,false
EXP-04B,exp04b_m06_ro050_lh00,exact,13.50000,15.75000,2.25000,3,1,0,4,0,false
EXP-04B,exp04b_m06_ro050_lh00,exact,15.75000,16.00000,0.25000,4,0,0,4,0,false
EXP-04B,exp04b_m06_ro050_lh00,exact,16.00000,16.50000,0.50000,3,1,0,4,0,false
EXP-04B,exp04b_m06_ro050_lh00,exact,16.50000,17.00000,0.50000,3,1,0,4,0,false
EXP-04B,exp04b_m06_ro050_lh00,exact,17.00000,17.50000,0.50000,3,1,0,4,0,false
EXP-04B,exp04b_m06_ro050_lh00,exact,17.50000,20.00000,2.50000,4,0,0,4,0,false
EXP-04B,exp04b_m06_ro050_lh00,exact,20.00000,20.50000,0.50000,3,0,0,3,1,false
EXP-04B,exp04b_m06_ro050_lh00,exact,20.50000,21.00000,0.50000,2,0,0,2,2,false
EXP-04B,exp04b_m06_ro050_lh00,exact,21.00000,24.00000,3.00000,2,0,0,2,2,false
EXP-04B,exp04b_m06_ro050_lh00,exact,24.00000,27.00000,3.00000,1,1,0,2,2,false
EXP-04B,exp04b_m06_ro050_lh00,exact,27.00000,29.25000,2.25000,1,0,0,1,3,false
EXP-04B,exp04b_m06_ro050_lh00,exact,29.25000,31.50000,2.25000,0,1,0,1,3,false
EXP-04B,exp04b_m06_ro050_lh05,baseline,0,1.50,1.50,0,1,1,2,2,false
EXP-04B,exp04b_m06_ro050_lh05,baseline,1.50,2.25,0.75,1,1,0,2,2,false
EXP-04B,exp04b_m06_ro050_lh05,baseline,2.25,6.75,4.50,2,0,0,2,2,false
EXP-04B,exp04b_m06_ro050_lh05,baseline,6.75,7.50,0.75,1,1,0,2,2,false
EXP-04B,exp04b_m06_ro050_lh05,baseline,7.50,10.50,3.00,1,0,0,1,3,false
EXP-04B,exp04b_m06_ro050_lh05,baseline,10.50,12.00,1.50,0,1,0,1,3,false
EXP-04B,exp04b_m06_ro050_lh05,baseline,12.00,14.25,2.25,0,1,3,4,0,true
EXP-04B,exp04b_m06_ro050_lh05,baseline,14.25,15.000,0.750,1,1,2,4,0,false
EXP-04B,exp04b_m06_ro050_lh05,baseline,15.000,15.750,0.750,2,1,1,4,0,false
EXP-04B,exp04b_m06_ro050_lh05,baseline,15.750,16.500,0.750,3,1,0,4,0,false
EXP-04B,exp04b_m06_ro050_lh05,baseline,16.500,18.250,1.750,4,0,0,4,0,false
EXP-04B,exp04b_m06_ro050_lh05,baseline,18.250,19.000,0.750,3,1,0,4,0,false
EXP-04B,exp04b_m06_ro050_lh05,baseline,19.000,19.750,0.750,3,1,0,4,0,false
EXP-04B,exp04b_m06_ro050_lh05,baseline,19.750,20.500,0.750,3,1,0,4,0,false
EXP-04B,exp04b_m06_ro050_lh05,baseline,20.500,22.250,1.750,4,0,0,4,0,false
EXP-04B,exp04b_m06_ro050_lh05,baseline,22.250,23.000,0.750,3,0,0,3,1,false
EXP-04B,exp04b_m06_ro050_lh05,baseline,23.000,23.750,0.750,2,0,0,2,2,false
EXP-04B,exp04b_m06_ro050_lh05,baseline,23.750,25.250,1.500,2,0,0,2,2,false
EXP-04B,exp04b_m06_ro050_lh05,baseline,25.250,27.75,2.500,1,1,0,2,2,false
EXP-04B,exp04b_m06_ro050_lh05,baseline,27.75,29.750,2.000,0,1,1,2,2,false
EXP-04B,exp04b_m06_ro050_lh05,baseline,29.750,32.000,2.250,0,1,0,1,3,false
EXP-04B,exp04b_m06_ro050_lh05,exact,0,1.50000,1.50000,0,1,0,1,3,false
EXP-04B,exp04b_m06_ro050_lh05,exact,1.50000,2.25000,0.75000,1,1,0,2,2,false
EXP-04B,exp04b_m06_ro050_lh05,exact,2.25000,6.75000,4.50000,2,0,0,2,2,false
EXP-04B,exp04b_m06_ro050_lh05,exact,6.75000,7.50000,0.75000,1,1,0,2,2,false
EXP-04B,exp04b_m06_ro050_lh05,exact,7.50000,10.50000,3.00000,1,0,0,1,3,false
EXP-04B,exp04b_m06_ro050_lh05,exact,10.50000,12.00000,1.50000,0,1,0,1,3,false
EXP-04B,exp04b_m06_ro050_lh05,exact,12.00000,12.75000,0.75000,0,1,0,1,3,false
EXP-04B,exp04b_m06_ro050_lh05,exact,12.75000,13.50000,0.75000,1,1,0,2,2,false
EXP-04B,exp04b_m06_ro050_lh05,exact,13.50000,15.75000,2.25000,2,1,0,3,1,false
EXP-04B,exp04b_m06_ro050_lh05,exact,15.75000,16.00000,0.25000,3,1,0,4,0,false
EXP-04B,exp04b_m06_ro050_lh05,exact,16.00000,16.50000,0.50000,2,1,0,3,1,false
EXP-04B,exp04b_m06_ro050_lh05,exact,16.50000,16.75000,0.25000,3,1,0,4,0,false
EXP-04B,exp04b_m06_ro050_lh05,exact,16.75000,17.25000,0.50000,2,1,0,3,1,false
EXP-04B,exp04b_m06_ro050_lh05,exact,17.25000,18.00000,0.75000,3,1,0,4,0,false
EXP-04B,exp04b_m06_ro050_lh05,exact,18.00000,19.75000,1.75000,4,0,0,4,0,false
EXP-04B,exp04b_m06_ro050_lh05,exact,19.75000,20.50000,0.75000,3,1,0,4,0,false
EXP-04B,exp04b_m06_ro050_lh05,exact,20.50000,21.25000,0.75000,3,0,0,3,1,false
EXP-04B,exp04b_m06_ro050_lh05,exact,21.25000,23.75000,2.50000,2,0,0,2,2,false
EXP-04B,exp04b_m06_ro050_lh05,exact,23.75000,25.25000,1.50000,2,0,0,2,2,false
EXP-04B,exp04b_m06_ro050_lh05,exact,25.25000,29.25000,4.00000,1,1,0,2,2,false
EXP-04B,exp04b_m06_ro050_lh05,exact,29.25000,29.75000,0.50000,0,1,1,2,2,false
EXP-04B,exp04b_m06_ro050_lh05,exact,29.75000,32.00000,2.25000,0,1,0,1,3,false
EXP-04B,exp04b_m06_ro050_lh10,baseline,0,1.50,1.50,0,1,1,2,2,false
EXP-04B,exp04b_m06_ro050_lh10,baseline,1.50,2.25,0.75,1,1,0,2,2,false
EXP-04B,exp04b_m06_ro050_lh10,baseline,2.25,6.75,4.50,2,0,0,2,2,false
EXP-04B,exp04b_m06_ro050_lh10,baseline,6.75,7.50,0.75,1,1,0,2,2,false
EXP-04B,exp04b_m06_ro050_lh10,baseline,7.50,10.50,3.00,1,0,0,1,3,false
EXP-04B,exp04b_m06_ro050_lh10,baseline,10.50,12.00,1.50,0,1,0,1,3,false
EXP-04B,exp04b_m06_ro050_lh10,baseline,12.00,14.25,2.25,0,1,3,4,0,true
EXP-04B,exp04b_m06_ro050_lh10,baseline,14.25,15.25,1.00,1,1,2,4,0,false
EXP-04B,exp04b_m06_ro050_lh10,baseline,15.25,16.25,1.00,2,1,1,4,0,false
EXP-04B,exp04b_m06_ro050_lh10,baseline,16.25,17.25,1.00,3,1,0,4,0,false
EXP-04B,exp04b_m06_ro050_lh10,baseline,17.25,18.25,1.00,4,0,0,4,0,false
EXP-04B,exp04b_m06_ro050_lh10,baseline,18.25,19.25,1.00,3,1,0,4,0,false
EXP-04B,exp04b_m06_ro050_lh10,baseline,19.25,20.25,1.00,3,1,0,4,0,false
EXP-04B,exp04b_m06_ro050_lh10,baseline,20.25,21.25,1.00,3,1,0,4,0,false
EXP-04B,exp04b_m06_ro050_lh10,baseline,21.25,22.25,1.00,4,0,0,4,0,false
EXP-04B,exp04b_m06_ro050_lh10,baseline,22.25,23.25,1.00,3,0,0,3,1,false
EXP-04B,exp04b_m06_ro050_lh10,baseline,23.25,24.25,1.00,2,0,0,2,2,false
EXP-04B,exp04b_m06_ro050_lh10,baseline,24.25,27.75,3.50,1,1,0,2,2,false
EXP-04B,exp04b_m06_ro050_lh10,baseline,27.75,30.25,2.50,0,1,1,2,2,false
EXP-04B,exp04b_m06_ro050_lh10,baseline,30.25,32.50,2.25,0,1,0,1,3,false
EXP-04B,exp04b_m06_ro050_lh10,exact,0,1.50000,1.50000,0,1,0,1,3,false
EXP-04B,exp04b_m06_ro050_lh10,exact,1.50000,2.25000,0.75000,1,1,0,2,2,false
EXP-04B,exp04b_m06_ro050_lh10,exact,2.25000,6.75000,4.50000,2,0,0,2,2,false
EXP-04B,exp04b_m06_ro050_lh10,exact,6.75000,7.50000,0.75000,1,1,0,2,2,false
EXP-04B,exp04b_m06_ro050_lh10,exact,7.50000,10.50000,3.00000,1,0,0,1,3,false
EXP-04B,exp04b_m06_ro050_lh10,exact,10.50000,12.00000,1.50000,0,1,0,1,3,false
EXP-04B,exp04b_m06_ro050_lh10,exact,12.00000,13.00000,1.00000,0,1,0,1,3,false
EXP-04B,exp04b_m06_ro050_lh10,exact,13.00000,14.00000,1.00000,1,1,0,2,2,false
EXP-04B,exp04b_m06_ro050_lh10,exact,14.00000,16.00000,2.00000,2,1,0,3,1,false
EXP-04B,exp04b_m06_ro050_lh10,exact,16.00000,16.25000,0.25000,1,1,0,2,2,false
EXP-04B,exp04b_m06_ro050_lh10,exact,16.25000,17.00000,0.75000,2,1,0,3,1,false
EXP-04B,exp04b_m06_ro050_lh10,exact,17.00000,17.25000,0.25000,1,1,0,2,2,false
EXP-04B,exp04b_m06_ro050_lh10,exact,17.25000,18.25000,1.00000,2,1,0,3,1,false
EXP-04B,exp04b_m06_ro050_lh10,exact,18.25000,19.25000,1.00000,3,1,0,4,0,false
EXP-04B,exp04b_m06_ro050_lh10,exact,19.25000,20.25000,1.00000,4,0,0,4,0,false
EXP-04B,exp04b_m06_ro050_lh10,exact,20.25000,21.25000,1.00000,3,1,0,4,0,false
EXP-04B,exp04b_m06_ro050_lh10,exact,21.25000,22.25000,1.00000,3,0,0,3,1,false
EXP-04B,exp04b_m06_ro050_lh10,exact,22.25000,24.25000,2.00000,2,0,0,2,2,false
EXP-04B,exp04b_m06_ro050_lh10,exact,24.25000,29.75000,5.50000,1,1,0,2,2,false
EXP-04B,exp04b_m06_ro050_lh10,exact,29.75000,30.25000,0.50000,0,1,1,2,2,false
EXP-04B,exp04b_m06_ro050_lh10,exact,30.25000,32.50000,2.25000,0,1,0,1,3,false
EXP-04B,exp04b_m06_ro100_lh00,baseline,0,1.50,1.50,0,1,1,2,2,false
EXP-04B,exp04b_m06_ro100_lh00,baseline,1.50,2.25,0.75,1,1,0,2,2,false
EXP-04B,exp04b_m06_ro100_lh00,baseline,2.25,6.75,4.50,2,0,0,2,2,false
EXP-04B,exp04b_m06_ro100_lh00,baseline,6.75,7.50,0.75,1,1,0,2,2,false
EXP-04B,exp04b_m06_ro100_lh00,baseline,7.50,10.50,3.00,1,0,0,1,3,false
EXP-04B,exp04b_m06_ro100_lh00,baseline,10.50,12.00,1.50,0,1,0,1,3,false
EXP-04B,exp04b_m06_ro100_lh00,baseline,12.00,14.25,2.25,0,1,3,4,0,true
EXP-04B,exp04b_m06_ro100_lh00,baseline,14.25,14.75,0.50,1,1,2,4,0,false
EXP-04B,exp04b_m06_ro100_lh00,baseline,14.75,15.25,0.50,2,1,1,4,0,false
EXP-04B,exp04b_m06_ro100_lh00,baseline,15.25,15.75,0.50,3,1,0,4,0,false
EXP-04B,exp04b_m06_ro100_lh00,baseline,15.75,18.75,3.00,4,0,0,4,0,false
EXP-04B,exp04b_m06_ro100_lh00,baseline,18.75,19.25,0.50,3,1,0,4,0,false
EXP-04B,exp04b_m06_ro100_lh00,baseline,19.25,19.75,0.50,3,1,0,4,0,false
EXP-04B,exp04b_m06_ro100_lh00,baseline,19.75,20.25,0.50,3,1,0,4,0,false
EXP-04B,exp04b_m06_ro100_lh00,baseline,20.25,23.25,3.00,4,0,0,4,0,false
EXP-04B,exp04b_m06_ro100_lh00,baseline,23.25,23.75,0.50,3,0,0,3,1,false
EXP-04B,exp04b_m06_ro100_lh00,baseline,23.75,24.25,0.50,2,0,0,2,2,false
EXP-04B,exp04b_m06_ro100_lh00,baseline,24.25,27.75,3.50,2,0,0,2,2,false
EXP-04B,exp04b_m06_ro100_lh00,baseline,27.75,30.00,2.25,1,1,0,2,2,false
EXP-04B,exp04b_m06_ro100_lh00,baseline,30.00,30.25,0.25,1,0,0,1,3,false
EXP-04B,exp04b_m06_ro100_lh00,baseline,30.25,33.25,3.00,0,1,0,1,3,false
EXP-04B,exp04b_m06_ro100_lh00,exact,0,1.50000,1.50000,0,1,0,1,3,false
EXP-04B,exp04b_m06_ro100_lh00,exact,1.50000,2.25000,0.75000,1,1,0,2,2,false
EXP-04B,exp04b_m06_ro100_lh00,exact,2.25000,6.75000,4.50000,2,0,0,2,2,false
EXP-04B,exp04b_m06_ro100_lh00,exact,6.75000,7.50000,0.75000,1,1,0,2,2,false
EXP-04B,exp04b_m06_ro100_lh00,exact,7.50000,10.50000,3.00000,1,0,0,1,3,false
EXP-04B,exp04b_m06_ro100_lh00,exact,10.50000,12.00000,1.50000,0,1,0,1,3,false
EXP-04B,exp04b_m06_ro100_lh00,exact,12.00000,12.50000,0.50000,0,1,0,1,3,false
EXP-04B,exp04b_m06_ro100_lh00,exact,12.50000,13.00000,0.50000,1,1,0,2,2,false
EXP-04B,exp04b_m06_ro100_lh00,exact,13.00000,13.50000,0.50000,2,1,0,3,1,false
EXP-04B,exp04b_m06_ro100_lh00,exact,13.50000,15.75000,2.25000,3,1,0,4,0,false
EXP-04B,exp04b_m06_ro100_lh00,exact,15.75000,16.50000,0.75000,4,0,0,4,0,false
EXP-04B,exp04b_m06_ro100_lh00,exact,16.50000,17.00000,0.50000,3,1,0,4,0,false
EXP-04B,exp04b_m06_ro100_lh00,exact,17.00000,17.50000,0.50000,3,1,0,4,0,false
EXP-04B,exp04b_m06_ro100_lh00,exact,17.50000,18.00000,0.50000,3,1,0,4,0,false
EXP-04B,exp04b_m06_ro100_lh00,exact,18.00000,21.00000,3.00000,4,0,0,4,0,false
EXP-04B,exp04b_m06_ro100_lh00,exact,21.00000,21.50000,0.50000,3,0,0,3,1,false
EXP-04B,exp04b_m06_ro100_lh00,exact,21.50000,22.00000,0.50000,2,0,0,2,2,false
EXP-04B,exp04b_m06_ro100_lh00,exact,22.00000,28.00000,6.00000,2,0,0,2,2,false
EXP-04B,exp04b_m06_ro100_lh00,exact,28.00000,29.25000,1.25000,1,1,0,2,2,false
EXP-04B,exp04b_m06_ro100_lh00,exact,29.25000,31.00000,1.75000,0,1,1,2,2,false
EXP-04B,exp04b_m06_ro100_lh00,exact,31.00000,33.25000,2.25000,0,1,0,1,3,false
EXP-04B,exp04b_m06_ro100_lh05,baseline,0,1.50,1.50,0,1,1,2,2,false
EXP-04B,exp04b_m06_ro100_lh05,baseline,1.50,2.25,0.75,1,1,0,2,2,false
EXP-04B,exp04b_m06_ro100_lh05,baseline,2.25,6.75,4.50,2,0,0,2,2,false
EXP-04B,exp04b_m06_ro100_lh05,baseline,6.75,7.50,0.75,1,1,0,2,2,false
EXP-04B,exp04b_m06_ro100_lh05,baseline,7.50,10.50,3.00,1,0,0,1,3,false
EXP-04B,exp04b_m06_ro100_lh05,baseline,10.50,12.00,1.50,0,1,0,1,3,false
EXP-04B,exp04b_m06_ro100_lh05,baseline,12.00,14.25,2.25,0,1,3,4,0,true
EXP-04B,exp04b_m06_ro100_lh05,baseline,14.25,15.250,1.000,1,1,2,4,0,false
EXP-04B,exp04b_m06_ro100_lh05,baseline,15.250,16.250,1.000,2,1,1,4,0,false
EXP-04B,exp04b_m06_ro100_lh05,baseline,16.250,17.250,1.000,3,1,0,4,0,false
EXP-04B,exp04b_m06_ro100_lh05,baseline,17.250,18.750,1.500,4,0,0,4,0,false
EXP-04B,exp04b_m06_ro100_lh05,baseline,18.750,19.750,1.000,3,1,0,4,0,false
EXP-04B,exp04b_m06_ro100_lh05,baseline,19.750,20.750,1.000,3,1,0,4,0,false
EXP-04B,exp04b_m06_ro100_lh05,baseline,20.750,21.750,1.000,3,1,0,4,0,false
EXP-04B,exp04b_m06_ro100_lh05,baseline,21.750,23.250,1.500,4,0,0,4,0,false
EXP-04B,exp04b_m06_ro100_lh05,baseline,23.250,24.250,1.000,3,0,0,3,1,false
EXP-04B,exp04b_m06_ro100_lh05,baseline,24.250,25.250,1.000,2,0,0,2,2,false
EXP-04B,exp04b_m06_ro100_lh05,baseline,25.250,27.75,2.500,2,0,0,2,2,false
EXP-04B,exp04b_m06_ro100_lh05,baseline,27.75,28.250,0.500,1,1,0,2,2,false
EXP-04B,exp04b_m06_ro100_lh05,baseline,28.250,30.00,1.750,0,1,1,2,2,false
EXP-04B,exp04b_m06_ro100_lh05,baseline,30.00,36.000,6.000,0,1,0,1,3,false
EXP-04B,exp04b_m06_ro100_lh05,exact,0,1.50000,1.50000,0,1,0,1,3,false
EXP-04B,exp04b_m06_ro100_lh05,exact,1.50000,2.25000,0.75000,1,1,0,2,2,false
EXP-04B,exp04b_m06_ro100_lh05,exact,2.25000,6.75000,4.50000,2,0,0,2,2,false
EXP-04B,exp04b_m06_ro100_lh05,exact,6.75000,7.50000,0.75000,1,1,0,2,2,false
EXP-04B,exp04b_m06_ro100_lh05,exact,7.50000,10.50000,3.00000,1,0,0,1,3,false
EXP-04B,exp04b_m06_ro100_lh05,exact,10.50000,12.00000,1.50000,0,1,0,1,3,false
EXP-04B,exp04b_m06_ro100_lh05,exact,12.00000,13.00000,1.00000,0,1,0,1,3,false
EXP-04B,exp04b_m06_ro100_lh05,exact,13.00000,13.00625,0.00625,0,1,0,2,2,false
EXP-04B,exp04b_m06_ro100_lh05,exact,13.00625,14.00000,0.99375,1,1,0,2,2,false
EXP-04B,exp04b_m06_ro100_lh05,exact,14.00000,15.00000,1.00000,2,1,0,3,1,false
EXP-04B,exp04b_m06_ro100_lh05,exact,15.00000,16.50625,1.50625,3,1,0,4,0,false
EXP-04B,exp04b_m06_ro100_lh05,exact,16.50625,17.25000,0.74375,2,1,0,3,1,false
EXP-04B,exp04b_m06_ro100_lh05,exact,17.25000,17.50000,0.25000,2,1,0,4,0,false
EXP-04B,exp04b_m06_ro100_lh05,exact,17.50000,18.25000,0.75000,1,1,0,3,1,false
EXP-04B,exp04b_m06_ro100_lh05,exact,18.25000,18.50000,0.25000,2,1,0,4,0,false
EXP-04B,exp04b_m06_ro100_lh05,exact,18.50000,18.75625,0.25625,1,1,0,3,1,false
EXP-04B,exp04b_m06_ro100_lh05,exact,18.75625,19.25000,0.49375,2,1,0,3,1,false
EXP-04B,exp04b_m06_ro100_lh05,exact,19.25000,20.25000,1.00000,3,1,0,4,0,false
EXP-04B,exp04b_m06_ro100_lh05,exact,20.25000,21.75000,1.50000,4,0,0,4,0,false
EXP-04B,exp04b_m06_ro100_lh05,exact,21.75000,22.75000,1.00000,3,0,0,3,1,false
EXP-04B,exp04b_m06_ro100_lh05,exact,22.75000,23.75000,1.00000,2,0,0,2,2,false
EXP-04B,exp04b_m06_ro100_lh05,exact,23.75000,26.75000,3.00000,2,0,0,2,2,false
EXP-04B,exp04b_m06_ro100_lh05,exact,26.75000,32.25625,5.50625,1,1,0,2,2,false
EXP-04B,exp04b_m06_ro100_lh05,exact,32.25625,32.75000,0.49375,0,1,1,2,2,false
EXP-04B,exp04b_m06_ro100_lh05,exact,32.75000,35.00000,2.25000,0,1,0,1,3,false
EXP-04B,exp04b_m06_ro100_lh10,baseline,0,1.50,1.50,0,1,1,2,2,false
EXP-04B,exp04b_m06_ro100_lh10,baseline,1.50,2.25,0.75,1,1,0,2,2,false
EXP-04B,exp04b_m06_ro100_lh10,baseline,2.25,6.75,4.50,2,0,0,2,2,false
EXP-04B,exp04b_m06_ro100_lh10,baseline,6.75,7.50,0.75,1,1,0,2,2,false
EXP-04B,exp04b_m06_ro100_lh10,baseline,7.50,10.50,3.00,1,0,0,1,3,false
EXP-04B,exp04b_m06_ro100_lh10,baseline,10.50,12.00,1.50,0,1,0,1,3,false
EXP-04B,exp04b_m06_ro100_lh10,baseline,12.00,14.25,2.25,0,1,3,4,0,true
EXP-04B,exp04b_m06_ro100_lh10,baseline,14.25,15.75,1.50,1,1,2,4,0,false
EXP-04B,exp04b_m06_ro100_lh10,baseline,15.75,17.25,1.50,2,1,1,4,0,false
EXP-04B,exp04b_m06_ro100_lh10,baseline,17.25,18.75,1.50,3,1,0,4,0,false
EXP-04B,exp04b_m06_ro100_lh10,baseline,18.75,20.25,1.50,3,1,0,4,0,false
EXP-04B,exp04b_m06_ro100_lh10,baseline,20.25,21.75,1.50,3,1,0,4,0,false
EXP-04B,exp04b_m06_ro100_lh10,baseline,21.75,23.25,1.50,3,1,0,4,0,false
EXP-04B,exp04b_m06_ro100_lh10,baseline,23.25,24.75,1.50,3,0,0,3,1,false
EXP-04B,exp04b_m06_ro100_lh10,baseline,24.75,26.25,1.50,2,0,0,2,2,false
EXP-04B,exp04b_m06_ro100_lh10,baseline,26.25,27.75,1.50,1,1,0,2,2,false
EXP-04B,exp04b_m06_ro100_lh10,baseline,27.75,35.25,7.50,0,1,1,2,2,false
EXP-04B,exp04b_m06_ro100_lh10,baseline,35.25,37.50,2.25,0,1,0,1,3,false
EXP-04B,exp04b_m06_ro100_lh10,exact,0,1.50000,1.50000,0,1,0,1,3,false
EXP-04B,exp04b_m06_ro100_lh10,exact,1.50000,2.25000,0.75000,1,1,0,2,2,false
EXP-04B,exp04b_m06_ro100_lh10,exact,2.25000,6.75000,4.50000,2,0,0,2,2,false
EXP-04B,exp04b_m06_ro100_lh10,exact,6.75000,7.50000,0.75000,1,1,0,2,2,false
EXP-04B,exp04b_m06_ro100_lh10,exact,7.50000,10.50000,3.00000,1,0,0,1,3,false
EXP-04B,exp04b_m06_ro100_lh10,exact,10.50000,12.00000,1.50000,0,1,0,1,3,false
EXP-04B,exp04b_m06_ro100_lh10,exact,12.00000,13.50000,1.50000,0,1,0,1,3,false
EXP-04B,exp04b_m06_ro100_lh10,exact,13.50000,15.00000,1.50000,1,1,0,2,2,false
EXP-04B,exp04b_m06_ro100_lh10,exact,15.00000,16.50000,1.50000,2,1,0,3,1,false
EXP-04B,exp04b_m06_ro100_lh10,exact,16.50000,18.00000,1.50000,2,1,0,3,1,false
EXP-04B,exp04b_m06_ro100_lh10,exact,18.00000,18.75000,0.75000,1,1,0,2,2,false
EXP-04B,exp04b_m06_ro100_lh10,exact,18.75000,19.50000,0.75000,2,1,0,3,1,false
EXP-04B,exp04b_m06_ro100_lh10,exact,19.50000,20.25000,0.75000,1,1,0,2,2,false
EXP-04B,exp04b_m06_ro100_lh10,exact,20.25000,21.75000,1.50000,2,1,0,3,1,false
EXP-04B,exp04b_m06_ro100_lh10,exact,21.75000,23.25000,1.50000,3,1,0,4,0,false
EXP-04B,exp04b_m06_ro100_lh10,exact,23.25000,24.75000,1.50000,3,0,0,3,1,false
EXP-04B,exp04b_m06_ro100_lh10,exact,24.75000,26.25000,1.50000,2,0,0,2,2,false
EXP-04B,exp04b_m06_ro100_lh10,exact,26.25000,32.25000,6.00000,1,1,0,2,2,false
EXP-04B,exp04b_m06_ro100_lh10,exact,32.25000,35.25000,3.00000,0,1,1,2,2,false
EXP-04B,exp04b_m06_ro100_lh10,exact,35.25000,37.50000,2.25000,0,1,0,1,3,false
EXP-04B,exp04b_m06_ro200_lh00,baseline,0,1.50,1.50,0,1,1,2,2,false
EXP-04B,exp04b_m06_ro200_lh00,baseline,1.50,2.25,0.75,1,1,0,2,2,false
EXP-04B,exp04b_m06_ro200_lh00,baseline,2.25,6.75,4.50,2,0,0,2,2,false
EXP-04B,exp04b_m06_ro200_lh00,baseline,6.75,7.50,0.75,1,1,0,2,2,false
EXP-04B,exp04b_m06_ro200_lh00,baseline,7.50,10.50,3.00,1,0,0,1,3,false
EXP-04B,exp04b_m06_ro200_lh00,baseline,10.50,12.00,1.50,0,1,0,1,3,false
EXP-04B,exp04b_m06_ro200_lh00,baseline,12.00,12.50,0.50,0,1,3,4,0,true
EXP-04B,exp04b_m06_ro200_lh00,baseline,12.50,13.00,0.50,1,1,2,4,0,false
EXP-04B,exp04b_m06_ro200_lh00,baseline,13.00,13.50,0.50,2,1,1,4,0,false
EXP-04B,exp04b_m06_ro200_lh00,baseline,13.50,14.00,0.50,3,1,0,4,0,false
EXP-04B,exp04b_m06_ro200_lh00,baseline,14.00,17.50,3.50,4,0,0,4,0,false
EXP-04B,exp04b_m06_ro200_lh00,baseline,17.50,18.00,0.50,3,1,0,4,0,false
EXP-04B,exp04b_m06_ro200_lh00,baseline,18.00,18.50,0.50,3,1,0,4,0,false
EXP-04B,exp04b_m06_ro200_lh00,baseline,18.50,19.00,0.50,3,1,0,4,0,false
EXP-04B,exp04b_m06_ro200_lh00,baseline,19.00,20.75,1.75,2,1,0,3,1,false
EXP-04B,exp04b_m06_ro200_lh00,baseline,20.75,23.00,2.25,3,0,0,3,1,false
EXP-04B,exp04b_m06_ro200_lh00,baseline,23.00,23.50,0.50,2,0,0,2,2,false
EXP-04B,exp04b_m06_ro200_lh00,baseline,23.50,34.25,10.75,2,0,0,2,2,false
EXP-04B,exp04b_m06_ro200_lh00,baseline,34.25,35.50,1.25,1,1,0,2,2,false
EXP-04B,exp04b_m06_ro200_lh00,baseline,35.50,36.50,1.00,0,1,1,2,2,false
EXP-04B,exp04b_m06_ro200_lh00,baseline,36.50,39.50,3.00,0,1,0,1,3,false
EXP-04B,exp04b_m06_ro200_lh00,exact,0,1.50000,1.50000,0,1,0,1,3,false
EXP-04B,exp04b_m06_ro200_lh00,exact,1.50000,2.25000,0.75000,1,1,0,2,2,false
EXP-04B,exp04b_m06_ro200_lh00,exact,2.25000,6.75000,4.50000,2,0,0,2,2,false
EXP-04B,exp04b_m06_ro200_lh00,exact,6.75000,7.50000,0.75000,1,1,0,2,2,false
EXP-04B,exp04b_m06_ro200_lh00,exact,7.50000,10.50000,3.00000,1,0,0,1,3,false
EXP-04B,exp04b_m06_ro200_lh00,exact,10.50000,12.00000,1.50000,0,1,0,1,3,false
EXP-04B,exp04b_m06_ro200_lh00,exact,12.00000,12.50000,0.50000,0,1,0,1,3,false
EXP-04B,exp04b_m06_ro200_lh00,exact,12.50000,13.00000,0.50000,1,1,0,2,2,false
EXP-04B,exp04b_m06_ro200_lh00,exact,13.00000,13.50000,0.50000,2,1,0,3,1,false
EXP-04B,exp04b_m06_ro200_lh00,exact,13.50000,15.75000,2.25000,3,1,0,4,0,false
EXP-04B,exp04b_m06_ro200_lh00,exact,15.75000,17.50000,1.75000,4,0,0,4,0,false
EXP-04B,exp04b_m06_ro200_lh00,exact,17.50000,18.00000,0.50000,3,1,0,4,0,false
EXP-04B,exp04b_m06_ro200_lh00,exact,18.00000,18.50000,0.50000,3,1,0,4,0,false
EXP-04B,exp04b_m06_ro200_lh00,exact,18.50000,19.00000,0.50000,3,1,0,4,0,false
EXP-04B,exp04b_m06_ro200_lh00,exact,19.00000,23.00000,4.00000,4,0,0,4,0,false
EXP-04B,exp04b_m06_ro200_lh00,exact,23.00000,23.50000,0.50000,3,0,0,3,1,false
EXP-04B,exp04b_m06_ro200_lh00,exact,23.50000,24.00000,0.50000,2,0,0,2,2,false
EXP-04B,exp04b_m06_ro200_lh00,exact,24.00000,29.25000,5.25000,2,0,0,2,2,false
EXP-04B,exp04b_m06_ro200_lh00,exact,29.25000,31.50000,2.25000,1,1,0,2,2,false
EXP-04B,exp04b_m06_ro200_lh00,exact,31.50000,36.00000,4.50000,1,0,0,1,3,false
EXP-04B,exp04b_m06_ro200_lh00,exact,36.00000,39.00000,3.00000,0,1,0,1,3,false
EXP-04B,exp04b_m06_ro200_lh05,baseline,0,1.50,1.50,0,1,1,2,2,false
EXP-04B,exp04b_m06_ro200_lh05,baseline,1.50,2.25,0.75,1,1,0,2,2,false
EXP-04B,exp04b_m06_ro200_lh05,baseline,2.25,6.75,4.50,2,0,0,2,2,false
EXP-04B,exp04b_m06_ro200_lh05,baseline,6.75,7.50,0.75,1,1,0,2,2,false
EXP-04B,exp04b_m06_ro200_lh05,baseline,7.50,10.50,3.00,1,0,0,1,3,false
EXP-04B,exp04b_m06_ro200_lh05,baseline,10.50,12.00,1.50,0,1,0,1,3,false
EXP-04B,exp04b_m06_ro200_lh05,baseline,12.00,13.500,1.500,0,1,3,4,0,true
EXP-04B,exp04b_m06_ro200_lh05,baseline,13.500,15.000,1.500,1,1,2,4,0,false
EXP-04B,exp04b_m06_ro200_lh05,baseline,15.000,16.500,1.500,2,1,1,4,0,false
EXP-04B,exp04b_m06_ro200_lh05,baseline,16.500,17.500,1.000,3,1,0,4,0,false
EXP-04B,exp04b_m06_ro200_lh05,baseline,17.500,18.000,0.500,2,1,1,4,0,false
EXP-04B,exp04b_m06_ro200_lh05,baseline,18.000,19.000,1.000,3,1,0,4,0,false
EXP-04B,exp04b_m06_ro200_lh05,baseline,19.000,19.500,0.500,2,1,1,4,0,false
EXP-04B,exp04b_m06_ro200_lh05,baseline,19.500,20.500,1.000,3,1,0,4,0,false
EXP-04B,exp04b_m06_ro200_lh05,baseline,20.500,21.000,0.500,2,1,1,4,0,false
EXP-04B,exp04b_m06_ro200_lh05,baseline,21.000,22.000,1.000,3,1,0,4,0,false
EXP-04B,exp04b_m06_ro200_lh05,baseline,22.000,23.250,1.250,2,1,0,3,1,false
EXP-04B,exp04b_m06_ro200_lh05,baseline,23.250,23.500,0.250,3,0,0,3,1,false
EXP-04B,exp04b_m06_ro200_lh05,baseline,23.500,25.000,1.500,2,0,0,2,2,false
EXP-04B,exp04b_m06_ro200_lh05,baseline,25.000,31.000,6.000,2,0,0,2,2,false
EXP-04B,exp04b_m06_ro200_lh05,baseline,31.000,36.750,5.750,1,1,0,2,2,false
EXP-04B,exp04b_m06_ro200_lh05,baseline,36.750,40.000,3.250,0,1,1,2,2,false
EXP-04B,exp04b_m06_ro200_lh05,baseline,40.000,42.250,2.250,0,1,0,1,3,false
EXP-04B,exp04b_m06_ro200_lh05,exact,0,1.50000,1.50000,0,1,0,1,3,false
EXP-04B,exp04b_m06_ro200_lh05,exact,1.50000,2.25000,0.75000,1,1,0,2,2,false
EXP-04B,exp04b_m06_ro200_lh05,exact,2.25000,6.75000,4.50000,2,0,0,2,2,false
EXP-04B,exp04b_m06_ro200_lh05,exact,6.75000,7.50000,0.75000,1,1,0,2,2,false
EXP-04B,exp04b_m06_ro200_lh05,exact,7.50000,10.50000,3.00000,1,0,0,1,3,false
EXP-04B,exp04b_m06_ro200_lh05,exact,10.50000,12.00000,1.50000,0,1,0,1,3,false
EXP-04B,exp04b_m06_ro200_lh05,exact,12.00000,13.50000,1.50000,0,1,0,1,3,false
EXP-04B,exp04b_m06_ro200_lh05,exact,13.50000,15.00000,1.50000,1,1,0,2,2,false
EXP-04B,exp04b_m06_ro200_lh05,exact,15.00000,16.50000,1.50000,2,1,0,3,1,false
EXP-04B,exp04b_m06_ro200_lh05,exact,16.50000,17.50000,1.00000,3,1,0,4,0,false
EXP-04B,exp04b_m06_ro200_lh05,exact,17.50000,18.00000,0.50000,2,1,0,3,1,false
EXP-04B,exp04b_m06_ro200_lh05,exact,18.00000,19.00000,1.00000,3,1,0,4,0,false
EXP-04B,exp04b_m06_ro200_lh05,exact,19.00000,19.50000,0.50000,2,1,0,3,1,false
EXP-04B,exp04b_m06_ro200_lh05,exact,19.50000,20.50000,1.00000,3,1,0,4,0,false
EXP-04B,exp04b_m06_ro200_lh05,exact,20.50000,21.00000,0.50000,2,1,0,3,1,false
EXP-04B,exp04b_m06_ro200_lh05,exact,21.00000,22.00000,1.00000,3,0,0,3,1,false
EXP-04B,exp04b_m06_ro200_lh05,exact,22.00000,23.50000,1.50000,2,1,0,3,1,false
EXP-04B,exp04b_m06_ro200_lh05,exact,23.50000,24.25000,0.75000,1,1,0,2,2,false
EXP-04B,exp04b_m06_ro200_lh05,exact,24.25000,25.00000,0.75000,2,0,0,2,2,false
EXP-04B,exp04b_m06_ro200_lh05,exact,25.00000,31.00000,6.00000,2,0,0,2,2,false
EXP-04B,exp04b_m06_ro200_lh05,exact,31.00000,37.75000,6.75000,1,1,0,2,2,false
EXP-04B,exp04b_m06_ro200_lh05,exact,37.75000,40.00000,2.25000,0,1,1,2,2,false
EXP-04B,exp04b_m06_ro200_lh05,exact,40.00000,42.25000,2.25000,0,1,0,1,3,false
EXP-04B,exp04b_m06_ro200_lh10,baseline,0,1.50,1.50,0,1,1,2,2,false
EXP-04B,exp04b_m06_ro200_lh10,baseline,1.50,2.25,0.75,1,1,0,2,2,false
EXP-04B,exp04b_m06_ro200_lh10,baseline,2.25,6.75,4.50,2,0,0,2,2,false
EXP-04B,exp04b_m06_ro200_lh10,baseline,6.75,7.50,0.75,1,1,0,2,2,false
EXP-04B,exp04b_m06_ro200_lh10,baseline,7.50,10.50,3.00,1,0,0,1,3,false
EXP-04B,exp04b_m06_ro200_lh10,baseline,10.50,12.00,1.50,0,1,0,1,3,false
EXP-04B,exp04b_m06_ro200_lh10,baseline,12.00,14.50,2.50,0,1,3,4,0,true
EXP-04B,exp04b_m06_ro200_lh10,baseline,14.50,17.00,2.50,1,1,2,4,0,false
EXP-04B,exp04b_m06_ro200_lh10,baseline,17.00,17.50,0.50,2,1,1,4,0,false
EXP-04B,exp04b_m06_ro200_lh10,baseline,17.50,19.50,2.00,1,1,2,4,0,false
EXP-04B,exp04b_m06_ro200_lh10,baseline,19.50,20.00,0.50,2,1,1,4,0,false
EXP-04B,exp04b_m06_ro200_lh10,baseline,20.00,22.00,2.00,1,1,2,4,0,false
EXP-04B,exp04b_m06_ro200_lh10,baseline,22.00,22.50,0.50,2,1,1,4,0,false
EXP-04B,exp04b_m06_ro200_lh10,baseline,22.50,24.50,2.00,1,1,2,4,0,false
EXP-04B,exp04b_m06_ro200_lh10,baseline,24.50,25.00,0.50,2,1,1,4,0,false
EXP-04B,exp04b_m06_ro200_lh10,baseline,25.00,27.00,2.00,1,1,1,3,1,false
EXP-04B,exp04b_m06_ro200_lh10,baseline,27.00,27.50,0.50,2,1,0,3,1,false
EXP-04B,exp04b_m06_ro200_lh10,baseline,27.50,29.25,1.75,1,1,0,2,2,false
EXP-04B,exp04b_m06_ro200_lh10,baseline,29.25,30.00,0.75,2,0,0,2,2,false
EXP-04B,exp04b_m06_ro200_lh10,baseline,30.00,42.75,12.75,1,1,0,2,2,false
EXP-04B,exp04b_m06_ro200_lh10,baseline,42.75,45.00,2.25,0,1,1,2,2,false
EXP-04B,exp04b_m06_ro200_lh10,baseline,45.00,47.25,2.25,0,1,0,1,3,false
EXP-04B,exp04b_m06_ro200_lh10,exact,0,1.50000,1.50000,0,1,0,1,3,false
EXP-04B,exp04b_m06_ro200_lh10,exact,1.50000,2.25000,0.75000,1,1,0,2,2,false
EXP-04B,exp04b_m06_ro200_lh10,exact,2.25000,6.75000,4.50000,2,0,0,2,2,false
EXP-04B,exp04b_m06_ro200_lh10,exact,6.75000,7.50000,0.75000,1,1,0,2,2,false
EXP-04B,exp04b_m06_ro200_lh10,exact,7.50000,10.50000,3.00000,1,0,0,1,3,false
EXP-04B,exp04b_m06_ro200_lh10,exact,10.50000,12.00000,1.50000,0,1,0,1,3,false
EXP-04B,exp04b_m06_ro200_lh10,exact,12.00000,14.25000,2.25000,0,1,0,1,3,false
EXP-04B,exp04b_m06_ro200_lh10,exact,14.25000,16.75000,2.50000,1,1,0,2,2,false
EXP-04B,exp04b_m06_ro200_lh10,exact,16.75000,19.25000,2.50000,2,1,0,3,1,false
EXP-04B,exp04b_m06_ro200_lh10,exact,19.25000,19.75000,0.50000,3,1,0,4,0,false
EXP-04B,exp04b_m06_ro200_lh10,exact,19.75000,21.75000,2.00000,2,1,0,3,1,false
EXP-04B,exp04b_m06_ro200_lh10,exact,21.75000,22.25000,0.50000,3,1,0,4,0,false
EXP-04B,exp04b_m06_ro200_lh10,exact,22.25000,24.25000,2.00000,2,1,0,3,1,false
EXP-04B,exp04b_m06_ro200_lh10,exact,24.25000,24.75000,0.50000,3,1,0,4,0,false
EXP-04B,exp04b_m06_ro200_lh10,exact,24.75000,26.75000,2.00000,2,1,0,3,1,false
EXP-04B,exp04b_m06_ro200_lh10,exact,26.75000,27.25000,0.50000,3,1,0,4,0,false
EXP-04B,exp04b_m06_ro200_lh10,exact,27.25000,27.75000,0.50000,2,1,0,3,1,false
EXP-04B,exp04b_m06_ro200_lh10,exact,27.75000,29.25000,1.50000,1,1,1,3,1,false
EXP-04B,exp04b_m06_ro200_lh10,exact,29.25000,29.75000,0.50000,2,1,0,3,1,false
EXP-04B,exp04b_m06_ro200_lh10,exact,29.75000,31.50000,1.75000,1,1,0,2,2,false
EXP-04B,exp04b_m06_ro200_lh10,exact,31.50000,32.25000,0.75000,1,0,0,1,3,false
EXP-04B,exp04b_m06_ro200_lh10,exact,32.25000,47.25000,15.00000,0,1,0,1,3,false
EXP-04B,exp04b_m08_ro000_lh00,baseline,0,1.50,1.50,0,1,1,2,2,false
EXP-04B,exp04b_m08_ro000_lh00,baseline,1.50,2.25,0.75,1,1,0,2,2,false
EXP-04B,exp04b_m08_ro000_lh00,baseline,2.25,6.75,4.50,2,0,0,2,2,false
EXP-04B,exp04b_m08_ro000_lh00,baseline,6.75,7.50,0.75,1,1,0,2,2,false
EXP-04B,exp04b_m08_ro000_lh00,baseline,7.50,10.50,3.00,1,0,0,1,3,false
EXP-04B,exp04b_m08_ro000_lh00,baseline,10.50,12.00,1.50,0,1,0,1,3,false
EXP-04B,exp04b_m08_ro000_lh00,baseline,12.00,14.25,2.25,0,1,3,4,0,true
EXP-04B,exp04b_m08_ro000_lh00,baseline,14.25,14.625,0.375,1,1,2,4,0,false
EXP-04B,exp04b_m08_ro000_lh00,baseline,14.625,15.000,0.375,2,1,1,4,0,false
EXP-04B,exp04b_m08_ro000_lh00,baseline,15.000,15.375,0.375,3,1,0,4,0,false
EXP-04B,exp04b_m08_ro000_lh00,baseline,15.375,16.875,1.500,4,0,0,4,0,false
EXP-04B,exp04b_m08_ro000_lh00,baseline,16.875,17.250,0.375,3,1,0,4,0,false
EXP-04B,exp04b_m08_ro000_lh00,baseline,17.250,17.625,0.375,3,1,0,4,0,false
EXP-04B,exp04b_m08_ro000_lh00,baseline,17.625,18.000,0.375,3,1,0,4,0,false
EXP-04B,exp04b_m08_ro000_lh00,baseline,18.000,19.500,1.500,4,0,0,4,0,false
EXP-04B,exp04b_m08_ro000_lh00,baseline,19.500,19.875,0.375,3,1,0,4,0,false
EXP-04B,exp04b_m08_ro000_lh00,baseline,19.875,20.250,0.375,3,1,0,4,0,false
EXP-04B,exp04b_m08_ro000_lh00,baseline,20.250,22.125,1.875,3,0,0,3,1,false
EXP-04B,exp04b_m08_ro000_lh00,baseline,22.125,22.500,0.375,2,0,0,2,2,false
EXP-04B,exp04b_m08_ro000_lh00,baseline,22.500,25.500,3.000,1,1,0,2,2,false
EXP-04B,exp04b_m08_ro000_lh00,baseline,25.500,27.75,2.250,1,0,0,1,3,false
EXP-04B,exp04b_m08_ro000_lh00,baseline,27.75,30.00,2.25,0,1,0,1,3,false
EXP-04B,exp04b_m08_ro000_lh00,exact,0,1.50000,1.50000,0,1,0,1,3,false
EXP-04B,exp04b_m08_ro000_lh00,exact,1.50000,2.25000,0.75000,1,1,0,2,2,false
EXP-04B,exp04b_m08_ro000_lh00,exact,2.25000,6.75000,4.50000,2,0,0,2,2,false
EXP-04B,exp04b_m08_ro000_lh00,exact,6.75000,7.50000,0.75000,1,1,0,2,2,false
EXP-04B,exp04b_m08_ro000_lh00,exact,7.50000,10.50000,3.00000,1,0,0,1,3,false
EXP-04B,exp04b_m08_ro000_lh00,exact,10.50000,12.00000,1.50000,0,1,0,1,3,false
EXP-04B,exp04b_m08_ro000_lh00,exact,12.00000,14.25000,2.25000,0,1,0,1,3,false
EXP-04B,exp04b_m08_ro000_lh00,exact,14.25000,14.62500,0.37500,1,1,0,2,2,false
EXP-04B,exp04b_m08_ro000_lh00,exact,14.62500,15.00000,0.37500,2,1,0,3,1,false
EXP-04B,exp04b_m08_ro000_lh00,exact,15.00000,15.37500,0.37500,3,1,0,4,0,false
EXP-04B,exp04b_m08_ro000_lh00,exact,15.37500,16.87500,1.50000,4,0,0,4,0,false
EXP-04B,exp04b_m08_ro000_lh00,exact,16.87500,17.25000,0.37500,3,1,0,4,0,false
EXP-04B,exp04b_m08_ro000_lh00,exact,17.25000,17.62500,0.37500,3,1,0,4,0,false
EXP-04B,exp04b_m08_ro000_lh00,exact,17.62500,19.50000,1.87500,3,0,0,3,1,false
EXP-04B,exp04b_m08_ro000_lh00,exact,19.50000,19.87500,0.37500,2,1,0,3,1,false
EXP-04B,exp04b_m08_ro000_lh00,exact,19.87500,20.25000,0.37500,2,1,0,3,1,false
EXP-04B,exp04b_m08_ro000_lh00,exact,20.25000,22.12500,1.87500,3,0,0,3,1,false
EXP-04B,exp04b_m08_ro000_lh00,exact,22.12500,22.50000,0.37500,2,1,0,3,1,false
EXP-04B,exp04b_m08_ro000_lh00,exact,22.50000,24.75000,2.25000,2,0,0,2,2,false
EXP-04B,exp04b_m08_ro000_lh00,exact,24.75000,27.75000,3.00000,1,1,0,2,2,false
EXP-04B,exp04b_m08_ro000_lh00,exact,27.75000,30.00000,2.25000,0,1,0,1,3,false
EXP-04B,exp04b_m08_ro025_lh00,baseline,0,1.50,1.50,0,1,1,2,2,false
EXP-04B,exp04b_m08_ro025_lh00,baseline,1.50,2.25,0.75,1,1,0,2,2,false
EXP-04B,exp04b_m08_ro025_lh00,baseline,2.25,6.75,4.50,2,0,0,2,2,false
EXP-04B,exp04b_m08_ro025_lh00,baseline,6.75,7.50,0.75,1,1,0,2,2,false
EXP-04B,exp04b_m08_ro025_lh00,baseline,7.50,10.50,3.00,1,0,0,1,3,false
EXP-04B,exp04b_m08_ro025_lh00,baseline,10.50,12.00,1.50,0,1,0,1,3,false
EXP-04B,exp04b_m08_ro025_lh00,baseline,12.00,14.25,2.25,0,1,3,4,0,true
EXP-04B,exp04b_m08_ro025_lh00,baseline,14.25,14.625,0.375,1,1,2,4,0,false
EXP-04B,exp04b_m08_ro025_lh00,baseline,14.625,15.000,0.375,2,1,1,4,0,false
EXP-04B,exp04b_m08_ro025_lh00,baseline,15.000,15.375,0.375,3,1,0,4,0,false
EXP-04B,exp04b_m08_ro025_lh00,baseline,15.375,17.1375,1.7625,4,0,0,4,0,false
EXP-04B,exp04b_m08_ro025_lh00,baseline,17.1375,17.5125,0.3750,3,1,0,4,0,false
EXP-04B,exp04b_m08_ro025_lh00,baseline,17.5125,17.8875,0.3750,3,1,0,4,0,false
EXP-04B,exp04b_m08_ro025_lh00,baseline,17.8875,18.2625,0.3750,3,1,0,4,0,false
EXP-04B,exp04b_m08_ro025_lh00,baseline,18.2625,20.0250,1.7625,4,0,0,4,0,false
EXP-04B,exp04b_m08_ro025_lh00,baseline,20.0250,20.4000,0.3750,3,1,0,4,0,false
EXP-04B,exp04b_m08_ro025_lh00,baseline,20.4000,20.7750,0.3750,3,1,0,4,0,false
EXP-04B,exp04b_m08_ro025_lh00,baseline,20.7750,22.9125,2.1375,3,0,0,3,1,false
EXP-04B,exp04b_m08_ro025_lh00,baseline,22.9125,23.2875,0.3750,2,0,0,2,2,false
EXP-04B,exp04b_m08_ro025_lh00,baseline,23.2875,25.3875,2.1000,2,0,0,2,2,false
EXP-04B,exp04b_m08_ro025_lh00,baseline,25.3875,27.75,2.3625,1,1,0,2,2,false
EXP-04B,exp04b_m08_ro025_lh00,baseline,27.75,28.3875,0.6375,0,1,1,2,2,false
EXP-04B,exp04b_m08_ro025_lh00,baseline,28.3875,30.6375,2.2500,0,1,0,1,3,false
EXP-04B,exp04b_m08_ro025_lh00,exact,0,1.50000,1.50000,0,1,0,1,3,false
EXP-04B,exp04b_m08_ro025_lh00,exact,1.50000,2.25000,0.75000,1,1,0,2,2,false
EXP-04B,exp04b_m08_ro025_lh00,exact,2.25000,6.75000,4.50000,2,0,0,2,2,false
EXP-04B,exp04b_m08_ro025_lh00,exact,6.75000,7.50000,0.75000,1,1,0,2,2,false
EXP-04B,exp04b_m08_ro025_lh00,exact,7.50000,10.50000,3.00000,1,0,0,1,3,false
EXP-04B,exp04b_m08_ro025_lh00,exact,10.50000,12.00000,1.50000,0,1,0,1,3,false
EXP-04B,exp04b_m08_ro025_lh00,exact,12.00000,12.37500,0.37500,0,1,0,1,3,false
EXP-04B,exp04b_m08_ro025_lh00,exact,12.37500,14.62500,2.25000,1,1,0,2,2,false
EXP-04B,exp04b_m08_ro025_lh00,exact,14.62500,14.88750,0.26250,2,1,0,3,1,false
EXP-04B,exp04b_m08_ro025_lh00,exact,14.88750,15.00000,0.11250,1,1,0,2,2,false
EXP-04B,exp04b_m08_ro025_lh00,exact,15.00000,15.37500,0.37500,2,1,0,3,1,false
EXP-04B,exp04b_m08_ro025_lh00,exact,15.37500,15.75000,0.37500,3,1,0,4,0,false
EXP-04B,exp04b_m08_ro025_lh00,exact,15.75000,17.51250,1.76250,4,0,0,4,0,false
EXP-04B,exp04b_m08_ro025_lh00,exact,17.51250,17.88750,0.37500,3,1,0,4,0,false
EXP-04B,exp04b_m08_ro025_lh00,exact,17.88750,18.26250,0.37500,3,1,0,4,0,false
EXP-04B,exp04b_m08_ro025_lh00,exact,18.26250,18.63750,0.37500,3,1,0,4,0,false
EXP-04B,exp04b_m08_ro025_lh00,exact,18.63750,20.40000,1.76250,4,0,0,4,0,false
EXP-04B,exp04b_m08_ro025_lh00,exact,20.40000,20.77500,0.37500,3,1,0,4,0,false
EXP-04B,exp04b_m08_ro025_lh00,exact,20.77500,21.15000,0.37500,3,0,0,3,1,false
EXP-04B,exp04b_m08_ro025_lh00,exact,21.15000,23.28750,2.13750,2,0,0,2,2,false
EXP-04B,exp04b_m08_ro025_lh00,exact,23.28750,25.38750,2.10000,2,0,0,2,2,false
EXP-04B,exp04b_m08_ro025_lh00,exact,25.38750,28.12500,2.73750,1,1,0,2,2,false
EXP-04B,exp04b_m08_ro025_lh00,exact,28.12500,28.38750,0.26250,0,1,1,2,2,false
EXP-04B,exp04b_m08_ro025_lh00,exact,28.38750,30.63750,2.25000,0,1,0,1,3,false
EXP-04B,exp04b_m08_ro025_lh05,baseline,0,1.50,1.50,0,1,1,2,2,false
EXP-04B,exp04b_m08_ro025_lh05,baseline,1.50,2.25,0.75,1,1,0,2,2,false
EXP-04B,exp04b_m08_ro025_lh05,baseline,2.25,6.75,4.50,2,0,0,2,2,false
EXP-04B,exp04b_m08_ro025_lh05,baseline,6.75,7.50,0.75,1,1,0,2,2,false
EXP-04B,exp04b_m08_ro025_lh05,baseline,7.50,10.50,3.00,1,0,0,1,3,false
EXP-04B,exp04b_m08_ro025_lh05,baseline,10.50,12.00,1.50,0,1,0,1,3,false
EXP-04B,exp04b_m08_ro025_lh05,baseline,12.00,14.25,2.25,0,1,3,4,0,true
EXP-04B,exp04b_m08_ro025_lh05,baseline,14.25,14.75625,0.50625,1,1,2,4,0,false
EXP-04B,exp04b_m08_ro025_lh05,baseline,14.75625,15.26250,0.50625,2,1,1,4,0,false
EXP-04B,exp04b_m08_ro025_lh05,baseline,15.26250,15.76875,0.50625,3,1,0,4,0,false
EXP-04B,exp04b_m08_ro025_lh05,baseline,15.76875,17.13750,1.36875,4,0,0,4,0,false
EXP-04B,exp04b_m08_ro025_lh05,baseline,17.13750,17.64375,0.50625,3,1,0,4,0,false
EXP-04B,exp04b_m08_ro025_lh05,baseline,17.64375,18.15000,0.50625,3,1,0,4,0,false
EXP-04B,exp04b_m08_ro025_lh05,baseline,18.15000,18.65625,0.50625,3,1,0,4,0,false
EXP-04B,exp04b_m08_ro025_lh05,baseline,18.65625,20.02500,1.36875,4,0,0,4,0,false
EXP-04B,exp04b_m08_ro025_lh05,baseline,20.02500,20.53125,0.50625,3,1,0,4,0,false
EXP-04B,exp04b_m08_ro025_lh05,baseline,20.53125,21.03750,0.50625,3,1,0,4,0,false
EXP-04B,exp04b_m08_ro025_lh05,baseline,21.03750,22.91250,1.87500,3,0,0,3,1,false
EXP-04B,exp04b_m08_ro025_lh05,baseline,22.91250,23.41875,0.50625,2,0,0,2,2,false
EXP-04B,exp04b_m08_ro025_lh05,baseline,23.41875,24.46875,1.05000,2,0,0,2,2,false
EXP-04B,exp04b_m08_ro025_lh05,baseline,24.46875,27.75,3.28125,1,1,0,2,2,false
EXP-04B,exp04b_m08_ro025_lh05,baseline,27.75,28.51875,0.76875,0,1,1,2,2,false
EXP-04B,exp04b_m08_ro025_lh05,baseline,28.51875,30.76875,2.25000,0,1,0,1,3,false
EXP-04B,exp04b_m08_ro025_lh05,exact,0,1.50000,1.50000,0,1,0,1,3,false
EXP-04B,exp04b_m08_ro025_lh05,exact,1.50000,2.25000,0.75000,1,1,0,2,2,false
EXP-04B,exp04b_m08_ro025_lh05,exact,2.25000,6.75000,4.50000,2,0,0,2,2,false
EXP-04B,exp04b_m08_ro025_lh05,exact,6.75000,7.50000,0.75000,1,1,0,2,2,false
EXP-04B,exp04b_m08_ro025_lh05,exact,7.50000,10.50000,3.00000,1,0,0,1,3,false
EXP-04B,exp04b_m08_ro025_lh05,exact,10.50000,12.00000,1.50000,0,1,0,1,3,false
EXP-04B,exp04b_m08_ro025_lh05,exact,12.00000,12.50625,0.50625,0,1,0,1,3,false
EXP-04B,exp04b_m08_ro025_lh05,exact,12.50625,14.75625,2.25000,1,1,0,2,2,false
EXP-04B,exp04b_m08_ro025_lh05,exact,14.75625,14.88750,0.13125,2,1,0,3,1,false
EXP-04B,exp04b_m08_ro025_lh05,exact,14.88750,15.26250,0.37500,1,1,0,2,2,false
EXP-04B,exp04b_m08_ro025_lh05,exact,15.26250,15.76875,0.50625,2,1,0,3,1,false
EXP-04B,exp04b_m08_ro025_lh05,exact,15.76875,16.27500,0.50625,3,1,0,4,0,false
EXP-04B,exp04b_m08_ro025_lh05,exact,16.27500,17.64375,1.36875,4,0,0,4,0,false
EXP-04B,exp04b_m08_ro025_lh05,exact,17.64375,18.15000,0.50625,3,1,0,4,0,false
EXP-04B,exp04b_m08_ro025_lh05,exact,18.15000,18.65625,0.50625,3,1,0,4,0,false
EXP-04B,exp04b_m08_ro025_lh05,exact,18.65625,19.16250,0.50625,3,1,0,4,0,false
EXP-04B,exp04b_m08_ro025_lh05,exact,19.16250,20.53125,1.36875,4,0,0,4,0,false
EXP-04B,exp04b_m08_ro025_lh05,exact,20.53125,21.03750,0.50625,3,1,0,4,0,false
EXP-04B,exp04b_m08_ro025_lh05,exact,21.03750,21.54375,0.50625,3,0,0,3,1,false
EXP-04B,exp04b_m08_ro025_lh05,exact,21.54375,23.41875,1.87500,2,0,0,2,2,false
EXP-04B,exp04b_m08_ro025_lh05,exact,23.41875,24.46875,1.05000,2,0,0,2,2,false
EXP-04B,exp04b_m08_ro025_lh05,exact,24.46875,28.25625,3.78750,1,1,0,2,2,false
EXP-04B,exp04b_m08_ro025_lh05,exact,28.25625,28.51875,0.26250,0,1,1,2,2,false
EXP-04B,exp04b_m08_ro025_lh05,exact,28.51875,30.76875,2.25000,0,1,0,1,3,false
EXP-04B,exp04b_m08_ro025_lh10,baseline,0,1.50,1.50,0,1,1,2,2,false
EXP-04B,exp04b_m08_ro025_lh10,baseline,1.50,2.25,0.75,1,1,0,2,2,false
EXP-04B,exp04b_m08_ro025_lh10,baseline,2.25,6.75,4.50,2,0,0,2,2,false
EXP-04B,exp04b_m08_ro025_lh10,baseline,6.75,7.50,0.75,1,1,0,2,2,false
EXP-04B,exp04b_m08_ro025_lh10,baseline,7.50,10.50,3.00,1,0,0,1,3,false
EXP-04B,exp04b_m08_ro025_lh10,baseline,10.50,12.00,1.50,0,1,0,1,3,false
EXP-04B,exp04b_m08_ro025_lh10,baseline,12.00,14.25,2.25,0,1,3,4,0,true
EXP-04B,exp04b_m08_ro025_lh10,baseline,14.25,14.8875,0.6375,1,1,2,4,0,false
EXP-04B,exp04b_m08_ro025_lh10,baseline,14.8875,15.5250,0.6375,2,1,1,4,0,false
EXP-04B,exp04b_m08_ro025_lh10,baseline,15.5250,16.1625,0.6375,3,1,0,4,0,false
EXP-04B,exp04b_m08_ro025_lh10,baseline,16.1625,17.1375,0.9750,4,0,0,4,0,false
EXP-04B,exp04b_m08_ro025_lh10,baseline,17.1375,17.7750,0.6375,3,1,0,4,0,false
EXP-04B,exp04b_m08_ro025_lh10,baseline,17.7750,18.4125,0.6375,3,1,0,4,0,false
EXP-04B,exp04b_m08_ro025_lh10,baseline,18.4125,19.0500,0.6375,3,1,0,4,0,false
EXP-04B,exp04b_m08_ro025_lh10,baseline,19.0500,20.0250,0.9750,4,0,0,4,0,false
EXP-04B,exp04b_m08_ro025_lh10,baseline,20.0250,20.6625,0.6375,3,1,0,4,0,false
EXP-04B,exp04b_m08_ro025_lh10,baseline,20.6625,21.3000,0.6375,3,1,0,4,0,false
EXP-04B,exp04b_m08_ro025_lh10,baseline,21.3000,22.9125,1.6125,3,0,0,3,1,false
EXP-04B,exp04b_m08_ro025_lh10,baseline,22.9125,23.5500,0.6375,2,0,0,2,2,false
EXP-04B,exp04b_m08_ro025_lh10,baseline,23.5500,27.75,4.2000,1,1,0,2,2,false
EXP-04B,exp04b_m08_ro025_lh10,baseline,27.75,28.6500,0.9000,0,1,1,2,2,false
EXP-04B,exp04b_m08_ro025_lh10,baseline,28.6500,30.9000,2.2500,0,1,0,1,3,false
EXP-04B,exp04b_m08_ro025_lh10,exact,0,1.50000,1.50000,0,1,0,1,3,false
EXP-04B,exp04b_m08_ro025_lh10,exact,1.50000,2.25000,0.75000,1,1,0,2,2,false
EXP-04B,exp04b_m08_ro025_lh10,exact,2.25000,6.75000,4.50000,2,0,0,2,2,false
EXP-04B,exp04b_m08_ro025_lh10,exact,6.75000,7.50000,0.75000,1,1,0,2,2,false
EXP-04B,exp04b_m08_ro025_lh10,exact,7.50000,10.50000,3.00000,1,0,0,1,3,false
EXP-04B,exp04b_m08_ro025_lh10,exact,10.50000,12.00000,1.50000,0,1,0,1,3,false
EXP-04B,exp04b_m08_ro025_lh10,exact,12.00000,12.63750,0.63750,0,1,0,1,3,false
EXP-04B,exp04b_m08_ro025_lh10,exact,12.63750,14.88750,2.25000,1,1,0,2,2,false
EXP-04B,exp04b_m08_ro025_lh10,exact,14.88750,15.52500,0.63750,1,1,0,2,2,false
EXP-04B,exp04b_m08_ro025_lh10,exact,15.52500,16.16250,0.63750,2,1,0,3,1,false
EXP-04B,exp04b_m08_ro025_lh10,exact,16.16250,16.80000,0.63750,3,1,0,4,0,false
EXP-04B,exp04b_m08_ro025_lh10,exact,16.80000,17.77500,0.97500,4,0,0,4,0,false
EXP-04B,exp04b_m08_ro025_lh10,exact,17.77500,18.41250,0.63750,3,1,0,4,0,false
EXP-04B,exp04b_m08_ro025_lh10,exact,18.41250,19.05000,0.63750,3,1,0,4,0,false
EXP-04B,exp04b_m08_ro025_lh10,exact,19.05000,19.68750,0.63750,3,1,0,4,0,false
EXP-04B,exp04b_m08_ro025_lh10,exact,19.68750,20.66250,0.97500,4,0,0,4,0,false
EXP-04B,exp04b_m08_ro025_lh10,exact,20.66250,21.30000,0.63750,3,1,0,4,0,false
EXP-04B,exp04b_m08_ro025_lh10,exact,21.30000,21.93750,0.63750,3,0,0,3,1,false
EXP-04B,exp04b_m08_ro025_lh10,exact,21.93750,23.55000,1.61250,2,0,0,2,2,false
EXP-04B,exp04b_m08_ro025_lh10,exact,23.55000,28.38750,4.83750,1,1,0,2,2,false
EXP-04B,exp04b_m08_ro025_lh10,exact,28.38750,28.65000,0.26250,0,1,1,2,2,false
EXP-04B,exp04b_m08_ro025_lh10,exact,28.65000,30.90000,2.25000,0,1,0,1,3,false
EXP-04B,exp04b_m08_ro050_lh00,baseline,0,1.50,1.50,0,1,1,2,2,false
EXP-04B,exp04b_m08_ro050_lh00,baseline,1.50,2.25,0.75,1,1,0,2,2,false
EXP-04B,exp04b_m08_ro050_lh00,baseline,2.25,6.75,4.50,2,0,0,2,2,false
EXP-04B,exp04b_m08_ro050_lh00,baseline,6.75,7.50,0.75,1,1,0,2,2,false
EXP-04B,exp04b_m08_ro050_lh00,baseline,7.50,10.50,3.00,1,0,0,1,3,false
EXP-04B,exp04b_m08_ro050_lh00,baseline,10.50,12.00,1.50,0,1,0,1,3,false
EXP-04B,exp04b_m08_ro050_lh00,baseline,12.00,14.25,2.25,0,1,3,4,0,true
EXP-04B,exp04b_m08_ro050_lh00,baseline,14.25,14.625,0.375,1,1,2,4,0,false
EXP-04B,exp04b_m08_ro050_lh00,baseline,14.625,15.000,0.375,2,1,1,4,0,false
EXP-04B,exp04b_m08_ro050_lh00,baseline,15.000,15.375,0.375,3,1,0,4,0,false
EXP-04B,exp04b_m08_ro050_lh00,baseline,15.375,17.400,2.025,4,0,0,4,0,false
EXP-04B,exp04b_m08_ro050_lh00,baseline,17.400,17.775,0.375,3,1,0,4,0,false
EXP-04B,exp04b_m08_ro050_lh00,baseline,17.775,18.150,0.375,3,1,0,4,0,false
EXP-04B,exp04b_m08_ro050_lh00,baseline,18.150,18.525,0.375,3,1,0,4,0,false
EXP-04B,exp04b_m08_ro050_lh00,baseline,18.525,20.550,2.025,4,0,0,4,0,false
EXP-04B,exp04b_m08_ro050_lh00,baseline,20.550,20.925,0.375,3,1,0,4,0,false
EXP-04B,exp04b_m08_ro050_lh00,baseline,20.925,21.300,0.375,3,1,0,4,0,false
EXP-04B,exp04b_m08_ro050_lh00,baseline,21.300,23.700,2.400,3,0,0,3,1,false
EXP-04B,exp04b_m08_ro050_lh00,baseline,23.700,24.075,0.375,2,0,0,2,2,false
EXP-04B,exp04b_m08_ro050_lh00,baseline,24.075,27.75,3.675,2,0,0,2,2,false
EXP-04B,exp04b_m08_ro050_lh00,baseline,27.75,28.275,0.525,1,1,0,2,2,false
EXP-04B,exp04b_m08_ro050_lh00,baseline,28.275,30.00,1.725,0,1,1,2,2,false
EXP-04B,exp04b_m08_ro050_lh00,baseline,30.00,33.00,3.00,0,1,0,1,3,false
EXP-04B,exp04b_m08_ro050_lh00,exact,0,1.50000,1.50000,0,1,0,1,3,false
EXP-04B,exp04b_m08_ro050_lh00,exact,1.50000,2.25000,0.75000,1,1,0,2,2,false
EXP-04B,exp04b_m08_ro050_lh00,exact,2.25000,6.75000,4.50000,2,0,0,2,2,false
EXP-04B,exp04b_m08_ro050_lh00,exact,6.75000,7.50000,0.75000,1,1,0,2,2,false
EXP-04B,exp04b_m08_ro050_lh00,exact,7.50000,10.50000,3.00000,1,0,0,1,3,false
EXP-04B,exp04b_m08_ro050_lh00,exact,10.50000,12.00000,1.50000,0,1,0,1,3,false
EXP-04B,exp04b_m08_ro050_lh00,exact,12.00000,12.37500,0.37500,0,1,0,1,3,false
EXP-04B,exp04b_m08_ro050_lh00,exact,12.37500,12.75000,0.37500,1,1,0,2,2,false
EXP-04B,exp04b_m08_ro050_lh00,exact,12.75000,13.12500,0.37500,2,1,0,3,1,false
EXP-04B,exp04b_m08_ro050_lh00,exact,13.12500,15.15000,2.02500,3,1,0,4,0,false
EXP-04B,exp04b_m08_ro050_lh00,exact,15.15000,15.37500,0.22500,2,1,0,3,1,false
EXP-04B,exp04b_m08_ro050_lh00,exact,15.37500,15.52500,0.15000,3,1,0,4,0,false
EXP-04B,exp04b_m08_ro050_lh00,exact,15.52500,15.75000,0.22500,2,1,0,3,1,false
EXP-04B,exp04b_m08_ro050_lh00,exact,15.75000,15.90000,0.15000,3,1,0,4,0,false
EXP-04B,exp04b_m08_ro050_lh00,exact,15.90000,16.12500,0.22500,2,1,0,3,1,false
EXP-04B,exp04b_m08_ro050_lh00,exact,16.12500,16.50000,0.37500,3,1,0,4,0,false
EXP-04B,exp04b_m08_ro050_lh00,exact,16.50000,18.52500,2.02500,4,0,0,4,0,false
EXP-04B,exp04b_m08_ro050_lh00,exact,18.52500,18.90000,0.37500,3,1,0,4,0,false
EXP-04B,exp04b_m08_ro050_lh00,exact,18.90000,19.27500,0.37500,3,1,0,4,0,false
EXP-04B,exp04b_m08_ro050_lh00,exact,19.27500,21.67500,2.40000,3,0,0,3,1,false
EXP-04B,exp04b_m08_ro050_lh00,exact,21.67500,22.05000,0.37500,2,0,0,2,2,false
EXP-04B,exp04b_m08_ro050_lh00,exact,22.05000,26.25000,4.20000,2,0,0,2,2,false
EXP-04B,exp04b_m08_ro050_lh00,exact,26.25000,28.87500,2.62500,1,1,0,2,2,false
EXP-04B,exp04b_m08_ro050_lh00,exact,28.87500,29.25000,0.37500,0,1,1,2,2,false
EXP-04B,exp04b_m08_ro050_lh00,exact,29.25000,31.50000,2.25000,0,1,0,1,3,false
EXP-04B,exp04b_m08_ro050_lh05,baseline,0,1.50,1.50,0,1,1,2,2,false
EXP-04B,exp04b_m08_ro050_lh05,baseline,1.50,2.25,0.75,1,1,0,2,2,false
EXP-04B,exp04b_m08_ro050_lh05,baseline,2.25,6.75,4.50,2,0,0,2,2,false
EXP-04B,exp04b_m08_ro050_lh05,baseline,6.75,7.50,0.75,1,1,0,2,2,false
EXP-04B,exp04b_m08_ro050_lh05,baseline,7.50,10.50,3.00,1,0,0,1,3,false
EXP-04B,exp04b_m08_ro050_lh05,baseline,10.50,12.00,1.50,0,1,0,1,3,false
EXP-04B,exp04b_m08_ro050_lh05,baseline,12.00,14.25,2.25,0,1,3,4,0,true
EXP-04B,exp04b_m08_ro050_lh05,baseline,14.25,14.8875,0.6375,1,1,2,4,0,false
EXP-04B,exp04b_m08_ro050_lh05,baseline,14.8875,15.5250,0.6375,2,1,1,4,0,false
EXP-04B,exp04b_m08_ro050_lh05,baseline,15.5250,16.1625,0.6375,3,1,0,4,0,false
EXP-04B,exp04b_m08_ro050_lh05,baseline,16.1625,17.4000,1.2375,4,0,0,4,0,false
EXP-04B,exp04b_m08_ro050_lh05,baseline,17.4000,18.0375,0.6375,3,1,0,4,0,false
EXP-04B,exp04b_m08_ro050_lh05,baseline,18.0375,18.6750,0.6375,3,1,0,4,0,false
EXP-04B,exp04b_m08_ro050_lh05,baseline,18.6750,19.3125,0.6375,3,1,0,4,0,false
EXP-04B,exp04b_m08_ro050_lh05,baseline,19.3125,20.5500,1.2375,4,0,0,4,0,false
EXP-04B,exp04b_m08_ro050_lh05,baseline,20.5500,21.1875,0.6375,3,1,0,4,0,false
EXP-04B,exp04b_m08_ro050_lh05,baseline,21.1875,21.8250,0.6375,3,1,0,4,0,false
EXP-04B,exp04b_m08_ro050_lh05,baseline,21.8250,23.7000,1.8750,3,0,0,3,1,false
EXP-04B,exp04b_m08_ro050_lh05,baseline,23.7000,24.3375,0.6375,2,0,0,2,2,false
EXP-04B,exp04b_m08_ro050_lh05,baseline,24.3375,26.4375,2.1000,2,0,0,2,2,false
EXP-04B,exp04b_m08_ro050_lh05,baseline,26.4375,27.75,1.3125,1,1,0,2,2,false
EXP-04B,exp04b_m08_ro050_lh05,baseline,27.75,31.5375,3.7875,0,1,1,2,2,false
EXP-04B,exp04b_m08_ro050_lh05,baseline,31.5375,33.7875,2.2500,0,1,0,1,3,false
EXP-04B,exp04b_m08_ro050_lh05,exact,0,1.50000,1.50000,0,1,0,1,3,false
EXP-04B,exp04b_m08_ro050_lh05,exact,1.50000,2.25000,0.75000,1,1,0,2,2,false
EXP-04B,exp04b_m08_ro050_lh05,exact,2.25000,6.75000,4.50000,2,0,0,2,2,false
EXP-04B,exp04b_m08_ro050_lh05,exact,6.75000,7.50000,0.75000,1,1,0,2,2,false
EXP-04B,exp04b_m08_ro050_lh05,exact,7.50000,10.50000,3.00000,1,0,0,1,3,false
EXP-04B,exp04b_m08_ro050_lh05,exact,10.50000,12.00000,1.50000,0,1,0,1,3,false
EXP-04B,exp04b_m08_ro050_lh05,exact,12.00000,12.63750,0.63750,0,1,0,1,3,false
EXP-04B,exp04b_m08_ro050_lh05,exact,12.63750,13.27500,0.63750,1,1,0,2,2,false
EXP-04B,exp04b_m08_ro050_lh05,exact,13.27500,13.91250,0.63750,2,1,0,3,1,false
EXP-04B,exp04b_m08_ro050_lh05,exact,13.91250,15.15000,1.23750,3,1,0,4,0,false
EXP-04B,exp04b_m08_ro050_lh05,exact,15.15000,15.78750,0.63750,2,1,0,3,1,false
EXP-04B,exp04b_m08_ro050_lh05,exact,15.78750,16.16250,0.37500,1,1,0,2,2,false
EXP-04B,exp04b_m08_ro050_lh05,exact,16.16250,16.42500,0.26250,2,1,0,3,1,false
EXP-04B,exp04b_m08_ro050_lh05,exact,16.42500,16.80000,0.37500,1,1,0,2,2,false
EXP-04B,exp04b_m08_ro050_lh05,exact,16.80000,17.43750,0.63750,2,1,0,3,1,false
EXP-04B,exp04b_m08_ro050_lh05,exact,17.43750,18.07500,0.63750,3,1,0,4,0,false
EXP-04B,exp04b_m08_ro050_lh05,exact,18.07500,19.31250,1.23750,4,0,0,4,0,false
EXP-04B,exp04b_m08_ro050_lh05,exact,19.31250,19.95000,0.63750,3,1,0,4,0,false
EXP-04B,exp04b_m08_ro050_lh05,exact,19.95000,20.58750,0.63750,3,1,0,4,0,false
EXP-04B,exp04b_m08_ro050_lh05,exact,20.58750,22.46250,1.87500,3,0,0,3,1,false
EXP-04B,exp04b_m08_ro050_lh05,exact,22.46250,23.10000,0.63750,2,0,0,2,2,false
EXP-04B,exp04b_m08_ro050_lh05,exact,23.10000,25.20000,2.10000,2,0,0,2,2,false
EXP-04B,exp04b_m08_ro050_lh05,exact,25.20000,29.66250,4.46250,1,1,0,2,2,false
EXP-04B,exp04b_m08_ro050_lh05,exact,29.66250,30.30000,0.63750,0,1,1,2,2,false
EXP-04B,exp04b_m08_ro050_lh05,exact,30.30000,32.55000,2.25000,0,1,0,1,3,false
EXP-04B,exp04b_m08_ro050_lh10,baseline,0,1.50,1.50,0,1,1,2,2,false
EXP-04B,exp04b_m08_ro050_lh10,baseline,1.50,2.25,0.75,1,1,0,2,2,false
EXP-04B,exp04b_m08_ro050_lh10,baseline,2.25,6.75,4.50,2,0,0,2,2,false
EXP-04B,exp04b_m08_ro050_lh10,baseline,6.75,7.50,0.75,1,1,0,2,2,false
EXP-04B,exp04b_m08_ro050_lh10,baseline,7.50,10.50,3.00,1,0,0,1,3,false
EXP-04B,exp04b_m08_ro050_lh10,baseline,10.50,12.00,1.50,0,1,0,1,3,false
EXP-04B,exp04b_m08_ro050_lh10,baseline,12.00,14.25,2.25,0,1,3,4,0,true
EXP-04B,exp04b_m08_ro050_lh10,baseline,14.25,15.15,0.90,1,1,2,4,0,false
EXP-04B,exp04b_m08_ro050_lh10,baseline,15.15,16.05,0.90,2,1,1,4,0,false
EXP-04B,exp04b_m08_ro050_lh10,baseline,16.05,16.95,0.90,3,1,0,4,0,false
EXP-04B,exp04b_m08_ro050_lh10,baseline,16.95,17.40,0.45,4,0,0,4,0,false
EXP-04B,exp04b_m08_ro050_lh10,baseline,17.40,18.30,0.90,3,1,0,4,0,false
EXP-04B,exp04b_m08_ro050_lh10,baseline,18.30,19.20,0.90,3,1,0,4,0,false
EXP-04B,exp04b_m08_ro050_lh10,baseline,19.20,20.10,0.90,3,1,0,4,0,false
EXP-04B,exp04b_m08_ro050_lh10,baseline,20.10,20.55,0.45,4,0,0,4,0,false
EXP-04B,exp04b_m08_ro050_lh10,baseline,20.55,21.45,0.90,3,1,0,4,0,false
EXP-04B,exp04b_m08_ro050_lh10,baseline,21.45,22.35,0.90,3,1,0,4,0,false
EXP-04B,exp04b_m08_ro050_lh10,baseline,22.35,23.70,1.35,3,0,0,3,1,false
EXP-04B,exp04b_m08_ro050_lh10,baseline,23.70,24.60,0.90,2,0,0,2,2,false
EXP-04B,exp04b_m08_ro050_lh10,baseline,24.60,27.75,3.15,1,1,0,2,2,false
EXP-04B,exp04b_m08_ro050_lh10,baseline,27.75,31.80,4.05,0,1,1,2,2,false
EXP-04B,exp04b_m08_ro050_lh10,baseline,31.80,34.05,2.25,0,1,0,1,3,false
EXP-04B,exp04b_m08_ro050_lh10,exact,0,1.50000,1.50000,0,1,0,1,3,false
EXP-04B,exp04b_m08_ro050_lh10,exact,1.50000,2.25000,0.75000,1,1,0,2,2,false
EXP-04B,exp04b_m08_ro050_lh10,exact,2.25000,6.75000,4.50000,2,0,0,2,2,false
EXP-04B,exp04b_m08_ro050_lh10,exact,6.75000,7.50000,0.75000,1,1,0,2,2,false
EXP-04B,exp04b_m08_ro050_lh10,exact,7.50000,10.50000,3.00000,1,0,0,1,3,false
EXP-04B,exp04b_m08_ro050_lh10,exact,10.50000,12.00000,1.50000,0,1,0,1,3,false
EXP-04B,exp04b_m08_ro050_lh10,exact,12.00000,12.90000,0.90000,0,1,0,1,3,false
EXP-04B,exp04b_m08_ro050_lh10,exact,12.90000,13.80000,0.90000,1,1,0,2,2,false
EXP-04B,exp04b_m08_ro050_lh10,exact,13.80000,14.70000,0.90000,2,1,0,3,1,false
EXP-04B,exp04b_m08_ro050_lh10,exact,14.70000,15.15000,0.45000,3,1,0,4,0,false
EXP-04B,exp04b_m08_ro050_lh10,exact,15.15000,15.60000,0.45000,2,1,0,3,1,false
EXP-04B,exp04b_m08_ro050_lh10,exact,15.60000,16.05000,0.45000,3,1,0,4,0,false
EXP-04B,exp04b_m08_ro050_lh10,exact,16.05000,16.95000,0.90000,2,1,0,3,1,false
EXP-04B,exp04b_m08_ro050_lh10,exact,16.95000,17.85000,0.90000,1,1,0,2,2,false
EXP-04B,exp04b_m08_ro050_lh10,exact,17.85000,18.75000,0.90000,1,1,0,2,2,false
EXP-04B,exp04b_m08_ro050_lh10,exact,18.75000,19.65000,0.90000,2,1,0,3,1,false
EXP-04B,exp04b_m08_ro050_lh10,exact,19.65000,20.55000,0.90000,3,1,0,4,0,false
EXP-04B,exp04b_m08_ro050_lh10,exact,20.55000,21.00000,0.45000,4,0,0,4,0,false
EXP-04B,exp04b_m08_ro050_lh10,exact,21.00000,21.90000,0.90000,3,1,0,4,0,false
EXP-04B,exp04b_m08_ro050_lh10,exact,21.90000,22.80000,0.90000,3,0,0,3,1,false
EXP-04B,exp04b_m08_ro050_lh10,exact,22.80000,24.15000,1.35000,2,0,0,2,2,false
EXP-04B,exp04b_m08_ro050_lh10,exact,24.15000,31.35000,7.20000,1,1,0,2,2,false
EXP-04B,exp04b_m08_ro050_lh10,exact,31.35000,33.60000,2.25000,0,1,0,1,3,false
EXP-04B,exp04b_m08_ro100_lh00,baseline,0,1.50,1.50,0,1,1,2,2,false
EXP-04B,exp04b_m08_ro100_lh00,baseline,1.50,2.25,0.75,1,1,0,2,2,false
EXP-04B,exp04b_m08_ro100_lh00,baseline,2.25,6.75,4.50,2,0,0,2,2,false
EXP-04B,exp04b_m08_ro100_lh00,baseline,6.75,7.50,0.75,1,1,0,2,2,false
EXP-04B,exp04b_m08_ro100_lh00,baseline,7.50,10.50,3.00,1,0,0,1,3,false
EXP-04B,exp04b_m08_ro100_lh00,baseline,10.50,12.00,1.50,0,1,0,1,3,false
EXP-04B,exp04b_m08_ro100_lh00,baseline,12.00,14.25,2.25,0,1,3,4,0,true
EXP-04B,exp04b_m08_ro100_lh00,baseline,14.25,14.625,0.375,1,1,2,4,0,false
EXP-04B,exp04b_m08_ro100_lh00,baseline,14.625,15.000,0.375,2,1,1,4,0,false
EXP-04B,exp04b_m08_ro100_lh00,baseline,15.000,15.375,0.375,3,1,0,4,0,false
EXP-04B,exp04b_m08_ro100_lh00,baseline,15.375,17.925,2.550,4,0,0,4,0,false
EXP-04B,exp04b_m08_ro100_lh00,baseline,17.925,18.300,0.375,3,1,0,4,0,false
EXP-04B,exp04b_m08_ro100_lh00,baseline,18.300,18.675,0.375,3,1,0,4,0,false
EXP-04B,exp04b_m08_ro100_lh00,baseline,18.675,19.050,0.375,3,1,0,4,0,false
EXP-04B,exp04b_m08_ro100_lh00,baseline,19.050,21.600,2.550,4,0,0,4,0,false
EXP-04B,exp04b_m08_ro100_lh00,baseline,21.600,21.975,0.375,3,1,0,4,0,false
EXP-04B,exp04b_m08_ro100_lh00,baseline,21.975,22.350,0.375,3,1,0,4,0,false
EXP-04B,exp04b_m08_ro100_lh00,baseline,22.350,25.275,2.925,3,0,0,3,1,false
EXP-04B,exp04b_m08_ro100_lh00,baseline,25.275,25.650,0.375,2,0,0,2,2,false
EXP-04B,exp04b_m08_ro100_lh00,baseline,25.650,27.75,2.100,2,0,0,2,2,false
EXP-04B,exp04b_m08_ro100_lh00,baseline,27.75,30.00,2.25,1,1,0,2,2,false
EXP-04B,exp04b_m08_ro100_lh00,baseline,30.00,34.050,4.050,1,0,0,1,3,false
EXP-04B,exp04b_m08_ro100_lh00,baseline,34.050,37.050,3.000,0,1,0,1,3,false
EXP-04B,exp04b_m08_ro100_lh00,exact,0,1.50000,1.50000,0,1,0,1,3,false
EXP-04B,exp04b_m08_ro100_lh00,exact,1.50000,2.25000,0.75000,1,1,0,2,2,false
EXP-04B,exp04b_m08_ro100_lh00,exact,2.25000,6.75000,4.50000,2,0,0,2,2,false
EXP-04B,exp04b_m08_ro100_lh00,exact,6.75000,7.50000,0.75000,1,1,0,2,2,false
EXP-04B,exp04b_m08_ro100_lh00,exact,7.50000,10.50000,3.00000,1,0,0,1,3,false
EXP-04B,exp04b_m08_ro100_lh00,exact,10.50000,12.00000,1.50000,0,1,0,1,3,false
EXP-04B,exp04b_m08_ro100_lh00,exact,12.00000,12.37500,0.37500,0,1,0,1,3,false
EXP-04B,exp04b_m08_ro100_lh00,exact,12.37500,12.75000,0.37500,1,1,0,2,2,false
EXP-04B,exp04b_m08_ro100_lh00,exact,12.75000,13.12500,0.37500,2,1,0,3,1,false
EXP-04B,exp04b_m08_ro100_lh00,exact,13.12500,15.37500,2.25000,3,1,0,4,0,false
EXP-04B,exp04b_m08_ro100_lh00,exact,15.37500,15.67500,0.30000,4,0,0,4,0,false
EXP-04B,exp04b_m08_ro100_lh00,exact,15.67500,16.05000,0.37500,3,1,0,4,0,false
EXP-04B,exp04b_m08_ro100_lh00,exact,16.05000,16.42500,0.37500,3,1,0,4,0,false
EXP-04B,exp04b_m08_ro100_lh00,exact,16.42500,16.80000,0.37500,3,1,0,4,0,false
EXP-04B,exp04b_m08_ro100_lh00,exact,16.80000,19.35000,2.55000,4,0,0,4,0,false
EXP-04B,exp04b_m08_ro100_lh00,exact,19.35000,19.72500,0.37500,3,1,0,4,0,false
EXP-04B,exp04b_m08_ro100_lh00,exact,19.72500,20.10000,0.37500,3,1,0,4,0,false
EXP-04B,exp04b_m08_ro100_lh00,exact,20.10000,23.02500,2.92500,3,0,0,3,1,false
EXP-04B,exp04b_m08_ro100_lh00,exact,23.02500,23.40000,0.37500,2,0,0,2,2,false
EXP-04B,exp04b_m08_ro100_lh00,exact,23.40000,28.87500,5.47500,2,0,0,2,2,false
EXP-04B,exp04b_m08_ro100_lh00,exact,28.87500,31.12500,2.25000,1,1,0,2,2,false
EXP-04B,exp04b_m08_ro100_lh00,exact,31.12500,31.80000,0.67500,1,0,0,1,3,false
EXP-04B,exp04b_m08_ro100_lh00,exact,31.80000,34.80000,3.00000,0,1,0,1,3,false
EXP-04B,exp04b_m08_ro100_lh05,baseline,0,1.50,1.50,0,1,1,2,2,false
EXP-04B,exp04b_m08_ro100_lh05,baseline,1.50,2.25,0.75,1,1,0,2,2,false
EXP-04B,exp04b_m08_ro100_lh05,baseline,2.25,6.75,4.50,2,0,0,2,2,false
EXP-04B,exp04b_m08_ro100_lh05,baseline,6.75,7.50,0.75,1,1,0,2,2,false
EXP-04B,exp04b_m08_ro100_lh05,baseline,7.50,10.50,3.00,1,0,0,1,3,false
EXP-04B,exp04b_m08_ro100_lh05,baseline,10.50,12.00,1.50,0,1,0,1,3,false
EXP-04B,exp04b_m08_ro100_lh05,baseline,12.00,14.25,2.25,0,1,3,4,0,true
EXP-04B,exp04b_m08_ro100_lh05,baseline,14.25,15.150,0.900,1,1,2,4,0,false
EXP-04B,exp04b_m08_ro100_lh05,baseline,15.150,16.050,0.900,2,1,1,4,0,false
EXP-04B,exp04b_m08_ro100_lh05,baseline,16.050,16.950,0.900,3,1,0,4,0,false
EXP-04B,exp04b_m08_ro100_lh05,baseline,16.950,17.925,0.975,4,0,0,4,0,false
EXP-04B,exp04b_m08_ro100_lh05,baseline,17.925,18.825,0.900,3,1,0,4,0,false
EXP-04B,exp04b_m08_ro100_lh05,baseline,18.825,19.725,0.900,3,1,0,4,0,false
EXP-04B,exp04b_m08_ro100_lh05,baseline,19.725,20.625,0.900,3,1,0,4,0,false
EXP-04B,exp04b_m08_ro100_lh05,baseline,20.625,21.600,0.975,4,0,0,4,0,false
EXP-04B,exp04b_m08_ro100_lh05,baseline,21.600,22.500,0.900,3,1,0,4,0,false
EXP-04B,exp04b_m08_ro100_lh05,baseline,22.500,23.400,0.900,3,1,0,4,0,false
EXP-04B,exp04b_m08_ro100_lh05,baseline,23.400,25.275,1.875,3,0,0,3,1,false
EXP-04B,exp04b_m08_ro100_lh05,baseline,25.275,26.175,0.900,2,0,0,2,2,false
EXP-04B,exp04b_m08_ro100_lh05,baseline,26.175,27.75,1.575,2,0,0,2,2,false
EXP-04B,exp04b_m08_ro100_lh05,baseline,27.75,30.00,2.25,1,1,0,2,2,false
EXP-04B,exp04b_m08_ro100_lh05,baseline,30.00,30.375,0.375,1,0,0,1,3,false
EXP-04B,exp04b_m08_ro100_lh05,baseline,30.375,37.575,7.200,0,1,0,1,3,false
EXP-04B,exp04b_m08_ro100_lh05,exact,0,1.50000,1.50000,0,1,0,1,3,false
EXP-04B,exp04b_m08_ro100_lh05,exact,1.50000,2.25000,0.75000,1,1,0,2,2,false
EXP-04B,exp04b_m08_ro100_lh05,exact,2.25000,6.75000,4.50000,2,0,0,2,2,false
EXP-04B,exp04b_m08_ro100_lh05,exact,6.75000,7.50000,0.75000,1,1,0,2,2,false
EXP-04B,exp04b_m08_ro100_lh05,exact,7.50000,10.50000,3.00000,1,0,0,1,3,false
EXP-04B,exp04b_m08_ro100_lh05,exact,10.50000,12.00000,1.50000,0,1,0,1,3,false
EXP-04B,exp04b_m08_ro100_lh05,exact,12.00000,12.90000,0.90000,0,1,0,1,3,false
EXP-04B,exp04b_m08_ro100_lh05,exact,12.90000,13.80000,0.90000,1,1,0,2,2,false
EXP-04B,exp04b_m08_ro100_lh05,exact,13.80000,14.70000,0.90000,2,1,0,3,1,false
EXP-04B,exp04b_m08_ro100_lh05,exact,14.70000,15.60000,0.90000,3,1,0,4,0,false
EXP-04B,exp04b_m08_ro100_lh05,exact,15.60000,15.67500,0.07500,4,0,0,4,0,false
EXP-04B,exp04b_m08_ro100_lh05,exact,15.67500,16.57500,0.90000,3,1,0,4,0,false
EXP-04B,exp04b_m08_ro100_lh05,exact,16.57500,17.47500,0.90000,3,1,0,4,0,false
EXP-04B,exp04b_m08_ro100_lh05,exact,17.47500,18.37500,0.90000,3,1,0,4,0,false
EXP-04B,exp04b_m08_ro100_lh05,exact,18.37500,19.27500,0.90000,3,1,0,4,0,false
EXP-04B,exp04b_m08_ro100_lh05,exact,19.27500,19.35000,0.07500,4,0,0,4,0,false
EXP-04B,exp04b_m08_ro100_lh05,exact,19.35000,20.25000,0.90000,3,1,0,4,0,false
EXP-04B,exp04b_m08_ro100_lh05,exact,20.25000,21.15000,0.90000,2,1,0,3,1,false
EXP-04B,exp04b_m08_ro100_lh05,exact,21.15000,21.60000,0.45000,1,1,0,2,2,false
EXP-04B,exp04b_m08_ro100_lh05,exact,21.60000,22.05000,0.45000,2,0,0,2,2,false
EXP-04B,exp04b_m08_ro100_lh05,exact,22.05000,26.25000,4.20000,2,0,0,2,2,false
EXP-04B,exp04b_m08_ro100_lh05,exact,26.25000,33.45000,7.20000,1,1,0,2,2,false
EXP-04B,exp04b_m08_ro100_lh05,exact,33.45000,35.10000,1.65000,1,0,0,1,3,false
EXP-04B,exp04b_m08_ro100_lh05,exact,35.10000,37.35000,2.25000,0,1,0,1,3,false
EXP-04B,exp04b_m08_ro100_lh10,baseline,0,1.50,1.50,0,1,1,2,2,false
EXP-04B,exp04b_m08_ro100_lh10,baseline,1.50,2.25,0.75,1,1,0,2,2,false
EXP-04B,exp04b_m08_ro100_lh10,baseline,2.25,6.75,4.50,2,0,0,2,2,false
EXP-04B,exp04b_m08_ro100_lh10,baseline,6.75,7.50,0.75,1,1,0,2,2,false
EXP-04B,exp04b_m08_ro100_lh10,baseline,7.50,10.50,3.00,1,0,0,1,3,false
EXP-04B,exp04b_m08_ro100_lh10,baseline,10.50,12.00,1.50,0,1,0,1,3,false
EXP-04B,exp04b_m08_ro100_lh10,baseline,12.00,14.25,2.25,0,1,3,4,0,true
EXP-04B,exp04b_m08_ro100_lh10,baseline,14.25,15.675,1.425,1,1,2,4,0,false
EXP-04B,exp04b_m08_ro100_lh10,baseline,15.675,17.100,1.425,2,1,1,4,0,false
EXP-04B,exp04b_m08_ro100_lh10,baseline,17.100,17.925,0.825,3,1,0,4,0,false
EXP-04B,exp04b_m08_ro100_lh10,baseline,17.925,18.525,0.600,2,1,1,4,0,false
EXP-04B,exp04b_m08_ro100_lh10,baseline,18.525,19.350,0.825,3,1,0,4,0,false
EXP-04B,exp04b_m08_ro100_lh10,baseline,19.350,19.950,0.600,2,1,1,4,0,false
EXP-04B,exp04b_m08_ro100_lh10,baseline,19.950,20.775,0.825,3,1,0,4,0,false
EXP-04B,exp04b_m08_ro100_lh10,baseline,20.775,21.375,0.600,2,1,1,4,0,false
EXP-04B,exp04b_m08_ro100_lh10,baseline,21.375,22.200,0.825,3,1,0,4,0,false
EXP-04B,exp04b_m08_ro100_lh10,baseline,22.200,22.800,0.600,2,1,1,4,0,false
EXP-04B,exp04b_m08_ro100_lh10,baseline,22.800,23.625,0.825,3,1,0,4,0,false
EXP-04B,exp04b_m08_ro100_lh10,baseline,23.625,24.225,0.600,2,1,1,4,0,false
EXP-04B,exp04b_m08_ro100_lh10,baseline,24.225,25.050,0.825,3,1,0,4,0,false
EXP-04B,exp04b_m08_ro100_lh10,baseline,25.050,25.650,0.600,2,1,0,3,1,false
EXP-04B,exp04b_m08_ro100_lh10,baseline,25.650,26.475,0.825,3,0,0,3,1,false
EXP-04B,exp04b_m08_ro100_lh10,baseline,26.475,27.75,1.275,2,0,0,2,2,false
EXP-04B,exp04b_m08_ro100_lh10,baseline,27.75,27.900,0.150,1,1,0,2,2,false
EXP-04B,exp04b_m08_ro100_lh10,baseline,27.900,30.00,2.100,0,1,1,2,2,false
EXP-04B,exp04b_m08_ro100_lh10,baseline,30.00,41.40,11.40,0,1,0,1,3,false
EXP-04B,exp04b_m08_ro100_lh10,exact,0,1.50000,1.50000,0,1,0,1,3,false
EXP-04B,exp04b_m08_ro100_lh10,exact,1.50000,2.25000,0.75000,1,1,0,2,2,false
EXP-04B,exp04b_m08_ro100_lh10,exact,2.25000,6.75000,4.50000,2,0,0,2,2,false
EXP-04B,exp04b_m08_ro100_lh10,exact,6.75000,7.50000,0.75000,1,1,0,2,2,false
EXP-04B,exp04b_m08_ro100_lh10,exact,7.50000,10.50000,3.00000,1,0,0,1,3,false
EXP-04B,exp04b_m08_ro100_lh10,exact,10.50000,12.00000,1.50000,0,1,0,1,3,false
EXP-04B,exp04b_m08_ro100_lh10,exact,12.00000,13.42500,1.42500,0,1,0,1,3,false
EXP-04B,exp04b_m08_ro100_lh10,exact,13.42500,14.85000,1.42500,1,1,0,2,2,false
EXP-04B,exp04b_m08_ro100_lh10,exact,14.85000,15.67500,0.82500,2,1,0,3,1,false
EXP-04B,exp04b_m08_ro100_lh10,exact,15.67500,16.27500,0.60000,1,1,0,2,2,false
EXP-04B,exp04b_m08_ro100_lh10,exact,16.27500,17.10000,0.82500,2,1,0,3,1,false
EXP-04B,exp04b_m08_ro100_lh10,exact,17.10000,17.70000,0.60000,1,1,0,2,2,false
EXP-04B,exp04b_m08_ro100_lh10,exact,17.70000,18.52500,0.82500,2,1,0,3,1,false
EXP-04B,exp04b_m08_ro100_lh10,exact,18.52500,19.12500,0.60000,1,1,0,2,2,false
EXP-04B,exp04b_m08_ro100_lh10,exact,19.12500,19.95000,0.82500,2,1,0,3,1,false
EXP-04B,exp04b_m08_ro100_lh10,exact,19.95000,20.55000,0.60000,1,1,0,2,2,false
EXP-04B,exp04b_m08_ro100_lh10,exact,20.55000,21.37500,0.82500,2,1,0,3,1,false
EXP-04B,exp04b_m08_ro100_lh10,exact,21.37500,21.97500,0.60000,1,1,0,2,2,false
EXP-04B,exp04b_m08_ro100_lh10,exact,21.97500,22.80000,0.82500,2,1,0,3,1,false
EXP-04B,exp04b_m08_ro100_lh10,exact,22.80000,23.40000,0.60000,1,1,0,2,2,false
EXP-04B,exp04b_m08_ro100_lh10,exact,23.40000,24.22500,0.82500,2,1,0,3,1,false
EXP-04B,exp04b_m08_ro100_lh10,exact,24.22500,25.65000,1.42500,1,1,0,2,2,false
EXP-04B,exp04b_m08_ro100_lh10,exact,25.65000,37.05000,11.40000,1,1,0,2,2,false
EXP-04B,exp04b_m08_ro100_lh10,exact,37.05000,39.15000,2.10000,1,0,0,1,3,false
EXP-04B,exp04b_m08_ro100_lh10,exact,39.15000,41.40000,2.25000,0,1,0,1,3,false
EXP-04B,exp04b_m08_ro200_lh00,baseline,0,1.50,1.50,0,1,1,2,2,false
EXP-04B,exp04b_m08_ro200_lh00,baseline,1.50,2.25,0.75,1,1,0,2,2,false
EXP-04B,exp04b_m08_ro200_lh00,baseline,2.25,6.75,4.50,2,0,0,2,2,false
EXP-04B,exp04b_m08_ro200_lh00,baseline,6.75,7.50,0.75,1,1,0,2,2,false
EXP-04B,exp04b_m08_ro200_lh00,baseline,7.50,10.50,3.00,1,0,0,1,3,false
EXP-04B,exp04b_m08_ro200_lh00,baseline,10.50,12.00,1.50,0,1,0,1,3,false
EXP-04B,exp04b_m08_ro200_lh00,baseline,12.00,12.375,0.375,0,1,3,4,0,true
EXP-04B,exp04b_m08_ro200_lh00,baseline,12.375,12.750,0.375,1,1,2,4,0,false
EXP-04B,exp04b_m08_ro200_lh00,baseline,12.750,13.125,0.375,2,1,1,4,0,false
EXP-04B,exp04b_m08_ro200_lh00,baseline,13.125,13.500,0.375,3,1,0,4,0,false
EXP-04B,exp04b_m08_ro200_lh00,baseline,13.500,16.725,3.225,4,0,0,4,0,false
EXP-04B,exp04b_m08_ro200_lh00,baseline,16.725,17.100,0.375,3,1,0,4,0,false
EXP-04B,exp04b_m08_ro200_lh00,baseline,17.100,17.475,0.375,3,1,0,4,0,false
EXP-04B,exp04b_m08_ro200_lh00,baseline,17.475,17.850,0.375,3,1,0,4,0,false
EXP-04B,exp04b_m08_ro200_lh00,baseline,17.850,18.225,0.375,3,1,0,4,0,false
EXP-04B,exp04b_m08_ro200_lh00,baseline,18.225,21.450,3.225,4,0,0,4,0,false
EXP-04B,exp04b_m08_ro200_lh00,baseline,21.450,21.825,0.375,3,1,0,4,0,false
EXP-04B,exp04b_m08_ro200_lh00,baseline,21.825,22.200,0.375,2,1,0,3,1,false
EXP-04B,exp04b_m08_ro200_lh00,baseline,22.200,22.575,0.375,1,1,0,2,2,false
EXP-04B,exp04b_m08_ro200_lh00,baseline,22.575,23.700,1.125,1,1,0,2,2,false
EXP-04B,exp04b_m08_ro200_lh00,baseline,23.700,37.200,13.500,2,0,0,2,2,false
EXP-04B,exp04b_m08_ro200_lh00,baseline,37.200,39.375,2.175,1,1,0,2,2,false
EXP-04B,exp04b_m08_ro200_lh00,baseline,39.375,39.450,0.075,0,1,1,2,2,false
EXP-04B,exp04b_m08_ro200_lh00,baseline,39.450,42.450,3.000,0,1,0,1,3,false
EXP-04B,exp04b_m08_ro200_lh00,exact,0,1.50000,1.50000,0,1,0,1,3,false
EXP-04B,exp04b_m08_ro200_lh00,exact,1.50000,2.25000,0.75000,1,1,0,2,2,false
EXP-04B,exp04b_m08_ro200_lh00,exact,2.25000,6.75000,4.50000,2,0,0,2,2,false
EXP-04B,exp04b_m08_ro200_lh00,exact,6.75000,7.50000,0.75000,1,1,0,2,2,false
EXP-04B,exp04b_m08_ro200_lh00,exact,7.50000,10.50000,3.00000,1,0,0,1,3,false
EXP-04B,exp04b_m08_ro200_lh00,exact,10.50000,12.00000,1.50000,0,1,0,1,3,false
EXP-04B,exp04b_m08_ro200_lh00,exact,12.00000,12.37500,0.37500,0,1,0,1,3,false
EXP-04B,exp04b_m08_ro200_lh00,exact,12.37500,12.75000,0.37500,1,1,0,2,2,false
EXP-04B,exp04b_m08_ro200_lh00,exact,12.75000,13.12500,0.37500,2,1,0,3,1,false
EXP-04B,exp04b_m08_ro200_lh00,exact,13.12500,13.50000,0.37500,3,1,0,4,0,false
EXP-04B,exp04b_m08_ro200_lh00,exact,13.50000,16.72500,3.22500,4,0,0,4,0,false
EXP-04B,exp04b_m08_ro200_lh00,exact,16.72500,17.10000,0.37500,3,1,0,4,0,false
EXP-04B,exp04b_m08_ro200_lh00,exact,17.10000,17.47500,0.37500,3,1,0,4,0,false
EXP-04B,exp04b_m08_ro200_lh00,exact,17.47500,17.85000,0.37500,3,1,0,4,0,false
EXP-04B,exp04b_m08_ro200_lh00,exact,17.85000,18.22500,0.37500,3,1,0,4,0,false
EXP-04B,exp04b_m08_ro200_lh00,exact,18.22500,21.45000,3.22500,4,0,0,4,0,false
EXP-04B,exp04b_m08_ro200_lh00,exact,21.45000,21.82500,0.37500,3,1,0,4,0,false
EXP-04B,exp04b_m08_ro200_lh00,exact,21.82500,22.20000,0.37500,2,1,0,3,1,false
EXP-04B,exp04b_m08_ro200_lh00,exact,22.20000,22.57500,0.37500,1,1,0,2,2,false
EXP-04B,exp04b_m08_ro200_lh00,exact,22.57500,23.70000,1.12500,1,1,0,2,2,false
EXP-04B,exp04b_m08_ro200_lh00,exact,23.70000,37.20000,13.50000,2,0,0,2,2,false
EXP-04B,exp04b_m08_ro200_lh00,exact,37.20000,39.37500,2.17500,1,1,0,2,2,false
EXP-04B,exp04b_m08_ro200_lh00,exact,39.37500,39.45000,0.07500,0,1,1,2,2,false
EXP-04B,exp04b_m08_ro200_lh00,exact,39.45000,42.45000,3.00000,0,1,0,1,3,false
EXP-04B,exp04b_m08_ro200_lh05,baseline,0,1.50,1.50,0,1,1,2,2,false
EXP-04B,exp04b_m08_ro200_lh05,baseline,1.50,2.25,0.75,1,1,0,2,2,false
EXP-04B,exp04b_m08_ro200_lh05,baseline,2.25,6.75,4.50,2,0,0,2,2,false
EXP-04B,exp04b_m08_ro200_lh05,baseline,6.75,7.50,0.75,1,1,0,2,2,false
EXP-04B,exp04b_m08_ro200_lh05,baseline,7.50,10.50,3.00,1,0,0,1,3,false
EXP-04B,exp04b_m08_ro200_lh05,baseline,10.50,12.00,1.50,0,1,0,1,3,false
EXP-04B,exp04b_m08_ro200_lh05,baseline,12.00,13.425,1.425,0,1,3,4,0,true
EXP-04B,exp04b_m08_ro200_lh05,baseline,13.425,14.850,1.425,1,1,2,4,0,false
EXP-04B,exp04b_m08_ro200_lh05,baseline,14.850,16.275,1.425,2,1,1,4,0,false
EXP-04B,exp04b_m08_ro200_lh05,baseline,16.275,16.725,0.450,3,1,0,4,0,false
EXP-04B,exp04b_m08_ro200_lh05,baseline,16.725,17.700,0.975,2,1,1,4,0,false
EXP-04B,exp04b_m08_ro200_lh05,baseline,17.700,18.150,0.450,3,1,0,4,0,false
EXP-04B,exp04b_m08_ro200_lh05,baseline,18.150,19.125,0.975,2,1,1,4,0,false
EXP-04B,exp04b_m08_ro200_lh05,baseline,19.125,19.575,0.450,3,1,0,4,0,false
EXP-04B,exp04b_m08_ro200_lh05,baseline,19.575,20.550,0.975,2,1,1,4,0,false
EXP-04B,exp04b_m08_ro200_lh05,baseline,20.550,21.000,0.450,3,1,0,4,0,false
EXP-04B,exp04b_m08_ro200_lh05,baseline,21.000,21.975,0.975,2,1,1,4,0,false
EXP-04B,exp04b_m08_ro200_lh05,baseline,21.975,22.425,0.450,3,1,0,4,0,false
EXP-04B,exp04b_m08_ro200_lh05,baseline,22.425,23.400,0.975,2,1,1,4,0,false
EXP-04B,exp04b_m08_ro200_lh05,baseline,23.400,23.850,0.450,3,1,0,4,0,false
EXP-04B,exp04b_m08_ro200_lh05,baseline,23.850,25.275,1.425,2,1,0,3,1,false
EXP-04B,exp04b_m08_ro200_lh05,baseline,25.275,25.650,0.375,1,1,0,2,2,false
EXP-04B,exp04b_m08_ro200_lh05,baseline,25.650,26.700,1.050,2,0,0,2,2,false
EXP-04B,exp04b_m08_ro200_lh05,baseline,26.700,35.100,8.400,2,0,0,2,2,false
EXP-04B,exp04b_m08_ro200_lh05,baseline,35.100,39.150,4.050,1,1,0,2,2,false
EXP-04B,exp04b_m08_ro200_lh05,baseline,39.150,46.500,7.350,0,1,1,2,2,false
EXP-04B,exp04b_m08_ro200_lh05,baseline,46.500,48.750,2.250,0,1,0,1,3,false
EXP-04B,exp04b_m08_ro200_lh05,exact,0,1.50000,1.50000,0,1,0,1,3,false
EXP-04B,exp04b_m08_ro200_lh05,exact,1.50000,2.25000,0.75000,1,1,0,2,2,false
EXP-04B,exp04b_m08_ro200_lh05,exact,2.25000,6.75000,4.50000,2,0,0,2,2,false
EXP-04B,exp04b_m08_ro200_lh05,exact,6.75000,7.50000,0.75000,1,1,0,2,2,false
EXP-04B,exp04b_m08_ro200_lh05,exact,7.50000,10.50000,3.00000,1,0,0,1,3,false
EXP-04B,exp04b_m08_ro200_lh05,exact,10.50000,12.00000,1.50000,0,1,0,1,3,false
EXP-04B,exp04b_m08_ro200_lh05,exact,12.00000,13.42500,1.42500,0,1,0,1,3,false
EXP-04B,exp04b_m08_ro200_lh05,exact,13.42500,14.85000,1.42500,1,1,0,2,2,false
EXP-04B,exp04b_m08_ro200_lh05,exact,14.85000,16.27500,1.42500,2,1,0,3,1,false
EXP-04B,exp04b_m08_ro200_lh05,exact,16.27500,16.72500,0.45000,3,1,0,4,0,false
EXP-04B,exp04b_m08_ro200_lh05,exact,16.72500,17.70000,0.97500,2,1,0,3,1,false
EXP-04B,exp04b_m08_ro200_lh05,exact,17.70000,18.15000,0.45000,3,1,0,4,0,false
EXP-04B,exp04b_m08_ro200_lh05,exact,18.15000,19.12500,0.97500,2,1,0,3,1,false
EXP-04B,exp04b_m08_ro200_lh05,exact,19.12500,19.57500,0.45000,3,1,0,4,0,false
EXP-04B,exp04b_m08_ro200_lh05,exact,19.57500,20.55000,0.97500,2,1,0,3,1,false
EXP-04B,exp04b_m08_ro200_lh05,exact,20.55000,21.00000,0.45000,3,1,0,4,0,false
EXP-04B,exp04b_m08_ro200_lh05,exact,21.00000,21.97500,0.97500,2,1,0,3,1,false
EXP-04B,exp04b_m08_ro200_lh05,exact,21.97500,22.42500,0.45000,3,1,0,4,0,false
EXP-04B,exp04b_m08_ro200_lh05,exact,22.42500,23.40000,0.97500,2,1,0,3,1,false
EXP-04B,exp04b_m08_ro200_lh05,exact,23.40000,23.85000,0.45000,3,0,0,3,1,false
EXP-04B,exp04b_m08_ro200_lh05,exact,23.85000,25.27500,1.42500,2,1,0,3,1,false
EXP-04B,exp04b_m08_ro200_lh05,exact,25.27500,26.10000,0.82500,1,1,0,2,2,false
EXP-04B,exp04b_m08_ro200_lh05,exact,26.10000,26.70000,0.60000,2,0,0,2,2,false
EXP-04B,exp04b_m08_ro200_lh05,exact,26.70000,35.10000,8.40000,2,0,0,2,2,false
EXP-04B,exp04b_m08_ro200_lh05,exact,35.10000,39.60000,4.50000,1,1,0,2,2,false
EXP-04B,exp04b_m08_ro200_lh05,exact,39.60000,46.50000,6.90000,0,1,1,2,2,false
EXP-04B,exp04b_m08_ro200_lh05,exact,46.50000,48.75000,2.25000,0,1,0,1,3,false
EXP-04B,exp04b_m08_ro200_lh10,baseline,0,1.50,1.50,0,1,1,2,2,false
EXP-04B,exp04b_m08_ro200_lh10,baseline,1.50,2.25,0.75,1,1,0,2,2,false
EXP-04B,exp04b_m08_ro200_lh10,baseline,2.25,6.75,4.50,2,0,0,2,2,false
EXP-04B,exp04b_m08_ro200_lh10,baseline,6.75,7.50,0.75,1,1,0,2,2,false
EXP-04B,exp04b_m08_ro200_lh10,baseline,7.50,10.50,3.00,1,0,0,1,3,false
EXP-04B,exp04b_m08_ro200_lh10,baseline,10.50,12.00,1.50,0,1,0,1,3,false
EXP-04B,exp04b_m08_ro200_lh10,baseline,12.00,14.475,2.475,0,1,3,4,0,true
EXP-04B,exp04b_m08_ro200_lh10,baseline,14.475,16.725,2.250,1,1,2,4,0,false
EXP-04B,exp04b_m08_ro200_lh10,baseline,16.725,16.950,0.225,0,1,3,4,0,true
EXP-04B,exp04b_m08_ro200_lh10,baseline,16.950,19.200,2.250,1,1,2,4,0,false
EXP-04B,exp04b_m08_ro200_lh10,baseline,19.200,19.425,0.225,0,1,3,4,0,true
EXP-04B,exp04b_m08_ro200_lh10,baseline,19.425,21.675,2.250,1,1,2,4,0,false
EXP-04B,exp04b_m08_ro200_lh10,baseline,21.675,21.900,0.225,0,1,3,4,0,true
EXP-04B,exp04b_m08_ro200_lh10,baseline,21.900,24.150,2.250,1,1,2,4,0,false
EXP-04B,exp04b_m08_ro200_lh10,baseline,24.150,24.375,0.225,0,1,3,4,0,true
EXP-04B,exp04b_m08_ro200_lh10,baseline,24.375,26.625,2.250,1,1,2,4,0,false
EXP-04B,exp04b_m08_ro200_lh10,baseline,26.625,26.850,0.225,0,1,3,4,0,true
EXP-04B,exp04b_m08_ro200_lh10,baseline,26.850,29.100,2.250,1,1,2,4,0,false
EXP-04B,exp04b_m08_ro200_lh10,baseline,29.100,29.325,0.225,0,1,2,3,1,false
EXP-04B,exp04b_m08_ro200_lh10,baseline,29.325,31.575,2.250,1,1,1,3,1,false
EXP-04B,exp04b_m08_ro200_lh10,baseline,31.575,31.800,0.225,0,1,1,2,2,false
EXP-04B,exp04b_m08_ro200_lh10,baseline,31.800,34.050,2.250,1,1,0,2,2,false
EXP-04B,exp04b_m08_ro200_lh10,baseline,34.050,47.550,13.500,1,1,0,2,2,false
EXP-04B,exp04b_m08_ro200_lh10,baseline,47.550,53.850,6.300,0,1,1,2,2,false
EXP-04B,exp04b_m08_ro200_lh10,baseline,53.850,56.100,2.250,0,1,0,1,3,false
EXP-04B,exp04b_m08_ro200_lh10,exact,0,1.50000,1.50000,0,1,0,1,3,false
EXP-04B,exp04b_m08_ro200_lh10,exact,1.50000,2.25000,0.75000,1,1,0,2,2,false
EXP-04B,exp04b_m08_ro200_lh10,exact,2.25000,6.75000,4.50000,2,0,0,2,2,false
EXP-04B,exp04b_m08_ro200_lh10,exact,6.75000,7.50000,0.75000,1,1,0,2,2,false
EXP-04B,exp04b_m08_ro200_lh10,exact,7.50000,10.50000,3.00000,1,0,0,1,3,false
EXP-04B,exp04b_m08_ro200_lh10,exact,10.50000,12.00000,1.50000,0,1,0,1,3,false
EXP-04B,exp04b_m08_ro200_lh10,exact,12.00000,14.47500,2.47500,0,1,0,1,3,false
EXP-04B,exp04b_m08_ro200_lh10,exact,14.47500,16.72500,2.25000,1,1,0,2,2,false
EXP-04B,exp04b_m08_ro200_lh10,exact,16.72500,16.95000,0.22500,0,1,0,1,3,false
EXP-04B,exp04b_m08_ro200_lh10,exact,16.95000,19.20000,2.25000,1,1,0,2,2,false
EXP-04B,exp04b_m08_ro200_lh10,exact,19.20000,19.42500,0.22500,0,1,0,1,3,false
EXP-04B,exp04b_m08_ro200_lh10,exact,19.42500,21.67500,2.25000,1,1,0,2,2,false
EXP-04B,exp04b_m08_ro200_lh10,exact,21.67500,21.90000,0.22500,0,1,0,1,3,false
EXP-04B,exp04b_m08_ro200_lh10,exact,21.90000,24.15000,2.25000,1,1,0,2,2,false
EXP-04B,exp04b_m08_ro200_lh10,exact,24.15000,24.37500,0.22500,0,1,0,1,3,false
EXP-04B,exp04b_m08_ro200_lh10,exact,24.37500,26.62500,2.25000,1,1,0,2,2,false
EXP-04B,exp04b_m08_ro200_lh10,exact,26.62500,26.85000,0.22500,0,1,0,1,3,false
EXP-04B,exp04b_m08_ro200_lh10,exact,26.85000,29.10000,2.25000,1,1,0,2,2,false
EXP-04B,exp04b_m08_ro200_lh10,exact,29.10000,29.32500,0.22500,0,1,0,1,3,false
EXP-04B,exp04b_m08_ro200_lh10,exact,29.32500,31.57500,2.25000,1,1,0,2,2,false
EXP-04B,exp04b_m08_ro200_lh10,exact,31.57500,31.80000,0.22500,0,1,0,1,3,false
EXP-04B,exp04b_m08_ro200_lh10,exact,31.80000,34.05000,2.25000,1,1,0,2,2,false
EXP-04B,exp04b_m08_ro200_lh10,exact,34.05000,47.55000,13.50000,1,1,0,2,2,false
EXP-04B,exp04b_m08_ro200_lh10,exact,47.55000,53.85000,6.30000,0,1,1,2,2,false
EXP-04B,exp04b_m08_ro200_lh10,exact,53.85000,56.10000,2.25000,0,1,0,1,3,false
