experiment_id,scenario_id,semantic_sha256,P,m,overhead_rate,lambda_h,alias_count,aliases,policy_id,task_count,total_overhead,human_overhead,agent_overhead,useful_W4,useful_H,W4,H,L4,W4_over_P,gamma_H,B4,active_branches,critical_path,solver_status,T_star,incumbent_makespan,solver_best_bound,solver_gap,solver_wall_time_seconds,incumbent_gap_to_B4,exact_critical_chain,baseline_gap_to_optimum,exact_makespan,exact_queue,exact_blocked_any,exact_full_agent_stop,exact_maximum_queue_length,baseline_makespan,baseline_queue,baseline_blocked_any,baseline_full_agent_stop,baseline_maximum_queue_length,canonical_scenario_id,analysis_overhead_rate,analysis_lambda_h,decomposition_gain_at_P,decomposition_gain_at_P1,interaction_contrast
EXP-05,exp05_p01_m01_ro000_lh00,a4000864fa4d7601ff720eccb944460d57e7a60c01617bbee0308e4d36199807,1,1,0,0,6,"P=1,m=1,r_o=0,lambda_h=0;P=1,m=1,r_o=0,lambda_h=0.5;P=1,m=1,r_o=0.05,lambda_h=0;P=1,m=1,r_o=0.05,lambda_h=0.5;P=1,m=1,r_o=0.10,lambda_h=0;P=1,m=1,r_o=0.10,lambda_h=0.5",bottom_level_fcfs_v1,5,0,0,0,60.00,15.00,60.00,15.00,36.00,60.00,15.00,60.00,work,t02->t04_part_01->t04_join,OPTIMAL,60.00000,60.00000,60.000000,0.0,0.002062,0.00000,t02.human_1 -> [task] t02.agent_1 -> [task] t02.human_2 -> [human] t01.human_1 -> [task] t01.agent_1 -> [task] t01.human_2 -> [precedence] t04_part_01.specification -> [task] t04_part_01.implementation -> [agent] t03.human_1 -> [task] t03.agent_1 -> [task] t03.human_2 -> [human] t04_join.acceptance,0.00000,60.00000,0,0,15.00000,0,60.00,0,0,15.00,0,exp05_p01_m01_ro000_lh00,0,shared,0.00000,0.00000,0.00000
EXP-05,exp05_p01_m01_ro000_lh00,a4000864fa4d7601ff720eccb944460d57e7a60c01617bbee0308e4d36199807,1,1,0.05,0,6,"P=1,m=1,r_o=0,lambda_h=0;P=1,m=1,r_o=0,lambda_h=0.5;P=1,m=1,r_o=0.05,lambda_h=0;P=1,m=1,r_o=0.05,lambda_h=0.5;P=1,m=1,r_o=0.10,lambda_h=0;P=1,m=1,r_o=0.10,lambda_h=0.5",bottom_level_fcfs_v1,5,0,0,0,60.00,15.00,60.00,15.00,36.00,60.00,15.00,60.00,work,t02->t04_part_01->t04_join,OPTIMAL,60.00000,60.00000,60.000000,0.0,0.002062,0.00000,t02.human_1 -> [task] t02.agent_1 -> [task] t02.human_2 -> [human] t01.human_1 -> [task] t01.agent_1 -> [task] t01.human_2 -> [precedence] t04_part_01.specification -> [task] t04_part_01.implementation -> [agent] t03.human_1 -> [task] t03.agent_1 -> [task] t03.human_2 -> [human] t04_join.acceptance,0.00000,60.00000,0,0,15.00000,0,60.00,0,0,15.00,0,exp05_p01_m01_ro000_lh00,0.05,0,0.00000,0.00000,0.00000
EXP-05,exp05_p01_m01_ro000_lh00,a4000864fa4d7601ff720eccb944460d57e7a60c01617bbee0308e4d36199807,1,1,0.05,0.5,6,"P=1,m=1,r_o=0,lambda_h=0;P=1,m=1,r_o=0,lambda_h=0.5;P=1,m=1,r_o=0.05,lambda_h=0;P=1,m=1,r_o=0.05,lambda_h=0.5;P=1,m=1,r_o=0.10,lambda_h=0;P=1,m=1,r_o=0.10,lambda_h=0.5",bottom_level_fcfs_v1,5,0,0,0,60.00,15.00,60.00,15.00,36.00,60.00,15.00,60.00,work,t02->t04_part_01->t04_join,OPTIMAL,60.00000,60.00000,60.000000,0.0,0.002062,0.00000,t02.human_1 -> [task] t02.agent_1 -> [task] t02.human_2 -> [human] t01.human_1 -> [task] t01.agent_1 -> [task] t01.human_2 -> [precedence] t04_part_01.specification -> [task] t04_part_01.implementation -> [agent] t03.human_1 -> [task] t03.agent_1 -> [task] t03.human_2 -> [human] t04_join.acceptance,0.00000,60.00000,0,0,15.00000,0,60.00,0,0,15.00,0,exp05_p01_m01_ro000_lh00,0.05,0.5,0.00000,0.00000,0.00000
EXP-05,exp05_p01_m01_ro000_lh00,a4000864fa4d7601ff720eccb944460d57e7a60c01617bbee0308e4d36199807,1,1,0.10,0,6,"P=1,m=1,r_o=0,lambda_h=0;P=1,m=1,r_o=0,lambda_h=0.5;P=1,m=1,r_o=0.05,lambda_h=0;P=1,m=1,r_o=0.05,lambda_h=0.5;P=1,m=1,r_o=0.10,lambda_h=0;P=1,m=1,r_o=0.10,lambda_h=0.5",bottom_level_fcfs_v1,5,0,0,0,60.00,15.00,60.00,15.00,36.00,60.00,15.00,60.00,work,t02->t04_part_01->t04_join,OPTIMAL,60.00000,60.00000,60.000000,0.0,0.002062,0.00000,t02.human_1 -> [task] t02.agent_1 -> [task] t02.human_2 -> [human] t01.human_1 -> [task] t01.agent_1 -> [task] t01.human_2 -> [precedence] t04_part_01.specification -> [task] t04_part_01.implementation -> [agent] t03.human_1 -> [task] t03.agent_1 -> [task] t03.human_2 -> [human] t04_join.acceptance,0.00000,60.00000,0,0,15.00000,0,60.00,0,0,15.00,0,exp05_p01_m01_ro000_lh00,0.10,0,0.00000,0.00000,0.00000
EXP-05,exp05_p01_m01_ro000_lh00,a4000864fa4d7601ff720eccb944460d57e7a60c01617bbee0308e4d36199807,1,1,0.10,0.5,6,"P=1,m=1,r_o=0,lambda_h=0;P=1,m=1,r_o=0,lambda_h=0.5;P=1,m=1,r_o=0.05,lambda_h=0;P=1,m=1,r_o=0.05,lambda_h=0.5;P=1,m=1,r_o=0.10,lambda_h=0;P=1,m=1,r_o=0.10,lambda_h=0.5",bottom_level_fcfs_v1,5,0,0,0,60.00,15.00,60.00,15.00,36.00,60.00,15.00,60.00,work,t02->t04_part_01->t04_join,OPTIMAL,60.00000,60.00000,60.000000,0.0,0.002062,0.00000,t02.human_1 -> [task] t02.agent_1 -> [task] t02.human_2 -> [human] t01.human_1 -> [task] t01.agent_1 -> [task] t01.human_2 -> [precedence] t04_part_01.specification -> [task] t04_part_01.implementation -> [agent] t03.human_1 -> [task] t03.agent_1 -> [task] t03.human_2 -> [human] t04_join.acceptance,0.00000,60.00000,0,0,15.00000,0,60.00,0,0,15.00,0,exp05_p01_m01_ro000_lh00,0.10,0.5,0.00000,0.00000,0.00000
EXP-05,exp05_p01_m02_ro000_lh00,da7ddd8348aa95af38048503db9611ca280266dd55e4ed2a71a7b65d2837094e,1,2,0,0,2,"P=1,m=2,r_o=0,lambda_h=0;P=1,m=2,r_o=0,lambda_h=0.5",bottom_level_fcfs_v1,6,0,0,0,60.00,15.00,60.00,15.00,30.00,60.00,15.00,60.00,work,t02->t03,OPTIMAL,60.00000,60.00000,60.000000,0.0,0.001485,0.00000,t02.human_1 -> [task] t02.agent_1 -> [task] t02.human_2 -> [human] t01.human_1 -> [task] t01.agent_1 -> [task] t01.human_2 -> [precedence] t03.human_1 -> [task] t03.agent_1 -> [task] t03.human_2 -> [human] t04_part_01.specification -> [task] t04_part_01.implementation -> [agent] t04_part_02.specification -> [task] t04_part_02.implementation -> [precedence] t04_join.acceptance,0.00000,60.00000,0,0,15.00000,0,60.00,0,0,15.00,0,exp05_p01_m02_ro000_lh00,0,shared,0.00000,0.00000,0.00000
EXP-05,exp05_p01_m02_ro050_lh00,e4da02f27bda9415f0b6b3b52dc092531a4fcb0b4550115f301471f6e8d27ec1,1,2,0.05,0,1,"P=1,m=2,r_o=0.05,lambda_h=0",bottom_level_fcfs_v1,6,1.20,0.00,1.20,60.00,15.00,61.20,15.00,30.00,61.20,15.00,61.20,work,t02->t03,OPTIMAL,61.20000,61.20000,61.200000,0.0,0.001190,0.00000,t02.human_1 -> [task] t02.agent_1 -> [task] t02.human_2 -> [human] t01.human_1 -> [task] t01.agent_1 -> [task] t01.human_2 -> [precedence] t03.human_1 -> [task] t03.agent_1 -> [task] t03.human_2 -> [human] t04_part_01.specification -> [task] t04_part_01.implementation -> [agent] t04_part_02.specification -> [task] t04_part_02.implementation -> [precedence] t04_join.integration -> [task] t04_join.acceptance,0.00000,61.20000,0,0,15.00000,0,61.20,0,0,15.00,0,exp05_p01_m02_ro050_lh00,0.05,0,-1.20000,-1.20000,0.00000
EXP-05,exp05_p01_m02_ro050_lh05,dd07b1e46171e7e1c66c635839268f2e8c96969b11c9286cb5957cb8ec4854f4,1,2,0.05,0.5,1,"P=1,m=2,r_o=0.05,lambda_h=0.5",bottom_level_fcfs_v1,6,1.20,0.600,0.600,60.00,15.00,61.200,15.600,30.00,61.200,15.600,61.200,work,t02->t03,OPTIMAL,61.20000,61.20000,61.200000,0.0,0.001239,0.00000,t02.human_1 -> [task] t02.agent_1 -> [task] t02.human_2 -> [human] t01.human_1 -> [task] t01.agent_1 -> [task] t01.human_2 -> [precedence] t03.human_1 -> [task] t03.agent_1 -> [task] t03.human_2 -> [human] t04_part_01.specification -> [task] t04_part_01.implementation -> [agent] t04_part_02.specification -> [task] t04_part_02.implementation -> [precedence] t04_join.integration -> [task] t04_join.acceptance,0.00000,61.20000,0,0,15.60000,0,61.200,0,0,15.600,0,exp05_p01_m02_ro050_lh05,0.05,0.5,-1.20000,-1.20000,0.00000
EXP-05,exp05_p01_m02_ro100_lh00,64172f19ab956533cdeae5d2517c4cebb7537f10b06623428a877a0da8a76490,1,2,0.10,0,1,"P=1,m=2,r_o=0.10,lambda_h=0",bottom_level_fcfs_v1,6,2.40,0.00,2.40,60.00,15.00,62.40,15.00,30.00,62.40,15.00,62.40,work,t02->t03,OPTIMAL,62.40000,62.40000,62.400000,0.0,0.001485,0.00000,t02.human_1 -> [task] t02.agent_1 -> [task] t02.human_2 -> [human] t01.human_1 -> [task] t01.agent_1 -> [task] t01.human_2 -> [precedence] t03.human_1 -> [task] t03.agent_1 -> [task] t03.human_2 -> [human] t04_part_01.specification -> [task] t04_part_01.implementation -> [agent] t04_part_02.specification -> [task] t04_part_02.implementation -> [precedence] t04_join.integration -> [task] t04_join.acceptance,0.00000,62.40000,0,0,15.00000,0,62.40,0,0,15.00,0,exp05_p01_m02_ro100_lh00,0.10,0,-2.40000,-2.40000,0.00000
EXP-05,exp05_p01_m02_ro100_lh05,91569abeb99bcad041aa3c13a50135882bb28d57e34205a6390542299a9117d5,1,2,0.10,0.5,1,"P=1,m=2,r_o=0.10,lambda_h=0.5",bottom_level_fcfs_v1,6,2.40,1.200,1.200,60.00,15.00,62.400,16.200,30.00,62.400,16.200,62.400,work,t02->t03,OPTIMAL,62.40000,62.40000,62.400000,0.0,0.001343,0.00000,t02.human_1 -> [task] t02.agent_1 -> [task] t02.human_2 -> [human] t01.human_1 -> [task] t01.agent_1 -> [task] t01.human_2 -> [precedence] t03.human_1 -> [task] t03.agent_1 -> [task] t03.human_2 -> [human] t04_part_01.specification -> [task] t04_part_01.implementation -> [agent] t04_part_02.specification -> [task] t04_part_02.implementation -> [precedence] t04_join.integration -> [task] t04_join.acceptance,0.00000,62.40000,0,0,16.20000,0,62.400,0,0,16.200,0,exp05_p01_m02_ro100_lh05,0.10,0.5,-2.40000,-2.40000,0.00000
EXP-05,exp05_p01_m03_ro000_lh00,eb7b477c22ed11175a7f74c32cbada332246697656f2ad2db6c777ff968c40e8,1,3,0,0,2,"P=1,m=3,r_o=0,lambda_h=0;P=1,m=3,r_o=0,lambda_h=0.5",bottom_level_fcfs_v1,7,0,0,0,60.00,15.00,60.00,15.00,30.00,60.00,15.00,60.00,work,t02->t03,OPTIMAL,60.00000,60.00000,60.000000,0.0,0.001366,0.00000,t02.human_1 -> [task] t02.agent_1 -> [task] t02.human_2 -> [human] t01.human_1 -> [task] t01.agent_1 -> [task] t01.human_2 -> [precedence] t03.human_1 -> [task] t03.agent_1 -> [task] t03.human_2 -> [human] t04_part_03.specification -> [task] t04_part_03.implementation -> [agent] t04_part_01.specification -> [task] t04_part_01.implementation -> [agent] t04_part_02.specification -> [task] t04_part_02.implementation -> [precedence] t04_join.acceptance,0.00000,60.00000,0,0,15.00000,0,60.00,0,0,15.00,0,exp05_p01_m03_ro000_lh00,0,shared,0.00000,0.00000,0.00000
EXP-05,exp05_p01_m03_ro050_lh00,d54a2188f65f99a0dbfa0ebe56d70d9c0a4956a3b03c8e4a94ac26420969f3e9,1,3,0.05,0,1,"P=1,m=3,r_o=0.05,lambda_h=0",bottom_level_fcfs_v1,7,2.40,0.00,2.40,60.00,15.00,62.40,15.00,30.00,62.40,15.00,62.40,work,t02->t03,OPTIMAL,62.40000,62.40000,62.400000,0.0,0.001247,0.00000,t02.human_1 -> [task] t02.agent_1 -> [task] t02.human_2 -> [human] t01.human_1 -> [task] t01.agent_1 -> [task] t01.human_2 -> [precedence] t03.human_1 -> [task] t03.agent_1 -> [task] t03.human_2 -> [human] t04_part_01.specification -> [task] t04_part_01.implementation -> [agent] t04_part_03.specification -> [task] t04_part_03.implementation -> [agent] t04_part_02.specification -> [task] t04_part_02.implementation -> [precedence] t04_join.integration -> [task] t04_join.acceptance,0.00000,62.40000,0,0,15.00000,0,62.40,0,0,15.00,0,exp05_p01_m03_ro050_lh00,0.05,0,-2.40000,-2.40000,0.00000
EXP-05,exp05_p01_m03_ro050_lh05,b51c240d56fd82d4ca77c2e549ad7992ffa8557e8e27dd5de47df8b860fd242c,1,3,0.05,0.5,1,"P=1,m=3,r_o=0.05,lambda_h=0.5",bottom_level_fcfs_v1,7,2.40,1.200,1.200,60.00,15.00,62.400,16.200,30.00,62.400,16.200,62.400,work,t02->t03,OPTIMAL,62.40000,62.40000,62.400000,0.0,0.001547,0.00000,t02.human_1 -> [task] t02.agent_1 -> [task] t02.human_2 -> [human] t01.human_1 -> [task] t01.agent_1 -> [task] t01.human_2 -> [precedence] t03.human_1 -> [task] t03.agent_1 -> [task] t03.human_2 -> [human] t04_part_01.specification -> [task] t04_part_01.implementation -> [agent] t04_part_03.specification -> [task] t04_part_03.implementation -> [agent] t04_part_02.specification -> [task] t04_part_02.implementation -> [precedence] t04_join.integration -> [task] t04_join.acceptance,0.00000,62.40000,0,0,16.20000,0,62.400,0,0,16.200,0,exp05_p01_m03_ro050_lh05,0.05,0.5,-2.40000,-2.40000,0.00000
EXP-05,exp05_p01_m03_ro100_lh00,d4481b38a06f695f7dae117eedcfddfbd58b2a0c2b4e9596ad634d1261497862,1,3,0.10,0,1,"P=1,m=3,r_o=0.10,lambda_h=0",bottom_level_fcfs_v1,7,4.80,0.00,4.80,60.00,15.00,64.80,15.00,30.00,64.80,15.00,64.80,work,t02->t03,OPTIMAL,64.80000,64.80000,64.800000,0.0,0.001312,0.00000,t02.human_1 -> [task] t02.agent_1 -> [task] t02.human_2 -> [human] t01.human_1 -> [task] t01.agent_1 -> [task] t01.human_2 -> [precedence] t03.human_1 -> [task] t03.agent_1 -> [task] t03.human_2 -> [human] t04_part_01.specification -> [task] t04_part_01.implementation -> [agent] t04_part_03.specification -> [task] t04_part_03.implementation -> [agent] t04_part_02.specification -> [task] t04_part_02.implementation -> [precedence] t04_join.integration -> [task] t04_join.acceptance,0.00000,64.80000,0,0,15.00000,0,64.80,0,0,15.00,0,exp05_p01_m03_ro100_lh00,0.10,0,-4.80000,-4.80000,0.00000
EXP-05,exp05_p01_m03_ro100_lh05,7509e2ae219e9755d43199b4e37646c03194158b98e423c267106367257e2f4e,1,3,0.10,0.5,1,"P=1,m=3,r_o=0.10,lambda_h=0.5",bottom_level_fcfs_v1,7,4.80,2.400,2.400,60.00,15.00,64.800,17.400,30.00,64.800,17.400,64.800,work,t02->t03,OPTIMAL,64.80000,64.80000,64.800000,0.0,0.001237,0.00000,t02.human_1 -> [task] t02.agent_1 -> [task] t02.human_2 -> [human] t01.human_1 -> [task] t01.agent_1 -> [task] t01.human_2 -> [precedence] t03.human_1 -> [task] t03.agent_1 -> [task] t03.human_2 -> [human] t04_part_01.specification -> [task] t04_part_01.implementation -> [agent] t04_part_03.specification -> [task] t04_part_03.implementation -> [agent] t04_part_02.specification -> [task] t04_part_02.implementation -> [precedence] t04_join.integration -> [task] t04_join.acceptance,0.00000,64.80000,0,0,17.40000,0,64.800,0,0,17.400,0,exp05_p01_m03_ro100_lh05,0.10,0.5,-4.80000,-4.80000,0.00000
EXP-05,exp05_p01_m04_ro000_lh00,ee546c2b74efa05f193975299ec4ff53db08b426f65ca225cb12aea4386290de,1,4,0,0,2,"P=1,m=4,r_o=0,lambda_h=0;P=1,m=4,r_o=0,lambda_h=0.5",bottom_level_fcfs_v1,8,0,0,0,60.00,15.00,60.00,15.00,30.00,60.00,15.00,60.00,work,t02->t03,OPTIMAL,60.00000,60.00000,60.000000,0.0,0.001479,0.00000,t02.human_1 -> [task] t02.agent_1 -> [task] t02.human_2 -> [human] t01.human_1 -> [task] t01.agent_1 -> [task] t01.human_2 -> [precedence] t03.human_1 -> [task] t03.agent_1 -> [task] t03.human_2 -> [human] t04_part_04.specification -> [task] t04_part_04.implementation -> [agent] t04_part_03.specification -> [task] t04_part_03.implementation -> [agent] t04_part_01.specification -> [task] t04_part_01.implementation -> [agent] t04_part_02.specification -> [task] t04_part_02.implementation -> [precedence] t04_join.acceptance,0.00000,60.00000,0,0,15.00000,0,60.00,0,0,15.00,0,exp05_p01_m04_ro000_lh00,0,shared,0.00000,0.00000,0.00000
EXP-05,exp05_p01_m04_ro050_lh00,92bb764d387a25394ad68494e4d8beff7b2e80a2ecbcf4d3a365130b06328b99,1,4,0.05,0,1,"P=1,m=4,r_o=0.05,lambda_h=0",bottom_level_fcfs_v1,8,3.60,0.00,3.60,60.00,15.00,63.60,15.00,30.00,63.60,15.00,63.60,work,t02->t03,OPTIMAL,63.60000,63.60000,63.600000,0.0,0.001756,0.00000,t02.human_1 -> [task] t02.agent_1 -> [task] t02.human_2 -> [human] t01.human_1 -> [task] t01.agent_1 -> [task] t01.human_2 -> [precedence] t03.human_1 -> [task] t03.agent_1 -> [task] t03.human_2 -> [human] t04_part_01.specification -> [task] t04_part_01.implementation -> [agent] t04_part_03.specification -> [task] t04_part_03.implementation -> [agent] t04_part_02.specification -> [task] t04_part_02.implementation -> [agent] t04_part_04.specification -> [task] t04_part_04.implementation -> [precedence] t04_join.integration -> [task] t04_join.acceptance,0.00000,63.60000,0,0,15.00000,0,63.60,0,0,15.00,0,exp05_p01_m04_ro050_lh00,0.05,0,-3.60000,-3.60000,0.00000
EXP-05,exp05_p01_m04_ro050_lh05,eb04921669c204f6dbc8ad3a3d1ed3a6371042a22a7f726a5ed279d14a437561,1,4,0.05,0.5,1,"P=1,m=4,r_o=0.05,lambda_h=0.5",bottom_level_fcfs_v1,8,3.60,1.800,1.800,60.00,15.00,63.600,16.800,30.00,63.600,16.800,63.600,work,t02->t03,OPTIMAL,63.60000,63.60000,63.600000,0.0,0.001398,0.00000,t02.human_1 -> [task] t02.agent_1 -> [task] t02.human_2 -> [human] t01.human_1 -> [task] t01.agent_1 -> [task] t01.human_2 -> [precedence] t03.human_1 -> [task] t03.agent_1 -> [task] t03.human_2 -> [human] t04_part_01.specification -> [task] t04_part_01.implementation -> [agent] t04_part_03.specification -> [task] t04_part_03.implementation -> [agent] t04_part_02.specification -> [task] t04_part_02.implementation -> [agent] t04_part_04.specification -> [task] t04_part_04.implementation -> [precedence] t04_join.integration -> [task] t04_join.acceptance,0.00000,63.60000,0,0,16.80000,0,63.600,0,0,16.800,0,exp05_p01_m04_ro050_lh05,0.05,0.5,-3.60000,-3.60000,0.00000
EXP-05,exp05_p01_m04_ro100_lh00,cf1f48691963806294033601b3480e006c67c898860dbf40c71682afc00fcc48,1,4,0.10,0,1,"P=1,m=4,r_o=0.10,lambda_h=0",bottom_level_fcfs_v1,8,7.20,0.00,7.20,60.00,15.00,67.20,15.00,30.00,67.20,15.00,67.20,work,t02->t03,OPTIMAL,67.20000,67.20000,67.200000,0.0,0.001375,0.00000,t02.human_1 -> [task] t02.agent_1 -> [task] t02.human_2 -> [human] t01.human_1 -> [task] t01.agent_1 -> [task] t01.human_2 -> [precedence] t03.human_1 -> [task] t03.agent_1 -> [task] t03.human_2 -> [human] t04_part_01.specification -> [task] t04_part_01.implementation -> [agent] t04_part_03.specification -> [task] t04_part_03.implementation -> [agent] t04_part_02.specification -> [task] t04_part_02.implementation -> [agent] t04_part_04.specification -> [task] t04_part_04.implementation -> [precedence] t04_join.integration -> [task] t04_join.acceptance,0.00000,67.20000,0,0,15.00000,0,67.20,0,0,15.00,0,exp05_p01_m04_ro100_lh00,0.10,0,-7.20000,-7.20000,0.00000
EXP-05,exp05_p01_m04_ro100_lh05,3e71de7fcfaa0e2bcfb88151a3d8b8097ef5d846ac27b722d589ae472b7167fc,1,4,0.10,0.5,1,"P=1,m=4,r_o=0.10,lambda_h=0.5",bottom_level_fcfs_v1,8,7.20,3.600,3.600,60.00,15.00,67.200,18.600,30.00,67.200,18.600,67.200,work,t02->t03,OPTIMAL,67.20000,67.20000,67.200000,0.0,0.001887,0.00000,t02.human_1 -> [task] t02.agent_1 -> [task] t02.human_2 -> [human] t01.human_1 -> [task] t01.agent_1 -> [task] t01.human_2 -> [precedence] t03.human_1 -> [task] t03.agent_1 -> [task] t03.human_2 -> [human] t04_part_01.specification -> [task] t04_part_01.implementation -> [agent] t04_part_03.specification -> [task] t04_part_03.implementation -> [agent] t04_part_02.specification -> [task] t04_part_02.implementation -> [agent] t04_part_04.specification -> [task] t04_part_04.implementation -> [precedence] t04_join.integration -> [task] t04_join.acceptance,0.00000,67.20000,0,0,18.60000,0,67.200,0,0,18.600,0,exp05_p01_m04_ro100_lh05,0.10,0.5,-7.20000,-7.20000,0.00000
EXP-05,exp05_p01_m06_ro000_lh00,c627f4ab36ca3169e0c8681cd7d34262d481f3e0a092884d3f1b3949a046e379,1,6,0,0,2,"P=1,m=6,r_o=0,lambda_h=0;P=1,m=6,r_o=0,lambda_h=0.5",bottom_level_fcfs_v1,10,0,0,0,60.00,15.00,60.00,15.00,30.00,60.00,15.00,60.00,work,t02->t03,OPTIMAL,60.00000,60.00000,60.000000,0.0,0.002094,0.00000,t02.human_1 -> [task] t02.agent_1 -> [task] t02.human_2 -> [human] t01.human_1 -> [task] t01.agent_1 -> [task] t01.human_2 -> [precedence] t03.human_1 -> [task] t03.agent_1 -> [task] t03.human_2 -> [human] t04_part_04.specification -> [task] t04_part_04.implementation -> [agent] t04_part_05.specification -> [task] t04_part_05.implementation -> [agent] t04_part_01.specification -> [task] t04_part_01.implementation -> [agent] t04_part_02.specification -> [task] t04_part_02.implementation -> [agent] t04_part_06.specification -> [task] t04_part_06.implementation -> [agent] t04_part_03.specification -> [task] t04_part_03.implementation -> [precedence] t04_join.acceptance,0.00000,60.00000,0,0,15.00000,0,60.00,0,0,15.00,0,exp05_p01_m06_ro000_lh00,0,shared,0.00000,0.00000,0.00000
EXP-05,exp05_p01_m06_ro050_lh00,656b77f35becc2d7bf84969ca762e22375667968e703a9e361775ea75d243e72,1,6,0.05,0,1,"P=1,m=6,r_o=0.05,lambda_h=0",bottom_level_fcfs_v1,10,6.00,0.00,6.00,60.00,15.00,66.00,15.00,30.00,66.00,15.00,66.00,work,t02->t03,OPTIMAL,66.00000,66.00000,66.000000,0.0,0.001761,0.00000,t02.human_1 -> [task] t02.agent_1 -> [task] t02.human_2 -> [human] t01.human_1 -> [task] t01.agent_1 -> [task] t01.human_2 -> [precedence] t03.human_1 -> [task] t03.agent_1 -> [task] t03.human_2 -> [human] t04_part_01.specification -> [task] t04_part_01.implementation -> [agent] t04_part_04.specification -> [task] t04_part_04.implementation -> [agent] t04_part_02.specification -> [task] t04_part_02.implementation -> [agent] t04_part_03.specification -> [task] t04_part_03.implementation -> [agent] t04_part_05.specification -> [task] t04_part_05.implementation -> [agent] t04_part_06.specification -> [task] t04_part_06.implementation -> [precedence] t04_join.integration -> [task] t04_join.acceptance,0.00000,66.00000,0,0,15.00000,0,66.00,0,0,15.00,0,exp05_p01_m06_ro050_lh00,0.05,0,-6.00000,-6.00000,0.00000
EXP-05,exp05_p01_m06_ro050_lh05,9caa9c19c25df48ba619ff2762e47ff9869fe1feeddbaa729792078ec7cfb35e,1,6,0.05,0.5,1,"P=1,m=6,r_o=0.05,lambda_h=0.5",bottom_level_fcfs_v1,10,6.00,3.000,3.000,60.00,15.00,66.000,18.000,30.00,66.000,18.000,66.000,work,t02->t03,OPTIMAL,66.00000,66.00000,66.000000,0.0,0.001661,0.00000,t02.human_1 -> [task] t02.agent_1 -> [task] t02.human_2 -> [human] t01.human_1 -> [task] t01.agent_1 -> [task] t01.human_2 -> [precedence] t03.human_1 -> [task] t03.agent_1 -> [task] t03.human_2 -> [human] t04_part_01.specification -> [task] t04_part_01.implementation -> [agent] t04_part_04.specification -> [task] t04_part_04.implementation -> [agent] t04_part_02.specification -> [task] t04_part_02.implementation -> [agent] t04_part_03.specification -> [task] t04_part_03.implementation -> [agent] t04_part_05.specification -> [task] t04_part_05.implementation -> [agent] t04_part_06.specification -> [task] t04_part_06.implementation -> [precedence] t04_join.integration -> [task] t04_join.acceptance,0.00000,66.00000,0,0,18.00000,0,66.000,0,0,18.000,0,exp05_p01_m06_ro050_lh05,0.05,0.5,-6.00000,-6.00000,0.00000
EXP-05,exp05_p01_m06_ro100_lh00,408635e19666ed212f209b088c42983361852948e6b0ef977f366134c943ee6e,1,6,0.10,0,1,"P=1,m=6,r_o=0.10,lambda_h=0",bottom_level_fcfs_v1,10,12.00,0.00,12.00,60.00,15.00,72.00,15.00,30.00,72.00,15.00,72.00,work,t02->t03,OPTIMAL,72.00000,72.00000,72.000000,0.0,0.001663,0.00000,t02.human_1 -> [task] t02.agent_1 -> [task] t02.human_2 -> [human] t01.human_1 -> [task] t01.agent_1 -> [task] t01.human_2 -> [precedence] t03.human_1 -> [task] t03.agent_1 -> [task] t03.human_2 -> [human] t04_part_01.specification -> [task] t04_part_01.implementation -> [agent] t04_part_04.specification -> [task] t04_part_04.implementation -> [agent] t04_part_05.specification -> [task] t04_part_05.implementation -> [agent] t04_part_06.specification -> [task] t04_part_06.implementation -> [agent] t04_part_02.specification -> [task] t04_part_02.implementation -> [agent] t04_part_03.specification -> [task] t04_part_03.implementation -> [precedence] t04_join.integration -> [task] t04_join.acceptance,0.00000,72.00000,0,0,15.00000,0,72.00,0,0,15.00,0,exp05_p01_m06_ro100_lh00,0.10,0,-12.00000,-12.00000,0.00000
EXP-05,exp05_p01_m06_ro100_lh05,1409a4c321f649d07227d9b69ca2c3672e8a3d1e1f4fffe99b10c9365609a9dd,1,6,0.10,0.5,1,"P=1,m=6,r_o=0.10,lambda_h=0.5",bottom_level_fcfs_v1,10,12.00,6.000,6.000,60.00,15.00,72.000,21.000,30.00,72.000,21.000,72.000,work,t02->t03,OPTIMAL,72.00000,72.00000,72.000000,0.0,0.001776,0.00000,t02.human_1 -> [task] t02.agent_1 -> [task] t02.human_2 -> [human] t01.human_1 -> [task] t01.agent_1 -> [task] t01.human_2 -> [precedence] t03.human_1 -> [task] t03.agent_1 -> [task] t03.human_2 -> [human] t04_part_01.specification -> [task] t04_part_01.implementation -> [agent] t04_part_04.specification -> [task] t04_part_04.implementation -> [agent] t04_part_05.specification -> [task] t04_part_05.implementation -> [agent] t04_part_06.specification -> [task] t04_part_06.implementation -> [agent] t04_part_02.specification -> [task] t04_part_02.implementation -> [agent] t04_part_03.specification -> [task] t04_part_03.implementation -> [precedence] t04_join.integration -> [task] t04_join.acceptance,0.00000,72.00000,0,0,21.00000,0,72.000,0,0,21.000,0,exp05_p01_m06_ro100_lh05,0.10,0.5,-12.00000,-12.00000,0.00000
EXP-05,exp05_p01_m08_ro000_lh00,f60573082c00cc34903d39a3aba3bb25b04309b70422ee4c8a0947551e7793bd,1,8,0,0,2,"P=1,m=8,r_o=0,lambda_h=0;P=1,m=8,r_o=0,lambda_h=0.5",bottom_level_fcfs_v1,12,0,0,0,60.000,15.000,60.000,15.000,30.00,60.000,15.000,60.000,work,t02->t03,OPTIMAL,60.00000,60.00000,60.000000,0.0,0.002393,0.00000,t02.human_1 -> [task] t02.agent_1 -> [task] t02.human_2 -> [human] t01.human_1 -> [task] t01.agent_1 -> [task] t01.human_2 -> [precedence] t03.human_1 -> [task] t03.agent_1 -> [task] t03.human_2 -> [human] t04_part_04.specification -> [task] t04_part_04.implementation -> [agent] t04_part_01.specification -> [task] t04_part_01.implementation -> [agent] t04_part_08.specification -> [task] t04_part_08.implementation -> [agent] t04_part_07.specification -> [task] t04_part_07.implementation -> [agent] t04_part_06.specification -> [task] t04_part_06.implementation -> [agent] t04_part_02.specification -> [task] t04_part_02.implementation -> [agent] t04_part_03.specification -> [task] t04_part_03.implementation -> [agent] t04_part_05.specification -> [task] t04_part_05.implementation -> [precedence] t04_join.acceptance,0.00000,60.00000,0,0,15.00000,0,60.000,0,0,15.000,0,exp05_p01_m08_ro000_lh00,0,shared,0.00000,0.00000,0.00000
EXP-05,exp05_p01_m08_ro050_lh00,483251ad5d7829560a2acbfd294539ae0c1179f2257a158e07f27d9d5b9ade8e,1,8,0.05,0,1,"P=1,m=8,r_o=0.05,lambda_h=0",bottom_level_fcfs_v1,12,8.40,0.00,8.40,60.000,15.000,68.400,15.000,30.00,68.400,15.000,68.400,work,t02->t03,OPTIMAL,68.40000,68.40000,68.400000,0.0,0.002332,0.00000,t02.human_1 -> [task] t02.agent_1 -> [task] t02.human_2 -> [human] t01.human_1 -> [task] t01.agent_1 -> [task] t01.human_2 -> [precedence] t03.human_1 -> [task] t03.agent_1 -> [task] t03.human_2 -> [human] t04_part_01.specification -> [task] t04_part_01.implementation -> [agent] t04_part_08.specification -> [task] t04_part_08.implementation -> [agent] t04_part_07.specification -> [task] t04_part_07.implementation -> [agent] t04_part_06.specification -> [task] t04_part_06.implementation -> [agent] t04_part_04.specification -> [task] t04_part_04.implementation -> [agent] t04_part_02.specification -> [task] t04_part_02.implementation -> [agent] t04_part_03.specification -> [task] t04_part_03.implementation -> [agent] t04_part_05.specification -> [task] t04_part_05.implementation -> [precedence] t04_join.integration -> [task] t04_join.acceptance,0.00000,68.40000,0,0,15.00000,0,68.400,0,0,15.000,0,exp05_p01_m08_ro050_lh00,0.05,0,-8.40000,-8.40000,0.00000
EXP-05,exp05_p01_m08_ro050_lh05,1ed728348073b3da892da8ee93407f7f5451018c2c65e2ae567cbde11bf75fa2,1,8,0.05,0.5,1,"P=1,m=8,r_o=0.05,lambda_h=0.5",bottom_level_fcfs_v1,12,8.40,4.200,4.200,60.000,15.000,68.4000,19.2000,30.00,68.4000,19.2000,68.4000,work,t02->t03,OPTIMAL,68.40000,68.40000,68.400000,0.0,0.002078,0.00000,t02.human_1 -> [task] t02.agent_1 -> [task] t02.human_2 -> [human] t01.human_1 -> [task] t01.agent_1 -> [task] t01.human_2 -> [precedence] t03.human_1 -> [task] t03.agent_1 -> [task] t03.human_2 -> [human] t04_part_01.specification -> [task] t04_part_01.implementation -> [agent] t04_part_08.specification -> [task] t04_part_08.implementation -> [agent] t04_part_07.specification -> [task] t04_part_07.implementation -> [agent] t04_part_06.specification -> [task] t04_part_06.implementation -> [agent] t04_part_04.specification -> [task] t04_part_04.implementation -> [agent] t04_part_02.specification -> [task] t04_part_02.implementation -> [agent] t04_part_03.specification -> [task] t04_part_03.implementation -> [agent] t04_part_05.specification -> [task] t04_part_05.implementation -> [precedence] t04_join.integration -> [task] t04_join.acceptance,0.00000,68.40000,0,0,19.20000,0,68.4000,0,0,19.2000,0,exp05_p01_m08_ro050_lh05,0.05,0.5,-8.40000,-8.40000,0.00000
EXP-05,exp05_p01_m08_ro100_lh00,8ed18dd43b6318d38f7dfa2e614f68191281e91427e15a3856cbda9562ca5224,1,8,0.10,0,1,"P=1,m=8,r_o=0.10,lambda_h=0",bottom_level_fcfs_v1,12,16.80,0.00,16.80,60.000,15.000,76.800,15.000,30.00,76.800,15.000,76.800,work,t02->t03,OPTIMAL,76.80000,76.80000,76.800000,0.0,0.001971,0.00000,t02.human_1 -> [task] t02.agent_1 -> [task] t02.human_2 -> [human] t01.human_1 -> [task] t01.agent_1 -> [task] t01.human_2 -> [precedence] t03.human_1 -> [task] t03.agent_1 -> [task] t03.human_2 -> [human] t04_part_01.specification -> [task] t04_part_01.implementation -> [agent] t04_part_08.specification -> [task] t04_part_08.implementation -> [agent] t04_part_02.specification -> [task] t04_part_02.implementation -> [agent] t04_part_05.specification -> [task] t04_part_05.implementation -> [agent] t04_part_07.specification -> [task] t04_part_07.implementation -> [agent] t04_part_03.specification -> [task] t04_part_03.implementation -> [agent] t04_part_04.specification -> [task] t04_part_04.implementation -> [agent] t04_part_06.specification -> [task] t04_part_06.implementation -> [precedence] t04_join.integration -> [task] t04_join.acceptance,0.00000,76.80000,0,0,15.00000,0,76.800,0,0,15.000,0,exp05_p01_m08_ro100_lh00,0.10,0,-16.80000,-16.80000,0.00000
EXP-05,exp05_p01_m08_ro100_lh05,7709c073ff35e0c2b0086827728a29fd349c0e44b399d71012c9cf6eb112b104,1,8,0.10,0.5,1,"P=1,m=8,r_o=0.10,lambda_h=0.5",bottom_level_fcfs_v1,12,16.80,8.400,8.400,60.000,15.000,76.800,23.400,30.00,76.800,23.400,76.800,work,t02->t03,OPTIMAL,76.80000,76.80000,76.800000,0.0,0.001964,0.00000,t02.human_1 -> [task] t02.agent_1 -> [task] t02.human_2 -> [human] t01.human_1 -> [task] t01.agent_1 -> [task] t01.human_2 -> [precedence] t03.human_1 -> [task] t03.agent_1 -> [task] t03.human_2 -> [human] t04_part_01.specification -> [task] t04_part_01.implementation -> [agent] t04_part_08.specification -> [task] t04_part_08.implementation -> [agent] t04_part_02.specification -> [task] t04_part_02.implementation -> [agent] t04_part_05.specification -> [task] t04_part_05.implementation -> [agent] t04_part_07.specification -> [task] t04_part_07.implementation -> [agent] t04_part_03.specification -> [task] t04_part_03.implementation -> [agent] t04_part_04.specification -> [task] t04_part_04.implementation -> [agent] t04_part_06.specification -> [task] t04_part_06.implementation -> [precedence] t04_join.integration -> [task] t04_join.acceptance,0.00000,76.80000,0,0,23.40000,0,76.800,0,0,23.400,0,exp05_p01_m08_ro100_lh05,0.10,0.5,-16.80000,-16.80000,0.00000
EXP-05,exp05_p02_m01_ro000_lh00,1a6518def7b28ba43ba202a1ac57cde8dd4066a20dd679549bf027be760d469e,2,1,0,0,6,"P=2,m=1,r_o=0,lambda_h=0;P=2,m=1,r_o=0,lambda_h=0.5;P=2,m=1,r_o=0.05,lambda_h=0;P=2,m=1,r_o=0.05,lambda_h=0.5;P=2,m=1,r_o=0.10,lambda_h=0;P=2,m=1,r_o=0.10,lambda_h=0.5",bottom_level_fcfs_v1,5,0,0,0,60.00,15.00,60.00,15.00,36.00,30.00,15.00,36.00,critical_path,t02->t04_part_01->t04_join,OPTIMAL,36.00000,36.00000,36.000000,0.0,0.001661,0.00000,t02.human_1 -> [task] t02.agent_1 -> [task] t02.human_2 -> [precedence] t04_part_01.specification -> [task] t04_part_01.implementation -> [precedence] t04_join.acceptance,0.00000,36.00000,0,0,0,0,36.00,4.50,4.50,4.50,1,exp05_p02_m01_ro000_lh00,0,shared,0.00000,0.00000,0.00000
EXP-05,exp05_p02_m01_ro000_lh00,1a6518def7b28ba43ba202a1ac57cde8dd4066a20dd679549bf027be760d469e,2,1,0.05,0,6,"P=2,m=1,r_o=0,lambda_h=0;P=2,m=1,r_o=0,lambda_h=0.5;P=2,m=1,r_o=0.05,lambda_h=0;P=2,m=1,r_o=0.05,lambda_h=0.5;P=2,m=1,r_o=0.10,lambda_h=0;P=2,m=1,r_o=0.10,lambda_h=0.5",bottom_level_fcfs_v1,5,0,0,0,60.00,15.00,60.00,15.00,36.00,30.00,15.00,36.00,critical_path,t02->t04_part_01->t04_join,OPTIMAL,36.00000,36.00000,36.000000,0.0,0.001661,0.00000,t02.human_1 -> [task] t02.agent_1 -> [task] t02.human_2 -> [precedence] t04_part_01.specification -> [task] t04_part_01.implementation -> [precedence] t04_join.acceptance,0.00000,36.00000,0,0,0,0,36.00,4.50,4.50,4.50,1,exp05_p02_m01_ro000_lh00,0.05,0,0.00000,0.00000,0.00000
EXP-05,exp05_p02_m01_ro000_lh00,1a6518def7b28ba43ba202a1ac57cde8dd4066a20dd679549bf027be760d469e,2,1,0.05,0.5,6,"P=2,m=1,r_o=0,lambda_h=0;P=2,m=1,r_o=0,lambda_h=0.5;P=2,m=1,r_o=0.05,lambda_h=0;P=2,m=1,r_o=0.05,lambda_h=0.5;P=2,m=1,r_o=0.10,lambda_h=0;P=2,m=1,r_o=0.10,lambda_h=0.5",bottom_level_fcfs_v1,5,0,0,0,60.00,15.00,60.00,15.00,36.00,30.00,15.00,36.00,critical_path,t02->t04_part_01->t04_join,OPTIMAL,36.00000,36.00000,36.000000,0.0,0.001661,0.00000,t02.human_1 -> [task] t02.agent_1 -> [task] t02.human_2 -> [precedence] t04_part_01.specification -> [task] t04_part_01.implementation -> [precedence] t04_join.acceptance,0.00000,36.00000,0,0,0,0,36.00,4.50,4.50,4.50,1,exp05_p02_m01_ro000_lh00,0.05,0.5,0.00000,0.00000,0.00000
EXP-05,exp05_p02_m01_ro000_lh00,1a6518def7b28ba43ba202a1ac57cde8dd4066a20dd679549bf027be760d469e,2,1,0.10,0,6,"P=2,m=1,r_o=0,lambda_h=0;P=2,m=1,r_o=0,lambda_h=0.5;P=2,m=1,r_o=0.05,lambda_h=0;P=2,m=1,r_o=0.05,lambda_h=0.5;P=2,m=1,r_o=0.10,lambda_h=0;P=2,m=1,r_o=0.10,lambda_h=0.5",bottom_level_fcfs_v1,5,0,0,0,60.00,15.00,60.00,15.00,36.00,30.00,15.00,36.00,critical_path,t02->t04_part_01->t04_join,OPTIMAL,36.00000,36.00000,36.000000,0.0,0.001661,0.00000,t02.human_1 -> [task] t02.agent_1 -> [task] t02.human_2 -> [precedence] t04_part_01.specification -> [task] t04_part_01.implementation -> [precedence] t04_join.acceptance,0.00000,36.00000,0,0,0,0,36.00,4.50,4.50,4.50,1,exp05_p02_m01_ro000_lh00,0.10,0,0.00000,0.00000,0.00000
EXP-05,exp05_p02_m01_ro000_lh00,1a6518def7b28ba43ba202a1ac57cde8dd4066a20dd679549bf027be760d469e,2,1,0.10,0.5,6,"P=2,m=1,r_o=0,lambda_h=0;P=2,m=1,r_o=0,lambda_h=0.5;P=2,m=1,r_o=0.05,lambda_h=0;P=2,m=1,r_o=0.05,lambda_h=0.5;P=2,m=1,r_o=0.10,lambda_h=0;P=2,m=1,r_o=0.10,lambda_h=0.5",bottom_level_fcfs_v1,5,0,0,0,60.00,15.00,60.00,15.00,36.00,30.00,15.00,36.00,critical_path,t02->t04_part_01->t04_join,OPTIMAL,36.00000,36.00000,36.000000,0.0,0.001661,0.00000,t02.human_1 -> [task] t02.agent_1 -> [task] t02.human_2 -> [precedence] t04_part_01.specification -> [task] t04_part_01.implementation -> [precedence] t04_join.acceptance,0.00000,36.00000,0,0,0,0,36.00,4.50,4.50,4.50,1,exp05_p02_m01_ro000_lh00,0.10,0.5,0.00000,0.00000,0.00000
EXP-05,exp05_p02_m02_ro000_lh00,0e1208d672ae72958517ff5ea74e6e6541c84663713d09c615d195c92945939c,2,2,0,0,2,"P=2,m=2,r_o=0,lambda_h=0;P=2,m=2,r_o=0,lambda_h=0.5",bottom_level_fcfs_v1,6,0,0,0,60.00,15.00,60.00,15.00,30.00,30.00,15.00,30.00,"work,critical_path",t02->t03,OPTIMAL,36.00000,36.00000,36.000000,0.0,0.002137,6.00000,t02.human_1 -> [task] t02.agent_1 -> [task] t02.human_2 -> [precedence] t04_part_01.specification -> [task] t04_part_01.implementation -> [agent] t04_part_02.specification -> [task] t04_part_02.implementation -> [precedence] t04_join.acceptance,2.25000,36.00000,0,0,0,0,38.25,3.75,3.75,3.75,1,exp05_p02_m02_ro000_lh00,0,shared,0.00000,0.00000,0.00000
EXP-05,exp05_p02_m02_ro050_lh00,12b94ed59122b3f765c71cdb9fdf1c1295683c84136824bc3e8992982685ddd7,2,2,0.05,0,1,"P=2,m=2,r_o=0.05,lambda_h=0",bottom_level_fcfs_v1,6,1.20,0.00,1.20,60.00,15.00,61.20,15.00,30.00,30.60,15.00,30.60,work,t02->t03,OPTIMAL,37.20000,37.20000,37.200000,0.0,0.001876,6.60000,t02.human_1 -> [task] t02.agent_1 -> [task] t02.human_2 -> [precedence] t04_part_01.specification -> [task] t04_part_01.implementation -> [agent] t04_part_02.specification -> [task] t04_part_02.implementation -> [precedence] t04_join.integration -> [task] t04_join.acceptance,2.25000,37.20000,0,0,0,0,39.45,3.75,3.75,3.75,1,exp05_p02_m02_ro050_lh00,0.05,0,-1.20000,-1.20000,0.00000
EXP-05,exp05_p02_m02_ro050_lh05,e8e3b1824470da52645565a703102df71c4e996a9de367ecbcd808a38c1a9d09,2,2,0.05,0.5,1,"P=2,m=2,r_o=0.05,lambda_h=0.5",bottom_level_fcfs_v1,6,1.20,0.600,0.600,60.00,15.00,61.200,15.600,30.00,30.600,15.600,30.600,work,t02->t03,OPTIMAL,37.20000,37.20000,37.200000,0.0,0.001679,6.60000,t02.human_1 -> [task] t02.agent_1 -> [task] t02.human_2 -> [precedence] t04_part_01.specification -> [task] t04_part_01.implementation -> [agent] t04_part_02.specification -> [task] t04_part_02.implementation -> [precedence] t04_join.integration -> [task] t04_join.acceptance,2.25000,37.20000,0,0,0,0,39.450,3.75,3.75,3.75,1,exp05_p02_m02_ro050_lh05,0.05,0.5,-1.20000,-1.20000,0.00000
EXP-05,exp05_p02_m02_ro100_lh00,9506df371e2aac18f0124154cb6a6cd9bf0f09dd0a5567cb48165f7c431c3fd2,2,2,0.10,0,1,"P=2,m=2,r_o=0.10,lambda_h=0",bottom_level_fcfs_v1,6,2.40,0.00,2.40,60.00,15.00,62.40,15.00,30.00,31.20,15.00,31.20,work,t02->t03,OPTIMAL,38.40000,38.40000,38.400000,0.0,0.001620,7.20000,t02.human_1 -> [task] t02.agent_1 -> [task] t02.human_2 -> [precedence] t04_part_01.specification -> [task] t04_part_01.implementation -> [agent] t04_part_02.specification -> [task] t04_part_02.implementation -> [precedence] t04_join.integration -> [task] t04_join.acceptance,2.25000,38.40000,0,0,0,0,40.65,3.75,3.75,3.75,1,exp05_p02_m02_ro100_lh00,0.10,0,-2.40000,-2.40000,0.00000
EXP-05,exp05_p02_m02_ro100_lh05,00b88111351452451b26d8a7d4cc9bbccdba72a019d3f11515751f2a5f3d81aa,2,2,0.10,0.5,1,"P=2,m=2,r_o=0.10,lambda_h=0.5",bottom_level_fcfs_v1,6,2.40,1.200,1.200,60.00,15.00,62.400,16.200,30.00,31.200,16.200,31.200,work,t02->t03,OPTIMAL,38.40000,38.40000,38.400000,0.0,0.001841,7.20000,t02.human_1 -> [task] t02.agent_1 -> [task] t02.human_2 -> [precedence] t04_part_01.specification -> [task] t04_part_01.implementation -> [agent] t04_part_02.specification -> [task] t04_part_02.implementation -> [precedence] t04_join.integration -> [task] t04_join.acceptance,2.25000,38.40000,0,0,0,0,40.650,3.75,3.75,3.75,1,exp05_p02_m02_ro100_lh05,0.10,0.5,-2.40000,-2.40000,0.00000
EXP-05,exp05_p02_m03_ro000_lh00,da1851308e573f282546184321e5fa982532cc66cc8a34d08e6b56e0789de82f,2,3,0,0,2,"P=2,m=3,r_o=0,lambda_h=0;P=2,m=3,r_o=0,lambda_h=0.5",bottom_level_fcfs_v1,7,0,0,0,60.00,15.00,60.00,15.00,30.00,30.00,15.00,30.00,"work,critical_path",t02->t03,OPTIMAL,36.00000,36.00000,36.000000,0.0,0.002978,6.00000,t02.human_1 -> [task] t02.agent_1 -> [task] t02.human_2 -> [precedence] t04_part_01.specification -> [task] t04_part_01.implementation -> [agent] t04_part_02.specification -> [task] t04_part_02.implementation -> [agent] t04_part_03.specification -> [task] t04_part_03.implementation -> [precedence] t04_join.acceptance,4.00000,36.00000,0,0,0,0,40.00,5.50,5.50,5.50,1,exp05_p02_m03_ro000_lh00,0,shared,0.00000,0.00000,0.00000
EXP-05,exp05_p02_m03_ro050_lh00,55dd06eccac57f546d1301b5a4777689b11798315119ad6ee04aa423d0c6e1fb,2,3,0.05,0,1,"P=2,m=3,r_o=0.05,lambda_h=0",bottom_level_fcfs_v1,7,2.40,0.00,2.40,60.00,15.00,62.40,15.00,30.00,31.20,15.00,31.20,work,t02->t03,OPTIMAL,37.40000,37.40000,37.400000,0.0,0.002796,6.20000,t02.human_1 -> [task] t02.agent_1 -> [task] t02.human_2 -> [precedence] t04_part_01.specification -> [task] t04_part_01.implementation -> [agent] t03.human_1 -> [task] t03.agent_1 -> [task] t03.human_2,4.20000,37.40000,0,0,0,0,41.60,4.70,4.70,4.70,1,exp05_p02_m03_ro050_lh00,0.05,0,-1.40000,-2.40000,1.00000
EXP-05,exp05_p02_m03_ro050_lh05,42ae1b569bbac015b3c9cad4c3f902ec068aa37c97d8e1fdce3f0dc38744b34e,2,3,0.05,0.5,1,"P=2,m=3,r_o=0.05,lambda_h=0.5",bottom_level_fcfs_v1,7,2.40,1.200,1.200,60.00,15.00,62.400,16.200,30.00,31.200,16.200,31.200,work,t02->t03,OPTIMAL,37.40000,37.40000,37.400000,0.0,0.002826,6.20000,t02.human_1 -> [task] t02.agent_1 -> [task] t02.human_2 -> [precedence] t04_part_01.specification -> [task] t04_part_01.implementation -> [agent] t03.human_1 -> [task] t03.agent_1 -> [task] t03.human_2,4.20000,37.40000,0,0,0,0,41.600,4.700,4.700,4.700,1,exp05_p02_m03_ro050_lh05,0.05,0.5,-1.40000,-2.40000,1.00000
EXP-05,exp05_p02_m03_ro100_lh00,f049b7d16c8f59846de3f329a31b35f7231a9a7d7372d7ed908a2a18c67af66d,2,3,0.10,0,1,"P=2,m=3,r_o=0.10,lambda_h=0",bottom_level_fcfs_v1,7,4.80,0.00,4.80,60.00,15.00,64.80,15.00,30.00,32.40,15.00,32.40,work,t02->t03,OPTIMAL,37.80000,37.80000,37.800000,0.0,0.002791,5.40000,t02.human_1 -> [task] t02.agent_1 -> [task] t02.human_2 -> [precedence] t04_part_01.specification -> [task] t04_part_01.implementation -> [agent] t03.human_1 -> [task] t03.agent_1 -> [task] t03.human_2,5.40000,37.80000,0,0,0,0,43.20,3.90,3.90,3.90,1,exp05_p02_m03_ro100_lh00,0.10,0,-1.80000,-4.80000,3.00000
EXP-05,exp05_p02_m03_ro100_lh05,6c2fd6e3607f1cdbe54fd50cdf0079aefdf9d3b08595e85f44782e05ce0af04c,2,3,0.10,0.5,1,"P=2,m=3,r_o=0.10,lambda_h=0.5",bottom_level_fcfs_v1,7,4.80,2.400,2.400,60.00,15.00,64.800,17.400,30.00,32.400,17.400,32.400,work,t02->t03,OPTIMAL,37.80000,37.80000,37.800000,0.0,0.003063,5.40000,t02.human_1 -> [task] t02.agent_1 -> [task] t02.human_2 -> [precedence] t04_part_01.specification -> [task] t04_part_01.implementation -> [agent] t03.human_1 -> [task] t03.agent_1 -> [task] t03.human_2,5.40000,37.80000,0,0,0,0,43.200,3.900,3.900,3.900,1,exp05_p02_m03_ro100_lh05,0.10,0.5,-1.80000,-4.80000,3.00000
EXP-05,exp05_p02_m04_ro000_lh00,aafea14112585019bb7be96af16a216f07dc8ec6a0892989047436f0ab76bfc5,2,4,0,0,2,"P=2,m=4,r_o=0,lambda_h=0;P=2,m=4,r_o=0,lambda_h=0.5",bottom_level_fcfs_v1,8,0,0,0,60.00,15.00,60.00,15.00,30.00,30.00,15.00,30.00,"work,critical_path",t02->t03,OPTIMAL,35.25000,35.25000,35.250000,0.0,0.003497,5.25000,t02.human_1 -> [task] t02.agent_1 -> [task] t02.human_2 -> [precedence] t04_part_04.specification -> [task] t04_part_04.implementation -> [agent] t03.human_1 -> [task] t03.agent_1 -> [task] t03.human_2,3.00000,35.25000,0,0,0,0,38.25,3.75,3.75,3.75,1,exp05_p02_m04_ro000_lh00,0,shared,0.75000,0.00000,0.75000
EXP-05,exp05_p02_m04_ro050_lh00,18ffb4911b126d050cd358bb8928a0ec779e0566d2d1f3bc91e51d0159b24c96,2,4,0.05,0,1,"P=2,m=4,r_o=0.05,lambda_h=0",bottom_level_fcfs_v1,8,3.60,0.00,3.60,60.00,15.00,63.60,15.00,30.00,31.80,15.00,31.80,work,t02->t03,OPTIMAL,36.45000,36.45000,36.450000,0.0,0.004759,4.65000,t02.human_1 -> [task] t02.agent_1 -> [task] t02.human_2 -> [precedence] t04_part_01.specification -> [task] t04_part_01.implementation -> [agent] t04_part_02.specification -> [human] t03.human_1 -> [task] t03.agent_1 -> [task] t03.human_2,4.05000,36.45000,0,0,0,0,40.50,3.75,3.75,3.75,1,exp05_p02_m04_ro050_lh00,0.05,0,-0.45000,-3.60000,3.15000
EXP-05,exp05_p02_m04_ro050_lh05,162b5b1da60560650445357ed31c36f795962a88bcc58a5787cc8fa03ead0e7d,2,4,0.05,0.5,1,"P=2,m=4,r_o=0.05,lambda_h=0.5",bottom_level_fcfs_v1,8,3.60,1.800,1.800,60.00,15.00,63.600,16.800,30.00,31.800,16.800,31.800,work,t02->t03,OPTIMAL,36.67500,36.67500,36.675000,0.0,0.005497,4.87500,t02.human_1 -> [task] t02.agent_1 -> [task] t02.human_2 -> [precedence] t04_part_02.specification -> [task] t04_part_02.implementation -> [agent] t04_part_01.specification -> [human] t03.human_1 -> [task] t03.agent_1 -> [task] t03.human_2,3.82500,36.67500,0,0,0,0,40.500,3.75,3.75,3.75,1,exp05_p02_m04_ro050_lh05,0.05,0.5,-0.67500,-3.60000,2.92500
EXP-05,exp05_p02_m04_ro100_lh00,f477848e013a9e778444b122b21c65630e02001a96a505da4cdf8f098fe790e2,2,4,0.10,0,1,"P=2,m=4,r_o=0.10,lambda_h=0",bottom_level_fcfs_v1,8,7.20,0.00,7.20,60.00,15.00,67.20,15.00,30.00,33.60,15.00,33.60,work,t02->t03,OPTIMAL,39.30000,39.30000,39.300000,0.0,0.050682,5.70000,t02.human_1 -> [task] t02.agent_1 -> [task] t02.human_2 -> [precedence] t04_part_04.specification -> [task] t04_part_04.implementation -> [agent] t03.human_1 -> [human] t04_part_02.specification -> [task] t04_part_02.implementation -> [agent] t04_part_01.specification -> [task] t04_part_01.implementation -> [precedence] t04_join.integration -> [task] t04_join.acceptance,3.45000,39.30000,0,0,0,0,42.75,3.75,3.75,3.75,1,exp05_p02_m04_ro100_lh00,0.10,0,-3.30000,-7.20000,3.90000
EXP-05,exp05_p02_m04_ro100_lh05,96ed6878beeca2c91b38cd84433f1ad7e40021cd588a441136d9288901c1afc9,2,4,0.10,0.5,1,"P=2,m=4,r_o=0.10,lambda_h=0.5",bottom_level_fcfs_v1,8,7.20,3.600,3.600,60.00,15.00,67.200,18.600,30.00,33.600,18.600,33.600,work,t02->t03,OPTIMAL,39.30000,39.30000,39.300000,0.0,0.004121,5.70000,t02.human_1 -> [task] t02.agent_1 -> [task] t02.human_2 -> [precedence] t04_part_04.specification -> [task] t04_part_04.implementation -> [agent] t04_part_01.specification -> [task] t04_part_01.implementation -> [agent] t04_part_03.specification -> [task] t04_part_03.implementation -> [precedence] t04_join.integration -> [task] t04_join.acceptance -> [human] t03.human_2,3.45000,39.30000,1.95000,1.95000,1.95000,1,42.750,3.75,3.75,3.75,1,exp05_p02_m04_ro100_lh05,0.10,0.5,-3.30000,-7.20000,3.90000
EXP-05,exp05_p02_m06_ro000_lh00,015869edf4eb305bdae6187fcb58a398b6ec556472942c61acc747fb19a1f96d,2,6,0,0,2,"P=2,m=6,r_o=0,lambda_h=0;P=2,m=6,r_o=0,lambda_h=0.5",bottom_level_fcfs_v1,10,0,0,0,60.00,15.00,60.00,15.00,30.00,30.00,15.00,30.00,"work,critical_path",t02->t03,OPTIMAL,34.75000,34.75000,34.750000,0.0,0.036035,4.75000,t02.human_1 -> [task] t02.agent_1 -> [task] t02.human_2 -> [precedence] t04_part_06.specification -> [task] t04_part_06.implementation -> [agent] t04_part_01.specification -> [task] t04_part_01.implementation -> [agent] t04_part_04.specification -> [task] t04_part_04.implementation -> [agent] t04_part_02.specification -> [task] t04_part_02.implementation -> [agent] t04_part_03.specification -> [task] t04_part_03.implementation -> [precedence] t04_join.acceptance -> [human] t03.human_2,2.25000,34.75000,0.74375,0.74375,0.74375,1,37.00,6.00,6.00,6.00,1,exp05_p02_m06_ro000_lh00,0,shared,1.25000,0.00000,1.25000
EXP-05,exp05_p02_m06_ro050_lh00,fa10291c329684e969d0d69d13b01924089e577e8b7ff1c073be3221bdfc6473,2,6,0.05,0,1,"P=2,m=6,r_o=0.05,lambda_h=0",bottom_level_fcfs_v1,10,6.00,0.00,6.00,60.00,15.00,66.00,15.00,30.00,33.00,15.00,33.00,work,t02->t03,OPTIMAL,38.00000,38.00000,38.000000,0.0,0.021060,5.00000,t02.human_1 -> [task] t02.agent_1 -> [task] t02.human_2 -> [precedence] t04_part_04.specification -> [task] t04_part_04.implementation -> [agent] t04_part_01.specification -> [task] t04_part_01.implementation -> [agent] t04_part_02.specification -> [task] t04_part_02.implementation -> [agent] t04_part_05.specification -> [task] t04_part_05.implementation -> [agent] t04_part_06.specification -> [task] t04_part_06.implementation -> [precedence] t04_join.integration -> [task] t04_join.acceptance,2.50000,38.00000,0,0,0,0,40.50,4.00,4.00,4.00,1,exp05_p02_m06_ro050_lh00,0.05,0,-2.00000,-6.00000,4.00000
EXP-05,exp05_p02_m06_ro050_lh05,3ea9691f67e777df0b56be543dc2941028a87acda349f94b79c5601588b229db,2,6,0.05,0.5,1,"P=2,m=6,r_o=0.05,lambda_h=0.5",bottom_level_fcfs_v1,10,6.00,3.000,3.000,60.00,15.00,66.000,18.000,30.00,33.000,18.000,33.000,work,t02->t03,OPTIMAL,38.50000,38.50000,38.500000,0.0,3.547480,5.50000,t02.human_1 -> [task] t02.agent_1 -> [task] t02.human_2 -> [precedence] t04_part_05.specification -> [task] t04_part_05.implementation -> [agent] t04_part_03.specification -> [task] t04_part_03.implementation -> [agent] t03.human_1 -> [human] t04_part_01.specification -> [task] t04_part_01.implementation -> [agent] t04_part_04.specification -> [task] t04_part_04.implementation -> [precedence] t04_join.integration -> [task] t04_join.acceptance -> [human] t03.human_2,2.25000,38.50000,0.50000,0.50000,0.50000,1,40.750,4.250,4.250,4.250,1,exp05_p02_m06_ro050_lh05,0.05,0.5,-2.50000,-6.00000,3.50000
EXP-05,exp05_p02_m06_ro100_lh00,c6efea1c146ccd2554fbd404d9de803223c1ada4e2600de774d4e40adbb34eea,2,6,0.10,0,1,"P=2,m=6,r_o=0.10,lambda_h=0",bottom_level_fcfs_v1,10,12.00,0.00,12.00,60.00,15.00,72.00,15.00,30.00,36.00,15.00,36.00,work,t02->t03,OPTIMAL,41.25000,41.25000,41.250000,0.0,0.038908,5.25000,t02.human_1 -> [task] t02.agent_1 -> [task] t02.human_2 -> [precedence] t04_part_06.specification -> [task] t04_part_06.implementation -> [agent] t04_part_03.specification -> [task] t04_part_03.implementation -> [agent] t04_part_04.specification -> [task] t04_part_04.implementation -> [agent] t04_part_05.specification -> [task] t04_part_05.implementation -> [precedence] t04_join.integration -> [task] t04_join.acceptance -> [human] t03.human_2,6.75000,41.25000,1.75000,1.75000,1.75000,1,48.00,6.50,6.50,6.50,1,exp05_p02_m06_ro100_lh00,0.10,0,-5.25000,-12.00000,6.75000
EXP-05,exp05_p02_m06_ro100_lh05,b1d6cb93f1aff13ced44be3ae107222df052f59d869af3200d4386fdc0c4c3a4,2,6,0.10,0.5,1,"P=2,m=6,r_o=0.10,lambda_h=0.5",bottom_level_fcfs_v1,10,12.00,6.000,6.000,60.00,15.00,72.000,21.000,30.00,36.000,21.000,36.000,work,t02->t03,OPTIMAL,41.25000,41.25000,41.250000,0.0,0.036813,5.25000,t02.human_1 -> [task] t02.agent_1 -> [task] t02.human_2 -> [precedence] t04_part_06.specification -> [task] t04_part_06.implementation -> [agent] t04_part_02.specification -> [task] t04_part_02.implementation -> [agent] t04_part_04.specification -> [task] t04_part_04.implementation -> [agent] t04_part_05.specification -> [task] t04_part_05.implementation -> [precedence] t04_join.integration -> [task] t04_join.acceptance -> [human] t03.human_2,6.75000,41.25000,1.25000,1.25000,1.25000,1,48.000,7.000,7.000,7.000,1,exp05_p02_m06_ro100_lh05,0.10,0.5,-5.25000,-12.00000,6.75000
EXP-05,exp05_p02_m08_ro000_lh00,ecea8f173d158c04688c1fe3140061bc5ce74a7470e7b19e8d47ada186bb9101,2,8,0,0,2,"P=2,m=8,r_o=0,lambda_h=0;P=2,m=8,r_o=0,lambda_h=0.5",bottom_level_fcfs_v1,12,0,0,0,60.000,15.000,60.000,15.000,30.00,30.000,15.000,30.000,"work,critical_path",t02->t03,OPTIMAL,35.25000,35.25000,35.250000,0.0,0.010272,5.25000,t02.human_1 -> [task] t02.agent_1 -> [task] t02.human_2 -> [precedence] t04_part_04.specification -> [task] t04_part_04.implementation -> [agent] t04_part_06.specification -> [task] t04_part_06.implementation -> [agent] t03.human_1 -> [task] t03.agent_1 -> [task] t03.human_2,0.75000,35.25000,0,0,0,0,36.000,4.125,4.125,4.125,1,exp05_p02_m08_ro000_lh00,0,shared,0.75000,0.00000,0.75000
EXP-05,exp05_p02_m08_ro050_lh00,cfe19f670d1b2fc5a8bc14a506f86b41b82ae8e19038a01c34297bb51c2d6e0b,2,8,0.05,0,1,"P=2,m=8,r_o=0.05,lambda_h=0",bottom_level_fcfs_v1,12,8.40,0.00,8.40,60.000,15.000,68.400,15.000,30.00,34.200,15.000,34.200,work,t02->t03,OPTIMAL,39.45000,39.45000,39.450000,0.0,8.400566,5.25000,t02.human_1 -> [task] t02.agent_1 -> [task] t02.human_2 -> [precedence] t04_part_03.specification -> [task] t04_part_03.implementation -> [agent] t04_part_08.specification -> [task] t04_part_08.implementation -> [agent] t04_part_07.specification -> [task] t04_part_07.implementation -> [agent] t03.human_1 -> [task] t03.agent_1 -> [task] t03.human_2,4.05000,39.45000,0,0,0,0,43.500,4.125,4.125,4.125,1,exp05_p02_m08_ro050_lh00,0.05,0,-3.45000,-8.40000,4.95000
EXP-05,exp05_p02_m08_ro050_lh05,a6032aaa9ef6ad2a3e7ea78cb6d69e6993e98ce32edab3e4271d70d923adcbce,2,8,0.05,0.5,1,"P=2,m=8,r_o=0.05,lambda_h=0.5",bottom_level_fcfs_v1,12,8.40,4.200,4.200,60.000,15.000,68.4000,19.2000,30.00,34.2000,19.2000,34.2000,work,t02->t03,OPTIMAL,39.45000,39.45000,39.450000,0.0,0.236590,5.25000,t02.human_1 -> [task] t02.agent_1 -> [task] t02.human_2 -> [precedence] t04_part_05.specification -> [task] t04_part_05.implementation -> [agent] t04_part_03.specification -> [task] t04_part_03.implementation -> [agent] t04_part_08.specification -> [task] t04_part_08.implementation -> [agent] t03.human_1 -> [task] t03.agent_1 -> [task] t03.human_2,4.05000,39.45000,0,0,0,0,43.5000,4.3875,4.3875,4.3875,1,exp05_p02_m08_ro050_lh05,0.05,0.5,-3.45000,-8.40000,4.95000
EXP-05,exp05_p02_m08_ro100_lh00,8866608192949596674b4e36860d9a4063960df33456b3d9f8f82810390e1446,2,8,0.10,0,1,"P=2,m=8,r_o=0.10,lambda_h=0",bottom_level_fcfs_v1,12,16.80,0.00,16.80,60.000,15.000,76.800,15.000,30.00,38.400,15.000,38.400,work,t02->t03,OPTIMAL,44.02500,44.02500,44.025000,0.0,0.070032,5.62500,t02.human_1 -> [task] t02.agent_1 -> [task] t02.human_2 -> [precedence] t04_part_01.specification -> [task] t04_part_01.implementation -> [agent] t04_part_04.specification -> [task] t04_part_04.implementation -> [agent] t04_part_03.specification -> [task] t04_part_03.implementation -> [agent] t03.human_1 -> [human] t04_part_07.specification -> [task] t04_part_07.implementation -> [agent] t04_part_02.specification -> [task] t04_part_02.implementation -> [precedence] t04_join.integration -> [task] t04_join.acceptance,5.10000,44.02500,0,0,0,0,49.125,5.175,5.175,5.175,1,exp05_p02_m08_ro100_lh00,0.10,0,-8.02500,-16.80000,8.77500
EXP-05,exp05_p02_m08_ro100_lh05,62188cd8cc30592dd9567b039852017867a3c0b0ab7835dc282035d75ab6e05e,2,8,0.10,0.5,1,"P=2,m=8,r_o=0.10,lambda_h=0.5",bottom_level_fcfs_v1,12,16.80,8.400,8.400,60.000,15.000,76.800,23.400,30.00,38.400,23.400,38.400,work,t02->t03,OPTIMAL,44.02500,44.02500,44.025000,0.0,0.521802,5.62500,t02.human_1 -> [task] t02.agent_1 -> [task] t02.human_2 -> [precedence] t04_part_01.specification -> [task] t04_part_01.implementation -> [agent] t04_part_06.specification -> [task] t04_part_06.implementation -> [agent] t04_part_05.specification -> [task] t04_part_05.implementation -> [agent] t04_part_02.specification -> [task] t04_part_02.implementation -> [agent] t04_part_07.specification -> [task] t04_part_07.implementation -> [precedence] t04_join.integration -> [task] t04_join.acceptance -> [human] t03.human_2,5.62500,44.02500,2.08750,2.08750,2.08750,1,49.650,5.700,5.700,5.700,1,exp05_p02_m08_ro100_lh05,0.10,0.5,-8.02500,-16.80000,8.77500
EXP-05,exp05_p03_m01_ro000_lh00,5a81394532d4f008a65f922a06e03c006fd27a345c9867cd864f5fe88edf6a1d,3,1,0,0,6,"P=3,m=1,r_o=0,lambda_h=0;P=3,m=1,r_o=0,lambda_h=0.5;P=3,m=1,r_o=0.05,lambda_h=0;P=3,m=1,r_o=0.05,lambda_h=0.5;P=3,m=1,r_o=0.10,lambda_h=0;P=3,m=1,r_o=0.10,lambda_h=0.5",bottom_level_fcfs_v1,5,0,0,0,60.00,15.00,60.00,15.00,36.00,20.00,15.00,36.00,critical_path,t02->t04_part_01->t04_join,OPTIMAL,36.00000,36.00000,36.000000,0.0,0.001544,0.00000,t02.human_1 -> [task] t02.agent_1 -> [task] t02.human_2 -> [precedence] t04_part_01.specification -> [task] t04_part_01.implementation -> [precedence] t04_join.acceptance,0.00000,36.00000,0,0,0,0,36.00,4.50,4.50,0,1,exp05_p03_m01_ro000_lh00,0,shared,0.00000,0.00000,0.00000
EXP-05,exp05_p03_m01_ro000_lh00,5a81394532d4f008a65f922a06e03c006fd27a345c9867cd864f5fe88edf6a1d,3,1,0.05,0,6,"P=3,m=1,r_o=0,lambda_h=0;P=3,m=1,r_o=0,lambda_h=0.5;P=3,m=1,r_o=0.05,lambda_h=0;P=3,m=1,r_o=0.05,lambda_h=0.5;P=3,m=1,r_o=0.10,lambda_h=0;P=3,m=1,r_o=0.10,lambda_h=0.5",bottom_level_fcfs_v1,5,0,0,0,60.00,15.00,60.00,15.00,36.00,20.00,15.00,36.00,critical_path,t02->t04_part_01->t04_join,OPTIMAL,36.00000,36.00000,36.000000,0.0,0.001544,0.00000,t02.human_1 -> [task] t02.agent_1 -> [task] t02.human_2 -> [precedence] t04_part_01.specification -> [task] t04_part_01.implementation -> [precedence] t04_join.acceptance,0.00000,36.00000,0,0,0,0,36.00,4.50,4.50,0,1,exp05_p03_m01_ro000_lh00,0.05,0,0.00000,0.00000,0.00000
EXP-05,exp05_p03_m01_ro000_lh00,5a81394532d4f008a65f922a06e03c006fd27a345c9867cd864f5fe88edf6a1d,3,1,0.05,0.5,6,"P=3,m=1,r_o=0,lambda_h=0;P=3,m=1,r_o=0,lambda_h=0.5;P=3,m=1,r_o=0.05,lambda_h=0;P=3,m=1,r_o=0.05,lambda_h=0.5;P=3,m=1,r_o=0.10,lambda_h=0;P=3,m=1,r_o=0.10,lambda_h=0.5",bottom_level_fcfs_v1,5,0,0,0,60.00,15.00,60.00,15.00,36.00,20.00,15.00,36.00,critical_path,t02->t04_part_01->t04_join,OPTIMAL,36.00000,36.00000,36.000000,0.0,0.001544,0.00000,t02.human_1 -> [task] t02.agent_1 -> [task] t02.human_2 -> [precedence] t04_part_01.specification -> [task] t04_part_01.implementation -> [precedence] t04_join.acceptance,0.00000,36.00000,0,0,0,0,36.00,4.50,4.50,0,1,exp05_p03_m01_ro000_lh00,0.05,0.5,0.00000,0.00000,0.00000
EXP-05,exp05_p03_m01_ro000_lh00,5a81394532d4f008a65f922a06e03c006fd27a345c9867cd864f5fe88edf6a1d,3,1,0.10,0,6,"P=3,m=1,r_o=0,lambda_h=0;P=3,m=1,r_o=0,lambda_h=0.5;P=3,m=1,r_o=0.05,lambda_h=0;P=3,m=1,r_o=0.05,lambda_h=0.5;P=3,m=1,r_o=0.10,lambda_h=0;P=3,m=1,r_o=0.10,lambda_h=0.5",bottom_level_fcfs_v1,5,0,0,0,60.00,15.00,60.00,15.00,36.00,20.00,15.00,36.00,critical_path,t02->t04_part_01->t04_join,OPTIMAL,36.00000,36.00000,36.000000,0.0,0.001544,0.00000,t02.human_1 -> [task] t02.agent_1 -> [task] t02.human_2 -> [precedence] t04_part_01.specification -> [task] t04_part_01.implementation -> [precedence] t04_join.acceptance,0.00000,36.00000,0,0,0,0,36.00,4.50,4.50,0,1,exp05_p03_m01_ro000_lh00,0.10,0,0.00000,0.00000,0.00000
EXP-05,exp05_p03_m01_ro000_lh00,5a81394532d4f008a65f922a06e03c006fd27a345c9867cd864f5fe88edf6a1d,3,1,0.10,0.5,6,"P=3,m=1,r_o=0,lambda_h=0;P=3,m=1,r_o=0,lambda_h=0.5;P=3,m=1,r_o=0.05,lambda_h=0;P=3,m=1,r_o=0.05,lambda_h=0.5;P=3,m=1,r_o=0.10,lambda_h=0;P=3,m=1,r_o=0.10,lambda_h=0.5",bottom_level_fcfs_v1,5,0,0,0,60.00,15.00,60.00,15.00,36.00,20.00,15.00,36.00,critical_path,t02->t04_part_01->t04_join,OPTIMAL,36.00000,36.00000,36.000000,0.0,0.001544,0.00000,t02.human_1 -> [task] t02.agent_1 -> [task] t02.human_2 -> [precedence] t04_part_01.specification -> [task] t04_part_01.implementation -> [precedence] t04_join.acceptance,0.00000,36.00000,0,0,0,0,36.00,4.50,4.50,0,1,exp05_p03_m01_ro000_lh00,0.10,0.5,0.00000,0.00000,0.00000
EXP-05,exp05_p03_m02_ro000_lh00,dedb4081a98445db78d5ce59fbc6a05ce3c79198d0f4d78522971816ffbc206b,3,2,0,0,2,"P=3,m=2,r_o=0,lambda_h=0;P=3,m=2,r_o=0,lambda_h=0.5",bottom_level_fcfs_v1,6,0,0,0,60.00,15.00,60.00,15.00,30.00,20.00,15.00,30.00,critical_path,t02->t03,OPTIMAL,31.50000,31.50000,31.500000,0.0,0.003039,1.50000,t02.human_1 -> [task] t02.agent_1 -> [task] t02.human_2 -> [precedence] t04_part_02.specification -> [human] t03.human_1 -> [task] t03.agent_1 -> [task] t03.human_2,0.00000,31.50000,0,0,0,0,31.50,9.00,6.75,2.25,2,exp05_p03_m02_ro000_lh00,0,shared,4.50000,0.00000,4.50000
EXP-05,exp05_p03_m02_ro050_lh00,023d9e0b170e6b0ebe7ece0b9d3e4ee23b05d3493f92d49ed806c874a5392fbc,3,2,0.05,0,1,"P=3,m=2,r_o=0.05,lambda_h=0",bottom_level_fcfs_v1,6,1.20,0.00,1.20,60.00,15.00,61.20,15.00,30.00,20.40,15.00,30.00,critical_path,t02->t03,OPTIMAL,32.40000,32.40000,32.400000,0.0,0.003229,2.40000,t02.human_1 -> [task] t02.agent_1 -> [task] t02.human_2 -> [precedence] t04_part_02.specification -> [human] t03.human_1 -> [human] t04_part_01.specification -> [task] t04_part_01.implementation -> [precedence] t04_join.integration -> [task] t04_join.acceptance -> [human] t03.human_2,0.00000,32.40000,0.90000,0.90000,0,1,32.40,9.90,7.65,2.25,2,exp05_p03_m02_ro050_lh00,0.05,0,3.60000,-1.20000,4.80000
EXP-05,exp05_p03_m02_ro050_lh05,3dd363147de51e7b486ad392f0f48f0025e43e4f7bc9d7b580b9adc6c00e4b46,3,2,0.05,0.5,1,"P=3,m=2,r_o=0.05,lambda_h=0.5",bottom_level_fcfs_v1,6,1.20,0.600,0.600,60.00,15.00,61.200,15.600,30.00,20.400,15.600,30.00,critical_path,t02->t03,OPTIMAL,32.55000,32.55000,32.550000,0.0,0.002881,2.55000,t02.human_1 -> [task] t02.agent_1 -> [task] t02.human_2 -> [precedence] t04_part_02.specification -> [human] t03.human_1 -> [human] t04_part_01.specification -> [task] t04_part_01.implementation -> [precedence] t04_join.integration -> [task] t04_join.acceptance -> [human] t03.human_2,0.00000,32.55000,0.90000,0.90000,0,1,32.550,10.200,7.950,2.25,2,exp05_p03_m02_ro050_lh05,0.05,0.5,3.45000,-1.20000,4.65000
EXP-05,exp05_p03_m02_ro100_lh00,672bbeacf29689cb937f66b945554b9f9f42f702a9fb03bccd05b9bacfde7712,3,2,0.10,0,1,"P=3,m=2,r_o=0.10,lambda_h=0",bottom_level_fcfs_v1,6,2.40,0.00,2.40,60.00,15.00,62.40,15.00,30.00,20.80,15.00,30.00,critical_path,t02->t03,OPTIMAL,33.00000,33.00000,33.000000,0.0,0.002961,3.00000,t02.human_1 -> [task] t02.agent_1 -> [task] t02.human_2 -> [precedence] t04_part_02.specification -> [human] t04_part_01.specification -> [human] t03.human_1 -> [task] t03.agent_1 -> [task] t03.human_2,0.00000,33.00000,0,0,0,0,33.00,9.45,7.20,2.25,2,exp05_p03_m02_ro100_lh00,0.10,0,3.00000,-2.40000,5.40000
EXP-05,exp05_p03_m02_ro100_lh05,2f5cff34992b8258c704dc2971e600b140e58a01100c9735a18abcd6fdad03a0,3,2,0.10,0.5,1,"P=3,m=2,r_o=0.10,lambda_h=0.5",bottom_level_fcfs_v1,6,2.40,1.200,1.200,60.00,15.00,62.400,16.200,30.00,20.800,16.200,30.00,critical_path,t02->t03,OPTIMAL,33.60000,33.60000,33.600000,0.0,0.002846,3.60000,t02.human_1 -> [task] t02.agent_1 -> [task] t02.human_2 -> [precedence] t04_part_02.specification -> [human] t03.human_1 -> [human] t04_part_01.specification -> [task] t04_part_01.implementation -> [precedence] t04_join.integration -> [task] t04_join.acceptance -> [human] t03.human_2,0.00000,33.60000,1.80000,1.80000,0,1,33.600,10.050,7.800,2.25,2,exp05_p03_m02_ro100_lh05,0.10,0.5,2.40000,-2.40000,4.80000
EXP-05,exp05_p03_m03_ro000_lh00,c10e03edb443a0149f649add937877f0695dc4cdb99740cb0dfda2e25bc862ff,3,3,0,0,2,"P=3,m=3,r_o=0,lambda_h=0;P=3,m=3,r_o=0,lambda_h=0.5",bottom_level_fcfs_v1,7,0,0,0,60.00,15.00,60.00,15.00,30.00,20.00,15.00,30.00,critical_path,t02->t03,OPTIMAL,31.25000,31.25000,31.250000,0.0,0.004014,1.25000,t02.human_1 -> [task] t02.agent_1 -> [task] t02.human_2 -> [precedence] t04_part_02.specification -> [task] t04_part_02.implementation -> [agent] t04_part_01.specification -> [task] t04_part_01.implementation -> [precedence] t04_join.acceptance -> [human] t03.human_2,1.75000,31.25000,0.25000,0.25000,0,1,33.00,8.75,6.50,2.25,2,exp05_p03_m03_ro000_lh00,0,shared,4.75000,0.00000,4.75000
EXP-05,exp05_p03_m03_ro050_lh00,944ac15c6f5ca5e5fa02456400ac1fdd3e3dc9e2d902edea265b44d2fef72d08,3,3,0.05,0,1,"P=3,m=3,r_o=0.05,lambda_h=0",bottom_level_fcfs_v1,7,2.40,0.00,2.40,60.00,15.00,62.40,15.00,30.00,20.80,15.00,30.00,critical_path,t02->t03,OPTIMAL,33.25000,33.25000,33.250000,0.0,0.004224,3.25000,t02.human_1 -> [task] t02.agent_1 -> [task] t02.human_2 -> [precedence] t04_part_03.specification -> [task] t04_part_03.implementation -> [agent] t04_part_02.specification -> [task] t04_part_02.implementation -> [precedence] t04_join.integration -> [task] t04_join.acceptance -> [human] t03.human_2,0.00000,33.25000,1.25000,1.25000,0,1,33.25,7.00,4.75,2.25,2,exp05_p03_m03_ro050_lh00,0.05,0,2.75000,-2.40000,5.15000
EXP-05,exp05_p03_m03_ro050_lh05,2ebe2045e781bcd3e3dae7669008e8e95dad87c980fb446134555b9254db3c35,3,3,0.05,0.5,1,"P=3,m=3,r_o=0.05,lambda_h=0.5",bottom_level_fcfs_v1,7,2.40,1.200,1.200,60.00,15.00,62.400,16.200,30.00,20.800,16.200,30.00,critical_path,t02->t03,OPTIMAL,33.25000,33.25000,33.250000,0.0,0.003983,3.25000,t02.human_1 -> [task] t02.agent_1 -> [task] t02.human_2 -> [precedence] t04_part_03.specification -> [task] t04_part_03.implementation -> [agent] t04_part_02.specification -> [task] t04_part_02.implementation -> [precedence] t04_join.integration -> [task] t04_join.acceptance -> [human] t03.human_2,0.35000,33.25000,0.85000,0.85000,0,1,33.600,7.550,5.300,2.25,2,exp05_p03_m03_ro050_lh05,0.05,0.5,2.75000,-2.40000,5.15000
EXP-05,exp05_p03_m03_ro100_lh00,70f1dcaaa0401a06308a4bc6c3cde4dbf7144433d1dde239d3627964837310d1,3,3,0.10,0,1,"P=3,m=3,r_o=0.10,lambda_h=0",bottom_level_fcfs_v1,7,4.80,0.00,4.80,60.00,15.00,64.80,15.00,30.00,21.60,15.00,30.00,critical_path,t02->t03,OPTIMAL,34.00000,34.00000,34.000000,0.0,0.004141,4.00000,t02.human_1 -> [task] t02.agent_1 -> [task] t02.human_2 -> [precedence] t04_part_03.specification -> [human] t03.human_1 -> [task] t03.agent_1 -> [task] t03.human_2 -> [human] t04_join.acceptance,1.25000,34.00000,0,0,0,0,35.25,7.00,4.75,2.25,2,exp05_p03_m03_ro100_lh00,0.10,0,2.00000,-4.80000,6.80000
EXP-05,exp05_p03_m03_ro100_lh05,da96cfe6a9b313a83a77a0d43c580171409338b9eb50b1702f168034528de6d1,3,3,0.10,0.5,1,"P=3,m=3,r_o=0.10,lambda_h=0.5",bottom_level_fcfs_v1,7,4.80,2.400,2.400,60.00,15.00,64.800,17.400,30.00,21.600,17.400,30.00,critical_path,t02->t03,OPTIMAL,35.25000,35.25000,35.250000,0.0,0.004283,5.25000,t02.human_1 -> [task] t02.agent_1 -> [task] t02.human_2 -> [precedence] t04_part_03.specification -> [task] t04_part_03.implementation -> [agent] t04_part_02.specification -> [task] t04_part_02.implementation -> [precedence] t04_join.integration -> [task] t04_join.acceptance -> [human] t03.human_2,0.00000,35.25000,2.45000,2.45000,0,1,35.250,7.400,5.150,2.25,2,exp05_p03_m03_ro100_lh05,0.10,0.5,0.75000,-4.80000,5.55000
EXP-05,exp05_p03_m04_ro000_lh00,a6eb57d05d4afe25f4338ba3f26d0c102ecfe1df7700f18aea2eba186a5142ee,3,4,0,0,2,"P=3,m=4,r_o=0,lambda_h=0;P=3,m=4,r_o=0,lambda_h=0.5",bottom_level_fcfs_v1,8,0,0,0,60.00,15.00,60.00,15.00,30.00,20.00,15.00,30.00,critical_path,t02->t03,OPTIMAL,30.75000,30.75000,30.750000,0.0,0.015256,0.75000,t02.human_1 -> [task] t02.agent_1 -> [task] t02.human_2 -> [precedence] t04_part_01.specification -> [human] t03.human_1 -> [task] t03.agent_1 -> [task] t03.human_2,0.00000,30.75000,0,0,0,0,30.75,7.50,5.25,2.25,2,exp05_p03_m04_ro000_lh00,0,shared,5.25000,0.00000,5.25000
EXP-05,exp05_p03_m04_ro050_lh00,f321eb000788fec6f30ef3d371b560bd8d649e7c3a06f844983ac9d0b0e8b582,3,4,0.05,0,1,"P=3,m=4,r_o=0.05,lambda_h=0",bottom_level_fcfs_v1,8,3.60,0.00,3.60,60.00,15.00,63.60,15.00,30.00,21.20,15.00,30.00,critical_path,t02->t03,OPTIMAL,31.50000,31.50000,31.500000,0.0,0.026980,1.50000,t02.human_1 -> [task] t02.agent_1 -> [task] t02.human_2 -> [precedence] t04_part_01.specification -> [human] t04_part_04.specification -> [human] t03.human_1 -> [task] t03.agent_1 -> [task] t03.human_2,1.50000,31.50000,0,0,0,0,33.00,8.55,6.30,2.25,2,exp05_p03_m04_ro050_lh00,0.05,0,4.50000,-3.60000,8.10000
EXP-05,exp05_p03_m04_ro050_lh05,69284ffcef7f9402d64ee17808b703ae05d26ff76d99d871931e8a1fed595450,3,4,0.05,0.5,1,"P=3,m=4,r_o=0.05,lambda_h=0.5",bottom_level_fcfs_v1,8,3.60,1.800,1.800,60.00,15.00,63.600,16.800,30.00,21.200,16.800,30.00,critical_path,t02->t03,OPTIMAL,31.95000,31.95000,31.950000,0.0,0.032954,1.95000,t02.human_1 -> [task] t02.agent_1 -> [task] t02.human_2 -> [precedence] t04_part_01.specification -> [human] t04_part_04.specification -> [human] t03.human_1 -> [task] t03.agent_1 -> [task] t03.human_2,1.72500,31.95000,0,0,0,0,33.675,10.650,8.400,2.25,2,exp05_p03_m04_ro050_lh05,0.05,0.5,4.05000,-3.60000,7.65000
EXP-05,exp05_p03_m04_ro100_lh00,a095f33b3dc0bc116e1da16e2a09bf0b7cf7382df3805ddb70a9e6d9e48e1f33,3,4,0.10,0,1,"P=3,m=4,r_o=0.10,lambda_h=0",bottom_level_fcfs_v1,8,7.20,0.00,7.20,60.00,15.00,67.20,15.00,30.00,22.40,15.00,30.00,critical_path,t02->t03,OPTIMAL,33.90000,33.90000,33.900000,0.0,0.067038,3.90000,t02.human_1 -> [task] t02.agent_1 -> [task] t02.human_2 -> [precedence] t04_part_01.specification -> [task] t04_part_01.implementation -> [agent] t04_part_03.specification -> [human] t04_part_02.specification -> [task] t04_part_02.implementation -> [precedence] t04_join.integration -> [task] t04_join.acceptance -> [human] t03.human_2,0.00000,33.90000,2.40000,2.40000,0,1,33.90,6.75,4.50,2.25,2,exp05_p03_m04_ro100_lh00,0.10,0,2.10000,-7.20000,9.30000
EXP-05,exp05_p03_m04_ro100_lh05,39ccc49b0aaf42e6fbee12aa9de0c19e7d9c9c25976fec332588bd8bc7cc8a91,3,4,0.10,0.5,1,"P=3,m=4,r_o=0.10,lambda_h=0.5",bottom_level_fcfs_v1,8,7.20,3.600,3.600,60.00,15.00,67.200,18.600,30.00,22.400,18.600,30.00,critical_path,t02->t03,OPTIMAL,34.35000,34.35000,34.350000,0.0,0.017973,4.35000,t02.human_1 -> [task] t02.agent_1 -> [task] t02.human_2 -> [precedence] t04_part_04.specification -> [task] t04_part_04.implementation -> [agent] t04_part_02.specification -> [human] t04_part_01.specification -> [task] t04_part_01.implementation -> [precedence] t04_join.integration -> [task] t04_join.acceptance -> [human] t03.human_2,0.45000,34.35000,1.95000,1.95000,0,1,34.800,7.650,5.400,2.25,2,exp05_p03_m04_ro100_lh05,0.10,0.5,1.65000,-7.20000,8.85000
EXP-05,exp05_p03_m06_ro000_lh00,c463e9a3f022d750df89afa9786fbe583ec47be5400b109db620f68f190bfbaf,3,6,0,0,2,"P=3,m=6,r_o=0,lambda_h=0;P=3,m=6,r_o=0,lambda_h=0.5",bottom_level_fcfs_v1,10,0,0,0,60.00,15.00,60.00,15.00,30.00,20.00,15.00,30.00,critical_path,t02->t03,OPTIMAL,30.50000,30.50000,30.500000,0.0,0.104929,0.50000,t02.human_1 -> [task] t02.agent_1 -> [task] t02.human_2 -> [precedence] t04_part_04.specification -> [human] t03.human_1 -> [task] t03.agent_1 -> [task] t03.human_2,0.00000,30.50000,0,0,0,0,30.50,7.00,4.75,2.25,2,exp05_p03_m06_ro000_lh00,0,shared,5.50000,0.00000,5.50000
EXP-05,exp05_p03_m06_ro050_lh00,2233d192b44315bb820dbc1e33ad2dc19028f09aa85aac0e13f099259bb978bb,3,6,0.05,0,1,"P=3,m=6,r_o=0.05,lambda_h=0",bottom_level_fcfs_v1,10,6.00,0.00,6.00,60.00,15.00,66.00,15.00,30.00,22.00,15.00,30.00,critical_path,t02->t03,OPTIMAL,32.75000,32.75000,32.750000,0.0,0.219328,2.75000,t02.human_1 -> [task] t02.agent_1 -> [task] t02.human_2 -> [precedence] t04_part_01.specification -> [task] t04_part_01.implementation -> [agent] t04_part_06.specification -> [task] t04_part_06.implementation -> [agent] t04_part_05.specification -> [human] t04_part_02.specification -> [task] t04_part_02.implementation -> [precedence] t04_join.integration -> [task] t04_join.acceptance -> [human] t03.human_2,0.25000,32.75000,1.75000,1.75000,0,1,33.00,6.75,4.50,2.25,2,exp05_p03_m06_ro050_lh00,0.05,0,3.25000,-6.00000,9.25000
EXP-05,exp05_p03_m06_ro050_lh05,3d86d3b5b5e867016b5845b163f3092b1f8c8391db910e540b7a721a7f143ef5,3,6,0.05,0.5,1,"P=3,m=6,r_o=0.05,lambda_h=0.5",bottom_level_fcfs_v1,10,6.00,3.000,3.000,60.00,15.00,66.000,18.000,30.00,22.000,18.000,30.00,critical_path,t02->t03,OPTIMAL,33.00000,33.00000,33.000000,0.0,0.256554,3.00000,t02.human_1 -> [task] t02.agent_1 -> [task] t02.human_2 -> [precedence] t04_part_01.specification -> [task] t04_part_01.implementation -> [agent] t04_part_05.specification -> [task] t04_part_05.implementation -> [agent] t04_part_04.specification -> [human] t04_part_02.specification -> [task] t04_part_02.implementation -> [precedence] t04_join.integration -> [task] t04_join.acceptance -> [human] t03.human_2,1.50000,33.00000,1.50000,1.50000,0,1,34.500,8.250,6.000,2.25,2,exp05_p03_m06_ro050_lh05,0.05,0.5,3.00000,-6.00000,9.00000
EXP-05,exp05_p03_m06_ro100_lh00,f0c35d3003a04184f14990c368c5c94a21ceb37449d9bc3354bae6d2b41a41df,3,6,0.10,0,1,"P=3,m=6,r_o=0.10,lambda_h=0",bottom_level_fcfs_v1,10,12.00,0.00,12.00,60.00,15.00,72.00,15.00,30.00,24.00,15.00,30.00,critical_path,t02->t03,OPTIMAL,35.00000,35.00000,35.000000,0.0,0.112540,5.00000,t02.human_1 -> [task] t02.agent_1 -> [task] t02.human_2 -> [precedence] t04_part_04.specification -> [task] t04_part_04.implementation -> [agent] t04_part_03.specification -> [task] t04_part_03.implementation -> [agent] t04_part_05.specification -> [human] t04_part_06.specification -> [task] t04_part_06.implementation -> [precedence] t04_join.integration -> [task] t04_join.acceptance,2.25000,35.00000,0,0,0,0,37.25,6.50,4.25,2.25,2,exp05_p03_m06_ro100_lh00,0.10,0,1.00000,-12.00000,13.00000
EXP-05,exp05_p03_m06_ro100_lh05,bd6677d52be847760cdf343f77e46be737897a98506825b9022cc4d0101567f1,3,6,0.10,0.5,1,"P=3,m=6,r_o=0.10,lambda_h=0.5",bottom_level_fcfs_v1,10,12.00,6.000,6.000,60.00,15.00,72.000,21.000,30.00,24.000,21.000,30.00,critical_path,t02->t03,OPTIMAL,36.75000,36.75000,36.750000,0.0,0.015387,6.75000,t02.human_1 -> [task] t02.agent_1 -> [task] t02.human_2 -> [precedence] t04_part_04.specification -> [task] t04_part_04.implementation -> [agent] t04_part_03.specification -> [task] t04_part_03.implementation -> [agent] t04_part_05.specification -> [task] t04_part_05.implementation -> [precedence] t04_join.integration -> [task] t04_join.acceptance -> [human] t03.human_2,1.00000,36.75000,0.25000,0.25000,0,1,37.750,7.000,4.750,2.25,2,exp05_p03_m06_ro100_lh05,0.10,0.5,-0.75000,-12.00000,11.25000
EXP-05,exp05_p03_m08_ro000_lh00,0e4e6f8173f8f66b8cc526c7df172dc16ad5eeb91944c8e9f43aa9c9103b501b,3,8,0,0,2,"P=3,m=8,r_o=0,lambda_h=0;P=3,m=8,r_o=0,lambda_h=0.5",bottom_level_fcfs_v1,12,0,0,0,60.000,15.000,60.000,15.000,30.00,20.000,15.000,30.00,critical_path,t02->t03,OPTIMAL,30.37500,30.37500,30.375000,0.0,6.979933,0.37500,t02.human_1 -> [task] t02.agent_1 -> [task] t02.human_2 -> [precedence] t04_part_01.specification -> [human] t03.human_1 -> [task] t03.agent_1 -> [task] t03.human_2,0.00000,30.37500,0,0,0,0,30.375,6.750,4.500,2.25,2,exp05_p03_m08_ro000_lh00,0,shared,5.62500,0.00000,5.62500
EXP-05,exp05_p03_m08_ro050_lh00,a43e7c8e1e0a692f9407e453b846fcd82e56d52dbbf89d67d2227f9f18a94984,3,8,0.05,0,1,"P=3,m=8,r_o=0.05,lambda_h=0",bottom_level_fcfs_v1,12,8.40,0.00,8.40,60.000,15.000,68.400,15.000,30.00,22.800,15.000,30.00,critical_path,t02->t03,OPTIMAL,33.75000,33.75000,33.750000,0.0,3.783872,3.75000,t02.human_1 -> [task] t02.agent_1 -> [task] t02.human_2 -> [precedence] t04_part_01.specification -> [human] t04_part_08.specification -> [human] t03.human_1 -> [task] t03.agent_1 -> [task] t03.human_2 -> [human] t04_join.acceptance,0.67500,33.75000,1.57500,1.57500,0,1,34.425,6.375,4.125,2.25,2,exp05_p03_m08_ro050_lh00,0.05,0,2.25000,-8.40000,10.65000
EXP-05,exp05_p03_m08_ro050_lh05,a8ef05a443f7247dca5e231e8d85d621131c95ecda13787d1ff6c6a24a4dae81,3,8,0.05,0.5,1,"P=3,m=8,r_o=0.05,lambda_h=0.5",bottom_level_fcfs_v1,12,8.40,4.200,4.200,60.000,15.000,68.4000,19.2000,30.00,22.8000,19.2000,30.00,critical_path,t02->t03,OPTIMAL,34.42500,34.42500,34.425000,0.0,164.457077,4.42500,t02.human_1 -> [task] t02.agent_1 -> [task] t02.human_2 -> [precedence] t04_part_01.specification -> [task] t04_part_01.implementation -> [agent] t04_part_05.specification -> [human] t03.human_1 -> [human] t04_part_03.specification -> [task] t04_part_03.implementation -> [agent] t04_part_07.specification -> [human] t04_part_02.specification -> [task] t04_part_02.implementation -> [precedence] t04_join.integration -> [task] t04_join.acceptance -> [human] t03.human_2,0.67500,34.42500,0.63750,0.63750,0,1,35.100,7.0500,4.8000,2.25,2,exp05_p03_m08_ro050_lh05,0.05,0.5,1.57500,-8.40000,9.97500
EXP-05,exp05_p03_m08_ro100_lh00,76b44caa951c56ed5680a5473ed0e3f09bbfc764c370184687fb411ac6d5197e,3,8,0.10,0,1,"P=3,m=8,r_o=0.10,lambda_h=0",bottom_level_fcfs_v1,12,16.80,0.00,16.80,60.000,15.000,76.800,15.000,30.00,25.600,15.000,30.00,critical_path,t02->t03,OPTIMAL,38.10000,38.10000,38.100000,0.0,3.851215,8.10000,t02.human_1 -> [task] t02.agent_1 -> [task] t02.human_2 -> [precedence] t04_part_01.specification -> [task] t04_part_01.implementation -> [agent] t04_part_03.specification -> [task] t04_part_03.implementation -> [agent] t04_part_04.specification -> [human] t04_part_07.specification -> [human] t03.human_1 -> [task] t03.agent_1 -> [task] t03.human_2,2.62500,38.10000,0,0,0,0,40.725,6.375,4.125,2.25,2,exp05_p03_m08_ro100_lh00,0.10,0,-2.10000,-16.80000,14.70000
EXP-05,exp05_p03_m08_ro100_lh05,3033bfbc0156e300d60dee80eb19fdeb0efcc6120ea6b3e4814f4a2194c7b5c6,3,8,0.10,0.5,1,"P=3,m=8,r_o=0.10,lambda_h=0.5",bottom_level_fcfs_v1,12,16.80,8.400,8.400,60.000,15.000,76.800,23.400,30.00,25.600,23.400,30.00,critical_path,t02->t03,OPTIMAL,39.15000,39.15000,39.150000,0.0,88.352690,9.15000,t02.human_1 -> [task] t02.agent_1 -> [task] t02.human_2 -> [precedence] t04_part_01.specification -> [task] t04_part_01.implementation -> [agent] t04_part_06.specification -> [task] t04_part_06.implementation -> [agent] t04_part_08.specification -> [human] t04_part_05.specification -> [human] t03.human_1 -> [task] t03.agent_1 -> [task] t03.human_2,2.10000,39.15000,0,0,0,0,41.250,6.900,4.650,2.25,2,exp05_p03_m08_ro100_lh05,0.10,0.5,-3.15000,-16.80000,13.65000
EXP-05,exp05_p04_m01_ro000_lh00,b9848e6e8237dde836294860c52572b6c4924bbee59f8816e060071de963404a,4,1,0,0,6,"P=4,m=1,r_o=0,lambda_h=0;P=4,m=1,r_o=0,lambda_h=0.5;P=4,m=1,r_o=0.05,lambda_h=0;P=4,m=1,r_o=0.05,lambda_h=0.5;P=4,m=1,r_o=0.10,lambda_h=0;P=4,m=1,r_o=0.10,lambda_h=0.5",bottom_level_fcfs_v1,5,0,0,0,60.00,15.00,60.00,15.00,36.00,15.00,15.00,36.00,critical_path,t02->t04_part_01->t04_join,OPTIMAL,36.00000,36.00000,36.000000,0.0,0.001765,0.00000,t02.human_1 -> [task] t02.agent_1 -> [task] t02.human_2 -> [precedence] t04_part_01.specification -> [task] t04_part_01.implementation -> [precedence] t04_join.acceptance,0.00000,36.00000,0,0,0,0,36.00,4.50,4.50,0,1,exp05_p04_m01_ro000_lh00,0,shared,0.00000,0.00000,0.00000
EXP-05,exp05_p04_m01_ro000_lh00,b9848e6e8237dde836294860c52572b6c4924bbee59f8816e060071de963404a,4,1,0.05,0,6,"P=4,m=1,r_o=0,lambda_h=0;P=4,m=1,r_o=0,lambda_h=0.5;P=4,m=1,r_o=0.05,lambda_h=0;P=4,m=1,r_o=0.05,lambda_h=0.5;P=4,m=1,r_o=0.10,lambda_h=0;P=4,m=1,r_o=0.10,lambda_h=0.5",bottom_level_fcfs_v1,5,0,0,0,60.00,15.00,60.00,15.00,36.00,15.00,15.00,36.00,critical_path,t02->t04_part_01->t04_join,OPTIMAL,36.00000,36.00000,36.000000,0.0,0.001765,0.00000,t02.human_1 -> [task] t02.agent_1 -> [task] t02.human_2 -> [precedence] t04_part_01.specification -> [task] t04_part_01.implementation -> [precedence] t04_join.acceptance,0.00000,36.00000,0,0,0,0,36.00,4.50,4.50,0,1,exp05_p04_m01_ro000_lh00,0.05,0,0.00000,0.00000,0.00000
EXP-05,exp05_p04_m01_ro000_lh00,b9848e6e8237dde836294860c52572b6c4924bbee59f8816e060071de963404a,4,1,0.05,0.5,6,"P=4,m=1,r_o=0,lambda_h=0;P=4,m=1,r_o=0,lambda_h=0.5;P=4,m=1,r_o=0.05,lambda_h=0;P=4,m=1,r_o=0.05,lambda_h=0.5;P=4,m=1,r_o=0.10,lambda_h=0;P=4,m=1,r_o=0.10,lambda_h=0.5",bottom_level_fcfs_v1,5,0,0,0,60.00,15.00,60.00,15.00,36.00,15.00,15.00,36.00,critical_path,t02->t04_part_01->t04_join,OPTIMAL,36.00000,36.00000,36.000000,0.0,0.001765,0.00000,t02.human_1 -> [task] t02.agent_1 -> [task] t02.human_2 -> [precedence] t04_part_01.specification -> [task] t04_part_01.implementation -> [precedence] t04_join.acceptance,0.00000,36.00000,0,0,0,0,36.00,4.50,4.50,0,1,exp05_p04_m01_ro000_lh00,0.05,0.5,0.00000,0.00000,0.00000
EXP-05,exp05_p04_m01_ro000_lh00,b9848e6e8237dde836294860c52572b6c4924bbee59f8816e060071de963404a,4,1,0.10,0,6,"P=4,m=1,r_o=0,lambda_h=0;P=4,m=1,r_o=0,lambda_h=0.5;P=4,m=1,r_o=0.05,lambda_h=0;P=4,m=1,r_o=0.05,lambda_h=0.5;P=4,m=1,r_o=0.10,lambda_h=0;P=4,m=1,r_o=0.10,lambda_h=0.5",bottom_level_fcfs_v1,5,0,0,0,60.00,15.00,60.00,15.00,36.00,15.00,15.00,36.00,critical_path,t02->t04_part_01->t04_join,OPTIMAL,36.00000,36.00000,36.000000,0.0,0.001765,0.00000,t02.human_1 -> [task] t02.agent_1 -> [task] t02.human_2 -> [precedence] t04_part_01.specification -> [task] t04_part_01.implementation -> [precedence] t04_join.acceptance,0.00000,36.00000,0,0,0,0,36.00,4.50,4.50,0,1,exp05_p04_m01_ro000_lh00,0.10,0,0.00000,0.00000,0.00000
EXP-05,exp05_p04_m01_ro000_lh00,b9848e6e8237dde836294860c52572b6c4924bbee59f8816e060071de963404a,4,1,0.10,0.5,6,"P=4,m=1,r_o=0,lambda_h=0;P=4,m=1,r_o=0,lambda_h=0.5;P=4,m=1,r_o=0.05,lambda_h=0;P=4,m=1,r_o=0.05,lambda_h=0.5;P=4,m=1,r_o=0.10,lambda_h=0;P=4,m=1,r_o=0.10,lambda_h=0.5",bottom_level_fcfs_v1,5,0,0,0,60.00,15.00,60.00,15.00,36.00,15.00,15.00,36.00,critical_path,t02->t04_part_01->t04_join,OPTIMAL,36.00000,36.00000,36.000000,0.0,0.001765,0.00000,t02.human_1 -> [task] t02.agent_1 -> [task] t02.human_2 -> [precedence] t04_part_01.specification -> [task] t04_part_01.implementation -> [precedence] t04_join.acceptance,0.00000,36.00000,0,0,0,0,36.00,4.50,4.50,0,1,exp05_p04_m01_ro000_lh00,0.10,0.5,0.00000,0.00000,0.00000
EXP-05,exp05_p04_m02_ro000_lh00,4569c923bf0d590f223c26c9f43e25788bd8385b7678c83a331d5c1c85a9b7d0,4,2,0,0,2,"P=4,m=2,r_o=0,lambda_h=0;P=4,m=2,r_o=0,lambda_h=0.5",bottom_level_fcfs_v1,6,0,0,0,60.00,15.00,60.00,15.00,30.00,15.00,15.00,30.00,critical_path,t02->t03,OPTIMAL,31.50000,31.50000,31.500000,0.0,0.002804,1.50000,t02.human_1 -> [task] t02.agent_1 -> [task] t02.human_2 -> [precedence] t04_part_01.specification -> [human] t03.human_1 -> [task] t03.agent_1 -> [task] t03.human_2,0.00000,31.50000,0,0,0,0,31.50,9.00,6.75,0,2,exp05_p04_m02_ro000_lh00,0,shared,4.50000,0.00000,4.50000
EXP-05,exp05_p04_m02_ro050_lh00,debf880694450a2827030c425662fd175d1c1ad72734d23a3cea90f0d6e1b055,4,2,0.05,0,1,"P=4,m=2,r_o=0.05,lambda_h=0",bottom_level_fcfs_v1,6,1.20,0.00,1.20,60.00,15.00,61.20,15.00,30.00,15.30,15.00,30.00,critical_path,t02->t03,OPTIMAL,32.40000,32.40000,32.400000,0.0,0.003557,2.40000,t02.human_1 -> [task] t02.agent_1 -> [task] t02.human_2 -> [precedence] t04_part_01.specification -> [human] t03.human_1 -> [human] t04_part_02.specification -> [task] t04_part_02.implementation -> [precedence] t04_join.integration -> [task] t04_join.acceptance -> [human] t03.human_2,0.00000,32.40000,0.90000,0.90000,0,1,32.40,9.90,7.65,0,2,exp05_p04_m02_ro050_lh00,0.05,0,3.60000,-1.20000,4.80000
EXP-05,exp05_p04_m02_ro050_lh05,1794877cd12d4f9d26a80631dae03b5c5cae778daea640b116c5602340d28f02,4,2,0.05,0.5,1,"P=4,m=2,r_o=0.05,lambda_h=0.5",bottom_level_fcfs_v1,6,1.20,0.600,0.600,60.00,15.00,61.200,15.600,30.00,15.300,15.600,30.00,critical_path,t02->t03,OPTIMAL,32.55000,32.55000,32.550000,0.0,0.003470,2.55000,t02.human_1 -> [task] t02.agent_1 -> [task] t02.human_2 -> [precedence] t04_part_01.specification -> [human] t03.human_1 -> [human] t04_part_02.specification -> [task] t04_part_02.implementation -> [precedence] t04_join.integration -> [task] t04_join.acceptance -> [human] t03.human_2,0.00000,32.55000,0.90000,0.90000,0,1,32.550,10.200,7.950,0,2,exp05_p04_m02_ro050_lh05,0.05,0.5,3.45000,-1.20000,4.65000
EXP-05,exp05_p04_m02_ro100_lh00,b60ac8ec0e22af7d210515005db5e28d8ccb525542310eeeebb7612918b36bab,4,2,0.10,0,1,"P=4,m=2,r_o=0.10,lambda_h=0",bottom_level_fcfs_v1,6,2.40,0.00,2.40,60.00,15.00,62.40,15.00,30.00,15.60,15.00,30.00,critical_path,t02->t03,OPTIMAL,33.00000,33.00000,33.000000,0.0,0.003178,3.00000,t02.human_1 -> [task] t02.agent_1 -> [task] t02.human_2 -> [precedence] t04_part_02.specification -> [human] t04_part_01.specification -> [human] t03.human_1 -> [task] t03.agent_1 -> [task] t03.human_2,0.00000,33.00000,0,0,0,0,33.00,9.45,7.20,0,2,exp05_p04_m02_ro100_lh00,0.10,0,3.00000,-2.40000,5.40000
EXP-05,exp05_p04_m02_ro100_lh05,20d18210a37724c9d24d8990fb9be172e8beea101d57bdf1ccd79264ced6a226,4,2,0.10,0.5,1,"P=4,m=2,r_o=0.10,lambda_h=0.5",bottom_level_fcfs_v1,6,2.40,1.200,1.200,60.00,15.00,62.400,16.200,30.00,15.600,16.200,30.00,critical_path,t02->t03,OPTIMAL,33.60000,33.60000,33.600000,0.0,0.003215,3.60000,t02.human_1 -> [task] t02.agent_1 -> [task] t02.human_2 -> [precedence] t04_part_02.specification -> [human] t04_part_01.specification -> [human] t03.human_1 -> [task] t03.agent_1 -> [task] t03.human_2,0.00000,33.60000,0,0,0,0,33.600,10.050,7.800,0,2,exp05_p04_m02_ro100_lh05,0.10,0.5,2.40000,-2.40000,4.80000
EXP-05,exp05_p04_m03_ro000_lh00,17c0a27af9807ebfa7fc7df82e25db419c7ed192ef8ad0aad1a785d93f59d49c,4,3,0,0,2,"P=4,m=3,r_o=0,lambda_h=0;P=4,m=3,r_o=0,lambda_h=0.5",bottom_level_fcfs_v1,7,0,0,0,60.00,15.00,60.00,15.00,30.00,15.00,15.00,30.00,critical_path,t02->t03,OPTIMAL,30.00000,30.00000,30.000000,0.0,0.003698,0.00000,t02.human_1 -> [task] t02.agent_1 -> [task] t02.human_2 -> [precedence] t03.human_1 -> [task] t03.agent_1 -> [task] t03.human_2,0.00000,30.00000,0,0,0,0,30.00,11.25,5.75,2.25,3,exp05_p04_m03_ro000_lh00,0,shared,6.00000,0.00000,6.00000
EXP-05,exp05_p04_m03_ro050_lh00,5e817faade79f1179a51b69be40bceea6ee2de079d58420de982b41b2d44af77,4,3,0.05,0,1,"P=4,m=3,r_o=0.05,lambda_h=0",bottom_level_fcfs_v1,7,2.40,0.00,2.40,60.00,15.00,62.40,15.00,30.00,15.60,15.00,30.00,critical_path,t02->t03,OPTIMAL,30.10000,30.10000,30.100000,0.0,0.004434,0.10000,t02.human_1 -> [task] t02.agent_1 -> [task] t02.human_2 -> [precedence] t03.human_1 -> [human] t04_part_02.specification -> [human] t04_part_03.specification -> [human] t04_part_01.specification -> [task] t04_part_01.implementation -> [precedence] t04_join.integration -> [task] t04_join.acceptance -> [human] t03.human_2,0.00000,30.10000,0.10000,0.10000,0,1,30.10,11.35,5.85,2.25,3,exp05_p04_m03_ro050_lh00,0.05,0,5.90000,-2.40000,8.30000
EXP-05,exp05_p04_m03_ro050_lh05,cccd8af6e9f414d6dfc80966d4f37011b97c0cc8c8f7ba4ac3d3199cf5f10269,4,3,0.05,0.5,1,"P=4,m=3,r_o=0.05,lambda_h=0.5",bottom_level_fcfs_v1,7,2.40,1.200,1.200,60.00,15.00,62.400,16.200,30.00,15.600,16.200,30.00,critical_path,t02->t03,OPTIMAL,30.50000,30.50000,30.500000,0.0,0.003695,0.50000,t02.human_1 -> [task] t02.agent_1 -> [task] t02.human_2 -> [precedence] t03.human_1 -> [human] t04_part_03.specification -> [human] t04_part_02.specification -> [human] t04_part_01.specification -> [task] t04_part_01.implementation -> [precedence] t04_join.integration -> [task] t04_join.acceptance -> [human] t03.human_2,0.00000,30.50000,0.50000,0.50000,0,1,30.500,12.350,6.650,2.25,3,exp05_p04_m03_ro050_lh05,0.05,0.5,5.50000,-2.40000,7.90000
EXP-05,exp05_p04_m03_ro100_lh00,1ddbe91628f276fb5d0b431ab130e010f1242e631e45a22939f4caf2f7156c8b,4,3,0.10,0,1,"P=4,m=3,r_o=0.10,lambda_h=0",bottom_level_fcfs_v1,7,4.80,0.00,4.80,60.00,15.00,64.80,15.00,30.00,16.20,15.00,30.00,critical_path,t02->t03,OPTIMAL,31.70000,31.70000,31.700000,0.0,0.003955,1.70000,t02.human_1 -> [task] t02.agent_1 -> [task] t02.human_2 -> [precedence] t04_part_02.specification -> [human] t03.human_1 -> [human] t04_part_03.specification -> [human] t04_part_01.specification -> [task] t04_part_01.implementation -> [precedence] t04_join.integration -> [task] t04_join.acceptance -> [human] t03.human_2,0.00000,31.70000,0.70000,0.70000,0,1,31.70,12.95,7.45,2.25,3,exp05_p04_m03_ro100_lh00,0.10,0,4.30000,-4.80000,9.10000
EXP-05,exp05_p04_m03_ro100_lh05,3cfe3b7a2ba44f7930184abbb9b42ddddc735e94d1ed5d10da8ed0fafe24d09a,4,3,0.10,0.5,1,"P=4,m=3,r_o=0.10,lambda_h=0.5",bottom_level_fcfs_v1,7,4.80,2.400,2.400,60.00,15.00,64.800,17.400,30.00,16.200,17.400,30.00,critical_path,t02->t03,OPTIMAL,32.50000,32.50000,32.500000,0.0,0.004251,2.50000,t02.human_1 -> [task] t02.agent_1 -> [task] t02.human_2 -> [precedence] t04_part_02.specification -> [human] t03.human_1 -> [human] t04_part_03.specification -> [human] t04_part_01.specification -> [task] t04_part_01.implementation -> [precedence] t04_join.integration -> [task] t04_join.acceptance -> [human] t03.human_2,0.00000,32.50000,1.10000,1.10000,0,1,32.500,14.950,9.050,2.25,3,exp05_p04_m03_ro100_lh05,0.10,0.5,3.50000,-4.80000,8.30000
EXP-05,exp05_p04_m04_ro000_lh00,4b25f882ef01262819295dc5eb4dbe85b58368f3469e4a4438095b560180f14f,4,4,0,0,2,"P=4,m=4,r_o=0,lambda_h=0;P=4,m=4,r_o=0,lambda_h=0.5",bottom_level_fcfs_v1,8,0,0,0,60.00,15.00,60.00,15.00,30.00,15.00,15.00,30.00,critical_path,t02->t03,OPTIMAL,30.00000,30.00000,30.000000,0.0,0.004476,0.00000,t02.human_1 -> [task] t02.agent_1 -> [task] t02.human_2 -> [precedence] t03.human_1 -> [task] t03.agent_1 -> [task] t03.human_2,0.00000,30.00000,0,0,0,0,30.00,10.50,5.25,2.25,3,exp05_p04_m04_ro000_lh00,0,shared,6.00000,0.00000,6.00000
EXP-05,exp05_p04_m04_ro050_lh00,1966da08cbb4545499c3e86c7b0d58feceb0ec039083d8eddb30850d3c7e23c3,4,4,0.05,0,1,"P=4,m=4,r_o=0.05,lambda_h=0",bottom_level_fcfs_v1,8,3.60,0.00,3.60,60.00,15.00,63.60,15.00,30.00,15.90,15.00,30.00,critical_path,t02->t03,OPTIMAL,30.75000,30.75000,30.750000,0.0,0.005249,0.75000,t02.human_1 -> [task] t02.agent_1 -> [task] t02.human_2 -> [precedence] t04_part_04.specification -> [human] t03.human_1 -> [task] t03.agent_1 -> [task] t03.human_2,1.95000,30.75000,0,0,0,0,32.70,13.20,7.95,2.25,3,exp05_p04_m04_ro050_lh00,0.05,0,5.25000,-3.60000,8.85000
EXP-05,exp05_p04_m04_ro050_lh05,548ff4ed1e6f7ec22f1fb15cb814b3fbf73c653dce6ef1b74442dea356f8cdfb,4,4,0.05,0.5,1,"P=4,m=4,r_o=0.05,lambda_h=0.5",bottom_level_fcfs_v1,8,3.60,1.800,1.800,60.00,15.00,63.600,16.800,30.00,15.900,16.800,30.00,critical_path,t02->t03,OPTIMAL,30.97500,30.97500,30.975000,0.0,0.005139,0.97500,t02.human_1 -> [task] t02.agent_1 -> [task] t02.human_2 -> [precedence] t04_part_03.specification -> [human] t03.human_1 -> [task] t03.agent_1 -> [task] t03.human_2,1.72500,30.97500,0,0,0,0,32.700,13.875,8.400,2.25,3,exp05_p04_m04_ro050_lh05,0.05,0.5,5.02500,-3.60000,8.62500
EXP-05,exp05_p04_m04_ro100_lh00,382530059f410deffde74fd49a1b9d2d0c060cee094feb561e65c0669134f8e1,4,4,0.10,0,1,"P=4,m=4,r_o=0.10,lambda_h=0",bottom_level_fcfs_v1,8,7.20,0.00,7.20,60.00,15.00,67.20,15.00,30.00,16.80,15.00,30.00,critical_path,t02->t03,OPTIMAL,33.15000,33.15000,33.150000,0.0,0.006969,3.15000,t02.human_1 -> [task] t02.agent_1 -> [task] t02.human_2 -> [precedence] t04_part_02.specification -> [task] t04_part_02.implementation -> [agent] t04_part_01.specification -> [task] t04_part_01.implementation -> [precedence] t04_join.integration -> [task] t04_join.acceptance -> [human] t03.human_2,0.00000,33.15000,0.90000,0.90000,0,1,33.15,10.50,5.25,2.25,3,exp05_p04_m04_ro100_lh00,0.10,0,2.85000,-7.20000,10.05000
EXP-05,exp05_p04_m04_ro100_lh05,9a26b50e76c9e921e5f4db7a3781e3fc0b81f1a577cc14b1f07ee7905c42c167,4,4,0.10,0.5,1,"P=4,m=4,r_o=0.10,lambda_h=0.5",bottom_level_fcfs_v1,8,7.20,3.600,3.600,60.00,15.00,67.200,18.600,30.00,16.800,18.600,30.00,critical_path,t02->t03,OPTIMAL,33.15000,33.15000,33.150000,0.0,0.006007,3.15000,t02.human_1 -> [task] t02.agent_1 -> [task] t02.human_2 -> [precedence] t04_part_01.specification -> [task] t04_part_01.implementation -> [agent] t04_part_02.specification -> [task] t04_part_02.implementation -> [precedence] t04_join.integration -> [task] t04_join.acceptance -> [human] t03.human_2,1.65000,33.15000,1.95000,1.95000,0,1,34.800,13.500,7.800,2.25,3,exp05_p04_m04_ro100_lh05,0.10,0.5,2.85000,-7.20000,10.05000
EXP-05,exp05_p04_m06_ro000_lh00,39ec12202ac0112a8b6e1ec3d12b92dd05920cf0b17adea94c5900439087e9ab,4,6,0,0,2,"P=4,m=6,r_o=0,lambda_h=0;P=4,m=6,r_o=0,lambda_h=0.5",bottom_level_fcfs_v1,10,0,0,0,60.00,15.00,60.00,15.00,30.00,15.00,15.00,30.00,critical_path,t02->t03,OPTIMAL,30.00000,30.00000,30.000000,0.0,0.007745,0.00000,t02.human_1 -> [task] t02.agent_1 -> [task] t02.human_2 -> [precedence] t03.human_1 -> [task] t03.agent_1 -> [task] t03.human_2,0.00000,30.00000,0,0,0,0,30.00,9.75,4.75,2.25,3,exp05_p04_m06_ro000_lh00,0,shared,6.00000,0.00000,6.00000
EXP-05,exp05_p04_m06_ro050_lh00,8f706107026fc84873884cb550b06bd019d5a9896e66126da5fe884e6d728a5f,4,6,0.05,0,1,"P=4,m=6,r_o=0.05,lambda_h=0",bottom_level_fcfs_v1,10,6.00,0.00,6.00,60.00,15.00,66.00,15.00,30.00,16.50,15.00,30.00,critical_path,t02->t03,OPTIMAL,31.50000,31.50000,31.500000,0.0,0.570515,1.50000,t02.human_1 -> [task] t02.agent_1 -> [task] t02.human_2 -> [precedence] t04_part_01.specification -> [human] t04_part_04.specification -> [human] t04_part_02.specification -> [human] t03.human_1 -> [task] t03.agent_1 -> [task] t03.human_2,0.00000,31.50000,0,0,0,0,31.50,11.25,6.25,2.25,3,exp05_p04_m06_ro050_lh00,0.05,0,4.50000,-6.00000,10.50000
EXP-05,exp05_p04_m06_ro050_lh05,b3eb19b79d3dac1c2dff5aa6ad7ec10bb6e1e7cd9ee359262511cdcc2cddbf9b,4,6,0.05,0.5,1,"P=4,m=6,r_o=0.05,lambda_h=0.5",bottom_level_fcfs_v1,10,6.00,3.000,3.000,60.00,15.00,66.000,18.000,30.00,16.500,18.000,30.00,critical_path,t02->t03,OPTIMAL,32.00000,32.00000,32.000000,0.0,0.581715,2.00000,t02.human_1 -> [task] t02.agent_1 -> [task] t02.human_2 -> [precedence] t04_part_01.specification -> [human] t04_part_05.specification -> [human] t03.human_1 -> [human] t04_part_06.specification -> [task] t04_part_06.implementation -> [agent] t04_part_02.specification -> [task] t04_part_02.implementation -> [precedence] t04_join.integration -> [task] t04_join.acceptance -> [human] t03.human_2,0.00000,32.00000,0.50000,0.50000,0,1,32.000,12.500,7.250,2.25,3,exp05_p04_m06_ro050_lh05,0.05,0.5,4.00000,-6.00000,10.00000
EXP-05,exp05_p04_m06_ro100_lh00,70567d3d9a654977fdcccaf351ce20331b53e6426c068274c68eb28639c3d332,4,6,0.10,0,1,"P=4,m=6,r_o=0.10,lambda_h=0",bottom_level_fcfs_v1,10,12.00,0.00,12.00,60.00,15.00,72.00,15.00,30.00,18.00,15.00,30.00,critical_path,t02->t03,OPTIMAL,33.25000,33.25000,33.250000,0.0,1.992386,3.25000,t02.human_1 -> [task] t02.agent_1 -> [task] t02.human_2 -> [precedence] t04_part_05.specification -> [task] t04_part_05.implementation -> [agent] t04_part_02.specification -> [human] t04_part_06.specification -> [human] t04_part_01.specification -> [task] t04_part_01.implementation -> [precedence] t04_join.integration -> [task] t04_join.acceptance -> [human] t03.human_2,0.00000,33.25000,1.75000,1.75000,0,1,33.25,9.75,4.75,2.25,3,exp05_p04_m06_ro100_lh00,0.10,0,2.75000,-12.00000,14.75000
EXP-05,exp05_p04_m06_ro100_lh05,33e0032d6115f3937863709be44aee46d5855573905e578133381e2b78f825b8,4,6,0.10,0.5,1,"P=4,m=6,r_o=0.10,lambda_h=0.5",bottom_level_fcfs_v1,10,12.00,6.000,6.000,60.00,15.00,72.000,21.000,30.00,18.000,21.000,30.00,critical_path,t02->t03,OPTIMAL,35.00000,35.00000,35.000000,0.0,0.061489,5.00000,t02.human_1 -> [task] t02.agent_1 -> [task] t02.human_2 -> [precedence] t04_part_06.specification -> [human] t04_part_01.specification -> [human] t04_part_05.specification -> [human] t03.human_1 -> [human] t04_part_04.specification -> [human] t04_part_02.specification -> [human] t04_part_03.specification -> [task] t04_part_03.implementation -> [precedence] t04_join.integration -> [task] t04_join.acceptance -> [human] t03.human_2,1.00000,35.00000,0.49375,0.49375,0,1,36.000,13.000,7.500,2.25,3,exp05_p04_m06_ro100_lh05,0.10,0.5,1.00000,-12.00000,13.00000
EXP-05,exp05_p04_m08_ro000_lh00,f006b339c7f00322504c05f074d3bf7642addee3186bc0be173a875ae26a2c2f,4,8,0,0,2,"P=4,m=8,r_o=0,lambda_h=0;P=4,m=8,r_o=0,lambda_h=0.5",bottom_level_fcfs_v1,12,0,0,0,60.000,15.000,60.000,15.000,30.00,15.000,15.000,30.00,critical_path,t02->t03,OPTIMAL,30.00000,30.00000,30.000000,0.0,0.013328,0.00000,t02.human_1 -> [task] t02.agent_1 -> [task] t02.human_2 -> [precedence] t03.human_1 -> [task] t03.agent_1 -> [task] t03.human_2,0.00000,30.00000,0,0,0,0,30.00,9.375,4.500,2.25,3,exp05_p04_m08_ro000_lh00,0,shared,6.00000,0.00000,6.00000
EXP-05,exp05_p04_m08_ro050_lh00,5da835322b9ba9006c3c9b6ef66ed9d94f6f41b826e6a809352b60faafb54d3b,4,8,0.05,0,1,"P=4,m=8,r_o=0.05,lambda_h=0",bottom_level_fcfs_v1,12,8.40,0.00,8.40,60.000,15.000,68.400,15.000,30.00,17.100,15.000,30.00,critical_path,t02->t03,OPTIMAL,31.50000,31.50000,31.500000,0.0,16.924855,1.50000,t02.human_1 -> [task] t02.agent_1 -> [task] t02.human_2 -> [precedence] t04_part_05.specification -> [human] t04_part_07.specification -> [human] t04_part_03.specification -> [human] t03.human_1 -> [human] t04_part_01.specification -> [task] t04_part_01.implementation -> [agent] t04_part_06.specification -> [human] t04_part_08.specification -> [task] t04_part_08.implementation -> [precedence] t04_join.integration -> [task] t04_join.acceptance -> [human] t03.human_2,1.50000,31.50000,0.37500,0.37500,0,1,33.00,11.100,6.225,2.25,3,exp05_p04_m08_ro050_lh00,0.05,0,4.50000,-8.40000,12.90000
EXP-05,exp05_p04_m08_ro050_lh05,592b2fe822ae4202520775e0c686788b724fda7334a650810e4cb5b6f8a641c4,4,8,0.05,0.5,1,"P=4,m=8,r_o=0.05,lambda_h=0.5",bottom_level_fcfs_v1,12,8.40,4.200,4.200,60.000,15.000,68.4000,19.2000,30.00,17.1000,19.2000,30.00,critical_path,t02->t03,OPTIMAL,32.55000,32.55000,32.550000,0.0,22.150958,2.55000,t02.human_1 -> [task] t02.agent_1 -> [task] t02.human_2 -> [precedence] t04_part_07.specification -> [human] t04_part_06.specification -> [human] t04_part_04.specification -> [human] t03.human_1 -> [human] t04_part_05.specification -> [task] t04_part_05.implementation -> [agent] t04_part_08.specification -> [human] t04_part_03.specification -> [task] t04_part_03.implementation -> [precedence] t04_join.integration -> [task] t04_join.acceptance -> [human] t03.human_2,1.23750,32.55000,0.63750,0.63750,0,1,33.7875,13.9500,8.8125,2.25,3,exp05_p04_m08_ro050_lh05,0.05,0.5,3.45000,-8.40000,11.85000
EXP-05,exp05_p04_m08_ro100_lh00,2da16d6a345b2eec8f349ee3c41ed22ef92cd1c8be825877a1aa8a77f1bb8a34,4,8,0.10,0,1,"P=4,m=8,r_o=0.10,lambda_h=0",bottom_level_fcfs_v1,12,16.80,0.00,16.80,60.000,15.000,76.800,15.000,30.00,19.200,15.000,30.00,critical_path,t02->t03,OPTIMAL,34.80000,34.80000,34.800000,0.0,5.497095,4.80000,t02.human_1 -> [task] t02.agent_1 -> [task] t02.human_2 -> [precedence] t04_part_02.specification -> [task] t04_part_02.implementation -> [agent] t04_part_05.specification -> [task] t04_part_05.implementation -> [agent] t04_part_01.specification -> [human] t04_part_06.specification -> [task] t04_part_06.implementation -> [precedence] t04_join.integration -> [task] t04_join.acceptance,2.25000,34.80000,0,0,0,0,37.050,9.375,4.500,2.25,3,exp05_p04_m08_ro100_lh00,0.10,0,1.20000,-16.80000,18.00000
EXP-05,exp05_p04_m08_ro100_lh05,7dace8badadfe0fa164d7f9f5db349b54f964f87fca0a1aa36c99b339ca7fdca,4,8,0.10,0.5,1,"P=4,m=8,r_o=0.10,lambda_h=0.5",bottom_level_fcfs_v1,12,16.80,8.400,8.400,60.000,15.000,76.800,23.400,30.00,19.200,23.400,30.00,critical_path,t02->t03,OPTIMAL,37.35000,37.35000,37.350000,0.0,12.238102,7.35000,t02.human_1 -> [task] t02.agent_1 -> [task] t02.human_2 -> [precedence] t04_part_07.specification -> [task] t04_part_07.implementation -> [agent] t04_part_01.specification -> [task] t04_part_01.implementation -> [agent] t03.human_1 -> [task] t03.agent_1 -> [task] t03.human_2,0.22500,37.35000,0,0,0,0,37.575,10.950,5.550,2.25,3,exp05_p04_m08_ro100_lh05,0.10,0.5,-1.35000,-16.80000,15.45000
EXP-05,exp05_p06_m01_ro000_lh00,de199195d55a003663df975361592624fe6aed0553eea6e18538959e269449fd,6,1,0,0,6,"P=6,m=1,r_o=0,lambda_h=0;P=6,m=1,r_o=0,lambda_h=0.5;P=6,m=1,r_o=0.05,lambda_h=0;P=6,m=1,r_o=0.05,lambda_h=0.5;P=6,m=1,r_o=0.10,lambda_h=0;P=6,m=1,r_o=0.10,lambda_h=0.5",bottom_level_fcfs_v1,5,0,0,0,60.00,15.00,60.00,15.00,36.00,10.00,15.00,36.00,critical_path,t02->t04_part_01->t04_join,OPTIMAL,36.00000,36.00000,36.000000,0.0,0.001805,0.00000,t02.human_1 -> [task] t02.agent_1 -> [task] t02.human_2 -> [precedence] t04_part_01.specification -> [task] t04_part_01.implementation -> [precedence] t04_join.acceptance,0.00000,36.00000,0,0,0,0,36.00,4.50,4.50,0,1,exp05_p06_m01_ro000_lh00,0,shared,0.00000,0.00000,0.00000
EXP-05,exp05_p06_m01_ro000_lh00,de199195d55a003663df975361592624fe6aed0553eea6e18538959e269449fd,6,1,0.05,0,6,"P=6,m=1,r_o=0,lambda_h=0;P=6,m=1,r_o=0,lambda_h=0.5;P=6,m=1,r_o=0.05,lambda_h=0;P=6,m=1,r_o=0.05,lambda_h=0.5;P=6,m=1,r_o=0.10,lambda_h=0;P=6,m=1,r_o=0.10,lambda_h=0.5",bottom_level_fcfs_v1,5,0,0,0,60.00,15.00,60.00,15.00,36.00,10.00,15.00,36.00,critical_path,t02->t04_part_01->t04_join,OPTIMAL,36.00000,36.00000,36.000000,0.0,0.001805,0.00000,t02.human_1 -> [task] t02.agent_1 -> [task] t02.human_2 -> [precedence] t04_part_01.specification -> [task] t04_part_01.implementation -> [precedence] t04_join.acceptance,0.00000,36.00000,0,0,0,0,36.00,4.50,4.50,0,1,exp05_p06_m01_ro000_lh00,0.05,0,0.00000,0.00000,0.00000
EXP-05,exp05_p06_m01_ro000_lh00,de199195d55a003663df975361592624fe6aed0553eea6e18538959e269449fd,6,1,0.05,0.5,6,"P=6,m=1,r_o=0,lambda_h=0;P=6,m=1,r_o=0,lambda_h=0.5;P=6,m=1,r_o=0.05,lambda_h=0;P=6,m=1,r_o=0.05,lambda_h=0.5;P=6,m=1,r_o=0.10,lambda_h=0;P=6,m=1,r_o=0.10,lambda_h=0.5",bottom_level_fcfs_v1,5,0,0,0,60.00,15.00,60.00,15.00,36.00,10.00,15.00,36.00,critical_path,t02->t04_part_01->t04_join,OPTIMAL,36.00000,36.00000,36.000000,0.0,0.001805,0.00000,t02.human_1 -> [task] t02.agent_1 -> [task] t02.human_2 -> [precedence] t04_part_01.specification -> [task] t04_part_01.implementation -> [precedence] t04_join.acceptance,0.00000,36.00000,0,0,0,0,36.00,4.50,4.50,0,1,exp05_p06_m01_ro000_lh00,0.05,0.5,0.00000,0.00000,0.00000
EXP-05,exp05_p06_m01_ro000_lh00,de199195d55a003663df975361592624fe6aed0553eea6e18538959e269449fd,6,1,0.10,0,6,"P=6,m=1,r_o=0,lambda_h=0;P=6,m=1,r_o=0,lambda_h=0.5;P=6,m=1,r_o=0.05,lambda_h=0;P=6,m=1,r_o=0.05,lambda_h=0.5;P=6,m=1,r_o=0.10,lambda_h=0;P=6,m=1,r_o=0.10,lambda_h=0.5",bottom_level_fcfs_v1,5,0,0,0,60.00,15.00,60.00,15.00,36.00,10.00,15.00,36.00,critical_path,t02->t04_part_01->t04_join,OPTIMAL,36.00000,36.00000,36.000000,0.0,0.001805,0.00000,t02.human_1 -> [task] t02.agent_1 -> [task] t02.human_2 -> [precedence] t04_part_01.specification -> [task] t04_part_01.implementation -> [precedence] t04_join.acceptance,0.00000,36.00000,0,0,0,0,36.00,4.50,4.50,0,1,exp05_p06_m01_ro000_lh00,0.10,0,0.00000,0.00000,0.00000
EXP-05,exp05_p06_m01_ro000_lh00,de199195d55a003663df975361592624fe6aed0553eea6e18538959e269449fd,6,1,0.10,0.5,6,"P=6,m=1,r_o=0,lambda_h=0;P=6,m=1,r_o=0,lambda_h=0.5;P=6,m=1,r_o=0.05,lambda_h=0;P=6,m=1,r_o=0.05,lambda_h=0.5;P=6,m=1,r_o=0.10,lambda_h=0;P=6,m=1,r_o=0.10,lambda_h=0.5",bottom_level_fcfs_v1,5,0,0,0,60.00,15.00,60.00,15.00,36.00,10.00,15.00,36.00,critical_path,t02->t04_part_01->t04_join,OPTIMAL,36.00000,36.00000,36.000000,0.0,0.001805,0.00000,t02.human_1 -> [task] t02.agent_1 -> [task] t02.human_2 -> [precedence] t04_part_01.specification -> [task] t04_part_01.implementation -> [precedence] t04_join.acceptance,0.00000,36.00000,0,0,0,0,36.00,4.50,4.50,0,1,exp05_p06_m01_ro000_lh00,0.10,0.5,0.00000,0.00000,0.00000
EXP-05,exp05_p06_m02_ro000_lh00,adc31bc3caa7038bc09bdc7b04aec9a7deb2ddcaacb6d6f14a14d259b0317cc5,6,2,0,0,2,"P=6,m=2,r_o=0,lambda_h=0;P=6,m=2,r_o=0,lambda_h=0.5",bottom_level_fcfs_v1,6,0,0,0,60.00,15.00,60.00,15.00,30.00,10.00,15.00,30.00,critical_path,t02->t03,OPTIMAL,31.50000,31.50000,31.500000,0.0,0.002853,1.50000,t02.human_1 -> [task] t02.agent_1 -> [task] t02.human_2 -> [precedence] t03.human_1 -> [human] t04_part_02.specification -> [human] t04_part_01.specification -> [task] t04_part_01.implementation -> [precedence] t04_join.acceptance -> [human] t03.human_2,0.00000,31.50000,1.50000,1.50000,0,1,31.50,9.00,6.75,0,2,exp05_p06_m02_ro000_lh00,0,shared,4.50000,0.00000,4.50000
EXP-05,exp05_p06_m02_ro050_lh00,6afeedde72da3171c7b02766ad9d76066e2e34f2477122ee0c1cc75f2253ec66,6,2,0.05,0,1,"P=6,m=2,r_o=0.05,lambda_h=0",bottom_level_fcfs_v1,6,1.20,0.00,1.20,60.00,15.00,61.20,15.00,30.00,10.20,15.00,30.00,critical_path,t02->t03,OPTIMAL,32.40000,32.40000,32.400000,0.0,0.003595,2.40000,t02.human_1 -> [task] t02.agent_1 -> [task] t02.human_2 -> [precedence] t04_part_01.specification -> [human] t03.human_1 -> [human] t04_part_02.specification -> [task] t04_part_02.implementation -> [precedence] t04_join.integration -> [task] t04_join.acceptance -> [human] t03.human_2,0.00000,32.40000,0.90000,0.90000,0,1,32.40,9.90,7.65,0,2,exp05_p06_m02_ro050_lh00,0.05,0,3.60000,-1.20000,4.80000
EXP-05,exp05_p06_m02_ro050_lh05,e2bab133ac83ead7fdfb5acb3983886b4a954b2d7e9c49f192b8f1f60af65f45,6,2,0.05,0.5,1,"P=6,m=2,r_o=0.05,lambda_h=0.5",bottom_level_fcfs_v1,6,1.20,0.600,0.600,60.00,15.00,61.200,15.600,30.00,10.200,15.600,30.00,critical_path,t02->t03,OPTIMAL,32.55000,32.55000,32.550000,0.0,0.004303,2.55000,t02.human_1 -> [task] t02.agent_1 -> [task] t02.human_2 -> [precedence] t04_part_01.specification -> [human] t03.human_1 -> [human] t04_part_02.specification -> [task] t04_part_02.implementation -> [precedence] t04_join.integration -> [task] t04_join.acceptance -> [human] t03.human_2,0.00000,32.55000,0.90000,0.90000,0,1,32.550,10.200,7.950,0,2,exp05_p06_m02_ro050_lh05,0.05,0.5,3.45000,-1.20000,4.65000
EXP-05,exp05_p06_m02_ro100_lh00,2e22f758e18a4517612a840b536776d3b88bd92ad8188c746d44ee9814bc84c3,6,2,0.10,0,1,"P=6,m=2,r_o=0.10,lambda_h=0",bottom_level_fcfs_v1,6,2.40,0.00,2.40,60.00,15.00,62.40,15.00,30.00,10.40,15.00,30.00,critical_path,t02->t03,OPTIMAL,33.00000,33.00000,33.000000,0.0,0.003022,3.00000,t02.human_1 -> [task] t02.agent_1 -> [task] t02.human_2 -> [precedence] t03.human_1 -> [task] t03.agent_1 -> [task] t03.human_2 -> [human] t04_join.acceptance,0.00000,33.00000,1.95000,1.95000,0,1,33.00,9.45,7.20,0,2,exp05_p06_m02_ro100_lh00,0.10,0,3.00000,-2.40000,5.40000
EXP-05,exp05_p06_m02_ro100_lh05,8fc4b95cdad401beb4c29bc6bcf0586679c61b145daa23fe7ca4a5598c6c36cd,6,2,0.10,0.5,1,"P=6,m=2,r_o=0.10,lambda_h=0.5",bottom_level_fcfs_v1,6,2.40,1.200,1.200,60.00,15.00,62.400,16.200,30.00,10.400,16.200,30.00,critical_path,t02->t03,OPTIMAL,33.60000,33.60000,33.600000,0.0,0.003556,3.60000,t02.human_1 -> [task] t02.agent_1 -> [task] t02.human_2 -> [precedence] t03.human_1 -> [task] t03.agent_1 -> [task] t03.human_2 -> [human] t04_join.acceptance,0.00000,33.60000,2.25000,2.25000,0,1,33.600,10.050,7.800,0,2,exp05_p06_m02_ro100_lh05,0.10,0.5,2.40000,-2.40000,4.80000
EXP-05,exp05_p06_m03_ro000_lh00,d4198e65671360785ff2d808f7f558027077280b5c3fa8eee994bdd843acc94c,6,3,0,0,2,"P=6,m=3,r_o=0,lambda_h=0;P=6,m=3,r_o=0,lambda_h=0.5",bottom_level_fcfs_v1,7,0,0,0,60.00,15.00,60.00,15.00,30.00,10.00,15.00,30.00,critical_path,t02->t03,OPTIMAL,30.00000,30.00000,30.000000,0.0,0.004827,0.00000,t02.human_1 -> [task] t02.agent_1 -> [task] t02.human_2 -> [precedence] t03.human_1 -> [task] t03.agent_1 -> [task] t03.human_2,0.00000,30.00000,0,0,0,0,30.00,11.25,5.75,0,3,exp05_p06_m03_ro000_lh00,0,shared,6.00000,0.00000,6.00000
EXP-05,exp05_p06_m03_ro050_lh00,0dc4cc6a198cd8b00f25c5cd60851b14c7ed583f3680b66ef1ea9bf007b85232,6,3,0.05,0,1,"P=6,m=3,r_o=0.05,lambda_h=0",bottom_level_fcfs_v1,7,2.40,0.00,2.40,60.00,15.00,62.40,15.00,30.00,10.40,15.00,30.00,critical_path,t02->t03,OPTIMAL,30.10000,30.10000,30.100000,0.0,0.005030,0.10000,t02.human_1 -> [task] t02.agent_1 -> [task] t02.human_2 -> [precedence] t03.human_1 -> [human] t04_part_03.specification -> [human] t04_part_02.specification -> [human] t04_part_01.specification -> [task] t04_part_01.implementation -> [precedence] t04_join.integration -> [task] t04_join.acceptance -> [human] t03.human_2,0.00000,30.10000,0.10000,0.10000,0,1,30.10,11.35,5.85,0,3,exp05_p06_m03_ro050_lh00,0.05,0,5.90000,-2.40000,8.30000
EXP-05,exp05_p06_m03_ro050_lh05,f86aef77204fce4478dbd64849e8aaae039f7d2e9909c372fb3074edf5419fae,6,3,0.05,0.5,1,"P=6,m=3,r_o=0.05,lambda_h=0.5",bottom_level_fcfs_v1,7,2.40,1.200,1.200,60.00,15.00,62.400,16.200,30.00,10.400,16.200,30.00,critical_path,t02->t03,OPTIMAL,30.50000,30.50000,30.500000,0.0,0.005476,0.50000,t02.human_1 -> [task] t02.agent_1 -> [task] t02.human_2 -> [precedence] t03.human_1 -> [human] t04_part_03.specification -> [human] t04_part_01.specification -> [human] t04_part_02.specification -> [task] t04_part_02.implementation -> [precedence] t04_join.integration -> [task] t04_join.acceptance -> [human] t03.human_2,0.00000,30.50000,0.50000,0.50000,0,1,30.500,12.350,6.650,0,3,exp05_p06_m03_ro050_lh05,0.05,0.5,5.50000,-2.40000,7.90000
EXP-05,exp05_p06_m03_ro100_lh00,e0017ce805cd2e87a4486c0545aaf5e57fcb2c8ac816dd62e3c728f1ade9d436,6,3,0.10,0,1,"P=6,m=3,r_o=0.10,lambda_h=0",bottom_level_fcfs_v1,7,4.80,0.00,4.80,60.00,15.00,64.80,15.00,30.00,10.80,15.00,30.00,critical_path,t02->t03,OPTIMAL,31.70000,31.70000,31.700000,0.0,0.004608,1.70000,t02.human_1 -> [task] t02.agent_1 -> [task] t02.human_2 -> [precedence] t04_part_02.specification -> [human] t03.human_1 -> [human] t04_part_03.specification -> [human] t04_part_01.specification -> [task] t04_part_01.implementation -> [precedence] t04_join.integration -> [task] t04_join.acceptance -> [human] t03.human_2,0.00000,31.70000,0.70000,0.70000,0,1,31.70,12.95,7.45,0,3,exp05_p06_m03_ro100_lh00,0.10,0,4.30000,-4.80000,9.10000
EXP-05,exp05_p06_m03_ro100_lh05,c407ba2269b17f6ca08ebc1006713203d91fbbc803c8b87df0dda0aea94b241e,6,3,0.10,0.5,1,"P=6,m=3,r_o=0.10,lambda_h=0.5",bottom_level_fcfs_v1,7,4.80,2.400,2.400,60.00,15.00,64.800,17.400,30.00,10.800,17.400,30.00,critical_path,t02->t03,OPTIMAL,32.50000,32.50000,32.500000,0.0,0.005111,2.50000,t02.human_1 -> [task] t02.agent_1 -> [task] t02.human_2 -> [precedence] t04_part_02.specification -> [human] t03.human_1 -> [human] t04_part_03.specification -> [human] t04_part_01.specification -> [task] t04_part_01.implementation -> [precedence] t04_join.integration -> [task] t04_join.acceptance -> [human] t03.human_2,0.00000,32.50000,1.10000,1.10000,0,1,32.500,14.950,9.050,0,3,exp05_p06_m03_ro100_lh05,0.10,0.5,3.50000,-4.80000,8.30000
EXP-05,exp05_p06_m04_ro000_lh00,e54eb1099bcf5de7b60f217207ff3f0fb3c8266bee66026f8772aa8c7146d62c,6,4,0,0,2,"P=6,m=4,r_o=0,lambda_h=0;P=6,m=4,r_o=0,lambda_h=0.5",bottom_level_fcfs_v1,8,0,0,0,60.00,15.00,60.00,15.00,30.00,10.00,15.00,30.00,critical_path,t02->t03,OPTIMAL,30.00000,30.00000,30.000000,0.0,0.005587,0.00000,t02.human_1 -> [task] t02.agent_1 -> [task] t02.human_2 -> [precedence] t03.human_1 -> [task] t03.agent_1 -> [task] t03.human_2,0.00000,30.00000,0,0,0,0,30.00,15.00,6.00,0,4,exp05_p06_m04_ro000_lh00,0,shared,6.00000,0.00000,6.00000
EXP-05,exp05_p06_m04_ro050_lh00,a05c43bb4392a572aa2af5727ff6e96794b3b6fcf1171f11ee40a924292f51a2,6,4,0.05,0,1,"P=6,m=4,r_o=0.05,lambda_h=0",bottom_level_fcfs_v1,8,3.60,0.00,3.60,60.00,15.00,63.60,15.00,30.00,10.60,15.00,30.00,critical_path,t02->t03,OPTIMAL,30.00000,30.00000,30.000000,0.0,0.005507,0.00000,t02.human_1 -> [task] t02.agent_1 -> [task] t02.human_2 -> [precedence] t03.human_1 -> [task] t03.agent_1 -> [task] t03.human_2,0.00000,30.00000,0,0,0,0,30.00,15.00,6.00,0,4,exp05_p06_m04_ro050_lh00,0.05,0,6.00000,-3.60000,9.60000
EXP-05,exp05_p06_m04_ro050_lh05,867ada28846baf58c58a8ac2ccbb419be0960ddfad65c57b4e52df57aebf3a50,6,4,0.05,0.5,1,"P=6,m=4,r_o=0.05,lambda_h=0.5",bottom_level_fcfs_v1,8,3.60,1.800,1.800,60.00,15.00,63.600,16.800,30.00,10.600,16.800,30.00,critical_path,t02->t03,OPTIMAL,30.00000,30.00000,30.000000,0.0,0.005520,0.00000,t02.human_1 -> [task] t02.agent_1 -> [task] t02.human_2 -> [precedence] t03.human_1 -> [task] t03.agent_1 -> [task] t03.human_2,0.00000,30.00000,0,0,0,0,30.00,16.350,6.675,0,4,exp05_p06_m04_ro050_lh05,0.05,0.5,6.00000,-3.60000,9.60000
EXP-05,exp05_p06_m04_ro100_lh00,5a26fa93d4366089bfbc7cb39c7e5f9dede922c55ca329c75989ff1f9552b668,6,4,0.10,0,1,"P=6,m=4,r_o=0.10,lambda_h=0",bottom_level_fcfs_v1,8,7.20,0.00,7.20,60.00,15.00,67.20,15.00,30.00,11.20,15.00,30.00,critical_path,t02->t03,OPTIMAL,31.50000,31.50000,31.500000,0.0,0.006668,1.50000,t02.human_1 -> [task] t02.agent_1 -> [task] t02.human_2 -> [precedence] t04_part_02.specification -> [human] t04_part_03.specification -> [human] t03.human_1 -> [task] t03.agent_1 -> [task] t03.human_2,0.00000,31.50000,0,0,0,0,31.50,16.50,7.50,0,4,exp05_p06_m04_ro100_lh00,0.10,0,4.50000,-7.20000,11.70000
EXP-05,exp05_p06_m04_ro100_lh05,fb758dc1e7c066b1864c3281a9b6cc88bf22e6dca61357e0c1c2539eda4ff7da,6,4,0.10,0.5,1,"P=6,m=4,r_o=0.10,lambda_h=0.5",bottom_level_fcfs_v1,8,7.20,3.600,3.600,60.00,15.00,67.200,18.600,30.00,11.200,18.600,30.00,critical_path,t02->t03,OPTIMAL,32.85000,32.85000,32.850000,0.0,0.006751,2.85000,t02.human_1 -> [task] t02.agent_1 -> [task] t02.human_2 -> [precedence] t04_part_02.specification -> [human] t04_part_03.specification -> [human] t03.human_1 -> [human] t04_part_04.specification -> [human] t04_part_01.specification -> [task] t04_part_01.implementation -> [precedence] t04_join.integration -> [task] t04_join.acceptance -> [human] t03.human_2,0.00000,32.85000,0.45000,0.45000,0,1,32.850,20.550,10.200,0,4,exp05_p06_m04_ro100_lh05,0.10,0.5,3.15000,-7.20000,10.35000
EXP-05,exp05_p06_m06_ro000_lh00,cf898615beeb5d734af7dccce169f3ba0d46ad9d2f6180031e3f93ea44e8874a,6,6,0,0,2,"P=6,m=6,r_o=0,lambda_h=0;P=6,m=6,r_o=0,lambda_h=0.5",bottom_level_fcfs_v1,10,0,0,0,60.00,15.00,60.00,15.00,30.00,10.00,15.00,30.00,critical_path,t02->t03,OPTIMAL,30.00000,30.00000,30.000000,0.0,0.009155,0.00000,t02.human_1 -> [task] t02.agent_1 -> [task] t02.human_2 -> [precedence] t03.human_1 -> [task] t03.agent_1 -> [task] t03.human_2,0.00000,30.00000,0,0,0,0,30.00,17.75,5.75,2.25,5,exp05_p06_m06_ro000_lh00,0,shared,6.00000,0.00000,6.00000
EXP-05,exp05_p06_m06_ro050_lh00,7c4f98bbf31c8827e1faf05a65594f7ea0373c333cc110dac723f1de1afe03c9,6,6,0.05,0,1,"P=6,m=6,r_o=0.05,lambda_h=0",bottom_level_fcfs_v1,10,6.00,0.00,6.00,60.00,15.00,66.00,15.00,30.00,11.00,15.00,30.00,critical_path,t02->t03,OPTIMAL,30.50000,30.50000,30.500000,0.0,0.018099,0.50000,t02.human_1 -> [task] t02.agent_1 -> [task] t02.human_2 -> [precedence] t04_part_04.specification -> [human] t03.human_1 -> [task] t03.agent_1 -> [task] t03.human_2,0.00000,30.50000,0,0,0,0,30.50,18.25,6.25,2.25,5,exp05_p06_m06_ro050_lh00,0.05,0,5.50000,-6.00000,11.50000
EXP-05,exp05_p06_m06_ro050_lh05,4a03566e8f1a5e9a946b2df5cad3cb94b1c560e24d90ffbc484f70760545193b,6,6,0.05,0.5,1,"P=6,m=6,r_o=0.05,lambda_h=0.5",bottom_level_fcfs_v1,10,6.00,3.000,3.000,60.00,15.00,66.000,18.000,30.00,11.000,18.000,30.00,critical_path,t02->t03,OPTIMAL,30.50000,30.50000,30.500000,0.0,0.019258,0.50000,t02.human_1 -> [task] t02.agent_1 -> [task] t02.human_2 -> [precedence] t03.human_1 -> [human] t04_part_01.specification -> [task] t04_part_01.implementation -> [agent] t04_part_02.specification -> [task] t04_part_02.implementation -> [precedence] t04_join.integration -> [task] t04_join.acceptance -> [human] t03.human_2,0.00000,30.50000,0.50000,0.50000,0,1,30.500,20.750,7.250,2.25,5,exp05_p06_m06_ro050_lh05,0.05,0.5,5.50000,-6.00000,11.50000
EXP-05,exp05_p06_m06_ro100_lh00,8e5f3351295287af3812547985d936c687e6c8c7d3faf9f550a07fce4a286605,6,6,0.10,0,1,"P=6,m=6,r_o=0.10,lambda_h=0",bottom_level_fcfs_v1,10,12.00,0.00,12.00,60.00,15.00,72.00,15.00,30.00,12.00,15.00,30.00,critical_path,t02->t03,OPTIMAL,32.50000,32.50000,32.500000,0.0,0.006999,2.50000,t02.human_1 -> [task] t02.agent_1 -> [task] t02.human_2 -> [precedence] t04_part_06.specification -> [human] t04_part_03.specification -> [human] t04_part_01.specification -> [human] t04_part_04.specification -> [human] t04_part_02.specification -> [human] t03.human_1 -> [task] t03.agent_1 -> [task] t03.human_2,0.50000,32.50000,0,0,0,0,33.00,18.50,6.50,2.25,5,exp05_p06_m06_ro100_lh00,0.10,0,3.50000,-12.00000,15.50000
EXP-05,exp05_p06_m06_ro100_lh05,e20df0fc03714f64768c0624af54305e2b0608e7891563d29bc0536a9cb8860c,6,6,0.10,0.5,1,"P=6,m=6,r_o=0.10,lambda_h=0.5",bottom_level_fcfs_v1,10,12.00,6.000,6.000,60.00,15.00,72.000,21.000,30.00,12.000,21.000,30.00,critical_path,t02->t03,OPTIMAL,35.00000,35.00000,35.000000,0.0,0.008131,5.00000,t02.human_1 -> [task] t02.agent_1 -> [task] t02.human_2 -> [precedence] t04_part_04.specification -> [human] t04_part_05.specification -> [human] t04_part_03.specification -> [human] t04_part_02.specification -> [human] t03.human_1 -> [human] t04_part_06.specification -> [human] t04_part_01.specification -> [task] t04_part_01.implementation -> [precedence] t04_join.integration -> [task] t04_join.acceptance -> [human] t03.human_2,0.00000,35.00000,1.00000,1.00000,0,1,35.000,28.250,13.250,2.25,5,exp05_p06_m06_ro100_lh05,0.10,0.5,1.00000,-12.00000,13.00000
EXP-05,exp05_p06_m08_ro000_lh00,28eaddbc8bee00c14401e72e40308eee6327a5d2393052e8746120ce10954432,6,8,0,0,2,"P=6,m=8,r_o=0,lambda_h=0;P=6,m=8,r_o=0,lambda_h=0.5",bottom_level_fcfs_v1,12,0,0,0,60.000,15.000,60.000,15.000,30.00,10.000,15.000,30.00,critical_path,t02->t03,OPTIMAL,30.00000,30.00000,30.000000,0.0,0.012489,0.00000,t02.human_1 -> [task] t02.agent_1 -> [task] t02.human_2 -> [precedence] t03.human_1 -> [task] t03.agent_1 -> [task] t03.human_2,0.00000,30.00000,0,0,0,0,30.00,16.500,5.250,2.25,5,exp05_p06_m08_ro000_lh00,0,shared,6.00000,0.00000,6.00000
EXP-05,exp05_p06_m08_ro050_lh00,da827c8e98e6534ef34d6029bfc95fb90275bcf64ecd2ac335c2b0bb7d06c1a7,6,8,0.05,0,1,"P=6,m=8,r_o=0.05,lambda_h=0",bottom_level_fcfs_v1,12,8.40,0.00,8.40,60.000,15.000,68.400,15.000,30.00,11.400,15.000,30.00,critical_path,t02->t03,OPTIMAL,30.75000,30.75000,30.750000,0.0,26.201653,0.75000,t02.human_1 -> [task] t02.agent_1 -> [task] t02.human_2 -> [precedence] t04_part_05.specification -> [human] t04_part_08.specification -> [human] t03.human_1 -> [task] t03.agent_1 -> [task] t03.human_2,0.00000,30.75000,0,0,0,0,30.750,17.250,6.000,2.25,5,exp05_p06_m08_ro050_lh00,0.05,0,5.25000,-8.40000,13.65000
EXP-05,exp05_p06_m08_ro050_lh05,31942d0dab45fbcd16933ae7d4f91eec681e9232f416c7c6651713044d41ecaa,6,8,0.05,0.5,1,"P=6,m=8,r_o=0.05,lambda_h=0.5",bottom_level_fcfs_v1,12,8.40,4.200,4.200,60.000,15.000,68.4000,19.2000,30.00,11.4000,19.2000,30.00,critical_path,t02->t03,OPTIMAL,31.31250,31.31250,31.312500,0.0,0.010334,1.31250,t02.human_1 -> [task] t02.agent_1 -> [task] t02.human_2 -> [precedence] t04_part_01.specification -> [human] t04_part_05.specification -> [human] t03.human_1 -> [human] t04_part_03.specification -> [human] t04_part_08.specification -> [human] t04_part_06.specification -> [human] t04_part_04.specification -> [human] t04_part_02.specification -> [human] t04_part_07.specification -> [task] t04_part_07.implementation -> [precedence] t04_join.integration -> [task] t04_join.acceptance -> [human] t03.human_2,0.00000,31.31250,0.03750,0.03750,0,1,31.3125,20.5500,7.7250,2.25,5,exp05_p06_m08_ro050_lh05,0.05,0.5,4.68750,-8.40000,13.08750
EXP-05,exp05_p06_m08_ro100_lh00,576cb05b35e6ce0d152baa6593c348608a64025e2788395557199147ddf6b43a,6,8,0.10,0,1,"P=6,m=8,r_o=0.10,lambda_h=0",bottom_level_fcfs_v1,12,16.80,0.00,16.80,60.000,15.000,76.800,15.000,30.00,12.800,15.000,30.00,critical_path,t02->t03,OPTIMAL,33.75000,33.75000,33.750000,0.0,29.811814,3.75000,t02.human_1 -> [task] t02.agent_1 -> [task] t02.human_2 -> [precedence] t04_part_03.specification -> [human] t04_part_04.specification -> [human] t03.human_1 -> [human] t04_part_05.specification -> [task] t04_part_05.implementation -> [agent] t04_part_02.specification -> [task] t04_part_02.implementation -> [precedence] t04_join.integration -> [task] t04_join.acceptance,0.00000,33.75000,0,0,0,0,33.750,16.500,5.250,2.25,5,exp05_p06_m08_ro100_lh00,0.10,0,2.25000,-16.80000,19.05000
EXP-05,exp05_p06_m08_ro100_lh05,cee859a70d0e1ad84f7cdfa48650fdd721e5c9dc54cba3af925d231f11626590,6,8,0.10,0.5,1,"P=6,m=8,r_o=0.10,lambda_h=0.5",bottom_level_fcfs_v1,12,16.80,8.400,8.400,60.000,15.000,76.800,23.400,30.00,12.800,23.400,30.00,critical_path,t02->t03,OPTIMAL,37.20000,37.20000,37.200000,0.0,0.009405,7.20000,t02.human_1 -> [task] t02.agent_1 -> [task] t02.human_2 -> [precedence] t04_part_07.specification -> [human] t04_part_05.specification -> [human] t04_part_01.specification -> [human] t04_part_04.specification -> [human] t04_part_03.specification -> [human] t04_part_08.specification -> [human] t04_part_06.specification -> [human] t04_part_02.specification -> [human] t03.human_1 -> [task] t03.agent_1 -> [task] t03.human_2,0.00000,37.20000,0,0,0,0,37.200,25.800,11.400,2.25,5,exp05_p06_m08_ro100_lh05,0.10,0.5,-1.20000,-16.80000,15.60000
EXP-05,exp05_p08_m01_ro000_lh00,648d20f72a8c97da91434352a06abb33ea5914d02d03ad68d24793be02940bbc,8,1,0,0,6,"P=8,m=1,r_o=0,lambda_h=0;P=8,m=1,r_o=0,lambda_h=0.5;P=8,m=1,r_o=0.05,lambda_h=0;P=8,m=1,r_o=0.05,lambda_h=0.5;P=8,m=1,r_o=0.10,lambda_h=0;P=8,m=1,r_o=0.10,lambda_h=0.5",bottom_level_fcfs_v1,5,0,0,0,60.00,15.00,60.00,15.00,36.00,7.50,15.00,36.00,critical_path,t02->t04_part_01->t04_join,OPTIMAL,36.00000,36.00000,36.000000,0.0,0.001950,0.00000,t02.human_1 -> [task] t02.agent_1 -> [task] t02.human_2 -> [precedence] t04_part_01.specification -> [task] t04_part_01.implementation -> [precedence] t04_join.acceptance,0.00000,36.00000,0,0,0,0,36.00,4.50,4.50,0,1,exp05_p08_m01_ro000_lh00,0,shared,0.00000,0.00000,0.00000
EXP-05,exp05_p08_m01_ro000_lh00,648d20f72a8c97da91434352a06abb33ea5914d02d03ad68d24793be02940bbc,8,1,0.05,0,6,"P=8,m=1,r_o=0,lambda_h=0;P=8,m=1,r_o=0,lambda_h=0.5;P=8,m=1,r_o=0.05,lambda_h=0;P=8,m=1,r_o=0.05,lambda_h=0.5;P=8,m=1,r_o=0.10,lambda_h=0;P=8,m=1,r_o=0.10,lambda_h=0.5",bottom_level_fcfs_v1,5,0,0,0,60.00,15.00,60.00,15.00,36.00,7.50,15.00,36.00,critical_path,t02->t04_part_01->t04_join,OPTIMAL,36.00000,36.00000,36.000000,0.0,0.001950,0.00000,t02.human_1 -> [task] t02.agent_1 -> [task] t02.human_2 -> [precedence] t04_part_01.specification -> [task] t04_part_01.implementation -> [precedence] t04_join.acceptance,0.00000,36.00000,0,0,0,0,36.00,4.50,4.50,0,1,exp05_p08_m01_ro000_lh00,0.05,0,0.00000,0.00000,0.00000
EXP-05,exp05_p08_m01_ro000_lh00,648d20f72a8c97da91434352a06abb33ea5914d02d03ad68d24793be02940bbc,8,1,0.05,0.5,6,"P=8,m=1,r_o=0,lambda_h=0;P=8,m=1,r_o=0,lambda_h=0.5;P=8,m=1,r_o=0.05,lambda_h=0;P=8,m=1,r_o=0.05,lambda_h=0.5;P=8,m=1,r_o=0.10,lambda_h=0;P=8,m=1,r_o=0.10,lambda_h=0.5",bottom_level_fcfs_v1,5,0,0,0,60.00,15.00,60.00,15.00,36.00,7.50,15.00,36.00,critical_path,t02->t04_part_01->t04_join,OPTIMAL,36.00000,36.00000,36.000000,0.0,0.001950,0.00000,t02.human_1 -> [task] t02.agent_1 -> [task] t02.human_2 -> [precedence] t04_part_01.specification -> [task] t04_part_01.implementation -> [precedence] t04_join.acceptance,0.00000,36.00000,0,0,0,0,36.00,4.50,4.50,0,1,exp05_p08_m01_ro000_lh00,0.05,0.5,0.00000,0.00000,0.00000
EXP-05,exp05_p08_m01_ro000_lh00,648d20f72a8c97da91434352a06abb33ea5914d02d03ad68d24793be02940bbc,8,1,0.10,0,6,"P=8,m=1,r_o=0,lambda_h=0;P=8,m=1,r_o=0,lambda_h=0.5;P=8,m=1,r_o=0.05,lambda_h=0;P=8,m=1,r_o=0.05,lambda_h=0.5;P=8,m=1,r_o=0.10,lambda_h=0;P=8,m=1,r_o=0.10,lambda_h=0.5",bottom_level_fcfs_v1,5,0,0,0,60.00,15.00,60.00,15.00,36.00,7.50,15.00,36.00,critical_path,t02->t04_part_01->t04_join,OPTIMAL,36.00000,36.00000,36.000000,0.0,0.001950,0.00000,t02.human_1 -> [task] t02.agent_1 -> [task] t02.human_2 -> [precedence] t04_part_01.specification -> [task] t04_part_01.implementation -> [precedence] t04_join.acceptance,0.00000,36.00000,0,0,0,0,36.00,4.50,4.50,0,1,exp05_p08_m01_ro000_lh00,0.10,0,0.00000,0.00000,0.00000
EXP-05,exp05_p08_m01_ro000_lh00,648d20f72a8c97da91434352a06abb33ea5914d02d03ad68d24793be02940bbc,8,1,0.10,0.5,6,"P=8,m=1,r_o=0,lambda_h=0;P=8,m=1,r_o=0,lambda_h=0.5;P=8,m=1,r_o=0.05,lambda_h=0;P=8,m=1,r_o=0.05,lambda_h=0.5;P=8,m=1,r_o=0.10,lambda_h=0;P=8,m=1,r_o=0.10,lambda_h=0.5",bottom_level_fcfs_v1,5,0,0,0,60.00,15.00,60.00,15.00,36.00,7.50,15.00,36.00,critical_path,t02->t04_part_01->t04_join,OPTIMAL,36.00000,36.00000,36.000000,0.0,0.001950,0.00000,t02.human_1 -> [task] t02.agent_1 -> [task] t02.human_2 -> [precedence] t04_part_01.specification -> [task] t04_part_01.implementation -> [precedence] t04_join.acceptance,0.00000,36.00000,0,0,0,0,36.00,4.50,4.50,0,1,exp05_p08_m01_ro000_lh00,0.10,0.5,0.00000,0.00000,0.00000
EXP-05,exp05_p08_m02_ro000_lh00,824808db3006baeebb304e612cc142b0ced8baa4336d7fdc3a49c360b8d0ceca,8,2,0,0,2,"P=8,m=2,r_o=0,lambda_h=0;P=8,m=2,r_o=0,lambda_h=0.5",bottom_level_fcfs_v1,6,0,0,0,60.00,15.00,60.00,15.00,30.00,7.50,15.00,30.00,critical_path,t02->t03,OPTIMAL,31.50000,31.50000,31.500000,0.0,0.003545,1.50000,t02.human_1 -> [task] t02.agent_1 -> [task] t02.human_2 -> [precedence] t03.human_1 -> [human] t04_part_02.specification -> [human] t04_part_01.specification -> [task] t04_part_01.implementation -> [precedence] t04_join.acceptance -> [human] t03.human_2,0.00000,31.50000,1.50000,1.50000,0,1,31.50,9.00,6.75,0,2,exp05_p08_m02_ro000_lh00,0,shared,4.50000,0.00000,4.50000
EXP-05,exp05_p08_m02_ro050_lh00,4bed7c72f0dad9fd39ed27a675876f402ec78d08620c20f87b23aae34df40731,8,2,0.05,0,1,"P=8,m=2,r_o=0.05,lambda_h=0",bottom_level_fcfs_v1,6,1.20,0.00,1.20,60.00,15.00,61.20,15.00,30.00,7.65,15.00,30.00,critical_path,t02->t03,OPTIMAL,32.40000,32.40000,32.400000,0.0,0.004063,2.40000,t02.human_1 -> [task] t02.agent_1 -> [task] t02.human_2 -> [precedence] t04_part_01.specification -> [human] t03.human_1 -> [human] t04_part_02.specification -> [task] t04_part_02.implementation -> [precedence] t04_join.integration -> [task] t04_join.acceptance -> [human] t03.human_2,0.00000,32.40000,0.90000,0.90000,0,1,32.40,9.90,7.65,0,2,exp05_p08_m02_ro050_lh00,0.05,0,3.60000,-1.20000,4.80000
EXP-05,exp05_p08_m02_ro050_lh05,acbc80ebab03544417b4dc8c413909bebf3435154a35db8fc118ab584a943bd3,8,2,0.05,0.5,1,"P=8,m=2,r_o=0.05,lambda_h=0.5",bottom_level_fcfs_v1,6,1.20,0.600,0.600,60.00,15.00,61.200,15.600,30.00,7.650,15.600,30.00,critical_path,t02->t03,OPTIMAL,32.55000,32.55000,32.550000,0.0,0.004468,2.55000,t02.human_1 -> [task] t02.agent_1 -> [task] t02.human_2 -> [precedence] t04_part_01.specification -> [human] t03.human_1 -> [human] t04_part_02.specification -> [task] t04_part_02.implementation -> [precedence] t04_join.integration -> [task] t04_join.acceptance -> [human] t03.human_2,0.00000,32.55000,0.90000,0.90000,0,1,32.550,10.200,7.950,0,2,exp05_p08_m02_ro050_lh05,0.05,0.5,3.45000,-1.20000,4.65000
EXP-05,exp05_p08_m02_ro100_lh00,7b92881bf73dc6ac78ef2d2e3fdd1a31ad836f2002b536bfff4ba3ffdc335544,8,2,0.10,0,1,"P=8,m=2,r_o=0.10,lambda_h=0",bottom_level_fcfs_v1,6,2.40,0.00,2.40,60.00,15.00,62.40,15.00,30.00,7.80,15.00,30.00,critical_path,t02->t03,OPTIMAL,33.00000,33.00000,33.000000,0.0,0.003673,3.00000,t02.human_1 -> [task] t02.agent_1 -> [task] t02.human_2 -> [precedence] t03.human_1 -> [task] t03.agent_1 -> [task] t03.human_2 -> [human] t04_join.acceptance,0.00000,33.00000,1.95000,1.95000,0,1,33.00,9.45,7.20,0,2,exp05_p08_m02_ro100_lh00,0.10,0,3.00000,-2.40000,5.40000
EXP-05,exp05_p08_m02_ro100_lh05,fc15abe5f791b52a9db841b4f3c5fc1e5791edcfcb9cec6754eee61b27a756bc,8,2,0.10,0.5,1,"P=8,m=2,r_o=0.10,lambda_h=0.5",bottom_level_fcfs_v1,6,2.40,1.200,1.200,60.00,15.00,62.400,16.200,30.00,7.800,16.200,30.00,critical_path,t02->t03,OPTIMAL,33.60000,33.60000,33.600000,0.0,0.003571,3.60000,t02.human_1 -> [task] t02.agent_1 -> [task] t02.human_2 -> [precedence] t03.human_1 -> [task] t03.agent_1 -> [task] t03.human_2 -> [human] t04_join.acceptance,0.00000,33.60000,2.25000,2.25000,0,1,33.600,10.050,7.800,0,2,exp05_p08_m02_ro100_lh05,0.10,0.5,2.40000,-2.40000,4.80000
EXP-05,exp05_p08_m03_ro000_lh00,a2e2db5df9f22ab1fe37c12db1cb2202b76c1dda64c103a5a48efdc4ed9e2f13,8,3,0,0,2,"P=8,m=3,r_o=0,lambda_h=0;P=8,m=3,r_o=0,lambda_h=0.5",bottom_level_fcfs_v1,7,0,0,0,60.00,15.00,60.00,15.00,30.00,7.50,15.00,30.00,critical_path,t02->t03,OPTIMAL,30.00000,30.00000,30.000000,0.0,0.012197,0.00000,t02.human_1 -> [task] t02.agent_1 -> [task] t02.human_2 -> [precedence] t03.human_1 -> [task] t03.agent_1 -> [task] t03.human_2,0.00000,30.00000,0,0,0,0,30.00,11.25,5.75,0,3,exp05_p08_m03_ro000_lh00,0,shared,6.00000,0.00000,6.00000
EXP-05,exp05_p08_m03_ro050_lh00,cd261ef351db7f31347ec1aac95b046d37665021719202171307fa91855ac68b,8,3,0.05,0,1,"P=8,m=3,r_o=0.05,lambda_h=0",bottom_level_fcfs_v1,7,2.40,0.00,2.40,60.00,15.00,62.40,15.00,30.00,7.80,15.00,30.00,critical_path,t02->t03,OPTIMAL,30.10000,30.10000,30.100000,0.0,0.006026,0.10000,t02.human_1 -> [task] t02.agent_1 -> [task] t02.human_2 -> [precedence] t03.human_1 -> [human] t04_part_02.specification -> [human] t04_part_03.specification -> [human] t04_part_01.specification -> [task] t04_part_01.implementation -> [precedence] t04_join.integration -> [task] t04_join.acceptance -> [human] t03.human_2,0.00000,30.10000,0.10000,0.10000,0,1,30.10,11.35,5.85,0,3,exp05_p08_m03_ro050_lh00,0.05,0,5.90000,-2.40000,8.30000
EXP-05,exp05_p08_m03_ro050_lh05,847f47f25f984c92db52d91b0d400031bcae5294349aa730ce1badfc6295ad47,8,3,0.05,0.5,1,"P=8,m=3,r_o=0.05,lambda_h=0.5",bottom_level_fcfs_v1,7,2.40,1.200,1.200,60.00,15.00,62.400,16.200,30.00,7.800,16.200,30.00,critical_path,t02->t03,OPTIMAL,30.50000,30.50000,30.500000,0.0,0.009601,0.50000,t02.human_1 -> [task] t02.agent_1 -> [task] t02.human_2 -> [precedence] t03.human_1 -> [human] t04_part_02.specification -> [human] t04_part_01.specification -> [human] t04_part_03.specification -> [task] t04_part_03.implementation -> [precedence] t04_join.integration -> [task] t04_join.acceptance -> [human] t03.human_2,0.00000,30.50000,0.50000,0.50000,0,1,30.500,12.350,6.650,0,3,exp05_p08_m03_ro050_lh05,0.05,0.5,5.50000,-2.40000,7.90000
EXP-05,exp05_p08_m03_ro100_lh00,8832f3c52a507060d0c34592537488b1ba7c86687b866fa90bb30bcc9eb386e0,8,3,0.10,0,1,"P=8,m=3,r_o=0.10,lambda_h=0",bottom_level_fcfs_v1,7,4.80,0.00,4.80,60.00,15.00,64.80,15.00,30.00,8.10,15.00,30.00,critical_path,t02->t03,OPTIMAL,31.70000,31.70000,31.700000,0.0,0.006164,1.70000,t02.human_1 -> [task] t02.agent_1 -> [task] t02.human_2 -> [precedence] t04_part_01.specification -> [human] t03.human_1 -> [human] t04_part_02.specification -> [human] t04_part_03.specification -> [task] t04_part_03.implementation -> [precedence] t04_join.integration -> [task] t04_join.acceptance -> [human] t03.human_2,0.00000,31.70000,0.70000,0.70000,0,1,31.70,12.95,7.45,0,3,exp05_p08_m03_ro100_lh00,0.10,0,4.30000,-4.80000,9.10000
EXP-05,exp05_p08_m03_ro100_lh05,98209002875c7d42c93f7ee108a624ba9c86718255543f80336ec1b3b71dbdcf,8,3,0.10,0.5,1,"P=8,m=3,r_o=0.10,lambda_h=0.5",bottom_level_fcfs_v1,7,4.80,2.400,2.400,60.00,15.00,64.800,17.400,30.00,8.100,17.400,30.00,critical_path,t02->t03,OPTIMAL,32.50000,32.50000,32.500000,0.0,0.005888,2.50000,t02.human_1 -> [task] t02.agent_1 -> [task] t02.human_2 -> [precedence] t03.human_1 -> [human] t04_part_02.specification -> [human] t04_part_01.specification -> [human] t04_part_03.specification -> [task] t04_part_03.implementation -> [precedence] t04_join.integration -> [task] t04_join.acceptance -> [human] t03.human_2,0.00000,32.50000,2.50000,2.50000,0,1,32.500,14.950,9.050,0,3,exp05_p08_m03_ro100_lh05,0.10,0.5,3.50000,-4.80000,8.30000
EXP-05,exp05_p08_m04_ro000_lh00,25fd913b4eca2cfd48fbd8bda46317b7afef195a2fe439853c1c04b9b992cd51,8,4,0,0,2,"P=8,m=4,r_o=0,lambda_h=0;P=8,m=4,r_o=0,lambda_h=0.5",bottom_level_fcfs_v1,8,0,0,0,60.00,15.00,60.00,15.00,30.00,7.50,15.00,30.00,critical_path,t02->t03,OPTIMAL,30.00000,30.00000,30.000000,0.0,0.007471,0.00000,t02.human_1 -> [task] t02.agent_1 -> [task] t02.human_2 -> [precedence] t03.human_1 -> [task] t03.agent_1 -> [task] t03.human_2,0.00000,30.00000,0,0,0,0,30.00,15.00,6.00,0,4,exp05_p08_m04_ro000_lh00,0,shared,6.00000,0.00000,6.00000
EXP-05,exp05_p08_m04_ro050_lh00,56a8acb6f59c03b12fa63675c4b0cd0f8f5ae08d1e97dfdbc8b0050dcad64cc7,8,4,0.05,0,1,"P=8,m=4,r_o=0.05,lambda_h=0",bottom_level_fcfs_v1,8,3.60,0.00,3.60,60.00,15.00,63.60,15.00,30.00,7.95,15.00,30.00,critical_path,t02->t03,OPTIMAL,30.00000,30.00000,30.000000,0.0,0.006424,0.00000,t02.human_1 -> [task] t02.agent_1 -> [task] t02.human_2 -> [precedence] t03.human_1 -> [task] t03.agent_1 -> [task] t03.human_2,0.00000,30.00000,0,0,0,0,30.00,15.00,6.00,0,4,exp05_p08_m04_ro050_lh00,0.05,0,6.00000,-3.60000,9.60000
EXP-05,exp05_p08_m04_ro050_lh05,4c961da17523f6aefb7ad77b4dcc2304b94ae676bbbb0c481cb4ee2fc18075e5,8,4,0.05,0.5,1,"P=8,m=4,r_o=0.05,lambda_h=0.5",bottom_level_fcfs_v1,8,3.60,1.800,1.800,60.00,15.00,63.600,16.800,30.00,7.950,16.800,30.00,critical_path,t02->t03,OPTIMAL,30.00000,30.00000,30.000000,0.0,0.006705,0.00000,t02.human_1 -> [task] t02.agent_1 -> [task] t02.human_2 -> [precedence] t03.human_1 -> [task] t03.agent_1 -> [task] t03.human_2,0.00000,30.00000,0,0,0,0,30.00,16.350,6.675,0,4,exp05_p08_m04_ro050_lh05,0.05,0.5,6.00000,-3.60000,9.60000
EXP-05,exp05_p08_m04_ro100_lh00,4741a48d0e28264a60a86a8f01fb74e54d9df4b269ddd1a7ef8ebaddbe10830d,8,4,0.10,0,1,"P=8,m=4,r_o=0.10,lambda_h=0",bottom_level_fcfs_v1,8,7.20,0.00,7.20,60.00,15.00,67.20,15.00,30.00,8.40,15.00,30.00,critical_path,t02->t03,OPTIMAL,31.50000,31.50000,31.500000,0.0,0.007487,1.50000,t02.human_1 -> [task] t02.agent_1 -> [task] t02.human_2 -> [precedence] t04_part_03.specification -> [human] t04_part_02.specification -> [human] t03.human_1 -> [task] t03.agent_1 -> [task] t03.human_2,0.00000,31.50000,0,0,0,0,31.50,16.50,7.50,0,4,exp05_p08_m04_ro100_lh00,0.10,0,4.50000,-7.20000,11.70000
EXP-05,exp05_p08_m04_ro100_lh05,2ced6193654edd84c5390cd162fbec8467a81a994992fb1ae0cbe29a591b87e6,8,4,0.10,0.5,1,"P=8,m=4,r_o=0.10,lambda_h=0.5",bottom_level_fcfs_v1,8,7.20,3.600,3.600,60.00,15.00,67.200,18.600,30.00,8.400,18.600,30.00,critical_path,t02->t03,OPTIMAL,32.85000,32.85000,32.850000,0.0,0.007078,2.85000,t02.human_1 -> [task] t02.agent_1 -> [task] t02.human_2 -> [precedence] t04_part_01.specification -> [human] t03.human_1 -> [human] t04_part_03.specification -> [human] t04_part_02.specification -> [human] t04_part_04.specification -> [task] t04_part_04.implementation -> [precedence] t04_join.integration -> [task] t04_join.acceptance -> [human] t03.human_2,0.00000,32.85000,1.65000,1.65000,0,1,32.850,20.550,10.200,0,4,exp05_p08_m04_ro100_lh05,0.10,0.5,3.15000,-7.20000,10.35000
EXP-05,exp05_p08_m06_ro000_lh00,719c182d1aa1579fdb9142c8ae4e39600c6db3d805c2b8dff7d64f620fd339a0,8,6,0,0,2,"P=8,m=6,r_o=0,lambda_h=0;P=8,m=6,r_o=0,lambda_h=0.5",bottom_level_fcfs_v1,10,0,0,0,60.00,15.00,60.00,15.00,30.00,7.50,15.00,30.00,critical_path,t02->t03,OPTIMAL,30.00000,30.00000,30.000000,0.0,0.008696,0.00000,t02.human_1 -> [task] t02.agent_1 -> [task] t02.human_2 -> [precedence] t03.human_1 -> [task] t03.agent_1 -> [task] t03.human_2,0.00000,30.00000,0,0,0,0,30.00,22.50,6.25,0,6,exp05_p08_m06_ro000_lh00,0,shared,6.00000,0.00000,6.00000
EXP-05,exp05_p08_m06_ro050_lh00,915850a9e3ed0e6606654fe29c22db79f7b2005869a57288c070b0479b03122b,8,6,0.05,0,1,"P=8,m=6,r_o=0.05,lambda_h=0",bottom_level_fcfs_v1,10,6.00,0.00,6.00,60.00,15.00,66.00,15.00,30.00,8.25,15.00,30.00,critical_path,t02->t03,OPTIMAL,30.00000,30.00000,30.000000,0.0,0.009161,0.00000,t02.human_1 -> [task] t02.agent_1 -> [task] t02.human_2 -> [precedence] t03.human_1 -> [task] t03.agent_1 -> [task] t03.human_2,0.00000,30.00000,0,0,0,0,30.00,22.50,6.25,0,6,exp05_p08_m06_ro050_lh00,0.05,0,6.00000,-6.00000,12.00000
EXP-05,exp05_p08_m06_ro050_lh05,977ab1f72d137cf33e26542f83c4103d67fab116d9e4f1e19fc890ce97c11436,8,6,0.05,0.5,1,"P=8,m=6,r_o=0.05,lambda_h=0.5",bottom_level_fcfs_v1,10,6.00,3.000,3.000,60.00,15.00,66.000,18.000,30.00,8.250,18.000,30.00,critical_path,t02->t03,OPTIMAL,30.25000,30.25000,30.250000,0.0,0.010925,0.25000,t02.human_1 -> [task] t02.agent_1 -> [task] t02.human_2 -> [precedence] t03.human_1 -> [human] t04_part_02.specification -> [human] t04_part_01.specification -> [human] t04_part_05.specification -> [human] t04_part_06.specification -> [human] t04_part_04.specification -> [human] t04_part_03.specification -> [task] t04_part_03.implementation -> [precedence] t04_join.integration -> [task] t04_join.acceptance -> [human] t03.human_2,0.00000,30.25000,0.25000,0.25000,0,1,30.250,26.500,7.750,0,6,exp05_p08_m06_ro050_lh05,0.05,0.5,5.75000,-6.00000,11.75000
EXP-05,exp05_p08_m06_ro100_lh00,4337dbb760c1906e7ee4daa87082f4fb144f9505417865ef699b0299241067fe,8,6,0.10,0,1,"P=8,m=6,r_o=0.10,lambda_h=0",bottom_level_fcfs_v1,10,12.00,0.00,12.00,60.00,15.00,72.00,15.00,30.00,9.00,15.00,30.00,critical_path,t02->t03,OPTIMAL,32.50000,32.50000,32.500000,0.0,0.009224,2.50000,t02.human_1 -> [task] t02.agent_1 -> [task] t02.human_2 -> [precedence] t04_part_05.specification -> [human] t04_part_04.specification -> [human] t04_part_03.specification -> [human] t04_part_06.specification -> [human] t04_part_02.specification -> [human] t03.human_1 -> [task] t03.agent_1 -> [task] t03.human_2,0.00000,32.50000,0,0,0,0,32.50,25.00,8.75,0,6,exp05_p08_m06_ro100_lh00,0.10,0,3.50000,-12.00000,15.50000
EXP-05,exp05_p08_m06_ro100_lh05,cd69a34cdb61157a78037eb0837f31368e47f493b694240b969661d46f5f30b9,8,6,0.10,0.5,1,"P=8,m=6,r_o=0.10,lambda_h=0.5",bottom_level_fcfs_v1,10,12.00,6.000,6.000,60.00,15.00,72.000,21.000,30.00,9.000,21.000,30.00,critical_path,t02->t03,OPTIMAL,35.00000,35.00000,35.000000,0.0,0.010259,5.00000,t02.human_1 -> [task] t02.agent_1 -> [task] t02.human_2 -> [precedence] t04_part_02.specification -> [human] t04_part_04.specification -> [human] t03.human_1 -> [human] t04_part_01.specification -> [human] t04_part_05.specification -> [human] t04_part_03.specification -> [human] t04_part_06.specification -> [task] t04_part_06.implementation -> [precedence] t04_join.integration -> [task] t04_join.acceptance -> [human] t03.human_2,0.00000,35.00000,3.00000,3.00000,0,1,35.000,35.000,13.750,0,6,exp05_p08_m06_ro100_lh05,0.10,0.5,1.00000,-12.00000,13.00000
EXP-05,exp05_p08_m08_ro000_lh00,a52f4d6f4e3bbfc8a02837d255bf290103cb85c6641f9167f92dba9a9a34634e,8,8,0,0,2,"P=8,m=8,r_o=0,lambda_h=0;P=8,m=8,r_o=0,lambda_h=0.5",bottom_level_fcfs_v1,12,0,0,0,60.000,15.000,60.000,15.000,30.00,7.500,15.000,30.00,critical_path,t02->t03,OPTIMAL,30.00000,30.00000,30.000000,0.0,0.012866,0.00000,t02.human_1 -> [task] t02.agent_1 -> [task] t02.human_2 -> [precedence] t03.human_1 -> [task] t03.agent_1 -> [task] t03.human_2,0.00000,30.00000,0,0,0,0,30.00,25.125,6.000,2.25,7,exp05_p08_m08_ro000_lh00,0,shared,6.00000,0.00000,6.00000
EXP-05,exp05_p08_m08_ro050_lh00,6a37a17c9662d198502c545c3d63f5a9a605a0e6d84a7113b92001bb453ee115,8,8,0.05,0,1,"P=8,m=8,r_o=0.05,lambda_h=0",bottom_level_fcfs_v1,12,8.40,0.00,8.40,60.000,15.000,68.400,15.000,30.00,8.550,15.000,30.00,critical_path,t02->t03,OPTIMAL,30.00000,30.00000,30.000000,0.0,0.013751,0.00000,t02.human_1 -> [task] t02.agent_1 -> [task] t02.human_2 -> [precedence] t03.human_1 -> [task] t03.agent_1 -> [task] t03.human_2,0.00000,30.00000,0,0,0,0,30.00,25.125,6.000,2.25,7,exp05_p08_m08_ro050_lh00,0.05,0,6.00000,-8.40000,14.40000
EXP-05,exp05_p08_m08_ro050_lh05,db9779090307abf55e684a8178c348b38195dd3cadf4c442736ee8856dce16a3,8,8,0.05,0.5,1,"P=8,m=8,r_o=0.05,lambda_h=0.5",bottom_level_fcfs_v1,12,8.40,4.200,4.200,60.000,15.000,68.4000,19.2000,30.00,8.5500,19.2000,30.00,critical_path,t02->t03,OPTIMAL,31.31250,31.31250,31.312500,0.0,0.012019,1.31250,t02.human_1 -> [task] t02.agent_1 -> [task] t02.human_2 -> [precedence] t04_part_07.specification -> [human] t04_part_08.specification -> [human] t03.human_1 -> [human] t04_part_06.specification -> [human] t04_part_05.specification -> [human] t04_part_03.specification -> [human] t04_part_02.specification -> [human] t04_part_01.specification -> [human] t04_part_04.specification -> [task] t04_part_04.implementation -> [precedence] t04_join.integration -> [task] t04_join.acceptance -> [human] t03.human_2,0.00000,31.31250,0.03750,0.03750,0,1,31.3125,33.2625,9.5250,2.25,7,exp05_p08_m08_ro050_lh05,0.05,0.5,4.68750,-8.40000,13.08750
EXP-05,exp05_p08_m08_ro100_lh00,ab7d1c365a5a72a102fadb37687e3d0f044d780bd9761aa643331be5cada765c,8,8,0.10,0,1,"P=8,m=8,r_o=0.10,lambda_h=0",bottom_level_fcfs_v1,12,16.80,0.00,16.80,60.000,15.000,76.800,15.000,30.00,9.600,15.000,30.00,critical_path,t02->t03,OPTIMAL,33.00000,33.00000,33.000000,0.0,1.154827,3.00000,t02.human_1 -> [task] t02.agent_1 -> [task] t02.human_2 -> [precedence] t03.human_1 -> [human] t04_part_03.specification -> [task] t04_part_03.implementation -> [agent] t04_part_06.specification -> [task] t04_part_06.implementation -> [precedence] t04_join.integration -> [task] t04_join.acceptance,0.00000,33.00000,0,0,0,0,33.000,25.125,6.000,2.25,7,exp05_p08_m08_ro100_lh00,0.10,0,3.00000,-16.80000,19.80000
EXP-05,exp05_p08_m08_ro100_lh05,0e7653e5a4f3369963155599b8f6fd66f774098095a4770cbbbb268ea5ea9816,8,8,0.10,0.5,1,"P=8,m=8,r_o=0.10,lambda_h=0.5",bottom_level_fcfs_v1,12,16.80,8.400,8.400,60.000,15.000,76.800,23.400,30.00,9.600,23.400,30.00,critical_path,t02->t03,OPTIMAL,37.20000,37.20000,37.200000,0.0,0.010629,7.20000,t02.human_1 -> [task] t02.agent_1 -> [task] t02.human_2 -> [precedence] t04_part_08.specification -> [human] t04_part_04.specification -> [human] t04_part_02.specification -> [human] t04_part_03.specification -> [human] t04_part_05.specification -> [human] t04_part_01.specification -> [human] t04_part_06.specification -> [human] t04_part_07.specification -> [human] t03.human_1 -> [task] t03.agent_1 -> [task] t03.human_2,0.00000,37.20000,0,0,0,0,37.200,40.350,11.625,2.25,7,exp05_p08_m08_ro100_lh05,0.10,0.5,-1.20000,-16.80000,15.60000
