experiment_id,dag_id,cell_id,task_count,topology_family,weight_type,target_rho_l_bin,human_concentration_bin,observation_seed,attempt,raw_seed,accepted,reason,rho_l,rho_h_cp
EXP-07,exp07_n8_wide_layered_homogeneous_rhlow_s00,n8_wide_layered_homogeneous_rhlow,8,wide_layered,homogeneous,low,low,0,0,707000,true,accepted_all_graph_and_bin_checks,0.25,0.1818181818181818181818181818
EXP-07,exp07_n8_wide_layered_homogeneous_rhlow_s01,n8_wide_layered_homogeneous_rhlow,8,wide_layered,homogeneous,low,low,1,0,708000,true,accepted_all_graph_and_bin_checks,0.25,0.1818181818181818181818181818
EXP-07,exp07_n8_wide_layered_homogeneous_rhlow_s02,n8_wide_layered_homogeneous_rhlow,8,wide_layered,homogeneous,low,low,2,0,709000,true,accepted_all_graph_and_bin_checks,0.25,0.1818181818181818181818181818
EXP-07,exp07_n8_wide_layered_homogeneous_rhlow_s03,n8_wide_layered_homogeneous_rhlow,8,wide_layered,homogeneous,low,low,3,0,710000,true,accepted_all_graph_and_bin_checks,0.25,0.1818181818181818181818181818
EXP-07,exp07_n8_wide_layered_homogeneous_rhlow_s04,n8_wide_layered_homogeneous_rhlow,8,wide_layered,homogeneous,low,low,4,0,711000,true,accepted_all_graph_and_bin_checks,0.25,0.1818181818181818181818181818
EXP-07,exp07_n8_wide_layered_homogeneous_rhlow_s05,n8_wide_layered_homogeneous_rhlow,8,wide_layered,homogeneous,low,low,5,0,712000,true,accepted_all_graph_and_bin_checks,0.25,0.1818181818181818181818181818
EXP-07,exp07_n8_wide_layered_homogeneous_rhlow_s06,n8_wide_layered_homogeneous_rhlow,8,wide_layered,homogeneous,low,low,6,0,713000,true,accepted_all_graph_and_bin_checks,0.25,0.1818181818181818181818181818
EXP-07,exp07_n8_wide_layered_homogeneous_rhlow_s07,n8_wide_layered_homogeneous_rhlow,8,wide_layered,homogeneous,low,low,7,0,714000,true,accepted_all_graph_and_bin_checks,0.25,0.1818181818181818181818181818
EXP-07,exp07_n8_wide_layered_homogeneous_rhlow_s08,n8_wide_layered_homogeneous_rhlow,8,wide_layered,homogeneous,low,low,8,0,715000,true,accepted_all_graph_and_bin_checks,0.25,0.1818181818181818181818181818
EXP-07,exp07_n8_wide_layered_homogeneous_rhlow_s09,n8_wide_layered_homogeneous_rhlow,8,wide_layered,homogeneous,low,low,9,0,716000,true,accepted_all_graph_and_bin_checks,0.25,0.1818181818181818181818181818
EXP-07,exp07_n8_wide_layered_homogeneous_rhlow_s10,n8_wide_layered_homogeneous_rhlow,8,wide_layered,homogeneous,low,low,10,0,717000,true,accepted_all_graph_and_bin_checks,0.25,0.1818181818181818181818181818
EXP-07,exp07_n8_wide_layered_homogeneous_rhlow_s11,n8_wide_layered_homogeneous_rhlow,8,wide_layered,homogeneous,low,low,11,0,718000,true,accepted_all_graph_and_bin_checks,0.25,0.1818181818181818181818181818
EXP-07,exp07_n8_wide_layered_homogeneous_rhlow_s12,n8_wide_layered_homogeneous_rhlow,8,wide_layered,homogeneous,low,low,12,0,719000,true,accepted_all_graph_and_bin_checks,0.25,0.1818181818181818181818181818
EXP-07,exp07_n8_wide_layered_homogeneous_rhlow_s13,n8_wide_layered_homogeneous_rhlow,8,wide_layered,homogeneous,low,low,13,0,720000,true,accepted_all_graph_and_bin_checks,0.25,0.1818181818181818181818181818
EXP-07,exp07_n8_wide_layered_homogeneous_rhlow_s14,n8_wide_layered_homogeneous_rhlow,8,wide_layered,homogeneous,low,low,14,0,721000,true,accepted_all_graph_and_bin_checks,0.25,0.1818181818181818181818181818
EXP-07,exp07_n8_wide_layered_homogeneous_rhlow_s15,n8_wide_layered_homogeneous_rhlow,8,wide_layered,homogeneous,low,low,15,0,722000,true,accepted_all_graph_and_bin_checks,0.25,0.1818181818181818181818181818
EXP-07,exp07_n8_wide_layered_homogeneous_rhlow_s16,n8_wide_layered_homogeneous_rhlow,8,wide_layered,homogeneous,low,low,16,0,723000,true,accepted_all_graph_and_bin_checks,0.25,0.1818181818181818181818181818
EXP-07,exp07_n8_wide_layered_homogeneous_rhlow_s17,n8_wide_layered_homogeneous_rhlow,8,wide_layered,homogeneous,low,low,17,0,724000,true,accepted_all_graph_and_bin_checks,0.25,0.1818181818181818181818181818
EXP-07,exp07_n8_wide_layered_homogeneous_rhlow_s18,n8_wide_layered_homogeneous_rhlow,8,wide_layered,homogeneous,low,low,18,0,725000,true,accepted_all_graph_and_bin_checks,0.25,0.1818181818181818181818181818
EXP-07,exp07_n8_wide_layered_homogeneous_rhlow_s19,n8_wide_layered_homogeneous_rhlow,8,wide_layered,homogeneous,low,low,19,0,726000,true,accepted_all_graph_and_bin_checks,0.25,0.1818181818181818181818181818
EXP-07,exp07_n8_wide_layered_homogeneous_rhmedium_s00,n8_wide_layered_homogeneous_rhmedium,8,wide_layered,homogeneous,low,medium,0,0,707000,true,accepted_all_graph_and_bin_checks,0.25,0.4545454545454545454545454545
EXP-07,exp07_n8_wide_layered_homogeneous_rhmedium_s01,n8_wide_layered_homogeneous_rhmedium,8,wide_layered,homogeneous,low,medium,1,0,708000,true,accepted_all_graph_and_bin_checks,0.25,0.4545454545454545454545454545
EXP-07,exp07_n8_wide_layered_homogeneous_rhmedium_s02,n8_wide_layered_homogeneous_rhmedium,8,wide_layered,homogeneous,low,medium,2,0,709000,true,accepted_all_graph_and_bin_checks,0.25,0.4545454545454545454545454545
EXP-07,exp07_n8_wide_layered_homogeneous_rhmedium_s03,n8_wide_layered_homogeneous_rhmedium,8,wide_layered,homogeneous,low,medium,3,0,710000,true,accepted_all_graph_and_bin_checks,0.25,0.4545454545454545454545454545
EXP-07,exp07_n8_wide_layered_homogeneous_rhmedium_s04,n8_wide_layered_homogeneous_rhmedium,8,wide_layered,homogeneous,low,medium,4,0,711000,true,accepted_all_graph_and_bin_checks,0.25,0.4545454545454545454545454545
EXP-07,exp07_n8_wide_layered_homogeneous_rhmedium_s05,n8_wide_layered_homogeneous_rhmedium,8,wide_layered,homogeneous,low,medium,5,0,712000,true,accepted_all_graph_and_bin_checks,0.25,0.4545454545454545454545454545
EXP-07,exp07_n8_wide_layered_homogeneous_rhmedium_s06,n8_wide_layered_homogeneous_rhmedium,8,wide_layered,homogeneous,low,medium,6,0,713000,true,accepted_all_graph_and_bin_checks,0.25,0.4545454545454545454545454545
EXP-07,exp07_n8_wide_layered_homogeneous_rhmedium_s07,n8_wide_layered_homogeneous_rhmedium,8,wide_layered,homogeneous,low,medium,7,0,714000,true,accepted_all_graph_and_bin_checks,0.25,0.4545454545454545454545454545
EXP-07,exp07_n8_wide_layered_homogeneous_rhmedium_s08,n8_wide_layered_homogeneous_rhmedium,8,wide_layered,homogeneous,low,medium,8,0,715000,true,accepted_all_graph_and_bin_checks,0.25,0.4545454545454545454545454545
EXP-07,exp07_n8_wide_layered_homogeneous_rhmedium_s09,n8_wide_layered_homogeneous_rhmedium,8,wide_layered,homogeneous,low,medium,9,0,716000,true,accepted_all_graph_and_bin_checks,0.25,0.4545454545454545454545454545
EXP-07,exp07_n8_wide_layered_homogeneous_rhmedium_s10,n8_wide_layered_homogeneous_rhmedium,8,wide_layered,homogeneous,low,medium,10,0,717000,true,accepted_all_graph_and_bin_checks,0.25,0.4545454545454545454545454545
EXP-07,exp07_n8_wide_layered_homogeneous_rhmedium_s11,n8_wide_layered_homogeneous_rhmedium,8,wide_layered,homogeneous,low,medium,11,0,718000,true,accepted_all_graph_and_bin_checks,0.25,0.4545454545454545454545454545
EXP-07,exp07_n8_wide_layered_homogeneous_rhmedium_s12,n8_wide_layered_homogeneous_rhmedium,8,wide_layered,homogeneous,low,medium,12,0,719000,true,accepted_all_graph_and_bin_checks,0.25,0.4545454545454545454545454545
EXP-07,exp07_n8_wide_layered_homogeneous_rhmedium_s13,n8_wide_layered_homogeneous_rhmedium,8,wide_layered,homogeneous,low,medium,13,0,720000,true,accepted_all_graph_and_bin_checks,0.25,0.4545454545454545454545454545
EXP-07,exp07_n8_wide_layered_homogeneous_rhmedium_s14,n8_wide_layered_homogeneous_rhmedium,8,wide_layered,homogeneous,low,medium,14,0,721000,true,accepted_all_graph_and_bin_checks,0.25,0.4545454545454545454545454545
EXP-07,exp07_n8_wide_layered_homogeneous_rhmedium_s15,n8_wide_layered_homogeneous_rhmedium,8,wide_layered,homogeneous,low,medium,15,0,722000,true,accepted_all_graph_and_bin_checks,0.25,0.4545454545454545454545454545
EXP-07,exp07_n8_wide_layered_homogeneous_rhmedium_s16,n8_wide_layered_homogeneous_rhmedium,8,wide_layered,homogeneous,low,medium,16,0,723000,true,accepted_all_graph_and_bin_checks,0.25,0.4545454545454545454545454545
EXP-07,exp07_n8_wide_layered_homogeneous_rhmedium_s17,n8_wide_layered_homogeneous_rhmedium,8,wide_layered,homogeneous,low,medium,17,0,724000,true,accepted_all_graph_and_bin_checks,0.25,0.4545454545454545454545454545
EXP-07,exp07_n8_wide_layered_homogeneous_rhmedium_s18,n8_wide_layered_homogeneous_rhmedium,8,wide_layered,homogeneous,low,medium,18,0,725000,true,accepted_all_graph_and_bin_checks,0.25,0.4545454545454545454545454545
EXP-07,exp07_n8_wide_layered_homogeneous_rhmedium_s19,n8_wide_layered_homogeneous_rhmedium,8,wide_layered,homogeneous,low,medium,19,0,726000,true,accepted_all_graph_and_bin_checks,0.25,0.4545454545454545454545454545
EXP-07,exp07_n8_wide_layered_homogeneous_rhhigh_s00,n8_wide_layered_homogeneous_rhhigh,8,wide_layered,homogeneous,low,high,0,0,707000,true,accepted_all_graph_and_bin_checks,0.25,0.75
EXP-07,exp07_n8_wide_layered_homogeneous_rhhigh_s01,n8_wide_layered_homogeneous_rhhigh,8,wide_layered,homogeneous,low,high,1,0,708000,true,accepted_all_graph_and_bin_checks,0.25,0.75
EXP-07,exp07_n8_wide_layered_homogeneous_rhhigh_s02,n8_wide_layered_homogeneous_rhhigh,8,wide_layered,homogeneous,low,high,2,0,709000,true,accepted_all_graph_and_bin_checks,0.25,0.75
EXP-07,exp07_n8_wide_layered_homogeneous_rhhigh_s03,n8_wide_layered_homogeneous_rhhigh,8,wide_layered,homogeneous,low,high,3,0,710000,true,accepted_all_graph_and_bin_checks,0.25,0.75
EXP-07,exp07_n8_wide_layered_homogeneous_rhhigh_s04,n8_wide_layered_homogeneous_rhhigh,8,wide_layered,homogeneous,low,high,4,0,711000,true,accepted_all_graph_and_bin_checks,0.25,0.75
EXP-07,exp07_n8_wide_layered_homogeneous_rhhigh_s05,n8_wide_layered_homogeneous_rhhigh,8,wide_layered,homogeneous,low,high,5,0,712000,true,accepted_all_graph_and_bin_checks,0.25,0.75
EXP-07,exp07_n8_wide_layered_homogeneous_rhhigh_s06,n8_wide_layered_homogeneous_rhhigh,8,wide_layered,homogeneous,low,high,6,0,713000,true,accepted_all_graph_and_bin_checks,0.25,0.75
EXP-07,exp07_n8_wide_layered_homogeneous_rhhigh_s07,n8_wide_layered_homogeneous_rhhigh,8,wide_layered,homogeneous,low,high,7,0,714000,true,accepted_all_graph_and_bin_checks,0.25,0.75
EXP-07,exp07_n8_wide_layered_homogeneous_rhhigh_s08,n8_wide_layered_homogeneous_rhhigh,8,wide_layered,homogeneous,low,high,8,0,715000,true,accepted_all_graph_and_bin_checks,0.25,0.75
EXP-07,exp07_n8_wide_layered_homogeneous_rhhigh_s09,n8_wide_layered_homogeneous_rhhigh,8,wide_layered,homogeneous,low,high,9,0,716000,true,accepted_all_graph_and_bin_checks,0.25,0.75
EXP-07,exp07_n8_wide_layered_homogeneous_rhhigh_s10,n8_wide_layered_homogeneous_rhhigh,8,wide_layered,homogeneous,low,high,10,0,717000,true,accepted_all_graph_and_bin_checks,0.25,0.75
EXP-07,exp07_n8_wide_layered_homogeneous_rhhigh_s11,n8_wide_layered_homogeneous_rhhigh,8,wide_layered,homogeneous,low,high,11,0,718000,true,accepted_all_graph_and_bin_checks,0.25,0.75
EXP-07,exp07_n8_wide_layered_homogeneous_rhhigh_s12,n8_wide_layered_homogeneous_rhhigh,8,wide_layered,homogeneous,low,high,12,0,719000,true,accepted_all_graph_and_bin_checks,0.25,0.75
EXP-07,exp07_n8_wide_layered_homogeneous_rhhigh_s13,n8_wide_layered_homogeneous_rhhigh,8,wide_layered,homogeneous,low,high,13,0,720000,true,accepted_all_graph_and_bin_checks,0.25,0.75
EXP-07,exp07_n8_wide_layered_homogeneous_rhhigh_s14,n8_wide_layered_homogeneous_rhhigh,8,wide_layered,homogeneous,low,high,14,0,721000,true,accepted_all_graph_and_bin_checks,0.25,0.75
EXP-07,exp07_n8_wide_layered_homogeneous_rhhigh_s15,n8_wide_layered_homogeneous_rhhigh,8,wide_layered,homogeneous,low,high,15,0,722000,true,accepted_all_graph_and_bin_checks,0.25,0.75
EXP-07,exp07_n8_wide_layered_homogeneous_rhhigh_s16,n8_wide_layered_homogeneous_rhhigh,8,wide_layered,homogeneous,low,high,16,0,723000,true,accepted_all_graph_and_bin_checks,0.25,0.75
EXP-07,exp07_n8_wide_layered_homogeneous_rhhigh_s17,n8_wide_layered_homogeneous_rhhigh,8,wide_layered,homogeneous,low,high,17,0,724000,true,accepted_all_graph_and_bin_checks,0.25,0.75
EXP-07,exp07_n8_wide_layered_homogeneous_rhhigh_s18,n8_wide_layered_homogeneous_rhhigh,8,wide_layered,homogeneous,low,high,18,0,725000,true,accepted_all_graph_and_bin_checks,0.25,0.75
EXP-07,exp07_n8_wide_layered_homogeneous_rhhigh_s19,n8_wide_layered_homogeneous_rhhigh,8,wide_layered,homogeneous,low,high,19,0,726000,true,accepted_all_graph_and_bin_checks,0.25,0.75
EXP-07,exp07_n8_wide_layered_lognormal_rhlow_s00,n8_wide_layered_lognormal_rhlow,8,wide_layered,lognormal,low,low,0,0,807000,true,accepted_all_graph_and_bin_checks,0.2916666666666666666666666667,0.1800643086816720257234726688
EXP-07,exp07_n8_wide_layered_lognormal_rhlow_s01,n8_wide_layered_lognormal_rhlow,8,wide_layered,lognormal,low,low,1,0,808000,false,rho_l_outside_target_bin,0.3181818181818181818181818182,0.1788321167883211678832116788
EXP-07,exp07_n8_wide_layered_lognormal_rhlow_s01,n8_wide_layered_lognormal_rhlow,8,wide_layered,lognormal,low,low,1,1,808001,false,rho_l_outside_target_bin,0.3333333333333333333333333333,0.1794871794871794871794871795
EXP-07,exp07_n8_wide_layered_lognormal_rhlow_s01,n8_wide_layered_lognormal_rhlow,8,wide_layered,lognormal,low,low,1,2,808002,false,rho_l_outside_target_bin,0.3333333333333333333333333333,0.1794871794871794871794871795
EXP-07,exp07_n8_wide_layered_lognormal_rhlow_s01,n8_wide_layered_lognormal_rhlow,8,wide_layered,lognormal,low,low,1,3,808003,true,accepted_all_graph_and_bin_checks,0.2941176470588235294117647059,0.1818181818181818181818181818
EXP-07,exp07_n8_wide_layered_lognormal_rhlow_s02,n8_wide_layered_lognormal_rhlow,8,wide_layered,lognormal,low,low,2,0,809000,false,rho_l_outside_target_bin,0.3333333333333333333333333333,0.1794871794871794871794871795
EXP-07,exp07_n8_wide_layered_lognormal_rhlow_s02,n8_wide_layered_lognormal_rhlow,8,wide_layered,lognormal,low,low,2,1,809001,false,rho_l_outside_target_bin,0.4,0.1818181818181818181818181818
EXP-07,exp07_n8_wide_layered_lognormal_rhlow_s02,n8_wide_layered_lognormal_rhlow,8,wide_layered,lognormal,low,low,2,2,809002,false,rho_l_outside_target_bin,0.3636363636363636363636363636,0.1801801801801801801801801802
EXP-07,exp07_n8_wide_layered_lognormal_rhlow_s02,n8_wide_layered_lognormal_rhlow,8,wide_layered,lognormal,low,low,2,3,809003,true,accepted_all_graph_and_bin_checks,0.2666666666666666666666666667,0.1791044776119402985074626866
EXP-07,exp07_n8_wide_layered_lognormal_rhlow_s03,n8_wide_layered_lognormal_rhlow,8,wide_layered,lognormal,low,low,3,0,810000,false,rho_l_outside_target_bin,0.3,0.1764705882352941176470588235
EXP-07,exp07_n8_wide_layered_lognormal_rhlow_s03,n8_wide_layered_lognormal_rhlow,8,wide_layered,lognormal,low,low,3,1,810001,false,rho_l_outside_target_bin,0.3529411764705882352941176471,0.1791044776119402985074626866
EXP-07,exp07_n8_wide_layered_lognormal_rhlow_s03,n8_wide_layered_lognormal_rhlow,8,wide_layered,lognormal,low,low,3,2,810002,false,rho_l_outside_target_bin,0.3333333333333333333333333333,0.1794871794871794871794871795
EXP-07,exp07_n8_wide_layered_lognormal_rhlow_s03,n8_wide_layered_lognormal_rhlow,8,wide_layered,lognormal,low,low,3,3,810003,false,rho_l_outside_target_bin,0.3684210526315789473684210526,0.1794871794871794871794871795
EXP-07,exp07_n8_wide_layered_lognormal_rhlow_s03,n8_wide_layered_lognormal_rhlow,8,wide_layered,lognormal,low,low,3,4,810004,false,rho_l_outside_target_bin,0.4117647058823529411764705882,0.1794871794871794871794871795
EXP-07,exp07_n8_wide_layered_lognormal_rhlow_s03,n8_wide_layered_lognormal_rhlow,8,wide_layered,lognormal,low,low,3,5,810005,true,accepted_all_graph_and_bin_checks,0.2666666666666666666666666667,0.1791044776119402985074626866
EXP-07,exp07_n8_wide_layered_lognormal_rhlow_s04,n8_wide_layered_lognormal_rhlow,8,wide_layered,lognormal,low,low,4,0,811000,false,rho_l_outside_target_bin,0.3333333333333333333333333333,0.1794871794871794871794871795
EXP-07,exp07_n8_wide_layered_lognormal_rhlow_s04,n8_wide_layered_lognormal_rhlow,8,wide_layered,lognormal,low,low,4,1,811001,false,rho_l_outside_target_bin,0.3181818181818181818181818182,0.1788321167883211678832116788
EXP-07,exp07_n8_wide_layered_lognormal_rhlow_s04,n8_wide_layered_lognormal_rhlow,8,wide_layered,lognormal,low,low,4,2,811002,true,accepted_all_graph_and_bin_checks,0.2857142857142857142857142857,0.1791044776119402985074626866
EXP-07,exp07_n8_wide_layered_lognormal_rhlow_s05,n8_wide_layered_lognormal_rhlow,8,wide_layered,lognormal,low,low,5,0,812000,false,rho_l_outside_target_bin,0.3333333333333333333333333333,0.1794871794871794871794871795
EXP-07,exp07_n8_wide_layered_lognormal_rhlow_s05,n8_wide_layered_lognormal_rhlow,8,wide_layered,lognormal,low,low,5,1,812001,false,rho_l_outside_target_bin,0.4375,0.1818181818181818181818181818
EXP-07,exp07_n8_wide_layered_lognormal_rhlow_s05,n8_wide_layered_lognormal_rhlow,8,wide_layered,lognormal,low,low,5,2,812002,false,rho_l_outside_target_bin,0.4666666666666666666666666667,0.1794871794871794871794871795
EXP-07,exp07_n8_wide_layered_lognormal_rhlow_s05,n8_wide_layered_lognormal_rhlow,8,wide_layered,lognormal,low,low,5,3,812003,false,rho_l_outside_target_bin,0.3076923076923076923076923077,0.1818181818181818181818181818
EXP-07,exp07_n8_wide_layered_lognormal_rhlow_s05,n8_wide_layered_lognormal_rhlow,8,wide_layered,lognormal,low,low,5,4,812004,false,rho_l_outside_target_bin,0.3157894736842105263157894737,0.1772151898734177215189873418
EXP-07,exp07_n8_wide_layered_lognormal_rhlow_s05,n8_wide_layered_lognormal_rhlow,8,wide_layered,lognormal,low,low,5,5,812005,false,rho_l_outside_target_bin,0.4347826086956521739130434783,0.1801801801801801801801801802
EXP-07,exp07_n8_wide_layered_lognormal_rhlow_s05,n8_wide_layered_lognormal_rhlow,8,wide_layered,lognormal,low,low,5,6,812006,false,rho_l_outside_target_bin,0.4444444444444444444444444444,0.1791044776119402985074626866
EXP-07,exp07_n8_wide_layered_lognormal_rhlow_s05,n8_wide_layered_lognormal_rhlow,8,wide_layered,lognormal,low,low,5,7,812007,false,rho_l_outside_target_bin,0.5,0.1818181818181818181818181818
EXP-07,exp07_n8_wide_layered_lognormal_rhlow_s05,n8_wide_layered_lognormal_rhlow,8,wide_layered,lognormal,low,low,5,8,812008,false,rho_l_outside_target_bin,0.3157894736842105263157894737,0.1772151898734177215189873418
EXP-07,exp07_n8_wide_layered_lognormal_rhlow_s05,n8_wide_layered_lognormal_rhlow,8,wide_layered,lognormal,low,low,5,9,812009,false,rho_l_outside_target_bin,0.4285714285714285714285714286,0.1764705882352941176470588235
EXP-07,exp07_n8_wide_layered_lognormal_rhlow_s05,n8_wide_layered_lognormal_rhlow,8,wide_layered,lognormal,low,low,5,10,812010,false,rho_l_outside_target_bin,0.3333333333333333333333333333,0.1794871794871794871794871795
EXP-07,exp07_n8_wide_layered_lognormal_rhlow_s05,n8_wide_layered_lognormal_rhlow,8,wide_layered,lognormal,low,low,5,11,812011,false,rho_l_outside_target_bin,0.3478260869565217391304347826,0.1818181818181818181818181818
EXP-07,exp07_n8_wide_layered_lognormal_rhlow_s05,n8_wide_layered_lognormal_rhlow,8,wide_layered,lognormal,low,low,5,12,812012,false,rho_l_outside_target_bin,0.3333333333333333333333333333,0.1794871794871794871794871795
EXP-07,exp07_n8_wide_layered_lognormal_rhlow_s05,n8_wide_layered_lognormal_rhlow,8,wide_layered,lognormal,low,low,5,13,812013,false,rho_l_outside_target_bin,0.4,0.1818181818181818181818181818
EXP-07,exp07_n8_wide_layered_lognormal_rhlow_s05,n8_wide_layered_lognormal_rhlow,8,wide_layered,lognormal,low,low,5,14,812014,true,accepted_all_graph_and_bin_checks,0.2941176470588235294117647059,0.1818181818181818181818181818
EXP-07,exp07_n8_wide_layered_lognormal_rhlow_s06,n8_wide_layered_lognormal_rhlow,8,wide_layered,lognormal,low,low,6,0,813000,false,rho_l_outside_target_bin,0.3809523809523809523809523810,0.1801801801801801801801801802
EXP-07,exp07_n8_wide_layered_lognormal_rhlow_s06,n8_wide_layered_lognormal_rhlow,8,wide_layered,lognormal,low,low,6,1,813001,false,rho_l_outside_target_bin,0.4210526315789473684210526316,0.1791044776119402985074626866
EXP-07,exp07_n8_wide_layered_lognormal_rhlow_s06,n8_wide_layered_lognormal_rhlow,8,wide_layered,lognormal,low,low,6,2,813002,false,rho_l_outside_target_bin,0.3125,0.175
EXP-07,exp07_n8_wide_layered_lognormal_rhlow_s06,n8_wide_layered_lognormal_rhlow,8,wide_layered,lognormal,low,low,6,3,813003,false,rho_l_outside_target_bin,0.3333333333333333333333333333,0.1794871794871794871794871795
EXP-07,exp07_n8_wide_layered_lognormal_rhlow_s06,n8_wide_layered_lognormal_rhlow,8,wide_layered,lognormal,low,low,6,4,813004,false,rho_l_outside_target_bin,0.4,0.1818181818181818181818181818
EXP-07,exp07_n8_wide_layered_lognormal_rhlow_s06,n8_wide_layered_lognormal_rhlow,8,wide_layered,lognormal,low,low,6,5,813005,true,accepted_all_graph_and_bin_checks,0.2777777777777777777777777778,0.1801801801801801801801801802
EXP-07,exp07_n8_wide_layered_lognormal_rhlow_s07,n8_wide_layered_lognormal_rhlow,8,wide_layered,lognormal,low,low,7,0,814000,false,rho_l_outside_target_bin,0.45,0.1791044776119402985074626866
EXP-07,exp07_n8_wide_layered_lognormal_rhlow_s07,n8_wide_layered_lognormal_rhlow,8,wide_layered,lognormal,low,low,7,1,814001,false,rho_l_outside_target_bin,0.3809523809523809523809523810,0.1801801801801801801801801802
EXP-07,exp07_n8_wide_layered_lognormal_rhlow_s07,n8_wide_layered_lognormal_rhlow,8,wide_layered,lognormal,low,low,7,2,814002,false,rho_l_outside_target_bin,0.5,0.1818181818181818181818181818
EXP-07,exp07_n8_wide_layered_lognormal_rhlow_s07,n8_wide_layered_lognormal_rhlow,8,wide_layered,lognormal,low,low,7,3,814003,false,rho_l_outside_target_bin,0.3529411764705882352941176471,0.1791044776119402985074626866
EXP-07,exp07_n8_wide_layered_lognormal_rhlow_s07,n8_wide_layered_lognormal_rhlow,8,wide_layered,lognormal,low,low,7,4,814004,false,rho_l_outside_target_bin,0.4166666666666666666666666667,0.1801801801801801801801801802
EXP-07,exp07_n8_wide_layered_lognormal_rhlow_s07,n8_wide_layered_lognormal_rhlow,8,wide_layered,lognormal,low,low,7,5,814005,false,rho_l_outside_target_bin,0.3076923076923076923076923077,0.1818181818181818181818181818
EXP-07,exp07_n8_wide_layered_lognormal_rhlow_s07,n8_wide_layered_lognormal_rhlow,8,wide_layered,lognormal,low,low,7,6,814006,false,rho_l_outside_target_bin,0.35,0.1772151898734177215189873418
EXP-07,exp07_n8_wide_layered_lognormal_rhlow_s07,n8_wide_layered_lognormal_rhlow,8,wide_layered,lognormal,low,low,7,7,814007,false,rho_l_outside_target_bin,0.3529411764705882352941176471,0.1791044776119402985074626866
EXP-07,exp07_n8_wide_layered_lognormal_rhlow_s07,n8_wide_layered_lognormal_rhlow,8,wide_layered,lognormal,low,low,7,8,814008,false,rho_l_outside_target_bin,0.3076923076923076923076923077,0.1818181818181818181818181818
EXP-07,exp07_n8_wide_layered_lognormal_rhlow_s07,n8_wide_layered_lognormal_rhlow,8,wide_layered,lognormal,low,low,7,9,814009,false,rho_l_outside_target_bin,0.3684210526315789473684210526,0.1794871794871794871794871795
EXP-07,exp07_n8_wide_layered_lognormal_rhlow_s07,n8_wide_layered_lognormal_rhlow,8,wide_layered,lognormal,low,low,7,10,814010,false,rho_l_outside_target_bin,0.3125,0.175
EXP-07,exp07_n8_wide_layered_lognormal_rhlow_s07,n8_wide_layered_lognormal_rhlow,8,wide_layered,lognormal,low,low,7,11,814011,false,rho_l_outside_target_bin,0.35,0.1772151898734177215189873418
EXP-07,exp07_n8_wide_layered_lognormal_rhlow_s07,n8_wide_layered_lognormal_rhlow,8,wide_layered,lognormal,low,low,7,12,814012,true,accepted_all_graph_and_bin_checks,0.2857142857142857142857142857,0.1791044776119402985074626866
EXP-07,exp07_n8_wide_layered_lognormal_rhlow_s08,n8_wide_layered_lognormal_rhlow,8,wide_layered,lognormal,low,low,8,0,815000,false,rho_l_outside_target_bin,0.4705882352941176470588235294,0.1818181818181818181818181818
EXP-07,exp07_n8_wide_layered_lognormal_rhlow_s08,n8_wide_layered_lognormal_rhlow,8,wide_layered,lognormal,low,low,8,1,815001,true,accepted_all_graph_and_bin_checks,0.2727272727272727272727272727,0.1794871794871794871794871795
EXP-07,exp07_n8_wide_layered_lognormal_rhlow_s09,n8_wide_layered_lognormal_rhlow,8,wide_layered,lognormal,low,low,9,0,816000,false,rho_l_outside_target_bin,0.3529411764705882352941176471,0.1791044776119402985074626866
EXP-07,exp07_n8_wide_layered_lognormal_rhlow_s09,n8_wide_layered_lognormal_rhlow,8,wide_layered,lognormal,low,low,9,1,816001,false,rho_l_outside_target_bin,0.4117647058823529411764705882,0.1794871794871794871794871795
EXP-07,exp07_n8_wide_layered_lognormal_rhlow_s09,n8_wide_layered_lognormal_rhlow,8,wide_layered,lognormal,low,low,9,2,816002,false,rho_l_outside_target_bin,0.3,0.1764705882352941176470588235
EXP-07,exp07_n8_wide_layered_lognormal_rhlow_s09,n8_wide_layered_lognormal_rhlow,8,wide_layered,lognormal,low,low,9,3,816003,false,rho_l_outside_target_bin,0.4615384615384615384615384615,0.1764705882352941176470588235
EXP-07,exp07_n8_wide_layered_lognormal_rhlow_s09,n8_wide_layered_lognormal_rhlow,8,wide_layered,lognormal,low,low,9,4,816004,false,rho_l_outside_target_bin,0.3888888888888888888888888889,0.175
EXP-07,exp07_n8_wide_layered_lognormal_rhlow_s09,n8_wide_layered_lognormal_rhlow,8,wide_layered,lognormal,low,low,9,5,816005,false,rho_l_outside_target_bin,0.45,0.1791044776119402985074626866
EXP-07,exp07_n8_wide_layered_lognormal_rhlow_s09,n8_wide_layered_lognormal_rhlow,8,wide_layered,lognormal,low,low,9,6,816006,false,rho_l_outside_target_bin,0.3333333333333333333333333333,0.1794871794871794871794871795
EXP-07,exp07_n8_wide_layered_lognormal_rhlow_s09,n8_wide_layered_lognormal_rhlow,8,wide_layered,lognormal,low,low,9,7,816007,false,rho_l_outside_target_bin,0.4705882352941176470588235294,0.1818181818181818181818181818
EXP-07,exp07_n8_wide_layered_lognormal_rhlow_s09,n8_wide_layered_lognormal_rhlow,8,wide_layered,lognormal,low,low,9,8,816008,false,rho_l_outside_target_bin,0.3571428571428571428571428571,0.1818181818181818181818181818
EXP-07,exp07_n8_wide_layered_lognormal_rhlow_s09,n8_wide_layered_lognormal_rhlow,8,wide_layered,lognormal,low,low,9,9,816009,false,rho_l_outside_target_bin,0.3888888888888888888888888889,0.175
EXP-07,exp07_n8_wide_layered_lognormal_rhlow_s09,n8_wide_layered_lognormal_rhlow,8,wide_layered,lognormal,low,low,9,10,816010,false,rho_l_outside_target_bin,0.3636363636363636363636363636,0.1801801801801801801801801802
EXP-07,exp07_n8_wide_layered_lognormal_rhlow_s09,n8_wide_layered_lognormal_rhlow,8,wide_layered,lognormal,low,low,9,11,816011,false,rho_l_outside_target_bin,0.3529411764705882352941176471,0.1791044776119402985074626866
EXP-07,exp07_n8_wide_layered_lognormal_rhlow_s09,n8_wide_layered_lognormal_rhlow,8,wide_layered,lognormal,low,low,9,12,816012,false,rho_l_outside_target_bin,0.3529411764705882352941176471,0.1791044776119402985074626866
EXP-07,exp07_n8_wide_layered_lognormal_rhlow_s09,n8_wide_layered_lognormal_rhlow,8,wide_layered,lognormal,low,low,9,13,816013,false,rho_l_outside_target_bin,0.3478260869565217391304347826,0.1818181818181818181818181818
EXP-07,exp07_n8_wide_layered_lognormal_rhlow_s09,n8_wide_layered_lognormal_rhlow,8,wide_layered,lognormal,low,low,9,14,816014,true,accepted_all_graph_and_bin_checks,0.2941176470588235294117647059,0.1818181818181818181818181818
EXP-07,exp07_n8_wide_layered_lognormal_rhlow_s10,n8_wide_layered_lognormal_rhlow,8,wide_layered,lognormal,low,low,10,0,817000,false,rho_l_outside_target_bin,0.4375,0.1818181818181818181818181818
EXP-07,exp07_n8_wide_layered_lognormal_rhlow_s10,n8_wide_layered_lognormal_rhlow,8,wide_layered,lognormal,low,low,10,1,817001,false,rho_l_outside_target_bin,0.3333333333333333333333333333,0.1794871794871794871794871795
EXP-07,exp07_n8_wide_layered_lognormal_rhlow_s10,n8_wide_layered_lognormal_rhlow,8,wide_layered,lognormal,low,low,10,2,817002,false,rho_l_outside_target_bin,0.4117647058823529411764705882,0.1794871794871794871794871795
EXP-07,exp07_n8_wide_layered_lognormal_rhlow_s10,n8_wide_layered_lognormal_rhlow,8,wide_layered,lognormal,low,low,10,3,817003,false,rho_l_outside_target_bin,0.5,0.1818181818181818181818181818
EXP-07,exp07_n8_wide_layered_lognormal_rhlow_s10,n8_wide_layered_lognormal_rhlow,8,wide_layered,lognormal,low,low,10,4,817004,false,rho_l_outside_target_bin,0.4117647058823529411764705882,0.1794871794871794871794871795
EXP-07,exp07_n8_wide_layered_lognormal_rhlow_s10,n8_wide_layered_lognormal_rhlow,8,wide_layered,lognormal,low,low,10,5,817005,false,rho_l_outside_target_bin,0.3636363636363636363636363636,0.1801801801801801801801801802
EXP-07,exp07_n8_wide_layered_lognormal_rhlow_s10,n8_wide_layered_lognormal_rhlow,8,wide_layered,lognormal,low,low,10,6,817006,false,rho_l_outside_target_bin,0.3333333333333333333333333333,0.1794871794871794871794871795
EXP-07,exp07_n8_wide_layered_lognormal_rhlow_s10,n8_wide_layered_lognormal_rhlow,8,wide_layered,lognormal,low,low,10,7,817007,false,rho_l_outside_target_bin,0.4,0.1818181818181818181818181818
EXP-07,exp07_n8_wide_layered_lognormal_rhlow_s10,n8_wide_layered_lognormal_rhlow,8,wide_layered,lognormal,low,low,10,8,817008,false,rho_l_outside_target_bin,0.3888888888888888888888888889,0.175
EXP-07,exp07_n8_wide_layered_lognormal_rhlow_s10,n8_wide_layered_lognormal_rhlow,8,wide_layered,lognormal,low,low,10,9,817009,false,rho_l_outside_target_bin,0.375,0.1791044776119402985074626866
EXP-07,exp07_n8_wide_layered_lognormal_rhlow_s10,n8_wide_layered_lognormal_rhlow,8,wide_layered,lognormal,low,low,10,10,817010,false,rho_l_outside_target_bin,0.32,0.1800643086816720257234726688
EXP-07,exp07_n8_wide_layered_lognormal_rhlow_s10,n8_wide_layered_lognormal_rhlow,8,wide_layered,lognormal,low,low,10,11,817011,false,rho_l_outside_target_bin,0.3333333333333333333333333333,0.1794871794871794871794871795
EXP-07,exp07_n8_wide_layered_lognormal_rhlow_s10,n8_wide_layered_lognormal_rhlow,8,wide_layered,lognormal,low,low,10,12,817012,false,rho_l_outside_target_bin,0.3333333333333333333333333333,0.1794871794871794871794871795
EXP-07,exp07_n8_wide_layered_lognormal_rhlow_s10,n8_wide_layered_lognormal_rhlow,8,wide_layered,lognormal,low,low,10,13,817013,true,accepted_all_graph_and_bin_checks,0.2777777777777777777777777778,0.1801801801801801801801801802
EXP-07,exp07_n8_wide_layered_lognormal_rhlow_s11,n8_wide_layered_lognormal_rhlow,8,wide_layered,lognormal,low,low,11,0,818000,false,rho_l_outside_target_bin,0.3076923076923076923076923077,0.1818181818181818181818181818
EXP-07,exp07_n8_wide_layered_lognormal_rhlow_s11,n8_wide_layered_lognormal_rhlow,8,wide_layered,lognormal,low,low,11,1,818001,true,accepted_all_graph_and_bin_checks,0.2307692307692307692307692308,0.1803278688524590163934426230
EXP-07,exp07_n8_wide_layered_lognormal_rhlow_s12,n8_wide_layered_lognormal_rhlow,8,wide_layered,lognormal,low,low,12,0,819000,false,rho_l_outside_target_bin,0.4166666666666666666666666667,0.1801801801801801801801801802
EXP-07,exp07_n8_wide_layered_lognormal_rhlow_s12,n8_wide_layered_lognormal_rhlow,8,wide_layered,lognormal,low,low,12,1,819001,false,rho_l_outside_target_bin,0.5454545454545454545454545455,0.1791044776119402985074626866
EXP-07,exp07_n8_wide_layered_lognormal_rhlow_s12,n8_wide_layered_lognormal_rhlow,8,wide_layered,lognormal,low,low,12,2,819002,true,accepted_all_graph_and_bin_checks,0.2857142857142857142857142857,0.1791044776119402985074626866
EXP-07,exp07_n8_wide_layered_lognormal_rhlow_s13,n8_wide_layered_lognormal_rhlow,8,wide_layered,lognormal,low,low,13,0,820000,false,rho_l_outside_target_bin,0.3333333333333333333333333333,0.1794871794871794871794871795
EXP-07,exp07_n8_wide_layered_lognormal_rhlow_s13,n8_wide_layered_lognormal_rhlow,8,wide_layered,lognormal,low,low,13,1,820001,false,rho_l_outside_target_bin,0.4117647058823529411764705882,0.1794871794871794871794871795
EXP-07,exp07_n8_wide_layered_lognormal_rhlow_s13,n8_wide_layered_lognormal_rhlow,8,wide_layered,lognormal,low,low,13,2,820002,true,accepted_all_graph_and_bin_checks,0.2916666666666666666666666667,0.1800643086816720257234726688
EXP-07,exp07_n8_wide_layered_lognormal_rhlow_s14,n8_wide_layered_lognormal_rhlow,8,wide_layered,lognormal,low,low,14,0,821000,false,rho_l_outside_target_bin,0.3571428571428571428571428571,0.1818181818181818181818181818
EXP-07,exp07_n8_wide_layered_lognormal_rhlow_s14,n8_wide_layered_lognormal_rhlow,8,wide_layered,lognormal,low,low,14,1,821001,true,accepted_all_graph_and_bin_checks,0.25,0.1818181818181818181818181818
EXP-07,exp07_n8_wide_layered_lognormal_rhlow_s15,n8_wide_layered_lognormal_rhlow,8,wide_layered,lognormal,low,low,15,0,822000,false,rho_l_outside_target_bin,0.35,0.1772151898734177215189873418
EXP-07,exp07_n8_wide_layered_lognormal_rhlow_s15,n8_wide_layered_lognormal_rhlow,8,wide_layered,lognormal,low,low,15,1,822001,false,rho_l_outside_target_bin,0.4,0.1818181818181818181818181818
EXP-07,exp07_n8_wide_layered_lognormal_rhlow_s15,n8_wide_layered_lognormal_rhlow,8,wide_layered,lognormal,low,low,15,2,822002,false,rho_l_outside_target_bin,0.3571428571428571428571428571,0.1818181818181818181818181818
EXP-07,exp07_n8_wide_layered_lognormal_rhlow_s15,n8_wide_layered_lognormal_rhlow,8,wide_layered,lognormal,low,low,15,3,822003,false,rho_l_outside_target_bin,0.3636363636363636363636363636,0.1801801801801801801801801802
EXP-07,exp07_n8_wide_layered_lognormal_rhlow_s15,n8_wide_layered_lognormal_rhlow,8,wide_layered,lognormal,low,low,15,4,822004,false,rho_l_outside_target_bin,0.3333333333333333333333333333,0.1794871794871794871794871795
EXP-07,exp07_n8_wide_layered_lognormal_rhlow_s15,n8_wide_layered_lognormal_rhlow,8,wide_layered,lognormal,low,low,15,5,822005,true,accepted_all_graph_and_bin_checks,0.2666666666666666666666666667,0.1791044776119402985074626866
EXP-07,exp07_n8_wide_layered_lognormal_rhlow_s16,n8_wide_layered_lognormal_rhlow,8,wide_layered,lognormal,low,low,16,0,823000,false,rho_l_outside_target_bin,0.375,0.1791044776119402985074626866
EXP-07,exp07_n8_wide_layered_lognormal_rhlow_s16,n8_wide_layered_lognormal_rhlow,8,wide_layered,lognormal,low,low,16,1,823001,false,rho_l_outside_target_bin,0.3333333333333333333333333333,0.1794871794871794871794871795
EXP-07,exp07_n8_wide_layered_lognormal_rhlow_s16,n8_wide_layered_lognormal_rhlow,8,wide_layered,lognormal,low,low,16,2,823002,false,rho_l_outside_target_bin,0.3809523809523809523809523810,0.1801801801801801801801801802
EXP-07,exp07_n8_wide_layered_lognormal_rhlow_s16,n8_wide_layered_lognormal_rhlow,8,wide_layered,lognormal,low,low,16,3,823003,false,rho_l_outside_target_bin,0.4,0.1818181818181818181818181818
EXP-07,exp07_n8_wide_layered_lognormal_rhlow_s16,n8_wide_layered_lognormal_rhlow,8,wide_layered,lognormal,low,low,16,4,823004,false,rho_l_outside_target_bin,0.3684210526315789473684210526,0.1794871794871794871794871795
EXP-07,exp07_n8_wide_layered_lognormal_rhlow_s16,n8_wide_layered_lognormal_rhlow,8,wide_layered,lognormal,low,low,16,5,823005,true,accepted_all_graph_and_bin_checks,0.2857142857142857142857142857,0.1791044776119402985074626866
EXP-07,exp07_n8_wide_layered_lognormal_rhlow_s17,n8_wide_layered_lognormal_rhlow,8,wide_layered,lognormal,low,low,17,0,824000,false,rho_l_outside_target_bin,0.3571428571428571428571428571,0.1818181818181818181818181818
EXP-07,exp07_n8_wide_layered_lognormal_rhlow_s17,n8_wide_layered_lognormal_rhlow,8,wide_layered,lognormal,low,low,17,1,824001,false,rho_l_outside_target_bin,0.3888888888888888888888888889,0.175
EXP-07,exp07_n8_wide_layered_lognormal_rhlow_s17,n8_wide_layered_lognormal_rhlow,8,wide_layered,lognormal,low,low,17,2,824002,true,accepted_all_graph_and_bin_checks,0.2777777777777777777777777778,0.1801801801801801801801801802
EXP-07,exp07_n8_wide_layered_lognormal_rhlow_s18,n8_wide_layered_lognormal_rhlow,8,wide_layered,lognormal,low,low,18,0,825000,false,rho_l_outside_target_bin,0.3333333333333333333333333333,0.1794871794871794871794871795
EXP-07,exp07_n8_wide_layered_lognormal_rhlow_s18,n8_wide_layered_lognormal_rhlow,8,wide_layered,lognormal,low,low,18,1,825001,false,rho_l_outside_target_bin,0.5,0.1818181818181818181818181818
EXP-07,exp07_n8_wide_layered_lognormal_rhlow_s18,n8_wide_layered_lognormal_rhlow,8,wide_layered,lognormal,low,low,18,2,825002,true,accepted_all_graph_and_bin_checks,0.25,0.1818181818181818181818181818
EXP-07,exp07_n8_wide_layered_lognormal_rhlow_s19,n8_wide_layered_lognormal_rhlow,8,wide_layered,lognormal,low,low,19,0,826000,false,rho_l_outside_target_bin,0.3125,0.175
EXP-07,exp07_n8_wide_layered_lognormal_rhlow_s19,n8_wide_layered_lognormal_rhlow,8,wide_layered,lognormal,low,low,19,1,826001,false,rho_l_outside_target_bin,0.45,0.1791044776119402985074626866
EXP-07,exp07_n8_wide_layered_lognormal_rhlow_s19,n8_wide_layered_lognormal_rhlow,8,wide_layered,lognormal,low,low,19,2,826002,false,rho_l_outside_target_bin,0.3181818181818181818181818182,0.1788321167883211678832116788
EXP-07,exp07_n8_wide_layered_lognormal_rhlow_s19,n8_wide_layered_lognormal_rhlow,8,wide_layered,lognormal,low,low,19,3,826003,false,rho_l_outside_target_bin,0.3157894736842105263157894737,0.1772151898734177215189873418
EXP-07,exp07_n8_wide_layered_lognormal_rhlow_s19,n8_wide_layered_lognormal_rhlow,8,wide_layered,lognormal,low,low,19,4,826004,false,rho_l_outside_target_bin,0.3181818181818181818181818182,0.1788321167883211678832116788
EXP-07,exp07_n8_wide_layered_lognormal_rhlow_s19,n8_wide_layered_lognormal_rhlow,8,wide_layered,lognormal,low,low,19,5,826005,false,rho_l_outside_target_bin,0.3125,0.175
EXP-07,exp07_n8_wide_layered_lognormal_rhlow_s19,n8_wide_layered_lognormal_rhlow,8,wide_layered,lognormal,low,low,19,6,826006,false,rho_l_outside_target_bin,0.4285714285714285714285714286,0.1764705882352941176470588235
EXP-07,exp07_n8_wide_layered_lognormal_rhlow_s19,n8_wide_layered_lognormal_rhlow,8,wide_layered,lognormal,low,low,19,7,826007,false,rho_l_outside_target_bin,0.3333333333333333333333333333,0.1794871794871794871794871795
EXP-07,exp07_n8_wide_layered_lognormal_rhlow_s19,n8_wide_layered_lognormal_rhlow,8,wide_layered,lognormal,low,low,19,8,826008,false,rho_l_outside_target_bin,0.3333333333333333333333333333,0.1794871794871794871794871795
EXP-07,exp07_n8_wide_layered_lognormal_rhlow_s19,n8_wide_layered_lognormal_rhlow,8,wide_layered,lognormal,low,low,19,9,826009,false,rho_l_outside_target_bin,0.4,0.1818181818181818181818181818
EXP-07,exp07_n8_wide_layered_lognormal_rhlow_s19,n8_wide_layered_lognormal_rhlow,8,wide_layered,lognormal,low,low,19,10,826010,true,accepted_all_graph_and_bin_checks,0.2352941176470588235294117647,0.1801801801801801801801801802
EXP-07,exp07_n8_wide_layered_lognormal_rhmedium_s00,n8_wide_layered_lognormal_rhmedium,8,wide_layered,lognormal,low,medium,0,0,807000,true,accepted_all_graph_and_bin_checks,0.2916666666666666666666666667,0.4516129032258064516129032258
EXP-07,exp07_n8_wide_layered_lognormal_rhmedium_s01,n8_wide_layered_lognormal_rhmedium,8,wide_layered,lognormal,low,medium,1,0,808000,false,rho_l_outside_target_bin,0.3181818181818181818181818182,0.4495412844036697247706422018
EXP-07,exp07_n8_wide_layered_lognormal_rhmedium_s01,n8_wide_layered_lognormal_rhmedium,8,wide_layered,lognormal,low,medium,1,1,808001,false,rho_l_outside_target_bin,0.3333333333333333333333333333,0.4482758620689655172413793103
EXP-07,exp07_n8_wide_layered_lognormal_rhmedium_s01,n8_wide_layered_lognormal_rhmedium,8,wide_layered,lognormal,low,medium,1,2,808002,false,rho_l_outside_target_bin,0.3333333333333333333333333333,0.4482758620689655172413793103
EXP-07,exp07_n8_wide_layered_lognormal_rhmedium_s01,n8_wide_layered_lognormal_rhmedium,8,wide_layered,lognormal,low,medium,1,3,808003,true,accepted_all_graph_and_bin_checks,0.2941176470588235294117647059,0.4545454545454545454545454545
EXP-07,exp07_n8_wide_layered_lognormal_rhmedium_s02,n8_wide_layered_lognormal_rhmedium,8,wide_layered,lognormal,low,medium,2,0,809000,false,rho_l_outside_target_bin,0.3333333333333333333333333333,0.4482758620689655172413793103
EXP-07,exp07_n8_wide_layered_lognormal_rhmedium_s02,n8_wide_layered_lognormal_rhmedium,8,wide_layered,lognormal,low,medium,2,1,809001,false,rho_l_outside_target_bin,0.4,0.4507042253521126760563380282
EXP-07,exp07_n8_wide_layered_lognormal_rhmedium_s02,n8_wide_layered_lognormal_rhmedium,8,wide_layered,lognormal,low,medium,2,2,809002,false,rho_l_outside_target_bin,0.3636363636363636363636363636,0.4494382022471910112359550562
EXP-07,exp07_n8_wide_layered_lognormal_rhmedium_s02,n8_wide_layered_lognormal_rhmedium,8,wide_layered,lognormal,low,medium,2,3,809003,true,accepted_all_graph_and_bin_checks,0.2666666666666666666666666667,0.45
EXP-07,exp07_n8_wide_layered_lognormal_rhmedium_s03,n8_wide_layered_lognormal_rhmedium,8,wide_layered,lognormal,low,medium,3,0,810000,false,rho_l_outside_target_bin,0.3,0.4455445544554455445544554455
EXP-07,exp07_n8_wide_layered_lognormal_rhmedium_s03,n8_wide_layered_lognormal_rhmedium,8,wide_layered,lognormal,low,medium,3,1,810001,false,rho_l_outside_target_bin,0.3529411764705882352941176471,0.45
EXP-07,exp07_n8_wide_layered_lognormal_rhmedium_s03,n8_wide_layered_lognormal_rhmedium,8,wide_layered,lognormal,low,medium,3,2,810002,false,rho_l_outside_target_bin,0.3333333333333333333333333333,0.4482758620689655172413793103
EXP-07,exp07_n8_wide_layered_lognormal_rhmedium_s03,n8_wide_layered_lognormal_rhmedium,8,wide_layered,lognormal,low,medium,3,3,810003,false,rho_l_outside_target_bin,0.3684210526315789473684210526,0.4495412844036697247706422018
EXP-07,exp07_n8_wide_layered_lognormal_rhmedium_s03,n8_wide_layered_lognormal_rhmedium,8,wide_layered,lognormal,low,medium,3,4,810004,false,rho_l_outside_target_bin,0.4117647058823529411764705882,0.4495412844036697247706422018
EXP-07,exp07_n8_wide_layered_lognormal_rhmedium_s03,n8_wide_layered_lognormal_rhmedium,8,wide_layered,lognormal,low,medium,3,5,810005,true,accepted_all_graph_and_bin_checks,0.2666666666666666666666666667,0.45
EXP-07,exp07_n8_wide_layered_lognormal_rhmedium_s04,n8_wide_layered_lognormal_rhmedium,8,wide_layered,lognormal,low,medium,4,0,811000,false,rho_l_outside_target_bin,0.3333333333333333333333333333,0.4482758620689655172413793103
EXP-07,exp07_n8_wide_layered_lognormal_rhmedium_s04,n8_wide_layered_lognormal_rhmedium,8,wide_layered,lognormal,low,medium,4,1,811001,false,rho_l_outside_target_bin,0.3181818181818181818181818182,0.4495412844036697247706422018
EXP-07,exp07_n8_wide_layered_lognormal_rhmedium_s04,n8_wide_layered_lognormal_rhmedium,8,wide_layered,lognormal,low,medium,4,2,811002,true,accepted_all_graph_and_bin_checks,0.2857142857142857142857142857,0.4444444444444444444444444444
EXP-07,exp07_n8_wide_layered_lognormal_rhmedium_s05,n8_wide_layered_lognormal_rhmedium,8,wide_layered,lognormal,low,medium,5,0,812000,false,rho_l_outside_target_bin,0.3333333333333333333333333333,0.4482758620689655172413793103
EXP-07,exp07_n8_wide_layered_lognormal_rhmedium_s05,n8_wide_layered_lognormal_rhmedium,8,wide_layered,lognormal,low,medium,5,1,812001,false,rho_l_outside_target_bin,0.4375,0.4534412955465587044534412955
EXP-07,exp07_n8_wide_layered_lognormal_rhmedium_s05,n8_wide_layered_lognormal_rhmedium,8,wide_layered,lognormal,low,medium,5,2,812002,false,rho_l_outside_target_bin,0.4666666666666666666666666667,0.4495412844036697247706422018
EXP-07,exp07_n8_wide_layered_lognormal_rhmedium_s05,n8_wide_layered_lognormal_rhmedium,8,wide_layered,lognormal,low,medium,5,3,812003,false,rho_l_outside_target_bin,0.3076923076923076923076923077,0.4489795918367346938775510204
EXP-07,exp07_n8_wide_layered_lognormal_rhmedium_s05,n8_wide_layered_lognormal_rhmedium,8,wide_layered,lognormal,low,medium,5,4,812004,false,rho_l_outside_target_bin,0.3157894736842105263157894737,0.4507042253521126760563380282
EXP-07,exp07_n8_wide_layered_lognormal_rhmedium_s05,n8_wide_layered_lognormal_rhmedium,8,wide_layered,lognormal,low,medium,5,5,812005,false,rho_l_outside_target_bin,0.4347826086956521739130434783,0.4507042253521126760563380282
EXP-07,exp07_n8_wide_layered_lognormal_rhmedium_s05,n8_wide_layered_lognormal_rhmedium,8,wide_layered,lognormal,low,medium,5,6,812006,false,rho_l_outside_target_bin,0.4444444444444444444444444444,0.4444444444444444444444444444
EXP-07,exp07_n8_wide_layered_lognormal_rhmedium_s05,n8_wide_layered_lognormal_rhmedium,8,wide_layered,lognormal,low,medium,5,7,812007,false,rho_l_outside_target_bin,0.5,0.45
EXP-07,exp07_n8_wide_layered_lognormal_rhmedium_s05,n8_wide_layered_lognormal_rhmedium,8,wide_layered,lognormal,low,medium,5,8,812008,false,rho_l_outside_target_bin,0.3157894736842105263157894737,0.4507042253521126760563380282
EXP-07,exp07_n8_wide_layered_lognormal_rhmedium_s05,n8_wide_layered_lognormal_rhmedium,8,wide_layered,lognormal,low,medium,5,9,812009,false,rho_l_outside_target_bin,0.4285714285714285714285714286,0.45
EXP-07,exp07_n8_wide_layered_lognormal_rhmedium_s05,n8_wide_layered_lognormal_rhmedium,8,wide_layered,lognormal,low,medium,5,10,812010,false,rho_l_outside_target_bin,0.3333333333333333333333333333,0.4482758620689655172413793103
EXP-07,exp07_n8_wide_layered_lognormal_rhmedium_s05,n8_wide_layered_lognormal_rhmedium,8,wide_layered,lognormal,low,medium,5,11,812011,false,rho_l_outside_target_bin,0.3478260869565217391304347826,0.4534412955465587044534412955
EXP-07,exp07_n8_wide_layered_lognormal_rhmedium_s05,n8_wide_layered_lognormal_rhmedium,8,wide_layered,lognormal,low,medium,5,12,812012,false,rho_l_outside_target_bin,0.3333333333333333333333333333,0.4482758620689655172413793103
EXP-07,exp07_n8_wide_layered_lognormal_rhmedium_s05,n8_wide_layered_lognormal_rhmedium,8,wide_layered,lognormal,low,medium,5,13,812013,false,rho_l_outside_target_bin,0.4,0.4507042253521126760563380282
EXP-07,exp07_n8_wide_layered_lognormal_rhmedium_s05,n8_wide_layered_lognormal_rhmedium,8,wide_layered,lognormal,low,medium,5,14,812014,true,accepted_all_graph_and_bin_checks,0.2941176470588235294117647059,0.4545454545454545454545454545
EXP-07,exp07_n8_wide_layered_lognormal_rhmedium_s06,n8_wide_layered_lognormal_rhmedium,8,wide_layered,lognormal,low,medium,6,0,813000,false,rho_l_outside_target_bin,0.3809523809523809523809523810,0.4507042253521126760563380282
EXP-07,exp07_n8_wide_layered_lognormal_rhmedium_s06,n8_wide_layered_lognormal_rhmedium,8,wide_layered,lognormal,low,medium,6,1,813001,false,rho_l_outside_target_bin,0.4210526315789473684210526316,0.45
EXP-07,exp07_n8_wide_layered_lognormal_rhmedium_s06,n8_wide_layered_lognormal_rhmedium,8,wide_layered,lognormal,low,medium,6,2,813002,false,rho_l_outside_target_bin,0.3125,0.45
EXP-07,exp07_n8_wide_layered_lognormal_rhmedium_s06,n8_wide_layered_lognormal_rhmedium,8,wide_layered,lognormal,low,medium,6,3,813003,false,rho_l_outside_target_bin,0.3333333333333333333333333333,0.4482758620689655172413793103
EXP-07,exp07_n8_wide_layered_lognormal_rhmedium_s06,n8_wide_layered_lognormal_rhmedium,8,wide_layered,lognormal,low,medium,6,4,813004,false,rho_l_outside_target_bin,0.4,0.4507042253521126760563380282
EXP-07,exp07_n8_wide_layered_lognormal_rhmedium_s06,n8_wide_layered_lognormal_rhmedium,8,wide_layered,lognormal,low,medium,6,5,813005,true,accepted_all_graph_and_bin_checks,0.2777777777777777777777777778,0.4518072289156626506024096386
EXP-07,exp07_n8_wide_layered_lognormal_rhmedium_s07,n8_wide_layered_lognormal_rhmedium,8,wide_layered,lognormal,low,medium,7,0,814000,false,rho_l_outside_target_bin,0.45,0.45
EXP-07,exp07_n8_wide_layered_lognormal_rhmedium_s07,n8_wide_layered_lognormal_rhmedium,8,wide_layered,lognormal,low,medium,7,1,814001,false,rho_l_outside_target_bin,0.3809523809523809523809523810,0.4507042253521126760563380282
EXP-07,exp07_n8_wide_layered_lognormal_rhmedium_s07,n8_wide_layered_lognormal_rhmedium,8,wide_layered,lognormal,low,medium,7,2,814002,false,rho_l_outside_target_bin,0.5,0.45
EXP-07,exp07_n8_wide_layered_lognormal_rhmedium_s07,n8_wide_layered_lognormal_rhmedium,8,wide_layered,lognormal,low,medium,7,3,814003,false,rho_l_outside_target_bin,0.3529411764705882352941176471,0.45
EXP-07,exp07_n8_wide_layered_lognormal_rhmedium_s07,n8_wide_layered_lognormal_rhmedium,8,wide_layered,lognormal,low,medium,7,4,814004,false,rho_l_outside_target_bin,0.4166666666666666666666666667,0.4494382022471910112359550562
EXP-07,exp07_n8_wide_layered_lognormal_rhmedium_s07,n8_wide_layered_lognormal_rhmedium,8,wide_layered,lognormal,low,medium,7,5,814005,false,rho_l_outside_target_bin,0.3076923076923076923076923077,0.4489795918367346938775510204
EXP-07,exp07_n8_wide_layered_lognormal_rhmedium_s07,n8_wide_layered_lognormal_rhmedium,8,wide_layered,lognormal,low,medium,7,6,814006,false,rho_l_outside_target_bin,0.35,0.4468085106382978723404255319
EXP-07,exp07_n8_wide_layered_lognormal_rhmedium_s07,n8_wide_layered_lognormal_rhmedium,8,wide_layered,lognormal,low,medium,7,7,814007,false,rho_l_outside_target_bin,0.3529411764705882352941176471,0.45
EXP-07,exp07_n8_wide_layered_lognormal_rhmedium_s07,n8_wide_layered_lognormal_rhmedium,8,wide_layered,lognormal,low,medium,7,8,814008,false,rho_l_outside_target_bin,0.3076923076923076923076923077,0.4489795918367346938775510204
EXP-07,exp07_n8_wide_layered_lognormal_rhmedium_s07,n8_wide_layered_lognormal_rhmedium,8,wide_layered,lognormal,low,medium,7,9,814009,false,rho_l_outside_target_bin,0.3684210526315789473684210526,0.4495412844036697247706422018
EXP-07,exp07_n8_wide_layered_lognormal_rhmedium_s07,n8_wide_layered_lognormal_rhmedium,8,wide_layered,lognormal,low,medium,7,10,814010,false,rho_l_outside_target_bin,0.3125,0.45
EXP-07,exp07_n8_wide_layered_lognormal_rhmedium_s07,n8_wide_layered_lognormal_rhmedium,8,wide_layered,lognormal,low,medium,7,11,814011,false,rho_l_outside_target_bin,0.35,0.4468085106382978723404255319
EXP-07,exp07_n8_wide_layered_lognormal_rhmedium_s07,n8_wide_layered_lognormal_rhmedium,8,wide_layered,lognormal,low,medium,7,12,814012,true,accepted_all_graph_and_bin_checks,0.2857142857142857142857142857,0.4444444444444444444444444444
EXP-07,exp07_n8_wide_layered_lognormal_rhmedium_s08,n8_wide_layered_lognormal_rhmedium,8,wide_layered,lognormal,low,medium,8,0,815000,false,rho_l_outside_target_bin,0.4705882352941176470588235294,0.4507042253521126760563380282
EXP-07,exp07_n8_wide_layered_lognormal_rhmedium_s08,n8_wide_layered_lognormal_rhmedium,8,wide_layered,lognormal,low,medium,8,1,815001,true,accepted_all_graph_and_bin_checks,0.2727272727272727272727272727,0.4482758620689655172413793103
EXP-07,exp07_n8_wide_layered_lognormal_rhmedium_s09,n8_wide_layered_lognormal_rhmedium,8,wide_layered,lognormal,low,medium,9,0,816000,false,rho_l_outside_target_bin,0.3529411764705882352941176471,0.45
EXP-07,exp07_n8_wide_layered_lognormal_rhmedium_s09,n8_wide_layered_lognormal_rhmedium,8,wide_layered,lognormal,low,medium,9,1,816001,false,rho_l_outside_target_bin,0.4117647058823529411764705882,0.4495412844036697247706422018
EXP-07,exp07_n8_wide_layered_lognormal_rhmedium_s09,n8_wide_layered_lognormal_rhmedium,8,wide_layered,lognormal,low,medium,9,2,816002,false,rho_l_outside_target_bin,0.3,0.4455445544554455445544554455
EXP-07,exp07_n8_wide_layered_lognormal_rhmedium_s09,n8_wide_layered_lognormal_rhmedium,8,wide_layered,lognormal,low,medium,9,3,816003,false,rho_l_outside_target_bin,0.4615384615384615384615384615,0.4455445544554455445544554455
EXP-07,exp07_n8_wide_layered_lognormal_rhmedium_s09,n8_wide_layered_lognormal_rhmedium,8,wide_layered,lognormal,low,medium,9,4,816004,false,rho_l_outside_target_bin,0.3888888888888888888888888889,0.45
EXP-07,exp07_n8_wide_layered_lognormal_rhmedium_s09,n8_wide_layered_lognormal_rhmedium,8,wide_layered,lognormal,low,medium,9,5,816005,false,rho_l_outside_target_bin,0.45,0.45
EXP-07,exp07_n8_wide_layered_lognormal_rhmedium_s09,n8_wide_layered_lognormal_rhmedium,8,wide_layered,lognormal,low,medium,9,6,816006,false,rho_l_outside_target_bin,0.3333333333333333333333333333,0.4482758620689655172413793103
EXP-07,exp07_n8_wide_layered_lognormal_rhmedium_s09,n8_wide_layered_lognormal_rhmedium,8,wide_layered,lognormal,low,medium,9,7,816007,false,rho_l_outside_target_bin,0.4705882352941176470588235294,0.4507042253521126760563380282
EXP-07,exp07_n8_wide_layered_lognormal_rhmedium_s09,n8_wide_layered_lognormal_rhmedium,8,wide_layered,lognormal,low,medium,9,8,816008,false,rho_l_outside_target_bin,0.3571428571428571428571428571,0.4469273743016759776536312849
EXP-07,exp07_n8_wide_layered_lognormal_rhmedium_s09,n8_wide_layered_lognormal_rhmedium,8,wide_layered,lognormal,low,medium,9,9,816009,false,rho_l_outside_target_bin,0.3888888888888888888888888889,0.45
EXP-07,exp07_n8_wide_layered_lognormal_rhmedium_s09,n8_wide_layered_lognormal_rhmedium,8,wide_layered,lognormal,low,medium,9,10,816010,false,rho_l_outside_target_bin,0.3636363636363636363636363636,0.4494382022471910112359550562
EXP-07,exp07_n8_wide_layered_lognormal_rhmedium_s09,n8_wide_layered_lognormal_rhmedium,8,wide_layered,lognormal,low,medium,9,11,816011,false,rho_l_outside_target_bin,0.3529411764705882352941176471,0.45
EXP-07,exp07_n8_wide_layered_lognormal_rhmedium_s09,n8_wide_layered_lognormal_rhmedium,8,wide_layered,lognormal,low,medium,9,12,816012,false,rho_l_outside_target_bin,0.3529411764705882352941176471,0.45
EXP-07,exp07_n8_wide_layered_lognormal_rhmedium_s09,n8_wide_layered_lognormal_rhmedium,8,wide_layered,lognormal,low,medium,9,13,816013,false,rho_l_outside_target_bin,0.3478260869565217391304347826,0.4534412955465587044534412955
EXP-07,exp07_n8_wide_layered_lognormal_rhmedium_s09,n8_wide_layered_lognormal_rhmedium,8,wide_layered,lognormal,low,medium,9,14,816014,true,accepted_all_graph_and_bin_checks,0.2941176470588235294117647059,0.4545454545454545454545454545
EXP-07,exp07_n8_wide_layered_lognormal_rhmedium_s10,n8_wide_layered_lognormal_rhmedium,8,wide_layered,lognormal,low,medium,10,0,817000,false,rho_l_outside_target_bin,0.4375,0.4534412955465587044534412955
EXP-07,exp07_n8_wide_layered_lognormal_rhmedium_s10,n8_wide_layered_lognormal_rhmedium,8,wide_layered,lognormal,low,medium,10,1,817001,false,rho_l_outside_target_bin,0.3333333333333333333333333333,0.4482758620689655172413793103
EXP-07,exp07_n8_wide_layered_lognormal_rhmedium_s10,n8_wide_layered_lognormal_rhmedium,8,wide_layered,lognormal,low,medium,10,2,817002,false,rho_l_outside_target_bin,0.4117647058823529411764705882,0.4495412844036697247706422018
EXP-07,exp07_n8_wide_layered_lognormal_rhmedium_s10,n8_wide_layered_lognormal_rhmedium,8,wide_layered,lognormal,low,medium,10,3,817003,false,rho_l_outside_target_bin,0.5,0.45
EXP-07,exp07_n8_wide_layered_lognormal_rhmedium_s10,n8_wide_layered_lognormal_rhmedium,8,wide_layered,lognormal,low,medium,10,4,817004,false,rho_l_outside_target_bin,0.4117647058823529411764705882,0.4495412844036697247706422018
EXP-07,exp07_n8_wide_layered_lognormal_rhmedium_s10,n8_wide_layered_lognormal_rhmedium,8,wide_layered,lognormal,low,medium,10,5,817005,false,rho_l_outside_target_bin,0.3636363636363636363636363636,0.4494382022471910112359550562
EXP-07,exp07_n8_wide_layered_lognormal_rhmedium_s10,n8_wide_layered_lognormal_rhmedium,8,wide_layered,lognormal,low,medium,10,6,817006,false,rho_l_outside_target_bin,0.3333333333333333333333333333,0.4482758620689655172413793103
EXP-07,exp07_n8_wide_layered_lognormal_rhmedium_s10,n8_wide_layered_lognormal_rhmedium,8,wide_layered,lognormal,low,medium,10,7,817007,false,rho_l_outside_target_bin,0.4,0.4507042253521126760563380282
EXP-07,exp07_n8_wide_layered_lognormal_rhmedium_s10,n8_wide_layered_lognormal_rhmedium,8,wide_layered,lognormal,low,medium,10,8,817008,false,rho_l_outside_target_bin,0.3888888888888888888888888889,0.45
EXP-07,exp07_n8_wide_layered_lognormal_rhmedium_s10,n8_wide_layered_lognormal_rhmedium,8,wide_layered,lognormal,low,medium,10,9,817009,false,rho_l_outside_target_bin,0.375,0.45
EXP-07,exp07_n8_wide_layered_lognormal_rhmedium_s10,n8_wide_layered_lognormal_rhmedium,8,wide_layered,lognormal,low,medium,10,10,817010,false,rho_l_outside_target_bin,0.32,0.4516129032258064516129032258
EXP-07,exp07_n8_wide_layered_lognormal_rhmedium_s10,n8_wide_layered_lognormal_rhmedium,8,wide_layered,lognormal,low,medium,10,11,817011,false,rho_l_outside_target_bin,0.3333333333333333333333333333,0.4482758620689655172413793103
EXP-07,exp07_n8_wide_layered_lognormal_rhmedium_s10,n8_wide_layered_lognormal_rhmedium,8,wide_layered,lognormal,low,medium,10,12,817012,false,rho_l_outside_target_bin,0.3333333333333333333333333333,0.4482758620689655172413793103
EXP-07,exp07_n8_wide_layered_lognormal_rhmedium_s10,n8_wide_layered_lognormal_rhmedium,8,wide_layered,lognormal,low,medium,10,13,817013,true,accepted_all_graph_and_bin_checks,0.2777777777777777777777777778,0.4518072289156626506024096386
EXP-07,exp07_n8_wide_layered_lognormal_rhmedium_s11,n8_wide_layered_lognormal_rhmedium,8,wide_layered,lognormal,low,medium,11,0,818000,false,rho_l_outside_target_bin,0.3076923076923076923076923077,0.4489795918367346938775510204
EXP-07,exp07_n8_wide_layered_lognormal_rhmedium_s11,n8_wide_layered_lognormal_rhmedium,8,wide_layered,lognormal,low,medium,11,1,818001,true,accepted_all_graph_and_bin_checks,0.2307692307692307692307692308,0.4520547945205479452054794521
EXP-07,exp07_n8_wide_layered_lognormal_rhmedium_s12,n8_wide_layered_lognormal_rhmedium,8,wide_layered,lognormal,low,medium,12,0,819000,false,rho_l_outside_target_bin,0.4166666666666666666666666667,0.4494382022471910112359550562
EXP-07,exp07_n8_wide_layered_lognormal_rhmedium_s12,n8_wide_layered_lognormal_rhmedium,8,wide_layered,lognormal,low,medium,12,1,819001,false,rho_l_outside_target_bin,0.5454545454545454545454545455,0.4520547945205479452054794521
EXP-07,exp07_n8_wide_layered_lognormal_rhmedium_s12,n8_wide_layered_lognormal_rhmedium,8,wide_layered,lognormal,low,medium,12,2,819002,true,accepted_all_graph_and_bin_checks,0.2857142857142857142857142857,0.4444444444444444444444444444
EXP-07,exp07_n8_wide_layered_lognormal_rhmedium_s13,n8_wide_layered_lognormal_rhmedium,8,wide_layered,lognormal,low,medium,13,0,820000,false,rho_l_outside_target_bin,0.3333333333333333333333333333,0.4482758620689655172413793103
EXP-07,exp07_n8_wide_layered_lognormal_rhmedium_s13,n8_wide_layered_lognormal_rhmedium,8,wide_layered,lognormal,low,medium,13,1,820001,false,rho_l_outside_target_bin,0.4117647058823529411764705882,0.4495412844036697247706422018
EXP-07,exp07_n8_wide_layered_lognormal_rhmedium_s13,n8_wide_layered_lognormal_rhmedium,8,wide_layered,lognormal,low,medium,13,2,820002,true,accepted_all_graph_and_bin_checks,0.2916666666666666666666666667,0.4516129032258064516129032258
EXP-07,exp07_n8_wide_layered_lognormal_rhmedium_s14,n8_wide_layered_lognormal_rhmedium,8,wide_layered,lognormal,low,medium,14,0,821000,false,rho_l_outside_target_bin,0.3571428571428571428571428571,0.4469273743016759776536312849
EXP-07,exp07_n8_wide_layered_lognormal_rhmedium_s14,n8_wide_layered_lognormal_rhmedium,8,wide_layered,lognormal,low,medium,14,1,821001,true,accepted_all_graph_and_bin_checks,0.25,0.4545454545454545454545454545
EXP-07,exp07_n8_wide_layered_lognormal_rhmedium_s15,n8_wide_layered_lognormal_rhmedium,8,wide_layered,lognormal,low,medium,15,0,822000,false,rho_l_outside_target_bin,0.35,0.4468085106382978723404255319
EXP-07,exp07_n8_wide_layered_lognormal_rhmedium_s15,n8_wide_layered_lognormal_rhmedium,8,wide_layered,lognormal,low,medium,15,1,822001,false,rho_l_outside_target_bin,0.4,0.4507042253521126760563380282
EXP-07,exp07_n8_wide_layered_lognormal_rhmedium_s15,n8_wide_layered_lognormal_rhmedium,8,wide_layered,lognormal,low,medium,15,2,822002,false,rho_l_outside_target_bin,0.3571428571428571428571428571,0.4469273743016759776536312849
EXP-07,exp07_n8_wide_layered_lognormal_rhmedium_s15,n8_wide_layered_lognormal_rhmedium,8,wide_layered,lognormal,low,medium,15,3,822003,false,rho_l_outside_target_bin,0.3636363636363636363636363636,0.4494382022471910112359550562
EXP-07,exp07_n8_wide_layered_lognormal_rhmedium_s15,n8_wide_layered_lognormal_rhmedium,8,wide_layered,lognormal,low,medium,15,4,822004,false,rho_l_outside_target_bin,0.3333333333333333333333333333,0.4482758620689655172413793103
EXP-07,exp07_n8_wide_layered_lognormal_rhmedium_s15,n8_wide_layered_lognormal_rhmedium,8,wide_layered,lognormal,low,medium,15,5,822005,true,accepted_all_graph_and_bin_checks,0.2666666666666666666666666667,0.45
EXP-07,exp07_n8_wide_layered_lognormal_rhmedium_s16,n8_wide_layered_lognormal_rhmedium,8,wide_layered,lognormal,low,medium,16,0,823000,false,rho_l_outside_target_bin,0.375,0.45
EXP-07,exp07_n8_wide_layered_lognormal_rhmedium_s16,n8_wide_layered_lognormal_rhmedium,8,wide_layered,lognormal,low,medium,16,1,823001,false,rho_l_outside_target_bin,0.3333333333333333333333333333,0.4482758620689655172413793103
EXP-07,exp07_n8_wide_layered_lognormal_rhmedium_s16,n8_wide_layered_lognormal_rhmedium,8,wide_layered,lognormal,low,medium,16,2,823002,false,rho_l_outside_target_bin,0.3809523809523809523809523810,0.4507042253521126760563380282
EXP-07,exp07_n8_wide_layered_lognormal_rhmedium_s16,n8_wide_layered_lognormal_rhmedium,8,wide_layered,lognormal,low,medium,16,3,823003,false,rho_l_outside_target_bin,0.4,0.4507042253521126760563380282
EXP-07,exp07_n8_wide_layered_lognormal_rhmedium_s16,n8_wide_layered_lognormal_rhmedium,8,wide_layered,lognormal,low,medium,16,4,823004,false,rho_l_outside_target_bin,0.3684210526315789473684210526,0.4495412844036697247706422018
EXP-07,exp07_n8_wide_layered_lognormal_rhmedium_s16,n8_wide_layered_lognormal_rhmedium,8,wide_layered,lognormal,low,medium,16,5,823005,true,accepted_all_graph_and_bin_checks,0.2857142857142857142857142857,0.4444444444444444444444444444
EXP-07,exp07_n8_wide_layered_lognormal_rhmedium_s17,n8_wide_layered_lognormal_rhmedium,8,wide_layered,lognormal,low,medium,17,0,824000,false,rho_l_outside_target_bin,0.3571428571428571428571428571,0.4469273743016759776536312849
EXP-07,exp07_n8_wide_layered_lognormal_rhmedium_s17,n8_wide_layered_lognormal_rhmedium,8,wide_layered,lognormal,low,medium,17,1,824001,false,rho_l_outside_target_bin,0.3888888888888888888888888889,0.45
EXP-07,exp07_n8_wide_layered_lognormal_rhmedium_s17,n8_wide_layered_lognormal_rhmedium,8,wide_layered,lognormal,low,medium,17,2,824002,true,accepted_all_graph_and_bin_checks,0.2777777777777777777777777778,0.4518072289156626506024096386
EXP-07,exp07_n8_wide_layered_lognormal_rhmedium_s18,n8_wide_layered_lognormal_rhmedium,8,wide_layered,lognormal,low,medium,18,0,825000,false,rho_l_outside_target_bin,0.3333333333333333333333333333,0.4482758620689655172413793103
EXP-07,exp07_n8_wide_layered_lognormal_rhmedium_s18,n8_wide_layered_lognormal_rhmedium,8,wide_layered,lognormal,low,medium,18,1,825001,false,rho_l_outside_target_bin,0.5,0.45
EXP-07,exp07_n8_wide_layered_lognormal_rhmedium_s18,n8_wide_layered_lognormal_rhmedium,8,wide_layered,lognormal,low,medium,18,2,825002,true,accepted_all_graph_and_bin_checks,0.25,0.4545454545454545454545454545
EXP-07,exp07_n8_wide_layered_lognormal_rhmedium_s19,n8_wide_layered_lognormal_rhmedium,8,wide_layered,lognormal,low,medium,19,0,826000,false,rho_l_outside_target_bin,0.3125,0.45
EXP-07,exp07_n8_wide_layered_lognormal_rhmedium_s19,n8_wide_layered_lognormal_rhmedium,8,wide_layered,lognormal,low,medium,19,1,826001,false,rho_l_outside_target_bin,0.45,0.45
EXP-07,exp07_n8_wide_layered_lognormal_rhmedium_s19,n8_wide_layered_lognormal_rhmedium,8,wide_layered,lognormal,low,medium,19,2,826002,false,rho_l_outside_target_bin,0.3181818181818181818181818182,0.4495412844036697247706422018
EXP-07,exp07_n8_wide_layered_lognormal_rhmedium_s19,n8_wide_layered_lognormal_rhmedium,8,wide_layered,lognormal,low,medium,19,3,826003,false,rho_l_outside_target_bin,0.3157894736842105263157894737,0.4507042253521126760563380282
EXP-07,exp07_n8_wide_layered_lognormal_rhmedium_s19,n8_wide_layered_lognormal_rhmedium,8,wide_layered,lognormal,low,medium,19,4,826004,false,rho_l_outside_target_bin,0.3181818181818181818181818182,0.4495412844036697247706422018
EXP-07,exp07_n8_wide_layered_lognormal_rhmedium_s19,n8_wide_layered_lognormal_rhmedium,8,wide_layered,lognormal,low,medium,19,5,826005,false,rho_l_outside_target_bin,0.3125,0.45
EXP-07,exp07_n8_wide_layered_lognormal_rhmedium_s19,n8_wide_layered_lognormal_rhmedium,8,wide_layered,lognormal,low,medium,19,6,826006,false,rho_l_outside_target_bin,0.4285714285714285714285714286,0.45
EXP-07,exp07_n8_wide_layered_lognormal_rhmedium_s19,n8_wide_layered_lognormal_rhmedium,8,wide_layered,lognormal,low,medium,19,7,826007,false,rho_l_outside_target_bin,0.3333333333333333333333333333,0.4482758620689655172413793103
EXP-07,exp07_n8_wide_layered_lognormal_rhmedium_s19,n8_wide_layered_lognormal_rhmedium,8,wide_layered,lognormal,low,medium,19,8,826008,false,rho_l_outside_target_bin,0.3333333333333333333333333333,0.4482758620689655172413793103
EXP-07,exp07_n8_wide_layered_lognormal_rhmedium_s19,n8_wide_layered_lognormal_rhmedium,8,wide_layered,lognormal,low,medium,19,9,826009,false,rho_l_outside_target_bin,0.4,0.4507042253521126760563380282
EXP-07,exp07_n8_wide_layered_lognormal_rhmedium_s19,n8_wide_layered_lognormal_rhmedium,8,wide_layered,lognormal,low,medium,19,10,826010,true,accepted_all_graph_and_bin_checks,0.2352941176470588235294117647,0.4507042253521126760563380282
EXP-07,exp07_n8_wide_layered_lognormal_rhhigh_s00,n8_wide_layered_lognormal_rhhigh,8,wide_layered,lognormal,low,high,0,0,807000,true,accepted_all_graph_and_bin_checks,0.2916666666666666666666666667,0.7553956834532374100719424460
EXP-07,exp07_n8_wide_layered_lognormal_rhhigh_s01,n8_wide_layered_lognormal_rhhigh,8,wide_layered,lognormal,low,high,1,0,808000,false,rho_l_outside_target_bin,0.3181818181818181818181818182,0.7520661157024793388429752066
EXP-07,exp07_n8_wide_layered_lognormal_rhhigh_s01,n8_wide_layered_lognormal_rhhigh,8,wide_layered,lognormal,low,high,1,1,808001,false,rho_l_outside_target_bin,0.3333333333333333333333333333,0.75
EXP-07,exp07_n8_wide_layered_lognormal_rhhigh_s01,n8_wide_layered_lognormal_rhhigh,8,wide_layered,lognormal,low,high,1,2,808002,false,rho_l_outside_target_bin,0.3333333333333333333333333333,0.75
EXP-07,exp07_n8_wide_layered_lognormal_rhhigh_s01,n8_wide_layered_lognormal_rhhigh,8,wide_layered,lognormal,low,high,1,3,808003,true,accepted_all_graph_and_bin_checks,0.2941176470588235294117647059,0.7446808510638297872340425532
EXP-07,exp07_n8_wide_layered_lognormal_rhhigh_s02,n8_wide_layered_lognormal_rhhigh,8,wide_layered,lognormal,low,high,2,0,809000,false,rho_l_outside_target_bin,0.3333333333333333333333333333,0.75
EXP-07,exp07_n8_wide_layered_lognormal_rhhigh_s02,n8_wide_layered_lognormal_rhhigh,8,wide_layered,lognormal,low,high,2,1,809001,false,rho_l_outside_target_bin,0.4,0.75
EXP-07,exp07_n8_wide_layered_lognormal_rhhigh_s02,n8_wide_layered_lognormal_rhhigh,8,wide_layered,lognormal,low,high,2,2,809002,false,rho_l_outside_target_bin,0.3636363636363636363636363636,0.7529411764705882352941176471
EXP-07,exp07_n8_wide_layered_lognormal_rhhigh_s02,n8_wide_layered_lognormal_rhhigh,8,wide_layered,lognormal,low,high,2,3,809003,true,accepted_all_graph_and_bin_checks,0.2666666666666666666666666667,0.7441860465116279069767441860
EXP-07,exp07_n8_wide_layered_lognormal_rhhigh_s03,n8_wide_layered_lognormal_rhhigh,8,wide_layered,lognormal,low,high,3,0,810000,false,rho_l_outside_target_bin,0.3,0.75
EXP-07,exp07_n8_wide_layered_lognormal_rhhigh_s03,n8_wide_layered_lognormal_rhhigh,8,wide_layered,lognormal,low,high,3,1,810001,false,rho_l_outside_target_bin,0.3529411764705882352941176471,0.75
EXP-07,exp07_n8_wide_layered_lognormal_rhhigh_s03,n8_wide_layered_lognormal_rhhigh,8,wide_layered,lognormal,low,high,3,2,810002,false,rho_l_outside_target_bin,0.3333333333333333333333333333,0.75
EXP-07,exp07_n8_wide_layered_lognormal_rhhigh_s03,n8_wide_layered_lognormal_rhhigh,8,wide_layered,lognormal,low,high,3,3,810003,false,rho_l_outside_target_bin,0.3684210526315789473684210526,0.7446808510638297872340425532
EXP-07,exp07_n8_wide_layered_lognormal_rhhigh_s03,n8_wide_layered_lognormal_rhhigh,8,wide_layered,lognormal,low,high,3,4,810004,false,rho_l_outside_target_bin,0.4117647058823529411764705882,0.7520661157024793388429752066
EXP-07,exp07_n8_wide_layered_lognormal_rhhigh_s03,n8_wide_layered_lognormal_rhhigh,8,wide_layered,lognormal,low,high,3,5,810005,true,accepted_all_graph_and_bin_checks,0.2666666666666666666666666667,0.7441860465116279069767441860
EXP-07,exp07_n8_wide_layered_lognormal_rhhigh_s04,n8_wide_layered_lognormal_rhhigh,8,wide_layered,lognormal,low,high,4,0,811000,false,rho_l_outside_target_bin,0.3333333333333333333333333333,0.75
EXP-07,exp07_n8_wide_layered_lognormal_rhhigh_s04,n8_wide_layered_lognormal_rhhigh,8,wide_layered,lognormal,low,high,4,1,811001,false,rho_l_outside_target_bin,0.3181818181818181818181818182,0.7520661157024793388429752066
EXP-07,exp07_n8_wide_layered_lognormal_rhhigh_s04,n8_wide_layered_lognormal_rhhigh,8,wide_layered,lognormal,low,high,4,2,811002,true,accepted_all_graph_and_bin_checks,0.2857142857142857142857142857,0.75
EXP-07,exp07_n8_wide_layered_lognormal_rhhigh_s05,n8_wide_layered_lognormal_rhhigh,8,wide_layered,lognormal,low,high,5,0,812000,false,rho_l_outside_target_bin,0.3333333333333333333333333333,0.75
EXP-07,exp07_n8_wide_layered_lognormal_rhhigh_s05,n8_wide_layered_lognormal_rhhigh,8,wide_layered,lognormal,low,high,5,1,812001,false,rho_l_outside_target_bin,0.4375,0.7446808510638297872340425532
EXP-07,exp07_n8_wide_layered_lognormal_rhhigh_s05,n8_wide_layered_lognormal_rhhigh,8,wide_layered,lognormal,low,high,5,2,812002,false,rho_l_outside_target_bin,0.4666666666666666666666666667,0.7538461538461538461538461538
EXP-07,exp07_n8_wide_layered_lognormal_rhhigh_s05,n8_wide_layered_lognormal_rhhigh,8,wide_layered,lognormal,low,high,5,3,812003,false,rho_l_outside_target_bin,0.3076923076923076923076923077,0.7567567567567567567567567568
EXP-07,exp07_n8_wide_layered_lognormal_rhhigh_s05,n8_wide_layered_lognormal_rhhigh,8,wide_layered,lognormal,low,high,5,4,812004,false,rho_l_outside_target_bin,0.3157894736842105263157894737,0.75
EXP-07,exp07_n8_wide_layered_lognormal_rhhigh_s05,n8_wide_layered_lognormal_rhhigh,8,wide_layered,lognormal,low,high,5,5,812005,false,rho_l_outside_target_bin,0.4347826086956521739130434783,0.7547169811320754716981132075
EXP-07,exp07_n8_wide_layered_lognormal_rhhigh_s05,n8_wide_layered_lognormal_rhhigh,8,wide_layered,lognormal,low,high,5,6,812006,false,rho_l_outside_target_bin,0.4444444444444444444444444444,0.75
EXP-07,exp07_n8_wide_layered_lognormal_rhhigh_s05,n8_wide_layered_lognormal_rhhigh,8,wide_layered,lognormal,low,high,5,7,812007,false,rho_l_outside_target_bin,0.5,0.75
EXP-07,exp07_n8_wide_layered_lognormal_rhhigh_s05,n8_wide_layered_lognormal_rhhigh,8,wide_layered,lognormal,low,high,5,8,812008,false,rho_l_outside_target_bin,0.3157894736842105263157894737,0.75
EXP-07,exp07_n8_wide_layered_lognormal_rhhigh_s05,n8_wide_layered_lognormal_rhhigh,8,wide_layered,lognormal,low,high,5,9,812009,false,rho_l_outside_target_bin,0.4285714285714285714285714286,0.75
EXP-07,exp07_n8_wide_layered_lognormal_rhhigh_s05,n8_wide_layered_lognormal_rhhigh,8,wide_layered,lognormal,low,high,5,10,812010,false,rho_l_outside_target_bin,0.3333333333333333333333333333,0.75
EXP-07,exp07_n8_wide_layered_lognormal_rhhigh_s05,n8_wide_layered_lognormal_rhhigh,8,wide_layered,lognormal,low,high,5,11,812011,false,rho_l_outside_target_bin,0.3478260869565217391304347826,0.7457627118644067796610169492
EXP-07,exp07_n8_wide_layered_lognormal_rhhigh_s05,n8_wide_layered_lognormal_rhhigh,8,wide_layered,lognormal,low,high,5,12,812012,false,rho_l_outside_target_bin,0.3333333333333333333333333333,0.75
EXP-07,exp07_n8_wide_layered_lognormal_rhhigh_s05,n8_wide_layered_lognormal_rhhigh,8,wide_layered,lognormal,low,high,5,13,812013,false,rho_l_outside_target_bin,0.4,0.75
EXP-07,exp07_n8_wide_layered_lognormal_rhhigh_s05,n8_wide_layered_lognormal_rhhigh,8,wide_layered,lognormal,low,high,5,14,812014,true,accepted_all_graph_and_bin_checks,0.2941176470588235294117647059,0.7446808510638297872340425532
EXP-07,exp07_n8_wide_layered_lognormal_rhhigh_s06,n8_wide_layered_lognormal_rhhigh,8,wide_layered,lognormal,low,high,6,0,813000,false,rho_l_outside_target_bin,0.3809523809523809523809523810,0.7547169811320754716981132075
EXP-07,exp07_n8_wide_layered_lognormal_rhhigh_s06,n8_wide_layered_lognormal_rhhigh,8,wide_layered,lognormal,low,high,6,1,813001,false,rho_l_outside_target_bin,0.4210526315789473684210526316,0.7441860465116279069767441860
EXP-07,exp07_n8_wide_layered_lognormal_rhhigh_s06,n8_wide_layered_lognormal_rhhigh,8,wide_layered,lognormal,low,high,6,2,813002,false,rho_l_outside_target_bin,0.3125,0.7471264367816091954022988506
EXP-07,exp07_n8_wide_layered_lognormal_rhhigh_s06,n8_wide_layered_lognormal_rhhigh,8,wide_layered,lognormal,low,high,6,3,813003,false,rho_l_outside_target_bin,0.3333333333333333333333333333,0.75
EXP-07,exp07_n8_wide_layered_lognormal_rhhigh_s06,n8_wide_layered_lognormal_rhhigh,8,wide_layered,lognormal,low,high,6,4,813004,false,rho_l_outside_target_bin,0.4,0.75
EXP-07,exp07_n8_wide_layered_lognormal_rhhigh_s06,n8_wide_layered_lognormal_rhhigh,8,wide_layered,lognormal,low,high,6,5,813005,true,accepted_all_graph_and_bin_checks,0.2777777777777777777777777778,0.7547169811320754716981132075
EXP-07,exp07_n8_wide_layered_lognormal_rhhigh_s07,n8_wide_layered_lognormal_rhhigh,8,wide_layered,lognormal,low,high,7,0,814000,false,rho_l_outside_target_bin,0.45,0.75
EXP-07,exp07_n8_wide_layered_lognormal_rhhigh_s07,n8_wide_layered_lognormal_rhhigh,8,wide_layered,lognormal,low,high,7,1,814001,false,rho_l_outside_target_bin,0.3809523809523809523809523810,0.7547169811320754716981132075
EXP-07,exp07_n8_wide_layered_lognormal_rhhigh_s07,n8_wide_layered_lognormal_rhhigh,8,wide_layered,lognormal,low,high,7,2,814002,false,rho_l_outside_target_bin,0.5,0.75
EXP-07,exp07_n8_wide_layered_lognormal_rhhigh_s07,n8_wide_layered_lognormal_rhhigh,8,wide_layered,lognormal,low,high,7,3,814003,false,rho_l_outside_target_bin,0.3529411764705882352941176471,0.75
EXP-07,exp07_n8_wide_layered_lognormal_rhhigh_s07,n8_wide_layered_lognormal_rhhigh,8,wide_layered,lognormal,low,high,7,4,814004,false,rho_l_outside_target_bin,0.4166666666666666666666666667,0.7558139534883720930232558140
EXP-07,exp07_n8_wide_layered_lognormal_rhhigh_s07,n8_wide_layered_lognormal_rhhigh,8,wide_layered,lognormal,low,high,7,5,814005,false,rho_l_outside_target_bin,0.3076923076923076923076923077,0.7567567567567567567567567568
EXP-07,exp07_n8_wide_layered_lognormal_rhhigh_s07,n8_wide_layered_lognormal_rhhigh,8,wide_layered,lognormal,low,high,7,6,814006,false,rho_l_outside_target_bin,0.35,0.7475728155339805825242718447
EXP-07,exp07_n8_wide_layered_lognormal_rhhigh_s07,n8_wide_layered_lognormal_rhhigh,8,wide_layered,lognormal,low,high,7,7,814007,false,rho_l_outside_target_bin,0.3529411764705882352941176471,0.75
EXP-07,exp07_n8_wide_layered_lognormal_rhhigh_s07,n8_wide_layered_lognormal_rhhigh,8,wide_layered,lognormal,low,high,7,8,814008,false,rho_l_outside_target_bin,0.3076923076923076923076923077,0.7567567567567567567567567568
EXP-07,exp07_n8_wide_layered_lognormal_rhhigh_s07,n8_wide_layered_lognormal_rhhigh,8,wide_layered,lognormal,low,high,7,9,814009,false,rho_l_outside_target_bin,0.3684210526315789473684210526,0.7446808510638297872340425532
EXP-07,exp07_n8_wide_layered_lognormal_rhhigh_s07,n8_wide_layered_lognormal_rhhigh,8,wide_layered,lognormal,low,high,7,10,814010,false,rho_l_outside_target_bin,0.3125,0.7471264367816091954022988506
EXP-07,exp07_n8_wide_layered_lognormal_rhhigh_s07,n8_wide_layered_lognormal_rhhigh,8,wide_layered,lognormal,low,high,7,11,814011,false,rho_l_outside_target_bin,0.35,0.7475728155339805825242718447
EXP-07,exp07_n8_wide_layered_lognormal_rhhigh_s07,n8_wide_layered_lognormal_rhhigh,8,wide_layered,lognormal,low,high,7,12,814012,true,accepted_all_graph_and_bin_checks,0.2857142857142857142857142857,0.75
EXP-07,exp07_n8_wide_layered_lognormal_rhhigh_s08,n8_wide_layered_lognormal_rhhigh,8,wide_layered,lognormal,low,high,8,0,815000,false,rho_l_outside_target_bin,0.4705882352941176470588235294,0.7476635514018691588785046729
EXP-07,exp07_n8_wide_layered_lognormal_rhhigh_s08,n8_wide_layered_lognormal_rhhigh,8,wide_layered,lognormal,low,high,8,1,815001,true,accepted_all_graph_and_bin_checks,0.2727272727272727272727272727,0.75
EXP-07,exp07_n8_wide_layered_lognormal_rhhigh_s09,n8_wide_layered_lognormal_rhhigh,8,wide_layered,lognormal,low,high,9,0,816000,false,rho_l_outside_target_bin,0.3529411764705882352941176471,0.75
EXP-07,exp07_n8_wide_layered_lognormal_rhhigh_s09,n8_wide_layered_lognormal_rhhigh,8,wide_layered,lognormal,low,high,9,1,816001,false,rho_l_outside_target_bin,0.4117647058823529411764705882,0.7520661157024793388429752066
EXP-07,exp07_n8_wide_layered_lognormal_rhhigh_s09,n8_wide_layered_lognormal_rhhigh,8,wide_layered,lognormal,low,high,9,2,816002,false,rho_l_outside_target_bin,0.3,0.75
EXP-07,exp07_n8_wide_layered_lognormal_rhhigh_s09,n8_wide_layered_lognormal_rhhigh,8,wide_layered,lognormal,low,high,9,3,816003,false,rho_l_outside_target_bin,0.4615384615384615384615384615,0.75
EXP-07,exp07_n8_wide_layered_lognormal_rhhigh_s09,n8_wide_layered_lognormal_rhhigh,8,wide_layered,lognormal,low,high,9,4,816004,false,rho_l_outside_target_bin,0.3888888888888888888888888889,0.7480916030534351145038167939
EXP-07,exp07_n8_wide_layered_lognormal_rhhigh_s09,n8_wide_layered_lognormal_rhhigh,8,wide_layered,lognormal,low,high,9,5,816005,false,rho_l_outside_target_bin,0.45,0.75
EXP-07,exp07_n8_wide_layered_lognormal_rhhigh_s09,n8_wide_layered_lognormal_rhhigh,8,wide_layered,lognormal,low,high,9,6,816006,false,rho_l_outside_target_bin,0.3333333333333333333333333333,0.75
EXP-07,exp07_n8_wide_layered_lognormal_rhhigh_s09,n8_wide_layered_lognormal_rhhigh,8,wide_layered,lognormal,low,high,9,7,816007,false,rho_l_outside_target_bin,0.4705882352941176470588235294,0.7476635514018691588785046729
EXP-07,exp07_n8_wide_layered_lognormal_rhhigh_s09,n8_wide_layered_lognormal_rhhigh,8,wide_layered,lognormal,low,high,9,8,816008,false,rho_l_outside_target_bin,0.3571428571428571428571428571,0.7476635514018691588785046729
EXP-07,exp07_n8_wide_layered_lognormal_rhhigh_s09,n8_wide_layered_lognormal_rhhigh,8,wide_layered,lognormal,low,high,9,9,816009,false,rho_l_outside_target_bin,0.3888888888888888888888888889,0.7480916030534351145038167939
EXP-07,exp07_n8_wide_layered_lognormal_rhhigh_s09,n8_wide_layered_lognormal_rhhigh,8,wide_layered,lognormal,low,high,9,10,816010,false,rho_l_outside_target_bin,0.3636363636363636363636363636,0.7529411764705882352941176471
EXP-07,exp07_n8_wide_layered_lognormal_rhhigh_s09,n8_wide_layered_lognormal_rhhigh,8,wide_layered,lognormal,low,high,9,11,816011,false,rho_l_outside_target_bin,0.3529411764705882352941176471,0.75
EXP-07,exp07_n8_wide_layered_lognormal_rhhigh_s09,n8_wide_layered_lognormal_rhhigh,8,wide_layered,lognormal,low,high,9,12,816012,false,rho_l_outside_target_bin,0.3529411764705882352941176471,0.75
EXP-07,exp07_n8_wide_layered_lognormal_rhhigh_s09,n8_wide_layered_lognormal_rhhigh,8,wide_layered,lognormal,low,high,9,13,816013,false,rho_l_outside_target_bin,0.3478260869565217391304347826,0.7457627118644067796610169492
EXP-07,exp07_n8_wide_layered_lognormal_rhhigh_s09,n8_wide_layered_lognormal_rhhigh,8,wide_layered,lognormal,low,high,9,14,816014,true,accepted_all_graph_and_bin_checks,0.2941176470588235294117647059,0.7446808510638297872340425532
EXP-07,exp07_n8_wide_layered_lognormal_rhhigh_s10,n8_wide_layered_lognormal_rhhigh,8,wide_layered,lognormal,low,high,10,0,817000,false,rho_l_outside_target_bin,0.4375,0.7446808510638297872340425532
EXP-07,exp07_n8_wide_layered_lognormal_rhhigh_s10,n8_wide_layered_lognormal_rhhigh,8,wide_layered,lognormal,low,high,10,1,817001,false,rho_l_outside_target_bin,0.3333333333333333333333333333,0.75
EXP-07,exp07_n8_wide_layered_lognormal_rhhigh_s10,n8_wide_layered_lognormal_rhhigh,8,wide_layered,lognormal,low,high,10,2,817002,false,rho_l_outside_target_bin,0.4117647058823529411764705882,0.7520661157024793388429752066
EXP-07,exp07_n8_wide_layered_lognormal_rhhigh_s10,n8_wide_layered_lognormal_rhhigh,8,wide_layered,lognormal,low,high,10,3,817003,false,rho_l_outside_target_bin,0.5,0.75
EXP-07,exp07_n8_wide_layered_lognormal_rhhigh_s10,n8_wide_layered_lognormal_rhhigh,8,wide_layered,lognormal,low,high,10,4,817004,false,rho_l_outside_target_bin,0.4117647058823529411764705882,0.7520661157024793388429752066
EXP-07,exp07_n8_wide_layered_lognormal_rhhigh_s10,n8_wide_layered_lognormal_rhhigh,8,wide_layered,lognormal,low,high,10,5,817005,false,rho_l_outside_target_bin,0.3636363636363636363636363636,0.7529411764705882352941176471
EXP-07,exp07_n8_wide_layered_lognormal_rhhigh_s10,n8_wide_layered_lognormal_rhhigh,8,wide_layered,lognormal,low,high,10,6,817006,false,rho_l_outside_target_bin,0.3333333333333333333333333333,0.75
EXP-07,exp07_n8_wide_layered_lognormal_rhhigh_s10,n8_wide_layered_lognormal_rhhigh,8,wide_layered,lognormal,low,high,10,7,817007,false,rho_l_outside_target_bin,0.4,0.75
EXP-07,exp07_n8_wide_layered_lognormal_rhhigh_s10,n8_wide_layered_lognormal_rhhigh,8,wide_layered,lognormal,low,high,10,8,817008,false,rho_l_outside_target_bin,0.3888888888888888888888888889,0.7480916030534351145038167939
EXP-07,exp07_n8_wide_layered_lognormal_rhhigh_s10,n8_wide_layered_lognormal_rhhigh,8,wide_layered,lognormal,low,high,10,9,817009,false,rho_l_outside_target_bin,0.375,0.75
EXP-07,exp07_n8_wide_layered_lognormal_rhhigh_s10,n8_wide_layered_lognormal_rhhigh,8,wide_layered,lognormal,low,high,10,10,817010,false,rho_l_outside_target_bin,0.32,0.7536231884057971014492753623
EXP-07,exp07_n8_wide_layered_lognormal_rhhigh_s10,n8_wide_layered_lognormal_rhhigh,8,wide_layered,lognormal,low,high,10,11,817011,false,rho_l_outside_target_bin,0.3333333333333333333333333333,0.75
EXP-07,exp07_n8_wide_layered_lognormal_rhhigh_s10,n8_wide_layered_lognormal_rhhigh,8,wide_layered,lognormal,low,high,10,12,817012,false,rho_l_outside_target_bin,0.3333333333333333333333333333,0.75
EXP-07,exp07_n8_wide_layered_lognormal_rhhigh_s10,n8_wide_layered_lognormal_rhhigh,8,wide_layered,lognormal,low,high,10,13,817013,true,accepted_all_graph_and_bin_checks,0.2777777777777777777777777778,0.7547169811320754716981132075
EXP-07,exp07_n8_wide_layered_lognormal_rhhigh_s11,n8_wide_layered_lognormal_rhhigh,8,wide_layered,lognormal,low,high,11,0,818000,false,rho_l_outside_target_bin,0.3076923076923076923076923077,0.7567567567567567567567567568
EXP-07,exp07_n8_wide_layered_lognormal_rhhigh_s11,n8_wide_layered_lognormal_rhhigh,8,wide_layered,lognormal,low,high,11,1,818001,true,accepted_all_graph_and_bin_checks,0.2307692307692307692307692308,0.75
EXP-07,exp07_n8_wide_layered_lognormal_rhhigh_s12,n8_wide_layered_lognormal_rhhigh,8,wide_layered,lognormal,low,high,12,0,819000,false,rho_l_outside_target_bin,0.4166666666666666666666666667,0.7558139534883720930232558140
EXP-07,exp07_n8_wide_layered_lognormal_rhhigh_s12,n8_wide_layered_lognormal_rhhigh,8,wide_layered,lognormal,low,high,12,1,819001,false,rho_l_outside_target_bin,0.5454545454545454545454545455,0.75
EXP-07,exp07_n8_wide_layered_lognormal_rhhigh_s12,n8_wide_layered_lognormal_rhhigh,8,wide_layered,lognormal,low,high,12,2,819002,true,accepted_all_graph_and_bin_checks,0.2857142857142857142857142857,0.75
EXP-07,exp07_n8_wide_layered_lognormal_rhhigh_s13,n8_wide_layered_lognormal_rhhigh,8,wide_layered,lognormal,low,high,13,0,820000,false,rho_l_outside_target_bin,0.3333333333333333333333333333,0.75
EXP-07,exp07_n8_wide_layered_lognormal_rhhigh_s13,n8_wide_layered_lognormal_rhhigh,8,wide_layered,lognormal,low,high,13,1,820001,false,rho_l_outside_target_bin,0.4117647058823529411764705882,0.7520661157024793388429752066
EXP-07,exp07_n8_wide_layered_lognormal_rhhigh_s13,n8_wide_layered_lognormal_rhhigh,8,wide_layered,lognormal,low,high,13,2,820002,true,accepted_all_graph_and_bin_checks,0.2916666666666666666666666667,0.7553956834532374100719424460
EXP-07,exp07_n8_wide_layered_lognormal_rhhigh_s14,n8_wide_layered_lognormal_rhhigh,8,wide_layered,lognormal,low,high,14,0,821000,false,rho_l_outside_target_bin,0.3571428571428571428571428571,0.7476635514018691588785046729
EXP-07,exp07_n8_wide_layered_lognormal_rhhigh_s14,n8_wide_layered_lognormal_rhhigh,8,wide_layered,lognormal,low,high,14,1,821001,true,accepted_all_graph_and_bin_checks,0.25,0.75
EXP-07,exp07_n8_wide_layered_lognormal_rhhigh_s15,n8_wide_layered_lognormal_rhhigh,8,wide_layered,lognormal,low,high,15,0,822000,false,rho_l_outside_target_bin,0.35,0.7475728155339805825242718447
EXP-07,exp07_n8_wide_layered_lognormal_rhhigh_s15,n8_wide_layered_lognormal_rhhigh,8,wide_layered,lognormal,low,high,15,1,822001,false,rho_l_outside_target_bin,0.4,0.75
EXP-07,exp07_n8_wide_layered_lognormal_rhhigh_s15,n8_wide_layered_lognormal_rhhigh,8,wide_layered,lognormal,low,high,15,2,822002,false,rho_l_outside_target_bin,0.3571428571428571428571428571,0.7476635514018691588785046729
EXP-07,exp07_n8_wide_layered_lognormal_rhhigh_s15,n8_wide_layered_lognormal_rhhigh,8,wide_layered,lognormal,low,high,15,3,822003,false,rho_l_outside_target_bin,0.3636363636363636363636363636,0.7529411764705882352941176471
EXP-07,exp07_n8_wide_layered_lognormal_rhhigh_s15,n8_wide_layered_lognormal_rhhigh,8,wide_layered,lognormal,low,high,15,4,822004,false,rho_l_outside_target_bin,0.3333333333333333333333333333,0.75
EXP-07,exp07_n8_wide_layered_lognormal_rhhigh_s15,n8_wide_layered_lognormal_rhhigh,8,wide_layered,lognormal,low,high,15,5,822005,true,accepted_all_graph_and_bin_checks,0.2666666666666666666666666667,0.7441860465116279069767441860
EXP-07,exp07_n8_wide_layered_lognormal_rhhigh_s16,n8_wide_layered_lognormal_rhhigh,8,wide_layered,lognormal,low,high,16,0,823000,false,rho_l_outside_target_bin,0.375,0.75
EXP-07,exp07_n8_wide_layered_lognormal_rhhigh_s16,n8_wide_layered_lognormal_rhhigh,8,wide_layered,lognormal,low,high,16,1,823001,false,rho_l_outside_target_bin,0.3333333333333333333333333333,0.75
EXP-07,exp07_n8_wide_layered_lognormal_rhhigh_s16,n8_wide_layered_lognormal_rhhigh,8,wide_layered,lognormal,low,high,16,2,823002,false,rho_l_outside_target_bin,0.3809523809523809523809523810,0.7547169811320754716981132075
EXP-07,exp07_n8_wide_layered_lognormal_rhhigh_s16,n8_wide_layered_lognormal_rhhigh,8,wide_layered,lognormal,low,high,16,3,823003,false,rho_l_outside_target_bin,0.4,0.75
EXP-07,exp07_n8_wide_layered_lognormal_rhhigh_s16,n8_wide_layered_lognormal_rhhigh,8,wide_layered,lognormal,low,high,16,4,823004,false,rho_l_outside_target_bin,0.3684210526315789473684210526,0.7446808510638297872340425532
EXP-07,exp07_n8_wide_layered_lognormal_rhhigh_s16,n8_wide_layered_lognormal_rhhigh,8,wide_layered,lognormal,low,high,16,5,823005,true,accepted_all_graph_and_bin_checks,0.2857142857142857142857142857,0.75
EXP-07,exp07_n8_wide_layered_lognormal_rhhigh_s17,n8_wide_layered_lognormal_rhhigh,8,wide_layered,lognormal,low,high,17,0,824000,false,rho_l_outside_target_bin,0.3571428571428571428571428571,0.7476635514018691588785046729
EXP-07,exp07_n8_wide_layered_lognormal_rhhigh_s17,n8_wide_layered_lognormal_rhhigh,8,wide_layered,lognormal,low,high,17,1,824001,false,rho_l_outside_target_bin,0.3888888888888888888888888889,0.7480916030534351145038167939
EXP-07,exp07_n8_wide_layered_lognormal_rhhigh_s17,n8_wide_layered_lognormal_rhhigh,8,wide_layered,lognormal,low,high,17,2,824002,true,accepted_all_graph_and_bin_checks,0.2777777777777777777777777778,0.7547169811320754716981132075
EXP-07,exp07_n8_wide_layered_lognormal_rhhigh_s18,n8_wide_layered_lognormal_rhhigh,8,wide_layered,lognormal,low,high,18,0,825000,false,rho_l_outside_target_bin,0.3333333333333333333333333333,0.75
EXP-07,exp07_n8_wide_layered_lognormal_rhhigh_s18,n8_wide_layered_lognormal_rhhigh,8,wide_layered,lognormal,low,high,18,1,825001,false,rho_l_outside_target_bin,0.5,0.75
EXP-07,exp07_n8_wide_layered_lognormal_rhhigh_s18,n8_wide_layered_lognormal_rhhigh,8,wide_layered,lognormal,low,high,18,2,825002,true,accepted_all_graph_and_bin_checks,0.25,0.75
EXP-07,exp07_n8_wide_layered_lognormal_rhhigh_s19,n8_wide_layered_lognormal_rhhigh,8,wide_layered,lognormal,low,high,19,0,826000,false,rho_l_outside_target_bin,0.3125,0.7471264367816091954022988506
EXP-07,exp07_n8_wide_layered_lognormal_rhhigh_s19,n8_wide_layered_lognormal_rhhigh,8,wide_layered,lognormal,low,high,19,1,826001,false,rho_l_outside_target_bin,0.45,0.75
EXP-07,exp07_n8_wide_layered_lognormal_rhhigh_s19,n8_wide_layered_lognormal_rhhigh,8,wide_layered,lognormal,low,high,19,2,826002,false,rho_l_outside_target_bin,0.3181818181818181818181818182,0.7520661157024793388429752066
EXP-07,exp07_n8_wide_layered_lognormal_rhhigh_s19,n8_wide_layered_lognormal_rhhigh,8,wide_layered,lognormal,low,high,19,3,826003,false,rho_l_outside_target_bin,0.3157894736842105263157894737,0.75
EXP-07,exp07_n8_wide_layered_lognormal_rhhigh_s19,n8_wide_layered_lognormal_rhhigh,8,wide_layered,lognormal,low,high,19,4,826004,false,rho_l_outside_target_bin,0.3181818181818181818181818182,0.7520661157024793388429752066
EXP-07,exp07_n8_wide_layered_lognormal_rhhigh_s19,n8_wide_layered_lognormal_rhhigh,8,wide_layered,lognormal,low,high,19,5,826005,false,rho_l_outside_target_bin,0.3125,0.7471264367816091954022988506
EXP-07,exp07_n8_wide_layered_lognormal_rhhigh_s19,n8_wide_layered_lognormal_rhhigh,8,wide_layered,lognormal,low,high,19,6,826006,false,rho_l_outside_target_bin,0.4285714285714285714285714286,0.75
EXP-07,exp07_n8_wide_layered_lognormal_rhhigh_s19,n8_wide_layered_lognormal_rhhigh,8,wide_layered,lognormal,low,high,19,7,826007,false,rho_l_outside_target_bin,0.3333333333333333333333333333,0.75
EXP-07,exp07_n8_wide_layered_lognormal_rhhigh_s19,n8_wide_layered_lognormal_rhhigh,8,wide_layered,lognormal,low,high,19,8,826008,false,rho_l_outside_target_bin,0.3333333333333333333333333333,0.75
EXP-07,exp07_n8_wide_layered_lognormal_rhhigh_s19,n8_wide_layered_lognormal_rhhigh,8,wide_layered,lognormal,low,high,19,9,826009,false,rho_l_outside_target_bin,0.4,0.75
EXP-07,exp07_n8_wide_layered_lognormal_rhhigh_s19,n8_wide_layered_lognormal_rhhigh,8,wide_layered,lognormal,low,high,19,10,826010,true,accepted_all_graph_and_bin_checks,0.2352941176470588235294117647,0.7547169811320754716981132075
EXP-07,exp07_n8_mixed_homogeneous_rhlow_s00,n8_mixed_homogeneous_rhlow,8,mixed,homogeneous,medium,low,0,0,907000,true,accepted_all_graph_and_bin_checks,0.5,0.1818181818181818181818181818
EXP-07,exp07_n8_mixed_homogeneous_rhlow_s01,n8_mixed_homogeneous_rhlow,8,mixed,homogeneous,medium,low,1,0,908000,true,accepted_all_graph_and_bin_checks,0.5,0.1818181818181818181818181818
EXP-07,exp07_n8_mixed_homogeneous_rhlow_s02,n8_mixed_homogeneous_rhlow,8,mixed,homogeneous,medium,low,2,0,909000,true,accepted_all_graph_and_bin_checks,0.5,0.1818181818181818181818181818
EXP-07,exp07_n8_mixed_homogeneous_rhlow_s03,n8_mixed_homogeneous_rhlow,8,mixed,homogeneous,medium,low,3,0,910000,true,accepted_all_graph_and_bin_checks,0.5,0.1818181818181818181818181818
EXP-07,exp07_n8_mixed_homogeneous_rhlow_s04,n8_mixed_homogeneous_rhlow,8,mixed,homogeneous,medium,low,4,0,911000,true,accepted_all_graph_and_bin_checks,0.5,0.1818181818181818181818181818
EXP-07,exp07_n8_mixed_homogeneous_rhlow_s05,n8_mixed_homogeneous_rhlow,8,mixed,homogeneous,medium,low,5,0,912000,true,accepted_all_graph_and_bin_checks,0.5,0.1818181818181818181818181818
EXP-07,exp07_n8_mixed_homogeneous_rhlow_s06,n8_mixed_homogeneous_rhlow,8,mixed,homogeneous,medium,low,6,0,913000,true,accepted_all_graph_and_bin_checks,0.5,0.1818181818181818181818181818
EXP-07,exp07_n8_mixed_homogeneous_rhlow_s07,n8_mixed_homogeneous_rhlow,8,mixed,homogeneous,medium,low,7,0,914000,true,accepted_all_graph_and_bin_checks,0.5,0.1818181818181818181818181818
EXP-07,exp07_n8_mixed_homogeneous_rhlow_s08,n8_mixed_homogeneous_rhlow,8,mixed,homogeneous,medium,low,8,0,915000,true,accepted_all_graph_and_bin_checks,0.5,0.1818181818181818181818181818
EXP-07,exp07_n8_mixed_homogeneous_rhlow_s09,n8_mixed_homogeneous_rhlow,8,mixed,homogeneous,medium,low,9,0,916000,true,accepted_all_graph_and_bin_checks,0.5,0.1818181818181818181818181818
EXP-07,exp07_n8_mixed_homogeneous_rhlow_s10,n8_mixed_homogeneous_rhlow,8,mixed,homogeneous,medium,low,10,0,917000,true,accepted_all_graph_and_bin_checks,0.5,0.1818181818181818181818181818
EXP-07,exp07_n8_mixed_homogeneous_rhlow_s11,n8_mixed_homogeneous_rhlow,8,mixed,homogeneous,medium,low,11,0,918000,true,accepted_all_graph_and_bin_checks,0.5,0.1818181818181818181818181818
EXP-07,exp07_n8_mixed_homogeneous_rhlow_s12,n8_mixed_homogeneous_rhlow,8,mixed,homogeneous,medium,low,12,0,919000,true,accepted_all_graph_and_bin_checks,0.5,0.1818181818181818181818181818
EXP-07,exp07_n8_mixed_homogeneous_rhlow_s13,n8_mixed_homogeneous_rhlow,8,mixed,homogeneous,medium,low,13,0,920000,true,accepted_all_graph_and_bin_checks,0.5,0.1818181818181818181818181818
EXP-07,exp07_n8_mixed_homogeneous_rhlow_s14,n8_mixed_homogeneous_rhlow,8,mixed,homogeneous,medium,low,14,0,921000,true,accepted_all_graph_and_bin_checks,0.5,0.1818181818181818181818181818
EXP-07,exp07_n8_mixed_homogeneous_rhlow_s15,n8_mixed_homogeneous_rhlow,8,mixed,homogeneous,medium,low,15,0,922000,true,accepted_all_graph_and_bin_checks,0.5,0.1818181818181818181818181818
EXP-07,exp07_n8_mixed_homogeneous_rhlow_s16,n8_mixed_homogeneous_rhlow,8,mixed,homogeneous,medium,low,16,0,923000,true,accepted_all_graph_and_bin_checks,0.5,0.1818181818181818181818181818
EXP-07,exp07_n8_mixed_homogeneous_rhlow_s17,n8_mixed_homogeneous_rhlow,8,mixed,homogeneous,medium,low,17,0,924000,true,accepted_all_graph_and_bin_checks,0.5,0.1818181818181818181818181818
EXP-07,exp07_n8_mixed_homogeneous_rhlow_s18,n8_mixed_homogeneous_rhlow,8,mixed,homogeneous,medium,low,18,0,925000,true,accepted_all_graph_and_bin_checks,0.5,0.1818181818181818181818181818
EXP-07,exp07_n8_mixed_homogeneous_rhlow_s19,n8_mixed_homogeneous_rhlow,8,mixed,homogeneous,medium,low,19,0,926000,true,accepted_all_graph_and_bin_checks,0.5,0.1818181818181818181818181818
EXP-07,exp07_n8_mixed_homogeneous_rhmedium_s00,n8_mixed_homogeneous_rhmedium,8,mixed,homogeneous,medium,medium,0,0,907000,true,accepted_all_graph_and_bin_checks,0.5,0.45
EXP-07,exp07_n8_mixed_homogeneous_rhmedium_s01,n8_mixed_homogeneous_rhmedium,8,mixed,homogeneous,medium,medium,1,0,908000,true,accepted_all_graph_and_bin_checks,0.5,0.45
EXP-07,exp07_n8_mixed_homogeneous_rhmedium_s02,n8_mixed_homogeneous_rhmedium,8,mixed,homogeneous,medium,medium,2,0,909000,true,accepted_all_graph_and_bin_checks,0.5,0.45
EXP-07,exp07_n8_mixed_homogeneous_rhmedium_s03,n8_mixed_homogeneous_rhmedium,8,mixed,homogeneous,medium,medium,3,0,910000,true,accepted_all_graph_and_bin_checks,0.5,0.45
EXP-07,exp07_n8_mixed_homogeneous_rhmedium_s04,n8_mixed_homogeneous_rhmedium,8,mixed,homogeneous,medium,medium,4,0,911000,true,accepted_all_graph_and_bin_checks,0.5,0.45
EXP-07,exp07_n8_mixed_homogeneous_rhmedium_s05,n8_mixed_homogeneous_rhmedium,8,mixed,homogeneous,medium,medium,5,0,912000,true,accepted_all_graph_and_bin_checks,0.5,0.45
EXP-07,exp07_n8_mixed_homogeneous_rhmedium_s06,n8_mixed_homogeneous_rhmedium,8,mixed,homogeneous,medium,medium,6,0,913000,true,accepted_all_graph_and_bin_checks,0.5,0.45
EXP-07,exp07_n8_mixed_homogeneous_rhmedium_s07,n8_mixed_homogeneous_rhmedium,8,mixed,homogeneous,medium,medium,7,0,914000,true,accepted_all_graph_and_bin_checks,0.5,0.45
EXP-07,exp07_n8_mixed_homogeneous_rhmedium_s08,n8_mixed_homogeneous_rhmedium,8,mixed,homogeneous,medium,medium,8,0,915000,true,accepted_all_graph_and_bin_checks,0.5,0.45
EXP-07,exp07_n8_mixed_homogeneous_rhmedium_s09,n8_mixed_homogeneous_rhmedium,8,mixed,homogeneous,medium,medium,9,0,916000,true,accepted_all_graph_and_bin_checks,0.5,0.45
EXP-07,exp07_n8_mixed_homogeneous_rhmedium_s10,n8_mixed_homogeneous_rhmedium,8,mixed,homogeneous,medium,medium,10,0,917000,true,accepted_all_graph_and_bin_checks,0.5,0.45
EXP-07,exp07_n8_mixed_homogeneous_rhmedium_s11,n8_mixed_homogeneous_rhmedium,8,mixed,homogeneous,medium,medium,11,0,918000,true,accepted_all_graph_and_bin_checks,0.5,0.45
EXP-07,exp07_n8_mixed_homogeneous_rhmedium_s12,n8_mixed_homogeneous_rhmedium,8,mixed,homogeneous,medium,medium,12,0,919000,true,accepted_all_graph_and_bin_checks,0.5,0.45
EXP-07,exp07_n8_mixed_homogeneous_rhmedium_s13,n8_mixed_homogeneous_rhmedium,8,mixed,homogeneous,medium,medium,13,0,920000,true,accepted_all_graph_and_bin_checks,0.5,0.45
EXP-07,exp07_n8_mixed_homogeneous_rhmedium_s14,n8_mixed_homogeneous_rhmedium,8,mixed,homogeneous,medium,medium,14,0,921000,true,accepted_all_graph_and_bin_checks,0.5,0.45
EXP-07,exp07_n8_mixed_homogeneous_rhmedium_s15,n8_mixed_homogeneous_rhmedium,8,mixed,homogeneous,medium,medium,15,0,922000,true,accepted_all_graph_and_bin_checks,0.5,0.45
EXP-07,exp07_n8_mixed_homogeneous_rhmedium_s16,n8_mixed_homogeneous_rhmedium,8,mixed,homogeneous,medium,medium,16,0,923000,true,accepted_all_graph_and_bin_checks,0.5,0.45
EXP-07,exp07_n8_mixed_homogeneous_rhmedium_s17,n8_mixed_homogeneous_rhmedium,8,mixed,homogeneous,medium,medium,17,0,924000,true,accepted_all_graph_and_bin_checks,0.5,0.45
EXP-07,exp07_n8_mixed_homogeneous_rhmedium_s18,n8_mixed_homogeneous_rhmedium,8,mixed,homogeneous,medium,medium,18,0,925000,true,accepted_all_graph_and_bin_checks,0.5,0.45
EXP-07,exp07_n8_mixed_homogeneous_rhmedium_s19,n8_mixed_homogeneous_rhmedium,8,mixed,homogeneous,medium,medium,19,0,926000,true,accepted_all_graph_and_bin_checks,0.5,0.45
EXP-07,exp07_n8_mixed_homogeneous_rhhigh_s00,n8_mixed_homogeneous_rhhigh,8,mixed,homogeneous,medium,high,0,0,907000,true,accepted_all_graph_and_bin_checks,0.5,0.75
EXP-07,exp07_n8_mixed_homogeneous_rhhigh_s01,n8_mixed_homogeneous_rhhigh,8,mixed,homogeneous,medium,high,1,0,908000,true,accepted_all_graph_and_bin_checks,0.5,0.75
EXP-07,exp07_n8_mixed_homogeneous_rhhigh_s02,n8_mixed_homogeneous_rhhigh,8,mixed,homogeneous,medium,high,2,0,909000,true,accepted_all_graph_and_bin_checks,0.5,0.75
EXP-07,exp07_n8_mixed_homogeneous_rhhigh_s03,n8_mixed_homogeneous_rhhigh,8,mixed,homogeneous,medium,high,3,0,910000,true,accepted_all_graph_and_bin_checks,0.5,0.75
EXP-07,exp07_n8_mixed_homogeneous_rhhigh_s04,n8_mixed_homogeneous_rhhigh,8,mixed,homogeneous,medium,high,4,0,911000,true,accepted_all_graph_and_bin_checks,0.5,0.75
EXP-07,exp07_n8_mixed_homogeneous_rhhigh_s05,n8_mixed_homogeneous_rhhigh,8,mixed,homogeneous,medium,high,5,0,912000,true,accepted_all_graph_and_bin_checks,0.5,0.75
EXP-07,exp07_n8_mixed_homogeneous_rhhigh_s06,n8_mixed_homogeneous_rhhigh,8,mixed,homogeneous,medium,high,6,0,913000,true,accepted_all_graph_and_bin_checks,0.5,0.75
EXP-07,exp07_n8_mixed_homogeneous_rhhigh_s07,n8_mixed_homogeneous_rhhigh,8,mixed,homogeneous,medium,high,7,0,914000,true,accepted_all_graph_and_bin_checks,0.5,0.75
EXP-07,exp07_n8_mixed_homogeneous_rhhigh_s08,n8_mixed_homogeneous_rhhigh,8,mixed,homogeneous,medium,high,8,0,915000,true,accepted_all_graph_and_bin_checks,0.5,0.75
EXP-07,exp07_n8_mixed_homogeneous_rhhigh_s09,n8_mixed_homogeneous_rhhigh,8,mixed,homogeneous,medium,high,9,0,916000,true,accepted_all_graph_and_bin_checks,0.5,0.75
EXP-07,exp07_n8_mixed_homogeneous_rhhigh_s10,n8_mixed_homogeneous_rhhigh,8,mixed,homogeneous,medium,high,10,0,917000,true,accepted_all_graph_and_bin_checks,0.5,0.75
EXP-07,exp07_n8_mixed_homogeneous_rhhigh_s11,n8_mixed_homogeneous_rhhigh,8,mixed,homogeneous,medium,high,11,0,918000,true,accepted_all_graph_and_bin_checks,0.5,0.75
EXP-07,exp07_n8_mixed_homogeneous_rhhigh_s12,n8_mixed_homogeneous_rhhigh,8,mixed,homogeneous,medium,high,12,0,919000,true,accepted_all_graph_and_bin_checks,0.5,0.75
EXP-07,exp07_n8_mixed_homogeneous_rhhigh_s13,n8_mixed_homogeneous_rhhigh,8,mixed,homogeneous,medium,high,13,0,920000,true,accepted_all_graph_and_bin_checks,0.5,0.75
EXP-07,exp07_n8_mixed_homogeneous_rhhigh_s14,n8_mixed_homogeneous_rhhigh,8,mixed,homogeneous,medium,high,14,0,921000,true,accepted_all_graph_and_bin_checks,0.5,0.75
EXP-07,exp07_n8_mixed_homogeneous_rhhigh_s15,n8_mixed_homogeneous_rhhigh,8,mixed,homogeneous,medium,high,15,0,922000,true,accepted_all_graph_and_bin_checks,0.5,0.75
EXP-07,exp07_n8_mixed_homogeneous_rhhigh_s16,n8_mixed_homogeneous_rhhigh,8,mixed,homogeneous,medium,high,16,0,923000,true,accepted_all_graph_and_bin_checks,0.5,0.75
EXP-07,exp07_n8_mixed_homogeneous_rhhigh_s17,n8_mixed_homogeneous_rhhigh,8,mixed,homogeneous,medium,high,17,0,924000,true,accepted_all_graph_and_bin_checks,0.5,0.75
EXP-07,exp07_n8_mixed_homogeneous_rhhigh_s18,n8_mixed_homogeneous_rhhigh,8,mixed,homogeneous,medium,high,18,0,925000,true,accepted_all_graph_and_bin_checks,0.5,0.75
EXP-07,exp07_n8_mixed_homogeneous_rhhigh_s19,n8_mixed_homogeneous_rhhigh,8,mixed,homogeneous,medium,high,19,0,926000,true,accepted_all_graph_and_bin_checks,0.5,0.75
EXP-07,exp07_n8_mixed_lognormal_rhlow_s00,n8_mixed_lognormal_rhlow,8,mixed,lognormal,medium,low,0,0,1007000,true,accepted_all_graph_and_bin_checks,0.5625,0.1764705882352941176470588235
EXP-07,exp07_n8_mixed_lognormal_rhlow_s01,n8_mixed_lognormal_rhlow,8,mixed,lognormal,medium,low,1,0,1008000,true,accepted_all_graph_and_bin_checks,0.5882352941176470588235294118,0.1801801801801801801801801802
EXP-07,exp07_n8_mixed_lognormal_rhlow_s02,n8_mixed_lognormal_rhlow,8,mixed,lognormal,medium,low,2,0,1009000,true,accepted_all_graph_and_bin_checks,0.5333333333333333333333333333,0.1764705882352941176470588235
EXP-07,exp07_n8_mixed_lognormal_rhlow_s03,n8_mixed_lognormal_rhlow,8,mixed,lognormal,medium,low,3,0,1010000,false,rho_l_outside_target_bin,0.6190476190476190476190476190,0.1780821917808219178082191781
EXP-07,exp07_n8_mixed_lognormal_rhlow_s03,n8_mixed_lognormal_rhlow,8,mixed,lognormal,medium,low,3,1,1010001,true,accepted_all_graph_and_bin_checks,0.5294117647058823529411764706,0.1836734693877551020408163265
EXP-07,exp07_n8_mixed_lognormal_rhlow_s04,n8_mixed_lognormal_rhlow,8,mixed,lognormal,medium,low,4,0,1011000,false,rho_l_outside_target_bin,0.7142857142857142857142857143,0.1851851851851851851851851852
EXP-07,exp07_n8_mixed_lognormal_rhlow_s04,n8_mixed_lognormal_rhlow,8,mixed,lognormal,medium,low,4,1,1011001,false,rho_l_outside_target_bin,0.6190476190476190476190476190,0.1780821917808219178082191781
EXP-07,exp07_n8_mixed_lognormal_rhlow_s04,n8_mixed_lognormal_rhlow,8,mixed,lognormal,medium,low,4,2,1011002,true,accepted_all_graph_and_bin_checks,0.5833333333333333333333333333,0.1772151898734177215189873418
EXP-07,exp07_n8_mixed_lognormal_rhlow_s05,n8_mixed_lognormal_rhlow,8,mixed,lognormal,medium,low,5,0,1012000,false,rho_l_outside_target_bin,0.6470588235294117647058823529,0.1864406779661016949152542373
EXP-07,exp07_n8_mixed_lognormal_rhlow_s05,n8_mixed_lognormal_rhlow,8,mixed,lognormal,medium,low,5,1,1012001,false,rho_l_outside_target_bin,0.6111111111111111111111111111,0.1833333333333333333333333333
EXP-07,exp07_n8_mixed_lognormal_rhlow_s05,n8_mixed_lognormal_rhlow,8,mixed,lognormal,medium,low,5,2,1012002,true,accepted_all_graph_and_bin_checks,0.5882352941176470588235294118,0.1801801801801801801801801802
EXP-07,exp07_n8_mixed_lognormal_rhlow_s06,n8_mixed_lognormal_rhlow,8,mixed,lognormal,medium,low,6,0,1013000,true,accepted_all_graph_and_bin_checks,0.5714285714285714285714285714,0.1818181818181818181818181818
EXP-07,exp07_n8_mixed_lognormal_rhlow_s07,n8_mixed_lognormal_rhlow,8,mixed,lognormal,medium,low,7,0,1014000,true,accepted_all_graph_and_bin_checks,0.5,0.1818181818181818181818181818
EXP-07,exp07_n8_mixed_lognormal_rhlow_s08,n8_mixed_lognormal_rhlow,8,mixed,lognormal,medium,low,8,0,1015000,false,rho_l_outside_target_bin,0.625,0.1818181818181818181818181818
EXP-07,exp07_n8_mixed_lognormal_rhlow_s08,n8_mixed_lognormal_rhlow,8,mixed,lognormal,medium,low,8,1,1015001,true,accepted_all_graph_and_bin_checks,0.5862068965517241379310344828,0.1789473684210526315789473684
EXP-07,exp07_n8_mixed_lognormal_rhlow_s09,n8_mixed_lognormal_rhlow,8,mixed,lognormal,medium,low,9,0,1016000,false,rho_l_outside_target_bin,0.6470588235294117647058823529,0.1864406779661016949152542373
EXP-07,exp07_n8_mixed_lognormal_rhlow_s09,n8_mixed_lognormal_rhlow,8,mixed,lognormal,medium,low,9,1,1016001,true,accepted_all_graph_and_bin_checks,0.5714285714285714285714285714,0.1818181818181818181818181818
EXP-07,exp07_n8_mixed_lognormal_rhlow_s10,n8_mixed_lognormal_rhlow,8,mixed,lognormal,medium,low,10,0,1017000,false,rho_l_outside_target_bin,0.625,0.1818181818181818181818181818
EXP-07,exp07_n8_mixed_lognormal_rhlow_s10,n8_mixed_lognormal_rhlow,8,mixed,lognormal,medium,low,10,1,1017001,true,accepted_all_graph_and_bin_checks,0.5294117647058823529411764706,0.1836734693877551020408163265
EXP-07,exp07_n8_mixed_lognormal_rhlow_s11,n8_mixed_lognormal_rhlow,8,mixed,lognormal,medium,low,11,0,1018000,true,accepted_all_graph_and_bin_checks,0.5333333333333333333333333333,0.1764705882352941176470588235
EXP-07,exp07_n8_mixed_lognormal_rhlow_s12,n8_mixed_lognormal_rhlow,8,mixed,lognormal,medium,low,12,0,1019000,true,accepted_all_graph_and_bin_checks,0.5333333333333333333333333333,0.1764705882352941176470588235
EXP-07,exp07_n8_mixed_lognormal_rhlow_s13,n8_mixed_lognormal_rhlow,8,mixed,lognormal,medium,low,13,0,1020000,true,accepted_all_graph_and_bin_checks,0.5909090909090909090909090909,0.1818181818181818181818181818
EXP-07,exp07_n8_mixed_lognormal_rhlow_s14,n8_mixed_lognormal_rhlow,8,mixed,lognormal,medium,low,14,0,1021000,true,accepted_all_graph_and_bin_checks,0.5789473684210526315789473684,0.1746031746031746031746031746
EXP-07,exp07_n8_mixed_lognormal_rhlow_s15,n8_mixed_lognormal_rhlow,8,mixed,lognormal,medium,low,15,0,1022000,true,accepted_all_graph_and_bin_checks,0.44,0.1833333333333333333333333333
EXP-07,exp07_n8_mixed_lognormal_rhlow_s16,n8_mixed_lognormal_rhlow,8,mixed,lognormal,medium,low,16,0,1023000,true,accepted_all_graph_and_bin_checks,0.5,0.1818181818181818181818181818
EXP-07,exp07_n8_mixed_lognormal_rhlow_s17,n8_mixed_lognormal_rhlow,8,mixed,lognormal,medium,low,17,0,1024000,true,accepted_all_graph_and_bin_checks,0.5769230769230769230769230769,0.1851851851851851851851851852
EXP-07,exp07_n8_mixed_lognormal_rhlow_s18,n8_mixed_lognormal_rhlow,8,mixed,lognormal,medium,low,18,0,1025000,false,rho_l_outside_target_bin,0.6315789473684210526315789474,0.1764705882352941176470588235
EXP-07,exp07_n8_mixed_lognormal_rhlow_s18,n8_mixed_lognormal_rhlow,8,mixed,lognormal,medium,low,18,1,1025001,false,rho_l_outside_target_bin,0.7222222222222222222222222222,0.1780821917808219178082191781
EXP-07,exp07_n8_mixed_lognormal_rhlow_s18,n8_mixed_lognormal_rhlow,8,mixed,lognormal,medium,low,18,2,1025002,true,accepted_all_graph_and_bin_checks,0.5882352941176470588235294118,0.1801801801801801801801801802
EXP-07,exp07_n8_mixed_lognormal_rhlow_s19,n8_mixed_lognormal_rhlow,8,mixed,lognormal,medium,low,19,0,1026000,false,rho_l_outside_target_bin,0.6428571428571428571428571429,0.1836734693877551020408163265
EXP-07,exp07_n8_mixed_lognormal_rhlow_s19,n8_mixed_lognormal_rhlow,8,mixed,lognormal,medium,low,19,1,1026001,false,rho_l_outside_target_bin,0.6875,0.1803278688524590163934426230
EXP-07,exp07_n8_mixed_lognormal_rhlow_s19,n8_mixed_lognormal_rhlow,8,mixed,lognormal,medium,low,19,2,1026002,true,accepted_all_graph_and_bin_checks,0.5625,0.1764705882352941176470588235
EXP-07,exp07_n8_mixed_lognormal_rhmedium_s00,n8_mixed_lognormal_rhmedium,8,mixed,lognormal,medium,medium,0,0,1007000,true,accepted_all_graph_and_bin_checks,0.5625,0.45
EXP-07,exp07_n8_mixed_lognormal_rhmedium_s01,n8_mixed_lognormal_rhmedium,8,mixed,lognormal,medium,medium,1,0,1008000,true,accepted_all_graph_and_bin_checks,0.5882352941176470588235294118,0.4494382022471910112359550562
EXP-07,exp07_n8_mixed_lognormal_rhmedium_s02,n8_mixed_lognormal_rhmedium,8,mixed,lognormal,medium,medium,2,0,1009000,true,accepted_all_graph_and_bin_checks,0.5333333333333333333333333333,0.4494382022471910112359550562
EXP-07,exp07_n8_mixed_lognormal_rhmedium_s03,n8_mixed_lognormal_rhmedium,8,mixed,lognormal,medium,medium,3,0,1010000,false,rho_l_outside_target_bin,0.6190476190476190476190476190,0.4482758620689655172413793103
EXP-07,exp07_n8_mixed_lognormal_rhmedium_s03,n8_mixed_lognormal_rhmedium,8,mixed,lognormal,medium,medium,3,1,1010001,true,accepted_all_graph_and_bin_checks,0.5294117647058823529411764706,0.45
EXP-07,exp07_n8_mixed_lognormal_rhmedium_s04,n8_mixed_lognormal_rhmedium,8,mixed,lognormal,medium,medium,4,0,1011000,false,rho_l_outside_target_bin,0.7142857142857142857142857143,0.4545454545454545454545454545
EXP-07,exp07_n8_mixed_lognormal_rhmedium_s04,n8_mixed_lognormal_rhmedium,8,mixed,lognormal,medium,medium,4,1,1011001,false,rho_l_outside_target_bin,0.6190476190476190476190476190,0.4482758620689655172413793103
EXP-07,exp07_n8_mixed_lognormal_rhmedium_s04,n8_mixed_lognormal_rhmedium,8,mixed,lognormal,medium,medium,4,2,1011002,true,accepted_all_graph_and_bin_checks,0.5833333333333333333333333333,0.4495412844036697247706422018
EXP-07,exp07_n8_mixed_lognormal_rhmedium_s05,n8_mixed_lognormal_rhmedium,8,mixed,lognormal,medium,medium,5,0,1012000,false,rho_l_outside_target_bin,0.6470588235294117647058823529,0.4489795918367346938775510204
EXP-07,exp07_n8_mixed_lognormal_rhmedium_s05,n8_mixed_lognormal_rhmedium,8,mixed,lognormal,medium,medium,5,1,1012001,false,rho_l_outside_target_bin,0.6111111111111111111111111111,0.4559585492227979274611398964
EXP-07,exp07_n8_mixed_lognormal_rhmedium_s05,n8_mixed_lognormal_rhmedium,8,mixed,lognormal,medium,medium,5,2,1012002,true,accepted_all_graph_and_bin_checks,0.5882352941176470588235294118,0.4494382022471910112359550562
EXP-07,exp07_n8_mixed_lognormal_rhmedium_s06,n8_mixed_lognormal_rhmedium,8,mixed,lognormal,medium,medium,6,0,1013000,true,accepted_all_graph_and_bin_checks,0.5714285714285714285714285714,0.4507042253521126760563380282
EXP-07,exp07_n8_mixed_lognormal_rhmedium_s07,n8_mixed_lognormal_rhmedium,8,mixed,lognormal,medium,medium,7,0,1014000,true,accepted_all_graph_and_bin_checks,0.5,0.45
EXP-07,exp07_n8_mixed_lognormal_rhmedium_s08,n8_mixed_lognormal_rhmedium,8,mixed,lognormal,medium,medium,8,0,1015000,false,rho_l_outside_target_bin,0.625,0.4545454545454545454545454545
EXP-07,exp07_n8_mixed_lognormal_rhmedium_s08,n8_mixed_lognormal_rhmedium,8,mixed,lognormal,medium,medium,8,1,1015001,true,accepted_all_graph_and_bin_checks,0.5862068965517241379310344828,0.4524714828897338403041825095
EXP-07,exp07_n8_mixed_lognormal_rhmedium_s09,n8_mixed_lognormal_rhmedium,8,mixed,lognormal,medium,medium,9,0,1016000,false,rho_l_outside_target_bin,0.6470588235294117647058823529,0.4489795918367346938775510204
EXP-07,exp07_n8_mixed_lognormal_rhmedium_s09,n8_mixed_lognormal_rhmedium,8,mixed,lognormal,medium,medium,9,1,1016001,true,accepted_all_graph_and_bin_checks,0.5714285714285714285714285714,0.4507042253521126760563380282
EXP-07,exp07_n8_mixed_lognormal_rhmedium_s10,n8_mixed_lognormal_rhmedium,8,mixed,lognormal,medium,medium,10,0,1017000,false,rho_l_outside_target_bin,0.625,0.4545454545454545454545454545
EXP-07,exp07_n8_mixed_lognormal_rhmedium_s10,n8_mixed_lognormal_rhmedium,8,mixed,lognormal,medium,medium,10,1,1017001,true,accepted_all_graph_and_bin_checks,0.5294117647058823529411764706,0.45
EXP-07,exp07_n8_mixed_lognormal_rhmedium_s11,n8_mixed_lognormal_rhmedium,8,mixed,lognormal,medium,medium,11,0,1018000,true,accepted_all_graph_and_bin_checks,0.5333333333333333333333333333,0.4494382022471910112359550562
EXP-07,exp07_n8_mixed_lognormal_rhmedium_s12,n8_mixed_lognormal_rhmedium,8,mixed,lognormal,medium,medium,12,0,1019000,true,accepted_all_graph_and_bin_checks,0.5333333333333333333333333333,0.4494382022471910112359550562
EXP-07,exp07_n8_mixed_lognormal_rhmedium_s13,n8_mixed_lognormal_rhmedium,8,mixed,lognormal,medium,medium,13,0,1020000,true,accepted_all_graph_and_bin_checks,0.5909090909090909090909090909,0.4482758620689655172413793103
EXP-07,exp07_n8_mixed_lognormal_rhmedium_s14,n8_mixed_lognormal_rhmedium,8,mixed,lognormal,medium,medium,14,0,1021000,true,accepted_all_graph_and_bin_checks,0.5789473684210526315789473684,0.4520547945205479452054794521
EXP-07,exp07_n8_mixed_lognormal_rhmedium_s15,n8_mixed_lognormal_rhmedium,8,mixed,lognormal,medium,medium,15,0,1022000,true,accepted_all_graph_and_bin_checks,0.44,0.4559585492227979274611398964
EXP-07,exp07_n8_mixed_lognormal_rhmedium_s16,n8_mixed_lognormal_rhmedium,8,mixed,lognormal,medium,medium,16,0,1023000,true,accepted_all_graph_and_bin_checks,0.5,0.45
EXP-07,exp07_n8_mixed_lognormal_rhmedium_s17,n8_mixed_lognormal_rhmedium,8,mixed,lognormal,medium,medium,17,0,1024000,true,accepted_all_graph_and_bin_checks,0.5769230769230769230769230769,0.45
EXP-07,exp07_n8_mixed_lognormal_rhmedium_s18,n8_mixed_lognormal_rhmedium,8,mixed,lognormal,medium,medium,18,0,1025000,false,rho_l_outside_target_bin,0.6315789473684210526315789474,0.4444444444444444444444444444
EXP-07,exp07_n8_mixed_lognormal_rhmedium_s18,n8_mixed_lognormal_rhmedium,8,mixed,lognormal,medium,medium,18,1,1025001,false,rho_l_outside_target_bin,0.7222222222222222222222222222,0.4482758620689655172413793103
EXP-07,exp07_n8_mixed_lognormal_rhmedium_s18,n8_mixed_lognormal_rhmedium,8,mixed,lognormal,medium,medium,18,2,1025002,true,accepted_all_graph_and_bin_checks,0.5882352941176470588235294118,0.4494382022471910112359550562
EXP-07,exp07_n8_mixed_lognormal_rhmedium_s19,n8_mixed_lognormal_rhmedium,8,mixed,lognormal,medium,medium,19,0,1026000,false,rho_l_outside_target_bin,0.6428571428571428571428571429,0.45
EXP-07,exp07_n8_mixed_lognormal_rhmedium_s19,n8_mixed_lognormal_rhmedium,8,mixed,lognormal,medium,medium,19,1,1026001,false,rho_l_outside_target_bin,0.6875,0.4520547945205479452054794521
EXP-07,exp07_n8_mixed_lognormal_rhmedium_s19,n8_mixed_lognormal_rhmedium,8,mixed,lognormal,medium,medium,19,2,1026002,true,accepted_all_graph_and_bin_checks,0.5625,0.45
EXP-07,exp07_n8_mixed_lognormal_rhhigh_s00,n8_mixed_lognormal_rhhigh,8,mixed,lognormal,medium,high,0,0,1007000,true,accepted_all_graph_and_bin_checks,0.5625,0.75
EXP-07,exp07_n8_mixed_lognormal_rhhigh_s01,n8_mixed_lognormal_rhhigh,8,mixed,lognormal,medium,high,1,0,1008000,true,accepted_all_graph_and_bin_checks,0.5882352941176470588235294118,0.7537688442211055276381909548
EXP-07,exp07_n8_mixed_lognormal_rhhigh_s02,n8_mixed_lognormal_rhhigh,8,mixed,lognormal,medium,high,2,0,1009000,true,accepted_all_graph_and_bin_checks,0.5333333333333333333333333333,0.7482014388489208633093525180
EXP-07,exp07_n8_mixed_lognormal_rhhigh_s03,n8_mixed_lognormal_rhhigh,8,mixed,lognormal,medium,high,3,0,1010000,false,rho_l_outside_target_bin,0.6190476190476190476190476190,0.7511111111111111111111111111
EXP-07,exp07_n8_mixed_lognormal_rhhigh_s03,n8_mixed_lognormal_rhhigh,8,mixed,lognormal,medium,high,3,1,1010001,true,accepted_all_graph_and_bin_checks,0.5294117647058823529411764706,0.75
EXP-07,exp07_n8_mixed_lognormal_rhhigh_s04,n8_mixed_lognormal_rhhigh,8,mixed,lognormal,medium,high,4,0,1011000,false,rho_l_outside_target_bin,0.7142857142857142857142857143,0.75
EXP-07,exp07_n8_mixed_lognormal_rhhigh_s04,n8_mixed_lognormal_rhhigh,8,mixed,lognormal,medium,high,4,1,1011001,false,rho_l_outside_target_bin,0.6190476190476190476190476190,0.7511111111111111111111111111
EXP-07,exp07_n8_mixed_lognormal_rhhigh_s04,n8_mixed_lognormal_rhhigh,8,mixed,lognormal,medium,high,4,2,1011002,true,accepted_all_graph_and_bin_checks,0.5833333333333333333333333333,0.75
EXP-07,exp07_n8_mixed_lognormal_rhhigh_s05,n8_mixed_lognormal_rhhigh,8,mixed,lognormal,medium,high,5,0,1012000,false,rho_l_outside_target_bin,0.6470588235294117647058823529,0.7486910994764397905759162304
EXP-07,exp07_n8_mixed_lognormal_rhhigh_s05,n8_mixed_lognormal_rhhigh,8,mixed,lognormal,medium,high,5,1,1012001,false,rho_l_outside_target_bin,0.6111111111111111111111111111,0.7466063348416289592760180995
EXP-07,exp07_n8_mixed_lognormal_rhhigh_s05,n8_mixed_lognormal_rhhigh,8,mixed,lognormal,medium,high,5,2,1012002,true,accepted_all_graph_and_bin_checks,0.5882352941176470588235294118,0.7537688442211055276381909548
EXP-07,exp07_n8_mixed_lognormal_rhhigh_s06,n8_mixed_lognormal_rhhigh,8,mixed,lognormal,medium,high,6,0,1013000,true,accepted_all_graph_and_bin_checks,0.5714285714285714285714285714,0.75
EXP-07,exp07_n8_mixed_lognormal_rhhigh_s07,n8_mixed_lognormal_rhhigh,8,mixed,lognormal,medium,high,7,0,1014000,true,accepted_all_graph_and_bin_checks,0.5,0.75
EXP-07,exp07_n8_mixed_lognormal_rhhigh_s08,n8_mixed_lognormal_rhhigh,8,mixed,lognormal,medium,high,8,0,1015000,false,rho_l_outside_target_bin,0.625,0.75
EXP-07,exp07_n8_mixed_lognormal_rhhigh_s08,n8_mixed_lognormal_rhhigh,8,mixed,lognormal,medium,high,8,1,1015001,true,accepted_all_graph_and_bin_checks,0.5862068965517241379310344828,0.7522123893805309734513274336
EXP-07,exp07_n8_mixed_lognormal_rhhigh_s09,n8_mixed_lognormal_rhhigh,8,mixed,lognormal,medium,high,9,0,1016000,false,rho_l_outside_target_bin,0.6470588235294117647058823529,0.7486910994764397905759162304
EXP-07,exp07_n8_mixed_lognormal_rhhigh_s09,n8_mixed_lognormal_rhhigh,8,mixed,lognormal,medium,high,9,1,1016001,true,accepted_all_graph_and_bin_checks,0.5714285714285714285714285714,0.75
EXP-07,exp07_n8_mixed_lognormal_rhhigh_s10,n8_mixed_lognormal_rhhigh,8,mixed,lognormal,medium,high,10,0,1017000,false,rho_l_outside_target_bin,0.625,0.75
EXP-07,exp07_n8_mixed_lognormal_rhhigh_s10,n8_mixed_lognormal_rhhigh,8,mixed,lognormal,medium,high,10,1,1017001,true,accepted_all_graph_and_bin_checks,0.5294117647058823529411764706,0.75
EXP-07,exp07_n8_mixed_lognormal_rhhigh_s11,n8_mixed_lognormal_rhhigh,8,mixed,lognormal,medium,high,11,0,1018000,true,accepted_all_graph_and_bin_checks,0.5333333333333333333333333333,0.7482014388489208633093525180
EXP-07,exp07_n8_mixed_lognormal_rhhigh_s12,n8_mixed_lognormal_rhhigh,8,mixed,lognormal,medium,high,12,0,1019000,true,accepted_all_graph_and_bin_checks,0.5333333333333333333333333333,0.7482014388489208633093525180
EXP-07,exp07_n8_mixed_lognormal_rhhigh_s13,n8_mixed_lognormal_rhhigh,8,mixed,lognormal,medium,high,13,0,1020000,true,accepted_all_graph_and_bin_checks,0.5909090909090909090909090909,0.7558139534883720930232558140
EXP-07,exp07_n8_mixed_lognormal_rhhigh_s14,n8_mixed_lognormal_rhhigh,8,mixed,lognormal,medium,high,14,0,1021000,true,accepted_all_graph_and_bin_checks,0.5789473684210526315789473684,0.7486910994764397905759162304
EXP-07,exp07_n8_mixed_lognormal_rhhigh_s15,n8_mixed_lognormal_rhhigh,8,mixed,lognormal,medium,high,15,0,1022000,true,accepted_all_graph_and_bin_checks,0.44,0.7466063348416289592760180995
EXP-07,exp07_n8_mixed_lognormal_rhhigh_s16,n8_mixed_lognormal_rhhigh,8,mixed,lognormal,medium,high,16,0,1023000,true,accepted_all_graph_and_bin_checks,0.5,0.75
EXP-07,exp07_n8_mixed_lognormal_rhhigh_s17,n8_mixed_lognormal_rhhigh,8,mixed,lognormal,medium,high,17,0,1024000,true,accepted_all_graph_and_bin_checks,0.5769230769230769230769230769,0.75
EXP-07,exp07_n8_mixed_lognormal_rhhigh_s18,n8_mixed_lognormal_rhhigh,8,mixed,lognormal,medium,high,18,0,1025000,false,rho_l_outside_target_bin,0.6315789473684210526315789474,0.75
EXP-07,exp07_n8_mixed_lognormal_rhhigh_s18,n8_mixed_lognormal_rhhigh,8,mixed,lognormal,medium,high,18,1,1025001,false,rho_l_outside_target_bin,0.7222222222222222222222222222,0.75
EXP-07,exp07_n8_mixed_lognormal_rhhigh_s18,n8_mixed_lognormal_rhhigh,8,mixed,lognormal,medium,high,18,2,1025002,true,accepted_all_graph_and_bin_checks,0.5882352941176470588235294118,0.7537688442211055276381909548
EXP-07,exp07_n8_mixed_lognormal_rhhigh_s19,n8_mixed_lognormal_rhhigh,8,mixed,lognormal,medium,high,19,0,1026000,false,rho_l_outside_target_bin,0.6428571428571428571428571429,0.75
EXP-07,exp07_n8_mixed_lognormal_rhhigh_s19,n8_mixed_lognormal_rhhigh,8,mixed,lognormal,medium,high,19,1,1026001,false,rho_l_outside_target_bin,0.6875,0.75
EXP-07,exp07_n8_mixed_lognormal_rhhigh_s19,n8_mixed_lognormal_rhhigh,8,mixed,lognormal,medium,high,19,2,1026002,true,accepted_all_graph_and_bin_checks,0.5625,0.75
EXP-07,exp07_n8_chain_like_homogeneous_rhlow_s00,n8_chain_like_homogeneous_rhlow,8,chain_like,homogeneous,high,low,0,0,1107000,true,accepted_all_graph_and_bin_checks,0.75,0.1764705882352941176470588235
EXP-07,exp07_n8_chain_like_homogeneous_rhlow_s01,n8_chain_like_homogeneous_rhlow,8,chain_like,homogeneous,high,low,1,0,1108000,true,accepted_all_graph_and_bin_checks,0.75,0.1764705882352941176470588235
EXP-07,exp07_n8_chain_like_homogeneous_rhlow_s02,n8_chain_like_homogeneous_rhlow,8,chain_like,homogeneous,high,low,2,0,1109000,true,accepted_all_graph_and_bin_checks,0.75,0.1764705882352941176470588235
EXP-07,exp07_n8_chain_like_homogeneous_rhlow_s03,n8_chain_like_homogeneous_rhlow,8,chain_like,homogeneous,high,low,3,0,1110000,true,accepted_all_graph_and_bin_checks,0.75,0.1764705882352941176470588235
EXP-07,exp07_n8_chain_like_homogeneous_rhlow_s04,n8_chain_like_homogeneous_rhlow,8,chain_like,homogeneous,high,low,4,0,1111000,true,accepted_all_graph_and_bin_checks,0.75,0.1764705882352941176470588235
EXP-07,exp07_n8_chain_like_homogeneous_rhlow_s05,n8_chain_like_homogeneous_rhlow,8,chain_like,homogeneous,high,low,5,0,1112000,true,accepted_all_graph_and_bin_checks,0.75,0.1764705882352941176470588235
EXP-07,exp07_n8_chain_like_homogeneous_rhlow_s06,n8_chain_like_homogeneous_rhlow,8,chain_like,homogeneous,high,low,6,0,1113000,true,accepted_all_graph_and_bin_checks,0.75,0.1764705882352941176470588235
EXP-07,exp07_n8_chain_like_homogeneous_rhlow_s07,n8_chain_like_homogeneous_rhlow,8,chain_like,homogeneous,high,low,7,0,1114000,true,accepted_all_graph_and_bin_checks,0.75,0.1764705882352941176470588235
EXP-07,exp07_n8_chain_like_homogeneous_rhlow_s08,n8_chain_like_homogeneous_rhlow,8,chain_like,homogeneous,high,low,8,0,1115000,true,accepted_all_graph_and_bin_checks,0.75,0.1764705882352941176470588235
EXP-07,exp07_n8_chain_like_homogeneous_rhlow_s09,n8_chain_like_homogeneous_rhlow,8,chain_like,homogeneous,high,low,9,0,1116000,true,accepted_all_graph_and_bin_checks,0.75,0.1764705882352941176470588235
EXP-07,exp07_n8_chain_like_homogeneous_rhlow_s10,n8_chain_like_homogeneous_rhlow,8,chain_like,homogeneous,high,low,10,0,1117000,true,accepted_all_graph_and_bin_checks,0.75,0.1764705882352941176470588235
EXP-07,exp07_n8_chain_like_homogeneous_rhlow_s11,n8_chain_like_homogeneous_rhlow,8,chain_like,homogeneous,high,low,11,0,1118000,true,accepted_all_graph_and_bin_checks,0.75,0.1764705882352941176470588235
EXP-07,exp07_n8_chain_like_homogeneous_rhlow_s12,n8_chain_like_homogeneous_rhlow,8,chain_like,homogeneous,high,low,12,0,1119000,true,accepted_all_graph_and_bin_checks,0.75,0.1764705882352941176470588235
EXP-07,exp07_n8_chain_like_homogeneous_rhlow_s13,n8_chain_like_homogeneous_rhlow,8,chain_like,homogeneous,high,low,13,0,1120000,true,accepted_all_graph_and_bin_checks,0.75,0.1764705882352941176470588235
EXP-07,exp07_n8_chain_like_homogeneous_rhlow_s14,n8_chain_like_homogeneous_rhlow,8,chain_like,homogeneous,high,low,14,0,1121000,true,accepted_all_graph_and_bin_checks,0.75,0.1764705882352941176470588235
EXP-07,exp07_n8_chain_like_homogeneous_rhlow_s15,n8_chain_like_homogeneous_rhlow,8,chain_like,homogeneous,high,low,15,0,1122000,true,accepted_all_graph_and_bin_checks,0.75,0.1764705882352941176470588235
EXP-07,exp07_n8_chain_like_homogeneous_rhlow_s16,n8_chain_like_homogeneous_rhlow,8,chain_like,homogeneous,high,low,16,0,1123000,true,accepted_all_graph_and_bin_checks,0.75,0.1764705882352941176470588235
EXP-07,exp07_n8_chain_like_homogeneous_rhlow_s17,n8_chain_like_homogeneous_rhlow,8,chain_like,homogeneous,high,low,17,0,1124000,true,accepted_all_graph_and_bin_checks,0.75,0.1764705882352941176470588235
EXP-07,exp07_n8_chain_like_homogeneous_rhlow_s18,n8_chain_like_homogeneous_rhlow,8,chain_like,homogeneous,high,low,18,0,1125000,true,accepted_all_graph_and_bin_checks,0.75,0.1764705882352941176470588235
EXP-07,exp07_n8_chain_like_homogeneous_rhlow_s19,n8_chain_like_homogeneous_rhlow,8,chain_like,homogeneous,high,low,19,0,1126000,true,accepted_all_graph_and_bin_checks,0.75,0.1764705882352941176470588235
EXP-07,exp07_n8_chain_like_homogeneous_rhmedium_s00,n8_chain_like_homogeneous_rhmedium,8,chain_like,homogeneous,high,medium,0,0,1107000,true,accepted_all_graph_and_bin_checks,0.75,0.45
EXP-07,exp07_n8_chain_like_homogeneous_rhmedium_s01,n8_chain_like_homogeneous_rhmedium,8,chain_like,homogeneous,high,medium,1,0,1108000,true,accepted_all_graph_and_bin_checks,0.75,0.45
EXP-07,exp07_n8_chain_like_homogeneous_rhmedium_s02,n8_chain_like_homogeneous_rhmedium,8,chain_like,homogeneous,high,medium,2,0,1109000,true,accepted_all_graph_and_bin_checks,0.75,0.45
EXP-07,exp07_n8_chain_like_homogeneous_rhmedium_s03,n8_chain_like_homogeneous_rhmedium,8,chain_like,homogeneous,high,medium,3,0,1110000,true,accepted_all_graph_and_bin_checks,0.75,0.45
EXP-07,exp07_n8_chain_like_homogeneous_rhmedium_s04,n8_chain_like_homogeneous_rhmedium,8,chain_like,homogeneous,high,medium,4,0,1111000,true,accepted_all_graph_and_bin_checks,0.75,0.45
EXP-07,exp07_n8_chain_like_homogeneous_rhmedium_s05,n8_chain_like_homogeneous_rhmedium,8,chain_like,homogeneous,high,medium,5,0,1112000,true,accepted_all_graph_and_bin_checks,0.75,0.45
EXP-07,exp07_n8_chain_like_homogeneous_rhmedium_s06,n8_chain_like_homogeneous_rhmedium,8,chain_like,homogeneous,high,medium,6,0,1113000,true,accepted_all_graph_and_bin_checks,0.75,0.45
EXP-07,exp07_n8_chain_like_homogeneous_rhmedium_s07,n8_chain_like_homogeneous_rhmedium,8,chain_like,homogeneous,high,medium,7,0,1114000,true,accepted_all_graph_and_bin_checks,0.75,0.45
EXP-07,exp07_n8_chain_like_homogeneous_rhmedium_s08,n8_chain_like_homogeneous_rhmedium,8,chain_like,homogeneous,high,medium,8,0,1115000,true,accepted_all_graph_and_bin_checks,0.75,0.45
EXP-07,exp07_n8_chain_like_homogeneous_rhmedium_s09,n8_chain_like_homogeneous_rhmedium,8,chain_like,homogeneous,high,medium,9,0,1116000,true,accepted_all_graph_and_bin_checks,0.75,0.45
EXP-07,exp07_n8_chain_like_homogeneous_rhmedium_s10,n8_chain_like_homogeneous_rhmedium,8,chain_like,homogeneous,high,medium,10,0,1117000,true,accepted_all_graph_and_bin_checks,0.75,0.45
EXP-07,exp07_n8_chain_like_homogeneous_rhmedium_s11,n8_chain_like_homogeneous_rhmedium,8,chain_like,homogeneous,high,medium,11,0,1118000,true,accepted_all_graph_and_bin_checks,0.75,0.45
EXP-07,exp07_n8_chain_like_homogeneous_rhmedium_s12,n8_chain_like_homogeneous_rhmedium,8,chain_like,homogeneous,high,medium,12,0,1119000,true,accepted_all_graph_and_bin_checks,0.75,0.45
EXP-07,exp07_n8_chain_like_homogeneous_rhmedium_s13,n8_chain_like_homogeneous_rhmedium,8,chain_like,homogeneous,high,medium,13,0,1120000,true,accepted_all_graph_and_bin_checks,0.75,0.45
EXP-07,exp07_n8_chain_like_homogeneous_rhmedium_s14,n8_chain_like_homogeneous_rhmedium,8,chain_like,homogeneous,high,medium,14,0,1121000,true,accepted_all_graph_and_bin_checks,0.75,0.45
EXP-07,exp07_n8_chain_like_homogeneous_rhmedium_s15,n8_chain_like_homogeneous_rhmedium,8,chain_like,homogeneous,high,medium,15,0,1122000,true,accepted_all_graph_and_bin_checks,0.75,0.45
EXP-07,exp07_n8_chain_like_homogeneous_rhmedium_s16,n8_chain_like_homogeneous_rhmedium,8,chain_like,homogeneous,high,medium,16,0,1123000,true,accepted_all_graph_and_bin_checks,0.75,0.45
EXP-07,exp07_n8_chain_like_homogeneous_rhmedium_s17,n8_chain_like_homogeneous_rhmedium,8,chain_like,homogeneous,high,medium,17,0,1124000,true,accepted_all_graph_and_bin_checks,0.75,0.45
EXP-07,exp07_n8_chain_like_homogeneous_rhmedium_s18,n8_chain_like_homogeneous_rhmedium,8,chain_like,homogeneous,high,medium,18,0,1125000,true,accepted_all_graph_and_bin_checks,0.75,0.45
EXP-07,exp07_n8_chain_like_homogeneous_rhmedium_s19,n8_chain_like_homogeneous_rhmedium,8,chain_like,homogeneous,high,medium,19,0,1126000,true,accepted_all_graph_and_bin_checks,0.75,0.45
EXP-07,exp07_n8_chain_like_homogeneous_rhhigh_s00,n8_chain_like_homogeneous_rhhigh,8,chain_like,homogeneous,high,high,0,0,1107000,true,accepted_all_graph_and_bin_checks,0.75,0.75
EXP-07,exp07_n8_chain_like_homogeneous_rhhigh_s01,n8_chain_like_homogeneous_rhhigh,8,chain_like,homogeneous,high,high,1,0,1108000,true,accepted_all_graph_and_bin_checks,0.75,0.75
EXP-07,exp07_n8_chain_like_homogeneous_rhhigh_s02,n8_chain_like_homogeneous_rhhigh,8,chain_like,homogeneous,high,high,2,0,1109000,true,accepted_all_graph_and_bin_checks,0.75,0.75
EXP-07,exp07_n8_chain_like_homogeneous_rhhigh_s03,n8_chain_like_homogeneous_rhhigh,8,chain_like,homogeneous,high,high,3,0,1110000,true,accepted_all_graph_and_bin_checks,0.75,0.75
EXP-07,exp07_n8_chain_like_homogeneous_rhhigh_s04,n8_chain_like_homogeneous_rhhigh,8,chain_like,homogeneous,high,high,4,0,1111000,true,accepted_all_graph_and_bin_checks,0.75,0.75
EXP-07,exp07_n8_chain_like_homogeneous_rhhigh_s05,n8_chain_like_homogeneous_rhhigh,8,chain_like,homogeneous,high,high,5,0,1112000,true,accepted_all_graph_and_bin_checks,0.75,0.75
EXP-07,exp07_n8_chain_like_homogeneous_rhhigh_s06,n8_chain_like_homogeneous_rhhigh,8,chain_like,homogeneous,high,high,6,0,1113000,true,accepted_all_graph_and_bin_checks,0.75,0.75
EXP-07,exp07_n8_chain_like_homogeneous_rhhigh_s07,n8_chain_like_homogeneous_rhhigh,8,chain_like,homogeneous,high,high,7,0,1114000,true,accepted_all_graph_and_bin_checks,0.75,0.75
EXP-07,exp07_n8_chain_like_homogeneous_rhhigh_s08,n8_chain_like_homogeneous_rhhigh,8,chain_like,homogeneous,high,high,8,0,1115000,true,accepted_all_graph_and_bin_checks,0.75,0.75
EXP-07,exp07_n8_chain_like_homogeneous_rhhigh_s09,n8_chain_like_homogeneous_rhhigh,8,chain_like,homogeneous,high,high,9,0,1116000,true,accepted_all_graph_and_bin_checks,0.75,0.75
EXP-07,exp07_n8_chain_like_homogeneous_rhhigh_s10,n8_chain_like_homogeneous_rhhigh,8,chain_like,homogeneous,high,high,10,0,1117000,true,accepted_all_graph_and_bin_checks,0.75,0.75
EXP-07,exp07_n8_chain_like_homogeneous_rhhigh_s11,n8_chain_like_homogeneous_rhhigh,8,chain_like,homogeneous,high,high,11,0,1118000,true,accepted_all_graph_and_bin_checks,0.75,0.75
EXP-07,exp07_n8_chain_like_homogeneous_rhhigh_s12,n8_chain_like_homogeneous_rhhigh,8,chain_like,homogeneous,high,high,12,0,1119000,true,accepted_all_graph_and_bin_checks,0.75,0.75
EXP-07,exp07_n8_chain_like_homogeneous_rhhigh_s13,n8_chain_like_homogeneous_rhhigh,8,chain_like,homogeneous,high,high,13,0,1120000,true,accepted_all_graph_and_bin_checks,0.75,0.75
EXP-07,exp07_n8_chain_like_homogeneous_rhhigh_s14,n8_chain_like_homogeneous_rhhigh,8,chain_like,homogeneous,high,high,14,0,1121000,true,accepted_all_graph_and_bin_checks,0.75,0.75
EXP-07,exp07_n8_chain_like_homogeneous_rhhigh_s15,n8_chain_like_homogeneous_rhhigh,8,chain_like,homogeneous,high,high,15,0,1122000,true,accepted_all_graph_and_bin_checks,0.75,0.75
EXP-07,exp07_n8_chain_like_homogeneous_rhhigh_s16,n8_chain_like_homogeneous_rhhigh,8,chain_like,homogeneous,high,high,16,0,1123000,true,accepted_all_graph_and_bin_checks,0.75,0.75
EXP-07,exp07_n8_chain_like_homogeneous_rhhigh_s17,n8_chain_like_homogeneous_rhhigh,8,chain_like,homogeneous,high,high,17,0,1124000,true,accepted_all_graph_and_bin_checks,0.75,0.75
EXP-07,exp07_n8_chain_like_homogeneous_rhhigh_s18,n8_chain_like_homogeneous_rhhigh,8,chain_like,homogeneous,high,high,18,0,1125000,true,accepted_all_graph_and_bin_checks,0.75,0.75
EXP-07,exp07_n8_chain_like_homogeneous_rhhigh_s19,n8_chain_like_homogeneous_rhhigh,8,chain_like,homogeneous,high,high,19,0,1126000,true,accepted_all_graph_and_bin_checks,0.75,0.75
EXP-07,exp07_n8_chain_like_lognormal_rhlow_s00,n8_chain_like_lognormal_rhlow,8,chain_like,lognormal,high,low,0,0,1207000,true,accepted_all_graph_and_bin_checks,0.8666666666666666666666666667,0.1780821917808219178082191781
EXP-07,exp07_n8_chain_like_lognormal_rhlow_s01,n8_chain_like_lognormal_rhlow,8,chain_like,lognormal,high,low,1,0,1208000,false,rho_l_outside_target_bin,0.92,0.2643678160919540229885057471
EXP-07,exp07_n8_chain_like_lognormal_rhlow_s01,n8_chain_like_lognormal_rhlow,8,chain_like,lognormal,high,low,1,1,1208001,true,accepted_all_graph_and_bin_checks,0.7826086956521739130434782609,0.1836734693877551020408163265
EXP-07,exp07_n8_chain_like_lognormal_rhlow_s02,n8_chain_like_lognormal_rhlow,8,chain_like,lognormal,high,low,2,0,1209000,true,accepted_all_graph_and_bin_checks,0.75,0.1764705882352941176470588235
EXP-07,exp07_n8_chain_like_lognormal_rhlow_s03,n8_chain_like_lognormal_rhlow,8,chain_like,lognormal,high,low,3,0,1210000,true,accepted_all_graph_and_bin_checks,0.875,0.1794871794871794871794871795
EXP-07,exp07_n8_chain_like_lognormal_rhlow_s04,n8_chain_like_lognormal_rhlow,8,chain_like,lognormal,high,low,4,0,1211000,true,accepted_all_graph_and_bin_checks,0.7826086956521739130434782609,0.1836734693877551020408163265
EXP-07,exp07_n8_chain_like_lognormal_rhlow_s05,n8_chain_like_lognormal_rhlow,8,chain_like,lognormal,high,low,5,0,1212000,true,accepted_all_graph_and_bin_checks,0.8571428571428571428571428571,0.1764705882352941176470588235
EXP-07,exp07_n8_chain_like_lognormal_rhlow_s06,n8_chain_like_lognormal_rhlow,8,chain_like,lognormal,high,low,6,0,1213000,true,accepted_all_graph_and_bin_checks,0.8235294117647058823529411765,0.175
EXP-07,exp07_n8_chain_like_lognormal_rhlow_s07,n8_chain_like_lognormal_rhlow,8,chain_like,lognormal,high,low,7,0,1214000,true,accepted_all_graph_and_bin_checks,0.7727272727272727272727272727,0.1752577319587628865979381443
EXP-07,exp07_n8_chain_like_lognormal_rhlow_s08,n8_chain_like_lognormal_rhlow,8,chain_like,lognormal,high,low,8,0,1215000,true,accepted_all_graph_and_bin_checks,0.875,0.1794871794871794871794871795
EXP-07,exp07_n8_chain_like_lognormal_rhlow_s09,n8_chain_like_lognormal_rhlow,8,chain_like,lognormal,high,low,9,0,1216000,true,accepted_all_graph_and_bin_checks,0.8095238095238095238095238095,0.1752577319587628865979381443
EXP-07,exp07_n8_chain_like_lognormal_rhlow_s10,n8_chain_like_lognormal_rhlow,8,chain_like,lognormal,high,low,10,0,1217000,true,accepted_all_graph_and_bin_checks,0.7368421052631578947368421053,0.1772151898734177215189873418
EXP-07,exp07_n8_chain_like_lognormal_rhlow_s11,n8_chain_like_lognormal_rhlow,8,chain_like,lognormal,high,low,11,0,1218000,false,rho_l_outside_target_bin,0.9130434782608695652173913043,0.2470588235294117647058823529
EXP-07,exp07_n8_chain_like_lognormal_rhlow_s11,n8_chain_like_lognormal_rhlow,8,chain_like,lognormal,high,low,11,1,1218001,true,accepted_all_graph_and_bin_checks,0.8333333333333333333333333333,0.1851851851851851851851851852
EXP-07,exp07_n8_chain_like_lognormal_rhlow_s12,n8_chain_like_lognormal_rhlow,8,chain_like,lognormal,high,low,12,0,1219000,true,accepted_all_graph_and_bin_checks,0.8095238095238095238095238095,0.1752577319587628865979381443
EXP-07,exp07_n8_chain_like_lognormal_rhlow_s13,n8_chain_like_lognormal_rhlow,8,chain_like,lognormal,high,low,13,0,1220000,true,accepted_all_graph_and_bin_checks,0.8125,0.1780821917808219178082191781
EXP-07,exp07_n8_chain_like_lognormal_rhlow_s14,n8_chain_like_lognormal_rhlow,8,chain_like,lognormal,high,low,14,0,1221000,true,accepted_all_graph_and_bin_checks,0.875,0.1794871794871794871794871795
EXP-07,exp07_n8_chain_like_lognormal_rhlow_s15,n8_chain_like_lognormal_rhlow,8,chain_like,lognormal,high,low,15,0,1222000,true,accepted_all_graph_and_bin_checks,0.75,0.1764705882352941176470588235
EXP-07,exp07_n8_chain_like_lognormal_rhlow_s16,n8_chain_like_lognormal_rhlow,8,chain_like,lognormal,high,low,16,0,1223000,true,accepted_all_graph_and_bin_checks,0.7692307692307692307692307692,0.1818181818181818181818181818
EXP-07,exp07_n8_chain_like_lognormal_rhlow_s17,n8_chain_like_lognormal_rhlow,8,chain_like,lognormal,high,low,17,0,1224000,true,accepted_all_graph_and_bin_checks,0.85,0.1789473684210526315789473684
EXP-07,exp07_n8_chain_like_lognormal_rhlow_s18,n8_chain_like_lognormal_rhlow,8,chain_like,lognormal,high,low,18,0,1225000,true,accepted_all_graph_and_bin_checks,0.8125,0.1780821917808219178082191781
EXP-07,exp07_n8_chain_like_lognormal_rhlow_s19,n8_chain_like_lognormal_rhlow,8,chain_like,lognormal,high,low,19,0,1226000,true,accepted_all_graph_and_bin_checks,0.8333333333333333333333333333,0.1851851851851851851851851852
EXP-07,exp07_n8_chain_like_lognormal_rhmedium_s00,n8_chain_like_lognormal_rhmedium,8,chain_like,lognormal,high,medium,0,0,1207000,true,accepted_all_graph_and_bin_checks,0.8666666666666666666666666667,0.4482758620689655172413793103
EXP-07,exp07_n8_chain_like_lognormal_rhmedium_s01,n8_chain_like_lognormal_rhmedium,8,chain_like,lognormal,high,medium,1,0,1208000,false,rho_l_outside_target_bin,0.92,0.4509803921568627450980392157
EXP-07,exp07_n8_chain_like_lognormal_rhmedium_s01,n8_chain_like_lognormal_rhmedium,8,chain_like,lognormal,high,medium,1,1,1208001,true,accepted_all_graph_and_bin_checks,0.7826086956521739130434782609,0.4537815126050420168067226891
EXP-07,exp07_n8_chain_like_lognormal_rhmedium_s02,n8_chain_like_lognormal_rhmedium,8,chain_like,lognormal,high,medium,2,0,1209000,true,accepted_all_graph_and_bin_checks,0.75,0.45
EXP-07,exp07_n8_chain_like_lognormal_rhmedium_s03,n8_chain_like_lognormal_rhmedium,8,chain_like,lognormal,high,medium,3,0,1210000,true,accepted_all_graph_and_bin_checks,0.875,0.4375
EXP-07,exp07_n8_chain_like_lognormal_rhmedium_s04,n8_chain_like_lognormal_rhmedium,8,chain_like,lognormal,high,medium,4,0,1211000,true,accepted_all_graph_and_bin_checks,0.7826086956521739130434782609,0.4537815126050420168067226891
EXP-07,exp07_n8_chain_like_lognormal_rhmedium_s05,n8_chain_like_lognormal_rhmedium,8,chain_like,lognormal,high,medium,5,0,1212000,true,accepted_all_graph_and_bin_checks,0.8571428571428571428571428571,0.4444444444444444444444444444
EXP-07,exp07_n8_chain_like_lognormal_rhmedium_s06,n8_chain_like_lognormal_rhmedium,8,chain_like,lognormal,high,medium,6,0,1213000,true,accepted_all_graph_and_bin_checks,0.8235294117647058823529411765,0.4590163934426229508196721311
EXP-07,exp07_n8_chain_like_lognormal_rhmedium_s07,n8_chain_like_lognormal_rhmedium,8,chain_like,lognormal,high,medium,7,0,1214000,true,accepted_all_graph_and_bin_checks,0.7727272727272727272727272727,0.4594594594594594594594594595
EXP-07,exp07_n8_chain_like_lognormal_rhmedium_s08,n8_chain_like_lognormal_rhmedium,8,chain_like,lognormal,high,medium,8,0,1215000,true,accepted_all_graph_and_bin_checks,0.875,0.4375
EXP-07,exp07_n8_chain_like_lognormal_rhmedium_s09,n8_chain_like_lognormal_rhmedium,8,chain_like,lognormal,high,medium,9,0,1216000,true,accepted_all_graph_and_bin_checks,0.8095238095238095238095238095,0.4434782608695652173913043478
EXP-07,exp07_n8_chain_like_lognormal_rhmedium_s10,n8_chain_like_lognormal_rhmedium,8,chain_like,lognormal,high,medium,10,0,1217000,true,accepted_all_graph_and_bin_checks,0.7368421052631578947368421053,0.4444444444444444444444444444
EXP-07,exp07_n8_chain_like_lognormal_rhmedium_s11,n8_chain_like_lognormal_rhmedium,8,chain_like,lognormal,high,medium,11,0,1218000,false,rho_l_outside_target_bin,0.9130434782608695652173913043,0.4468085106382978723404255319
EXP-07,exp07_n8_chain_like_lognormal_rhmedium_s11,n8_chain_like_lognormal_rhmedium,8,chain_like,lognormal,high,medium,11,1,1218001,true,accepted_all_graph_and_bin_checks,0.8333333333333333333333333333,0.4545454545454545454545454545
EXP-07,exp07_n8_chain_like_lognormal_rhmedium_s12,n8_chain_like_lognormal_rhmedium,8,chain_like,lognormal,high,medium,12,0,1219000,true,accepted_all_graph_and_bin_checks,0.8095238095238095238095238095,0.4434782608695652173913043478
EXP-07,exp07_n8_chain_like_lognormal_rhmedium_s13,n8_chain_like_lognormal_rhmedium,8,chain_like,lognormal,high,medium,13,0,1220000,true,accepted_all_graph_and_bin_checks,0.8125,0.4482758620689655172413793103
EXP-07,exp07_n8_chain_like_lognormal_rhmedium_s14,n8_chain_like_lognormal_rhmedium,8,chain_like,lognormal,high,medium,14,0,1221000,true,accepted_all_graph_and_bin_checks,0.875,0.4375
EXP-07,exp07_n8_chain_like_lognormal_rhmedium_s15,n8_chain_like_lognormal_rhmedium,8,chain_like,lognormal,high,medium,15,0,1222000,true,accepted_all_graph_and_bin_checks,0.75,0.45
EXP-07,exp07_n8_chain_like_lognormal_rhmedium_s16,n8_chain_like_lognormal_rhmedium,8,chain_like,lognormal,high,medium,16,0,1223000,true,accepted_all_graph_and_bin_checks,0.7692307692307692307692307692,0.4545454545454545454545454545
EXP-07,exp07_n8_chain_like_lognormal_rhmedium_s17,n8_chain_like_lognormal_rhmedium,8,chain_like,lognormal,high,medium,17,0,1224000,true,accepted_all_graph_and_bin_checks,0.85,0.4473684210526315789473684211
EXP-07,exp07_n8_chain_like_lognormal_rhmedium_s18,n8_chain_like_lognormal_rhmedium,8,chain_like,lognormal,high,medium,18,0,1225000,true,accepted_all_graph_and_bin_checks,0.8125,0.4482758620689655172413793103
EXP-07,exp07_n8_chain_like_lognormal_rhmedium_s19,n8_chain_like_lognormal_rhmedium,8,chain_like,lognormal,high,medium,19,0,1226000,true,accepted_all_graph_and_bin_checks,0.8333333333333333333333333333,0.4545454545454545454545454545
EXP-07,exp07_n8_chain_like_lognormal_rhhigh_s00,n8_chain_like_lognormal_rhhigh,8,chain_like,lognormal,high,high,0,0,1207000,true,accepted_all_graph_and_bin_checks,0.8666666666666666666666666667,0.75
EXP-07,exp07_n8_chain_like_lognormal_rhhigh_s01,n8_chain_like_lognormal_rhhigh,8,chain_like,lognormal,high,high,1,0,1208000,false,rho_l_outside_target_bin,0.92,0.7540983606557377049180327869
EXP-07,exp07_n8_chain_like_lognormal_rhhigh_s01,n8_chain_like_lognormal_rhhigh,8,chain_like,lognormal,high,high,1,1,1208001,true,accepted_all_graph_and_bin_checks,0.7826086956521739130434782609,0.75
EXP-07,exp07_n8_chain_like_lognormal_rhhigh_s02,n8_chain_like_lognormal_rhhigh,8,chain_like,lognormal,high,high,2,0,1209000,true,accepted_all_graph_and_bin_checks,0.75,0.75
EXP-07,exp07_n8_chain_like_lognormal_rhhigh_s03,n8_chain_like_lognormal_rhhigh,8,chain_like,lognormal,high,high,3,0,1210000,true,accepted_all_graph_and_bin_checks,0.875,0.75
EXP-07,exp07_n8_chain_like_lognormal_rhhigh_s04,n8_chain_like_lognormal_rhhigh,8,chain_like,lognormal,high,high,4,0,1211000,true,accepted_all_graph_and_bin_checks,0.7826086956521739130434782609,0.75
EXP-07,exp07_n8_chain_like_lognormal_rhhigh_s05,n8_chain_like_lognormal_rhhigh,8,chain_like,lognormal,high,high,5,0,1212000,true,accepted_all_graph_and_bin_checks,0.8571428571428571428571428571,0.75
EXP-07,exp07_n8_chain_like_lognormal_rhhigh_s06,n8_chain_like_lognormal_rhhigh,8,chain_like,lognormal,high,high,6,0,1213000,true,accepted_all_graph_and_bin_checks,0.8235294117647058823529411765,0.75
EXP-07,exp07_n8_chain_like_lognormal_rhhigh_s07,n8_chain_like_lognormal_rhhigh,8,chain_like,lognormal,high,high,7,0,1214000,true,accepted_all_graph_and_bin_checks,0.7727272727272727272727272727,0.7513812154696132596685082873
EXP-07,exp07_n8_chain_like_lognormal_rhhigh_s08,n8_chain_like_lognormal_rhhigh,8,chain_like,lognormal,high,high,8,0,1215000,true,accepted_all_graph_and_bin_checks,0.875,0.75
EXP-07,exp07_n8_chain_like_lognormal_rhhigh_s09,n8_chain_like_lognormal_rhhigh,8,chain_like,lognormal,high,high,9,0,1216000,true,accepted_all_graph_and_bin_checks,0.8095238095238095238095238095,0.7484276729559748427672955975
EXP-07,exp07_n8_chain_like_lognormal_rhhigh_s10,n8_chain_like_lognormal_rhhigh,8,chain_like,lognormal,high,high,10,0,1217000,true,accepted_all_graph_and_bin_checks,0.7368421052631578947368421053,0.75
EXP-07,exp07_n8_chain_like_lognormal_rhhigh_s11,n8_chain_like_lognormal_rhhigh,8,chain_like,lognormal,high,high,11,0,1218000,false,rho_l_outside_target_bin,0.9130434782608695652173913043,0.75
EXP-07,exp07_n8_chain_like_lognormal_rhhigh_s11,n8_chain_like_lognormal_rhhigh,8,chain_like,lognormal,high,high,11,1,1218001,true,accepted_all_graph_and_bin_checks,0.8333333333333333333333333333,0.75
EXP-07,exp07_n8_chain_like_lognormal_rhhigh_s12,n8_chain_like_lognormal_rhhigh,8,chain_like,lognormal,high,high,12,0,1219000,true,accepted_all_graph_and_bin_checks,0.8095238095238095238095238095,0.7484276729559748427672955975
EXP-07,exp07_n8_chain_like_lognormal_rhhigh_s13,n8_chain_like_lognormal_rhhigh,8,chain_like,lognormal,high,high,13,0,1220000,true,accepted_all_graph_and_bin_checks,0.8125,0.75
EXP-07,exp07_n8_chain_like_lognormal_rhhigh_s14,n8_chain_like_lognormal_rhhigh,8,chain_like,lognormal,high,high,14,0,1221000,true,accepted_all_graph_and_bin_checks,0.875,0.75
EXP-07,exp07_n8_chain_like_lognormal_rhhigh_s15,n8_chain_like_lognormal_rhhigh,8,chain_like,lognormal,high,high,15,0,1222000,true,accepted_all_graph_and_bin_checks,0.75,0.75
EXP-07,exp07_n8_chain_like_lognormal_rhhigh_s16,n8_chain_like_lognormal_rhhigh,8,chain_like,lognormal,high,high,16,0,1223000,true,accepted_all_graph_and_bin_checks,0.7692307692307692307692307692,0.75
EXP-07,exp07_n8_chain_like_lognormal_rhhigh_s17,n8_chain_like_lognormal_rhhigh,8,chain_like,lognormal,high,high,17,0,1224000,true,accepted_all_graph_and_bin_checks,0.85,0.7513812154696132596685082873
EXP-07,exp07_n8_chain_like_lognormal_rhhigh_s18,n8_chain_like_lognormal_rhhigh,8,chain_like,lognormal,high,high,18,0,1225000,true,accepted_all_graph_and_bin_checks,0.8125,0.75
EXP-07,exp07_n8_chain_like_lognormal_rhhigh_s19,n8_chain_like_lognormal_rhhigh,8,chain_like,lognormal,high,high,19,0,1226000,true,accepted_all_graph_and_bin_checks,0.8333333333333333333333333333,0.75
EXP-07,exp07_n16_wide_layered_homogeneous_rhlow_s00,n16_wide_layered_homogeneous_rhlow,16,wide_layered,homogeneous,low,low,0,0,1307000,true,accepted_all_graph_and_bin_checks,0.1875,0.1778656126482213438735177866
EXP-07,exp07_n16_wide_layered_homogeneous_rhlow_s01,n16_wide_layered_homogeneous_rhlow,16,wide_layered,homogeneous,low,low,1,0,1308000,true,accepted_all_graph_and_bin_checks,0.1875,0.1778656126482213438735177866
EXP-07,exp07_n16_wide_layered_homogeneous_rhlow_s02,n16_wide_layered_homogeneous_rhlow,16,wide_layered,homogeneous,low,low,2,0,1309000,true,accepted_all_graph_and_bin_checks,0.1875,0.1778656126482213438735177866
EXP-07,exp07_n16_wide_layered_homogeneous_rhlow_s03,n16_wide_layered_homogeneous_rhlow,16,wide_layered,homogeneous,low,low,3,0,1310000,true,accepted_all_graph_and_bin_checks,0.1875,0.1778656126482213438735177866
EXP-07,exp07_n16_wide_layered_homogeneous_rhlow_s04,n16_wide_layered_homogeneous_rhlow,16,wide_layered,homogeneous,low,low,4,0,1311000,true,accepted_all_graph_and_bin_checks,0.1875,0.1778656126482213438735177866
EXP-07,exp07_n16_wide_layered_homogeneous_rhlow_s05,n16_wide_layered_homogeneous_rhlow,16,wide_layered,homogeneous,low,low,5,0,1312000,true,accepted_all_graph_and_bin_checks,0.1875,0.1778656126482213438735177866
EXP-07,exp07_n16_wide_layered_homogeneous_rhlow_s06,n16_wide_layered_homogeneous_rhlow,16,wide_layered,homogeneous,low,low,6,0,1313000,true,accepted_all_graph_and_bin_checks,0.1875,0.1778656126482213438735177866
EXP-07,exp07_n16_wide_layered_homogeneous_rhlow_s07,n16_wide_layered_homogeneous_rhlow,16,wide_layered,homogeneous,low,low,7,0,1314000,true,accepted_all_graph_and_bin_checks,0.1875,0.1778656126482213438735177866
EXP-07,exp07_n16_wide_layered_homogeneous_rhlow_s08,n16_wide_layered_homogeneous_rhlow,16,wide_layered,homogeneous,low,low,8,0,1315000,true,accepted_all_graph_and_bin_checks,0.1875,0.1778656126482213438735177866
EXP-07,exp07_n16_wide_layered_homogeneous_rhlow_s09,n16_wide_layered_homogeneous_rhlow,16,wide_layered,homogeneous,low,low,9,0,1316000,true,accepted_all_graph_and_bin_checks,0.1875,0.1778656126482213438735177866
EXP-07,exp07_n16_wide_layered_homogeneous_rhlow_s10,n16_wide_layered_homogeneous_rhlow,16,wide_layered,homogeneous,low,low,10,0,1317000,true,accepted_all_graph_and_bin_checks,0.1875,0.1778656126482213438735177866
EXP-07,exp07_n16_wide_layered_homogeneous_rhlow_s11,n16_wide_layered_homogeneous_rhlow,16,wide_layered,homogeneous,low,low,11,0,1318000,true,accepted_all_graph_and_bin_checks,0.1875,0.1778656126482213438735177866
EXP-07,exp07_n16_wide_layered_homogeneous_rhlow_s12,n16_wide_layered_homogeneous_rhlow,16,wide_layered,homogeneous,low,low,12,0,1319000,true,accepted_all_graph_and_bin_checks,0.1875,0.1778656126482213438735177866
EXP-07,exp07_n16_wide_layered_homogeneous_rhlow_s13,n16_wide_layered_homogeneous_rhlow,16,wide_layered,homogeneous,low,low,13,0,1320000,true,accepted_all_graph_and_bin_checks,0.1875,0.1778656126482213438735177866
EXP-07,exp07_n16_wide_layered_homogeneous_rhlow_s14,n16_wide_layered_homogeneous_rhlow,16,wide_layered,homogeneous,low,low,14,0,1321000,true,accepted_all_graph_and_bin_checks,0.1875,0.1778656126482213438735177866
EXP-07,exp07_n16_wide_layered_homogeneous_rhlow_s15,n16_wide_layered_homogeneous_rhlow,16,wide_layered,homogeneous,low,low,15,0,1322000,true,accepted_all_graph_and_bin_checks,0.1875,0.1778656126482213438735177866
EXP-07,exp07_n16_wide_layered_homogeneous_rhlow_s16,n16_wide_layered_homogeneous_rhlow,16,wide_layered,homogeneous,low,low,16,0,1323000,true,accepted_all_graph_and_bin_checks,0.1875,0.1778656126482213438735177866
EXP-07,exp07_n16_wide_layered_homogeneous_rhlow_s17,n16_wide_layered_homogeneous_rhlow,16,wide_layered,homogeneous,low,low,17,0,1324000,true,accepted_all_graph_and_bin_checks,0.1875,0.1778656126482213438735177866
EXP-07,exp07_n16_wide_layered_homogeneous_rhlow_s18,n16_wide_layered_homogeneous_rhlow,16,wide_layered,homogeneous,low,low,18,0,1325000,true,accepted_all_graph_and_bin_checks,0.1875,0.1778656126482213438735177866
EXP-07,exp07_n16_wide_layered_homogeneous_rhlow_s19,n16_wide_layered_homogeneous_rhlow,16,wide_layered,homogeneous,low,low,19,0,1326000,true,accepted_all_graph_and_bin_checks,0.1875,0.1778656126482213438735177866
EXP-07,exp07_n16_wide_layered_homogeneous_rhmedium_s00,n16_wide_layered_homogeneous_rhmedium,16,wide_layered,homogeneous,low,medium,0,0,1307000,true,accepted_all_graph_and_bin_checks,0.1875,0.4468085106382978723404255319
EXP-07,exp07_n16_wide_layered_homogeneous_rhmedium_s01,n16_wide_layered_homogeneous_rhmedium,16,wide_layered,homogeneous,low,medium,1,0,1308000,true,accepted_all_graph_and_bin_checks,0.1875,0.4468085106382978723404255319
EXP-07,exp07_n16_wide_layered_homogeneous_rhmedium_s02,n16_wide_layered_homogeneous_rhmedium,16,wide_layered,homogeneous,low,medium,2,0,1309000,true,accepted_all_graph_and_bin_checks,0.1875,0.4468085106382978723404255319
EXP-07,exp07_n16_wide_layered_homogeneous_rhmedium_s03,n16_wide_layered_homogeneous_rhmedium,16,wide_layered,homogeneous,low,medium,3,0,1310000,true,accepted_all_graph_and_bin_checks,0.1875,0.4468085106382978723404255319
EXP-07,exp07_n16_wide_layered_homogeneous_rhmedium_s04,n16_wide_layered_homogeneous_rhmedium,16,wide_layered,homogeneous,low,medium,4,0,1311000,true,accepted_all_graph_and_bin_checks,0.1875,0.4468085106382978723404255319
EXP-07,exp07_n16_wide_layered_homogeneous_rhmedium_s05,n16_wide_layered_homogeneous_rhmedium,16,wide_layered,homogeneous,low,medium,5,0,1312000,true,accepted_all_graph_and_bin_checks,0.1875,0.4468085106382978723404255319
EXP-07,exp07_n16_wide_layered_homogeneous_rhmedium_s06,n16_wide_layered_homogeneous_rhmedium,16,wide_layered,homogeneous,low,medium,6,0,1313000,true,accepted_all_graph_and_bin_checks,0.1875,0.4468085106382978723404255319
EXP-07,exp07_n16_wide_layered_homogeneous_rhmedium_s07,n16_wide_layered_homogeneous_rhmedium,16,wide_layered,homogeneous,low,medium,7,0,1314000,true,accepted_all_graph_and_bin_checks,0.1875,0.4468085106382978723404255319
EXP-07,exp07_n16_wide_layered_homogeneous_rhmedium_s08,n16_wide_layered_homogeneous_rhmedium,16,wide_layered,homogeneous,low,medium,8,0,1315000,true,accepted_all_graph_and_bin_checks,0.1875,0.4468085106382978723404255319
EXP-07,exp07_n16_wide_layered_homogeneous_rhmedium_s09,n16_wide_layered_homogeneous_rhmedium,16,wide_layered,homogeneous,low,medium,9,0,1316000,true,accepted_all_graph_and_bin_checks,0.1875,0.4468085106382978723404255319
EXP-07,exp07_n16_wide_layered_homogeneous_rhmedium_s10,n16_wide_layered_homogeneous_rhmedium,16,wide_layered,homogeneous,low,medium,10,0,1317000,true,accepted_all_graph_and_bin_checks,0.1875,0.4468085106382978723404255319
EXP-07,exp07_n16_wide_layered_homogeneous_rhmedium_s11,n16_wide_layered_homogeneous_rhmedium,16,wide_layered,homogeneous,low,medium,11,0,1318000,true,accepted_all_graph_and_bin_checks,0.1875,0.4468085106382978723404255319
EXP-07,exp07_n16_wide_layered_homogeneous_rhmedium_s12,n16_wide_layered_homogeneous_rhmedium,16,wide_layered,homogeneous,low,medium,12,0,1319000,true,accepted_all_graph_and_bin_checks,0.1875,0.4468085106382978723404255319
EXP-07,exp07_n16_wide_layered_homogeneous_rhmedium_s13,n16_wide_layered_homogeneous_rhmedium,16,wide_layered,homogeneous,low,medium,13,0,1320000,true,accepted_all_graph_and_bin_checks,0.1875,0.4468085106382978723404255319
EXP-07,exp07_n16_wide_layered_homogeneous_rhmedium_s14,n16_wide_layered_homogeneous_rhmedium,16,wide_layered,homogeneous,low,medium,14,0,1321000,true,accepted_all_graph_and_bin_checks,0.1875,0.4468085106382978723404255319
EXP-07,exp07_n16_wide_layered_homogeneous_rhmedium_s15,n16_wide_layered_homogeneous_rhmedium,16,wide_layered,homogeneous,low,medium,15,0,1322000,true,accepted_all_graph_and_bin_checks,0.1875,0.4468085106382978723404255319
EXP-07,exp07_n16_wide_layered_homogeneous_rhmedium_s16,n16_wide_layered_homogeneous_rhmedium,16,wide_layered,homogeneous,low,medium,16,0,1323000,true,accepted_all_graph_and_bin_checks,0.1875,0.4468085106382978723404255319
EXP-07,exp07_n16_wide_layered_homogeneous_rhmedium_s17,n16_wide_layered_homogeneous_rhmedium,16,wide_layered,homogeneous,low,medium,17,0,1324000,true,accepted_all_graph_and_bin_checks,0.1875,0.4468085106382978723404255319
EXP-07,exp07_n16_wide_layered_homogeneous_rhmedium_s18,n16_wide_layered_homogeneous_rhmedium,16,wide_layered,homogeneous,low,medium,18,0,1325000,true,accepted_all_graph_and_bin_checks,0.1875,0.4468085106382978723404255319
EXP-07,exp07_n16_wide_layered_homogeneous_rhmedium_s19,n16_wide_layered_homogeneous_rhmedium,16,wide_layered,homogeneous,low,medium,19,0,1326000,true,accepted_all_graph_and_bin_checks,0.1875,0.4468085106382978723404255319
EXP-07,exp07_n16_wide_layered_homogeneous_rhhigh_s00,n16_wide_layered_homogeneous_rhhigh,16,wide_layered,homogeneous,low,high,0,0,1307000,true,accepted_all_graph_and_bin_checks,0.1875,0.75
EXP-07,exp07_n16_wide_layered_homogeneous_rhhigh_s01,n16_wide_layered_homogeneous_rhhigh,16,wide_layered,homogeneous,low,high,1,0,1308000,true,accepted_all_graph_and_bin_checks,0.1875,0.75
EXP-07,exp07_n16_wide_layered_homogeneous_rhhigh_s02,n16_wide_layered_homogeneous_rhhigh,16,wide_layered,homogeneous,low,high,2,0,1309000,true,accepted_all_graph_and_bin_checks,0.1875,0.75
EXP-07,exp07_n16_wide_layered_homogeneous_rhhigh_s03,n16_wide_layered_homogeneous_rhhigh,16,wide_layered,homogeneous,low,high,3,0,1310000,true,accepted_all_graph_and_bin_checks,0.1875,0.75
EXP-07,exp07_n16_wide_layered_homogeneous_rhhigh_s04,n16_wide_layered_homogeneous_rhhigh,16,wide_layered,homogeneous,low,high,4,0,1311000,true,accepted_all_graph_and_bin_checks,0.1875,0.75
EXP-07,exp07_n16_wide_layered_homogeneous_rhhigh_s05,n16_wide_layered_homogeneous_rhhigh,16,wide_layered,homogeneous,low,high,5,0,1312000,true,accepted_all_graph_and_bin_checks,0.1875,0.75
EXP-07,exp07_n16_wide_layered_homogeneous_rhhigh_s06,n16_wide_layered_homogeneous_rhhigh,16,wide_layered,homogeneous,low,high,6,0,1313000,true,accepted_all_graph_and_bin_checks,0.1875,0.75
EXP-07,exp07_n16_wide_layered_homogeneous_rhhigh_s07,n16_wide_layered_homogeneous_rhhigh,16,wide_layered,homogeneous,low,high,7,0,1314000,true,accepted_all_graph_and_bin_checks,0.1875,0.75
EXP-07,exp07_n16_wide_layered_homogeneous_rhhigh_s08,n16_wide_layered_homogeneous_rhhigh,16,wide_layered,homogeneous,low,high,8,0,1315000,true,accepted_all_graph_and_bin_checks,0.1875,0.75
EXP-07,exp07_n16_wide_layered_homogeneous_rhhigh_s09,n16_wide_layered_homogeneous_rhhigh,16,wide_layered,homogeneous,low,high,9,0,1316000,true,accepted_all_graph_and_bin_checks,0.1875,0.75
EXP-07,exp07_n16_wide_layered_homogeneous_rhhigh_s10,n16_wide_layered_homogeneous_rhhigh,16,wide_layered,homogeneous,low,high,10,0,1317000,true,accepted_all_graph_and_bin_checks,0.1875,0.75
EXP-07,exp07_n16_wide_layered_homogeneous_rhhigh_s11,n16_wide_layered_homogeneous_rhhigh,16,wide_layered,homogeneous,low,high,11,0,1318000,true,accepted_all_graph_and_bin_checks,0.1875,0.75
EXP-07,exp07_n16_wide_layered_homogeneous_rhhigh_s12,n16_wide_layered_homogeneous_rhhigh,16,wide_layered,homogeneous,low,high,12,0,1319000,true,accepted_all_graph_and_bin_checks,0.1875,0.75
EXP-07,exp07_n16_wide_layered_homogeneous_rhhigh_s13,n16_wide_layered_homogeneous_rhhigh,16,wide_layered,homogeneous,low,high,13,0,1320000,true,accepted_all_graph_and_bin_checks,0.1875,0.75
EXP-07,exp07_n16_wide_layered_homogeneous_rhhigh_s14,n16_wide_layered_homogeneous_rhhigh,16,wide_layered,homogeneous,low,high,14,0,1321000,true,accepted_all_graph_and_bin_checks,0.1875,0.75
EXP-07,exp07_n16_wide_layered_homogeneous_rhhigh_s15,n16_wide_layered_homogeneous_rhhigh,16,wide_layered,homogeneous,low,high,15,0,1322000,true,accepted_all_graph_and_bin_checks,0.1875,0.75
EXP-07,exp07_n16_wide_layered_homogeneous_rhhigh_s16,n16_wide_layered_homogeneous_rhhigh,16,wide_layered,homogeneous,low,high,16,0,1323000,true,accepted_all_graph_and_bin_checks,0.1875,0.75
EXP-07,exp07_n16_wide_layered_homogeneous_rhhigh_s17,n16_wide_layered_homogeneous_rhhigh,16,wide_layered,homogeneous,low,high,17,0,1324000,true,accepted_all_graph_and_bin_checks,0.1875,0.75
EXP-07,exp07_n16_wide_layered_homogeneous_rhhigh_s18,n16_wide_layered_homogeneous_rhhigh,16,wide_layered,homogeneous,low,high,18,0,1325000,true,accepted_all_graph_and_bin_checks,0.1875,0.75
EXP-07,exp07_n16_wide_layered_homogeneous_rhhigh_s19,n16_wide_layered_homogeneous_rhhigh,16,wide_layered,homogeneous,low,high,19,0,1326000,true,accepted_all_graph_and_bin_checks,0.1875,0.75
EXP-07,exp07_n16_wide_layered_lognormal_rhlow_s00,n16_wide_layered_lognormal_rhlow,16,wide_layered,lognormal,low,low,0,0,1407000,false,rho_l_outside_target_bin,0.3333333333333333333333333333,0.1794871794871794871794871795
EXP-07,exp07_n16_wide_layered_lognormal_rhlow_s00,n16_wide_layered_lognormal_rhlow,16,wide_layered,lognormal,low,low,0,1,1407001,true,accepted_all_graph_and_bin_checks,0.2857142857142857142857142857,0.1791044776119402985074626866
EXP-07,exp07_n16_wide_layered_lognormal_rhlow_s01,n16_wide_layered_lognormal_rhlow,16,wide_layered,lognormal,low,low,1,0,1408000,true,accepted_all_graph_and_bin_checks,0.2368421052631578947368421053,0.1814516129032258064516129032
EXP-07,exp07_n16_wide_layered_lognormal_rhlow_s02,n16_wide_layered_lognormal_rhlow,16,wide_layered,lognormal,low,low,2,0,1409000,true,accepted_all_graph_and_bin_checks,0.2352941176470588235294117647,0.1801801801801801801801801802
EXP-07,exp07_n16_wide_layered_lognormal_rhlow_s03,n16_wide_layered_lognormal_rhlow,16,wide_layered,lognormal,low,low,3,0,1410000,false,rho_l_outside_target_bin,0.3235294117647058823529411765,0.1808219178082191780821917808
EXP-07,exp07_n16_wide_layered_lognormal_rhlow_s03,n16_wide_layered_lognormal_rhlow,16,wide_layered,lognormal,low,low,3,1,1410001,true,accepted_all_graph_and_bin_checks,0.2105263157894736842105263158,0.1791044776119402985074626866
EXP-07,exp07_n16_wide_layered_lognormal_rhlow_s04,n16_wide_layered_lognormal_rhlow,16,wide_layered,lognormal,low,low,4,0,1411000,false,rho_l_outside_target_bin,0.3,0.1764705882352941176470588235
EXP-07,exp07_n16_wide_layered_lognormal_rhlow_s04,n16_wide_layered_lognormal_rhlow,16,wide_layered,lognormal,low,low,4,1,1411001,false,rho_l_outside_target_bin,0.3333333333333333333333333333,0.1794871794871794871794871795
EXP-07,exp07_n16_wide_layered_lognormal_rhlow_s04,n16_wide_layered_lognormal_rhlow,16,wide_layered,lognormal,low,low,4,2,1411002,true,accepted_all_graph_and_bin_checks,0.1944444444444444444444444444,0.1799485861182519280205655527
EXP-07,exp07_n16_wide_layered_lognormal_rhlow_s05,n16_wide_layered_lognormal_rhlow,16,wide_layered,lognormal,low,low,5,0,1412000,false,rho_l_outside_target_bin,0.3428571428571428571428571429,0.1785714285714285714285714286
EXP-07,exp07_n16_wide_layered_lognormal_rhlow_s05,n16_wide_layered_lognormal_rhlow,16,wide_layered,lognormal,low,low,5,1,1412001,true,accepted_all_graph_and_bin_checks,0.2142857142857142857142857143,0.1791044776119402985074626866
EXP-07,exp07_n16_wide_layered_lognormal_rhlow_s06,n16_wide_layered_lognormal_rhlow,16,wide_layered,lognormal,low,low,6,0,1413000,false,rho_l_outside_target_bin,0.325,0.1795580110497237569060773481
EXP-07,exp07_n16_wide_layered_lognormal_rhlow_s06,n16_wide_layered_lognormal_rhlow,16,wide_layered,lognormal,low,low,6,1,1413001,true,accepted_all_graph_and_bin_checks,0.2580645161290322580645161290,0.1812297734627831715210355987
EXP-07,exp07_n16_wide_layered_lognormal_rhlow_s07,n16_wide_layered_lognormal_rhlow,16,wide_layered,lognormal,low,low,7,0,1414000,true,accepted_all_graph_and_bin_checks,0.28125,0.1804008908685968819599109131
EXP-07,exp07_n16_wide_layered_lognormal_rhlow_s08,n16_wide_layered_lognormal_rhlow,16,wide_layered,lognormal,low,low,8,0,1415000,true,accepted_all_graph_and_bin_checks,0.1777777777777777777777777778,0.1777777777777777777777777778
EXP-07,exp07_n16_wide_layered_lognormal_rhlow_s09,n16_wide_layered_lognormal_rhlow,16,wide_layered,lognormal,low,low,9,0,1416000,true,accepted_all_graph_and_bin_checks,0.2580645161290322580645161290,0.1812297734627831715210355987
EXP-07,exp07_n16_wide_layered_lognormal_rhlow_s10,n16_wide_layered_lognormal_rhlow,16,wide_layered,lognormal,low,low,10,0,1417000,true,accepted_all_graph_and_bin_checks,0.2051282051282051282051282051,0.1792260692464358452138492872
EXP-07,exp07_n16_wide_layered_lognormal_rhlow_s11,n16_wide_layered_lognormal_rhlow,16,wide_layered,lognormal,low,low,11,0,1418000,true,accepted_all_graph_and_bin_checks,0.2291666666666666666666666667,0.1789940828402366863905325444
EXP-07,exp07_n16_wide_layered_lognormal_rhlow_s12,n16_wide_layered_lognormal_rhlow,16,wide_layered,lognormal,low,low,12,0,1419000,true,accepted_all_graph_and_bin_checks,0.2580645161290322580645161290,0.1812297734627831715210355987
EXP-07,exp07_n16_wide_layered_lognormal_rhlow_s13,n16_wide_layered_lognormal_rhlow,16,wide_layered,lognormal,low,low,13,0,1420000,true,accepted_all_graph_and_bin_checks,0.2258064516129032258064516129,0.1794871794871794871794871795
EXP-07,exp07_n16_wide_layered_lognormal_rhlow_s14,n16_wide_layered_lognormal_rhlow,16,wide_layered,lognormal,low,low,14,0,1421000,true,accepted_all_graph_and_bin_checks,0.2702702702702702702702702703,0.1818181818181818181818181818
EXP-07,exp07_n16_wide_layered_lognormal_rhlow_s15,n16_wide_layered_lognormal_rhlow,16,wide_layered,lognormal,low,low,15,0,1422000,true,accepted_all_graph_and_bin_checks,0.2195121951219512195121951220,0.1794871794871794871794871795
EXP-07,exp07_n16_wide_layered_lognormal_rhlow_s16,n16_wide_layered_lognormal_rhlow,16,wide_layered,lognormal,low,low,16,0,1423000,true,accepted_all_graph_and_bin_checks,0.2,0.1794871794871794871794871795
EXP-07,exp07_n16_wide_layered_lognormal_rhlow_s17,n16_wide_layered_lognormal_rhlow,16,wide_layered,lognormal,low,low,17,0,1424000,true,accepted_all_graph_and_bin_checks,0.2592592592592592592592592593,0.1794871794871794871794871795
EXP-07,exp07_n16_wide_layered_lognormal_rhlow_s18,n16_wide_layered_lognormal_rhlow,16,wide_layered,lognormal,low,low,18,0,1425000,true,accepted_all_graph_and_bin_checks,0.2439024390243902439024390244,0.1815181518151815181518151815
EXP-07,exp07_n16_wide_layered_lognormal_rhlow_s19,n16_wide_layered_lognormal_rhlow,16,wide_layered,lognormal,low,low,19,0,1426000,true,accepted_all_graph_and_bin_checks,0.1904761904761904761904761905,0.1800643086816720257234726688
EXP-07,exp07_n16_wide_layered_lognormal_rhmedium_s00,n16_wide_layered_lognormal_rhmedium,16,wide_layered,lognormal,low,medium,0,0,1407000,false,rho_l_outside_target_bin,0.3333333333333333333333333333,0.4482758620689655172413793103
EXP-07,exp07_n16_wide_layered_lognormal_rhmedium_s00,n16_wide_layered_lognormal_rhmedium,16,wide_layered,lognormal,low,medium,0,1,1407001,true,accepted_all_graph_and_bin_checks,0.2857142857142857142857142857,0.4444444444444444444444444444
EXP-07,exp07_n16_wide_layered_lognormal_rhmedium_s01,n16_wide_layered_lognormal_rhmedium,16,wide_layered,lognormal,low,medium,1,0,1408000,true,accepted_all_graph_and_bin_checks,0.2368421052631578947368421053,0.4528301886792452830188679245
EXP-07,exp07_n16_wide_layered_lognormal_rhmedium_s02,n16_wide_layered_lognormal_rhmedium,16,wide_layered,lognormal,low,medium,2,0,1409000,true,accepted_all_graph_and_bin_checks,0.2352941176470588235294117647,0.4507042253521126760563380282
EXP-07,exp07_n16_wide_layered_lognormal_rhmedium_s03,n16_wide_layered_lognormal_rhmedium,16,wide_layered,lognormal,low,medium,3,0,1410000,false,rho_l_outside_target_bin,0.3235294117647058823529411765,0.4505119453924914675767918089
EXP-07,exp07_n16_wide_layered_lognormal_rhmedium_s03,n16_wide_layered_lognormal_rhmedium,16,wide_layered,lognormal,low,medium,3,1,1410001,true,accepted_all_graph_and_bin_checks,0.2105263157894736842105263158,0.4444444444444444444444444444
EXP-07,exp07_n16_wide_layered_lognormal_rhmedium_s04,n16_wide_layered_lognormal_rhmedium,16,wide_layered,lognormal,low,medium,4,0,1411000,false,rho_l_outside_target_bin,0.3,0.4455445544554455445544554455
EXP-07,exp07_n16_wide_layered_lognormal_rhmedium_s04,n16_wide_layered_lognormal_rhmedium,16,wide_layered,lognormal,low,medium,4,1,1411001,false,rho_l_outside_target_bin,0.3333333333333333333333333333,0.4482758620689655172413793103
EXP-07,exp07_n16_wide_layered_lognormal_rhmedium_s04,n16_wide_layered_lognormal_rhmedium,16,wide_layered,lognormal,low,medium,4,2,1411002,true,accepted_all_graph_and_bin_checks,0.1944444444444444444444444444,0.4458598726114649681528662420
EXP-07,exp07_n16_wide_layered_lognormal_rhmedium_s05,n16_wide_layered_lognormal_rhmedium,16,wide_layered,lognormal,low,medium,5,0,1412000,false,rho_l_outside_target_bin,0.3428571428571428571428571429,0.4505119453924914675767918089
EXP-07,exp07_n16_wide_layered_lognormal_rhmedium_s05,n16_wide_layered_lognormal_rhmedium,16,wide_layered,lognormal,low,medium,5,1,1412001,true,accepted_all_graph_and_bin_checks,0.2142857142857142857142857143,0.45
EXP-07,exp07_n16_wide_layered_lognormal_rhmedium_s06,n16_wide_layered_lognormal_rhmedium,16,wide_layered,lognormal,low,medium,6,0,1413000,false,rho_l_outside_target_bin,0.325,0.4521739130434782608695652174
EXP-07,exp07_n16_wide_layered_lognormal_rhmedium_s06,n16_wide_layered_lognormal_rhmedium,16,wide_layered,lognormal,low,medium,6,1,1413001,true,accepted_all_graph_and_bin_checks,0.2580645161290322580645161290,0.448
EXP-07,exp07_n16_wide_layered_lognormal_rhmedium_s07,n16_wide_layered_lognormal_rhmedium,16,wide_layered,lognormal,low,medium,7,0,1414000,true,accepted_all_graph_and_bin_checks,0.28125,0.4560810810810810810810810811
EXP-07,exp07_n16_wide_layered_lognormal_rhmedium_s08,n16_wide_layered_lognormal_rhmedium,16,wide_layered,lognormal,low,medium,8,0,1415000,true,accepted_all_graph_and_bin_checks,0.1777777777777777777777777778,0.4477611940298507462686567164
EXP-07,exp07_n16_wide_layered_lognormal_rhmedium_s09,n16_wide_layered_lognormal_rhmedium,16,wide_layered,lognormal,low,medium,9,0,1416000,true,accepted_all_graph_and_bin_checks,0.2580645161290322580645161290,0.448
EXP-07,exp07_n16_wide_layered_lognormal_rhmedium_s10,n16_wide_layered_lognormal_rhmedium,16,wide_layered,lognormal,low,medium,10,0,1417000,true,accepted_all_graph_and_bin_checks,0.2051282051282051282051282051,0.4522968197879858657243816254
EXP-07,exp07_n16_wide_layered_lognormal_rhmedium_s11,n16_wide_layered_lognormal_rhmedium,16,wide_layered,lognormal,low,medium,11,0,1418000,true,accepted_all_graph_and_bin_checks,0.2291666666666666666666666667,0.4498141263940520446096654275
EXP-07,exp07_n16_wide_layered_lognormal_rhmedium_s12,n16_wide_layered_lognormal_rhmedium,16,wide_layered,lognormal,low,medium,12,0,1419000,true,accepted_all_graph_and_bin_checks,0.2580645161290322580645161290,0.448
EXP-07,exp07_n16_wide_layered_lognormal_rhmedium_s13,n16_wide_layered_lognormal_rhmedium,16,wide_layered,lognormal,low,medium,13,0,1420000,true,accepted_all_graph_and_bin_checks,0.2258064516129032258064516129,0.4495412844036697247706422018
EXP-07,exp07_n16_wide_layered_lognormal_rhmedium_s14,n16_wide_layered_lognormal_rhmedium,16,wide_layered,lognormal,low,medium,14,0,1421000,true,accepted_all_graph_and_bin_checks,0.2702702702702702702702702703,0.4489795918367346938775510204
EXP-07,exp07_n16_wide_layered_lognormal_rhmedium_s15,n16_wide_layered_lognormal_rhmedium,16,wide_layered,lognormal,low,medium,15,0,1422000,true,accepted_all_graph_and_bin_checks,0.2195121951219512195121951220,0.4576271186440677966101694915
EXP-07,exp07_n16_wide_layered_lognormal_rhmedium_s16,n16_wide_layered_lognormal_rhmedium,16,wide_layered,lognormal,low,medium,16,0,1423000,true,accepted_all_graph_and_bin_checks,0.2,0.4482758620689655172413793103
EXP-07,exp07_n16_wide_layered_lognormal_rhmedium_s17,n16_wide_layered_lognormal_rhmedium,16,wide_layered,lognormal,low,medium,17,0,1424000,true,accepted_all_graph_and_bin_checks,0.2592592592592592592592592593,0.4495412844036697247706422018
EXP-07,exp07_n16_wide_layered_lognormal_rhmedium_s18,n16_wide_layered_lognormal_rhmedium,16,wide_layered,lognormal,low,medium,18,0,1425000,true,accepted_all_graph_and_bin_checks,0.2439024390243902439024390244,0.4464285714285714285714285714
EXP-07,exp07_n16_wide_layered_lognormal_rhmedium_s19,n16_wide_layered_lognormal_rhmedium,16,wide_layered,lognormal,low,medium,19,0,1426000,true,accepted_all_graph_and_bin_checks,0.1904761904761904761904761905,0.4516129032258064516129032258
EXP-07,exp07_n16_wide_layered_lognormal_rhhigh_s00,n16_wide_layered_lognormal_rhhigh,16,wide_layered,lognormal,low,high,0,0,1407000,false,rho_l_outside_target_bin,0.3333333333333333333333333333,0.75
EXP-07,exp07_n16_wide_layered_lognormal_rhhigh_s00,n16_wide_layered_lognormal_rhhigh,16,wide_layered,lognormal,low,high,0,1,1407001,true,accepted_all_graph_and_bin_checks,0.2857142857142857142857142857,0.75
EXP-07,exp07_n16_wide_layered_lognormal_rhhigh_s01,n16_wide_layered_lognormal_rhhigh,16,wide_layered,lognormal,low,high,1,0,1408000,true,accepted_all_graph_and_bin_checks,0.2368421052631578947368421053,0.7563025210084033613445378151
EXP-07,exp07_n16_wide_layered_lognormal_rhhigh_s02,n16_wide_layered_lognormal_rhhigh,16,wide_layered,lognormal,low,high,2,0,1409000,true,accepted_all_graph_and_bin_checks,0.2352941176470588235294117647,0.7547169811320754716981132075
EXP-07,exp07_n16_wide_layered_lognormal_rhhigh_s03,n16_wide_layered_lognormal_rhhigh,16,wide_layered,lognormal,low,high,3,0,1410000,false,rho_l_outside_target_bin,0.3235294117647058823529411765,0.7566137566137566137566137566
EXP-07,exp07_n16_wide_layered_lognormal_rhhigh_s03,n16_wide_layered_lognormal_rhhigh,16,wide_layered,lognormal,low,high,3,1,1410001,true,accepted_all_graph_and_bin_checks,0.2105263157894736842105263158,0.7457627118644067796610169492
EXP-07,exp07_n16_wide_layered_lognormal_rhhigh_s04,n16_wide_layered_lognormal_rhhigh,16,wide_layered,lognormal,low,high,4,0,1411000,false,rho_l_outside_target_bin,0.3,0.75
EXP-07,exp07_n16_wide_layered_lognormal_rhhigh_s04,n16_wide_layered_lognormal_rhhigh,16,wide_layered,lognormal,low,high,4,1,1411001,false,rho_l_outside_target_bin,0.3333333333333333333333333333,0.75
EXP-07,exp07_n16_wide_layered_lognormal_rhhigh_s04,n16_wide_layered_lognormal_rhhigh,16,wide_layered,lognormal,low,high,4,2,1411002,true,accepted_all_graph_and_bin_checks,0.1944444444444444444444444444,0.7433628318584070796460176991
EXP-07,exp07_n16_wide_layered_lognormal_rhhigh_s05,n16_wide_layered_lognormal_rhhigh,16,wide_layered,lognormal,low,high,5,0,1412000,false,rho_l_outside_target_bin,0.3428571428571428571428571429,0.7578947368421052631578947368
EXP-07,exp07_n16_wide_layered_lognormal_rhhigh_s05,n16_wide_layered_lognormal_rhhigh,16,wide_layered,lognormal,low,high,5,1,1412001,true,accepted_all_graph_and_bin_checks,0.2142857142857142857142857143,0.75
EXP-07,exp07_n16_wide_layered_lognormal_rhhigh_s06,n16_wide_layered_lognormal_rhhigh,16,wide_layered,lognormal,low,high,6,0,1413000,false,rho_l_outside_target_bin,0.325,0.7428571428571428571428571429
EXP-07,exp07_n16_wide_layered_lognormal_rhhigh_s06,n16_wide_layered_lognormal_rhhigh,16,wide_layered,lognormal,low,high,6,1,1413001,true,accepted_all_graph_and_bin_checks,0.2580645161290322580645161290,0.7578947368421052631578947368
EXP-07,exp07_n16_wide_layered_lognormal_rhhigh_s07,n16_wide_layered_lognormal_rhhigh,16,wide_layered,lognormal,low,high,7,0,1414000,true,accepted_all_graph_and_bin_checks,0.28125,0.7458563535911602209944751381
EXP-07,exp07_n16_wide_layered_lognormal_rhhigh_s08,n16_wide_layered_lognormal_rhhigh,16,wide_layered,lognormal,low,high,8,0,1415000,true,accepted_all_graph_and_bin_checks,0.1777777777777777777777777778,0.7516778523489932885906040268
EXP-07,exp07_n16_wide_layered_lognormal_rhhigh_s09,n16_wide_layered_lognormal_rhhigh,16,wide_layered,lognormal,low,high,9,0,1416000,true,accepted_all_graph_and_bin_checks,0.2580645161290322580645161290,0.7578947368421052631578947368
EXP-07,exp07_n16_wide_layered_lognormal_rhhigh_s10,n16_wide_layered_lognormal_rhhigh,16,wide_layered,lognormal,low,high,10,0,1417000,true,accepted_all_graph_and_bin_checks,0.2051282051282051282051282051,0.7559055118110236220472440945
EXP-07,exp07_n16_wide_layered_lognormal_rhhigh_s11,n16_wide_layered_lognormal_rhhigh,16,wide_layered,lognormal,low,high,11,0,1418000,true,accepted_all_graph_and_bin_checks,0.2291666666666666666666666667,0.7482993197278911564625850340
EXP-07,exp07_n16_wide_layered_lognormal_rhhigh_s12,n16_wide_layered_lognormal_rhhigh,16,wide_layered,lognormal,low,high,12,0,1419000,true,accepted_all_graph_and_bin_checks,0.2580645161290322580645161290,0.7578947368421052631578947368
EXP-07,exp07_n16_wide_layered_lognormal_rhhigh_s13,n16_wide_layered_lognormal_rhhigh,16,wide_layered,lognormal,low,high,13,0,1420000,true,accepted_all_graph_and_bin_checks,0.2258064516129032258064516129,0.7446808510638297872340425532
EXP-07,exp07_n16_wide_layered_lognormal_rhhigh_s14,n16_wide_layered_lognormal_rhhigh,16,wide_layered,lognormal,low,high,14,0,1421000,true,accepted_all_graph_and_bin_checks,0.2702702702702702702702702703,0.7476635514018691588785046729
EXP-07,exp07_n16_wide_layered_lognormal_rhhigh_s15,n16_wide_layered_lognormal_rhhigh,16,wide_layered,lognormal,low,high,15,0,1422000,true,accepted_all_graph_and_bin_checks,0.2195121951219512195121951220,0.7557251908396946564885496183
EXP-07,exp07_n16_wide_layered_lognormal_rhhigh_s16,n16_wide_layered_lognormal_rhhigh,16,wide_layered,lognormal,low,high,16,0,1423000,true,accepted_all_graph_and_bin_checks,0.2,0.75
EXP-07,exp07_n16_wide_layered_lognormal_rhhigh_s17,n16_wide_layered_lognormal_rhhigh,16,wide_layered,lognormal,low,high,17,0,1424000,true,accepted_all_graph_and_bin_checks,0.2592592592592592592592592593,0.7590361445783132530120481928
EXP-07,exp07_n16_wide_layered_lognormal_rhhigh_s18,n16_wide_layered_lognormal_rhhigh,16,wide_layered,lognormal,low,high,18,0,1425000,true,accepted_all_graph_and_bin_checks,0.2439024390243902439024390244,0.7438016528925619834710743802
EXP-07,exp07_n16_wide_layered_lognormal_rhhigh_s19,n16_wide_layered_lognormal_rhhigh,16,wide_layered,lognormal,low,high,19,0,1426000,true,accepted_all_graph_and_bin_checks,0.1904761904761904761904761905,0.7536231884057971014492753623
EXP-07,exp07_n16_mixed_homogeneous_rhlow_s00,n16_mixed_homogeneous_rhlow,16,mixed,homogeneous,medium,low,0,0,1507000,true,accepted_all_graph_and_bin_checks,0.4375,0.1818181818181818181818181818
EXP-07,exp07_n16_mixed_homogeneous_rhlow_s01,n16_mixed_homogeneous_rhlow,16,mixed,homogeneous,medium,low,1,0,1508000,true,accepted_all_graph_and_bin_checks,0.4375,0.1818181818181818181818181818
EXP-07,exp07_n16_mixed_homogeneous_rhlow_s02,n16_mixed_homogeneous_rhlow,16,mixed,homogeneous,medium,low,2,0,1509000,true,accepted_all_graph_and_bin_checks,0.4375,0.1818181818181818181818181818
EXP-07,exp07_n16_mixed_homogeneous_rhlow_s03,n16_mixed_homogeneous_rhlow,16,mixed,homogeneous,medium,low,3,0,1510000,true,accepted_all_graph_and_bin_checks,0.4375,0.1818181818181818181818181818
EXP-07,exp07_n16_mixed_homogeneous_rhlow_s04,n16_mixed_homogeneous_rhlow,16,mixed,homogeneous,medium,low,4,0,1511000,true,accepted_all_graph_and_bin_checks,0.4375,0.1818181818181818181818181818
EXP-07,exp07_n16_mixed_homogeneous_rhlow_s05,n16_mixed_homogeneous_rhlow,16,mixed,homogeneous,medium,low,5,0,1512000,true,accepted_all_graph_and_bin_checks,0.4375,0.1818181818181818181818181818
EXP-07,exp07_n16_mixed_homogeneous_rhlow_s06,n16_mixed_homogeneous_rhlow,16,mixed,homogeneous,medium,low,6,0,1513000,true,accepted_all_graph_and_bin_checks,0.4375,0.1818181818181818181818181818
EXP-07,exp07_n16_mixed_homogeneous_rhlow_s07,n16_mixed_homogeneous_rhlow,16,mixed,homogeneous,medium,low,7,0,1514000,true,accepted_all_graph_and_bin_checks,0.4375,0.1818181818181818181818181818
EXP-07,exp07_n16_mixed_homogeneous_rhlow_s08,n16_mixed_homogeneous_rhlow,16,mixed,homogeneous,medium,low,8,0,1515000,true,accepted_all_graph_and_bin_checks,0.4375,0.1818181818181818181818181818
EXP-07,exp07_n16_mixed_homogeneous_rhlow_s09,n16_mixed_homogeneous_rhlow,16,mixed,homogeneous,medium,low,9,0,1516000,true,accepted_all_graph_and_bin_checks,0.4375,0.1818181818181818181818181818
EXP-07,exp07_n16_mixed_homogeneous_rhlow_s10,n16_mixed_homogeneous_rhlow,16,mixed,homogeneous,medium,low,10,0,1517000,true,accepted_all_graph_and_bin_checks,0.4375,0.1818181818181818181818181818
EXP-07,exp07_n16_mixed_homogeneous_rhlow_s11,n16_mixed_homogeneous_rhlow,16,mixed,homogeneous,medium,low,11,0,1518000,true,accepted_all_graph_and_bin_checks,0.4375,0.1818181818181818181818181818
EXP-07,exp07_n16_mixed_homogeneous_rhlow_s12,n16_mixed_homogeneous_rhlow,16,mixed,homogeneous,medium,low,12,0,1519000,true,accepted_all_graph_and_bin_checks,0.4375,0.1818181818181818181818181818
EXP-07,exp07_n16_mixed_homogeneous_rhlow_s13,n16_mixed_homogeneous_rhlow,16,mixed,homogeneous,medium,low,13,0,1520000,true,accepted_all_graph_and_bin_checks,0.4375,0.1818181818181818181818181818
EXP-07,exp07_n16_mixed_homogeneous_rhlow_s14,n16_mixed_homogeneous_rhlow,16,mixed,homogeneous,medium,low,14,0,1521000,true,accepted_all_graph_and_bin_checks,0.4375,0.1818181818181818181818181818
EXP-07,exp07_n16_mixed_homogeneous_rhlow_s15,n16_mixed_homogeneous_rhlow,16,mixed,homogeneous,medium,low,15,0,1522000,true,accepted_all_graph_and_bin_checks,0.4375,0.1818181818181818181818181818
EXP-07,exp07_n16_mixed_homogeneous_rhlow_s16,n16_mixed_homogeneous_rhlow,16,mixed,homogeneous,medium,low,16,0,1523000,true,accepted_all_graph_and_bin_checks,0.4375,0.1818181818181818181818181818
EXP-07,exp07_n16_mixed_homogeneous_rhlow_s17,n16_mixed_homogeneous_rhlow,16,mixed,homogeneous,medium,low,17,0,1524000,true,accepted_all_graph_and_bin_checks,0.4375,0.1818181818181818181818181818
EXP-07,exp07_n16_mixed_homogeneous_rhlow_s18,n16_mixed_homogeneous_rhlow,16,mixed,homogeneous,medium,low,18,0,1525000,true,accepted_all_graph_and_bin_checks,0.4375,0.1818181818181818181818181818
EXP-07,exp07_n16_mixed_homogeneous_rhlow_s19,n16_mixed_homogeneous_rhlow,16,mixed,homogeneous,medium,low,19,0,1526000,true,accepted_all_graph_and_bin_checks,0.4375,0.1818181818181818181818181818
EXP-07,exp07_n16_mixed_homogeneous_rhmedium_s00,n16_mixed_homogeneous_rhmedium,16,mixed,homogeneous,medium,medium,0,0,1507000,true,accepted_all_graph_and_bin_checks,0.4375,0.4534412955465587044534412955
EXP-07,exp07_n16_mixed_homogeneous_rhmedium_s01,n16_mixed_homogeneous_rhmedium,16,mixed,homogeneous,medium,medium,1,0,1508000,true,accepted_all_graph_and_bin_checks,0.4375,0.4534412955465587044534412955
EXP-07,exp07_n16_mixed_homogeneous_rhmedium_s02,n16_mixed_homogeneous_rhmedium,16,mixed,homogeneous,medium,medium,2,0,1509000,true,accepted_all_graph_and_bin_checks,0.4375,0.4534412955465587044534412955
EXP-07,exp07_n16_mixed_homogeneous_rhmedium_s03,n16_mixed_homogeneous_rhmedium,16,mixed,homogeneous,medium,medium,3,0,1510000,true,accepted_all_graph_and_bin_checks,0.4375,0.4534412955465587044534412955
EXP-07,exp07_n16_mixed_homogeneous_rhmedium_s04,n16_mixed_homogeneous_rhmedium,16,mixed,homogeneous,medium,medium,4,0,1511000,true,accepted_all_graph_and_bin_checks,0.4375,0.4534412955465587044534412955
EXP-07,exp07_n16_mixed_homogeneous_rhmedium_s05,n16_mixed_homogeneous_rhmedium,16,mixed,homogeneous,medium,medium,5,0,1512000,true,accepted_all_graph_and_bin_checks,0.4375,0.4534412955465587044534412955
EXP-07,exp07_n16_mixed_homogeneous_rhmedium_s06,n16_mixed_homogeneous_rhmedium,16,mixed,homogeneous,medium,medium,6,0,1513000,true,accepted_all_graph_and_bin_checks,0.4375,0.4534412955465587044534412955
EXP-07,exp07_n16_mixed_homogeneous_rhmedium_s07,n16_mixed_homogeneous_rhmedium,16,mixed,homogeneous,medium,medium,7,0,1514000,true,accepted_all_graph_and_bin_checks,0.4375,0.4534412955465587044534412955
EXP-07,exp07_n16_mixed_homogeneous_rhmedium_s08,n16_mixed_homogeneous_rhmedium,16,mixed,homogeneous,medium,medium,8,0,1515000,true,accepted_all_graph_and_bin_checks,0.4375,0.4534412955465587044534412955
EXP-07,exp07_n16_mixed_homogeneous_rhmedium_s09,n16_mixed_homogeneous_rhmedium,16,mixed,homogeneous,medium,medium,9,0,1516000,true,accepted_all_graph_and_bin_checks,0.4375,0.4534412955465587044534412955
EXP-07,exp07_n16_mixed_homogeneous_rhmedium_s10,n16_mixed_homogeneous_rhmedium,16,mixed,homogeneous,medium,medium,10,0,1517000,true,accepted_all_graph_and_bin_checks,0.4375,0.4534412955465587044534412955
EXP-07,exp07_n16_mixed_homogeneous_rhmedium_s11,n16_mixed_homogeneous_rhmedium,16,mixed,homogeneous,medium,medium,11,0,1518000,true,accepted_all_graph_and_bin_checks,0.4375,0.4534412955465587044534412955
EXP-07,exp07_n16_mixed_homogeneous_rhmedium_s12,n16_mixed_homogeneous_rhmedium,16,mixed,homogeneous,medium,medium,12,0,1519000,true,accepted_all_graph_and_bin_checks,0.4375,0.4534412955465587044534412955
EXP-07,exp07_n16_mixed_homogeneous_rhmedium_s13,n16_mixed_homogeneous_rhmedium,16,mixed,homogeneous,medium,medium,13,0,1520000,true,accepted_all_graph_and_bin_checks,0.4375,0.4534412955465587044534412955
EXP-07,exp07_n16_mixed_homogeneous_rhmedium_s14,n16_mixed_homogeneous_rhmedium,16,mixed,homogeneous,medium,medium,14,0,1521000,true,accepted_all_graph_and_bin_checks,0.4375,0.4534412955465587044534412955
EXP-07,exp07_n16_mixed_homogeneous_rhmedium_s15,n16_mixed_homogeneous_rhmedium,16,mixed,homogeneous,medium,medium,15,0,1522000,true,accepted_all_graph_and_bin_checks,0.4375,0.4534412955465587044534412955
EXP-07,exp07_n16_mixed_homogeneous_rhmedium_s16,n16_mixed_homogeneous_rhmedium,16,mixed,homogeneous,medium,medium,16,0,1523000,true,accepted_all_graph_and_bin_checks,0.4375,0.4534412955465587044534412955
EXP-07,exp07_n16_mixed_homogeneous_rhmedium_s17,n16_mixed_homogeneous_rhmedium,16,mixed,homogeneous,medium,medium,17,0,1524000,true,accepted_all_graph_and_bin_checks,0.4375,0.4534412955465587044534412955
EXP-07,exp07_n16_mixed_homogeneous_rhmedium_s18,n16_mixed_homogeneous_rhmedium,16,mixed,homogeneous,medium,medium,18,0,1525000,true,accepted_all_graph_and_bin_checks,0.4375,0.4534412955465587044534412955
EXP-07,exp07_n16_mixed_homogeneous_rhmedium_s19,n16_mixed_homogeneous_rhmedium,16,mixed,homogeneous,medium,medium,19,0,1526000,true,accepted_all_graph_and_bin_checks,0.4375,0.4534412955465587044534412955
EXP-07,exp07_n16_mixed_homogeneous_rhhigh_s00,n16_mixed_homogeneous_rhhigh,16,mixed,homogeneous,medium,high,0,0,1507000,true,accepted_all_graph_and_bin_checks,0.4375,0.7446808510638297872340425532
EXP-07,exp07_n16_mixed_homogeneous_rhhigh_s01,n16_mixed_homogeneous_rhhigh,16,mixed,homogeneous,medium,high,1,0,1508000,true,accepted_all_graph_and_bin_checks,0.4375,0.7446808510638297872340425532
EXP-07,exp07_n16_mixed_homogeneous_rhhigh_s02,n16_mixed_homogeneous_rhhigh,16,mixed,homogeneous,medium,high,2,0,1509000,true,accepted_all_graph_and_bin_checks,0.4375,0.7446808510638297872340425532
EXP-07,exp07_n16_mixed_homogeneous_rhhigh_s03,n16_mixed_homogeneous_rhhigh,16,mixed,homogeneous,medium,high,3,0,1510000,true,accepted_all_graph_and_bin_checks,0.4375,0.7446808510638297872340425532
EXP-07,exp07_n16_mixed_homogeneous_rhhigh_s04,n16_mixed_homogeneous_rhhigh,16,mixed,homogeneous,medium,high,4,0,1511000,true,accepted_all_graph_and_bin_checks,0.4375,0.7446808510638297872340425532
EXP-07,exp07_n16_mixed_homogeneous_rhhigh_s05,n16_mixed_homogeneous_rhhigh,16,mixed,homogeneous,medium,high,5,0,1512000,true,accepted_all_graph_and_bin_checks,0.4375,0.7446808510638297872340425532
EXP-07,exp07_n16_mixed_homogeneous_rhhigh_s06,n16_mixed_homogeneous_rhhigh,16,mixed,homogeneous,medium,high,6,0,1513000,true,accepted_all_graph_and_bin_checks,0.4375,0.7446808510638297872340425532
EXP-07,exp07_n16_mixed_homogeneous_rhhigh_s07,n16_mixed_homogeneous_rhhigh,16,mixed,homogeneous,medium,high,7,0,1514000,true,accepted_all_graph_and_bin_checks,0.4375,0.7446808510638297872340425532
EXP-07,exp07_n16_mixed_homogeneous_rhhigh_s08,n16_mixed_homogeneous_rhhigh,16,mixed,homogeneous,medium,high,8,0,1515000,true,accepted_all_graph_and_bin_checks,0.4375,0.7446808510638297872340425532
EXP-07,exp07_n16_mixed_homogeneous_rhhigh_s09,n16_mixed_homogeneous_rhhigh,16,mixed,homogeneous,medium,high,9,0,1516000,true,accepted_all_graph_and_bin_checks,0.4375,0.7446808510638297872340425532
EXP-07,exp07_n16_mixed_homogeneous_rhhigh_s10,n16_mixed_homogeneous_rhhigh,16,mixed,homogeneous,medium,high,10,0,1517000,true,accepted_all_graph_and_bin_checks,0.4375,0.7446808510638297872340425532
EXP-07,exp07_n16_mixed_homogeneous_rhhigh_s11,n16_mixed_homogeneous_rhhigh,16,mixed,homogeneous,medium,high,11,0,1518000,true,accepted_all_graph_and_bin_checks,0.4375,0.7446808510638297872340425532
EXP-07,exp07_n16_mixed_homogeneous_rhhigh_s12,n16_mixed_homogeneous_rhhigh,16,mixed,homogeneous,medium,high,12,0,1519000,true,accepted_all_graph_and_bin_checks,0.4375,0.7446808510638297872340425532
EXP-07,exp07_n16_mixed_homogeneous_rhhigh_s13,n16_mixed_homogeneous_rhhigh,16,mixed,homogeneous,medium,high,13,0,1520000,true,accepted_all_graph_and_bin_checks,0.4375,0.7446808510638297872340425532
EXP-07,exp07_n16_mixed_homogeneous_rhhigh_s14,n16_mixed_homogeneous_rhhigh,16,mixed,homogeneous,medium,high,14,0,1521000,true,accepted_all_graph_and_bin_checks,0.4375,0.7446808510638297872340425532
EXP-07,exp07_n16_mixed_homogeneous_rhhigh_s15,n16_mixed_homogeneous_rhhigh,16,mixed,homogeneous,medium,high,15,0,1522000,true,accepted_all_graph_and_bin_checks,0.4375,0.7446808510638297872340425532
EXP-07,exp07_n16_mixed_homogeneous_rhhigh_s16,n16_mixed_homogeneous_rhhigh,16,mixed,homogeneous,medium,high,16,0,1523000,true,accepted_all_graph_and_bin_checks,0.4375,0.7446808510638297872340425532
EXP-07,exp07_n16_mixed_homogeneous_rhhigh_s17,n16_mixed_homogeneous_rhhigh,16,mixed,homogeneous,medium,high,17,0,1524000,true,accepted_all_graph_and_bin_checks,0.4375,0.7446808510638297872340425532
EXP-07,exp07_n16_mixed_homogeneous_rhhigh_s18,n16_mixed_homogeneous_rhhigh,16,mixed,homogeneous,medium,high,18,0,1525000,true,accepted_all_graph_and_bin_checks,0.4375,0.7446808510638297872340425532
EXP-07,exp07_n16_mixed_homogeneous_rhhigh_s19,n16_mixed_homogeneous_rhhigh,16,mixed,homogeneous,medium,high,19,0,1526000,true,accepted_all_graph_and_bin_checks,0.4375,0.7446808510638297872340425532
EXP-07,exp07_n16_mixed_lognormal_rhlow_s00,n16_mixed_lognormal_rhlow,16,mixed,lognormal,medium,low,0,0,1607000,true,accepted_all_graph_and_bin_checks,0.4814814814814814814814814815,0.1764705882352941176470588235
EXP-07,exp07_n16_mixed_lognormal_rhlow_s01,n16_mixed_lognormal_rhlow,16,mixed,lognormal,medium,low,1,0,1608000,true,accepted_all_graph_and_bin_checks,0.5111111111111111111111111111,0.1830238726790450928381962865
EXP-07,exp07_n16_mixed_lognormal_rhlow_s02,n16_mixed_lognormal_rhlow,16,mixed,lognormal,medium,low,2,0,1609000,true,accepted_all_graph_and_bin_checks,0.5384615384615384615384615385,0.1794871794871794871794871795
EXP-07,exp07_n16_mixed_lognormal_rhlow_s03,n16_mixed_lognormal_rhlow,16,mixed,lognormal,medium,low,3,0,1610000,true,accepted_all_graph_and_bin_checks,0.5142857142857142857142857143,0.1849315068493150684931506849
EXP-07,exp07_n16_mixed_lognormal_rhlow_s04,n16_mixed_lognormal_rhlow,16,mixed,lognormal,medium,low,4,0,1611000,true,accepted_all_graph_and_bin_checks,0.5588235294117647058823529412,0.1743119266055045871559633028
EXP-07,exp07_n16_mixed_lognormal_rhlow_s05,n16_mixed_lognormal_rhlow,16,mixed,lognormal,medium,low,5,0,1612000,false,rho_l_outside_target_bin,0.6571428571428571428571428571,0.1755725190839694656488549618
EXP-07,exp07_n16_mixed_lognormal_rhlow_s05,n16_mixed_lognormal_rhlow,16,mixed,lognormal,medium,low,5,1,1612001,true,accepted_all_graph_and_bin_checks,0.5476190476190476190476190476,0.1803921568627450980392156863
EXP-07,exp07_n16_mixed_lognormal_rhlow_s06,n16_mixed_lognormal_rhlow,16,mixed,lognormal,medium,low,6,0,1613000,true,accepted_all_graph_and_bin_checks,0.4772727272727272727272727273,0.1858407079646017699115044248
EXP-07,exp07_n16_mixed_lognormal_rhlow_s07,n16_mixed_lognormal_rhlow,16,mixed,lognormal,medium,low,7,0,1614000,true,accepted_all_graph_and_bin_checks,0.4761904761904761904761904762,0.1851851851851851851851851852
EXP-07,exp07_n16_mixed_lognormal_rhlow_s08,n16_mixed_lognormal_rhlow,16,mixed,lognormal,medium,low,8,0,1615000,true,accepted_all_graph_and_bin_checks,0.5789473684210526315789473684,0.1746031746031746031746031746
EXP-07,exp07_n16_mixed_lognormal_rhlow_s09,n16_mixed_lognormal_rhlow,16,mixed,lognormal,medium,low,9,0,1616000,true,accepted_all_graph_and_bin_checks,0.4782608695652173913043478261,0.1746031746031746031746031746
EXP-07,exp07_n16_mixed_lognormal_rhlow_s10,n16_mixed_lognormal_rhlow,16,mixed,lognormal,medium,low,10,0,1617000,true,accepted_all_graph_and_bin_checks,0.4666666666666666666666666667,0.1794871794871794871794871795
EXP-07,exp07_n16_mixed_lognormal_rhlow_s11,n16_mixed_lognormal_rhlow,16,mixed,lognormal,medium,low,11,0,1618000,true,accepted_all_graph_and_bin_checks,0.5588235294117647058823529412,0.1743119266055045871559633028
EXP-07,exp07_n16_mixed_lognormal_rhlow_s12,n16_mixed_lognormal_rhlow,16,mixed,lognormal,medium,low,12,0,1619000,true,accepted_all_graph_and_bin_checks,0.4878048780487804878048780488,0.1801801801801801801801801802
EXP-07,exp07_n16_mixed_lognormal_rhlow_s13,n16_mixed_lognormal_rhlow,16,mixed,lognormal,medium,low,13,0,1620000,true,accepted_all_graph_and_bin_checks,0.5319148936170212765957446809,0.1756440281030444964871194379
EXP-07,exp07_n16_mixed_lognormal_rhlow_s14,n16_mixed_lognormal_rhlow,16,mixed,lognormal,medium,low,14,0,1621000,true,accepted_all_graph_and_bin_checks,0.5675675675675675675675675676,0.1794871794871794871794871795
EXP-07,exp07_n16_mixed_lognormal_rhlow_s15,n16_mixed_lognormal_rhlow,16,mixed,lognormal,medium,low,15,0,1622000,true,accepted_all_graph_and_bin_checks,0.5,0.1818181818181818181818181818
EXP-07,exp07_n16_mixed_lognormal_rhlow_s16,n16_mixed_lognormal_rhlow,16,mixed,lognormal,medium,low,16,0,1623000,true,accepted_all_graph_and_bin_checks,0.5333333333333333333333333333,0.1764705882352941176470588235
EXP-07,exp07_n16_mixed_lognormal_rhlow_s17,n16_mixed_lognormal_rhlow,16,mixed,lognormal,medium,low,17,0,1624000,true,accepted_all_graph_and_bin_checks,0.5714285714285714285714285714,0.1818181818181818181818181818
EXP-07,exp07_n16_mixed_lognormal_rhlow_s18,n16_mixed_lognormal_rhlow,16,mixed,lognormal,medium,low,18,0,1625000,true,accepted_all_graph_and_bin_checks,0.5526315789473684210526315789,0.1834061135371179039301310044
EXP-07,exp07_n16_mixed_lognormal_rhlow_s19,n16_mixed_lognormal_rhlow,16,mixed,lognormal,medium,low,19,0,1626000,true,accepted_all_graph_and_bin_checks,0.5384615384615384615384615385,0.1794871794871794871794871795
EXP-07,exp07_n16_mixed_lognormal_rhmedium_s00,n16_mixed_lognormal_rhmedium,16,mixed,lognormal,medium,medium,0,0,1607000,true,accepted_all_graph_and_bin_checks,0.4814814814814814814814814815,0.4482758620689655172413793103
EXP-07,exp07_n16_mixed_lognormal_rhmedium_s01,n16_mixed_lognormal_rhmedium,16,mixed,lognormal,medium,medium,1,0,1608000,true,accepted_all_graph_and_bin_checks,0.5111111111111111111111111111,0.4509803921568627450980392157
EXP-07,exp07_n16_mixed_lognormal_rhmedium_s02,n16_mixed_lognormal_rhmedium,16,mixed,lognormal,medium,medium,2,0,1609000,true,accepted_all_graph_and_bin_checks,0.5384615384615384615384615385,0.4495412844036697247706422018
EXP-07,exp07_n16_mixed_lognormal_rhmedium_s03,n16_mixed_lognormal_rhmedium,16,mixed,lognormal,medium,medium,3,0,1610000,true,accepted_all_graph_and_bin_checks,0.5142857142857142857142857143,0.4488778054862842892768079800
EXP-07,exp07_n16_mixed_lognormal_rhmedium_s04,n16_mixed_lognormal_rhmedium,16,mixed,lognormal,medium,medium,4,0,1611000,true,accepted_all_graph_and_bin_checks,0.5588235294117647058823529412,0.4488188976377952755905511811
EXP-07,exp07_n16_mixed_lognormal_rhmedium_s05,n16_mixed_lognormal_rhmedium,16,mixed,lognormal,medium,medium,5,0,1612000,false,rho_l_outside_target_bin,0.6571428571428571428571428571,0.4509803921568627450980392157
EXP-07,exp07_n16_mixed_lognormal_rhmedium_s05,n16_mixed_lognormal_rhmedium,16,mixed,lognormal,medium,medium,5,1,1612001,true,accepted_all_graph_and_bin_checks,0.5476190476190476190476190476,0.4466019417475728155339805825
EXP-07,exp07_n16_mixed_lognormal_rhmedium_s06,n16_mixed_lognormal_rhmedium,16,mixed,lognormal,medium,medium,6,0,1613000,true,accepted_all_graph_and_bin_checks,0.4772727272727272727272727273,0.4510739856801909307875894988
EXP-07,exp07_n16_mixed_lognormal_rhmedium_s07,n16_mixed_lognormal_rhmedium,16,mixed,lognormal,medium,medium,7,0,1614000,true,accepted_all_graph_and_bin_checks,0.4761904761904761904761904762,0.45
EXP-07,exp07_n16_mixed_lognormal_rhmedium_s08,n16_mixed_lognormal_rhmedium,16,mixed,lognormal,medium,medium,8,0,1615000,true,accepted_all_graph_and_bin_checks,0.5789473684210526315789473684,0.4520547945205479452054794521
EXP-07,exp07_n16_mixed_lognormal_rhmedium_s09,n16_mixed_lognormal_rhmedium,16,mixed,lognormal,medium,medium,9,0,1616000,true,accepted_all_graph_and_bin_checks,0.4782608695652173913043478261,0.4489795918367346938775510204
EXP-07,exp07_n16_mixed_lognormal_rhmedium_s10,n16_mixed_lognormal_rhmedium,16,mixed,lognormal,medium,medium,10,0,1617000,true,accepted_all_graph_and_bin_checks,0.4666666666666666666666666667,0.4495412844036697247706422018
EXP-07,exp07_n16_mixed_lognormal_rhmedium_s11,n16_mixed_lognormal_rhmedium,16,mixed,lognormal,medium,medium,11,0,1618000,true,accepted_all_graph_and_bin_checks,0.5588235294117647058823529412,0.4488188976377952755905511811
EXP-07,exp07_n16_mixed_lognormal_rhmedium_s12,n16_mixed_lognormal_rhmedium,16,mixed,lognormal,medium,medium,12,0,1619000,true,accepted_all_graph_and_bin_checks,0.4878048780487804878048780488,0.4494382022471910112359550562
EXP-07,exp07_n16_mixed_lognormal_rhmedium_s13,n16_mixed_lognormal_rhmedium,16,mixed,lognormal,medium,medium,13,0,1620000,true,accepted_all_graph_and_bin_checks,0.5319148936170212765957446809,0.4480286738351254480286738351
EXP-07,exp07_n16_mixed_lognormal_rhmedium_s14,n16_mixed_lognormal_rhmedium,16,mixed,lognormal,medium,medium,14,0,1621000,true,accepted_all_graph_and_bin_checks,0.5675675675675675675675675676,0.4506437768240343347639484979
EXP-07,exp07_n16_mixed_lognormal_rhmedium_s15,n16_mixed_lognormal_rhmedium,16,mixed,lognormal,medium,medium,15,0,1622000,true,accepted_all_graph_and_bin_checks,0.5,0.45
EXP-07,exp07_n16_mixed_lognormal_rhmedium_s16,n16_mixed_lognormal_rhmedium,16,mixed,lognormal,medium,medium,16,0,1623000,true,accepted_all_graph_and_bin_checks,0.5333333333333333333333333333,0.4494382022471910112359550562
EXP-07,exp07_n16_mixed_lognormal_rhmedium_s17,n16_mixed_lognormal_rhmedium,16,mixed,lognormal,medium,medium,17,0,1624000,true,accepted_all_graph_and_bin_checks,0.5714285714285714285714285714,0.4507042253521126760563380282
EXP-07,exp07_n16_mixed_lognormal_rhmedium_s18,n16_mixed_lognormal_rhmedium,16,mixed,lognormal,medium,medium,18,0,1625000,true,accepted_all_graph_and_bin_checks,0.5526315789473684210526315789,0.4516129032258064516129032258
EXP-07,exp07_n16_mixed_lognormal_rhmedium_s19,n16_mixed_lognormal_rhmedium,16,mixed,lognormal,medium,medium,19,0,1626000,true,accepted_all_graph_and_bin_checks,0.5384615384615384615384615385,0.4495412844036697247706422018
EXP-07,exp07_n16_mixed_lognormal_rhhigh_s00,n16_mixed_lognormal_rhhigh,16,mixed,lognormal,medium,high,0,0,1607000,true,accepted_all_graph_and_bin_checks,0.4814814814814814814814814815,0.7511111111111111111111111111
EXP-07,exp07_n16_mixed_lognormal_rhhigh_s01,n16_mixed_lognormal_rhhigh,16,mixed,lognormal,medium,high,1,0,1608000,true,accepted_all_graph_and_bin_checks,0.5111111111111111111111111111,0.7453703703703703703703703704
EXP-07,exp07_n16_mixed_lognormal_rhhigh_s02,n16_mixed_lognormal_rhhigh,16,mixed,lognormal,medium,high,2,0,1609000,true,accepted_all_graph_and_bin_checks,0.5384615384615384615384615385,0.7520661157024793388429752066
EXP-07,exp07_n16_mixed_lognormal_rhhigh_s03,n16_mixed_lognormal_rhhigh,16,mixed,lognormal,medium,high,3,0,1610000,true,accepted_all_graph_and_bin_checks,0.5142857142857142857142857143,0.7477744807121661721068249258
EXP-07,exp07_n16_mixed_lognormal_rhhigh_s04,n16_mixed_lognormal_rhhigh,16,mixed,lognormal,medium,high,4,0,1611000,true,accepted_all_graph_and_bin_checks,0.5588235294117647058823529412,0.7524752475247524752475247525
EXP-07,exp07_n16_mixed_lognormal_rhhigh_s05,n16_mixed_lognormal_rhhigh,16,mixed,lognormal,medium,high,5,0,1612000,false,rho_l_outside_target_bin,0.6571428571428571428571428571,0.7507418397626112759643916914
EXP-07,exp07_n16_mixed_lognormal_rhhigh_s05,n16_mixed_lognormal_rhhigh,16,mixed,lognormal,medium,high,5,1,1612001,true,accepted_all_graph_and_bin_checks,0.5476190476190476190476190476,0.7516339869281045751633986928
EXP-07,exp07_n16_mixed_lognormal_rhhigh_s06,n16_mixed_lognormal_rhhigh,16,mixed,lognormal,medium,high,6,0,1613000,true,accepted_all_graph_and_bin_checks,0.4772727272727272727272727273,0.7479452054794520547945205479
EXP-07,exp07_n16_mixed_lognormal_rhhigh_s07,n16_mixed_lognormal_rhhigh,16,mixed,lognormal,medium,high,7,0,1614000,true,accepted_all_graph_and_bin_checks,0.4761904761904761904761904762,0.7518796992481203007518796992
EXP-07,exp07_n16_mixed_lognormal_rhhigh_s08,n16_mixed_lognormal_rhhigh,16,mixed,lognormal,medium,high,8,0,1615000,true,accepted_all_graph_and_bin_checks,0.5789473684210526315789473684,0.7486910994764397905759162304
EXP-07,exp07_n16_mixed_lognormal_rhhigh_s09,n16_mixed_lognormal_rhhigh,16,mixed,lognormal,medium,high,9,0,1616000,true,accepted_all_graph_and_bin_checks,0.4782608695652173913043478261,0.7486910994764397905759162304
EXP-07,exp07_n16_mixed_lognormal_rhhigh_s10,n16_mixed_lognormal_rhhigh,16,mixed,lognormal,medium,high,10,0,1617000,true,accepted_all_graph_and_bin_checks,0.4666666666666666666666666667,0.7538461538461538461538461538
EXP-07,exp07_n16_mixed_lognormal_rhhigh_s11,n16_mixed_lognormal_rhhigh,16,mixed,lognormal,medium,high,11,0,1618000,true,accepted_all_graph_and_bin_checks,0.5588235294117647058823529412,0.7524752475247524752475247525
EXP-07,exp07_n16_mixed_lognormal_rhhigh_s12,n16_mixed_lognormal_rhhigh,16,mixed,lognormal,medium,high,12,0,1619000,true,accepted_all_graph_and_bin_checks,0.4878048780487804878048780488,0.7529411764705882352941176471
EXP-07,exp07_n16_mixed_lognormal_rhhigh_s13,n16_mixed_lognormal_rhhigh,16,mixed,lognormal,medium,high,13,0,1620000,true,accepted_all_graph_and_bin_checks,0.5319148936170212765957446809,0.7518796992481203007518796992
EXP-07,exp07_n16_mixed_lognormal_rhhigh_s14,n16_mixed_lognormal_rhhigh,16,mixed,lognormal,medium,high,14,0,1621000,true,accepted_all_graph_and_bin_checks,0.5675675675675675675675675676,0.75
EXP-07,exp07_n16_mixed_lognormal_rhhigh_s15,n16_mixed_lognormal_rhhigh,16,mixed,lognormal,medium,high,15,0,1622000,true,accepted_all_graph_and_bin_checks,0.5,0.75
EXP-07,exp07_n16_mixed_lognormal_rhhigh_s16,n16_mixed_lognormal_rhhigh,16,mixed,lognormal,medium,high,16,0,1623000,true,accepted_all_graph_and_bin_checks,0.5333333333333333333333333333,0.7482014388489208633093525180
EXP-07,exp07_n16_mixed_lognormal_rhhigh_s17,n16_mixed_lognormal_rhhigh,16,mixed,lognormal,medium,high,17,0,1624000,true,accepted_all_graph_and_bin_checks,0.5714285714285714285714285714,0.75
EXP-07,exp07_n16_mixed_lognormal_rhhigh_s18,n16_mixed_lognormal_rhhigh,16,mixed,lognormal,medium,high,18,0,1625000,true,accepted_all_graph_and_bin_checks,0.5526315789473684210526315789,0.7477744807121661721068249258
EXP-07,exp07_n16_mixed_lognormal_rhhigh_s19,n16_mixed_lognormal_rhhigh,16,mixed,lognormal,medium,high,19,0,1626000,true,accepted_all_graph_and_bin_checks,0.5384615384615384615384615385,0.7520661157024793388429752066
EXP-07,exp07_n16_chain_like_homogeneous_rhlow_s00,n16_chain_like_homogeneous_rhlow,16,chain_like,homogeneous,high,low,0,0,1707000,true,accepted_all_graph_and_bin_checks,0.75,0.1764705882352941176470588235
EXP-07,exp07_n16_chain_like_homogeneous_rhlow_s01,n16_chain_like_homogeneous_rhlow,16,chain_like,homogeneous,high,low,1,0,1708000,true,accepted_all_graph_and_bin_checks,0.75,0.1764705882352941176470588235
EXP-07,exp07_n16_chain_like_homogeneous_rhlow_s02,n16_chain_like_homogeneous_rhlow,16,chain_like,homogeneous,high,low,2,0,1709000,true,accepted_all_graph_and_bin_checks,0.75,0.1764705882352941176470588235
EXP-07,exp07_n16_chain_like_homogeneous_rhlow_s03,n16_chain_like_homogeneous_rhlow,16,chain_like,homogeneous,high,low,3,0,1710000,true,accepted_all_graph_and_bin_checks,0.75,0.1764705882352941176470588235
EXP-07,exp07_n16_chain_like_homogeneous_rhlow_s04,n16_chain_like_homogeneous_rhlow,16,chain_like,homogeneous,high,low,4,0,1711000,true,accepted_all_graph_and_bin_checks,0.75,0.1764705882352941176470588235
EXP-07,exp07_n16_chain_like_homogeneous_rhlow_s05,n16_chain_like_homogeneous_rhlow,16,chain_like,homogeneous,high,low,5,0,1712000,true,accepted_all_graph_and_bin_checks,0.75,0.1764705882352941176470588235
EXP-07,exp07_n16_chain_like_homogeneous_rhlow_s06,n16_chain_like_homogeneous_rhlow,16,chain_like,homogeneous,high,low,6,0,1713000,true,accepted_all_graph_and_bin_checks,0.75,0.1764705882352941176470588235
EXP-07,exp07_n16_chain_like_homogeneous_rhlow_s07,n16_chain_like_homogeneous_rhlow,16,chain_like,homogeneous,high,low,7,0,1714000,true,accepted_all_graph_and_bin_checks,0.75,0.1764705882352941176470588235
EXP-07,exp07_n16_chain_like_homogeneous_rhlow_s08,n16_chain_like_homogeneous_rhlow,16,chain_like,homogeneous,high,low,8,0,1715000,true,accepted_all_graph_and_bin_checks,0.75,0.1764705882352941176470588235
EXP-07,exp07_n16_chain_like_homogeneous_rhlow_s09,n16_chain_like_homogeneous_rhlow,16,chain_like,homogeneous,high,low,9,0,1716000,true,accepted_all_graph_and_bin_checks,0.75,0.1764705882352941176470588235
EXP-07,exp07_n16_chain_like_homogeneous_rhlow_s10,n16_chain_like_homogeneous_rhlow,16,chain_like,homogeneous,high,low,10,0,1717000,true,accepted_all_graph_and_bin_checks,0.75,0.1764705882352941176470588235
EXP-07,exp07_n16_chain_like_homogeneous_rhlow_s11,n16_chain_like_homogeneous_rhlow,16,chain_like,homogeneous,high,low,11,0,1718000,true,accepted_all_graph_and_bin_checks,0.75,0.1764705882352941176470588235
EXP-07,exp07_n16_chain_like_homogeneous_rhlow_s12,n16_chain_like_homogeneous_rhlow,16,chain_like,homogeneous,high,low,12,0,1719000,true,accepted_all_graph_and_bin_checks,0.75,0.1764705882352941176470588235
EXP-07,exp07_n16_chain_like_homogeneous_rhlow_s13,n16_chain_like_homogeneous_rhlow,16,chain_like,homogeneous,high,low,13,0,1720000,true,accepted_all_graph_and_bin_checks,0.75,0.1764705882352941176470588235
EXP-07,exp07_n16_chain_like_homogeneous_rhlow_s14,n16_chain_like_homogeneous_rhlow,16,chain_like,homogeneous,high,low,14,0,1721000,true,accepted_all_graph_and_bin_checks,0.75,0.1764705882352941176470588235
EXP-07,exp07_n16_chain_like_homogeneous_rhlow_s15,n16_chain_like_homogeneous_rhlow,16,chain_like,homogeneous,high,low,15,0,1722000,true,accepted_all_graph_and_bin_checks,0.75,0.1764705882352941176470588235
EXP-07,exp07_n16_chain_like_homogeneous_rhlow_s16,n16_chain_like_homogeneous_rhlow,16,chain_like,homogeneous,high,low,16,0,1723000,true,accepted_all_graph_and_bin_checks,0.75,0.1764705882352941176470588235
EXP-07,exp07_n16_chain_like_homogeneous_rhlow_s17,n16_chain_like_homogeneous_rhlow,16,chain_like,homogeneous,high,low,17,0,1724000,true,accepted_all_graph_and_bin_checks,0.75,0.1764705882352941176470588235
EXP-07,exp07_n16_chain_like_homogeneous_rhlow_s18,n16_chain_like_homogeneous_rhlow,16,chain_like,homogeneous,high,low,18,0,1725000,true,accepted_all_graph_and_bin_checks,0.75,0.1764705882352941176470588235
EXP-07,exp07_n16_chain_like_homogeneous_rhlow_s19,n16_chain_like_homogeneous_rhlow,16,chain_like,homogeneous,high,low,19,0,1726000,true,accepted_all_graph_and_bin_checks,0.75,0.1764705882352941176470588235
EXP-07,exp07_n16_chain_like_homogeneous_rhmedium_s00,n16_chain_like_homogeneous_rhmedium,16,chain_like,homogeneous,high,medium,0,0,1707000,true,accepted_all_graph_and_bin_checks,0.75,0.45
EXP-07,exp07_n16_chain_like_homogeneous_rhmedium_s01,n16_chain_like_homogeneous_rhmedium,16,chain_like,homogeneous,high,medium,1,0,1708000,true,accepted_all_graph_and_bin_checks,0.75,0.45
EXP-07,exp07_n16_chain_like_homogeneous_rhmedium_s02,n16_chain_like_homogeneous_rhmedium,16,chain_like,homogeneous,high,medium,2,0,1709000,true,accepted_all_graph_and_bin_checks,0.75,0.45
EXP-07,exp07_n16_chain_like_homogeneous_rhmedium_s03,n16_chain_like_homogeneous_rhmedium,16,chain_like,homogeneous,high,medium,3,0,1710000,true,accepted_all_graph_and_bin_checks,0.75,0.45
EXP-07,exp07_n16_chain_like_homogeneous_rhmedium_s04,n16_chain_like_homogeneous_rhmedium,16,chain_like,homogeneous,high,medium,4,0,1711000,true,accepted_all_graph_and_bin_checks,0.75,0.45
EXP-07,exp07_n16_chain_like_homogeneous_rhmedium_s05,n16_chain_like_homogeneous_rhmedium,16,chain_like,homogeneous,high,medium,5,0,1712000,true,accepted_all_graph_and_bin_checks,0.75,0.45
EXP-07,exp07_n16_chain_like_homogeneous_rhmedium_s06,n16_chain_like_homogeneous_rhmedium,16,chain_like,homogeneous,high,medium,6,0,1713000,true,accepted_all_graph_and_bin_checks,0.75,0.45
EXP-07,exp07_n16_chain_like_homogeneous_rhmedium_s07,n16_chain_like_homogeneous_rhmedium,16,chain_like,homogeneous,high,medium,7,0,1714000,true,accepted_all_graph_and_bin_checks,0.75,0.45
EXP-07,exp07_n16_chain_like_homogeneous_rhmedium_s08,n16_chain_like_homogeneous_rhmedium,16,chain_like,homogeneous,high,medium,8,0,1715000,true,accepted_all_graph_and_bin_checks,0.75,0.45
EXP-07,exp07_n16_chain_like_homogeneous_rhmedium_s09,n16_chain_like_homogeneous_rhmedium,16,chain_like,homogeneous,high,medium,9,0,1716000,true,accepted_all_graph_and_bin_checks,0.75,0.45
EXP-07,exp07_n16_chain_like_homogeneous_rhmedium_s10,n16_chain_like_homogeneous_rhmedium,16,chain_like,homogeneous,high,medium,10,0,1717000,true,accepted_all_graph_and_bin_checks,0.75,0.45
EXP-07,exp07_n16_chain_like_homogeneous_rhmedium_s11,n16_chain_like_homogeneous_rhmedium,16,chain_like,homogeneous,high,medium,11,0,1718000,true,accepted_all_graph_and_bin_checks,0.75,0.45
EXP-07,exp07_n16_chain_like_homogeneous_rhmedium_s12,n16_chain_like_homogeneous_rhmedium,16,chain_like,homogeneous,high,medium,12,0,1719000,true,accepted_all_graph_and_bin_checks,0.75,0.45
EXP-07,exp07_n16_chain_like_homogeneous_rhmedium_s13,n16_chain_like_homogeneous_rhmedium,16,chain_like,homogeneous,high,medium,13,0,1720000,true,accepted_all_graph_and_bin_checks,0.75,0.45
EXP-07,exp07_n16_chain_like_homogeneous_rhmedium_s14,n16_chain_like_homogeneous_rhmedium,16,chain_like,homogeneous,high,medium,14,0,1721000,true,accepted_all_graph_and_bin_checks,0.75,0.45
EXP-07,exp07_n16_chain_like_homogeneous_rhmedium_s15,n16_chain_like_homogeneous_rhmedium,16,chain_like,homogeneous,high,medium,15,0,1722000,true,accepted_all_graph_and_bin_checks,0.75,0.45
EXP-07,exp07_n16_chain_like_homogeneous_rhmedium_s16,n16_chain_like_homogeneous_rhmedium,16,chain_like,homogeneous,high,medium,16,0,1723000,true,accepted_all_graph_and_bin_checks,0.75,0.45
EXP-07,exp07_n16_chain_like_homogeneous_rhmedium_s17,n16_chain_like_homogeneous_rhmedium,16,chain_like,homogeneous,high,medium,17,0,1724000,true,accepted_all_graph_and_bin_checks,0.75,0.45
EXP-07,exp07_n16_chain_like_homogeneous_rhmedium_s18,n16_chain_like_homogeneous_rhmedium,16,chain_like,homogeneous,high,medium,18,0,1725000,true,accepted_all_graph_and_bin_checks,0.75,0.45
EXP-07,exp07_n16_chain_like_homogeneous_rhmedium_s19,n16_chain_like_homogeneous_rhmedium,16,chain_like,homogeneous,high,medium,19,0,1726000,true,accepted_all_graph_and_bin_checks,0.75,0.45
EXP-07,exp07_n16_chain_like_homogeneous_rhhigh_s00,n16_chain_like_homogeneous_rhhigh,16,chain_like,homogeneous,high,high,0,0,1707000,true,accepted_all_graph_and_bin_checks,0.75,0.75
EXP-07,exp07_n16_chain_like_homogeneous_rhhigh_s01,n16_chain_like_homogeneous_rhhigh,16,chain_like,homogeneous,high,high,1,0,1708000,true,accepted_all_graph_and_bin_checks,0.75,0.75
EXP-07,exp07_n16_chain_like_homogeneous_rhhigh_s02,n16_chain_like_homogeneous_rhhigh,16,chain_like,homogeneous,high,high,2,0,1709000,true,accepted_all_graph_and_bin_checks,0.75,0.75
EXP-07,exp07_n16_chain_like_homogeneous_rhhigh_s03,n16_chain_like_homogeneous_rhhigh,16,chain_like,homogeneous,high,high,3,0,1710000,true,accepted_all_graph_and_bin_checks,0.75,0.75
EXP-07,exp07_n16_chain_like_homogeneous_rhhigh_s04,n16_chain_like_homogeneous_rhhigh,16,chain_like,homogeneous,high,high,4,0,1711000,true,accepted_all_graph_and_bin_checks,0.75,0.75
EXP-07,exp07_n16_chain_like_homogeneous_rhhigh_s05,n16_chain_like_homogeneous_rhhigh,16,chain_like,homogeneous,high,high,5,0,1712000,true,accepted_all_graph_and_bin_checks,0.75,0.75
EXP-07,exp07_n16_chain_like_homogeneous_rhhigh_s06,n16_chain_like_homogeneous_rhhigh,16,chain_like,homogeneous,high,high,6,0,1713000,true,accepted_all_graph_and_bin_checks,0.75,0.75
EXP-07,exp07_n16_chain_like_homogeneous_rhhigh_s07,n16_chain_like_homogeneous_rhhigh,16,chain_like,homogeneous,high,high,7,0,1714000,true,accepted_all_graph_and_bin_checks,0.75,0.75
EXP-07,exp07_n16_chain_like_homogeneous_rhhigh_s08,n16_chain_like_homogeneous_rhhigh,16,chain_like,homogeneous,high,high,8,0,1715000,true,accepted_all_graph_and_bin_checks,0.75,0.75
EXP-07,exp07_n16_chain_like_homogeneous_rhhigh_s09,n16_chain_like_homogeneous_rhhigh,16,chain_like,homogeneous,high,high,9,0,1716000,true,accepted_all_graph_and_bin_checks,0.75,0.75
EXP-07,exp07_n16_chain_like_homogeneous_rhhigh_s10,n16_chain_like_homogeneous_rhhigh,16,chain_like,homogeneous,high,high,10,0,1717000,true,accepted_all_graph_and_bin_checks,0.75,0.75
EXP-07,exp07_n16_chain_like_homogeneous_rhhigh_s11,n16_chain_like_homogeneous_rhhigh,16,chain_like,homogeneous,high,high,11,0,1718000,true,accepted_all_graph_and_bin_checks,0.75,0.75
EXP-07,exp07_n16_chain_like_homogeneous_rhhigh_s12,n16_chain_like_homogeneous_rhhigh,16,chain_like,homogeneous,high,high,12,0,1719000,true,accepted_all_graph_and_bin_checks,0.75,0.75
EXP-07,exp07_n16_chain_like_homogeneous_rhhigh_s13,n16_chain_like_homogeneous_rhhigh,16,chain_like,homogeneous,high,high,13,0,1720000,true,accepted_all_graph_and_bin_checks,0.75,0.75
EXP-07,exp07_n16_chain_like_homogeneous_rhhigh_s14,n16_chain_like_homogeneous_rhhigh,16,chain_like,homogeneous,high,high,14,0,1721000,true,accepted_all_graph_and_bin_checks,0.75,0.75
EXP-07,exp07_n16_chain_like_homogeneous_rhhigh_s15,n16_chain_like_homogeneous_rhhigh,16,chain_like,homogeneous,high,high,15,0,1722000,true,accepted_all_graph_and_bin_checks,0.75,0.75
EXP-07,exp07_n16_chain_like_homogeneous_rhhigh_s16,n16_chain_like_homogeneous_rhhigh,16,chain_like,homogeneous,high,high,16,0,1723000,true,accepted_all_graph_and_bin_checks,0.75,0.75
EXP-07,exp07_n16_chain_like_homogeneous_rhhigh_s17,n16_chain_like_homogeneous_rhhigh,16,chain_like,homogeneous,high,high,17,0,1724000,true,accepted_all_graph_and_bin_checks,0.75,0.75
EXP-07,exp07_n16_chain_like_homogeneous_rhhigh_s18,n16_chain_like_homogeneous_rhhigh,16,chain_like,homogeneous,high,high,18,0,1725000,true,accepted_all_graph_and_bin_checks,0.75,0.75
EXP-07,exp07_n16_chain_like_homogeneous_rhhigh_s19,n16_chain_like_homogeneous_rhhigh,16,chain_like,homogeneous,high,high,19,0,1726000,true,accepted_all_graph_and_bin_checks,0.75,0.75
EXP-07,exp07_n16_chain_like_lognormal_rhlow_s00,n16_chain_like_lognormal_rhlow,16,chain_like,lognormal,high,low,0,0,1807000,true,accepted_all_graph_and_bin_checks,0.8444444444444444444444444444,0.1844660194174757281553398058
EXP-07,exp07_n16_chain_like_lognormal_rhlow_s01,n16_chain_like_lognormal_rhlow,16,chain_like,lognormal,high,low,1,0,1808000,true,accepted_all_graph_and_bin_checks,0.78125,0.1824817518248175182481751825
EXP-07,exp07_n16_chain_like_lognormal_rhlow_s02,n16_chain_like_lognormal_rhlow,16,chain_like,lognormal,high,low,2,0,1809000,true,accepted_all_graph_and_bin_checks,0.8043478260869565217391304348,0.1859296482412060301507537688
EXP-07,exp07_n16_chain_like_lognormal_rhlow_s03,n16_chain_like_lognormal_rhlow,16,chain_like,lognormal,high,low,3,0,1810000,true,accepted_all_graph_and_bin_checks,0.8,0.1818181818181818181818181818
EXP-07,exp07_n16_chain_like_lognormal_rhlow_s04,n16_chain_like_lognormal_rhlow,16,chain_like,lognormal,high,low,4,0,1811000,true,accepted_all_graph_and_bin_checks,0.7714285714285714285714285714,0.1836734693877551020408163265
EXP-07,exp07_n16_chain_like_lognormal_rhlow_s05,n16_chain_like_lognormal_rhlow,16,chain_like,lognormal,high,low,5,0,1812000,true,accepted_all_graph_and_bin_checks,0.7631578947368421052631578947,0.1768292682926829268292682927
EXP-07,exp07_n16_chain_like_lognormal_rhlow_s06,n16_chain_like_lognormal_rhlow,16,chain_like,lognormal,high,low,6,0,1813000,true,accepted_all_graph_and_bin_checks,0.8108108108108108108108108108,0.1764705882352941176470588235
EXP-07,exp07_n16_chain_like_lognormal_rhlow_s07,n16_chain_like_lognormal_rhlow,16,chain_like,lognormal,high,low,7,0,1814000,true,accepted_all_graph_and_bin_checks,0.8333333333333333333333333333,0.1851851851851851851851851852
EXP-07,exp07_n16_chain_like_lognormal_rhlow_s08,n16_chain_like_lognormal_rhlow,16,chain_like,lognormal,high,low,8,0,1815000,true,accepted_all_graph_and_bin_checks,0.7567567567567567567567567568,0.1818181818181818181818181818
EXP-07,exp07_n16_chain_like_lognormal_rhlow_s09,n16_chain_like_lognormal_rhlow,16,chain_like,lognormal,high,low,9,0,1816000,true,accepted_all_graph_and_bin_checks,0.8055555555555555555555555556,0.1870967741935483870967741935
EXP-07,exp07_n16_chain_like_lognormal_rhlow_s10,n16_chain_like_lognormal_rhlow,16,chain_like,lognormal,high,low,10,0,1817000,true,accepted_all_graph_and_bin_checks,0.8285714285714285714285714286,0.1801242236024844720496894410
EXP-07,exp07_n16_chain_like_lognormal_rhlow_s11,n16_chain_like_lognormal_rhlow,16,chain_like,lognormal,high,low,11,0,1818000,true,accepted_all_graph_and_bin_checks,0.8604651162790697674418604651,0.1804878048780487804878048780
EXP-07,exp07_n16_chain_like_lognormal_rhlow_s12,n16_chain_like_lognormal_rhlow,16,chain_like,lognormal,high,low,12,0,1819000,true,accepted_all_graph_and_bin_checks,0.7777777777777777777777777778,0.1794871794871794871794871795
EXP-07,exp07_n16_chain_like_lognormal_rhlow_s13,n16_chain_like_lognormal_rhlow,16,chain_like,lognormal,high,low,13,0,1820000,true,accepted_all_graph_and_bin_checks,0.8484848484848484848484848485,0.1772151898734177215189873418
EXP-07,exp07_n16_chain_like_lognormal_rhlow_s14,n16_chain_like_lognormal_rhlow,16,chain_like,lognormal,high,low,14,0,1821000,true,accepted_all_graph_and_bin_checks,0.8571428571428571428571428571,0.1764705882352941176470588235
EXP-07,exp07_n16_chain_like_lognormal_rhlow_s15,n16_chain_like_lognormal_rhlow,16,chain_like,lognormal,high,low,15,0,1822000,true,accepted_all_graph_and_bin_checks,0.8461538461538461538461538462,0.1746031746031746031746031746
EXP-07,exp07_n16_chain_like_lognormal_rhlow_s16,n16_chain_like_lognormal_rhlow,16,chain_like,lognormal,high,low,16,0,1823000,true,accepted_all_graph_and_bin_checks,0.8095238095238095238095238095,0.1752577319587628865979381443
EXP-07,exp07_n16_chain_like_lognormal_rhlow_s17,n16_chain_like_lognormal_rhlow,16,chain_like,lognormal,high,low,17,0,1824000,true,accepted_all_graph_and_bin_checks,0.8108108108108108108108108108,0.1764705882352941176470588235
EXP-07,exp07_n16_chain_like_lognormal_rhlow_s18,n16_chain_like_lognormal_rhlow,16,chain_like,lognormal,high,low,18,0,1825000,true,accepted_all_graph_and_bin_checks,0.825,0.1764705882352941176470588235
EXP-07,exp07_n16_chain_like_lognormal_rhlow_s19,n16_chain_like_lognormal_rhlow,16,chain_like,lognormal,high,low,19,0,1826000,true,accepted_all_graph_and_bin_checks,0.7692307692307692307692307692,0.1818181818181818181818181818
EXP-07,exp07_n16_chain_like_lognormal_rhmedium_s00,n16_chain_like_lognormal_rhmedium,16,chain_like,lognormal,high,medium,0,0,1807000,true,accepted_all_graph_and_bin_checks,0.8444444444444444444444444444,0.4550898203592814371257485030
EXP-07,exp07_n16_chain_like_lognormal_rhmedium_s01,n16_chain_like_lognormal_rhmedium,16,chain_like,lognormal,high,medium,1,0,1808000,true,accepted_all_graph_and_bin_checks,0.78125,0.4518072289156626506024096386
EXP-07,exp07_n16_chain_like_lognormal_rhmedium_s02,n16_chain_like_lognormal_rhmedium,16,chain_like,lognormal,high,medium,2,0,1809000,true,accepted_all_graph_and_bin_checks,0.8043478260869565217391304348,0.4512195121951219512195121951
EXP-07,exp07_n16_chain_like_lognormal_rhmedium_s03,n16_chain_like_lognormal_rhmedium,16,chain_like,lognormal,high,medium,3,0,1810000,true,accepted_all_graph_and_bin_checks,0.8,0.4444444444444444444444444444
EXP-07,exp07_n16_chain_like_lognormal_rhmedium_s04,n16_chain_like_lognormal_rhmedium,16,chain_like,lognormal,high,medium,4,0,1811000,true,accepted_all_graph_and_bin_checks,0.7714285714285714285714285714,0.4576271186440677966101694915
EXP-07,exp07_n16_chain_like_lognormal_rhmedium_s05,n16_chain_like_lognormal_rhmedium,16,chain_like,lognormal,high,medium,5,0,1812000,true,accepted_all_graph_and_bin_checks,0.7631578947368421052631578947,0.4461538461538461538461538462
EXP-07,exp07_n16_chain_like_lognormal_rhmedium_s06,n16_chain_like_lognormal_rhmedium,16,chain_like,lognormal,high,medium,6,0,1813000,true,accepted_all_graph_and_bin_checks,0.8108108108108108108108108108,0.4455445544554455445544554455
EXP-07,exp07_n16_chain_like_lognormal_rhmedium_s07,n16_chain_like_lognormal_rhmedium,16,chain_like,lognormal,high,medium,7,0,1814000,true,accepted_all_graph_and_bin_checks,0.8333333333333333333333333333,0.4545454545454545454545454545
EXP-07,exp07_n16_chain_like_lognormal_rhmedium_s08,n16_chain_like_lognormal_rhmedium,16,chain_like,lognormal,high,medium,8,0,1815000,true,accepted_all_graph_and_bin_checks,0.7567567567567567567567567568,0.4534412955465587044534412955
EXP-07,exp07_n16_chain_like_lognormal_rhmedium_s09,n16_chain_like_lognormal_rhmedium,16,chain_like,lognormal,high,medium,9,0,1816000,true,accepted_all_graph_and_bin_checks,0.8055555555555555555555555556,0.453125
EXP-07,exp07_n16_chain_like_lognormal_rhmedium_s10,n16_chain_like_lognormal_rhmedium,16,chain_like,lognormal,high,medium,10,0,1817000,true,accepted_all_graph_and_bin_checks,0.8285714285714285714285714286,0.4461538461538461538461538462
EXP-07,exp07_n16_chain_like_lognormal_rhmedium_s11,n16_chain_like_lognormal_rhmedium,16,chain_like,lognormal,high,medium,11,0,1818000,true,accepted_all_graph_and_bin_checks,0.8604651162790697674418604651,0.4512195121951219512195121951
EXP-07,exp07_n16_chain_like_lognormal_rhmedium_s12,n16_chain_like_lognormal_rhmedium,16,chain_like,lognormal,high,medium,12,0,1819000,true,accepted_all_graph_and_bin_checks,0.7777777777777777777777777778,0.4468085106382978723404255319
EXP-07,exp07_n16_chain_like_lognormal_rhmedium_s13,n16_chain_like_lognormal_rhmedium,16,chain_like,lognormal,high,medium,13,0,1820000,true,accepted_all_graph_and_bin_checks,0.8484848484848484848484848485,0.4444444444444444444444444444
EXP-07,exp07_n16_chain_like_lognormal_rhmedium_s14,n16_chain_like_lognormal_rhmedium,16,chain_like,lognormal,high,medium,14,0,1821000,true,accepted_all_graph_and_bin_checks,0.8571428571428571428571428571,0.4444444444444444444444444444
EXP-07,exp07_n16_chain_like_lognormal_rhmedium_s15,n16_chain_like_lognormal_rhmedium,16,chain_like,lognormal,high,medium,15,0,1822000,true,accepted_all_graph_and_bin_checks,0.8461538461538461538461538462,0.4583333333333333333333333333
EXP-07,exp07_n16_chain_like_lognormal_rhmedium_s16,n16_chain_like_lognormal_rhmedium,16,chain_like,lognormal,high,medium,16,0,1823000,true,accepted_all_graph_and_bin_checks,0.8095238095238095238095238095,0.4434782608695652173913043478
EXP-07,exp07_n16_chain_like_lognormal_rhmedium_s17,n16_chain_like_lognormal_rhmedium,16,chain_like,lognormal,high,medium,17,0,1824000,true,accepted_all_graph_and_bin_checks,0.8108108108108108108108108108,0.4455445544554455445544554455
EXP-07,exp07_n16_chain_like_lognormal_rhmedium_s18,n16_chain_like_lognormal_rhmedium,16,chain_like,lognormal,high,medium,18,0,1825000,true,accepted_all_graph_and_bin_checks,0.825,0.44
EXP-07,exp07_n16_chain_like_lognormal_rhmedium_s19,n16_chain_like_lognormal_rhmedium,16,chain_like,lognormal,high,medium,19,0,1826000,true,accepted_all_graph_and_bin_checks,0.7692307692307692307692307692,0.4545454545454545454545454545
EXP-07,exp07_n16_chain_like_lognormal_rhhigh_s00,n16_chain_like_lognormal_rhhigh,16,chain_like,lognormal,high,high,0,0,1807000,true,accepted_all_graph_and_bin_checks,0.8444444444444444444444444444,0.7509881422924901185770750988
EXP-07,exp07_n16_chain_like_lognormal_rhhigh_s01,n16_chain_like_lognormal_rhhigh,16,chain_like,lognormal,high,high,1,0,1808000,true,accepted_all_graph_and_bin_checks,0.78125,0.7513661202185792349726775956
EXP-07,exp07_n16_chain_like_lognormal_rhhigh_s02,n16_chain_like_lognormal_rhhigh,16,chain_like,lognormal,high,high,2,0,1809000,true,accepted_all_graph_and_bin_checks,0.8043478260869565217391304348,0.7493670886075949367088607595
EXP-07,exp07_n16_chain_like_lognormal_rhhigh_s03,n16_chain_like_lognormal_rhhigh,16,chain_like,lognormal,high,high,3,0,1810000,true,accepted_all_graph_and_bin_checks,0.8,0.75
EXP-07,exp07_n16_chain_like_lognormal_rhhigh_s04,n16_chain_like_lognormal_rhhigh,16,chain_like,lognormal,high,high,4,0,1811000,true,accepted_all_graph_and_bin_checks,0.7714285714285714285714285714,0.75
EXP-07,exp07_n16_chain_like_lognormal_rhhigh_s05,n16_chain_like_lognormal_rhhigh,16,chain_like,lognormal,high,high,5,0,1812000,true,accepted_all_graph_and_bin_checks,0.7631578947368421052631578947,0.7504621072088724584103512015
EXP-07,exp07_n16_chain_like_lognormal_rhhigh_s06,n16_chain_like_lognormal_rhhigh,16,chain_like,lognormal,high,high,6,0,1813000,true,accepted_all_graph_and_bin_checks,0.8108108108108108108108108108,0.75
EXP-07,exp07_n16_chain_like_lognormal_rhhigh_s07,n16_chain_like_lognormal_rhhigh,16,chain_like,lognormal,high,high,7,0,1814000,true,accepted_all_graph_and_bin_checks,0.8333333333333333333333333333,0.75
EXP-07,exp07_n16_chain_like_lognormal_rhhigh_s08,n16_chain_like_lognormal_rhhigh,16,chain_like,lognormal,high,high,8,0,1815000,true,accepted_all_graph_and_bin_checks,0.7567567567567567567567567568,0.7446808510638297872340425532
EXP-07,exp07_n16_chain_like_lognormal_rhhigh_s09,n16_chain_like_lognormal_rhhigh,16,chain_like,lognormal,high,high,9,0,1816000,true,accepted_all_graph_and_bin_checks,0.8055555555555555555555555556,0.7508090614886731391585760518
EXP-07,exp07_n16_chain_like_lognormal_rhhigh_s10,n16_chain_like_lognormal_rhhigh,16,chain_like,lognormal,high,high,10,0,1817000,true,accepted_all_graph_and_bin_checks,0.8285714285714285714285714286,0.7512953367875647668393782383
EXP-07,exp07_n16_chain_like_lognormal_rhhigh_s11,n16_chain_like_lognormal_rhhigh,16,chain_like,lognormal,high,high,11,0,1818000,true,accepted_all_graph_and_bin_checks,0.8604651162790697674418604651,0.7551020408163265306122448980
EXP-07,exp07_n16_chain_like_lognormal_rhhigh_s12,n16_chain_like_lognormal_rhhigh,16,chain_like,lognormal,high,high,12,0,1819000,true,accepted_all_graph_and_bin_checks,0.7777777777777777777777777778,0.75
EXP-07,exp07_n16_chain_like_lognormal_rhhigh_s13,n16_chain_like_lognormal_rhhigh,16,chain_like,lognormal,high,high,13,0,1820000,true,accepted_all_graph_and_bin_checks,0.8484848484848484848484848485,0.7491638795986622073578595318
EXP-07,exp07_n16_chain_like_lognormal_rhhigh_s14,n16_chain_like_lognormal_rhhigh,16,chain_like,lognormal,high,high,14,0,1821000,true,accepted_all_graph_and_bin_checks,0.8571428571428571428571428571,0.75
EXP-07,exp07_n16_chain_like_lognormal_rhhigh_s15,n16_chain_like_lognormal_rhhigh,16,chain_like,lognormal,high,high,15,0,1822000,true,accepted_all_graph_and_bin_checks,0.8461538461538461538461538462,0.75
EXP-07,exp07_n16_chain_like_lognormal_rhhigh_s16,n16_chain_like_lognormal_rhhigh,16,chain_like,lognormal,high,high,16,0,1823000,true,accepted_all_graph_and_bin_checks,0.8095238095238095238095238095,0.7484276729559748427672955975
EXP-07,exp07_n16_chain_like_lognormal_rhhigh_s17,n16_chain_like_lognormal_rhhigh,16,chain_like,lognormal,high,high,17,0,1824000,true,accepted_all_graph_and_bin_checks,0.8108108108108108108108108108,0.75
EXP-07,exp07_n16_chain_like_lognormal_rhhigh_s18,n16_chain_like_lognormal_rhhigh,16,chain_like,lognormal,high,high,18,0,1825000,true,accepted_all_graph_and_bin_checks,0.825,0.75
EXP-07,exp07_n16_chain_like_lognormal_rhhigh_s19,n16_chain_like_lognormal_rhhigh,16,chain_like,lognormal,high,high,19,0,1826000,true,accepted_all_graph_and_bin_checks,0.7692307692307692307692307692,0.75
EXP-07,exp07_n32_wide_layered_homogeneous_rhlow_s00,n32_wide_layered_homogeneous_rhlow,32,wide_layered,homogeneous,low,low,0,0,1907000,true,accepted_all_graph_and_bin_checks,0.1875,0.1778656126482213438735177866
EXP-07,exp07_n32_wide_layered_homogeneous_rhlow_s01,n32_wide_layered_homogeneous_rhlow,32,wide_layered,homogeneous,low,low,1,0,1908000,true,accepted_all_graph_and_bin_checks,0.1875,0.1778656126482213438735177866
EXP-07,exp07_n32_wide_layered_homogeneous_rhlow_s02,n32_wide_layered_homogeneous_rhlow,32,wide_layered,homogeneous,low,low,2,0,1909000,true,accepted_all_graph_and_bin_checks,0.1875,0.1778656126482213438735177866
EXP-07,exp07_n32_wide_layered_homogeneous_rhlow_s03,n32_wide_layered_homogeneous_rhlow,32,wide_layered,homogeneous,low,low,3,0,1910000,true,accepted_all_graph_and_bin_checks,0.1875,0.1778656126482213438735177866
EXP-07,exp07_n32_wide_layered_homogeneous_rhlow_s04,n32_wide_layered_homogeneous_rhlow,32,wide_layered,homogeneous,low,low,4,0,1911000,true,accepted_all_graph_and_bin_checks,0.1875,0.1778656126482213438735177866
EXP-07,exp07_n32_wide_layered_homogeneous_rhlow_s05,n32_wide_layered_homogeneous_rhlow,32,wide_layered,homogeneous,low,low,5,0,1912000,true,accepted_all_graph_and_bin_checks,0.1875,0.1778656126482213438735177866
EXP-07,exp07_n32_wide_layered_homogeneous_rhlow_s06,n32_wide_layered_homogeneous_rhlow,32,wide_layered,homogeneous,low,low,6,0,1913000,true,accepted_all_graph_and_bin_checks,0.1875,0.1778656126482213438735177866
EXP-07,exp07_n32_wide_layered_homogeneous_rhlow_s07,n32_wide_layered_homogeneous_rhlow,32,wide_layered,homogeneous,low,low,7,0,1914000,true,accepted_all_graph_and_bin_checks,0.1875,0.1778656126482213438735177866
EXP-07,exp07_n32_wide_layered_homogeneous_rhlow_s08,n32_wide_layered_homogeneous_rhlow,32,wide_layered,homogeneous,low,low,8,0,1915000,true,accepted_all_graph_and_bin_checks,0.1875,0.1778656126482213438735177866
EXP-07,exp07_n32_wide_layered_homogeneous_rhlow_s09,n32_wide_layered_homogeneous_rhlow,32,wide_layered,homogeneous,low,low,9,0,1916000,true,accepted_all_graph_and_bin_checks,0.1875,0.1778656126482213438735177866
EXP-07,exp07_n32_wide_layered_homogeneous_rhlow_s10,n32_wide_layered_homogeneous_rhlow,32,wide_layered,homogeneous,low,low,10,0,1917000,true,accepted_all_graph_and_bin_checks,0.1875,0.1778656126482213438735177866
EXP-07,exp07_n32_wide_layered_homogeneous_rhlow_s11,n32_wide_layered_homogeneous_rhlow,32,wide_layered,homogeneous,low,low,11,0,1918000,true,accepted_all_graph_and_bin_checks,0.1875,0.1778656126482213438735177866
EXP-07,exp07_n32_wide_layered_homogeneous_rhlow_s12,n32_wide_layered_homogeneous_rhlow,32,wide_layered,homogeneous,low,low,12,0,1919000,true,accepted_all_graph_and_bin_checks,0.1875,0.1778656126482213438735177866
EXP-07,exp07_n32_wide_layered_homogeneous_rhlow_s13,n32_wide_layered_homogeneous_rhlow,32,wide_layered,homogeneous,low,low,13,0,1920000,true,accepted_all_graph_and_bin_checks,0.1875,0.1778656126482213438735177866
EXP-07,exp07_n32_wide_layered_homogeneous_rhlow_s14,n32_wide_layered_homogeneous_rhlow,32,wide_layered,homogeneous,low,low,14,0,1921000,true,accepted_all_graph_and_bin_checks,0.1875,0.1778656126482213438735177866
EXP-07,exp07_n32_wide_layered_homogeneous_rhlow_s15,n32_wide_layered_homogeneous_rhlow,32,wide_layered,homogeneous,low,low,15,0,1922000,true,accepted_all_graph_and_bin_checks,0.1875,0.1778656126482213438735177866
EXP-07,exp07_n32_wide_layered_homogeneous_rhlow_s16,n32_wide_layered_homogeneous_rhlow,32,wide_layered,homogeneous,low,low,16,0,1923000,true,accepted_all_graph_and_bin_checks,0.1875,0.1778656126482213438735177866
EXP-07,exp07_n32_wide_layered_homogeneous_rhlow_s17,n32_wide_layered_homogeneous_rhlow,32,wide_layered,homogeneous,low,low,17,0,1924000,true,accepted_all_graph_and_bin_checks,0.1875,0.1778656126482213438735177866
EXP-07,exp07_n32_wide_layered_homogeneous_rhlow_s18,n32_wide_layered_homogeneous_rhlow,32,wide_layered,homogeneous,low,low,18,0,1925000,true,accepted_all_graph_and_bin_checks,0.1875,0.1778656126482213438735177866
EXP-07,exp07_n32_wide_layered_homogeneous_rhlow_s19,n32_wide_layered_homogeneous_rhlow,32,wide_layered,homogeneous,low,low,19,0,1926000,true,accepted_all_graph_and_bin_checks,0.1875,0.1778656126482213438735177866
EXP-07,exp07_n32_wide_layered_homogeneous_rhmedium_s00,n32_wide_layered_homogeneous_rhmedium,32,wide_layered,homogeneous,low,medium,0,0,1907000,true,accepted_all_graph_and_bin_checks,0.1875,0.4468085106382978723404255319
EXP-07,exp07_n32_wide_layered_homogeneous_rhmedium_s01,n32_wide_layered_homogeneous_rhmedium,32,wide_layered,homogeneous,low,medium,1,0,1908000,true,accepted_all_graph_and_bin_checks,0.1875,0.4468085106382978723404255319
EXP-07,exp07_n32_wide_layered_homogeneous_rhmedium_s02,n32_wide_layered_homogeneous_rhmedium,32,wide_layered,homogeneous,low,medium,2,0,1909000,true,accepted_all_graph_and_bin_checks,0.1875,0.4468085106382978723404255319
EXP-07,exp07_n32_wide_layered_homogeneous_rhmedium_s03,n32_wide_layered_homogeneous_rhmedium,32,wide_layered,homogeneous,low,medium,3,0,1910000,true,accepted_all_graph_and_bin_checks,0.1875,0.4468085106382978723404255319
EXP-07,exp07_n32_wide_layered_homogeneous_rhmedium_s04,n32_wide_layered_homogeneous_rhmedium,32,wide_layered,homogeneous,low,medium,4,0,1911000,true,accepted_all_graph_and_bin_checks,0.1875,0.4468085106382978723404255319
EXP-07,exp07_n32_wide_layered_homogeneous_rhmedium_s05,n32_wide_layered_homogeneous_rhmedium,32,wide_layered,homogeneous,low,medium,5,0,1912000,true,accepted_all_graph_and_bin_checks,0.1875,0.4468085106382978723404255319
EXP-07,exp07_n32_wide_layered_homogeneous_rhmedium_s06,n32_wide_layered_homogeneous_rhmedium,32,wide_layered,homogeneous,low,medium,6,0,1913000,true,accepted_all_graph_and_bin_checks,0.1875,0.4468085106382978723404255319
EXP-07,exp07_n32_wide_layered_homogeneous_rhmedium_s07,n32_wide_layered_homogeneous_rhmedium,32,wide_layered,homogeneous,low,medium,7,0,1914000,true,accepted_all_graph_and_bin_checks,0.1875,0.4468085106382978723404255319
EXP-07,exp07_n32_wide_layered_homogeneous_rhmedium_s08,n32_wide_layered_homogeneous_rhmedium,32,wide_layered,homogeneous,low,medium,8,0,1915000,true,accepted_all_graph_and_bin_checks,0.1875,0.4468085106382978723404255319
EXP-07,exp07_n32_wide_layered_homogeneous_rhmedium_s09,n32_wide_layered_homogeneous_rhmedium,32,wide_layered,homogeneous,low,medium,9,0,1916000,true,accepted_all_graph_and_bin_checks,0.1875,0.4468085106382978723404255319
EXP-07,exp07_n32_wide_layered_homogeneous_rhmedium_s10,n32_wide_layered_homogeneous_rhmedium,32,wide_layered,homogeneous,low,medium,10,0,1917000,true,accepted_all_graph_and_bin_checks,0.1875,0.4468085106382978723404255319
EXP-07,exp07_n32_wide_layered_homogeneous_rhmedium_s11,n32_wide_layered_homogeneous_rhmedium,32,wide_layered,homogeneous,low,medium,11,0,1918000,true,accepted_all_graph_and_bin_checks,0.1875,0.4468085106382978723404255319
EXP-07,exp07_n32_wide_layered_homogeneous_rhmedium_s12,n32_wide_layered_homogeneous_rhmedium,32,wide_layered,homogeneous,low,medium,12,0,1919000,true,accepted_all_graph_and_bin_checks,0.1875,0.4468085106382978723404255319
EXP-07,exp07_n32_wide_layered_homogeneous_rhmedium_s13,n32_wide_layered_homogeneous_rhmedium,32,wide_layered,homogeneous,low,medium,13,0,1920000,true,accepted_all_graph_and_bin_checks,0.1875,0.4468085106382978723404255319
EXP-07,exp07_n32_wide_layered_homogeneous_rhmedium_s14,n32_wide_layered_homogeneous_rhmedium,32,wide_layered,homogeneous,low,medium,14,0,1921000,true,accepted_all_graph_and_bin_checks,0.1875,0.4468085106382978723404255319
EXP-07,exp07_n32_wide_layered_homogeneous_rhmedium_s15,n32_wide_layered_homogeneous_rhmedium,32,wide_layered,homogeneous,low,medium,15,0,1922000,true,accepted_all_graph_and_bin_checks,0.1875,0.4468085106382978723404255319
EXP-07,exp07_n32_wide_layered_homogeneous_rhmedium_s16,n32_wide_layered_homogeneous_rhmedium,32,wide_layered,homogeneous,low,medium,16,0,1923000,true,accepted_all_graph_and_bin_checks,0.1875,0.4468085106382978723404255319
EXP-07,exp07_n32_wide_layered_homogeneous_rhmedium_s17,n32_wide_layered_homogeneous_rhmedium,32,wide_layered,homogeneous,low,medium,17,0,1924000,true,accepted_all_graph_and_bin_checks,0.1875,0.4468085106382978723404255319
EXP-07,exp07_n32_wide_layered_homogeneous_rhmedium_s18,n32_wide_layered_homogeneous_rhmedium,32,wide_layered,homogeneous,low,medium,18,0,1925000,true,accepted_all_graph_and_bin_checks,0.1875,0.4468085106382978723404255319
EXP-07,exp07_n32_wide_layered_homogeneous_rhmedium_s19,n32_wide_layered_homogeneous_rhmedium,32,wide_layered,homogeneous,low,medium,19,0,1926000,true,accepted_all_graph_and_bin_checks,0.1875,0.4468085106382978723404255319
EXP-07,exp07_n32_wide_layered_homogeneous_rhhigh_s00,n32_wide_layered_homogeneous_rhhigh,32,wide_layered,homogeneous,low,high,0,0,1907000,true,accepted_all_graph_and_bin_checks,0.1875,0.75
EXP-07,exp07_n32_wide_layered_homogeneous_rhhigh_s01,n32_wide_layered_homogeneous_rhhigh,32,wide_layered,homogeneous,low,high,1,0,1908000,true,accepted_all_graph_and_bin_checks,0.1875,0.75
EXP-07,exp07_n32_wide_layered_homogeneous_rhhigh_s02,n32_wide_layered_homogeneous_rhhigh,32,wide_layered,homogeneous,low,high,2,0,1909000,true,accepted_all_graph_and_bin_checks,0.1875,0.75
EXP-07,exp07_n32_wide_layered_homogeneous_rhhigh_s03,n32_wide_layered_homogeneous_rhhigh,32,wide_layered,homogeneous,low,high,3,0,1910000,true,accepted_all_graph_and_bin_checks,0.1875,0.75
EXP-07,exp07_n32_wide_layered_homogeneous_rhhigh_s04,n32_wide_layered_homogeneous_rhhigh,32,wide_layered,homogeneous,low,high,4,0,1911000,true,accepted_all_graph_and_bin_checks,0.1875,0.75
EXP-07,exp07_n32_wide_layered_homogeneous_rhhigh_s05,n32_wide_layered_homogeneous_rhhigh,32,wide_layered,homogeneous,low,high,5,0,1912000,true,accepted_all_graph_and_bin_checks,0.1875,0.75
EXP-07,exp07_n32_wide_layered_homogeneous_rhhigh_s06,n32_wide_layered_homogeneous_rhhigh,32,wide_layered,homogeneous,low,high,6,0,1913000,true,accepted_all_graph_and_bin_checks,0.1875,0.75
EXP-07,exp07_n32_wide_layered_homogeneous_rhhigh_s07,n32_wide_layered_homogeneous_rhhigh,32,wide_layered,homogeneous,low,high,7,0,1914000,true,accepted_all_graph_and_bin_checks,0.1875,0.75
EXP-07,exp07_n32_wide_layered_homogeneous_rhhigh_s08,n32_wide_layered_homogeneous_rhhigh,32,wide_layered,homogeneous,low,high,8,0,1915000,true,accepted_all_graph_and_bin_checks,0.1875,0.75
EXP-07,exp07_n32_wide_layered_homogeneous_rhhigh_s09,n32_wide_layered_homogeneous_rhhigh,32,wide_layered,homogeneous,low,high,9,0,1916000,true,accepted_all_graph_and_bin_checks,0.1875,0.75
EXP-07,exp07_n32_wide_layered_homogeneous_rhhigh_s10,n32_wide_layered_homogeneous_rhhigh,32,wide_layered,homogeneous,low,high,10,0,1917000,true,accepted_all_graph_and_bin_checks,0.1875,0.75
EXP-07,exp07_n32_wide_layered_homogeneous_rhhigh_s11,n32_wide_layered_homogeneous_rhhigh,32,wide_layered,homogeneous,low,high,11,0,1918000,true,accepted_all_graph_and_bin_checks,0.1875,0.75
EXP-07,exp07_n32_wide_layered_homogeneous_rhhigh_s12,n32_wide_layered_homogeneous_rhhigh,32,wide_layered,homogeneous,low,high,12,0,1919000,true,accepted_all_graph_and_bin_checks,0.1875,0.75
EXP-07,exp07_n32_wide_layered_homogeneous_rhhigh_s13,n32_wide_layered_homogeneous_rhhigh,32,wide_layered,homogeneous,low,high,13,0,1920000,true,accepted_all_graph_and_bin_checks,0.1875,0.75
EXP-07,exp07_n32_wide_layered_homogeneous_rhhigh_s14,n32_wide_layered_homogeneous_rhhigh,32,wide_layered,homogeneous,low,high,14,0,1921000,true,accepted_all_graph_and_bin_checks,0.1875,0.75
EXP-07,exp07_n32_wide_layered_homogeneous_rhhigh_s15,n32_wide_layered_homogeneous_rhhigh,32,wide_layered,homogeneous,low,high,15,0,1922000,true,accepted_all_graph_and_bin_checks,0.1875,0.75
EXP-07,exp07_n32_wide_layered_homogeneous_rhhigh_s16,n32_wide_layered_homogeneous_rhhigh,32,wide_layered,homogeneous,low,high,16,0,1923000,true,accepted_all_graph_and_bin_checks,0.1875,0.75
EXP-07,exp07_n32_wide_layered_homogeneous_rhhigh_s17,n32_wide_layered_homogeneous_rhhigh,32,wide_layered,homogeneous,low,high,17,0,1924000,true,accepted_all_graph_and_bin_checks,0.1875,0.75
EXP-07,exp07_n32_wide_layered_homogeneous_rhhigh_s18,n32_wide_layered_homogeneous_rhhigh,32,wide_layered,homogeneous,low,high,18,0,1925000,true,accepted_all_graph_and_bin_checks,0.1875,0.75
EXP-07,exp07_n32_wide_layered_homogeneous_rhhigh_s19,n32_wide_layered_homogeneous_rhhigh,32,wide_layered,homogeneous,low,high,19,0,1926000,true,accepted_all_graph_and_bin_checks,0.1875,0.75
EXP-07,exp07_n32_wide_layered_lognormal_rhlow_s00,n32_wide_layered_lognormal_rhlow,32,wide_layered,lognormal,low,low,0,0,2007000,false,rho_l_outside_target_bin,0.3150684931506849315068493151,0.1767288693743139407244785950
EXP-07,exp07_n32_wide_layered_lognormal_rhlow_s00,n32_wide_layered_lognormal_rhlow,32,wide_layered,lognormal,low,low,0,1,2007001,true,accepted_all_graph_and_bin_checks,0.2602739726027397260273972603,0.1802656546489563567362428843
EXP-07,exp07_n32_wide_layered_lognormal_rhlow_s01,n32_wide_layered_lognormal_rhlow,32,wide_layered,lognormal,low,low,1,0,2008000,true,accepted_all_graph_and_bin_checks,0.2567567567567567567567567568,0.1802168021680216802168021680
EXP-07,exp07_n32_wide_layered_lognormal_rhlow_s02,n32_wide_layered_lognormal_rhlow,32,wide_layered,lognormal,low,low,2,0,2009000,true,accepted_all_graph_and_bin_checks,0.2409638554216867469879518072,0.1801801801801801801801801802
EXP-07,exp07_n32_wide_layered_lognormal_rhlow_s03,n32_wide_layered_lognormal_rhlow,32,wide_layered,lognormal,low,low,3,0,2010000,true,accepted_all_graph_and_bin_checks,0.2098765432098765432098765432,0.1812366737739872068230277186
EXP-07,exp07_n32_wide_layered_lognormal_rhlow_s04,n32_wide_layered_lognormal_rhlow,32,wide_layered,lognormal,low,low,4,0,2011000,false,rho_l_outside_target_bin,0.3066666666666666666666666667,0.1811023622047244094488188976
EXP-07,exp07_n32_wide_layered_lognormal_rhlow_s04,n32_wide_layered_lognormal_rhlow,32,wide_layered,lognormal,low,low,4,1,2011001,false,rho_l_outside_target_bin,0.3157894736842105263157894737,0.1772151898734177215189873418
EXP-07,exp07_n32_wide_layered_lognormal_rhlow_s04,n32_wide_layered_lognormal_rhlow,32,wide_layered,lognormal,low,low,4,2,2011002,true,accepted_all_graph_and_bin_checks,0.2714285714285714285714285714,0.1785234899328859060402684564
EXP-07,exp07_n32_wide_layered_lognormal_rhlow_s05,n32_wide_layered_lognormal_rhlow,32,wide_layered,lognormal,low,low,5,0,2012000,true,accepted_all_graph_and_bin_checks,0.2432432432432432432432432432,0.1809872029250457038391224863
EXP-07,exp07_n32_wide_layered_lognormal_rhlow_s06,n32_wide_layered_lognormal_rhlow,32,wide_layered,lognormal,low,low,6,0,2013000,true,accepted_all_graph_and_bin_checks,0.2753623188405797101449275362,0.1814461118690313778990450205
EXP-07,exp07_n32_wide_layered_lognormal_rhlow_s07,n32_wide_layered_lognormal_rhlow,32,wide_layered,lognormal,low,low,7,0,2014000,true,accepted_all_graph_and_bin_checks,0.2727272727272727272727272727,0.1794871794871794871794871795
EXP-07,exp07_n32_wide_layered_lognormal_rhlow_s08,n32_wide_layered_lognormal_rhlow,32,wide_layered,lognormal,low,low,8,0,2015000,false,rho_l_outside_target_bin,0.3125,0.175
EXP-07,exp07_n32_wide_layered_lognormal_rhlow_s08,n32_wide_layered_lognormal_rhlow,32,wide_layered,lognormal,low,low,8,1,2015001,true,accepted_all_graph_and_bin_checks,0.25,0.1818181818181818181818181818
EXP-07,exp07_n32_wide_layered_lognormal_rhlow_s09,n32_wide_layered_lognormal_rhlow,32,wide_layered,lognormal,low,low,9,0,2016000,false,rho_l_outside_target_bin,0.3037974683544303797468354430,0.1791044776119402985074626866
EXP-07,exp07_n32_wide_layered_lognormal_rhlow_s09,n32_wide_layered_lognormal_rhlow,32,wide_layered,lognormal,low,low,9,1,2016001,true,accepted_all_graph_and_bin_checks,0.2575757575757575757575757576,0.1808510638297872340425531915
EXP-07,exp07_n32_wide_layered_lognormal_rhlow_s10,n32_wide_layered_lognormal_rhlow,32,wide_layered,lognormal,low,low,10,0,2017000,true,accepted_all_graph_and_bin_checks,0.2923076923076923076923076923,0.1805225653206650831353919240
EXP-07,exp07_n32_wide_layered_lognormal_rhlow_s11,n32_wide_layered_lognormal_rhlow,32,wide_layered,lognormal,low,low,11,0,2018000,true,accepted_all_graph_and_bin_checks,0.2535211267605633802816901408,0.1792035398230088495575221239
EXP-07,exp07_n32_wide_layered_lognormal_rhlow_s12,n32_wide_layered_lognormal_rhlow,32,wide_layered,lognormal,low,low,12,0,2019000,true,accepted_all_graph_and_bin_checks,0.2692307692307692307692307692,0.1810344827586206896551724138
EXP-07,exp07_n32_wide_layered_lognormal_rhlow_s13,n32_wide_layered_lognormal_rhlow,32,wide_layered,lognormal,low,low,13,0,2020000,true,accepted_all_graph_and_bin_checks,0.25,0.1818181818181818181818181818
EXP-07,exp07_n32_wide_layered_lognormal_rhlow_s14,n32_wide_layered_lognormal_rhlow,32,wide_layered,lognormal,low,low,14,0,2021000,true,accepted_all_graph_and_bin_checks,0.28,0.1794871794871794871794871795
EXP-07,exp07_n32_wide_layered_lognormal_rhlow_s15,n32_wide_layered_lognormal_rhlow,32,wide_layered,lognormal,low,low,15,0,2022000,true,accepted_all_graph_and_bin_checks,0.2682926829268292682926829268,0.1803278688524590163934426230
EXP-07,exp07_n32_wide_layered_lognormal_rhlow_s16,n32_wide_layered_lognormal_rhlow,32,wide_layered,lognormal,low,low,16,0,2023000,true,accepted_all_graph_and_bin_checks,0.2467532467532467532467532468,0.1792452830188679245283018868
EXP-07,exp07_n32_wide_layered_lognormal_rhlow_s17,n32_wide_layered_lognormal_rhlow,32,wide_layered,lognormal,low,low,17,0,2024000,true,accepted_all_graph_and_bin_checks,0.2666666666666666666666666667,0.1791044776119402985074626866
EXP-07,exp07_n32_wide_layered_lognormal_rhlow_s18,n32_wide_layered_lognormal_rhlow,32,wide_layered,lognormal,low,low,18,0,2025000,false,rho_l_outside_target_bin,0.3055555555555555555555555556,0.1803278688524590163934426230
EXP-07,exp07_n32_wide_layered_lognormal_rhlow_s18,n32_wide_layered_lognormal_rhlow,32,wide_layered,lognormal,low,low,18,1,2025001,false,rho_l_outside_target_bin,0.3275862068965517241379310345,0.1812977099236641221374045802
EXP-07,exp07_n32_wide_layered_lognormal_rhlow_s18,n32_wide_layered_lognormal_rhlow,32,wide_layered,lognormal,low,low,18,2,2025002,true,accepted_all_graph_and_bin_checks,0.2537313432835820895522388060,0.1793669402110199296600234467
EXP-07,exp07_n32_wide_layered_lognormal_rhlow_s19,n32_wide_layered_lognormal_rhlow,32,wide_layered,lognormal,low,low,19,0,2026000,true,accepted_all_graph_and_bin_checks,0.2602739726027397260273972603,0.1802656546489563567362428843
EXP-07,exp07_n32_wide_layered_lognormal_rhmedium_s00,n32_wide_layered_lognormal_rhmedium,32,wide_layered,lognormal,low,medium,0,0,2007000,false,rho_l_outside_target_bin,0.3150684931506849315068493151,0.4498777506112469437652811736
EXP-07,exp07_n32_wide_layered_lognormal_rhmedium_s00,n32_wide_layered_lognormal_rhmedium,32,wide_layered,lognormal,low,medium,0,1,2007001,true,accepted_all_graph_and_bin_checks,0.2602739726027397260273972603,0.4508474576271186440677966102
EXP-07,exp07_n32_wide_layered_lognormal_rhmedium_s01,n32_wide_layered_lognormal_rhmedium,32,wide_layered,lognormal,low,medium,1,0,2008000,true,accepted_all_graph_and_bin_checks,0.2567567567567567567567567568,0.4532803180914512922465208748
EXP-07,exp07_n32_wide_layered_lognormal_rhmedium_s02,n32_wide_layered_lognormal_rhmedium,32,wide_layered,lognormal,low,medium,2,0,2009000,true,accepted_all_graph_and_bin_checks,0.2409638554216867469879518072,0.4521739130434782608695652174
EXP-07,exp07_n32_wide_layered_lognormal_rhmedium_s03,n32_wide_layered_lognormal_rhmedium,32,wide_layered,lognormal,low,medium,3,0,2010000,true,accepted_all_graph_and_bin_checks,0.2098765432098765432098765432,0.4434782608695652173913043478
EXP-07,exp07_n32_wide_layered_lognormal_rhmedium_s04,n32_wide_layered_lognormal_rhmedium,32,wide_layered,lognormal,low,medium,4,0,2011000,false,rho_l_outside_target_bin,0.3066666666666666666666666667,0.4509803921568627450980392157
EXP-07,exp07_n32_wide_layered_lognormal_rhmedium_s04,n32_wide_layered_lognormal_rhmedium,32,wide_layered,lognormal,low,medium,4,1,2011001,false,rho_l_outside_target_bin,0.3157894736842105263157894737,0.4507042253521126760563380282
EXP-07,exp07_n32_wide_layered_lognormal_rhmedium_s04,n32_wide_layered_lognormal_rhmedium,32,wide_layered,lognormal,low,medium,4,2,2011002,true,accepted_all_graph_and_bin_checks,0.2714285714285714285714285714,0.4504310344827586206896551724
EXP-07,exp07_n32_wide_layered_lognormal_rhmedium_s05,n32_wide_layered_lognormal_rhmedium,32,wide_layered,lognormal,low,medium,5,0,2012000,true,accepted_all_graph_and_bin_checks,0.2432432432432432432432432432,0.4455445544554455445544554455
EXP-07,exp07_n32_wide_layered_lognormal_rhmedium_s06,n32_wide_layered_lognormal_rhmedium,32,wide_layered,lognormal,low,medium,6,0,2013000,true,accepted_all_graph_and_bin_checks,0.2753623188405797101449275362,0.4488188976377952755905511811
EXP-07,exp07_n32_wide_layered_lognormal_rhmedium_s07,n32_wide_layered_lognormal_rhmedium,32,wide_layered,lognormal,low,medium,7,0,2014000,true,accepted_all_graph_and_bin_checks,0.2727272727272727272727272727,0.4482758620689655172413793103
EXP-07,exp07_n32_wide_layered_lognormal_rhmedium_s08,n32_wide_layered_lognormal_rhmedium,32,wide_layered,lognormal,low,medium,8,0,2015000,false,rho_l_outside_target_bin,0.3125,0.45
EXP-07,exp07_n32_wide_layered_lognormal_rhmedium_s08,n32_wide_layered_lognormal_rhmedium,32,wide_layered,lognormal,low,medium,8,1,2015001,true,accepted_all_graph_and_bin_checks,0.25,0.4545454545454545454545454545
EXP-07,exp07_n32_wide_layered_lognormal_rhmedium_s09,n32_wide_layered_lognormal_rhmedium,32,wide_layered,lognormal,low,medium,9,0,2016000,false,rho_l_outside_target_bin,0.3037974683544303797468354430,0.45
EXP-07,exp07_n32_wide_layered_lognormal_rhmedium_s09,n32_wide_layered_lognormal_rhmedium,32,wide_layered,lognormal,low,medium,9,1,2016001,true,accepted_all_graph_and_bin_checks,0.2575757575757575757575757576,0.4473684210526315789473684211
EXP-07,exp07_n32_wide_layered_lognormal_rhmedium_s10,n32_wide_layered_lognormal_rhmedium,32,wide_layered,lognormal,low,medium,10,0,2017000,true,accepted_all_graph_and_bin_checks,0.2923076923076923076923076923,0.4523809523809523809523809524
EXP-07,exp07_n32_wide_layered_lognormal_rhmedium_s11,n32_wide_layered_lognormal_rhmedium,32,wide_layered,lognormal,low,medium,11,0,2018000,true,accepted_all_graph_and_bin_checks,0.2535211267605633802816901408,0.4490644490644490644490644491
EXP-07,exp07_n32_wide_layered_lognormal_rhmedium_s12,n32_wide_layered_lognormal_rhmedium,32,wide_layered,lognormal,low,medium,12,0,2019000,true,accepted_all_graph_and_bin_checks,0.2692307692307692307692307692,0.4476744186046511627906976744
EXP-07,exp07_n32_wide_layered_lognormal_rhmedium_s13,n32_wide_layered_lognormal_rhmedium,32,wide_layered,lognormal,low,medium,13,0,2020000,true,accepted_all_graph_and_bin_checks,0.25,0.4545454545454545454545454545
EXP-07,exp07_n32_wide_layered_lognormal_rhmedium_s14,n32_wide_layered_lognormal_rhmedium,32,wide_layered,lognormal,low,medium,14,0,2021000,true,accepted_all_graph_and_bin_checks,0.28,0.4545454545454545454545454545
EXP-07,exp07_n32_wide_layered_lognormal_rhmedium_s15,n32_wide_layered_lognormal_rhmedium,32,wide_layered,lognormal,low,medium,15,0,2022000,true,accepted_all_graph_and_bin_checks,0.2682926829268292682926829268,0.4520547945205479452054794521
EXP-07,exp07_n32_wide_layered_lognormal_rhmedium_s16,n32_wide_layered_lognormal_rhmedium,32,wide_layered,lognormal,low,medium,16,0,2023000,true,accepted_all_graph_and_bin_checks,0.2467532467532467532467532468,0.4502369668246445497630331754
EXP-07,exp07_n32_wide_layered_lognormal_rhmedium_s17,n32_wide_layered_lognormal_rhmedium,32,wide_layered,lognormal,low,medium,17,0,2024000,true,accepted_all_graph_and_bin_checks,0.2666666666666666666666666667,0.45
EXP-07,exp07_n32_wide_layered_lognormal_rhmedium_s18,n32_wide_layered_lognormal_rhmedium,32,wide_layered,lognormal,low,medium,18,0,2025000,false,rho_l_outside_target_bin,0.3055555555555555555555555556,0.4496855345911949685534591195
EXP-07,exp07_n32_wide_layered_lognormal_rhmedium_s18,n32_wide_layered_lognormal_rhmedium,32,wide_layered,lognormal,low,medium,18,1,2025001,false,rho_l_outside_target_bin,0.3275862068965517241379310345,0.4481132075471698113207547170
EXP-07,exp07_n32_wide_layered_lognormal_rhmedium_s18,n32_wide_layered_lognormal_rhmedium,32,wide_layered,lognormal,low,medium,18,2,2025002,true,accepted_all_graph_and_bin_checks,0.2537313432835820895522388060,0.4493392070484581497797356828
EXP-07,exp07_n32_wide_layered_lognormal_rhmedium_s19,n32_wide_layered_lognormal_rhmedium,32,wide_layered,lognormal,low,medium,19,0,2026000,true,accepted_all_graph_and_bin_checks,0.2602739726027397260273972603,0.4508474576271186440677966102
EXP-07,exp07_n32_wide_layered_lognormal_rhhigh_s00,n32_wide_layered_lognormal_rhhigh,32,wide_layered,lognormal,low,high,0,0,2007000,false,rho_l_outside_target_bin,0.3150684931506849315068493151,0.7493734335839598997493734336
EXP-07,exp07_n32_wide_layered_lognormal_rhhigh_s00,n32_wide_layered_lognormal_rhhigh,32,wide_layered,lognormal,low,high,0,1,2007001,true,accepted_all_graph_and_bin_checks,0.2602739726027397260273972603,0.76
EXP-07,exp07_n32_wide_layered_lognormal_rhhigh_s01,n32_wide_layered_lognormal_rhhigh,32,wide_layered,lognormal,low,high,1,0,2008000,true,accepted_all_graph_and_bin_checks,0.2567567567567567567567567568,0.7566371681415929203539823009
EXP-07,exp07_n32_wide_layered_lognormal_rhhigh_s02,n32_wide_layered_lognormal_rhhigh,32,wide_layered,lognormal,low,high,2,0,2009000,true,accepted_all_graph_and_bin_checks,0.2409638554216867469879518072,0.7407407407407407407407407407
EXP-07,exp07_n32_wide_layered_lognormal_rhhigh_s03,n32_wide_layered_lognormal_rhhigh,32,wide_layered,lognormal,low,high,3,0,2010000,true,accepted_all_graph_and_bin_checks,0.2098765432098765432098765432,0.7450199203187250996015936255
EXP-07,exp07_n32_wide_layered_lognormal_rhhigh_s04,n32_wide_layered_lognormal_rhhigh,32,wide_layered,lognormal,low,high,4,0,2011000,false,rho_l_outside_target_bin,0.3066666666666666666666666667,0.7558685446009389671361502347
EXP-07,exp07_n32_wide_layered_lognormal_rhhigh_s04,n32_wide_layered_lognormal_rhhigh,32,wide_layered,lognormal,low,high,4,1,2011001,false,rho_l_outside_target_bin,0.3157894736842105263157894737,0.75
EXP-07,exp07_n32_wide_layered_lognormal_rhhigh_s04,n32_wide_layered_lognormal_rhhigh,32,wide_layered,lognormal,low,high,4,2,2011002,true,accepted_all_graph_and_bin_checks,0.2714285714285714285714285714,0.7487684729064039408866995074
EXP-07,exp07_n32_wide_layered_lognormal_rhhigh_s05,n32_wide_layered_lognormal_rhhigh,32,wide_layered,lognormal,low,high,5,0,2012000,true,accepted_all_graph_and_bin_checks,0.2432432432432432432432432432,0.7431192660550458715596330275
EXP-07,exp07_n32_wide_layered_lognormal_rhhigh_s06,n32_wide_layered_lognormal_rhhigh,32,wide_layered,lognormal,low,high,6,0,2013000,true,accepted_all_graph_and_bin_checks,0.2753623188405797101449275362,0.7524752475247524752475247525
EXP-07,exp07_n32_wide_layered_lognormal_rhhigh_s07,n32_wide_layered_lognormal_rhhigh,32,wide_layered,lognormal,low,high,7,0,2014000,true,accepted_all_graph_and_bin_checks,0.2727272727272727272727272727,0.75
EXP-07,exp07_n32_wide_layered_lognormal_rhhigh_s08,n32_wide_layered_lognormal_rhhigh,32,wide_layered,lognormal,low,high,8,0,2015000,false,rho_l_outside_target_bin,0.3125,0.7471264367816091954022988506
EXP-07,exp07_n32_wide_layered_lognormal_rhhigh_s08,n32_wide_layered_lognormal_rhhigh,32,wide_layered,lognormal,low,high,8,1,2015001,true,accepted_all_graph_and_bin_checks,0.25,0.75
EXP-07,exp07_n32_wide_layered_lognormal_rhhigh_s09,n32_wide_layered_lognormal_rhhigh,32,wide_layered,lognormal,low,high,9,0,2016000,false,rho_l_outside_target_bin,0.3037974683544303797468354430,0.7533632286995515695067264574
EXP-07,exp07_n32_wide_layered_lognormal_rhhigh_s09,n32_wide_layered_lognormal_rhhigh,32,wide_layered,lognormal,low,high,9,1,2016001,true,accepted_all_graph_and_bin_checks,0.2575757575757575757575757576,0.7574257425742574257425742574
EXP-07,exp07_n32_wide_layered_lognormal_rhhigh_s10,n32_wide_layered_lognormal_rhhigh,32,wide_layered,lognormal,low,high,10,0,2017000,true,accepted_all_graph_and_bin_checks,0.2923076923076923076923076923,0.7559681697612732095490716180
EXP-07,exp07_n32_wide_layered_lognormal_rhhigh_s11,n32_wide_layered_lognormal_rhhigh,32,wide_layered,lognormal,low,high,11,0,2018000,true,accepted_all_graph_and_bin_checks,0.2535211267605633802816901408,0.7534883720930232558139534884
EXP-07,exp07_n32_wide_layered_lognormal_rhhigh_s12,n32_wide_layered_lognormal_rhhigh,32,wide_layered,lognormal,low,high,12,0,2019000,true,accepted_all_graph_and_bin_checks,0.2692307692307692307692307692,0.7466666666666666666666666667
EXP-07,exp07_n32_wide_layered_lognormal_rhhigh_s13,n32_wide_layered_lognormal_rhhigh,32,wide_layered,lognormal,low,high,13,0,2020000,true,accepted_all_graph_and_bin_checks,0.25,0.75
EXP-07,exp07_n32_wide_layered_lognormal_rhhigh_s14,n32_wide_layered_lognormal_rhhigh,32,wide_layered,lognormal,low,high,14,0,2021000,true,accepted_all_graph_and_bin_checks,0.28,0.7446808510638297872340425532
EXP-07,exp07_n32_wide_layered_lognormal_rhhigh_s15,n32_wide_layered_lognormal_rhhigh,32,wide_layered,lognormal,low,high,15,0,2022000,true,accepted_all_graph_and_bin_checks,0.2682926829268292682926829268,0.7457627118644067796610169492
EXP-07,exp07_n32_wide_layered_lognormal_rhhigh_s16,n32_wide_layered_lognormal_rhhigh,32,wide_layered,lognormal,low,high,16,0,2023000,true,accepted_all_graph_and_bin_checks,0.2467532467532467532467532468,0.7467248908296943231441048035
EXP-07,exp07_n32_wide_layered_lognormal_rhhigh_s17,n32_wide_layered_lognormal_rhhigh,32,wide_layered,lognormal,low,high,17,0,2024000,true,accepted_all_graph_and_bin_checks,0.2666666666666666666666666667,0.7441860465116279069767441860
EXP-07,exp07_n32_wide_layered_lognormal_rhhigh_s18,n32_wide_layered_lognormal_rhhigh,32,wide_layered,lognormal,low,high,18,0,2025000,false,rho_l_outside_target_bin,0.3055555555555555555555555556,0.7549019607843137254901960784
EXP-07,exp07_n32_wide_layered_lognormal_rhhigh_s18,n32_wide_layered_lognormal_rhhigh,32,wide_layered,lognormal,low,high,18,1,2025001,false,rho_l_outside_target_bin,0.3275862068965517241379310345,0.7450980392156862745098039216
EXP-07,exp07_n32_wide_layered_lognormal_rhhigh_s18,n32_wide_layered_lognormal_rhhigh,32,wide_layered,lognormal,low,high,18,2,2025002,true,accepted_all_graph_and_bin_checks,0.2537313432835820895522388060,0.7536945812807881773399014778
EXP-07,exp07_n32_wide_layered_lognormal_rhhigh_s19,n32_wide_layered_lognormal_rhhigh,32,wide_layered,lognormal,low,high,19,0,2026000,true,accepted_all_graph_and_bin_checks,0.2602739726027397260273972603,0.76
EXP-07,exp07_n32_mixed_homogeneous_rhlow_s00,n32_mixed_homogeneous_rhlow,32,mixed,homogeneous,medium,low,0,0,2107000,true,accepted_all_graph_and_bin_checks,0.4375,0.1818181818181818181818181818
EXP-07,exp07_n32_mixed_homogeneous_rhlow_s01,n32_mixed_homogeneous_rhlow,32,mixed,homogeneous,medium,low,1,0,2108000,true,accepted_all_graph_and_bin_checks,0.4375,0.1818181818181818181818181818
EXP-07,exp07_n32_mixed_homogeneous_rhlow_s02,n32_mixed_homogeneous_rhlow,32,mixed,homogeneous,medium,low,2,0,2109000,true,accepted_all_graph_and_bin_checks,0.4375,0.1818181818181818181818181818
EXP-07,exp07_n32_mixed_homogeneous_rhlow_s03,n32_mixed_homogeneous_rhlow,32,mixed,homogeneous,medium,low,3,0,2110000,true,accepted_all_graph_and_bin_checks,0.4375,0.1818181818181818181818181818
EXP-07,exp07_n32_mixed_homogeneous_rhlow_s04,n32_mixed_homogeneous_rhlow,32,mixed,homogeneous,medium,low,4,0,2111000,true,accepted_all_graph_and_bin_checks,0.4375,0.1818181818181818181818181818
EXP-07,exp07_n32_mixed_homogeneous_rhlow_s05,n32_mixed_homogeneous_rhlow,32,mixed,homogeneous,medium,low,5,0,2112000,true,accepted_all_graph_and_bin_checks,0.4375,0.1818181818181818181818181818
EXP-07,exp07_n32_mixed_homogeneous_rhlow_s06,n32_mixed_homogeneous_rhlow,32,mixed,homogeneous,medium,low,6,0,2113000,true,accepted_all_graph_and_bin_checks,0.4375,0.1818181818181818181818181818
EXP-07,exp07_n32_mixed_homogeneous_rhlow_s07,n32_mixed_homogeneous_rhlow,32,mixed,homogeneous,medium,low,7,0,2114000,true,accepted_all_graph_and_bin_checks,0.4375,0.1818181818181818181818181818
EXP-07,exp07_n32_mixed_homogeneous_rhlow_s08,n32_mixed_homogeneous_rhlow,32,mixed,homogeneous,medium,low,8,0,2115000,true,accepted_all_graph_and_bin_checks,0.4375,0.1818181818181818181818181818
EXP-07,exp07_n32_mixed_homogeneous_rhlow_s09,n32_mixed_homogeneous_rhlow,32,mixed,homogeneous,medium,low,9,0,2116000,true,accepted_all_graph_and_bin_checks,0.4375,0.1818181818181818181818181818
EXP-07,exp07_n32_mixed_homogeneous_rhlow_s10,n32_mixed_homogeneous_rhlow,32,mixed,homogeneous,medium,low,10,0,2117000,true,accepted_all_graph_and_bin_checks,0.4375,0.1818181818181818181818181818
EXP-07,exp07_n32_mixed_homogeneous_rhlow_s11,n32_mixed_homogeneous_rhlow,32,mixed,homogeneous,medium,low,11,0,2118000,true,accepted_all_graph_and_bin_checks,0.4375,0.1818181818181818181818181818
EXP-07,exp07_n32_mixed_homogeneous_rhlow_s12,n32_mixed_homogeneous_rhlow,32,mixed,homogeneous,medium,low,12,0,2119000,true,accepted_all_graph_and_bin_checks,0.4375,0.1818181818181818181818181818
EXP-07,exp07_n32_mixed_homogeneous_rhlow_s13,n32_mixed_homogeneous_rhlow,32,mixed,homogeneous,medium,low,13,0,2120000,true,accepted_all_graph_and_bin_checks,0.4375,0.1818181818181818181818181818
EXP-07,exp07_n32_mixed_homogeneous_rhlow_s14,n32_mixed_homogeneous_rhlow,32,mixed,homogeneous,medium,low,14,0,2121000,true,accepted_all_graph_and_bin_checks,0.4375,0.1818181818181818181818181818
EXP-07,exp07_n32_mixed_homogeneous_rhlow_s15,n32_mixed_homogeneous_rhlow,32,mixed,homogeneous,medium,low,15,0,2122000,true,accepted_all_graph_and_bin_checks,0.4375,0.1818181818181818181818181818
EXP-07,exp07_n32_mixed_homogeneous_rhlow_s16,n32_mixed_homogeneous_rhlow,32,mixed,homogeneous,medium,low,16,0,2123000,true,accepted_all_graph_and_bin_checks,0.4375,0.1818181818181818181818181818
EXP-07,exp07_n32_mixed_homogeneous_rhlow_s17,n32_mixed_homogeneous_rhlow,32,mixed,homogeneous,medium,low,17,0,2124000,true,accepted_all_graph_and_bin_checks,0.4375,0.1818181818181818181818181818
EXP-07,exp07_n32_mixed_homogeneous_rhlow_s18,n32_mixed_homogeneous_rhlow,32,mixed,homogeneous,medium,low,18,0,2125000,true,accepted_all_graph_and_bin_checks,0.4375,0.1818181818181818181818181818
EXP-07,exp07_n32_mixed_homogeneous_rhlow_s19,n32_mixed_homogeneous_rhlow,32,mixed,homogeneous,medium,low,19,0,2126000,true,accepted_all_graph_and_bin_checks,0.4375,0.1818181818181818181818181818
EXP-07,exp07_n32_mixed_homogeneous_rhmedium_s00,n32_mixed_homogeneous_rhmedium,32,mixed,homogeneous,medium,medium,0,0,2107000,true,accepted_all_graph_and_bin_checks,0.4375,0.4534412955465587044534412955
EXP-07,exp07_n32_mixed_homogeneous_rhmedium_s01,n32_mixed_homogeneous_rhmedium,32,mixed,homogeneous,medium,medium,1,0,2108000,true,accepted_all_graph_and_bin_checks,0.4375,0.4534412955465587044534412955
EXP-07,exp07_n32_mixed_homogeneous_rhmedium_s02,n32_mixed_homogeneous_rhmedium,32,mixed,homogeneous,medium,medium,2,0,2109000,true,accepted_all_graph_and_bin_checks,0.4375,0.4534412955465587044534412955
EXP-07,exp07_n32_mixed_homogeneous_rhmedium_s03,n32_mixed_homogeneous_rhmedium,32,mixed,homogeneous,medium,medium,3,0,2110000,true,accepted_all_graph_and_bin_checks,0.4375,0.4534412955465587044534412955
EXP-07,exp07_n32_mixed_homogeneous_rhmedium_s04,n32_mixed_homogeneous_rhmedium,32,mixed,homogeneous,medium,medium,4,0,2111000,true,accepted_all_graph_and_bin_checks,0.4375,0.4534412955465587044534412955
EXP-07,exp07_n32_mixed_homogeneous_rhmedium_s05,n32_mixed_homogeneous_rhmedium,32,mixed,homogeneous,medium,medium,5,0,2112000,true,accepted_all_graph_and_bin_checks,0.4375,0.4534412955465587044534412955
EXP-07,exp07_n32_mixed_homogeneous_rhmedium_s06,n32_mixed_homogeneous_rhmedium,32,mixed,homogeneous,medium,medium,6,0,2113000,true,accepted_all_graph_and_bin_checks,0.4375,0.4534412955465587044534412955
EXP-07,exp07_n32_mixed_homogeneous_rhmedium_s07,n32_mixed_homogeneous_rhmedium,32,mixed,homogeneous,medium,medium,7,0,2114000,true,accepted_all_graph_and_bin_checks,0.4375,0.4534412955465587044534412955
EXP-07,exp07_n32_mixed_homogeneous_rhmedium_s08,n32_mixed_homogeneous_rhmedium,32,mixed,homogeneous,medium,medium,8,0,2115000,true,accepted_all_graph_and_bin_checks,0.4375,0.4534412955465587044534412955
EXP-07,exp07_n32_mixed_homogeneous_rhmedium_s09,n32_mixed_homogeneous_rhmedium,32,mixed,homogeneous,medium,medium,9,0,2116000,true,accepted_all_graph_and_bin_checks,0.4375,0.4534412955465587044534412955
EXP-07,exp07_n32_mixed_homogeneous_rhmedium_s10,n32_mixed_homogeneous_rhmedium,32,mixed,homogeneous,medium,medium,10,0,2117000,true,accepted_all_graph_and_bin_checks,0.4375,0.4534412955465587044534412955
EXP-07,exp07_n32_mixed_homogeneous_rhmedium_s11,n32_mixed_homogeneous_rhmedium,32,mixed,homogeneous,medium,medium,11,0,2118000,true,accepted_all_graph_and_bin_checks,0.4375,0.4534412955465587044534412955
EXP-07,exp07_n32_mixed_homogeneous_rhmedium_s12,n32_mixed_homogeneous_rhmedium,32,mixed,homogeneous,medium,medium,12,0,2119000,true,accepted_all_graph_and_bin_checks,0.4375,0.4534412955465587044534412955
EXP-07,exp07_n32_mixed_homogeneous_rhmedium_s13,n32_mixed_homogeneous_rhmedium,32,mixed,homogeneous,medium,medium,13,0,2120000,true,accepted_all_graph_and_bin_checks,0.4375,0.4534412955465587044534412955
EXP-07,exp07_n32_mixed_homogeneous_rhmedium_s14,n32_mixed_homogeneous_rhmedium,32,mixed,homogeneous,medium,medium,14,0,2121000,true,accepted_all_graph_and_bin_checks,0.4375,0.4534412955465587044534412955
EXP-07,exp07_n32_mixed_homogeneous_rhmedium_s15,n32_mixed_homogeneous_rhmedium,32,mixed,homogeneous,medium,medium,15,0,2122000,true,accepted_all_graph_and_bin_checks,0.4375,0.4534412955465587044534412955
EXP-07,exp07_n32_mixed_homogeneous_rhmedium_s16,n32_mixed_homogeneous_rhmedium,32,mixed,homogeneous,medium,medium,16,0,2123000,true,accepted_all_graph_and_bin_checks,0.4375,0.4534412955465587044534412955
EXP-07,exp07_n32_mixed_homogeneous_rhmedium_s17,n32_mixed_homogeneous_rhmedium,32,mixed,homogeneous,medium,medium,17,0,2124000,true,accepted_all_graph_and_bin_checks,0.4375,0.4534412955465587044534412955
EXP-07,exp07_n32_mixed_homogeneous_rhmedium_s18,n32_mixed_homogeneous_rhmedium,32,mixed,homogeneous,medium,medium,18,0,2125000,true,accepted_all_graph_and_bin_checks,0.4375,0.4534412955465587044534412955
EXP-07,exp07_n32_mixed_homogeneous_rhmedium_s19,n32_mixed_homogeneous_rhmedium,32,mixed,homogeneous,medium,medium,19,0,2126000,true,accepted_all_graph_and_bin_checks,0.4375,0.4534412955465587044534412955
EXP-07,exp07_n32_mixed_homogeneous_rhhigh_s00,n32_mixed_homogeneous_rhhigh,32,mixed,homogeneous,medium,high,0,0,2107000,true,accepted_all_graph_and_bin_checks,0.4375,0.7446808510638297872340425532
EXP-07,exp07_n32_mixed_homogeneous_rhhigh_s01,n32_mixed_homogeneous_rhhigh,32,mixed,homogeneous,medium,high,1,0,2108000,true,accepted_all_graph_and_bin_checks,0.4375,0.7446808510638297872340425532
EXP-07,exp07_n32_mixed_homogeneous_rhhigh_s02,n32_mixed_homogeneous_rhhigh,32,mixed,homogeneous,medium,high,2,0,2109000,true,accepted_all_graph_and_bin_checks,0.4375,0.7446808510638297872340425532
EXP-07,exp07_n32_mixed_homogeneous_rhhigh_s03,n32_mixed_homogeneous_rhhigh,32,mixed,homogeneous,medium,high,3,0,2110000,true,accepted_all_graph_and_bin_checks,0.4375,0.7446808510638297872340425532
EXP-07,exp07_n32_mixed_homogeneous_rhhigh_s04,n32_mixed_homogeneous_rhhigh,32,mixed,homogeneous,medium,high,4,0,2111000,true,accepted_all_graph_and_bin_checks,0.4375,0.7446808510638297872340425532
EXP-07,exp07_n32_mixed_homogeneous_rhhigh_s05,n32_mixed_homogeneous_rhhigh,32,mixed,homogeneous,medium,high,5,0,2112000,true,accepted_all_graph_and_bin_checks,0.4375,0.7446808510638297872340425532
EXP-07,exp07_n32_mixed_homogeneous_rhhigh_s06,n32_mixed_homogeneous_rhhigh,32,mixed,homogeneous,medium,high,6,0,2113000,true,accepted_all_graph_and_bin_checks,0.4375,0.7446808510638297872340425532
EXP-07,exp07_n32_mixed_homogeneous_rhhigh_s07,n32_mixed_homogeneous_rhhigh,32,mixed,homogeneous,medium,high,7,0,2114000,true,accepted_all_graph_and_bin_checks,0.4375,0.7446808510638297872340425532
EXP-07,exp07_n32_mixed_homogeneous_rhhigh_s08,n32_mixed_homogeneous_rhhigh,32,mixed,homogeneous,medium,high,8,0,2115000,true,accepted_all_graph_and_bin_checks,0.4375,0.7446808510638297872340425532
EXP-07,exp07_n32_mixed_homogeneous_rhhigh_s09,n32_mixed_homogeneous_rhhigh,32,mixed,homogeneous,medium,high,9,0,2116000,true,accepted_all_graph_and_bin_checks,0.4375,0.7446808510638297872340425532
EXP-07,exp07_n32_mixed_homogeneous_rhhigh_s10,n32_mixed_homogeneous_rhhigh,32,mixed,homogeneous,medium,high,10,0,2117000,true,accepted_all_graph_and_bin_checks,0.4375,0.7446808510638297872340425532
EXP-07,exp07_n32_mixed_homogeneous_rhhigh_s11,n32_mixed_homogeneous_rhhigh,32,mixed,homogeneous,medium,high,11,0,2118000,true,accepted_all_graph_and_bin_checks,0.4375,0.7446808510638297872340425532
EXP-07,exp07_n32_mixed_homogeneous_rhhigh_s12,n32_mixed_homogeneous_rhhigh,32,mixed,homogeneous,medium,high,12,0,2119000,true,accepted_all_graph_and_bin_checks,0.4375,0.7446808510638297872340425532
EXP-07,exp07_n32_mixed_homogeneous_rhhigh_s13,n32_mixed_homogeneous_rhhigh,32,mixed,homogeneous,medium,high,13,0,2120000,true,accepted_all_graph_and_bin_checks,0.4375,0.7446808510638297872340425532
EXP-07,exp07_n32_mixed_homogeneous_rhhigh_s14,n32_mixed_homogeneous_rhhigh,32,mixed,homogeneous,medium,high,14,0,2121000,true,accepted_all_graph_and_bin_checks,0.4375,0.7446808510638297872340425532
EXP-07,exp07_n32_mixed_homogeneous_rhhigh_s15,n32_mixed_homogeneous_rhhigh,32,mixed,homogeneous,medium,high,15,0,2122000,true,accepted_all_graph_and_bin_checks,0.4375,0.7446808510638297872340425532
EXP-07,exp07_n32_mixed_homogeneous_rhhigh_s16,n32_mixed_homogeneous_rhhigh,32,mixed,homogeneous,medium,high,16,0,2123000,true,accepted_all_graph_and_bin_checks,0.4375,0.7446808510638297872340425532
EXP-07,exp07_n32_mixed_homogeneous_rhhigh_s17,n32_mixed_homogeneous_rhhigh,32,mixed,homogeneous,medium,high,17,0,2124000,true,accepted_all_graph_and_bin_checks,0.4375,0.7446808510638297872340425532
EXP-07,exp07_n32_mixed_homogeneous_rhhigh_s18,n32_mixed_homogeneous_rhhigh,32,mixed,homogeneous,medium,high,18,0,2125000,true,accepted_all_graph_and_bin_checks,0.4375,0.7446808510638297872340425532
EXP-07,exp07_n32_mixed_homogeneous_rhhigh_s19,n32_mixed_homogeneous_rhhigh,32,mixed,homogeneous,medium,high,19,0,2126000,true,accepted_all_graph_and_bin_checks,0.4375,0.7446808510638297872340425532
EXP-07,exp07_n32_mixed_lognormal_rhlow_s00,n32_mixed_lognormal_rhlow,32,mixed,lognormal,medium,low,0,0,2207000,true,accepted_all_graph_and_bin_checks,0.5060240963855421686746987952,0.18
EXP-07,exp07_n32_mixed_lognormal_rhlow_s01,n32_mixed_lognormal_rhlow,32,mixed,lognormal,medium,low,1,0,2208000,true,accepted_all_graph_and_bin_checks,0.5555555555555555555555555556,0.1851851851851851851851851852
EXP-07,exp07_n32_mixed_lognormal_rhlow_s02,n32_mixed_lognormal_rhlow,32,mixed,lognormal,medium,low,2,0,2209000,true,accepted_all_graph_and_bin_checks,0.5479452054794520547945205479,0.1805869074492099322799097065
EXP-07,exp07_n32_mixed_lognormal_rhlow_s03,n32_mixed_lognormal_rhlow,32,mixed,lognormal,medium,low,3,0,2210000,true,accepted_all_graph_and_bin_checks,0.5227272727272727272727272727,0.1796875
EXP-07,exp07_n32_mixed_lognormal_rhlow_s04,n32_mixed_lognormal_rhlow,32,mixed,lognormal,medium,low,4,0,2211000,true,accepted_all_graph_and_bin_checks,0.515625,0.1755319148936170212765957447
EXP-07,exp07_n32_mixed_lognormal_rhlow_s05,n32_mixed_lognormal_rhlow,32,mixed,lognormal,medium,low,5,0,2212000,true,accepted_all_graph_and_bin_checks,0.4923076923076923076923076923,0.1772853185595567867036011080
EXP-07,exp07_n32_mixed_lognormal_rhlow_s06,n32_mixed_lognormal_rhlow,32,mixed,lognormal,medium,low,6,0,2213000,true,accepted_all_graph_and_bin_checks,0.5076923076923076923076923077,0.1809872029250457038391224863
EXP-07,exp07_n32_mixed_lognormal_rhlow_s07,n32_mixed_lognormal_rhlow,32,mixed,lognormal,medium,low,7,0,2214000,true,accepted_all_graph_and_bin_checks,0.4823529411764705882352941176,0.1769784172661870503597122302
EXP-07,exp07_n32_mixed_lognormal_rhlow_s08,n32_mixed_lognormal_rhlow,32,mixed,lognormal,medium,low,8,0,2215000,true,accepted_all_graph_and_bin_checks,0.5,0.1818181818181818181818181818
EXP-07,exp07_n32_mixed_lognormal_rhlow_s09,n32_mixed_lognormal_rhlow,32,mixed,lognormal,medium,low,9,0,2216000,true,accepted_all_graph_and_bin_checks,0.5384615384615384615384615385,0.1794871794871794871794871795
EXP-07,exp07_n32_mixed_lognormal_rhlow_s10,n32_mixed_lognormal_rhlow,32,mixed,lognormal,medium,low,10,0,2217000,true,accepted_all_graph_and_bin_checks,0.5466666666666666666666666667,0.1798245614035087719298245614
EXP-07,exp07_n32_mixed_lognormal_rhlow_s11,n32_mixed_lognormal_rhlow,32,mixed,lognormal,medium,low,11,0,2218000,true,accepted_all_graph_and_bin_checks,0.4788732394366197183098591549,0.1749571183533447684391080617
EXP-07,exp07_n32_mixed_lognormal_rhlow_s12,n32_mixed_lognormal_rhlow,32,mixed,lognormal,medium,low,12,0,2219000,true,accepted_all_graph_and_bin_checks,0.4931506849315068493150684932,0.1777777777777777777777777778
EXP-07,exp07_n32_mixed_lognormal_rhlow_s13,n32_mixed_lognormal_rhlow,32,mixed,lognormal,medium,low,13,0,2220000,true,accepted_all_graph_and_bin_checks,0.5416666666666666666666666667,0.1813953488372093023255813953
EXP-07,exp07_n32_mixed_lognormal_rhlow_s14,n32_mixed_lognormal_rhlow,32,mixed,lognormal,medium,low,14,0,2221000,true,accepted_all_graph_and_bin_checks,0.5735294117647058823529411765,0.1830985915492957746478873239
EXP-07,exp07_n32_mixed_lognormal_rhlow_s15,n32_mixed_lognormal_rhlow,32,mixed,lognormal,medium,low,15,0,2222000,true,accepted_all_graph_and_bin_checks,0.5333333333333333333333333333,0.1764705882352941176470588235
EXP-07,exp07_n32_mixed_lognormal_rhlow_s16,n32_mixed_lognormal_rhlow,32,mixed,lognormal,medium,low,16,0,2223000,true,accepted_all_graph_and_bin_checks,0.5256410256410256410256410256,0.1814159292035398230088495575
EXP-07,exp07_n32_mixed_lognormal_rhlow_s17,n32_mixed_lognormal_rhlow,32,mixed,lognormal,medium,low,17,0,2224000,true,accepted_all_graph_and_bin_checks,0.5,0.1818181818181818181818181818
EXP-07,exp07_n32_mixed_lognormal_rhlow_s18,n32_mixed_lognormal_rhlow,32,mixed,lognormal,medium,low,18,0,2225000,true,accepted_all_graph_and_bin_checks,0.5,0.1818181818181818181818181818
EXP-07,exp07_n32_mixed_lognormal_rhlow_s19,n32_mixed_lognormal_rhlow,32,mixed,lognormal,medium,low,19,0,2226000,true,accepted_all_graph_and_bin_checks,0.4642857142857142857142857143,0.1780821917808219178082191781
EXP-07,exp07_n32_mixed_lognormal_rhmedium_s00,n32_mixed_lognormal_rhmedium,32,mixed,lognormal,medium,medium,0,0,2207000,true,accepted_all_graph_and_bin_checks,0.5060240963855421686746987952,0.4504021447721179624664879357
EXP-07,exp07_n32_mixed_lognormal_rhmedium_s01,n32_mixed_lognormal_rhmedium,32,mixed,lognormal,medium,medium,1,0,2208000,true,accepted_all_graph_and_bin_checks,0.5555555555555555555555555556,0.4455445544554455445544554455
EXP-07,exp07_n32_mixed_lognormal_rhmedium_s02,n32_mixed_lognormal_rhmedium,32,mixed,lognormal,medium,medium,2,0,2209000,true,accepted_all_graph_and_bin_checks,0.5479452054794520547945205479,0.4469273743016759776536312849
EXP-07,exp07_n32_mixed_lognormal_rhmedium_s03,n32_mixed_lognormal_rhmedium,32,mixed,lognormal,medium,medium,3,0,2210000,true,accepted_all_graph_and_bin_checks,0.5227272727272727272727272727,0.4509803921568627450980392157
EXP-07,exp07_n32_mixed_lognormal_rhmedium_s04,n32_mixed_lognormal_rhmedium,32,mixed,lognormal,medium,medium,4,0,2211000,true,accepted_all_graph_and_bin_checks,0.515625,0.4502046384720327421555252387
EXP-07,exp07_n32_mixed_lognormal_rhmedium_s05,n32_mixed_lognormal_rhmedium,32,mixed,lognormal,medium,medium,5,0,2212000,true,accepted_all_graph_and_bin_checks,0.4923076923076923076923076923,0.4507042253521126760563380282
EXP-07,exp07_n32_mixed_lognormal_rhmedium_s06,n32_mixed_lognormal_rhmedium,32,mixed,lognormal,medium,medium,6,0,2213000,true,accepted_all_graph_and_bin_checks,0.5076923076923076923076923077,0.4520547945205479452054794521
EXP-07,exp07_n32_mixed_lognormal_rhmedium_s07,n32_mixed_lognormal_rhmedium,32,mixed,lognormal,medium,medium,7,0,2214000,true,accepted_all_graph_and_bin_checks,0.4823529411764705882352941176,0.4491392801251956181533646322
EXP-07,exp07_n32_mixed_lognormal_rhmedium_s08,n32_mixed_lognormal_rhmedium,32,mixed,lognormal,medium,medium,8,0,2215000,true,accepted_all_graph_and_bin_checks,0.5,0.45
EXP-07,exp07_n32_mixed_lognormal_rhmedium_s09,n32_mixed_lognormal_rhmedium,32,mixed,lognormal,medium,medium,9,0,2216000,true,accepted_all_graph_and_bin_checks,0.5384615384615384615384615385,0.4495412844036697247706422018
EXP-07,exp07_n32_mixed_lognormal_rhmedium_s10,n32_mixed_lognormal_rhmedium,32,mixed,lognormal,medium,medium,10,0,2217000,true,accepted_all_graph_and_bin_checks,0.5466666666666666666666666667,0.4532663316582914572864321608
EXP-07,exp07_n32_mixed_lognormal_rhmedium_s11,n32_mixed_lognormal_rhmedium,32,mixed,lognormal,medium,medium,11,0,2218000,true,accepted_all_graph_and_bin_checks,0.4788732394366197183098591549,0.4495867768595041322314049587
EXP-07,exp07_n32_mixed_lognormal_rhmedium_s12,n32_mixed_lognormal_rhmedium,32,mixed,lognormal,medium,medium,12,0,2219000,true,accepted_all_graph_and_bin_checks,0.4931506849315068493150684932,0.4515393386545039908779931585
EXP-07,exp07_n32_mixed_lognormal_rhmedium_s13,n32_mixed_lognormal_rhmedium,32,mixed,lognormal,medium,medium,13,0,2220000,true,accepted_all_graph_and_bin_checks,0.5416666666666666666666666667,0.45
EXP-07,exp07_n32_mixed_lognormal_rhmedium_s14,n32_mixed_lognormal_rhmedium,32,mixed,lognormal,medium,medium,14,0,2221000,true,accepted_all_graph_and_bin_checks,0.5735294117647058823529411765,0.4528301886792452830188679245
EXP-07,exp07_n32_mixed_lognormal_rhmedium_s15,n32_mixed_lognormal_rhmedium,32,mixed,lognormal,medium,medium,15,0,2222000,true,accepted_all_graph_and_bin_checks,0.5333333333333333333333333333,0.4494382022471910112359550562
EXP-07,exp07_n32_mixed_lognormal_rhmedium_s16,n32_mixed_lognormal_rhmedium,32,mixed,lognormal,medium,medium,16,0,2223000,true,accepted_all_graph_and_bin_checks,0.5256410256410256410256410256,0.4483101391650099403578528827
EXP-07,exp07_n32_mixed_lognormal_rhmedium_s17,n32_mixed_lognormal_rhmedium,32,mixed,lognormal,medium,medium,17,0,2224000,true,accepted_all_graph_and_bin_checks,0.5,0.45
EXP-07,exp07_n32_mixed_lognormal_rhmedium_s18,n32_mixed_lognormal_rhmedium,32,mixed,lognormal,medium,medium,18,0,2225000,true,accepted_all_graph_and_bin_checks,0.5,0.45
EXP-07,exp07_n32_mixed_lognormal_rhmedium_s19,n32_mixed_lognormal_rhmedium,32,mixed,lognormal,medium,medium,19,0,2226000,true,accepted_all_graph_and_bin_checks,0.4642857142857142857142857143,0.4482758620689655172413793103
EXP-07,exp07_n32_mixed_lognormal_rhhigh_s00,n32_mixed_lognormal_rhhigh,32,mixed,lognormal,medium,high,0,0,2207000,true,accepted_all_graph_and_bin_checks,0.5060240963855421686746987952,0.7544910179640718562874251497
EXP-07,exp07_n32_mixed_lognormal_rhhigh_s01,n32_mixed_lognormal_rhhigh,32,mixed,lognormal,medium,high,1,0,2208000,true,accepted_all_graph_and_bin_checks,0.5555555555555555555555555556,0.75
EXP-07,exp07_n32_mixed_lognormal_rhhigh_s02,n32_mixed_lognormal_rhhigh,32,mixed,lognormal,medium,high,2,0,2209000,true,accepted_all_graph_and_bin_checks,0.5479452054794520547945205479,0.7518796992481203007518796992
EXP-07,exp07_n32_mixed_lognormal_rhhigh_s03,n32_mixed_lognormal_rhhigh,32,mixed,lognormal,medium,high,3,0,2210000,true,accepted_all_graph_and_bin_checks,0.5227272727272727272727272727,0.7507418397626112759643916914
EXP-07,exp07_n32_mixed_lognormal_rhhigh_s04,n32_mixed_lognormal_rhhigh,32,mixed,lognormal,medium,high,4,0,2211000,true,accepted_all_graph_and_bin_checks,0.515625,0.7487844408427876823338735818
EXP-07,exp07_n32_mixed_lognormal_rhhigh_s05,n32_mixed_lognormal_rhhigh,32,mixed,lognormal,medium,high,5,0,2212000,true,accepted_all_graph_and_bin_checks,0.4923076923076923076923076923,0.7441860465116279069767441860
EXP-07,exp07_n32_mixed_lognormal_rhhigh_s06,n32_mixed_lognormal_rhhigh,32,mixed,lognormal,medium,high,6,0,2213000,true,accepted_all_graph_and_bin_checks,0.5076923076923076923076923077,0.7557251908396946564885496183
EXP-07,exp07_n32_mixed_lognormal_rhhigh_s07,n32_mixed_lognormal_rhhigh,32,mixed,lognormal,medium,high,7,0,2214000,true,accepted_all_graph_and_bin_checks,0.4823529411764705882352941176,0.7488584474885844748858447489
EXP-07,exp07_n32_mixed_lognormal_rhhigh_s08,n32_mixed_lognormal_rhhigh,32,mixed,lognormal,medium,high,8,0,2215000,true,accepted_all_graph_and_bin_checks,0.5,0.75
EXP-07,exp07_n32_mixed_lognormal_rhhigh_s09,n32_mixed_lognormal_rhhigh,32,mixed,lognormal,medium,high,9,0,2216000,true,accepted_all_graph_and_bin_checks,0.5384615384615384615384615385,0.7520661157024793388429752066
EXP-07,exp07_n32_mixed_lognormal_rhhigh_s10,n32_mixed_lognormal_rhhigh,32,mixed,lognormal,medium,high,10,0,2217000,true,accepted_all_graph_and_bin_checks,0.5466666666666666666666666667,0.7509157509157509157509157509
EXP-07,exp07_n32_mixed_lognormal_rhhigh_s11,n32_mixed_lognormal_rhhigh,32,mixed,lognormal,medium,high,11,0,2218000,true,accepted_all_graph_and_bin_checks,0.4788732394366197183098591549,0.7491525423728813559322033898
EXP-07,exp07_n32_mixed_lognormal_rhhigh_s12,n32_mixed_lognormal_rhhigh,32,mixed,lognormal,medium,high,12,0,2219000,true,accepted_all_graph_and_bin_checks,0.4931506849315068493150684932,0.7448275862068965517241379310
EXP-07,exp07_n32_mixed_lognormal_rhhigh_s13,n32_mixed_lognormal_rhhigh,32,mixed,lognormal,medium,high,13,0,2220000,true,accepted_all_graph_and_bin_checks,0.5416666666666666666666666667,0.7471264367816091954022988506
EXP-07,exp07_n32_mixed_lognormal_rhhigh_s14,n32_mixed_lognormal_rhhigh,32,mixed,lognormal,medium,high,14,0,2221000,true,accepted_all_graph_and_bin_checks,0.5735294117647058823529411765,0.7516059957173447537473233405
EXP-07,exp07_n32_mixed_lognormal_rhhigh_s15,n32_mixed_lognormal_rhhigh,32,mixed,lognormal,medium,high,15,0,2222000,true,accepted_all_graph_and_bin_checks,0.5333333333333333333333333333,0.7482014388489208633093525180
EXP-07,exp07_n32_mixed_lognormal_rhhigh_s16,n32_mixed_lognormal_rhhigh,32,mixed,lognormal,medium,high,16,0,2223000,true,accepted_all_graph_and_bin_checks,0.5256410256410256410256410256,0.7471526195899772209567198178
EXP-07,exp07_n32_mixed_lognormal_rhhigh_s17,n32_mixed_lognormal_rhhigh,32,mixed,lognormal,medium,high,17,0,2224000,true,accepted_all_graph_and_bin_checks,0.5,0.75
EXP-07,exp07_n32_mixed_lognormal_rhhigh_s18,n32_mixed_lognormal_rhhigh,32,mixed,lognormal,medium,high,18,0,2225000,true,accepted_all_graph_and_bin_checks,0.5,0.75
EXP-07,exp07_n32_mixed_lognormal_rhhigh_s19,n32_mixed_lognormal_rhhigh,32,mixed,lognormal,medium,high,19,0,2226000,true,accepted_all_graph_and_bin_checks,0.4642857142857142857142857143,0.7520661157024793388429752066
EXP-07,exp07_n32_chain_like_homogeneous_rhlow_s00,n32_chain_like_homogeneous_rhlow,32,chain_like,homogeneous,high,low,0,0,2307000,true,accepted_all_graph_and_bin_checks,0.75,0.1764705882352941176470588235
EXP-07,exp07_n32_chain_like_homogeneous_rhlow_s01,n32_chain_like_homogeneous_rhlow,32,chain_like,homogeneous,high,low,1,0,2308000,true,accepted_all_graph_and_bin_checks,0.75,0.1764705882352941176470588235
EXP-07,exp07_n32_chain_like_homogeneous_rhlow_s02,n32_chain_like_homogeneous_rhlow,32,chain_like,homogeneous,high,low,2,0,2309000,true,accepted_all_graph_and_bin_checks,0.75,0.1764705882352941176470588235
EXP-07,exp07_n32_chain_like_homogeneous_rhlow_s03,n32_chain_like_homogeneous_rhlow,32,chain_like,homogeneous,high,low,3,0,2310000,true,accepted_all_graph_and_bin_checks,0.75,0.1764705882352941176470588235
EXP-07,exp07_n32_chain_like_homogeneous_rhlow_s04,n32_chain_like_homogeneous_rhlow,32,chain_like,homogeneous,high,low,4,0,2311000,true,accepted_all_graph_and_bin_checks,0.75,0.1764705882352941176470588235
EXP-07,exp07_n32_chain_like_homogeneous_rhlow_s05,n32_chain_like_homogeneous_rhlow,32,chain_like,homogeneous,high,low,5,0,2312000,true,accepted_all_graph_and_bin_checks,0.75,0.1764705882352941176470588235
EXP-07,exp07_n32_chain_like_homogeneous_rhlow_s06,n32_chain_like_homogeneous_rhlow,32,chain_like,homogeneous,high,low,6,0,2313000,true,accepted_all_graph_and_bin_checks,0.75,0.1764705882352941176470588235
EXP-07,exp07_n32_chain_like_homogeneous_rhlow_s07,n32_chain_like_homogeneous_rhlow,32,chain_like,homogeneous,high,low,7,0,2314000,true,accepted_all_graph_and_bin_checks,0.75,0.1764705882352941176470588235
EXP-07,exp07_n32_chain_like_homogeneous_rhlow_s08,n32_chain_like_homogeneous_rhlow,32,chain_like,homogeneous,high,low,8,0,2315000,true,accepted_all_graph_and_bin_checks,0.75,0.1764705882352941176470588235
EXP-07,exp07_n32_chain_like_homogeneous_rhlow_s09,n32_chain_like_homogeneous_rhlow,32,chain_like,homogeneous,high,low,9,0,2316000,true,accepted_all_graph_and_bin_checks,0.75,0.1764705882352941176470588235
EXP-07,exp07_n32_chain_like_homogeneous_rhlow_s10,n32_chain_like_homogeneous_rhlow,32,chain_like,homogeneous,high,low,10,0,2317000,true,accepted_all_graph_and_bin_checks,0.75,0.1764705882352941176470588235
EXP-07,exp07_n32_chain_like_homogeneous_rhlow_s11,n32_chain_like_homogeneous_rhlow,32,chain_like,homogeneous,high,low,11,0,2318000,true,accepted_all_graph_and_bin_checks,0.75,0.1764705882352941176470588235
EXP-07,exp07_n32_chain_like_homogeneous_rhlow_s12,n32_chain_like_homogeneous_rhlow,32,chain_like,homogeneous,high,low,12,0,2319000,true,accepted_all_graph_and_bin_checks,0.75,0.1764705882352941176470588235
EXP-07,exp07_n32_chain_like_homogeneous_rhlow_s13,n32_chain_like_homogeneous_rhlow,32,chain_like,homogeneous,high,low,13,0,2320000,true,accepted_all_graph_and_bin_checks,0.75,0.1764705882352941176470588235
EXP-07,exp07_n32_chain_like_homogeneous_rhlow_s14,n32_chain_like_homogeneous_rhlow,32,chain_like,homogeneous,high,low,14,0,2321000,true,accepted_all_graph_and_bin_checks,0.75,0.1764705882352941176470588235
EXP-07,exp07_n32_chain_like_homogeneous_rhlow_s15,n32_chain_like_homogeneous_rhlow,32,chain_like,homogeneous,high,low,15,0,2322000,true,accepted_all_graph_and_bin_checks,0.75,0.1764705882352941176470588235
EXP-07,exp07_n32_chain_like_homogeneous_rhlow_s16,n32_chain_like_homogeneous_rhlow,32,chain_like,homogeneous,high,low,16,0,2323000,true,accepted_all_graph_and_bin_checks,0.75,0.1764705882352941176470588235
EXP-07,exp07_n32_chain_like_homogeneous_rhlow_s17,n32_chain_like_homogeneous_rhlow,32,chain_like,homogeneous,high,low,17,0,2324000,true,accepted_all_graph_and_bin_checks,0.75,0.1764705882352941176470588235
EXP-07,exp07_n32_chain_like_homogeneous_rhlow_s18,n32_chain_like_homogeneous_rhlow,32,chain_like,homogeneous,high,low,18,0,2325000,true,accepted_all_graph_and_bin_checks,0.75,0.1764705882352941176470588235
EXP-07,exp07_n32_chain_like_homogeneous_rhlow_s19,n32_chain_like_homogeneous_rhlow,32,chain_like,homogeneous,high,low,19,0,2326000,true,accepted_all_graph_and_bin_checks,0.75,0.1764705882352941176470588235
EXP-07,exp07_n32_chain_like_homogeneous_rhmedium_s00,n32_chain_like_homogeneous_rhmedium,32,chain_like,homogeneous,high,medium,0,0,2307000,true,accepted_all_graph_and_bin_checks,0.75,0.45
EXP-07,exp07_n32_chain_like_homogeneous_rhmedium_s01,n32_chain_like_homogeneous_rhmedium,32,chain_like,homogeneous,high,medium,1,0,2308000,true,accepted_all_graph_and_bin_checks,0.75,0.45
EXP-07,exp07_n32_chain_like_homogeneous_rhmedium_s02,n32_chain_like_homogeneous_rhmedium,32,chain_like,homogeneous,high,medium,2,0,2309000,true,accepted_all_graph_and_bin_checks,0.75,0.45
EXP-07,exp07_n32_chain_like_homogeneous_rhmedium_s03,n32_chain_like_homogeneous_rhmedium,32,chain_like,homogeneous,high,medium,3,0,2310000,true,accepted_all_graph_and_bin_checks,0.75,0.45
EXP-07,exp07_n32_chain_like_homogeneous_rhmedium_s04,n32_chain_like_homogeneous_rhmedium,32,chain_like,homogeneous,high,medium,4,0,2311000,true,accepted_all_graph_and_bin_checks,0.75,0.45
EXP-07,exp07_n32_chain_like_homogeneous_rhmedium_s05,n32_chain_like_homogeneous_rhmedium,32,chain_like,homogeneous,high,medium,5,0,2312000,true,accepted_all_graph_and_bin_checks,0.75,0.45
EXP-07,exp07_n32_chain_like_homogeneous_rhmedium_s06,n32_chain_like_homogeneous_rhmedium,32,chain_like,homogeneous,high,medium,6,0,2313000,true,accepted_all_graph_and_bin_checks,0.75,0.45
EXP-07,exp07_n32_chain_like_homogeneous_rhmedium_s07,n32_chain_like_homogeneous_rhmedium,32,chain_like,homogeneous,high,medium,7,0,2314000,true,accepted_all_graph_and_bin_checks,0.75,0.45
EXP-07,exp07_n32_chain_like_homogeneous_rhmedium_s08,n32_chain_like_homogeneous_rhmedium,32,chain_like,homogeneous,high,medium,8,0,2315000,true,accepted_all_graph_and_bin_checks,0.75,0.45
EXP-07,exp07_n32_chain_like_homogeneous_rhmedium_s09,n32_chain_like_homogeneous_rhmedium,32,chain_like,homogeneous,high,medium,9,0,2316000,true,accepted_all_graph_and_bin_checks,0.75,0.45
EXP-07,exp07_n32_chain_like_homogeneous_rhmedium_s10,n32_chain_like_homogeneous_rhmedium,32,chain_like,homogeneous,high,medium,10,0,2317000,true,accepted_all_graph_and_bin_checks,0.75,0.45
EXP-07,exp07_n32_chain_like_homogeneous_rhmedium_s11,n32_chain_like_homogeneous_rhmedium,32,chain_like,homogeneous,high,medium,11,0,2318000,true,accepted_all_graph_and_bin_checks,0.75,0.45
EXP-07,exp07_n32_chain_like_homogeneous_rhmedium_s12,n32_chain_like_homogeneous_rhmedium,32,chain_like,homogeneous,high,medium,12,0,2319000,true,accepted_all_graph_and_bin_checks,0.75,0.45
EXP-07,exp07_n32_chain_like_homogeneous_rhmedium_s13,n32_chain_like_homogeneous_rhmedium,32,chain_like,homogeneous,high,medium,13,0,2320000,true,accepted_all_graph_and_bin_checks,0.75,0.45
EXP-07,exp07_n32_chain_like_homogeneous_rhmedium_s14,n32_chain_like_homogeneous_rhmedium,32,chain_like,homogeneous,high,medium,14,0,2321000,true,accepted_all_graph_and_bin_checks,0.75,0.45
EXP-07,exp07_n32_chain_like_homogeneous_rhmedium_s15,n32_chain_like_homogeneous_rhmedium,32,chain_like,homogeneous,high,medium,15,0,2322000,true,accepted_all_graph_and_bin_checks,0.75,0.45
EXP-07,exp07_n32_chain_like_homogeneous_rhmedium_s16,n32_chain_like_homogeneous_rhmedium,32,chain_like,homogeneous,high,medium,16,0,2323000,true,accepted_all_graph_and_bin_checks,0.75,0.45
EXP-07,exp07_n32_chain_like_homogeneous_rhmedium_s17,n32_chain_like_homogeneous_rhmedium,32,chain_like,homogeneous,high,medium,17,0,2324000,true,accepted_all_graph_and_bin_checks,0.75,0.45
EXP-07,exp07_n32_chain_like_homogeneous_rhmedium_s18,n32_chain_like_homogeneous_rhmedium,32,chain_like,homogeneous,high,medium,18,0,2325000,true,accepted_all_graph_and_bin_checks,0.75,0.45
EXP-07,exp07_n32_chain_like_homogeneous_rhmedium_s19,n32_chain_like_homogeneous_rhmedium,32,chain_like,homogeneous,high,medium,19,0,2326000,true,accepted_all_graph_and_bin_checks,0.75,0.45
EXP-07,exp07_n32_chain_like_homogeneous_rhhigh_s00,n32_chain_like_homogeneous_rhhigh,32,chain_like,homogeneous,high,high,0,0,2307000,true,accepted_all_graph_and_bin_checks,0.75,0.75
EXP-07,exp07_n32_chain_like_homogeneous_rhhigh_s01,n32_chain_like_homogeneous_rhhigh,32,chain_like,homogeneous,high,high,1,0,2308000,true,accepted_all_graph_and_bin_checks,0.75,0.75
EXP-07,exp07_n32_chain_like_homogeneous_rhhigh_s02,n32_chain_like_homogeneous_rhhigh,32,chain_like,homogeneous,high,high,2,0,2309000,true,accepted_all_graph_and_bin_checks,0.75,0.75
EXP-07,exp07_n32_chain_like_homogeneous_rhhigh_s03,n32_chain_like_homogeneous_rhhigh,32,chain_like,homogeneous,high,high,3,0,2310000,true,accepted_all_graph_and_bin_checks,0.75,0.75
EXP-07,exp07_n32_chain_like_homogeneous_rhhigh_s04,n32_chain_like_homogeneous_rhhigh,32,chain_like,homogeneous,high,high,4,0,2311000,true,accepted_all_graph_and_bin_checks,0.75,0.75
EXP-07,exp07_n32_chain_like_homogeneous_rhhigh_s05,n32_chain_like_homogeneous_rhhigh,32,chain_like,homogeneous,high,high,5,0,2312000,true,accepted_all_graph_and_bin_checks,0.75,0.75
EXP-07,exp07_n32_chain_like_homogeneous_rhhigh_s06,n32_chain_like_homogeneous_rhhigh,32,chain_like,homogeneous,high,high,6,0,2313000,true,accepted_all_graph_and_bin_checks,0.75,0.75
EXP-07,exp07_n32_chain_like_homogeneous_rhhigh_s07,n32_chain_like_homogeneous_rhhigh,32,chain_like,homogeneous,high,high,7,0,2314000,true,accepted_all_graph_and_bin_checks,0.75,0.75
EXP-07,exp07_n32_chain_like_homogeneous_rhhigh_s08,n32_chain_like_homogeneous_rhhigh,32,chain_like,homogeneous,high,high,8,0,2315000,true,accepted_all_graph_and_bin_checks,0.75,0.75
EXP-07,exp07_n32_chain_like_homogeneous_rhhigh_s09,n32_chain_like_homogeneous_rhhigh,32,chain_like,homogeneous,high,high,9,0,2316000,true,accepted_all_graph_and_bin_checks,0.75,0.75
EXP-07,exp07_n32_chain_like_homogeneous_rhhigh_s10,n32_chain_like_homogeneous_rhhigh,32,chain_like,homogeneous,high,high,10,0,2317000,true,accepted_all_graph_and_bin_checks,0.75,0.75
EXP-07,exp07_n32_chain_like_homogeneous_rhhigh_s11,n32_chain_like_homogeneous_rhhigh,32,chain_like,homogeneous,high,high,11,0,2318000,true,accepted_all_graph_and_bin_checks,0.75,0.75
EXP-07,exp07_n32_chain_like_homogeneous_rhhigh_s12,n32_chain_like_homogeneous_rhhigh,32,chain_like,homogeneous,high,high,12,0,2319000,true,accepted_all_graph_and_bin_checks,0.75,0.75
EXP-07,exp07_n32_chain_like_homogeneous_rhhigh_s13,n32_chain_like_homogeneous_rhhigh,32,chain_like,homogeneous,high,high,13,0,2320000,true,accepted_all_graph_and_bin_checks,0.75,0.75
EXP-07,exp07_n32_chain_like_homogeneous_rhhigh_s14,n32_chain_like_homogeneous_rhhigh,32,chain_like,homogeneous,high,high,14,0,2321000,true,accepted_all_graph_and_bin_checks,0.75,0.75
EXP-07,exp07_n32_chain_like_homogeneous_rhhigh_s15,n32_chain_like_homogeneous_rhhigh,32,chain_like,homogeneous,high,high,15,0,2322000,true,accepted_all_graph_and_bin_checks,0.75,0.75
EXP-07,exp07_n32_chain_like_homogeneous_rhhigh_s16,n32_chain_like_homogeneous_rhhigh,32,chain_like,homogeneous,high,high,16,0,2323000,true,accepted_all_graph_and_bin_checks,0.75,0.75
EXP-07,exp07_n32_chain_like_homogeneous_rhhigh_s17,n32_chain_like_homogeneous_rhhigh,32,chain_like,homogeneous,high,high,17,0,2324000,true,accepted_all_graph_and_bin_checks,0.75,0.75
EXP-07,exp07_n32_chain_like_homogeneous_rhhigh_s18,n32_chain_like_homogeneous_rhhigh,32,chain_like,homogeneous,high,high,18,0,2325000,true,accepted_all_graph_and_bin_checks,0.75,0.75
EXP-07,exp07_n32_chain_like_homogeneous_rhhigh_s19,n32_chain_like_homogeneous_rhhigh,32,chain_like,homogeneous,high,high,19,0,2326000,true,accepted_all_graph_and_bin_checks,0.75,0.75
EXP-07,exp07_n32_chain_like_lognormal_rhlow_s00,n32_chain_like_lognormal_rhlow,32,chain_like,lognormal,high,low,0,0,2407000,true,accepted_all_graph_and_bin_checks,0.7228915662650602409638554217,0.1785714285714285714285714286
EXP-07,exp07_n32_chain_like_lognormal_rhlow_s01,n32_chain_like_lognormal_rhlow,32,chain_like,lognormal,high,low,1,0,2408000,true,accepted_all_graph_and_bin_checks,0.7887323943661971830985915493,0.1717791411042944785276073620
EXP-07,exp07_n32_chain_like_lognormal_rhlow_s02,n32_chain_like_lognormal_rhlow,32,chain_like,lognormal,high,low,2,0,2409000,true,accepted_all_graph_and_bin_checks,0.7534246575342465753424657534,0.1791530944625407166123778502
EXP-07,exp07_n32_chain_like_lognormal_rhlow_s03,n32_chain_like_lognormal_rhlow,32,chain_like,lognormal,high,low,3,0,2410000,true,accepted_all_graph_and_bin_checks,0.7882352941176470588235294118,0.1713554987212276214833759591
EXP-07,exp07_n32_chain_like_lognormal_rhlow_s04,n32_chain_like_lognormal_rhlow,32,chain_like,lognormal,high,low,4,0,2411000,true,accepted_all_graph_and_bin_checks,0.7948717948717948717948717949,0.1771428571428571428571428571
EXP-07,exp07_n32_chain_like_lognormal_rhlow_s05,n32_chain_like_lognormal_rhlow,32,chain_like,lognormal,high,low,5,0,2412000,true,accepted_all_graph_and_bin_checks,0.8441558441558441558441558442,0.1841359773371104815864022663
EXP-07,exp07_n32_chain_like_lognormal_rhlow_s06,n32_chain_like_lognormal_rhlow,32,chain_like,lognormal,high,low,6,0,2413000,true,accepted_all_graph_and_bin_checks,0.7894736842105263157894736842,0.1724137931034482758620689655
EXP-07,exp07_n32_chain_like_lognormal_rhlow_s07,n32_chain_like_lognormal_rhlow,32,chain_like,lognormal,high,low,7,0,2414000,true,accepted_all_graph_and_bin_checks,0.7761194029850746268656716418,0.1780821917808219178082191781
EXP-07,exp07_n32_chain_like_lognormal_rhlow_s08,n32_chain_like_lognormal_rhlow,32,chain_like,lognormal,high,low,8,0,2415000,true,accepted_all_graph_and_bin_checks,0.8311688311688311688311688312,0.1828571428571428571428571429
EXP-07,exp07_n32_chain_like_lognormal_rhlow_s09,n32_chain_like_lognormal_rhlow,32,chain_like,lognormal,high,low,9,0,2416000,true,accepted_all_graph_and_bin_checks,0.8192771084337349397590361446,0.1847826086956521739130434783
EXP-07,exp07_n32_chain_like_lognormal_rhlow_s10,n32_chain_like_lognormal_rhlow,32,chain_like,lognormal,high,low,10,0,2417000,true,accepted_all_graph_and_bin_checks,0.7714285714285714285714285714,0.1836734693877551020408163265
EXP-07,exp07_n32_chain_like_lognormal_rhlow_s11,n32_chain_like_lognormal_rhlow,32,chain_like,lognormal,high,low,11,0,2418000,true,accepted_all_graph_and_bin_checks,0.7681159420289855072463768116,0.1808873720136518771331058020
EXP-07,exp07_n32_chain_like_lognormal_rhlow_s12,n32_chain_like_lognormal_rhlow,32,chain_like,lognormal,high,low,12,0,2419000,true,accepted_all_graph_and_bin_checks,0.7246376811594202898550724638,0.1798561151079136690647482014
EXP-07,exp07_n32_chain_like_lognormal_rhlow_s13,n32_chain_like_lognormal_rhlow,32,chain_like,lognormal,high,low,13,0,2420000,true,accepted_all_graph_and_bin_checks,0.7594936708860759493670886076,0.1840490797546012269938650307
EXP-07,exp07_n32_chain_like_lognormal_rhlow_s14,n32_chain_like_lognormal_rhlow,32,chain_like,lognormal,high,low,14,0,2421000,true,accepted_all_graph_and_bin_checks,0.7692307692307692307692307692,0.1818181818181818181818181818
EXP-07,exp07_n32_chain_like_lognormal_rhlow_s15,n32_chain_like_lognormal_rhlow,32,chain_like,lognormal,high,low,15,0,2422000,true,accepted_all_graph_and_bin_checks,0.8108108108108108108108108108,0.1764705882352941176470588235
EXP-07,exp07_n32_chain_like_lognormal_rhlow_s16,n32_chain_like_lognormal_rhlow,32,chain_like,lognormal,high,low,16,0,2423000,true,accepted_all_graph_and_bin_checks,0.8030303030303030303030303030,0.1846689895470383275261324042
EXP-07,exp07_n32_chain_like_lognormal_rhlow_s17,n32_chain_like_lognormal_rhlow,32,chain_like,lognormal,high,low,17,0,2424000,true,accepted_all_graph_and_bin_checks,0.7538461538461538461538461538,0.1794871794871794871794871795
EXP-07,exp07_n32_chain_like_lognormal_rhlow_s18,n32_chain_like_lognormal_rhlow,32,chain_like,lognormal,high,low,18,0,2425000,true,accepted_all_graph_and_bin_checks,0.8055555555555555555555555556,0.1870967741935483870967741935
EXP-07,exp07_n32_chain_like_lognormal_rhlow_s19,n32_chain_like_lognormal_rhlow,32,chain_like,lognormal,high,low,19,0,2426000,true,accepted_all_graph_and_bin_checks,0.7532467532467532467532467532,0.1790123456790123456790123457
EXP-07,exp07_n32_chain_like_lognormal_rhmedium_s00,n32_chain_like_lognormal_rhmedium,32,chain_like,lognormal,high,medium,0,0,2407000,true,accepted_all_graph_and_bin_checks,0.7228915662650602409638554217,0.4491017964071856287425149701
EXP-07,exp07_n32_chain_like_lognormal_rhmedium_s01,n32_chain_like_lognormal_rhmedium,32,chain_like,lognormal,high,medium,1,0,2408000,true,accepted_all_graph_and_bin_checks,0.7887323943661971830985915493,0.4534412955465587044534412955
EXP-07,exp07_n32_chain_like_lognormal_rhmedium_s02,n32_chain_like_lognormal_rhmedium,32,chain_like,lognormal,high,medium,2,0,2409000,true,accepted_all_graph_and_bin_checks,0.7534246575342465753424657534,0.4489795918367346938775510204
EXP-07,exp07_n32_chain_like_lognormal_rhmedium_s03,n32_chain_like_lognormal_rhmedium,32,chain_like,lognormal,high,medium,3,0,2410000,true,accepted_all_graph_and_bin_checks,0.7882352941176470588235294118,0.4527027027027027027027027027
EXP-07,exp07_n32_chain_like_lognormal_rhmedium_s04,n32_chain_like_lognormal_rhmedium,32,chain_like,lognormal,high,medium,4,0,2411000,true,accepted_all_graph_and_bin_checks,0.7948717948717948717948717949,0.4536585365853658536585365854
EXP-07,exp07_n32_chain_like_lognormal_rhmedium_s05,n32_chain_like_lognormal_rhmedium,32,chain_like,lognormal,high,medium,5,0,2412000,true,accepted_all_graph_and_bin_checks,0.8441558441558441558441558442,0.4545454545454545454545454545
EXP-07,exp07_n32_chain_like_lognormal_rhmedium_s06,n32_chain_like_lognormal_rhmedium,32,chain_like,lognormal,high,medium,6,0,2413000,true,accepted_all_graph_and_bin_checks,0.7894736842105263157894736842,0.4455445544554455445544554455
EXP-07,exp07_n32_chain_like_lognormal_rhmedium_s07,n32_chain_like_lognormal_rhmedium,32,chain_like,lognormal,high,medium,7,0,2414000,true,accepted_all_graph_and_bin_checks,0.7761194029850746268656716418,0.4444444444444444444444444444
EXP-07,exp07_n32_chain_like_lognormal_rhmedium_s08,n32_chain_like_lognormal_rhmedium,32,chain_like,lognormal,high,medium,8,0,2415000,true,accepted_all_graph_and_bin_checks,0.8311688311688311688311688312,0.4507042253521126760563380282
EXP-07,exp07_n32_chain_like_lognormal_rhmedium_s09,n32_chain_like_lognormal_rhmedium,32,chain_like,lognormal,high,medium,9,0,2416000,true,accepted_all_graph_and_bin_checks,0.8192771084337349397590361446,0.4518272425249169435215946844
EXP-07,exp07_n32_chain_like_lognormal_rhmedium_s10,n32_chain_like_lognormal_rhmedium,32,chain_like,lognormal,high,medium,10,0,2417000,true,accepted_all_graph_and_bin_checks,0.7714285714285714285714285714,0.4576271186440677966101694915
EXP-07,exp07_n32_chain_like_lognormal_rhmedium_s11,n32_chain_like_lognormal_rhmedium,32,chain_like,lognormal,high,medium,11,0,2418000,true,accepted_all_graph_and_bin_checks,0.7681159420289855072463768116,0.4529914529914529914529914530
EXP-07,exp07_n32_chain_like_lognormal_rhmedium_s12,n32_chain_like_lognormal_rhmedium,32,chain_like,lognormal,high,medium,12,0,2419000,true,accepted_all_graph_and_bin_checks,0.7246376811594202898550724638,0.4512635379061371841155234657
EXP-07,exp07_n32_chain_like_lognormal_rhmedium_s13,n32_chain_like_lognormal_rhmedium,32,chain_like,lognormal,high,medium,13,0,2420000,true,accepted_all_graph_and_bin_checks,0.7594936708860759493670886076,0.4571428571428571428571428571
EXP-07,exp07_n32_chain_like_lognormal_rhmedium_s14,n32_chain_like_lognormal_rhmedium,32,chain_like,lognormal,high,medium,14,0,2421000,true,accepted_all_graph_and_bin_checks,0.7692307692307692307692307692,0.4545454545454545454545454545
EXP-07,exp07_n32_chain_like_lognormal_rhmedium_s15,n32_chain_like_lognormal_rhmedium,32,chain_like,lognormal,high,medium,15,0,2422000,true,accepted_all_graph_and_bin_checks,0.8108108108108108108108108108,0.4455445544554455445544554455
EXP-07,exp07_n32_chain_like_lognormal_rhmedium_s16,n32_chain_like_lognormal_rhmedium,32,chain_like,lognormal,high,medium,16,0,2423000,true,accepted_all_graph_and_bin_checks,0.8030303030303030303030303030,0.4491525423728813559322033898
EXP-07,exp07_n32_chain_like_lognormal_rhmedium_s17,n32_chain_like_lognormal_rhmedium,32,chain_like,lognormal,high,medium,17,0,2424000,true,accepted_all_graph_and_bin_checks,0.7538461538461538461538461538,0.4495412844036697247706422018
EXP-07,exp07_n32_chain_like_lognormal_rhmedium_s18,n32_chain_like_lognormal_rhmedium,32,chain_like,lognormal,high,medium,18,0,2425000,true,accepted_all_graph_and_bin_checks,0.8055555555555555555555555556,0.453125
EXP-07,exp07_n32_chain_like_lognormal_rhmedium_s19,n32_chain_like_lognormal_rhmedium,32,chain_like,lognormal,high,medium,19,0,2426000,true,accepted_all_graph_and_bin_checks,0.7532467532467532467532467532,0.4487427466150870406189555126
EXP-07,exp07_n32_chain_like_lognormal_rhhigh_s00,n32_chain_like_lognormal_rhhigh,32,chain_like,lognormal,high,high,0,0,2407000,true,accepted_all_graph_and_bin_checks,0.7228915662650602409638554217,0.7506255212677231025854879066
EXP-07,exp07_n32_chain_like_lognormal_rhhigh_s01,n32_chain_like_lognormal_rhhigh,32,chain_like,lognormal,high,high,1,0,2408000,true,accepted_all_graph_and_bin_checks,0.7887323943661971830985915493,0.7491638795986622073578595318
EXP-07,exp07_n32_chain_like_lognormal_rhhigh_s02,n32_chain_like_lognormal_rhhigh,32,chain_like,lognormal,high,high,2,0,2409000,true,accepted_all_graph_and_bin_checks,0.7534246575342465753424657534,0.7534246575342465753424657534
EXP-07,exp07_n32_chain_like_lognormal_rhhigh_s03,n32_chain_like_lognormal_rhhigh,32,chain_like,lognormal,high,high,3,0,2410000,true,accepted_all_graph_and_bin_checks,0.7882352941176470588235294118,0.7486033519553072625698324022
EXP-07,exp07_n32_chain_like_lognormal_rhhigh_s04,n32_chain_like_lognormal_rhhigh,32,chain_like,lognormal,high,high,4,0,2411000,true,accepted_all_graph_and_bin_checks,0.7948717948717948717948717949,0.7508650519031141868512110727
EXP-07,exp07_n32_chain_like_lognormal_rhhigh_s05,n32_chain_like_lognormal_rhhigh,32,chain_like,lognormal,high,high,5,0,2412000,true,accepted_all_graph_and_bin_checks,0.8441558441558441558441558442,0.7505773672055427251732101617
EXP-07,exp07_n32_chain_like_lognormal_rhhigh_s06,n32_chain_like_lognormal_rhhigh,32,chain_like,lognormal,high,high,6,0,2413000,true,accepted_all_graph_and_bin_checks,0.7894736842105263157894736842,0.75
EXP-07,exp07_n32_chain_like_lognormal_rhhigh_s07,n32_chain_like_lognormal_rhhigh,32,chain_like,lognormal,high,high,7,0,2414000,true,accepted_all_graph_and_bin_checks,0.7761194029850746268656716418,0.7502774694783573806881243063
EXP-07,exp07_n32_chain_like_lognormal_rhhigh_s08,n32_chain_like_lognormal_rhhigh,32,chain_like,lognormal,high,high,8,0,2415000,true,accepted_all_graph_and_bin_checks,0.8311688311688311688311688312,0.7518355359765051395007342144
EXP-07,exp07_n32_chain_like_lognormal_rhhigh_s09,n32_chain_like_lognormal_rhhigh,32,chain_like,lognormal,high,high,9,0,2416000,true,accepted_all_graph_and_bin_checks,0.8192771084337349397590361446,0.7513812154696132596685082873
EXP-07,exp07_n32_chain_like_lognormal_rhhigh_s10,n32_chain_like_lognormal_rhhigh,32,chain_like,lognormal,high,high,10,0,2417000,true,accepted_all_graph_and_bin_checks,0.7714285714285714285714285714,0.75
EXP-07,exp07_n32_chain_like_lognormal_rhhigh_s11,n32_chain_like_lognormal_rhhigh,32,chain_like,lognormal,high,high,11,0,2418000,true,accepted_all_graph_and_bin_checks,0.7681159420289855072463768116,0.7507082152974504249291784703
EXP-07,exp07_n32_chain_like_lognormal_rhhigh_s12,n32_chain_like_lognormal_rhhigh,32,chain_like,lognormal,high,high,12,0,2419000,true,accepted_all_graph_and_bin_checks,0.7246376811594202898550724638,0.7504690431519699812382739212
EXP-07,exp07_n32_chain_like_lognormal_rhhigh_s13,n32_chain_like_lognormal_rhhigh,32,chain_like,lognormal,high,high,13,0,2420000,true,accepted_all_graph_and_bin_checks,0.7594936708860759493670886076,0.7475083056478405315614617940
EXP-07,exp07_n32_chain_like_lognormal_rhhigh_s14,n32_chain_like_lognormal_rhhigh,32,chain_like,lognormal,high,high,14,0,2421000,true,accepted_all_graph_and_bin_checks,0.7692307692307692307692307692,0.75
EXP-07,exp07_n32_chain_like_lognormal_rhhigh_s15,n32_chain_like_lognormal_rhhigh,32,chain_like,lognormal,high,high,15,0,2422000,true,accepted_all_graph_and_bin_checks,0.8108108108108108108108108108,0.75
EXP-07,exp07_n32_chain_like_lognormal_rhhigh_s16,n32_chain_like_lognormal_rhhigh,32,chain_like,lognormal,high,high,16,0,2423000,true,accepted_all_graph_and_bin_checks,0.8030303030303030303030303030,0.7493573264781491002570694087
EXP-07,exp07_n32_chain_like_lognormal_rhhigh_s17,n32_chain_like_lognormal_rhhigh,32,chain_like,lognormal,high,high,17,0,2424000,true,accepted_all_graph_and_bin_checks,0.7538461538461538461538461538,0.7538461538461538461538461538
EXP-07,exp07_n32_chain_like_lognormal_rhhigh_s18,n32_chain_like_lognormal_rhhigh,32,chain_like,lognormal,high,high,18,0,2425000,true,accepted_all_graph_and_bin_checks,0.8055555555555555555555555556,0.7508090614886731391585760518
EXP-07,exp07_n32_chain_like_lognormal_rhhigh_s19,n32_chain_like_lognormal_rhhigh,32,chain_like,lognormal,high,high,19,0,2426000,true,accepted_all_graph_and_bin_checks,0.7532467532467532467532467532,0.7532467532467532467532467532
EXP-07,exp07_n64_wide_layered_homogeneous_rhlow_s00,n64_wide_layered_homogeneous_rhlow,64,wide_layered,homogeneous,low,low,0,0,2507000,true,accepted_all_graph_and_bin_checks,0.203125,0.1793103448275862068965517241
EXP-07,exp07_n64_wide_layered_homogeneous_rhlow_s01,n64_wide_layered_homogeneous_rhlow,64,wide_layered,homogeneous,low,low,1,0,2508000,true,accepted_all_graph_and_bin_checks,0.203125,0.1793103448275862068965517241
EXP-07,exp07_n64_wide_layered_homogeneous_rhlow_s02,n64_wide_layered_homogeneous_rhlow,64,wide_layered,homogeneous,low,low,2,0,2509000,true,accepted_all_graph_and_bin_checks,0.203125,0.1793103448275862068965517241
EXP-07,exp07_n64_wide_layered_homogeneous_rhlow_s03,n64_wide_layered_homogeneous_rhlow,64,wide_layered,homogeneous,low,low,3,0,2510000,true,accepted_all_graph_and_bin_checks,0.203125,0.1793103448275862068965517241
EXP-07,exp07_n64_wide_layered_homogeneous_rhlow_s04,n64_wide_layered_homogeneous_rhlow,64,wide_layered,homogeneous,low,low,4,0,2511000,true,accepted_all_graph_and_bin_checks,0.203125,0.1793103448275862068965517241
EXP-07,exp07_n64_wide_layered_homogeneous_rhlow_s05,n64_wide_layered_homogeneous_rhlow,64,wide_layered,homogeneous,low,low,5,0,2512000,true,accepted_all_graph_and_bin_checks,0.203125,0.1793103448275862068965517241
EXP-07,exp07_n64_wide_layered_homogeneous_rhlow_s06,n64_wide_layered_homogeneous_rhlow,64,wide_layered,homogeneous,low,low,6,0,2513000,true,accepted_all_graph_and_bin_checks,0.203125,0.1793103448275862068965517241
EXP-07,exp07_n64_wide_layered_homogeneous_rhlow_s07,n64_wide_layered_homogeneous_rhlow,64,wide_layered,homogeneous,low,low,7,0,2514000,true,accepted_all_graph_and_bin_checks,0.203125,0.1793103448275862068965517241
EXP-07,exp07_n64_wide_layered_homogeneous_rhlow_s08,n64_wide_layered_homogeneous_rhlow,64,wide_layered,homogeneous,low,low,8,0,2515000,true,accepted_all_graph_and_bin_checks,0.203125,0.1793103448275862068965517241
EXP-07,exp07_n64_wide_layered_homogeneous_rhlow_s09,n64_wide_layered_homogeneous_rhlow,64,wide_layered,homogeneous,low,low,9,0,2516000,true,accepted_all_graph_and_bin_checks,0.203125,0.1793103448275862068965517241
EXP-07,exp07_n64_wide_layered_homogeneous_rhlow_s10,n64_wide_layered_homogeneous_rhlow,64,wide_layered,homogeneous,low,low,10,0,2517000,true,accepted_all_graph_and_bin_checks,0.203125,0.1793103448275862068965517241
EXP-07,exp07_n64_wide_layered_homogeneous_rhlow_s11,n64_wide_layered_homogeneous_rhlow,64,wide_layered,homogeneous,low,low,11,0,2518000,true,accepted_all_graph_and_bin_checks,0.203125,0.1793103448275862068965517241
EXP-07,exp07_n64_wide_layered_homogeneous_rhlow_s12,n64_wide_layered_homogeneous_rhlow,64,wide_layered,homogeneous,low,low,12,0,2519000,true,accepted_all_graph_and_bin_checks,0.203125,0.1793103448275862068965517241
EXP-07,exp07_n64_wide_layered_homogeneous_rhlow_s13,n64_wide_layered_homogeneous_rhlow,64,wide_layered,homogeneous,low,low,13,0,2520000,true,accepted_all_graph_and_bin_checks,0.203125,0.1793103448275862068965517241
EXP-07,exp07_n64_wide_layered_homogeneous_rhlow_s14,n64_wide_layered_homogeneous_rhlow,64,wide_layered,homogeneous,low,low,14,0,2521000,true,accepted_all_graph_and_bin_checks,0.203125,0.1793103448275862068965517241
EXP-07,exp07_n64_wide_layered_homogeneous_rhlow_s15,n64_wide_layered_homogeneous_rhlow,64,wide_layered,homogeneous,low,low,15,0,2522000,true,accepted_all_graph_and_bin_checks,0.203125,0.1793103448275862068965517241
EXP-07,exp07_n64_wide_layered_homogeneous_rhlow_s16,n64_wide_layered_homogeneous_rhlow,64,wide_layered,homogeneous,low,low,16,0,2523000,true,accepted_all_graph_and_bin_checks,0.203125,0.1793103448275862068965517241
EXP-07,exp07_n64_wide_layered_homogeneous_rhlow_s17,n64_wide_layered_homogeneous_rhlow,64,wide_layered,homogeneous,low,low,17,0,2524000,true,accepted_all_graph_and_bin_checks,0.203125,0.1793103448275862068965517241
EXP-07,exp07_n64_wide_layered_homogeneous_rhlow_s18,n64_wide_layered_homogeneous_rhlow,64,wide_layered,homogeneous,low,low,18,0,2525000,true,accepted_all_graph_and_bin_checks,0.203125,0.1793103448275862068965517241
EXP-07,exp07_n64_wide_layered_homogeneous_rhlow_s19,n64_wide_layered_homogeneous_rhlow,64,wide_layered,homogeneous,low,low,19,0,2526000,true,accepted_all_graph_and_bin_checks,0.203125,0.1793103448275862068965517241
EXP-07,exp07_n64_wide_layered_homogeneous_rhmedium_s00,n64_wide_layered_homogeneous_rhmedium,64,wide_layered,homogeneous,low,medium,0,0,2507000,true,accepted_all_graph_and_bin_checks,0.203125,0.4492440604751619870410367171
EXP-07,exp07_n64_wide_layered_homogeneous_rhmedium_s01,n64_wide_layered_homogeneous_rhmedium,64,wide_layered,homogeneous,low,medium,1,0,2508000,true,accepted_all_graph_and_bin_checks,0.203125,0.4492440604751619870410367171
EXP-07,exp07_n64_wide_layered_homogeneous_rhmedium_s02,n64_wide_layered_homogeneous_rhmedium,64,wide_layered,homogeneous,low,medium,2,0,2509000,true,accepted_all_graph_and_bin_checks,0.203125,0.4492440604751619870410367171
EXP-07,exp07_n64_wide_layered_homogeneous_rhmedium_s03,n64_wide_layered_homogeneous_rhmedium,64,wide_layered,homogeneous,low,medium,3,0,2510000,true,accepted_all_graph_and_bin_checks,0.203125,0.4492440604751619870410367171
EXP-07,exp07_n64_wide_layered_homogeneous_rhmedium_s04,n64_wide_layered_homogeneous_rhmedium,64,wide_layered,homogeneous,low,medium,4,0,2511000,true,accepted_all_graph_and_bin_checks,0.203125,0.4492440604751619870410367171
EXP-07,exp07_n64_wide_layered_homogeneous_rhmedium_s05,n64_wide_layered_homogeneous_rhmedium,64,wide_layered,homogeneous,low,medium,5,0,2512000,true,accepted_all_graph_and_bin_checks,0.203125,0.4492440604751619870410367171
EXP-07,exp07_n64_wide_layered_homogeneous_rhmedium_s06,n64_wide_layered_homogeneous_rhmedium,64,wide_layered,homogeneous,low,medium,6,0,2513000,true,accepted_all_graph_and_bin_checks,0.203125,0.4492440604751619870410367171
EXP-07,exp07_n64_wide_layered_homogeneous_rhmedium_s07,n64_wide_layered_homogeneous_rhmedium,64,wide_layered,homogeneous,low,medium,7,0,2514000,true,accepted_all_graph_and_bin_checks,0.203125,0.4492440604751619870410367171
EXP-07,exp07_n64_wide_layered_homogeneous_rhmedium_s08,n64_wide_layered_homogeneous_rhmedium,64,wide_layered,homogeneous,low,medium,8,0,2515000,true,accepted_all_graph_and_bin_checks,0.203125,0.4492440604751619870410367171
EXP-07,exp07_n64_wide_layered_homogeneous_rhmedium_s09,n64_wide_layered_homogeneous_rhmedium,64,wide_layered,homogeneous,low,medium,9,0,2516000,true,accepted_all_graph_and_bin_checks,0.203125,0.4492440604751619870410367171
EXP-07,exp07_n64_wide_layered_homogeneous_rhmedium_s10,n64_wide_layered_homogeneous_rhmedium,64,wide_layered,homogeneous,low,medium,10,0,2517000,true,accepted_all_graph_and_bin_checks,0.203125,0.4492440604751619870410367171
EXP-07,exp07_n64_wide_layered_homogeneous_rhmedium_s11,n64_wide_layered_homogeneous_rhmedium,64,wide_layered,homogeneous,low,medium,11,0,2518000,true,accepted_all_graph_and_bin_checks,0.203125,0.4492440604751619870410367171
EXP-07,exp07_n64_wide_layered_homogeneous_rhmedium_s12,n64_wide_layered_homogeneous_rhmedium,64,wide_layered,homogeneous,low,medium,12,0,2519000,true,accepted_all_graph_and_bin_checks,0.203125,0.4492440604751619870410367171
EXP-07,exp07_n64_wide_layered_homogeneous_rhmedium_s13,n64_wide_layered_homogeneous_rhmedium,64,wide_layered,homogeneous,low,medium,13,0,2520000,true,accepted_all_graph_and_bin_checks,0.203125,0.4492440604751619870410367171
EXP-07,exp07_n64_wide_layered_homogeneous_rhmedium_s14,n64_wide_layered_homogeneous_rhmedium,64,wide_layered,homogeneous,low,medium,14,0,2521000,true,accepted_all_graph_and_bin_checks,0.203125,0.4492440604751619870410367171
EXP-07,exp07_n64_wide_layered_homogeneous_rhmedium_s15,n64_wide_layered_homogeneous_rhmedium,64,wide_layered,homogeneous,low,medium,15,0,2522000,true,accepted_all_graph_and_bin_checks,0.203125,0.4492440604751619870410367171
EXP-07,exp07_n64_wide_layered_homogeneous_rhmedium_s16,n64_wide_layered_homogeneous_rhmedium,64,wide_layered,homogeneous,low,medium,16,0,2523000,true,accepted_all_graph_and_bin_checks,0.203125,0.4492440604751619870410367171
EXP-07,exp07_n64_wide_layered_homogeneous_rhmedium_s17,n64_wide_layered_homogeneous_rhmedium,64,wide_layered,homogeneous,low,medium,17,0,2524000,true,accepted_all_graph_and_bin_checks,0.203125,0.4492440604751619870410367171
EXP-07,exp07_n64_wide_layered_homogeneous_rhmedium_s18,n64_wide_layered_homogeneous_rhmedium,64,wide_layered,homogeneous,low,medium,18,0,2525000,true,accepted_all_graph_and_bin_checks,0.203125,0.4492440604751619870410367171
EXP-07,exp07_n64_wide_layered_homogeneous_rhmedium_s19,n64_wide_layered_homogeneous_rhmedium,64,wide_layered,homogeneous,low,medium,19,0,2526000,true,accepted_all_graph_and_bin_checks,0.203125,0.4492440604751619870410367171
EXP-07,exp07_n64_wide_layered_homogeneous_rhhigh_s00,n64_wide_layered_homogeneous_rhhigh,64,wide_layered,homogeneous,low,high,0,0,2507000,true,accepted_all_graph_and_bin_checks,0.203125,0.7536231884057971014492753623
EXP-07,exp07_n64_wide_layered_homogeneous_rhhigh_s01,n64_wide_layered_homogeneous_rhhigh,64,wide_layered,homogeneous,low,high,1,0,2508000,true,accepted_all_graph_and_bin_checks,0.203125,0.7536231884057971014492753623
EXP-07,exp07_n64_wide_layered_homogeneous_rhhigh_s02,n64_wide_layered_homogeneous_rhhigh,64,wide_layered,homogeneous,low,high,2,0,2509000,true,accepted_all_graph_and_bin_checks,0.203125,0.7536231884057971014492753623
EXP-07,exp07_n64_wide_layered_homogeneous_rhhigh_s03,n64_wide_layered_homogeneous_rhhigh,64,wide_layered,homogeneous,low,high,3,0,2510000,true,accepted_all_graph_and_bin_checks,0.203125,0.7536231884057971014492753623
EXP-07,exp07_n64_wide_layered_homogeneous_rhhigh_s04,n64_wide_layered_homogeneous_rhhigh,64,wide_layered,homogeneous,low,high,4,0,2511000,true,accepted_all_graph_and_bin_checks,0.203125,0.7536231884057971014492753623
EXP-07,exp07_n64_wide_layered_homogeneous_rhhigh_s05,n64_wide_layered_homogeneous_rhhigh,64,wide_layered,homogeneous,low,high,5,0,2512000,true,accepted_all_graph_and_bin_checks,0.203125,0.7536231884057971014492753623
EXP-07,exp07_n64_wide_layered_homogeneous_rhhigh_s06,n64_wide_layered_homogeneous_rhhigh,64,wide_layered,homogeneous,low,high,6,0,2513000,true,accepted_all_graph_and_bin_checks,0.203125,0.7536231884057971014492753623
EXP-07,exp07_n64_wide_layered_homogeneous_rhhigh_s07,n64_wide_layered_homogeneous_rhhigh,64,wide_layered,homogeneous,low,high,7,0,2514000,true,accepted_all_graph_and_bin_checks,0.203125,0.7536231884057971014492753623
EXP-07,exp07_n64_wide_layered_homogeneous_rhhigh_s08,n64_wide_layered_homogeneous_rhhigh,64,wide_layered,homogeneous,low,high,8,0,2515000,true,accepted_all_graph_and_bin_checks,0.203125,0.7536231884057971014492753623
EXP-07,exp07_n64_wide_layered_homogeneous_rhhigh_s09,n64_wide_layered_homogeneous_rhhigh,64,wide_layered,homogeneous,low,high,9,0,2516000,true,accepted_all_graph_and_bin_checks,0.203125,0.7536231884057971014492753623
EXP-07,exp07_n64_wide_layered_homogeneous_rhhigh_s10,n64_wide_layered_homogeneous_rhhigh,64,wide_layered,homogeneous,low,high,10,0,2517000,true,accepted_all_graph_and_bin_checks,0.203125,0.7536231884057971014492753623
EXP-07,exp07_n64_wide_layered_homogeneous_rhhigh_s11,n64_wide_layered_homogeneous_rhhigh,64,wide_layered,homogeneous,low,high,11,0,2518000,true,accepted_all_graph_and_bin_checks,0.203125,0.7536231884057971014492753623
EXP-07,exp07_n64_wide_layered_homogeneous_rhhigh_s12,n64_wide_layered_homogeneous_rhhigh,64,wide_layered,homogeneous,low,high,12,0,2519000,true,accepted_all_graph_and_bin_checks,0.203125,0.7536231884057971014492753623
EXP-07,exp07_n64_wide_layered_homogeneous_rhhigh_s13,n64_wide_layered_homogeneous_rhhigh,64,wide_layered,homogeneous,low,high,13,0,2520000,true,accepted_all_graph_and_bin_checks,0.203125,0.7536231884057971014492753623
EXP-07,exp07_n64_wide_layered_homogeneous_rhhigh_s14,n64_wide_layered_homogeneous_rhhigh,64,wide_layered,homogeneous,low,high,14,0,2521000,true,accepted_all_graph_and_bin_checks,0.203125,0.7536231884057971014492753623
EXP-07,exp07_n64_wide_layered_homogeneous_rhhigh_s15,n64_wide_layered_homogeneous_rhhigh,64,wide_layered,homogeneous,low,high,15,0,2522000,true,accepted_all_graph_and_bin_checks,0.203125,0.7536231884057971014492753623
EXP-07,exp07_n64_wide_layered_homogeneous_rhhigh_s16,n64_wide_layered_homogeneous_rhhigh,64,wide_layered,homogeneous,low,high,16,0,2523000,true,accepted_all_graph_and_bin_checks,0.203125,0.7536231884057971014492753623
EXP-07,exp07_n64_wide_layered_homogeneous_rhhigh_s17,n64_wide_layered_homogeneous_rhhigh,64,wide_layered,homogeneous,low,high,17,0,2524000,true,accepted_all_graph_and_bin_checks,0.203125,0.7536231884057971014492753623
EXP-07,exp07_n64_wide_layered_homogeneous_rhhigh_s18,n64_wide_layered_homogeneous_rhhigh,64,wide_layered,homogeneous,low,high,18,0,2525000,true,accepted_all_graph_and_bin_checks,0.203125,0.7536231884057971014492753623
EXP-07,exp07_n64_wide_layered_homogeneous_rhhigh_s19,n64_wide_layered_homogeneous_rhhigh,64,wide_layered,homogeneous,low,high,19,0,2526000,true,accepted_all_graph_and_bin_checks,0.203125,0.7536231884057971014492753623
EXP-07,exp07_n64_wide_layered_lognormal_rhlow_s00,n64_wide_layered_lognormal_rhlow,64,wide_layered,lognormal,low,low,0,0,2607000,true,accepted_all_graph_and_bin_checks,0.2540983606557377049180327869,0.1796522858982614294913071475
EXP-07,exp07_n64_wide_layered_lognormal_rhlow_s01,n64_wide_layered_lognormal_rhlow,64,wide_layered,lognormal,low,low,1,0,2608000,true,accepted_all_graph_and_bin_checks,0.2550335570469798657718120805,0.1803797468354430379746835443
EXP-07,exp07_n64_wide_layered_lognormal_rhlow_s02,n64_wide_layered_lognormal_rhlow,64,wide_layered,lognormal,low,low,2,0,2609000,true,accepted_all_graph_and_bin_checks,0.2808219178082191780821917808,0.1800878477306002928257686676
EXP-07,exp07_n64_wide_layered_lognormal_rhlow_s03,n64_wide_layered_lognormal_rhlow,64,wide_layered,lognormal,low,low,3,0,2610000,false,rho_l_outside_target_bin,0.3017751479289940828402366864,0.1777003484320557491289198606
EXP-07,exp07_n64_wide_layered_lognormal_rhlow_s03,n64_wide_layered_lognormal_rhlow,64,wide_layered,lognormal,low,low,3,1,2610001,false,rho_l_outside_target_bin,0.3057324840764331210191082803,0.1804511278195488721804511278
EXP-07,exp07_n64_wide_layered_lognormal_rhlow_s03,n64_wide_layered_lognormal_rhlow,64,wide_layered,lognormal,low,low,3,2,2610002,true,accepted_all_graph_and_bin_checks,0.25,0.1818181818181818181818181818
EXP-07,exp07_n64_wide_layered_lognormal_rhlow_s04,n64_wide_layered_lognormal_rhlow,64,wide_layered,lognormal,low,low,4,0,2611000,true,accepted_all_graph_and_bin_checks,0.2781954887218045112781954887,0.1804878048780487804878048780
EXP-07,exp07_n64_wide_layered_lognormal_rhlow_s05,n64_wide_layered_lognormal_rhlow,64,wide_layered,lognormal,low,low,5,0,2612000,true,accepted_all_graph_and_bin_checks,0.2733812949640287769784172662,0.1799729364005412719891745602
EXP-07,exp07_n64_wide_layered_lognormal_rhlow_s06,n64_wide_layered_lognormal_rhlow,64,wide_layered,lognormal,low,low,6,0,2613000,true,accepted_all_graph_and_bin_checks,0.2770270270270270270270270270,0.1796276013143483023001095290
EXP-07,exp07_n64_wide_layered_lognormal_rhlow_s07,n64_wide_layered_lognormal_rhlow,64,wide_layered,lognormal,low,low,7,0,2614000,false,rho_l_outside_target_bin,0.3108108108108108108108108108,0.184
EXP-07,exp07_n64_wide_layered_lognormal_rhlow_s07,n64_wide_layered_lognormal_rhlow,64,wide_layered,lognormal,low,low,7,1,2614001,false,rho_l_outside_target_bin,0.3194444444444444444444444444,0.1796875
EXP-07,exp07_n64_wide_layered_lognormal_rhlow_s07,n64_wide_layered_lognormal_rhlow,64,wide_layered,lognormal,low,low,7,2,2614002,true,accepted_all_graph_and_bin_checks,0.2661870503597122302158273381,0.1787439613526570048309178744
EXP-07,exp07_n64_wide_layered_lognormal_rhlow_s08,n64_wide_layered_lognormal_rhlow,64,wide_layered,lognormal,low,low,8,0,2615000,true,accepted_all_graph_and_bin_checks,0.2721088435374149659863945578,0.1790281329923273657289002558
EXP-07,exp07_n64_wide_layered_lognormal_rhlow_s09,n64_wide_layered_lognormal_rhlow,64,wide_layered,lognormal,low,low,9,0,2616000,true,accepted_all_graph_and_bin_checks,0.2937062937062937062937062937,0.1815235008103727714748784441
EXP-07,exp07_n64_wide_layered_lognormal_rhlow_s10,n64_wide_layered_lognormal_rhlow,64,wide_layered,lognormal,low,low,10,0,2617000,false,rho_l_outside_target_bin,0.3046357615894039735099337748,0.1796875
EXP-07,exp07_n64_wide_layered_lognormal_rhlow_s10,n64_wide_layered_lognormal_rhlow,64,wide_layered,lognormal,low,low,10,1,2617001,true,accepted_all_graph_and_bin_checks,0.2972972972972972972972972973,0.1841004184100418410041841004
EXP-07,exp07_n64_wide_layered_lognormal_rhlow_s11,n64_wide_layered_lognormal_rhlow,64,wide_layered,lognormal,low,low,11,0,2618000,true,accepted_all_graph_and_bin_checks,0.2967741935483870967741935484,0.1837244133799301048427358962
EXP-07,exp07_n64_wide_layered_lognormal_rhlow_s12,n64_wide_layered_lognormal_rhlow,64,wide_layered,lognormal,low,low,12,0,2619000,true,accepted_all_graph_and_bin_checks,0.2985074626865671641791044776,0.1754385964912280701754385965
EXP-07,exp07_n64_wide_layered_lognormal_rhlow_s13,n64_wide_layered_lognormal_rhlow,64,wide_layered,lognormal,low,low,13,0,2620000,true,accepted_all_graph_and_bin_checks,0.2828947368421052631578947368,0.1797658862876254180602006689
EXP-07,exp07_n64_wide_layered_lognormal_rhlow_s14,n64_wide_layered_lognormal_rhlow,64,wide_layered,lognormal,low,low,14,0,2621000,true,accepted_all_graph_and_bin_checks,0.2695035460992907801418439716,0.1812400635930047694753577107
EXP-07,exp07_n64_wide_layered_lognormal_rhlow_s15,n64_wide_layered_lognormal_rhlow,64,wide_layered,lognormal,low,low,15,0,2622000,true,accepted_all_graph_and_bin_checks,0.2676056338028169014084507042,0.1798107255520504731861198738
EXP-07,exp07_n64_wide_layered_lognormal_rhlow_s16,n64_wide_layered_lognormal_rhlow,64,wide_layered,lognormal,low,low,16,0,2623000,true,accepted_all_graph_and_bin_checks,0.2977099236641221374045801527,0.1843971631205673758865248227
EXP-07,exp07_n64_wide_layered_lognormal_rhlow_s17,n64_wide_layered_lognormal_rhlow,64,wide_layered,lognormal,low,low,17,0,2624000,true,accepted_all_graph_and_bin_checks,0.2992700729927007299270072993,0.1759656652360515021459227468
EXP-07,exp07_n64_wide_layered_lognormal_rhlow_s18,n64_wide_layered_lognormal_rhlow,64,wide_layered,lognormal,low,low,18,0,2625000,true,accepted_all_graph_and_bin_checks,0.2944785276073619631901840491,0.1820768136557610241820768137
EXP-07,exp07_n64_wide_layered_lognormal_rhlow_s19,n64_wide_layered_lognormal_rhlow,64,wide_layered,lognormal,low,low,19,0,2626000,true,accepted_all_graph_and_bin_checks,0.2903225806451612903225806452,0.1805157593123209169054441261
EXP-07,exp07_n64_wide_layered_lognormal_rhmedium_s00,n64_wide_layered_lognormal_rhmedium,64,wide_layered,lognormal,low,medium,0,0,2607000,true,accepted_all_graph_and_bin_checks,0.2540983606557377049180327869,0.4498186215235792019347037485
EXP-07,exp07_n64_wide_layered_lognormal_rhmedium_s01,n64_wide_layered_lognormal_rhmedium,64,wide_layered,lognormal,low,medium,1,0,2608000,true,accepted_all_graph_and_bin_checks,0.2550335570469798657718120805,0.4510385756676557863501483680
EXP-07,exp07_n64_wide_layered_lognormal_rhmedium_s02,n64_wide_layered_lognormal_rhmedium,64,wide_layered,lognormal,low,medium,2,0,2609000,true,accepted_all_graph_and_bin_checks,0.2808219178082191780821917808,0.4555555555555555555555555556
EXP-07,exp07_n64_wide_layered_lognormal_rhmedium_s03,n64_wide_layered_lognormal_rhmedium,64,wide_layered,lognormal,low,medium,3,0,2610000,false,rho_l_outside_target_bin,0.3017751479289940828402366864,0.4476301930953774136922176712
EXP-07,exp07_n64_wide_layered_lognormal_rhmedium_s03,n64_wide_layered_lognormal_rhmedium,64,wide_layered,lognormal,low,medium,3,1,2610001,false,rho_l_outside_target_bin,0.3057324840764331210191082803,0.4498918529199711607786589762
EXP-07,exp07_n64_wide_layered_lognormal_rhmedium_s03,n64_wide_layered_lognormal_rhmedium,64,wide_layered,lognormal,low,medium,3,2,2610002,true,accepted_all_graph_and_bin_checks,0.25,0.4545454545454545454545454545
EXP-07,exp07_n64_wide_layered_lognormal_rhmedium_s04,n64_wide_layered_lognormal_rhmedium,64,wide_layered,lognormal,low,medium,4,0,2611000,true,accepted_all_graph_and_bin_checks,0.2781954887218045112781954887,0.4523227383863080684596577017
EXP-07,exp07_n64_wide_layered_lognormal_rhmedium_s05,n64_wide_layered_lognormal_rhmedium,64,wide_layered,lognormal,low,medium,5,0,2612000,true,accepted_all_graph_and_bin_checks,0.2733812949640287769784172662,0.4490909090909090909090909091
EXP-07,exp07_n64_wide_layered_lognormal_rhmedium_s06,n64_wide_layered_lognormal_rhmedium,64,wide_layered,lognormal,low,medium,6,0,2613000,true,accepted_all_graph_and_bin_checks,0.2770270270270270270270270270,0.4508797653958944281524926686
EXP-07,exp07_n64_wide_layered_lognormal_rhmedium_s07,n64_wide_layered_lognormal_rhmedium,64,wide_layered,lognormal,low,medium,7,0,2614000,false,rho_l_outside_target_bin,0.3108108108108108108108108108,0.4480519480519480519480519481
EXP-07,exp07_n64_wide_layered_lognormal_rhmedium_s07,n64_wide_layered_lognormal_rhmedium,64,wide_layered,lognormal,low,medium,7,1,2614001,false,rho_l_outside_target_bin,0.3194444444444444444444444444,0.4509803921568627450980392157
EXP-07,exp07_n64_wide_layered_lognormal_rhmedium_s07,n64_wide_layered_lognormal_rhmedium,64,wide_layered,lognormal,low,medium,7,2,2614002,true,accepted_all_graph_and_bin_checks,0.2661870503597122302158273381,0.4493927125506072874493927126
EXP-07,exp07_n64_wide_layered_lognormal_rhmedium_s08,n64_wide_layered_lognormal_rhmedium,64,wide_layered,lognormal,low,medium,8,0,2615000,true,accepted_all_graph_and_bin_checks,0.2721088435374149659863945578,0.4512820512820512820512820513
EXP-07,exp07_n64_wide_layered_lognormal_rhmedium_s09,n64_wide_layered_lognormal_rhmedium,64,wide_layered,lognormal,low,medium,9,0,2616000,true,accepted_all_graph_and_bin_checks,0.2937062937062937062937062937,0.4540540540540540540540540541
EXP-07,exp07_n64_wide_layered_lognormal_rhmedium_s10,n64_wide_layered_lognormal_rhmedium,64,wide_layered,lognormal,low,medium,10,0,2617000,false,rho_l_outside_target_bin,0.3046357615894039735099337748,0.4509803921568627450980392157
EXP-07,exp07_n64_wide_layered_lognormal_rhmedium_s10,n64_wide_layered_lognormal_rhmedium,64,wide_layered,lognormal,low,medium,10,1,2617001,true,accepted_all_graph_and_bin_checks,0.2972972972972972972972972973,0.4423592493297587131367292225
EXP-07,exp07_n64_wide_layered_lognormal_rhmedium_s11,n64_wide_layered_lognormal_rhmedium,64,wide_layered,lognormal,low,medium,11,0,2618000,true,accepted_all_graph_and_bin_checks,0.2967741935483870967741935484,0.4577114427860696517412935323
EXP-07,exp07_n64_wide_layered_lognormal_rhmedium_s12,n64_wide_layered_lognormal_rhmedium,64,wide_layered,lognormal,low,medium,12,0,2619000,true,accepted_all_graph_and_bin_checks,0.2985074626865671641791044776,0.4437869822485207100591715976
EXP-07,exp07_n64_wide_layered_lognormal_rhmedium_s13,n64_wide_layered_lognormal_rhmedium,64,wide_layered,lognormal,low,medium,13,0,2620000,true,accepted_all_graph_and_bin_checks,0.2828947368421052631578947368,0.4580965909090909090909090909
EXP-07,exp07_n64_wide_layered_lognormal_rhmedium_s14,n64_wide_layered_lognormal_rhmedium,64,wide_layered,lognormal,low,medium,14,0,2621000,true,accepted_all_graph_and_bin_checks,0.2695035460992907801418439716,0.4480171489817792068595927117
EXP-07,exp07_n64_wide_layered_lognormal_rhmedium_s15,n64_wide_layered_lognormal_rhmedium,64,wide_layered,lognormal,low,medium,15,0,2622000,true,accepted_all_graph_and_bin_checks,0.2676056338028169014084507042,0.4511873350923482849604221636
EXP-07,exp07_n64_wide_layered_lognormal_rhmedium_s16,n64_wide_layered_lognormal_rhmedium,64,wide_layered,lognormal,low,medium,16,0,2623000,true,accepted_all_graph_and_bin_checks,0.2977099236641221374045801527,0.4428463285389856169568508706
EXP-07,exp07_n64_wide_layered_lognormal_rhmedium_s17,n64_wide_layered_lognormal_rhmedium,64,wide_layered,lognormal,low,medium,17,0,2624000,true,accepted_all_graph_and_bin_checks,0.2992700729927007299270072993,0.4446854663774403470715835141
EXP-07,exp07_n64_wide_layered_lognormal_rhmedium_s18,n64_wide_layered_lognormal_rhmedium,64,wide_layered,lognormal,low,medium,18,0,2625000,true,accepted_all_graph_and_bin_checks,0.2944785276073619631901840491,0.4549763033175355450236966825
EXP-07,exp07_n64_wide_layered_lognormal_rhmedium_s19,n64_wide_layered_lognormal_rhmedium,64,wide_layered,lognormal,low,medium,19,0,2626000,true,accepted_all_graph_and_bin_checks,0.2903225806451612903225806452,0.45
EXP-07,exp07_n64_wide_layered_lognormal_rhhigh_s00,n64_wide_layered_lognormal_rhhigh,64,wide_layered,lognormal,low,high,0,0,2607000,true,accepted_all_graph_and_bin_checks,0.2540983606557377049180327869,0.7540540540540540540540540541
EXP-07,exp07_n64_wide_layered_lognormal_rhhigh_s01,n64_wide_layered_lognormal_rhhigh,64,wide_layered,lognormal,low,high,1,0,2608000,true,accepted_all_graph_and_bin_checks,0.2550335570469798657718120805,0.7549668874172185430463576159
EXP-07,exp07_n64_wide_layered_lognormal_rhhigh_s02,n64_wide_layered_lognormal_rhhigh,64,wide_layered,lognormal,low,high,2,0,2609000,true,accepted_all_graph_and_bin_checks,0.2808219178082191780821917808,0.7454545454545454545454545455
EXP-07,exp07_n64_wide_layered_lognormal_rhhigh_s03,n64_wide_layered_lognormal_rhhigh,64,wide_layered,lognormal,low,high,3,0,2610000,false,rho_l_outside_target_bin,0.3017751479289940828402366864,0.7515789473684210526315789474
EXP-07,exp07_n64_wide_layered_lognormal_rhhigh_s03,n64_wide_layered_lognormal_rhhigh,64,wide_layered,lognormal,low,high,3,1,2610001,false,rho_l_outside_target_bin,0.3057324840764331210191082803,0.7550561797752808988764044944
EXP-07,exp07_n64_wide_layered_lognormal_rhhigh_s03,n64_wide_layered_lognormal_rhhigh,64,wide_layered,lognormal,low,high,3,2,2610002,true,accepted_all_graph_and_bin_checks,0.25,0.75
EXP-07,exp07_n64_wide_layered_lognormal_rhhigh_s04,n64_wide_layered_lognormal_rhhigh,64,wide_layered,lognormal,low,high,4,0,2611000,true,accepted_all_graph_and_bin_checks,0.2781954887218045112781954887,0.7551020408163265306122448980
EXP-07,exp07_n64_wide_layered_lognormal_rhhigh_s05,n64_wide_layered_lognormal_rhhigh,64,wide_layered,lognormal,low,high,5,0,2612000,true,accepted_all_graph_and_bin_checks,0.2733812949640287769784172662,0.7506172839506172839506172840
EXP-07,exp07_n64_wide_layered_lognormal_rhhigh_s06,n64_wide_layered_lognormal_rhhigh,64,wide_layered,lognormal,low,high,6,0,2613000,true,accepted_all_graph_and_bin_checks,0.2770270270270270270270270270,0.7540229885057471264367816092
EXP-07,exp07_n64_wide_layered_lognormal_rhhigh_s07,n64_wide_layered_lognormal_rhhigh,64,wide_layered,lognormal,low,high,7,0,2614000,false,rho_l_outside_target_bin,0.3108108108108108108108108108,0.7456359102244389027431421446
EXP-07,exp07_n64_wide_layered_lognormal_rhhigh_s07,n64_wide_layered_lognormal_rhhigh,64,wide_layered,lognormal,low,high,7,1,2614001,false,rho_l_outside_target_bin,0.3194444444444444444444444444,0.7531486146095717884130982368
EXP-07,exp07_n64_wide_layered_lognormal_rhhigh_s07,n64_wide_layered_lognormal_rhhigh,64,wide_layered,lognormal,low,high,7,2,2614002,true,accepted_all_graph_and_bin_checks,0.2661870503597122302158273381,0.7437185929648241206030150754
EXP-07,exp07_n64_wide_layered_lognormal_rhhigh_s08,n64_wide_layered_lognormal_rhhigh,64,wide_layered,lognormal,low,high,8,0,2615000,true,accepted_all_graph_and_bin_checks,0.2721088435374149659863945578,0.7494145199063231850117096019
EXP-07,exp07_n64_wide_layered_lognormal_rhhigh_s09,n64_wide_layered_lognormal_rhhigh,64,wide_layered,lognormal,low,high,9,0,2616000,true,accepted_all_graph_and_bin_checks,0.2937062937062937062937062937,0.7443037974683544303797468354
EXP-07,exp07_n64_wide_layered_lognormal_rhhigh_s10,n64_wide_layered_lognormal_rhhigh,64,wide_layered,lognormal,low,high,10,0,2617000,false,rho_l_outside_target_bin,0.3046357615894039735099337748,0.7540983606557377049180327869
EXP-07,exp07_n64_wide_layered_lognormal_rhhigh_s10,n64_wide_layered_lognormal_rhhigh,64,wide_layered,lognormal,low,high,10,1,2617001,true,accepted_all_graph_and_bin_checks,0.2972972972972972972972972973,0.7475728155339805825242718447
EXP-07,exp07_n64_wide_layered_lognormal_rhhigh_s11,n64_wide_layered_lognormal_rhhigh,64,wide_layered,lognormal,low,high,11,0,2618000,true,accepted_all_graph_and_bin_checks,0.2967741935483870967741935484,0.7470997679814385150812064965
EXP-07,exp07_n64_wide_layered_lognormal_rhhigh_s12,n64_wide_layered_lognormal_rhhigh,64,wide_layered,lognormal,low,high,12,0,2619000,true,accepted_all_graph_and_bin_checks,0.2985074626865671641791044776,0.7486631016042780748663101604
EXP-07,exp07_n64_wide_layered_lognormal_rhhigh_s13,n64_wide_layered_lognormal_rhhigh,64,wide_layered,lognormal,low,high,13,0,2620000,true,accepted_all_graph_and_bin_checks,0.2828947368421052631578947368,0.7473928157589803012746234067
EXP-07,exp07_n64_wide_layered_lognormal_rhhigh_s14,n64_wide_layered_lognormal_rhhigh,64,wide_layered,lognormal,low,high,14,0,2621000,true,accepted_all_graph_and_bin_checks,0.2695035460992907801418439716,0.7469287469287469287469287469
EXP-07,exp07_n64_wide_layered_lognormal_rhhigh_s15,n64_wide_layered_lognormal_rhhigh,64,wide_layered,lognormal,low,high,15,0,2622000,true,accepted_all_graph_and_bin_checks,0.2676056338028169014084507042,0.7450980392156862745098039216
EXP-07,exp07_n64_wide_layered_lognormal_rhhigh_s16,n64_wide_layered_lognormal_rhhigh,64,wide_layered,lognormal,low,high,16,0,2623000,true,accepted_all_graph_and_bin_checks,0.2977099236641221374045801527,0.7479452054794520547945205479
EXP-07,exp07_n64_wide_layered_lognormal_rhhigh_s17,n64_wide_layered_lognormal_rhhigh,64,wide_layered,lognormal,low,high,17,0,2624000,true,accepted_all_graph_and_bin_checks,0.2992700729927007299270072993,0.7493472584856396866840731070
EXP-07,exp07_n64_wide_layered_lognormal_rhhigh_s18,n64_wide_layered_lognormal_rhhigh,64,wide_layered,lognormal,low,high,18,0,2625000,true,accepted_all_graph_and_bin_checks,0.2944785276073619631901840491,0.7450110864745011086474501109
EXP-07,exp07_n64_wide_layered_lognormal_rhhigh_s19,n64_wide_layered_lognormal_rhhigh,64,wide_layered,lognormal,low,high,19,0,2626000,true,accepted_all_graph_and_bin_checks,0.2903225806451612903225806452,0.7541899441340782122905027933
EXP-07,exp07_n64_mixed_homogeneous_rhlow_s00,n64_mixed_homogeneous_rhlow,64,mixed,homogeneous,medium,low,0,0,2707000,true,accepted_all_graph_and_bin_checks,0.453125,0.1809672386895475819032761310
EXP-07,exp07_n64_mixed_homogeneous_rhlow_s01,n64_mixed_homogeneous_rhlow,64,mixed,homogeneous,medium,low,1,0,2708000,true,accepted_all_graph_and_bin_checks,0.453125,0.1809672386895475819032761310
EXP-07,exp07_n64_mixed_homogeneous_rhlow_s02,n64_mixed_homogeneous_rhlow,64,mixed,homogeneous,medium,low,2,0,2709000,true,accepted_all_graph_and_bin_checks,0.453125,0.1809672386895475819032761310
EXP-07,exp07_n64_mixed_homogeneous_rhlow_s03,n64_mixed_homogeneous_rhlow,64,mixed,homogeneous,medium,low,3,0,2710000,true,accepted_all_graph_and_bin_checks,0.453125,0.1809672386895475819032761310
EXP-07,exp07_n64_mixed_homogeneous_rhlow_s04,n64_mixed_homogeneous_rhlow,64,mixed,homogeneous,medium,low,4,0,2711000,true,accepted_all_graph_and_bin_checks,0.453125,0.1809672386895475819032761310
EXP-07,exp07_n64_mixed_homogeneous_rhlow_s05,n64_mixed_homogeneous_rhlow,64,mixed,homogeneous,medium,low,5,0,2712000,true,accepted_all_graph_and_bin_checks,0.453125,0.1809672386895475819032761310
EXP-07,exp07_n64_mixed_homogeneous_rhlow_s06,n64_mixed_homogeneous_rhlow,64,mixed,homogeneous,medium,low,6,0,2713000,true,accepted_all_graph_and_bin_checks,0.453125,0.1809672386895475819032761310
EXP-07,exp07_n64_mixed_homogeneous_rhlow_s07,n64_mixed_homogeneous_rhlow,64,mixed,homogeneous,medium,low,7,0,2714000,true,accepted_all_graph_and_bin_checks,0.453125,0.1809672386895475819032761310
EXP-07,exp07_n64_mixed_homogeneous_rhlow_s08,n64_mixed_homogeneous_rhlow,64,mixed,homogeneous,medium,low,8,0,2715000,true,accepted_all_graph_and_bin_checks,0.453125,0.1809672386895475819032761310
EXP-07,exp07_n64_mixed_homogeneous_rhlow_s09,n64_mixed_homogeneous_rhlow,64,mixed,homogeneous,medium,low,9,0,2716000,true,accepted_all_graph_and_bin_checks,0.453125,0.1809672386895475819032761310
EXP-07,exp07_n64_mixed_homogeneous_rhlow_s10,n64_mixed_homogeneous_rhlow,64,mixed,homogeneous,medium,low,10,0,2717000,true,accepted_all_graph_and_bin_checks,0.453125,0.1809672386895475819032761310
EXP-07,exp07_n64_mixed_homogeneous_rhlow_s11,n64_mixed_homogeneous_rhlow,64,mixed,homogeneous,medium,low,11,0,2718000,true,accepted_all_graph_and_bin_checks,0.453125,0.1809672386895475819032761310
EXP-07,exp07_n64_mixed_homogeneous_rhlow_s12,n64_mixed_homogeneous_rhlow,64,mixed,homogeneous,medium,low,12,0,2719000,true,accepted_all_graph_and_bin_checks,0.453125,0.1809672386895475819032761310
EXP-07,exp07_n64_mixed_homogeneous_rhlow_s13,n64_mixed_homogeneous_rhlow,64,mixed,homogeneous,medium,low,13,0,2720000,true,accepted_all_graph_and_bin_checks,0.453125,0.1809672386895475819032761310
EXP-07,exp07_n64_mixed_homogeneous_rhlow_s14,n64_mixed_homogeneous_rhlow,64,mixed,homogeneous,medium,low,14,0,2721000,true,accepted_all_graph_and_bin_checks,0.453125,0.1809672386895475819032761310
EXP-07,exp07_n64_mixed_homogeneous_rhlow_s15,n64_mixed_homogeneous_rhlow,64,mixed,homogeneous,medium,low,15,0,2722000,true,accepted_all_graph_and_bin_checks,0.453125,0.1809672386895475819032761310
EXP-07,exp07_n64_mixed_homogeneous_rhlow_s16,n64_mixed_homogeneous_rhlow,64,mixed,homogeneous,medium,low,16,0,2723000,true,accepted_all_graph_and_bin_checks,0.453125,0.1809672386895475819032761310
EXP-07,exp07_n64_mixed_homogeneous_rhlow_s17,n64_mixed_homogeneous_rhlow,64,mixed,homogeneous,medium,low,17,0,2724000,true,accepted_all_graph_and_bin_checks,0.453125,0.1809672386895475819032761310
EXP-07,exp07_n64_mixed_homogeneous_rhlow_s18,n64_mixed_homogeneous_rhlow,64,mixed,homogeneous,medium,low,18,0,2725000,true,accepted_all_graph_and_bin_checks,0.453125,0.1809672386895475819032761310
EXP-07,exp07_n64_mixed_homogeneous_rhlow_s19,n64_mixed_homogeneous_rhlow,64,mixed,homogeneous,medium,low,19,0,2726000,true,accepted_all_graph_and_bin_checks,0.453125,0.1809672386895475819032761310
EXP-07,exp07_n64_mixed_homogeneous_rhmedium_s00,n64_mixed_homogeneous_rhmedium,64,mixed,homogeneous,medium,medium,0,0,2707000,true,accepted_all_graph_and_bin_checks,0.453125,0.453125
EXP-07,exp07_n64_mixed_homogeneous_rhmedium_s01,n64_mixed_homogeneous_rhmedium,64,mixed,homogeneous,medium,medium,1,0,2708000,true,accepted_all_graph_and_bin_checks,0.453125,0.453125
EXP-07,exp07_n64_mixed_homogeneous_rhmedium_s02,n64_mixed_homogeneous_rhmedium,64,mixed,homogeneous,medium,medium,2,0,2709000,true,accepted_all_graph_and_bin_checks,0.453125,0.453125
EXP-07,exp07_n64_mixed_homogeneous_rhmedium_s03,n64_mixed_homogeneous_rhmedium,64,mixed,homogeneous,medium,medium,3,0,2710000,true,accepted_all_graph_and_bin_checks,0.453125,0.453125
EXP-07,exp07_n64_mixed_homogeneous_rhmedium_s04,n64_mixed_homogeneous_rhmedium,64,mixed,homogeneous,medium,medium,4,0,2711000,true,accepted_all_graph_and_bin_checks,0.453125,0.453125
EXP-07,exp07_n64_mixed_homogeneous_rhmedium_s05,n64_mixed_homogeneous_rhmedium,64,mixed,homogeneous,medium,medium,5,0,2712000,true,accepted_all_graph_and_bin_checks,0.453125,0.453125
EXP-07,exp07_n64_mixed_homogeneous_rhmedium_s06,n64_mixed_homogeneous_rhmedium,64,mixed,homogeneous,medium,medium,6,0,2713000,true,accepted_all_graph_and_bin_checks,0.453125,0.453125
EXP-07,exp07_n64_mixed_homogeneous_rhmedium_s07,n64_mixed_homogeneous_rhmedium,64,mixed,homogeneous,medium,medium,7,0,2714000,true,accepted_all_graph_and_bin_checks,0.453125,0.453125
EXP-07,exp07_n64_mixed_homogeneous_rhmedium_s08,n64_mixed_homogeneous_rhmedium,64,mixed,homogeneous,medium,medium,8,0,2715000,true,accepted_all_graph_and_bin_checks,0.453125,0.453125
EXP-07,exp07_n64_mixed_homogeneous_rhmedium_s09,n64_mixed_homogeneous_rhmedium,64,mixed,homogeneous,medium,medium,9,0,2716000,true,accepted_all_graph_and_bin_checks,0.453125,0.453125
EXP-07,exp07_n64_mixed_homogeneous_rhmedium_s10,n64_mixed_homogeneous_rhmedium,64,mixed,homogeneous,medium,medium,10,0,2717000,true,accepted_all_graph_and_bin_checks,0.453125,0.453125
EXP-07,exp07_n64_mixed_homogeneous_rhmedium_s11,n64_mixed_homogeneous_rhmedium,64,mixed,homogeneous,medium,medium,11,0,2718000,true,accepted_all_graph_and_bin_checks,0.453125,0.453125
EXP-07,exp07_n64_mixed_homogeneous_rhmedium_s12,n64_mixed_homogeneous_rhmedium,64,mixed,homogeneous,medium,medium,12,0,2719000,true,accepted_all_graph_and_bin_checks,0.453125,0.453125
EXP-07,exp07_n64_mixed_homogeneous_rhmedium_s13,n64_mixed_homogeneous_rhmedium,64,mixed,homogeneous,medium,medium,13,0,2720000,true,accepted_all_graph_and_bin_checks,0.453125,0.453125
EXP-07,exp07_n64_mixed_homogeneous_rhmedium_s14,n64_mixed_homogeneous_rhmedium,64,mixed,homogeneous,medium,medium,14,0,2721000,true,accepted_all_graph_and_bin_checks,0.453125,0.453125
EXP-07,exp07_n64_mixed_homogeneous_rhmedium_s15,n64_mixed_homogeneous_rhmedium,64,mixed,homogeneous,medium,medium,15,0,2722000,true,accepted_all_graph_and_bin_checks,0.453125,0.453125
EXP-07,exp07_n64_mixed_homogeneous_rhmedium_s16,n64_mixed_homogeneous_rhmedium,64,mixed,homogeneous,medium,medium,16,0,2723000,true,accepted_all_graph_and_bin_checks,0.453125,0.453125
EXP-07,exp07_n64_mixed_homogeneous_rhmedium_s17,n64_mixed_homogeneous_rhmedium,64,mixed,homogeneous,medium,medium,17,0,2724000,true,accepted_all_graph_and_bin_checks,0.453125,0.453125
EXP-07,exp07_n64_mixed_homogeneous_rhmedium_s18,n64_mixed_homogeneous_rhmedium,64,mixed,homogeneous,medium,medium,18,0,2725000,true,accepted_all_graph_and_bin_checks,0.453125,0.453125
EXP-07,exp07_n64_mixed_homogeneous_rhmedium_s19,n64_mixed_homogeneous_rhmedium,64,mixed,homogeneous,medium,medium,19,0,2726000,true,accepted_all_graph_and_bin_checks,0.453125,0.453125
EXP-07,exp07_n64_mixed_homogeneous_rhhigh_s00,n64_mixed_homogeneous_rhhigh,64,mixed,homogeneous,medium,high,0,0,2707000,true,accepted_all_graph_and_bin_checks,0.453125,0.7523584905660377358490566038
EXP-07,exp07_n64_mixed_homogeneous_rhhigh_s01,n64_mixed_homogeneous_rhhigh,64,mixed,homogeneous,medium,high,1,0,2708000,true,accepted_all_graph_and_bin_checks,0.453125,0.7523584905660377358490566038
EXP-07,exp07_n64_mixed_homogeneous_rhhigh_s02,n64_mixed_homogeneous_rhhigh,64,mixed,homogeneous,medium,high,2,0,2709000,true,accepted_all_graph_and_bin_checks,0.453125,0.7523584905660377358490566038
EXP-07,exp07_n64_mixed_homogeneous_rhhigh_s03,n64_mixed_homogeneous_rhhigh,64,mixed,homogeneous,medium,high,3,0,2710000,true,accepted_all_graph_and_bin_checks,0.453125,0.7523584905660377358490566038
EXP-07,exp07_n64_mixed_homogeneous_rhhigh_s04,n64_mixed_homogeneous_rhhigh,64,mixed,homogeneous,medium,high,4,0,2711000,true,accepted_all_graph_and_bin_checks,0.453125,0.7523584905660377358490566038
EXP-07,exp07_n64_mixed_homogeneous_rhhigh_s05,n64_mixed_homogeneous_rhhigh,64,mixed,homogeneous,medium,high,5,0,2712000,true,accepted_all_graph_and_bin_checks,0.453125,0.7523584905660377358490566038
EXP-07,exp07_n64_mixed_homogeneous_rhhigh_s06,n64_mixed_homogeneous_rhhigh,64,mixed,homogeneous,medium,high,6,0,2713000,true,accepted_all_graph_and_bin_checks,0.453125,0.7523584905660377358490566038
EXP-07,exp07_n64_mixed_homogeneous_rhhigh_s07,n64_mixed_homogeneous_rhhigh,64,mixed,homogeneous,medium,high,7,0,2714000,true,accepted_all_graph_and_bin_checks,0.453125,0.7523584905660377358490566038
EXP-07,exp07_n64_mixed_homogeneous_rhhigh_s08,n64_mixed_homogeneous_rhhigh,64,mixed,homogeneous,medium,high,8,0,2715000,true,accepted_all_graph_and_bin_checks,0.453125,0.7523584905660377358490566038
EXP-07,exp07_n64_mixed_homogeneous_rhhigh_s09,n64_mixed_homogeneous_rhhigh,64,mixed,homogeneous,medium,high,9,0,2716000,true,accepted_all_graph_and_bin_checks,0.453125,0.7523584905660377358490566038
EXP-07,exp07_n64_mixed_homogeneous_rhhigh_s10,n64_mixed_homogeneous_rhhigh,64,mixed,homogeneous,medium,high,10,0,2717000,true,accepted_all_graph_and_bin_checks,0.453125,0.7523584905660377358490566038
EXP-07,exp07_n64_mixed_homogeneous_rhhigh_s11,n64_mixed_homogeneous_rhhigh,64,mixed,homogeneous,medium,high,11,0,2718000,true,accepted_all_graph_and_bin_checks,0.453125,0.7523584905660377358490566038
EXP-07,exp07_n64_mixed_homogeneous_rhhigh_s12,n64_mixed_homogeneous_rhhigh,64,mixed,homogeneous,medium,high,12,0,2719000,true,accepted_all_graph_and_bin_checks,0.453125,0.7523584905660377358490566038
EXP-07,exp07_n64_mixed_homogeneous_rhhigh_s13,n64_mixed_homogeneous_rhhigh,64,mixed,homogeneous,medium,high,13,0,2720000,true,accepted_all_graph_and_bin_checks,0.453125,0.7523584905660377358490566038
EXP-07,exp07_n64_mixed_homogeneous_rhhigh_s14,n64_mixed_homogeneous_rhhigh,64,mixed,homogeneous,medium,high,14,0,2721000,true,accepted_all_graph_and_bin_checks,0.453125,0.7523584905660377358490566038
EXP-07,exp07_n64_mixed_homogeneous_rhhigh_s15,n64_mixed_homogeneous_rhhigh,64,mixed,homogeneous,medium,high,15,0,2722000,true,accepted_all_graph_and_bin_checks,0.453125,0.7523584905660377358490566038
EXP-07,exp07_n64_mixed_homogeneous_rhhigh_s16,n64_mixed_homogeneous_rhhigh,64,mixed,homogeneous,medium,high,16,0,2723000,true,accepted_all_graph_and_bin_checks,0.453125,0.7523584905660377358490566038
EXP-07,exp07_n64_mixed_homogeneous_rhhigh_s17,n64_mixed_homogeneous_rhhigh,64,mixed,homogeneous,medium,high,17,0,2724000,true,accepted_all_graph_and_bin_checks,0.453125,0.7523584905660377358490566038
EXP-07,exp07_n64_mixed_homogeneous_rhhigh_s18,n64_mixed_homogeneous_rhhigh,64,mixed,homogeneous,medium,high,18,0,2725000,true,accepted_all_graph_and_bin_checks,0.453125,0.7523584905660377358490566038
EXP-07,exp07_n64_mixed_homogeneous_rhhigh_s19,n64_mixed_homogeneous_rhhigh,64,mixed,homogeneous,medium,high,19,0,2726000,true,accepted_all_graph_and_bin_checks,0.453125,0.7523584905660377358490566038
EXP-07,exp07_n64_mixed_lognormal_rhlow_s00,n64_mixed_lognormal_rhlow,64,mixed,lognormal,medium,low,0,0,2807000,true,accepted_all_graph_and_bin_checks,0.4966442953020134228187919463,0.1798298906439854191980558931
EXP-07,exp07_n64_mixed_lognormal_rhlow_s01,n64_mixed_lognormal_rhlow,64,mixed,lognormal,medium,low,1,0,2808000,true,accepted_all_graph_and_bin_checks,0.5649350649350649350649350649,0.1779141104294478527607361963
EXP-07,exp07_n64_mixed_lognormal_rhlow_s02,n64_mixed_lognormal_rhlow,64,mixed,lognormal,medium,low,2,0,2809000,true,accepted_all_graph_and_bin_checks,0.5304878048780487804878048780,0.1843220338983050847457627119
EXP-07,exp07_n64_mixed_lognormal_rhlow_s03,n64_mixed_lognormal_rhlow,64,mixed,lognormal,medium,low,3,0,2810000,true,accepted_all_graph_and_bin_checks,0.5416666666666666666666666667,0.1813953488372093023255813953
EXP-07,exp07_n64_mixed_lognormal_rhlow_s04,n64_mixed_lognormal_rhlow,64,mixed,lognormal,medium,low,4,0,2811000,true,accepted_all_graph_and_bin_checks,0.5389610389610389610389610390,0.1797833935018050541516245487
EXP-07,exp07_n64_mixed_lognormal_rhlow_s05,n64_mixed_lognormal_rhlow,64,mixed,lognormal,medium,low,5,0,2812000,true,accepted_all_graph_and_bin_checks,0.5460526315789473684210526316,0.1794594594594594594594594595
EXP-07,exp07_n64_mixed_lognormal_rhlow_s06,n64_mixed_lognormal_rhlow,64,mixed,lognormal,medium,low,6,0,2813000,true,accepted_all_graph_and_bin_checks,0.5302013422818791946308724832,0.1841491841491841491841491841
EXP-07,exp07_n64_mixed_lognormal_rhlow_s07,n64_mixed_lognormal_rhlow,64,mixed,lognormal,medium,low,7,0,2814000,true,accepted_all_graph_and_bin_checks,0.5432098765432098765432098765,0.1777777777777777777777777778
EXP-07,exp07_n64_mixed_lognormal_rhlow_s08,n64_mixed_lognormal_rhlow,64,mixed,lognormal,medium,low,8,0,2815000,true,accepted_all_graph_and_bin_checks,0.5119047619047619047619047619,0.1834992887624466571834992888
EXP-07,exp07_n64_mixed_lognormal_rhlow_s09,n64_mixed_lognormal_rhlow,64,mixed,lognormal,medium,low,9,0,2816000,true,accepted_all_graph_and_bin_checks,0.5414012738853503184713375796,0.1812366737739872068230277186
EXP-07,exp07_n64_mixed_lognormal_rhlow_s10,n64_mixed_lognormal_rhlow,64,mixed,lognormal,medium,low,10,0,2817000,true,accepted_all_graph_and_bin_checks,0.5909090909090909090909090909,0.1818181818181818181818181818
EXP-07,exp07_n64_mixed_lognormal_rhlow_s11,n64_mixed_lognormal_rhlow,64,mixed,lognormal,medium,low,11,0,2818000,true,accepted_all_graph_and_bin_checks,0.5563380281690140845070422535,0.1856639247943595769682726204
EXP-07,exp07_n64_mixed_lognormal_rhlow_s12,n64_mixed_lognormal_rhlow,64,mixed,lognormal,medium,low,12,0,2819000,true,accepted_all_graph_and_bin_checks,0.5586206896551724137931034483,0.1741935483870967741935483871
EXP-07,exp07_n64_mixed_lognormal_rhlow_s13,n64_mixed_lognormal_rhlow,64,mixed,lognormal,medium,low,13,0,2820000,true,accepted_all_graph_and_bin_checks,0.5298507462686567164179104478,0.1839378238341968911917098446
EXP-07,exp07_n64_mixed_lognormal_rhlow_s14,n64_mixed_lognormal_rhlow,64,mixed,lognormal,medium,low,14,0,2821000,true,accepted_all_graph_and_bin_checks,0.55,0.1818181818181818181818181818
EXP-07,exp07_n64_mixed_lognormal_rhlow_s15,n64_mixed_lognormal_rhlow,64,mixed,lognormal,medium,low,15,0,2822000,true,accepted_all_graph_and_bin_checks,0.5208333333333333333333333333,0.1785714285714285714285714286
EXP-07,exp07_n64_mixed_lognormal_rhlow_s16,n64_mixed_lognormal_rhlow,64,mixed,lognormal,medium,low,16,0,2823000,true,accepted_all_graph_and_bin_checks,0.5211267605633802816901408451,0.1787439613526570048309178744
EXP-07,exp07_n64_mixed_lognormal_rhlow_s17,n64_mixed_lognormal_rhlow,64,mixed,lognormal,medium,low,17,0,2824000,true,accepted_all_graph_and_bin_checks,0.5632911392405063291139240506,0.1769383697813121272365805169
EXP-07,exp07_n64_mixed_lognormal_rhlow_s18,n64_mixed_lognormal_rhlow,64,mixed,lognormal,medium,low,18,0,2825000,true,accepted_all_graph_and_bin_checks,0.5777777777777777777777777778,0.1857142857142857142857142857
EXP-07,exp07_n64_mixed_lognormal_rhlow_s19,n64_mixed_lognormal_rhlow,64,mixed,lognormal,medium,low,19,0,2826000,true,accepted_all_graph_and_bin_checks,0.5384615384615384615384615385,0.1794871794871794871794871795
EXP-07,exp07_n64_mixed_lognormal_rhmedium_s00,n64_mixed_lognormal_rhmedium,64,mixed,lognormal,medium,medium,0,0,2807000,true,accepted_all_graph_and_bin_checks,0.4966442953020134228187919463,0.4512195121951219512195121951
EXP-07,exp07_n64_mixed_lognormal_rhmedium_s01,n64_mixed_lognormal_rhmedium,64,mixed,lognormal,medium,medium,1,0,2808000,true,accepted_all_graph_and_bin_checks,0.5649350649350649350649350649,0.4479917610710607621009268795
EXP-07,exp07_n64_mixed_lognormal_rhmedium_s02,n64_mixed_lognormal_rhmedium,64,mixed,lognormal,medium,medium,2,0,2809000,true,accepted_all_graph_and_bin_checks,0.5304878048780487804878048780,0.4510693454309786130913804277
EXP-07,exp07_n64_mixed_lognormal_rhmedium_s03,n64_mixed_lognormal_rhmedium,64,mixed,lognormal,medium,medium,3,0,2810000,true,accepted_all_graph_and_bin_checks,0.5416666666666666666666666667,0.45
EXP-07,exp07_n64_mixed_lognormal_rhmedium_s04,n64_mixed_lognormal_rhmedium,64,mixed,lognormal,medium,medium,4,0,2811000,true,accepted_all_graph_and_bin_checks,0.5389610389610389610389610390,0.4500387296669248644461657630
EXP-07,exp07_n64_mixed_lognormal_rhmedium_s05,n64_mixed_lognormal_rhmedium,64,mixed,lognormal,medium,medium,5,0,2812000,true,accepted_all_graph_and_bin_checks,0.5460526315789473684210526316,0.4526524541398116013882002975
EXP-07,exp07_n64_mixed_lognormal_rhmedium_s06,n64_mixed_lognormal_rhmedium,64,mixed,lognormal,medium,medium,6,0,2813000,true,accepted_all_graph_and_bin_checks,0.5302013422818791946308724832,0.4507845934379457917261055635
EXP-07,exp07_n64_mixed_lognormal_rhmedium_s07,n64_mixed_lognormal_rhmedium,64,mixed,lognormal,medium,medium,7,0,2814000,true,accepted_all_graph_and_bin_checks,0.5432098765432098765432098765,0.4498141263940520446096654275
EXP-07,exp07_n64_mixed_lognormal_rhmedium_s08,n64_mixed_lognormal_rhmedium,64,mixed,lognormal,medium,medium,8,0,2815000,true,accepted_all_graph_and_bin_checks,0.5119047619047619047619047619,0.4492537313432835820895522388
EXP-07,exp07_n64_mixed_lognormal_rhmedium_s09,n64_mixed_lognormal_rhmedium,64,mixed,lognormal,medium,medium,9,0,2816000,true,accepted_all_graph_and_bin_checks,0.5414012738853503184713375796,0.4497354497354497354497354497
EXP-07,exp07_n64_mixed_lognormal_rhmedium_s10,n64_mixed_lognormal_rhmedium,64,mixed,lognormal,medium,medium,10,0,2817000,true,accepted_all_graph_and_bin_checks,0.5909090909090909090909090909,0.4482758620689655172413793103
EXP-07,exp07_n64_mixed_lognormal_rhmedium_s11,n64_mixed_lognormal_rhmedium,64,mixed,lognormal,medium,medium,11,0,2818000,true,accepted_all_graph_and_bin_checks,0.5563380281690140845070422535,0.4463276836158192090395480226
EXP-07,exp07_n64_mixed_lognormal_rhmedium_s12,n64_mixed_lognormal_rhmedium,64,mixed,lognormal,medium,medium,12,0,2819000,true,accepted_all_graph_and_bin_checks,0.5586206896551724137931034483,0.4486153846153846153846153846
EXP-07,exp07_n64_mixed_lognormal_rhmedium_s13,n64_mixed_lognormal_rhmedium,64,mixed,lognormal,medium,medium,13,0,2820000,true,accepted_all_graph_and_bin_checks,0.5298507462686567164179104478,0.4504361617763679619349722443
EXP-07,exp07_n64_mixed_lognormal_rhmedium_s14,n64_mixed_lognormal_rhmedium,64,mixed,lognormal,medium,medium,14,0,2821000,true,accepted_all_graph_and_bin_checks,0.55,0.4489795918367346938775510204
EXP-07,exp07_n64_mixed_lognormal_rhmedium_s15,n64_mixed_lognormal_rhmedium,64,mixed,lognormal,medium,medium,15,0,2822000,true,accepted_all_graph_and_bin_checks,0.5208333333333333333333333333,0.4491017964071856287425149701
EXP-07,exp07_n64_mixed_lognormal_rhmedium_s16,n64_mixed_lognormal_rhmedium,64,mixed,lognormal,medium,medium,16,0,2823000,true,accepted_all_graph_and_bin_checks,0.5211267605633802816901408451,0.4493927125506072874493927126
EXP-07,exp07_n64_mixed_lognormal_rhmedium_s17,n64_mixed_lognormal_rhmedium,64,mixed,lognormal,medium,medium,17,0,2824000,true,accepted_all_graph_and_bin_checks,0.5632911392405063291139240506,0.4507959479015918958031837916
EXP-07,exp07_n64_mixed_lognormal_rhmedium_s18,n64_mixed_lognormal_rhmedium,64,mixed,lognormal,medium,medium,18,0,2825000,true,accepted_all_graph_and_bin_checks,0.5777777777777777777777777778,0.4508670520231213872832369942
EXP-07,exp07_n64_mixed_lognormal_rhmedium_s19,n64_mixed_lognormal_rhmedium,64,mixed,lognormal,medium,medium,19,0,2826000,true,accepted_all_graph_and_bin_checks,0.5384615384615384615384615385,0.4495412844036697247706422018
EXP-07,exp07_n64_mixed_lognormal_rhhigh_s00,n64_mixed_lognormal_rhhigh,64,mixed,lognormal,medium,high,0,0,2807000,true,accepted_all_graph_and_bin_checks,0.4966442953020134228187919463,0.7474747474747474747474747475
EXP-07,exp07_n64_mixed_lognormal_rhhigh_s01,n64_mixed_lognormal_rhhigh,64,mixed,lognormal,medium,high,1,0,2808000,true,accepted_all_graph_and_bin_checks,0.5649350649350649350649350649,0.7518518518518518518518518519
EXP-07,exp07_n64_mixed_lognormal_rhhigh_s02,n64_mixed_lognormal_rhhigh,64,mixed,lognormal,medium,high,2,0,2809000,true,accepted_all_graph_and_bin_checks,0.5304878048780487804878048780,0.7508090614886731391585760518
EXP-07,exp07_n64_mixed_lognormal_rhhigh_s03,n64_mixed_lognormal_rhhigh,64,mixed,lognormal,medium,high,3,0,2810000,true,accepted_all_graph_and_bin_checks,0.5416666666666666666666666667,0.7471264367816091954022988506
EXP-07,exp07_n64_mixed_lognormal_rhhigh_s04,n64_mixed_lognormal_rhhigh,64,mixed,lognormal,medium,high,4,0,2811000,true,accepted_all_graph_and_bin_checks,0.5389610389610389610389610390,0.7524407252440725244072524407
EXP-07,exp07_n64_mixed_lognormal_rhhigh_s05,n64_mixed_lognormal_rhhigh,64,mixed,lognormal,medium,high,5,0,2812000,true,accepted_all_graph_and_bin_checks,0.5460526315789473684210526316,0.7504520795660036166365280289
EXP-07,exp07_n64_mixed_lognormal_rhhigh_s06,n64_mixed_lognormal_rhhigh,64,mixed,lognormal,medium,high,6,0,2813000,true,accepted_all_graph_and_bin_checks,0.5302013422818791946308724832,0.7505938242280285035629453682
EXP-07,exp07_n64_mixed_lognormal_rhhigh_s07,n64_mixed_lognormal_rhhigh,64,mixed,lognormal,medium,high,7,0,2814000,true,accepted_all_graph_and_bin_checks,0.5432098765432098765432098765,0.7482993197278911564625850340
EXP-07,exp07_n64_mixed_lognormal_rhhigh_s08,n64_mixed_lognormal_rhhigh,64,mixed,lognormal,medium,high,8,0,2815000,true,accepted_all_graph_and_bin_checks,0.5119047619047619047619047619,0.7459727385377942998760842627
EXP-07,exp07_n64_mixed_lognormal_rhhigh_s09,n64_mixed_lognormal_rhhigh,64,mixed,lognormal,medium,high,9,0,2816000,true,accepted_all_graph_and_bin_checks,0.5414012738853503184713375796,0.7469244288224956063268892794
EXP-07,exp07_n64_mixed_lognormal_rhhigh_s10,n64_mixed_lognormal_rhhigh,64,mixed,lognormal,medium,high,10,0,2817000,true,accepted_all_graph_and_bin_checks,0.5909090909090909090909090909,0.7558139534883720930232558140
EXP-07,exp07_n64_mixed_lognormal_rhhigh_s11,n64_mixed_lognormal_rhhigh,64,mixed,lognormal,medium,high,11,0,2818000,true,accepted_all_graph_and_bin_checks,0.5563380281690140845070422535,0.7505938242280285035629453682
EXP-07,exp07_n64_mixed_lognormal_rhhigh_s12,n64_mixed_lognormal_rhhigh,64,mixed,lognormal,medium,high,12,0,2819000,true,accepted_all_graph_and_bin_checks,0.5586206896551724137931034483,0.7523219814241486068111455108
EXP-07,exp07_n64_mixed_lognormal_rhhigh_s13,n64_mixed_lognormal_rhhigh,64,mixed,lognormal,medium,high,13,0,2820000,true,accepted_all_graph_and_bin_checks,0.5298507462686567164179104478,0.7503302509907529722589167768
EXP-07,exp07_n64_mixed_lognormal_rhhigh_s14,n64_mixed_lognormal_rhhigh,64,mixed,lognormal,medium,high,14,0,2821000,true,accepted_all_graph_and_bin_checks,0.55,0.7534246575342465753424657534
EXP-07,exp07_n64_mixed_lognormal_rhhigh_s15,n64_mixed_lognormal_rhhigh,64,mixed,lognormal,medium,high,15,0,2822000,true,accepted_all_graph_and_bin_checks,0.5208333333333333333333333333,0.7493188010899182561307901907
EXP-07,exp07_n64_mixed_lognormal_rhhigh_s16,n64_mixed_lognormal_rhhigh,64,mixed,lognormal,medium,high,16,0,2823000,true,accepted_all_graph_and_bin_checks,0.5211267605633802816901408451,0.7495395948434622467771639042
EXP-07,exp07_n64_mixed_lognormal_rhhigh_s17,n64_mixed_lognormal_rhhigh,64,mixed,lognormal,medium,high,17,0,2824000,true,accepted_all_graph_and_bin_checks,0.5632911392405063291139240506,0.7506024096385542168674698795
EXP-07,exp07_n64_mixed_lognormal_rhhigh_s18,n64_mixed_lognormal_rhhigh,64,mixed,lognormal,medium,high,18,0,2825000,true,accepted_all_graph_and_bin_checks,0.5777777777777777777777777778,0.7506561679790026246719160105
EXP-07,exp07_n64_mixed_lognormal_rhhigh_s19,n64_mixed_lognormal_rhhigh,64,mixed,lognormal,medium,high,19,0,2826000,true,accepted_all_graph_and_bin_checks,0.5384615384615384615384615385,0.7520661157024793388429752066
EXP-07,exp07_n64_chain_like_homogeneous_rhlow_s00,n64_chain_like_homogeneous_rhlow,64,chain_like,homogeneous,high,low,0,0,2907000,true,accepted_all_graph_and_bin_checks,0.75,0.1764705882352941176470588235
EXP-07,exp07_n64_chain_like_homogeneous_rhlow_s01,n64_chain_like_homogeneous_rhlow,64,chain_like,homogeneous,high,low,1,0,2908000,true,accepted_all_graph_and_bin_checks,0.75,0.1764705882352941176470588235
EXP-07,exp07_n64_chain_like_homogeneous_rhlow_s02,n64_chain_like_homogeneous_rhlow,64,chain_like,homogeneous,high,low,2,0,2909000,true,accepted_all_graph_and_bin_checks,0.75,0.1764705882352941176470588235
EXP-07,exp07_n64_chain_like_homogeneous_rhlow_s03,n64_chain_like_homogeneous_rhlow,64,chain_like,homogeneous,high,low,3,0,2910000,true,accepted_all_graph_and_bin_checks,0.75,0.1764705882352941176470588235
EXP-07,exp07_n64_chain_like_homogeneous_rhlow_s04,n64_chain_like_homogeneous_rhlow,64,chain_like,homogeneous,high,low,4,0,2911000,true,accepted_all_graph_and_bin_checks,0.75,0.1764705882352941176470588235
EXP-07,exp07_n64_chain_like_homogeneous_rhlow_s05,n64_chain_like_homogeneous_rhlow,64,chain_like,homogeneous,high,low,5,0,2912000,true,accepted_all_graph_and_bin_checks,0.75,0.1764705882352941176470588235
EXP-07,exp07_n64_chain_like_homogeneous_rhlow_s06,n64_chain_like_homogeneous_rhlow,64,chain_like,homogeneous,high,low,6,0,2913000,true,accepted_all_graph_and_bin_checks,0.75,0.1764705882352941176470588235
EXP-07,exp07_n64_chain_like_homogeneous_rhlow_s07,n64_chain_like_homogeneous_rhlow,64,chain_like,homogeneous,high,low,7,0,2914000,true,accepted_all_graph_and_bin_checks,0.75,0.1764705882352941176470588235
EXP-07,exp07_n64_chain_like_homogeneous_rhlow_s08,n64_chain_like_homogeneous_rhlow,64,chain_like,homogeneous,high,low,8,0,2915000,true,accepted_all_graph_and_bin_checks,0.75,0.1764705882352941176470588235
EXP-07,exp07_n64_chain_like_homogeneous_rhlow_s09,n64_chain_like_homogeneous_rhlow,64,chain_like,homogeneous,high,low,9,0,2916000,true,accepted_all_graph_and_bin_checks,0.75,0.1764705882352941176470588235
EXP-07,exp07_n64_chain_like_homogeneous_rhlow_s10,n64_chain_like_homogeneous_rhlow,64,chain_like,homogeneous,high,low,10,0,2917000,true,accepted_all_graph_and_bin_checks,0.75,0.1764705882352941176470588235
EXP-07,exp07_n64_chain_like_homogeneous_rhlow_s11,n64_chain_like_homogeneous_rhlow,64,chain_like,homogeneous,high,low,11,0,2918000,true,accepted_all_graph_and_bin_checks,0.75,0.1764705882352941176470588235
EXP-07,exp07_n64_chain_like_homogeneous_rhlow_s12,n64_chain_like_homogeneous_rhlow,64,chain_like,homogeneous,high,low,12,0,2919000,true,accepted_all_graph_and_bin_checks,0.75,0.1764705882352941176470588235
EXP-07,exp07_n64_chain_like_homogeneous_rhlow_s13,n64_chain_like_homogeneous_rhlow,64,chain_like,homogeneous,high,low,13,0,2920000,true,accepted_all_graph_and_bin_checks,0.75,0.1764705882352941176470588235
EXP-07,exp07_n64_chain_like_homogeneous_rhlow_s14,n64_chain_like_homogeneous_rhlow,64,chain_like,homogeneous,high,low,14,0,2921000,true,accepted_all_graph_and_bin_checks,0.75,0.1764705882352941176470588235
EXP-07,exp07_n64_chain_like_homogeneous_rhlow_s15,n64_chain_like_homogeneous_rhlow,64,chain_like,homogeneous,high,low,15,0,2922000,true,accepted_all_graph_and_bin_checks,0.75,0.1764705882352941176470588235
EXP-07,exp07_n64_chain_like_homogeneous_rhlow_s16,n64_chain_like_homogeneous_rhlow,64,chain_like,homogeneous,high,low,16,0,2923000,true,accepted_all_graph_and_bin_checks,0.75,0.1764705882352941176470588235
EXP-07,exp07_n64_chain_like_homogeneous_rhlow_s17,n64_chain_like_homogeneous_rhlow,64,chain_like,homogeneous,high,low,17,0,2924000,true,accepted_all_graph_and_bin_checks,0.75,0.1764705882352941176470588235
EXP-07,exp07_n64_chain_like_homogeneous_rhlow_s18,n64_chain_like_homogeneous_rhlow,64,chain_like,homogeneous,high,low,18,0,2925000,true,accepted_all_graph_and_bin_checks,0.75,0.1764705882352941176470588235
EXP-07,exp07_n64_chain_like_homogeneous_rhlow_s19,n64_chain_like_homogeneous_rhlow,64,chain_like,homogeneous,high,low,19,0,2926000,true,accepted_all_graph_and_bin_checks,0.75,0.1764705882352941176470588235
EXP-07,exp07_n64_chain_like_homogeneous_rhmedium_s00,n64_chain_like_homogeneous_rhmedium,64,chain_like,homogeneous,high,medium,0,0,2907000,true,accepted_all_graph_and_bin_checks,0.75,0.45
EXP-07,exp07_n64_chain_like_homogeneous_rhmedium_s01,n64_chain_like_homogeneous_rhmedium,64,chain_like,homogeneous,high,medium,1,0,2908000,true,accepted_all_graph_and_bin_checks,0.75,0.45
EXP-07,exp07_n64_chain_like_homogeneous_rhmedium_s02,n64_chain_like_homogeneous_rhmedium,64,chain_like,homogeneous,high,medium,2,0,2909000,true,accepted_all_graph_and_bin_checks,0.75,0.45
EXP-07,exp07_n64_chain_like_homogeneous_rhmedium_s03,n64_chain_like_homogeneous_rhmedium,64,chain_like,homogeneous,high,medium,3,0,2910000,true,accepted_all_graph_and_bin_checks,0.75,0.45
EXP-07,exp07_n64_chain_like_homogeneous_rhmedium_s04,n64_chain_like_homogeneous_rhmedium,64,chain_like,homogeneous,high,medium,4,0,2911000,true,accepted_all_graph_and_bin_checks,0.75,0.45
EXP-07,exp07_n64_chain_like_homogeneous_rhmedium_s05,n64_chain_like_homogeneous_rhmedium,64,chain_like,homogeneous,high,medium,5,0,2912000,true,accepted_all_graph_and_bin_checks,0.75,0.45
EXP-07,exp07_n64_chain_like_homogeneous_rhmedium_s06,n64_chain_like_homogeneous_rhmedium,64,chain_like,homogeneous,high,medium,6,0,2913000,true,accepted_all_graph_and_bin_checks,0.75,0.45
EXP-07,exp07_n64_chain_like_homogeneous_rhmedium_s07,n64_chain_like_homogeneous_rhmedium,64,chain_like,homogeneous,high,medium,7,0,2914000,true,accepted_all_graph_and_bin_checks,0.75,0.45
EXP-07,exp07_n64_chain_like_homogeneous_rhmedium_s08,n64_chain_like_homogeneous_rhmedium,64,chain_like,homogeneous,high,medium,8,0,2915000,true,accepted_all_graph_and_bin_checks,0.75,0.45
EXP-07,exp07_n64_chain_like_homogeneous_rhmedium_s09,n64_chain_like_homogeneous_rhmedium,64,chain_like,homogeneous,high,medium,9,0,2916000,true,accepted_all_graph_and_bin_checks,0.75,0.45
EXP-07,exp07_n64_chain_like_homogeneous_rhmedium_s10,n64_chain_like_homogeneous_rhmedium,64,chain_like,homogeneous,high,medium,10,0,2917000,true,accepted_all_graph_and_bin_checks,0.75,0.45
EXP-07,exp07_n64_chain_like_homogeneous_rhmedium_s11,n64_chain_like_homogeneous_rhmedium,64,chain_like,homogeneous,high,medium,11,0,2918000,true,accepted_all_graph_and_bin_checks,0.75,0.45
EXP-07,exp07_n64_chain_like_homogeneous_rhmedium_s12,n64_chain_like_homogeneous_rhmedium,64,chain_like,homogeneous,high,medium,12,0,2919000,true,accepted_all_graph_and_bin_checks,0.75,0.45
EXP-07,exp07_n64_chain_like_homogeneous_rhmedium_s13,n64_chain_like_homogeneous_rhmedium,64,chain_like,homogeneous,high,medium,13,0,2920000,true,accepted_all_graph_and_bin_checks,0.75,0.45
EXP-07,exp07_n64_chain_like_homogeneous_rhmedium_s14,n64_chain_like_homogeneous_rhmedium,64,chain_like,homogeneous,high,medium,14,0,2921000,true,accepted_all_graph_and_bin_checks,0.75,0.45
EXP-07,exp07_n64_chain_like_homogeneous_rhmedium_s15,n64_chain_like_homogeneous_rhmedium,64,chain_like,homogeneous,high,medium,15,0,2922000,true,accepted_all_graph_and_bin_checks,0.75,0.45
EXP-07,exp07_n64_chain_like_homogeneous_rhmedium_s16,n64_chain_like_homogeneous_rhmedium,64,chain_like,homogeneous,high,medium,16,0,2923000,true,accepted_all_graph_and_bin_checks,0.75,0.45
EXP-07,exp07_n64_chain_like_homogeneous_rhmedium_s17,n64_chain_like_homogeneous_rhmedium,64,chain_like,homogeneous,high,medium,17,0,2924000,true,accepted_all_graph_and_bin_checks,0.75,0.45
EXP-07,exp07_n64_chain_like_homogeneous_rhmedium_s18,n64_chain_like_homogeneous_rhmedium,64,chain_like,homogeneous,high,medium,18,0,2925000,true,accepted_all_graph_and_bin_checks,0.75,0.45
EXP-07,exp07_n64_chain_like_homogeneous_rhmedium_s19,n64_chain_like_homogeneous_rhmedium,64,chain_like,homogeneous,high,medium,19,0,2926000,true,accepted_all_graph_and_bin_checks,0.75,0.45
EXP-07,exp07_n64_chain_like_homogeneous_rhhigh_s00,n64_chain_like_homogeneous_rhhigh,64,chain_like,homogeneous,high,high,0,0,2907000,true,accepted_all_graph_and_bin_checks,0.75,0.75
EXP-07,exp07_n64_chain_like_homogeneous_rhhigh_s01,n64_chain_like_homogeneous_rhhigh,64,chain_like,homogeneous,high,high,1,0,2908000,true,accepted_all_graph_and_bin_checks,0.75,0.75
EXP-07,exp07_n64_chain_like_homogeneous_rhhigh_s02,n64_chain_like_homogeneous_rhhigh,64,chain_like,homogeneous,high,high,2,0,2909000,true,accepted_all_graph_and_bin_checks,0.75,0.75
EXP-07,exp07_n64_chain_like_homogeneous_rhhigh_s03,n64_chain_like_homogeneous_rhhigh,64,chain_like,homogeneous,high,high,3,0,2910000,true,accepted_all_graph_and_bin_checks,0.75,0.75
EXP-07,exp07_n64_chain_like_homogeneous_rhhigh_s04,n64_chain_like_homogeneous_rhhigh,64,chain_like,homogeneous,high,high,4,0,2911000,true,accepted_all_graph_and_bin_checks,0.75,0.75
EXP-07,exp07_n64_chain_like_homogeneous_rhhigh_s05,n64_chain_like_homogeneous_rhhigh,64,chain_like,homogeneous,high,high,5,0,2912000,true,accepted_all_graph_and_bin_checks,0.75,0.75
EXP-07,exp07_n64_chain_like_homogeneous_rhhigh_s06,n64_chain_like_homogeneous_rhhigh,64,chain_like,homogeneous,high,high,6,0,2913000,true,accepted_all_graph_and_bin_checks,0.75,0.75
EXP-07,exp07_n64_chain_like_homogeneous_rhhigh_s07,n64_chain_like_homogeneous_rhhigh,64,chain_like,homogeneous,high,high,7,0,2914000,true,accepted_all_graph_and_bin_checks,0.75,0.75
EXP-07,exp07_n64_chain_like_homogeneous_rhhigh_s08,n64_chain_like_homogeneous_rhhigh,64,chain_like,homogeneous,high,high,8,0,2915000,true,accepted_all_graph_and_bin_checks,0.75,0.75
EXP-07,exp07_n64_chain_like_homogeneous_rhhigh_s09,n64_chain_like_homogeneous_rhhigh,64,chain_like,homogeneous,high,high,9,0,2916000,true,accepted_all_graph_and_bin_checks,0.75,0.75
EXP-07,exp07_n64_chain_like_homogeneous_rhhigh_s10,n64_chain_like_homogeneous_rhhigh,64,chain_like,homogeneous,high,high,10,0,2917000,true,accepted_all_graph_and_bin_checks,0.75,0.75
EXP-07,exp07_n64_chain_like_homogeneous_rhhigh_s11,n64_chain_like_homogeneous_rhhigh,64,chain_like,homogeneous,high,high,11,0,2918000,true,accepted_all_graph_and_bin_checks,0.75,0.75
EXP-07,exp07_n64_chain_like_homogeneous_rhhigh_s12,n64_chain_like_homogeneous_rhhigh,64,chain_like,homogeneous,high,high,12,0,2919000,true,accepted_all_graph_and_bin_checks,0.75,0.75
EXP-07,exp07_n64_chain_like_homogeneous_rhhigh_s13,n64_chain_like_homogeneous_rhhigh,64,chain_like,homogeneous,high,high,13,0,2920000,true,accepted_all_graph_and_bin_checks,0.75,0.75
EXP-07,exp07_n64_chain_like_homogeneous_rhhigh_s14,n64_chain_like_homogeneous_rhhigh,64,chain_like,homogeneous,high,high,14,0,2921000,true,accepted_all_graph_and_bin_checks,0.75,0.75
EXP-07,exp07_n64_chain_like_homogeneous_rhhigh_s15,n64_chain_like_homogeneous_rhhigh,64,chain_like,homogeneous,high,high,15,0,2922000,true,accepted_all_graph_and_bin_checks,0.75,0.75
EXP-07,exp07_n64_chain_like_homogeneous_rhhigh_s16,n64_chain_like_homogeneous_rhhigh,64,chain_like,homogeneous,high,high,16,0,2923000,true,accepted_all_graph_and_bin_checks,0.75,0.75
EXP-07,exp07_n64_chain_like_homogeneous_rhhigh_s17,n64_chain_like_homogeneous_rhhigh,64,chain_like,homogeneous,high,high,17,0,2924000,true,accepted_all_graph_and_bin_checks,0.75,0.75
EXP-07,exp07_n64_chain_like_homogeneous_rhhigh_s18,n64_chain_like_homogeneous_rhhigh,64,chain_like,homogeneous,high,high,18,0,2925000,true,accepted_all_graph_and_bin_checks,0.75,0.75
EXP-07,exp07_n64_chain_like_homogeneous_rhhigh_s19,n64_chain_like_homogeneous_rhhigh,64,chain_like,homogeneous,high,high,19,0,2926000,true,accepted_all_graph_and_bin_checks,0.75,0.75
EXP-07,exp07_n64_chain_like_lognormal_rhlow_s00,n64_chain_like_lognormal_rhlow,64,chain_like,lognormal,high,low,0,0,3007000,true,accepted_all_graph_and_bin_checks,0.8,0.1818181818181818181818181818
EXP-07,exp07_n64_chain_like_lognormal_rhlow_s01,n64_chain_like_lognormal_rhlow,64,chain_like,lognormal,high,low,1,0,3008000,true,accepted_all_graph_and_bin_checks,0.8085106382978723404255319149,0.1743119266055045871559633028
EXP-07,exp07_n64_chain_like_lognormal_rhlow_s02,n64_chain_like_lognormal_rhlow,64,chain_like,lognormal,high,low,2,0,3009000,true,accepted_all_graph_and_bin_checks,0.82,0.1855203619909502262443438914
EXP-07,exp07_n64_chain_like_lognormal_rhlow_s03,n64_chain_like_lognormal_rhlow,64,chain_like,lognormal,high,low,3,0,3010000,true,accepted_all_graph_and_bin_checks,0.8043478260869565217391304348,0.1859296482412060301507537688
EXP-07,exp07_n64_chain_like_lognormal_rhlow_s04,n64_chain_like_lognormal_rhlow,64,chain_like,lognormal,high,low,4,0,3011000,true,accepted_all_graph_and_bin_checks,0.7733333333333333333333333333,0.1757575757575757575757575758
EXP-07,exp07_n64_chain_like_lognormal_rhlow_s05,n64_chain_like_lognormal_rhlow,64,chain_like,lognormal,high,low,5,0,3012000,true,accepted_all_graph_and_bin_checks,0.7857142857142857142857142857,0.1864406779661016949152542373
EXP-07,exp07_n64_chain_like_lognormal_rhlow_s06,n64_chain_like_lognormal_rhlow,64,chain_like,lognormal,high,low,6,0,3013000,true,accepted_all_graph_and_bin_checks,0.796875,0.1789473684210526315789473684
EXP-07,exp07_n64_chain_like_lognormal_rhlow_s07,n64_chain_like_lognormal_rhlow,64,chain_like,lognormal,high,low,7,0,3014000,true,accepted_all_graph_and_bin_checks,0.7862068965517241379310344828,0.1868852459016393442622950820
EXP-07,exp07_n64_chain_like_lognormal_rhlow_s08,n64_chain_like_lognormal_rhlow,64,chain_like,lognormal,high,low,8,0,3015000,true,accepted_all_graph_and_bin_checks,0.8181818181818181818181818182,0.1836734693877551020408163265
EXP-07,exp07_n64_chain_like_lognormal_rhlow_s09,n64_chain_like_lognormal_rhlow,64,chain_like,lognormal,high,low,9,0,3016000,true,accepted_all_graph_and_bin_checks,0.7647058823529411764705882353,0.1780821917808219178082191781
EXP-07,exp07_n64_chain_like_lognormal_rhlow_s10,n64_chain_like_lognormal_rhlow,64,chain_like,lognormal,high,low,10,0,3017000,true,accepted_all_graph_and_bin_checks,0.8026315789473684210526315789,0.1842900302114803625377643505
EXP-07,exp07_n64_chain_like_lognormal_rhlow_s11,n64_chain_like_lognormal_rhlow,64,chain_like,lognormal,high,low,11,0,3018000,true,accepted_all_graph_and_bin_checks,0.7638888888888888888888888889,0.1774193548387096774193548387
EXP-07,exp07_n64_chain_like_lognormal_rhlow_s12,n64_chain_like_lognormal_rhlow,64,chain_like,lognormal,high,low,12,0,3019000,true,accepted_all_graph_and_bin_checks,0.8082191780821917808219178082,0.1740412979351032448377581121
EXP-07,exp07_n64_chain_like_lognormal_rhlow_s13,n64_chain_like_lognormal_rhlow,64,chain_like,lognormal,high,low,13,0,3020000,true,accepted_all_graph_and_bin_checks,0.7730496453900709219858156028,0.1755233494363929146537842190
EXP-07,exp07_n64_chain_like_lognormal_rhlow_s14,n64_chain_like_lognormal_rhlow,64,chain_like,lognormal,high,low,14,0,3021000,true,accepted_all_graph_and_bin_checks,0.8243243243243243243243243243,0.1757925072046109510086455331
EXP-07,exp07_n64_chain_like_lognormal_rhlow_s15,n64_chain_like_lognormal_rhlow,64,chain_like,lognormal,high,low,15,0,3022000,true,accepted_all_graph_and_bin_checks,0.7922077922077922077922077922,0.1747851002865329512893982808
EXP-07,exp07_n64_chain_like_lognormal_rhlow_s16,n64_chain_like_lognormal_rhlow,64,chain_like,lognormal,high,low,16,0,3023000,true,accepted_all_graph_and_bin_checks,0.8037974683544303797468354430,0.1854014598540145985401459854
EXP-07,exp07_n64_chain_like_lognormal_rhlow_s17,n64_chain_like_lognormal_rhlow,64,chain_like,lognormal,high,low,17,0,3024000,true,accepted_all_graph_and_bin_checks,0.8235294117647058823529411765,0.175
EXP-07,exp07_n64_chain_like_lognormal_rhlow_s18,n64_chain_like_lognormal_rhlow,64,chain_like,lognormal,high,low,18,0,3025000,true,accepted_all_graph_and_bin_checks,0.8278145695364238410596026490,0.1793400286944045911047345768
EXP-07,exp07_n64_chain_like_lognormal_rhlow_s19,n64_chain_like_lognormal_rhlow,64,chain_like,lognormal,high,low,19,0,3026000,true,accepted_all_graph_and_bin_checks,0.8,0.1818181818181818181818181818
EXP-07,exp07_n64_chain_like_lognormal_rhmedium_s00,n64_chain_like_lognormal_rhmedium,64,chain_like,lognormal,high,medium,0,0,3007000,true,accepted_all_graph_and_bin_checks,0.8,0.4444444444444444444444444444
EXP-07,exp07_n64_chain_like_lognormal_rhmedium_s01,n64_chain_like_lognormal_rhmedium,64,chain_like,lognormal,high,medium,1,0,3008000,true,accepted_all_graph_and_bin_checks,0.8085106382978723404255319149,0.4578313253012048192771084337
EXP-07,exp07_n64_chain_like_lognormal_rhmedium_s02,n64_chain_like_lognormal_rhmedium,64,chain_like,lognormal,high,medium,2,0,3009000,true,accepted_all_graph_and_bin_checks,0.82,0.4530386740331491712707182320
EXP-07,exp07_n64_chain_like_lognormal_rhmedium_s03,n64_chain_like_lognormal_rhmedium,64,chain_like,lognormal,high,medium,3,0,3010000,true,accepted_all_graph_and_bin_checks,0.8043478260869565217391304348,0.4512195121951219512195121951
EXP-07,exp07_n64_chain_like_lognormal_rhmedium_s04,n64_chain_like_lognormal_rhmedium,64,chain_like,lognormal,high,medium,4,0,3011000,true,accepted_all_graph_and_bin_checks,0.7733333333333333333333333333,0.4405063291139240506329113924
EXP-07,exp07_n64_chain_like_lognormal_rhmedium_s05,n64_chain_like_lognormal_rhmedium,64,chain_like,lognormal,high,medium,5,0,3012000,true,accepted_all_graph_and_bin_checks,0.7857142857142857142857142857,0.4489795918367346938775510204
EXP-07,exp07_n64_chain_like_lognormal_rhmedium_s06,n64_chain_like_lognormal_rhmedium,64,chain_like,lognormal,high,medium,6,0,3013000,true,accepted_all_graph_and_bin_checks,0.796875,0.4567164179104477611940298507
EXP-07,exp07_n64_chain_like_lognormal_rhmedium_s07,n64_chain_like_lognormal_rhmedium,64,chain_like,lognormal,high,medium,7,0,3014000,true,accepted_all_graph_and_bin_checks,0.7862068965517241379310344828,0.4497041420118343195266272189
EXP-07,exp07_n64_chain_like_lognormal_rhmedium_s08,n64_chain_like_lognormal_rhmedium,64,chain_like,lognormal,high,medium,8,0,3015000,true,accepted_all_graph_and_bin_checks,0.8181818181818181818181818182,0.45
EXP-07,exp07_n64_chain_like_lognormal_rhmedium_s09,n64_chain_like_lognormal_rhmedium,64,chain_like,lognormal,high,medium,9,0,3016000,true,accepted_all_graph_and_bin_checks,0.7647058823529411764705882353,0.4482758620689655172413793103
EXP-07,exp07_n64_chain_like_lognormal_rhmedium_s10,n64_chain_like_lognormal_rhmedium,64,chain_like,lognormal,high,medium,10,0,3017000,true,accepted_all_graph_and_bin_checks,0.8026315789473684210526315789,0.4485294117647058823529411765
EXP-07,exp07_n64_chain_like_lognormal_rhmedium_s11,n64_chain_like_lognormal_rhmedium,64,chain_like,lognormal,high,medium,11,0,3018000,true,accepted_all_graph_and_bin_checks,0.7638888888888888888888888889,0.4471544715447154471544715447
EXP-07,exp07_n64_chain_like_lognormal_rhmedium_s12,n64_chain_like_lognormal_rhmedium,64,chain_like,lognormal,high,medium,12,0,3019000,true,accepted_all_graph_and_bin_checks,0.8082191780821917808219178082,0.4573643410852713178294573643
EXP-07,exp07_n64_chain_like_lognormal_rhmedium_s13,n64_chain_like_lognormal_rhmedium,64,chain_like,lognormal,high,medium,13,0,3020000,true,accepted_all_graph_and_bin_checks,0.7730496453900709219858156028,0.4401076716016150740242261104
EXP-07,exp07_n64_chain_like_lognormal_rhmedium_s14,n64_chain_like_lognormal_rhmedium,64,chain_like,lognormal,high,medium,14,0,3021000,true,accepted_all_graph_and_bin_checks,0.8243243243243243243243243243,0.4603773584905660377358490566
EXP-07,exp07_n64_chain_like_lognormal_rhmedium_s15,n64_chain_like_lognormal_rhmedium,64,chain_like,lognormal,high,medium,15,0,3022000,true,accepted_all_graph_and_bin_checks,0.7922077922077922077922077922,0.4496314496314496314496314496
EXP-07,exp07_n64_chain_like_lognormal_rhmedium_s16,n64_chain_like_lognormal_rhmedium,64,chain_like,lognormal,high,medium,16,0,3023000,true,accepted_all_graph_and_bin_checks,0.8037974683544303797468354430,0.4503546099290780141843971631
EXP-07,exp07_n64_chain_like_lognormal_rhmedium_s17,n64_chain_like_lognormal_rhmedium,64,chain_like,lognormal,high,medium,17,0,3024000,true,accepted_all_graph_and_bin_checks,0.8235294117647058823529411765,0.4590163934426229508196721311
EXP-07,exp07_n64_chain_like_lognormal_rhmedium_s18,n64_chain_like_lognormal_rhmedium,64,chain_like,lognormal,high,medium,18,0,3025000,true,accepted_all_graph_and_bin_checks,0.8278145695364238410596026490,0.4448398576512455516014234875
EXP-07,exp07_n64_chain_like_lognormal_rhmedium_s19,n64_chain_like_lognormal_rhmedium,64,chain_like,lognormal,high,medium,19,0,3026000,true,accepted_all_graph_and_bin_checks,0.8,0.4444444444444444444444444444
EXP-07,exp07_n64_chain_like_lognormal_rhhigh_s00,n64_chain_like_lognormal_rhhigh,64,chain_like,lognormal,high,high,0,0,3007000,true,accepted_all_graph_and_bin_checks,0.8,0.75
EXP-07,exp07_n64_chain_like_lognormal_rhhigh_s01,n64_chain_like_lognormal_rhhigh,64,chain_like,lognormal,high,high,1,0,3008000,true,accepted_all_graph_and_bin_checks,0.8085106382978723404255319149,0.7509881422924901185770750988
EXP-07,exp07_n64_chain_like_lognormal_rhhigh_s02,n64_chain_like_lognormal_rhhigh,64,chain_like,lognormal,high,high,2,0,3009000,true,accepted_all_graph_and_bin_checks,0.82,0.7522935779816513761467889908
EXP-07,exp07_n64_chain_like_lognormal_rhhigh_s03,n64_chain_like_lognormal_rhhigh,64,chain_like,lognormal,high,high,3,0,3010000,true,accepted_all_graph_and_bin_checks,0.8043478260869565217391304348,0.7493670886075949367088607595
EXP-07,exp07_n64_chain_like_lognormal_rhhigh_s04,n64_chain_like_lognormal_rhhigh,64,chain_like,lognormal,high,high,4,0,3011000,true,accepted_all_graph_and_bin_checks,0.7733333333333333333333333333,0.7490774907749077490774907749
EXP-07,exp07_n64_chain_like_lognormal_rhhigh_s05,n64_chain_like_lognormal_rhhigh,64,chain_like,lognormal,high,high,5,0,3012000,true,accepted_all_graph_and_bin_checks,0.7857142857142857142857142857,0.75
EXP-07,exp07_n64_chain_like_lognormal_rhhigh_s06,n64_chain_like_lognormal_rhhigh,64,chain_like,lognormal,high,high,6,0,3013000,true,accepted_all_graph_and_bin_checks,0.796875,0.7511045655375552282768777614
EXP-07,exp07_n64_chain_like_lognormal_rhhigh_s07,n64_chain_like_lognormal_rhhigh,64,chain_like,lognormal,high,high,7,0,3014000,true,accepted_all_graph_and_bin_checks,0.7862068965517241379310344828,0.7505486466715435259692757864
EXP-07,exp07_n64_chain_like_lognormal_rhhigh_s08,n64_chain_like_lognormal_rhhigh,64,chain_like,lognormal,high,high,8,0,3015000,true,accepted_all_graph_and_bin_checks,0.8181818181818181818181818182,0.75
EXP-07,exp07_n64_chain_like_lognormal_rhhigh_s09,n64_chain_like_lognormal_rhhigh,64,chain_like,lognormal,high,high,9,0,3016000,true,accepted_all_graph_and_bin_checks,0.7647058823529411764705882353,0.75
EXP-07,exp07_n64_chain_like_lognormal_rhhigh_s10,n64_chain_like_lognormal_rhhigh,64,chain_like,lognormal,high,high,10,0,3017000,true,accepted_all_graph_and_bin_checks,0.8026315789473684210526315789,0.7488839285714285714285714286
EXP-07,exp07_n64_chain_like_lognormal_rhhigh_s11,n64_chain_like_lognormal_rhhigh,64,chain_like,lognormal,high,high,11,0,3018000,true,accepted_all_graph_and_bin_checks,0.7638888888888888888888888889,0.7502623294858342077649527807
EXP-07,exp07_n64_chain_like_lognormal_rhhigh_s12,n64_chain_like_lognormal_rhhigh,64,chain_like,lognormal,high,high,12,0,3019000,true,accepted_all_graph_and_bin_checks,0.8082191780821917808219178082,0.7506361323155216284987277354
EXP-07,exp07_n64_chain_like_lognormal_rhhigh_s13,n64_chain_like_lognormal_rhhigh,64,chain_like,lognormal,high,high,13,0,3020000,true,accepted_all_graph_and_bin_checks,0.7730496453900709219858156028,0.7487733071638861629048086359
EXP-07,exp07_n64_chain_like_lognormal_rhhigh_s14,n64_chain_like_lognormal_rhhigh,64,chain_like,lognormal,high,high,14,0,3021000,true,accepted_all_graph_and_bin_checks,0.8243243243243243243243243243,0.7491228070175438596491228070
EXP-07,exp07_n64_chain_like_lognormal_rhhigh_s15,n64_chain_like_lognormal_rhhigh,64,chain_like,lognormal,high,high,15,0,3022000,true,accepted_all_graph_and_bin_checks,0.7922077922077922077922077922,0.7497206703910614525139664804
EXP-07,exp07_n64_chain_like_lognormal_rhhigh_s16,n64_chain_like_lognormal_rhhigh,64,chain_like,lognormal,high,high,16,0,3023000,true,accepted_all_graph_and_bin_checks,0.8037974683544303797468354430,0.7502685284640171858216970999
EXP-07,exp07_n64_chain_like_lognormal_rhhigh_s17,n64_chain_like_lognormal_rhhigh,64,chain_like,lognormal,high,high,17,0,3024000,true,accepted_all_graph_and_bin_checks,0.8235294117647058823529411765,0.75
EXP-07,exp07_n64_chain_like_lognormal_rhhigh_s18,n64_chain_like_lognormal_rhhigh,64,chain_like,lognormal,high,high,18,0,3025000,true,accepted_all_graph_and_bin_checks,0.8278145695364238410596026490,0.7503001200480192076830732293
EXP-07,exp07_n64_chain_like_lognormal_rhhigh_s19,n64_chain_like_lognormal_rhhigh,64,chain_like,lognormal,high,high,19,0,3026000,true,accepted_all_graph_and_bin_checks,0.8,0.75
