experiment_id,scenario_id,schedule_kind,record_type,task_id,phase_id,agent,resource,start,end,duration,request_time,waiting_before
EXP-04B,exp04b_m01_ro000_lh00,baseline,phase,t01,human_1,2,human,1.50,2.25,0.75,0,1.50
EXP-04B,exp04b_m01_ro000_lh00,baseline,phase,t01,agent_1,2,agent,2.25,6.75,4.50,,0
EXP-04B,exp04b_m01_ro000_lh00,baseline,phase,t01,human_2,2,human,6.75,7.50,0.75,6.75,0.00
EXP-04B,exp04b_m01_ro000_lh00,baseline,phase,t02,human_1,1,human,0,1.50,1.50,0,0
EXP-04B,exp04b_m01_ro000_lh00,baseline,phase,t02,agent_1,1,agent,1.50,10.50,9.00,,0
EXP-04B,exp04b_m01_ro000_lh00,baseline,phase,t02,human_2,1,human,10.50,12.00,1.50,10.50,0.00
EXP-04B,exp04b_m01_ro000_lh00,baseline,phase,t03,human_1,2,human,15.00,17.25,2.25,12.00,3.00
EXP-04B,exp04b_m01_ro000_lh00,baseline,phase,t03,agent_1,2,agent,17.25,30.75,13.50,,0
EXP-04B,exp04b_m01_ro000_lh00,baseline,phase,t03,human_2,2,human,30.75,33.00,2.25,30.75,0.00
EXP-04B,exp04b_m01_ro000_lh00,baseline,phase,t04_part_01,specification,1,human,12.00,15.00,3.00,12.00,0.00
EXP-04B,exp04b_m01_ro000_lh00,baseline,phase,t04_part_01,implementation,1,agent,15.00,33.00,18.00,,0
EXP-04B,exp04b_m01_ro000_lh00,baseline,phase,t04_join,acceptance,1,human,33.00,36.00,3.00,33.00,0.00
EXP-04B,exp04b_m01_ro000_lh00,baseline,wait,t01,human_1,2,human_queue,0,1.50,1.50,0,1.50
EXP-04B,exp04b_m01_ro000_lh00,baseline,wait,t03,human_1,2,human_queue,12.00,15.00,3.00,12.00,3.00
EXP-04B,exp04b_m01_ro000_lh00,exact,phase,t01,human_1,4,human,1.50000,2.25000,0.75000,1.50000,0.00000
EXP-04B,exp04b_m01_ro000_lh00,exact,phase,t01,agent_1,4,agent,2.25000,6.75000,4.50000,,0
EXP-04B,exp04b_m01_ro000_lh00,exact,phase,t01,human_2,4,human,6.75000,7.50000,0.75000,6.75000,0.00000
EXP-04B,exp04b_m01_ro000_lh00,exact,phase,t02,human_1,3,human,0.00000,1.50000,1.50000,0.00000,0.00000
EXP-04B,exp04b_m01_ro000_lh00,exact,phase,t02,agent_1,3,agent,1.50000,10.50000,9.00000,,0
EXP-04B,exp04b_m01_ro000_lh00,exact,phase,t02,human_2,3,human,10.50000,12.00000,1.50000,10.50000,0.00000
EXP-04B,exp04b_m01_ro000_lh00,exact,phase,t03,human_1,1,human,15.00000,17.25000,2.25000,15.00000,0.00000
EXP-04B,exp04b_m01_ro000_lh00,exact,phase,t03,agent_1,1,agent,17.25000,30.75000,13.50000,,0
EXP-04B,exp04b_m01_ro000_lh00,exact,phase,t03,human_2,1,human,30.75000,33.00000,2.25000,30.75000,0.00000
EXP-04B,exp04b_m01_ro000_lh00,exact,phase,t04_part_01,specification,4,human,12.00000,15.00000,3.00000,12.00000,0.00000
EXP-04B,exp04b_m01_ro000_lh00,exact,phase,t04_part_01,implementation,4,agent,15.00000,33.00000,18.00000,,0
EXP-04B,exp04b_m01_ro000_lh00,exact,phase,t04_join,acceptance,1,human,33.00000,36.00000,3.00000,33.00000,0.00000
EXP-04B,exp04b_m02_ro000_lh00,baseline,phase,t01,human_1,2,human,1.50,2.25,0.75,0,1.50
EXP-04B,exp04b_m02_ro000_lh00,baseline,phase,t01,agent_1,2,agent,2.25,6.75,4.50,,0
EXP-04B,exp04b_m02_ro000_lh00,baseline,phase,t01,human_2,2,human,6.75,7.50,0.75,6.75,0.00
EXP-04B,exp04b_m02_ro000_lh00,baseline,phase,t02,human_1,1,human,0,1.50,1.50,0,0
EXP-04B,exp04b_m02_ro000_lh00,baseline,phase,t02,agent_1,1,agent,1.50,10.50,9.00,,0
EXP-04B,exp04b_m02_ro000_lh00,baseline,phase,t02,human_2,1,human,10.50,12.00,1.50,10.50,0.00
EXP-04B,exp04b_m02_ro000_lh00,baseline,phase,t03,human_1,1,human,12.00,14.25,2.25,12.00,0.00
EXP-04B,exp04b_m02_ro000_lh00,baseline,phase,t03,agent_1,1,agent,14.25,27.75,13.50,,0
EXP-04B,exp04b_m02_ro000_lh00,baseline,phase,t03,human_2,1,human,29.25,31.50,2.25,27.75,1.50
EXP-04B,exp04b_m02_ro000_lh00,baseline,phase,t04_part_01,specification,2,human,14.25,15.75,1.50,12.00,2.25
EXP-04B,exp04b_m02_ro000_lh00,baseline,phase,t04_part_01,implementation,2,agent,15.75,24.75,9.00,,0
EXP-04B,exp04b_m02_ro000_lh00,baseline,phase,t04_part_02,specification,3,human,15.75,17.25,1.50,12.00,3.75
EXP-04B,exp04b_m02_ro000_lh00,baseline,phase,t04_part_02,implementation,3,agent,17.25,26.25,9.00,,0
EXP-04B,exp04b_m02_ro000_lh00,baseline,phase,t04_join,acceptance,2,human,26.25,29.25,3.00,26.25,0.00
EXP-04B,exp04b_m02_ro000_lh00,baseline,wait,t01,human_1,2,human_queue,0,1.50,1.50,0,1.50
EXP-04B,exp04b_m02_ro000_lh00,baseline,wait,t03,human_2,1,human_queue,27.75,29.25,1.50,27.75,1.50
EXP-04B,exp04b_m02_ro000_lh00,baseline,wait,t04_part_01,specification,2,human_queue,12.00,14.25,2.25,12.00,2.25
EXP-04B,exp04b_m02_ro000_lh00,baseline,wait,t04_part_02,specification,3,human_queue,12.00,15.75,3.75,12.00,3.75
EXP-04B,exp04b_m02_ro000_lh00,exact,phase,t01,human_1,4,human,1.50000,2.25000,0.75000,1.50000,0.00000
EXP-04B,exp04b_m02_ro000_lh00,exact,phase,t01,agent_1,4,agent,2.25000,6.75000,4.50000,,0
EXP-04B,exp04b_m02_ro000_lh00,exact,phase,t01,human_2,4,human,6.75000,7.50000,0.75000,6.75000,0.00000
EXP-04B,exp04b_m02_ro000_lh00,exact,phase,t02,human_1,1,human,0.00000,1.50000,1.50000,0.00000,0.00000
EXP-04B,exp04b_m02_ro000_lh00,exact,phase,t02,agent_1,1,agent,1.50000,10.50000,9.00000,,0
EXP-04B,exp04b_m02_ro000_lh00,exact,phase,t02,human_2,1,human,10.50000,12.00000,1.50000,10.50000,0.00000
EXP-04B,exp04b_m02_ro000_lh00,exact,phase,t03,human_1,3,human,13.50000,15.75000,2.25000,13.50000,0.00000
EXP-04B,exp04b_m02_ro000_lh00,exact,phase,t03,agent_1,3,agent,15.75000,29.25000,13.50000,,0
EXP-04B,exp04b_m02_ro000_lh00,exact,phase,t03,human_2,3,human,29.25000,31.50000,2.25000,29.25000,0.00000
EXP-04B,exp04b_m02_ro000_lh00,exact,phase,t04_part_01,specification,2,human,12.00000,13.50000,1.50000,12.00000,0.00000
EXP-04B,exp04b_m02_ro000_lh00,exact,phase,t04_part_01,implementation,2,agent,13.50000,22.50000,9.00000,,0
EXP-04B,exp04b_m02_ro000_lh00,exact,phase,t04_part_02,specification,4,human,15.75000,17.25000,1.50000,15.75000,0.00000
EXP-04B,exp04b_m02_ro000_lh00,exact,phase,t04_part_02,implementation,4,agent,17.25000,26.25000,9.00000,,0
EXP-04B,exp04b_m02_ro000_lh00,exact,phase,t04_join,acceptance,1,human,26.25000,29.25000,3.00000,26.25000,0.00000
EXP-04B,exp04b_m02_ro025_lh00,baseline,phase,t01,human_1,2,human,1.50,2.25,0.75,0,1.50
EXP-04B,exp04b_m02_ro025_lh00,baseline,phase,t01,agent_1,2,agent,2.25,6.75,4.50,,0
EXP-04B,exp04b_m02_ro025_lh00,baseline,phase,t01,human_2,2,human,6.75,7.50,0.75,6.75,0.00
EXP-04B,exp04b_m02_ro025_lh00,baseline,phase,t02,human_1,1,human,0,1.50,1.50,0,0
EXP-04B,exp04b_m02_ro025_lh00,baseline,phase,t02,agent_1,1,agent,1.50,10.50,9.00,,0
EXP-04B,exp04b_m02_ro025_lh00,baseline,phase,t02,human_2,1,human,10.50,12.00,1.50,10.50,0.00
EXP-04B,exp04b_m02_ro025_lh00,baseline,phase,t03,human_1,1,human,12.00,14.25,2.25,12.00,0.00
EXP-04B,exp04b_m02_ro025_lh00,baseline,phase,t03,agent_1,1,agent,14.25,27.75,13.50,,0
EXP-04B,exp04b_m02_ro025_lh00,baseline,phase,t03,human_2,1,human,29.700,31.950,2.250,27.75,1.950
EXP-04B,exp04b_m02_ro025_lh00,baseline,phase,t04_part_01,specification,2,human,14.25,15.750,1.500,12.00,2.25
EXP-04B,exp04b_m02_ro025_lh00,baseline,phase,t04_part_01,implementation,2,agent,15.750,24.900,9.150,,0
EXP-04B,exp04b_m02_ro025_lh00,baseline,phase,t04_part_02,specification,3,human,15.750,17.250,1.500,12.00,3.750
EXP-04B,exp04b_m02_ro025_lh00,baseline,phase,t04_part_02,implementation,3,agent,17.250,26.400,9.150,,0
EXP-04B,exp04b_m02_ro025_lh00,baseline,phase,t04_join,integration,2,agent,26.400,26.700,0.300,,0
EXP-04B,exp04b_m02_ro025_lh00,baseline,phase,t04_join,acceptance,2,human,26.700,29.700,3.000,26.700,0.000
EXP-04B,exp04b_m02_ro025_lh00,baseline,wait,t01,human_1,2,human_queue,0,1.50,1.50,0,1.50
EXP-04B,exp04b_m02_ro025_lh00,baseline,wait,t03,human_2,1,human_queue,27.75,29.700,1.950,27.75,1.950
EXP-04B,exp04b_m02_ro025_lh00,baseline,wait,t04_part_01,specification,2,human_queue,12.00,14.25,2.25,12.00,2.25
EXP-04B,exp04b_m02_ro025_lh00,baseline,wait,t04_part_02,specification,3,human_queue,12.00,15.750,3.750,12.00,3.750
EXP-04B,exp04b_m02_ro025_lh00,exact,phase,t01,human_1,4,human,1.50000,2.25000,0.75000,1.50000,0.00000
EXP-04B,exp04b_m02_ro025_lh00,exact,phase,t01,agent_1,4,agent,2.25000,6.75000,4.50000,,0
EXP-04B,exp04b_m02_ro025_lh00,exact,phase,t01,human_2,4,human,6.75000,7.50000,0.75000,6.75000,0.00000
EXP-04B,exp04b_m02_ro025_lh00,exact,phase,t02,human_1,1,human,0.00000,1.50000,1.50000,0.00000,0.00000
EXP-04B,exp04b_m02_ro025_lh00,exact,phase,t02,agent_1,1,agent,1.50000,10.50000,9.00000,,0
EXP-04B,exp04b_m02_ro025_lh00,exact,phase,t02,human_2,1,human,10.50000,12.00000,1.50000,10.50000,0.00000
EXP-04B,exp04b_m02_ro025_lh00,exact,phase,t03,human_1,3,human,13.50000,15.75000,2.25000,13.50000,0.00000
EXP-04B,exp04b_m02_ro025_lh00,exact,phase,t03,agent_1,3,agent,15.75000,29.25000,13.50000,,0
EXP-04B,exp04b_m02_ro025_lh00,exact,phase,t03,human_2,3,human,29.70000,31.95000,2.25000,29.25000,0.45000
EXP-04B,exp04b_m02_ro025_lh00,exact,phase,t04_part_01,specification,1,human,12.00000,13.50000,1.50000,12.00000,0.00000
EXP-04B,exp04b_m02_ro025_lh00,exact,phase,t04_part_01,implementation,1,agent,13.50000,22.65000,9.15000,,0
EXP-04B,exp04b_m02_ro025_lh00,exact,phase,t04_part_02,specification,4,human,15.75000,17.25000,1.50000,15.75000,0.00000
EXP-04B,exp04b_m02_ro025_lh00,exact,phase,t04_part_02,implementation,4,agent,17.25000,26.40000,9.15000,,0
EXP-04B,exp04b_m02_ro025_lh00,exact,phase,t04_join,integration,2,agent,26.40000,26.70000,0.30000,,0
EXP-04B,exp04b_m02_ro025_lh00,exact,phase,t04_join,acceptance,2,human,26.70000,29.70000,3.00000,26.70000,0.00000
EXP-04B,exp04b_m02_ro025_lh00,exact,wait,t03,human_2,3,human_queue,29.25000,29.70000,0.45000,29.25000,0.45000
EXP-04B,exp04b_m02_ro025_lh05,baseline,phase,t01,human_1,2,human,1.50,2.25,0.75,0,1.50
EXP-04B,exp04b_m02_ro025_lh05,baseline,phase,t01,agent_1,2,agent,2.25,6.75,4.50,,0
EXP-04B,exp04b_m02_ro025_lh05,baseline,phase,t01,human_2,2,human,6.75,7.50,0.75,6.75,0.00
EXP-04B,exp04b_m02_ro025_lh05,baseline,phase,t02,human_1,1,human,0,1.50,1.50,0,0
EXP-04B,exp04b_m02_ro025_lh05,baseline,phase,t02,agent_1,1,agent,1.50,10.50,9.00,,0
EXP-04B,exp04b_m02_ro025_lh05,baseline,phase,t02,human_2,1,human,10.50,12.00,1.50,10.50,0.00
EXP-04B,exp04b_m02_ro025_lh05,baseline,phase,t03,human_1,1,human,12.00,14.25,2.25,12.00,0.00
EXP-04B,exp04b_m02_ro025_lh05,baseline,phase,t03,agent_1,1,agent,14.25,27.75,13.50,,0
EXP-04B,exp04b_m02_ro025_lh05,baseline,phase,t03,human_2,1,human,29.7750,32.0250,2.2500,27.75,2.0250
EXP-04B,exp04b_m02_ro025_lh05,baseline,phase,t04_part_01,specification,2,human,14.25,15.8250,1.5750,12.00,2.25
EXP-04B,exp04b_m02_ro025_lh05,baseline,phase,t04_part_01,implementation,2,agent,15.8250,24.9000,9.0750,,0
EXP-04B,exp04b_m02_ro025_lh05,baseline,phase,t04_part_02,specification,3,human,15.8250,17.4000,1.5750,12.00,3.8250
EXP-04B,exp04b_m02_ro025_lh05,baseline,phase,t04_part_02,implementation,3,agent,17.4000,26.4750,9.0750,,0
EXP-04B,exp04b_m02_ro025_lh05,baseline,phase,t04_join,integration,2,agent,26.4750,26.6250,0.1500,,0
EXP-04B,exp04b_m02_ro025_lh05,baseline,phase,t04_join,acceptance,2,human,26.6250,29.7750,3.1500,26.6250,0.0000
EXP-04B,exp04b_m02_ro025_lh05,baseline,wait,t01,human_1,2,human_queue,0,1.50,1.50,0,1.50
EXP-04B,exp04b_m02_ro025_lh05,baseline,wait,t03,human_2,1,human_queue,27.75,29.7750,2.0250,27.75,2.0250
EXP-04B,exp04b_m02_ro025_lh05,baseline,wait,t04_part_01,specification,2,human_queue,12.00,14.25,2.25,12.00,2.25
EXP-04B,exp04b_m02_ro025_lh05,baseline,wait,t04_part_02,specification,3,human_queue,12.00,15.8250,3.8250,12.00,3.8250
EXP-04B,exp04b_m02_ro025_lh05,exact,phase,t01,human_1,4,human,1.50000,2.25000,0.75000,1.50000,0.00000
EXP-04B,exp04b_m02_ro025_lh05,exact,phase,t01,agent_1,4,agent,2.25000,6.75000,4.50000,,0
EXP-04B,exp04b_m02_ro025_lh05,exact,phase,t01,human_2,4,human,6.75000,7.50000,0.75000,6.75000,0.00000
EXP-04B,exp04b_m02_ro025_lh05,exact,phase,t02,human_1,1,human,0.00000,1.50000,1.50000,0.00000,0.00000
EXP-04B,exp04b_m02_ro025_lh05,exact,phase,t02,agent_1,1,agent,1.50000,10.50000,9.00000,,0
EXP-04B,exp04b_m02_ro025_lh05,exact,phase,t02,human_2,1,human,10.50000,12.00000,1.50000,10.50000,0.00000
EXP-04B,exp04b_m02_ro025_lh05,exact,phase,t03,human_1,3,human,13.57500,15.82500,2.25000,13.57500,0.00000
EXP-04B,exp04b_m02_ro025_lh05,exact,phase,t03,agent_1,3,agent,15.82500,29.32500,13.50000,,0
EXP-04B,exp04b_m02_ro025_lh05,exact,phase,t03,human_2,3,human,29.77500,32.02500,2.25000,29.32500,0.45000
EXP-04B,exp04b_m02_ro025_lh05,exact,phase,t04_part_01,specification,1,human,12.00000,13.57500,1.57500,12.00000,0.00000
EXP-04B,exp04b_m02_ro025_lh05,exact,phase,t04_part_01,implementation,1,agent,13.57500,22.65000,9.07500,,0
EXP-04B,exp04b_m02_ro025_lh05,exact,phase,t04_part_02,specification,4,human,15.82500,17.40000,1.57500,15.82500,0.00000
EXP-04B,exp04b_m02_ro025_lh05,exact,phase,t04_part_02,implementation,4,agent,17.40000,26.47500,9.07500,,0
EXP-04B,exp04b_m02_ro025_lh05,exact,phase,t04_join,integration,2,agent,26.47500,26.62500,0.15000,,0
EXP-04B,exp04b_m02_ro025_lh05,exact,phase,t04_join,acceptance,2,human,26.62500,29.77500,3.15000,26.62500,0.00000
EXP-04B,exp04b_m02_ro025_lh05,exact,wait,t03,human_2,3,human_queue,29.32500,29.77500,0.45000,29.32500,0.45000
EXP-04B,exp04b_m02_ro025_lh10,baseline,phase,t01,human_1,2,human,1.50,2.25,0.75,0,1.50
EXP-04B,exp04b_m02_ro025_lh10,baseline,phase,t01,agent_1,2,agent,2.25,6.75,4.50,,0
EXP-04B,exp04b_m02_ro025_lh10,baseline,phase,t01,human_2,2,human,6.75,7.50,0.75,6.75,0.00
EXP-04B,exp04b_m02_ro025_lh10,baseline,phase,t02,human_1,1,human,0,1.50,1.50,0,0
EXP-04B,exp04b_m02_ro025_lh10,baseline,phase,t02,agent_1,1,agent,1.50,10.50,9.00,,0
EXP-04B,exp04b_m02_ro025_lh10,baseline,phase,t02,human_2,1,human,10.50,12.00,1.50,10.50,0.00
EXP-04B,exp04b_m02_ro025_lh10,baseline,phase,t03,human_1,1,human,12.00,14.25,2.25,12.00,0.00
EXP-04B,exp04b_m02_ro025_lh10,baseline,phase,t03,agent_1,1,agent,14.25,27.75,13.50,,0
EXP-04B,exp04b_m02_ro025_lh10,baseline,phase,t03,human_2,1,human,29.850,32.100,2.250,27.75,2.100
EXP-04B,exp04b_m02_ro025_lh10,baseline,phase,t04_part_01,specification,2,human,14.25,15.900,1.650,12.00,2.25
EXP-04B,exp04b_m02_ro025_lh10,baseline,phase,t04_part_01,implementation,2,agent,15.900,24.900,9.000,,0
EXP-04B,exp04b_m02_ro025_lh10,baseline,phase,t04_part_02,specification,3,human,15.900,17.550,1.650,12.00,3.900
EXP-04B,exp04b_m02_ro025_lh10,baseline,phase,t04_part_02,implementation,3,agent,17.550,26.550,9.000,,0
EXP-04B,exp04b_m02_ro025_lh10,baseline,phase,t04_join,acceptance,2,human,26.550,29.850,3.300,26.550,0.000
EXP-04B,exp04b_m02_ro025_lh10,baseline,wait,t01,human_1,2,human_queue,0,1.50,1.50,0,1.50
EXP-04B,exp04b_m02_ro025_lh10,baseline,wait,t03,human_2,1,human_queue,27.75,29.850,2.100,27.75,2.100
EXP-04B,exp04b_m02_ro025_lh10,baseline,wait,t04_part_01,specification,2,human_queue,12.00,14.25,2.25,12.00,2.25
EXP-04B,exp04b_m02_ro025_lh10,baseline,wait,t04_part_02,specification,3,human_queue,12.00,15.900,3.900,12.00,3.900
EXP-04B,exp04b_m02_ro025_lh10,exact,phase,t01,human_1,4,human,1.50000,2.25000,0.75000,1.50000,0.00000
EXP-04B,exp04b_m02_ro025_lh10,exact,phase,t01,agent_1,4,agent,2.25000,6.75000,4.50000,,0
EXP-04B,exp04b_m02_ro025_lh10,exact,phase,t01,human_2,4,human,6.75000,7.50000,0.75000,6.75000,0.00000
EXP-04B,exp04b_m02_ro025_lh10,exact,phase,t02,human_1,1,human,0.00000,1.50000,1.50000,0.00000,0.00000
EXP-04B,exp04b_m02_ro025_lh10,exact,phase,t02,agent_1,1,agent,1.50000,10.50000,9.00000,,0
EXP-04B,exp04b_m02_ro025_lh10,exact,phase,t02,human_2,1,human,10.50000,12.00000,1.50000,10.50000,0.00000
EXP-04B,exp04b_m02_ro025_lh10,exact,phase,t03,human_1,3,human,13.65000,15.90000,2.25000,13.65000,0.00000
EXP-04B,exp04b_m02_ro025_lh10,exact,phase,t03,agent_1,3,agent,15.90000,29.40000,13.50000,,0
EXP-04B,exp04b_m02_ro025_lh10,exact,phase,t03,human_2,3,human,29.85000,32.10000,2.25000,29.40000,0.45000
EXP-04B,exp04b_m02_ro025_lh10,exact,phase,t04_part_01,specification,2,human,12.00000,13.65000,1.65000,12.00000,0.00000
EXP-04B,exp04b_m02_ro025_lh10,exact,phase,t04_part_01,implementation,2,agent,13.65000,22.65000,9.00000,,0
EXP-04B,exp04b_m02_ro025_lh10,exact,phase,t04_part_02,specification,4,human,15.90000,17.55000,1.65000,15.90000,0.00000
EXP-04B,exp04b_m02_ro025_lh10,exact,phase,t04_part_02,implementation,4,agent,17.55000,26.55000,9.00000,,0
EXP-04B,exp04b_m02_ro025_lh10,exact,phase,t04_join,acceptance,1,human,26.55000,29.85000,3.30000,26.55000,0.00000
EXP-04B,exp04b_m02_ro025_lh10,exact,wait,t03,human_2,3,human_queue,29.40000,29.85000,0.45000,29.40000,0.45000
EXP-04B,exp04b_m02_ro050_lh00,baseline,phase,t01,human_1,2,human,1.50,2.25,0.75,0,1.50
EXP-04B,exp04b_m02_ro050_lh00,baseline,phase,t01,agent_1,2,agent,2.25,6.75,4.50,,0
EXP-04B,exp04b_m02_ro050_lh00,baseline,phase,t01,human_2,2,human,6.75,7.50,0.75,6.75,0.00
EXP-04B,exp04b_m02_ro050_lh00,baseline,phase,t02,human_1,1,human,0,1.50,1.50,0,0
EXP-04B,exp04b_m02_ro050_lh00,baseline,phase,t02,agent_1,1,agent,1.50,10.50,9.00,,0
EXP-04B,exp04b_m02_ro050_lh00,baseline,phase,t02,human_2,1,human,10.50,12.00,1.50,10.50,0.00
EXP-04B,exp04b_m02_ro050_lh00,baseline,phase,t03,human_1,1,human,12.00,14.25,2.25,12.00,0.00
EXP-04B,exp04b_m02_ro050_lh00,baseline,phase,t03,agent_1,1,agent,14.25,27.75,13.50,,0
EXP-04B,exp04b_m02_ro050_lh00,baseline,phase,t03,human_2,1,human,30.15,32.40,2.25,27.75,2.40
EXP-04B,exp04b_m02_ro050_lh00,baseline,phase,t04_part_01,specification,2,human,14.25,15.75,1.50,12.00,2.25
EXP-04B,exp04b_m02_ro050_lh00,baseline,phase,t04_part_01,implementation,2,agent,15.75,25.05,9.30,,0
EXP-04B,exp04b_m02_ro050_lh00,baseline,phase,t04_part_02,specification,3,human,15.75,17.25,1.50,12.00,3.75
EXP-04B,exp04b_m02_ro050_lh00,baseline,phase,t04_part_02,implementation,3,agent,17.25,26.55,9.30,,0
EXP-04B,exp04b_m02_ro050_lh00,baseline,phase,t04_join,integration,2,agent,26.55,27.15,0.60,,0
EXP-04B,exp04b_m02_ro050_lh00,baseline,phase,t04_join,acceptance,2,human,27.15,30.15,3.00,27.15,0.00
EXP-04B,exp04b_m02_ro050_lh00,baseline,wait,t01,human_1,2,human_queue,0,1.50,1.50,0,1.50
EXP-04B,exp04b_m02_ro050_lh00,baseline,wait,t03,human_2,1,human_queue,27.75,30.15,2.40,27.75,2.40
EXP-04B,exp04b_m02_ro050_lh00,baseline,wait,t04_part_01,specification,2,human_queue,12.00,14.25,2.25,12.00,2.25
EXP-04B,exp04b_m02_ro050_lh00,baseline,wait,t04_part_02,specification,3,human_queue,12.00,15.75,3.75,12.00,3.75
EXP-04B,exp04b_m02_ro050_lh00,exact,phase,t01,human_1,4,human,1.50000,2.25000,0.75000,1.50000,0.00000
EXP-04B,exp04b_m02_ro050_lh00,exact,phase,t01,agent_1,4,agent,2.25000,6.75000,4.50000,,0
EXP-04B,exp04b_m02_ro050_lh00,exact,phase,t01,human_2,4,human,6.75000,7.50000,0.75000,6.75000,0.00000
EXP-04B,exp04b_m02_ro050_lh00,exact,phase,t02,human_1,1,human,0.00000,1.50000,1.50000,0.00000,0.00000
EXP-04B,exp04b_m02_ro050_lh00,exact,phase,t02,agent_1,1,agent,1.50000,10.50000,9.00000,,0
EXP-04B,exp04b_m02_ro050_lh00,exact,phase,t02,human_2,1,human,10.50000,12.00000,1.50000,10.50000,0.00000
EXP-04B,exp04b_m02_ro050_lh00,exact,phase,t03,human_1,3,human,13.50000,15.75000,2.25000,13.50000,0.00000
EXP-04B,exp04b_m02_ro050_lh00,exact,phase,t03,agent_1,3,agent,15.75000,29.25000,13.50000,,0
EXP-04B,exp04b_m02_ro050_lh00,exact,phase,t03,human_2,3,human,30.15000,32.40000,2.25000,29.25000,0.90000
EXP-04B,exp04b_m02_ro050_lh00,exact,phase,t04_part_01,specification,1,human,12.00000,13.50000,1.50000,12.00000,0.00000
EXP-04B,exp04b_m02_ro050_lh00,exact,phase,t04_part_01,implementation,1,agent,13.50000,22.80000,9.30000,,0
EXP-04B,exp04b_m02_ro050_lh00,exact,phase,t04_part_02,specification,4,human,15.75000,17.25000,1.50000,15.75000,0.00000
EXP-04B,exp04b_m02_ro050_lh00,exact,phase,t04_part_02,implementation,4,agent,17.25000,26.55000,9.30000,,0
EXP-04B,exp04b_m02_ro050_lh00,exact,phase,t04_join,integration,2,agent,26.55000,27.15000,0.60000,,0
EXP-04B,exp04b_m02_ro050_lh00,exact,phase,t04_join,acceptance,2,human,27.15000,30.15000,3.00000,27.15000,0.00000
EXP-04B,exp04b_m02_ro050_lh00,exact,wait,t03,human_2,3,human_queue,29.25000,30.15000,0.90000,29.25000,0.90000
EXP-04B,exp04b_m02_ro050_lh05,baseline,phase,t01,human_1,2,human,1.50,2.25,0.75,0,1.50
EXP-04B,exp04b_m02_ro050_lh05,baseline,phase,t01,agent_1,2,agent,2.25,6.75,4.50,,0
EXP-04B,exp04b_m02_ro050_lh05,baseline,phase,t01,human_2,2,human,6.75,7.50,0.75,6.75,0.00
EXP-04B,exp04b_m02_ro050_lh05,baseline,phase,t02,human_1,1,human,0,1.50,1.50,0,0
EXP-04B,exp04b_m02_ro050_lh05,baseline,phase,t02,agent_1,1,agent,1.50,10.50,9.00,,0
EXP-04B,exp04b_m02_ro050_lh05,baseline,phase,t02,human_2,1,human,10.50,12.00,1.50,10.50,0.00
EXP-04B,exp04b_m02_ro050_lh05,baseline,phase,t03,human_1,1,human,12.00,14.25,2.25,12.00,0.00
EXP-04B,exp04b_m02_ro050_lh05,baseline,phase,t03,agent_1,1,agent,14.25,27.75,13.50,,0
EXP-04B,exp04b_m02_ro050_lh05,baseline,phase,t03,human_2,1,human,30.300,32.550,2.250,27.75,2.550
EXP-04B,exp04b_m02_ro050_lh05,baseline,phase,t04_part_01,specification,2,human,14.25,15.900,1.650,12.00,2.25
EXP-04B,exp04b_m02_ro050_lh05,baseline,phase,t04_part_01,implementation,2,agent,15.900,25.050,9.150,,0
EXP-04B,exp04b_m02_ro050_lh05,baseline,phase,t04_part_02,specification,3,human,15.900,17.550,1.650,12.00,3.900
EXP-04B,exp04b_m02_ro050_lh05,baseline,phase,t04_part_02,implementation,3,agent,17.550,26.700,9.150,,0
EXP-04B,exp04b_m02_ro050_lh05,baseline,phase,t04_join,integration,2,agent,26.700,27.000,0.300,,0
EXP-04B,exp04b_m02_ro050_lh05,baseline,phase,t04_join,acceptance,2,human,27.000,30.300,3.300,27.000,0.000
EXP-04B,exp04b_m02_ro050_lh05,baseline,wait,t01,human_1,2,human_queue,0,1.50,1.50,0,1.50
EXP-04B,exp04b_m02_ro050_lh05,baseline,wait,t03,human_2,1,human_queue,27.75,30.300,2.550,27.75,2.550
EXP-04B,exp04b_m02_ro050_lh05,baseline,wait,t04_part_01,specification,2,human_queue,12.00,14.25,2.25,12.00,2.25
EXP-04B,exp04b_m02_ro050_lh05,baseline,wait,t04_part_02,specification,3,human_queue,12.00,15.900,3.900,12.00,3.900
EXP-04B,exp04b_m02_ro050_lh05,exact,phase,t01,human_1,4,human,1.50000,2.25000,0.75000,1.50000,0.00000
EXP-04B,exp04b_m02_ro050_lh05,exact,phase,t01,agent_1,4,agent,2.25000,6.75000,4.50000,,0
EXP-04B,exp04b_m02_ro050_lh05,exact,phase,t01,human_2,4,human,6.75000,7.50000,0.75000,6.75000,0.00000
EXP-04B,exp04b_m02_ro050_lh05,exact,phase,t02,human_1,1,human,0.00000,1.50000,1.50000,0.00000,0.00000
EXP-04B,exp04b_m02_ro050_lh05,exact,phase,t02,agent_1,1,agent,1.50000,10.50000,9.00000,,0
EXP-04B,exp04b_m02_ro050_lh05,exact,phase,t02,human_2,1,human,10.50000,12.00000,1.50000,10.50000,0.00000
EXP-04B,exp04b_m02_ro050_lh05,exact,phase,t03,human_1,3,human,13.65000,15.90000,2.25000,13.65000,0.00000
EXP-04B,exp04b_m02_ro050_lh05,exact,phase,t03,agent_1,3,agent,15.90000,29.40000,13.50000,,0
EXP-04B,exp04b_m02_ro050_lh05,exact,phase,t03,human_2,3,human,30.30000,32.55000,2.25000,29.40000,0.90000
EXP-04B,exp04b_m02_ro050_lh05,exact,phase,t04_part_01,specification,1,human,12.00000,13.65000,1.65000,12.00000,0.00000
EXP-04B,exp04b_m02_ro050_lh05,exact,phase,t04_part_01,implementation,1,agent,13.65000,22.80000,9.15000,,0
EXP-04B,exp04b_m02_ro050_lh05,exact,phase,t04_part_02,specification,4,human,15.90000,17.55000,1.65000,15.90000,0.00000
EXP-04B,exp04b_m02_ro050_lh05,exact,phase,t04_part_02,implementation,4,agent,17.55000,26.70000,9.15000,,0
EXP-04B,exp04b_m02_ro050_lh05,exact,phase,t04_join,integration,2,agent,26.70000,27.00000,0.30000,,0
EXP-04B,exp04b_m02_ro050_lh05,exact,phase,t04_join,acceptance,2,human,27.00000,30.30000,3.30000,27.00000,0.00000
EXP-04B,exp04b_m02_ro050_lh05,exact,wait,t03,human_2,3,human_queue,29.40000,30.30000,0.90000,29.40000,0.90000
EXP-04B,exp04b_m02_ro050_lh10,baseline,phase,t01,human_1,2,human,1.50,2.25,0.75,0,1.50
EXP-04B,exp04b_m02_ro050_lh10,baseline,phase,t01,agent_1,2,agent,2.25,6.75,4.50,,0
EXP-04B,exp04b_m02_ro050_lh10,baseline,phase,t01,human_2,2,human,6.75,7.50,0.75,6.75,0.00
EXP-04B,exp04b_m02_ro050_lh10,baseline,phase,t02,human_1,1,human,0,1.50,1.50,0,0
EXP-04B,exp04b_m02_ro050_lh10,baseline,phase,t02,agent_1,1,agent,1.50,10.50,9.00,,0
EXP-04B,exp04b_m02_ro050_lh10,baseline,phase,t02,human_2,1,human,10.50,12.00,1.50,10.50,0.00
EXP-04B,exp04b_m02_ro050_lh10,baseline,phase,t03,human_1,1,human,12.00,14.25,2.25,12.00,0.00
EXP-04B,exp04b_m02_ro050_lh10,baseline,phase,t03,agent_1,1,agent,14.25,27.75,13.50,,0
EXP-04B,exp04b_m02_ro050_lh10,baseline,phase,t03,human_2,1,human,30.45,32.70,2.25,27.75,2.70
EXP-04B,exp04b_m02_ro050_lh10,baseline,phase,t04_part_01,specification,2,human,14.25,16.05,1.80,12.00,2.25
EXP-04B,exp04b_m02_ro050_lh10,baseline,phase,t04_part_01,implementation,2,agent,16.05,25.05,9.00,,0
EXP-04B,exp04b_m02_ro050_lh10,baseline,phase,t04_part_02,specification,3,human,16.05,17.85,1.80,12.00,4.05
EXP-04B,exp04b_m02_ro050_lh10,baseline,phase,t04_part_02,implementation,3,agent,17.85,26.85,9.00,,0
EXP-04B,exp04b_m02_ro050_lh10,baseline,phase,t04_join,acceptance,2,human,26.85,30.45,3.60,26.85,0.00
EXP-04B,exp04b_m02_ro050_lh10,baseline,wait,t01,human_1,2,human_queue,0,1.50,1.50,0,1.50
EXP-04B,exp04b_m02_ro050_lh10,baseline,wait,t03,human_2,1,human_queue,27.75,30.45,2.70,27.75,2.70
EXP-04B,exp04b_m02_ro050_lh10,baseline,wait,t04_part_01,specification,2,human_queue,12.00,14.25,2.25,12.00,2.25
EXP-04B,exp04b_m02_ro050_lh10,baseline,wait,t04_part_02,specification,3,human_queue,12.00,16.05,4.05,12.00,4.05
EXP-04B,exp04b_m02_ro050_lh10,exact,phase,t01,human_1,4,human,1.50000,2.25000,0.75000,1.50000,0.00000
EXP-04B,exp04b_m02_ro050_lh10,exact,phase,t01,agent_1,4,agent,2.25000,6.75000,4.50000,,0
EXP-04B,exp04b_m02_ro050_lh10,exact,phase,t01,human_2,4,human,6.75000,7.50000,0.75000,6.75000,0.00000
EXP-04B,exp04b_m02_ro050_lh10,exact,phase,t02,human_1,1,human,0.00000,1.50000,1.50000,0.00000,0.00000
EXP-04B,exp04b_m02_ro050_lh10,exact,phase,t02,agent_1,1,agent,1.50000,10.50000,9.00000,,0
EXP-04B,exp04b_m02_ro050_lh10,exact,phase,t02,human_2,1,human,10.50000,12.00000,1.50000,10.50000,0.00000
EXP-04B,exp04b_m02_ro050_lh10,exact,phase,t03,human_1,3,human,13.80000,16.05000,2.25000,13.80000,0.00000
EXP-04B,exp04b_m02_ro050_lh10,exact,phase,t03,agent_1,3,agent,16.05000,29.55000,13.50000,,0
EXP-04B,exp04b_m02_ro050_lh10,exact,phase,t03,human_2,3,human,30.45000,32.70000,2.25000,29.55000,0.90000
EXP-04B,exp04b_m02_ro050_lh10,exact,phase,t04_part_01,specification,2,human,12.00000,13.80000,1.80000,12.00000,0.00000
EXP-04B,exp04b_m02_ro050_lh10,exact,phase,t04_part_01,implementation,2,agent,13.80000,22.80000,9.00000,,0
EXP-04B,exp04b_m02_ro050_lh10,exact,phase,t04_part_02,specification,4,human,16.05000,17.85000,1.80000,16.05000,0.00000
EXP-04B,exp04b_m02_ro050_lh10,exact,phase,t04_part_02,implementation,4,agent,17.85000,26.85000,9.00000,,0
EXP-04B,exp04b_m02_ro050_lh10,exact,phase,t04_join,acceptance,1,human,26.85000,30.45000,3.60000,26.85000,0.00000
EXP-04B,exp04b_m02_ro050_lh10,exact,wait,t03,human_2,3,human_queue,29.55000,30.45000,0.90000,29.55000,0.90000
EXP-04B,exp04b_m02_ro100_lh00,baseline,phase,t01,human_1,2,human,1.50,2.25,0.75,0,1.50
EXP-04B,exp04b_m02_ro100_lh00,baseline,phase,t01,agent_1,2,agent,2.25,6.75,4.50,,0
EXP-04B,exp04b_m02_ro100_lh00,baseline,phase,t01,human_2,2,human,6.75,7.50,0.75,6.75,0.00
EXP-04B,exp04b_m02_ro100_lh00,baseline,phase,t02,human_1,1,human,0,1.50,1.50,0,0
EXP-04B,exp04b_m02_ro100_lh00,baseline,phase,t02,agent_1,1,agent,1.50,10.50,9.00,,0
EXP-04B,exp04b_m02_ro100_lh00,baseline,phase,t02,human_2,1,human,10.50,12.00,1.50,10.50,0.00
EXP-04B,exp04b_m02_ro100_lh00,baseline,phase,t03,human_1,1,human,12.00,14.25,2.25,12.00,0.00
EXP-04B,exp04b_m02_ro100_lh00,baseline,phase,t03,agent_1,1,agent,14.25,27.75,13.50,,0
EXP-04B,exp04b_m02_ro100_lh00,baseline,phase,t03,human_2,1,human,27.75,30.00,2.25,27.75,0.00
EXP-04B,exp04b_m02_ro100_lh00,baseline,phase,t04_part_01,specification,2,human,14.25,15.75,1.50,12.00,2.25
EXP-04B,exp04b_m02_ro100_lh00,baseline,phase,t04_part_01,implementation,2,agent,15.75,25.35,9.60,,0
EXP-04B,exp04b_m02_ro100_lh00,baseline,phase,t04_part_02,specification,3,human,15.75,17.25,1.50,12.00,3.75
EXP-04B,exp04b_m02_ro100_lh00,baseline,phase,t04_part_02,implementation,3,agent,17.25,26.85,9.60,,0
EXP-04B,exp04b_m02_ro100_lh00,baseline,phase,t04_join,integration,2,agent,26.85,28.05,1.20,,0
EXP-04B,exp04b_m02_ro100_lh00,baseline,phase,t04_join,acceptance,2,human,30.00,33.00,3.00,28.05,1.95
EXP-04B,exp04b_m02_ro100_lh00,baseline,wait,t01,human_1,2,human_queue,0,1.50,1.50,0,1.50
EXP-04B,exp04b_m02_ro100_lh00,baseline,wait,t04_part_01,specification,2,human_queue,12.00,14.25,2.25,12.00,2.25
EXP-04B,exp04b_m02_ro100_lh00,baseline,wait,t04_part_02,specification,3,human_queue,12.00,15.75,3.75,12.00,3.75
EXP-04B,exp04b_m02_ro100_lh00,baseline,wait,t04_join,acceptance,2,human_queue,28.05,30.00,1.95,28.05,1.95
EXP-04B,exp04b_m02_ro100_lh00,exact,phase,t01,human_1,4,human,1.50000,2.25000,0.75000,1.50000,0.00000
EXP-04B,exp04b_m02_ro100_lh00,exact,phase,t01,agent_1,4,agent,2.25000,6.75000,4.50000,,0
EXP-04B,exp04b_m02_ro100_lh00,exact,phase,t01,human_2,4,human,6.75000,7.50000,0.75000,6.75000,0.00000
EXP-04B,exp04b_m02_ro100_lh00,exact,phase,t02,human_1,1,human,0.00000,1.50000,1.50000,0.00000,0.00000
EXP-04B,exp04b_m02_ro100_lh00,exact,phase,t02,agent_1,1,agent,1.50000,10.50000,9.00000,,0
EXP-04B,exp04b_m02_ro100_lh00,exact,phase,t02,human_2,1,human,10.50000,12.00000,1.50000,10.50000,0.00000
EXP-04B,exp04b_m02_ro100_lh00,exact,phase,t03,human_1,3,human,15.00000,17.25000,2.25000,15.00000,0.00000
EXP-04B,exp04b_m02_ro100_lh00,exact,phase,t03,agent_1,3,agent,17.25000,30.75000,13.50000,,0
EXP-04B,exp04b_m02_ro100_lh00,exact,phase,t03,human_2,3,human,30.75000,33.00000,2.25000,30.75000,0.00000
EXP-04B,exp04b_m02_ro100_lh00,exact,phase,t04_part_01,specification,1,human,13.50000,15.00000,1.50000,13.50000,0.00000
EXP-04B,exp04b_m02_ro100_lh00,exact,phase,t04_part_01,implementation,1,agent,15.00000,24.60000,9.60000,,0
EXP-04B,exp04b_m02_ro100_lh00,exact,phase,t04_part_02,specification,4,human,12.00000,13.50000,1.50000,12.00000,0.00000
EXP-04B,exp04b_m02_ro100_lh00,exact,phase,t04_part_02,implementation,4,agent,13.50000,23.10000,9.60000,,0
EXP-04B,exp04b_m02_ro100_lh00,exact,phase,t04_join,integration,2,agent,24.60000,25.80000,1.20000,,0
EXP-04B,exp04b_m02_ro100_lh00,exact,phase,t04_join,acceptance,2,human,25.80000,28.80000,3.00000,25.80000,0.00000
EXP-04B,exp04b_m02_ro100_lh05,baseline,phase,t01,human_1,2,human,1.50,2.25,0.75,0,1.50
EXP-04B,exp04b_m02_ro100_lh05,baseline,phase,t01,agent_1,2,agent,2.25,6.75,4.50,,0
EXP-04B,exp04b_m02_ro100_lh05,baseline,phase,t01,human_2,2,human,6.75,7.50,0.75,6.75,0.00
EXP-04B,exp04b_m02_ro100_lh05,baseline,phase,t02,human_1,1,human,0,1.50,1.50,0,0
EXP-04B,exp04b_m02_ro100_lh05,baseline,phase,t02,agent_1,1,agent,1.50,10.50,9.00,,0
EXP-04B,exp04b_m02_ro100_lh05,baseline,phase,t02,human_2,1,human,10.50,12.00,1.50,10.50,0.00
EXP-04B,exp04b_m02_ro100_lh05,baseline,phase,t03,human_1,1,human,12.00,14.25,2.25,12.00,0.00
EXP-04B,exp04b_m02_ro100_lh05,baseline,phase,t03,agent_1,1,agent,14.25,27.75,13.50,,0
EXP-04B,exp04b_m02_ro100_lh05,baseline,phase,t03,human_2,1,human,27.75,30.00,2.25,27.75,0.00
EXP-04B,exp04b_m02_ro100_lh05,baseline,phase,t04_part_01,specification,2,human,14.25,16.050,1.800,12.00,2.25
EXP-04B,exp04b_m02_ro100_lh05,baseline,phase,t04_part_01,implementation,2,agent,16.050,25.350,9.300,,0
EXP-04B,exp04b_m02_ro100_lh05,baseline,phase,t04_part_02,specification,3,human,16.050,17.850,1.800,12.00,4.050
EXP-04B,exp04b_m02_ro100_lh05,baseline,phase,t04_part_02,implementation,3,agent,17.850,27.150,9.300,,0
EXP-04B,exp04b_m02_ro100_lh05,baseline,phase,t04_join,integration,2,agent,27.150,27.750,0.600,,0
EXP-04B,exp04b_m02_ro100_lh05,baseline,phase,t04_join,acceptance,2,human,30.00,33.600,3.600,27.750,2.250
EXP-04B,exp04b_m02_ro100_lh05,baseline,wait,t01,human_1,2,human_queue,0,1.50,1.50,0,1.50
EXP-04B,exp04b_m02_ro100_lh05,baseline,wait,t04_part_01,specification,2,human_queue,12.00,14.25,2.25,12.00,2.25
EXP-04B,exp04b_m02_ro100_lh05,baseline,wait,t04_part_02,specification,3,human_queue,12.00,16.050,4.050,12.00,4.050
EXP-04B,exp04b_m02_ro100_lh05,baseline,wait,t04_join,acceptance,2,human_queue,27.750,30.00,2.250,27.750,2.250
EXP-04B,exp04b_m02_ro100_lh05,exact,phase,t01,human_1,4,human,1.50000,2.25000,0.75000,1.50000,0.00000
EXP-04B,exp04b_m02_ro100_lh05,exact,phase,t01,agent_1,4,agent,2.25000,6.75000,4.50000,,0
EXP-04B,exp04b_m02_ro100_lh05,exact,phase,t01,human_2,4,human,6.75000,7.50000,0.75000,6.75000,0.00000
EXP-04B,exp04b_m02_ro100_lh05,exact,phase,t02,human_1,1,human,0.00000,1.50000,1.50000,0.00000,0.00000
EXP-04B,exp04b_m02_ro100_lh05,exact,phase,t02,agent_1,1,agent,1.50000,10.50000,9.00000,,0
EXP-04B,exp04b_m02_ro100_lh05,exact,phase,t02,human_2,1,human,10.50000,12.00000,1.50000,10.50000,0.00000
EXP-04B,exp04b_m02_ro100_lh05,exact,phase,t03,human_1,3,human,15.60000,17.85000,2.25000,15.60000,0.00000
EXP-04B,exp04b_m02_ro100_lh05,exact,phase,t03,agent_1,3,agent,17.85000,31.35000,13.50000,,0
EXP-04B,exp04b_m02_ro100_lh05,exact,phase,t03,human_2,3,human,31.35000,33.60000,2.25000,31.35000,0.00000
EXP-04B,exp04b_m02_ro100_lh05,exact,phase,t04_part_01,specification,1,human,13.80000,15.60000,1.80000,13.80000,0.00000
EXP-04B,exp04b_m02_ro100_lh05,exact,phase,t04_part_01,implementation,1,agent,15.60000,24.90000,9.30000,,0
EXP-04B,exp04b_m02_ro100_lh05,exact,phase,t04_part_02,specification,4,human,12.00000,13.80000,1.80000,12.00000,0.00000
EXP-04B,exp04b_m02_ro100_lh05,exact,phase,t04_part_02,implementation,4,agent,13.80000,23.10000,9.30000,,0
EXP-04B,exp04b_m02_ro100_lh05,exact,phase,t04_join,integration,2,agent,24.90000,25.50000,0.60000,,0
EXP-04B,exp04b_m02_ro100_lh05,exact,phase,t04_join,acceptance,2,human,25.50000,29.10000,3.60000,25.50000,0.00000
EXP-04B,exp04b_m02_ro100_lh10,baseline,phase,t01,human_1,2,human,1.50,2.25,0.75,0,1.50
EXP-04B,exp04b_m02_ro100_lh10,baseline,phase,t01,agent_1,2,agent,2.25,6.75,4.50,,0
EXP-04B,exp04b_m02_ro100_lh10,baseline,phase,t01,human_2,2,human,6.75,7.50,0.75,6.75,0.00
EXP-04B,exp04b_m02_ro100_lh10,baseline,phase,t02,human_1,1,human,0,1.50,1.50,0,0
EXP-04B,exp04b_m02_ro100_lh10,baseline,phase,t02,agent_1,1,agent,1.50,10.50,9.00,,0
EXP-04B,exp04b_m02_ro100_lh10,baseline,phase,t02,human_2,1,human,10.50,12.00,1.50,10.50,0.00
EXP-04B,exp04b_m02_ro100_lh10,baseline,phase,t03,human_1,1,human,12.00,14.25,2.25,12.00,0.00
EXP-04B,exp04b_m02_ro100_lh10,baseline,phase,t03,agent_1,1,agent,14.25,27.75,13.50,,0
EXP-04B,exp04b_m02_ro100_lh10,baseline,phase,t03,human_2,1,human,31.65,33.90,2.25,27.75,3.90
EXP-04B,exp04b_m02_ro100_lh10,baseline,phase,t04_part_01,specification,2,human,14.25,16.35,2.10,12.00,2.25
EXP-04B,exp04b_m02_ro100_lh10,baseline,phase,t04_part_01,implementation,2,agent,16.35,25.35,9.00,,0
EXP-04B,exp04b_m02_ro100_lh10,baseline,phase,t04_part_02,specification,3,human,16.35,18.45,2.10,12.00,4.35
EXP-04B,exp04b_m02_ro100_lh10,baseline,phase,t04_part_02,implementation,3,agent,18.45,27.45,9.00,,0
EXP-04B,exp04b_m02_ro100_lh10,baseline,phase,t04_join,acceptance,2,human,27.45,31.65,4.20,27.45,0.00
EXP-04B,exp04b_m02_ro100_lh10,baseline,wait,t01,human_1,2,human_queue,0,1.50,1.50,0,1.50
EXP-04B,exp04b_m02_ro100_lh10,baseline,wait,t03,human_2,1,human_queue,27.75,31.65,3.90,27.75,3.90
EXP-04B,exp04b_m02_ro100_lh10,baseline,wait,t04_part_01,specification,2,human_queue,12.00,14.25,2.25,12.00,2.25
EXP-04B,exp04b_m02_ro100_lh10,baseline,wait,t04_part_02,specification,3,human_queue,12.00,16.35,4.35,12.00,4.35
EXP-04B,exp04b_m02_ro100_lh10,exact,phase,t01,human_1,4,human,1.50000,2.25000,0.75000,1.50000,0.00000
EXP-04B,exp04b_m02_ro100_lh10,exact,phase,t01,agent_1,4,agent,2.25000,6.75000,4.50000,,0
EXP-04B,exp04b_m02_ro100_lh10,exact,phase,t01,human_2,4,human,6.75000,7.50000,0.75000,6.75000,0.00000
EXP-04B,exp04b_m02_ro100_lh10,exact,phase,t02,human_1,1,human,0.00000,1.50000,1.50000,0.00000,0.00000
EXP-04B,exp04b_m02_ro100_lh10,exact,phase,t02,agent_1,1,agent,1.50000,10.50000,9.00000,,0
EXP-04B,exp04b_m02_ro100_lh10,exact,phase,t02,human_2,1,human,10.50000,12.00000,1.50000,10.50000,0.00000
EXP-04B,exp04b_m02_ro100_lh10,exact,phase,t03,human_1,3,human,14.10000,16.35000,2.25000,14.10000,0.00000
EXP-04B,exp04b_m02_ro100_lh10,exact,phase,t03,agent_1,3,agent,16.35000,29.85000,13.50000,,0
EXP-04B,exp04b_m02_ro100_lh10,exact,phase,t03,human_2,3,human,31.65000,33.90000,2.25000,29.85000,1.80000
EXP-04B,exp04b_m02_ro100_lh10,exact,phase,t04_part_01,specification,2,human,12.00000,14.10000,2.10000,12.00000,0.00000
EXP-04B,exp04b_m02_ro100_lh10,exact,phase,t04_part_01,implementation,2,agent,14.10000,23.10000,9.00000,,0
EXP-04B,exp04b_m02_ro100_lh10,exact,phase,t04_part_02,specification,4,human,16.35000,18.45000,2.10000,16.35000,0.00000
EXP-04B,exp04b_m02_ro100_lh10,exact,phase,t04_part_02,implementation,4,agent,18.45000,27.45000,9.00000,,0
EXP-04B,exp04b_m02_ro100_lh10,exact,phase,t04_join,acceptance,1,human,27.45000,31.65000,4.20000,27.45000,0.00000
EXP-04B,exp04b_m02_ro100_lh10,exact,wait,t03,human_2,3,human_queue,29.85000,31.65000,1.80000,29.85000,1.80000
EXP-04B,exp04b_m02_ro200_lh00,baseline,phase,t01,human_1,2,human,1.50,2.25,0.75,0,1.50
EXP-04B,exp04b_m02_ro200_lh00,baseline,phase,t01,agent_1,2,agent,2.25,6.75,4.50,,0
EXP-04B,exp04b_m02_ro200_lh00,baseline,phase,t01,human_2,2,human,6.75,7.50,0.75,6.75,0.00
EXP-04B,exp04b_m02_ro200_lh00,baseline,phase,t02,human_1,1,human,0,1.50,1.50,0,0
EXP-04B,exp04b_m02_ro200_lh00,baseline,phase,t02,agent_1,1,agent,1.50,10.50,9.00,,0
EXP-04B,exp04b_m02_ro200_lh00,baseline,phase,t02,human_2,1,human,10.50,12.00,1.50,10.50,0.00
EXP-04B,exp04b_m02_ro200_lh00,baseline,phase,t03,human_1,1,human,12.00,14.25,2.25,12.00,0.00
EXP-04B,exp04b_m02_ro200_lh00,baseline,phase,t03,agent_1,1,agent,14.25,27.75,13.50,,0
EXP-04B,exp04b_m02_ro200_lh00,baseline,phase,t03,human_2,1,human,27.75,30.00,2.25,27.75,0.00
EXP-04B,exp04b_m02_ro200_lh00,baseline,phase,t04_part_01,specification,2,human,14.25,15.75,1.50,12.00,2.25
EXP-04B,exp04b_m02_ro200_lh00,baseline,phase,t04_part_01,implementation,2,agent,15.75,25.95,10.20,,0
EXP-04B,exp04b_m02_ro200_lh00,baseline,phase,t04_part_02,specification,3,human,15.75,17.25,1.50,12.00,3.75
EXP-04B,exp04b_m02_ro200_lh00,baseline,phase,t04_part_02,implementation,3,agent,17.25,27.45,10.20,,0
EXP-04B,exp04b_m02_ro200_lh00,baseline,phase,t04_join,integration,2,agent,27.45,29.85,2.40,,0
EXP-04B,exp04b_m02_ro200_lh00,baseline,phase,t04_join,acceptance,2,human,30.00,33.00,3.00,29.85,0.15
EXP-04B,exp04b_m02_ro200_lh00,baseline,wait,t01,human_1,2,human_queue,0,1.50,1.50,0,1.50
EXP-04B,exp04b_m02_ro200_lh00,baseline,wait,t04_part_01,specification,2,human_queue,12.00,14.25,2.25,12.00,2.25
EXP-04B,exp04b_m02_ro200_lh00,baseline,wait,t04_part_02,specification,3,human_queue,12.00,15.75,3.75,12.00,3.75
EXP-04B,exp04b_m02_ro200_lh00,baseline,wait,t04_join,acceptance,2,human_queue,29.85,30.00,0.15,29.85,0.15
EXP-04B,exp04b_m02_ro200_lh00,exact,phase,t01,human_1,4,human,1.50000,2.25000,0.75000,1.50000,0.00000
EXP-04B,exp04b_m02_ro200_lh00,exact,phase,t01,agent_1,4,agent,2.25000,6.75000,4.50000,,0
EXP-04B,exp04b_m02_ro200_lh00,exact,phase,t01,human_2,4,human,6.75000,7.50000,0.75000,6.75000,0.00000
EXP-04B,exp04b_m02_ro200_lh00,exact,phase,t02,human_1,1,human,0.00000,1.50000,1.50000,0.00000,0.00000
EXP-04B,exp04b_m02_ro200_lh00,exact,phase,t02,agent_1,1,agent,1.50000,10.50000,9.00000,,0
EXP-04B,exp04b_m02_ro200_lh00,exact,phase,t02,human_2,1,human,10.50000,12.00000,1.50000,10.50000,0.00000
EXP-04B,exp04b_m02_ro200_lh00,exact,phase,t03,human_1,3,human,15.00000,17.25000,2.25000,15.00000,0.00000
EXP-04B,exp04b_m02_ro200_lh00,exact,phase,t03,agent_1,3,agent,17.25000,30.75000,13.50000,,0
EXP-04B,exp04b_m02_ro200_lh00,exact,phase,t03,human_2,3,human,30.75000,33.00000,2.25000,30.75000,0.00000
EXP-04B,exp04b_m02_ro200_lh00,exact,phase,t04_part_01,specification,1,human,13.50000,15.00000,1.50000,13.50000,0.00000
EXP-04B,exp04b_m02_ro200_lh00,exact,phase,t04_part_01,implementation,1,agent,15.00000,25.20000,10.20000,,0
EXP-04B,exp04b_m02_ro200_lh00,exact,phase,t04_part_02,specification,4,human,12.00000,13.50000,1.50000,12.00000,0.00000
EXP-04B,exp04b_m02_ro200_lh00,exact,phase,t04_part_02,implementation,4,agent,13.50000,23.70000,10.20000,,0
EXP-04B,exp04b_m02_ro200_lh00,exact,phase,t04_join,integration,2,agent,25.20000,27.60000,2.40000,,0
EXP-04B,exp04b_m02_ro200_lh00,exact,phase,t04_join,acceptance,2,human,27.60000,30.60000,3.00000,27.60000,0.00000
EXP-04B,exp04b_m02_ro200_lh05,baseline,phase,t01,human_1,2,human,1.50,2.25,0.75,0,1.50
EXP-04B,exp04b_m02_ro200_lh05,baseline,phase,t01,agent_1,2,agent,2.25,6.75,4.50,,0
EXP-04B,exp04b_m02_ro200_lh05,baseline,phase,t01,human_2,2,human,6.75,7.50,0.75,6.75,0.00
EXP-04B,exp04b_m02_ro200_lh05,baseline,phase,t02,human_1,1,human,0,1.50,1.50,0,0
EXP-04B,exp04b_m02_ro200_lh05,baseline,phase,t02,agent_1,1,agent,1.50,10.50,9.00,,0
EXP-04B,exp04b_m02_ro200_lh05,baseline,phase,t02,human_2,1,human,10.50,12.00,1.50,10.50,0.00
EXP-04B,exp04b_m02_ro200_lh05,baseline,phase,t03,human_1,1,human,12.00,14.25,2.25,12.00,0.00
EXP-04B,exp04b_m02_ro200_lh05,baseline,phase,t03,agent_1,1,agent,14.25,27.75,13.50,,0
EXP-04B,exp04b_m02_ro200_lh05,baseline,phase,t03,human_2,1,human,27.75,30.00,2.25,27.75,0.00
EXP-04B,exp04b_m02_ro200_lh05,baseline,phase,t04_part_01,specification,2,human,14.25,16.350,2.100,12.00,2.25
EXP-04B,exp04b_m02_ro200_lh05,baseline,phase,t04_part_01,implementation,2,agent,16.350,25.950,9.600,,0
EXP-04B,exp04b_m02_ro200_lh05,baseline,phase,t04_part_02,specification,3,human,16.350,18.450,2.100,12.00,4.350
EXP-04B,exp04b_m02_ro200_lh05,baseline,phase,t04_part_02,implementation,3,agent,18.450,28.050,9.600,,0
EXP-04B,exp04b_m02_ro200_lh05,baseline,phase,t04_join,integration,2,agent,28.050,29.250,1.200,,0
EXP-04B,exp04b_m02_ro200_lh05,baseline,phase,t04_join,acceptance,2,human,30.00,34.200,4.200,29.250,0.750
EXP-04B,exp04b_m02_ro200_lh05,baseline,wait,t01,human_1,2,human_queue,0,1.50,1.50,0,1.50
EXP-04B,exp04b_m02_ro200_lh05,baseline,wait,t04_part_01,specification,2,human_queue,12.00,14.25,2.25,12.00,2.25
EXP-04B,exp04b_m02_ro200_lh05,baseline,wait,t04_part_02,specification,3,human_queue,12.00,16.350,4.350,12.00,4.350
EXP-04B,exp04b_m02_ro200_lh05,baseline,wait,t04_join,acceptance,2,human_queue,29.250,30.00,0.750,29.250,0.750
EXP-04B,exp04b_m02_ro200_lh05,exact,phase,t01,human_1,4,human,1.50000,2.25000,0.75000,1.50000,0.00000
EXP-04B,exp04b_m02_ro200_lh05,exact,phase,t01,agent_1,4,agent,2.25000,6.75000,4.50000,,0
EXP-04B,exp04b_m02_ro200_lh05,exact,phase,t01,human_2,4,human,6.75000,7.50000,0.75000,6.75000,0.00000
EXP-04B,exp04b_m02_ro200_lh05,exact,phase,t02,human_1,1,human,0.00000,1.50000,1.50000,0.00000,0.00000
EXP-04B,exp04b_m02_ro200_lh05,exact,phase,t02,agent_1,1,agent,1.50000,10.50000,9.00000,,0
EXP-04B,exp04b_m02_ro200_lh05,exact,phase,t02,human_2,1,human,10.50000,12.00000,1.50000,10.50000,0.00000
EXP-04B,exp04b_m02_ro200_lh05,exact,phase,t03,human_1,3,human,16.20000,18.45000,2.25000,16.20000,0.00000
EXP-04B,exp04b_m02_ro200_lh05,exact,phase,t03,agent_1,3,agent,18.45000,31.95000,13.50000,,0
EXP-04B,exp04b_m02_ro200_lh05,exact,phase,t03,human_2,3,human,31.95000,34.20000,2.25000,31.95000,0.00000
EXP-04B,exp04b_m02_ro200_lh05,exact,phase,t04_part_01,specification,1,human,14.10000,16.20000,2.10000,14.10000,0.00000
EXP-04B,exp04b_m02_ro200_lh05,exact,phase,t04_part_01,implementation,1,agent,16.20000,25.80000,9.60000,,0
EXP-04B,exp04b_m02_ro200_lh05,exact,phase,t04_part_02,specification,4,human,12.00000,14.10000,2.10000,12.00000,0.00000
EXP-04B,exp04b_m02_ro200_lh05,exact,phase,t04_part_02,implementation,4,agent,14.10000,23.70000,9.60000,,0
EXP-04B,exp04b_m02_ro200_lh05,exact,phase,t04_join,integration,2,agent,25.80000,27.00000,1.20000,,0
EXP-04B,exp04b_m02_ro200_lh05,exact,phase,t04_join,acceptance,2,human,27.00000,31.20000,4.20000,27.00000,0.00000
EXP-04B,exp04b_m02_ro200_lh10,baseline,phase,t01,human_1,2,human,1.50,2.25,0.75,0,1.50
EXP-04B,exp04b_m02_ro200_lh10,baseline,phase,t01,agent_1,2,agent,2.25,6.75,4.50,,0
EXP-04B,exp04b_m02_ro200_lh10,baseline,phase,t01,human_2,2,human,6.75,7.50,0.75,6.75,0.00
EXP-04B,exp04b_m02_ro200_lh10,baseline,phase,t02,human_1,1,human,0,1.50,1.50,0,0
EXP-04B,exp04b_m02_ro200_lh10,baseline,phase,t02,agent_1,1,agent,1.50,10.50,9.00,,0
EXP-04B,exp04b_m02_ro200_lh10,baseline,phase,t02,human_2,1,human,10.50,12.00,1.50,10.50,0.00
EXP-04B,exp04b_m02_ro200_lh10,baseline,phase,t03,human_1,1,human,12.00,14.25,2.25,12.00,0.00
EXP-04B,exp04b_m02_ro200_lh10,baseline,phase,t03,agent_1,1,agent,14.25,27.75,13.50,,0
EXP-04B,exp04b_m02_ro200_lh10,baseline,phase,t03,human_2,1,human,27.75,30.00,2.25,27.75,0.00
EXP-04B,exp04b_m02_ro200_lh10,baseline,phase,t04_part_01,specification,2,human,14.25,16.95,2.70,12.00,2.25
EXP-04B,exp04b_m02_ro200_lh10,baseline,phase,t04_part_01,implementation,2,agent,16.95,25.95,9.00,,0
EXP-04B,exp04b_m02_ro200_lh10,baseline,phase,t04_part_02,specification,3,human,16.95,19.65,2.70,12.00,4.95
EXP-04B,exp04b_m02_ro200_lh10,baseline,phase,t04_part_02,implementation,3,agent,19.65,28.65,9.00,,0
EXP-04B,exp04b_m02_ro200_lh10,baseline,phase,t04_join,acceptance,2,human,30.00,35.40,5.40,28.65,1.35
EXP-04B,exp04b_m02_ro200_lh10,baseline,wait,t01,human_1,2,human_queue,0,1.50,1.50,0,1.50
EXP-04B,exp04b_m02_ro200_lh10,baseline,wait,t04_part_01,specification,2,human_queue,12.00,14.25,2.25,12.00,2.25
EXP-04B,exp04b_m02_ro200_lh10,baseline,wait,t04_part_02,specification,3,human_queue,12.00,16.95,4.95,12.00,4.95
EXP-04B,exp04b_m02_ro200_lh10,baseline,wait,t04_join,acceptance,2,human_queue,28.65,30.00,1.35,28.65,1.35
EXP-04B,exp04b_m02_ro200_lh10,exact,phase,t01,human_1,4,human,1.50000,2.25000,0.75000,1.50000,0.00000
EXP-04B,exp04b_m02_ro200_lh10,exact,phase,t01,agent_1,4,agent,2.25000,6.75000,4.50000,,0
EXP-04B,exp04b_m02_ro200_lh10,exact,phase,t01,human_2,4,human,6.75000,7.50000,0.75000,6.75000,0.00000
EXP-04B,exp04b_m02_ro200_lh10,exact,phase,t02,human_1,1,human,0.00000,1.50000,1.50000,0.00000,0.00000
EXP-04B,exp04b_m02_ro200_lh10,exact,phase,t02,agent_1,1,agent,1.50000,10.50000,9.00000,,0
EXP-04B,exp04b_m02_ro200_lh10,exact,phase,t02,human_2,1,human,10.50000,12.00000,1.50000,10.50000,0.00000
EXP-04B,exp04b_m02_ro200_lh10,exact,phase,t03,human_1,1,human,12.00000,14.25000,2.25000,12.00000,0.00000
EXP-04B,exp04b_m02_ro200_lh10,exact,phase,t03,agent_1,1,agent,14.25000,27.75000,13.50000,,0
EXP-04B,exp04b_m02_ro200_lh10,exact,phase,t03,human_2,1,human,27.75000,30.00000,2.25000,27.75000,0.00000
EXP-04B,exp04b_m02_ro200_lh10,exact,phase,t04_part_01,specification,2,human,16.95000,19.65000,2.70000,16.95000,0.00000
EXP-04B,exp04b_m02_ro200_lh10,exact,phase,t04_part_01,implementation,2,agent,19.65000,28.65000,9.00000,,0
EXP-04B,exp04b_m02_ro200_lh10,exact,phase,t04_part_02,specification,4,human,14.25000,16.95000,2.70000,14.25000,0.00000
EXP-04B,exp04b_m02_ro200_lh10,exact,phase,t04_part_02,implementation,4,agent,16.95000,25.95000,9.00000,,0
EXP-04B,exp04b_m02_ro200_lh10,exact,phase,t04_join,acceptance,1,human,30.00000,35.40000,5.40000,30.00000,0.00000
EXP-04B,exp04b_m03_ro000_lh00,baseline,phase,t01,human_1,2,human,1.50,2.25,0.75,0,1.50
EXP-04B,exp04b_m03_ro000_lh00,baseline,phase,t01,agent_1,2,agent,2.25,6.75,4.50,,0
EXP-04B,exp04b_m03_ro000_lh00,baseline,phase,t01,human_2,2,human,6.75,7.50,0.75,6.75,0.00
EXP-04B,exp04b_m03_ro000_lh00,baseline,phase,t02,human_1,1,human,0,1.50,1.50,0,0
EXP-04B,exp04b_m03_ro000_lh00,baseline,phase,t02,agent_1,1,agent,1.50,10.50,9.00,,0
EXP-04B,exp04b_m03_ro000_lh00,baseline,phase,t02,human_2,1,human,10.50,12.00,1.50,10.50,0.00
EXP-04B,exp04b_m03_ro000_lh00,baseline,phase,t03,human_1,1,human,12.00,14.25,2.25,12.00,0.00
EXP-04B,exp04b_m03_ro000_lh00,baseline,phase,t03,agent_1,1,agent,14.25,27.75,13.50,,0
EXP-04B,exp04b_m03_ro000_lh00,baseline,phase,t03,human_2,1,human,27.75,30.00,2.25,27.75,0.00
EXP-04B,exp04b_m03_ro000_lh00,baseline,phase,t04_part_01,specification,2,human,14.25,15.25,1.00,12.00,2.25
EXP-04B,exp04b_m03_ro000_lh00,baseline,phase,t04_part_01,implementation,2,agent,15.25,21.25,6.00,,0
EXP-04B,exp04b_m03_ro000_lh00,baseline,phase,t04_part_02,specification,3,human,15.25,16.25,1.00,12.00,3.25
EXP-04B,exp04b_m03_ro000_lh00,baseline,phase,t04_part_02,implementation,3,agent,16.25,22.25,6.00,,0
EXP-04B,exp04b_m03_ro000_lh00,baseline,phase,t04_part_03,specification,4,human,16.25,17.25,1.00,12.00,4.25
EXP-04B,exp04b_m03_ro000_lh00,baseline,phase,t04_part_03,implementation,4,agent,17.25,23.25,6.00,,0
EXP-04B,exp04b_m03_ro000_lh00,baseline,phase,t04_join,acceptance,2,human,23.25,26.25,3.00,23.25,0.00
EXP-04B,exp04b_m03_ro000_lh00,baseline,wait,t01,human_1,2,human_queue,0,1.50,1.50,0,1.50
EXP-04B,exp04b_m03_ro000_lh00,baseline,wait,t04_part_01,specification,2,human_queue,12.00,14.25,2.25,12.00,2.25
EXP-04B,exp04b_m03_ro000_lh00,baseline,wait,t04_part_02,specification,3,human_queue,12.00,15.25,3.25,12.00,3.25
EXP-04B,exp04b_m03_ro000_lh00,baseline,wait,t04_part_03,specification,4,human_queue,12.00,16.25,4.25,12.00,4.25
EXP-04B,exp04b_m03_ro000_lh00,exact,phase,t01,human_1,2,human,1.50000,2.25000,0.75000,1.50000,0.00000
EXP-04B,exp04b_m03_ro000_lh00,exact,phase,t01,agent_1,2,agent,2.25000,6.75000,4.50000,,0
EXP-04B,exp04b_m03_ro000_lh00,exact,phase,t01,human_2,2,human,6.75000,7.50000,0.75000,6.75000,0.00000
EXP-04B,exp04b_m03_ro000_lh00,exact,phase,t02,human_1,1,human,0.00000,1.50000,1.50000,0.00000,0.00000
EXP-04B,exp04b_m03_ro000_lh00,exact,phase,t02,agent_1,1,agent,1.50000,10.50000,9.00000,,0
EXP-04B,exp04b_m03_ro000_lh00,exact,phase,t02,human_2,1,human,10.50000,12.00000,1.50000,10.50000,0.00000
EXP-04B,exp04b_m03_ro000_lh00,exact,phase,t03,human_1,4,human,12.00000,14.25000,2.25000,12.00000,0.00000
EXP-04B,exp04b_m03_ro000_lh00,exact,phase,t03,agent_1,4,agent,14.25000,27.75000,13.50000,,0
EXP-04B,exp04b_m03_ro000_lh00,exact,phase,t03,human_2,4,human,27.75000,30.00000,2.25000,27.75000,0.00000
EXP-04B,exp04b_m03_ro000_lh00,exact,phase,t04_part_01,specification,3,human,16.25000,17.25000,1.00000,16.25000,0.00000
EXP-04B,exp04b_m03_ro000_lh00,exact,phase,t04_part_01,implementation,3,agent,17.25000,23.25000,6.00000,,0
EXP-04B,exp04b_m03_ro000_lh00,exact,phase,t04_part_02,specification,2,human,15.25000,16.25000,1.00000,15.25000,0.00000
EXP-04B,exp04b_m03_ro000_lh00,exact,phase,t04_part_02,implementation,2,agent,16.25000,22.25000,6.00000,,0
EXP-04B,exp04b_m03_ro000_lh00,exact,phase,t04_part_03,specification,1,human,14.25000,15.25000,1.00000,14.25000,0.00000
EXP-04B,exp04b_m03_ro000_lh00,exact,phase,t04_part_03,implementation,1,agent,15.25000,21.25000,6.00000,,0
EXP-04B,exp04b_m03_ro000_lh00,exact,phase,t04_join,acceptance,1,human,23.25000,26.25000,3.00000,23.25000,0.00000
EXP-04B,exp04b_m03_ro025_lh00,baseline,phase,t01,human_1,2,human,1.50,2.25,0.75,0,1.50
EXP-04B,exp04b_m03_ro025_lh00,baseline,phase,t01,agent_1,2,agent,2.25,6.75,4.50,,0
EXP-04B,exp04b_m03_ro025_lh00,baseline,phase,t01,human_2,2,human,6.75,7.50,0.75,6.75,0.00
EXP-04B,exp04b_m03_ro025_lh00,baseline,phase,t02,human_1,1,human,0,1.50,1.50,0,0
EXP-04B,exp04b_m03_ro025_lh00,baseline,phase,t02,agent_1,1,agent,1.50,10.50,9.00,,0
EXP-04B,exp04b_m03_ro025_lh00,baseline,phase,t02,human_2,1,human,10.50,12.00,1.50,10.50,0.00
EXP-04B,exp04b_m03_ro025_lh00,baseline,phase,t03,human_1,1,human,12.00,14.25,2.25,12.00,0.00
EXP-04B,exp04b_m03_ro025_lh00,baseline,phase,t03,agent_1,1,agent,14.25,27.75,13.50,,0
EXP-04B,exp04b_m03_ro025_lh00,baseline,phase,t03,human_2,1,human,27.75,30.00,2.25,27.75,0.00
EXP-04B,exp04b_m03_ro025_lh00,baseline,phase,t04_part_01,specification,2,human,14.25,15.250,1.000,12.00,2.25
EXP-04B,exp04b_m03_ro025_lh00,baseline,phase,t04_part_01,implementation,2,agent,15.250,21.450,6.200,,0
EXP-04B,exp04b_m03_ro025_lh00,baseline,phase,t04_part_02,specification,3,human,15.250,16.250,1.000,12.00,3.250
EXP-04B,exp04b_m03_ro025_lh00,baseline,phase,t04_part_02,implementation,3,agent,16.250,22.450,6.200,,0
EXP-04B,exp04b_m03_ro025_lh00,baseline,phase,t04_part_03,specification,4,human,16.250,17.250,1.000,12.00,4.250
EXP-04B,exp04b_m03_ro025_lh00,baseline,phase,t04_part_03,implementation,4,agent,17.250,23.450,6.200,,0
EXP-04B,exp04b_m03_ro025_lh00,baseline,phase,t04_join,integration,2,agent,23.450,24.050,0.600,,0
EXP-04B,exp04b_m03_ro025_lh00,baseline,phase,t04_join,acceptance,2,human,24.050,27.050,3.000,24.050,0.000
EXP-04B,exp04b_m03_ro025_lh00,baseline,wait,t01,human_1,2,human_queue,0,1.50,1.50,0,1.50
EXP-04B,exp04b_m03_ro025_lh00,baseline,wait,t04_part_01,specification,2,human_queue,12.00,14.25,2.25,12.00,2.25
EXP-04B,exp04b_m03_ro025_lh00,baseline,wait,t04_part_02,specification,3,human_queue,12.00,15.250,3.250,12.00,3.250
EXP-04B,exp04b_m03_ro025_lh00,baseline,wait,t04_part_03,specification,4,human_queue,12.00,16.250,4.250,12.00,4.250
EXP-04B,exp04b_m03_ro025_lh00,exact,phase,t01,human_1,2,human,1.50000,2.25000,0.75000,1.50000,0.00000
EXP-04B,exp04b_m03_ro025_lh00,exact,phase,t01,agent_1,2,agent,2.25000,6.75000,4.50000,,0
EXP-04B,exp04b_m03_ro025_lh00,exact,phase,t01,human_2,2,human,6.75000,7.50000,0.75000,6.75000,0.00000
EXP-04B,exp04b_m03_ro025_lh00,exact,phase,t02,human_1,1,human,0.00000,1.50000,1.50000,0.00000,0.00000
EXP-04B,exp04b_m03_ro025_lh00,exact,phase,t02,agent_1,1,agent,1.50000,10.50000,9.00000,,0
EXP-04B,exp04b_m03_ro025_lh00,exact,phase,t02,human_2,1,human,10.50000,12.00000,1.50000,10.50000,0.00000
EXP-04B,exp04b_m03_ro025_lh00,exact,phase,t03,human_1,4,human,12.00000,14.25000,2.25000,12.00000,0.00000
EXP-04B,exp04b_m03_ro025_lh00,exact,phase,t03,agent_1,4,agent,14.25000,27.75000,13.50000,,0
EXP-04B,exp04b_m03_ro025_lh00,exact,phase,t03,human_2,4,human,27.75000,30.00000,2.25000,27.75000,0.00000
EXP-04B,exp04b_m03_ro025_lh00,exact,phase,t04_part_01,specification,3,human,15.25000,16.25000,1.00000,15.25000,0.00000
EXP-04B,exp04b_m03_ro025_lh00,exact,phase,t04_part_01,implementation,3,agent,16.25000,22.45000,6.20000,,0
EXP-04B,exp04b_m03_ro025_lh00,exact,phase,t04_part_02,specification,2,human,16.25000,17.25000,1.00000,16.25000,0.00000
EXP-04B,exp04b_m03_ro025_lh00,exact,phase,t04_part_02,implementation,2,agent,17.25000,23.45000,6.20000,,0
EXP-04B,exp04b_m03_ro025_lh00,exact,phase,t04_part_03,specification,1,human,14.25000,15.25000,1.00000,14.25000,0.00000
EXP-04B,exp04b_m03_ro025_lh00,exact,phase,t04_part_03,implementation,1,agent,15.25000,21.45000,6.20000,,0
EXP-04B,exp04b_m03_ro025_lh00,exact,phase,t04_join,integration,1,agent,23.45000,24.05000,0.60000,,0
EXP-04B,exp04b_m03_ro025_lh00,exact,phase,t04_join,acceptance,1,human,24.05000,27.05000,3.00000,24.05000,0.00000
EXP-04B,exp04b_m03_ro025_lh05,baseline,phase,t01,human_1,2,human,1.50,2.25,0.75,0,1.50
EXP-04B,exp04b_m03_ro025_lh05,baseline,phase,t01,agent_1,2,agent,2.25,6.75,4.50,,0
EXP-04B,exp04b_m03_ro025_lh05,baseline,phase,t01,human_2,2,human,6.75,7.50,0.75,6.75,0.00
EXP-04B,exp04b_m03_ro025_lh05,baseline,phase,t02,human_1,1,human,0,1.50,1.50,0,0
EXP-04B,exp04b_m03_ro025_lh05,baseline,phase,t02,agent_1,1,agent,1.50,10.50,9.00,,0
EXP-04B,exp04b_m03_ro025_lh05,baseline,phase,t02,human_2,1,human,10.50,12.00,1.50,10.50,0.00
EXP-04B,exp04b_m03_ro025_lh05,baseline,phase,t03,human_1,1,human,12.00,14.25,2.25,12.00,0.00
EXP-04B,exp04b_m03_ro025_lh05,baseline,phase,t03,agent_1,1,agent,14.25,27.75,13.50,,0
EXP-04B,exp04b_m03_ro025_lh05,baseline,phase,t03,human_2,1,human,27.75,30.00,2.25,27.75,0.00
EXP-04B,exp04b_m03_ro025_lh05,baseline,phase,t04_part_01,specification,2,human,14.25,15.3500,1.1000,12.00,2.25
EXP-04B,exp04b_m03_ro025_lh05,baseline,phase,t04_part_01,implementation,2,agent,15.3500,21.4500,6.1000,,0
EXP-04B,exp04b_m03_ro025_lh05,baseline,phase,t04_part_02,specification,3,human,15.3500,16.4500,1.1000,12.00,3.3500
EXP-04B,exp04b_m03_ro025_lh05,baseline,phase,t04_part_02,implementation,3,agent,16.4500,22.5500,6.1000,,0
EXP-04B,exp04b_m03_ro025_lh05,baseline,phase,t04_part_03,specification,4,human,16.4500,17.5500,1.1000,12.00,4.4500
EXP-04B,exp04b_m03_ro025_lh05,baseline,phase,t04_part_03,implementation,4,agent,17.5500,23.6500,6.1000,,0
EXP-04B,exp04b_m03_ro025_lh05,baseline,phase,t04_join,integration,2,agent,23.6500,23.9500,0.3000,,0
EXP-04B,exp04b_m03_ro025_lh05,baseline,phase,t04_join,acceptance,2,human,23.9500,27.2500,3.3000,23.9500,0.0000
EXP-04B,exp04b_m03_ro025_lh05,baseline,wait,t01,human_1,2,human_queue,0,1.50,1.50,0,1.50
EXP-04B,exp04b_m03_ro025_lh05,baseline,wait,t04_part_01,specification,2,human_queue,12.00,14.25,2.25,12.00,2.25
EXP-04B,exp04b_m03_ro025_lh05,baseline,wait,t04_part_02,specification,3,human_queue,12.00,15.3500,3.3500,12.00,3.3500
EXP-04B,exp04b_m03_ro025_lh05,baseline,wait,t04_part_03,specification,4,human_queue,12.00,16.4500,4.4500,12.00,4.4500
EXP-04B,exp04b_m03_ro025_lh05,exact,phase,t01,human_1,2,human,1.50000,2.25000,0.75000,1.50000,0.00000
EXP-04B,exp04b_m03_ro025_lh05,exact,phase,t01,agent_1,2,agent,2.25000,6.75000,4.50000,,0
EXP-04B,exp04b_m03_ro025_lh05,exact,phase,t01,human_2,2,human,6.75000,7.50000,0.75000,6.75000,0.00000
EXP-04B,exp04b_m03_ro025_lh05,exact,phase,t02,human_1,1,human,0.00000,1.50000,1.50000,0.00000,0.00000
EXP-04B,exp04b_m03_ro025_lh05,exact,phase,t02,agent_1,1,agent,1.50000,10.50000,9.00000,,0
EXP-04B,exp04b_m03_ro025_lh05,exact,phase,t02,human_2,1,human,10.50000,12.00000,1.50000,10.50000,0.00000
EXP-04B,exp04b_m03_ro025_lh05,exact,phase,t03,human_1,4,human,12.00000,14.25000,2.25000,12.00000,0.00000
EXP-04B,exp04b_m03_ro025_lh05,exact,phase,t03,agent_1,4,agent,14.25000,27.75000,13.50000,,0
EXP-04B,exp04b_m03_ro025_lh05,exact,phase,t03,human_2,4,human,27.75000,30.00000,2.25000,27.75000,0.00000
EXP-04B,exp04b_m03_ro025_lh05,exact,phase,t04_part_01,specification,3,human,15.35000,16.45000,1.10000,15.35000,0.00000
EXP-04B,exp04b_m03_ro025_lh05,exact,phase,t04_part_01,implementation,3,agent,16.45000,22.55000,6.10000,,0
EXP-04B,exp04b_m03_ro025_lh05,exact,phase,t04_part_02,specification,2,human,16.45000,17.55000,1.10000,16.45000,0.00000
EXP-04B,exp04b_m03_ro025_lh05,exact,phase,t04_part_02,implementation,2,agent,17.55000,23.65000,6.10000,,0
EXP-04B,exp04b_m03_ro025_lh05,exact,phase,t04_part_03,specification,1,human,14.25000,15.35000,1.10000,14.25000,0.00000
EXP-04B,exp04b_m03_ro025_lh05,exact,phase,t04_part_03,implementation,1,agent,15.35000,21.45000,6.10000,,0
EXP-04B,exp04b_m03_ro025_lh05,exact,phase,t04_join,integration,1,agent,23.65000,23.95000,0.30000,,0
EXP-04B,exp04b_m03_ro025_lh05,exact,phase,t04_join,acceptance,1,human,23.95000,27.25000,3.30000,23.95000,0.00000
EXP-04B,exp04b_m03_ro025_lh10,baseline,phase,t01,human_1,2,human,1.50,2.25,0.75,0,1.50
EXP-04B,exp04b_m03_ro025_lh10,baseline,phase,t01,agent_1,2,agent,2.25,6.75,4.50,,0
EXP-04B,exp04b_m03_ro025_lh10,baseline,phase,t01,human_2,2,human,6.75,7.50,0.75,6.75,0.00
EXP-04B,exp04b_m03_ro025_lh10,baseline,phase,t02,human_1,1,human,0,1.50,1.50,0,0
EXP-04B,exp04b_m03_ro025_lh10,baseline,phase,t02,agent_1,1,agent,1.50,10.50,9.00,,0
EXP-04B,exp04b_m03_ro025_lh10,baseline,phase,t02,human_2,1,human,10.50,12.00,1.50,10.50,0.00
EXP-04B,exp04b_m03_ro025_lh10,baseline,phase,t03,human_1,1,human,12.00,14.25,2.25,12.00,0.00
EXP-04B,exp04b_m03_ro025_lh10,baseline,phase,t03,agent_1,1,agent,14.25,27.75,13.50,,0
EXP-04B,exp04b_m03_ro025_lh10,baseline,phase,t03,human_2,1,human,27.75,30.00,2.25,27.75,0.00
EXP-04B,exp04b_m03_ro025_lh10,baseline,phase,t04_part_01,specification,2,human,14.25,15.450,1.200,12.00,2.25
EXP-04B,exp04b_m03_ro025_lh10,baseline,phase,t04_part_01,implementation,2,agent,15.450,21.450,6.000,,0
EXP-04B,exp04b_m03_ro025_lh10,baseline,phase,t04_part_02,specification,3,human,15.450,16.650,1.200,12.00,3.450
EXP-04B,exp04b_m03_ro025_lh10,baseline,phase,t04_part_02,implementation,3,agent,16.650,22.650,6.000,,0
EXP-04B,exp04b_m03_ro025_lh10,baseline,phase,t04_part_03,specification,4,human,16.650,17.850,1.200,12.00,4.650
EXP-04B,exp04b_m03_ro025_lh10,baseline,phase,t04_part_03,implementation,4,agent,17.850,23.850,6.000,,0
EXP-04B,exp04b_m03_ro025_lh10,baseline,phase,t04_join,acceptance,2,human,23.850,27.450,3.600,23.850,0.000
EXP-04B,exp04b_m03_ro025_lh10,baseline,wait,t01,human_1,2,human_queue,0,1.50,1.50,0,1.50
EXP-04B,exp04b_m03_ro025_lh10,baseline,wait,t04_part_01,specification,2,human_queue,12.00,14.25,2.25,12.00,2.25
EXP-04B,exp04b_m03_ro025_lh10,baseline,wait,t04_part_02,specification,3,human_queue,12.00,15.450,3.450,12.00,3.450
EXP-04B,exp04b_m03_ro025_lh10,baseline,wait,t04_part_03,specification,4,human_queue,12.00,16.650,4.650,12.00,4.650
EXP-04B,exp04b_m03_ro025_lh10,exact,phase,t01,human_1,2,human,1.50000,2.25000,0.75000,1.50000,0.00000
EXP-04B,exp04b_m03_ro025_lh10,exact,phase,t01,agent_1,2,agent,2.25000,6.75000,4.50000,,0
EXP-04B,exp04b_m03_ro025_lh10,exact,phase,t01,human_2,2,human,6.75000,7.50000,0.75000,6.75000,0.00000
EXP-04B,exp04b_m03_ro025_lh10,exact,phase,t02,human_1,1,human,0.00000,1.50000,1.50000,0.00000,0.00000
EXP-04B,exp04b_m03_ro025_lh10,exact,phase,t02,agent_1,1,agent,1.50000,10.50000,9.00000,,0
EXP-04B,exp04b_m03_ro025_lh10,exact,phase,t02,human_2,1,human,10.50000,12.00000,1.50000,10.50000,0.00000
EXP-04B,exp04b_m03_ro025_lh10,exact,phase,t03,human_1,4,human,12.00000,14.25000,2.25000,12.00000,0.00000
EXP-04B,exp04b_m03_ro025_lh10,exact,phase,t03,agent_1,4,agent,14.25000,27.75000,13.50000,,0
EXP-04B,exp04b_m03_ro025_lh10,exact,phase,t03,human_2,4,human,27.75000,30.00000,2.25000,27.75000,0.00000
EXP-04B,exp04b_m03_ro025_lh10,exact,phase,t04_part_01,specification,3,human,16.65000,17.85000,1.20000,16.65000,0.00000
EXP-04B,exp04b_m03_ro025_lh10,exact,phase,t04_part_01,implementation,3,agent,17.85000,23.85000,6.00000,,0
EXP-04B,exp04b_m03_ro025_lh10,exact,phase,t04_part_02,specification,2,human,15.45000,16.65000,1.20000,15.45000,0.00000
EXP-04B,exp04b_m03_ro025_lh10,exact,phase,t04_part_02,implementation,2,agent,16.65000,22.65000,6.00000,,0
EXP-04B,exp04b_m03_ro025_lh10,exact,phase,t04_part_03,specification,1,human,14.25000,15.45000,1.20000,14.25000,0.00000
EXP-04B,exp04b_m03_ro025_lh10,exact,phase,t04_part_03,implementation,1,agent,15.45000,21.45000,6.00000,,0
EXP-04B,exp04b_m03_ro025_lh10,exact,phase,t04_join,acceptance,1,human,23.85000,27.45000,3.60000,23.85000,0.00000
EXP-04B,exp04b_m03_ro050_lh00,baseline,phase,t01,human_1,2,human,1.50,2.25,0.75,0,1.50
EXP-04B,exp04b_m03_ro050_lh00,baseline,phase,t01,agent_1,2,agent,2.25,6.75,4.50,,0
EXP-04B,exp04b_m03_ro050_lh00,baseline,phase,t01,human_2,2,human,6.75,7.50,0.75,6.75,0.00
EXP-04B,exp04b_m03_ro050_lh00,baseline,phase,t02,human_1,1,human,0,1.50,1.50,0,0
EXP-04B,exp04b_m03_ro050_lh00,baseline,phase,t02,agent_1,1,agent,1.50,10.50,9.00,,0
EXP-04B,exp04b_m03_ro050_lh00,baseline,phase,t02,human_2,1,human,10.50,12.00,1.50,10.50,0.00
EXP-04B,exp04b_m03_ro050_lh00,baseline,phase,t03,human_1,1,human,12.00,14.25,2.25,12.00,0.00
EXP-04B,exp04b_m03_ro050_lh00,baseline,phase,t03,agent_1,1,agent,14.25,27.75,13.50,,0
EXP-04B,exp04b_m03_ro050_lh00,baseline,phase,t03,human_2,1,human,27.85,30.10,2.25,27.75,0.10
EXP-04B,exp04b_m03_ro050_lh00,baseline,phase,t04_part_01,specification,2,human,14.25,15.25,1.00,12.00,2.25
EXP-04B,exp04b_m03_ro050_lh00,baseline,phase,t04_part_01,implementation,2,agent,15.25,21.65,6.40,,0
EXP-04B,exp04b_m03_ro050_lh00,baseline,phase,t04_part_02,specification,3,human,15.25,16.25,1.00,12.00,3.25
EXP-04B,exp04b_m03_ro050_lh00,baseline,phase,t04_part_02,implementation,3,agent,16.25,22.65,6.40,,0
EXP-04B,exp04b_m03_ro050_lh00,baseline,phase,t04_part_03,specification,4,human,16.25,17.25,1.00,12.00,4.25
EXP-04B,exp04b_m03_ro050_lh00,baseline,phase,t04_part_03,implementation,4,agent,17.25,23.65,6.40,,0
EXP-04B,exp04b_m03_ro050_lh00,baseline,phase,t04_join,integration,2,agent,23.65,24.85,1.20,,0
EXP-04B,exp04b_m03_ro050_lh00,baseline,phase,t04_join,acceptance,2,human,24.85,27.85,3.00,24.85,0.00
EXP-04B,exp04b_m03_ro050_lh00,baseline,wait,t01,human_1,2,human_queue,0,1.50,1.50,0,1.50
EXP-04B,exp04b_m03_ro050_lh00,baseline,wait,t03,human_2,1,human_queue,27.75,27.85,0.10,27.75,0.10
EXP-04B,exp04b_m03_ro050_lh00,baseline,wait,t04_part_01,specification,2,human_queue,12.00,14.25,2.25,12.00,2.25
EXP-04B,exp04b_m03_ro050_lh00,baseline,wait,t04_part_02,specification,3,human_queue,12.00,15.25,3.25,12.00,3.25
EXP-04B,exp04b_m03_ro050_lh00,baseline,wait,t04_part_03,specification,4,human_queue,12.00,16.25,4.25,12.00,4.25
EXP-04B,exp04b_m03_ro050_lh00,exact,phase,t01,human_1,2,human,1.50000,2.25000,0.75000,1.50000,0.00000
EXP-04B,exp04b_m03_ro050_lh00,exact,phase,t01,agent_1,2,agent,2.25000,6.75000,4.50000,,0
EXP-04B,exp04b_m03_ro050_lh00,exact,phase,t01,human_2,2,human,6.75000,7.50000,0.75000,6.75000,0.00000
EXP-04B,exp04b_m03_ro050_lh00,exact,phase,t02,human_1,1,human,0.00000,1.50000,1.50000,0.00000,0.00000
EXP-04B,exp04b_m03_ro050_lh00,exact,phase,t02,agent_1,1,agent,1.50000,10.50000,9.00000,,0
EXP-04B,exp04b_m03_ro050_lh00,exact,phase,t02,human_2,1,human,10.50000,12.00000,1.50000,10.50000,0.00000
EXP-04B,exp04b_m03_ro050_lh00,exact,phase,t03,human_1,4,human,12.00000,14.25000,2.25000,12.00000,0.00000
EXP-04B,exp04b_m03_ro050_lh00,exact,phase,t03,agent_1,4,agent,14.25000,27.75000,13.50000,,0
EXP-04B,exp04b_m03_ro050_lh00,exact,phase,t03,human_2,4,human,27.85000,30.10000,2.25000,27.75000,0.10000
EXP-04B,exp04b_m03_ro050_lh00,exact,phase,t04_part_01,specification,3,human,16.25000,17.25000,1.00000,16.25000,0.00000
EXP-04B,exp04b_m03_ro050_lh00,exact,phase,t04_part_01,implementation,3,agent,17.25000,23.65000,6.40000,,0
EXP-04B,exp04b_m03_ro050_lh00,exact,phase,t04_part_02,specification,2,human,14.25000,15.25000,1.00000,14.25000,0.00000
EXP-04B,exp04b_m03_ro050_lh00,exact,phase,t04_part_02,implementation,2,agent,15.25000,21.65000,6.40000,,0
EXP-04B,exp04b_m03_ro050_lh00,exact,phase,t04_part_03,specification,1,human,15.25000,16.25000,1.00000,15.25000,0.00000
EXP-04B,exp04b_m03_ro050_lh00,exact,phase,t04_part_03,implementation,1,agent,16.25000,22.65000,6.40000,,0
EXP-04B,exp04b_m03_ro050_lh00,exact,phase,t04_join,integration,1,agent,23.65000,24.85000,1.20000,,0
EXP-04B,exp04b_m03_ro050_lh00,exact,phase,t04_join,acceptance,1,human,24.85000,27.85000,3.00000,24.85000,0.00000
EXP-04B,exp04b_m03_ro050_lh00,exact,wait,t03,human_2,4,human_queue,27.75000,27.85000,0.10000,27.75000,0.10000
EXP-04B,exp04b_m03_ro050_lh05,baseline,phase,t01,human_1,2,human,1.50,2.25,0.75,0,1.50
EXP-04B,exp04b_m03_ro050_lh05,baseline,phase,t01,agent_1,2,agent,2.25,6.75,4.50,,0
EXP-04B,exp04b_m03_ro050_lh05,baseline,phase,t01,human_2,2,human,6.75,7.50,0.75,6.75,0.00
EXP-04B,exp04b_m03_ro050_lh05,baseline,phase,t02,human_1,1,human,0,1.50,1.50,0,0
EXP-04B,exp04b_m03_ro050_lh05,baseline,phase,t02,agent_1,1,agent,1.50,10.50,9.00,,0
EXP-04B,exp04b_m03_ro050_lh05,baseline,phase,t02,human_2,1,human,10.50,12.00,1.50,10.50,0.00
EXP-04B,exp04b_m03_ro050_lh05,baseline,phase,t03,human_1,1,human,12.00,14.25,2.25,12.00,0.00
EXP-04B,exp04b_m03_ro050_lh05,baseline,phase,t03,agent_1,1,agent,14.25,27.75,13.50,,0
EXP-04B,exp04b_m03_ro050_lh05,baseline,phase,t03,human_2,1,human,28.250,30.500,2.250,27.75,0.500
EXP-04B,exp04b_m03_ro050_lh05,baseline,phase,t04_part_01,specification,2,human,14.25,15.450,1.200,12.00,2.25
EXP-04B,exp04b_m03_ro050_lh05,baseline,phase,t04_part_01,implementation,2,agent,15.450,21.650,6.200,,0
EXP-04B,exp04b_m03_ro050_lh05,baseline,phase,t04_part_02,specification,3,human,15.450,16.650,1.200,12.00,3.450
EXP-04B,exp04b_m03_ro050_lh05,baseline,phase,t04_part_02,implementation,3,agent,16.650,22.850,6.200,,0
EXP-04B,exp04b_m03_ro050_lh05,baseline,phase,t04_part_03,specification,4,human,16.650,17.850,1.200,12.00,4.650
EXP-04B,exp04b_m03_ro050_lh05,baseline,phase,t04_part_03,implementation,4,agent,17.850,24.050,6.200,,0
EXP-04B,exp04b_m03_ro050_lh05,baseline,phase,t04_join,integration,2,agent,24.050,24.650,0.600,,0
EXP-04B,exp04b_m03_ro050_lh05,baseline,phase,t04_join,acceptance,2,human,24.650,28.250,3.600,24.650,0.000
EXP-04B,exp04b_m03_ro050_lh05,baseline,wait,t01,human_1,2,human_queue,0,1.50,1.50,0,1.50
EXP-04B,exp04b_m03_ro050_lh05,baseline,wait,t03,human_2,1,human_queue,27.75,28.250,0.500,27.75,0.500
EXP-04B,exp04b_m03_ro050_lh05,baseline,wait,t04_part_01,specification,2,human_queue,12.00,14.25,2.25,12.00,2.25
EXP-04B,exp04b_m03_ro050_lh05,baseline,wait,t04_part_02,specification,3,human_queue,12.00,15.450,3.450,12.00,3.450
EXP-04B,exp04b_m03_ro050_lh05,baseline,wait,t04_part_03,specification,4,human_queue,12.00,16.650,4.650,12.00,4.650
EXP-04B,exp04b_m03_ro050_lh05,exact,phase,t01,human_1,2,human,1.50000,2.25000,0.75000,1.50000,0.00000
EXP-04B,exp04b_m03_ro050_lh05,exact,phase,t01,agent_1,2,agent,2.25000,6.75000,4.50000,,0
EXP-04B,exp04b_m03_ro050_lh05,exact,phase,t01,human_2,2,human,6.75000,7.50000,0.75000,6.75000,0.00000
EXP-04B,exp04b_m03_ro050_lh05,exact,phase,t02,human_1,1,human,0.00000,1.50000,1.50000,0.00000,0.00000
EXP-04B,exp04b_m03_ro050_lh05,exact,phase,t02,agent_1,1,agent,1.50000,10.50000,9.00000,,0
EXP-04B,exp04b_m03_ro050_lh05,exact,phase,t02,human_2,1,human,10.50000,12.00000,1.50000,10.50000,0.00000
EXP-04B,exp04b_m03_ro050_lh05,exact,phase,t03,human_1,4,human,12.00000,14.25000,2.25000,12.00000,0.00000
EXP-04B,exp04b_m03_ro050_lh05,exact,phase,t03,agent_1,4,agent,14.25000,27.75000,13.50000,,0
EXP-04B,exp04b_m03_ro050_lh05,exact,phase,t03,human_2,4,human,28.25000,30.50000,2.25000,27.75000,0.50000
EXP-04B,exp04b_m03_ro050_lh05,exact,phase,t04_part_01,specification,3,human,16.65000,17.85000,1.20000,16.65000,0.00000
EXP-04B,exp04b_m03_ro050_lh05,exact,phase,t04_part_01,implementation,3,agent,17.85000,24.05000,6.20000,,0
EXP-04B,exp04b_m03_ro050_lh05,exact,phase,t04_part_02,specification,2,human,15.45000,16.65000,1.20000,15.45000,0.00000
EXP-04B,exp04b_m03_ro050_lh05,exact,phase,t04_part_02,implementation,2,agent,16.65000,22.85000,6.20000,,0
EXP-04B,exp04b_m03_ro050_lh05,exact,phase,t04_part_03,specification,1,human,14.25000,15.45000,1.20000,14.25000,0.00000
EXP-04B,exp04b_m03_ro050_lh05,exact,phase,t04_part_03,implementation,1,agent,15.45000,21.65000,6.20000,,0
EXP-04B,exp04b_m03_ro050_lh05,exact,phase,t04_join,integration,1,agent,24.05000,24.65000,0.60000,,0
EXP-04B,exp04b_m03_ro050_lh05,exact,phase,t04_join,acceptance,1,human,24.65000,28.25000,3.60000,24.65000,0.00000
EXP-04B,exp04b_m03_ro050_lh05,exact,wait,t03,human_2,4,human_queue,27.75000,28.25000,0.50000,27.75000,0.50000
EXP-04B,exp04b_m03_ro050_lh10,baseline,phase,t01,human_1,2,human,1.50,2.25,0.75,0,1.50
EXP-04B,exp04b_m03_ro050_lh10,baseline,phase,t01,agent_1,2,agent,2.25,6.75,4.50,,0
EXP-04B,exp04b_m03_ro050_lh10,baseline,phase,t01,human_2,2,human,6.75,7.50,0.75,6.75,0.00
EXP-04B,exp04b_m03_ro050_lh10,baseline,phase,t02,human_1,1,human,0,1.50,1.50,0,0
EXP-04B,exp04b_m03_ro050_lh10,baseline,phase,t02,agent_1,1,agent,1.50,10.50,9.00,,0
EXP-04B,exp04b_m03_ro050_lh10,baseline,phase,t02,human_2,1,human,10.50,12.00,1.50,10.50,0.00
EXP-04B,exp04b_m03_ro050_lh10,baseline,phase,t03,human_1,1,human,12.00,14.25,2.25,12.00,0.00
EXP-04B,exp04b_m03_ro050_lh10,baseline,phase,t03,agent_1,1,agent,14.25,27.75,13.50,,0
EXP-04B,exp04b_m03_ro050_lh10,baseline,phase,t03,human_2,1,human,28.65,30.90,2.25,27.75,0.90
EXP-04B,exp04b_m03_ro050_lh10,baseline,phase,t04_part_01,specification,2,human,14.25,15.65,1.40,12.00,2.25
EXP-04B,exp04b_m03_ro050_lh10,baseline,phase,t04_part_01,implementation,2,agent,15.65,21.65,6.00,,0
EXP-04B,exp04b_m03_ro050_lh10,baseline,phase,t04_part_02,specification,3,human,15.65,17.05,1.40,12.00,3.65
EXP-04B,exp04b_m03_ro050_lh10,baseline,phase,t04_part_02,implementation,3,agent,17.05,23.05,6.00,,0
EXP-04B,exp04b_m03_ro050_lh10,baseline,phase,t04_part_03,specification,4,human,17.05,18.45,1.40,12.00,5.05
EXP-04B,exp04b_m03_ro050_lh10,baseline,phase,t04_part_03,implementation,4,agent,18.45,24.45,6.00,,0
EXP-04B,exp04b_m03_ro050_lh10,baseline,phase,t04_join,acceptance,2,human,24.45,28.65,4.20,24.45,0.00
EXP-04B,exp04b_m03_ro050_lh10,baseline,wait,t01,human_1,2,human_queue,0,1.50,1.50,0,1.50
EXP-04B,exp04b_m03_ro050_lh10,baseline,wait,t03,human_2,1,human_queue,27.75,28.65,0.90,27.75,0.90
EXP-04B,exp04b_m03_ro050_lh10,baseline,wait,t04_part_01,specification,2,human_queue,12.00,14.25,2.25,12.00,2.25
EXP-04B,exp04b_m03_ro050_lh10,baseline,wait,t04_part_02,specification,3,human_queue,12.00,15.65,3.65,12.00,3.65
EXP-04B,exp04b_m03_ro050_lh10,baseline,wait,t04_part_03,specification,4,human_queue,12.00,17.05,5.05,12.00,5.05
EXP-04B,exp04b_m03_ro050_lh10,exact,phase,t01,human_1,2,human,1.50000,2.25000,0.75000,1.50000,0.00000
EXP-04B,exp04b_m03_ro050_lh10,exact,phase,t01,agent_1,2,agent,2.25000,6.75000,4.50000,,0
EXP-04B,exp04b_m03_ro050_lh10,exact,phase,t01,human_2,2,human,6.75000,7.50000,0.75000,6.75000,0.00000
EXP-04B,exp04b_m03_ro050_lh10,exact,phase,t02,human_1,1,human,0.00000,1.50000,1.50000,0.00000,0.00000
EXP-04B,exp04b_m03_ro050_lh10,exact,phase,t02,agent_1,1,agent,1.50000,10.50000,9.00000,,0
EXP-04B,exp04b_m03_ro050_lh10,exact,phase,t02,human_2,1,human,10.50000,12.00000,1.50000,10.50000,0.00000
EXP-04B,exp04b_m03_ro050_lh10,exact,phase,t03,human_1,4,human,12.00000,14.25000,2.25000,12.00000,0.00000
EXP-04B,exp04b_m03_ro050_lh10,exact,phase,t03,agent_1,4,agent,14.25000,27.75000,13.50000,,0
EXP-04B,exp04b_m03_ro050_lh10,exact,phase,t03,human_2,4,human,28.65000,30.90000,2.25000,27.75000,0.90000
EXP-04B,exp04b_m03_ro050_lh10,exact,phase,t04_part_01,specification,3,human,17.05000,18.45000,1.40000,17.05000,0.00000
EXP-04B,exp04b_m03_ro050_lh10,exact,phase,t04_part_01,implementation,3,agent,18.45000,24.45000,6.00000,,0
EXP-04B,exp04b_m03_ro050_lh10,exact,phase,t04_part_02,specification,2,human,15.65000,17.05000,1.40000,15.65000,0.00000
EXP-04B,exp04b_m03_ro050_lh10,exact,phase,t04_part_02,implementation,2,agent,17.05000,23.05000,6.00000,,0
EXP-04B,exp04b_m03_ro050_lh10,exact,phase,t04_part_03,specification,1,human,14.25000,15.65000,1.40000,14.25000,0.00000
EXP-04B,exp04b_m03_ro050_lh10,exact,phase,t04_part_03,implementation,1,agent,15.65000,21.65000,6.00000,,0
EXP-04B,exp04b_m03_ro050_lh10,exact,phase,t04_join,acceptance,1,human,24.45000,28.65000,4.20000,24.45000,0.00000
EXP-04B,exp04b_m03_ro050_lh10,exact,wait,t03,human_2,4,human_queue,27.75000,28.65000,0.90000,27.75000,0.90000
EXP-04B,exp04b_m03_ro100_lh00,baseline,phase,t01,human_1,2,human,1.50,2.25,0.75,0,1.50
EXP-04B,exp04b_m03_ro100_lh00,baseline,phase,t01,agent_1,2,agent,2.25,6.75,4.50,,0
EXP-04B,exp04b_m03_ro100_lh00,baseline,phase,t01,human_2,2,human,6.75,7.50,0.75,6.75,0.00
EXP-04B,exp04b_m03_ro100_lh00,baseline,phase,t02,human_1,1,human,0,1.50,1.50,0,0
EXP-04B,exp04b_m03_ro100_lh00,baseline,phase,t02,agent_1,1,agent,1.50,10.50,9.00,,0
EXP-04B,exp04b_m03_ro100_lh00,baseline,phase,t02,human_2,1,human,10.50,12.00,1.50,10.50,0.00
EXP-04B,exp04b_m03_ro100_lh00,baseline,phase,t03,human_1,1,human,12.00,14.25,2.25,12.00,0.00
EXP-04B,exp04b_m03_ro100_lh00,baseline,phase,t03,agent_1,1,agent,14.25,27.75,13.50,,0
EXP-04B,exp04b_m03_ro100_lh00,baseline,phase,t03,human_2,1,human,29.45,31.70,2.25,27.75,1.70
EXP-04B,exp04b_m03_ro100_lh00,baseline,phase,t04_part_01,specification,2,human,14.25,15.25,1.00,12.00,2.25
EXP-04B,exp04b_m03_ro100_lh00,baseline,phase,t04_part_01,implementation,2,agent,15.25,22.05,6.80,,0
EXP-04B,exp04b_m03_ro100_lh00,baseline,phase,t04_part_02,specification,3,human,15.25,16.25,1.00,12.00,3.25
EXP-04B,exp04b_m03_ro100_lh00,baseline,phase,t04_part_02,implementation,3,agent,16.25,23.05,6.80,,0
EXP-04B,exp04b_m03_ro100_lh00,baseline,phase,t04_part_03,specification,4,human,16.25,17.25,1.00,12.00,4.25
EXP-04B,exp04b_m03_ro100_lh00,baseline,phase,t04_part_03,implementation,4,agent,17.25,24.05,6.80,,0
EXP-04B,exp04b_m03_ro100_lh00,baseline,phase,t04_join,integration,2,agent,24.05,26.45,2.40,,0
EXP-04B,exp04b_m03_ro100_lh00,baseline,phase,t04_join,acceptance,2,human,26.45,29.45,3.00,26.45,0.00
EXP-04B,exp04b_m03_ro100_lh00,baseline,wait,t01,human_1,2,human_queue,0,1.50,1.50,0,1.50
EXP-04B,exp04b_m03_ro100_lh00,baseline,wait,t03,human_2,1,human_queue,27.75,29.45,1.70,27.75,1.70
EXP-04B,exp04b_m03_ro100_lh00,baseline,wait,t04_part_01,specification,2,human_queue,12.00,14.25,2.25,12.00,2.25
EXP-04B,exp04b_m03_ro100_lh00,baseline,wait,t04_part_02,specification,3,human_queue,12.00,15.25,3.25,12.00,3.25
EXP-04B,exp04b_m03_ro100_lh00,baseline,wait,t04_part_03,specification,4,human_queue,12.00,16.25,4.25,12.00,4.25
EXP-04B,exp04b_m03_ro100_lh00,exact,phase,t01,human_1,2,human,1.50000,2.25000,0.75000,1.50000,0.00000
EXP-04B,exp04b_m03_ro100_lh00,exact,phase,t01,agent_1,2,agent,2.25000,6.75000,4.50000,,0
EXP-04B,exp04b_m03_ro100_lh00,exact,phase,t01,human_2,2,human,6.75000,7.50000,0.75000,6.75000,0.00000
EXP-04B,exp04b_m03_ro100_lh00,exact,phase,t02,human_1,1,human,0.00000,1.50000,1.50000,0.00000,0.00000
EXP-04B,exp04b_m03_ro100_lh00,exact,phase,t02,agent_1,1,agent,1.50000,10.50000,9.00000,,0
EXP-04B,exp04b_m03_ro100_lh00,exact,phase,t02,human_2,1,human,10.50000,12.00000,1.50000,10.50000,0.00000
EXP-04B,exp04b_m03_ro100_lh00,exact,phase,t03,human_1,4,human,13.00000,15.25000,2.25000,13.00000,0.00000
EXP-04B,exp04b_m03_ro100_lh00,exact,phase,t03,agent_1,4,agent,15.25000,28.75000,13.50000,,0
EXP-04B,exp04b_m03_ro100_lh00,exact,phase,t03,human_2,4,human,29.45000,31.70000,2.25000,28.75000,0.70000
EXP-04B,exp04b_m03_ro100_lh00,exact,phase,t04_part_01,specification,3,human,16.25000,17.25000,1.00000,16.25000,0.00000
EXP-04B,exp04b_m03_ro100_lh00,exact,phase,t04_part_01,implementation,3,agent,17.25000,24.05000,6.80000,,0
EXP-04B,exp04b_m03_ro100_lh00,exact,phase,t04_part_02,specification,2,human,12.00000,13.00000,1.00000,12.00000,0.00000
EXP-04B,exp04b_m03_ro100_lh00,exact,phase,t04_part_02,implementation,2,agent,13.00000,19.80000,6.80000,,0
EXP-04B,exp04b_m03_ro100_lh00,exact,phase,t04_part_03,specification,1,human,15.25000,16.25000,1.00000,15.25000,0.00000
EXP-04B,exp04b_m03_ro100_lh00,exact,phase,t04_part_03,implementation,1,agent,16.25000,23.05000,6.80000,,0
EXP-04B,exp04b_m03_ro100_lh00,exact,phase,t04_join,integration,1,agent,24.05000,26.45000,2.40000,,0
EXP-04B,exp04b_m03_ro100_lh00,exact,phase,t04_join,acceptance,1,human,26.45000,29.45000,3.00000,26.45000,0.00000
EXP-04B,exp04b_m03_ro100_lh00,exact,wait,t03,human_2,4,human_queue,28.75000,29.45000,0.70000,28.75000,0.70000
EXP-04B,exp04b_m03_ro100_lh05,baseline,phase,t01,human_1,2,human,1.50,2.25,0.75,0,1.50
EXP-04B,exp04b_m03_ro100_lh05,baseline,phase,t01,agent_1,2,agent,2.25,6.75,4.50,,0
EXP-04B,exp04b_m03_ro100_lh05,baseline,phase,t01,human_2,2,human,6.75,7.50,0.75,6.75,0.00
EXP-04B,exp04b_m03_ro100_lh05,baseline,phase,t02,human_1,1,human,0,1.50,1.50,0,0
EXP-04B,exp04b_m03_ro100_lh05,baseline,phase,t02,agent_1,1,agent,1.50,10.50,9.00,,0
EXP-04B,exp04b_m03_ro100_lh05,baseline,phase,t02,human_2,1,human,10.50,12.00,1.50,10.50,0.00
EXP-04B,exp04b_m03_ro100_lh05,baseline,phase,t03,human_1,1,human,12.00,14.25,2.25,12.00,0.00
EXP-04B,exp04b_m03_ro100_lh05,baseline,phase,t03,agent_1,1,agent,14.25,27.75,13.50,,0
EXP-04B,exp04b_m03_ro100_lh05,baseline,phase,t03,human_2,1,human,30.250,32.500,2.250,27.75,2.500
EXP-04B,exp04b_m03_ro100_lh05,baseline,phase,t04_part_01,specification,2,human,14.25,15.650,1.400,12.00,2.25
EXP-04B,exp04b_m03_ro100_lh05,baseline,phase,t04_part_01,implementation,2,agent,15.650,22.050,6.400,,0
EXP-04B,exp04b_m03_ro100_lh05,baseline,phase,t04_part_02,specification,3,human,15.650,17.050,1.400,12.00,3.650
EXP-04B,exp04b_m03_ro100_lh05,baseline,phase,t04_part_02,implementation,3,agent,17.050,23.450,6.400,,0
EXP-04B,exp04b_m03_ro100_lh05,baseline,phase,t04_part_03,specification,4,human,17.050,18.450,1.400,12.00,5.050
EXP-04B,exp04b_m03_ro100_lh05,baseline,phase,t04_part_03,implementation,4,agent,18.450,24.850,6.400,,0
EXP-04B,exp04b_m03_ro100_lh05,baseline,phase,t04_join,integration,2,agent,24.850,26.050,1.200,,0
EXP-04B,exp04b_m03_ro100_lh05,baseline,phase,t04_join,acceptance,2,human,26.050,30.250,4.200,26.050,0.000
EXP-04B,exp04b_m03_ro100_lh05,baseline,wait,t01,human_1,2,human_queue,0,1.50,1.50,0,1.50
EXP-04B,exp04b_m03_ro100_lh05,baseline,wait,t03,human_2,1,human_queue,27.75,30.250,2.500,27.75,2.500
EXP-04B,exp04b_m03_ro100_lh05,baseline,wait,t04_part_01,specification,2,human_queue,12.00,14.25,2.25,12.00,2.25
EXP-04B,exp04b_m03_ro100_lh05,baseline,wait,t04_part_02,specification,3,human_queue,12.00,15.650,3.650,12.00,3.650
EXP-04B,exp04b_m03_ro100_lh05,baseline,wait,t04_part_03,specification,4,human_queue,12.00,17.050,5.050,12.00,5.050
EXP-04B,exp04b_m03_ro100_lh05,exact,phase,t01,human_1,2,human,1.50000,2.25000,0.75000,1.50000,0.00000
EXP-04B,exp04b_m03_ro100_lh05,exact,phase,t01,agent_1,2,agent,2.25000,6.75000,4.50000,,0
EXP-04B,exp04b_m03_ro100_lh05,exact,phase,t01,human_2,2,human,6.75000,7.50000,0.75000,6.75000,0.00000
EXP-04B,exp04b_m03_ro100_lh05,exact,phase,t02,human_1,1,human,0.00000,1.50000,1.50000,0.00000,0.00000
EXP-04B,exp04b_m03_ro100_lh05,exact,phase,t02,agent_1,1,agent,1.50000,10.50000,9.00000,,0
EXP-04B,exp04b_m03_ro100_lh05,exact,phase,t02,human_2,1,human,10.50000,12.00000,1.50000,10.50000,0.00000
EXP-04B,exp04b_m03_ro100_lh05,exact,phase,t03,human_1,4,human,13.40000,15.65000,2.25000,13.40000,0.00000
EXP-04B,exp04b_m03_ro100_lh05,exact,phase,t03,agent_1,4,agent,15.65000,29.15000,13.50000,,0
EXP-04B,exp04b_m03_ro100_lh05,exact,phase,t03,human_2,4,human,30.25000,32.50000,2.25000,29.15000,1.10000
EXP-04B,exp04b_m03_ro100_lh05,exact,phase,t04_part_01,specification,3,human,17.05000,18.45000,1.40000,17.05000,0.00000
EXP-04B,exp04b_m03_ro100_lh05,exact,phase,t04_part_01,implementation,3,agent,18.45000,24.85000,6.40000,,0
EXP-04B,exp04b_m03_ro100_lh05,exact,phase,t04_part_02,specification,2,human,12.00000,13.40000,1.40000,12.00000,0.00000
EXP-04B,exp04b_m03_ro100_lh05,exact,phase,t04_part_02,implementation,2,agent,13.40000,19.80000,6.40000,,0
EXP-04B,exp04b_m03_ro100_lh05,exact,phase,t04_part_03,specification,1,human,15.65000,17.05000,1.40000,15.65000,0.00000
EXP-04B,exp04b_m03_ro100_lh05,exact,phase,t04_part_03,implementation,1,agent,17.05000,23.45000,6.40000,,0
EXP-04B,exp04b_m03_ro100_lh05,exact,phase,t04_join,integration,1,agent,24.85000,26.05000,1.20000,,0
EXP-04B,exp04b_m03_ro100_lh05,exact,phase,t04_join,acceptance,1,human,26.05000,30.25000,4.20000,26.05000,0.00000
EXP-04B,exp04b_m03_ro100_lh05,exact,wait,t03,human_2,4,human_queue,29.15000,30.25000,1.10000,29.15000,1.10000
EXP-04B,exp04b_m03_ro100_lh10,baseline,phase,t01,human_1,2,human,1.50,2.25,0.75,0,1.50
EXP-04B,exp04b_m03_ro100_lh10,baseline,phase,t01,agent_1,2,agent,2.25,6.75,4.50,,0
EXP-04B,exp04b_m03_ro100_lh10,baseline,phase,t01,human_2,2,human,6.75,7.50,0.75,6.75,0.00
EXP-04B,exp04b_m03_ro100_lh10,baseline,phase,t02,human_1,1,human,0,1.50,1.50,0,0
EXP-04B,exp04b_m03_ro100_lh10,baseline,phase,t02,agent_1,1,agent,1.50,10.50,9.00,,0
EXP-04B,exp04b_m03_ro100_lh10,baseline,phase,t02,human_2,1,human,10.50,12.00,1.50,10.50,0.00
EXP-04B,exp04b_m03_ro100_lh10,baseline,phase,t03,human_1,1,human,12.00,14.25,2.25,12.00,0.00
EXP-04B,exp04b_m03_ro100_lh10,baseline,phase,t03,agent_1,1,agent,14.25,27.75,13.50,,0
EXP-04B,exp04b_m03_ro100_lh10,baseline,phase,t03,human_2,1,human,31.05,33.30,2.25,27.75,3.30
EXP-04B,exp04b_m03_ro100_lh10,baseline,phase,t04_part_01,specification,2,human,14.25,16.05,1.80,12.00,2.25
EXP-04B,exp04b_m03_ro100_lh10,baseline,phase,t04_part_01,implementation,2,agent,16.05,22.05,6.00,,0
EXP-04B,exp04b_m03_ro100_lh10,baseline,phase,t04_part_02,specification,3,human,16.05,17.85,1.80,12.00,4.05
EXP-04B,exp04b_m03_ro100_lh10,baseline,phase,t04_part_02,implementation,3,agent,17.85,23.85,6.00,,0
EXP-04B,exp04b_m03_ro100_lh10,baseline,phase,t04_part_03,specification,4,human,17.85,19.65,1.80,12.00,5.85
EXP-04B,exp04b_m03_ro100_lh10,baseline,phase,t04_part_03,implementation,4,agent,19.65,25.65,6.00,,0
EXP-04B,exp04b_m03_ro100_lh10,baseline,phase,t04_join,acceptance,2,human,25.65,31.05,5.40,25.65,0.00
EXP-04B,exp04b_m03_ro100_lh10,baseline,wait,t01,human_1,2,human_queue,0,1.50,1.50,0,1.50
EXP-04B,exp04b_m03_ro100_lh10,baseline,wait,t03,human_2,1,human_queue,27.75,31.05,3.30,27.75,3.30
EXP-04B,exp04b_m03_ro100_lh10,baseline,wait,t04_part_01,specification,2,human_queue,12.00,14.25,2.25,12.00,2.25
EXP-04B,exp04b_m03_ro100_lh10,baseline,wait,t04_part_02,specification,3,human_queue,12.00,16.05,4.05,12.00,4.05
EXP-04B,exp04b_m03_ro100_lh10,baseline,wait,t04_part_03,specification,4,human_queue,12.00,17.85,5.85,12.00,5.85
EXP-04B,exp04b_m03_ro100_lh10,exact,phase,t01,human_1,2,human,1.50000,2.25000,0.75000,1.50000,0.00000
EXP-04B,exp04b_m03_ro100_lh10,exact,phase,t01,agent_1,2,agent,2.25000,6.75000,4.50000,,0
EXP-04B,exp04b_m03_ro100_lh10,exact,phase,t01,human_2,2,human,6.75000,7.50000,0.75000,6.75000,0.00000
EXP-04B,exp04b_m03_ro100_lh10,exact,phase,t02,human_1,1,human,0.00000,1.50000,1.50000,0.00000,0.00000
EXP-04B,exp04b_m03_ro100_lh10,exact,phase,t02,agent_1,1,agent,1.50000,10.50000,9.00000,,0
EXP-04B,exp04b_m03_ro100_lh10,exact,phase,t02,human_2,1,human,10.50000,12.00000,1.50000,10.50000,0.00000
EXP-04B,exp04b_m03_ro100_lh10,exact,phase,t03,human_1,4,human,12.00000,14.25000,2.25000,12.00000,0.00000
EXP-04B,exp04b_m03_ro100_lh10,exact,phase,t03,agent_1,4,agent,14.25000,27.75000,13.50000,,0
EXP-04B,exp04b_m03_ro100_lh10,exact,phase,t03,human_2,4,human,31.05000,33.30000,2.25000,27.75000,3.30000
EXP-04B,exp04b_m03_ro100_lh10,exact,phase,t04_part_01,specification,3,human,16.05000,17.85000,1.80000,16.05000,0.00000
EXP-04B,exp04b_m03_ro100_lh10,exact,phase,t04_part_01,implementation,3,agent,17.85000,23.85000,6.00000,,0
EXP-04B,exp04b_m03_ro100_lh10,exact,phase,t04_part_02,specification,2,human,17.85000,19.65000,1.80000,17.85000,0.00000
EXP-04B,exp04b_m03_ro100_lh10,exact,phase,t04_part_02,implementation,2,agent,19.65000,25.65000,6.00000,,0
EXP-04B,exp04b_m03_ro100_lh10,exact,phase,t04_part_03,specification,1,human,14.25000,16.05000,1.80000,14.25000,0.00000
EXP-04B,exp04b_m03_ro100_lh10,exact,phase,t04_part_03,implementation,1,agent,16.05000,22.05000,6.00000,,0
EXP-04B,exp04b_m03_ro100_lh10,exact,phase,t04_join,acceptance,1,human,25.65000,31.05000,5.40000,25.65000,0.00000
EXP-04B,exp04b_m03_ro100_lh10,exact,wait,t03,human_2,4,human_queue,27.75000,31.05000,3.30000,27.75000,3.30000
EXP-04B,exp04b_m03_ro200_lh00,baseline,phase,t01,human_1,2,human,1.50,2.25,0.75,0,1.50
EXP-04B,exp04b_m03_ro200_lh00,baseline,phase,t01,agent_1,2,agent,2.25,6.75,4.50,,0
EXP-04B,exp04b_m03_ro200_lh00,baseline,phase,t01,human_2,2,human,6.75,7.50,0.75,6.75,0.00
EXP-04B,exp04b_m03_ro200_lh00,baseline,phase,t02,human_1,1,human,0,1.50,1.50,0,0
EXP-04B,exp04b_m03_ro200_lh00,baseline,phase,t02,agent_1,1,agent,1.50,10.50,9.00,,0
EXP-04B,exp04b_m03_ro200_lh00,baseline,phase,t02,human_2,1,human,10.50,12.00,1.50,10.50,0.00
EXP-04B,exp04b_m03_ro200_lh00,baseline,phase,t03,human_1,1,human,12.00,14.25,2.25,12.00,0.00
EXP-04B,exp04b_m03_ro200_lh00,baseline,phase,t03,agent_1,1,agent,14.25,27.75,13.50,,0
EXP-04B,exp04b_m03_ro200_lh00,baseline,phase,t03,human_2,1,human,27.75,30.00,2.25,27.75,0.00
EXP-04B,exp04b_m03_ro200_lh00,baseline,phase,t04_part_01,specification,2,human,14.25,15.25,1.00,12.00,2.25
EXP-04B,exp04b_m03_ro200_lh00,baseline,phase,t04_part_01,implementation,2,agent,15.25,22.85,7.60,,0
EXP-04B,exp04b_m03_ro200_lh00,baseline,phase,t04_part_02,specification,3,human,15.25,16.25,1.00,12.00,3.25
EXP-04B,exp04b_m03_ro200_lh00,baseline,phase,t04_part_02,implementation,3,agent,16.25,23.85,7.60,,0
EXP-04B,exp04b_m03_ro200_lh00,baseline,phase,t04_part_03,specification,4,human,16.25,17.25,1.00,12.00,4.25
EXP-04B,exp04b_m03_ro200_lh00,baseline,phase,t04_part_03,implementation,4,agent,17.25,24.85,7.60,,0
EXP-04B,exp04b_m03_ro200_lh00,baseline,phase,t04_join,integration,2,agent,24.85,29.65,4.80,,0
EXP-04B,exp04b_m03_ro200_lh00,baseline,phase,t04_join,acceptance,2,human,30.00,33.00,3.00,29.65,0.35
EXP-04B,exp04b_m03_ro200_lh00,baseline,wait,t01,human_1,2,human_queue,0,1.50,1.50,0,1.50
EXP-04B,exp04b_m03_ro200_lh00,baseline,wait,t04_part_01,specification,2,human_queue,12.00,14.25,2.25,12.00,2.25
EXP-04B,exp04b_m03_ro200_lh00,baseline,wait,t04_part_02,specification,3,human_queue,12.00,15.25,3.25,12.00,3.25
EXP-04B,exp04b_m03_ro200_lh00,baseline,wait,t04_part_03,specification,4,human_queue,12.00,16.25,4.25,12.00,4.25
EXP-04B,exp04b_m03_ro200_lh00,baseline,wait,t04_join,acceptance,2,human_queue,29.65,30.00,0.35,29.65,0.35
EXP-04B,exp04b_m03_ro200_lh00,exact,phase,t01,human_1,2,human,1.50000,2.25000,0.75000,1.50000,0.00000
EXP-04B,exp04b_m03_ro200_lh00,exact,phase,t01,agent_1,2,agent,2.25000,6.75000,4.50000,,0
EXP-04B,exp04b_m03_ro200_lh00,exact,phase,t01,human_2,2,human,6.75000,7.50000,0.75000,6.75000,0.00000
EXP-04B,exp04b_m03_ro200_lh00,exact,phase,t02,human_1,1,human,0.00000,1.50000,1.50000,0.00000,0.00000
EXP-04B,exp04b_m03_ro200_lh00,exact,phase,t02,agent_1,1,agent,1.50000,10.50000,9.00000,,0
EXP-04B,exp04b_m03_ro200_lh00,exact,phase,t02,human_2,1,human,10.50000,12.00000,1.50000,10.50000,0.00000
EXP-04B,exp04b_m03_ro200_lh00,exact,phase,t03,human_1,4,human,12.00000,14.25000,2.25000,12.00000,0.00000
EXP-04B,exp04b_m03_ro200_lh00,exact,phase,t03,agent_1,4,agent,14.25000,27.75000,13.50000,,0
EXP-04B,exp04b_m03_ro200_lh00,exact,phase,t03,human_2,4,human,27.75000,30.00000,2.25000,27.75000,0.00000
EXP-04B,exp04b_m03_ro200_lh00,exact,phase,t04_part_01,specification,3,human,16.25000,17.25000,1.00000,16.25000,0.00000
EXP-04B,exp04b_m03_ro200_lh00,exact,phase,t04_part_01,implementation,3,agent,17.25000,24.85000,7.60000,,0
EXP-04B,exp04b_m03_ro200_lh00,exact,phase,t04_part_02,specification,2,human,15.25000,16.25000,1.00000,15.25000,0.00000
EXP-04B,exp04b_m03_ro200_lh00,exact,phase,t04_part_02,implementation,2,agent,16.25000,23.85000,7.60000,,0
EXP-04B,exp04b_m03_ro200_lh00,exact,phase,t04_part_03,specification,1,human,14.25000,15.25000,1.00000,14.25000,0.00000
EXP-04B,exp04b_m03_ro200_lh00,exact,phase,t04_part_03,implementation,1,agent,15.25000,22.85000,7.60000,,0
EXP-04B,exp04b_m03_ro200_lh00,exact,phase,t04_join,integration,1,agent,24.85000,29.65000,4.80000,,0
EXP-04B,exp04b_m03_ro200_lh00,exact,phase,t04_join,acceptance,1,human,30.00000,33.00000,3.00000,29.65000,0.35000
EXP-04B,exp04b_m03_ro200_lh00,exact,wait,t04_join,acceptance,1,human_queue,29.65000,30.00000,0.35000,29.65000,0.35000
EXP-04B,exp04b_m03_ro200_lh05,baseline,phase,t01,human_1,2,human,1.50,2.25,0.75,0,1.50
EXP-04B,exp04b_m03_ro200_lh05,baseline,phase,t01,agent_1,2,agent,2.25,6.75,4.50,,0
EXP-04B,exp04b_m03_ro200_lh05,baseline,phase,t01,human_2,2,human,6.75,7.50,0.75,6.75,0.00
EXP-04B,exp04b_m03_ro200_lh05,baseline,phase,t02,human_1,1,human,0,1.50,1.50,0,0
EXP-04B,exp04b_m03_ro200_lh05,baseline,phase,t02,agent_1,1,agent,1.50,10.50,9.00,,0
EXP-04B,exp04b_m03_ro200_lh05,baseline,phase,t02,human_2,1,human,10.50,12.00,1.50,10.50,0.00
EXP-04B,exp04b_m03_ro200_lh05,baseline,phase,t03,human_1,1,human,12.00,14.25,2.25,12.00,0.00
EXP-04B,exp04b_m03_ro200_lh05,baseline,phase,t03,agent_1,1,agent,14.25,27.75,13.50,,0
EXP-04B,exp04b_m03_ro200_lh05,baseline,phase,t03,human_2,1,human,27.75,30.00,2.25,27.75,0.00
EXP-04B,exp04b_m03_ro200_lh05,baseline,phase,t04_part_01,specification,2,human,14.25,16.050,1.800,12.00,2.25
EXP-04B,exp04b_m03_ro200_lh05,baseline,phase,t04_part_01,implementation,2,agent,16.050,22.850,6.800,,0
EXP-04B,exp04b_m03_ro200_lh05,baseline,phase,t04_part_02,specification,3,human,16.050,17.850,1.800,12.00,4.050
EXP-04B,exp04b_m03_ro200_lh05,baseline,phase,t04_part_02,implementation,3,agent,17.850,24.650,6.800,,0
EXP-04B,exp04b_m03_ro200_lh05,baseline,phase,t04_part_03,specification,4,human,17.850,19.650,1.800,12.00,5.850
EXP-04B,exp04b_m03_ro200_lh05,baseline,phase,t04_part_03,implementation,4,agent,19.650,26.450,6.800,,0
EXP-04B,exp04b_m03_ro200_lh05,baseline,phase,t04_join,integration,2,agent,26.450,28.850,2.400,,0
EXP-04B,exp04b_m03_ro200_lh05,baseline,phase,t04_join,acceptance,2,human,30.00,35.400,5.400,28.850,1.150
EXP-04B,exp04b_m03_ro200_lh05,baseline,wait,t01,human_1,2,human_queue,0,1.50,1.50,0,1.50
EXP-04B,exp04b_m03_ro200_lh05,baseline,wait,t04_part_01,specification,2,human_queue,12.00,14.25,2.25,12.00,2.25
EXP-04B,exp04b_m03_ro200_lh05,baseline,wait,t04_part_02,specification,3,human_queue,12.00,16.050,4.050,12.00,4.050
EXP-04B,exp04b_m03_ro200_lh05,baseline,wait,t04_part_03,specification,4,human_queue,12.00,17.850,5.850,12.00,5.850
EXP-04B,exp04b_m03_ro200_lh05,baseline,wait,t04_join,acceptance,2,human_queue,28.850,30.00,1.150,28.850,1.150
EXP-04B,exp04b_m03_ro200_lh05,exact,phase,t01,human_1,2,human,1.50000,2.25000,0.75000,1.50000,0.00000
EXP-04B,exp04b_m03_ro200_lh05,exact,phase,t01,agent_1,2,agent,2.25000,6.75000,4.50000,,0
EXP-04B,exp04b_m03_ro200_lh05,exact,phase,t01,human_2,2,human,6.75000,7.50000,0.75000,6.75000,0.00000
EXP-04B,exp04b_m03_ro200_lh05,exact,phase,t02,human_1,1,human,0.00000,1.50000,1.50000,0.00000,0.00000
EXP-04B,exp04b_m03_ro200_lh05,exact,phase,t02,agent_1,1,agent,1.50000,10.50000,9.00000,,0
EXP-04B,exp04b_m03_ro200_lh05,exact,phase,t02,human_2,1,human,10.50000,12.00000,1.50000,10.50000,0.00000
EXP-04B,exp04b_m03_ro200_lh05,exact,phase,t03,human_1,4,human,17.40000,19.65000,2.25000,17.40000,0.00000
EXP-04B,exp04b_m03_ro200_lh05,exact,phase,t03,agent_1,4,agent,19.65000,33.15000,13.50000,,0
EXP-04B,exp04b_m03_ro200_lh05,exact,phase,t03,human_2,4,human,33.15000,35.40000,2.25000,33.15000,0.00000
EXP-04B,exp04b_m03_ro200_lh05,exact,phase,t04_part_01,specification,3,human,15.60000,17.40000,1.80000,15.60000,0.00000
EXP-04B,exp04b_m03_ro200_lh05,exact,phase,t04_part_01,implementation,3,agent,17.40000,24.20000,6.80000,,0
EXP-04B,exp04b_m03_ro200_lh05,exact,phase,t04_part_02,specification,2,human,12.00000,13.80000,1.80000,12.00000,0.00000
EXP-04B,exp04b_m03_ro200_lh05,exact,phase,t04_part_02,implementation,2,agent,13.80000,20.60000,6.80000,,0
EXP-04B,exp04b_m03_ro200_lh05,exact,phase,t04_part_03,specification,1,human,13.80000,15.60000,1.80000,13.80000,0.00000
EXP-04B,exp04b_m03_ro200_lh05,exact,phase,t04_part_03,implementation,1,agent,15.60000,22.40000,6.80000,,0
EXP-04B,exp04b_m03_ro200_lh05,exact,phase,t04_join,integration,1,agent,24.20000,26.60000,2.40000,,0
EXP-04B,exp04b_m03_ro200_lh05,exact,phase,t04_join,acceptance,1,human,26.60000,32.00000,5.40000,26.60000,0.00000
EXP-04B,exp04b_m03_ro200_lh10,baseline,phase,t01,human_1,2,human,1.50,2.25,0.75,0,1.50
EXP-04B,exp04b_m03_ro200_lh10,baseline,phase,t01,agent_1,2,agent,2.25,6.75,4.50,,0
EXP-04B,exp04b_m03_ro200_lh10,baseline,phase,t01,human_2,2,human,6.75,7.50,0.75,6.75,0.00
EXP-04B,exp04b_m03_ro200_lh10,baseline,phase,t02,human_1,1,human,0,1.50,1.50,0,0
EXP-04B,exp04b_m03_ro200_lh10,baseline,phase,t02,agent_1,1,agent,1.50,10.50,9.00,,0
EXP-04B,exp04b_m03_ro200_lh10,baseline,phase,t02,human_2,1,human,10.50,12.00,1.50,10.50,0.00
EXP-04B,exp04b_m03_ro200_lh10,baseline,phase,t03,human_1,1,human,12.00,14.25,2.25,12.00,0.00
EXP-04B,exp04b_m03_ro200_lh10,baseline,phase,t03,agent_1,1,agent,14.25,27.75,13.50,,0
EXP-04B,exp04b_m03_ro200_lh10,baseline,phase,t03,human_2,1,human,27.75,30.00,2.25,27.75,0.00
EXP-04B,exp04b_m03_ro200_lh10,baseline,phase,t04_part_01,specification,2,human,14.25,16.85,2.60,12.00,2.25
EXP-04B,exp04b_m03_ro200_lh10,baseline,phase,t04_part_01,implementation,2,agent,16.85,22.85,6.00,,0
EXP-04B,exp04b_m03_ro200_lh10,baseline,phase,t04_part_02,specification,3,human,16.85,19.45,2.60,12.00,4.85
EXP-04B,exp04b_m03_ro200_lh10,baseline,phase,t04_part_02,implementation,3,agent,19.45,25.45,6.00,,0
EXP-04B,exp04b_m03_ro200_lh10,baseline,phase,t04_part_03,specification,4,human,19.45,22.05,2.60,12.00,7.45
EXP-04B,exp04b_m03_ro200_lh10,baseline,phase,t04_part_03,implementation,4,agent,22.05,28.05,6.00,,0
EXP-04B,exp04b_m03_ro200_lh10,baseline,phase,t04_join,acceptance,2,human,30.00,37.80,7.80,28.05,1.95
EXP-04B,exp04b_m03_ro200_lh10,baseline,wait,t01,human_1,2,human_queue,0,1.50,1.50,0,1.50
EXP-04B,exp04b_m03_ro200_lh10,baseline,wait,t04_part_01,specification,2,human_queue,12.00,14.25,2.25,12.00,2.25
EXP-04B,exp04b_m03_ro200_lh10,baseline,wait,t04_part_02,specification,3,human_queue,12.00,16.85,4.85,12.00,4.85
EXP-04B,exp04b_m03_ro200_lh10,baseline,wait,t04_part_03,specification,4,human_queue,12.00,19.45,7.45,12.00,7.45
EXP-04B,exp04b_m03_ro200_lh10,baseline,wait,t04_join,acceptance,2,human_queue,28.05,30.00,1.95,28.05,1.95
EXP-04B,exp04b_m03_ro200_lh10,exact,phase,t01,human_1,2,human,1.50000,2.25000,0.75000,1.50000,0.00000
EXP-04B,exp04b_m03_ro200_lh10,exact,phase,t01,agent_1,2,agent,2.25000,6.75000,4.50000,,0
EXP-04B,exp04b_m03_ro200_lh10,exact,phase,t01,human_2,2,human,6.75000,7.50000,0.75000,6.75000,0.00000
EXP-04B,exp04b_m03_ro200_lh10,exact,phase,t02,human_1,1,human,0.00000,1.50000,1.50000,0.00000,0.00000
EXP-04B,exp04b_m03_ro200_lh10,exact,phase,t02,agent_1,1,agent,1.50000,10.50000,9.00000,,0
EXP-04B,exp04b_m03_ro200_lh10,exact,phase,t02,human_2,1,human,10.50000,12.00000,1.50000,10.50000,0.00000
EXP-04B,exp04b_m03_ro200_lh10,exact,phase,t03,human_1,4,human,19.80000,22.05000,2.25000,19.80000,0.00000
EXP-04B,exp04b_m03_ro200_lh10,exact,phase,t03,agent_1,4,agent,22.05000,35.55000,13.50000,,0
EXP-04B,exp04b_m03_ro200_lh10,exact,phase,t03,human_2,4,human,35.55000,37.80000,2.25000,35.55000,0.00000
EXP-04B,exp04b_m03_ro200_lh10,exact,phase,t04_part_01,specification,3,human,17.20000,19.80000,2.60000,17.20000,0.00000
EXP-04B,exp04b_m03_ro200_lh10,exact,phase,t04_part_01,implementation,3,agent,19.80000,25.80000,6.00000,,0
EXP-04B,exp04b_m03_ro200_lh10,exact,phase,t04_part_02,specification,2,human,12.00000,14.60000,2.60000,12.00000,0.00000
EXP-04B,exp04b_m03_ro200_lh10,exact,phase,t04_part_02,implementation,2,agent,14.60000,20.60000,6.00000,,0
EXP-04B,exp04b_m03_ro200_lh10,exact,phase,t04_part_03,specification,1,human,14.60000,17.20000,2.60000,14.60000,0.00000
EXP-04B,exp04b_m03_ro200_lh10,exact,phase,t04_part_03,implementation,1,agent,17.20000,23.20000,6.00000,,0
EXP-04B,exp04b_m03_ro200_lh10,exact,phase,t04_join,acceptance,1,human,25.80000,33.60000,7.80000,25.80000,0.00000
EXP-04B,exp04b_m04_ro000_lh00,baseline,phase,t01,human_1,2,human,1.50,2.25,0.75,0,1.50
EXP-04B,exp04b_m04_ro000_lh00,baseline,phase,t01,agent_1,2,agent,2.25,6.75,4.50,,0
EXP-04B,exp04b_m04_ro000_lh00,baseline,phase,t01,human_2,2,human,6.75,7.50,0.75,6.75,0.00
EXP-04B,exp04b_m04_ro000_lh00,baseline,phase,t02,human_1,1,human,0,1.50,1.50,0,0
EXP-04B,exp04b_m04_ro000_lh00,baseline,phase,t02,agent_1,1,agent,1.50,10.50,9.00,,0
EXP-04B,exp04b_m04_ro000_lh00,baseline,phase,t02,human_2,1,human,10.50,12.00,1.50,10.50,0.00
EXP-04B,exp04b_m04_ro000_lh00,baseline,phase,t03,human_1,1,human,12.00,14.25,2.25,12.00,0.00
EXP-04B,exp04b_m04_ro000_lh00,baseline,phase,t03,agent_1,1,agent,14.25,27.75,13.50,,0
EXP-04B,exp04b_m04_ro000_lh00,baseline,phase,t03,human_2,1,human,27.75,30.00,2.25,27.75,0.00
EXP-04B,exp04b_m04_ro000_lh00,baseline,phase,t04_part_01,specification,2,human,14.25,15.00,0.75,12.00,2.25
EXP-04B,exp04b_m04_ro000_lh00,baseline,phase,t04_part_01,implementation,2,agent,15.00,19.50,4.50,,0
EXP-04B,exp04b_m04_ro000_lh00,baseline,phase,t04_part_02,specification,3,human,15.00,15.75,0.75,12.00,3.00
EXP-04B,exp04b_m04_ro000_lh00,baseline,phase,t04_part_02,implementation,3,agent,15.75,20.25,4.50,,0
EXP-04B,exp04b_m04_ro000_lh00,baseline,phase,t04_part_03,specification,4,human,15.75,16.50,0.75,12.00,3.75
EXP-04B,exp04b_m04_ro000_lh00,baseline,phase,t04_part_03,implementation,4,agent,16.50,21.00,4.50,,0
EXP-04B,exp04b_m04_ro000_lh00,baseline,phase,t04_part_04,specification,2,human,19.50,20.25,0.75,19.50,0.00
EXP-04B,exp04b_m04_ro000_lh00,baseline,phase,t04_part_04,implementation,2,agent,20.25,24.75,4.50,,0
EXP-04B,exp04b_m04_ro000_lh00,baseline,phase,t04_join,acceptance,2,human,24.75,27.75,3.00,24.75,0.00
EXP-04B,exp04b_m04_ro000_lh00,baseline,wait,t01,human_1,2,human_queue,0,1.50,1.50,0,1.50
EXP-04B,exp04b_m04_ro000_lh00,baseline,wait,t04_part_01,specification,2,human_queue,12.00,14.25,2.25,12.00,2.25
EXP-04B,exp04b_m04_ro000_lh00,baseline,wait,t04_part_02,specification,3,human_queue,12.00,15.00,3.00,12.00,3.00
EXP-04B,exp04b_m04_ro000_lh00,baseline,wait,t04_part_03,specification,4,human_queue,12.00,15.75,3.75,12.00,3.75
EXP-04B,exp04b_m04_ro000_lh00,exact,phase,t01,human_1,2,human,1.50000,2.25000,0.75000,1.50000,0.00000
EXP-04B,exp04b_m04_ro000_lh00,exact,phase,t01,agent_1,2,agent,2.25000,6.75000,4.50000,,0
EXP-04B,exp04b_m04_ro000_lh00,exact,phase,t01,human_2,2,human,6.75000,7.50000,0.75000,6.75000,0.00000
EXP-04B,exp04b_m04_ro000_lh00,exact,phase,t02,human_1,1,human,0.00000,1.50000,1.50000,0.00000,0.00000
EXP-04B,exp04b_m04_ro000_lh00,exact,phase,t02,agent_1,1,agent,1.50000,10.50000,9.00000,,0
EXP-04B,exp04b_m04_ro000_lh00,exact,phase,t02,human_2,1,human,10.50000,12.00000,1.50000,10.50000,0.00000
EXP-04B,exp04b_m04_ro000_lh00,exact,phase,t03,human_1,4,human,12.00000,14.25000,2.25000,12.00000,0.00000
EXP-04B,exp04b_m04_ro000_lh00,exact,phase,t03,agent_1,4,agent,14.25000,27.75000,13.50000,,0
EXP-04B,exp04b_m04_ro000_lh00,exact,phase,t03,human_2,4,human,27.75000,30.00000,2.25000,27.75000,0.00000
EXP-04B,exp04b_m04_ro000_lh00,exact,phase,t04_part_01,specification,1,human,15.00000,15.75000,0.75000,15.00000,0.00000
EXP-04B,exp04b_m04_ro000_lh00,exact,phase,t04_part_01,implementation,1,agent,15.75000,20.25000,4.50000,,0
EXP-04B,exp04b_m04_ro000_lh00,exact,phase,t04_part_02,specification,3,human,15.75000,16.50000,0.75000,15.75000,0.00000
EXP-04B,exp04b_m04_ro000_lh00,exact,phase,t04_part_02,implementation,3,agent,16.50000,21.00000,4.50000,,0
EXP-04B,exp04b_m04_ro000_lh00,exact,phase,t04_part_03,specification,2,human,14.25000,15.00000,0.75000,14.25000,0.00000
EXP-04B,exp04b_m04_ro000_lh00,exact,phase,t04_part_03,implementation,2,agent,15.00000,19.50000,4.50000,,0
EXP-04B,exp04b_m04_ro000_lh00,exact,phase,t04_part_04,specification,2,human,19.50000,20.25000,0.75000,19.50000,0.00000
EXP-04B,exp04b_m04_ro000_lh00,exact,phase,t04_part_04,implementation,2,agent,20.25000,24.75000,4.50000,,0
EXP-04B,exp04b_m04_ro000_lh00,exact,phase,t04_join,acceptance,1,human,24.75000,27.75000,3.00000,24.75000,0.00000
EXP-04B,exp04b_m04_ro025_lh00,baseline,phase,t01,human_1,2,human,1.50,2.25,0.75,0,1.50
EXP-04B,exp04b_m04_ro025_lh00,baseline,phase,t01,agent_1,2,agent,2.25,6.75,4.50,,0
EXP-04B,exp04b_m04_ro025_lh00,baseline,phase,t01,human_2,2,human,6.75,7.50,0.75,6.75,0.00
EXP-04B,exp04b_m04_ro025_lh00,baseline,phase,t02,human_1,1,human,0,1.50,1.50,0,0
EXP-04B,exp04b_m04_ro025_lh00,baseline,phase,t02,agent_1,1,agent,1.50,10.50,9.00,,0
EXP-04B,exp04b_m04_ro025_lh00,baseline,phase,t02,human_2,1,human,10.50,12.00,1.50,10.50,0.00
EXP-04B,exp04b_m04_ro025_lh00,baseline,phase,t03,human_1,1,human,12.00,14.25,2.25,12.00,0.00
EXP-04B,exp04b_m04_ro025_lh00,baseline,phase,t03,agent_1,1,agent,14.25,27.75,13.50,,0
EXP-04B,exp04b_m04_ro025_lh00,baseline,phase,t03,human_2,1,human,29.100,31.350,2.250,27.75,1.350
EXP-04B,exp04b_m04_ro025_lh00,baseline,phase,t04_part_01,specification,2,human,14.25,15.000,0.750,12.00,2.25
EXP-04B,exp04b_m04_ro025_lh00,baseline,phase,t04_part_01,implementation,2,agent,15.000,19.725,4.725,,0
EXP-04B,exp04b_m04_ro025_lh00,baseline,phase,t04_part_02,specification,3,human,15.000,15.750,0.750,12.00,3.000
EXP-04B,exp04b_m04_ro025_lh00,baseline,phase,t04_part_02,implementation,3,agent,15.750,20.475,4.725,,0
EXP-04B,exp04b_m04_ro025_lh00,baseline,phase,t04_part_03,specification,4,human,15.750,16.500,0.750,12.00,3.750
EXP-04B,exp04b_m04_ro025_lh00,baseline,phase,t04_part_03,implementation,4,agent,16.500,21.225,4.725,,0
EXP-04B,exp04b_m04_ro025_lh00,baseline,phase,t04_part_04,specification,2,human,19.725,20.475,0.750,19.725,0.000
EXP-04B,exp04b_m04_ro025_lh00,baseline,phase,t04_part_04,implementation,2,agent,20.475,25.200,4.725,,0
EXP-04B,exp04b_m04_ro025_lh00,baseline,phase,t04_join,integration,2,agent,25.200,26.100,0.900,,0
EXP-04B,exp04b_m04_ro025_lh00,baseline,phase,t04_join,acceptance,2,human,26.100,29.100,3.000,26.100,0.000
EXP-04B,exp04b_m04_ro025_lh00,baseline,wait,t01,human_1,2,human_queue,0,1.50,1.50,0,1.50
EXP-04B,exp04b_m04_ro025_lh00,baseline,wait,t03,human_2,1,human_queue,27.75,29.100,1.350,27.75,1.350
EXP-04B,exp04b_m04_ro025_lh00,baseline,wait,t04_part_01,specification,2,human_queue,12.00,14.25,2.25,12.00,2.25
EXP-04B,exp04b_m04_ro025_lh00,baseline,wait,t04_part_02,specification,3,human_queue,12.00,15.000,3.000,12.00,3.000
EXP-04B,exp04b_m04_ro025_lh00,baseline,wait,t04_part_03,specification,4,human_queue,12.00,15.750,3.750,12.00,3.750
EXP-04B,exp04b_m04_ro025_lh00,exact,phase,t01,human_1,2,human,1.50000,2.25000,0.75000,1.50000,0.00000
EXP-04B,exp04b_m04_ro025_lh00,exact,phase,t01,agent_1,2,agent,2.25000,6.75000,4.50000,,0
EXP-04B,exp04b_m04_ro025_lh00,exact,phase,t01,human_2,2,human,6.75000,7.50000,0.75000,6.75000,0.00000
EXP-04B,exp04b_m04_ro025_lh00,exact,phase,t02,human_1,1,human,0.00000,1.50000,1.50000,0.00000,0.00000
EXP-04B,exp04b_m04_ro025_lh00,exact,phase,t02,agent_1,1,agent,1.50000,10.50000,9.00000,,0
EXP-04B,exp04b_m04_ro025_lh00,exact,phase,t02,human_2,1,human,10.50000,12.00000,1.50000,10.50000,0.00000
EXP-04B,exp04b_m04_ro025_lh00,exact,phase,t03,human_1,4,human,12.75000,15.00000,2.25000,12.75000,0.00000
EXP-04B,exp04b_m04_ro025_lh00,exact,phase,t03,agent_1,4,agent,15.00000,28.50000,13.50000,,0
EXP-04B,exp04b_m04_ro025_lh00,exact,phase,t03,human_2,4,human,28.50000,30.75000,2.25000,28.50000,0.00000
EXP-04B,exp04b_m04_ro025_lh00,exact,phase,t04_part_01,specification,3,human,17.47500,18.22500,0.75000,17.47500,0.00000
EXP-04B,exp04b_m04_ro025_lh00,exact,phase,t04_part_01,implementation,3,agent,18.22500,22.95000,4.72500,,0
EXP-04B,exp04b_m04_ro025_lh00,exact,phase,t04_part_02,specification,3,human,12.00000,12.75000,0.75000,12.00000,0.00000
EXP-04B,exp04b_m04_ro025_lh00,exact,phase,t04_part_02,implementation,3,agent,12.75000,17.47500,4.72500,,0
EXP-04B,exp04b_m04_ro025_lh00,exact,phase,t04_part_03,specification,2,human,15.75000,16.50000,0.75000,15.75000,0.00000
EXP-04B,exp04b_m04_ro025_lh00,exact,phase,t04_part_03,implementation,2,agent,16.50000,21.22500,4.72500,,0
EXP-04B,exp04b_m04_ro025_lh00,exact,phase,t04_part_04,specification,1,human,15.00000,15.75000,0.75000,15.00000,0.00000
EXP-04B,exp04b_m04_ro025_lh00,exact,phase,t04_part_04,implementation,1,agent,15.75000,20.47500,4.72500,,0
EXP-04B,exp04b_m04_ro025_lh00,exact,phase,t04_join,integration,1,agent,22.95000,23.85000,0.90000,,0
EXP-04B,exp04b_m04_ro025_lh00,exact,phase,t04_join,acceptance,1,human,23.85000,26.85000,3.00000,23.85000,0.00000
EXP-04B,exp04b_m04_ro025_lh05,baseline,phase,t01,human_1,2,human,1.50,2.25,0.75,0,1.50
EXP-04B,exp04b_m04_ro025_lh05,baseline,phase,t01,agent_1,2,agent,2.25,6.75,4.50,,0
EXP-04B,exp04b_m04_ro025_lh05,baseline,phase,t01,human_2,2,human,6.75,7.50,0.75,6.75,0.00
EXP-04B,exp04b_m04_ro025_lh05,baseline,phase,t02,human_1,1,human,0,1.50,1.50,0,0
EXP-04B,exp04b_m04_ro025_lh05,baseline,phase,t02,agent_1,1,agent,1.50,10.50,9.00,,0
EXP-04B,exp04b_m04_ro025_lh05,baseline,phase,t02,human_2,1,human,10.50,12.00,1.50,10.50,0.00
EXP-04B,exp04b_m04_ro025_lh05,baseline,phase,t03,human_1,1,human,12.00,14.25,2.25,12.00,0.00
EXP-04B,exp04b_m04_ro025_lh05,baseline,phase,t03,agent_1,1,agent,14.25,27.75,13.50,,0
EXP-04B,exp04b_m04_ro025_lh05,baseline,phase,t03,human_2,1,human,29.1000,31.3500,2.2500,27.75,1.3500
EXP-04B,exp04b_m04_ro025_lh05,baseline,phase,t04_part_01,specification,2,human,14.25,15.1125,0.8625,12.00,2.25
EXP-04B,exp04b_m04_ro025_lh05,baseline,phase,t04_part_01,implementation,2,agent,15.1125,19.7250,4.6125,,0
EXP-04B,exp04b_m04_ro025_lh05,baseline,phase,t04_part_02,specification,3,human,15.1125,15.9750,0.8625,12.00,3.1125
EXP-04B,exp04b_m04_ro025_lh05,baseline,phase,t04_part_02,implementation,3,agent,15.9750,20.5875,4.6125,,0
EXP-04B,exp04b_m04_ro025_lh05,baseline,phase,t04_part_03,specification,4,human,15.9750,16.8375,0.8625,12.00,3.9750
EXP-04B,exp04b_m04_ro025_lh05,baseline,phase,t04_part_03,implementation,4,agent,16.8375,21.4500,4.6125,,0
EXP-04B,exp04b_m04_ro025_lh05,baseline,phase,t04_part_04,specification,2,human,19.7250,20.5875,0.8625,19.7250,0.0000
EXP-04B,exp04b_m04_ro025_lh05,baseline,phase,t04_part_04,implementation,2,agent,20.5875,25.2000,4.6125,,0
EXP-04B,exp04b_m04_ro025_lh05,baseline,phase,t04_join,integration,2,agent,25.2000,25.6500,0.4500,,0
EXP-04B,exp04b_m04_ro025_lh05,baseline,phase,t04_join,acceptance,2,human,25.6500,29.1000,3.4500,25.6500,0.0000
EXP-04B,exp04b_m04_ro025_lh05,baseline,wait,t01,human_1,2,human_queue,0,1.50,1.50,0,1.50
EXP-04B,exp04b_m04_ro025_lh05,baseline,wait,t03,human_2,1,human_queue,27.75,29.1000,1.3500,27.75,1.3500
EXP-04B,exp04b_m04_ro025_lh05,baseline,wait,t04_part_01,specification,2,human_queue,12.00,14.25,2.25,12.00,2.25
EXP-04B,exp04b_m04_ro025_lh05,baseline,wait,t04_part_02,specification,3,human_queue,12.00,15.1125,3.1125,12.00,3.1125
EXP-04B,exp04b_m04_ro025_lh05,baseline,wait,t04_part_03,specification,4,human_queue,12.00,15.9750,3.9750,12.00,3.9750
EXP-04B,exp04b_m04_ro025_lh05,exact,phase,t01,human_1,2,human,1.50000,2.25000,0.75000,1.50000,0.00000
EXP-04B,exp04b_m04_ro025_lh05,exact,phase,t01,agent_1,2,agent,2.25000,6.75000,4.50000,,0
EXP-04B,exp04b_m04_ro025_lh05,exact,phase,t01,human_2,2,human,6.75000,7.50000,0.75000,6.75000,0.00000
EXP-04B,exp04b_m04_ro025_lh05,exact,phase,t02,human_1,1,human,0.00000,1.50000,1.50000,0.00000,0.00000
EXP-04B,exp04b_m04_ro025_lh05,exact,phase,t02,agent_1,1,agent,1.50000,10.50000,9.00000,,0
EXP-04B,exp04b_m04_ro025_lh05,exact,phase,t02,human_2,1,human,10.50000,12.00000,1.50000,10.50000,0.00000
EXP-04B,exp04b_m04_ro025_lh05,exact,phase,t03,human_1,4,human,12.86250,15.11250,2.25000,12.86250,0.00000
EXP-04B,exp04b_m04_ro025_lh05,exact,phase,t03,agent_1,4,agent,15.11250,28.61250,13.50000,,0
EXP-04B,exp04b_m04_ro025_lh05,exact,phase,t03,human_2,4,human,28.61250,30.86250,2.25000,28.61250,0.00000
EXP-04B,exp04b_m04_ro025_lh05,exact,phase,t04_part_01,specification,3,human,15.97500,16.83750,0.86250,15.97500,0.00000
EXP-04B,exp04b_m04_ro025_lh05,exact,phase,t04_part_01,implementation,3,agent,16.83750,21.45000,4.61250,,0
EXP-04B,exp04b_m04_ro025_lh05,exact,phase,t04_part_02,specification,2,human,17.47500,18.33750,0.86250,17.47500,0.00000
EXP-04B,exp04b_m04_ro025_lh05,exact,phase,t04_part_02,implementation,2,agent,18.33750,22.95000,4.61250,,0
EXP-04B,exp04b_m04_ro025_lh05,exact,phase,t04_part_03,specification,2,human,12.00000,12.86250,0.86250,12.00000,0.00000
EXP-04B,exp04b_m04_ro025_lh05,exact,phase,t04_part_03,implementation,2,agent,12.86250,17.47500,4.61250,,0
EXP-04B,exp04b_m04_ro025_lh05,exact,phase,t04_part_04,specification,1,human,15.11250,15.97500,0.86250,15.11250,0.00000
EXP-04B,exp04b_m04_ro025_lh05,exact,phase,t04_part_04,implementation,1,agent,15.97500,20.58750,4.61250,,0
EXP-04B,exp04b_m04_ro025_lh05,exact,phase,t04_join,integration,1,agent,22.95000,23.40000,0.45000,,0
EXP-04B,exp04b_m04_ro025_lh05,exact,phase,t04_join,acceptance,1,human,23.40000,26.85000,3.45000,23.40000,0.00000
EXP-04B,exp04b_m04_ro025_lh10,baseline,phase,t01,human_1,2,human,1.50,2.25,0.75,0,1.50
EXP-04B,exp04b_m04_ro025_lh10,baseline,phase,t01,agent_1,2,agent,2.25,6.75,4.50,,0
EXP-04B,exp04b_m04_ro025_lh10,baseline,phase,t01,human_2,2,human,6.75,7.50,0.75,6.75,0.00
EXP-04B,exp04b_m04_ro025_lh10,baseline,phase,t02,human_1,1,human,0,1.50,1.50,0,0
EXP-04B,exp04b_m04_ro025_lh10,baseline,phase,t02,agent_1,1,agent,1.50,10.50,9.00,,0
EXP-04B,exp04b_m04_ro025_lh10,baseline,phase,t02,human_2,1,human,10.50,12.00,1.50,10.50,0.00
EXP-04B,exp04b_m04_ro025_lh10,baseline,phase,t03,human_1,1,human,12.00,14.25,2.25,12.00,0.00
EXP-04B,exp04b_m04_ro025_lh10,baseline,phase,t03,agent_1,1,agent,14.25,27.75,13.50,,0
EXP-04B,exp04b_m04_ro025_lh10,baseline,phase,t03,human_2,1,human,29.100,31.350,2.250,27.75,1.350
EXP-04B,exp04b_m04_ro025_lh10,baseline,phase,t04_part_01,specification,2,human,14.25,15.225,0.975,12.00,2.25
EXP-04B,exp04b_m04_ro025_lh10,baseline,phase,t04_part_01,implementation,2,agent,15.225,19.725,4.500,,0
EXP-04B,exp04b_m04_ro025_lh10,baseline,phase,t04_part_02,specification,3,human,15.225,16.200,0.975,12.00,3.225
EXP-04B,exp04b_m04_ro025_lh10,baseline,phase,t04_part_02,implementation,3,agent,16.200,20.700,4.500,,0
EXP-04B,exp04b_m04_ro025_lh10,baseline,phase,t04_part_03,specification,4,human,16.200,17.175,0.975,12.00,4.200
EXP-04B,exp04b_m04_ro025_lh10,baseline,phase,t04_part_03,implementation,4,agent,17.175,21.675,4.500,,0
EXP-04B,exp04b_m04_ro025_lh10,baseline,phase,t04_part_04,specification,2,human,19.725,20.700,0.975,19.725,0.000
EXP-04B,exp04b_m04_ro025_lh10,baseline,phase,t04_part_04,implementation,2,agent,20.700,25.200,4.500,,0
EXP-04B,exp04b_m04_ro025_lh10,baseline,phase,t04_join,acceptance,2,human,25.200,29.100,3.900,25.200,0.000
EXP-04B,exp04b_m04_ro025_lh10,baseline,wait,t01,human_1,2,human_queue,0,1.50,1.50,0,1.50
EXP-04B,exp04b_m04_ro025_lh10,baseline,wait,t03,human_2,1,human_queue,27.75,29.100,1.350,27.75,1.350
EXP-04B,exp04b_m04_ro025_lh10,baseline,wait,t04_part_01,specification,2,human_queue,12.00,14.25,2.25,12.00,2.25
EXP-04B,exp04b_m04_ro025_lh10,baseline,wait,t04_part_02,specification,3,human_queue,12.00,15.225,3.225,12.00,3.225
EXP-04B,exp04b_m04_ro025_lh10,baseline,wait,t04_part_03,specification,4,human_queue,12.00,16.200,4.200,12.00,4.200
EXP-04B,exp04b_m04_ro025_lh10,exact,phase,t01,human_1,2,human,1.50000,2.25000,0.75000,1.50000,0.00000
EXP-04B,exp04b_m04_ro025_lh10,exact,phase,t01,agent_1,2,agent,2.25000,6.75000,4.50000,,0
EXP-04B,exp04b_m04_ro025_lh10,exact,phase,t01,human_2,2,human,6.75000,7.50000,0.75000,6.75000,0.00000
EXP-04B,exp04b_m04_ro025_lh10,exact,phase,t02,human_1,1,human,0.00000,1.50000,1.50000,0.00000,0.00000
EXP-04B,exp04b_m04_ro025_lh10,exact,phase,t02,agent_1,1,agent,1.50000,10.50000,9.00000,,0
EXP-04B,exp04b_m04_ro025_lh10,exact,phase,t02,human_2,1,human,10.50000,12.00000,1.50000,10.50000,0.00000
EXP-04B,exp04b_m04_ro025_lh10,exact,phase,t03,human_1,2,human,12.97500,15.22500,2.25000,12.97500,0.00000
EXP-04B,exp04b_m04_ro025_lh10,exact,phase,t03,agent_1,2,agent,15.22500,28.72500,13.50000,,0
EXP-04B,exp04b_m04_ro025_lh10,exact,phase,t03,human_2,2,human,28.72500,30.97500,2.25000,28.72500,0.00000
EXP-04B,exp04b_m04_ro025_lh10,exact,phase,t04_part_01,specification,4,human,17.47500,18.45000,0.97500,17.47500,0.00000
EXP-04B,exp04b_m04_ro025_lh10,exact,phase,t04_part_01,implementation,4,agent,18.45000,22.95000,4.50000,,0
EXP-04B,exp04b_m04_ro025_lh10,exact,phase,t04_part_02,specification,3,human,16.20000,17.17500,0.97500,16.20000,0.00000
EXP-04B,exp04b_m04_ro025_lh10,exact,phase,t04_part_02,implementation,3,agent,17.17500,21.67500,4.50000,,0
EXP-04B,exp04b_m04_ro025_lh10,exact,phase,t04_part_03,specification,4,human,12.00000,12.97500,0.97500,12.00000,0.00000
EXP-04B,exp04b_m04_ro025_lh10,exact,phase,t04_part_03,implementation,4,agent,12.97500,17.47500,4.50000,,0
EXP-04B,exp04b_m04_ro025_lh10,exact,phase,t04_part_04,specification,1,human,15.22500,16.20000,0.97500,15.22500,0.00000
EXP-04B,exp04b_m04_ro025_lh10,exact,phase,t04_part_04,implementation,1,agent,16.20000,20.70000,4.50000,,0
EXP-04B,exp04b_m04_ro025_lh10,exact,phase,t04_join,acceptance,1,human,22.95000,26.85000,3.90000,22.95000,0.00000
EXP-04B,exp04b_m04_ro050_lh00,baseline,phase,t01,human_1,2,human,1.50,2.25,0.75,0,1.50
EXP-04B,exp04b_m04_ro050_lh00,baseline,phase,t01,agent_1,2,agent,2.25,6.75,4.50,,0
EXP-04B,exp04b_m04_ro050_lh00,baseline,phase,t01,human_2,2,human,6.75,7.50,0.75,6.75,0.00
EXP-04B,exp04b_m04_ro050_lh00,baseline,phase,t02,human_1,1,human,0,1.50,1.50,0,0
EXP-04B,exp04b_m04_ro050_lh00,baseline,phase,t02,agent_1,1,agent,1.50,10.50,9.00,,0
EXP-04B,exp04b_m04_ro050_lh00,baseline,phase,t02,human_2,1,human,10.50,12.00,1.50,10.50,0.00
EXP-04B,exp04b_m04_ro050_lh00,baseline,phase,t03,human_1,1,human,12.00,14.25,2.25,12.00,0.00
EXP-04B,exp04b_m04_ro050_lh00,baseline,phase,t03,agent_1,1,agent,14.25,27.75,13.50,,0
EXP-04B,exp04b_m04_ro050_lh00,baseline,phase,t03,human_2,1,human,30.45,32.70,2.25,27.75,2.70
EXP-04B,exp04b_m04_ro050_lh00,baseline,phase,t04_part_01,specification,2,human,14.25,15.00,0.75,12.00,2.25
EXP-04B,exp04b_m04_ro050_lh00,baseline,phase,t04_part_01,implementation,2,agent,15.00,19.95,4.95,,0
EXP-04B,exp04b_m04_ro050_lh00,baseline,phase,t04_part_02,specification,3,human,15.00,15.75,0.75,12.00,3.00
EXP-04B,exp04b_m04_ro050_lh00,baseline,phase,t04_part_02,implementation,3,agent,15.75,20.70,4.95,,0
EXP-04B,exp04b_m04_ro050_lh00,baseline,phase,t04_part_03,specification,4,human,15.75,16.50,0.75,12.00,3.75
EXP-04B,exp04b_m04_ro050_lh00,baseline,phase,t04_part_03,implementation,4,agent,16.50,21.45,4.95,,0
EXP-04B,exp04b_m04_ro050_lh00,baseline,phase,t04_part_04,specification,2,human,19.95,20.70,0.75,19.95,0.00
EXP-04B,exp04b_m04_ro050_lh00,baseline,phase,t04_part_04,implementation,2,agent,20.70,25.65,4.95,,0
EXP-04B,exp04b_m04_ro050_lh00,baseline,phase,t04_join,integration,2,agent,25.65,27.45,1.80,,0
EXP-04B,exp04b_m04_ro050_lh00,baseline,phase,t04_join,acceptance,2,human,27.45,30.45,3.00,27.45,0.00
EXP-04B,exp04b_m04_ro050_lh00,baseline,wait,t01,human_1,2,human_queue,0,1.50,1.50,0,1.50
EXP-04B,exp04b_m04_ro050_lh00,baseline,wait,t03,human_2,1,human_queue,27.75,30.45,2.70,27.75,2.70
EXP-04B,exp04b_m04_ro050_lh00,baseline,wait,t04_part_01,specification,2,human_queue,12.00,14.25,2.25,12.00,2.25
EXP-04B,exp04b_m04_ro050_lh00,baseline,wait,t04_part_02,specification,3,human_queue,12.00,15.00,3.00,12.00,3.00
EXP-04B,exp04b_m04_ro050_lh00,baseline,wait,t04_part_03,specification,4,human_queue,12.00,15.75,3.75,12.00,3.75
EXP-04B,exp04b_m04_ro050_lh00,exact,phase,t01,human_1,2,human,1.50000,2.25000,0.75000,1.50000,0.00000
EXP-04B,exp04b_m04_ro050_lh00,exact,phase,t01,agent_1,2,agent,2.25000,6.75000,4.50000,,0
EXP-04B,exp04b_m04_ro050_lh00,exact,phase,t01,human_2,2,human,6.75000,7.50000,0.75000,6.75000,0.00000
EXP-04B,exp04b_m04_ro050_lh00,exact,phase,t02,human_1,1,human,0.00000,1.50000,1.50000,0.00000,0.00000
EXP-04B,exp04b_m04_ro050_lh00,exact,phase,t02,agent_1,1,agent,1.50000,10.50000,9.00000,,0
EXP-04B,exp04b_m04_ro050_lh00,exact,phase,t02,human_2,1,human,10.50000,12.00000,1.50000,10.50000,0.00000
EXP-04B,exp04b_m04_ro050_lh00,exact,phase,t03,human_1,4,human,12.75000,15.00000,2.25000,12.75000,0.00000
EXP-04B,exp04b_m04_ro050_lh00,exact,phase,t03,agent_1,4,agent,15.00000,28.50000,13.50000,,0
EXP-04B,exp04b_m04_ro050_lh00,exact,phase,t03,human_2,4,human,28.50000,30.75000,2.25000,28.50000,0.00000
EXP-04B,exp04b_m04_ro050_lh00,exact,phase,t04_part_01,specification,3,human,15.75000,16.50000,0.75000,15.75000,0.00000
EXP-04B,exp04b_m04_ro050_lh00,exact,phase,t04_part_01,implementation,3,agent,16.50000,21.45000,4.95000,,0
EXP-04B,exp04b_m04_ro050_lh00,exact,phase,t04_part_02,specification,1,human,17.70000,18.45000,0.75000,17.70000,0.00000
EXP-04B,exp04b_m04_ro050_lh00,exact,phase,t04_part_02,implementation,1,agent,18.45000,23.40000,4.95000,,0
EXP-04B,exp04b_m04_ro050_lh00,exact,phase,t04_part_03,specification,2,human,15.00000,15.75000,0.75000,15.00000,0.00000
EXP-04B,exp04b_m04_ro050_lh00,exact,phase,t04_part_03,implementation,2,agent,15.75000,20.70000,4.95000,,0
EXP-04B,exp04b_m04_ro050_lh00,exact,phase,t04_part_04,specification,1,human,12.00000,12.75000,0.75000,12.00000,0.00000
EXP-04B,exp04b_m04_ro050_lh00,exact,phase,t04_part_04,implementation,1,agent,12.75000,17.70000,4.95000,,0
EXP-04B,exp04b_m04_ro050_lh00,exact,phase,t04_join,integration,1,agent,23.40000,25.20000,1.80000,,0
EXP-04B,exp04b_m04_ro050_lh00,exact,phase,t04_join,acceptance,1,human,25.20000,28.20000,3.00000,25.20000,0.00000
EXP-04B,exp04b_m04_ro050_lh05,baseline,phase,t01,human_1,2,human,1.50,2.25,0.75,0,1.50
EXP-04B,exp04b_m04_ro050_lh05,baseline,phase,t01,agent_1,2,agent,2.25,6.75,4.50,,0
EXP-04B,exp04b_m04_ro050_lh05,baseline,phase,t01,human_2,2,human,6.75,7.50,0.75,6.75,0.00
EXP-04B,exp04b_m04_ro050_lh05,baseline,phase,t02,human_1,1,human,0,1.50,1.50,0,0
EXP-04B,exp04b_m04_ro050_lh05,baseline,phase,t02,agent_1,1,agent,1.50,10.50,9.00,,0
EXP-04B,exp04b_m04_ro050_lh05,baseline,phase,t02,human_2,1,human,10.50,12.00,1.50,10.50,0.00
EXP-04B,exp04b_m04_ro050_lh05,baseline,phase,t03,human_1,1,human,12.00,14.25,2.25,12.00,0.00
EXP-04B,exp04b_m04_ro050_lh05,baseline,phase,t03,agent_1,1,agent,14.25,27.75,13.50,,0
EXP-04B,exp04b_m04_ro050_lh05,baseline,phase,t03,human_2,1,human,30.450,32.700,2.250,27.75,2.700
EXP-04B,exp04b_m04_ro050_lh05,baseline,phase,t04_part_01,specification,2,human,14.25,15.225,0.975,12.00,2.25
EXP-04B,exp04b_m04_ro050_lh05,baseline,phase,t04_part_01,implementation,2,agent,15.225,19.950,4.725,,0
EXP-04B,exp04b_m04_ro050_lh05,baseline,phase,t04_part_02,specification,3,human,15.225,16.200,0.975,12.00,3.225
EXP-04B,exp04b_m04_ro050_lh05,baseline,phase,t04_part_02,implementation,3,agent,16.200,20.925,4.725,,0
EXP-04B,exp04b_m04_ro050_lh05,baseline,phase,t04_part_03,specification,4,human,16.200,17.175,0.975,12.00,4.200
EXP-04B,exp04b_m04_ro050_lh05,baseline,phase,t04_part_03,implementation,4,agent,17.175,21.900,4.725,,0
EXP-04B,exp04b_m04_ro050_lh05,baseline,phase,t04_part_04,specification,2,human,19.950,20.925,0.975,19.950,0.000
EXP-04B,exp04b_m04_ro050_lh05,baseline,phase,t04_part_04,implementation,2,agent,20.925,25.650,4.725,,0
EXP-04B,exp04b_m04_ro050_lh05,baseline,phase,t04_join,integration,2,agent,25.650,26.550,0.900,,0
EXP-04B,exp04b_m04_ro050_lh05,baseline,phase,t04_join,acceptance,2,human,26.550,30.450,3.900,26.550,0.000
EXP-04B,exp04b_m04_ro050_lh05,baseline,wait,t01,human_1,2,human_queue,0,1.50,1.50,0,1.50
EXP-04B,exp04b_m04_ro050_lh05,baseline,wait,t03,human_2,1,human_queue,27.75,30.450,2.700,27.75,2.700
EXP-04B,exp04b_m04_ro050_lh05,baseline,wait,t04_part_01,specification,2,human_queue,12.00,14.25,2.25,12.00,2.25
EXP-04B,exp04b_m04_ro050_lh05,baseline,wait,t04_part_02,specification,3,human_queue,12.00,15.225,3.225,12.00,3.225
EXP-04B,exp04b_m04_ro050_lh05,baseline,wait,t04_part_03,specification,4,human_queue,12.00,16.200,4.200,12.00,4.200
EXP-04B,exp04b_m04_ro050_lh05,exact,phase,t01,human_1,2,human,1.50000,2.25000,0.75000,1.50000,0.00000
EXP-04B,exp04b_m04_ro050_lh05,exact,phase,t01,agent_1,2,agent,2.25000,6.75000,4.50000,,0
EXP-04B,exp04b_m04_ro050_lh05,exact,phase,t01,human_2,2,human,6.75000,7.50000,0.75000,6.75000,0.00000
EXP-04B,exp04b_m04_ro050_lh05,exact,phase,t02,human_1,1,human,0.00000,1.50000,1.50000,0.00000,0.00000
EXP-04B,exp04b_m04_ro050_lh05,exact,phase,t02,agent_1,1,agent,1.50000,10.50000,9.00000,,0
EXP-04B,exp04b_m04_ro050_lh05,exact,phase,t02,human_2,1,human,10.50000,12.00000,1.50000,10.50000,0.00000
EXP-04B,exp04b_m04_ro050_lh05,exact,phase,t03,human_1,4,human,12.97500,15.22500,2.25000,12.97500,0.00000
EXP-04B,exp04b_m04_ro050_lh05,exact,phase,t03,agent_1,4,agent,15.22500,28.72500,13.50000,,0
EXP-04B,exp04b_m04_ro050_lh05,exact,phase,t03,human_2,4,human,28.72500,30.97500,2.25000,28.72500,0.00000
EXP-04B,exp04b_m04_ro050_lh05,exact,phase,t04_part_01,specification,3,human,16.20000,17.17500,0.97500,16.20000,0.00000
EXP-04B,exp04b_m04_ro050_lh05,exact,phase,t04_part_01,implementation,3,agent,17.17500,21.90000,4.72500,,0
EXP-04B,exp04b_m04_ro050_lh05,exact,phase,t04_part_02,specification,1,human,15.22500,16.20000,0.97500,15.22500,0.00000
EXP-04B,exp04b_m04_ro050_lh05,exact,phase,t04_part_02,implementation,1,agent,16.20000,20.92500,4.72500,,0
EXP-04B,exp04b_m04_ro050_lh05,exact,phase,t04_part_03,specification,2,human,12.00000,12.97500,0.97500,12.00000,0.00000
EXP-04B,exp04b_m04_ro050_lh05,exact,phase,t04_part_03,implementation,2,agent,12.97500,17.70000,4.72500,,0
EXP-04B,exp04b_m04_ro050_lh05,exact,phase,t04_part_04,specification,2,human,17.70000,18.67500,0.97500,17.70000,0.00000
EXP-04B,exp04b_m04_ro050_lh05,exact,phase,t04_part_04,implementation,2,agent,18.67500,23.40000,4.72500,,0
EXP-04B,exp04b_m04_ro050_lh05,exact,phase,t04_join,integration,1,agent,23.40000,24.30000,0.90000,,0
EXP-04B,exp04b_m04_ro050_lh05,exact,phase,t04_join,acceptance,1,human,24.30000,28.20000,3.90000,24.30000,0.00000
EXP-04B,exp04b_m04_ro050_lh10,baseline,phase,t01,human_1,2,human,1.50,2.25,0.75,0,1.50
EXP-04B,exp04b_m04_ro050_lh10,baseline,phase,t01,agent_1,2,agent,2.25,6.75,4.50,,0
EXP-04B,exp04b_m04_ro050_lh10,baseline,phase,t01,human_2,2,human,6.75,7.50,0.75,6.75,0.00
EXP-04B,exp04b_m04_ro050_lh10,baseline,phase,t02,human_1,1,human,0,1.50,1.50,0,0
EXP-04B,exp04b_m04_ro050_lh10,baseline,phase,t02,agent_1,1,agent,1.50,10.50,9.00,,0
EXP-04B,exp04b_m04_ro050_lh10,baseline,phase,t02,human_2,1,human,10.50,12.00,1.50,10.50,0.00
EXP-04B,exp04b_m04_ro050_lh10,baseline,phase,t03,human_1,1,human,12.00,14.25,2.25,12.00,0.00
EXP-04B,exp04b_m04_ro050_lh10,baseline,phase,t03,agent_1,1,agent,14.25,27.75,13.50,,0
EXP-04B,exp04b_m04_ro050_lh10,baseline,phase,t03,human_2,1,human,30.45,32.70,2.25,27.75,2.70
EXP-04B,exp04b_m04_ro050_lh10,baseline,phase,t04_part_01,specification,2,human,14.25,15.45,1.20,12.00,2.25
EXP-04B,exp04b_m04_ro050_lh10,baseline,phase,t04_part_01,implementation,2,agent,15.45,19.95,4.50,,0
EXP-04B,exp04b_m04_ro050_lh10,baseline,phase,t04_part_02,specification,3,human,15.45,16.65,1.20,12.00,3.45
EXP-04B,exp04b_m04_ro050_lh10,baseline,phase,t04_part_02,implementation,3,agent,16.65,21.15,4.50,,0
EXP-04B,exp04b_m04_ro050_lh10,baseline,phase,t04_part_03,specification,4,human,16.65,17.85,1.20,12.00,4.65
EXP-04B,exp04b_m04_ro050_lh10,baseline,phase,t04_part_03,implementation,4,agent,17.85,22.35,4.50,,0
EXP-04B,exp04b_m04_ro050_lh10,baseline,phase,t04_part_04,specification,2,human,19.95,21.15,1.20,19.95,0.00
EXP-04B,exp04b_m04_ro050_lh10,baseline,phase,t04_part_04,implementation,2,agent,21.15,25.65,4.50,,0
EXP-04B,exp04b_m04_ro050_lh10,baseline,phase,t04_join,acceptance,2,human,25.65,30.45,4.80,25.65,0.00
EXP-04B,exp04b_m04_ro050_lh10,baseline,wait,t01,human_1,2,human_queue,0,1.50,1.50,0,1.50
EXP-04B,exp04b_m04_ro050_lh10,baseline,wait,t03,human_2,1,human_queue,27.75,30.45,2.70,27.75,2.70
EXP-04B,exp04b_m04_ro050_lh10,baseline,wait,t04_part_01,specification,2,human_queue,12.00,14.25,2.25,12.00,2.25
EXP-04B,exp04b_m04_ro050_lh10,baseline,wait,t04_part_02,specification,3,human_queue,12.00,15.45,3.45,12.00,3.45
EXP-04B,exp04b_m04_ro050_lh10,baseline,wait,t04_part_03,specification,4,human_queue,12.00,16.65,4.65,12.00,4.65
EXP-04B,exp04b_m04_ro050_lh10,exact,phase,t01,human_1,2,human,1.50000,2.25000,0.75000,1.50000,0.00000
EXP-04B,exp04b_m04_ro050_lh10,exact,phase,t01,agent_1,2,agent,2.25000,6.75000,4.50000,,0
EXP-04B,exp04b_m04_ro050_lh10,exact,phase,t01,human_2,2,human,6.75000,7.50000,0.75000,6.75000,0.00000
EXP-04B,exp04b_m04_ro050_lh10,exact,phase,t02,human_1,1,human,0.00000,1.50000,1.50000,0.00000,0.00000
EXP-04B,exp04b_m04_ro050_lh10,exact,phase,t02,agent_1,1,agent,1.50000,10.50000,9.00000,,0
EXP-04B,exp04b_m04_ro050_lh10,exact,phase,t02,human_2,1,human,10.50000,12.00000,1.50000,10.50000,0.00000
EXP-04B,exp04b_m04_ro050_lh10,exact,phase,t03,human_1,4,human,13.20000,15.45000,2.25000,13.20000,0.00000
EXP-04B,exp04b_m04_ro050_lh10,exact,phase,t03,agent_1,4,agent,15.45000,28.95000,13.50000,,0
EXP-04B,exp04b_m04_ro050_lh10,exact,phase,t03,human_2,4,human,28.95000,31.20000,2.25000,28.95000,0.00000
EXP-04B,exp04b_m04_ro050_lh10,exact,phase,t04_part_01,specification,3,human,15.45000,16.65000,1.20000,15.45000,0.00000
EXP-04B,exp04b_m04_ro050_lh10,exact,phase,t04_part_01,implementation,3,agent,16.65000,21.15000,4.50000,,0
EXP-04B,exp04b_m04_ro050_lh10,exact,phase,t04_part_02,specification,2,human,12.00000,13.20000,1.20000,12.00000,0.00000
EXP-04B,exp04b_m04_ro050_lh10,exact,phase,t04_part_02,implementation,2,agent,13.20000,17.70000,4.50000,,0
EXP-04B,exp04b_m04_ro050_lh10,exact,phase,t04_part_03,specification,2,human,17.85000,19.05000,1.20000,17.85000,0.00000
EXP-04B,exp04b_m04_ro050_lh10,exact,phase,t04_part_03,implementation,2,agent,19.05000,23.55000,4.50000,,0
EXP-04B,exp04b_m04_ro050_lh10,exact,phase,t04_part_04,specification,1,human,16.65000,17.85000,1.20000,16.65000,0.00000
EXP-04B,exp04b_m04_ro050_lh10,exact,phase,t04_part_04,implementation,1,agent,17.85000,22.35000,4.50000,,0
EXP-04B,exp04b_m04_ro050_lh10,exact,phase,t04_join,acceptance,1,human,23.55000,28.35000,4.80000,23.55000,0.00000
EXP-04B,exp04b_m04_ro100_lh00,baseline,phase,t01,human_1,2,human,1.50,2.25,0.75,0,1.50
EXP-04B,exp04b_m04_ro100_lh00,baseline,phase,t01,agent_1,2,agent,2.25,6.75,4.50,,0
EXP-04B,exp04b_m04_ro100_lh00,baseline,phase,t01,human_2,2,human,6.75,7.50,0.75,6.75,0.00
EXP-04B,exp04b_m04_ro100_lh00,baseline,phase,t02,human_1,1,human,0,1.50,1.50,0,0
EXP-04B,exp04b_m04_ro100_lh00,baseline,phase,t02,agent_1,1,agent,1.50,10.50,9.00,,0
EXP-04B,exp04b_m04_ro100_lh00,baseline,phase,t02,human_2,1,human,10.50,12.00,1.50,10.50,0.00
EXP-04B,exp04b_m04_ro100_lh00,baseline,phase,t03,human_1,1,human,12.00,14.25,2.25,12.00,0.00
EXP-04B,exp04b_m04_ro100_lh00,baseline,phase,t03,agent_1,1,agent,14.25,27.75,13.50,,0
EXP-04B,exp04b_m04_ro100_lh00,baseline,phase,t03,human_2,1,human,27.75,30.00,2.25,27.75,0.00
EXP-04B,exp04b_m04_ro100_lh00,baseline,phase,t04_part_01,specification,2,human,14.25,15.00,0.75,12.00,2.25
EXP-04B,exp04b_m04_ro100_lh00,baseline,phase,t04_part_01,implementation,2,agent,15.00,20.40,5.40,,0
EXP-04B,exp04b_m04_ro100_lh00,baseline,phase,t04_part_02,specification,3,human,15.00,15.75,0.75,12.00,3.00
EXP-04B,exp04b_m04_ro100_lh00,baseline,phase,t04_part_02,implementation,3,agent,15.75,21.15,5.40,,0
EXP-04B,exp04b_m04_ro100_lh00,baseline,phase,t04_part_03,specification,4,human,15.75,16.50,0.75,12.00,3.75
EXP-04B,exp04b_m04_ro100_lh00,baseline,phase,t04_part_03,implementation,4,agent,16.50,21.90,5.40,,0
EXP-04B,exp04b_m04_ro100_lh00,baseline,phase,t04_part_04,specification,2,human,20.40,21.15,0.75,20.40,0.00
EXP-04B,exp04b_m04_ro100_lh00,baseline,phase,t04_part_04,implementation,2,agent,21.15,26.55,5.40,,0
EXP-04B,exp04b_m04_ro100_lh00,baseline,phase,t04_join,integration,2,agent,26.55,30.15,3.60,,0
EXP-04B,exp04b_m04_ro100_lh00,baseline,phase,t04_join,acceptance,2,human,30.15,33.15,3.00,30.15,0.00
EXP-04B,exp04b_m04_ro100_lh00,baseline,wait,t01,human_1,2,human_queue,0,1.50,1.50,0,1.50
EXP-04B,exp04b_m04_ro100_lh00,baseline,wait,t04_part_01,specification,2,human_queue,12.00,14.25,2.25,12.00,2.25
EXP-04B,exp04b_m04_ro100_lh00,baseline,wait,t04_part_02,specification,3,human_queue,12.00,15.00,3.00,12.00,3.00
EXP-04B,exp04b_m04_ro100_lh00,baseline,wait,t04_part_03,specification,4,human_queue,12.00,15.75,3.75,12.00,3.75
EXP-04B,exp04b_m04_ro100_lh00,exact,phase,t01,human_1,2,human,1.50000,2.25000,0.75000,1.50000,0.00000
EXP-04B,exp04b_m04_ro100_lh00,exact,phase,t01,agent_1,2,agent,2.25000,6.75000,4.50000,,0
EXP-04B,exp04b_m04_ro100_lh00,exact,phase,t01,human_2,2,human,6.75000,7.50000,0.75000,6.75000,0.00000
EXP-04B,exp04b_m04_ro100_lh00,exact,phase,t02,human_1,1,human,0.00000,1.50000,1.50000,0.00000,0.00000
EXP-04B,exp04b_m04_ro100_lh00,exact,phase,t02,agent_1,1,agent,1.50000,10.50000,9.00000,,0
EXP-04B,exp04b_m04_ro100_lh00,exact,phase,t02,human_2,1,human,10.50000,12.00000,1.50000,10.50000,0.00000
EXP-04B,exp04b_m04_ro100_lh00,exact,phase,t03,human_1,4,human,14.25000,16.50000,2.25000,14.25000,0.00000
EXP-04B,exp04b_m04_ro100_lh00,exact,phase,t03,agent_1,4,agent,16.50000,30.00000,13.50000,,0
EXP-04B,exp04b_m04_ro100_lh00,exact,phase,t03,human_2,4,human,30.90000,33.15000,2.25000,30.00000,0.90000
EXP-04B,exp04b_m04_ro100_lh00,exact,phase,t04_part_01,specification,3,human,18.15000,18.90000,0.75000,18.15000,0.00000
EXP-04B,exp04b_m04_ro100_lh00,exact,phase,t04_part_01,implementation,3,agent,18.90000,24.30000,5.40000,,0
EXP-04B,exp04b_m04_ro100_lh00,exact,phase,t04_part_02,specification,3,human,12.00000,12.75000,0.75000,12.00000,0.00000
EXP-04B,exp04b_m04_ro100_lh00,exact,phase,t04_part_02,implementation,3,agent,12.75000,18.15000,5.40000,,0
EXP-04B,exp04b_m04_ro100_lh00,exact,phase,t04_part_03,specification,2,human,13.50000,14.25000,0.75000,13.50000,0.00000
EXP-04B,exp04b_m04_ro100_lh00,exact,phase,t04_part_03,implementation,2,agent,14.25000,19.65000,5.40000,,0
EXP-04B,exp04b_m04_ro100_lh00,exact,phase,t04_part_04,specification,1,human,12.75000,13.50000,0.75000,12.75000,0.00000
EXP-04B,exp04b_m04_ro100_lh00,exact,phase,t04_part_04,implementation,1,agent,13.50000,18.90000,5.40000,,0
EXP-04B,exp04b_m04_ro100_lh00,exact,phase,t04_join,integration,1,agent,24.30000,27.90000,3.60000,,0
EXP-04B,exp04b_m04_ro100_lh00,exact,phase,t04_join,acceptance,1,human,27.90000,30.90000,3.00000,27.90000,0.00000
EXP-04B,exp04b_m04_ro100_lh00,exact,wait,t03,human_2,4,human_queue,30.00000,30.90000,0.90000,30.00000,0.90000
EXP-04B,exp04b_m04_ro100_lh05,baseline,phase,t01,human_1,2,human,1.50,2.25,0.75,0,1.50
EXP-04B,exp04b_m04_ro100_lh05,baseline,phase,t01,agent_1,2,agent,2.25,6.75,4.50,,0
EXP-04B,exp04b_m04_ro100_lh05,baseline,phase,t01,human_2,2,human,6.75,7.50,0.75,6.75,0.00
EXP-04B,exp04b_m04_ro100_lh05,baseline,phase,t02,human_1,1,human,0,1.50,1.50,0,0
EXP-04B,exp04b_m04_ro100_lh05,baseline,phase,t02,agent_1,1,agent,1.50,10.50,9.00,,0
EXP-04B,exp04b_m04_ro100_lh05,baseline,phase,t02,human_2,1,human,10.50,12.00,1.50,10.50,0.00
EXP-04B,exp04b_m04_ro100_lh05,baseline,phase,t03,human_1,1,human,12.00,14.25,2.25,12.00,0.00
EXP-04B,exp04b_m04_ro100_lh05,baseline,phase,t03,agent_1,1,agent,14.25,27.75,13.50,,0
EXP-04B,exp04b_m04_ro100_lh05,baseline,phase,t03,human_2,1,human,27.75,30.00,2.25,27.75,0.00
EXP-04B,exp04b_m04_ro100_lh05,baseline,phase,t04_part_01,specification,2,human,14.25,15.450,1.200,12.00,2.25
EXP-04B,exp04b_m04_ro100_lh05,baseline,phase,t04_part_01,implementation,2,agent,15.450,20.400,4.950,,0
EXP-04B,exp04b_m04_ro100_lh05,baseline,phase,t04_part_02,specification,3,human,15.450,16.650,1.200,12.00,3.450
EXP-04B,exp04b_m04_ro100_lh05,baseline,phase,t04_part_02,implementation,3,agent,16.650,21.600,4.950,,0
EXP-04B,exp04b_m04_ro100_lh05,baseline,phase,t04_part_03,specification,4,human,16.650,17.850,1.200,12.00,4.650
EXP-04B,exp04b_m04_ro100_lh05,baseline,phase,t04_part_03,implementation,4,agent,17.850,22.800,4.950,,0
EXP-04B,exp04b_m04_ro100_lh05,baseline,phase,t04_part_04,specification,2,human,20.400,21.600,1.200,20.400,0.000
EXP-04B,exp04b_m04_ro100_lh05,baseline,phase,t04_part_04,implementation,2,agent,21.600,26.550,4.950,,0
EXP-04B,exp04b_m04_ro100_lh05,baseline,phase,t04_join,integration,2,agent,26.550,28.350,1.800,,0
EXP-04B,exp04b_m04_ro100_lh05,baseline,phase,t04_join,acceptance,2,human,30.00,34.800,4.800,28.350,1.650
EXP-04B,exp04b_m04_ro100_lh05,baseline,wait,t01,human_1,2,human_queue,0,1.50,1.50,0,1.50
EXP-04B,exp04b_m04_ro100_lh05,baseline,wait,t04_part_01,specification,2,human_queue,12.00,14.25,2.25,12.00,2.25
EXP-04B,exp04b_m04_ro100_lh05,baseline,wait,t04_part_02,specification,3,human_queue,12.00,15.450,3.450,12.00,3.450
EXP-04B,exp04b_m04_ro100_lh05,baseline,wait,t04_part_03,specification,4,human_queue,12.00,16.650,4.650,12.00,4.650
EXP-04B,exp04b_m04_ro100_lh05,baseline,wait,t04_join,acceptance,2,human_queue,28.350,30.00,1.650,28.350,1.650
EXP-04B,exp04b_m04_ro100_lh05,exact,phase,t01,human_1,2,human,1.50000,2.25000,0.75000,1.50000,0.00000
EXP-04B,exp04b_m04_ro100_lh05,exact,phase,t01,agent_1,2,agent,2.25000,6.75000,4.50000,,0
EXP-04B,exp04b_m04_ro100_lh05,exact,phase,t01,human_2,2,human,6.75000,7.50000,0.75000,6.75000,0.00000
EXP-04B,exp04b_m04_ro100_lh05,exact,phase,t02,human_1,1,human,0.00000,1.50000,1.50000,0.00000,0.00000
EXP-04B,exp04b_m04_ro100_lh05,exact,phase,t02,agent_1,1,agent,1.50000,10.50000,9.00000,,0
EXP-04B,exp04b_m04_ro100_lh05,exact,phase,t02,human_2,1,human,10.50000,12.00000,1.50000,10.50000,0.00000
EXP-04B,exp04b_m04_ro100_lh05,exact,phase,t03,human_1,1,human,13.20000,15.45000,2.25000,13.20000,0.00000
EXP-04B,exp04b_m04_ro100_lh05,exact,phase,t03,agent_1,1,agent,15.45000,28.95000,13.50000,,0
EXP-04B,exp04b_m04_ro100_lh05,exact,phase,t03,human_2,1,human,30.90000,33.15000,2.25000,28.95000,1.95000
EXP-04B,exp04b_m04_ro100_lh05,exact,phase,t04_part_01,specification,3,human,12.00000,13.20000,1.20000,12.00000,0.00000
EXP-04B,exp04b_m04_ro100_lh05,exact,phase,t04_part_01,implementation,3,agent,13.20000,18.15000,4.95000,,0
EXP-04B,exp04b_m04_ro100_lh05,exact,phase,t04_part_02,specification,3,human,18.15000,19.35000,1.20000,18.15000,0.00000
EXP-04B,exp04b_m04_ro100_lh05,exact,phase,t04_part_02,implementation,3,agent,19.35000,24.30000,4.95000,,0
EXP-04B,exp04b_m04_ro100_lh05,exact,phase,t04_part_03,specification,2,human,15.45000,16.65000,1.20000,15.45000,0.00000
EXP-04B,exp04b_m04_ro100_lh05,exact,phase,t04_part_03,implementation,2,agent,16.65000,21.60000,4.95000,,0
EXP-04B,exp04b_m04_ro100_lh05,exact,phase,t04_part_04,specification,4,human,16.65000,17.85000,1.20000,16.65000,0.00000
EXP-04B,exp04b_m04_ro100_lh05,exact,phase,t04_part_04,implementation,4,agent,17.85000,22.80000,4.95000,,0
EXP-04B,exp04b_m04_ro100_lh05,exact,phase,t04_join,integration,3,agent,24.30000,26.10000,1.80000,,0
EXP-04B,exp04b_m04_ro100_lh05,exact,phase,t04_join,acceptance,3,human,26.10000,30.90000,4.80000,26.10000,0.00000
EXP-04B,exp04b_m04_ro100_lh05,exact,wait,t03,human_2,1,human_queue,28.95000,30.90000,1.95000,28.95000,1.95000
EXP-04B,exp04b_m04_ro100_lh10,baseline,phase,t01,human_1,2,human,1.50,2.25,0.75,0,1.50
EXP-04B,exp04b_m04_ro100_lh10,baseline,phase,t01,agent_1,2,agent,2.25,6.75,4.50,,0
EXP-04B,exp04b_m04_ro100_lh10,baseline,phase,t01,human_2,2,human,6.75,7.50,0.75,6.75,0.00
EXP-04B,exp04b_m04_ro100_lh10,baseline,phase,t02,human_1,1,human,0,1.50,1.50,0,0
EXP-04B,exp04b_m04_ro100_lh10,baseline,phase,t02,agent_1,1,agent,1.50,10.50,9.00,,0
EXP-04B,exp04b_m04_ro100_lh10,baseline,phase,t02,human_2,1,human,10.50,12.00,1.50,10.50,0.00
EXP-04B,exp04b_m04_ro100_lh10,baseline,phase,t03,human_1,1,human,12.00,14.25,2.25,12.00,0.00
EXP-04B,exp04b_m04_ro100_lh10,baseline,phase,t03,agent_1,1,agent,14.25,27.75,13.50,,0
EXP-04B,exp04b_m04_ro100_lh10,baseline,phase,t03,human_2,1,human,33.15,35.40,2.25,27.75,5.40
EXP-04B,exp04b_m04_ro100_lh10,baseline,phase,t04_part_01,specification,2,human,14.25,15.90,1.65,12.00,2.25
EXP-04B,exp04b_m04_ro100_lh10,baseline,phase,t04_part_01,implementation,2,agent,15.90,20.40,4.50,,0
EXP-04B,exp04b_m04_ro100_lh10,baseline,phase,t04_part_02,specification,3,human,15.90,17.55,1.65,12.00,3.90
EXP-04B,exp04b_m04_ro100_lh10,baseline,phase,t04_part_02,implementation,3,agent,17.55,22.05,4.50,,0
EXP-04B,exp04b_m04_ro100_lh10,baseline,phase,t04_part_03,specification,4,human,17.55,19.20,1.65,12.00,5.55
EXP-04B,exp04b_m04_ro100_lh10,baseline,phase,t04_part_03,implementation,4,agent,19.20,23.70,4.50,,0
EXP-04B,exp04b_m04_ro100_lh10,baseline,phase,t04_part_04,specification,2,human,20.40,22.05,1.65,20.40,0.00
EXP-04B,exp04b_m04_ro100_lh10,baseline,phase,t04_part_04,implementation,2,agent,22.05,26.55,4.50,,0
EXP-04B,exp04b_m04_ro100_lh10,baseline,phase,t04_join,acceptance,2,human,26.55,33.15,6.60,26.55,0.00
EXP-04B,exp04b_m04_ro100_lh10,baseline,wait,t01,human_1,2,human_queue,0,1.50,1.50,0,1.50
EXP-04B,exp04b_m04_ro100_lh10,baseline,wait,t03,human_2,1,human_queue,27.75,33.15,5.40,27.75,5.40
EXP-04B,exp04b_m04_ro100_lh10,baseline,wait,t04_part_01,specification,2,human_queue,12.00,14.25,2.25,12.00,2.25
EXP-04B,exp04b_m04_ro100_lh10,baseline,wait,t04_part_02,specification,3,human_queue,12.00,15.90,3.90,12.00,3.90
EXP-04B,exp04b_m04_ro100_lh10,baseline,wait,t04_part_03,specification,4,human_queue,12.00,17.55,5.55,12.00,5.55
EXP-04B,exp04b_m04_ro100_lh10,exact,phase,t01,human_1,2,human,1.50000,2.25000,0.75000,1.50000,0.00000
EXP-04B,exp04b_m04_ro100_lh10,exact,phase,t01,agent_1,2,agent,2.25000,6.75000,4.50000,,0
EXP-04B,exp04b_m04_ro100_lh10,exact,phase,t01,human_2,2,human,6.75000,7.50000,0.75000,6.75000,0.00000
EXP-04B,exp04b_m04_ro100_lh10,exact,phase,t02,human_1,1,human,0.00000,1.50000,1.50000,0.00000,0.00000
EXP-04B,exp04b_m04_ro100_lh10,exact,phase,t02,agent_1,1,agent,1.50000,10.50000,9.00000,,0
EXP-04B,exp04b_m04_ro100_lh10,exact,phase,t02,human_2,1,human,10.50000,12.00000,1.50000,10.50000,0.00000
EXP-04B,exp04b_m04_ro100_lh10,exact,phase,t03,human_1,4,human,15.30000,17.55000,2.25000,15.30000,0.00000
EXP-04B,exp04b_m04_ro100_lh10,exact,phase,t03,agent_1,4,agent,17.55000,31.05000,13.50000,,0
EXP-04B,exp04b_m04_ro100_lh10,exact,phase,t03,human_2,4,human,31.95000,34.20000,2.25000,31.05000,0.90000
EXP-04B,exp04b_m04_ro100_lh10,exact,phase,t04_part_01,specification,2,human,12.00000,13.65000,1.65000,12.00000,0.00000
EXP-04B,exp04b_m04_ro100_lh10,exact,phase,t04_part_01,implementation,2,agent,13.65000,18.15000,4.50000,,0
EXP-04B,exp04b_m04_ro100_lh10,exact,phase,t04_part_02,specification,3,human,17.55000,19.20000,1.65000,17.55000,0.00000
EXP-04B,exp04b_m04_ro100_lh10,exact,phase,t04_part_02,implementation,3,agent,19.20000,23.70000,4.50000,,0
EXP-04B,exp04b_m04_ro100_lh10,exact,phase,t04_part_03,specification,2,human,19.20000,20.85000,1.65000,19.20000,0.00000
EXP-04B,exp04b_m04_ro100_lh10,exact,phase,t04_part_03,implementation,2,agent,20.85000,25.35000,4.50000,,0
EXP-04B,exp04b_m04_ro100_lh10,exact,phase,t04_part_04,specification,1,human,13.65000,15.30000,1.65000,13.65000,0.00000
EXP-04B,exp04b_m04_ro100_lh10,exact,phase,t04_part_04,implementation,1,agent,15.30000,19.80000,4.50000,,0
EXP-04B,exp04b_m04_ro100_lh10,exact,phase,t04_join,acceptance,1,human,25.35000,31.95000,6.60000,25.35000,0.00000
EXP-04B,exp04b_m04_ro100_lh10,exact,wait,t03,human_2,4,human_queue,31.05000,31.95000,0.90000,31.05000,0.90000
EXP-04B,exp04b_m04_ro200_lh00,baseline,phase,t01,human_1,2,human,1.50,2.25,0.75,0,1.50
EXP-04B,exp04b_m04_ro200_lh00,baseline,phase,t01,agent_1,2,agent,2.25,6.75,4.50,,0
EXP-04B,exp04b_m04_ro200_lh00,baseline,phase,t01,human_2,2,human,6.75,7.50,0.75,6.75,0.00
EXP-04B,exp04b_m04_ro200_lh00,baseline,phase,t02,human_1,1,human,0,1.50,1.50,0,0
EXP-04B,exp04b_m04_ro200_lh00,baseline,phase,t02,agent_1,1,agent,1.50,10.50,9.00,,0
EXP-04B,exp04b_m04_ro200_lh00,baseline,phase,t02,human_2,1,human,10.50,12.00,1.50,10.50,0.00
EXP-04B,exp04b_m04_ro200_lh00,baseline,phase,t03,human_1,1,human,12.00,14.25,2.25,12.00,0.00
EXP-04B,exp04b_m04_ro200_lh00,baseline,phase,t03,agent_1,1,agent,14.25,27.75,13.50,,0
EXP-04B,exp04b_m04_ro200_lh00,baseline,phase,t03,human_2,1,human,27.75,30.00,2.25,27.75,0.00
EXP-04B,exp04b_m04_ro200_lh00,baseline,phase,t04_part_01,specification,2,human,14.25,15.00,0.75,12.00,2.25
EXP-04B,exp04b_m04_ro200_lh00,baseline,phase,t04_part_01,implementation,2,agent,15.00,21.30,6.30,,0
EXP-04B,exp04b_m04_ro200_lh00,baseline,phase,t04_part_02,specification,3,human,15.00,15.75,0.75,12.00,3.00
EXP-04B,exp04b_m04_ro200_lh00,baseline,phase,t04_part_02,implementation,3,agent,15.75,22.05,6.30,,0
EXP-04B,exp04b_m04_ro200_lh00,baseline,phase,t04_part_03,specification,4,human,15.75,16.50,0.75,12.00,3.75
EXP-04B,exp04b_m04_ro200_lh00,baseline,phase,t04_part_03,implementation,4,agent,16.50,22.80,6.30,,0
EXP-04B,exp04b_m04_ro200_lh00,baseline,phase,t04_part_04,specification,2,human,21.30,22.05,0.75,21.30,0.00
EXP-04B,exp04b_m04_ro200_lh00,baseline,phase,t04_part_04,implementation,2,agent,22.05,28.35,6.30,,0
EXP-04B,exp04b_m04_ro200_lh00,baseline,phase,t04_join,integration,2,agent,28.35,35.55,7.20,,0
EXP-04B,exp04b_m04_ro200_lh00,baseline,phase,t04_join,acceptance,2,human,35.55,38.55,3.00,35.55,0.00
EXP-04B,exp04b_m04_ro200_lh00,baseline,wait,t01,human_1,2,human_queue,0,1.50,1.50,0,1.50
EXP-04B,exp04b_m04_ro200_lh00,baseline,wait,t04_part_01,specification,2,human_queue,12.00,14.25,2.25,12.00,2.25
EXP-04B,exp04b_m04_ro200_lh00,baseline,wait,t04_part_02,specification,3,human_queue,12.00,15.00,3.00,12.00,3.00
EXP-04B,exp04b_m04_ro200_lh00,baseline,wait,t04_part_03,specification,4,human_queue,12.00,15.75,3.75,12.00,3.75
EXP-04B,exp04b_m04_ro200_lh00,exact,phase,t01,human_1,2,human,1.50000,2.25000,0.75000,1.50000,0.00000
EXP-04B,exp04b_m04_ro200_lh00,exact,phase,t01,agent_1,2,agent,2.25000,6.75000,4.50000,,0
EXP-04B,exp04b_m04_ro200_lh00,exact,phase,t01,human_2,2,human,6.75000,7.50000,0.75000,6.75000,0.00000
EXP-04B,exp04b_m04_ro200_lh00,exact,phase,t02,human_1,1,human,0.00000,1.50000,1.50000,0.00000,0.00000
EXP-04B,exp04b_m04_ro200_lh00,exact,phase,t02,agent_1,1,agent,1.50000,10.50000,9.00000,,0
EXP-04B,exp04b_m04_ro200_lh00,exact,phase,t02,human_2,1,human,10.50000,12.00000,1.50000,10.50000,0.00000
EXP-04B,exp04b_m04_ro200_lh00,exact,phase,t03,human_1,4,human,13.50000,15.75000,2.25000,13.50000,0.00000
EXP-04B,exp04b_m04_ro200_lh00,exact,phase,t03,agent_1,4,agent,15.75000,29.25000,13.50000,,0
EXP-04B,exp04b_m04_ro200_lh00,exact,phase,t03,human_2,4,human,29.25000,31.50000,2.25000,29.25000,0.00000
EXP-04B,exp04b_m04_ro200_lh00,exact,phase,t04_part_01,specification,3,human,19.05000,19.80000,0.75000,19.05000,0.00000
EXP-04B,exp04b_m04_ro200_lh00,exact,phase,t04_part_01,implementation,3,agent,19.80000,26.10000,6.30000,,0
EXP-04B,exp04b_m04_ro200_lh00,exact,phase,t04_part_02,specification,3,human,12.00000,12.75000,0.75000,12.00000,0.00000
EXP-04B,exp04b_m04_ro200_lh00,exact,phase,t04_part_02,implementation,3,agent,12.75000,19.05000,6.30000,,0
EXP-04B,exp04b_m04_ro200_lh00,exact,phase,t04_part_03,specification,2,human,15.75000,16.50000,0.75000,15.75000,0.00000
EXP-04B,exp04b_m04_ro200_lh00,exact,phase,t04_part_03,implementation,2,agent,16.50000,22.80000,6.30000,,0
EXP-04B,exp04b_m04_ro200_lh00,exact,phase,t04_part_04,specification,1,human,12.75000,13.50000,0.75000,12.75000,0.00000
EXP-04B,exp04b_m04_ro200_lh00,exact,phase,t04_part_04,implementation,1,agent,13.50000,19.80000,6.30000,,0
EXP-04B,exp04b_m04_ro200_lh00,exact,phase,t04_join,integration,1,agent,26.10000,33.30000,7.20000,,0
EXP-04B,exp04b_m04_ro200_lh00,exact,phase,t04_join,acceptance,1,human,33.30000,36.30000,3.00000,33.30000,0.00000
EXP-04B,exp04b_m04_ro200_lh05,baseline,phase,t01,human_1,2,human,1.50,2.25,0.75,0,1.50
EXP-04B,exp04b_m04_ro200_lh05,baseline,phase,t01,agent_1,2,agent,2.25,6.75,4.50,,0
EXP-04B,exp04b_m04_ro200_lh05,baseline,phase,t01,human_2,2,human,6.75,7.50,0.75,6.75,0.00
EXP-04B,exp04b_m04_ro200_lh05,baseline,phase,t02,human_1,1,human,0,1.50,1.50,0,0
EXP-04B,exp04b_m04_ro200_lh05,baseline,phase,t02,agent_1,1,agent,1.50,10.50,9.00,,0
EXP-04B,exp04b_m04_ro200_lh05,baseline,phase,t02,human_2,1,human,10.50,12.00,1.50,10.50,0.00
EXP-04B,exp04b_m04_ro200_lh05,baseline,phase,t03,human_1,1,human,12.00,14.25,2.25,12.00,0.00
EXP-04B,exp04b_m04_ro200_lh05,baseline,phase,t03,agent_1,1,agent,14.25,27.75,13.50,,0
EXP-04B,exp04b_m04_ro200_lh05,baseline,phase,t03,human_2,1,human,27.75,30.00,2.25,27.75,0.00
EXP-04B,exp04b_m04_ro200_lh05,baseline,phase,t04_part_01,specification,2,human,14.25,15.900,1.650,12.00,2.25
EXP-04B,exp04b_m04_ro200_lh05,baseline,phase,t04_part_01,implementation,2,agent,15.900,21.300,5.400,,0
EXP-04B,exp04b_m04_ro200_lh05,baseline,phase,t04_part_02,specification,3,human,15.900,17.550,1.650,12.00,3.900
EXP-04B,exp04b_m04_ro200_lh05,baseline,phase,t04_part_02,implementation,3,agent,17.550,22.950,5.400,,0
EXP-04B,exp04b_m04_ro200_lh05,baseline,phase,t04_part_03,specification,4,human,17.550,19.200,1.650,12.00,5.550
EXP-04B,exp04b_m04_ro200_lh05,baseline,phase,t04_part_03,implementation,4,agent,19.200,24.600,5.400,,0
EXP-04B,exp04b_m04_ro200_lh05,baseline,phase,t04_part_04,specification,2,human,21.300,22.950,1.650,21.300,0.000
EXP-04B,exp04b_m04_ro200_lh05,baseline,phase,t04_part_04,implementation,2,agent,22.950,28.350,5.400,,0
EXP-04B,exp04b_m04_ro200_lh05,baseline,phase,t04_join,integration,2,agent,28.350,31.950,3.600,,0
EXP-04B,exp04b_m04_ro200_lh05,baseline,phase,t04_join,acceptance,2,human,31.950,38.550,6.600,31.950,0.000
EXP-04B,exp04b_m04_ro200_lh05,baseline,wait,t01,human_1,2,human_queue,0,1.50,1.50,0,1.50
EXP-04B,exp04b_m04_ro200_lh05,baseline,wait,t04_part_01,specification,2,human_queue,12.00,14.25,2.25,12.00,2.25
EXP-04B,exp04b_m04_ro200_lh05,baseline,wait,t04_part_02,specification,3,human_queue,12.00,15.900,3.900,12.00,3.900
EXP-04B,exp04b_m04_ro200_lh05,baseline,wait,t04_part_03,specification,4,human_queue,12.00,17.550,5.550,12.00,5.550
EXP-04B,exp04b_m04_ro200_lh05,exact,phase,t01,human_1,2,human,1.50000,2.25000,0.75000,1.50000,0.00000
EXP-04B,exp04b_m04_ro200_lh05,exact,phase,t01,agent_1,2,agent,2.25000,6.75000,4.50000,,0
EXP-04B,exp04b_m04_ro200_lh05,exact,phase,t01,human_2,2,human,6.75000,7.50000,0.75000,6.75000,0.00000
EXP-04B,exp04b_m04_ro200_lh05,exact,phase,t02,human_1,1,human,0.00000,1.50000,1.50000,0.00000,0.00000
EXP-04B,exp04b_m04_ro200_lh05,exact,phase,t02,agent_1,1,agent,1.50000,10.50000,9.00000,,0
EXP-04B,exp04b_m04_ro200_lh05,exact,phase,t02,human_2,1,human,10.50000,12.00000,1.50000,10.50000,0.00000
EXP-04B,exp04b_m04_ro200_lh05,exact,phase,t03,human_1,4,human,19.05000,21.30000,2.25000,19.05000,0.00000
EXP-04B,exp04b_m04_ro200_lh05,exact,phase,t03,agent_1,4,agent,21.30000,34.80000,13.50000,,0
EXP-04B,exp04b_m04_ro200_lh05,exact,phase,t03,human_2,4,human,34.80000,37.05000,2.25000,34.80000,0.00000
EXP-04B,exp04b_m04_ro200_lh05,exact,phase,t04_part_01,specification,3,human,15.30000,16.95000,1.65000,15.30000,0.00000
EXP-04B,exp04b_m04_ro200_lh05,exact,phase,t04_part_01,implementation,3,agent,16.95000,22.35000,5.40000,,0
EXP-04B,exp04b_m04_ro200_lh05,exact,phase,t04_part_02,specification,4,human,12.00000,13.65000,1.65000,12.00000,0.00000
EXP-04B,exp04b_m04_ro200_lh05,exact,phase,t04_part_02,implementation,4,agent,13.65000,19.05000,5.40000,,0
EXP-04B,exp04b_m04_ro200_lh05,exact,phase,t04_part_03,specification,2,human,16.95000,18.60000,1.65000,16.95000,0.00000
EXP-04B,exp04b_m04_ro200_lh05,exact,phase,t04_part_03,implementation,2,agent,18.60000,24.00000,5.40000,,0
EXP-04B,exp04b_m04_ro200_lh05,exact,phase,t04_part_04,specification,1,human,13.65000,15.30000,1.65000,13.65000,0.00000
EXP-04B,exp04b_m04_ro200_lh05,exact,phase,t04_part_04,implementation,1,agent,15.30000,20.70000,5.40000,,0
EXP-04B,exp04b_m04_ro200_lh05,exact,phase,t04_join,integration,1,agent,24.00000,27.60000,3.60000,,0
EXP-04B,exp04b_m04_ro200_lh05,exact,phase,t04_join,acceptance,1,human,27.60000,34.20000,6.60000,27.60000,0.00000
EXP-04B,exp04b_m04_ro200_lh10,baseline,phase,t01,human_1,2,human,1.50,2.25,0.75,0,1.50
EXP-04B,exp04b_m04_ro200_lh10,baseline,phase,t01,agent_1,2,agent,2.25,6.75,4.50,,0
EXP-04B,exp04b_m04_ro200_lh10,baseline,phase,t01,human_2,2,human,6.75,7.50,0.75,6.75,0.00
EXP-04B,exp04b_m04_ro200_lh10,baseline,phase,t02,human_1,1,human,0,1.50,1.50,0,0
EXP-04B,exp04b_m04_ro200_lh10,baseline,phase,t02,agent_1,1,agent,1.50,10.50,9.00,,0
EXP-04B,exp04b_m04_ro200_lh10,baseline,phase,t02,human_2,1,human,10.50,12.00,1.50,10.50,0.00
EXP-04B,exp04b_m04_ro200_lh10,baseline,phase,t03,human_1,1,human,12.00,14.25,2.25,12.00,0.00
EXP-04B,exp04b_m04_ro200_lh10,baseline,phase,t03,agent_1,1,agent,14.25,27.75,13.50,,0
EXP-04B,exp04b_m04_ro200_lh10,baseline,phase,t03,human_2,1,human,27.75,30.00,2.25,27.75,0.00
EXP-04B,exp04b_m04_ro200_lh10,baseline,phase,t04_part_01,specification,2,human,14.25,16.80,2.55,12.00,2.25
EXP-04B,exp04b_m04_ro200_lh10,baseline,phase,t04_part_01,implementation,2,agent,16.80,21.30,4.50,,0
EXP-04B,exp04b_m04_ro200_lh10,baseline,phase,t04_part_02,specification,3,human,16.80,19.35,2.55,12.00,4.80
EXP-04B,exp04b_m04_ro200_lh10,baseline,phase,t04_part_02,implementation,3,agent,19.35,23.85,4.50,,0
EXP-04B,exp04b_m04_ro200_lh10,baseline,phase,t04_part_03,specification,4,human,19.35,21.90,2.55,12.00,7.35
EXP-04B,exp04b_m04_ro200_lh10,baseline,phase,t04_part_03,implementation,4,agent,21.90,26.40,4.50,,0
EXP-04B,exp04b_m04_ro200_lh10,baseline,phase,t04_part_04,specification,2,human,21.90,24.45,2.55,21.30,0.60
EXP-04B,exp04b_m04_ro200_lh10,baseline,phase,t04_part_04,implementation,2,agent,24.45,28.95,4.50,,0
EXP-04B,exp04b_m04_ro200_lh10,baseline,phase,t04_join,acceptance,2,human,30.00,40.20,10.20,28.95,1.05
EXP-04B,exp04b_m04_ro200_lh10,baseline,wait,t01,human_1,2,human_queue,0,1.50,1.50,0,1.50
EXP-04B,exp04b_m04_ro200_lh10,baseline,wait,t04_part_01,specification,2,human_queue,12.00,14.25,2.25,12.00,2.25
EXP-04B,exp04b_m04_ro200_lh10,baseline,wait,t04_part_02,specification,3,human_queue,12.00,16.80,4.80,12.00,4.80
EXP-04B,exp04b_m04_ro200_lh10,baseline,wait,t04_part_03,specification,4,human_queue,12.00,19.35,7.35,12.00,7.35
EXP-04B,exp04b_m04_ro200_lh10,baseline,wait,t04_part_04,specification,2,human_queue,21.30,21.90,0.60,21.30,0.60
EXP-04B,exp04b_m04_ro200_lh10,baseline,wait,t04_join,acceptance,2,human_queue,28.95,30.00,1.05,28.95,1.05
EXP-04B,exp04b_m04_ro200_lh10,exact,phase,t01,human_1,2,human,1.50000,2.25000,0.75000,1.50000,0.00000
EXP-04B,exp04b_m04_ro200_lh10,exact,phase,t01,agent_1,2,agent,2.25000,6.75000,4.50000,,0
EXP-04B,exp04b_m04_ro200_lh10,exact,phase,t01,human_2,2,human,6.75000,7.50000,0.75000,6.75000,0.00000
EXP-04B,exp04b_m04_ro200_lh10,exact,phase,t02,human_1,1,human,0.00000,1.50000,1.50000,0.00000,0.00000
EXP-04B,exp04b_m04_ro200_lh10,exact,phase,t02,agent_1,1,agent,1.50000,10.50000,9.00000,,0
EXP-04B,exp04b_m04_ro200_lh10,exact,phase,t02,human_2,1,human,10.50000,12.00000,1.50000,10.50000,0.00000
EXP-04B,exp04b_m04_ro200_lh10,exact,phase,t03,human_1,4,human,12.00000,14.25000,2.25000,12.00000,0.00000
EXP-04B,exp04b_m04_ro200_lh10,exact,phase,t03,agent_1,4,agent,14.25000,27.75000,13.50000,,0
EXP-04B,exp04b_m04_ro200_lh10,exact,phase,t03,human_2,4,human,27.75000,30.00000,2.25000,27.75000,0.00000
EXP-04B,exp04b_m04_ro200_lh10,exact,phase,t04_part_01,specification,1,human,21.90000,24.45000,2.55000,21.90000,0.00000
EXP-04B,exp04b_m04_ro200_lh10,exact,phase,t04_part_01,implementation,1,agent,24.45000,28.95000,4.50000,,0
EXP-04B,exp04b_m04_ro200_lh10,exact,phase,t04_part_02,specification,3,human,19.35000,21.90000,2.55000,19.35000,0.00000
EXP-04B,exp04b_m04_ro200_lh10,exact,phase,t04_part_02,implementation,3,agent,21.90000,26.40000,4.50000,,0
EXP-04B,exp04b_m04_ro200_lh10,exact,phase,t04_part_03,specification,2,human,16.80000,19.35000,2.55000,16.80000,0.00000
EXP-04B,exp04b_m04_ro200_lh10,exact,phase,t04_part_03,implementation,2,agent,19.35000,23.85000,4.50000,,0
EXP-04B,exp04b_m04_ro200_lh10,exact,phase,t04_part_04,specification,1,human,14.25000,16.80000,2.55000,14.25000,0.00000
EXP-04B,exp04b_m04_ro200_lh10,exact,phase,t04_part_04,implementation,1,agent,16.80000,21.30000,4.50000,,0
EXP-04B,exp04b_m04_ro200_lh10,exact,phase,t04_join,acceptance,1,human,30.00000,40.20000,10.20000,30.00000,0.00000
EXP-04B,exp04b_m06_ro000_lh00,baseline,phase,t01,human_1,2,human,1.50,2.25,0.75,0,1.50
EXP-04B,exp04b_m06_ro000_lh00,baseline,phase,t01,agent_1,2,agent,2.25,6.75,4.50,,0
EXP-04B,exp04b_m06_ro000_lh00,baseline,phase,t01,human_2,2,human,6.75,7.50,0.75,6.75,0.00
EXP-04B,exp04b_m06_ro000_lh00,baseline,phase,t02,human_1,1,human,0,1.50,1.50,0,0
EXP-04B,exp04b_m06_ro000_lh00,baseline,phase,t02,agent_1,1,agent,1.50,10.50,9.00,,0
EXP-04B,exp04b_m06_ro000_lh00,baseline,phase,t02,human_2,1,human,10.50,12.00,1.50,10.50,0.00
EXP-04B,exp04b_m06_ro000_lh00,baseline,phase,t03,human_1,1,human,12.00,14.25,2.25,12.00,0.00
EXP-04B,exp04b_m06_ro000_lh00,baseline,phase,t03,agent_1,1,agent,14.25,27.75,13.50,,0
EXP-04B,exp04b_m06_ro000_lh00,baseline,phase,t03,human_2,1,human,27.75,30.00,2.25,27.75,0.00
EXP-04B,exp04b_m06_ro000_lh00,baseline,phase,t04_part_01,specification,2,human,14.25,14.75,0.50,12.00,2.25
EXP-04B,exp04b_m06_ro000_lh00,baseline,phase,t04_part_01,implementation,2,agent,14.75,17.75,3.00,,0
EXP-04B,exp04b_m06_ro000_lh00,baseline,phase,t04_part_02,specification,3,human,14.75,15.25,0.50,12.00,2.75
EXP-04B,exp04b_m06_ro000_lh00,baseline,phase,t04_part_02,implementation,3,agent,15.25,18.25,3.00,,0
EXP-04B,exp04b_m06_ro000_lh00,baseline,phase,t04_part_03,specification,4,human,15.25,15.75,0.50,12.00,3.25
EXP-04B,exp04b_m06_ro000_lh00,baseline,phase,t04_part_03,implementation,4,agent,15.75,18.75,3.00,,0
EXP-04B,exp04b_m06_ro000_lh00,baseline,phase,t04_part_04,specification,2,human,17.75,18.25,0.50,17.75,0.00
EXP-04B,exp04b_m06_ro000_lh00,baseline,phase,t04_part_04,implementation,2,agent,18.25,21.25,3.00,,0
EXP-04B,exp04b_m06_ro000_lh00,baseline,phase,t04_part_05,specification,3,human,18.25,18.75,0.50,18.25,0.00
EXP-04B,exp04b_m06_ro000_lh00,baseline,phase,t04_part_05,implementation,3,agent,18.75,21.75,3.00,,0
EXP-04B,exp04b_m06_ro000_lh00,baseline,phase,t04_part_06,specification,4,human,18.75,19.25,0.50,18.75,0.00
EXP-04B,exp04b_m06_ro000_lh00,baseline,phase,t04_part_06,implementation,4,agent,19.25,22.25,3.00,,0
EXP-04B,exp04b_m06_ro000_lh00,baseline,phase,t04_join,acceptance,2,human,22.25,25.25,3.00,22.25,0.00
EXP-04B,exp04b_m06_ro000_lh00,baseline,wait,t01,human_1,2,human_queue,0,1.50,1.50,0,1.50
EXP-04B,exp04b_m06_ro000_lh00,baseline,wait,t04_part_01,specification,2,human_queue,12.00,14.25,2.25,12.00,2.25
EXP-04B,exp04b_m06_ro000_lh00,baseline,wait,t04_part_02,specification,3,human_queue,12.00,14.75,2.75,12.00,2.75
EXP-04B,exp04b_m06_ro000_lh00,baseline,wait,t04_part_03,specification,4,human_queue,12.00,15.25,3.25,12.00,3.25
EXP-04B,exp04b_m06_ro000_lh00,exact,phase,t01,human_1,2,human,1.50000,2.25000,0.75000,1.50000,0.00000
EXP-04B,exp04b_m06_ro000_lh00,exact,phase,t01,agent_1,2,agent,2.25000,6.75000,4.50000,,0
EXP-04B,exp04b_m06_ro000_lh00,exact,phase,t01,human_2,2,human,6.75000,7.50000,0.75000,6.75000,0.00000
EXP-04B,exp04b_m06_ro000_lh00,exact,phase,t02,human_1,1,human,0.00000,1.50000,1.50000,0.00000,0.00000
EXP-04B,exp04b_m06_ro000_lh00,exact,phase,t02,agent_1,1,agent,1.50000,10.50000,9.00000,,0
EXP-04B,exp04b_m06_ro000_lh00,exact,phase,t02,human_2,1,human,10.50000,12.00000,1.50000,10.50000,0.00000
EXP-04B,exp04b_m06_ro000_lh00,exact,phase,t03,human_1,2,human,12.00000,14.25000,2.25000,12.00000,0.00000
EXP-04B,exp04b_m06_ro000_lh00,exact,phase,t03,agent_1,2,agent,14.25000,27.75000,13.50000,,0
EXP-04B,exp04b_m06_ro000_lh00,exact,phase,t03,human_2,2,human,27.75000,30.00000,2.25000,27.75000,0.00000
EXP-04B,exp04b_m06_ro000_lh00,exact,phase,t04_part_01,specification,1,human,15.25000,15.75000,0.50000,15.25000,0.00000
EXP-04B,exp04b_m06_ro000_lh00,exact,phase,t04_part_01,implementation,1,agent,15.75000,18.75000,3.00000,,0
EXP-04B,exp04b_m06_ro000_lh00,exact,phase,t04_part_02,specification,3,human,21.25000,21.75000,0.50000,21.25000,0.00000
EXP-04B,exp04b_m06_ro000_lh00,exact,phase,t04_part_02,implementation,3,agent,21.75000,24.75000,3.00000,,0
EXP-04B,exp04b_m06_ro000_lh00,exact,phase,t04_part_03,specification,3,human,17.75000,18.25000,0.50000,17.75000,0.00000
EXP-04B,exp04b_m06_ro000_lh00,exact,phase,t04_part_03,implementation,3,agent,18.25000,21.25000,3.00000,,0
EXP-04B,exp04b_m06_ro000_lh00,exact,phase,t04_part_04,specification,3,human,14.25000,14.75000,0.50000,14.25000,0.00000
EXP-04B,exp04b_m06_ro000_lh00,exact,phase,t04_part_04,implementation,3,agent,14.75000,17.75000,3.00000,,0
EXP-04B,exp04b_m06_ro000_lh00,exact,phase,t04_part_05,specification,4,human,18.25000,18.75000,0.50000,18.25000,0.00000
EXP-04B,exp04b_m06_ro000_lh00,exact,phase,t04_part_05,implementation,4,agent,18.75000,21.75000,3.00000,,0
EXP-04B,exp04b_m06_ro000_lh00,exact,phase,t04_part_06,specification,4,human,14.75000,15.25000,0.50000,14.75000,0.00000
EXP-04B,exp04b_m06_ro000_lh00,exact,phase,t04_part_06,implementation,4,agent,15.25000,18.25000,3.00000,,0
EXP-04B,exp04b_m06_ro000_lh00,exact,phase,t04_join,acceptance,4,human,24.75000,27.75000,3.00000,24.75000,0.00000
EXP-04B,exp04b_m06_ro025_lh00,baseline,phase,t01,human_1,2,human,1.50,2.25,0.75,0,1.50
EXP-04B,exp04b_m06_ro025_lh00,baseline,phase,t01,agent_1,2,agent,2.25,6.75,4.50,,0
EXP-04B,exp04b_m06_ro025_lh00,baseline,phase,t01,human_2,2,human,6.75,7.50,0.75,6.75,0.00
EXP-04B,exp04b_m06_ro025_lh00,baseline,phase,t02,human_1,1,human,0,1.50,1.50,0,0
EXP-04B,exp04b_m06_ro025_lh00,baseline,phase,t02,agent_1,1,agent,1.50,10.50,9.00,,0
EXP-04B,exp04b_m06_ro025_lh00,baseline,phase,t02,human_2,1,human,10.50,12.00,1.50,10.50,0.00
EXP-04B,exp04b_m06_ro025_lh00,baseline,phase,t03,human_1,1,human,12.00,14.25,2.25,12.00,0.00
EXP-04B,exp04b_m06_ro025_lh00,baseline,phase,t03,agent_1,1,agent,14.25,27.75,13.50,,0
EXP-04B,exp04b_m06_ro025_lh00,baseline,phase,t03,human_2,1,human,27.75,30.00,2.25,27.75,0.00
EXP-04B,exp04b_m06_ro025_lh00,baseline,phase,t04_part_01,specification,2,human,14.25,14.750,0.500,12.00,2.25
EXP-04B,exp04b_m06_ro025_lh00,baseline,phase,t04_part_01,implementation,2,agent,14.750,18.000,3.250,,0
EXP-04B,exp04b_m06_ro025_lh00,baseline,phase,t04_part_02,specification,3,human,14.750,15.250,0.500,12.00,2.750
EXP-04B,exp04b_m06_ro025_lh00,baseline,phase,t04_part_02,implementation,3,agent,15.250,18.500,3.250,,0
EXP-04B,exp04b_m06_ro025_lh00,baseline,phase,t04_part_03,specification,4,human,15.250,15.750,0.500,12.00,3.250
EXP-04B,exp04b_m06_ro025_lh00,baseline,phase,t04_part_03,implementation,4,agent,15.750,19.000,3.250,,0
EXP-04B,exp04b_m06_ro025_lh00,baseline,phase,t04_part_04,specification,2,human,18.000,18.500,0.500,18.000,0.000
EXP-04B,exp04b_m06_ro025_lh00,baseline,phase,t04_part_04,implementation,2,agent,18.500,21.750,3.250,,0
EXP-04B,exp04b_m06_ro025_lh00,baseline,phase,t04_part_05,specification,3,human,18.500,19.000,0.500,18.500,0.000
EXP-04B,exp04b_m06_ro025_lh00,baseline,phase,t04_part_05,implementation,3,agent,19.000,22.250,3.250,,0
EXP-04B,exp04b_m06_ro025_lh00,baseline,phase,t04_part_06,specification,4,human,19.000,19.500,0.500,19.000,0.000
EXP-04B,exp04b_m06_ro025_lh00,baseline,phase,t04_part_06,implementation,4,agent,19.500,22.750,3.250,,0
EXP-04B,exp04b_m06_ro025_lh00,baseline,phase,t04_join,integration,2,agent,22.750,24.250,1.500,,0
EXP-04B,exp04b_m06_ro025_lh00,baseline,phase,t04_join,acceptance,2,human,24.250,27.250,3.000,24.250,0.000
EXP-04B,exp04b_m06_ro025_lh00,baseline,wait,t01,human_1,2,human_queue,0,1.50,1.50,0,1.50
EXP-04B,exp04b_m06_ro025_lh00,baseline,wait,t04_part_01,specification,2,human_queue,12.00,14.25,2.25,12.00,2.25
EXP-04B,exp04b_m06_ro025_lh00,baseline,wait,t04_part_02,specification,3,human_queue,12.00,14.750,2.750,12.00,2.750
EXP-04B,exp04b_m06_ro025_lh00,baseline,wait,t04_part_03,specification,4,human_queue,12.00,15.250,3.250,12.00,3.250
EXP-04B,exp04b_m06_ro025_lh00,exact,phase,t01,human_1,2,human,1.50000,2.25000,0.75000,1.50000,0.00000
EXP-04B,exp04b_m06_ro025_lh00,exact,phase,t01,agent_1,2,agent,2.25000,6.75000,4.50000,,0
EXP-04B,exp04b_m06_ro025_lh00,exact,phase,t01,human_2,2,human,6.75000,7.50000,0.75000,6.75000,0.00000
EXP-04B,exp04b_m06_ro025_lh00,exact,phase,t02,human_1,1,human,0.00000,1.50000,1.50000,0.00000,0.00000
EXP-04B,exp04b_m06_ro025_lh00,exact,phase,t02,agent_1,1,agent,1.50000,10.50000,9.00000,,0
EXP-04B,exp04b_m06_ro025_lh00,exact,phase,t02,human_2,1,human,10.50000,12.00000,1.50000,10.50000,0.00000
EXP-04B,exp04b_m06_ro025_lh00,exact,phase,t03,human_1,2,human,12.00000,14.25000,2.25000,12.00000,0.00000
EXP-04B,exp04b_m06_ro025_lh00,exact,phase,t03,agent_1,2,agent,14.25000,27.75000,13.50000,,0
EXP-04B,exp04b_m06_ro025_lh00,exact,phase,t03,human_2,2,human,27.75000,30.00000,2.25000,27.75000,0.00000
EXP-04B,exp04b_m06_ro025_lh00,exact,phase,t04_part_01,specification,1,human,19.00000,19.50000,0.50000,19.00000,0.00000
EXP-04B,exp04b_m06_ro025_lh00,exact,phase,t04_part_01,implementation,1,agent,19.50000,22.75000,3.25000,,0
EXP-04B,exp04b_m06_ro025_lh00,exact,phase,t04_part_02,specification,3,human,18.00000,18.50000,0.50000,18.00000,0.00000
EXP-04B,exp04b_m06_ro025_lh00,exact,phase,t04_part_02,implementation,3,agent,18.50000,21.75000,3.25000,,0
EXP-04B,exp04b_m06_ro025_lh00,exact,phase,t04_part_03,specification,1,human,15.25000,15.75000,0.50000,15.25000,0.00000
EXP-04B,exp04b_m06_ro025_lh00,exact,phase,t04_part_03,implementation,1,agent,15.75000,19.00000,3.25000,,0
EXP-04B,exp04b_m06_ro025_lh00,exact,phase,t04_part_04,specification,3,human,14.25000,14.75000,0.50000,14.25000,0.00000
EXP-04B,exp04b_m06_ro025_lh00,exact,phase,t04_part_04,implementation,3,agent,14.75000,18.00000,3.25000,,0
EXP-04B,exp04b_m06_ro025_lh00,exact,phase,t04_part_05,specification,4,human,18.50000,19.00000,0.50000,18.50000,0.00000
EXP-04B,exp04b_m06_ro025_lh00,exact,phase,t04_part_05,implementation,4,agent,19.00000,22.25000,3.25000,,0
EXP-04B,exp04b_m06_ro025_lh00,exact,phase,t04_part_06,specification,4,human,14.75000,15.25000,0.50000,14.75000,0.00000
EXP-04B,exp04b_m06_ro025_lh00,exact,phase,t04_part_06,implementation,4,agent,15.25000,18.50000,3.25000,,0
EXP-04B,exp04b_m06_ro025_lh00,exact,phase,t04_join,integration,4,agent,22.75000,24.25000,1.50000,,0
EXP-04B,exp04b_m06_ro025_lh00,exact,phase,t04_join,acceptance,4,human,24.25000,27.25000,3.00000,24.25000,0.00000
EXP-04B,exp04b_m06_ro025_lh05,baseline,phase,t01,human_1,2,human,1.50,2.25,0.75,0,1.50
EXP-04B,exp04b_m06_ro025_lh05,baseline,phase,t01,agent_1,2,agent,2.25,6.75,4.50,,0
EXP-04B,exp04b_m06_ro025_lh05,baseline,phase,t01,human_2,2,human,6.75,7.50,0.75,6.75,0.00
EXP-04B,exp04b_m06_ro025_lh05,baseline,phase,t02,human_1,1,human,0,1.50,1.50,0,0
EXP-04B,exp04b_m06_ro025_lh05,baseline,phase,t02,agent_1,1,agent,1.50,10.50,9.00,,0
EXP-04B,exp04b_m06_ro025_lh05,baseline,phase,t02,human_2,1,human,10.50,12.00,1.50,10.50,0.00
EXP-04B,exp04b_m06_ro025_lh05,baseline,phase,t03,human_1,1,human,12.00,14.25,2.25,12.00,0.00
EXP-04B,exp04b_m06_ro025_lh05,baseline,phase,t03,agent_1,1,agent,14.25,27.75,13.50,,0
EXP-04B,exp04b_m06_ro025_lh05,baseline,phase,t03,human_2,1,human,27.75,30.00,2.25,27.75,0.00
EXP-04B,exp04b_m06_ro025_lh05,baseline,phase,t04_part_01,specification,2,human,14.25,14.8750,0.6250,12.00,2.25
EXP-04B,exp04b_m06_ro025_lh05,baseline,phase,t04_part_01,implementation,2,agent,14.8750,18.0000,3.1250,,0
EXP-04B,exp04b_m06_ro025_lh05,baseline,phase,t04_part_02,specification,3,human,14.8750,15.5000,0.6250,12.00,2.8750
EXP-04B,exp04b_m06_ro025_lh05,baseline,phase,t04_part_02,implementation,3,agent,15.5000,18.6250,3.1250,,0
EXP-04B,exp04b_m06_ro025_lh05,baseline,phase,t04_part_03,specification,4,human,15.5000,16.1250,0.6250,12.00,3.5000
EXP-04B,exp04b_m06_ro025_lh05,baseline,phase,t04_part_03,implementation,4,agent,16.1250,19.2500,3.1250,,0
EXP-04B,exp04b_m06_ro025_lh05,baseline,phase,t04_part_04,specification,2,human,18.0000,18.6250,0.6250,18.0000,0.0000
EXP-04B,exp04b_m06_ro025_lh05,baseline,phase,t04_part_04,implementation,2,agent,18.6250,21.7500,3.1250,,0
EXP-04B,exp04b_m06_ro025_lh05,baseline,phase,t04_part_05,specification,3,human,18.6250,19.2500,0.6250,18.6250,0.0000
EXP-04B,exp04b_m06_ro025_lh05,baseline,phase,t04_part_05,implementation,3,agent,19.2500,22.3750,3.1250,,0
EXP-04B,exp04b_m06_ro025_lh05,baseline,phase,t04_part_06,specification,4,human,19.2500,19.8750,0.6250,19.2500,0.0000
EXP-04B,exp04b_m06_ro025_lh05,baseline,phase,t04_part_06,implementation,4,agent,19.8750,23.0000,3.1250,,0
EXP-04B,exp04b_m06_ro025_lh05,baseline,phase,t04_join,integration,2,agent,23.0000,23.7500,0.7500,,0
EXP-04B,exp04b_m06_ro025_lh05,baseline,phase,t04_join,acceptance,2,human,23.7500,27.5000,3.7500,23.7500,0.0000
EXP-04B,exp04b_m06_ro025_lh05,baseline,wait,t01,human_1,2,human_queue,0,1.50,1.50,0,1.50
EXP-04B,exp04b_m06_ro025_lh05,baseline,wait,t04_part_01,specification,2,human_queue,12.00,14.25,2.25,12.00,2.25
EXP-04B,exp04b_m06_ro025_lh05,baseline,wait,t04_part_02,specification,3,human_queue,12.00,14.8750,2.8750,12.00,2.8750
EXP-04B,exp04b_m06_ro025_lh05,baseline,wait,t04_part_03,specification,4,human_queue,12.00,15.5000,3.5000,12.00,3.5000
EXP-04B,exp04b_m06_ro025_lh05,exact,phase,t01,human_1,2,human,1.50000,2.25000,0.75000,1.50000,0.00000
EXP-04B,exp04b_m06_ro025_lh05,exact,phase,t01,agent_1,2,agent,2.25000,6.75000,4.50000,,0
EXP-04B,exp04b_m06_ro025_lh05,exact,phase,t01,human_2,2,human,6.75000,7.50000,0.75000,6.75000,0.00000
EXP-04B,exp04b_m06_ro025_lh05,exact,phase,t02,human_1,1,human,0.00000,1.50000,1.50000,0.00000,0.00000
EXP-04B,exp04b_m06_ro025_lh05,exact,phase,t02,agent_1,1,agent,1.50000,10.50000,9.00000,,0
EXP-04B,exp04b_m06_ro025_lh05,exact,phase,t02,human_2,1,human,10.50000,12.00000,1.50000,10.50000,0.00000
EXP-04B,exp04b_m06_ro025_lh05,exact,phase,t03,human_1,2,human,12.00000,14.25000,2.25000,12.00000,0.00000
EXP-04B,exp04b_m06_ro025_lh05,exact,phase,t03,agent_1,2,agent,14.25000,27.75000,13.50000,,0
EXP-04B,exp04b_m06_ro025_lh05,exact,phase,t03,human_2,2,human,27.75000,30.00000,2.25000,27.75000,0.00000
EXP-04B,exp04b_m06_ro025_lh05,exact,phase,t04_part_01,specification,1,human,19.25000,19.87500,0.62500,19.25000,0.00000
EXP-04B,exp04b_m06_ro025_lh05,exact,phase,t04_part_01,implementation,1,agent,19.87500,23.00000,3.12500,,0
EXP-04B,exp04b_m06_ro025_lh05,exact,phase,t04_part_02,specification,3,human,18.00000,18.62500,0.62500,18.00000,0.00000
EXP-04B,exp04b_m06_ro025_lh05,exact,phase,t04_part_02,implementation,3,agent,18.62500,21.75000,3.12500,,0
EXP-04B,exp04b_m06_ro025_lh05,exact,phase,t04_part_03,specification,1,human,15.50000,16.12500,0.62500,15.50000,0.00000
EXP-04B,exp04b_m06_ro025_lh05,exact,phase,t04_part_03,implementation,1,agent,16.12500,19.25000,3.12500,,0
EXP-04B,exp04b_m06_ro025_lh05,exact,phase,t04_part_04,specification,3,human,14.25000,14.87500,0.62500,14.25000,0.00000
EXP-04B,exp04b_m06_ro025_lh05,exact,phase,t04_part_04,implementation,3,agent,14.87500,18.00000,3.12500,,0
EXP-04B,exp04b_m06_ro025_lh05,exact,phase,t04_part_05,specification,4,human,18.62500,19.25000,0.62500,18.62500,0.00000
EXP-04B,exp04b_m06_ro025_lh05,exact,phase,t04_part_05,implementation,4,agent,19.25000,22.37500,3.12500,,0
EXP-04B,exp04b_m06_ro025_lh05,exact,phase,t04_part_06,specification,4,human,14.87500,15.50000,0.62500,14.87500,0.00000
EXP-04B,exp04b_m06_ro025_lh05,exact,phase,t04_part_06,implementation,4,agent,15.50000,18.62500,3.12500,,0
EXP-04B,exp04b_m06_ro025_lh05,exact,phase,t04_join,integration,4,agent,23.00000,23.75000,0.75000,,0
EXP-04B,exp04b_m06_ro025_lh05,exact,phase,t04_join,acceptance,4,human,23.75000,27.50000,3.75000,23.75000,0.00000
EXP-04B,exp04b_m06_ro025_lh10,baseline,phase,t01,human_1,2,human,1.50,2.25,0.75,0,1.50
EXP-04B,exp04b_m06_ro025_lh10,baseline,phase,t01,agent_1,2,agent,2.25,6.75,4.50,,0
EXP-04B,exp04b_m06_ro025_lh10,baseline,phase,t01,human_2,2,human,6.75,7.50,0.75,6.75,0.00
EXP-04B,exp04b_m06_ro025_lh10,baseline,phase,t02,human_1,1,human,0,1.50,1.50,0,0
EXP-04B,exp04b_m06_ro025_lh10,baseline,phase,t02,agent_1,1,agent,1.50,10.50,9.00,,0
EXP-04B,exp04b_m06_ro025_lh10,baseline,phase,t02,human_2,1,human,10.50,12.00,1.50,10.50,0.00
EXP-04B,exp04b_m06_ro025_lh10,baseline,phase,t03,human_1,1,human,12.00,14.25,2.25,12.00,0.00
EXP-04B,exp04b_m06_ro025_lh10,baseline,phase,t03,agent_1,1,agent,14.25,27.75,13.50,,0
EXP-04B,exp04b_m06_ro025_lh10,baseline,phase,t03,human_2,1,human,27.75,30.00,2.25,27.75,0.00
EXP-04B,exp04b_m06_ro025_lh10,baseline,phase,t04_part_01,specification,2,human,14.25,15.000,0.750,12.00,2.25
EXP-04B,exp04b_m06_ro025_lh10,baseline,phase,t04_part_01,implementation,2,agent,15.000,18.000,3.000,,0
EXP-04B,exp04b_m06_ro025_lh10,baseline,phase,t04_part_02,specification,3,human,15.000,15.750,0.750,12.00,3.000
EXP-04B,exp04b_m06_ro025_lh10,baseline,phase,t04_part_02,implementation,3,agent,15.750,18.750,3.000,,0
EXP-04B,exp04b_m06_ro025_lh10,baseline,phase,t04_part_03,specification,4,human,15.750,16.500,0.750,12.00,3.750
EXP-04B,exp04b_m06_ro025_lh10,baseline,phase,t04_part_03,implementation,4,agent,16.500,19.500,3.000,,0
EXP-04B,exp04b_m06_ro025_lh10,baseline,phase,t04_part_04,specification,2,human,18.000,18.750,0.750,18.000,0.000
EXP-04B,exp04b_m06_ro025_lh10,baseline,phase,t04_part_04,implementation,2,agent,18.750,21.750,3.000,,0
EXP-04B,exp04b_m06_ro025_lh10,baseline,phase,t04_part_05,specification,3,human,18.750,19.500,0.750,18.750,0.000
EXP-04B,exp04b_m06_ro025_lh10,baseline,phase,t04_part_05,implementation,3,agent,19.500,22.500,3.000,,0
EXP-04B,exp04b_m06_ro025_lh10,baseline,phase,t04_part_06,specification,4,human,19.500,20.250,0.750,19.500,0.000
EXP-04B,exp04b_m06_ro025_lh10,baseline,phase,t04_part_06,implementation,4,agent,20.250,23.250,3.000,,0
EXP-04B,exp04b_m06_ro025_lh10,baseline,phase,t04_join,acceptance,2,human,23.250,27.750,4.500,23.250,0.000
EXP-04B,exp04b_m06_ro025_lh10,baseline,wait,t01,human_1,2,human_queue,0,1.50,1.50,0,1.50
EXP-04B,exp04b_m06_ro025_lh10,baseline,wait,t04_part_01,specification,2,human_queue,12.00,14.25,2.25,12.00,2.25
EXP-04B,exp04b_m06_ro025_lh10,baseline,wait,t04_part_02,specification,3,human_queue,12.00,15.000,3.000,12.00,3.000
EXP-04B,exp04b_m06_ro025_lh10,baseline,wait,t04_part_03,specification,4,human_queue,12.00,15.750,3.750,12.00,3.750
EXP-04B,exp04b_m06_ro025_lh10,exact,phase,t01,human_1,2,human,1.50000,2.25000,0.75000,1.50000,0.00000
EXP-04B,exp04b_m06_ro025_lh10,exact,phase,t01,agent_1,2,agent,2.25000,6.75000,4.50000,,0
EXP-04B,exp04b_m06_ro025_lh10,exact,phase,t01,human_2,2,human,6.75000,7.50000,0.75000,6.75000,0.00000
EXP-04B,exp04b_m06_ro025_lh10,exact,phase,t02,human_1,1,human,0.00000,1.50000,1.50000,0.00000,0.00000
EXP-04B,exp04b_m06_ro025_lh10,exact,phase,t02,agent_1,1,agent,1.50000,10.50000,9.00000,,0
EXP-04B,exp04b_m06_ro025_lh10,exact,phase,t02,human_2,1,human,10.50000,12.00000,1.50000,10.50000,0.00000
EXP-04B,exp04b_m06_ro025_lh10,exact,phase,t03,human_1,3,human,12.00000,14.25000,2.25000,12.00000,0.00000
EXP-04B,exp04b_m06_ro025_lh10,exact,phase,t03,agent_1,3,agent,14.25000,27.75000,13.50000,,0
EXP-04B,exp04b_m06_ro025_lh10,exact,phase,t03,human_2,3,human,27.75000,30.00000,2.25000,27.75000,0.00000
EXP-04B,exp04b_m06_ro025_lh10,exact,phase,t04_part_01,specification,1,human,19.50000,20.25000,0.75000,19.50000,0.00000
EXP-04B,exp04b_m06_ro025_lh10,exact,phase,t04_part_01,implementation,1,agent,20.25000,23.25000,3.00000,,0
EXP-04B,exp04b_m06_ro025_lh10,exact,phase,t04_part_02,specification,2,human,14.25000,15.00000,0.75000,14.25000,0.00000
EXP-04B,exp04b_m06_ro025_lh10,exact,phase,t04_part_02,implementation,2,agent,15.00000,18.00000,3.00000,,0
EXP-04B,exp04b_m06_ro025_lh10,exact,phase,t04_part_03,specification,1,human,15.75000,16.50000,0.75000,15.75000,0.00000
EXP-04B,exp04b_m06_ro025_lh10,exact,phase,t04_part_03,implementation,1,agent,16.50000,19.50000,3.00000,,0
EXP-04B,exp04b_m06_ro025_lh10,exact,phase,t04_part_04,specification,4,human,15.00000,15.75000,0.75000,15.00000,0.00000
EXP-04B,exp04b_m06_ro025_lh10,exact,phase,t04_part_04,implementation,4,agent,15.75000,18.75000,3.00000,,0
EXP-04B,exp04b_m06_ro025_lh10,exact,phase,t04_part_05,specification,4,human,18.75000,19.50000,0.75000,18.75000,0.00000
EXP-04B,exp04b_m06_ro025_lh10,exact,phase,t04_part_05,implementation,4,agent,19.50000,22.50000,3.00000,,0
EXP-04B,exp04b_m06_ro025_lh10,exact,phase,t04_part_06,specification,2,human,18.00000,18.75000,0.75000,18.00000,0.00000
EXP-04B,exp04b_m06_ro025_lh10,exact,phase,t04_part_06,implementation,2,agent,18.75000,21.75000,3.00000,,0
EXP-04B,exp04b_m06_ro025_lh10,exact,phase,t04_join,acceptance,2,human,23.25000,27.75000,4.50000,23.25000,0.00000
EXP-04B,exp04b_m06_ro050_lh00,baseline,phase,t01,human_1,2,human,1.50,2.25,0.75,0,1.50
EXP-04B,exp04b_m06_ro050_lh00,baseline,phase,t01,agent_1,2,agent,2.25,6.75,4.50,,0
EXP-04B,exp04b_m06_ro050_lh00,baseline,phase,t01,human_2,2,human,6.75,7.50,0.75,6.75,0.00
EXP-04B,exp04b_m06_ro050_lh00,baseline,phase,t02,human_1,1,human,0,1.50,1.50,0,0
EXP-04B,exp04b_m06_ro050_lh00,baseline,phase,t02,agent_1,1,agent,1.50,10.50,9.00,,0
EXP-04B,exp04b_m06_ro050_lh00,baseline,phase,t02,human_2,1,human,10.50,12.00,1.50,10.50,0.00
EXP-04B,exp04b_m06_ro050_lh00,baseline,phase,t03,human_1,1,human,12.00,14.25,2.25,12.00,0.00
EXP-04B,exp04b_m06_ro050_lh00,baseline,phase,t03,agent_1,1,agent,14.25,27.75,13.50,,0
EXP-04B,exp04b_m06_ro050_lh00,baseline,phase,t03,human_2,1,human,29.25,31.50,2.25,27.75,1.50
EXP-04B,exp04b_m06_ro050_lh00,baseline,phase,t04_part_01,specification,2,human,14.25,14.75,0.50,12.00,2.25
EXP-04B,exp04b_m06_ro050_lh00,baseline,phase,t04_part_01,implementation,2,agent,14.75,18.25,3.50,,0
EXP-04B,exp04b_m06_ro050_lh00,baseline,phase,t04_part_02,specification,3,human,14.75,15.25,0.50,12.00,2.75
EXP-04B,exp04b_m06_ro050_lh00,baseline,phase,t04_part_02,implementation,3,agent,15.25,18.75,3.50,,0
EXP-04B,exp04b_m06_ro050_lh00,baseline,phase,t04_part_03,specification,4,human,15.25,15.75,0.50,12.00,3.25
EXP-04B,exp04b_m06_ro050_lh00,baseline,phase,t04_part_03,implementation,4,agent,15.75,19.25,3.50,,0
EXP-04B,exp04b_m06_ro050_lh00,baseline,phase,t04_part_04,specification,2,human,18.25,18.75,0.50,18.25,0.00
EXP-04B,exp04b_m06_ro050_lh00,baseline,phase,t04_part_04,implementation,2,agent,18.75,22.25,3.50,,0
EXP-04B,exp04b_m06_ro050_lh00,baseline,phase,t04_part_05,specification,3,human,18.75,19.25,0.50,18.75,0.00
EXP-04B,exp04b_m06_ro050_lh00,baseline,phase,t04_part_05,implementation,3,agent,19.25,22.75,3.50,,0
EXP-04B,exp04b_m06_ro050_lh00,baseline,phase,t04_part_06,specification,4,human,19.25,19.75,0.50,19.25,0.00
EXP-04B,exp04b_m06_ro050_lh00,baseline,phase,t04_part_06,implementation,4,agent,19.75,23.25,3.50,,0
EXP-04B,exp04b_m06_ro050_lh00,baseline,phase,t04_join,integration,2,agent,23.25,26.25,3.00,,0
EXP-04B,exp04b_m06_ro050_lh00,baseline,phase,t04_join,acceptance,2,human,26.25,29.25,3.00,26.25,0.00
EXP-04B,exp04b_m06_ro050_lh00,baseline,wait,t01,human_1,2,human_queue,0,1.50,1.50,0,1.50
EXP-04B,exp04b_m06_ro050_lh00,baseline,wait,t03,human_2,1,human_queue,27.75,29.25,1.50,27.75,1.50
EXP-04B,exp04b_m06_ro050_lh00,baseline,wait,t04_part_01,specification,2,human_queue,12.00,14.25,2.25,12.00,2.25
EXP-04B,exp04b_m06_ro050_lh00,baseline,wait,t04_part_02,specification,3,human_queue,12.00,14.75,2.75,12.00,2.75
EXP-04B,exp04b_m06_ro050_lh00,baseline,wait,t04_part_03,specification,4,human_queue,12.00,15.25,3.25,12.00,3.25
EXP-04B,exp04b_m06_ro050_lh00,exact,phase,t01,human_1,2,human,1.50000,2.25000,0.75000,1.50000,0.00000
EXP-04B,exp04b_m06_ro050_lh00,exact,phase,t01,agent_1,2,agent,2.25000,6.75000,4.50000,,0
EXP-04B,exp04b_m06_ro050_lh00,exact,phase,t01,human_2,2,human,6.75000,7.50000,0.75000,6.75000,0.00000
EXP-04B,exp04b_m06_ro050_lh00,exact,phase,t02,human_1,1,human,0.00000,1.50000,1.50000,0.00000,0.00000
EXP-04B,exp04b_m06_ro050_lh00,exact,phase,t02,agent_1,1,agent,1.50000,10.50000,9.00000,,0
EXP-04B,exp04b_m06_ro050_lh00,exact,phase,t02,human_2,1,human,10.50000,12.00000,1.50000,10.50000,0.00000
EXP-04B,exp04b_m06_ro050_lh00,exact,phase,t03,human_1,3,human,13.50000,15.75000,2.25000,13.50000,0.00000
EXP-04B,exp04b_m06_ro050_lh00,exact,phase,t03,agent_1,3,agent,15.75000,29.25000,13.50000,,0
EXP-04B,exp04b_m06_ro050_lh00,exact,phase,t03,human_2,3,human,29.25000,31.50000,2.25000,29.25000,0.00000
EXP-04B,exp04b_m06_ro050_lh00,exact,phase,t04_part_01,specification,1,human,12.00000,12.50000,0.50000,12.00000,0.00000
EXP-04B,exp04b_m06_ro050_lh00,exact,phase,t04_part_01,implementation,1,agent,12.50000,16.00000,3.50000,,0
EXP-04B,exp04b_m06_ro050_lh00,exact,phase,t04_part_02,specification,4,human,13.00000,13.50000,0.50000,13.00000,0.00000
EXP-04B,exp04b_m06_ro050_lh00,exact,phase,t04_part_02,implementation,4,agent,13.50000,17.00000,3.50000,,0
EXP-04B,exp04b_m06_ro050_lh00,exact,phase,t04_part_03,specification,1,human,16.00000,16.50000,0.50000,16.00000,0.00000
EXP-04B,exp04b_m06_ro050_lh00,exact,phase,t04_part_03,implementation,1,agent,16.50000,20.00000,3.50000,,0
EXP-04B,exp04b_m06_ro050_lh00,exact,phase,t04_part_04,specification,2,human,12.50000,13.00000,0.50000,12.50000,0.00000
EXP-04B,exp04b_m06_ro050_lh00,exact,phase,t04_part_04,implementation,2,agent,13.00000,16.50000,3.50000,,0
EXP-04B,exp04b_m06_ro050_lh00,exact,phase,t04_part_05,specification,4,human,17.00000,17.50000,0.50000,17.00000,0.00000
EXP-04B,exp04b_m06_ro050_lh00,exact,phase,t04_part_05,implementation,4,agent,17.50000,21.00000,3.50000,,0
EXP-04B,exp04b_m06_ro050_lh00,exact,phase,t04_part_06,specification,2,human,16.50000,17.00000,0.50000,16.50000,0.00000
EXP-04B,exp04b_m06_ro050_lh00,exact,phase,t04_part_06,implementation,2,agent,17.00000,20.50000,3.50000,,0
EXP-04B,exp04b_m06_ro050_lh00,exact,phase,t04_join,integration,2,agent,21.00000,24.00000,3.00000,,0
EXP-04B,exp04b_m06_ro050_lh00,exact,phase,t04_join,acceptance,2,human,24.00000,27.00000,3.00000,24.00000,0.00000
EXP-04B,exp04b_m06_ro050_lh05,baseline,phase,t01,human_1,2,human,1.50,2.25,0.75,0,1.50
EXP-04B,exp04b_m06_ro050_lh05,baseline,phase,t01,agent_1,2,agent,2.25,6.75,4.50,,0
EXP-04B,exp04b_m06_ro050_lh05,baseline,phase,t01,human_2,2,human,6.75,7.50,0.75,6.75,0.00
EXP-04B,exp04b_m06_ro050_lh05,baseline,phase,t02,human_1,1,human,0,1.50,1.50,0,0
EXP-04B,exp04b_m06_ro050_lh05,baseline,phase,t02,agent_1,1,agent,1.50,10.50,9.00,,0
EXP-04B,exp04b_m06_ro050_lh05,baseline,phase,t02,human_2,1,human,10.50,12.00,1.50,10.50,0.00
EXP-04B,exp04b_m06_ro050_lh05,baseline,phase,t03,human_1,1,human,12.00,14.25,2.25,12.00,0.00
EXP-04B,exp04b_m06_ro050_lh05,baseline,phase,t03,agent_1,1,agent,14.25,27.75,13.50,,0
EXP-04B,exp04b_m06_ro050_lh05,baseline,phase,t03,human_2,1,human,29.750,32.000,2.250,27.75,2.000
EXP-04B,exp04b_m06_ro050_lh05,baseline,phase,t04_part_01,specification,2,human,14.25,15.000,0.750,12.00,2.25
EXP-04B,exp04b_m06_ro050_lh05,baseline,phase,t04_part_01,implementation,2,agent,15.000,18.250,3.250,,0
EXP-04B,exp04b_m06_ro050_lh05,baseline,phase,t04_part_02,specification,3,human,15.000,15.750,0.750,12.00,3.000
EXP-04B,exp04b_m06_ro050_lh05,baseline,phase,t04_part_02,implementation,3,agent,15.750,19.000,3.250,,0
EXP-04B,exp04b_m06_ro050_lh05,baseline,phase,t04_part_03,specification,4,human,15.750,16.500,0.750,12.00,3.750
EXP-04B,exp04b_m06_ro050_lh05,baseline,phase,t04_part_03,implementation,4,agent,16.500,19.750,3.250,,0
EXP-04B,exp04b_m06_ro050_lh05,baseline,phase,t04_part_04,specification,2,human,18.250,19.000,0.750,18.250,0.000
EXP-04B,exp04b_m06_ro050_lh05,baseline,phase,t04_part_04,implementation,2,agent,19.000,22.250,3.250,,0
EXP-04B,exp04b_m06_ro050_lh05,baseline,phase,t04_part_05,specification,3,human,19.000,19.750,0.750,19.000,0.000
EXP-04B,exp04b_m06_ro050_lh05,baseline,phase,t04_part_05,implementation,3,agent,19.750,23.000,3.250,,0
EXP-04B,exp04b_m06_ro050_lh05,baseline,phase,t04_part_06,specification,4,human,19.750,20.500,0.750,19.750,0.000
EXP-04B,exp04b_m06_ro050_lh05,baseline,phase,t04_part_06,implementation,4,agent,20.500,23.750,3.250,,0
EXP-04B,exp04b_m06_ro050_lh05,baseline,phase,t04_join,integration,2,agent,23.750,25.250,1.500,,0
EXP-04B,exp04b_m06_ro050_lh05,baseline,phase,t04_join,acceptance,2,human,25.250,29.750,4.500,25.250,0.000
EXP-04B,exp04b_m06_ro050_lh05,baseline,wait,t01,human_1,2,human_queue,0,1.50,1.50,0,1.50
EXP-04B,exp04b_m06_ro050_lh05,baseline,wait,t03,human_2,1,human_queue,27.75,29.750,2.000,27.75,2.000
EXP-04B,exp04b_m06_ro050_lh05,baseline,wait,t04_part_01,specification,2,human_queue,12.00,14.25,2.25,12.00,2.25
EXP-04B,exp04b_m06_ro050_lh05,baseline,wait,t04_part_02,specification,3,human_queue,12.00,15.000,3.000,12.00,3.000
EXP-04B,exp04b_m06_ro050_lh05,baseline,wait,t04_part_03,specification,4,human_queue,12.00,15.750,3.750,12.00,3.750
EXP-04B,exp04b_m06_ro050_lh05,exact,phase,t01,human_1,2,human,1.50000,2.25000,0.75000,1.50000,0.00000
EXP-04B,exp04b_m06_ro050_lh05,exact,phase,t01,agent_1,2,agent,2.25000,6.75000,4.50000,,0
EXP-04B,exp04b_m06_ro050_lh05,exact,phase,t01,human_2,2,human,6.75000,7.50000,0.75000,6.75000,0.00000
EXP-04B,exp04b_m06_ro050_lh05,exact,phase,t02,human_1,1,human,0.00000,1.50000,1.50000,0.00000,0.00000
EXP-04B,exp04b_m06_ro050_lh05,exact,phase,t02,agent_1,1,agent,1.50000,10.50000,9.00000,,0
EXP-04B,exp04b_m06_ro050_lh05,exact,phase,t02,human_2,1,human,10.50000,12.00000,1.50000,10.50000,0.00000
EXP-04B,exp04b_m06_ro050_lh05,exact,phase,t03,human_1,3,human,13.50000,15.75000,2.25000,13.50000,0.00000
EXP-04B,exp04b_m06_ro050_lh05,exact,phase,t03,agent_1,3,agent,15.75000,29.25000,13.50000,,0
EXP-04B,exp04b_m06_ro050_lh05,exact,phase,t03,human_2,3,human,29.75000,32.00000,2.25000,29.25000,0.50000
EXP-04B,exp04b_m06_ro050_lh05,exact,phase,t04_part_01,specification,1,human,12.00000,12.75000,0.75000,12.00000,0.00000
EXP-04B,exp04b_m06_ro050_lh05,exact,phase,t04_part_01,implementation,1,agent,12.75000,16.00000,3.25000,,0
EXP-04B,exp04b_m06_ro050_lh05,exact,phase,t04_part_02,specification,2,human,19.75000,20.50000,0.75000,19.75000,0.00000
EXP-04B,exp04b_m06_ro050_lh05,exact,phase,t04_part_02,implementation,2,agent,20.50000,23.75000,3.25000,,0
EXP-04B,exp04b_m06_ro050_lh05,exact,phase,t04_part_03,specification,4,human,17.25000,18.00000,0.75000,17.25000,0.00000
EXP-04B,exp04b_m06_ro050_lh05,exact,phase,t04_part_03,implementation,4,agent,18.00000,21.25000,3.25000,,0
EXP-04B,exp04b_m06_ro050_lh05,exact,phase,t04_part_04,specification,1,human,16.50000,17.25000,0.75000,16.50000,0.00000
EXP-04B,exp04b_m06_ro050_lh05,exact,phase,t04_part_04,implementation,1,agent,17.25000,20.50000,3.25000,,0
EXP-04B,exp04b_m06_ro050_lh05,exact,phase,t04_part_05,specification,4,human,12.75000,13.50000,0.75000,12.75000,0.00000
EXP-04B,exp04b_m06_ro050_lh05,exact,phase,t04_part_05,implementation,4,agent,13.50000,16.75000,3.25000,,0
EXP-04B,exp04b_m06_ro050_lh05,exact,phase,t04_part_06,specification,2,human,15.75000,16.50000,0.75000,15.75000,0.00000
EXP-04B,exp04b_m06_ro050_lh05,exact,phase,t04_part_06,implementation,2,agent,16.50000,19.75000,3.25000,,0
EXP-04B,exp04b_m06_ro050_lh05,exact,phase,t04_join,integration,2,agent,23.75000,25.25000,1.50000,,0
EXP-04B,exp04b_m06_ro050_lh05,exact,phase,t04_join,acceptance,2,human,25.25000,29.75000,4.50000,25.25000,0.00000
EXP-04B,exp04b_m06_ro050_lh05,exact,wait,t03,human_2,3,human_queue,29.25000,29.75000,0.50000,29.25000,0.50000
EXP-04B,exp04b_m06_ro050_lh10,baseline,phase,t01,human_1,2,human,1.50,2.25,0.75,0,1.50
EXP-04B,exp04b_m06_ro050_lh10,baseline,phase,t01,agent_1,2,agent,2.25,6.75,4.50,,0
EXP-04B,exp04b_m06_ro050_lh10,baseline,phase,t01,human_2,2,human,6.75,7.50,0.75,6.75,0.00
EXP-04B,exp04b_m06_ro050_lh10,baseline,phase,t02,human_1,1,human,0,1.50,1.50,0,0
EXP-04B,exp04b_m06_ro050_lh10,baseline,phase,t02,agent_1,1,agent,1.50,10.50,9.00,,0
EXP-04B,exp04b_m06_ro050_lh10,baseline,phase,t02,human_2,1,human,10.50,12.00,1.50,10.50,0.00
EXP-04B,exp04b_m06_ro050_lh10,baseline,phase,t03,human_1,1,human,12.00,14.25,2.25,12.00,0.00
EXP-04B,exp04b_m06_ro050_lh10,baseline,phase,t03,agent_1,1,agent,14.25,27.75,13.50,,0
EXP-04B,exp04b_m06_ro050_lh10,baseline,phase,t03,human_2,1,human,30.25,32.50,2.25,27.75,2.50
EXP-04B,exp04b_m06_ro050_lh10,baseline,phase,t04_part_01,specification,2,human,14.25,15.25,1.00,12.00,2.25
EXP-04B,exp04b_m06_ro050_lh10,baseline,phase,t04_part_01,implementation,2,agent,15.25,18.25,3.00,,0
EXP-04B,exp04b_m06_ro050_lh10,baseline,phase,t04_part_02,specification,3,human,15.25,16.25,1.00,12.00,3.25
EXP-04B,exp04b_m06_ro050_lh10,baseline,phase,t04_part_02,implementation,3,agent,16.25,19.25,3.00,,0
EXP-04B,exp04b_m06_ro050_lh10,baseline,phase,t04_part_03,specification,4,human,16.25,17.25,1.00,12.00,4.25
EXP-04B,exp04b_m06_ro050_lh10,baseline,phase,t04_part_03,implementation,4,agent,17.25,20.25,3.00,,0
EXP-04B,exp04b_m06_ro050_lh10,baseline,phase,t04_part_04,specification,2,human,18.25,19.25,1.00,18.25,0.00
EXP-04B,exp04b_m06_ro050_lh10,baseline,phase,t04_part_04,implementation,2,agent,19.25,22.25,3.00,,0
EXP-04B,exp04b_m06_ro050_lh10,baseline,phase,t04_part_05,specification,3,human,19.25,20.25,1.00,19.25,0.00
EXP-04B,exp04b_m06_ro050_lh10,baseline,phase,t04_part_05,implementation,3,agent,20.25,23.25,3.00,,0
EXP-04B,exp04b_m06_ro050_lh10,baseline,phase,t04_part_06,specification,4,human,20.25,21.25,1.00,20.25,0.00
EXP-04B,exp04b_m06_ro050_lh10,baseline,phase,t04_part_06,implementation,4,agent,21.25,24.25,3.00,,0
EXP-04B,exp04b_m06_ro050_lh10,baseline,phase,t04_join,acceptance,2,human,24.25,30.25,6.00,24.25,0.00
EXP-04B,exp04b_m06_ro050_lh10,baseline,wait,t01,human_1,2,human_queue,0,1.50,1.50,0,1.50
EXP-04B,exp04b_m06_ro050_lh10,baseline,wait,t03,human_2,1,human_queue,27.75,30.25,2.50,27.75,2.50
EXP-04B,exp04b_m06_ro050_lh10,baseline,wait,t04_part_01,specification,2,human_queue,12.00,14.25,2.25,12.00,2.25
EXP-04B,exp04b_m06_ro050_lh10,baseline,wait,t04_part_02,specification,3,human_queue,12.00,15.25,3.25,12.00,3.25
EXP-04B,exp04b_m06_ro050_lh10,baseline,wait,t04_part_03,specification,4,human_queue,12.00,16.25,4.25,12.00,4.25
EXP-04B,exp04b_m06_ro050_lh10,exact,phase,t01,human_1,2,human,1.50000,2.25000,0.75000,1.50000,0.00000
EXP-04B,exp04b_m06_ro050_lh10,exact,phase,t01,agent_1,2,agent,2.25000,6.75000,4.50000,,0
EXP-04B,exp04b_m06_ro050_lh10,exact,phase,t01,human_2,2,human,6.75000,7.50000,0.75000,6.75000,0.00000
EXP-04B,exp04b_m06_ro050_lh10,exact,phase,t02,human_1,1,human,0.00000,1.50000,1.50000,0.00000,0.00000
EXP-04B,exp04b_m06_ro050_lh10,exact,phase,t02,agent_1,1,agent,1.50000,10.50000,9.00000,,0
EXP-04B,exp04b_m06_ro050_lh10,exact,phase,t02,human_2,1,human,10.50000,12.00000,1.50000,10.50000,0.00000
EXP-04B,exp04b_m06_ro050_lh10,exact,phase,t03,human_1,4,human,14.00000,16.25000,2.25000,14.00000,0.00000
EXP-04B,exp04b_m06_ro050_lh10,exact,phase,t03,agent_1,4,agent,16.25000,29.75000,13.50000,,0
EXP-04B,exp04b_m06_ro050_lh10,exact,phase,t03,human_2,4,human,30.25000,32.50000,2.25000,29.75000,0.50000
EXP-04B,exp04b_m06_ro050_lh10,exact,phase,t04_part_01,specification,2,human,16.25000,17.25000,1.00000,16.25000,0.00000
EXP-04B,exp04b_m06_ro050_lh10,exact,phase,t04_part_01,implementation,2,agent,17.25000,20.25000,3.00000,,0
EXP-04B,exp04b_m06_ro050_lh10,exact,phase,t04_part_02,specification,3,human,13.00000,14.00000,1.00000,13.00000,0.00000
EXP-04B,exp04b_m06_ro050_lh10,exact,phase,t04_part_02,implementation,3,agent,14.00000,17.00000,3.00000,,0
EXP-04B,exp04b_m06_ro050_lh10,exact,phase,t04_part_03,specification,1,human,12.00000,13.00000,1.00000,12.00000,0.00000
EXP-04B,exp04b_m06_ro050_lh10,exact,phase,t04_part_03,implementation,1,agent,13.00000,16.00000,3.00000,,0
EXP-04B,exp04b_m06_ro050_lh10,exact,phase,t04_part_04,specification,3,human,17.25000,18.25000,1.00000,17.25000,0.00000
EXP-04B,exp04b_m06_ro050_lh10,exact,phase,t04_part_04,implementation,3,agent,18.25000,21.25000,3.00000,,0
EXP-04B,exp04b_m06_ro050_lh10,exact,phase,t04_part_05,specification,2,human,20.25000,21.25000,1.00000,20.25000,0.00000
EXP-04B,exp04b_m06_ro050_lh10,exact,phase,t04_part_05,implementation,2,agent,21.25000,24.25000,3.00000,,0
EXP-04B,exp04b_m06_ro050_lh10,exact,phase,t04_part_06,specification,1,human,18.25000,19.25000,1.00000,18.25000,0.00000
EXP-04B,exp04b_m06_ro050_lh10,exact,phase,t04_part_06,implementation,1,agent,19.25000,22.25000,3.00000,,0
EXP-04B,exp04b_m06_ro050_lh10,exact,phase,t04_join,acceptance,1,human,24.25000,30.25000,6.00000,24.25000,0.00000
EXP-04B,exp04b_m06_ro050_lh10,exact,wait,t03,human_2,4,human_queue,29.75000,30.25000,0.50000,29.75000,0.50000
EXP-04B,exp04b_m06_ro100_lh00,baseline,phase,t01,human_1,2,human,1.50,2.25,0.75,0,1.50
EXP-04B,exp04b_m06_ro100_lh00,baseline,phase,t01,agent_1,2,agent,2.25,6.75,4.50,,0
EXP-04B,exp04b_m06_ro100_lh00,baseline,phase,t01,human_2,2,human,6.75,7.50,0.75,6.75,0.00
EXP-04B,exp04b_m06_ro100_lh00,baseline,phase,t02,human_1,1,human,0,1.50,1.50,0,0
EXP-04B,exp04b_m06_ro100_lh00,baseline,phase,t02,agent_1,1,agent,1.50,10.50,9.00,,0
EXP-04B,exp04b_m06_ro100_lh00,baseline,phase,t02,human_2,1,human,10.50,12.00,1.50,10.50,0.00
EXP-04B,exp04b_m06_ro100_lh00,baseline,phase,t03,human_1,1,human,12.00,14.25,2.25,12.00,0.00
EXP-04B,exp04b_m06_ro100_lh00,baseline,phase,t03,agent_1,1,agent,14.25,27.75,13.50,,0
EXP-04B,exp04b_m06_ro100_lh00,baseline,phase,t03,human_2,1,human,27.75,30.00,2.25,27.75,0.00
EXP-04B,exp04b_m06_ro100_lh00,baseline,phase,t04_part_01,specification,2,human,14.25,14.75,0.50,12.00,2.25
EXP-04B,exp04b_m06_ro100_lh00,baseline,phase,t04_part_01,implementation,2,agent,14.75,18.75,4.00,,0
EXP-04B,exp04b_m06_ro100_lh00,baseline,phase,t04_part_02,specification,3,human,14.75,15.25,0.50,12.00,2.75
EXP-04B,exp04b_m06_ro100_lh00,baseline,phase,t04_part_02,implementation,3,agent,15.25,19.25,4.00,,0
EXP-04B,exp04b_m06_ro100_lh00,baseline,phase,t04_part_03,specification,4,human,15.25,15.75,0.50,12.00,3.25
EXP-04B,exp04b_m06_ro100_lh00,baseline,phase,t04_part_03,implementation,4,agent,15.75,19.75,4.00,,0
EXP-04B,exp04b_m06_ro100_lh00,baseline,phase,t04_part_04,specification,2,human,18.75,19.25,0.50,18.75,0.00
EXP-04B,exp04b_m06_ro100_lh00,baseline,phase,t04_part_04,implementation,2,agent,19.25,23.25,4.00,,0
EXP-04B,exp04b_m06_ro100_lh00,baseline,phase,t04_part_05,specification,3,human,19.25,19.75,0.50,19.25,0.00
EXP-04B,exp04b_m06_ro100_lh00,baseline,phase,t04_part_05,implementation,3,agent,19.75,23.75,4.00,,0
EXP-04B,exp04b_m06_ro100_lh00,baseline,phase,t04_part_06,specification,4,human,19.75,20.25,0.50,19.75,0.00
EXP-04B,exp04b_m06_ro100_lh00,baseline,phase,t04_part_06,implementation,4,agent,20.25,24.25,4.00,,0
EXP-04B,exp04b_m06_ro100_lh00,baseline,phase,t04_join,integration,2,agent,24.25,30.25,6.00,,0
EXP-04B,exp04b_m06_ro100_lh00,baseline,phase,t04_join,acceptance,2,human,30.25,33.25,3.00,30.25,0.00
EXP-04B,exp04b_m06_ro100_lh00,baseline,wait,t01,human_1,2,human_queue,0,1.50,1.50,0,1.50
EXP-04B,exp04b_m06_ro100_lh00,baseline,wait,t04_part_01,specification,2,human_queue,12.00,14.25,2.25,12.00,2.25
EXP-04B,exp04b_m06_ro100_lh00,baseline,wait,t04_part_02,specification,3,human_queue,12.00,14.75,2.75,12.00,2.75
EXP-04B,exp04b_m06_ro100_lh00,baseline,wait,t04_part_03,specification,4,human_queue,12.00,15.25,3.25,12.00,3.25
EXP-04B,exp04b_m06_ro100_lh00,exact,phase,t01,human_1,2,human,1.50000,2.25000,0.75000,1.50000,0.00000
EXP-04B,exp04b_m06_ro100_lh00,exact,phase,t01,agent_1,2,agent,2.25000,6.75000,4.50000,,0
EXP-04B,exp04b_m06_ro100_lh00,exact,phase,t01,human_2,2,human,6.75000,7.50000,0.75000,6.75000,0.00000
EXP-04B,exp04b_m06_ro100_lh00,exact,phase,t02,human_1,1,human,0.00000,1.50000,1.50000,0.00000,0.00000
EXP-04B,exp04b_m06_ro100_lh00,exact,phase,t02,agent_1,1,agent,1.50000,10.50000,9.00000,,0
EXP-04B,exp04b_m06_ro100_lh00,exact,phase,t02,human_2,1,human,10.50000,12.00000,1.50000,10.50000,0.00000
EXP-04B,exp04b_m06_ro100_lh00,exact,phase,t03,human_1,3,human,13.50000,15.75000,2.25000,13.50000,0.00000
EXP-04B,exp04b_m06_ro100_lh00,exact,phase,t03,agent_1,3,agent,15.75000,29.25000,13.50000,,0
EXP-04B,exp04b_m06_ro100_lh00,exact,phase,t03,human_2,3,human,31.00000,33.25000,2.25000,29.25000,1.75000
EXP-04B,exp04b_m06_ro100_lh00,exact,phase,t04_part_01,specification,1,human,17.50000,18.00000,0.50000,17.50000,0.00000
EXP-04B,exp04b_m06_ro100_lh00,exact,phase,t04_part_01,implementation,1,agent,18.00000,22.00000,4.00000,,0
EXP-04B,exp04b_m06_ro100_lh00,exact,phase,t04_part_02,specification,4,human,16.50000,17.00000,0.50000,16.50000,0.00000
EXP-04B,exp04b_m06_ro100_lh00,exact,phase,t04_part_02,implementation,4,agent,17.00000,21.00000,4.00000,,0
EXP-04B,exp04b_m06_ro100_lh00,exact,phase,t04_part_03,specification,1,human,13.00000,13.50000,0.50000,13.00000,0.00000
EXP-04B,exp04b_m06_ro100_lh00,exact,phase,t04_part_03,implementation,1,agent,13.50000,17.50000,4.00000,,0
EXP-04B,exp04b_m06_ro100_lh00,exact,phase,t04_part_04,specification,2,human,12.50000,13.00000,0.50000,12.50000,0.00000
EXP-04B,exp04b_m06_ro100_lh00,exact,phase,t04_part_04,implementation,2,agent,13.00000,17.00000,4.00000,,0
EXP-04B,exp04b_m06_ro100_lh00,exact,phase,t04_part_05,specification,4,human,12.00000,12.50000,0.50000,12.00000,0.00000
EXP-04B,exp04b_m06_ro100_lh00,exact,phase,t04_part_05,implementation,4,agent,12.50000,16.50000,4.00000,,0
EXP-04B,exp04b_m06_ro100_lh00,exact,phase,t04_part_06,specification,2,human,17.00000,17.50000,0.50000,17.00000,0.00000
EXP-04B,exp04b_m06_ro100_lh00,exact,phase,t04_part_06,implementation,2,agent,17.50000,21.50000,4.00000,,0
EXP-04B,exp04b_m06_ro100_lh00,exact,phase,t04_join,integration,2,agent,22.00000,28.00000,6.00000,,0
EXP-04B,exp04b_m06_ro100_lh00,exact,phase,t04_join,acceptance,2,human,28.00000,31.00000,3.00000,28.00000,0.00000
EXP-04B,exp04b_m06_ro100_lh00,exact,wait,t03,human_2,3,human_queue,29.25000,31.00000,1.75000,29.25000,1.75000
EXP-04B,exp04b_m06_ro100_lh05,baseline,phase,t01,human_1,2,human,1.50,2.25,0.75,0,1.50
EXP-04B,exp04b_m06_ro100_lh05,baseline,phase,t01,agent_1,2,agent,2.25,6.75,4.50,,0
EXP-04B,exp04b_m06_ro100_lh05,baseline,phase,t01,human_2,2,human,6.75,7.50,0.75,6.75,0.00
EXP-04B,exp04b_m06_ro100_lh05,baseline,phase,t02,human_1,1,human,0,1.50,1.50,0,0
EXP-04B,exp04b_m06_ro100_lh05,baseline,phase,t02,agent_1,1,agent,1.50,10.50,9.00,,0
EXP-04B,exp04b_m06_ro100_lh05,baseline,phase,t02,human_2,1,human,10.50,12.00,1.50,10.50,0.00
EXP-04B,exp04b_m06_ro100_lh05,baseline,phase,t03,human_1,1,human,12.00,14.25,2.25,12.00,0.00
EXP-04B,exp04b_m06_ro100_lh05,baseline,phase,t03,agent_1,1,agent,14.25,27.75,13.50,,0
EXP-04B,exp04b_m06_ro100_lh05,baseline,phase,t03,human_2,1,human,27.75,30.00,2.25,27.75,0.00
EXP-04B,exp04b_m06_ro100_lh05,baseline,phase,t04_part_01,specification,2,human,14.25,15.250,1.000,12.00,2.25
EXP-04B,exp04b_m06_ro100_lh05,baseline,phase,t04_part_01,implementation,2,agent,15.250,18.750,3.500,,0
EXP-04B,exp04b_m06_ro100_lh05,baseline,phase,t04_part_02,specification,3,human,15.250,16.250,1.000,12.00,3.250
EXP-04B,exp04b_m06_ro100_lh05,baseline,phase,t04_part_02,implementation,3,agent,16.250,19.750,3.500,,0
EXP-04B,exp04b_m06_ro100_lh05,baseline,phase,t04_part_03,specification,4,human,16.250,17.250,1.000,12.00,4.250
EXP-04B,exp04b_m06_ro100_lh05,baseline,phase,t04_part_03,implementation,4,agent,17.250,20.750,3.500,,0
EXP-04B,exp04b_m06_ro100_lh05,baseline,phase,t04_part_04,specification,2,human,18.750,19.750,1.000,18.750,0.000
EXP-04B,exp04b_m06_ro100_lh05,baseline,phase,t04_part_04,implementation,2,agent,19.750,23.250,3.500,,0
EXP-04B,exp04b_m06_ro100_lh05,baseline,phase,t04_part_05,specification,3,human,19.750,20.750,1.000,19.750,0.000
EXP-04B,exp04b_m06_ro100_lh05,baseline,phase,t04_part_05,implementation,3,agent,20.750,24.250,3.500,,0
EXP-04B,exp04b_m06_ro100_lh05,baseline,phase,t04_part_06,specification,4,human,20.750,21.750,1.000,20.750,0.000
EXP-04B,exp04b_m06_ro100_lh05,baseline,phase,t04_part_06,implementation,4,agent,21.750,25.250,3.500,,0
EXP-04B,exp04b_m06_ro100_lh05,baseline,phase,t04_join,integration,2,agent,25.250,28.250,3.000,,0
EXP-04B,exp04b_m06_ro100_lh05,baseline,phase,t04_join,acceptance,2,human,30.00,36.000,6.000,28.250,1.750
EXP-04B,exp04b_m06_ro100_lh05,baseline,wait,t01,human_1,2,human_queue,0,1.50,1.50,0,1.50
EXP-04B,exp04b_m06_ro100_lh05,baseline,wait,t04_part_01,specification,2,human_queue,12.00,14.25,2.25,12.00,2.25
EXP-04B,exp04b_m06_ro100_lh05,baseline,wait,t04_part_02,specification,3,human_queue,12.00,15.250,3.250,12.00,3.250
EXP-04B,exp04b_m06_ro100_lh05,baseline,wait,t04_part_03,specification,4,human_queue,12.00,16.250,4.250,12.00,4.250
EXP-04B,exp04b_m06_ro100_lh05,baseline,wait,t04_join,acceptance,2,human_queue,28.250,30.00,1.750,28.250,1.750
EXP-04B,exp04b_m06_ro100_lh05,exact,phase,t01,human_1,2,human,1.50000,2.25000,0.75000,1.50000,0.00000
EXP-04B,exp04b_m06_ro100_lh05,exact,phase,t01,agent_1,2,agent,2.25000,6.75000,4.50000,,0
EXP-04B,exp04b_m06_ro100_lh05,exact,phase,t01,human_2,2,human,6.75000,7.50000,0.75000,6.75000,0.00000
EXP-04B,exp04b_m06_ro100_lh05,exact,phase,t02,human_1,1,human,0.00000,1.50000,1.50000,0.00000,0.00000
EXP-04B,exp04b_m06_ro100_lh05,exact,phase,t02,agent_1,1,agent,1.50000,10.50000,9.00000,,0
EXP-04B,exp04b_m06_ro100_lh05,exact,phase,t02,human_2,1,human,10.50000,12.00000,1.50000,10.50000,0.00000
EXP-04B,exp04b_m06_ro100_lh05,exact,phase,t03,human_1,3,human,15.00000,17.25000,2.25000,15.00000,0.00000
EXP-04B,exp04b_m06_ro100_lh05,exact,phase,t03,agent_1,3,agent,18.75625,32.25625,13.50000,,0
EXP-04B,exp04b_m06_ro100_lh05,exact,phase,t03,human_2,3,human,32.75000,35.00000,2.25000,32.25625,0.49375
EXP-04B,exp04b_m06_ro100_lh05,exact,phase,t04_part_01,specification,1,human,13.00000,14.00000,1.00000,13.00000,0.00000
EXP-04B,exp04b_m06_ro100_lh05,exact,phase,t04_part_01,implementation,1,agent,14.00000,17.50000,3.50000,,0
EXP-04B,exp04b_m06_ro100_lh05,exact,phase,t04_part_02,specification,1,human,18.25000,19.25000,1.00000,18.25000,0.00000
EXP-04B,exp04b_m06_ro100_lh05,exact,phase,t04_part_02,implementation,1,agent,19.25000,22.75000,3.50000,,0
EXP-04B,exp04b_m06_ro100_lh05,exact,phase,t04_part_03,specification,4,human,19.25000,20.25000,1.00000,19.25000,0.00000
EXP-04B,exp04b_m06_ro100_lh05,exact,phase,t04_part_03,implementation,4,agent,20.25000,23.75000,3.50000,,0
EXP-04B,exp04b_m06_ro100_lh05,exact,phase,t04_part_04,specification,2,human,17.25000,18.25000,1.00000,17.25000,0.00000
EXP-04B,exp04b_m06_ro100_lh05,exact,phase,t04_part_04,implementation,2,agent,18.25000,21.75000,3.50000,,0
EXP-04B,exp04b_m06_ro100_lh05,exact,phase,t04_part_05,specification,4,human,14.00000,15.00000,1.00000,14.00000,0.00000
EXP-04B,exp04b_m06_ro100_lh05,exact,phase,t04_part_05,implementation,4,agent,15.00000,18.50000,3.50000,,0
EXP-04B,exp04b_m06_ro100_lh05,exact,phase,t04_part_06,specification,2,human,12.00000,13.00000,1.00000,12.00000,0.00000
EXP-04B,exp04b_m06_ro100_lh05,exact,phase,t04_part_06,implementation,2,agent,13.00625,16.50625,3.50000,,0
EXP-04B,exp04b_m06_ro100_lh05,exact,phase,t04_join,integration,2,agent,23.75000,26.75000,3.00000,,0
EXP-04B,exp04b_m06_ro100_lh05,exact,phase,t04_join,acceptance,2,human,26.75000,32.75000,6.00000,26.75000,0.00000
EXP-04B,exp04b_m06_ro100_lh05,exact,wait,t03,human_2,3,human_queue,32.25625,32.75000,0.49375,32.25625,0.49375
EXP-04B,exp04b_m06_ro100_lh10,baseline,phase,t01,human_1,2,human,1.50,2.25,0.75,0,1.50
EXP-04B,exp04b_m06_ro100_lh10,baseline,phase,t01,agent_1,2,agent,2.25,6.75,4.50,,0
EXP-04B,exp04b_m06_ro100_lh10,baseline,phase,t01,human_2,2,human,6.75,7.50,0.75,6.75,0.00
EXP-04B,exp04b_m06_ro100_lh10,baseline,phase,t02,human_1,1,human,0,1.50,1.50,0,0
EXP-04B,exp04b_m06_ro100_lh10,baseline,phase,t02,agent_1,1,agent,1.50,10.50,9.00,,0
EXP-04B,exp04b_m06_ro100_lh10,baseline,phase,t02,human_2,1,human,10.50,12.00,1.50,10.50,0.00
EXP-04B,exp04b_m06_ro100_lh10,baseline,phase,t03,human_1,1,human,12.00,14.25,2.25,12.00,0.00
EXP-04B,exp04b_m06_ro100_lh10,baseline,phase,t03,agent_1,1,agent,14.25,27.75,13.50,,0
EXP-04B,exp04b_m06_ro100_lh10,baseline,phase,t03,human_2,1,human,35.25,37.50,2.25,27.75,7.50
EXP-04B,exp04b_m06_ro100_lh10,baseline,phase,t04_part_01,specification,2,human,14.25,15.75,1.50,12.00,2.25
EXP-04B,exp04b_m06_ro100_lh10,baseline,phase,t04_part_01,implementation,2,agent,15.75,18.75,3.00,,0
EXP-04B,exp04b_m06_ro100_lh10,baseline,phase,t04_part_02,specification,3,human,15.75,17.25,1.50,12.00,3.75
EXP-04B,exp04b_m06_ro100_lh10,baseline,phase,t04_part_02,implementation,3,agent,17.25,20.25,3.00,,0
EXP-04B,exp04b_m06_ro100_lh10,baseline,phase,t04_part_03,specification,4,human,17.25,18.75,1.50,12.00,5.25
EXP-04B,exp04b_m06_ro100_lh10,baseline,phase,t04_part_03,implementation,4,agent,18.75,21.75,3.00,,0
EXP-04B,exp04b_m06_ro100_lh10,baseline,phase,t04_part_04,specification,2,human,18.75,20.25,1.50,18.75,0.00
EXP-04B,exp04b_m06_ro100_lh10,baseline,phase,t04_part_04,implementation,2,agent,20.25,23.25,3.00,,0
EXP-04B,exp04b_m06_ro100_lh10,baseline,phase,t04_part_05,specification,3,human,20.25,21.75,1.50,20.25,0.00
EXP-04B,exp04b_m06_ro100_lh10,baseline,phase,t04_part_05,implementation,3,agent,21.75,24.75,3.00,,0
EXP-04B,exp04b_m06_ro100_lh10,baseline,phase,t04_part_06,specification,4,human,21.75,23.25,1.50,21.75,0.00
EXP-04B,exp04b_m06_ro100_lh10,baseline,phase,t04_part_06,implementation,4,agent,23.25,26.25,3.00,,0
EXP-04B,exp04b_m06_ro100_lh10,baseline,phase,t04_join,acceptance,2,human,26.25,35.25,9.00,26.25,0.00
EXP-04B,exp04b_m06_ro100_lh10,baseline,wait,t01,human_1,2,human_queue,0,1.50,1.50,0,1.50
EXP-04B,exp04b_m06_ro100_lh10,baseline,wait,t03,human_2,1,human_queue,27.75,35.25,7.50,27.75,7.50
EXP-04B,exp04b_m06_ro100_lh10,baseline,wait,t04_part_01,specification,2,human_queue,12.00,14.25,2.25,12.00,2.25
EXP-04B,exp04b_m06_ro100_lh10,baseline,wait,t04_part_02,specification,3,human_queue,12.00,15.75,3.75,12.00,3.75
EXP-04B,exp04b_m06_ro100_lh10,baseline,wait,t04_part_03,specification,4,human_queue,12.00,17.25,5.25,12.00,5.25
EXP-04B,exp04b_m06_ro100_lh10,exact,phase,t01,human_1,2,human,1.50000,2.25000,0.75000,1.50000,0.00000
EXP-04B,exp04b_m06_ro100_lh10,exact,phase,t01,agent_1,2,agent,2.25000,6.75000,4.50000,,0
EXP-04B,exp04b_m06_ro100_lh10,exact,phase,t01,human_2,2,human,6.75000,7.50000,0.75000,6.75000,0.00000
EXP-04B,exp04b_m06_ro100_lh10,exact,phase,t02,human_1,1,human,0.00000,1.50000,1.50000,0.00000,0.00000
EXP-04B,exp04b_m06_ro100_lh10,exact,phase,t02,agent_1,1,agent,1.50000,10.50000,9.00000,,0
EXP-04B,exp04b_m06_ro100_lh10,exact,phase,t02,human_2,1,human,10.50000,12.00000,1.50000,10.50000,0.00000
EXP-04B,exp04b_m06_ro100_lh10,exact,phase,t03,human_1,4,human,16.50000,18.75000,2.25000,16.50000,0.00000
EXP-04B,exp04b_m06_ro100_lh10,exact,phase,t03,agent_1,4,agent,18.75000,32.25000,13.50000,,0
EXP-04B,exp04b_m06_ro100_lh10,exact,phase,t03,human_2,4,human,35.25000,37.50000,2.25000,32.25000,3.00000
EXP-04B,exp04b_m06_ro100_lh10,exact,phase,t04_part_01,specification,2,human,21.75000,23.25000,1.50000,21.75000,0.00000
EXP-04B,exp04b_m06_ro100_lh10,exact,phase,t04_part_01,implementation,2,agent,23.25000,26.25000,3.00000,,0
EXP-04B,exp04b_m06_ro100_lh10,exact,phase,t04_part_02,specification,3,human,18.75000,20.25000,1.50000,18.75000,0.00000
EXP-04B,exp04b_m06_ro100_lh10,exact,phase,t04_part_02,implementation,3,agent,20.25000,23.25000,3.00000,,0
EXP-04B,exp04b_m06_ro100_lh10,exact,phase,t04_part_03,specification,3,human,13.50000,15.00000,1.50000,13.50000,0.00000
EXP-04B,exp04b_m06_ro100_lh10,exact,phase,t04_part_03,implementation,3,agent,15.00000,18.00000,3.00000,,0
EXP-04B,exp04b_m06_ro100_lh10,exact,phase,t04_part_04,specification,1,human,20.25000,21.75000,1.50000,20.25000,0.00000
EXP-04B,exp04b_m06_ro100_lh10,exact,phase,t04_part_04,implementation,1,agent,21.75000,24.75000,3.00000,,0
EXP-04B,exp04b_m06_ro100_lh10,exact,phase,t04_part_05,specification,2,human,15.00000,16.50000,1.50000,15.00000,0.00000
EXP-04B,exp04b_m06_ro100_lh10,exact,phase,t04_part_05,implementation,2,agent,16.50000,19.50000,3.00000,,0
EXP-04B,exp04b_m06_ro100_lh10,exact,phase,t04_part_06,specification,1,human,12.00000,13.50000,1.50000,12.00000,0.00000
EXP-04B,exp04b_m06_ro100_lh10,exact,phase,t04_part_06,implementation,1,agent,13.50000,16.50000,3.00000,,0
EXP-04B,exp04b_m06_ro100_lh10,exact,phase,t04_join,acceptance,1,human,26.25000,35.25000,9.00000,26.25000,0.00000
EXP-04B,exp04b_m06_ro100_lh10,exact,wait,t03,human_2,4,human_queue,32.25000,35.25000,3.00000,32.25000,3.00000
EXP-04B,exp04b_m06_ro200_lh00,baseline,phase,t01,human_1,2,human,1.50,2.25,0.75,0,1.50
EXP-04B,exp04b_m06_ro200_lh00,baseline,phase,t01,agent_1,2,agent,2.25,6.75,4.50,,0
EXP-04B,exp04b_m06_ro200_lh00,baseline,phase,t01,human_2,2,human,6.75,7.50,0.75,6.75,0.00
EXP-04B,exp04b_m06_ro200_lh00,baseline,phase,t02,human_1,1,human,0,1.50,1.50,0,0
EXP-04B,exp04b_m06_ro200_lh00,baseline,phase,t02,agent_1,1,agent,1.50,10.50,9.00,,0
EXP-04B,exp04b_m06_ro200_lh00,baseline,phase,t02,human_2,1,human,10.50,12.00,1.50,10.50,0.00
EXP-04B,exp04b_m06_ro200_lh00,baseline,phase,t03,human_1,3,human,18.50,20.75,2.25,18.50,0.00
EXP-04B,exp04b_m06_ro200_lh00,baseline,phase,t03,agent_1,3,agent,20.75,34.25,13.50,,0
EXP-04B,exp04b_m06_ro200_lh00,baseline,phase,t03,human_2,3,human,34.25,36.50,2.25,34.25,0.00
EXP-04B,exp04b_m06_ro200_lh00,baseline,phase,t04_part_01,specification,1,human,12.00,12.50,0.50,12.00,0.00
EXP-04B,exp04b_m06_ro200_lh00,baseline,phase,t04_part_01,implementation,1,agent,12.50,17.50,5.00,,0
EXP-04B,exp04b_m06_ro200_lh00,baseline,phase,t04_part_02,specification,2,human,12.50,13.00,0.50,12.00,0.50
EXP-04B,exp04b_m06_ro200_lh00,baseline,phase,t04_part_02,implementation,2,agent,13.00,18.00,5.00,,0
EXP-04B,exp04b_m06_ro200_lh00,baseline,phase,t04_part_03,specification,3,human,13.00,13.50,0.50,12.00,1.00
EXP-04B,exp04b_m06_ro200_lh00,baseline,phase,t04_part_03,implementation,3,agent,13.50,18.50,5.00,,0
EXP-04B,exp04b_m06_ro200_lh00,baseline,phase,t04_part_04,specification,4,human,13.50,14.00,0.50,12.00,1.50
EXP-04B,exp04b_m06_ro200_lh00,baseline,phase,t04_part_04,implementation,4,agent,14.00,19.00,5.00,,0
EXP-04B,exp04b_m06_ro200_lh00,baseline,phase,t04_part_05,specification,1,human,17.50,18.00,0.50,17.50,0.00
EXP-04B,exp04b_m06_ro200_lh00,baseline,phase,t04_part_05,implementation,1,agent,18.00,23.00,5.00,,0
EXP-04B,exp04b_m06_ro200_lh00,baseline,phase,t04_part_06,specification,2,human,18.00,18.50,0.50,18.00,0.00
EXP-04B,exp04b_m06_ro200_lh00,baseline,phase,t04_part_06,implementation,2,agent,18.50,23.50,5.00,,0
EXP-04B,exp04b_m06_ro200_lh00,baseline,phase,t04_join,integration,1,agent,23.50,35.50,12.00,,0
EXP-04B,exp04b_m06_ro200_lh00,baseline,phase,t04_join,acceptance,1,human,36.50,39.50,3.00,35.50,1.00
EXP-04B,exp04b_m06_ro200_lh00,baseline,wait,t01,human_1,2,human_queue,0,1.50,1.50,0,1.50
EXP-04B,exp04b_m06_ro200_lh00,baseline,wait,t04_part_02,specification,2,human_queue,12.00,12.50,0.50,12.00,0.50
EXP-04B,exp04b_m06_ro200_lh00,baseline,wait,t04_part_03,specification,3,human_queue,12.00,13.00,1.00,12.00,1.00
EXP-04B,exp04b_m06_ro200_lh00,baseline,wait,t04_part_04,specification,4,human_queue,12.00,13.50,1.50,12.00,1.50
EXP-04B,exp04b_m06_ro200_lh00,baseline,wait,t04_join,acceptance,1,human_queue,35.50,36.50,1.00,35.50,1.00
EXP-04B,exp04b_m06_ro200_lh00,exact,phase,t01,human_1,2,human,1.50000,2.25000,0.75000,1.50000,0.00000
EXP-04B,exp04b_m06_ro200_lh00,exact,phase,t01,agent_1,2,agent,2.25000,6.75000,4.50000,,0
EXP-04B,exp04b_m06_ro200_lh00,exact,phase,t01,human_2,2,human,6.75000,7.50000,0.75000,6.75000,0.00000
EXP-04B,exp04b_m06_ro200_lh00,exact,phase,t02,human_1,1,human,0.00000,1.50000,1.50000,0.00000,0.00000
EXP-04B,exp04b_m06_ro200_lh00,exact,phase,t02,agent_1,1,agent,1.50000,10.50000,9.00000,,0
EXP-04B,exp04b_m06_ro200_lh00,exact,phase,t02,human_2,1,human,10.50000,12.00000,1.50000,10.50000,0.00000
EXP-04B,exp04b_m06_ro200_lh00,exact,phase,t03,human_1,4,human,13.50000,15.75000,2.25000,13.50000,0.00000
EXP-04B,exp04b_m06_ro200_lh00,exact,phase,t03,agent_1,4,agent,15.75000,29.25000,13.50000,,0
EXP-04B,exp04b_m06_ro200_lh00,exact,phase,t03,human_2,4,human,29.25000,31.50000,2.25000,29.25000,0.00000
EXP-04B,exp04b_m06_ro200_lh00,exact,phase,t04_part_01,specification,1,human,12.00000,12.50000,0.50000,12.00000,0.00000
EXP-04B,exp04b_m06_ro200_lh00,exact,phase,t04_part_01,implementation,1,agent,12.50000,17.50000,5.00000,,0
EXP-04B,exp04b_m06_ro200_lh00,exact,phase,t04_part_02,specification,1,human,17.50000,18.00000,0.50000,17.50000,0.00000
EXP-04B,exp04b_m06_ro200_lh00,exact,phase,t04_part_02,implementation,1,agent,18.00000,23.00000,5.00000,,0
EXP-04B,exp04b_m06_ro200_lh00,exact,phase,t04_part_03,specification,2,human,12.50000,13.00000,0.50000,12.50000,0.00000
EXP-04B,exp04b_m06_ro200_lh00,exact,phase,t04_part_03,implementation,2,agent,13.00000,18.00000,5.00000,,0
EXP-04B,exp04b_m06_ro200_lh00,exact,phase,t04_part_04,specification,3,human,18.50000,19.00000,0.50000,18.50000,0.00000
EXP-04B,exp04b_m06_ro200_lh00,exact,phase,t04_part_04,implementation,3,agent,19.00000,24.00000,5.00000,,0
EXP-04B,exp04b_m06_ro200_lh00,exact,phase,t04_part_05,specification,2,human,18.00000,18.50000,0.50000,18.00000,0.00000
EXP-04B,exp04b_m06_ro200_lh00,exact,phase,t04_part_05,implementation,2,agent,18.50000,23.50000,5.00000,,0
EXP-04B,exp04b_m06_ro200_lh00,exact,phase,t04_part_06,specification,3,human,13.00000,13.50000,0.50000,13.00000,0.00000
EXP-04B,exp04b_m06_ro200_lh00,exact,phase,t04_part_06,implementation,3,agent,13.50000,18.50000,5.00000,,0
EXP-04B,exp04b_m06_ro200_lh00,exact,phase,t04_join,integration,1,agent,24.00000,36.00000,12.00000,,0
EXP-04B,exp04b_m06_ro200_lh00,exact,phase,t04_join,acceptance,1,human,36.00000,39.00000,3.00000,36.00000,0.00000
EXP-04B,exp04b_m06_ro200_lh05,baseline,phase,t01,human_1,2,human,1.50,2.25,0.75,0,1.50
EXP-04B,exp04b_m06_ro200_lh05,baseline,phase,t01,agent_1,2,agent,2.25,6.75,4.50,,0
EXP-04B,exp04b_m06_ro200_lh05,baseline,phase,t01,human_2,2,human,6.75,7.50,0.75,6.75,0.00
EXP-04B,exp04b_m06_ro200_lh05,baseline,phase,t02,human_1,1,human,0,1.50,1.50,0,0
EXP-04B,exp04b_m06_ro200_lh05,baseline,phase,t02,agent_1,1,agent,1.50,10.50,9.00,,0
EXP-04B,exp04b_m06_ro200_lh05,baseline,phase,t02,human_2,1,human,10.50,12.00,1.50,10.50,0.00
EXP-04B,exp04b_m06_ro200_lh05,baseline,phase,t03,human_1,3,human,21.000,23.250,2.250,20.500,0.500
EXP-04B,exp04b_m06_ro200_lh05,baseline,phase,t03,agent_1,3,agent,23.250,36.750,13.500,,0
EXP-04B,exp04b_m06_ro200_lh05,baseline,phase,t03,human_2,3,human,40.000,42.250,2.250,36.750,3.250
EXP-04B,exp04b_m06_ro200_lh05,baseline,phase,t04_part_01,specification,1,human,12.00,13.500,1.500,12.00,0.00
EXP-04B,exp04b_m06_ro200_lh05,baseline,phase,t04_part_01,implementation,1,agent,13.500,17.500,4.000,,0
EXP-04B,exp04b_m06_ro200_lh05,baseline,phase,t04_part_02,specification,2,human,13.500,15.000,1.500,12.00,1.500
EXP-04B,exp04b_m06_ro200_lh05,baseline,phase,t04_part_02,implementation,2,agent,15.000,19.000,4.000,,0
EXP-04B,exp04b_m06_ro200_lh05,baseline,phase,t04_part_03,specification,3,human,15.000,16.500,1.500,12.00,3.000
EXP-04B,exp04b_m06_ro200_lh05,baseline,phase,t04_part_03,implementation,3,agent,16.500,20.500,4.000,,0
EXP-04B,exp04b_m06_ro200_lh05,baseline,phase,t04_part_04,specification,4,human,16.500,18.000,1.500,12.00,4.500
EXP-04B,exp04b_m06_ro200_lh05,baseline,phase,t04_part_04,implementation,4,agent,18.000,22.000,4.000,,0
EXP-04B,exp04b_m06_ro200_lh05,baseline,phase,t04_part_05,specification,1,human,18.000,19.500,1.500,17.500,0.500
EXP-04B,exp04b_m06_ro200_lh05,baseline,phase,t04_part_05,implementation,1,agent,19.500,23.500,4.000,,0
EXP-04B,exp04b_m06_ro200_lh05,baseline,phase,t04_part_06,specification,2,human,19.500,21.000,1.500,19.000,0.500
EXP-04B,exp04b_m06_ro200_lh05,baseline,phase,t04_part_06,implementation,2,agent,21.000,25.000,4.000,,0
EXP-04B,exp04b_m06_ro200_lh05,baseline,phase,t04_join,integration,1,agent,25.000,31.000,6.000,,0
EXP-04B,exp04b_m06_ro200_lh05,baseline,phase,t04_join,acceptance,1,human,31.000,40.000,9.000,31.000,0.000
EXP-04B,exp04b_m06_ro200_lh05,baseline,wait,t01,human_1,2,human_queue,0,1.50,1.50,0,1.50
EXP-04B,exp04b_m06_ro200_lh05,baseline,wait,t03,human_1,3,human_queue,20.500,21.000,0.500,20.500,0.500
EXP-04B,exp04b_m06_ro200_lh05,baseline,wait,t03,human_2,3,human_queue,36.750,40.000,3.250,36.750,3.250
EXP-04B,exp04b_m06_ro200_lh05,baseline,wait,t04_part_02,specification,2,human_queue,12.00,13.500,1.500,12.00,1.500
EXP-04B,exp04b_m06_ro200_lh05,baseline,wait,t04_part_03,specification,3,human_queue,12.00,15.000,3.000,12.00,3.000
EXP-04B,exp04b_m06_ro200_lh05,baseline,wait,t04_part_04,specification,4,human_queue,12.00,16.500,4.500,12.00,4.500
EXP-04B,exp04b_m06_ro200_lh05,baseline,wait,t04_part_05,specification,1,human_queue,17.500,18.000,0.500,17.500,0.500
EXP-04B,exp04b_m06_ro200_lh05,baseline,wait,t04_part_06,specification,2,human_queue,19.000,19.500,0.500,19.000,0.500
EXP-04B,exp04b_m06_ro200_lh05,exact,phase,t01,human_1,2,human,1.50000,2.25000,0.75000,1.50000,0.00000
EXP-04B,exp04b_m06_ro200_lh05,exact,phase,t01,agent_1,2,agent,2.25000,6.75000,4.50000,,0
EXP-04B,exp04b_m06_ro200_lh05,exact,phase,t01,human_2,2,human,6.75000,7.50000,0.75000,6.75000,0.00000
EXP-04B,exp04b_m06_ro200_lh05,exact,phase,t02,human_1,1,human,0.00000,1.50000,1.50000,0.00000,0.00000
EXP-04B,exp04b_m06_ro200_lh05,exact,phase,t02,agent_1,1,agent,1.50000,10.50000,9.00000,,0
EXP-04B,exp04b_m06_ro200_lh05,exact,phase,t02,human_2,1,human,10.50000,12.00000,1.50000,10.50000,0.00000
EXP-04B,exp04b_m06_ro200_lh05,exact,phase,t03,human_1,4,human,22.00000,24.25000,2.25000,22.00000,0.00000
EXP-04B,exp04b_m06_ro200_lh05,exact,phase,t03,agent_1,4,agent,24.25000,37.75000,13.50000,,0
EXP-04B,exp04b_m06_ro200_lh05,exact,phase,t03,human_2,4,human,40.00000,42.25000,2.25000,37.75000,2.25000
EXP-04B,exp04b_m06_ro200_lh05,exact,phase,t04_part_01,specification,1,human,15.00000,16.50000,1.50000,15.00000,0.00000
EXP-04B,exp04b_m06_ro200_lh05,exact,phase,t04_part_01,implementation,1,agent,16.50000,20.50000,4.00000,,0
EXP-04B,exp04b_m06_ro200_lh05,exact,phase,t04_part_02,specification,2,human,12.00000,13.50000,1.50000,12.00000,0.00000
EXP-04B,exp04b_m06_ro200_lh05,exact,phase,t04_part_02,implementation,2,agent,13.50000,17.50000,4.00000,,0
EXP-04B,exp04b_m06_ro200_lh05,exact,phase,t04_part_03,specification,3,human,19.50000,21.00000,1.50000,19.50000,0.00000
EXP-04B,exp04b_m06_ro200_lh05,exact,phase,t04_part_03,implementation,3,agent,21.00000,25.00000,4.00000,,0
EXP-04B,exp04b_m06_ro200_lh05,exact,phase,t04_part_04,specification,2,human,18.00000,19.50000,1.50000,18.00000,0.00000
EXP-04B,exp04b_m06_ro200_lh05,exact,phase,t04_part_04,implementation,2,agent,19.50000,23.50000,4.00000,,0
EXP-04B,exp04b_m06_ro200_lh05,exact,phase,t04_part_05,specification,3,human,13.50000,15.00000,1.50000,13.50000,0.00000
EXP-04B,exp04b_m06_ro200_lh05,exact,phase,t04_part_05,implementation,3,agent,15.00000,19.00000,4.00000,,0
EXP-04B,exp04b_m06_ro200_lh05,exact,phase,t04_part_06,specification,4,human,16.50000,18.00000,1.50000,16.50000,0.00000
EXP-04B,exp04b_m06_ro200_lh05,exact,phase,t04_part_06,implementation,4,agent,18.00000,22.00000,4.00000,,0
EXP-04B,exp04b_m06_ro200_lh05,exact,phase,t04_join,integration,1,agent,25.00000,31.00000,6.00000,,0
EXP-04B,exp04b_m06_ro200_lh05,exact,phase,t04_join,acceptance,1,human,31.00000,40.00000,9.00000,31.00000,0.00000
EXP-04B,exp04b_m06_ro200_lh05,exact,wait,t03,human_2,4,human_queue,37.75000,40.00000,2.25000,37.75000,2.25000
EXP-04B,exp04b_m06_ro200_lh10,baseline,phase,t01,human_1,2,human,1.50,2.25,0.75,0,1.50
EXP-04B,exp04b_m06_ro200_lh10,baseline,phase,t01,agent_1,2,agent,2.25,6.75,4.50,,0
EXP-04B,exp04b_m06_ro200_lh10,baseline,phase,t01,human_2,2,human,6.75,7.50,0.75,6.75,0.00
EXP-04B,exp04b_m06_ro200_lh10,baseline,phase,t02,human_1,1,human,0,1.50,1.50,0,0
EXP-04B,exp04b_m06_ro200_lh10,baseline,phase,t02,agent_1,1,agent,1.50,10.50,9.00,,0
EXP-04B,exp04b_m06_ro200_lh10,baseline,phase,t02,human_2,1,human,10.50,12.00,1.50,10.50,0.00
EXP-04B,exp04b_m06_ro200_lh10,baseline,phase,t03,human_1,3,human,27.00,29.25,2.25,22.50,4.50
EXP-04B,exp04b_m06_ro200_lh10,baseline,phase,t03,agent_1,3,agent,29.25,42.75,13.50,,0
EXP-04B,exp04b_m06_ro200_lh10,baseline,phase,t03,human_2,3,human,45.00,47.25,2.25,42.75,2.25
EXP-04B,exp04b_m06_ro200_lh10,baseline,phase,t04_part_01,specification,1,human,12.00,14.50,2.50,12.00,0.00
EXP-04B,exp04b_m06_ro200_lh10,baseline,phase,t04_part_01,implementation,1,agent,14.50,17.50,3.00,,0
EXP-04B,exp04b_m06_ro200_lh10,baseline,phase,t04_part_02,specification,2,human,14.50,17.00,2.50,12.00,2.50
EXP-04B,exp04b_m06_ro200_lh10,baseline,phase,t04_part_02,implementation,2,agent,17.00,20.00,3.00,,0
EXP-04B,exp04b_m06_ro200_lh10,baseline,phase,t04_part_03,specification,3,human,17.00,19.50,2.50,12.00,5.00
EXP-04B,exp04b_m06_ro200_lh10,baseline,phase,t04_part_03,implementation,3,agent,19.50,22.50,3.00,,0
EXP-04B,exp04b_m06_ro200_lh10,baseline,phase,t04_part_04,specification,4,human,19.50,22.00,2.50,12.00,7.50
EXP-04B,exp04b_m06_ro200_lh10,baseline,phase,t04_part_04,implementation,4,agent,22.00,25.00,3.00,,0
EXP-04B,exp04b_m06_ro200_lh10,baseline,phase,t04_part_05,specification,1,human,22.00,24.50,2.50,17.50,4.50
EXP-04B,exp04b_m06_ro200_lh10,baseline,phase,t04_part_05,implementation,1,agent,24.50,27.50,3.00,,0
EXP-04B,exp04b_m06_ro200_lh10,baseline,phase,t04_part_06,specification,2,human,24.50,27.00,2.50,20.00,4.50
EXP-04B,exp04b_m06_ro200_lh10,baseline,phase,t04_part_06,implementation,2,agent,27.00,30.00,3.00,,0
EXP-04B,exp04b_m06_ro200_lh10,baseline,phase,t04_join,acceptance,1,human,30.00,45.00,15.00,30.00,0.00
EXP-04B,exp04b_m06_ro200_lh10,baseline,wait,t01,human_1,2,human_queue,0,1.50,1.50,0,1.50
EXP-04B,exp04b_m06_ro200_lh10,baseline,wait,t03,human_1,3,human_queue,22.50,27.00,4.50,22.50,4.50
EXP-04B,exp04b_m06_ro200_lh10,baseline,wait,t03,human_2,3,human_queue,42.75,45.00,2.25,42.75,2.25
EXP-04B,exp04b_m06_ro200_lh10,baseline,wait,t04_part_02,specification,2,human_queue,12.00,14.50,2.50,12.00,2.50
EXP-04B,exp04b_m06_ro200_lh10,baseline,wait,t04_part_03,specification,3,human_queue,12.00,17.00,5.00,12.00,5.00
EXP-04B,exp04b_m06_ro200_lh10,baseline,wait,t04_part_04,specification,4,human_queue,12.00,19.50,7.50,12.00,7.50
EXP-04B,exp04b_m06_ro200_lh10,baseline,wait,t04_part_05,specification,1,human_queue,17.50,22.00,4.50,17.50,4.50
EXP-04B,exp04b_m06_ro200_lh10,baseline,wait,t04_part_06,specification,2,human_queue,20.00,24.50,4.50,20.00,4.50
EXP-04B,exp04b_m06_ro200_lh10,exact,phase,t01,human_1,2,human,1.50000,2.25000,0.75000,1.50000,0.00000
EXP-04B,exp04b_m06_ro200_lh10,exact,phase,t01,agent_1,2,agent,2.25000,6.75000,4.50000,,0
EXP-04B,exp04b_m06_ro200_lh10,exact,phase,t01,human_2,2,human,6.75000,7.50000,0.75000,6.75000,0.00000
EXP-04B,exp04b_m06_ro200_lh10,exact,phase,t02,human_1,1,human,0.00000,1.50000,1.50000,0.00000,0.00000
EXP-04B,exp04b_m06_ro200_lh10,exact,phase,t02,agent_1,1,agent,1.50000,10.50000,9.00000,,0
EXP-04B,exp04b_m06_ro200_lh10,exact,phase,t02,human_2,1,human,10.50000,12.00000,1.50000,10.50000,0.00000
EXP-04B,exp04b_m06_ro200_lh10,exact,phase,t03,human_1,4,human,12.00000,14.25000,2.25000,12.00000,0.00000
EXP-04B,exp04b_m06_ro200_lh10,exact,phase,t03,agent_1,4,agent,14.25000,27.75000,13.50000,,0
EXP-04B,exp04b_m06_ro200_lh10,exact,phase,t03,human_2,4,human,29.25000,31.50000,2.25000,27.75000,1.50000
EXP-04B,exp04b_m06_ro200_lh10,exact,phase,t04_part_01,specification,3,human,24.25000,26.75000,2.50000,24.25000,0.00000
EXP-04B,exp04b_m06_ro200_lh10,exact,phase,t04_part_01,implementation,3,agent,26.75000,29.75000,3.00000,,0
EXP-04B,exp04b_m06_ro200_lh10,exact,phase,t04_part_02,specification,3,human,16.75000,19.25000,2.50000,16.75000,0.00000
EXP-04B,exp04b_m06_ro200_lh10,exact,phase,t04_part_02,implementation,3,agent,19.25000,22.25000,3.00000,,0
EXP-04B,exp04b_m06_ro200_lh10,exact,phase,t04_part_03,specification,2,human,14.25000,16.75000,2.50000,14.25000,0.00000
EXP-04B,exp04b_m06_ro200_lh10,exact,phase,t04_part_03,implementation,2,agent,16.75000,19.75000,3.00000,,0
EXP-04B,exp04b_m06_ro200_lh10,exact,phase,t04_part_04,specification,2,human,21.75000,24.25000,2.50000,21.75000,0.00000
EXP-04B,exp04b_m06_ro200_lh10,exact,phase,t04_part_04,implementation,2,agent,24.25000,27.25000,3.00000,,0
EXP-04B,exp04b_m06_ro200_lh10,exact,phase,t04_part_05,specification,1,human,19.25000,21.75000,2.50000,19.25000,0.00000
EXP-04B,exp04b_m06_ro200_lh10,exact,phase,t04_part_05,implementation,1,agent,21.75000,24.75000,3.00000,,0
EXP-04B,exp04b_m06_ro200_lh10,exact,phase,t04_part_06,specification,1,human,26.75000,29.25000,2.50000,26.75000,0.00000
EXP-04B,exp04b_m06_ro200_lh10,exact,phase,t04_part_06,implementation,1,agent,29.25000,32.25000,3.00000,,0
EXP-04B,exp04b_m06_ro200_lh10,exact,phase,t04_join,acceptance,1,human,32.25000,47.25000,15.00000,32.25000,0.00000
EXP-04B,exp04b_m06_ro200_lh10,exact,wait,t03,human_2,4,human_queue,27.75000,29.25000,1.50000,27.75000,1.50000
EXP-04B,exp04b_m08_ro000_lh00,baseline,phase,t01,human_1,2,human,1.50,2.25,0.75,0,1.50
EXP-04B,exp04b_m08_ro000_lh00,baseline,phase,t01,agent_1,2,agent,2.25,6.75,4.50,,0
EXP-04B,exp04b_m08_ro000_lh00,baseline,phase,t01,human_2,2,human,6.75,7.50,0.75,6.75,0.00
EXP-04B,exp04b_m08_ro000_lh00,baseline,phase,t02,human_1,1,human,0,1.50,1.50,0,0
EXP-04B,exp04b_m08_ro000_lh00,baseline,phase,t02,agent_1,1,agent,1.50,10.50,9.00,,0
EXP-04B,exp04b_m08_ro000_lh00,baseline,phase,t02,human_2,1,human,10.50,12.00,1.50,10.50,0.00
EXP-04B,exp04b_m08_ro000_lh00,baseline,phase,t03,human_1,1,human,12.00,14.25,2.25,12.00,0.00
EXP-04B,exp04b_m08_ro000_lh00,baseline,phase,t03,agent_1,1,agent,14.25,27.75,13.50,,0
EXP-04B,exp04b_m08_ro000_lh00,baseline,phase,t03,human_2,1,human,27.75,30.00,2.25,27.75,0.00
EXP-04B,exp04b_m08_ro000_lh00,baseline,phase,t04_part_01,specification,2,human,14.25,14.625,0.375,12.00,2.25
EXP-04B,exp04b_m08_ro000_lh00,baseline,phase,t04_part_01,implementation,2,agent,14.625,16.875,2.250,,0
EXP-04B,exp04b_m08_ro000_lh00,baseline,phase,t04_part_02,specification,3,human,14.625,15.000,0.375,12.00,2.625
EXP-04B,exp04b_m08_ro000_lh00,baseline,phase,t04_part_02,implementation,3,agent,15.000,17.250,2.250,,0
EXP-04B,exp04b_m08_ro000_lh00,baseline,phase,t04_part_03,specification,4,human,15.000,15.375,0.375,12.00,3.000
EXP-04B,exp04b_m08_ro000_lh00,baseline,phase,t04_part_03,implementation,4,agent,15.375,17.625,2.250,,0
EXP-04B,exp04b_m08_ro000_lh00,baseline,phase,t04_part_04,specification,2,human,16.875,17.250,0.375,16.875,0.000
EXP-04B,exp04b_m08_ro000_lh00,baseline,phase,t04_part_04,implementation,2,agent,17.250,19.500,2.250,,0
EXP-04B,exp04b_m08_ro000_lh00,baseline,phase,t04_part_05,specification,3,human,17.250,17.625,0.375,17.250,0.000
EXP-04B,exp04b_m08_ro000_lh00,baseline,phase,t04_part_05,implementation,3,agent,17.625,19.875,2.250,,0
EXP-04B,exp04b_m08_ro000_lh00,baseline,phase,t04_part_06,specification,4,human,17.625,18.000,0.375,17.625,0.000
EXP-04B,exp04b_m08_ro000_lh00,baseline,phase,t04_part_06,implementation,4,agent,18.000,20.250,2.250,,0
EXP-04B,exp04b_m08_ro000_lh00,baseline,phase,t04_part_07,specification,2,human,19.500,19.875,0.375,19.500,0.000
EXP-04B,exp04b_m08_ro000_lh00,baseline,phase,t04_part_07,implementation,2,agent,19.875,22.125,2.250,,0
EXP-04B,exp04b_m08_ro000_lh00,baseline,phase,t04_part_08,specification,3,human,19.875,20.250,0.375,19.875,0.000
EXP-04B,exp04b_m08_ro000_lh00,baseline,phase,t04_part_08,implementation,3,agent,20.250,22.500,2.250,,0
EXP-04B,exp04b_m08_ro000_lh00,baseline,phase,t04_join,acceptance,2,human,22.500,25.500,3.000,22.500,0.000
EXP-04B,exp04b_m08_ro000_lh00,baseline,wait,t01,human_1,2,human_queue,0,1.50,1.50,0,1.50
EXP-04B,exp04b_m08_ro000_lh00,baseline,wait,t04_part_01,specification,2,human_queue,12.00,14.25,2.25,12.00,2.25
EXP-04B,exp04b_m08_ro000_lh00,baseline,wait,t04_part_02,specification,3,human_queue,12.00,14.625,2.625,12.00,2.625
EXP-04B,exp04b_m08_ro000_lh00,baseline,wait,t04_part_03,specification,4,human_queue,12.00,15.000,3.000,12.00,3.000
EXP-04B,exp04b_m08_ro000_lh00,exact,phase,t01,human_1,2,human,1.50000,2.25000,0.75000,1.50000,0.00000
EXP-04B,exp04b_m08_ro000_lh00,exact,phase,t01,agent_1,2,agent,2.25000,6.75000,4.50000,,0
EXP-04B,exp04b_m08_ro000_lh00,exact,phase,t01,human_2,2,human,6.75000,7.50000,0.75000,6.75000,0.00000
EXP-04B,exp04b_m08_ro000_lh00,exact,phase,t02,human_1,1,human,0.00000,1.50000,1.50000,0.00000,0.00000
EXP-04B,exp04b_m08_ro000_lh00,exact,phase,t02,agent_1,1,agent,1.50000,10.50000,9.00000,,0
EXP-04B,exp04b_m08_ro000_lh00,exact,phase,t02,human_2,1,human,10.50000,12.00000,1.50000,10.50000,0.00000
EXP-04B,exp04b_m08_ro000_lh00,exact,phase,t03,human_1,2,human,12.00000,14.25000,2.25000,12.00000,0.00000
EXP-04B,exp04b_m08_ro000_lh00,exact,phase,t03,agent_1,2,agent,14.25000,27.75000,13.50000,,0
EXP-04B,exp04b_m08_ro000_lh00,exact,phase,t03,human_2,2,human,27.75000,30.00000,2.25000,27.75000,0.00000
EXP-04B,exp04b_m08_ro000_lh00,exact,phase,t04_part_01,specification,4,human,19.87500,20.25000,0.37500,19.87500,0.00000
EXP-04B,exp04b_m08_ro000_lh00,exact,phase,t04_part_01,implementation,4,agent,20.25000,22.50000,2.25000,,0
EXP-04B,exp04b_m08_ro000_lh00,exact,phase,t04_part_02,specification,4,human,17.25000,17.62500,0.37500,17.25000,0.00000
EXP-04B,exp04b_m08_ro000_lh00,exact,phase,t04_part_02,implementation,4,agent,17.62500,19.87500,2.25000,,0
EXP-04B,exp04b_m08_ro000_lh00,exact,phase,t04_part_03,specification,1,human,19.50000,19.87500,0.37500,19.50000,0.00000
EXP-04B,exp04b_m08_ro000_lh00,exact,phase,t04_part_03,implementation,1,agent,19.87500,22.12500,2.25000,,0
EXP-04B,exp04b_m08_ro000_lh00,exact,phase,t04_part_04,specification,1,human,14.25000,14.62500,0.37500,14.25000,0.00000
EXP-04B,exp04b_m08_ro000_lh00,exact,phase,t04_part_04,implementation,1,agent,14.62500,16.87500,2.25000,,0
EXP-04B,exp04b_m08_ro000_lh00,exact,phase,t04_part_05,specification,3,human,15.00000,15.37500,0.37500,15.00000,0.00000
EXP-04B,exp04b_m08_ro000_lh00,exact,phase,t04_part_05,implementation,3,agent,15.37500,17.62500,2.25000,,0
EXP-04B,exp04b_m08_ro000_lh00,exact,phase,t04_part_06,specification,1,human,16.87500,17.25000,0.37500,16.87500,0.00000
EXP-04B,exp04b_m08_ro000_lh00,exact,phase,t04_part_06,implementation,1,agent,17.25000,19.50000,2.25000,,0
EXP-04B,exp04b_m08_ro000_lh00,exact,phase,t04_part_07,specification,1,human,22.12500,22.50000,0.37500,22.12500,0.00000
EXP-04B,exp04b_m08_ro000_lh00,exact,phase,t04_part_07,implementation,1,agent,22.50000,24.75000,2.25000,,0
EXP-04B,exp04b_m08_ro000_lh00,exact,phase,t04_part_08,specification,4,human,14.62500,15.00000,0.37500,14.62500,0.00000
EXP-04B,exp04b_m08_ro000_lh00,exact,phase,t04_part_08,implementation,4,agent,15.00000,17.25000,2.25000,,0
EXP-04B,exp04b_m08_ro000_lh00,exact,phase,t04_join,acceptance,1,human,24.75000,27.75000,3.00000,24.75000,0.00000
EXP-04B,exp04b_m08_ro025_lh00,baseline,phase,t01,human_1,2,human,1.50,2.25,0.75,0,1.50
EXP-04B,exp04b_m08_ro025_lh00,baseline,phase,t01,agent_1,2,agent,2.25,6.75,4.50,,0
EXP-04B,exp04b_m08_ro025_lh00,baseline,phase,t01,human_2,2,human,6.75,7.50,0.75,6.75,0.00
EXP-04B,exp04b_m08_ro025_lh00,baseline,phase,t02,human_1,1,human,0,1.50,1.50,0,0
EXP-04B,exp04b_m08_ro025_lh00,baseline,phase,t02,agent_1,1,agent,1.50,10.50,9.00,,0
EXP-04B,exp04b_m08_ro025_lh00,baseline,phase,t02,human_2,1,human,10.50,12.00,1.50,10.50,0.00
EXP-04B,exp04b_m08_ro025_lh00,baseline,phase,t03,human_1,1,human,12.00,14.25,2.25,12.00,0.00
EXP-04B,exp04b_m08_ro025_lh00,baseline,phase,t03,agent_1,1,agent,14.25,27.75,13.50,,0
EXP-04B,exp04b_m08_ro025_lh00,baseline,phase,t03,human_2,1,human,28.3875,30.6375,2.2500,27.75,0.6375
EXP-04B,exp04b_m08_ro025_lh00,baseline,phase,t04_part_01,specification,2,human,14.25,14.625,0.375,12.00,2.25
EXP-04B,exp04b_m08_ro025_lh00,baseline,phase,t04_part_01,implementation,2,agent,14.625,17.1375,2.5125,,0
EXP-04B,exp04b_m08_ro025_lh00,baseline,phase,t04_part_02,specification,3,human,14.625,15.000,0.375,12.00,2.625
EXP-04B,exp04b_m08_ro025_lh00,baseline,phase,t04_part_02,implementation,3,agent,15.000,17.5125,2.5125,,0
EXP-04B,exp04b_m08_ro025_lh00,baseline,phase,t04_part_03,specification,4,human,15.000,15.375,0.375,12.00,3.000
EXP-04B,exp04b_m08_ro025_lh00,baseline,phase,t04_part_03,implementation,4,agent,15.375,17.8875,2.5125,,0
EXP-04B,exp04b_m08_ro025_lh00,baseline,phase,t04_part_04,specification,2,human,17.1375,17.5125,0.3750,17.1375,0.0000
EXP-04B,exp04b_m08_ro025_lh00,baseline,phase,t04_part_04,implementation,2,agent,17.5125,20.0250,2.5125,,0
EXP-04B,exp04b_m08_ro025_lh00,baseline,phase,t04_part_05,specification,3,human,17.5125,17.8875,0.3750,17.5125,0.0000
EXP-04B,exp04b_m08_ro025_lh00,baseline,phase,t04_part_05,implementation,3,agent,17.8875,20.4000,2.5125,,0
EXP-04B,exp04b_m08_ro025_lh00,baseline,phase,t04_part_06,specification,4,human,17.8875,18.2625,0.3750,17.8875,0.0000
EXP-04B,exp04b_m08_ro025_lh00,baseline,phase,t04_part_06,implementation,4,agent,18.2625,20.7750,2.5125,,0
EXP-04B,exp04b_m08_ro025_lh00,baseline,phase,t04_part_07,specification,2,human,20.0250,20.4000,0.3750,20.0250,0.0000
EXP-04B,exp04b_m08_ro025_lh00,baseline,phase,t04_part_07,implementation,2,agent,20.4000,22.9125,2.5125,,0
EXP-04B,exp04b_m08_ro025_lh00,baseline,phase,t04_part_08,specification,3,human,20.4000,20.7750,0.3750,20.4000,0.0000
EXP-04B,exp04b_m08_ro025_lh00,baseline,phase,t04_part_08,implementation,3,agent,20.7750,23.2875,2.5125,,0
EXP-04B,exp04b_m08_ro025_lh00,baseline,phase,t04_join,integration,2,agent,23.2875,25.3875,2.1000,,0
EXP-04B,exp04b_m08_ro025_lh00,baseline,phase,t04_join,acceptance,2,human,25.3875,28.3875,3.0000,25.3875,0.0000
EXP-04B,exp04b_m08_ro025_lh00,baseline,wait,t01,human_1,2,human_queue,0,1.50,1.50,0,1.50
EXP-04B,exp04b_m08_ro025_lh00,baseline,wait,t03,human_2,1,human_queue,27.75,28.3875,0.6375,27.75,0.6375
EXP-04B,exp04b_m08_ro025_lh00,baseline,wait,t04_part_01,specification,2,human_queue,12.00,14.25,2.25,12.00,2.25
EXP-04B,exp04b_m08_ro025_lh00,baseline,wait,t04_part_02,specification,3,human_queue,12.00,14.625,2.625,12.00,2.625
EXP-04B,exp04b_m08_ro025_lh00,baseline,wait,t04_part_03,specification,4,human_queue,12.00,15.000,3.000,12.00,3.000
EXP-04B,exp04b_m08_ro025_lh00,exact,phase,t01,human_1,2,human,1.50000,2.25000,0.75000,1.50000,0.00000
EXP-04B,exp04b_m08_ro025_lh00,exact,phase,t01,agent_1,2,agent,2.25000,6.75000,4.50000,,0
EXP-04B,exp04b_m08_ro025_lh00,exact,phase,t01,human_2,2,human,6.75000,7.50000,0.75000,6.75000,0.00000
EXP-04B,exp04b_m08_ro025_lh00,exact,phase,t02,human_1,1,human,0.00000,1.50000,1.50000,0.00000,0.00000
EXP-04B,exp04b_m08_ro025_lh00,exact,phase,t02,agent_1,1,agent,1.50000,10.50000,9.00000,,0
EXP-04B,exp04b_m08_ro025_lh00,exact,phase,t02,human_2,1,human,10.50000,12.00000,1.50000,10.50000,0.00000
EXP-04B,exp04b_m08_ro025_lh00,exact,phase,t03,human_1,4,human,12.37500,14.62500,2.25000,12.37500,0.00000
EXP-04B,exp04b_m08_ro025_lh00,exact,phase,t03,agent_1,4,agent,14.62500,28.12500,13.50000,,0
EXP-04B,exp04b_m08_ro025_lh00,exact,phase,t03,human_2,4,human,28.38750,30.63750,2.25000,28.12500,0.26250
EXP-04B,exp04b_m08_ro025_lh00,exact,phase,t04_part_01,specification,3,human,17.88750,18.26250,0.37500,17.88750,0.00000
EXP-04B,exp04b_m08_ro025_lh00,exact,phase,t04_part_01,implementation,3,agent,18.26250,20.77500,2.51250,,0
EXP-04B,exp04b_m08_ro025_lh00,exact,phase,t04_part_02,specification,3,human,15.00000,15.37500,0.37500,15.00000,0.00000
EXP-04B,exp04b_m08_ro025_lh00,exact,phase,t04_part_02,implementation,3,agent,15.37500,17.88750,2.51250,,0
EXP-04B,exp04b_m08_ro025_lh00,exact,phase,t04_part_03,specification,1,human,20.40000,20.77500,0.37500,20.40000,0.00000
EXP-04B,exp04b_m08_ro025_lh00,exact,phase,t04_part_03,implementation,1,agent,20.77500,23.28750,2.51250,,0
EXP-04B,exp04b_m08_ro025_lh00,exact,phase,t04_part_04,specification,1,human,14.62500,15.00000,0.37500,14.62500,0.00000
EXP-04B,exp04b_m08_ro025_lh00,exact,phase,t04_part_04,implementation,1,agent,15.00000,17.51250,2.51250,,0
EXP-04B,exp04b_m08_ro025_lh00,exact,phase,t04_part_05,specification,3,human,12.00000,12.37500,0.37500,12.00000,0.00000
EXP-04B,exp04b_m08_ro025_lh00,exact,phase,t04_part_05,implementation,3,agent,12.37500,14.88750,2.51250,,0
EXP-04B,exp04b_m08_ro025_lh00,exact,phase,t04_part_06,specification,1,human,17.51250,17.88750,0.37500,17.51250,0.00000
EXP-04B,exp04b_m08_ro025_lh00,exact,phase,t04_part_06,implementation,1,agent,17.88750,20.40000,2.51250,,0
EXP-04B,exp04b_m08_ro025_lh00,exact,phase,t04_part_07,specification,2,human,18.26250,18.63750,0.37500,18.26250,0.00000
EXP-04B,exp04b_m08_ro025_lh00,exact,phase,t04_part_07,implementation,2,agent,18.63750,21.15000,2.51250,,0
EXP-04B,exp04b_m08_ro025_lh00,exact,phase,t04_part_08,specification,2,human,15.37500,15.75000,0.37500,15.37500,0.00000
EXP-04B,exp04b_m08_ro025_lh00,exact,phase,t04_part_08,implementation,2,agent,15.75000,18.26250,2.51250,,0
EXP-04B,exp04b_m08_ro025_lh00,exact,phase,t04_join,integration,1,agent,23.28750,25.38750,2.10000,,0
EXP-04B,exp04b_m08_ro025_lh00,exact,phase,t04_join,acceptance,1,human,25.38750,28.38750,3.00000,25.38750,0.00000
EXP-04B,exp04b_m08_ro025_lh00,exact,wait,t03,human_2,4,human_queue,28.12500,28.38750,0.26250,28.12500,0.26250
EXP-04B,exp04b_m08_ro025_lh05,baseline,phase,t01,human_1,2,human,1.50,2.25,0.75,0,1.50
EXP-04B,exp04b_m08_ro025_lh05,baseline,phase,t01,agent_1,2,agent,2.25,6.75,4.50,,0
EXP-04B,exp04b_m08_ro025_lh05,baseline,phase,t01,human_2,2,human,6.75,7.50,0.75,6.75,0.00
EXP-04B,exp04b_m08_ro025_lh05,baseline,phase,t02,human_1,1,human,0,1.50,1.50,0,0
EXP-04B,exp04b_m08_ro025_lh05,baseline,phase,t02,agent_1,1,agent,1.50,10.50,9.00,,0
EXP-04B,exp04b_m08_ro025_lh05,baseline,phase,t02,human_2,1,human,10.50,12.00,1.50,10.50,0.00
EXP-04B,exp04b_m08_ro025_lh05,baseline,phase,t03,human_1,1,human,12.00,14.25,2.25,12.00,0.00
EXP-04B,exp04b_m08_ro025_lh05,baseline,phase,t03,agent_1,1,agent,14.25,27.75,13.50,,0
EXP-04B,exp04b_m08_ro025_lh05,baseline,phase,t03,human_2,1,human,28.51875,30.76875,2.25000,27.75,0.76875
EXP-04B,exp04b_m08_ro025_lh05,baseline,phase,t04_part_01,specification,2,human,14.25,14.75625,0.50625,12.00,2.25
EXP-04B,exp04b_m08_ro025_lh05,baseline,phase,t04_part_01,implementation,2,agent,14.75625,17.13750,2.38125,,0
EXP-04B,exp04b_m08_ro025_lh05,baseline,phase,t04_part_02,specification,3,human,14.75625,15.26250,0.50625,12.00,2.75625
EXP-04B,exp04b_m08_ro025_lh05,baseline,phase,t04_part_02,implementation,3,agent,15.26250,17.64375,2.38125,,0
EXP-04B,exp04b_m08_ro025_lh05,baseline,phase,t04_part_03,specification,4,human,15.26250,15.76875,0.50625,12.00,3.26250
EXP-04B,exp04b_m08_ro025_lh05,baseline,phase,t04_part_03,implementation,4,agent,15.76875,18.15000,2.38125,,0
EXP-04B,exp04b_m08_ro025_lh05,baseline,phase,t04_part_04,specification,2,human,17.13750,17.64375,0.50625,17.13750,0.00000
EXP-04B,exp04b_m08_ro025_lh05,baseline,phase,t04_part_04,implementation,2,agent,17.64375,20.02500,2.38125,,0
EXP-04B,exp04b_m08_ro025_lh05,baseline,phase,t04_part_05,specification,3,human,17.64375,18.15000,0.50625,17.64375,0.00000
EXP-04B,exp04b_m08_ro025_lh05,baseline,phase,t04_part_05,implementation,3,agent,18.15000,20.53125,2.38125,,0
EXP-04B,exp04b_m08_ro025_lh05,baseline,phase,t04_part_06,specification,4,human,18.15000,18.65625,0.50625,18.15000,0.00000
EXP-04B,exp04b_m08_ro025_lh05,baseline,phase,t04_part_06,implementation,4,agent,18.65625,21.03750,2.38125,,0
EXP-04B,exp04b_m08_ro025_lh05,baseline,phase,t04_part_07,specification,2,human,20.02500,20.53125,0.50625,20.02500,0.00000
EXP-04B,exp04b_m08_ro025_lh05,baseline,phase,t04_part_07,implementation,2,agent,20.53125,22.91250,2.38125,,0
EXP-04B,exp04b_m08_ro025_lh05,baseline,phase,t04_part_08,specification,3,human,20.53125,21.03750,0.50625,20.53125,0.00000
EXP-04B,exp04b_m08_ro025_lh05,baseline,phase,t04_part_08,implementation,3,agent,21.03750,23.41875,2.38125,,0
EXP-04B,exp04b_m08_ro025_lh05,baseline,phase,t04_join,integration,2,agent,23.41875,24.46875,1.05000,,0
EXP-04B,exp04b_m08_ro025_lh05,baseline,phase,t04_join,acceptance,2,human,24.46875,28.51875,4.05000,24.46875,0.00000
EXP-04B,exp04b_m08_ro025_lh05,baseline,wait,t01,human_1,2,human_queue,0,1.50,1.50,0,1.50
EXP-04B,exp04b_m08_ro025_lh05,baseline,wait,t03,human_2,1,human_queue,27.75,28.51875,0.76875,27.75,0.76875
EXP-04B,exp04b_m08_ro025_lh05,baseline,wait,t04_part_01,specification,2,human_queue,12.00,14.25,2.25,12.00,2.25
EXP-04B,exp04b_m08_ro025_lh05,baseline,wait,t04_part_02,specification,3,human_queue,12.00,14.75625,2.75625,12.00,2.75625
EXP-04B,exp04b_m08_ro025_lh05,baseline,wait,t04_part_03,specification,4,human_queue,12.00,15.26250,3.26250,12.00,3.26250
EXP-04B,exp04b_m08_ro025_lh05,exact,phase,t01,human_1,2,human,1.50000,2.25000,0.75000,1.50000,0.00000
EXP-04B,exp04b_m08_ro025_lh05,exact,phase,t01,agent_1,2,agent,2.25000,6.75000,4.50000,,0
EXP-04B,exp04b_m08_ro025_lh05,exact,phase,t01,human_2,2,human,6.75000,7.50000,0.75000,6.75000,0.00000
EXP-04B,exp04b_m08_ro025_lh05,exact,phase,t02,human_1,1,human,0.00000,1.50000,1.50000,0.00000,0.00000
EXP-04B,exp04b_m08_ro025_lh05,exact,phase,t02,agent_1,1,agent,1.50000,10.50000,9.00000,,0
EXP-04B,exp04b_m08_ro025_lh05,exact,phase,t02,human_2,1,human,10.50000,12.00000,1.50000,10.50000,0.00000
EXP-04B,exp04b_m08_ro025_lh05,exact,phase,t03,human_1,4,human,12.50625,14.75625,2.25000,12.50625,0.00000
EXP-04B,exp04b_m08_ro025_lh05,exact,phase,t03,agent_1,4,agent,14.75625,28.25625,13.50000,,0
EXP-04B,exp04b_m08_ro025_lh05,exact,phase,t03,human_2,4,human,28.51875,30.76875,2.25000,28.25625,0.26250
EXP-04B,exp04b_m08_ro025_lh05,exact,phase,t04_part_01,specification,2,human,18.65625,19.16250,0.50625,18.65625,0.00000
EXP-04B,exp04b_m08_ro025_lh05,exact,phase,t04_part_01,implementation,2,agent,19.16250,21.54375,2.38125,,0
EXP-04B,exp04b_m08_ro025_lh05,exact,phase,t04_part_02,specification,2,human,15.76875,16.27500,0.50625,15.76875,0.00000
EXP-04B,exp04b_m08_ro025_lh05,exact,phase,t04_part_02,implementation,2,agent,16.27500,18.65625,2.38125,,0
EXP-04B,exp04b_m08_ro025_lh05,exact,phase,t04_part_03,specification,1,human,15.26250,15.76875,0.50625,15.26250,0.00000
EXP-04B,exp04b_m08_ro025_lh05,exact,phase,t04_part_03,implementation,1,agent,15.76875,18.15000,2.38125,,0
EXP-04B,exp04b_m08_ro025_lh05,exact,phase,t04_part_04,specification,3,human,17.64375,18.15000,0.50625,17.64375,0.00000
EXP-04B,exp04b_m08_ro025_lh05,exact,phase,t04_part_04,implementation,3,agent,18.15000,20.53125,2.38125,,0
EXP-04B,exp04b_m08_ro025_lh05,exact,phase,t04_part_05,specification,2,human,12.00000,12.50625,0.50625,12.00000,0.00000
EXP-04B,exp04b_m08_ro025_lh05,exact,phase,t04_part_05,implementation,2,agent,12.50625,14.88750,2.38125,,0
EXP-04B,exp04b_m08_ro025_lh05,exact,phase,t04_part_06,specification,1,human,18.15000,18.65625,0.50625,18.15000,0.00000
EXP-04B,exp04b_m08_ro025_lh05,exact,phase,t04_part_06,implementation,1,agent,18.65625,21.03750,2.38125,,0
EXP-04B,exp04b_m08_ro025_lh05,exact,phase,t04_part_07,specification,3,human,20.53125,21.03750,0.50625,20.53125,0.00000
EXP-04B,exp04b_m08_ro025_lh05,exact,phase,t04_part_07,implementation,3,agent,21.03750,23.41875,2.38125,,0
EXP-04B,exp04b_m08_ro025_lh05,exact,phase,t04_part_08,specification,3,human,14.75625,15.26250,0.50625,14.75625,0.00000
EXP-04B,exp04b_m08_ro025_lh05,exact,phase,t04_part_08,implementation,3,agent,15.26250,17.64375,2.38125,,0
EXP-04B,exp04b_m08_ro025_lh05,exact,phase,t04_join,integration,1,agent,23.41875,24.46875,1.05000,,0
EXP-04B,exp04b_m08_ro025_lh05,exact,phase,t04_join,acceptance,1,human,24.46875,28.51875,4.05000,24.46875,0.00000
EXP-04B,exp04b_m08_ro025_lh05,exact,wait,t03,human_2,4,human_queue,28.25625,28.51875,0.26250,28.25625,0.26250
EXP-04B,exp04b_m08_ro025_lh10,baseline,phase,t01,human_1,2,human,1.50,2.25,0.75,0,1.50
EXP-04B,exp04b_m08_ro025_lh10,baseline,phase,t01,agent_1,2,agent,2.25,6.75,4.50,,0
EXP-04B,exp04b_m08_ro025_lh10,baseline,phase,t01,human_2,2,human,6.75,7.50,0.75,6.75,0.00
EXP-04B,exp04b_m08_ro025_lh10,baseline,phase,t02,human_1,1,human,0,1.50,1.50,0,0
EXP-04B,exp04b_m08_ro025_lh10,baseline,phase,t02,agent_1,1,agent,1.50,10.50,9.00,,0
EXP-04B,exp04b_m08_ro025_lh10,baseline,phase,t02,human_2,1,human,10.50,12.00,1.50,10.50,0.00
EXP-04B,exp04b_m08_ro025_lh10,baseline,phase,t03,human_1,1,human,12.00,14.25,2.25,12.00,0.00
EXP-04B,exp04b_m08_ro025_lh10,baseline,phase,t03,agent_1,1,agent,14.25,27.75,13.50,,0
EXP-04B,exp04b_m08_ro025_lh10,baseline,phase,t03,human_2,1,human,28.6500,30.9000,2.2500,27.75,0.9000
EXP-04B,exp04b_m08_ro025_lh10,baseline,phase,t04_part_01,specification,2,human,14.25,14.8875,0.6375,12.00,2.25
EXP-04B,exp04b_m08_ro025_lh10,baseline,phase,t04_part_01,implementation,2,agent,14.8875,17.1375,2.2500,,0
EXP-04B,exp04b_m08_ro025_lh10,baseline,phase,t04_part_02,specification,3,human,14.8875,15.5250,0.6375,12.00,2.8875
EXP-04B,exp04b_m08_ro025_lh10,baseline,phase,t04_part_02,implementation,3,agent,15.5250,17.7750,2.2500,,0
EXP-04B,exp04b_m08_ro025_lh10,baseline,phase,t04_part_03,specification,4,human,15.5250,16.1625,0.6375,12.00,3.5250
EXP-04B,exp04b_m08_ro025_lh10,baseline,phase,t04_part_03,implementation,4,agent,16.1625,18.4125,2.2500,,0
EXP-04B,exp04b_m08_ro025_lh10,baseline,phase,t04_part_04,specification,2,human,17.1375,17.7750,0.6375,17.1375,0.0000
EXP-04B,exp04b_m08_ro025_lh10,baseline,phase,t04_part_04,implementation,2,agent,17.7750,20.0250,2.2500,,0
EXP-04B,exp04b_m08_ro025_lh10,baseline,phase,t04_part_05,specification,3,human,17.7750,18.4125,0.6375,17.7750,0.0000
EXP-04B,exp04b_m08_ro025_lh10,baseline,phase,t04_part_05,implementation,3,agent,18.4125,20.6625,2.2500,,0
EXP-04B,exp04b_m08_ro025_lh10,baseline,phase,t04_part_06,specification,4,human,18.4125,19.0500,0.6375,18.4125,0.0000
EXP-04B,exp04b_m08_ro025_lh10,baseline,phase,t04_part_06,implementation,4,agent,19.0500,21.3000,2.2500,,0
EXP-04B,exp04b_m08_ro025_lh10,baseline,phase,t04_part_07,specification,2,human,20.0250,20.6625,0.6375,20.0250,0.0000
EXP-04B,exp04b_m08_ro025_lh10,baseline,phase,t04_part_07,implementation,2,agent,20.6625,22.9125,2.2500,,0
EXP-04B,exp04b_m08_ro025_lh10,baseline,phase,t04_part_08,specification,3,human,20.6625,21.3000,0.6375,20.6625,0.0000
EXP-04B,exp04b_m08_ro025_lh10,baseline,phase,t04_part_08,implementation,3,agent,21.3000,23.5500,2.2500,,0
EXP-04B,exp04b_m08_ro025_lh10,baseline,phase,t04_join,acceptance,2,human,23.5500,28.6500,5.1000,23.5500,0.0000
EXP-04B,exp04b_m08_ro025_lh10,baseline,wait,t01,human_1,2,human_queue,0,1.50,1.50,0,1.50
EXP-04B,exp04b_m08_ro025_lh10,baseline,wait,t03,human_2,1,human_queue,27.75,28.6500,0.9000,27.75,0.9000
EXP-04B,exp04b_m08_ro025_lh10,baseline,wait,t04_part_01,specification,2,human_queue,12.00,14.25,2.25,12.00,2.25
EXP-04B,exp04b_m08_ro025_lh10,baseline,wait,t04_part_02,specification,3,human_queue,12.00,14.8875,2.8875,12.00,2.8875
EXP-04B,exp04b_m08_ro025_lh10,baseline,wait,t04_part_03,specification,4,human_queue,12.00,15.5250,3.5250,12.00,3.5250
EXP-04B,exp04b_m08_ro025_lh10,exact,phase,t01,human_1,2,human,1.50000,2.25000,0.75000,1.50000,0.00000
EXP-04B,exp04b_m08_ro025_lh10,exact,phase,t01,agent_1,2,agent,2.25000,6.75000,4.50000,,0
EXP-04B,exp04b_m08_ro025_lh10,exact,phase,t01,human_2,2,human,6.75000,7.50000,0.75000,6.75000,0.00000
EXP-04B,exp04b_m08_ro025_lh10,exact,phase,t02,human_1,1,human,0.00000,1.50000,1.50000,0.00000,0.00000
EXP-04B,exp04b_m08_ro025_lh10,exact,phase,t02,agent_1,1,agent,1.50000,10.50000,9.00000,,0
EXP-04B,exp04b_m08_ro025_lh10,exact,phase,t02,human_2,1,human,10.50000,12.00000,1.50000,10.50000,0.00000
EXP-04B,exp04b_m08_ro025_lh10,exact,phase,t03,human_1,3,human,12.63750,14.88750,2.25000,12.63750,0.00000
EXP-04B,exp04b_m08_ro025_lh10,exact,phase,t03,agent_1,3,agent,14.88750,28.38750,13.50000,,0
EXP-04B,exp04b_m08_ro025_lh10,exact,phase,t03,human_2,3,human,28.65000,30.90000,2.25000,28.38750,0.26250
EXP-04B,exp04b_m08_ro025_lh10,exact,phase,t04_part_01,specification,1,human,20.66250,21.30000,0.63750,20.66250,0.00000
EXP-04B,exp04b_m08_ro025_lh10,exact,phase,t04_part_01,implementation,1,agent,21.30000,23.55000,2.25000,,0
EXP-04B,exp04b_m08_ro025_lh10,exact,phase,t04_part_02,specification,4,human,15.52500,16.16250,0.63750,15.52500,0.00000
EXP-04B,exp04b_m08_ro025_lh10,exact,phase,t04_part_02,implementation,4,agent,16.16250,18.41250,2.25000,,0
EXP-04B,exp04b_m08_ro025_lh10,exact,phase,t04_part_03,specification,4,human,18.41250,19.05000,0.63750,18.41250,0.00000
EXP-04B,exp04b_m08_ro025_lh10,exact,phase,t04_part_03,implementation,4,agent,19.05000,21.30000,2.25000,,0
EXP-04B,exp04b_m08_ro025_lh10,exact,phase,t04_part_04,specification,2,human,12.00000,12.63750,0.63750,12.00000,0.00000
EXP-04B,exp04b_m08_ro025_lh10,exact,phase,t04_part_04,implementation,2,agent,12.63750,14.88750,2.25000,,0
EXP-04B,exp04b_m08_ro025_lh10,exact,phase,t04_part_05,specification,1,human,17.77500,18.41250,0.63750,17.77500,0.00000
EXP-04B,exp04b_m08_ro025_lh10,exact,phase,t04_part_05,implementation,1,agent,18.41250,20.66250,2.25000,,0
EXP-04B,exp04b_m08_ro025_lh10,exact,phase,t04_part_06,specification,2,human,19.05000,19.68750,0.63750,19.05000,0.00000
EXP-04B,exp04b_m08_ro025_lh10,exact,phase,t04_part_06,implementation,2,agent,19.68750,21.93750,2.25000,,0
EXP-04B,exp04b_m08_ro025_lh10,exact,phase,t04_part_07,specification,2,human,16.16250,16.80000,0.63750,16.16250,0.00000
EXP-04B,exp04b_m08_ro025_lh10,exact,phase,t04_part_07,implementation,2,agent,16.80000,19.05000,2.25000,,0
EXP-04B,exp04b_m08_ro025_lh10,exact,phase,t04_part_08,specification,1,human,14.88750,15.52500,0.63750,14.88750,0.00000
EXP-04B,exp04b_m08_ro025_lh10,exact,phase,t04_part_08,implementation,1,agent,15.52500,17.77500,2.25000,,0
EXP-04B,exp04b_m08_ro025_lh10,exact,phase,t04_join,acceptance,1,human,23.55000,28.65000,5.10000,23.55000,0.00000
EXP-04B,exp04b_m08_ro025_lh10,exact,wait,t03,human_2,3,human_queue,28.38750,28.65000,0.26250,28.38750,0.26250
EXP-04B,exp04b_m08_ro050_lh00,baseline,phase,t01,human_1,2,human,1.50,2.25,0.75,0,1.50
EXP-04B,exp04b_m08_ro050_lh00,baseline,phase,t01,agent_1,2,agent,2.25,6.75,4.50,,0
EXP-04B,exp04b_m08_ro050_lh00,baseline,phase,t01,human_2,2,human,6.75,7.50,0.75,6.75,0.00
EXP-04B,exp04b_m08_ro050_lh00,baseline,phase,t02,human_1,1,human,0,1.50,1.50,0,0
EXP-04B,exp04b_m08_ro050_lh00,baseline,phase,t02,agent_1,1,agent,1.50,10.50,9.00,,0
EXP-04B,exp04b_m08_ro050_lh00,baseline,phase,t02,human_2,1,human,10.50,12.00,1.50,10.50,0.00
EXP-04B,exp04b_m08_ro050_lh00,baseline,phase,t03,human_1,1,human,12.00,14.25,2.25,12.00,0.00
EXP-04B,exp04b_m08_ro050_lh00,baseline,phase,t03,agent_1,1,agent,14.25,27.75,13.50,,0
EXP-04B,exp04b_m08_ro050_lh00,baseline,phase,t03,human_2,1,human,27.75,30.00,2.25,27.75,0.00
EXP-04B,exp04b_m08_ro050_lh00,baseline,phase,t04_part_01,specification,2,human,14.25,14.625,0.375,12.00,2.25
EXP-04B,exp04b_m08_ro050_lh00,baseline,phase,t04_part_01,implementation,2,agent,14.625,17.400,2.775,,0
EXP-04B,exp04b_m08_ro050_lh00,baseline,phase,t04_part_02,specification,3,human,14.625,15.000,0.375,12.00,2.625
EXP-04B,exp04b_m08_ro050_lh00,baseline,phase,t04_part_02,implementation,3,agent,15.000,17.775,2.775,,0
EXP-04B,exp04b_m08_ro050_lh00,baseline,phase,t04_part_03,specification,4,human,15.000,15.375,0.375,12.00,3.000
EXP-04B,exp04b_m08_ro050_lh00,baseline,phase,t04_part_03,implementation,4,agent,15.375,18.150,2.775,,0
EXP-04B,exp04b_m08_ro050_lh00,baseline,phase,t04_part_04,specification,2,human,17.400,17.775,0.375,17.400,0.000
EXP-04B,exp04b_m08_ro050_lh00,baseline,phase,t04_part_04,implementation,2,agent,17.775,20.550,2.775,,0
EXP-04B,exp04b_m08_ro050_lh00,baseline,phase,t04_part_05,specification,3,human,17.775,18.150,0.375,17.775,0.000
EXP-04B,exp04b_m08_ro050_lh00,baseline,phase,t04_part_05,implementation,3,agent,18.150,20.925,2.775,,0
EXP-04B,exp04b_m08_ro050_lh00,baseline,phase,t04_part_06,specification,4,human,18.150,18.525,0.375,18.150,0.000
EXP-04B,exp04b_m08_ro050_lh00,baseline,phase,t04_part_06,implementation,4,agent,18.525,21.300,2.775,,0
EXP-04B,exp04b_m08_ro050_lh00,baseline,phase,t04_part_07,specification,2,human,20.550,20.925,0.375,20.550,0.000
EXP-04B,exp04b_m08_ro050_lh00,baseline,phase,t04_part_07,implementation,2,agent,20.925,23.700,2.775,,0
EXP-04B,exp04b_m08_ro050_lh00,baseline,phase,t04_part_08,specification,3,human,20.925,21.300,0.375,20.925,0.000
EXP-04B,exp04b_m08_ro050_lh00,baseline,phase,t04_part_08,implementation,3,agent,21.300,24.075,2.775,,0
EXP-04B,exp04b_m08_ro050_lh00,baseline,phase,t04_join,integration,2,agent,24.075,28.275,4.200,,0
EXP-04B,exp04b_m08_ro050_lh00,baseline,phase,t04_join,acceptance,2,human,30.00,33.00,3.00,28.275,1.725
EXP-04B,exp04b_m08_ro050_lh00,baseline,wait,t01,human_1,2,human_queue,0,1.50,1.50,0,1.50
EXP-04B,exp04b_m08_ro050_lh00,baseline,wait,t04_part_01,specification,2,human_queue,12.00,14.25,2.25,12.00,2.25
EXP-04B,exp04b_m08_ro050_lh00,baseline,wait,t04_part_02,specification,3,human_queue,12.00,14.625,2.625,12.00,2.625
EXP-04B,exp04b_m08_ro050_lh00,baseline,wait,t04_part_03,specification,4,human_queue,12.00,15.000,3.000,12.00,3.000
EXP-04B,exp04b_m08_ro050_lh00,baseline,wait,t04_join,acceptance,2,human_queue,28.275,30.00,1.725,28.275,1.725
EXP-04B,exp04b_m08_ro050_lh00,exact,phase,t01,human_1,2,human,1.50000,2.25000,0.75000,1.50000,0.00000
EXP-04B,exp04b_m08_ro050_lh00,exact,phase,t01,agent_1,2,agent,2.25000,6.75000,4.50000,,0
EXP-04B,exp04b_m08_ro050_lh00,exact,phase,t01,human_2,2,human,6.75000,7.50000,0.75000,6.75000,0.00000
EXP-04B,exp04b_m08_ro050_lh00,exact,phase,t02,human_1,1,human,0.00000,1.50000,1.50000,0.00000,0.00000
EXP-04B,exp04b_m08_ro050_lh00,exact,phase,t02,agent_1,1,agent,1.50000,10.50000,9.00000,,0
EXP-04B,exp04b_m08_ro050_lh00,exact,phase,t02,human_2,1,human,10.50000,12.00000,1.50000,10.50000,0.00000
EXP-04B,exp04b_m08_ro050_lh00,exact,phase,t03,human_1,3,human,13.12500,15.37500,2.25000,13.12500,0.00000
EXP-04B,exp04b_m08_ro050_lh00,exact,phase,t03,agent_1,3,agent,15.37500,28.87500,13.50000,,0
EXP-04B,exp04b_m08_ro050_lh00,exact,phase,t03,human_2,3,human,29.25000,31.50000,2.25000,28.87500,0.37500
EXP-04B,exp04b_m08_ro050_lh00,exact,phase,t04_part_01,specification,4,human,15.37500,15.75000,0.37500,15.37500,0.00000
EXP-04B,exp04b_m08_ro050_lh00,exact,phase,t04_part_01,implementation,4,agent,15.75000,18.52500,2.77500,,0
EXP-04B,exp04b_m08_ro050_lh00,exact,phase,t04_part_02,specification,2,human,15.75000,16.12500,0.37500,15.75000,0.00000
EXP-04B,exp04b_m08_ro050_lh00,exact,phase,t04_part_02,implementation,2,agent,16.12500,18.90000,2.77500,,0
EXP-04B,exp04b_m08_ro050_lh00,exact,phase,t04_part_03,specification,1,human,12.75000,13.12500,0.37500,12.75000,0.00000
EXP-04B,exp04b_m08_ro050_lh00,exact,phase,t04_part_03,implementation,1,agent,13.12500,15.90000,2.77500,,0
EXP-04B,exp04b_m08_ro050_lh00,exact,phase,t04_part_04,specification,1,human,16.12500,16.50000,0.37500,16.12500,0.00000
EXP-04B,exp04b_m08_ro050_lh00,exact,phase,t04_part_04,implementation,1,agent,16.50000,19.27500,2.77500,,0
EXP-04B,exp04b_m08_ro050_lh00,exact,phase,t04_part_05,specification,4,human,12.00000,12.37500,0.37500,12.00000,0.00000
EXP-04B,exp04b_m08_ro050_lh00,exact,phase,t04_part_05,implementation,4,agent,12.37500,15.15000,2.77500,,0
EXP-04B,exp04b_m08_ro050_lh00,exact,phase,t04_part_06,specification,4,human,18.52500,18.90000,0.37500,18.52500,0.00000
EXP-04B,exp04b_m08_ro050_lh00,exact,phase,t04_part_06,implementation,4,agent,18.90000,21.67500,2.77500,,0
EXP-04B,exp04b_m08_ro050_lh00,exact,phase,t04_part_07,specification,2,human,12.37500,12.75000,0.37500,12.37500,0.00000
EXP-04B,exp04b_m08_ro050_lh00,exact,phase,t04_part_07,implementation,2,agent,12.75000,15.52500,2.77500,,0
EXP-04B,exp04b_m08_ro050_lh00,exact,phase,t04_part_08,specification,2,human,18.90000,19.27500,0.37500,18.90000,0.00000
EXP-04B,exp04b_m08_ro050_lh00,exact,phase,t04_part_08,implementation,2,agent,19.27500,22.05000,2.77500,,0
EXP-04B,exp04b_m08_ro050_lh00,exact,phase,t04_join,integration,1,agent,22.05000,26.25000,4.20000,,0
EXP-04B,exp04b_m08_ro050_lh00,exact,phase,t04_join,acceptance,1,human,26.25000,29.25000,3.00000,26.25000,0.00000
EXP-04B,exp04b_m08_ro050_lh00,exact,wait,t03,human_2,3,human_queue,28.87500,29.25000,0.37500,28.87500,0.37500
EXP-04B,exp04b_m08_ro050_lh05,baseline,phase,t01,human_1,2,human,1.50,2.25,0.75,0,1.50
EXP-04B,exp04b_m08_ro050_lh05,baseline,phase,t01,agent_1,2,agent,2.25,6.75,4.50,,0
EXP-04B,exp04b_m08_ro050_lh05,baseline,phase,t01,human_2,2,human,6.75,7.50,0.75,6.75,0.00
EXP-04B,exp04b_m08_ro050_lh05,baseline,phase,t02,human_1,1,human,0,1.50,1.50,0,0
EXP-04B,exp04b_m08_ro050_lh05,baseline,phase,t02,agent_1,1,agent,1.50,10.50,9.00,,0
EXP-04B,exp04b_m08_ro050_lh05,baseline,phase,t02,human_2,1,human,10.50,12.00,1.50,10.50,0.00
EXP-04B,exp04b_m08_ro050_lh05,baseline,phase,t03,human_1,1,human,12.00,14.25,2.25,12.00,0.00
EXP-04B,exp04b_m08_ro050_lh05,baseline,phase,t03,agent_1,1,agent,14.25,27.75,13.50,,0
EXP-04B,exp04b_m08_ro050_lh05,baseline,phase,t03,human_2,1,human,31.5375,33.7875,2.2500,27.75,3.7875
EXP-04B,exp04b_m08_ro050_lh05,baseline,phase,t04_part_01,specification,2,human,14.25,14.8875,0.6375,12.00,2.25
EXP-04B,exp04b_m08_ro050_lh05,baseline,phase,t04_part_01,implementation,2,agent,14.8875,17.4000,2.5125,,0
EXP-04B,exp04b_m08_ro050_lh05,baseline,phase,t04_part_02,specification,3,human,14.8875,15.5250,0.6375,12.00,2.8875
EXP-04B,exp04b_m08_ro050_lh05,baseline,phase,t04_part_02,implementation,3,agent,15.5250,18.0375,2.5125,,0
EXP-04B,exp04b_m08_ro050_lh05,baseline,phase,t04_part_03,specification,4,human,15.5250,16.1625,0.6375,12.00,3.5250
EXP-04B,exp04b_m08_ro050_lh05,baseline,phase,t04_part_03,implementation,4,agent,16.1625,18.6750,2.5125,,0
EXP-04B,exp04b_m08_ro050_lh05,baseline,phase,t04_part_04,specification,2,human,17.4000,18.0375,0.6375,17.4000,0.0000
EXP-04B,exp04b_m08_ro050_lh05,baseline,phase,t04_part_04,implementation,2,agent,18.0375,20.5500,2.5125,,0
EXP-04B,exp04b_m08_ro050_lh05,baseline,phase,t04_part_05,specification,3,human,18.0375,18.6750,0.6375,18.0375,0.0000
EXP-04B,exp04b_m08_ro050_lh05,baseline,phase,t04_part_05,implementation,3,agent,18.6750,21.1875,2.5125,,0
EXP-04B,exp04b_m08_ro050_lh05,baseline,phase,t04_part_06,specification,4,human,18.6750,19.3125,0.6375,18.6750,0.0000
EXP-04B,exp04b_m08_ro050_lh05,baseline,phase,t04_part_06,implementation,4,agent,19.3125,21.8250,2.5125,,0
EXP-04B,exp04b_m08_ro050_lh05,baseline,phase,t04_part_07,specification,2,human,20.5500,21.1875,0.6375,20.5500,0.0000
EXP-04B,exp04b_m08_ro050_lh05,baseline,phase,t04_part_07,implementation,2,agent,21.1875,23.7000,2.5125,,0
EXP-04B,exp04b_m08_ro050_lh05,baseline,phase,t04_part_08,specification,3,human,21.1875,21.8250,0.6375,21.1875,0.0000
EXP-04B,exp04b_m08_ro050_lh05,baseline,phase,t04_part_08,implementation,3,agent,21.8250,24.3375,2.5125,,0
EXP-04B,exp04b_m08_ro050_lh05,baseline,phase,t04_join,integration,2,agent,24.3375,26.4375,2.1000,,0
EXP-04B,exp04b_m08_ro050_lh05,baseline,phase,t04_join,acceptance,2,human,26.4375,31.5375,5.1000,26.4375,0.0000
EXP-04B,exp04b_m08_ro050_lh05,baseline,wait,t01,human_1,2,human_queue,0,1.50,1.50,0,1.50
EXP-04B,exp04b_m08_ro050_lh05,baseline,wait,t03,human_2,1,human_queue,27.75,31.5375,3.7875,27.75,3.7875
EXP-04B,exp04b_m08_ro050_lh05,baseline,wait,t04_part_01,specification,2,human_queue,12.00,14.25,2.25,12.00,2.25
EXP-04B,exp04b_m08_ro050_lh05,baseline,wait,t04_part_02,specification,3,human_queue,12.00,14.8875,2.8875,12.00,2.8875
EXP-04B,exp04b_m08_ro050_lh05,baseline,wait,t04_part_03,specification,4,human_queue,12.00,15.5250,3.5250,12.00,3.5250
EXP-04B,exp04b_m08_ro050_lh05,exact,phase,t01,human_1,2,human,1.50000,2.25000,0.75000,1.50000,0.00000
EXP-04B,exp04b_m08_ro050_lh05,exact,phase,t01,agent_1,2,agent,2.25000,6.75000,4.50000,,0
EXP-04B,exp04b_m08_ro050_lh05,exact,phase,t01,human_2,2,human,6.75000,7.50000,0.75000,6.75000,0.00000
EXP-04B,exp04b_m08_ro050_lh05,exact,phase,t02,human_1,1,human,0.00000,1.50000,1.50000,0.00000,0.00000
EXP-04B,exp04b_m08_ro050_lh05,exact,phase,t02,agent_1,1,agent,1.50000,10.50000,9.00000,,0
EXP-04B,exp04b_m08_ro050_lh05,exact,phase,t02,human_2,1,human,10.50000,12.00000,1.50000,10.50000,0.00000
EXP-04B,exp04b_m08_ro050_lh05,exact,phase,t03,human_1,1,human,13.91250,16.16250,2.25000,13.91250,0.00000
EXP-04B,exp04b_m08_ro050_lh05,exact,phase,t03,agent_1,1,agent,16.16250,29.66250,13.50000,,0
EXP-04B,exp04b_m08_ro050_lh05,exact,phase,t03,human_2,1,human,30.30000,32.55000,2.25000,29.66250,0.63750
EXP-04B,exp04b_m08_ro050_lh05,exact,phase,t04_part_01,specification,2,human,17.43750,18.07500,0.63750,17.43750,0.00000
EXP-04B,exp04b_m08_ro050_lh05,exact,phase,t04_part_01,implementation,2,agent,18.07500,20.58750,2.51250,,0
EXP-04B,exp04b_m08_ro050_lh05,exact,phase,t04_part_02,specification,4,human,16.80000,17.43750,0.63750,16.80000,0.00000
EXP-04B,exp04b_m08_ro050_lh05,exact,phase,t04_part_02,implementation,4,agent,17.43750,19.95000,2.51250,,0
EXP-04B,exp04b_m08_ro050_lh05,exact,phase,t04_part_03,specification,4,human,19.95000,20.58750,0.63750,19.95000,0.00000
EXP-04B,exp04b_m08_ro050_lh05,exact,phase,t04_part_03,implementation,4,agent,20.58750,23.10000,2.51250,,0
EXP-04B,exp04b_m08_ro050_lh05,exact,phase,t04_part_04,specification,4,human,13.27500,13.91250,0.63750,13.27500,0.00000
EXP-04B,exp04b_m08_ro050_lh05,exact,phase,t04_part_04,implementation,4,agent,13.91250,16.42500,2.51250,,0
EXP-04B,exp04b_m08_ro050_lh05,exact,phase,t04_part_05,specification,3,human,16.16250,16.80000,0.63750,16.16250,0.00000
EXP-04B,exp04b_m08_ro050_lh05,exact,phase,t04_part_05,implementation,3,agent,16.80000,19.31250,2.51250,,0
EXP-04B,exp04b_m08_ro050_lh05,exact,phase,t04_part_06,specification,3,human,12.63750,13.27500,0.63750,12.63750,0.00000
EXP-04B,exp04b_m08_ro050_lh05,exact,phase,t04_part_06,implementation,3,agent,13.27500,15.78750,2.51250,,0
EXP-04B,exp04b_m08_ro050_lh05,exact,phase,t04_part_07,specification,2,human,12.00000,12.63750,0.63750,12.00000,0.00000
EXP-04B,exp04b_m08_ro050_lh05,exact,phase,t04_part_07,implementation,2,agent,12.63750,15.15000,2.51250,,0
EXP-04B,exp04b_m08_ro050_lh05,exact,phase,t04_part_08,specification,3,human,19.31250,19.95000,0.63750,19.31250,0.00000
EXP-04B,exp04b_m08_ro050_lh05,exact,phase,t04_part_08,implementation,3,agent,19.95000,22.46250,2.51250,,0
EXP-04B,exp04b_m08_ro050_lh05,exact,phase,t04_join,integration,3,agent,23.10000,25.20000,2.10000,,0
EXP-04B,exp04b_m08_ro050_lh05,exact,phase,t04_join,acceptance,3,human,25.20000,30.30000,5.10000,25.20000,0.00000
EXP-04B,exp04b_m08_ro050_lh05,exact,wait,t03,human_2,1,human_queue,29.66250,30.30000,0.63750,29.66250,0.63750
EXP-04B,exp04b_m08_ro050_lh10,baseline,phase,t01,human_1,2,human,1.50,2.25,0.75,0,1.50
EXP-04B,exp04b_m08_ro050_lh10,baseline,phase,t01,agent_1,2,agent,2.25,6.75,4.50,,0
EXP-04B,exp04b_m08_ro050_lh10,baseline,phase,t01,human_2,2,human,6.75,7.50,0.75,6.75,0.00
EXP-04B,exp04b_m08_ro050_lh10,baseline,phase,t02,human_1,1,human,0,1.50,1.50,0,0
EXP-04B,exp04b_m08_ro050_lh10,baseline,phase,t02,agent_1,1,agent,1.50,10.50,9.00,,0
EXP-04B,exp04b_m08_ro050_lh10,baseline,phase,t02,human_2,1,human,10.50,12.00,1.50,10.50,0.00
EXP-04B,exp04b_m08_ro050_lh10,baseline,phase,t03,human_1,1,human,12.00,14.25,2.25,12.00,0.00
EXP-04B,exp04b_m08_ro050_lh10,baseline,phase,t03,agent_1,1,agent,14.25,27.75,13.50,,0
EXP-04B,exp04b_m08_ro050_lh10,baseline,phase,t03,human_2,1,human,31.80,34.05,2.25,27.75,4.05
EXP-04B,exp04b_m08_ro050_lh10,baseline,phase,t04_part_01,specification,2,human,14.25,15.15,0.90,12.00,2.25
EXP-04B,exp04b_m08_ro050_lh10,baseline,phase,t04_part_01,implementation,2,agent,15.15,17.40,2.25,,0
EXP-04B,exp04b_m08_ro050_lh10,baseline,phase,t04_part_02,specification,3,human,15.15,16.05,0.90,12.00,3.15
EXP-04B,exp04b_m08_ro050_lh10,baseline,phase,t04_part_02,implementation,3,agent,16.05,18.30,2.25,,0
EXP-04B,exp04b_m08_ro050_lh10,baseline,phase,t04_part_03,specification,4,human,16.05,16.95,0.90,12.00,4.05
EXP-04B,exp04b_m08_ro050_lh10,baseline,phase,t04_part_03,implementation,4,agent,16.95,19.20,2.25,,0
EXP-04B,exp04b_m08_ro050_lh10,baseline,phase,t04_part_04,specification,2,human,17.40,18.30,0.90,17.40,0.00
EXP-04B,exp04b_m08_ro050_lh10,baseline,phase,t04_part_04,implementation,2,agent,18.30,20.55,2.25,,0
EXP-04B,exp04b_m08_ro050_lh10,baseline,phase,t04_part_05,specification,3,human,18.30,19.20,0.90,18.30,0.00
EXP-04B,exp04b_m08_ro050_lh10,baseline,phase,t04_part_05,implementation,3,agent,19.20,21.45,2.25,,0
EXP-04B,exp04b_m08_ro050_lh10,baseline,phase,t04_part_06,specification,4,human,19.20,20.10,0.90,19.20,0.00
EXP-04B,exp04b_m08_ro050_lh10,baseline,phase,t04_part_06,implementation,4,agent,20.10,22.35,2.25,,0
EXP-04B,exp04b_m08_ro050_lh10,baseline,phase,t04_part_07,specification,2,human,20.55,21.45,0.90,20.55,0.00
EXP-04B,exp04b_m08_ro050_lh10,baseline,phase,t04_part_07,implementation,2,agent,21.45,23.70,2.25,,0
EXP-04B,exp04b_m08_ro050_lh10,baseline,phase,t04_part_08,specification,3,human,21.45,22.35,0.90,21.45,0.00
EXP-04B,exp04b_m08_ro050_lh10,baseline,phase,t04_part_08,implementation,3,agent,22.35,24.60,2.25,,0
EXP-04B,exp04b_m08_ro050_lh10,baseline,phase,t04_join,acceptance,2,human,24.60,31.80,7.20,24.60,0.00
EXP-04B,exp04b_m08_ro050_lh10,baseline,wait,t01,human_1,2,human_queue,0,1.50,1.50,0,1.50
EXP-04B,exp04b_m08_ro050_lh10,baseline,wait,t03,human_2,1,human_queue,27.75,31.80,4.05,27.75,4.05
EXP-04B,exp04b_m08_ro050_lh10,baseline,wait,t04_part_01,specification,2,human_queue,12.00,14.25,2.25,12.00,2.25
EXP-04B,exp04b_m08_ro050_lh10,baseline,wait,t04_part_02,specification,3,human_queue,12.00,15.15,3.15,12.00,3.15
EXP-04B,exp04b_m08_ro050_lh10,baseline,wait,t04_part_03,specification,4,human_queue,12.00,16.05,4.05,12.00,4.05
EXP-04B,exp04b_m08_ro050_lh10,exact,phase,t01,human_1,2,human,1.50000,2.25000,0.75000,1.50000,0.00000
EXP-04B,exp04b_m08_ro050_lh10,exact,phase,t01,agent_1,2,agent,2.25000,6.75000,4.50000,,0
EXP-04B,exp04b_m08_ro050_lh10,exact,phase,t01,human_2,2,human,6.75000,7.50000,0.75000,6.75000,0.00000
EXP-04B,exp04b_m08_ro050_lh10,exact,phase,t02,human_1,1,human,0.00000,1.50000,1.50000,0.00000,0.00000
EXP-04B,exp04b_m08_ro050_lh10,exact,phase,t02,agent_1,1,agent,1.50000,10.50000,9.00000,,0
EXP-04B,exp04b_m08_ro050_lh10,exact,phase,t02,human_2,1,human,10.50000,12.00000,1.50000,10.50000,0.00000
EXP-04B,exp04b_m08_ro050_lh10,exact,phase,t03,human_1,4,human,15.60000,17.85000,2.25000,15.60000,0.00000
EXP-04B,exp04b_m08_ro050_lh10,exact,phase,t03,agent_1,4,agent,17.85000,31.35000,13.50000,,0
EXP-04B,exp04b_m08_ro050_lh10,exact,phase,t03,human_2,4,human,31.35000,33.60000,2.25000,31.35000,0.00000
EXP-04B,exp04b_m08_ro050_lh10,exact,phase,t04_part_01,specification,2,human,14.70000,15.60000,0.90000,14.70000,0.00000
EXP-04B,exp04b_m08_ro050_lh10,exact,phase,t04_part_01,implementation,2,agent,15.60000,17.85000,2.25000,,0
EXP-04B,exp04b_m08_ro050_lh10,exact,phase,t04_part_02,specification,3,human,19.65000,20.55000,0.90000,19.65000,0.00000
EXP-04B,exp04b_m08_ro050_lh10,exact,phase,t04_part_02,implementation,3,agent,20.55000,22.80000,2.25000,,0
EXP-04B,exp04b_m08_ro050_lh10,exact,phase,t04_part_03,specification,4,human,12.00000,12.90000,0.90000,12.00000,0.00000
EXP-04B,exp04b_m08_ro050_lh10,exact,phase,t04_part_03,implementation,4,agent,12.90000,15.15000,2.25000,,0
EXP-04B,exp04b_m08_ro050_lh10,exact,phase,t04_part_04,specification,3,human,13.80000,14.70000,0.90000,13.80000,0.00000
EXP-04B,exp04b_m08_ro050_lh10,exact,phase,t04_part_04,implementation,3,agent,14.70000,16.95000,2.25000,,0
EXP-04B,exp04b_m08_ro050_lh10,exact,phase,t04_part_05,specification,1,human,12.90000,13.80000,0.90000,12.90000,0.00000
EXP-04B,exp04b_m08_ro050_lh10,exact,phase,t04_part_05,implementation,1,agent,13.80000,16.05000,2.25000,,0
EXP-04B,exp04b_m08_ro050_lh10,exact,phase,t04_part_06,specification,2,human,18.75000,19.65000,0.90000,18.75000,0.00000
EXP-04B,exp04b_m08_ro050_lh10,exact,phase,t04_part_06,implementation,2,agent,19.65000,21.90000,2.25000,,0
EXP-04B,exp04b_m08_ro050_lh10,exact,phase,t04_part_07,specification,1,human,21.00000,21.90000,0.90000,21.00000,0.00000
EXP-04B,exp04b_m08_ro050_lh10,exact,phase,t04_part_07,implementation,1,agent,21.90000,24.15000,2.25000,,0
EXP-04B,exp04b_m08_ro050_lh10,exact,phase,t04_part_08,specification,1,human,17.85000,18.75000,0.90000,17.85000,0.00000
EXP-04B,exp04b_m08_ro050_lh10,exact,phase,t04_part_08,implementation,1,agent,18.75000,21.00000,2.25000,,0
EXP-04B,exp04b_m08_ro050_lh10,exact,phase,t04_join,acceptance,1,human,24.15000,31.35000,7.20000,24.15000,0.00000
EXP-04B,exp04b_m08_ro100_lh00,baseline,phase,t01,human_1,2,human,1.50,2.25,0.75,0,1.50
EXP-04B,exp04b_m08_ro100_lh00,baseline,phase,t01,agent_1,2,agent,2.25,6.75,4.50,,0
EXP-04B,exp04b_m08_ro100_lh00,baseline,phase,t01,human_2,2,human,6.75,7.50,0.75,6.75,0.00
EXP-04B,exp04b_m08_ro100_lh00,baseline,phase,t02,human_1,1,human,0,1.50,1.50,0,0
EXP-04B,exp04b_m08_ro100_lh00,baseline,phase,t02,agent_1,1,agent,1.50,10.50,9.00,,0
EXP-04B,exp04b_m08_ro100_lh00,baseline,phase,t02,human_2,1,human,10.50,12.00,1.50,10.50,0.00
EXP-04B,exp04b_m08_ro100_lh00,baseline,phase,t03,human_1,1,human,12.00,14.25,2.25,12.00,0.00
EXP-04B,exp04b_m08_ro100_lh00,baseline,phase,t03,agent_1,1,agent,14.25,27.75,13.50,,0
EXP-04B,exp04b_m08_ro100_lh00,baseline,phase,t03,human_2,1,human,27.75,30.00,2.25,27.75,0.00
EXP-04B,exp04b_m08_ro100_lh00,baseline,phase,t04_part_01,specification,2,human,14.25,14.625,0.375,12.00,2.25
EXP-04B,exp04b_m08_ro100_lh00,baseline,phase,t04_part_01,implementation,2,agent,14.625,17.925,3.300,,0
EXP-04B,exp04b_m08_ro100_lh00,baseline,phase,t04_part_02,specification,3,human,14.625,15.000,0.375,12.00,2.625
EXP-04B,exp04b_m08_ro100_lh00,baseline,phase,t04_part_02,implementation,3,agent,15.000,18.300,3.300,,0
EXP-04B,exp04b_m08_ro100_lh00,baseline,phase,t04_part_03,specification,4,human,15.000,15.375,0.375,12.00,3.000
EXP-04B,exp04b_m08_ro100_lh00,baseline,phase,t04_part_03,implementation,4,agent,15.375,18.675,3.300,,0
EXP-04B,exp04b_m08_ro100_lh00,baseline,phase,t04_part_04,specification,2,human,17.925,18.300,0.375,17.925,0.000
EXP-04B,exp04b_m08_ro100_lh00,baseline,phase,t04_part_04,implementation,2,agent,18.300,21.600,3.300,,0
EXP-04B,exp04b_m08_ro100_lh00,baseline,phase,t04_part_05,specification,3,human,18.300,18.675,0.375,18.300,0.000
EXP-04B,exp04b_m08_ro100_lh00,baseline,phase,t04_part_05,implementation,3,agent,18.675,21.975,3.300,,0
EXP-04B,exp04b_m08_ro100_lh00,baseline,phase,t04_part_06,specification,4,human,18.675,19.050,0.375,18.675,0.000
EXP-04B,exp04b_m08_ro100_lh00,baseline,phase,t04_part_06,implementation,4,agent,19.050,22.350,3.300,,0
EXP-04B,exp04b_m08_ro100_lh00,baseline,phase,t04_part_07,specification,2,human,21.600,21.975,0.375,21.600,0.000
EXP-04B,exp04b_m08_ro100_lh00,baseline,phase,t04_part_07,implementation,2,agent,21.975,25.275,3.300,,0
EXP-04B,exp04b_m08_ro100_lh00,baseline,phase,t04_part_08,specification,3,human,21.975,22.350,0.375,21.975,0.000
EXP-04B,exp04b_m08_ro100_lh00,baseline,phase,t04_part_08,implementation,3,agent,22.350,25.650,3.300,,0
EXP-04B,exp04b_m08_ro100_lh00,baseline,phase,t04_join,integration,2,agent,25.650,34.050,8.400,,0
EXP-04B,exp04b_m08_ro100_lh00,baseline,phase,t04_join,acceptance,2,human,34.050,37.050,3.000,34.050,0.000
EXP-04B,exp04b_m08_ro100_lh00,baseline,wait,t01,human_1,2,human_queue,0,1.50,1.50,0,1.50
EXP-04B,exp04b_m08_ro100_lh00,baseline,wait,t04_part_01,specification,2,human_queue,12.00,14.25,2.25,12.00,2.25
EXP-04B,exp04b_m08_ro100_lh00,baseline,wait,t04_part_02,specification,3,human_queue,12.00,14.625,2.625,12.00,2.625
EXP-04B,exp04b_m08_ro100_lh00,baseline,wait,t04_part_03,specification,4,human_queue,12.00,15.000,3.000,12.00,3.000
EXP-04B,exp04b_m08_ro100_lh00,exact,phase,t01,human_1,2,human,1.50000,2.25000,0.75000,1.50000,0.00000
EXP-04B,exp04b_m08_ro100_lh00,exact,phase,t01,agent_1,2,agent,2.25000,6.75000,4.50000,,0
EXP-04B,exp04b_m08_ro100_lh00,exact,phase,t01,human_2,2,human,6.75000,7.50000,0.75000,6.75000,0.00000
EXP-04B,exp04b_m08_ro100_lh00,exact,phase,t02,human_1,1,human,0.00000,1.50000,1.50000,0.00000,0.00000
EXP-04B,exp04b_m08_ro100_lh00,exact,phase,t02,agent_1,1,agent,1.50000,10.50000,9.00000,,0
EXP-04B,exp04b_m08_ro100_lh00,exact,phase,t02,human_2,1,human,10.50000,12.00000,1.50000,10.50000,0.00000
EXP-04B,exp04b_m08_ro100_lh00,exact,phase,t03,human_1,3,human,13.12500,15.37500,2.25000,13.12500,0.00000
EXP-04B,exp04b_m08_ro100_lh00,exact,phase,t03,agent_1,3,agent,15.37500,28.87500,13.50000,,0
EXP-04B,exp04b_m08_ro100_lh00,exact,phase,t03,human_2,3,human,28.87500,31.12500,2.25000,28.87500,0.00000
EXP-04B,exp04b_m08_ro100_lh00,exact,phase,t04_part_01,specification,4,human,19.35000,19.72500,0.37500,19.35000,0.00000
EXP-04B,exp04b_m08_ro100_lh00,exact,phase,t04_part_01,implementation,4,agent,19.72500,23.02500,3.30000,,0
EXP-04B,exp04b_m08_ro100_lh00,exact,phase,t04_part_02,specification,4,human,12.00000,12.37500,0.37500,12.00000,0.00000
EXP-04B,exp04b_m08_ro100_lh00,exact,phase,t04_part_02,implementation,4,agent,12.37500,15.67500,3.30000,,0
EXP-04B,exp04b_m08_ro100_lh00,exact,phase,t04_part_03,specification,1,human,12.37500,12.75000,0.37500,12.37500,0.00000
EXP-04B,exp04b_m08_ro100_lh00,exact,phase,t04_part_03,implementation,1,agent,12.75000,16.05000,3.30000,,0
EXP-04B,exp04b_m08_ro100_lh00,exact,phase,t04_part_04,specification,1,human,16.05000,16.42500,0.37500,16.05000,0.00000
EXP-04B,exp04b_m08_ro100_lh00,exact,phase,t04_part_04,implementation,1,agent,16.42500,19.72500,3.30000,,0
EXP-04B,exp04b_m08_ro100_lh00,exact,phase,t04_part_05,specification,4,human,15.67500,16.05000,0.37500,15.67500,0.00000
EXP-04B,exp04b_m08_ro100_lh00,exact,phase,t04_part_05,implementation,4,agent,16.05000,19.35000,3.30000,,0
EXP-04B,exp04b_m08_ro100_lh00,exact,phase,t04_part_06,specification,1,human,19.72500,20.10000,0.37500,19.72500,0.00000
EXP-04B,exp04b_m08_ro100_lh00,exact,phase,t04_part_06,implementation,1,agent,20.10000,23.40000,3.30000,,0
EXP-04B,exp04b_m08_ro100_lh00,exact,phase,t04_part_07,specification,2,human,12.75000,13.12500,0.37500,12.75000,0.00000
EXP-04B,exp04b_m08_ro100_lh00,exact,phase,t04_part_07,implementation,2,agent,13.12500,16.42500,3.30000,,0
EXP-04B,exp04b_m08_ro100_lh00,exact,phase,t04_part_08,specification,2,human,16.42500,16.80000,0.37500,16.42500,0.00000
EXP-04B,exp04b_m08_ro100_lh00,exact,phase,t04_part_08,implementation,2,agent,16.80000,20.10000,3.30000,,0
EXP-04B,exp04b_m08_ro100_lh00,exact,phase,t04_join,integration,1,agent,23.40000,31.80000,8.40000,,0
EXP-04B,exp04b_m08_ro100_lh00,exact,phase,t04_join,acceptance,1,human,31.80000,34.80000,3.00000,31.80000,0.00000
EXP-04B,exp04b_m08_ro100_lh05,baseline,phase,t01,human_1,2,human,1.50,2.25,0.75,0,1.50
EXP-04B,exp04b_m08_ro100_lh05,baseline,phase,t01,agent_1,2,agent,2.25,6.75,4.50,,0
EXP-04B,exp04b_m08_ro100_lh05,baseline,phase,t01,human_2,2,human,6.75,7.50,0.75,6.75,0.00
EXP-04B,exp04b_m08_ro100_lh05,baseline,phase,t02,human_1,1,human,0,1.50,1.50,0,0
EXP-04B,exp04b_m08_ro100_lh05,baseline,phase,t02,agent_1,1,agent,1.50,10.50,9.00,,0
EXP-04B,exp04b_m08_ro100_lh05,baseline,phase,t02,human_2,1,human,10.50,12.00,1.50,10.50,0.00
EXP-04B,exp04b_m08_ro100_lh05,baseline,phase,t03,human_1,1,human,12.00,14.25,2.25,12.00,0.00
EXP-04B,exp04b_m08_ro100_lh05,baseline,phase,t03,agent_1,1,agent,14.25,27.75,13.50,,0
EXP-04B,exp04b_m08_ro100_lh05,baseline,phase,t03,human_2,1,human,27.75,30.00,2.25,27.75,0.00
EXP-04B,exp04b_m08_ro100_lh05,baseline,phase,t04_part_01,specification,2,human,14.25,15.150,0.900,12.00,2.25
EXP-04B,exp04b_m08_ro100_lh05,baseline,phase,t04_part_01,implementation,2,agent,15.150,17.925,2.775,,0
EXP-04B,exp04b_m08_ro100_lh05,baseline,phase,t04_part_02,specification,3,human,15.150,16.050,0.900,12.00,3.150
EXP-04B,exp04b_m08_ro100_lh05,baseline,phase,t04_part_02,implementation,3,agent,16.050,18.825,2.775,,0
EXP-04B,exp04b_m08_ro100_lh05,baseline,phase,t04_part_03,specification,4,human,16.050,16.950,0.900,12.00,4.050
EXP-04B,exp04b_m08_ro100_lh05,baseline,phase,t04_part_03,implementation,4,agent,16.950,19.725,2.775,,0
EXP-04B,exp04b_m08_ro100_lh05,baseline,phase,t04_part_04,specification,2,human,17.925,18.825,0.900,17.925,0.000
EXP-04B,exp04b_m08_ro100_lh05,baseline,phase,t04_part_04,implementation,2,agent,18.825,21.600,2.775,,0
EXP-04B,exp04b_m08_ro100_lh05,baseline,phase,t04_part_05,specification,3,human,18.825,19.725,0.900,18.825,0.000
EXP-04B,exp04b_m08_ro100_lh05,baseline,phase,t04_part_05,implementation,3,agent,19.725,22.500,2.775,,0
EXP-04B,exp04b_m08_ro100_lh05,baseline,phase,t04_part_06,specification,4,human,19.725,20.625,0.900,19.725,0.000
EXP-04B,exp04b_m08_ro100_lh05,baseline,phase,t04_part_06,implementation,4,agent,20.625,23.400,2.775,,0
EXP-04B,exp04b_m08_ro100_lh05,baseline,phase,t04_part_07,specification,2,human,21.600,22.500,0.900,21.600,0.000
EXP-04B,exp04b_m08_ro100_lh05,baseline,phase,t04_part_07,implementation,2,agent,22.500,25.275,2.775,,0
EXP-04B,exp04b_m08_ro100_lh05,baseline,phase,t04_part_08,specification,3,human,22.500,23.400,0.900,22.500,0.000
EXP-04B,exp04b_m08_ro100_lh05,baseline,phase,t04_part_08,implementation,3,agent,23.400,26.175,2.775,,0
EXP-04B,exp04b_m08_ro100_lh05,baseline,phase,t04_join,integration,2,agent,26.175,30.375,4.200,,0
EXP-04B,exp04b_m08_ro100_lh05,baseline,phase,t04_join,acceptance,2,human,30.375,37.575,7.200,30.375,0.000
EXP-04B,exp04b_m08_ro100_lh05,baseline,wait,t01,human_1,2,human_queue,0,1.50,1.50,0,1.50
EXP-04B,exp04b_m08_ro100_lh05,baseline,wait,t04_part_01,specification,2,human_queue,12.00,14.25,2.25,12.00,2.25
EXP-04B,exp04b_m08_ro100_lh05,baseline,wait,t04_part_02,specification,3,human_queue,12.00,15.150,3.150,12.00,3.150
EXP-04B,exp04b_m08_ro100_lh05,baseline,wait,t04_part_03,specification,4,human_queue,12.00,16.050,4.050,12.00,4.050
EXP-04B,exp04b_m08_ro100_lh05,exact,phase,t01,human_1,2,human,1.50000,2.25000,0.75000,1.50000,0.00000
EXP-04B,exp04b_m08_ro100_lh05,exact,phase,t01,agent_1,2,agent,2.25000,6.75000,4.50000,,0
EXP-04B,exp04b_m08_ro100_lh05,exact,phase,t01,human_2,2,human,6.75000,7.50000,0.75000,6.75000,0.00000
EXP-04B,exp04b_m08_ro100_lh05,exact,phase,t02,human_1,1,human,0.00000,1.50000,1.50000,0.00000,0.00000
EXP-04B,exp04b_m08_ro100_lh05,exact,phase,t02,agent_1,1,agent,1.50000,10.50000,9.00000,,0
EXP-04B,exp04b_m08_ro100_lh05,exact,phase,t02,human_2,1,human,10.50000,12.00000,1.50000,10.50000,0.00000
EXP-04B,exp04b_m08_ro100_lh05,exact,phase,t03,human_1,2,human,19.35000,21.60000,2.25000,19.35000,0.00000
EXP-04B,exp04b_m08_ro100_lh05,exact,phase,t03,agent_1,2,agent,21.60000,35.10000,13.50000,,0
EXP-04B,exp04b_m08_ro100_lh05,exact,phase,t03,human_2,2,human,35.10000,37.35000,2.25000,35.10000,0.00000
EXP-04B,exp04b_m08_ro100_lh05,exact,phase,t04_part_01,specification,2,human,15.67500,16.57500,0.90000,15.67500,0.00000
EXP-04B,exp04b_m08_ro100_lh05,exact,phase,t04_part_01,implementation,2,agent,16.57500,19.35000,2.77500,,0
EXP-04B,exp04b_m08_ro100_lh05,exact,phase,t04_part_02,specification,4,human,18.37500,19.27500,0.90000,18.37500,0.00000
EXP-04B,exp04b_m08_ro100_lh05,exact,phase,t04_part_02,implementation,4,agent,19.27500,22.05000,2.77500,,0
EXP-04B,exp04b_m08_ro100_lh05,exact,phase,t04_part_03,specification,4,human,14.70000,15.60000,0.90000,14.70000,0.00000
EXP-04B,exp04b_m08_ro100_lh05,exact,phase,t04_part_03,implementation,4,agent,15.60000,18.37500,2.77500,,0
EXP-04B,exp04b_m08_ro100_lh05,exact,phase,t04_part_04,specification,1,human,13.80000,14.70000,0.90000,13.80000,0.00000
EXP-04B,exp04b_m08_ro100_lh05,exact,phase,t04_part_04,implementation,1,agent,14.70000,17.47500,2.77500,,0
EXP-04B,exp04b_m08_ro100_lh05,exact,phase,t04_part_05,specification,1,human,17.47500,18.37500,0.90000,17.47500,0.00000
EXP-04B,exp04b_m08_ro100_lh05,exact,phase,t04_part_05,implementation,1,agent,18.37500,21.15000,2.77500,,0
EXP-04B,exp04b_m08_ro100_lh05,exact,phase,t04_part_06,specification,3,human,12.90000,13.80000,0.90000,12.90000,0.00000
EXP-04B,exp04b_m08_ro100_lh05,exact,phase,t04_part_06,implementation,3,agent,13.80000,16.57500,2.77500,,0
EXP-04B,exp04b_m08_ro100_lh05,exact,phase,t04_part_07,specification,2,human,12.00000,12.90000,0.90000,12.00000,0.00000
EXP-04B,exp04b_m08_ro100_lh05,exact,phase,t04_part_07,implementation,2,agent,12.90000,15.67500,2.77500,,0
EXP-04B,exp04b_m08_ro100_lh05,exact,phase,t04_part_08,specification,3,human,16.57500,17.47500,0.90000,16.57500,0.00000
EXP-04B,exp04b_m08_ro100_lh05,exact,phase,t04_part_08,implementation,3,agent,17.47500,20.25000,2.77500,,0
EXP-04B,exp04b_m08_ro100_lh05,exact,phase,t04_join,integration,4,agent,22.05000,26.25000,4.20000,,0
EXP-04B,exp04b_m08_ro100_lh05,exact,phase,t04_join,acceptance,4,human,26.25000,33.45000,7.20000,26.25000,0.00000
EXP-04B,exp04b_m08_ro100_lh10,baseline,phase,t01,human_1,2,human,1.50,2.25,0.75,0,1.50
EXP-04B,exp04b_m08_ro100_lh10,baseline,phase,t01,agent_1,2,agent,2.25,6.75,4.50,,0
EXP-04B,exp04b_m08_ro100_lh10,baseline,phase,t01,human_2,2,human,6.75,7.50,0.75,6.75,0.00
EXP-04B,exp04b_m08_ro100_lh10,baseline,phase,t02,human_1,1,human,0,1.50,1.50,0,0
EXP-04B,exp04b_m08_ro100_lh10,baseline,phase,t02,agent_1,1,agent,1.50,10.50,9.00,,0
EXP-04B,exp04b_m08_ro100_lh10,baseline,phase,t02,human_2,1,human,10.50,12.00,1.50,10.50,0.00
EXP-04B,exp04b_m08_ro100_lh10,baseline,phase,t03,human_1,1,human,12.00,14.25,2.25,12.00,0.00
EXP-04B,exp04b_m08_ro100_lh10,baseline,phase,t03,agent_1,1,agent,14.25,27.75,13.50,,0
EXP-04B,exp04b_m08_ro100_lh10,baseline,phase,t03,human_2,1,human,27.75,30.00,2.25,27.75,0.00
EXP-04B,exp04b_m08_ro100_lh10,baseline,phase,t04_part_01,specification,2,human,14.25,15.675,1.425,12.00,2.25
EXP-04B,exp04b_m08_ro100_lh10,baseline,phase,t04_part_01,implementation,2,agent,15.675,17.925,2.250,,0
EXP-04B,exp04b_m08_ro100_lh10,baseline,phase,t04_part_02,specification,3,human,15.675,17.100,1.425,12.00,3.675
EXP-04B,exp04b_m08_ro100_lh10,baseline,phase,t04_part_02,implementation,3,agent,17.100,19.350,2.250,,0
EXP-04B,exp04b_m08_ro100_lh10,baseline,phase,t04_part_03,specification,4,human,17.100,18.525,1.425,12.00,5.100
EXP-04B,exp04b_m08_ro100_lh10,baseline,phase,t04_part_03,implementation,4,agent,18.525,20.775,2.250,,0
EXP-04B,exp04b_m08_ro100_lh10,baseline,phase,t04_part_04,specification,2,human,18.525,19.950,1.425,17.925,0.600
EXP-04B,exp04b_m08_ro100_lh10,baseline,phase,t04_part_04,implementation,2,agent,19.950,22.200,2.250,,0
EXP-04B,exp04b_m08_ro100_lh10,baseline,phase,t04_part_05,specification,3,human,19.950,21.375,1.425,19.350,0.600
EXP-04B,exp04b_m08_ro100_lh10,baseline,phase,t04_part_05,implementation,3,agent,21.375,23.625,2.250,,0
EXP-04B,exp04b_m08_ro100_lh10,baseline,phase,t04_part_06,specification,4,human,21.375,22.800,1.425,20.775,0.600
EXP-04B,exp04b_m08_ro100_lh10,baseline,phase,t04_part_06,implementation,4,agent,22.800,25.050,2.250,,0
EXP-04B,exp04b_m08_ro100_lh10,baseline,phase,t04_part_07,specification,2,human,22.800,24.225,1.425,22.200,0.600
EXP-04B,exp04b_m08_ro100_lh10,baseline,phase,t04_part_07,implementation,2,agent,24.225,26.475,2.250,,0
EXP-04B,exp04b_m08_ro100_lh10,baseline,phase,t04_part_08,specification,3,human,24.225,25.650,1.425,23.625,0.600
EXP-04B,exp04b_m08_ro100_lh10,baseline,phase,t04_part_08,implementation,3,agent,25.650,27.900,2.250,,0
EXP-04B,exp04b_m08_ro100_lh10,baseline,phase,t04_join,acceptance,2,human,30.00,41.40,11.40,27.900,2.100
EXP-04B,exp04b_m08_ro100_lh10,baseline,wait,t01,human_1,2,human_queue,0,1.50,1.50,0,1.50
EXP-04B,exp04b_m08_ro100_lh10,baseline,wait,t04_part_01,specification,2,human_queue,12.00,14.25,2.25,12.00,2.25
EXP-04B,exp04b_m08_ro100_lh10,baseline,wait,t04_part_02,specification,3,human_queue,12.00,15.675,3.675,12.00,3.675
EXP-04B,exp04b_m08_ro100_lh10,baseline,wait,t04_part_03,specification,4,human_queue,12.00,17.100,5.100,12.00,5.100
EXP-04B,exp04b_m08_ro100_lh10,baseline,wait,t04_part_04,specification,2,human_queue,17.925,18.525,0.600,17.925,0.600
EXP-04B,exp04b_m08_ro100_lh10,baseline,wait,t04_part_05,specification,3,human_queue,19.350,19.950,0.600,19.350,0.600
EXP-04B,exp04b_m08_ro100_lh10,baseline,wait,t04_part_06,specification,4,human_queue,20.775,21.375,0.600,20.775,0.600
EXP-04B,exp04b_m08_ro100_lh10,baseline,wait,t04_part_07,specification,2,human_queue,22.200,22.800,0.600,22.200,0.600
EXP-04B,exp04b_m08_ro100_lh10,baseline,wait,t04_part_08,specification,3,human_queue,23.625,24.225,0.600,23.625,0.600
EXP-04B,exp04b_m08_ro100_lh10,baseline,wait,t04_join,acceptance,2,human_queue,27.900,30.00,2.100,27.900,2.100
EXP-04B,exp04b_m08_ro100_lh10,exact,phase,t01,human_1,2,human,1.50000,2.25000,0.75000,1.50000,0.00000
EXP-04B,exp04b_m08_ro100_lh10,exact,phase,t01,agent_1,2,agent,2.25000,6.75000,4.50000,,0
EXP-04B,exp04b_m08_ro100_lh10,exact,phase,t01,human_2,2,human,6.75000,7.50000,0.75000,6.75000,0.00000
EXP-04B,exp04b_m08_ro100_lh10,exact,phase,t02,human_1,1,human,0.00000,1.50000,1.50000,0.00000,0.00000
EXP-04B,exp04b_m08_ro100_lh10,exact,phase,t02,agent_1,1,agent,1.50000,10.50000,9.00000,,0
EXP-04B,exp04b_m08_ro100_lh10,exact,phase,t02,human_2,1,human,10.50000,12.00000,1.50000,10.50000,0.00000
EXP-04B,exp04b_m08_ro100_lh10,exact,phase,t03,human_1,4,human,23.40000,25.65000,2.25000,23.40000,0.00000
EXP-04B,exp04b_m08_ro100_lh10,exact,phase,t03,agent_1,4,agent,25.65000,39.15000,13.50000,,0
EXP-04B,exp04b_m08_ro100_lh10,exact,phase,t03,human_2,4,human,39.15000,41.40000,2.25000,39.15000,0.00000
EXP-04B,exp04b_m08_ro100_lh10,exact,phase,t04_part_01,specification,2,human,17.70000,19.12500,1.42500,17.70000,0.00000
EXP-04B,exp04b_m08_ro100_lh10,exact,phase,t04_part_01,implementation,2,agent,19.12500,21.37500,2.25000,,0
EXP-04B,exp04b_m08_ro100_lh10,exact,phase,t04_part_02,specification,3,human,12.00000,13.42500,1.42500,12.00000,0.00000
EXP-04B,exp04b_m08_ro100_lh10,exact,phase,t04_part_02,implementation,3,agent,13.42500,15.67500,2.25000,,0
EXP-04B,exp04b_m08_ro100_lh10,exact,phase,t04_part_03,specification,3,human,20.55000,21.97500,1.42500,20.55000,0.00000
EXP-04B,exp04b_m08_ro100_lh10,exact,phase,t04_part_03,implementation,3,agent,21.97500,24.22500,2.25000,,0
EXP-04B,exp04b_m08_ro100_lh10,exact,phase,t04_part_04,specification,3,human,16.27500,17.70000,1.42500,16.27500,0.00000
EXP-04B,exp04b_m08_ro100_lh10,exact,phase,t04_part_04,implementation,3,agent,17.70000,19.95000,2.25000,,0
EXP-04B,exp04b_m08_ro100_lh10,exact,phase,t04_part_05,specification,2,human,21.97500,23.40000,1.42500,21.97500,0.00000
EXP-04B,exp04b_m08_ro100_lh10,exact,phase,t04_part_05,implementation,2,agent,23.40000,25.65000,2.25000,,0
EXP-04B,exp04b_m08_ro100_lh10,exact,phase,t04_part_06,specification,2,human,13.42500,14.85000,1.42500,13.42500,0.00000
EXP-04B,exp04b_m08_ro100_lh10,exact,phase,t04_part_06,implementation,2,agent,14.85000,17.10000,2.25000,,0
EXP-04B,exp04b_m08_ro100_lh10,exact,phase,t04_part_07,specification,1,human,14.85000,16.27500,1.42500,14.85000,0.00000
EXP-04B,exp04b_m08_ro100_lh10,exact,phase,t04_part_07,implementation,1,agent,16.27500,18.52500,2.25000,,0
EXP-04B,exp04b_m08_ro100_lh10,exact,phase,t04_part_08,specification,1,human,19.12500,20.55000,1.42500,19.12500,0.00000
EXP-04B,exp04b_m08_ro100_lh10,exact,phase,t04_part_08,implementation,1,agent,20.55000,22.80000,2.25000,,0
EXP-04B,exp04b_m08_ro100_lh10,exact,phase,t04_join,acceptance,1,human,25.65000,37.05000,11.40000,25.65000,0.00000
EXP-04B,exp04b_m08_ro200_lh00,baseline,phase,t01,human_1,2,human,1.50,2.25,0.75,0,1.50
EXP-04B,exp04b_m08_ro200_lh00,baseline,phase,t01,agent_1,2,agent,2.25,6.75,4.50,,0
EXP-04B,exp04b_m08_ro200_lh00,baseline,phase,t01,human_2,2,human,6.75,7.50,0.75,6.75,0.00
EXP-04B,exp04b_m08_ro200_lh00,baseline,phase,t02,human_1,1,human,0,1.50,1.50,0,0
EXP-04B,exp04b_m08_ro200_lh00,baseline,phase,t02,agent_1,1,agent,1.50,10.50,9.00,,0
EXP-04B,exp04b_m08_ro200_lh00,baseline,phase,t02,human_2,1,human,10.50,12.00,1.50,10.50,0.00
EXP-04B,exp04b_m08_ro200_lh00,baseline,phase,t03,human_1,1,human,21.450,23.700,2.250,21.450,0.000
EXP-04B,exp04b_m08_ro200_lh00,baseline,phase,t03,agent_1,1,agent,23.700,37.200,13.500,,0
EXP-04B,exp04b_m08_ro200_lh00,baseline,phase,t03,human_2,1,human,37.200,39.450,2.250,37.200,0.000
EXP-04B,exp04b_m08_ro200_lh00,baseline,phase,t04_part_01,specification,1,human,12.00,12.375,0.375,12.00,0.00
EXP-04B,exp04b_m08_ro200_lh00,baseline,phase,t04_part_01,implementation,1,agent,12.375,16.725,4.350,,0
EXP-04B,exp04b_m08_ro200_lh00,baseline,phase,t04_part_02,specification,2,human,12.375,12.750,0.375,12.00,0.375
EXP-04B,exp04b_m08_ro200_lh00,baseline,phase,t04_part_02,implementation,2,agent,12.750,17.100,4.350,,0
EXP-04B,exp04b_m08_ro200_lh00,baseline,phase,t04_part_03,specification,3,human,12.750,13.125,0.375,12.00,0.750
EXP-04B,exp04b_m08_ro200_lh00,baseline,phase,t04_part_03,implementation,3,agent,13.125,17.475,4.350,,0
EXP-04B,exp04b_m08_ro200_lh00,baseline,phase,t04_part_04,specification,4,human,13.125,13.500,0.375,12.00,1.125
EXP-04B,exp04b_m08_ro200_lh00,baseline,phase,t04_part_04,implementation,4,agent,13.500,17.850,4.350,,0
EXP-04B,exp04b_m08_ro200_lh00,baseline,phase,t04_part_05,specification,1,human,16.725,17.100,0.375,16.725,0.000
EXP-04B,exp04b_m08_ro200_lh00,baseline,phase,t04_part_05,implementation,1,agent,17.100,21.450,4.350,,0
EXP-04B,exp04b_m08_ro200_lh00,baseline,phase,t04_part_06,specification,2,human,17.100,17.475,0.375,17.100,0.000
EXP-04B,exp04b_m08_ro200_lh00,baseline,phase,t04_part_06,implementation,2,agent,17.475,21.825,4.350,,0
EXP-04B,exp04b_m08_ro200_lh00,baseline,phase,t04_part_07,specification,3,human,17.475,17.850,0.375,17.475,0.000
EXP-04B,exp04b_m08_ro200_lh00,baseline,phase,t04_part_07,implementation,3,agent,17.850,22.200,4.350,,0
EXP-04B,exp04b_m08_ro200_lh00,baseline,phase,t04_part_08,specification,4,human,17.850,18.225,0.375,17.850,0.000
EXP-04B,exp04b_m08_ro200_lh00,baseline,phase,t04_part_08,implementation,4,agent,18.225,22.575,4.350,,0
EXP-04B,exp04b_m08_ro200_lh00,baseline,phase,t04_join,integration,2,agent,22.575,39.375,16.800,,0
EXP-04B,exp04b_m08_ro200_lh00,baseline,phase,t04_join,acceptance,2,human,39.450,42.450,3.000,39.375,0.075
EXP-04B,exp04b_m08_ro200_lh00,baseline,wait,t01,human_1,2,human_queue,0,1.50,1.50,0,1.50
EXP-04B,exp04b_m08_ro200_lh00,baseline,wait,t04_part_02,specification,2,human_queue,12.00,12.375,0.375,12.00,0.375
EXP-04B,exp04b_m08_ro200_lh00,baseline,wait,t04_part_03,specification,3,human_queue,12.00,12.750,0.750,12.00,0.750
EXP-04B,exp04b_m08_ro200_lh00,baseline,wait,t04_part_04,specification,4,human_queue,12.00,13.125,1.125,12.00,1.125
EXP-04B,exp04b_m08_ro200_lh00,baseline,wait,t04_join,acceptance,2,human_queue,39.375,39.450,0.075,39.375,0.075
EXP-04B,exp04b_m08_ro200_lh00,exact,phase,t01,human_1,2,human,1.50000,2.25000,0.75000,1.50000,0.00000
EXP-04B,exp04b_m08_ro200_lh00,exact,phase,t01,agent_1,2,agent,2.25000,6.75000,4.50000,,0
EXP-04B,exp04b_m08_ro200_lh00,exact,phase,t01,human_2,2,human,6.75000,7.50000,0.75000,6.75000,0.00000
EXP-04B,exp04b_m08_ro200_lh00,exact,phase,t02,human_1,1,human,0.00000,1.50000,1.50000,0.00000,0.00000
EXP-04B,exp04b_m08_ro200_lh00,exact,phase,t02,agent_1,1,agent,1.50000,10.50000,9.00000,,0
EXP-04B,exp04b_m08_ro200_lh00,exact,phase,t02,human_2,1,human,10.50000,12.00000,1.50000,10.50000,0.00000
EXP-04B,exp04b_m08_ro200_lh00,exact,phase,t03,human_1,2,human,21.45000,23.70000,2.25000,21.45000,0.00000
EXP-04B,exp04b_m08_ro200_lh00,exact,phase,t03,agent_1,2,agent,23.70000,37.20000,13.50000,,0
EXP-04B,exp04b_m08_ro200_lh00,exact,phase,t03,human_2,2,human,37.20000,39.45000,2.25000,37.20000,0.00000
EXP-04B,exp04b_m08_ro200_lh00,exact,phase,t04_part_01,specification,1,human,13.12500,13.50000,0.37500,13.12500,0.00000
EXP-04B,exp04b_m08_ro200_lh00,exact,phase,t04_part_01,implementation,1,agent,13.50000,17.85000,4.35000,,0
EXP-04B,exp04b_m08_ro200_lh00,exact,phase,t04_part_02,specification,2,human,12.00000,12.37500,0.37500,12.00000,0.00000
EXP-04B,exp04b_m08_ro200_lh00,exact,phase,t04_part_02,implementation,2,agent,12.37500,16.72500,4.35000,,0
EXP-04B,exp04b_m08_ro200_lh00,exact,phase,t04_part_03,specification,4,human,17.10000,17.47500,0.37500,17.10000,0.00000
EXP-04B,exp04b_m08_ro200_lh00,exact,phase,t04_part_03,implementation,4,agent,17.47500,21.82500,4.35000,,0
EXP-04B,exp04b_m08_ro200_lh00,exact,phase,t04_part_04,specification,3,human,12.75000,13.12500,0.37500,12.75000,0.00000
EXP-04B,exp04b_m08_ro200_lh00,exact,phase,t04_part_04,implementation,3,agent,13.12500,17.47500,4.35000,,0
EXP-04B,exp04b_m08_ro200_lh00,exact,phase,t04_part_05,specification,2,human,16.72500,17.10000,0.37500,16.72500,0.00000
EXP-04B,exp04b_m08_ro200_lh00,exact,phase,t04_part_05,implementation,2,agent,17.10000,21.45000,4.35000,,0
EXP-04B,exp04b_m08_ro200_lh00,exact,phase,t04_part_06,specification,3,human,17.47500,17.85000,0.37500,17.47500,0.00000
EXP-04B,exp04b_m08_ro200_lh00,exact,phase,t04_part_06,implementation,3,agent,17.85000,22.20000,4.35000,,0
EXP-04B,exp04b_m08_ro200_lh00,exact,phase,t04_part_07,specification,1,human,17.85000,18.22500,0.37500,17.85000,0.00000
EXP-04B,exp04b_m08_ro200_lh00,exact,phase,t04_part_07,implementation,1,agent,18.22500,22.57500,4.35000,,0
EXP-04B,exp04b_m08_ro200_lh00,exact,phase,t04_part_08,specification,4,human,12.37500,12.75000,0.37500,12.37500,0.00000
EXP-04B,exp04b_m08_ro200_lh00,exact,phase,t04_part_08,implementation,4,agent,12.75000,17.10000,4.35000,,0
EXP-04B,exp04b_m08_ro200_lh00,exact,phase,t04_join,integration,1,agent,22.57500,39.37500,16.80000,,0
EXP-04B,exp04b_m08_ro200_lh00,exact,phase,t04_join,acceptance,1,human,39.45000,42.45000,3.00000,39.37500,0.07500
EXP-04B,exp04b_m08_ro200_lh00,exact,wait,t04_join,acceptance,1,human_queue,39.37500,39.45000,0.07500,39.37500,0.07500
EXP-04B,exp04b_m08_ro200_lh05,baseline,phase,t01,human_1,2,human,1.50,2.25,0.75,0,1.50
EXP-04B,exp04b_m08_ro200_lh05,baseline,phase,t01,agent_1,2,agent,2.25,6.75,4.50,,0
EXP-04B,exp04b_m08_ro200_lh05,baseline,phase,t01,human_2,2,human,6.75,7.50,0.75,6.75,0.00
EXP-04B,exp04b_m08_ro200_lh05,baseline,phase,t02,human_1,1,human,0,1.50,1.50,0,0
EXP-04B,exp04b_m08_ro200_lh05,baseline,phase,t02,agent_1,1,agent,1.50,10.50,9.00,,0
EXP-04B,exp04b_m08_ro200_lh05,baseline,phase,t02,human_2,1,human,10.50,12.00,1.50,10.50,0.00
EXP-04B,exp04b_m08_ro200_lh05,baseline,phase,t03,human_1,1,human,23.400,25.650,2.250,22.425,0.975
EXP-04B,exp04b_m08_ro200_lh05,baseline,phase,t03,agent_1,1,agent,25.650,39.150,13.500,,0
EXP-04B,exp04b_m08_ro200_lh05,baseline,phase,t03,human_2,1,human,46.500,48.750,2.250,39.150,7.350
EXP-04B,exp04b_m08_ro200_lh05,baseline,phase,t04_part_01,specification,1,human,12.00,13.425,1.425,12.00,0.00
EXP-04B,exp04b_m08_ro200_lh05,baseline,phase,t04_part_01,implementation,1,agent,13.425,16.725,3.300,,0
EXP-04B,exp04b_m08_ro200_lh05,baseline,phase,t04_part_02,specification,2,human,13.425,14.850,1.425,12.00,1.425
EXP-04B,exp04b_m08_ro200_lh05,baseline,phase,t04_part_02,implementation,2,agent,14.850,18.150,3.300,,0
EXP-04B,exp04b_m08_ro200_lh05,baseline,phase,t04_part_03,specification,3,human,14.850,16.275,1.425,12.00,2.850
EXP-04B,exp04b_m08_ro200_lh05,baseline,phase,t04_part_03,implementation,3,agent,16.275,19.575,3.300,,0
EXP-04B,exp04b_m08_ro200_lh05,baseline,phase,t04_part_04,specification,4,human,16.275,17.700,1.425,12.00,4.275
EXP-04B,exp04b_m08_ro200_lh05,baseline,phase,t04_part_04,implementation,4,agent,17.700,21.000,3.300,,0
EXP-04B,exp04b_m08_ro200_lh05,baseline,phase,t04_part_05,specification,1,human,17.700,19.125,1.425,16.725,0.975
EXP-04B,exp04b_m08_ro200_lh05,baseline,phase,t04_part_05,implementation,1,agent,19.125,22.425,3.300,,0
EXP-04B,exp04b_m08_ro200_lh05,baseline,phase,t04_part_06,specification,2,human,19.125,20.550,1.425,18.150,0.975
EXP-04B,exp04b_m08_ro200_lh05,baseline,phase,t04_part_06,implementation,2,agent,20.550,23.850,3.300,,0
EXP-04B,exp04b_m08_ro200_lh05,baseline,phase,t04_part_07,specification,3,human,20.550,21.975,1.425,19.575,0.975
EXP-04B,exp04b_m08_ro200_lh05,baseline,phase,t04_part_07,implementation,3,agent,21.975,25.275,3.300,,0
EXP-04B,exp04b_m08_ro200_lh05,baseline,phase,t04_part_08,specification,4,human,21.975,23.400,1.425,21.000,0.975
EXP-04B,exp04b_m08_ro200_lh05,baseline,phase,t04_part_08,implementation,4,agent,23.400,26.700,3.300,,0
EXP-04B,exp04b_m08_ro200_lh05,baseline,phase,t04_join,integration,2,agent,26.700,35.100,8.400,,0
EXP-04B,exp04b_m08_ro200_lh05,baseline,phase,t04_join,acceptance,2,human,35.100,46.500,11.400,35.100,0.000
EXP-04B,exp04b_m08_ro200_lh05,baseline,wait,t01,human_1,2,human_queue,0,1.50,1.50,0,1.50
EXP-04B,exp04b_m08_ro200_lh05,baseline,wait,t03,human_1,1,human_queue,22.425,23.400,0.975,22.425,0.975
EXP-04B,exp04b_m08_ro200_lh05,baseline,wait,t03,human_2,1,human_queue,39.150,46.500,7.350,39.150,7.350
EXP-04B,exp04b_m08_ro200_lh05,baseline,wait,t04_part_02,specification,2,human_queue,12.00,13.425,1.425,12.00,1.425
EXP-04B,exp04b_m08_ro200_lh05,baseline,wait,t04_part_03,specification,3,human_queue,12.00,14.850,2.850,12.00,2.850
EXP-04B,exp04b_m08_ro200_lh05,baseline,wait,t04_part_04,specification,4,human_queue,12.00,16.275,4.275,12.00,4.275
EXP-04B,exp04b_m08_ro200_lh05,baseline,wait,t04_part_05,specification,1,human_queue,16.725,17.700,0.975,16.725,0.975
EXP-04B,exp04b_m08_ro200_lh05,baseline,wait,t04_part_06,specification,2,human_queue,18.150,19.125,0.975,18.150,0.975
EXP-04B,exp04b_m08_ro200_lh05,baseline,wait,t04_part_07,specification,3,human_queue,19.575,20.550,0.975,19.575,0.975
EXP-04B,exp04b_m08_ro200_lh05,baseline,wait,t04_part_08,specification,4,human_queue,21.000,21.975,0.975,21.000,0.975
EXP-04B,exp04b_m08_ro200_lh05,exact,phase,t01,human_1,2,human,1.50000,2.25000,0.75000,1.50000,0.00000
EXP-04B,exp04b_m08_ro200_lh05,exact,phase,t01,agent_1,2,agent,2.25000,6.75000,4.50000,,0
EXP-04B,exp04b_m08_ro200_lh05,exact,phase,t01,human_2,2,human,6.75000,7.50000,0.75000,6.75000,0.00000
EXP-04B,exp04b_m08_ro200_lh05,exact,phase,t02,human_1,1,human,0.00000,1.50000,1.50000,0.00000,0.00000
EXP-04B,exp04b_m08_ro200_lh05,exact,phase,t02,agent_1,1,agent,1.50000,10.50000,9.00000,,0
EXP-04B,exp04b_m08_ro200_lh05,exact,phase,t02,human_2,1,human,10.50000,12.00000,1.50000,10.50000,0.00000
EXP-04B,exp04b_m08_ro200_lh05,exact,phase,t03,human_1,2,human,23.85000,26.10000,2.25000,23.85000,0.00000
EXP-04B,exp04b_m08_ro200_lh05,exact,phase,t03,agent_1,2,agent,26.10000,39.60000,13.50000,,0
EXP-04B,exp04b_m08_ro200_lh05,exact,phase,t03,human_2,2,human,46.50000,48.75000,2.25000,39.60000,6.90000
EXP-04B,exp04b_m08_ro200_lh05,exact,phase,t04_part_01,specification,4,human,17.70000,19.12500,1.42500,17.70000,0.00000
EXP-04B,exp04b_m08_ro200_lh05,exact,phase,t04_part_01,implementation,4,agent,19.12500,22.42500,3.30000,,0
EXP-04B,exp04b_m08_ro200_lh05,exact,phase,t04_part_02,specification,4,human,12.00000,13.42500,1.42500,12.00000,0.00000
EXP-04B,exp04b_m08_ro200_lh05,exact,phase,t04_part_02,implementation,4,agent,13.42500,16.72500,3.30000,,0
EXP-04B,exp04b_m08_ro200_lh05,exact,phase,t04_part_03,specification,3,human,20.55000,21.97500,1.42500,20.55000,0.00000
EXP-04B,exp04b_m08_ro200_lh05,exact,phase,t04_part_03,implementation,3,agent,21.97500,25.27500,3.30000,,0
EXP-04B,exp04b_m08_ro200_lh05,exact,phase,t04_part_04,specification,3,human,14.85000,16.27500,1.42500,14.85000,0.00000
EXP-04B,exp04b_m08_ro200_lh05,exact,phase,t04_part_04,implementation,3,agent,16.27500,19.57500,3.30000,,0
EXP-04B,exp04b_m08_ro200_lh05,exact,phase,t04_part_05,specification,2,human,13.42500,14.85000,1.42500,13.42500,0.00000
EXP-04B,exp04b_m08_ro200_lh05,exact,phase,t04_part_05,implementation,2,agent,14.85000,18.15000,3.30000,,0
EXP-04B,exp04b_m08_ro200_lh05,exact,phase,t04_part_06,specification,2,human,19.12500,20.55000,1.42500,19.12500,0.00000
EXP-04B,exp04b_m08_ro200_lh05,exact,phase,t04_part_06,implementation,2,agent,20.55000,23.85000,3.30000,,0
EXP-04B,exp04b_m08_ro200_lh05,exact,phase,t04_part_07,specification,1,human,16.27500,17.70000,1.42500,16.27500,0.00000
EXP-04B,exp04b_m08_ro200_lh05,exact,phase,t04_part_07,implementation,1,agent,17.70000,21.00000,3.30000,,0
EXP-04B,exp04b_m08_ro200_lh05,exact,phase,t04_part_08,specification,1,human,21.97500,23.40000,1.42500,21.97500,0.00000
EXP-04B,exp04b_m08_ro200_lh05,exact,phase,t04_part_08,implementation,1,agent,23.40000,26.70000,3.30000,,0
EXP-04B,exp04b_m08_ro200_lh05,exact,phase,t04_join,integration,1,agent,26.70000,35.10000,8.40000,,0
EXP-04B,exp04b_m08_ro200_lh05,exact,phase,t04_join,acceptance,1,human,35.10000,46.50000,11.40000,35.10000,0.00000
EXP-04B,exp04b_m08_ro200_lh05,exact,wait,t03,human_2,2,human_queue,39.60000,46.50000,6.90000,39.60000,6.90000
EXP-04B,exp04b_m08_ro200_lh10,baseline,phase,t01,human_1,2,human,1.50,2.25,0.75,0,1.50
EXP-04B,exp04b_m08_ro200_lh10,baseline,phase,t01,agent_1,2,agent,2.25,6.75,4.50,,0
EXP-04B,exp04b_m08_ro200_lh10,baseline,phase,t01,human_2,2,human,6.75,7.50,0.75,6.75,0.00
EXP-04B,exp04b_m08_ro200_lh10,baseline,phase,t02,human_1,1,human,0,1.50,1.50,0,0
EXP-04B,exp04b_m08_ro200_lh10,baseline,phase,t02,agent_1,1,agent,1.50,10.50,9.00,,0
EXP-04B,exp04b_m08_ro200_lh10,baseline,phase,t02,human_2,1,human,10.50,12.00,1.50,10.50,0.00
EXP-04B,exp04b_m08_ro200_lh10,baseline,phase,t03,human_1,1,human,31.800,34.050,2.250,26.625,5.175
EXP-04B,exp04b_m08_ro200_lh10,baseline,phase,t03,agent_1,1,agent,34.050,47.550,13.500,,0
EXP-04B,exp04b_m08_ro200_lh10,baseline,phase,t03,human_2,1,human,53.850,56.100,2.250,47.550,6.300
EXP-04B,exp04b_m08_ro200_lh10,baseline,phase,t04_part_01,specification,1,human,12.00,14.475,2.475,12.00,0.00
EXP-04B,exp04b_m08_ro200_lh10,baseline,phase,t04_part_01,implementation,1,agent,14.475,16.725,2.250,,0
EXP-04B,exp04b_m08_ro200_lh10,baseline,phase,t04_part_02,specification,2,human,14.475,16.950,2.475,12.00,2.475
EXP-04B,exp04b_m08_ro200_lh10,baseline,phase,t04_part_02,implementation,2,agent,16.950,19.200,2.250,,0
EXP-04B,exp04b_m08_ro200_lh10,baseline,phase,t04_part_03,specification,3,human,16.950,19.425,2.475,12.00,4.950
EXP-04B,exp04b_m08_ro200_lh10,baseline,phase,t04_part_03,implementation,3,agent,19.425,21.675,2.250,,0
EXP-04B,exp04b_m08_ro200_lh10,baseline,phase,t04_part_04,specification,4,human,19.425,21.900,2.475,12.00,7.425
EXP-04B,exp04b_m08_ro200_lh10,baseline,phase,t04_part_04,implementation,4,agent,21.900,24.150,2.250,,0
EXP-04B,exp04b_m08_ro200_lh10,baseline,phase,t04_part_05,specification,1,human,21.900,24.375,2.475,16.725,5.175
EXP-04B,exp04b_m08_ro200_lh10,baseline,phase,t04_part_05,implementation,1,agent,24.375,26.625,2.250,,0
EXP-04B,exp04b_m08_ro200_lh10,baseline,phase,t04_part_06,specification,2,human,24.375,26.850,2.475,19.200,5.175
EXP-04B,exp04b_m08_ro200_lh10,baseline,phase,t04_part_06,implementation,2,agent,26.850,29.100,2.250,,0
EXP-04B,exp04b_m08_ro200_lh10,baseline,phase,t04_part_07,specification,3,human,26.850,29.325,2.475,21.675,5.175
EXP-04B,exp04b_m08_ro200_lh10,baseline,phase,t04_part_07,implementation,3,agent,29.325,31.575,2.250,,0
EXP-04B,exp04b_m08_ro200_lh10,baseline,phase,t04_part_08,specification,4,human,29.325,31.800,2.475,24.150,5.175
EXP-04B,exp04b_m08_ro200_lh10,baseline,phase,t04_part_08,implementation,4,agent,31.800,34.050,2.250,,0
EXP-04B,exp04b_m08_ro200_lh10,baseline,phase,t04_join,acceptance,2,human,34.050,53.850,19.800,34.050,0.000
EXP-04B,exp04b_m08_ro200_lh10,baseline,wait,t01,human_1,2,human_queue,0,1.50,1.50,0,1.50
EXP-04B,exp04b_m08_ro200_lh10,baseline,wait,t03,human_1,1,human_queue,26.625,31.800,5.175,26.625,5.175
EXP-04B,exp04b_m08_ro200_lh10,baseline,wait,t03,human_2,1,human_queue,47.550,53.850,6.300,47.550,6.300
EXP-04B,exp04b_m08_ro200_lh10,baseline,wait,t04_part_02,specification,2,human_queue,12.00,14.475,2.475,12.00,2.475
EXP-04B,exp04b_m08_ro200_lh10,baseline,wait,t04_part_03,specification,3,human_queue,12.00,16.950,4.950,12.00,4.950
EXP-04B,exp04b_m08_ro200_lh10,baseline,wait,t04_part_04,specification,4,human_queue,12.00,19.425,7.425,12.00,7.425
EXP-04B,exp04b_m08_ro200_lh10,baseline,wait,t04_part_05,specification,1,human_queue,16.725,21.900,5.175,16.725,5.175
EXP-04B,exp04b_m08_ro200_lh10,baseline,wait,t04_part_06,specification,2,human_queue,19.200,24.375,5.175,19.200,5.175
EXP-04B,exp04b_m08_ro200_lh10,baseline,wait,t04_part_07,specification,3,human_queue,21.675,26.850,5.175,21.675,5.175
EXP-04B,exp04b_m08_ro200_lh10,baseline,wait,t04_part_08,specification,4,human_queue,24.150,29.325,5.175,24.150,5.175
EXP-04B,exp04b_m08_ro200_lh10,exact,phase,t01,human_1,2,human,1.50000,2.25000,0.75000,1.50000,0.00000
EXP-04B,exp04b_m08_ro200_lh10,exact,phase,t01,agent_1,2,agent,2.25000,6.75000,4.50000,,0
EXP-04B,exp04b_m08_ro200_lh10,exact,phase,t01,human_2,2,human,6.75000,7.50000,0.75000,6.75000,0.00000
EXP-04B,exp04b_m08_ro200_lh10,exact,phase,t02,human_1,1,human,0.00000,1.50000,1.50000,0.00000,0.00000
EXP-04B,exp04b_m08_ro200_lh10,exact,phase,t02,agent_1,1,agent,1.50000,10.50000,9.00000,,0
EXP-04B,exp04b_m08_ro200_lh10,exact,phase,t02,human_2,1,human,10.50000,12.00000,1.50000,10.50000,0.00000
EXP-04B,exp04b_m08_ro200_lh10,exact,phase,t03,human_1,3,human,31.80000,34.05000,2.25000,31.80000,0.00000
EXP-04B,exp04b_m08_ro200_lh10,exact,phase,t03,agent_1,3,agent,34.05000,47.55000,13.50000,,0
EXP-04B,exp04b_m08_ro200_lh10,exact,phase,t03,human_2,3,human,53.85000,56.10000,2.25000,47.55000,6.30000
EXP-04B,exp04b_m08_ro200_lh10,exact,phase,t04_part_01,specification,2,human,19.42500,21.90000,2.47500,19.42500,0.00000
EXP-04B,exp04b_m08_ro200_lh10,exact,phase,t04_part_01,implementation,2,agent,21.90000,24.15000,2.25000,,0
EXP-04B,exp04b_m08_ro200_lh10,exact,phase,t04_part_02,specification,2,human,29.32500,31.80000,2.47500,29.32500,0.00000
EXP-04B,exp04b_m08_ro200_lh10,exact,phase,t04_part_02,implementation,2,agent,31.80000,34.05000,2.25000,,0
EXP-04B,exp04b_m08_ro200_lh10,exact,phase,t04_part_03,specification,2,human,14.47500,16.95000,2.47500,14.47500,0.00000
EXP-04B,exp04b_m08_ro200_lh10,exact,phase,t04_part_03,implementation,2,agent,16.95000,19.20000,2.25000,,0
EXP-04B,exp04b_m08_ro200_lh10,exact,phase,t04_part_04,specification,1,human,21.90000,24.37500,2.47500,21.90000,0.00000
EXP-04B,exp04b_m08_ro200_lh10,exact,phase,t04_part_04,implementation,1,agent,24.37500,26.62500,2.25000,,0
EXP-04B,exp04b_m08_ro200_lh10,exact,phase,t04_part_05,specification,2,human,24.37500,26.85000,2.47500,24.37500,0.00000
EXP-04B,exp04b_m08_ro200_lh10,exact,phase,t04_part_05,implementation,2,agent,26.85000,29.10000,2.25000,,0
EXP-04B,exp04b_m08_ro200_lh10,exact,phase,t04_part_06,specification,1,human,16.95000,19.42500,2.47500,16.95000,0.00000
EXP-04B,exp04b_m08_ro200_lh10,exact,phase,t04_part_06,implementation,1,agent,19.42500,21.67500,2.25000,,0
EXP-04B,exp04b_m08_ro200_lh10,exact,phase,t04_part_07,specification,1,human,26.85000,29.32500,2.47500,26.85000,0.00000
EXP-04B,exp04b_m08_ro200_lh10,exact,phase,t04_part_07,implementation,1,agent,29.32500,31.57500,2.25000,,0
EXP-04B,exp04b_m08_ro200_lh10,exact,phase,t04_part_08,specification,1,human,12.00000,14.47500,2.47500,12.00000,0.00000
EXP-04B,exp04b_m08_ro200_lh10,exact,phase,t04_part_08,implementation,1,agent,14.47500,16.72500,2.25000,,0
EXP-04B,exp04b_m08_ro200_lh10,exact,phase,t04_join,acceptance,1,human,34.05000,53.85000,19.80000,34.05000,0.00000
EXP-04B,exp04b_m08_ro200_lh10,exact,wait,t03,human_2,3,human_queue,47.55000,53.85000,6.30000,47.55000,6.30000
