pair_type,dag_id,task_count,topology_family,weight_type,path_multiplicity,observation_index,phase_profile,P,path_stable,path_transition,delta_reference_path_length,delta_reference_path_length_normalized,delta_L4,delta_B4,theoretical_delta,identity_holds,delta_makespan,delta_makespan_normalized,delta_queue,delta_queue_normalized,delta_blocked_any,delta_blocked_any_normalized
schedule_policy,exp08_confirmatory_n8_wide_layered_homogeneous_00,8,wide_layered,homogeneous,tied,0,io,1,,,,,,,,,0.000,0,0,0,0,0
schedule_policy,exp08_confirmatory_n8_wide_layered_homogeneous_00,8,wide_layered,homogeneous,tied,0,io,4,,,,,,,,,-0.960,-0.04,-3.552,-0.148,-1.920,-0.08
schedule_policy,exp08_confirmatory_n8_wide_layered_homogeneous_00,8,wide_layered,homogeneous,tied,0,io,8,,,,,,,,,-0.768,-0.032,0.000,0,-0.384,-0.016
schedule_policy,exp08_confirmatory_n8_wide_layered_homogeneous_00,8,wide_layered,homogeneous,tied,0,equal_alternating,1,,,,,,,,,0.000,0,0,0,0,0
schedule_policy,exp08_confirmatory_n8_wide_layered_homogeneous_00,8,wide_layered,homogeneous,tied,0,equal_alternating,4,,,,,,,,,-0.480,-0.02,-1.488,-0.062,-0.672,-0.028
schedule_policy,exp08_confirmatory_n8_wide_layered_homogeneous_00,8,wide_layered,homogeneous,tied,0,equal_alternating,8,,,,,,,,,-0.384,-0.016,0.576,0.024,0.384,0.016
differentiated_slowdown,exp08_confirmatory_n8_wide_layered_homogeneous_00,8,wide_layered,homogeneous,tied,0,io,4,true,t01->t03 => t01->t03,1.3824,0.05521472392638036809815950920,1.3824,1.3824,1.382400,true,,,,,,
schedule_policy,exp08_confirmatory_n8_wide_layered_homogeneous_01,8,wide_layered,homogeneous,tied,1,io,1,,,,,,,,,0.000,0,0,0,0,0
schedule_policy,exp08_confirmatory_n8_wide_layered_homogeneous_01,8,wide_layered,homogeneous,tied,1,io,4,,,,,,,,,-1.248,-0.052,-2.016,-0.084,-2.112,-0.088
schedule_policy,exp08_confirmatory_n8_wide_layered_homogeneous_01,8,wide_layered,homogeneous,tied,1,io,8,,,,,,,,,-0.768,-0.032,-0.192,-0.008,0.768,0.032
schedule_policy,exp08_confirmatory_n8_wide_layered_homogeneous_01,8,wide_layered,homogeneous,tied,1,equal_alternating,1,,,,,,,,,0.000,0,0,0,0,0
schedule_policy,exp08_confirmatory_n8_wide_layered_homogeneous_01,8,wide_layered,homogeneous,tied,1,equal_alternating,4,,,,,,,,,-0.336,-0.014,-0.144,-0.006,1.472,0.06133333333333333333333333333
schedule_policy,exp08_confirmatory_n8_wide_layered_homogeneous_01,8,wide_layered,homogeneous,tied,1,equal_alternating,8,,,,,,,,,-0.384,-0.016,1.344,0.056,2.688,0.112
differentiated_slowdown,exp08_confirmatory_n8_wide_layered_homogeneous_01,8,wide_layered,homogeneous,tied,1,io,4,true,t01->t05 => t01->t05,1.3824,0.05521472392638036809815950920,1.3824,1.3824,1.382400,true,,,,,,
schedule_policy,exp08_confirmatory_n8_wide_layered_homogeneous_02,8,wide_layered,homogeneous,tied,2,io,1,,,,,,,,,0.000,0,0,0,0,0
schedule_policy,exp08_confirmatory_n8_wide_layered_homogeneous_02,8,wide_layered,homogeneous,tied,2,io,4,,,,,,,,,-1.344,-0.056,-2.784,-0.116,-1.344,-0.056
schedule_policy,exp08_confirmatory_n8_wide_layered_homogeneous_02,8,wide_layered,homogeneous,tied,2,io,8,,,,,,,,,-0.768,-0.032,2.112,0.088,0.960,0.04
schedule_policy,exp08_confirmatory_n8_wide_layered_homogeneous_02,8,wide_layered,homogeneous,tied,2,equal_alternating,1,,,,,,,,,0.000,0,0,0,0,0
schedule_policy,exp08_confirmatory_n8_wide_layered_homogeneous_02,8,wide_layered,homogeneous,tied,2,equal_alternating,4,,,,,,,,,-0.384,-0.016,-0.816,-0.034,0.336,0.014
schedule_policy,exp08_confirmatory_n8_wide_layered_homogeneous_02,8,wide_layered,homogeneous,tied,2,equal_alternating,8,,,,,,,,,-0.384,-0.016,-0.672,-0.028,2.208,0.092
differentiated_slowdown,exp08_confirmatory_n8_wide_layered_homogeneous_02,8,wide_layered,homogeneous,tied,2,io,4,true,t01->t08 => t01->t08,1.3824,0.05521472392638036809815950920,1.3824,1.3824,1.382400,true,,,,,,
schedule_policy,exp08_confirmatory_n8_wide_layered_homogeneous_03,8,wide_layered,homogeneous,tied,3,io,1,,,,,,,,,0.000,0,0,0,0,0
schedule_policy,exp08_confirmatory_n8_wide_layered_homogeneous_03,8,wide_layered,homogeneous,tied,3,io,4,,,,,,,,,-0.960,-0.04,-3.552,-0.148,-1.920,-0.08
schedule_policy,exp08_confirmatory_n8_wide_layered_homogeneous_03,8,wide_layered,homogeneous,tied,3,io,8,,,,,,,,,-0.768,-0.032,0.000,0,-0.384,-0.016
schedule_policy,exp08_confirmatory_n8_wide_layered_homogeneous_03,8,wide_layered,homogeneous,tied,3,equal_alternating,1,,,,,,,,,0.000,0,0,0,0,0
schedule_policy,exp08_confirmatory_n8_wide_layered_homogeneous_03,8,wide_layered,homogeneous,tied,3,equal_alternating,4,,,,,,,,,-0.480,-0.02,-1.488,-0.062,-0.672,-0.028
schedule_policy,exp08_confirmatory_n8_wide_layered_homogeneous_03,8,wide_layered,homogeneous,tied,3,equal_alternating,8,,,,,,,,,-0.384,-0.016,0.576,0.024,0.384,0.016
differentiated_slowdown,exp08_confirmatory_n8_wide_layered_homogeneous_03,8,wide_layered,homogeneous,tied,3,io,4,true,t01->t03 => t01->t03,1.3824,0.05521472392638036809815950920,1.3824,1.3824,1.382400,true,,,,,,
schedule_policy,exp08_confirmatory_n8_wide_layered_homogeneous_04,8,wide_layered,homogeneous,tied,4,io,1,,,,,,,,,0.000,0,0,0,0,0
schedule_policy,exp08_confirmatory_n8_wide_layered_homogeneous_04,8,wide_layered,homogeneous,tied,4,io,4,,,,,,,,,-1.824,-0.076,-3.072,-0.128,-1.152,-0.048
schedule_policy,exp08_confirmatory_n8_wide_layered_homogeneous_04,8,wide_layered,homogeneous,tied,4,io,8,,,,,,,,,-0.768,-0.032,-0.384,-0.016,0.192,0.008
schedule_policy,exp08_confirmatory_n8_wide_layered_homogeneous_04,8,wide_layered,homogeneous,tied,4,equal_alternating,1,,,,,,,,,0.000,0,0,0,0,0
schedule_policy,exp08_confirmatory_n8_wide_layered_homogeneous_04,8,wide_layered,homogeneous,tied,4,equal_alternating,4,,,,,,,,,-0.480,-0.02,-1.104,-0.046,0.512,0.02133333333333333333333333333
schedule_policy,exp08_confirmatory_n8_wide_layered_homogeneous_04,8,wide_layered,homogeneous,tied,4,equal_alternating,8,,,,,,,,,-0.384,-0.016,0.960,0.04,1.536,0.064
differentiated_slowdown,exp08_confirmatory_n8_wide_layered_homogeneous_04,8,wide_layered,homogeneous,tied,4,io,4,true,t01->t04 => t01->t04,1.3824,0.05521472392638036809815950920,1.3824,1.3824,1.382400,true,,,,,,
schedule_policy,exp08_confirmatory_n8_wide_layered_homogeneous_05,8,wide_layered,homogeneous,tied,5,io,1,,,,,,,,,0.000,0,0,0,0,0
schedule_policy,exp08_confirmatory_n8_wide_layered_homogeneous_05,8,wide_layered,homogeneous,tied,5,io,4,,,,,,,,,-0.384,-0.016,-1.440,-0.06,-0.672,-0.028
schedule_policy,exp08_confirmatory_n8_wide_layered_homogeneous_05,8,wide_layered,homogeneous,tied,5,io,8,,,,,,,,,-0.768,-0.032,1.920,0.08,1.920,0.08
schedule_policy,exp08_confirmatory_n8_wide_layered_homogeneous_05,8,wide_layered,homogeneous,tied,5,equal_alternating,1,,,,,,,,,0.000,0,0,0,0,0
schedule_policy,exp08_confirmatory_n8_wide_layered_homogeneous_05,8,wide_layered,homogeneous,tied,5,equal_alternating,4,,,,,,,,,-0.192,-0.008,-0.144,-0.006,0.240,0.01
schedule_policy,exp08_confirmatory_n8_wide_layered_homogeneous_05,8,wide_layered,homogeneous,tied,5,equal_alternating,8,,,,,,,,,-0.384,-0.016,0.096,0.004,2.976,0.124
differentiated_slowdown,exp08_confirmatory_n8_wide_layered_homogeneous_05,8,wide_layered,homogeneous,tied,5,io,4,true,t01->t07 => t01->t07,1.3824,0.05521472392638036809815950920,1.3824,1.3824,1.382400,true,,,,,,
schedule_policy,exp08_confirmatory_n8_wide_layered_homogeneous_06,8,wide_layered,homogeneous,tied,6,io,1,,,,,,,,,0.000,0,0,0,0,0
schedule_policy,exp08_confirmatory_n8_wide_layered_homogeneous_06,8,wide_layered,homogeneous,tied,6,io,4,,,,,,,,,-1.248,-0.052,-2.016,-0.084,-2.112,-0.088
schedule_policy,exp08_confirmatory_n8_wide_layered_homogeneous_06,8,wide_layered,homogeneous,tied,6,io,8,,,,,,,,,-0.768,-0.032,-0.192,-0.008,0.768,0.032
schedule_policy,exp08_confirmatory_n8_wide_layered_homogeneous_06,8,wide_layered,homogeneous,tied,6,equal_alternating,1,,,,,,,,,0.000,0,0,0,0,0
schedule_policy,exp08_confirmatory_n8_wide_layered_homogeneous_06,8,wide_layered,homogeneous,tied,6,equal_alternating,4,,,,,,,,,-0.336,-0.014,-0.144,-0.006,1.472,0.06133333333333333333333333333
schedule_policy,exp08_confirmatory_n8_wide_layered_homogeneous_06,8,wide_layered,homogeneous,tied,6,equal_alternating,8,,,,,,,,,-0.384,-0.016,1.344,0.056,2.688,0.112
differentiated_slowdown,exp08_confirmatory_n8_wide_layered_homogeneous_06,8,wide_layered,homogeneous,tied,6,io,4,true,t01->t05 => t01->t05,1.3824,0.05521472392638036809815950920,1.3824,1.3824,1.382400,true,,,,,,
schedule_policy,exp08_confirmatory_n8_wide_layered_homogeneous_07,8,wide_layered,homogeneous,tied,7,io,1,,,,,,,,,0.000,0,0,0,0,0
schedule_policy,exp08_confirmatory_n8_wide_layered_homogeneous_07,8,wide_layered,homogeneous,tied,7,io,4,,,,,,,,,-0.960,-0.04,-3.552,-0.148,-1.920,-0.08
schedule_policy,exp08_confirmatory_n8_wide_layered_homogeneous_07,8,wide_layered,homogeneous,tied,7,io,8,,,,,,,,,-0.768,-0.032,0.000,0,-0.384,-0.016
schedule_policy,exp08_confirmatory_n8_wide_layered_homogeneous_07,8,wide_layered,homogeneous,tied,7,equal_alternating,1,,,,,,,,,0.000,0,0,0,0,0
schedule_policy,exp08_confirmatory_n8_wide_layered_homogeneous_07,8,wide_layered,homogeneous,tied,7,equal_alternating,4,,,,,,,,,-0.480,-0.02,-1.488,-0.062,-0.672,-0.028
schedule_policy,exp08_confirmatory_n8_wide_layered_homogeneous_07,8,wide_layered,homogeneous,tied,7,equal_alternating,8,,,,,,,,,-0.384,-0.016,0.576,0.024,0.384,0.016
differentiated_slowdown,exp08_confirmatory_n8_wide_layered_homogeneous_07,8,wide_layered,homogeneous,tied,7,io,4,true,t01->t03 => t01->t03,1.3824,0.05521472392638036809815950920,1.3824,1.3824,1.382400,true,,,,,,
schedule_policy,exp08_confirmatory_n8_wide_layered_homogeneous_08,8,wide_layered,homogeneous,tied,8,io,1,,,,,,,,,0.000,0,0,0,0,0
schedule_policy,exp08_confirmatory_n8_wide_layered_homogeneous_08,8,wide_layered,homogeneous,tied,8,io,4,,,,,,,,,-0.384,-0.016,-1.440,-0.06,-0.672,-0.028
schedule_policy,exp08_confirmatory_n8_wide_layered_homogeneous_08,8,wide_layered,homogeneous,tied,8,io,8,,,,,,,,,-0.768,-0.032,1.920,0.08,1.920,0.08
schedule_policy,exp08_confirmatory_n8_wide_layered_homogeneous_08,8,wide_layered,homogeneous,tied,8,equal_alternating,1,,,,,,,,,0.000,0,0,0,0,0
schedule_policy,exp08_confirmatory_n8_wide_layered_homogeneous_08,8,wide_layered,homogeneous,tied,8,equal_alternating,4,,,,,,,,,-0.192,-0.008,-0.144,-0.006,0.240,0.01
schedule_policy,exp08_confirmatory_n8_wide_layered_homogeneous_08,8,wide_layered,homogeneous,tied,8,equal_alternating,8,,,,,,,,,-0.384,-0.016,0.096,0.004,2.976,0.124
differentiated_slowdown,exp08_confirmatory_n8_wide_layered_homogeneous_08,8,wide_layered,homogeneous,tied,8,io,4,true,t01->t07 => t01->t07,1.3824,0.05521472392638036809815950920,1.3824,1.3824,1.382400,true,,,,,,
schedule_policy,exp08_confirmatory_n8_wide_layered_homogeneous_09,8,wide_layered,homogeneous,tied,9,io,1,,,,,,,,,0.000,0,0,0,0,0
schedule_policy,exp08_confirmatory_n8_wide_layered_homogeneous_09,8,wide_layered,homogeneous,tied,9,io,4,,,,,,,,,-1.248,-0.052,-2.016,-0.084,-2.112,-0.088
schedule_policy,exp08_confirmatory_n8_wide_layered_homogeneous_09,8,wide_layered,homogeneous,tied,9,io,8,,,,,,,,,-0.768,-0.032,-0.192,-0.008,0.768,0.032
schedule_policy,exp08_confirmatory_n8_wide_layered_homogeneous_09,8,wide_layered,homogeneous,tied,9,equal_alternating,1,,,,,,,,,0.000,0,0,0,0,0
schedule_policy,exp08_confirmatory_n8_wide_layered_homogeneous_09,8,wide_layered,homogeneous,tied,9,equal_alternating,4,,,,,,,,,-0.336,-0.014,-0.144,-0.006,1.472,0.06133333333333333333333333333
schedule_policy,exp08_confirmatory_n8_wide_layered_homogeneous_09,8,wide_layered,homogeneous,tied,9,equal_alternating,8,,,,,,,,,-0.384,-0.016,1.344,0.056,2.688,0.112
differentiated_slowdown,exp08_confirmatory_n8_wide_layered_homogeneous_09,8,wide_layered,homogeneous,tied,9,io,4,true,t01->t05 => t01->t05,1.3824,0.05521472392638036809815950920,1.3824,1.3824,1.382400,true,,,,,,
schedule_policy,exp08_confirmatory_n8_wide_layered_homogeneous_10,8,wide_layered,homogeneous,tied,10,io,1,,,,,,,,,0.000,0,0,0,0,0
schedule_policy,exp08_confirmatory_n8_wide_layered_homogeneous_10,8,wide_layered,homogeneous,tied,10,io,4,,,,,,,,,-0.384,-0.016,-0.768,-0.032,-1.536,-0.064
schedule_policy,exp08_confirmatory_n8_wide_layered_homogeneous_10,8,wide_layered,homogeneous,tied,10,io,8,,,,,,,,,-0.768,-0.032,0.576,0.024,1.344,0.056
schedule_policy,exp08_confirmatory_n8_wide_layered_homogeneous_10,8,wide_layered,homogeneous,tied,10,equal_alternating,1,,,,,,,,,0.000,0,0,0,0,0
schedule_policy,exp08_confirmatory_n8_wide_layered_homogeneous_10,8,wide_layered,homogeneous,tied,10,equal_alternating,4,,,,,,,,,-0.192,-0.008,-0.384,-0.016,-0.768,-0.032
schedule_policy,exp08_confirmatory_n8_wide_layered_homogeneous_10,8,wide_layered,homogeneous,tied,10,equal_alternating,8,,,,,,,,,-0.384,-0.016,0.864,0.036,2.976,0.124
differentiated_slowdown,exp08_confirmatory_n8_wide_layered_homogeneous_10,8,wide_layered,homogeneous,tied,10,io,4,true,t01->t06 => t01->t06,1.3824,0.05521472392638036809815950920,1.3824,1.3824,1.382400,true,,,,,,
schedule_policy,exp08_confirmatory_n8_wide_layered_homogeneous_11,8,wide_layered,homogeneous,tied,11,io,1,,,,,,,,,0.000,0,0,0,0,0
schedule_policy,exp08_confirmatory_n8_wide_layered_homogeneous_11,8,wide_layered,homogeneous,tied,11,io,4,,,,,,,,,-0.480,-0.02,-0.672,-0.028,-1.728,-0.072
schedule_policy,exp08_confirmatory_n8_wide_layered_homogeneous_11,8,wide_layered,homogeneous,tied,11,io,8,,,,,,,,,-0.768,-0.032,1.152,0.048,-0.768,-0.032
schedule_policy,exp08_confirmatory_n8_wide_layered_homogeneous_11,8,wide_layered,homogeneous,tied,11,equal_alternating,1,,,,,,,,,0.000,0,0,0,0,0
schedule_policy,exp08_confirmatory_n8_wide_layered_homogeneous_11,8,wide_layered,homogeneous,tied,11,equal_alternating,4,,,,,,,,,-0.240,-0.01,-0.336,-0.014,-0.864,-0.036
schedule_policy,exp08_confirmatory_n8_wide_layered_homogeneous_11,8,wide_layered,homogeneous,tied,11,equal_alternating,8,,,,,,,,,-0.384,-0.016,0.576,0.024,-0.384,-0.016
differentiated_slowdown,exp08_confirmatory_n8_wide_layered_homogeneous_11,8,wide_layered,homogeneous,tied,11,io,4,true,t01->t02 => t01->t02,1.3824,0.05521472392638036809815950920,1.3824,1.3824,1.382400,true,,,,,,
schedule_policy,exp08_confirmatory_n8_wide_layered_homogeneous_12,8,wide_layered,homogeneous,tied,12,io,1,,,,,,,,,0.000,0,0,0,0,0
schedule_policy,exp08_confirmatory_n8_wide_layered_homogeneous_12,8,wide_layered,homogeneous,tied,12,io,4,,,,,,,,,-0.480,-0.02,-0.672,-0.028,-1.728,-0.072
schedule_policy,exp08_confirmatory_n8_wide_layered_homogeneous_12,8,wide_layered,homogeneous,tied,12,io,8,,,,,,,,,-0.768,-0.032,1.152,0.048,-0.768,-0.032
schedule_policy,exp08_confirmatory_n8_wide_layered_homogeneous_12,8,wide_layered,homogeneous,tied,12,equal_alternating,1,,,,,,,,,0.000,0,0,0,0,0
schedule_policy,exp08_confirmatory_n8_wide_layered_homogeneous_12,8,wide_layered,homogeneous,tied,12,equal_alternating,4,,,,,,,,,-0.240,-0.01,-0.336,-0.014,-0.864,-0.036
schedule_policy,exp08_confirmatory_n8_wide_layered_homogeneous_12,8,wide_layered,homogeneous,tied,12,equal_alternating,8,,,,,,,,,-0.384,-0.016,0.576,0.024,-0.384,-0.016
differentiated_slowdown,exp08_confirmatory_n8_wide_layered_homogeneous_12,8,wide_layered,homogeneous,tied,12,io,4,true,t01->t02 => t01->t02,1.3824,0.05521472392638036809815950920,1.3824,1.3824,1.382400,true,,,,,,
schedule_policy,exp08_confirmatory_n8_wide_layered_homogeneous_13,8,wide_layered,homogeneous,tied,13,io,1,,,,,,,,,0.000,0,0,0,0,0
schedule_policy,exp08_confirmatory_n8_wide_layered_homogeneous_13,8,wide_layered,homogeneous,tied,13,io,4,,,,,,,,,-1.248,-0.052,-2.016,-0.084,-2.112,-0.088
schedule_policy,exp08_confirmatory_n8_wide_layered_homogeneous_13,8,wide_layered,homogeneous,tied,13,io,8,,,,,,,,,-0.768,-0.032,-0.192,-0.008,0.768,0.032
schedule_policy,exp08_confirmatory_n8_wide_layered_homogeneous_13,8,wide_layered,homogeneous,tied,13,equal_alternating,1,,,,,,,,,0.000,0,0,0,0,0
schedule_policy,exp08_confirmatory_n8_wide_layered_homogeneous_13,8,wide_layered,homogeneous,tied,13,equal_alternating,4,,,,,,,,,-0.336,-0.014,-0.144,-0.006,1.472,0.06133333333333333333333333333
schedule_policy,exp08_confirmatory_n8_wide_layered_homogeneous_13,8,wide_layered,homogeneous,tied,13,equal_alternating,8,,,,,,,,,-0.384,-0.016,1.344,0.056,2.688,0.112
differentiated_slowdown,exp08_confirmatory_n8_wide_layered_homogeneous_13,8,wide_layered,homogeneous,tied,13,io,4,true,t01->t05 => t01->t05,1.3824,0.05521472392638036809815950920,1.3824,1.3824,1.382400,true,,,,,,
schedule_policy,exp08_confirmatory_n8_wide_layered_homogeneous_14,8,wide_layered,homogeneous,tied,14,io,1,,,,,,,,,0.000,0,0,0,0,0
schedule_policy,exp08_confirmatory_n8_wide_layered_homogeneous_14,8,wide_layered,homogeneous,tied,14,io,4,,,,,,,,,-1.824,-0.076,-3.072,-0.128,-1.152,-0.048
schedule_policy,exp08_confirmatory_n8_wide_layered_homogeneous_14,8,wide_layered,homogeneous,tied,14,io,8,,,,,,,,,-0.768,-0.032,-0.384,-0.016,0.192,0.008
schedule_policy,exp08_confirmatory_n8_wide_layered_homogeneous_14,8,wide_layered,homogeneous,tied,14,equal_alternating,1,,,,,,,,,0.000,0,0,0,0,0
schedule_policy,exp08_confirmatory_n8_wide_layered_homogeneous_14,8,wide_layered,homogeneous,tied,14,equal_alternating,4,,,,,,,,,-0.480,-0.02,-1.104,-0.046,0.512,0.02133333333333333333333333333
schedule_policy,exp08_confirmatory_n8_wide_layered_homogeneous_14,8,wide_layered,homogeneous,tied,14,equal_alternating,8,,,,,,,,,-0.384,-0.016,0.960,0.04,1.536,0.064
differentiated_slowdown,exp08_confirmatory_n8_wide_layered_homogeneous_14,8,wide_layered,homogeneous,tied,14,io,4,true,t01->t04 => t01->t04,1.3824,0.05521472392638036809815950920,1.3824,1.3824,1.382400,true,,,,,,
schedule_policy,exp08_confirmatory_n8_wide_layered_homogeneous_15,8,wide_layered,homogeneous,tied,15,io,1,,,,,,,,,0.000,0,0,0,0,0
schedule_policy,exp08_confirmatory_n8_wide_layered_homogeneous_15,8,wide_layered,homogeneous,tied,15,io,4,,,,,,,,,-1.248,-0.052,-2.016,-0.084,-2.112,-0.088
schedule_policy,exp08_confirmatory_n8_wide_layered_homogeneous_15,8,wide_layered,homogeneous,tied,15,io,8,,,,,,,,,-0.768,-0.032,-0.192,-0.008,0.768,0.032
schedule_policy,exp08_confirmatory_n8_wide_layered_homogeneous_15,8,wide_layered,homogeneous,tied,15,equal_alternating,1,,,,,,,,,0.000,0,0,0,0,0
schedule_policy,exp08_confirmatory_n8_wide_layered_homogeneous_15,8,wide_layered,homogeneous,tied,15,equal_alternating,4,,,,,,,,,-0.336,-0.014,-0.144,-0.006,1.472,0.06133333333333333333333333333
schedule_policy,exp08_confirmatory_n8_wide_layered_homogeneous_15,8,wide_layered,homogeneous,tied,15,equal_alternating,8,,,,,,,,,-0.384,-0.016,1.344,0.056,2.688,0.112
differentiated_slowdown,exp08_confirmatory_n8_wide_layered_homogeneous_15,8,wide_layered,homogeneous,tied,15,io,4,true,t01->t05 => t01->t05,1.3824,0.05521472392638036809815950920,1.3824,1.3824,1.382400,true,,,,,,
schedule_policy,exp08_confirmatory_n8_wide_layered_homogeneous_16,8,wide_layered,homogeneous,tied,16,io,1,,,,,,,,,0.000,0,0,0,0,0
schedule_policy,exp08_confirmatory_n8_wide_layered_homogeneous_16,8,wide_layered,homogeneous,tied,16,io,4,,,,,,,,,-1.344,-0.056,-2.784,-0.116,-1.344,-0.056
schedule_policy,exp08_confirmatory_n8_wide_layered_homogeneous_16,8,wide_layered,homogeneous,tied,16,io,8,,,,,,,,,-0.768,-0.032,2.112,0.088,0.960,0.04
schedule_policy,exp08_confirmatory_n8_wide_layered_homogeneous_16,8,wide_layered,homogeneous,tied,16,equal_alternating,1,,,,,,,,,0.000,0,0,0,0,0
schedule_policy,exp08_confirmatory_n8_wide_layered_homogeneous_16,8,wide_layered,homogeneous,tied,16,equal_alternating,4,,,,,,,,,-0.384,-0.016,-0.816,-0.034,0.336,0.014
schedule_policy,exp08_confirmatory_n8_wide_layered_homogeneous_16,8,wide_layered,homogeneous,tied,16,equal_alternating,8,,,,,,,,,-0.384,-0.016,-0.672,-0.028,2.208,0.092
differentiated_slowdown,exp08_confirmatory_n8_wide_layered_homogeneous_16,8,wide_layered,homogeneous,tied,16,io,4,true,t01->t08 => t01->t08,1.3824,0.05521472392638036809815950920,1.3824,1.3824,1.382400,true,,,,,,
schedule_policy,exp08_confirmatory_n8_wide_layered_homogeneous_17,8,wide_layered,homogeneous,tied,17,io,1,,,,,,,,,0.000,0,0,0,0,0
schedule_policy,exp08_confirmatory_n8_wide_layered_homogeneous_17,8,wide_layered,homogeneous,tied,17,io,4,,,,,,,,,-1.824,-0.076,-3.072,-0.128,-1.152,-0.048
schedule_policy,exp08_confirmatory_n8_wide_layered_homogeneous_17,8,wide_layered,homogeneous,tied,17,io,8,,,,,,,,,-0.768,-0.032,-0.384,-0.016,0.192,0.008
schedule_policy,exp08_confirmatory_n8_wide_layered_homogeneous_17,8,wide_layered,homogeneous,tied,17,equal_alternating,1,,,,,,,,,0.000,0,0,0,0,0
schedule_policy,exp08_confirmatory_n8_wide_layered_homogeneous_17,8,wide_layered,homogeneous,tied,17,equal_alternating,4,,,,,,,,,-0.480,-0.02,-1.104,-0.046,0.512,0.02133333333333333333333333333
schedule_policy,exp08_confirmatory_n8_wide_layered_homogeneous_17,8,wide_layered,homogeneous,tied,17,equal_alternating,8,,,,,,,,,-0.384,-0.016,0.960,0.04,1.536,0.064
differentiated_slowdown,exp08_confirmatory_n8_wide_layered_homogeneous_17,8,wide_layered,homogeneous,tied,17,io,4,true,t01->t04 => t01->t04,1.3824,0.05521472392638036809815950920,1.3824,1.3824,1.382400,true,,,,,,
schedule_policy,exp08_confirmatory_n8_wide_layered_homogeneous_18,8,wide_layered,homogeneous,tied,18,io,1,,,,,,,,,0.000,0,0,0,0,0
schedule_policy,exp08_confirmatory_n8_wide_layered_homogeneous_18,8,wide_layered,homogeneous,tied,18,io,4,,,,,,,,,-0.960,-0.04,-3.552,-0.148,-1.920,-0.08
schedule_policy,exp08_confirmatory_n8_wide_layered_homogeneous_18,8,wide_layered,homogeneous,tied,18,io,8,,,,,,,,,-0.768,-0.032,0.000,0,-0.384,-0.016
schedule_policy,exp08_confirmatory_n8_wide_layered_homogeneous_18,8,wide_layered,homogeneous,tied,18,equal_alternating,1,,,,,,,,,0.000,0,0,0,0,0
schedule_policy,exp08_confirmatory_n8_wide_layered_homogeneous_18,8,wide_layered,homogeneous,tied,18,equal_alternating,4,,,,,,,,,-0.480,-0.02,-1.488,-0.062,-0.672,-0.028
schedule_policy,exp08_confirmatory_n8_wide_layered_homogeneous_18,8,wide_layered,homogeneous,tied,18,equal_alternating,8,,,,,,,,,-0.384,-0.016,0.576,0.024,0.384,0.016
differentiated_slowdown,exp08_confirmatory_n8_wide_layered_homogeneous_18,8,wide_layered,homogeneous,tied,18,io,4,true,t01->t03 => t01->t03,1.3824,0.05521472392638036809815950920,1.3824,1.3824,1.382400,true,,,,,,
schedule_policy,exp08_confirmatory_n8_wide_layered_homogeneous_19,8,wide_layered,homogeneous,tied,19,io,1,,,,,,,,,0.000,0,0,0,0,0
schedule_policy,exp08_confirmatory_n8_wide_layered_homogeneous_19,8,wide_layered,homogeneous,tied,19,io,4,,,,,,,,,-1.248,-0.052,-2.016,-0.084,-2.112,-0.088
schedule_policy,exp08_confirmatory_n8_wide_layered_homogeneous_19,8,wide_layered,homogeneous,tied,19,io,8,,,,,,,,,-0.768,-0.032,-0.192,-0.008,0.768,0.032
schedule_policy,exp08_confirmatory_n8_wide_layered_homogeneous_19,8,wide_layered,homogeneous,tied,19,equal_alternating,1,,,,,,,,,0.000,0,0,0,0,0
schedule_policy,exp08_confirmatory_n8_wide_layered_homogeneous_19,8,wide_layered,homogeneous,tied,19,equal_alternating,4,,,,,,,,,-0.336,-0.014,-0.144,-0.006,1.472,0.06133333333333333333333333333
schedule_policy,exp08_confirmatory_n8_wide_layered_homogeneous_19,8,wide_layered,homogeneous,tied,19,equal_alternating,8,,,,,,,,,-0.384,-0.016,1.344,0.056,2.688,0.112
differentiated_slowdown,exp08_confirmatory_n8_wide_layered_homogeneous_19,8,wide_layered,homogeneous,tied,19,io,4,true,t01->t05 => t01->t05,1.3824,0.05521472392638036809815950920,1.3824,1.3824,1.382400,true,,,,,,
schedule_policy,exp08_confirmatory_n8_wide_layered_lognormal_00,8,wide_layered,lognormal,tied,0,io,1,,,,,,,,,0.000,0,0,0,0,0
schedule_policy,exp08_confirmatory_n8_wide_layered_lognormal_00,8,wide_layered,lognormal,tied,0,io,4,,,,,,,,,0.000,0,10.959,0.1522083333333333333333333333,1.868,0.02594444444444444444444444444
schedule_policy,exp08_confirmatory_n8_wide_layered_lognormal_00,8,wide_layered,lognormal,tied,0,io,8,,,,,,,,,5.520,0.07666666666666666666666666667,12.851,0.1784861111111111111111111111,-0.327,-0.004541666666666666666666666667
schedule_policy,exp08_confirmatory_n8_wide_layered_lognormal_00,8,wide_layered,lognormal,tied,0,equal_alternating,1,,,,,,,,,0.000,0,0,0,0,0
schedule_policy,exp08_confirmatory_n8_wide_layered_lognormal_00,8,wide_layered,lognormal,tied,0,equal_alternating,4,,,,,,,,,-0.098,-0.001361111111111111111111111111,-0.731,-0.01015277777777777777777777778,-2.597,-0.03606944444444444444444444444
schedule_policy,exp08_confirmatory_n8_wide_layered_lognormal_00,8,wide_layered,lognormal,tied,0,equal_alternating,8,,,,,,,,,0.959,0.01331944444444444444444444444,1.014,0.01408333333333333333333333333,-5.015,-0.06965277777777777777777777778
differentiated_slowdown,exp08_confirmatory_n8_wide_layered_lognormal_00,8,wide_layered,lognormal,tied,0,io,4,true,t01->t02 => t01->t02,3.9744,0.05300556942577299788745918955,3.9744,3.9744,3.974400,true,,,,,,
schedule_policy,exp08_confirmatory_n8_wide_layered_lognormal_01,8,wide_layered,lognormal,unique,1,io,1,,,,,,,,,0.000,0,0,0,0,0
schedule_policy,exp08_confirmatory_n8_wide_layered_lognormal_01,8,wide_layered,lognormal,unique,1,io,4,,,,,,,,,3.078,0.04275,14.266,0.1981388888888888888888888889,5.799,0.08054166666666666666666666667
schedule_policy,exp08_confirmatory_n8_wide_layered_lognormal_01,8,wide_layered,lognormal,unique,1,io,8,,,,,,,,,1.209,0.01679166666666666666666666667,15.676,0.2177222222222222222222222222,3.784,0.05255555555555555555555555556
schedule_policy,exp08_confirmatory_n8_wide_layered_lognormal_01,8,wide_layered,lognormal,unique,1,equal_alternating,1,,,,,,,,,0.000,0,0,0,0,0
schedule_policy,exp08_confirmatory_n8_wide_layered_lognormal_01,8,wide_layered,lognormal,unique,1,equal_alternating,4,,,,,,,,,4.136,0.05744444444444444444444444444,13.684,0.1900555555555555555555555556,5.727,0.07954166666666666666666666667
schedule_policy,exp08_confirmatory_n8_wide_layered_lognormal_01,8,wide_layered,lognormal,unique,1,equal_alternating,8,,,,,,,,,0.043,0.0005972222222222222222222222222,17.084,0.2372777777777777777777777778,6.431,0.08931944444444444444444444444
differentiated_slowdown,exp08_confirmatory_n8_wide_layered_lognormal_01,8,wide_layered,lognormal,unique,1,io,4,true,t01->t08 => t01->t08,3.6288,0.04856427057236461746001156292,3.6288,3.6288,3.628800,true,,,,,,
schedule_policy,exp08_confirmatory_n8_wide_layered_lognormal_02,8,wide_layered,lognormal,tied,2,io,1,,,,,,,,,0.000,0,0,0,0,0
schedule_policy,exp08_confirmatory_n8_wide_layered_lognormal_02,8,wide_layered,lognormal,tied,2,io,4,,,,,,,,,-0.403,-0.005597222222222222222222222222,4.890,0.06791666666666666666666666667,-2.721,-0.03779166666666666666666666667
schedule_policy,exp08_confirmatory_n8_wide_layered_lognormal_02,8,wide_layered,lognormal,tied,2,io,8,,,,,,,,,5.040,0.07,9.675,0.134375,-0.605,-0.008402777777777777777777777778
schedule_policy,exp08_confirmatory_n8_wide_layered_lognormal_02,8,wide_layered,lognormal,tied,2,equal_alternating,1,,,,,,,,,0.000,0,0,0,0,0
schedule_policy,exp08_confirmatory_n8_wide_layered_lognormal_02,8,wide_layered,lognormal,tied,2,equal_alternating,4,,,,,,,,,-0.561,-0.007791666666666666666666666667,0.758,0.01052777777777777777777777778,-1.525,-0.02118055555555555555555555556
schedule_policy,exp08_confirmatory_n8_wide_layered_lognormal_02,8,wide_layered,lognormal,tied,2,equal_alternating,8,,,,,,,,,0.632,0.008777777777777777777777777778,2.730,0.03791666666666666666666666667,-2.589,-0.03595833333333333333333333333
differentiated_slowdown,exp08_confirmatory_n8_wide_layered_lognormal_02,8,wide_layered,lognormal,tied,2,io,4,true,t01->t06 => t01->t06,3.6288,0.04856427057236461746001156292,3.6288,3.6288,3.628800,true,,,,,,
schedule_policy,exp08_confirmatory_n8_wide_layered_lognormal_03,8,wide_layered,lognormal,tied,3,io,1,,,,,,,,,0.000,0,0,0,0,0
schedule_policy,exp08_confirmatory_n8_wide_layered_lognormal_03,8,wide_layered,lognormal,tied,3,io,4,,,,,,,,,-2.580,-0.043,5.099,0.08498333333333333333333333333,2.814,0.0469
schedule_policy,exp08_confirmatory_n8_wide_layered_lognormal_03,8,wide_layered,lognormal,tied,3,io,8,,,,,,,,,1.388,0.02313333333333333333333333333,18.924,0.3154,3.891,0.06485
schedule_policy,exp08_confirmatory_n8_wide_layered_lognormal_03,8,wide_layered,lognormal,tied,3,equal_alternating,1,,,,,,,,,0.000,0,0,0,0,0
schedule_policy,exp08_confirmatory_n8_wide_layered_lognormal_03,8,wide_layered,lognormal,tied,3,equal_alternating,4,,,,,,,,,-0.180,-0.003,0.252,0.0042,-0.597,-0.00995
schedule_policy,exp08_confirmatory_n8_wide_layered_lognormal_03,8,wide_layered,lognormal,tied,3,equal_alternating,8,,,,,,,,,-0.278,-0.004633333333333333333333333333,19.149,0.31915,3.833,0.06388333333333333333333333333
differentiated_slowdown,exp08_confirmatory_n8_wide_layered_lognormal_03,8,wide_layered,lognormal,tied,3,io,4,true,t01->t07 => t01->t07,3.2832,0.05256282179359102436025512949,3.2832,3.2832,3.283200,true,,,,,,
schedule_policy,exp08_confirmatory_n8_wide_layered_lognormal_04,8,wide_layered,lognormal,tied,4,io,1,,,,,,,,,0.000,0,0,0,0,0
schedule_policy,exp08_confirmatory_n8_wide_layered_lognormal_04,8,wide_layered,lognormal,tied,4,io,4,,,,,,,,,6.432,0.134,19.296,0.402,6.720,0.14
schedule_policy,exp08_confirmatory_n8_wide_layered_lognormal_04,8,wide_layered,lognormal,tied,4,io,8,,,,,,,,,3.456,0.072,29.952,0.624,6.624,0.138
schedule_policy,exp08_confirmatory_n8_wide_layered_lognormal_04,8,wide_layered,lognormal,tied,4,equal_alternating,1,,,,,,,,,0.000,0,0,0,0,0
schedule_policy,exp08_confirmatory_n8_wide_layered_lognormal_04,8,wide_layered,lognormal,tied,4,equal_alternating,4,,,,,,,,,7.552,0.1573333333333333333333333333,9.168,0.191,6.224,0.1296666666666666666666666667
schedule_policy,exp08_confirmatory_n8_wide_layered_lognormal_04,8,wide_layered,lognormal,tied,4,equal_alternating,8,,,,,,,,,0.480,0.01,25.536,0.532,5.264,0.1096666666666666666666666667
differentiated_slowdown,exp08_confirmatory_n8_wide_layered_lognormal_04,8,wide_layered,lognormal,tied,4,io,4,true,t01->t02 => t01->t02,2.7648,0.05521472392638036809815950920,2.7648,2.7648,2.764800,true,,,,,,
schedule_policy,exp08_confirmatory_n8_wide_layered_lognormal_05,8,wide_layered,lognormal,tied,5,io,1,,,,,,,,,0.000,0,0,0,0,0
schedule_policy,exp08_confirmatory_n8_wide_layered_lognormal_05,8,wide_layered,lognormal,tied,5,io,4,,,,,,,,,1.277,0.02660416666666666666666666667,2.069,0.04310416666666666666666666667,0.667,0.01389583333333333333333333333
schedule_policy,exp08_confirmatory_n8_wide_layered_lognormal_05,8,wide_layered,lognormal,tied,5,io,8,,,,,,,,,-0.144,-0.003,4.106,0.08554166666666666666666666667,1.748,0.03641666666666666666666666667
schedule_policy,exp08_confirmatory_n8_wide_layered_lognormal_05,8,wide_layered,lognormal,tied,5,equal_alternating,1,,,,,,,,,0.000,0,0,0,0,0
schedule_policy,exp08_confirmatory_n8_wide_layered_lognormal_05,8,wide_layered,lognormal,tied,5,equal_alternating,4,,,,,,,,,2.566,0.05345833333333333333333333333,4.231,0.08814583333333333333333333333,2.955,0.0615625
schedule_policy,exp08_confirmatory_n8_wide_layered_lognormal_05,8,wide_layered,lognormal,tied,5,equal_alternating,8,,,,,,,,,0.844,0.01758333333333333333333333333,7.622,0.1587916666666666666666666667,-0.122,-0.002541666666666666666666666667
differentiated_slowdown,exp08_confirmatory_n8_wide_layered_lognormal_05,8,wide_layered,lognormal,tied,5,io,4,true,t01->t05 => t01->t05,2.5920,0.05189812590100913022585295531,2.5920,2.5920,2.592000,true,,,,,,
schedule_policy,exp08_confirmatory_n8_wide_layered_lognormal_06,8,wide_layered,lognormal,unique,6,io,1,,,,,,,,,0.000,0,0,0,0,0
schedule_policy,exp08_confirmatory_n8_wide_layered_lognormal_06,8,wide_layered,lognormal,unique,6,io,4,,,,,,,,,6.432,0.134,24.192,0.504,4.992,0.104
schedule_policy,exp08_confirmatory_n8_wide_layered_lognormal_06,8,wide_layered,lognormal,unique,6,io,8,,,,,,,,,2.976,0.062,39.552,0.824,8.064,0.168
schedule_policy,exp08_confirmatory_n8_wide_layered_lognormal_06,8,wide_layered,lognormal,unique,6,equal_alternating,1,,,,,,,,,0.000,0,0,0,0,0
schedule_policy,exp08_confirmatory_n8_wide_layered_lognormal_06,8,wide_layered,lognormal,unique,6,equal_alternating,4,,,,,,,,,7.776,0.162,13.648,0.2843333333333333333333333333,7.008,0.146
schedule_policy,exp08_confirmatory_n8_wide_layered_lognormal_06,8,wide_layered,lognormal,unique,6,equal_alternating,8,,,,,,,,,1.344,0.028,38.784,0.808,9.984,0.208
differentiated_slowdown,exp08_confirmatory_n8_wide_layered_lognormal_06,8,wide_layered,lognormal,unique,6,io,4,true,t01->t05 => t01->t05,2.7648,0.05521472392638036809815950920,2.7648,2.7648,2.764800,true,,,,,,
schedule_policy,exp08_confirmatory_n8_wide_layered_lognormal_07,8,wide_layered,lognormal,tied,7,io,1,,,,,,,,,0.000,0,0,0,0,0
schedule_policy,exp08_confirmatory_n8_wide_layered_lognormal_07,8,wide_layered,lognormal,tied,7,io,4,,,,,,,,,0.370,0.006851851851851851851851851852,-4.260,-0.07888888888888888888888888889,-5.786,-0.1071481481481481481481481481
schedule_policy,exp08_confirmatory_n8_wide_layered_lognormal_07,8,wide_layered,lognormal,tied,7,io,8,,,,,,,,,-0.696,-0.0145,16.634,0.3465416666666666666666666667,6.630,0.138125
schedule_policy,exp08_confirmatory_n8_wide_layered_lognormal_07,8,wide_layered,lognormal,tied,7,equal_alternating,1,,,,,,,,,0.000,0,0,0,0,0
schedule_policy,exp08_confirmatory_n8_wide_layered_lognormal_07,8,wide_layered,lognormal,tied,7,equal_alternating,4,,,,,,,,,0.231,0.004277777777777777777777777778,-0.693,-0.01283333333333333333333333333,0.095,0.001759259259259259259259259259
schedule_policy,exp08_confirmatory_n8_wide_layered_lognormal_07,8,wide_layered,lognormal,tied,7,equal_alternating,8,,,,,,,,,-0.510,-0.010625,19.406,0.4042916666666666666666666667,5.160,0.1075
differentiated_slowdown,exp08_confirmatory_n8_wide_layered_lognormal_07,8,wide_layered,lognormal,tied,7,io,4,true,t01->t05 => t01->t05,3.1104,0.05559845559845559845559845560,3.1104,0.0000,3.110400,true,,,,,,
schedule_policy,exp08_confirmatory_n8_wide_layered_lognormal_08,8,wide_layered,lognormal,tied,8,io,1,,,,,,,,,0.000,0,0,0,0,0
schedule_policy,exp08_confirmatory_n8_wide_layered_lognormal_08,8,wide_layered,lognormal,tied,8,io,4,,,,,,,,,3.389,0.06645098039215686274509803922,-3.720,-0.07294117647058823529411764706,-2.189,-0.04292156862745098039215686275
schedule_policy,exp08_confirmatory_n8_wide_layered_lognormal_08,8,wide_layered,lognormal,tied,8,io,8,,,,,,,,,1.411,0.02939583333333333333333333333,7.715,0.1607291666666666666666666667,5.079,0.1058125
schedule_policy,exp08_confirmatory_n8_wide_layered_lognormal_08,8,wide_layered,lognormal,tied,8,equal_alternating,1,,,,,,,,,0.000,0,0,0,0,0
schedule_policy,exp08_confirmatory_n8_wide_layered_lognormal_08,8,wide_layered,lognormal,tied,8,equal_alternating,4,,,,,,,,,-0.143,-0.002803921568627450980392156863,-0.345,-0.006764705882352941176470588235,0.363,0.007117647058823529411764705882
schedule_policy,exp08_confirmatory_n8_wide_layered_lognormal_08,8,wide_layered,lognormal,tied,8,equal_alternating,8,,,,,,,,,-0.131,-0.002729166666666666666666666667,12.972,0.27025,4.367,0.09097916666666666666666666667
differentiated_slowdown,exp08_confirmatory_n8_wide_layered_lognormal_08,8,wide_layered,lognormal,tied,8,io,4,true,t01->t05 => t01->t05,2.9376,0.05559845559845559845559845560,2.9376,0.3048,2.937600,true,,,,,,
schedule_policy,exp08_confirmatory_n8_wide_layered_lognormal_09,8,wide_layered,lognormal,tied,9,io,1,,,,,,,,,0.000,0,0,0,0,0
schedule_policy,exp08_confirmatory_n8_wide_layered_lognormal_09,8,wide_layered,lognormal,tied,9,io,4,,,,,,,,,6.946,0.1447083333333333333333333333,17.723,0.3692291666666666666666666667,5.573,0.1161041666666666666666666667
schedule_policy,exp08_confirmatory_n8_wide_layered_lognormal_09,8,wide_layered,lognormal,tied,9,io,8,,,,,,,,,3.240,0.0675,17.651,0.3677291666666666666666666667,5.793,0.1206875
schedule_policy,exp08_confirmatory_n8_wide_layered_lognormal_09,8,wide_layered,lognormal,tied,9,equal_alternating,1,,,,,,,,,0.000,0,0,0,0,0
schedule_policy,exp08_confirmatory_n8_wide_layered_lognormal_09,8,wide_layered,lognormal,tied,9,equal_alternating,4,,,,,,,,,4.036,0.08408333333333333333333333333,9.400,0.1958333333333333333333333333,4.493,0.09360416666666666666666666667
schedule_policy,exp08_confirmatory_n8_wide_layered_lognormal_09,8,wide_layered,lognormal,tied,9,equal_alternating,8,,,,,,,,,0.889,0.01852083333333333333333333333,12.714,0.264875,1.617,0.0336875
differentiated_slowdown,exp08_confirmatory_n8_wide_layered_lognormal_09,8,wide_layered,lognormal,tied,9,io,4,true,t01->t02 => t01->t02,2.5920,0.05189812590100913022585295531,2.5920,2.5920,2.592000,true,,,,,,
schedule_policy,exp08_confirmatory_n8_wide_layered_lognormal_10,8,wide_layered,lognormal,tied,10,io,1,,,,,,,,,0.000,0,0,0,0,0
schedule_policy,exp08_confirmatory_n8_wide_layered_lognormal_10,8,wide_layered,lognormal,tied,10,io,4,,,,,,,,,-0.456,-0.007238095238095238095238095238,2.070,0.03285714285714285714285714286,-5.204,-0.08260317460317460317460317460
schedule_policy,exp08_confirmatory_n8_wide_layered_lognormal_10,8,wide_layered,lognormal,tied,10,io,8,,,,,,,,,3.326,0.05543333333333333333333333333,11.315,0.1885833333333333333333333333,0.733,0.01221666666666666666666666667
schedule_policy,exp08_confirmatory_n8_wide_layered_lognormal_10,8,wide_layered,lognormal,tied,10,equal_alternating,1,,,,,,,,,0.000,0,0,0,0,0
schedule_policy,exp08_confirmatory_n8_wide_layered_lognormal_10,8,wide_layered,lognormal,tied,10,equal_alternating,4,,,,,,,,,0.710,0.01126984126984126984126984127,6.767,0.1074126984126984126984126984,3.345,0.05309523809523809523809523810
schedule_policy,exp08_confirmatory_n8_wide_layered_lognormal_10,8,wide_layered,lognormal,tied,10,equal_alternating,8,,,,,,,,,0.505,0.008416666666666666666666666667,14.065,0.2344166666666666666666666667,2.609,0.04348333333333333333333333333
differentiated_slowdown,exp08_confirmatory_n8_wide_layered_lognormal_10,8,wide_layered,lognormal,tied,10,io,4,true,t01->t02 => t01->t02,3.6288,0.05559845559845559845559845560,3.6288,1.0824,3.628800,true,,,,,,
schedule_policy,exp08_confirmatory_n8_wide_layered_lognormal_11,8,wide_layered,lognormal,tied,11,io,1,,,,,,,,,0.000,0,0,0,0,0
schedule_policy,exp08_confirmatory_n8_wide_layered_lognormal_11,8,wide_layered,lognormal,tied,11,io,4,,,,,,,,,-2.880,-0.08,-3.648,-0.1013333333333333333333333333,-1.536,-0.04266666666666666666666666667
schedule_policy,exp08_confirmatory_n8_wide_layered_lognormal_11,8,wide_layered,lognormal,tied,11,io,8,,,,,,,,,0.768,0.02133333333333333333333333333,0.384,0.01066666666666666666666666667,1.152,0.032
schedule_policy,exp08_confirmatory_n8_wide_layered_lognormal_11,8,wide_layered,lognormal,tied,11,equal_alternating,1,,,,,,,,,0.000,0,0,0,0,0
schedule_policy,exp08_confirmatory_n8_wide_layered_lognormal_11,8,wide_layered,lognormal,tied,11,equal_alternating,4,,,,,,,,,-0.288,-0.008,-0.528,-0.01466666666666666666666666667,1.696,0.04711111111111111111111111111
schedule_policy,exp08_confirmatory_n8_wide_layered_lognormal_11,8,wide_layered,lognormal,tied,11,equal_alternating,8,,,,,,,,,0.384,0.01066666666666666666666666667,2.496,0.06933333333333333333333333333,3.456,0.096
differentiated_slowdown,exp08_confirmatory_n8_wide_layered_lognormal_11,8,wide_layered,lognormal,tied,11,io,4,true,t01->t05 => t01->t05,2.0736,0.05521472392638036809815950920,2.0736,2.0736,2.073600,true,,,,,,
schedule_policy,exp08_confirmatory_n8_wide_layered_lognormal_12,8,wide_layered,lognormal,unique,12,io,1,,,,,,,,,0.000,0,0,0,0,0
schedule_policy,exp08_confirmatory_n8_wide_layered_lognormal_12,8,wide_layered,lognormal,unique,12,io,4,,,,,,,,,4.983,0.08305,13.839,0.23065,7.227,0.12045
schedule_policy,exp08_confirmatory_n8_wide_layered_lognormal_12,8,wide_layered,lognormal,unique,12,io,8,,,,,,,,,0.918,0.0153,15.291,0.25485,5.493,0.09155
schedule_policy,exp08_confirmatory_n8_wide_layered_lognormal_12,8,wide_layered,lognormal,unique,12,equal_alternating,1,,,,,,,,,0.000,0,0,0,0,0
schedule_policy,exp08_confirmatory_n8_wide_layered_lognormal_12,8,wide_layered,lognormal,unique,12,equal_alternating,4,,,,,,,,,8.583,0.14305,12.995,0.2165833333333333333333333333,9.687,0.16145
schedule_policy,exp08_confirmatory_n8_wide_layered_lognormal_12,8,wide_layered,lognormal,unique,12,equal_alternating,8,,,,,,,,,0.459,0.00765,12.535,0.2089166666666666666666666667,6.304,0.1050666666666666666666666667
differentiated_slowdown,exp08_confirmatory_n8_wide_layered_lognormal_12,8,wide_layered,lognormal,unique,12,io,4,true,t01->t08 => t01->t08,2.9376,0.04722586619337911875916351570,2.9376,2.9376,2.937600,true,,,,,,
schedule_policy,exp08_confirmatory_n8_wide_layered_lognormal_13,8,wide_layered,lognormal,tied,13,io,1,,,,,,,,,0.000,0,0,0,0,0
schedule_policy,exp08_confirmatory_n8_wide_layered_lognormal_13,8,wide_layered,lognormal,tied,13,io,4,,,,,,,,,-0.287,-0.003416666666666666666666666667,-5.879,-0.06998809523809523809523809524,-8.555,-0.1018452380952380952380952381
schedule_policy,exp08_confirmatory_n8_wide_layered_lognormal_13,8,wide_layered,lognormal,tied,13,io,8,,,,,,,,,5.329,0.06344047619047619047619047619,10.515,0.1251785714285714285714285714,-3.057,-0.03639285714285714285714285714
schedule_policy,exp08_confirmatory_n8_wide_layered_lognormal_13,8,wide_layered,lognormal,tied,13,equal_alternating,1,,,,,,,,,0.000,0,0,0,0,0
schedule_policy,exp08_confirmatory_n8_wide_layered_lognormal_13,8,wide_layered,lognormal,tied,13,equal_alternating,4,,,,,,,,,4.764,0.05671428571428571428571428571,11.722,0.1395476190476190476190476190,3.076,0.03661904761904761904761904762
schedule_policy,exp08_confirmatory_n8_wide_layered_lognormal_13,8,wide_layered,lognormal,tied,13,equal_alternating,8,,,,,,,,,0.640,0.007619047619047619047619047619,10.552,0.1256190476190476190476190476,0.840,0.01
differentiated_slowdown,exp08_confirmatory_n8_wide_layered_lognormal_13,8,wide_layered,lognormal,tied,13,io,4,true,t01->t04 => t01->t04,4.4928,0.05142292055818041973409515438,4.4928,4.4928,4.492800,true,,,,,,
schedule_policy,exp08_confirmatory_n8_wide_layered_lognormal_14,8,wide_layered,lognormal,tied,14,io,1,,,,,,,,,0.000,0,0,0,0,0
schedule_policy,exp08_confirmatory_n8_wide_layered_lognormal_14,8,wide_layered,lognormal,tied,14,io,4,,,,,,,,,-1.380,-0.01642857142857142857142857143,7.224,0.086,-2.543,-0.03027380952380952380952380952
schedule_policy,exp08_confirmatory_n8_wide_layered_lognormal_14,8,wide_layered,lognormal,tied,14,io,8,,,,,,,,,6.418,0.07640476190476190476190476190,15.255,0.1816071428571428571428571429,-0.280,-0.003333333333333333333333333333
schedule_policy,exp08_confirmatory_n8_wide_layered_lognormal_14,8,wide_layered,lognormal,tied,14,equal_alternating,1,,,,,,,,,0.000,0,0,0,0,0
schedule_policy,exp08_confirmatory_n8_wide_layered_lognormal_14,8,wide_layered,lognormal,tied,14,equal_alternating,4,,,,,,,,,5.412,0.06442857142857142857142857143,16.832,0.2003809523809523809523809524,6.248,0.07438095238095238095238095238
schedule_policy,exp08_confirmatory_n8_wide_layered_lognormal_14,8,wide_layered,lognormal,tied,14,equal_alternating,8,,,,,,,,,2.020,0.02404761904761904761904761905,6.886,0.08197619047619047619047619048,-4.043,-0.04813095238095238095238095238
differentiated_slowdown,exp08_confirmatory_n8_wide_layered_lognormal_14,8,wide_layered,lognormal,tied,14,io,4,true,t01->t06 => t01->t06,4.4928,0.05142292055818041973409515438,4.4928,4.4928,4.492800,true,,,,,,
schedule_policy,exp08_confirmatory_n8_wide_layered_lognormal_15,8,wide_layered,lognormal,tied,15,io,1,,,,,,,,,0.000,0,0,0,0,0
schedule_policy,exp08_confirmatory_n8_wide_layered_lognormal_15,8,wide_layered,lognormal,tied,15,io,4,,,,,,,,,0.480,0.008,11.404,0.1900666666666666666666666667,5.961,0.09935
schedule_policy,exp08_confirmatory_n8_wide_layered_lognormal_15,8,wide_layered,lognormal,tied,15,io,8,,,,,,,,,0.181,0.003016666666666666666666666667,10.599,0.17665,5.580,0.093
schedule_policy,exp08_confirmatory_n8_wide_layered_lognormal_15,8,wide_layered,lognormal,tied,15,equal_alternating,1,,,,,,,,,0.000,0,0,0,0,0
schedule_policy,exp08_confirmatory_n8_wide_layered_lognormal_15,8,wide_layered,lognormal,tied,15,equal_alternating,4,,,,,,,,,-0.822,-0.0137,9.755,0.1625833333333333333333333333,6.740,0.1123333333333333333333333333
schedule_policy,exp08_confirmatory_n8_wide_layered_lognormal_15,8,wide_layered,lognormal,tied,15,equal_alternating,8,,,,,,,,,1.546,0.02576666666666666666666666667,15.418,0.2569666666666666666666666667,7.086,0.1181
differentiated_slowdown,exp08_confirmatory_n8_wide_layered_lognormal_15,8,wide_layered,lognormal,tied,15,io,4,true,t01->t06 => t01->t06,3.1104,0.04989989219159094409363930387,3.1104,3.1104,3.110400,true,,,,,,
schedule_policy,exp08_confirmatory_n8_wide_layered_lognormal_16,8,wide_layered,lognormal,tied,16,io,1,,,,,,,,,0.000,0,0,0,0,0
schedule_policy,exp08_confirmatory_n8_wide_layered_lognormal_16,8,wide_layered,lognormal,tied,16,io,4,,,,,,,,,-2.880,-0.08,-3.648,-0.1013333333333333333333333333,-1.536,-0.04266666666666666666666666667
schedule_policy,exp08_confirmatory_n8_wide_layered_lognormal_16,8,wide_layered,lognormal,tied,16,io,8,,,,,,,,,0.768,0.02133333333333333333333333333,0.384,0.01066666666666666666666666667,1.152,0.032
schedule_policy,exp08_confirmatory_n8_wide_layered_lognormal_16,8,wide_layered,lognormal,tied,16,equal_alternating,1,,,,,,,,,0.000,0,0,0,0,0
schedule_policy,exp08_confirmatory_n8_wide_layered_lognormal_16,8,wide_layered,lognormal,tied,16,equal_alternating,4,,,,,,,,,-0.288,-0.008,-0.528,-0.01466666666666666666666666667,1.696,0.04711111111111111111111111111
schedule_policy,exp08_confirmatory_n8_wide_layered_lognormal_16,8,wide_layered,lognormal,tied,16,equal_alternating,8,,,,,,,,,0.384,0.01066666666666666666666666667,2.496,0.06933333333333333333333333333,3.456,0.096
differentiated_slowdown,exp08_confirmatory_n8_wide_layered_lognormal_16,8,wide_layered,lognormal,tied,16,io,4,true,t01->t05 => t01->t05,2.0736,0.05521472392638036809815950920,2.0736,2.0736,2.073600,true,,,,,,
schedule_policy,exp08_confirmatory_n8_wide_layered_lognormal_17,8,wide_layered,lognormal,tied,17,io,1,,,,,,,,,0.000,0,0,0,0,0
schedule_policy,exp08_confirmatory_n8_wide_layered_lognormal_17,8,wide_layered,lognormal,tied,17,io,4,,,,,,,,,-0.527,-0.008783333333333333333333333333,5.784,0.0964,3.498,0.0583
schedule_policy,exp08_confirmatory_n8_wide_layered_lognormal_17,8,wide_layered,lognormal,tied,17,io,8,,,,,,,,,1.388,0.02313333333333333333333333333,18.907,0.3151166666666666666666666667,3.888,0.0648
schedule_policy,exp08_confirmatory_n8_wide_layered_lognormal_17,8,wide_layered,lognormal,tied,17,equal_alternating,1,,,,,,,,,0.000,0,0,0,0,0
schedule_policy,exp08_confirmatory_n8_wide_layered_lognormal_17,8,wide_layered,lognormal,tied,17,equal_alternating,4,,,,,,,,,-0.180,-0.003,0.253,0.004216666666666666666666666667,-0.596,-0.009933333333333333333333333333
schedule_policy,exp08_confirmatory_n8_wide_layered_lognormal_17,8,wide_layered,lognormal,tied,17,equal_alternating,8,,,,,,,,,-0.278,-0.004633333333333333333333333333,19.153,0.3192166666666666666666666667,3.834,0.0639
differentiated_slowdown,exp08_confirmatory_n8_wide_layered_lognormal_17,8,wide_layered,lognormal,tied,17,io,4,true,t01->t05 => t01->t05,3.2832,0.05256282179359102436025512949,3.2832,3.2832,3.283200,true,,,,,,
schedule_policy,exp08_confirmatory_n8_wide_layered_lognormal_18,8,wide_layered,lognormal,tied,18,io,1,,,,,,,,,0.000,0,0,0,0,0
schedule_policy,exp08_confirmatory_n8_wide_layered_lognormal_18,8,wide_layered,lognormal,tied,18,io,4,,,,,,,,,-0.454,-0.009458333333333333333333333333,0.099,0.0020625,-0.505,-0.01052083333333333333333333333
schedule_policy,exp08_confirmatory_n8_wide_layered_lognormal_18,8,wide_layered,lognormal,tied,18,io,8,,,,,,,,,-0.454,-0.009458333333333333333333333333,2.672,0.05566666666666666666666666667,1.059,0.0220625
schedule_policy,exp08_confirmatory_n8_wide_layered_lognormal_18,8,wide_layered,lognormal,tied,18,equal_alternating,1,,,,,,,,,0.000,0,0,0,0,0
schedule_policy,exp08_confirmatory_n8_wide_layered_lognormal_18,8,wide_layered,lognormal,tied,18,equal_alternating,4,,,,,,,,,-0.774,-0.016125,2.177,0.04535416666666666666666666667,1.145,0.02385416666666666666666666667
schedule_policy,exp08_confirmatory_n8_wide_layered_lognormal_18,8,wide_layered,lognormal,tied,18,equal_alternating,8,,,,,,,,,0.837,0.0174375,7.567,0.1576458333333333333333333333,0.279,0.0058125
differentiated_slowdown,exp08_confirmatory_n8_wide_layered_lognormal_18,8,wide_layered,lognormal,tied,18,io,4,true,t01->t03 => t01->t03,2.4192,0.04856427057236461746001156292,2.4192,2.4192,2.419200,true,,,,,,
schedule_policy,exp08_confirmatory_n8_wide_layered_lognormal_19,8,wide_layered,lognormal,tied,19,io,1,,,,,,,,,0.000,0,0,0,0,0
schedule_policy,exp08_confirmatory_n8_wide_layered_lognormal_19,8,wide_layered,lognormal,tied,19,io,4,,,,,,,,,5.631,0.09385,8.483,0.1413833333333333333333333333,3.831,0.06385
schedule_policy,exp08_confirmatory_n8_wide_layered_lognormal_19,8,wide_layered,lognormal,tied,19,io,8,,,,,,,,,1.714,0.02856666666666666666666666667,7.383,0.12305,3.709,0.06181666666666666666666666667
schedule_policy,exp08_confirmatory_n8_wide_layered_lognormal_19,8,wide_layered,lognormal,tied,19,equal_alternating,1,,,,,,,,,0.000,0,0,0,0,0
schedule_policy,exp08_confirmatory_n8_wide_layered_lognormal_19,8,wide_layered,lognormal,tied,19,equal_alternating,4,,,,,,,,,1.490,0.02483333333333333333333333333,0.149,0.002483333333333333333333333333,-1.485,-0.02475
schedule_policy,exp08_confirmatory_n8_wide_layered_lognormal_19,8,wide_layered,lognormal,tied,19,equal_alternating,8,,,,,,,,,-0.791,-0.01318333333333333333333333333,2.564,0.04273333333333333333333333333,-2.122,-0.03536666666666666666666666667
differentiated_slowdown,exp08_confirmatory_n8_wide_layered_lognormal_19,8,wide_layered,lognormal,tied,19,io,4,true,t01->t02 => t01->t02,2.9376,0.04722586619337911875916351570,2.9376,2.9376,2.937600,true,,,,,,
schedule_policy,exp08_confirmatory_n8_mixed_homogeneous_00,8,mixed,homogeneous,tied,0,io,1,,,,,,,,,0.000,0,0,0,0,0
schedule_policy,exp08_confirmatory_n8_mixed_homogeneous_00,8,mixed,homogeneous,tied,0,io,4,,,,,,,,,-1.008,-0.021,-2.304,-0.048,-1.872,-0.039
schedule_policy,exp08_confirmatory_n8_mixed_homogeneous_00,8,mixed,homogeneous,tied,0,io,8,,,,,,,,,-1.008,-0.021,-2.304,-0.048,-1.872,-0.039
schedule_policy,exp08_confirmatory_n8_mixed_homogeneous_00,8,mixed,homogeneous,tied,0,equal_alternating,1,,,,,,,,,0.000,0,0,0,0,0
schedule_policy,exp08_confirmatory_n8_mixed_homogeneous_00,8,mixed,homogeneous,tied,0,equal_alternating,4,,,,,,,,,-0.576,-0.012,-1.152,-0.024,-1.152,-0.024
schedule_policy,exp08_confirmatory_n8_mixed_homogeneous_00,8,mixed,homogeneous,tied,0,equal_alternating,8,,,,,,,,,-0.576,-0.012,-1.152,-0.024,-1.152,-0.024
differentiated_slowdown,exp08_confirmatory_n8_mixed_homogeneous_00,8,mixed,homogeneous,tied,0,io,4,false,t01->t03->t07->t08 => t01->t02->t06->t08,1.3824,0.02779922779922779922779922780,0.6912,0.6912,1.382400,true,,,,,,
schedule_policy,exp08_confirmatory_n8_mixed_homogeneous_01,8,mixed,homogeneous,tied,1,io,1,,,,,,,,,0.000,0,0,0,0,0
schedule_policy,exp08_confirmatory_n8_mixed_homogeneous_01,8,mixed,homogeneous,tied,1,io,4,,,,,,,,,-0.432,-0.009,1.296,0.027,0.000,0
schedule_policy,exp08_confirmatory_n8_mixed_homogeneous_01,8,mixed,homogeneous,tied,1,io,8,,,,,,,,,-0.432,-0.009,1.296,0.027,0.000,0
schedule_policy,exp08_confirmatory_n8_mixed_homogeneous_01,8,mixed,homogeneous,tied,1,equal_alternating,1,,,,,,,,,0.000,0,0,0,0,0
schedule_policy,exp08_confirmatory_n8_mixed_homogeneous_01,8,mixed,homogeneous,tied,1,equal_alternating,4,,,,,,,,,-0.288,-0.006,-0.864,-0.018,-0.672,-0.014
schedule_policy,exp08_confirmatory_n8_mixed_homogeneous_01,8,mixed,homogeneous,tied,1,equal_alternating,8,,,,,,,,,-0.288,-0.006,-0.864,-0.018,-0.672,-0.014
differentiated_slowdown,exp08_confirmatory_n8_mixed_homogeneous_01,8,mixed,homogeneous,tied,1,io,4,false,t01->t03->t07->t08 => t01->t04->t05->t08,1.3824,0.02779922779922779922779922780,0.6912,0.6912,1.382400,true,,,,,,
schedule_policy,exp08_confirmatory_n8_mixed_homogeneous_02,8,mixed,homogeneous,tied,2,io,1,,,,,,,,,0.000,0,0,0,0,0
schedule_policy,exp08_confirmatory_n8_mixed_homogeneous_02,8,mixed,homogeneous,tied,2,io,4,,,,,,,,,-1.440,-0.03,-4.176,-0.087,-3.312,-0.069
schedule_policy,exp08_confirmatory_n8_mixed_homogeneous_02,8,mixed,homogeneous,tied,2,io,8,,,,,,,,,-1.440,-0.03,-4.176,-0.087,-3.312,-0.069
schedule_policy,exp08_confirmatory_n8_mixed_homogeneous_02,8,mixed,homogeneous,tied,2,equal_alternating,1,,,,,,,,,0.000,0,0,0,0,0
schedule_policy,exp08_confirmatory_n8_mixed_homogeneous_02,8,mixed,homogeneous,tied,2,equal_alternating,4,,,,,,,,,-0.576,-0.012,-1.368,-0.0285,-1.344,-0.028
schedule_policy,exp08_confirmatory_n8_mixed_homogeneous_02,8,mixed,homogeneous,tied,2,equal_alternating,8,,,,,,,,,-0.576,-0.012,-1.368,-0.0285,-1.344,-0.028
differentiated_slowdown,exp08_confirmatory_n8_mixed_homogeneous_02,8,mixed,homogeneous,tied,2,io,4,false,t01->t03->t07->t08 => t01->t02->t06->t08,1.3824,0.02779922779922779922779922780,0.6912,0.6912,1.382400,true,,,,,,
schedule_policy,exp08_confirmatory_n8_mixed_homogeneous_03,8,mixed,homogeneous,tied,3,io,1,,,,,,,,,0.000,0,0,0,0,0
schedule_policy,exp08_confirmatory_n8_mixed_homogeneous_03,8,mixed,homogeneous,tied,3,io,4,,,,,,,,,-0.576,-0.012,0.864,0.018,0.000,0
schedule_policy,exp08_confirmatory_n8_mixed_homogeneous_03,8,mixed,homogeneous,tied,3,io,8,,,,,,,,,-0.576,-0.012,0.864,0.018,0.000,0
schedule_policy,exp08_confirmatory_n8_mixed_homogeneous_03,8,mixed,homogeneous,tied,3,equal_alternating,1,,,,,,,,,0.000,0,0,0,0,0
schedule_policy,exp08_confirmatory_n8_mixed_homogeneous_03,8,mixed,homogeneous,tied,3,equal_alternating,4,,,,,,,,,-0.288,-0.006,-0.864,-0.018,-0.672,-0.014
schedule_policy,exp08_confirmatory_n8_mixed_homogeneous_03,8,mixed,homogeneous,tied,3,equal_alternating,8,,,,,,,,,-0.288,-0.006,-0.864,-0.018,-0.672,-0.014
differentiated_slowdown,exp08_confirmatory_n8_mixed_homogeneous_03,8,mixed,homogeneous,tied,3,io,4,false,t01->t02->t07->t08 => t01->t04->t06->t08,1.3824,0.02779922779922779922779922780,0.6912,0.6912,1.382400,true,,,,,,
schedule_policy,exp08_confirmatory_n8_mixed_homogeneous_04,8,mixed,homogeneous,tied,4,io,1,,,,,,,,,0.000,0,0,0,0,0
schedule_policy,exp08_confirmatory_n8_mixed_homogeneous_04,8,mixed,homogeneous,tied,4,io,4,,,,,,,,,-0.432,-0.009,1.008,0.021,0.144,0.003
schedule_policy,exp08_confirmatory_n8_mixed_homogeneous_04,8,mixed,homogeneous,tied,4,io,8,,,,,,,,,-0.432,-0.009,1.008,0.021,0.144,0.003
schedule_policy,exp08_confirmatory_n8_mixed_homogeneous_04,8,mixed,homogeneous,tied,4,equal_alternating,1,,,,,,,,,0.000,0,0,0,0,0
schedule_policy,exp08_confirmatory_n8_mixed_homogeneous_04,8,mixed,homogeneous,tied,4,equal_alternating,4,,,,,,,,,-0.288,-0.006,0.432,0.009,0.504,0.0105
schedule_policy,exp08_confirmatory_n8_mixed_homogeneous_04,8,mixed,homogeneous,tied,4,equal_alternating,8,,,,,,,,,-0.288,-0.006,0.432,0.009,0.504,0.0105
differentiated_slowdown,exp08_confirmatory_n8_mixed_homogeneous_04,8,mixed,homogeneous,tied,4,io,4,false,t01->t03->t06->t08 => t01->t04->t05->t08,1.3824,0.02779922779922779922779922780,0.6912,0.6912,1.382400,true,,,,,,
schedule_policy,exp08_confirmatory_n8_mixed_homogeneous_05,8,mixed,homogeneous,tied,5,io,1,,,,,,,,,0.000,0,0,0,0,0
schedule_policy,exp08_confirmatory_n8_mixed_homogeneous_05,8,mixed,homogeneous,tied,5,io,4,,,,,,,,,-1.008,-0.021,-1.296,-0.027,-1.296,-0.027
schedule_policy,exp08_confirmatory_n8_mixed_homogeneous_05,8,mixed,homogeneous,tied,5,io,8,,,,,,,,,-1.008,-0.021,-1.296,-0.027,-1.296,-0.027
schedule_policy,exp08_confirmatory_n8_mixed_homogeneous_05,8,mixed,homogeneous,tied,5,equal_alternating,1,,,,,,,,,0.000,0,0,0,0,0
schedule_policy,exp08_confirmatory_n8_mixed_homogeneous_05,8,mixed,homogeneous,tied,5,equal_alternating,4,,,,,,,,,-0.576,-0.012,-0.864,-0.018,-0.864,-0.018
schedule_policy,exp08_confirmatory_n8_mixed_homogeneous_05,8,mixed,homogeneous,tied,5,equal_alternating,8,,,,,,,,,-0.576,-0.012,-0.864,-0.018,-0.864,-0.018
differentiated_slowdown,exp08_confirmatory_n8_mixed_homogeneous_05,8,mixed,homogeneous,tied,5,io,4,false,t01->t04->t06->t08 => t01->t02->t07->t08,1.3824,0.02779922779922779922779922780,0.6912,0.6912,1.382400,true,,,,,,
schedule_policy,exp08_confirmatory_n8_mixed_homogeneous_06,8,mixed,homogeneous,tied,6,io,1,,,,,,,,,0.000,0,0,0,0,0
schedule_policy,exp08_confirmatory_n8_mixed_homogeneous_06,8,mixed,homogeneous,tied,6,io,4,,,,,,,,,-1.584,-0.033,-4.032,-0.084,-2.592,-0.054
schedule_policy,exp08_confirmatory_n8_mixed_homogeneous_06,8,mixed,homogeneous,tied,6,io,8,,,,,,,,,-1.584,-0.033,-4.032,-0.084,-2.592,-0.054
schedule_policy,exp08_confirmatory_n8_mixed_homogeneous_06,8,mixed,homogeneous,tied,6,equal_alternating,1,,,,,,,,,0.000,0,0,0,0,0
schedule_policy,exp08_confirmatory_n8_mixed_homogeneous_06,8,mixed,homogeneous,tied,6,equal_alternating,4,,,,,,,,,-0.792,-0.0165,-2.088,-0.0435,-1.776,-0.037
schedule_policy,exp08_confirmatory_n8_mixed_homogeneous_06,8,mixed,homogeneous,tied,6,equal_alternating,8,,,,,,,,,-0.792,-0.0165,-2.088,-0.0435,-1.776,-0.037
differentiated_slowdown,exp08_confirmatory_n8_mixed_homogeneous_06,8,mixed,homogeneous,tied,6,io,4,false,t01->t03->t07->t08 => t01->t02->t06->t08,1.3824,0.02779922779922779922779922780,0.6912,0.6912,1.382400,true,,,,,,
schedule_policy,exp08_confirmatory_n8_mixed_homogeneous_07,8,mixed,homogeneous,tied,7,io,1,,,,,,,,,0.000,0,0,0,0,0
schedule_policy,exp08_confirmatory_n8_mixed_homogeneous_07,8,mixed,homogeneous,tied,7,io,4,,,,,,,,,-1.008,-0.021,-2.016,-0.042,-1.008,-0.021
schedule_policy,exp08_confirmatory_n8_mixed_homogeneous_07,8,mixed,homogeneous,tied,7,io,8,,,,,,,,,-1.008,-0.021,-2.016,-0.042,-1.008,-0.021
schedule_policy,exp08_confirmatory_n8_mixed_homogeneous_07,8,mixed,homogeneous,tied,7,equal_alternating,1,,,,,,,,,0.000,0,0,0,0,0
schedule_policy,exp08_confirmatory_n8_mixed_homogeneous_07,8,mixed,homogeneous,tied,7,equal_alternating,4,,,,,,,,,-0.576,-0.012,-0.864,-0.018,-0.864,-0.018
schedule_policy,exp08_confirmatory_n8_mixed_homogeneous_07,8,mixed,homogeneous,tied,7,equal_alternating,8,,,,,,,,,-0.576,-0.012,-0.864,-0.018,-0.864,-0.018
differentiated_slowdown,exp08_confirmatory_n8_mixed_homogeneous_07,8,mixed,homogeneous,tied,7,io,4,false,t01->t04->t07->t08 => t01->t03->t05->t08,1.3824,0.02779922779922779922779922780,0.6912,0.6912,1.382400,true,,,,,,
schedule_policy,exp08_confirmatory_n8_mixed_homogeneous_08,8,mixed,homogeneous,tied,8,io,1,,,,,,,,,0.000,0,0,0,0,0
schedule_policy,exp08_confirmatory_n8_mixed_homogeneous_08,8,mixed,homogeneous,tied,8,io,4,,,,,,,,,-0.576,-0.012,0.576,0.012,-0.288,-0.006
schedule_policy,exp08_confirmatory_n8_mixed_homogeneous_08,8,mixed,homogeneous,tied,8,io,8,,,,,,,,,-0.576,-0.012,0.576,0.012,-0.288,-0.006
schedule_policy,exp08_confirmatory_n8_mixed_homogeneous_08,8,mixed,homogeneous,tied,8,equal_alternating,1,,,,,,,,,0.000,0,0,0,0,0
schedule_policy,exp08_confirmatory_n8_mixed_homogeneous_08,8,mixed,homogeneous,tied,8,equal_alternating,4,,,,,,,,,-0.288,-0.006,-0.648,-0.0135,-0.456,-0.0095
schedule_policy,exp08_confirmatory_n8_mixed_homogeneous_08,8,mixed,homogeneous,tied,8,equal_alternating,8,,,,,,,,,-0.288,-0.006,-0.648,-0.0135,-0.456,-0.0095
differentiated_slowdown,exp08_confirmatory_n8_mixed_homogeneous_08,8,mixed,homogeneous,tied,8,io,4,false,t01->t03->t07->t08 => t01->t04->t05->t08,1.3824,0.02779922779922779922779922780,0.6912,0.6912,1.382400,true,,,,,,
schedule_policy,exp08_confirmatory_n8_mixed_homogeneous_09,8,mixed,homogeneous,tied,9,io,1,,,,,,,,,0.000,0,0,0,0,0
schedule_policy,exp08_confirmatory_n8_mixed_homogeneous_09,8,mixed,homogeneous,tied,9,io,4,,,,,,,,,-1.152,-0.024,-0.576,-0.012,0.288,0.006
schedule_policy,exp08_confirmatory_n8_mixed_homogeneous_09,8,mixed,homogeneous,tied,9,io,8,,,,,,,,,-1.152,-0.024,-0.576,-0.012,0.288,0.006
schedule_policy,exp08_confirmatory_n8_mixed_homogeneous_09,8,mixed,homogeneous,tied,9,equal_alternating,1,,,,,,,,,0.000,0,0,0,0,0
schedule_policy,exp08_confirmatory_n8_mixed_homogeneous_09,8,mixed,homogeneous,tied,9,equal_alternating,4,,,,,,,,,-0.576,-0.012,-1.152,-0.024,-0.288,-0.006
schedule_policy,exp08_confirmatory_n8_mixed_homogeneous_09,8,mixed,homogeneous,tied,9,equal_alternating,8,,,,,,,,,-0.576,-0.012,-1.152,-0.024,-0.288,-0.006
differentiated_slowdown,exp08_confirmatory_n8_mixed_homogeneous_09,8,mixed,homogeneous,tied,9,io,4,false,t01->t04->t06->t08 => t01->t03->t07->t08,1.3824,0.02779922779922779922779922780,0.6912,0.6912,1.382400,true,,,,,,
schedule_policy,exp08_confirmatory_n8_mixed_homogeneous_10,8,mixed,homogeneous,tied,10,io,1,,,,,,,,,0.000,0,0,0,0,0
schedule_policy,exp08_confirmatory_n8_mixed_homogeneous_10,8,mixed,homogeneous,tied,10,io,4,,,,,,,,,-1.152,-0.024,-1.440,-0.03,-0.144,-0.003
schedule_policy,exp08_confirmatory_n8_mixed_homogeneous_10,8,mixed,homogeneous,tied,10,io,8,,,,,,,,,-1.152,-0.024,-1.440,-0.03,-0.144,-0.003
schedule_policy,exp08_confirmatory_n8_mixed_homogeneous_10,8,mixed,homogeneous,tied,10,equal_alternating,1,,,,,,,,,0.000,0,0,0,0,0
schedule_policy,exp08_confirmatory_n8_mixed_homogeneous_10,8,mixed,homogeneous,tied,10,equal_alternating,4,,,,,,,,,-0.576,-0.012,-1.152,-0.024,-0.288,-0.006
schedule_policy,exp08_confirmatory_n8_mixed_homogeneous_10,8,mixed,homogeneous,tied,10,equal_alternating,8,,,,,,,,,-0.576,-0.012,-1.152,-0.024,-0.288,-0.006
differentiated_slowdown,exp08_confirmatory_n8_mixed_homogeneous_10,8,mixed,homogeneous,tied,10,io,4,false,t01->t04->t07->t08 => t01->t03->t06->t08,1.3824,0.02779922779922779922779922780,0.6912,0.6912,1.382400,true,,,,,,
schedule_policy,exp08_confirmatory_n8_mixed_homogeneous_11,8,mixed,homogeneous,tied,11,io,1,,,,,,,,,0.000,0,0,0,0,0
schedule_policy,exp08_confirmatory_n8_mixed_homogeneous_11,8,mixed,homogeneous,tied,11,io,4,,,,,,,,,-0.720,-0.015,0.000,0,0.144,0.003
schedule_policy,exp08_confirmatory_n8_mixed_homogeneous_11,8,mixed,homogeneous,tied,11,io,8,,,,,,,,,-0.720,-0.015,0.000,0,0.144,0.003
schedule_policy,exp08_confirmatory_n8_mixed_homogeneous_11,8,mixed,homogeneous,tied,11,equal_alternating,1,,,,,,,,,0.000,0,0,0,0,0
schedule_policy,exp08_confirmatory_n8_mixed_homogeneous_11,8,mixed,homogeneous,tied,11,equal_alternating,4,,,,,,,,,-0.288,-0.006,0.000,0,0.168,0.0035
schedule_policy,exp08_confirmatory_n8_mixed_homogeneous_11,8,mixed,homogeneous,tied,11,equal_alternating,8,,,,,,,,,-0.288,-0.006,0.000,0,0.168,0.0035
differentiated_slowdown,exp08_confirmatory_n8_mixed_homogeneous_11,8,mixed,homogeneous,tied,11,io,4,false,t01->t04->t06->t08 => t01->t03->t07->t08,1.3824,0.02779922779922779922779922780,0.6912,0.6912,1.382400,true,,,,,,
schedule_policy,exp08_confirmatory_n8_mixed_homogeneous_12,8,mixed,homogeneous,tied,12,io,1,,,,,,,,,0.000,0,0,0,0,0
schedule_policy,exp08_confirmatory_n8_mixed_homogeneous_12,8,mixed,homogeneous,tied,12,io,4,,,,,,,,,-1.008,-0.021,-1.152,-0.024,-0.864,-0.018
schedule_policy,exp08_confirmatory_n8_mixed_homogeneous_12,8,mixed,homogeneous,tied,12,io,8,,,,,,,,,-1.008,-0.021,-1.152,-0.024,-0.864,-0.018
schedule_policy,exp08_confirmatory_n8_mixed_homogeneous_12,8,mixed,homogeneous,tied,12,equal_alternating,1,,,,,,,,,0.000,0,0,0,0,0
schedule_policy,exp08_confirmatory_n8_mixed_homogeneous_12,8,mixed,homogeneous,tied,12,equal_alternating,4,,,,,,,,,-0.576,-0.012,-1.152,-0.024,-0.864,-0.018
schedule_policy,exp08_confirmatory_n8_mixed_homogeneous_12,8,mixed,homogeneous,tied,12,equal_alternating,8,,,,,,,,,-0.576,-0.012,-1.152,-0.024,-0.864,-0.018
differentiated_slowdown,exp08_confirmatory_n8_mixed_homogeneous_12,8,mixed,homogeneous,tied,12,io,4,false,t01->t04->t07->t08 => t01->t03->t05->t08,1.3824,0.02779922779922779922779922780,0.6912,0.6912,1.382400,true,,,,,,
schedule_policy,exp08_confirmatory_n8_mixed_homogeneous_13,8,mixed,homogeneous,tied,13,io,1,,,,,,,,,0.000,0,0,0,0,0
schedule_policy,exp08_confirmatory_n8_mixed_homogeneous_13,8,mixed,homogeneous,tied,13,io,4,,,,,,,,,-0.576,-0.012,1.584,0.033,1.296,0.027
schedule_policy,exp08_confirmatory_n8_mixed_homogeneous_13,8,mixed,homogeneous,tied,13,io,8,,,,,,,,,-0.576,-0.012,1.584,0.033,1.296,0.027
schedule_policy,exp08_confirmatory_n8_mixed_homogeneous_13,8,mixed,homogeneous,tied,13,equal_alternating,1,,,,,,,,,0.000,0,0,0,0,0
schedule_policy,exp08_confirmatory_n8_mixed_homogeneous_13,8,mixed,homogeneous,tied,13,equal_alternating,4,,,,,,,,,-0.288,-0.006,0.144,0.003,0.216,0.0045
schedule_policy,exp08_confirmatory_n8_mixed_homogeneous_13,8,mixed,homogeneous,tied,13,equal_alternating,8,,,,,,,,,-0.288,-0.006,0.144,0.003,0.216,0.0045
differentiated_slowdown,exp08_confirmatory_n8_mixed_homogeneous_13,8,mixed,homogeneous,tied,13,io,4,false,t01->t03->t06->t08 => t01->t04->t07->t08,1.3824,0.02779922779922779922779922780,0.6912,0.6912,1.382400,true,,,,,,
schedule_policy,exp08_confirmatory_n8_mixed_homogeneous_14,8,mixed,homogeneous,tied,14,io,1,,,,,,,,,0.000,0,0,0,0,0
schedule_policy,exp08_confirmatory_n8_mixed_homogeneous_14,8,mixed,homogeneous,tied,14,io,4,,,,,,,,,-1.008,-0.021,-1.152,-0.024,-0.864,-0.018
schedule_policy,exp08_confirmatory_n8_mixed_homogeneous_14,8,mixed,homogeneous,tied,14,io,8,,,,,,,,,-1.008,-0.021,-1.152,-0.024,-0.864,-0.018
schedule_policy,exp08_confirmatory_n8_mixed_homogeneous_14,8,mixed,homogeneous,tied,14,equal_alternating,1,,,,,,,,,0.000,0,0,0,0,0
schedule_policy,exp08_confirmatory_n8_mixed_homogeneous_14,8,mixed,homogeneous,tied,14,equal_alternating,4,,,,,,,,,-0.576,-0.012,-1.152,-0.024,-0.864,-0.018
schedule_policy,exp08_confirmatory_n8_mixed_homogeneous_14,8,mixed,homogeneous,tied,14,equal_alternating,8,,,,,,,,,-0.576,-0.012,-1.152,-0.024,-0.864,-0.018
differentiated_slowdown,exp08_confirmatory_n8_mixed_homogeneous_14,8,mixed,homogeneous,tied,14,io,4,false,t01->t04->t06->t08 => t01->t03->t05->t08,1.3824,0.02779922779922779922779922780,0.6912,0.6912,1.382400,true,,,,,,
schedule_policy,exp08_confirmatory_n8_mixed_homogeneous_15,8,mixed,homogeneous,tied,15,io,1,,,,,,,,,0.000,0,0,0,0,0
schedule_policy,exp08_confirmatory_n8_mixed_homogeneous_15,8,mixed,homogeneous,tied,15,io,4,,,,,,,,,-0.576,-0.012,0.864,0.018,0.432,0.009
schedule_policy,exp08_confirmatory_n8_mixed_homogeneous_15,8,mixed,homogeneous,tied,15,io,8,,,,,,,,,-0.576,-0.012,0.864,0.018,0.432,0.009
schedule_policy,exp08_confirmatory_n8_mixed_homogeneous_15,8,mixed,homogeneous,tied,15,equal_alternating,1,,,,,,,,,0.000,0,0,0,0,0
schedule_policy,exp08_confirmatory_n8_mixed_homogeneous_15,8,mixed,homogeneous,tied,15,equal_alternating,4,,,,,,,,,-0.288,-0.006,0.144,0.003,0.216,0.0045
schedule_policy,exp08_confirmatory_n8_mixed_homogeneous_15,8,mixed,homogeneous,tied,15,equal_alternating,8,,,,,,,,,-0.288,-0.006,0.144,0.003,0.216,0.0045
differentiated_slowdown,exp08_confirmatory_n8_mixed_homogeneous_15,8,mixed,homogeneous,tied,15,io,4,false,t01->t03->t07->t08 => t01->t04->t06->t08,1.3824,0.02779922779922779922779922780,0.6912,0.6912,1.382400,true,,,,,,
schedule_policy,exp08_confirmatory_n8_mixed_homogeneous_16,8,mixed,homogeneous,tied,16,io,1,,,,,,,,,0.000,0,0,0,0,0
schedule_policy,exp08_confirmatory_n8_mixed_homogeneous_16,8,mixed,homogeneous,tied,16,io,4,,,,,,,,,-1.152,-0.024,-1.296,-0.027,-0.576,-0.012
schedule_policy,exp08_confirmatory_n8_mixed_homogeneous_16,8,mixed,homogeneous,tied,16,io,8,,,,,,,,,-1.152,-0.024,-1.296,-0.027,-0.576,-0.012
schedule_policy,exp08_confirmatory_n8_mixed_homogeneous_16,8,mixed,homogeneous,tied,16,equal_alternating,1,,,,,,,,,0.000,0,0,0,0,0
schedule_policy,exp08_confirmatory_n8_mixed_homogeneous_16,8,mixed,homogeneous,tied,16,equal_alternating,4,,,,,,,,,-0.576,-0.012,-1.152,-0.024,-0.288,-0.006
schedule_policy,exp08_confirmatory_n8_mixed_homogeneous_16,8,mixed,homogeneous,tied,16,equal_alternating,8,,,,,,,,,-0.576,-0.012,-1.152,-0.024,-0.288,-0.006
differentiated_slowdown,exp08_confirmatory_n8_mixed_homogeneous_16,8,mixed,homogeneous,tied,16,io,4,false,t01->t04->t06->t08 => t01->t03->t07->t08,1.3824,0.02779922779922779922779922780,0.6912,0.6912,1.382400,true,,,,,,
schedule_policy,exp08_confirmatory_n8_mixed_homogeneous_17,8,mixed,homogeneous,tied,17,io,1,,,,,,,,,0.000,0,0,0,0,0
schedule_policy,exp08_confirmatory_n8_mixed_homogeneous_17,8,mixed,homogeneous,tied,17,io,4,,,,,,,,,-1.008,-0.021,-1.728,-0.036,-1.008,-0.021
schedule_policy,exp08_confirmatory_n8_mixed_homogeneous_17,8,mixed,homogeneous,tied,17,io,8,,,,,,,,,-1.008,-0.021,-1.728,-0.036,-1.008,-0.021
schedule_policy,exp08_confirmatory_n8_mixed_homogeneous_17,8,mixed,homogeneous,tied,17,equal_alternating,1,,,,,,,,,0.000,0,0,0,0,0
schedule_policy,exp08_confirmatory_n8_mixed_homogeneous_17,8,mixed,homogeneous,tied,17,equal_alternating,4,,,,,,,,,-0.288,-0.006,-0.072,-0.0015,0.096,0.002
schedule_policy,exp08_confirmatory_n8_mixed_homogeneous_17,8,mixed,homogeneous,tied,17,equal_alternating,8,,,,,,,,,-0.288,-0.006,-0.072,-0.0015,0.096,0.002
differentiated_slowdown,exp08_confirmatory_n8_mixed_homogeneous_17,8,mixed,homogeneous,tied,17,io,4,false,t01->t02->t07->t08 => t01->t03->t05->t08,1.3824,0.02779922779922779922779922780,0.6912,0.6912,1.382400,true,,,,,,
schedule_policy,exp08_confirmatory_n8_mixed_homogeneous_18,8,mixed,homogeneous,tied,18,io,1,,,,,,,,,0.000,0,0,0,0,0
schedule_policy,exp08_confirmatory_n8_mixed_homogeneous_18,8,mixed,homogeneous,tied,18,io,4,,,,,,,,,-0.576,-0.012,-0.288,-0.006,0.288,0.006
schedule_policy,exp08_confirmatory_n8_mixed_homogeneous_18,8,mixed,homogeneous,tied,18,io,8,,,,,,,,,-0.576,-0.012,-0.288,-0.006,0.288,0.006
schedule_policy,exp08_confirmatory_n8_mixed_homogeneous_18,8,mixed,homogeneous,tied,18,equal_alternating,1,,,,,,,,,0.000,0,0,0,0,0
schedule_policy,exp08_confirmatory_n8_mixed_homogeneous_18,8,mixed,homogeneous,tied,18,equal_alternating,4,,,,,,,,,-0.288,-0.006,0.144,0.003,-0.072,-0.0015
schedule_policy,exp08_confirmatory_n8_mixed_homogeneous_18,8,mixed,homogeneous,tied,18,equal_alternating,8,,,,,,,,,-0.288,-0.006,0.144,0.003,-0.072,-0.0015
differentiated_slowdown,exp08_confirmatory_n8_mixed_homogeneous_18,8,mixed,homogeneous,tied,18,io,4,false,t01->t03->t07->t08 => t01->t04->t06->t08,1.3824,0.02779922779922779922779922780,0.6912,0.6912,1.382400,true,,,,,,
schedule_policy,exp08_confirmatory_n8_mixed_homogeneous_19,8,mixed,homogeneous,tied,19,io,1,,,,,,,,,0.000,0,0,0,0,0
schedule_policy,exp08_confirmatory_n8_mixed_homogeneous_19,8,mixed,homogeneous,tied,19,io,4,,,,,,,,,-0.576,-0.012,1.296,0.027,0.000,0
schedule_policy,exp08_confirmatory_n8_mixed_homogeneous_19,8,mixed,homogeneous,tied,19,io,8,,,,,,,,,-0.576,-0.012,1.296,0.027,0.000,0
schedule_policy,exp08_confirmatory_n8_mixed_homogeneous_19,8,mixed,homogeneous,tied,19,equal_alternating,1,,,,,,,,,0.000,0,0,0,0,0
schedule_policy,exp08_confirmatory_n8_mixed_homogeneous_19,8,mixed,homogeneous,tied,19,equal_alternating,4,,,,,,,,,-0.288,-0.006,-0.864,-0.018,-0.672,-0.014
schedule_policy,exp08_confirmatory_n8_mixed_homogeneous_19,8,mixed,homogeneous,tied,19,equal_alternating,8,,,,,,,,,-0.288,-0.006,-0.864,-0.018,-0.672,-0.014
differentiated_slowdown,exp08_confirmatory_n8_mixed_homogeneous_19,8,mixed,homogeneous,tied,19,io,4,false,t01->t02->t06->t08 => t01->t04->t07->t08,1.3824,0.02779922779922779922779922780,0.6912,0.6912,1.382400,true,,,,,,
schedule_policy,exp08_confirmatory_n8_mixed_lognormal_00,8,mixed,lognormal,unique,0,io,1,,,,,,,,,0.000,0,0,0,0,0
schedule_policy,exp08_confirmatory_n8_mixed_lognormal_00,8,mixed,lognormal,unique,0,io,4,,,,,,,,,-4.788,-0.03627272727272727272727272727,-3.545,-0.02685606060606060606060606061,-5.534,-0.04192424242424242424242424242
schedule_policy,exp08_confirmatory_n8_mixed_lognormal_00,8,mixed,lognormal,unique,0,io,8,,,,,,,,,-4.788,-0.03627272727272727272727272727,-3.545,-0.02685606060606060606060606061,-5.534,-0.04192424242424242424242424242
schedule_policy,exp08_confirmatory_n8_mixed_lognormal_00,8,mixed,lognormal,unique,0,equal_alternating,1,,,,,,,,,0.000,0,0,0,0,0
schedule_policy,exp08_confirmatory_n8_mixed_lognormal_00,8,mixed,lognormal,unique,0,equal_alternating,4,,,,,,,,,0.000,0,0.074,0.0005606060606060606060606060606,-0.922,-0.006984848484848484848484848485
schedule_policy,exp08_confirmatory_n8_mixed_lognormal_00,8,mixed,lognormal,unique,0,equal_alternating,8,,,,,,,,,0.000,0,0.074,0.0005606060606060606060606060606,-0.922,-0.006984848484848484848484848485
differentiated_slowdown,exp08_confirmatory_n8_mixed_lognormal_00,8,mixed,lognormal,unique,0,io,4,true,t01->t04->t06->t08 => t01->t04->t06->t08,3.2832,0.02441723485524577874558240817,3.2832,3.2832,3.283200,true,,,,,,
schedule_policy,exp08_confirmatory_n8_mixed_lognormal_01,8,mixed,lognormal,unique,1,io,1,,,,,,,,,0.000,0,0,0,0,0
schedule_policy,exp08_confirmatory_n8_mixed_lognormal_01,8,mixed,lognormal,unique,1,io,4,,,,,,,,,0.000,0,2.037,0.01543181818181818181818181818,-0.058,-0.0004393939393939393939393939394
schedule_policy,exp08_confirmatory_n8_mixed_lognormal_01,8,mixed,lognormal,unique,1,io,8,,,,,,,,,0.000,0,2.037,0.01543181818181818181818181818,-0.058,-0.0004393939393939393939393939394
schedule_policy,exp08_confirmatory_n8_mixed_lognormal_01,8,mixed,lognormal,unique,1,equal_alternating,1,,,,,,,,,0.000,0,0,0,0,0
schedule_policy,exp08_confirmatory_n8_mixed_lognormal_01,8,mixed,lognormal,unique,1,equal_alternating,4,,,,,,,,,-1.389,-0.01052272727272727272727272727,-0.778,-0.005893939393939393939393939394,-1.615,-0.01223484848484848484848484848
schedule_policy,exp08_confirmatory_n8_mixed_lognormal_01,8,mixed,lognormal,unique,1,equal_alternating,8,,,,,,,,,-1.389,-0.01052272727272727272727272727,-0.778,-0.005893939393939393939393939394,-1.615,-0.01223484848484848484848484848
differentiated_slowdown,exp08_confirmatory_n8_mixed_lognormal_01,8,mixed,lognormal,unique,1,io,4,true,t01->t04->t07->t08 => t01->t04->t07->t08,3.4560,0.02567760342368045649072753210,3.4560,3.4560,3.456000,true,,,,,,
schedule_policy,exp08_confirmatory_n8_mixed_lognormal_02,8,mixed,lognormal,unique,2,io,1,,,,,,,,,0.000,0,0,0,0,0
schedule_policy,exp08_confirmatory_n8_mixed_lognormal_02,8,mixed,lognormal,unique,2,io,4,,,,,,,,,0.000,0,0.576,0.005333333333333333333333333333,-0.576,-0.005333333333333333333333333333
schedule_policy,exp08_confirmatory_n8_mixed_lognormal_02,8,mixed,lognormal,unique,2,io,8,,,,,,,,,0.000,0,0.576,0.005333333333333333333333333333,-0.576,-0.005333333333333333333333333333
schedule_policy,exp08_confirmatory_n8_mixed_lognormal_02,8,mixed,lognormal,unique,2,equal_alternating,1,,,,,,,,,0.000,0,0,0,0,0
schedule_policy,exp08_confirmatory_n8_mixed_lognormal_02,8,mixed,lognormal,unique,2,equal_alternating,4,,,,,,,,,-0.784,-0.007259259259259259259259259259,2.024,0.01874074074074074074074074074,0.872,0.008074074074074074074074074074
schedule_policy,exp08_confirmatory_n8_mixed_lognormal_02,8,mixed,lognormal,unique,2,equal_alternating,8,,,,,,,,,-0.784,-0.007259259259259259259259259259,2.024,0.01874074074074074074074074074,0.872,0.008074074074074074074074074074
differentiated_slowdown,exp08_confirmatory_n8_mixed_lognormal_02,8,mixed,lognormal,unique,2,io,4,true,t01->t02->t07->t08 => t01->t02->t07->t08,3.1104,0.02819107282693813625685199687,3.1104,3.1104,3.110400,true,,,,,,
schedule_policy,exp08_confirmatory_n8_mixed_lognormal_03,8,mixed,lognormal,unique,3,io,1,,,,,,,,,0.000,0,0,0,0,0
schedule_policy,exp08_confirmatory_n8_mixed_lognormal_03,8,mixed,lognormal,unique,3,io,4,,,,,,,,,0.000,0,2.036,0.01542424242424242424242424242,-0.582,-0.004409090909090909090909090909
schedule_policy,exp08_confirmatory_n8_mixed_lognormal_03,8,mixed,lognormal,unique,3,io,8,,,,,,,,,0.000,0,2.036,0.01542424242424242424242424242,-0.582,-0.004409090909090909090909090909
schedule_policy,exp08_confirmatory_n8_mixed_lognormal_03,8,mixed,lognormal,unique,3,equal_alternating,1,,,,,,,,,0.000,0,0,0,0,0
schedule_policy,exp08_confirmatory_n8_mixed_lognormal_03,8,mixed,lognormal,unique,3,equal_alternating,4,,,,,,,,,-0.458,-0.003469696969696969696969696970,5.142,0.03895454545454545454545454545,1.978,0.01498484848484848484848484848
schedule_policy,exp08_confirmatory_n8_mixed_lognormal_03,8,mixed,lognormal,unique,3,equal_alternating,8,,,,,,,,,-0.458,-0.003469696969696969696969696970,5.142,0.03895454545454545454545454545,1.978,0.01498484848484848484848484848
differentiated_slowdown,exp08_confirmatory_n8_mixed_lognormal_03,8,mixed,lognormal,unique,3,io,4,true,t01->t03->t06->t08 => t01->t03->t06->t08,3.4560,0.02567760342368045649072753210,3.4560,3.4560,3.456000,true,,,,,,
schedule_policy,exp08_confirmatory_n8_mixed_lognormal_04,8,mixed,lognormal,tied,4,io,1,,,,,,,,,0.000,0,0,0,0,0
schedule_policy,exp08_confirmatory_n8_mixed_lognormal_04,8,mixed,lognormal,tied,4,io,4,,,,,,,,,-1.296,-0.009818181818181818181818181818,3.456,0.02618181818181818181818181818,5.760,0.04363636363636363636363636364
schedule_policy,exp08_confirmatory_n8_mixed_lognormal_04,8,mixed,lognormal,tied,4,io,8,,,,,,,,,-1.296,-0.009818181818181818181818181818,3.456,0.02618181818181818181818181818,5.760,0.04363636363636363636363636364
schedule_policy,exp08_confirmatory_n8_mixed_lognormal_04,8,mixed,lognormal,tied,4,equal_alternating,1,,,,,,,,,0.000,0,0,0,0,0
schedule_policy,exp08_confirmatory_n8_mixed_lognormal_04,8,mixed,lognormal,tied,4,equal_alternating,4,,,,,,,,,-0.144,-0.001090909090909090909090909091,1.152,0.008727272727272727272727272727,0.792,0.006
schedule_policy,exp08_confirmatory_n8_mixed_lognormal_04,8,mixed,lognormal,tied,4,equal_alternating,8,,,,,,,,,-0.144,-0.001090909090909090909090909091,1.152,0.008727272727272727272727272727,0.792,0.006
differentiated_slowdown,exp08_confirmatory_n8_mixed_lognormal_04,8,mixed,lognormal,tied,4,io,4,false,t01->t02->t06->t08 => t01->t04->t07->t08,3.8016,0.02769424435275194069515350724,1.3824,1.3824,3.801600,true,,,,,,
schedule_policy,exp08_confirmatory_n8_mixed_lognormal_05,8,mixed,lognormal,tied,5,io,1,,,,,,,,,0.000,0,0,0,0,0
schedule_policy,exp08_confirmatory_n8_mixed_lognormal_05,8,mixed,lognormal,tied,5,io,4,,,,,,,,,-0.304,-0.002533333333333333333333333333,2.920,0.02433333333333333333333333333,0.730,0.006083333333333333333333333333
schedule_policy,exp08_confirmatory_n8_mixed_lognormal_05,8,mixed,lognormal,tied,5,io,8,,,,,,,,,-0.304,-0.002533333333333333333333333333,2.920,0.02433333333333333333333333333,0.730,0.006083333333333333333333333333
schedule_policy,exp08_confirmatory_n8_mixed_lognormal_05,8,mixed,lognormal,tied,5,equal_alternating,1,,,,,,,,,0.000,0,0,0,0,0
schedule_policy,exp08_confirmatory_n8_mixed_lognormal_05,8,mixed,lognormal,tied,5,equal_alternating,4,,,,,,,,,-0.107,-0.0008916666666666666666666666667,1.050,0.00875,-0.045,-0.000375
schedule_policy,exp08_confirmatory_n8_mixed_lognormal_05,8,mixed,lognormal,tied,5,equal_alternating,8,,,,,,,,,-0.107,-0.0008916666666666666666666666667,1.050,0.00875,-0.045,-0.000375
differentiated_slowdown,exp08_confirmatory_n8_mixed_lognormal_05,8,mixed,lognormal,tied,5,io,4,false,t01->t03->t05->t08 => t01->t03->t06->t08,3.2832,0.02663927443028854345677690094,2.4990,2.4990,3.283200,true,,,,,,
schedule_policy,exp08_confirmatory_n8_mixed_lognormal_06,8,mixed,lognormal,unique,6,io,1,,,,,,,,,0.000,0,0,0,0,0
schedule_policy,exp08_confirmatory_n8_mixed_lognormal_06,8,mixed,lognormal,unique,6,io,4,,,,,,,,,0.000,0,-0.711,-0.005386363636363636363636363636,-1.759,-0.01332575757575757575757575758
schedule_policy,exp08_confirmatory_n8_mixed_lognormal_06,8,mixed,lognormal,unique,6,io,8,,,,,,,,,0.000,0,-0.711,-0.005386363636363636363636363636,-1.759,-0.01332575757575757575757575758
schedule_policy,exp08_confirmatory_n8_mixed_lognormal_06,8,mixed,lognormal,unique,6,equal_alternating,1,,,,,,,,,0.000,0,0,0,0,0
schedule_policy,exp08_confirmatory_n8_mixed_lognormal_06,8,mixed,lognormal,unique,6,equal_alternating,4,,,,,,,,,-3.026,-0.02292424242424242424242424242,2.738,0.02074242424242424242424242424,-0.251,-0.001901515151515151515151515152
schedule_policy,exp08_confirmatory_n8_mixed_lognormal_06,8,mixed,lognormal,unique,6,equal_alternating,8,,,,,,,,,-3.026,-0.02292424242424242424242424242,2.738,0.02074242424242424242424242424,-0.251,-0.001901515151515151515151515152
differentiated_slowdown,exp08_confirmatory_n8_mixed_lognormal_06,8,mixed,lognormal,unique,6,io,4,true,t01->t04->t05->t08 => t01->t04->t05->t08,3.4560,0.02567760342368045649072753210,3.4560,3.4560,3.456000,true,,,,,,
schedule_policy,exp08_confirmatory_n8_mixed_lognormal_07,8,mixed,lognormal,unique,7,io,1,,,,,,,,,0.000,0,0,0,0,0
schedule_policy,exp08_confirmatory_n8_mixed_lognormal_07,8,mixed,lognormal,unique,7,io,4,,,,,,,,,0.000,0,5.035,0.02997023809523809523809523810,0.098,0.0005833333333333333333333333333
schedule_policy,exp08_confirmatory_n8_mixed_lognormal_07,8,mixed,lognormal,unique,7,io,8,,,,,,,,,0.000,0,5.035,0.02997023809523809523809523810,0.098,0.0005833333333333333333333333333
schedule_policy,exp08_confirmatory_n8_mixed_lognormal_07,8,mixed,lognormal,unique,7,equal_alternating,1,,,,,,,,,0.000,0,0,0,0,0
schedule_policy,exp08_confirmatory_n8_mixed_lognormal_07,8,mixed,lognormal,unique,7,equal_alternating,4,,,,,,,,,0.000,0,2.519,0.01499404761904761904761904762,0.050,0.0002976190476190476190476190476
schedule_policy,exp08_confirmatory_n8_mixed_lognormal_07,8,mixed,lognormal,unique,7,equal_alternating,8,,,,,,,,,0.000,0,2.519,0.01499404761904761904761904762,0.050,0.0002976190476190476190476190476
differentiated_slowdown,exp08_confirmatory_n8_mixed_lognormal_07,8,mixed,lognormal,unique,7,io,4,true,t01->t03->t06->t08 => t01->t03->t06->t08,4.1472,0.02423698384201077199281867145,4.1472,4.1472,4.147200,true,,,,,,
schedule_policy,exp08_confirmatory_n8_mixed_lognormal_08,8,mixed,lognormal,tied,8,io,1,,,,,,,,,0.000,0,0,0,0,0
schedule_policy,exp08_confirmatory_n8_mixed_lognormal_08,8,mixed,lognormal,tied,8,io,4,,,,,,,,,2.772,0.01925,-0.238,-0.001652777777777777777777777778,-3.406,-0.02365277777777777777777777778
schedule_policy,exp08_confirmatory_n8_mixed_lognormal_08,8,mixed,lognormal,tied,8,io,8,,,,,,,,,2.772,0.01925,-0.238,-0.001652777777777777777777777778,-3.406,-0.02365277777777777777777777778
schedule_policy,exp08_confirmatory_n8_mixed_lognormal_08,8,mixed,lognormal,tied,8,equal_alternating,1,,,,,,,,,0.000,0,0,0,0,0
schedule_policy,exp08_confirmatory_n8_mixed_lognormal_08,8,mixed,lognormal,tied,8,equal_alternating,4,,,,,,,,,1.478,0.01026388888888888888888888889,4.485,0.03114583333333333333333333333,2.901,0.02014583333333333333333333333
schedule_policy,exp08_confirmatory_n8_mixed_lognormal_08,8,mixed,lognormal,tied,8,equal_alternating,8,,,,,,,,,1.478,0.01026388888888888888888888889,4.485,0.03114583333333333333333333333,2.901,0.02014583333333333333333333333
differentiated_slowdown,exp08_confirmatory_n8_mixed_lognormal_08,8,mixed,lognormal,tied,8,io,4,false,t01->t04->t06->t08 => t01->t03->t05->t08,3.8016,0.02537023282073664168750488005,0.8079,0.8079,3.801600,true,,,,,,
schedule_policy,exp08_confirmatory_n8_mixed_lognormal_09,8,mixed,lognormal,tied,9,io,1,,,,,,,,,0.000,0,0,0,0,0
schedule_policy,exp08_confirmatory_n8_mixed_lognormal_09,8,mixed,lognormal,tied,9,io,4,,,,,,,,,-0.972,-0.0081,-0.940,-0.007833333333333333333333333333,1.004,0.008366666666666666666666666667
schedule_policy,exp08_confirmatory_n8_mixed_lognormal_09,8,mixed,lognormal,tied,9,io,8,,,,,,,,,-0.972,-0.0081,-0.940,-0.007833333333333333333333333333,1.004,0.008366666666666666666666666667
schedule_policy,exp08_confirmatory_n8_mixed_lognormal_09,8,mixed,lognormal,tied,9,equal_alternating,1,,,,,,,,,0.000,0,0,0,0,0
schedule_policy,exp08_confirmatory_n8_mixed_lognormal_09,8,mixed,lognormal,tied,9,equal_alternating,4,,,,,,,,,-1.073,-0.008941666666666666666666666667,0.203,0.001691666666666666666666666667,1.175,0.009791666666666666666666666667
schedule_policy,exp08_confirmatory_n8_mixed_lognormal_09,8,mixed,lognormal,tied,9,equal_alternating,8,,,,,,,,,-1.073,-0.008941666666666666666666666667,0.203,0.001691666666666666666666666667,1.175,0.009791666666666666666666666667
differentiated_slowdown,exp08_confirmatory_n8_mixed_lognormal_09,8,mixed,lognormal,tied,9,io,4,false,t01->t02->t06->t08 => t01->t03->t05->t08,3.1104,0.02496941439401967112044467136,0.8748,0.8748,3.110400,true,,,,,,
schedule_policy,exp08_confirmatory_n8_mixed_lognormal_10,8,mixed,lognormal,tied,10,io,1,,,,,,,,,0.000,0,0,0,0,0
schedule_policy,exp08_confirmatory_n8_mixed_lognormal_10,8,mixed,lognormal,tied,10,io,4,,,,,,,,,-1.408,-0.01303703703703703703703703704,-0.530,-0.004907407407407407407407407407,0.128,0.001185185185185185185185185185
schedule_policy,exp08_confirmatory_n8_mixed_lognormal_10,8,mixed,lognormal,tied,10,io,8,,,,,,,,,-1.408,-0.01303703703703703703703703704,-0.530,-0.004907407407407407407407407407,0.128,0.001185185185185185185185185185
schedule_policy,exp08_confirmatory_n8_mixed_lognormal_10,8,mixed,lognormal,tied,10,equal_alternating,1,,,,,,,,,0.000,0,0,0,0,0
schedule_policy,exp08_confirmatory_n8_mixed_lognormal_10,8,mixed,lognormal,tied,10,equal_alternating,4,,,,,,,,,-2.515,-0.02328703703703703703703703704,-3.224,-0.02985185185185185185185185185,-2.895,-0.02680555555555555555555555556
schedule_policy,exp08_confirmatory_n8_mixed_lognormal_10,8,mixed,lognormal,tied,10,equal_alternating,8,,,,,,,,,-2.515,-0.02328703703703703703703703704,-3.224,-0.02985185185185185185185185185,-2.895,-0.02680555555555555555555555556
differentiated_slowdown,exp08_confirmatory_n8_mixed_lognormal_10,8,mixed,lognormal,tied,10,io,4,false,t01->t03->t05->t08 => t01->t04->t07->t08,2.7648,0.02470406587750900669068450849,0.9216,0.9216,2.764800,true,,,,,,
schedule_policy,exp08_confirmatory_n8_mixed_lognormal_11,8,mixed,lognormal,tied,11,io,1,,,,,,,,,0.000,0,0,0,0,0
schedule_policy,exp08_confirmatory_n8_mixed_lognormal_11,8,mixed,lognormal,tied,11,io,4,,,,,,,,,-3.428,-0.02856666666666666666666666667,-1.993,-0.01660833333333333333333333333,-0.944,-0.007866666666666666666666666667
schedule_policy,exp08_confirmatory_n8_mixed_lognormal_11,8,mixed,lognormal,tied,11,io,8,,,,,,,,,-3.428,-0.02856666666666666666666666667,-1.993,-0.01660833333333333333333333333,-0.944,-0.007866666666666666666666666667
schedule_policy,exp08_confirmatory_n8_mixed_lognormal_11,8,mixed,lognormal,tied,11,equal_alternating,1,,,,,,,,,0.000,0,0,0,0,0
schedule_policy,exp08_confirmatory_n8_mixed_lognormal_11,8,mixed,lognormal,tied,11,equal_alternating,4,,,,,,,,,-3.003,-0.025025,-6.362,-0.05301666666666666666666666667,-3.598,-0.02998333333333333333333333333
schedule_policy,exp08_confirmatory_n8_mixed_lognormal_11,8,mixed,lognormal,tied,11,equal_alternating,8,,,,,,,,,-3.003,-0.025025,-6.362,-0.05301666666666666666666666667,-3.598,-0.02998333333333333333333333333
differentiated_slowdown,exp08_confirmatory_n8_mixed_lognormal_11,8,mixed,lognormal,tied,11,io,4,false,t01->t02->t07->t08 => t01->t04->t06->t08,2.9376,0.02364086741123810351570987788,0.8814,0.8814,2.937600,true,,,,,,
schedule_policy,exp08_confirmatory_n8_mixed_lognormal_12,8,mixed,lognormal,unique,12,io,1,,,,,,,,,0.000,0,0,0,0,0
schedule_policy,exp08_confirmatory_n8_mixed_lognormal_12,8,mixed,lognormal,unique,12,io,4,,,,,,,,,0.000,0,1.737,0.01608333333333333333333333333,-0.311,-0.002879629629629629629629629630
schedule_policy,exp08_confirmatory_n8_mixed_lognormal_12,8,mixed,lognormal,unique,12,io,8,,,,,,,,,0.000,0,1.737,0.01608333333333333333333333333,-0.311,-0.002879629629629629629629629630
schedule_policy,exp08_confirmatory_n8_mixed_lognormal_12,8,mixed,lognormal,unique,12,equal_alternating,1,,,,,,,,,0.000,0,0,0,0,0
schedule_policy,exp08_confirmatory_n8_mixed_lognormal_12,8,mixed,lognormal,unique,12,equal_alternating,4,,,,,,,,,0.000,0,0.869,0.008046296296296296296296296296,-0.155,-0.001435185185185185185185185185
schedule_policy,exp08_confirmatory_n8_mixed_lognormal_12,8,mixed,lognormal,unique,12,equal_alternating,8,,,,,,,,,0.000,0,0.869,0.008046296296296296296296296296,-0.155,-0.001435185185185185185185185185
differentiated_slowdown,exp08_confirmatory_n8_mixed_lognormal_12,8,mixed,lognormal,unique,12,io,4,true,t01->t02->t05->t08 => t01->t02->t05->t08,2.7648,0.02511773940345368916797488226,2.7648,2.7648,2.764800,true,,,,,,
schedule_policy,exp08_confirmatory_n8_mixed_lognormal_13,8,mixed,lognormal,tied,13,io,1,,,,,,,,,0.000,0,0,0,0,0
schedule_policy,exp08_confirmatory_n8_mixed_lognormal_13,8,mixed,lognormal,tied,13,io,4,,,,,,,,,0.288,0.004,-1.008,-0.014,-2.160,-0.03
schedule_policy,exp08_confirmatory_n8_mixed_lognormal_13,8,mixed,lognormal,tied,13,io,8,,,,,,,,,0.288,0.004,-1.008,-0.014,-2.160,-0.03
schedule_policy,exp08_confirmatory_n8_mixed_lognormal_13,8,mixed,lognormal,tied,13,equal_alternating,1,,,,,,,,,0.000,0,0,0,0,0
schedule_policy,exp08_confirmatory_n8_mixed_lognormal_13,8,mixed,lognormal,tied,13,equal_alternating,4,,,,,,,,,0.000,0,-0.408,-0.005666666666666666666666666667,-0.984,-0.01366666666666666666666666667
schedule_policy,exp08_confirmatory_n8_mixed_lognormal_13,8,mixed,lognormal,tied,13,equal_alternating,8,,,,,,,,,0.000,0,-0.408,-0.005666666666666666666666666667,-0.984,-0.01366666666666666666666666667
differentiated_slowdown,exp08_confirmatory_n8_mixed_lognormal_13,8,mixed,lognormal,tied,13,io,4,false,t01->t03->t06->t08 => t01->t02->t06->t08,2.0736,0.02792862684251357641582622188,1.3824,1.3824,2.073600,true,,,,,,
schedule_policy,exp08_confirmatory_n8_mixed_lognormal_14,8,mixed,lognormal,tied,14,io,1,,,,,,,,,0.000,0,0,0,0,0
schedule_policy,exp08_confirmatory_n8_mixed_lognormal_14,8,mixed,lognormal,tied,14,io,4,,,,,,,,,-2.448,-0.0204,-6.048,-0.0504,-7.344,-0.0612
schedule_policy,exp08_confirmatory_n8_mixed_lognormal_14,8,mixed,lognormal,tied,14,io,8,,,,,,,,,-2.448,-0.0204,-6.048,-0.0504,-7.344,-0.0612
schedule_policy,exp08_confirmatory_n8_mixed_lognormal_14,8,mixed,lognormal,tied,14,equal_alternating,1,,,,,,,,,0.000,0,0,0,0,0
schedule_policy,exp08_confirmatory_n8_mixed_lognormal_14,8,mixed,lognormal,tied,14,equal_alternating,4,,,,,,,,,-1.184,-0.009866666666666666666666666667,-4.576,-0.03813333333333333333333333333,-5.296,-0.04413333333333333333333333333
schedule_policy,exp08_confirmatory_n8_mixed_lognormal_14,8,mixed,lognormal,tied,14,equal_alternating,8,,,,,,,,,-1.184,-0.009866666666666666666666666667,-4.576,-0.03813333333333333333333333333,-5.296,-0.04413333333333333333333333333
differentiated_slowdown,exp08_confirmatory_n8_mixed_lognormal_14,8,mixed,lognormal,tied,14,io,4,false,t01->t04->t06->t08 => t01->t02->t07->t08,3.4560,0.02772216232866163560757739104,1.3824,1.3824,3.456000,true,,,,,,
schedule_policy,exp08_confirmatory_n8_mixed_lognormal_15,8,mixed,lognormal,unique,15,io,1,,,,,,,,,0.000,0,0,0,0,0
schedule_policy,exp08_confirmatory_n8_mixed_lognormal_15,8,mixed,lognormal,unique,15,io,4,,,,,,,,,-2.268,-0.0189,-0.453,-0.003775,-1.491,-0.012425
schedule_policy,exp08_confirmatory_n8_mixed_lognormal_15,8,mixed,lognormal,unique,15,io,8,,,,,,,,,-2.268,-0.0189,-0.453,-0.003775,-1.491,-0.012425
schedule_policy,exp08_confirmatory_n8_mixed_lognormal_15,8,mixed,lognormal,unique,15,equal_alternating,1,,,,,,,,,0.000,0,0,0,0,0
schedule_policy,exp08_confirmatory_n8_mixed_lognormal_15,8,mixed,lognormal,unique,15,equal_alternating,4,,,,,,,,,0.000,0,-0.520,-0.004333333333333333333333333333,-1.481,-0.01234166666666666666666666667
schedule_policy,exp08_confirmatory_n8_mixed_lognormal_15,8,mixed,lognormal,unique,15,equal_alternating,8,,,,,,,,,0.000,0,-0.520,-0.004333333333333333333333333333,-1.481,-0.01234166666666666666666666667
differentiated_slowdown,exp08_confirmatory_n8_mixed_lognormal_15,8,mixed,lognormal,unique,15,io,4,true,t01->t03->t07->t08 => t01->t03->t07->t08,3.1104,0.02542572392686180648199011222,3.1104,3.1104,3.110400,true,,,,,,
schedule_policy,exp08_confirmatory_n8_mixed_lognormal_16,8,mixed,lognormal,unique,16,io,1,,,,,,,,,0.000,0,0,0,0,0
schedule_policy,exp08_confirmatory_n8_mixed_lognormal_16,8,mixed,lognormal,unique,16,io,4,,,,,,,,,0.096,0.0007272727272727272727272727273,4.128,0.03127272727272727272727272727,-0.192,-0.001454545454545454545454545455
schedule_policy,exp08_confirmatory_n8_mixed_lognormal_16,8,mixed,lognormal,unique,16,io,8,,,,,,,,,0.096,0.0007272727272727272727272727273,4.128,0.03127272727272727272727272727,-0.192,-0.001454545454545454545454545455
schedule_policy,exp08_confirmatory_n8_mixed_lognormal_16,8,mixed,lognormal,unique,16,equal_alternating,1,,,,,,,,,0.000,0,0,0,0,0
schedule_policy,exp08_confirmatory_n8_mixed_lognormal_16,8,mixed,lognormal,unique,16,equal_alternating,4,,,,,,,,,0.136,0.001030303030303030303030303030,-0.880,-0.006666666666666666666666666667,-2.768,-0.02096969696969696969696969697
schedule_policy,exp08_confirmatory_n8_mixed_lognormal_16,8,mixed,lognormal,unique,16,equal_alternating,8,,,,,,,,,0.136,0.001030303030303030303030303030,-0.880,-0.006666666666666666666666666667,-2.768,-0.02096969696969696969696969697
differentiated_slowdown,exp08_confirmatory_n8_mixed_lognormal_16,8,mixed,lognormal,unique,16,io,4,true,t01->t03->t07->t08 => t01->t03->t07->t08,3.8016,0.02819107282693813625685199687,3.8016,3.8016,3.801600,true,,,,,,
schedule_policy,exp08_confirmatory_n8_mixed_lognormal_17,8,mixed,lognormal,tied,17,io,1,,,,,,,,,0.000,0,0,0,0,0
schedule_policy,exp08_confirmatory_n8_mixed_lognormal_17,8,mixed,lognormal,tied,17,io,4,,,,,,,,,-1.584,-0.0264,-3.456,-0.0576,-3.600,-0.06
schedule_policy,exp08_confirmatory_n8_mixed_lognormal_17,8,mixed,lognormal,tied,17,io,8,,,,,,,,,-1.584,-0.0264,-3.456,-0.0576,-3.600,-0.06
schedule_policy,exp08_confirmatory_n8_mixed_lognormal_17,8,mixed,lognormal,tied,17,equal_alternating,1,,,,,,,,,0.000,0,0,0,0,0
schedule_policy,exp08_confirmatory_n8_mixed_lognormal_17,8,mixed,lognormal,tied,17,equal_alternating,4,,,,,,,,,-1.008,-0.0168,-3.504,-0.0584,-2.568,-0.0428
schedule_policy,exp08_confirmatory_n8_mixed_lognormal_17,8,mixed,lognormal,tied,17,equal_alternating,8,,,,,,,,,-1.008,-0.0168,-3.504,-0.0584,-2.568,-0.0428
differentiated_slowdown,exp08_confirmatory_n8_mixed_lognormal_17,8,mixed,lognormal,tied,17,io,4,false,t01->t04->t06->t08 => t01->t03->t06->t08,1.7280,0.02787672293634814929533839244,1.0368,1.0368,1.728000,true,,,,,,
schedule_policy,exp08_confirmatory_n8_mixed_lognormal_18,8,mixed,lognormal,tied,18,io,1,,,,,,,,,0.000,0,0,0,0,0
schedule_policy,exp08_confirmatory_n8_mixed_lognormal_18,8,mixed,lognormal,tied,18,io,4,,,,,,,,,-0.327,-0.002477272727272727272727272727,1.975,0.01496212121212121212121212121,2.659,0.02014393939393939393939393939
schedule_policy,exp08_confirmatory_n8_mixed_lognormal_18,8,mixed,lognormal,tied,18,io,8,,,,,,,,,-0.327,-0.002477272727272727272727272727,1.975,0.01496212121212121212121212121,2.659,0.02014393939393939393939393939
schedule_policy,exp08_confirmatory_n8_mixed_lognormal_18,8,mixed,lognormal,tied,18,equal_alternating,1,,,,,,,,,0.000,0,0,0,0,0
schedule_policy,exp08_confirmatory_n8_mixed_lognormal_18,8,mixed,lognormal,tied,18,equal_alternating,4,,,,,,,,,-1.273,-0.009643939393939393939393939394,-1.091,-0.008265151515151515151515151515,-0.749,-0.005674242424242424242424242424
schedule_policy,exp08_confirmatory_n8_mixed_lognormal_18,8,mixed,lognormal,tied,18,equal_alternating,8,,,,,,,,,-1.273,-0.009643939393939393939393939394,-1.091,-0.008265151515151515151515151515,-0.749,-0.005674242424242424242424242424
differentiated_slowdown,exp08_confirmatory_n8_mixed_lognormal_18,8,mixed,lognormal,tied,18,io,4,false,t01->t03->t06->t08 => t01->t04->t06->t08,3.2832,0.02432778489116517285531370038,2.7888,2.7888,3.283200,true,,,,,,
schedule_policy,exp08_confirmatory_n8_mixed_lognormal_19,8,mixed,lognormal,tied,19,io,1,,,,,,,,,0.000,0,0,0,0,0
schedule_policy,exp08_confirmatory_n8_mixed_lognormal_19,8,mixed,lognormal,tied,19,io,4,,,,,,,,,0.432,0.0036,-2.736,-0.0228,-1.584,-0.0132
schedule_policy,exp08_confirmatory_n8_mixed_lognormal_19,8,mixed,lognormal,tied,19,io,8,,,,,,,,,0.432,0.0036,-2.736,-0.0228,-1.584,-0.0132
schedule_policy,exp08_confirmatory_n8_mixed_lognormal_19,8,mixed,lognormal,tied,19,equal_alternating,1,,,,,,,,,0.000,0,0,0,0,0
schedule_policy,exp08_confirmatory_n8_mixed_lognormal_19,8,mixed,lognormal,tied,19,equal_alternating,4,,,,,,,,,0.408,0.0034,0.360,0.003,0.936,0.0078
schedule_policy,exp08_confirmatory_n8_mixed_lognormal_19,8,mixed,lognormal,tied,19,equal_alternating,8,,,,,,,,,0.408,0.0034,0.360,0.003,0.936,0.0078
differentiated_slowdown,exp08_confirmatory_n8_mixed_lognormal_19,8,mixed,lognormal,tied,19,io,4,false,t01->t02->t05->t08 => t01->t04->t07->t08,3.4560,0.02764552296114268161572723084,1.0368,1.0368,3.456000,true,,,,,,
schedule_policy,exp08_confirmatory_n8_chain_like_homogeneous_00,8,chain_like,homogeneous,tied,0,io,1,,,,,,,,,0.000,0,0,0,0,0
schedule_policy,exp08_confirmatory_n8_chain_like_homogeneous_00,8,chain_like,homogeneous,tied,0,io,4,,,,,,,,,0.576,0.008,0.864,0.012,0.864,0.012
schedule_policy,exp08_confirmatory_n8_chain_like_homogeneous_00,8,chain_like,homogeneous,tied,0,io,8,,,,,,,,,0.576,0.008,0.864,0.012,0.864,0.012
schedule_policy,exp08_confirmatory_n8_chain_like_homogeneous_00,8,chain_like,homogeneous,tied,0,equal_alternating,1,,,,,,,,,0.000,0,0,0,0,0
schedule_policy,exp08_confirmatory_n8_chain_like_homogeneous_00,8,chain_like,homogeneous,tied,0,equal_alternating,4,,,,,,,,,-0.864,-0.012,-0.720,-0.01,-0.720,-0.01
schedule_policy,exp08_confirmatory_n8_chain_like_homogeneous_00,8,chain_like,homogeneous,tied,0,equal_alternating,8,,,,,,,,,-0.864,-0.012,-0.720,-0.01,-0.720,-0.01
differentiated_slowdown,exp08_confirmatory_n8_chain_like_homogeneous_00,8,chain_like,homogeneous,tied,0,io,4,false,t01->t02->t05->t06->t07->t08 => t01->t02->t05->t06->t07->t08,1.3824,0.01866251944012441679626749611,0.4608,0.4608,1.382400,true,,,,,,
schedule_policy,exp08_confirmatory_n8_chain_like_homogeneous_01,8,chain_like,homogeneous,tied,1,io,1,,,,,,,,,0.000,0,0,0,0,0
schedule_policy,exp08_confirmatory_n8_chain_like_homogeneous_01,8,chain_like,homogeneous,tied,1,io,4,,,,,,,,,0.576,0.008,0.864,0.012,0.864,0.012
schedule_policy,exp08_confirmatory_n8_chain_like_homogeneous_01,8,chain_like,homogeneous,tied,1,io,8,,,,,,,,,0.576,0.008,0.864,0.012,0.864,0.012
schedule_policy,exp08_confirmatory_n8_chain_like_homogeneous_01,8,chain_like,homogeneous,tied,1,equal_alternating,1,,,,,,,,,0.000,0,0,0,0,0
schedule_policy,exp08_confirmatory_n8_chain_like_homogeneous_01,8,chain_like,homogeneous,tied,1,equal_alternating,4,,,,,,,,,-0.864,-0.012,-0.720,-0.01,-0.720,-0.01
schedule_policy,exp08_confirmatory_n8_chain_like_homogeneous_01,8,chain_like,homogeneous,tied,1,equal_alternating,8,,,,,,,,,-0.864,-0.012,-0.720,-0.01,-0.720,-0.01
differentiated_slowdown,exp08_confirmatory_n8_chain_like_homogeneous_01,8,chain_like,homogeneous,tied,1,io,4,false,t01->t02->t05->t06->t07->t08 => t01->t02->t05->t06->t07->t08,1.3824,0.01866251944012441679626749611,0.4608,0.4608,1.382400,true,,,,,,
schedule_policy,exp08_confirmatory_n8_chain_like_homogeneous_02,8,chain_like,homogeneous,tied,2,io,1,,,,,,,,,0.000,0,0,0,0,0
schedule_policy,exp08_confirmatory_n8_chain_like_homogeneous_02,8,chain_like,homogeneous,tied,2,io,4,,,,,,,,,-0.768,-0.01066666666666666666666666667,-0.768,-0.01066666666666666666666666667,-0.768,-0.01066666666666666666666666667
schedule_policy,exp08_confirmatory_n8_chain_like_homogeneous_02,8,chain_like,homogeneous,tied,2,io,8,,,,,,,,,-0.768,-0.01066666666666666666666666667,-0.768,-0.01066666666666666666666666667,-0.768,-0.01066666666666666666666666667
schedule_policy,exp08_confirmatory_n8_chain_like_homogeneous_02,8,chain_like,homogeneous,tied,2,equal_alternating,1,,,,,,,,,0.000,0,0,0,0,0
schedule_policy,exp08_confirmatory_n8_chain_like_homogeneous_02,8,chain_like,homogeneous,tied,2,equal_alternating,4,,,,,,,,,-0.384,-0.005333333333333333333333333333,-0.384,-0.005333333333333333333333333333,-0.384,-0.005333333333333333333333333333
schedule_policy,exp08_confirmatory_n8_chain_like_homogeneous_02,8,chain_like,homogeneous,tied,2,equal_alternating,8,,,,,,,,,-0.384,-0.005333333333333333333333333333,-0.384,-0.005333333333333333333333333333,-0.384,-0.005333333333333333333333333333
differentiated_slowdown,exp08_confirmatory_n8_chain_like_homogeneous_02,8,chain_like,homogeneous,tied,2,io,4,false,t01->t02->t04->t06->t07->t08 => t01->t02->t04->t06->t07->t08,1.3824,0.01840490797546012269938650307,-0.4608,-0.4608,1.382400,true,,,,,,
schedule_policy,exp08_confirmatory_n8_chain_like_homogeneous_03,8,chain_like,homogeneous,tied,3,io,1,,,,,,,,,0.000,0,0,0,0,0
schedule_policy,exp08_confirmatory_n8_chain_like_homogeneous_03,8,chain_like,homogeneous,tied,3,io,4,,,,,,,,,-0.864,-0.012,-0.576,-0.008,-0.576,-0.008
schedule_policy,exp08_confirmatory_n8_chain_like_homogeneous_03,8,chain_like,homogeneous,tied,3,io,8,,,,,,,,,-0.864,-0.012,-0.576,-0.008,-0.576,-0.008
schedule_policy,exp08_confirmatory_n8_chain_like_homogeneous_03,8,chain_like,homogeneous,tied,3,equal_alternating,1,,,,,,,,,0.000,0,0,0,0,0
schedule_policy,exp08_confirmatory_n8_chain_like_homogeneous_03,8,chain_like,homogeneous,tied,3,equal_alternating,4,,,,,,,,,-0.432,-0.006,-0.144,-0.002,-0.144,-0.002
schedule_policy,exp08_confirmatory_n8_chain_like_homogeneous_03,8,chain_like,homogeneous,tied,3,equal_alternating,8,,,,,,,,,-0.432,-0.006,-0.144,-0.002,-0.144,-0.002
differentiated_slowdown,exp08_confirmatory_n8_chain_like_homogeneous_03,8,chain_like,homogeneous,tied,3,io,4,false,t01->t03->t05->t06->t07->t08 => t01->t03->t05->t06->t07->t08,1.3824,0.01840490797546012269938650307,-0.4608,-0.4608,1.382400,true,,,,,,
schedule_policy,exp08_confirmatory_n8_chain_like_homogeneous_04,8,chain_like,homogeneous,tied,4,io,1,,,,,,,,,0.000,0,0,0,0,0
schedule_policy,exp08_confirmatory_n8_chain_like_homogeneous_04,8,chain_like,homogeneous,tied,4,io,4,,,,,,,,,-0.864,-0.012,-0.576,-0.008,-0.576,-0.008
schedule_policy,exp08_confirmatory_n8_chain_like_homogeneous_04,8,chain_like,homogeneous,tied,4,io,8,,,,,,,,,-0.864,-0.012,-0.576,-0.008,-0.576,-0.008
schedule_policy,exp08_confirmatory_n8_chain_like_homogeneous_04,8,chain_like,homogeneous,tied,4,equal_alternating,1,,,,,,,,,0.000,0,0,0,0,0
schedule_policy,exp08_confirmatory_n8_chain_like_homogeneous_04,8,chain_like,homogeneous,tied,4,equal_alternating,4,,,,,,,,,-0.432,-0.006,-0.144,-0.002,-0.144,-0.002
schedule_policy,exp08_confirmatory_n8_chain_like_homogeneous_04,8,chain_like,homogeneous,tied,4,equal_alternating,8,,,,,,,,,-0.432,-0.006,-0.144,-0.002,-0.144,-0.002
differentiated_slowdown,exp08_confirmatory_n8_chain_like_homogeneous_04,8,chain_like,homogeneous,tied,4,io,4,false,t01->t03->t05->t06->t07->t08 => t01->t03->t05->t06->t07->t08,1.3824,0.01840490797546012269938650307,-0.4608,-0.4608,1.382400,true,,,,,,
schedule_policy,exp08_confirmatory_n8_chain_like_homogeneous_05,8,chain_like,homogeneous,tied,5,io,1,,,,,,,,,0.000,0,0,0,0,0
schedule_policy,exp08_confirmatory_n8_chain_like_homogeneous_05,8,chain_like,homogeneous,tied,5,io,4,,,,,,,,,0.576,0.008,0.864,0.012,0.864,0.012
schedule_policy,exp08_confirmatory_n8_chain_like_homogeneous_05,8,chain_like,homogeneous,tied,5,io,8,,,,,,,,,0.576,0.008,0.864,0.012,0.864,0.012
schedule_policy,exp08_confirmatory_n8_chain_like_homogeneous_05,8,chain_like,homogeneous,tied,5,equal_alternating,1,,,,,,,,,0.000,0,0,0,0,0
schedule_policy,exp08_confirmatory_n8_chain_like_homogeneous_05,8,chain_like,homogeneous,tied,5,equal_alternating,4,,,,,,,,,-0.864,-0.012,-0.720,-0.01,-0.720,-0.01
schedule_policy,exp08_confirmatory_n8_chain_like_homogeneous_05,8,chain_like,homogeneous,tied,5,equal_alternating,8,,,,,,,,,-0.864,-0.012,-0.720,-0.01,-0.720,-0.01
differentiated_slowdown,exp08_confirmatory_n8_chain_like_homogeneous_05,8,chain_like,homogeneous,tied,5,io,4,false,t01->t03->t05->t06->t07->t08 => t01->t03->t05->t06->t07->t08,1.3824,0.01840490797546012269938650307,-0.4608,-0.4608,1.382400,true,,,,,,
schedule_policy,exp08_confirmatory_n8_chain_like_homogeneous_06,8,chain_like,homogeneous,tied,6,io,1,,,,,,,,,0.000,0,0,0,0,0
schedule_policy,exp08_confirmatory_n8_chain_like_homogeneous_06,8,chain_like,homogeneous,tied,6,io,4,,,,,,,,,-0.864,-0.012,-1.440,-0.02,-1.440,-0.02
schedule_policy,exp08_confirmatory_n8_chain_like_homogeneous_06,8,chain_like,homogeneous,tied,6,io,8,,,,,,,,,-0.864,-0.012,-1.440,-0.02,-1.440,-0.02
schedule_policy,exp08_confirmatory_n8_chain_like_homogeneous_06,8,chain_like,homogeneous,tied,6,equal_alternating,1,,,,,,,,,0.000,0,0,0,0,0
schedule_policy,exp08_confirmatory_n8_chain_like_homogeneous_06,8,chain_like,homogeneous,tied,6,equal_alternating,4,,,,,,,,,-0.432,-0.006,-0.576,-0.008,-0.576,-0.008
schedule_policy,exp08_confirmatory_n8_chain_like_homogeneous_06,8,chain_like,homogeneous,tied,6,equal_alternating,8,,,,,,,,,-0.432,-0.006,-0.576,-0.008,-0.576,-0.008
differentiated_slowdown,exp08_confirmatory_n8_chain_like_homogeneous_06,8,chain_like,homogeneous,tied,6,io,4,false,t01->t03->t04->t06->t07->t08 => t01->t03->t04->t06->t07->t08,1.3824,0.01840490797546012269938650307,-0.4608,-0.4608,1.382400,true,,,,,,
schedule_policy,exp08_confirmatory_n8_chain_like_homogeneous_07,8,chain_like,homogeneous,tied,7,io,1,,,,,,,,,0.000,0,0,0,0,0
schedule_policy,exp08_confirmatory_n8_chain_like_homogeneous_07,8,chain_like,homogeneous,tied,7,io,4,,,,,,,,,-0.768,-0.01066666666666666666666666667,-0.768,-0.01066666666666666666666666667,-0.768,-0.01066666666666666666666666667
schedule_policy,exp08_confirmatory_n8_chain_like_homogeneous_07,8,chain_like,homogeneous,tied,7,io,8,,,,,,,,,-0.768,-0.01066666666666666666666666667,-0.768,-0.01066666666666666666666666667,-0.768,-0.01066666666666666666666666667
schedule_policy,exp08_confirmatory_n8_chain_like_homogeneous_07,8,chain_like,homogeneous,tied,7,equal_alternating,1,,,,,,,,,0.000,0,0,0,0,0
schedule_policy,exp08_confirmatory_n8_chain_like_homogeneous_07,8,chain_like,homogeneous,tied,7,equal_alternating,4,,,,,,,,,-0.384,-0.005333333333333333333333333333,-0.384,-0.005333333333333333333333333333,-0.384,-0.005333333333333333333333333333
schedule_policy,exp08_confirmatory_n8_chain_like_homogeneous_07,8,chain_like,homogeneous,tied,7,equal_alternating,8,,,,,,,,,-0.384,-0.005333333333333333333333333333,-0.384,-0.005333333333333333333333333333,-0.384,-0.005333333333333333333333333333
differentiated_slowdown,exp08_confirmatory_n8_chain_like_homogeneous_07,8,chain_like,homogeneous,tied,7,io,4,false,t01->t02->t04->t06->t07->t08 => t01->t02->t04->t06->t07->t08,1.3824,0.01840490797546012269938650307,-0.4608,-0.4608,1.382400,true,,,,,,
schedule_policy,exp08_confirmatory_n8_chain_like_homogeneous_08,8,chain_like,homogeneous,tied,8,io,1,,,,,,,,,0.000,0,0,0,0,0
schedule_policy,exp08_confirmatory_n8_chain_like_homogeneous_08,8,chain_like,homogeneous,tied,8,io,4,,,,,,,,,-0.864,-0.012,-0.576,-0.008,-0.576,-0.008
schedule_policy,exp08_confirmatory_n8_chain_like_homogeneous_08,8,chain_like,homogeneous,tied,8,io,8,,,,,,,,,-0.864,-0.012,-0.576,-0.008,-0.576,-0.008
schedule_policy,exp08_confirmatory_n8_chain_like_homogeneous_08,8,chain_like,homogeneous,tied,8,equal_alternating,1,,,,,,,,,0.000,0,0,0,0,0
schedule_policy,exp08_confirmatory_n8_chain_like_homogeneous_08,8,chain_like,homogeneous,tied,8,equal_alternating,4,,,,,,,,,-0.432,-0.006,-0.144,-0.002,-0.144,-0.002
schedule_policy,exp08_confirmatory_n8_chain_like_homogeneous_08,8,chain_like,homogeneous,tied,8,equal_alternating,8,,,,,,,,,-0.432,-0.006,-0.144,-0.002,-0.144,-0.002
differentiated_slowdown,exp08_confirmatory_n8_chain_like_homogeneous_08,8,chain_like,homogeneous,tied,8,io,4,false,t01->t03->t05->t06->t07->t08 => t01->t03->t05->t06->t07->t08,1.3824,0.01840490797546012269938650307,-0.4608,-0.4608,1.382400,true,,,,,,
schedule_policy,exp08_confirmatory_n8_chain_like_homogeneous_09,8,chain_like,homogeneous,tied,9,io,1,,,,,,,,,0.000,0,0,0,0,0
schedule_policy,exp08_confirmatory_n8_chain_like_homogeneous_09,8,chain_like,homogeneous,tied,9,io,4,,,,,,,,,-0.864,-0.012,-0.288,-0.004,-0.288,-0.004
schedule_policy,exp08_confirmatory_n8_chain_like_homogeneous_09,8,chain_like,homogeneous,tied,9,io,8,,,,,,,,,-0.864,-0.012,-0.288,-0.004,-0.288,-0.004
schedule_policy,exp08_confirmatory_n8_chain_like_homogeneous_09,8,chain_like,homogeneous,tied,9,equal_alternating,1,,,,,,,,,0.000,0,0,0,0,0
schedule_policy,exp08_confirmatory_n8_chain_like_homogeneous_09,8,chain_like,homogeneous,tied,9,equal_alternating,4,,,,,,,,,-1.008,-0.014,-0.720,-0.01,-0.720,-0.01
schedule_policy,exp08_confirmatory_n8_chain_like_homogeneous_09,8,chain_like,homogeneous,tied,9,equal_alternating,8,,,,,,,,,-1.008,-0.014,-0.720,-0.01,-0.720,-0.01
differentiated_slowdown,exp08_confirmatory_n8_chain_like_homogeneous_09,8,chain_like,homogeneous,tied,9,io,4,false,t01->t03->t04->t06->t07->t08 => t01->t03->t04->t06->t07->t08,1.3824,0.01840490797546012269938650307,-0.4608,-0.4608,1.382400,true,,,,,,
schedule_policy,exp08_confirmatory_n8_chain_like_homogeneous_10,8,chain_like,homogeneous,tied,10,io,1,,,,,,,,,0.000,0,0,0,0,0
schedule_policy,exp08_confirmatory_n8_chain_like_homogeneous_10,8,chain_like,homogeneous,tied,10,io,4,,,,,,,,,-0.864,-0.012,-0.288,-0.004,-0.288,-0.004
schedule_policy,exp08_confirmatory_n8_chain_like_homogeneous_10,8,chain_like,homogeneous,tied,10,io,8,,,,,,,,,-0.864,-0.012,-0.288,-0.004,-0.288,-0.004
schedule_policy,exp08_confirmatory_n8_chain_like_homogeneous_10,8,chain_like,homogeneous,tied,10,equal_alternating,1,,,,,,,,,0.000,0,0,0,0,0
schedule_policy,exp08_confirmatory_n8_chain_like_homogeneous_10,8,chain_like,homogeneous,tied,10,equal_alternating,4,,,,,,,,,-1.008,-0.014,-0.720,-0.01,-0.720,-0.01
schedule_policy,exp08_confirmatory_n8_chain_like_homogeneous_10,8,chain_like,homogeneous,tied,10,equal_alternating,8,,,,,,,,,-1.008,-0.014,-0.720,-0.01,-0.720,-0.01
differentiated_slowdown,exp08_confirmatory_n8_chain_like_homogeneous_10,8,chain_like,homogeneous,tied,10,io,4,false,t01->t03->t05->t06->t07->t08 => t01->t03->t05->t06->t07->t08,1.3824,0.01866251944012441679626749611,0.4608,0.4608,1.382400,true,,,,,,
schedule_policy,exp08_confirmatory_n8_chain_like_homogeneous_11,8,chain_like,homogeneous,tied,11,io,1,,,,,,,,,0.000,0,0,0,0,0
schedule_policy,exp08_confirmatory_n8_chain_like_homogeneous_11,8,chain_like,homogeneous,tied,11,io,4,,,,,,,,,-0.864,-0.012,-0.576,-0.008,-0.576,-0.008
schedule_policy,exp08_confirmatory_n8_chain_like_homogeneous_11,8,chain_like,homogeneous,tied,11,io,8,,,,,,,,,-0.864,-0.012,-0.576,-0.008,-0.576,-0.008
schedule_policy,exp08_confirmatory_n8_chain_like_homogeneous_11,8,chain_like,homogeneous,tied,11,equal_alternating,1,,,,,,,,,0.000,0,0,0,0,0
schedule_policy,exp08_confirmatory_n8_chain_like_homogeneous_11,8,chain_like,homogeneous,tied,11,equal_alternating,4,,,,,,,,,-0.432,-0.006,-0.144,-0.002,-0.144,-0.002
schedule_policy,exp08_confirmatory_n8_chain_like_homogeneous_11,8,chain_like,homogeneous,tied,11,equal_alternating,8,,,,,,,,,-0.432,-0.006,-0.144,-0.002,-0.144,-0.002
differentiated_slowdown,exp08_confirmatory_n8_chain_like_homogeneous_11,8,chain_like,homogeneous,tied,11,io,4,false,t01->t03->t05->t06->t07->t08 => t01->t03->t05->t06->t07->t08,1.3824,0.01840490797546012269938650307,-0.4608,-0.4608,1.382400,true,,,,,,
schedule_policy,exp08_confirmatory_n8_chain_like_homogeneous_12,8,chain_like,homogeneous,tied,12,io,1,,,,,,,,,0.000,0,0,0,0,0
schedule_policy,exp08_confirmatory_n8_chain_like_homogeneous_12,8,chain_like,homogeneous,tied,12,io,4,,,,,,,,,-0.864,-0.012,-0.576,-0.008,-0.576,-0.008
schedule_policy,exp08_confirmatory_n8_chain_like_homogeneous_12,8,chain_like,homogeneous,tied,12,io,8,,,,,,,,,-0.864,-0.012,-0.576,-0.008,-0.576,-0.008
schedule_policy,exp08_confirmatory_n8_chain_like_homogeneous_12,8,chain_like,homogeneous,tied,12,equal_alternating,1,,,,,,,,,0.000,0,0,0,0,0
schedule_policy,exp08_confirmatory_n8_chain_like_homogeneous_12,8,chain_like,homogeneous,tied,12,equal_alternating,4,,,,,,,,,-0.432,-0.006,-0.144,-0.002,-0.144,-0.002
schedule_policy,exp08_confirmatory_n8_chain_like_homogeneous_12,8,chain_like,homogeneous,tied,12,equal_alternating,8,,,,,,,,,-0.432,-0.006,-0.144,-0.002,-0.144,-0.002
differentiated_slowdown,exp08_confirmatory_n8_chain_like_homogeneous_12,8,chain_like,homogeneous,tied,12,io,4,false,t01->t03->t05->t06->t07->t08 => t01->t03->t05->t06->t07->t08,1.3824,0.01840490797546012269938650307,-0.4608,-0.4608,1.382400,true,,,,,,
schedule_policy,exp08_confirmatory_n8_chain_like_homogeneous_13,8,chain_like,homogeneous,tied,13,io,1,,,,,,,,,0.000,0,0,0,0,0
schedule_policy,exp08_confirmatory_n8_chain_like_homogeneous_13,8,chain_like,homogeneous,tied,13,io,4,,,,,,,,,-2.304,-0.032,-2.304,-0.032,-2.304,-0.032
schedule_policy,exp08_confirmatory_n8_chain_like_homogeneous_13,8,chain_like,homogeneous,tied,13,io,8,,,,,,,,,-2.304,-0.032,-2.304,-0.032,-2.304,-0.032
schedule_policy,exp08_confirmatory_n8_chain_like_homogeneous_13,8,chain_like,homogeneous,tied,13,equal_alternating,1,,,,,,,,,0.000,0,0,0,0,0
schedule_policy,exp08_confirmatory_n8_chain_like_homogeneous_13,8,chain_like,homogeneous,tied,13,equal_alternating,4,,,,,,,,,-1.152,-0.016,-1.152,-0.016,-1.152,-0.016
schedule_policy,exp08_confirmatory_n8_chain_like_homogeneous_13,8,chain_like,homogeneous,tied,13,equal_alternating,8,,,,,,,,,-1.152,-0.016,-1.152,-0.016,-1.152,-0.016
differentiated_slowdown,exp08_confirmatory_n8_chain_like_homogeneous_13,8,chain_like,homogeneous,tied,13,io,4,false,t01->t02->t05->t06->t07->t08 => t01->t02->t05->t06->t07->t08,1.3824,0.01866251944012441679626749611,0.4608,0.4608,1.382400,true,,,,,,
schedule_policy,exp08_confirmatory_n8_chain_like_homogeneous_14,8,chain_like,homogeneous,tied,14,io,1,,,,,,,,,0.000,0,0,0,0,0
schedule_policy,exp08_confirmatory_n8_chain_like_homogeneous_14,8,chain_like,homogeneous,tied,14,io,4,,,,,,,,,-0.864,-0.012,-1.152,-0.016,-1.152,-0.016
schedule_policy,exp08_confirmatory_n8_chain_like_homogeneous_14,8,chain_like,homogeneous,tied,14,io,8,,,,,,,,,-0.864,-0.012,-1.152,-0.016,-1.152,-0.016
schedule_policy,exp08_confirmatory_n8_chain_like_homogeneous_14,8,chain_like,homogeneous,tied,14,equal_alternating,1,,,,,,,,,0.000,0,0,0,0,0
schedule_policy,exp08_confirmatory_n8_chain_like_homogeneous_14,8,chain_like,homogeneous,tied,14,equal_alternating,4,,,,,,,,,-1.008,-0.014,-1.152,-0.016,-1.152,-0.016
schedule_policy,exp08_confirmatory_n8_chain_like_homogeneous_14,8,chain_like,homogeneous,tied,14,equal_alternating,8,,,,,,,,,-1.008,-0.014,-1.152,-0.016,-1.152,-0.016
differentiated_slowdown,exp08_confirmatory_n8_chain_like_homogeneous_14,8,chain_like,homogeneous,tied,14,io,4,false,t01->t02->t05->t06->t07->t08 => t01->t02->t05->t06->t07->t08,1.3824,0.01840490797546012269938650307,-0.4608,-0.4608,1.382400,true,,,,,,
schedule_policy,exp08_confirmatory_n8_chain_like_homogeneous_15,8,chain_like,homogeneous,tied,15,io,1,,,,,,,,,0.000,0,0,0,0,0
schedule_policy,exp08_confirmatory_n8_chain_like_homogeneous_15,8,chain_like,homogeneous,tied,15,io,4,,,,,,,,,-0.768,-0.01066666666666666666666666667,-0.768,-0.01066666666666666666666666667,-0.768,-0.01066666666666666666666666667
schedule_policy,exp08_confirmatory_n8_chain_like_homogeneous_15,8,chain_like,homogeneous,tied,15,io,8,,,,,,,,,-0.768,-0.01066666666666666666666666667,-0.768,-0.01066666666666666666666666667,-0.768,-0.01066666666666666666666666667
schedule_policy,exp08_confirmatory_n8_chain_like_homogeneous_15,8,chain_like,homogeneous,tied,15,equal_alternating,1,,,,,,,,,0.000,0,0,0,0,0
schedule_policy,exp08_confirmatory_n8_chain_like_homogeneous_15,8,chain_like,homogeneous,tied,15,equal_alternating,4,,,,,,,,,-0.384,-0.005333333333333333333333333333,-0.384,-0.005333333333333333333333333333,-0.384,-0.005333333333333333333333333333
schedule_policy,exp08_confirmatory_n8_chain_like_homogeneous_15,8,chain_like,homogeneous,tied,15,equal_alternating,8,,,,,,,,,-0.384,-0.005333333333333333333333333333,-0.384,-0.005333333333333333333333333333,-0.384,-0.005333333333333333333333333333
differentiated_slowdown,exp08_confirmatory_n8_chain_like_homogeneous_15,8,chain_like,homogeneous,tied,15,io,4,false,t01->t02->t05->t06->t07->t08 => t01->t02->t05->t06->t07->t08,1.3824,0.01840490797546012269938650307,-0.4608,-0.4608,1.382400,true,,,,,,
schedule_policy,exp08_confirmatory_n8_chain_like_homogeneous_16,8,chain_like,homogeneous,tied,16,io,1,,,,,,,,,0.000,0,0,0,0,0
schedule_policy,exp08_confirmatory_n8_chain_like_homogeneous_16,8,chain_like,homogeneous,tied,16,io,4,,,,,,,,,-0.864,-0.012,-0.576,-0.008,-0.576,-0.008
schedule_policy,exp08_confirmatory_n8_chain_like_homogeneous_16,8,chain_like,homogeneous,tied,16,io,8,,,,,,,,,-0.864,-0.012,-0.576,-0.008,-0.576,-0.008
schedule_policy,exp08_confirmatory_n8_chain_like_homogeneous_16,8,chain_like,homogeneous,tied,16,equal_alternating,1,,,,,,,,,0.000,0,0,0,0,0
schedule_policy,exp08_confirmatory_n8_chain_like_homogeneous_16,8,chain_like,homogeneous,tied,16,equal_alternating,4,,,,,,,,,-0.432,-0.006,-0.144,-0.002,-0.144,-0.002
schedule_policy,exp08_confirmatory_n8_chain_like_homogeneous_16,8,chain_like,homogeneous,tied,16,equal_alternating,8,,,,,,,,,-0.432,-0.006,-0.144,-0.002,-0.144,-0.002
differentiated_slowdown,exp08_confirmatory_n8_chain_like_homogeneous_16,8,chain_like,homogeneous,tied,16,io,4,false,t01->t03->t05->t06->t07->t08 => t01->t03->t05->t06->t07->t08,1.3824,0.01840490797546012269938650307,-0.4608,-0.4608,1.382400,true,,,,,,
schedule_policy,exp08_confirmatory_n8_chain_like_homogeneous_17,8,chain_like,homogeneous,tied,17,io,1,,,,,,,,,0.000,0,0,0,0,0
schedule_policy,exp08_confirmatory_n8_chain_like_homogeneous_17,8,chain_like,homogeneous,tied,17,io,4,,,,,,,,,-0.864,-0.012,-0.288,-0.004,-0.288,-0.004
schedule_policy,exp08_confirmatory_n8_chain_like_homogeneous_17,8,chain_like,homogeneous,tied,17,io,8,,,,,,,,,-0.864,-0.012,-0.288,-0.004,-0.288,-0.004
schedule_policy,exp08_confirmatory_n8_chain_like_homogeneous_17,8,chain_like,homogeneous,tied,17,equal_alternating,1,,,,,,,,,0.000,0,0,0,0,0
schedule_policy,exp08_confirmatory_n8_chain_like_homogeneous_17,8,chain_like,homogeneous,tied,17,equal_alternating,4,,,,,,,,,-1.008,-0.014,-0.720,-0.01,-0.720,-0.01
schedule_policy,exp08_confirmatory_n8_chain_like_homogeneous_17,8,chain_like,homogeneous,tied,17,equal_alternating,8,,,,,,,,,-1.008,-0.014,-0.720,-0.01,-0.720,-0.01
differentiated_slowdown,exp08_confirmatory_n8_chain_like_homogeneous_17,8,chain_like,homogeneous,tied,17,io,4,false,t01->t03->t05->t06->t07->t08 => t01->t03->t05->t06->t07->t08,1.3824,0.01866251944012441679626749611,0.4608,0.4608,1.382400,true,,,,,,
schedule_policy,exp08_confirmatory_n8_chain_like_homogeneous_18,8,chain_like,homogeneous,tied,18,io,1,,,,,,,,,0.000,0,0,0,0,0
schedule_policy,exp08_confirmatory_n8_chain_like_homogeneous_18,8,chain_like,homogeneous,tied,18,io,4,,,,,,,,,-0.864,-0.012,-0.576,-0.008,-0.576,-0.008
schedule_policy,exp08_confirmatory_n8_chain_like_homogeneous_18,8,chain_like,homogeneous,tied,18,io,8,,,,,,,,,-0.864,-0.012,-0.576,-0.008,-0.576,-0.008
schedule_policy,exp08_confirmatory_n8_chain_like_homogeneous_18,8,chain_like,homogeneous,tied,18,equal_alternating,1,,,,,,,,,0.000,0,0,0,0,0
schedule_policy,exp08_confirmatory_n8_chain_like_homogeneous_18,8,chain_like,homogeneous,tied,18,equal_alternating,4,,,,,,,,,-0.432,-0.006,-0.144,-0.002,-0.144,-0.002
schedule_policy,exp08_confirmatory_n8_chain_like_homogeneous_18,8,chain_like,homogeneous,tied,18,equal_alternating,8,,,,,,,,,-0.432,-0.006,-0.144,-0.002,-0.144,-0.002
differentiated_slowdown,exp08_confirmatory_n8_chain_like_homogeneous_18,8,chain_like,homogeneous,tied,18,io,4,false,t01->t03->t05->t06->t07->t08 => t01->t03->t05->t06->t07->t08,1.3824,0.01840490797546012269938650307,-0.4608,-0.4608,1.382400,true,,,,,,
schedule_policy,exp08_confirmatory_n8_chain_like_homogeneous_19,8,chain_like,homogeneous,tied,19,io,1,,,,,,,,,0.000,0,0,0,0,0
schedule_policy,exp08_confirmatory_n8_chain_like_homogeneous_19,8,chain_like,homogeneous,tied,19,io,4,,,,,,,,,-0.864,-0.012,-1.152,-0.016,-1.152,-0.016
schedule_policy,exp08_confirmatory_n8_chain_like_homogeneous_19,8,chain_like,homogeneous,tied,19,io,8,,,,,,,,,-0.864,-0.012,-1.152,-0.016,-1.152,-0.016
schedule_policy,exp08_confirmatory_n8_chain_like_homogeneous_19,8,chain_like,homogeneous,tied,19,equal_alternating,1,,,,,,,,,0.000,0,0,0,0,0
schedule_policy,exp08_confirmatory_n8_chain_like_homogeneous_19,8,chain_like,homogeneous,tied,19,equal_alternating,4,,,,,,,,,-1.008,-0.014,-1.152,-0.016,-1.152,-0.016
schedule_policy,exp08_confirmatory_n8_chain_like_homogeneous_19,8,chain_like,homogeneous,tied,19,equal_alternating,8,,,,,,,,,-1.008,-0.014,-1.152,-0.016,-1.152,-0.016
differentiated_slowdown,exp08_confirmatory_n8_chain_like_homogeneous_19,8,chain_like,homogeneous,tied,19,io,4,false,t01->t03->t05->t06->t07->t08 => t01->t03->t05->t06->t07->t08,1.3824,0.01866251944012441679626749611,0.4608,0.4608,1.382400,true,,,,,,
schedule_policy,exp08_confirmatory_n8_chain_like_lognormal_00,8,chain_like,lognormal,unique,0,io,1,,,,,,,,,0.000,0,0,0,0,0
schedule_policy,exp08_confirmatory_n8_chain_like_lognormal_00,8,chain_like,lognormal,unique,0,io,4,,,,,,,,,0.000,0,1.920,0.008888888888888888888888888889,1.920,0.008888888888888888888888888889
schedule_policy,exp08_confirmatory_n8_chain_like_lognormal_00,8,chain_like,lognormal,unique,0,io,8,,,,,,,,,0.000,0,1.920,0.008888888888888888888888888889,1.920,0.008888888888888888888888888889
schedule_policy,exp08_confirmatory_n8_chain_like_lognormal_00,8,chain_like,lognormal,unique,0,equal_alternating,1,,,,,,,,,0.000,0,0,0,0,0
schedule_policy,exp08_confirmatory_n8_chain_like_lognormal_00,8,chain_like,lognormal,unique,0,equal_alternating,4,,,,,,,,,-1.160,-0.005370370370370370370370370370,0.333,0.001541666666666666666666666667,0.333,0.001541666666666666666666666667
schedule_policy,exp08_confirmatory_n8_chain_like_lognormal_00,8,chain_like,lognormal,unique,0,equal_alternating,8,,,,,,,,,-1.160,-0.005370370370370370370370370370,0.333,0.001541666666666666666666666667,0.333,0.001541666666666666666666666667
differentiated_slowdown,exp08_confirmatory_n8_chain_like_lognormal_00,8,chain_like,lognormal,unique,0,io,4,true,t01->t03->t05->t06->t07->t08 => t01->t03->t05->t06->t07->t08,3.4560,0.01581027667984189723320158103,3.4560,3.4560,3.456000,true,,,,,,
schedule_policy,exp08_confirmatory_n8_chain_like_lognormal_01,8,chain_like,lognormal,tied,1,io,1,,,,,,,,,0.000,0,0,0,0,0
schedule_policy,exp08_confirmatory_n8_chain_like_lognormal_01,8,chain_like,lognormal,tied,1,io,4,,,,,,,,,-2.448,-0.0136,-1.468,-0.008155555555555555555555555556,-1.468,-0.008155555555555555555555555556
schedule_policy,exp08_confirmatory_n8_chain_like_lognormal_01,8,chain_like,lognormal,tied,1,io,8,,,,,,,,,-2.448,-0.0136,-1.468,-0.008155555555555555555555555556,-1.468,-0.008155555555555555555555555556
schedule_policy,exp08_confirmatory_n8_chain_like_lognormal_01,8,chain_like,lognormal,tied,1,equal_alternating,1,,,,,,,,,0.000,0,0,0,0,0
schedule_policy,exp08_confirmatory_n8_chain_like_lognormal_01,8,chain_like,lognormal,tied,1,equal_alternating,4,,,,,,,,,-3.654,-0.0203,-2.532,-0.01406666666666666666666666667,-2.532,-0.01406666666666666666666666667
schedule_policy,exp08_confirmatory_n8_chain_like_lognormal_01,8,chain_like,lognormal,tied,1,equal_alternating,8,,,,,,,,,-3.654,-0.0203,-2.532,-0.01406666666666666666666666667,-2.532,-0.01406666666666666666666666667
differentiated_slowdown,exp08_confirmatory_n8_chain_like_lognormal_01,8,chain_like,lognormal,tied,1,io,4,false,t01->t03->t04->t06->t07->t08 => t01->t03->t04->t06->t07->t08,2.9376,0.01591100755090401236222890597,1.2726,1.2726,2.937600,true,,,,,,
schedule_policy,exp08_confirmatory_n8_chain_like_lognormal_02,8,chain_like,lognormal,unique,2,io,1,,,,,,,,,0.000,0,0,0,0,0
schedule_policy,exp08_confirmatory_n8_chain_like_lognormal_02,8,chain_like,lognormal,unique,2,io,4,,,,,,,,,-2.222,-0.01322619047619047619047619048,-0.093,-0.0005535714285714285714285714286,-0.093,-0.0005535714285714285714285714286
schedule_policy,exp08_confirmatory_n8_chain_like_lognormal_02,8,chain_like,lognormal,unique,2,io,8,,,,,,,,,-2.222,-0.01322619047619047619047619048,-0.093,-0.0005535714285714285714285714286,-0.093,-0.0005535714285714285714285714286
schedule_policy,exp08_confirmatory_n8_chain_like_lognormal_02,8,chain_like,lognormal,unique,2,equal_alternating,1,,,,,,,,,0.000,0,0,0,0,0
schedule_policy,exp08_confirmatory_n8_chain_like_lognormal_02,8,chain_like,lognormal,unique,2,equal_alternating,4,,,,,,,,,-2.438,-0.01451190476190476190476190476,-1.374,-0.008178571428571428571428571429,-1.374,-0.008178571428571428571428571429
schedule_policy,exp08_confirmatory_n8_chain_like_lognormal_02,8,chain_like,lognormal,unique,2,equal_alternating,8,,,,,,,,,-2.438,-0.01451190476190476190476190476,-1.374,-0.008178571428571428571428571429,-1.374,-0.008178571428571428571428571429
differentiated_slowdown,exp08_confirmatory_n8_chain_like_lognormal_02,8,chain_like,lognormal,unique,2,io,4,true,t01->t03->t04->t06->t07->t08 => t01->t03->t04->t06->t07->t08,3.1104,0.01826072253846587386574987319,3.1104,3.1104,3.110400,true,,,,,,
schedule_policy,exp08_confirmatory_n8_chain_like_lognormal_03,8,chain_like,lognormal,tied,3,io,1,,,,,,,,,0.000,0,0,0,0,0
schedule_policy,exp08_confirmatory_n8_chain_like_lognormal_03,8,chain_like,lognormal,tied,3,io,4,,,,,,,,,-1.656,-0.007263157894736842105263157895,-1.656,-0.007263157894736842105263157895,-1.656,-0.007263157894736842105263157895
schedule_policy,exp08_confirmatory_n8_chain_like_lognormal_03,8,chain_like,lognormal,tied,3,io,8,,,,,,,,,-1.656,-0.007263157894736842105263157895,-1.656,-0.007263157894736842105263157895,-1.656,-0.007263157894736842105263157895
schedule_policy,exp08_confirmatory_n8_chain_like_lognormal_03,8,chain_like,lognormal,tied,3,equal_alternating,1,,,,,,,,,0.000,0,0,0,0,0
schedule_policy,exp08_confirmatory_n8_chain_like_lognormal_03,8,chain_like,lognormal,tied,3,equal_alternating,4,,,,,,,,,-6.323,-0.02773245614035087719298245614,-6.323,-0.02773245614035087719298245614,-6.323,-0.02773245614035087719298245614
schedule_policy,exp08_confirmatory_n8_chain_like_lognormal_03,8,chain_like,lognormal,tied,3,equal_alternating,8,,,,,,,,,-6.323,-0.02773245614035087719298245614,-6.323,-0.02773245614035087719298245614,-6.323,-0.02773245614035087719298245614
differentiated_slowdown,exp08_confirmatory_n8_chain_like_lognormal_03,8,chain_like,lognormal,tied,3,io,4,false,t01->t02->t04->t06->t07->t08 => t01->t02->t04->t06->t07->t08,3.9744,0.01674782687844172393391890047,-0.8367,-0.8367,3.974400,true,,,,,,
schedule_policy,exp08_confirmatory_n8_chain_like_lognormal_04,8,chain_like,lognormal,unique,4,io,1,,,,,,,,,0.000,0,0,0,0,0
schedule_policy,exp08_confirmatory_n8_chain_like_lognormal_04,8,chain_like,lognormal,unique,4,io,4,,,,,,,,,0.000,0,0.741,0.004410714285714285714285714286,0.741,0.004410714285714285714285714286
schedule_policy,exp08_confirmatory_n8_chain_like_lognormal_04,8,chain_like,lognormal,unique,4,io,8,,,,,,,,,0.000,0,0.741,0.004410714285714285714285714286,0.741,0.004410714285714285714285714286
schedule_policy,exp08_confirmatory_n8_chain_like_lognormal_04,8,chain_like,lognormal,unique,4,equal_alternating,1,,,,,,,,,0.000,0,0,0,0,0
schedule_policy,exp08_confirmatory_n8_chain_like_lognormal_04,8,chain_like,lognormal,unique,4,equal_alternating,4,,,,,,,,,0.092,0.0005476190476190476190476190476,0.786,0.004678571428571428571428571429,0.786,0.004678571428571428571428571429
schedule_policy,exp08_confirmatory_n8_chain_like_lognormal_04,8,chain_like,lognormal,unique,4,equal_alternating,8,,,,,,,,,0.092,0.0005476190476190476190476190476,0.786,0.004678571428571428571428571429,0.786,0.004678571428571428571428571429
differentiated_slowdown,exp08_confirmatory_n8_chain_like_lognormal_04,8,chain_like,lognormal,unique,4,io,4,true,t01->t02->t04->t06->t07->t08 => t01->t02->t04->t06->t07->t08,3.1104,0.01826072253846587386574987319,3.1104,3.1104,3.110400,true,,,,,,
schedule_policy,exp08_confirmatory_n8_chain_like_lognormal_05,8,chain_like,lognormal,tied,5,io,1,,,,,,,,,0.000,0,0,0,0,0
schedule_policy,exp08_confirmatory_n8_chain_like_lognormal_05,8,chain_like,lognormal,tied,5,io,4,,,,,,,,,-1.296,-0.007714285714285714285714285714,0.185,0.001101190476190476190476190476,0.185,0.001101190476190476190476190476
schedule_policy,exp08_confirmatory_n8_chain_like_lognormal_05,8,chain_like,lognormal,tied,5,io,8,,,,,,,,,-1.296,-0.007714285714285714285714285714,0.185,0.001101190476190476190476190476,0.185,0.001101190476190476190476190476
schedule_policy,exp08_confirmatory_n8_chain_like_lognormal_05,8,chain_like,lognormal,tied,5,equal_alternating,1,,,,,,,,,0.000,0,0,0,0,0
schedule_policy,exp08_confirmatory_n8_chain_like_lognormal_05,8,chain_like,lognormal,tied,5,equal_alternating,4,,,,,,,,,-0.648,-0.003857142857142857142857142857,0.092,0.0005476190476190476190476190476,0.092,0.0005476190476190476190476190476
schedule_policy,exp08_confirmatory_n8_chain_like_lognormal_05,8,chain_like,lognormal,tied,5,equal_alternating,8,,,,,,,,,-0.648,-0.003857142857142857142857142857,0.092,0.0005476190476190476190476190476,0.092,0.0005476190476190476190476190476
differentiated_slowdown,exp08_confirmatory_n8_chain_like_lognormal_05,8,chain_like,lognormal,tied,5,io,4,false,t01->t02->t05->t06->t07->t08 => t01->t02->t05->t06->t07->t08,3.1104,0.01813357772620186547781662489,2.1105,2.1105,3.110400,true,,,,,,
schedule_policy,exp08_confirmatory_n8_chain_like_lognormal_06,8,chain_like,lognormal,unique,6,io,1,,,,,,,,,0.000,0,0,0,0,0
schedule_policy,exp08_confirmatory_n8_chain_like_lognormal_06,8,chain_like,lognormal,unique,6,io,4,,,,,,,,,0.000,0,1.068,0.005235294117647058823529411765,1.068,0.005235294117647058823529411765
schedule_policy,exp08_confirmatory_n8_chain_like_lognormal_06,8,chain_like,lognormal,unique,6,io,8,,,,,,,,,0.000,0,1.068,0.005235294117647058823529411765,1.068,0.005235294117647058823529411765
schedule_policy,exp08_confirmatory_n8_chain_like_lognormal_06,8,chain_like,lognormal,unique,6,equal_alternating,1,,,,,,,,,0.000,0,0,0,0,0
schedule_policy,exp08_confirmatory_n8_chain_like_lognormal_06,8,chain_like,lognormal,unique,6,equal_alternating,4,,,,,,,,,-4.889,-0.02396568627450980392156862745,-3.934,-0.01928431372549019607843137255,-3.934,-0.01928431372549019607843137255
schedule_policy,exp08_confirmatory_n8_chain_like_lognormal_06,8,chain_like,lognormal,unique,6,equal_alternating,8,,,,,,,,,-4.889,-0.02396568627450980392156862745,-3.934,-0.01928431372549019607843137255,-3.934,-0.01928431372549019607843137255
differentiated_slowdown,exp08_confirmatory_n8_chain_like_lognormal_06,8,chain_like,lognormal,unique,6,io,4,true,t01->t02->t04->t06->t07->t08 => t01->t02->t04->t06->t07->t08,3.6288,0.01755404369935217219680962222,3.6288,3.6288,3.628800,true,,,,,,
schedule_policy,exp08_confirmatory_n8_chain_like_lognormal_07,8,chain_like,lognormal,unique,7,io,1,,,,,,,,,0.000,0,0,0,0,0
schedule_policy,exp08_confirmatory_n8_chain_like_lognormal_07,8,chain_like,lognormal,unique,7,io,4,,,,,,,,,0.000,0,2.237,0.01096568627450980392156862745,2.237,0.01096568627450980392156862745
schedule_policy,exp08_confirmatory_n8_chain_like_lognormal_07,8,chain_like,lognormal,unique,7,io,8,,,,,,,,,0.000,0,2.237,0.01096568627450980392156862745,2.237,0.01096568627450980392156862745
schedule_policy,exp08_confirmatory_n8_chain_like_lognormal_07,8,chain_like,lognormal,unique,7,equal_alternating,1,,,,,,,,,0.000,0,0,0,0,0
schedule_policy,exp08_confirmatory_n8_chain_like_lognormal_07,8,chain_like,lognormal,unique,7,equal_alternating,4,,,,,,,,,-3.345,-0.01639705882352941176470588235,-2.767,-0.01356372549019607843137254902,-2.767,-0.01356372549019607843137254902
schedule_policy,exp08_confirmatory_n8_chain_like_lognormal_07,8,chain_like,lognormal,unique,7,equal_alternating,8,,,,,,,,,-3.345,-0.01639705882352941176470588235,-2.767,-0.01356372549019607843137254902,-2.767,-0.01356372549019607843137254902
differentiated_slowdown,exp08_confirmatory_n8_chain_like_lognormal_07,8,chain_like,lognormal,unique,7,io,4,true,t01->t03->t04->t06->t07->t08 => t01->t03->t04->t06->t07->t08,3.8016,0.01837842855153849723859469996,3.8016,3.8016,3.801600,true,,,,,,
schedule_policy,exp08_confirmatory_n8_chain_like_lognormal_08,8,chain_like,lognormal,unique,8,io,1,,,,,,,,,0.000,0,0,0,0,0
schedule_policy,exp08_confirmatory_n8_chain_like_lognormal_08,8,chain_like,lognormal,unique,8,io,4,,,,,,,,,0.000,0,2.074,0.008641666666666666666666666667,2.074,0.008641666666666666666666666667
schedule_policy,exp08_confirmatory_n8_chain_like_lognormal_08,8,chain_like,lognormal,unique,8,io,8,,,,,,,,,0.000,0,2.074,0.008641666666666666666666666667,2.074,0.008641666666666666666666666667
schedule_policy,exp08_confirmatory_n8_chain_like_lognormal_08,8,chain_like,lognormal,unique,8,equal_alternating,1,,,,,,,,,0.000,0,0,0,0,0
schedule_policy,exp08_confirmatory_n8_chain_like_lognormal_08,8,chain_like,lognormal,unique,8,equal_alternating,4,,,,,,,,,-2.074,-0.008641666666666666666666666667,-1.123,-0.004679166666666666666666666667,-1.123,-0.004679166666666666666666666667
schedule_policy,exp08_confirmatory_n8_chain_like_lognormal_08,8,chain_like,lognormal,unique,8,equal_alternating,8,,,,,,,,,-2.074,-0.008641666666666666666666666667,-1.123,-0.004679166666666666666666666667,-1.123,-0.004679166666666666666666666667
differentiated_slowdown,exp08_confirmatory_n8_chain_like_lognormal_08,8,chain_like,lognormal,unique,8,io,4,true,t01->t02->t04->t06->t07->t08 => t01->t02->t04->t06->t07->t08,4.1472,0.01705891644290001579529300269,4.1472,4.1472,4.147200,true,,,,,,
schedule_policy,exp08_confirmatory_n8_chain_like_lognormal_09,8,chain_like,lognormal,tied,9,io,1,,,,,,,,,0.000,0,0,0,0,0
schedule_policy,exp08_confirmatory_n8_chain_like_lognormal_09,8,chain_like,lognormal,tied,9,io,4,,,,,,,,,-1.591,-0.01104861111111111111111111111,-1.224,-0.0085,-1.224,-0.0085
schedule_policy,exp08_confirmatory_n8_chain_like_lognormal_09,8,chain_like,lognormal,tied,9,io,8,,,,,,,,,-1.591,-0.01104861111111111111111111111,-1.224,-0.0085,-1.224,-0.0085
schedule_policy,exp08_confirmatory_n8_chain_like_lognormal_09,8,chain_like,lognormal,tied,9,equal_alternating,1,,,,,,,,,0.000,0,0,0,0,0
schedule_policy,exp08_confirmatory_n8_chain_like_lognormal_09,8,chain_like,lognormal,tied,9,equal_alternating,4,,,,,,,,,-0.794,-0.005513888888888888888888888889,-0.151,-0.001048611111111111111111111111,-0.151,-0.001048611111111111111111111111
schedule_policy,exp08_confirmatory_n8_chain_like_lognormal_09,8,chain_like,lognormal,tied,9,equal_alternating,8,,,,,,,,,-0.794,-0.005513888888888888888888888889,-0.151,-0.001048611111111111111111111111,-0.151,-0.001048611111111111111111111111
differentiated_slowdown,exp08_confirmatory_n8_chain_like_lognormal_09,8,chain_like,lognormal,tied,9,io,4,false,t01->t03->t05->t06->t07->t08 => t01->t03->t05->t06->t07->t08,2.9376,0.01952853894938375014957520641,-1.2240,-1.2240,2.937600,true,,,,,,
schedule_policy,exp08_confirmatory_n8_chain_like_lognormal_10,8,chain_like,lognormal,unique,10,io,1,,,,,,,,,0.000,0,0,0,0,0
schedule_policy,exp08_confirmatory_n8_chain_like_lognormal_10,8,chain_like,lognormal,unique,10,io,4,,,,,,,,,-2.796,-0.01370588235294117647058823529,-0.933,-0.004573529411764705882352941176,-0.933,-0.004573529411764705882352941176
schedule_policy,exp08_confirmatory_n8_chain_like_lognormal_10,8,chain_like,lognormal,unique,10,io,8,,,,,,,,,-2.796,-0.01370588235294117647058823529,-0.933,-0.004573529411764705882352941176,-0.933,-0.004573529411764705882352941176
schedule_policy,exp08_confirmatory_n8_chain_like_lognormal_10,8,chain_like,lognormal,unique,10,equal_alternating,1,,,,,,,,,0.000,0,0,0,0,0
schedule_policy,exp08_confirmatory_n8_chain_like_lognormal_10,8,chain_like,lognormal,unique,10,equal_alternating,4,,,,,,,,,-1.398,-0.006852941176470588235294117647,-0.466,-0.002284313725490196078431372549,-0.466,-0.002284313725490196078431372549
schedule_policy,exp08_confirmatory_n8_chain_like_lognormal_10,8,chain_like,lognormal,unique,10,equal_alternating,8,,,,,,,,,-1.398,-0.006852941176470588235294117647,-0.466,-0.002284313725490196078431372549,-0.466,-0.002284313725490196078431372549
differentiated_slowdown,exp08_confirmatory_n8_chain_like_lognormal_10,8,chain_like,lognormal,unique,10,io,4,true,t01->t02->t05->t06->t07->t08 => t01->t02->t05->t06->t07->t08,3.8016,0.01837842855153849723859469996,3.8016,3.8016,3.801600,true,,,,,,
schedule_policy,exp08_confirmatory_n8_chain_like_lognormal_11,8,chain_like,lognormal,unique,11,io,1,,,,,,,,,0.000,0,0,0,0,0
schedule_policy,exp08_confirmatory_n8_chain_like_lognormal_11,8,chain_like,lognormal,unique,11,io,4,,,,,,,,,0.000,0,2.419,0.01343888888888888888888888889,2.419,0.01343888888888888888888888889
schedule_policy,exp08_confirmatory_n8_chain_like_lognormal_11,8,chain_like,lognormal,unique,11,io,8,,,,,,,,,0.000,0,2.419,0.01343888888888888888888888889,2.419,0.01343888888888888888888888889
schedule_policy,exp08_confirmatory_n8_chain_like_lognormal_11,8,chain_like,lognormal,unique,11,equal_alternating,1,,,,,,,,,0.000,0,0,0,0,0
schedule_policy,exp08_confirmatory_n8_chain_like_lognormal_11,8,chain_like,lognormal,unique,11,equal_alternating,4,,,,,,,,,-0.850,-0.004722222222222222222222222222,0.589,0.003272222222222222222222222222,0.589,0.003272222222222222222222222222
schedule_policy,exp08_confirmatory_n8_chain_like_lognormal_11,8,chain_like,lognormal,unique,11,equal_alternating,8,,,,,,,,,-0.850,-0.004722222222222222222222222222,0.589,0.003272222222222222222222222222,0.589,0.003272222222222222222222222222
differentiated_slowdown,exp08_confirmatory_n8_chain_like_lognormal_11,8,chain_like,lognormal,unique,11,io,4,true,t01->t03->t04->t06->t07->t08 => t01->t03->t04->t06->t07->t08,3.1104,0.01705891644290001579529300269,3.1104,3.1104,3.110400,true,,,,,,
schedule_policy,exp08_confirmatory_n8_chain_like_lognormal_12,8,chain_like,lognormal,unique,12,io,1,,,,,,,,,0.000,0,0,0,0,0
schedule_policy,exp08_confirmatory_n8_chain_like_lognormal_12,8,chain_like,lognormal,unique,12,io,4,,,,,,,,,0.396,0.0020625,3.762,0.01959375,3.762,0.01959375
schedule_policy,exp08_confirmatory_n8_chain_like_lognormal_12,8,chain_like,lognormal,unique,12,io,8,,,,,,,,,0.396,0.0020625,3.762,0.01959375,3.762,0.01959375
schedule_policy,exp08_confirmatory_n8_chain_like_lognormal_12,8,chain_like,lognormal,unique,12,equal_alternating,1,,,,,,,,,0.000,0,0,0,0,0
schedule_policy,exp08_confirmatory_n8_chain_like_lognormal_12,8,chain_like,lognormal,unique,12,equal_alternating,4,,,,,,,,,-2.321,-0.01208854166666666666666666667,-0.440,-0.002291666666666666666666666667,-0.440,-0.002291666666666666666666666667
schedule_policy,exp08_confirmatory_n8_chain_like_lognormal_12,8,chain_like,lognormal,unique,12,equal_alternating,8,,,,,,,,,-2.321,-0.01208854166666666666666666667,-0.440,-0.002291666666666666666666666667,-0.440,-0.002291666666666666666666666667
differentiated_slowdown,exp08_confirmatory_n8_chain_like_lognormal_12,8,chain_like,lognormal,unique,12,io,4,true,t01->t03->t04->t06->t07->t08 => t01->t03->t04->t06->t07->t08,3.8016,0.01951027245405724983987781446,3.8016,3.8016,3.801600,true,,,,,,
schedule_policy,exp08_confirmatory_n8_chain_like_lognormal_13,8,chain_like,lognormal,unique,13,io,1,,,,,,,,,0.000,0,0,0,0,0
schedule_policy,exp08_confirmatory_n8_chain_like_lognormal_13,8,chain_like,lognormal,unique,13,io,4,,,,,,,,,-4.246,-0.03216666666666666666666666667,-1.864,-0.01412121212121212121212121212,-1.864,-0.01412121212121212121212121212
schedule_policy,exp08_confirmatory_n8_chain_like_lognormal_13,8,chain_like,lognormal,unique,13,io,8,,,,,,,,,-4.246,-0.03216666666666666666666666667,-1.864,-0.01412121212121212121212121212,-1.864,-0.01412121212121212121212121212
schedule_policy,exp08_confirmatory_n8_chain_like_lognormal_13,8,chain_like,lognormal,unique,13,equal_alternating,1,,,,,,,,,0.000,0,0,0,0,0
schedule_policy,exp08_confirmatory_n8_chain_like_lognormal_13,8,chain_like,lognormal,unique,13,equal_alternating,4,,,,,,,,,-2.124,-0.01609090909090909090909090909,-0.762,-0.005772727272727272727272727273,-0.762,-0.005772727272727272727272727273
schedule_policy,exp08_confirmatory_n8_chain_like_lognormal_13,8,chain_like,lognormal,unique,13,equal_alternating,8,,,,,,,,,-2.124,-0.01609090909090909090909090909,-0.762,-0.005772727272727272727272727273,-0.762,-0.005772727272727272727272727273
differentiated_slowdown,exp08_confirmatory_n8_chain_like_lognormal_13,8,chain_like,lognormal,unique,13,io,4,true,t01->t02->t05->t06->t07->t08 => t01->t02->t05->t06->t07->t08,2.4192,0.01807877179137671282014491714,2.4192,2.4192,2.419200,true,,,,,,
schedule_policy,exp08_confirmatory_n8_chain_like_lognormal_14,8,chain_like,lognormal,tied,14,io,1,,,,,,,,,0.000,0,0,0,0,0
schedule_policy,exp08_confirmatory_n8_chain_like_lognormal_14,8,chain_like,lognormal,tied,14,io,4,,,,,,,,,-1.536,-0.01066666666666666666666666667,-1.536,-0.01066666666666666666666666667,-1.536,-0.01066666666666666666666666667
schedule_policy,exp08_confirmatory_n8_chain_like_lognormal_14,8,chain_like,lognormal,tied,14,io,8,,,,,,,,,-1.536,-0.01066666666666666666666666667,-1.536,-0.01066666666666666666666666667,-1.536,-0.01066666666666666666666666667
schedule_policy,exp08_confirmatory_n8_chain_like_lognormal_14,8,chain_like,lognormal,tied,14,equal_alternating,1,,,,,,,,,0.000,0,0,0,0,0
schedule_policy,exp08_confirmatory_n8_chain_like_lognormal_14,8,chain_like,lognormal,tied,14,equal_alternating,4,,,,,,,,,-0.768,-0.005333333333333333333333333333,-0.768,-0.005333333333333333333333333333,-0.768,-0.005333333333333333333333333333
schedule_policy,exp08_confirmatory_n8_chain_like_lognormal_14,8,chain_like,lognormal,tied,14,equal_alternating,8,,,,,,,,,-0.768,-0.005333333333333333333333333333,-0.768,-0.005333333333333333333333333333,-0.768,-0.005333333333333333333333333333
differentiated_slowdown,exp08_confirmatory_n8_chain_like_lognormal_14,8,chain_like,lognormal,tied,14,io,4,false,t01->t02->t04->t06->t07->t08 => t01->t02->t04->t06->t07->t08,2.7648,0.01840490797546012269938650307,-0.9216,-0.9216,2.764800,true,,,,,,
schedule_policy,exp08_confirmatory_n8_chain_like_lognormal_15,8,chain_like,lognormal,tied,15,io,1,,,,,,,,,0.000,0,0,0,0,0
schedule_policy,exp08_confirmatory_n8_chain_like_lognormal_15,8,chain_like,lognormal,tied,15,io,4,,,,,,,,,-0.564,-0.002764705882352941176470588235,0.792,0.003882352941176470588235294118,0.792,0.003882352941176470588235294118
schedule_policy,exp08_confirmatory_n8_chain_like_lognormal_15,8,chain_like,lognormal,tied,15,io,8,,,,,,,,,-0.564,-0.002764705882352941176470588235,0.792,0.003882352941176470588235294118,0.792,0.003882352941176470588235294118
schedule_policy,exp08_confirmatory_n8_chain_like_lognormal_15,8,chain_like,lognormal,tied,15,equal_alternating,1,,,,,,,,,0.000,0,0,0,0,0
schedule_policy,exp08_confirmatory_n8_chain_like_lognormal_15,8,chain_like,lognormal,tied,15,equal_alternating,4,,,,,,,,,-1.139,-0.005583333333333333333333333333,-0.693,-0.003397058823529411764705882353,-0.693,-0.003397058823529411764705882353
schedule_policy,exp08_confirmatory_n8_chain_like_lognormal_15,8,chain_like,lognormal,tied,15,equal_alternating,8,,,,,,,,,-1.139,-0.005583333333333333333333333333,-0.693,-0.003397058823529411764705882353,-0.693,-0.003397058823529411764705882353
differentiated_slowdown,exp08_confirmatory_n8_chain_like_lognormal_15,8,chain_like,lognormal,tied,15,io,4,false,t01->t03->t04->t06->t07->t08 => t01->t03->t04->t06->t07->t08,3.4560,0.01643216596487624525007702578,0.7452,0.7452,3.456000,true,,,,,,
schedule_policy,exp08_confirmatory_n8_chain_like_lognormal_16,8,chain_like,lognormal,unique,16,io,1,,,,,,,,,0.000,0,0,0,0,0
schedule_policy,exp08_confirmatory_n8_chain_like_lognormal_16,8,chain_like,lognormal,unique,16,io,4,,,,,,,,,0.000,0,3.240,0.0135,3.240,0.0135
schedule_policy,exp08_confirmatory_n8_chain_like_lognormal_16,8,chain_like,lognormal,unique,16,io,8,,,,,,,,,0.000,0,3.240,0.0135,3.240,0.0135
schedule_policy,exp08_confirmatory_n8_chain_like_lognormal_16,8,chain_like,lognormal,unique,16,equal_alternating,1,,,,,,,,,0.000,0,0,0,0,0
schedule_policy,exp08_confirmatory_n8_chain_like_lognormal_16,8,chain_like,lognormal,unique,16,equal_alternating,4,,,,,,,,,-3.015,-0.0125625,-0.495,-0.0020625,-0.495,-0.0020625
schedule_policy,exp08_confirmatory_n8_chain_like_lognormal_16,8,chain_like,lognormal,unique,16,equal_alternating,8,,,,,,,,,-3.015,-0.0125625,-0.495,-0.0020625,-0.495,-0.0020625
differentiated_slowdown,exp08_confirmatory_n8_chain_like_lognormal_16,8,chain_like,lognormal,unique,16,io,4,true,t01->t03->t05->t06->t07->t08 => t01->t03->t05->t06->t07->t08,4.3200,0.01776023680315737543167242230,4.3200,4.3200,4.320000,true,,,,,,
schedule_policy,exp08_confirmatory_n8_chain_like_lognormal_17,8,chain_like,lognormal,tied,17,io,1,,,,,,,,,0.000,0,0,0,0,0
schedule_policy,exp08_confirmatory_n8_chain_like_lognormal_17,8,chain_like,lognormal,tied,17,io,4,,,,,,,,,0.691,0.003838888888888888888888888889,2.765,0.01536111111111111111111111111,2.765,0.01536111111111111111111111111
schedule_policy,exp08_confirmatory_n8_chain_like_lognormal_17,8,chain_like,lognormal,tied,17,io,8,,,,,,,,,0.691,0.003838888888888888888888888889,2.765,0.01536111111111111111111111111,2.765,0.01536111111111111111111111111
schedule_policy,exp08_confirmatory_n8_chain_like_lognormal_17,8,chain_like,lognormal,tied,17,equal_alternating,1,,,,,,,,,0.000,0,0,0,0,0
schedule_policy,exp08_confirmatory_n8_chain_like_lognormal_17,8,chain_like,lognormal,tied,17,equal_alternating,4,,,,,,,,,-0.533,-0.002961111111111111111111111111,0.202,0.001122222222222222222222222222,0.202,0.001122222222222222222222222222
schedule_policy,exp08_confirmatory_n8_chain_like_lognormal_17,8,chain_like,lognormal,tied,17,equal_alternating,8,,,,,,,,,-0.533,-0.002961111111111111111111111111,0.202,0.001122222222222222222222222222,0.202,0.001122222222222222222222222222
differentiated_slowdown,exp08_confirmatory_n8_chain_like_lognormal_17,8,chain_like,lognormal,tied,17,io,4,false,t01->t02->t05->t06->t07->t08 => t01->t02->t05->t06->t07->t08,3.1104,0.01690512876953554919656614572,1.8663,1.8663,3.110400,true,,,,,,
schedule_policy,exp08_confirmatory_n8_chain_like_lognormal_18,8,chain_like,lognormal,tied,18,io,1,,,,,,,,,0.000,0,0,0,0,0
schedule_policy,exp08_confirmatory_n8_chain_like_lognormal_18,8,chain_like,lognormal,tied,18,io,4,,,,,,,,,-1.824,-0.01688888888888888888888888889,-1.824,-0.01688888888888888888888888889,-1.824,-0.01688888888888888888888888889
schedule_policy,exp08_confirmatory_n8_chain_like_lognormal_18,8,chain_like,lognormal,tied,18,io,8,,,,,,,,,-1.824,-0.01688888888888888888888888889,-1.824,-0.01688888888888888888888888889,-1.824,-0.01688888888888888888888888889
schedule_policy,exp08_confirmatory_n8_chain_like_lognormal_18,8,chain_like,lognormal,tied,18,equal_alternating,1,,,,,,,,,0.000,0,0,0,0,0
schedule_policy,exp08_confirmatory_n8_chain_like_lognormal_18,8,chain_like,lognormal,tied,18,equal_alternating,4,,,,,,,,,-0.912,-0.008444444444444444444444444444,-0.912,-0.008444444444444444444444444444,-0.912,-0.008444444444444444444444444444
schedule_policy,exp08_confirmatory_n8_chain_like_lognormal_18,8,chain_like,lognormal,tied,18,equal_alternating,8,,,,,,,,,-0.912,-0.008444444444444444444444444444,-0.912,-0.008444444444444444444444444444,-0.912,-0.008444444444444444444444444444
differentiated_slowdown,exp08_confirmatory_n8_chain_like_lognormal_18,8,chain_like,lognormal,tied,18,io,4,false,t01->t02->t05->t06->t07->t08 => t01->t02->t05->t06->t07->t08,2.0736,0.01840490797546012269938650307,-0.6912,-0.6912,2.073600,true,,,,,,
schedule_policy,exp08_confirmatory_n8_chain_like_lognormal_19,8,chain_like,lognormal,tied,19,io,1,,,,,,,,,0.000,0,0,0,0,0
schedule_policy,exp08_confirmatory_n8_chain_like_lognormal_19,8,chain_like,lognormal,tied,19,io,4,,,,,,,,,-3.264,-0.01942857142857142857142857143,-3.264,-0.01942857142857142857142857143,-3.264,-0.01942857142857142857142857143
schedule_policy,exp08_confirmatory_n8_chain_like_lognormal_19,8,chain_like,lognormal,tied,19,io,8,,,,,,,,,-3.264,-0.01942857142857142857142857143,-3.264,-0.01942857142857142857142857143,-3.264,-0.01942857142857142857142857143
schedule_policy,exp08_confirmatory_n8_chain_like_lognormal_19,8,chain_like,lognormal,tied,19,equal_alternating,1,,,,,,,,,0.000,0,0,0,0,0
schedule_policy,exp08_confirmatory_n8_chain_like_lognormal_19,8,chain_like,lognormal,tied,19,equal_alternating,4,,,,,,,,,-1.632,-0.009714285714285714285714285714,-1.632,-0.009714285714285714285714285714,-1.632,-0.009714285714285714285714285714
schedule_policy,exp08_confirmatory_n8_chain_like_lognormal_19,8,chain_like,lognormal,tied,19,equal_alternating,8,,,,,,,,,-1.632,-0.009714285714285714285714285714,-1.632,-0.009714285714285714285714285714,-1.632,-0.009714285714285714285714285714
differentiated_slowdown,exp08_confirmatory_n8_chain_like_lognormal_19,8,chain_like,lognormal,tied,19,io,4,false,t01->t02->t04->t06->t07->t08 => t01->t02->t04->t06->t07->t08,2.9376,0.01694941658487950024146687230,0.5595,0.5595,2.937600,true,,,,,,
schedule_policy,exp08_confirmatory_n16_wide_layered_homogeneous_00,16,wide_layered,homogeneous,tied,0,io,1,,,,,,,,,0.000,0,0,0,0,0
schedule_policy,exp08_confirmatory_n16_wide_layered_homogeneous_00,16,wide_layered,homogeneous,tied,0,io,4,,,,,,,,,0.531,0.0110625,-0.150,-0.003125,0.650,0.01354166666666666666666666667
schedule_policy,exp08_confirmatory_n16_wide_layered_homogeneous_00,16,wide_layered,homogeneous,tied,0,io,8,,,,,,,,,-2.364,-0.06566666666666666666666666667,-9.610,-0.2669444444444444444444444444,-2.984,-0.08288888888888888888888888889
schedule_policy,exp08_confirmatory_n16_wide_layered_homogeneous_00,16,wide_layered,homogeneous,tied,0,equal_alternating,1,,,,,,,,,0.000,0,0,0,0,0
schedule_policy,exp08_confirmatory_n16_wide_layered_homogeneous_00,16,wide_layered,homogeneous,tied,0,equal_alternating,4,,,,,,,,,0.097,0.002020833333333333333333333333,-0.715,-0.01489583333333333333333333333,0.437,0.009104166666666666666666666667
schedule_policy,exp08_confirmatory_n16_wide_layered_homogeneous_00,16,wide_layered,homogeneous,tied,0,equal_alternating,8,,,,,,,,,-1.180,-0.03277777777777777777777777778,-3.454,-0.09594444444444444444444444444,-1.135,-0.03152777777777777777777777778
differentiated_slowdown,exp08_confirmatory_n16_wide_layered_homogeneous_00,16,wide_layered,homogeneous,tied,0,io,4,true,t01->t12->t16 => t01->t12->t16,2.7648,0.05559845559845559845559845560,2.7648,0.0000,2.764800,true,,,,,,
schedule_policy,exp08_confirmatory_n16_wide_layered_homogeneous_01,16,wide_layered,homogeneous,tied,1,io,1,,,,,,,,,0.000,0,0,0,0,0
schedule_policy,exp08_confirmatory_n16_wide_layered_homogeneous_01,16,wide_layered,homogeneous,tied,1,io,4,,,,,,,,,2.157,0.0449375,2.927,0.06097916666666666666666666667,-0.145,-0.003020833333333333333333333333
schedule_policy,exp08_confirmatory_n16_wide_layered_homogeneous_01,16,wide_layered,homogeneous,tied,1,io,8,,,,,,,,,-2.363,-0.06563888888888888888888888889,-8.476,-0.2354444444444444444444444444,-4.844,-0.1345555555555555555555555556
schedule_policy,exp08_confirmatory_n16_wide_layered_homogeneous_01,16,wide_layered,homogeneous,tied,1,equal_alternating,1,,,,,,,,,0.000,0,0,0,0,0
schedule_policy,exp08_confirmatory_n16_wide_layered_homogeneous_01,16,wide_layered,homogeneous,tied,1,equal_alternating,4,,,,,,,,,0.813,0.0169375,0.357,0.0074375,-1.181,-0.02460416666666666666666666667
schedule_policy,exp08_confirmatory_n16_wide_layered_homogeneous_01,16,wide_layered,homogeneous,tied,1,equal_alternating,8,,,,,,,,,-1.180,-0.03277777777777777777777777778,-4.606,-0.1279444444444444444444444444,-2.801,-0.07780555555555555555555555556
differentiated_slowdown,exp08_confirmatory_n16_wide_layered_homogeneous_01,16,wide_layered,homogeneous,tied,1,io,4,true,t01->t10->t16 => t01->t10->t16,2.7648,0.05559845559845559845559845560,2.7648,0.0000,2.764800,true,,,,,,
schedule_policy,exp08_confirmatory_n16_wide_layered_homogeneous_02,16,wide_layered,homogeneous,tied,2,io,1,,,,,,,,,0.000,0,0,0,0,0
schedule_policy,exp08_confirmatory_n16_wide_layered_homogeneous_02,16,wide_layered,homogeneous,tied,2,io,4,,,,,,,,,0.798,0.016625,-0.147,-0.0030625,0.119,0.002479166666666666666666666667
schedule_policy,exp08_confirmatory_n16_wide_layered_homogeneous_02,16,wide_layered,homogeneous,tied,2,io,8,,,,,,,,,-3.457,-0.09602777777777777777777777778,-9.754,-0.2709444444444444444444444444,-3.515,-0.09763888888888888888888888889
schedule_policy,exp08_confirmatory_n16_wide_layered_homogeneous_02,16,wide_layered,homogeneous,tied,2,equal_alternating,1,,,,,,,,,0.000,0,0,0,0,0
schedule_policy,exp08_confirmatory_n16_wide_layered_homogeneous_02,16,wide_layered,homogeneous,tied,2,equal_alternating,4,,,,,,,,,0.276,0.00575,0.000,0,0.753,0.0156875
schedule_policy,exp08_confirmatory_n16_wide_layered_homogeneous_02,16,wide_layered,homogeneous,tied,2,equal_alternating,8,,,,,,,,,-1.319,-0.03663888888888888888888888889,-4.173,-0.1159166666666666666666666667,-0.228,-0.006333333333333333333333333333
differentiated_slowdown,exp08_confirmatory_n16_wide_layered_homogeneous_02,16,wide_layered,homogeneous,tied,2,io,4,true,t01->t08->t16 => t01->t08->t16,2.7648,0.05559845559845559845559845560,2.7648,0.0000,2.764800,true,,,,,,
schedule_policy,exp08_confirmatory_n16_wide_layered_homogeneous_03,16,wide_layered,homogeneous,tied,3,io,1,,,,,,,,,0.000,0,0,0,0,0
schedule_policy,exp08_confirmatory_n16_wide_layered_homogeneous_03,16,wide_layered,homogeneous,tied,3,io,4,,,,,,,,,0.178,0.003708333333333333333333333333,-1.387,-0.02889583333333333333333333333,-1.743,-0.0363125
schedule_policy,exp08_confirmatory_n16_wide_layered_homogeneous_03,16,wide_layered,homogeneous,tied,3,io,8,,,,,,,,,-3.455,-0.09597222222222222222222222222,-9.121,-0.2533611111111111111111111111,-3.516,-0.09766666666666666666666666667
schedule_policy,exp08_confirmatory_n16_wide_layered_homogeneous_03,16,wide_layered,homogeneous,tied,3,equal_alternating,1,,,,,,,,,0.000,0,0,0,0,0
schedule_policy,exp08_confirmatory_n16_wide_layered_homogeneous_03,16,wide_layered,homogeneous,tied,3,equal_alternating,4,,,,,,,,,0.272,0.005666666666666666666666666667,-0.012,-0.00025,0.874,0.01820833333333333333333333333
schedule_policy,exp08_confirmatory_n16_wide_layered_homogeneous_03,16,wide_layered,homogeneous,tied,3,equal_alternating,8,,,,,,,,,-1.318,-0.03661111111111111111111111111,-4.304,-0.1195555555555555555555555556,-0.227,-0.006305555555555555555555555556
differentiated_slowdown,exp08_confirmatory_n16_wide_layered_homogeneous_03,16,wide_layered,homogeneous,tied,3,io,4,true,t01->t08->t16 => t01->t08->t16,2.7648,0.05559845559845559845559845560,2.7648,0.0000,2.764800,true,,,,,,
schedule_policy,exp08_confirmatory_n16_wide_layered_homogeneous_04,16,wide_layered,homogeneous,tied,4,io,1,,,,,,,,,0.000,0,0,0,0,0
schedule_policy,exp08_confirmatory_n16_wide_layered_homogeneous_04,16,wide_layered,homogeneous,tied,4,io,4,,,,,,,,,0.827,0.01722916666666666666666666667,-0.090,-0.001875,-2.012,-0.04191666666666666666666666667
schedule_policy,exp08_confirmatory_n16_wide_layered_homogeneous_04,16,wide_layered,homogeneous,tied,4,io,8,,,,,,,,,-2.365,-0.06569444444444444444444444444,-8.748,-0.243,-4.844,-0.1345555555555555555555555556
schedule_policy,exp08_confirmatory_n16_wide_layered_homogeneous_04,16,wide_layered,homogeneous,tied,4,equal_alternating,1,,,,,,,,,0.000,0,0,0,0,0
schedule_policy,exp08_confirmatory_n16_wide_layered_homogeneous_04,16,wide_layered,homogeneous,tied,4,equal_alternating,4,,,,,,,,,0.813,0.0169375,0.358,0.007458333333333333333333333333,-0.870,-0.018125
schedule_policy,exp08_confirmatory_n16_wide_layered_homogeneous_04,16,wide_layered,homogeneous,tied,4,equal_alternating,8,,,,,,,,,-1.178,-0.03272222222222222222222222222,-4.516,-0.1254444444444444444444444444,-2.714,-0.07538888888888888888888888889
differentiated_slowdown,exp08_confirmatory_n16_wide_layered_homogeneous_04,16,wide_layered,homogeneous,tied,4,io,4,true,t01->t10->t16 => t01->t10->t16,2.7648,0.05559845559845559845559845560,2.7648,0.0000,2.764800,true,,,,,,
schedule_policy,exp08_confirmatory_n16_wide_layered_homogeneous_05,16,wide_layered,homogeneous,tied,5,io,1,,,,,,,,,0.000,0,0,0,0,0
schedule_policy,exp08_confirmatory_n16_wide_layered_homogeneous_05,16,wide_layered,homogeneous,tied,5,io,4,,,,,,,,,-1.063,-0.02214583333333333333333333333,-3.044,-0.06341666666666666666666666667,-2.009,-0.04185416666666666666666666667
schedule_policy,exp08_confirmatory_n16_wide_layered_homogeneous_05,16,wide_layered,homogeneous,tied,5,io,8,,,,,,,,,-2.896,-0.08044444444444444444444444444,-15.158,-0.4210555555555555555555555556,-5.909,-0.1641388888888888888888888889
schedule_policy,exp08_confirmatory_n16_wide_layered_homogeneous_05,16,wide_layered,homogeneous,tied,5,equal_alternating,1,,,,,,,,,0.000,0,0,0,0,0
schedule_policy,exp08_confirmatory_n16_wide_layered_homogeneous_05,16,wide_layered,homogeneous,tied,5,equal_alternating,4,,,,,,,,,-0.122,-0.002541666666666666666666666667,-1.599,-0.0333125,-1.394,-0.02904166666666666666666666667
schedule_policy,exp08_confirmatory_n16_wide_layered_homogeneous_05,16,wide_layered,homogeneous,tied,5,equal_alternating,8,,,,,,,,,-1.446,-0.04016666666666666666666666667,-6.852,-0.1903333333333333333333333333,-2.420,-0.06722222222222222222222222222
differentiated_slowdown,exp08_confirmatory_n16_wide_layered_homogeneous_05,16,wide_layered,homogeneous,tied,5,io,4,true,t01->t03->t16 => t01->t03->t16,2.7648,0.05559845559845559845559845560,2.7648,0.0000,2.764800,true,,,,,,
schedule_policy,exp08_confirmatory_n16_wide_layered_homogeneous_06,16,wide_layered,homogeneous,tied,6,io,1,,,,,,,,,0.000,0,0,0,0,0
schedule_policy,exp08_confirmatory_n16_wide_layered_homogeneous_06,16,wide_layered,homogeneous,tied,6,io,4,,,,,,,,,1.093,0.02277083333333333333333333333,0.799,0.01664583333333333333333333333,-1.476,-0.03075
schedule_policy,exp08_confirmatory_n16_wide_layered_homogeneous_06,16,wide_layered,homogeneous,tied,6,io,8,,,,,,,,,-2.098,-0.05827777777777777777777777778,-6.179,-0.1716388888888888888888888889,-4.314,-0.1198333333333333333333333333
schedule_policy,exp08_confirmatory_n16_wide_layered_homogeneous_06,16,wide_layered,homogeneous,tied,6,equal_alternating,1,,,,,,,,,0.000,0,0,0,0,0
schedule_policy,exp08_confirmatory_n16_wide_layered_homogeneous_06,16,wide_layered,homogeneous,tied,6,equal_alternating,4,,,,,,,,,0.677,0.01410416666666666666666666667,0.835,0.01739583333333333333333333333,-0.300,-0.00625
schedule_policy,exp08_confirmatory_n16_wide_layered_homogeneous_06,16,wide_layered,homogeneous,tied,6,equal_alternating,8,,,,,,,,,-1.052,-0.02922222222222222222222222222,-3.374,-0.09372222222222222222222222222,-2.301,-0.06391666666666666666666666667
differentiated_slowdown,exp08_confirmatory_n16_wide_layered_homogeneous_06,16,wide_layered,homogeneous,tied,6,io,4,true,t01->t02->t16 => t01->t02->t16,2.7648,0.05559845559845559845559845560,2.7648,0.0000,2.764800,true,,,,,,
schedule_policy,exp08_confirmatory_n16_wide_layered_homogeneous_07,16,wide_layered,homogeneous,tied,7,io,1,,,,,,,,,0.000,0,0,0,0,0
schedule_policy,exp08_confirmatory_n16_wide_layered_homogeneous_07,16,wide_layered,homogeneous,tied,7,io,4,,,,,,,,,-1.063,-0.02214583333333333333333333333,-3.044,-0.06341666666666666666666666667,-2.009,-0.04185416666666666666666666667
schedule_policy,exp08_confirmatory_n16_wide_layered_homogeneous_07,16,wide_layered,homogeneous,tied,7,io,8,,,,,,,,,-2.893,-0.08036111111111111111111111111,-14.788,-0.4107777777777777777777777778,-5.907,-0.1640833333333333333333333333
schedule_policy,exp08_confirmatory_n16_wide_layered_homogeneous_07,16,wide_layered,homogeneous,tied,7,equal_alternating,1,,,,,,,,,0.000,0,0,0,0,0
schedule_policy,exp08_confirmatory_n16_wide_layered_homogeneous_07,16,wide_layered,homogeneous,tied,7,equal_alternating,4,,,,,,,,,-0.432,-0.009,-2.263,-0.04714583333333333333333333333,-2.059,-0.04289583333333333333333333333
schedule_policy,exp08_confirmatory_n16_wide_layered_homogeneous_07,16,wide_layered,homogeneous,tied,7,equal_alternating,8,,,,,,,,,-1.446,-0.04016666666666666666666666667,-6.719,-0.1866388888888888888888888889,-2.422,-0.06727777777777777777777777778
differentiated_slowdown,exp08_confirmatory_n16_wide_layered_homogeneous_07,16,wide_layered,homogeneous,tied,7,io,4,true,t01->t03->t16 => t01->t03->t16,2.7648,0.05559845559845559845559845560,2.7648,0.0000,2.764800,true,,,,,,
schedule_policy,exp08_confirmatory_n16_wide_layered_homogeneous_08,16,wide_layered,homogeneous,tied,8,io,1,,,,,,,,,0.000,0,0,0,0,0
schedule_policy,exp08_confirmatory_n16_wide_layered_homogeneous_08,16,wide_layered,homogeneous,tied,8,io,4,,,,,,,,,0.796,0.01658333333333333333333333333,0.469,0.009770833333333333333333333333,1.004,0.02091666666666666666666666667
schedule_policy,exp08_confirmatory_n16_wide_layered_homogeneous_08,16,wide_layered,homogeneous,tied,8,io,8,,,,,,,,,-3.455,-0.09597222222222222222222222222,-9.746,-0.2707222222222222222222222222,-3.515,-0.09763888888888888888888888889
schedule_policy,exp08_confirmatory_n16_wide_layered_homogeneous_08,16,wide_layered,homogeneous,tied,8,equal_alternating,1,,,,,,,,,0.000,0,0,0,0,0
schedule_policy,exp08_confirmatory_n16_wide_layered_homogeneous_08,16,wide_layered,homogeneous,tied,8,equal_alternating,4,,,,,,,,,0.270,0.005625,-0.328,-0.006833333333333333333333333333,0.559,0.01164583333333333333333333333
schedule_policy,exp08_confirmatory_n16_wide_layered_homogeneous_08,16,wide_layered,homogeneous,tied,8,equal_alternating,8,,,,,,,,,-1.320,-0.03666666666666666666666666667,-4.408,-0.1224444444444444444444444444,-0.099,-0.00275
differentiated_slowdown,exp08_confirmatory_n16_wide_layered_homogeneous_08,16,wide_layered,homogeneous,tied,8,io,4,true,t01->t08->t16 => t01->t08->t16,2.7648,0.05559845559845559845559845560,2.7648,0.0000,2.764800,true,,,,,,
schedule_policy,exp08_confirmatory_n16_wide_layered_homogeneous_09,16,wide_layered,homogeneous,tied,9,io,1,,,,,,,,,0.000,0,0,0,0,0
schedule_policy,exp08_confirmatory_n16_wide_layered_homogeneous_09,16,wide_layered,homogeneous,tied,9,io,4,,,,,,,,,1.625,0.03385416666666666666666666667,0.711,0.0148125,-1.740,-0.03625
schedule_policy,exp08_confirmatory_n16_wide_layered_homogeneous_09,16,wide_layered,homogeneous,tied,9,io,8,,,,,,,,,-2.363,-0.06563888888888888888888888889,-8.484,-0.2356666666666666666666666667,-4.842,-0.1345
schedule_policy,exp08_confirmatory_n16_wide_layered_homogeneous_09,16,wide_layered,homogeneous,tied,9,equal_alternating,1,,,,,,,,,0.000,0,0,0,0,0
schedule_policy,exp08_confirmatory_n16_wide_layered_homogeneous_09,16,wide_layered,homogeneous,tied,9,equal_alternating,4,,,,,,,,,0.810,0.016875,0.348,0.00725,-1.184,-0.02466666666666666666666666667
schedule_policy,exp08_confirmatory_n16_wide_layered_homogeneous_09,16,wide_layered,homogeneous,tied,9,equal_alternating,8,,,,,,,,,-1.182,-0.03283333333333333333333333333,-4.630,-0.1286111111111111111111111111,-2.818,-0.07827777777777777777777777778
differentiated_slowdown,exp08_confirmatory_n16_wide_layered_homogeneous_09,16,wide_layered,homogeneous,tied,9,io,4,true,t01->t10->t16 => t01->t10->t16,2.7648,0.05559845559845559845559845560,2.7648,0.0000,2.764800,true,,,,,,
schedule_policy,exp08_confirmatory_n16_wide_layered_homogeneous_10,16,wide_layered,homogeneous,tied,10,io,1,,,,,,,,,0.000,0,0,0,0,0
schedule_policy,exp08_confirmatory_n16_wide_layered_homogeneous_10,16,wide_layered,homogeneous,tied,10,io,4,,,,,,,,,0.530,0.01104166666666666666666666667,-1.244,-0.02591666666666666666666666667,-2.039,-0.04247916666666666666666666667
schedule_policy,exp08_confirmatory_n16_wide_layered_homogeneous_10,16,wide_layered,homogeneous,tied,10,io,8,,,,,,,,,-3.958,-0.1099444444444444444444444444,-15.922,-0.4422777777777777777777777778,-4.844,-0.1345555555555555555555555556
schedule_policy,exp08_confirmatory_n16_wide_layered_homogeneous_10,16,wide_layered,homogeneous,tied,10,equal_alternating,1,,,,,,,,,0.000,0,0,0,0,0
schedule_policy,exp08_confirmatory_n16_wide_layered_homogeneous_10,16,wide_layered,homogeneous,tied,10,equal_alternating,4,,,,,,,,,0.097,0.002020833333333333333333333333,-0.820,-0.01708333333333333333333333333,-1.991,-0.04147916666666666666666666667
schedule_policy,exp08_confirmatory_n16_wide_layered_homogeneous_10,16,wide_layered,homogeneous,tied,10,equal_alternating,8,,,,,,,,,-1.320,-0.03666666666666666666666666667,-5.081,-0.1411388888888888888888888889,-1.713,-0.04758333333333333333333333333
differentiated_slowdown,exp08_confirmatory_n16_wide_layered_homogeneous_10,16,wide_layered,homogeneous,tied,10,io,4,true,t01->t05->t16 => t01->t05->t16,2.7648,0.05559845559845559845559845560,2.7648,0.0000,2.764800,true,,,,,,
schedule_policy,exp08_confirmatory_n16_wide_layered_homogeneous_11,16,wide_layered,homogeneous,tied,11,io,1,,,,,,,,,0.000,0,0,0,0,0
schedule_policy,exp08_confirmatory_n16_wide_layered_homogeneous_11,16,wide_layered,homogeneous,tied,11,io,4,,,,,,,,,-0.086,-0.001791666666666666666666666667,-1.913,-0.03985416666666666666666666667,-2.004,-0.04175
schedule_policy,exp08_confirmatory_n16_wide_layered_homogeneous_11,16,wide_layered,homogeneous,tied,11,io,8,,,,,,,,,-2.363,-0.06563888888888888888888888889,-9.597,-0.2665833333333333333333333333,-2.984,-0.08288888888888888888888888889
schedule_policy,exp08_confirmatory_n16_wide_layered_homogeneous_11,16,wide_layered,homogeneous,tied,11,equal_alternating,1,,,,,,,,,0.000,0,0,0,0,0
schedule_policy,exp08_confirmatory_n16_wide_layered_homogeneous_11,16,wide_layered,homogeneous,tied,11,equal_alternating,4,,,,,,,,,0.405,0.0084375,0.783,0.0163125,1.534,0.03195833333333333333333333333
schedule_policy,exp08_confirmatory_n16_wide_layered_homogeneous_11,16,wide_layered,homogeneous,tied,11,equal_alternating,8,,,,,,,,,-1.181,-0.03280555555555555555555555556,-3.502,-0.09727777777777777777777777778,-0.197,-0.005472222222222222222222222222
differentiated_slowdown,exp08_confirmatory_n16_wide_layered_homogeneous_11,16,wide_layered,homogeneous,tied,11,io,4,true,t01->t12->t16 => t01->t12->t16,2.7648,0.05559845559845559845559845560,2.7648,0.0000,2.764800,true,,,,,,
schedule_policy,exp08_confirmatory_n16_wide_layered_homogeneous_12,16,wide_layered,homogeneous,tied,12,io,1,,,,,,,,,0.000,0,0,0,0,0
schedule_policy,exp08_confirmatory_n16_wide_layered_homogeneous_12,16,wide_layered,homogeneous,tied,12,io,4,,,,,,,,,-1.063,-0.02214583333333333333333333333,-3.838,-0.07995833333333333333333333333,-2.805,-0.0584375
schedule_policy,exp08_confirmatory_n16_wide_layered_homogeneous_12,16,wide_layered,homogeneous,tied,12,io,8,,,,,,,,,-2.896,-0.08044444444444444444444444444,-15.422,-0.4283888888888888888888888889,-5.907,-0.1640833333333333333333333333
schedule_policy,exp08_confirmatory_n16_wide_layered_homogeneous_12,16,wide_layered,homogeneous,tied,12,equal_alternating,1,,,,,,,,,0.000,0,0,0,0,0
schedule_policy,exp08_confirmatory_n16_wide_layered_homogeneous_12,16,wide_layered,homogeneous,tied,12,equal_alternating,4,,,,,,,,,-0.123,-0.0025625,-1.510,-0.03145833333333333333333333333,-0.994,-0.02070833333333333333333333333
schedule_policy,exp08_confirmatory_n16_wide_layered_homogeneous_12,16,wide_layered,homogeneous,tied,12,equal_alternating,8,,,,,,,,,-1.448,-0.04022222222222222222222222222,-6.720,-0.1866666666666666666666666667,-2.413,-0.06702777777777777777777777778
differentiated_slowdown,exp08_confirmatory_n16_wide_layered_homogeneous_12,16,wide_layered,homogeneous,tied,12,io,4,true,t01->t03->t16 => t01->t03->t16,2.7648,0.05559845559845559845559845560,2.7648,0.0000,2.764800,true,,,,,,
schedule_policy,exp08_confirmatory_n16_wide_layered_homogeneous_13,16,wide_layered,homogeneous,tied,13,io,1,,,,,,,,,0.000,0,0,0,0,0
schedule_policy,exp08_confirmatory_n16_wide_layered_homogeneous_13,16,wide_layered,homogeneous,tied,13,io,4,,,,,,,,,-0.798,-0.016625,-0.920,-0.01916666666666666666666666667,-0.419,-0.008729166666666666666666666667
schedule_policy,exp08_confirmatory_n16_wide_layered_homogeneous_13,16,wide_layered,homogeneous,tied,13,io,8,,,,,,,,,-3.724,-0.1034444444444444444444444444,-13.925,-0.3868055555555555555555555556,-3.814,-0.1059444444444444444444444444
schedule_policy,exp08_confirmatory_n16_wide_layered_homogeneous_13,16,wide_layered,homogeneous,tied,13,equal_alternating,1,,,,,,,,,0.000,0,0,0,0,0
schedule_policy,exp08_confirmatory_n16_wide_layered_homogeneous_13,16,wide_layered,homogeneous,tied,13,equal_alternating,4,,,,,,,,,0.407,0.008479166666666666666666666667,0.651,0.0135625,0.593,0.01235416666666666666666666667
schedule_policy,exp08_confirmatory_n16_wide_layered_homogeneous_13,16,wide_layered,homogeneous,tied,13,equal_alternating,8,,,,,,,,,-1.452,-0.04033333333333333333333333333,-6.923,-0.1923055555555555555555555556,-0.402,-0.01116666666666666666666666667
differentiated_slowdown,exp08_confirmatory_n16_wide_layered_homogeneous_13,16,wide_layered,homogeneous,tied,13,io,4,true,t01->t15->t16 => t01->t15->t16,2.7648,0.05559845559845559845559845560,2.7648,0.0000,2.764800,true,,,,,,
schedule_policy,exp08_confirmatory_n16_wide_layered_homogeneous_14,16,wide_layered,homogeneous,tied,14,io,1,,,,,,,,,0.000,0,0,0,0,0
schedule_policy,exp08_confirmatory_n16_wide_layered_homogeneous_14,16,wide_layered,homogeneous,tied,14,io,4,,,,,,,,,0.797,0.01660416666666666666666666667,-0.148,-0.003083333333333333333333333333,-0.502,-0.01045833333333333333333333333
schedule_policy,exp08_confirmatory_n16_wide_layered_homogeneous_14,16,wide_layered,homogeneous,tied,14,io,8,,,,,,,,,-3.457,-0.09602777777777777777777777778,-9.137,-0.2538055555555555555555555556,-3.517,-0.09769444444444444444444444444
schedule_policy,exp08_confirmatory_n16_wide_layered_homogeneous_14,16,wide_layered,homogeneous,tied,14,equal_alternating,1,,,,,,,,,0.000,0,0,0,0,0
schedule_policy,exp08_confirmatory_n16_wide_layered_homogeneous_14,16,wide_layered,homogeneous,tied,14,equal_alternating,4,,,,,,,,,0.276,0.00575,0.002,0.00004166666666666666666666666667,0.753,0.0156875
schedule_policy,exp08_confirmatory_n16_wide_layered_homogeneous_14,16,wide_layered,homogeneous,tied,14,equal_alternating,8,,,,,,,,,-1.321,-0.03669444444444444444444444444,-4.185,-0.11625,-0.229,-0.006361111111111111111111111111
differentiated_slowdown,exp08_confirmatory_n16_wide_layered_homogeneous_14,16,wide_layered,homogeneous,tied,14,io,4,true,t01->t08->t16 => t01->t08->t16,2.7648,0.05559845559845559845559845560,2.7648,0.0000,2.764800,true,,,,,,
schedule_policy,exp08_confirmatory_n16_wide_layered_homogeneous_15,16,wide_layered,homogeneous,tied,15,io,1,,,,,,,,,0.000,0,0,0,0,0
schedule_policy,exp08_confirmatory_n16_wide_layered_homogeneous_15,16,wide_layered,homogeneous,tied,15,io,4,,,,,,,,,-0.888,-0.0185,-0.828,-0.01725,-0.591,-0.0123125
schedule_policy,exp08_confirmatory_n16_wide_layered_homogeneous_15,16,wide_layered,homogeneous,tied,15,io,8,,,,,,,,,-3.986,-0.1107222222222222222222222222,-11.870,-0.3297222222222222222222222222,-3.779,-0.1049722222222222222222222222
schedule_policy,exp08_confirmatory_n16_wide_layered_homogeneous_15,16,wide_layered,homogeneous,tied,15,equal_alternating,1,,,,,,,,,0.000,0,0,0,0,0
schedule_policy,exp08_confirmatory_n16_wide_layered_homogeneous_15,16,wide_layered,homogeneous,tied,15,equal_alternating,4,,,,,,,,,-0.477,-0.0099375,-1.198,-0.02495833333333333333333333333,-1.392,-0.029
schedule_policy,exp08_confirmatory_n16_wide_layered_homogeneous_15,16,wide_layered,homogeneous,tied,15,equal_alternating,8,,,,,,,,,-1.453,-0.04036111111111111111111111111,-6.047,-0.1679722222222222222222222222,-0.379,-0.01052777777777777777777777778
differentiated_slowdown,exp08_confirmatory_n16_wide_layered_homogeneous_15,16,wide_layered,homogeneous,tied,15,io,4,true,t01->t07->t16 => t01->t07->t16,2.7648,0.05559845559845559845559845560,2.7648,0.0000,2.764800,true,,,,,,
schedule_policy,exp08_confirmatory_n16_wide_layered_homogeneous_16,16,wide_layered,homogeneous,tied,16,io,1,,,,,,,,,0.000,0,0,0,0,0
schedule_policy,exp08_confirmatory_n16_wide_layered_homogeneous_16,16,wide_layered,homogeneous,tied,16,io,4,,,,,,,,,0.799,0.01664583333333333333333333333,0.475,0.009895833333333333333333333333,0.118,0.002458333333333333333333333333
schedule_policy,exp08_confirmatory_n16_wide_layered_homogeneous_16,16,wide_layered,homogeneous,tied,16,io,8,,,,,,,,,-3.454,-0.09594444444444444444444444444,-8.495,-0.2359722222222222222222222222,-3.507,-0.09741666666666666666666666667
schedule_policy,exp08_confirmatory_n16_wide_layered_homogeneous_16,16,wide_layered,homogeneous,tied,16,equal_alternating,1,,,,,,,,,0.000,0,0,0,0,0
schedule_policy,exp08_confirmatory_n16_wide_layered_homogeneous_16,16,wide_layered,homogeneous,tied,16,equal_alternating,4,,,,,,,,,0.276,0.00575,0.000,0,0.886,0.01845833333333333333333333333
schedule_policy,exp08_confirmatory_n16_wide_layered_homogeneous_16,16,wide_layered,homogeneous,tied,16,equal_alternating,8,,,,,,,,,-1.321,-0.03669444444444444444444444444,-4.187,-0.1163055555555555555555555556,-0.226,-0.006277777777777777777777777778
differentiated_slowdown,exp08_confirmatory_n16_wide_layered_homogeneous_16,16,wide_layered,homogeneous,tied,16,io,4,true,t01->t08->t16 => t01->t08->t16,2.7648,0.05559845559845559845559845560,2.7648,0.0000,2.764800,true,,,,,,
schedule_policy,exp08_confirmatory_n16_wide_layered_homogeneous_17,16,wide_layered,homogeneous,tied,17,io,1,,,,,,,,,0.000,0,0,0,0,0
schedule_policy,exp08_confirmatory_n16_wide_layered_homogeneous_17,16,wide_layered,homogeneous,tied,17,io,4,,,,,,,,,1.092,0.02275,0.530,0.01104166666666666666666666667,-1.744,-0.03633333333333333333333333333
schedule_policy,exp08_confirmatory_n16_wide_layered_homogeneous_17,16,wide_layered,homogeneous,tied,17,io,8,,,,,,,,,-2.096,-0.05822222222222222222222222222,-6.164,-0.1712222222222222222222222222,-4.311,-0.11975
schedule_policy,exp08_confirmatory_n16_wide_layered_homogeneous_17,16,wide_layered,homogeneous,tied,17,equal_alternating,1,,,,,,,,,0.000,0,0,0,0,0
schedule_policy,exp08_confirmatory_n16_wide_layered_homogeneous_17,16,wide_layered,homogeneous,tied,17,equal_alternating,4,,,,,,,,,0.546,0.011375,0.709,0.01477083333333333333333333333,-0.428,-0.008916666666666666666666666667
schedule_policy,exp08_confirmatory_n16_wide_layered_homogeneous_17,16,wide_layered,homogeneous,tied,17,equal_alternating,8,,,,,,,,,-1.048,-0.02911111111111111111111111111,-3.214,-0.08927777777777777777777777778,-2.291,-0.06363888888888888888888888889
differentiated_slowdown,exp08_confirmatory_n16_wide_layered_homogeneous_17,16,wide_layered,homogeneous,tied,17,io,4,true,t01->t02->t16 => t01->t02->t16,2.7648,0.05559845559845559845559845560,2.7648,0.0000,2.764800,true,,,,,,
schedule_policy,exp08_confirmatory_n16_wide_layered_homogeneous_18,16,wide_layered,homogeneous,tied,18,io,1,,,,,,,,,0.000,0,0,0,0,0
schedule_policy,exp08_confirmatory_n16_wide_layered_homogeneous_18,16,wide_layered,homogeneous,tied,18,io,4,,,,,,,,,-1.063,-0.02214583333333333333333333333,-1.451,-0.03022916666666666666666666667,-1.481,-0.03085416666666666666666666667
schedule_policy,exp08_confirmatory_n16_wide_layered_homogeneous_18,16,wide_layered,homogeneous,tied,18,io,8,,,,,,,,,-2.363,-0.06563888888888888888888888889,-9.836,-0.2732222222222222222222222222,-4.045,-0.1123611111111111111111111111
schedule_policy,exp08_confirmatory_n16_wide_layered_homogeneous_18,16,wide_layered,homogeneous,tied,18,equal_alternating,1,,,,,,,,,0.000,0,0,0,0,0
schedule_policy,exp08_confirmatory_n16_wide_layered_homogeneous_18,16,wide_layered,homogeneous,tied,18,equal_alternating,4,,,,,,,,,0.410,0.008541666666666666666666666667,0.395,0.008229166666666666666666666667,0.072,0.0015
schedule_policy,exp08_confirmatory_n16_wide_layered_homogeneous_18,16,wide_layered,homogeneous,tied,18,equal_alternating,8,,,,,,,,,-1.184,-0.03288888888888888888888888889,-3.951,-0.10975,-1.575,-0.04375
differentiated_slowdown,exp08_confirmatory_n16_wide_layered_homogeneous_18,16,wide_layered,homogeneous,tied,18,io,4,true,t01->t11->t16 => t01->t11->t16,2.7648,0.05559845559845559845559845560,2.7648,0.0000,2.764800,true,,,,,,
schedule_policy,exp08_confirmatory_n16_wide_layered_homogeneous_19,16,wide_layered,homogeneous,tied,19,io,1,,,,,,,,,0.000,0,0,0,0,0
schedule_policy,exp08_confirmatory_n16_wide_layered_homogeneous_19,16,wide_layered,homogeneous,tied,19,io,4,,,,,,,,,-1.064,-0.02216666666666666666666666667,-1.450,-0.03020833333333333333333333333,-1.478,-0.03079166666666666666666666667
schedule_policy,exp08_confirmatory_n16_wide_layered_homogeneous_19,16,wide_layered,homogeneous,tied,19,io,8,,,,,,,,,-2.363,-0.06563888888888888888888888889,-9.843,-0.2734166666666666666666666667,-4.049,-0.1124722222222222222222222222
schedule_policy,exp08_confirmatory_n16_wide_layered_homogeneous_19,16,wide_layered,homogeneous,tied,19,equal_alternating,1,,,,,,,,,0.000,0,0,0,0,0
schedule_policy,exp08_confirmatory_n16_wide_layered_homogeneous_19,16,wide_layered,homogeneous,tied,19,equal_alternating,4,,,,,,,,,0.143,0.002979166666666666666666666667,-0.181,-0.003770833333333333333333333333,-0.197,-0.004104166666666666666666666667
schedule_policy,exp08_confirmatory_n16_wide_layered_homogeneous_19,16,wide_layered,homogeneous,tied,19,equal_alternating,8,,,,,,,,,-1.183,-0.03286111111111111111111111111,-4.266,-0.1185,-1.366,-0.03794444444444444444444444444
differentiated_slowdown,exp08_confirmatory_n16_wide_layered_homogeneous_19,16,wide_layered,homogeneous,tied,19,io,4,true,t01->t11->t16 => t01->t11->t16,2.7648,0.05559845559845559845559845560,2.7648,0.0000,2.764800,true,,,,,,
schedule_policy,exp08_confirmatory_n16_wide_layered_lognormal_00,16,wide_layered,lognormal,unique,0,io,1,,,,,,,,,0.000,0,0,0,0,0
schedule_policy,exp08_confirmatory_n16_wide_layered_lognormal_00,16,wide_layered,lognormal,unique,0,io,4,,,,,,,,,1.824,0.019,20.640,0.215,0.192,0.002
schedule_policy,exp08_confirmatory_n16_wide_layered_lognormal_00,16,wide_layered,lognormal,unique,0,io,8,,,,,,,,,2.976,0.031,0.768,0.008,-8.544,-0.089
schedule_policy,exp08_confirmatory_n16_wide_layered_lognormal_00,16,wide_layered,lognormal,unique,0,equal_alternating,1,,,,,,,,,0.000,0,0,0,0,0
schedule_policy,exp08_confirmatory_n16_wide_layered_lognormal_00,16,wide_layered,lognormal,unique,0,equal_alternating,4,,,,,,,,,7.104,0.074,25.888,0.2696666666666666666666666667,5.712,0.0595
schedule_policy,exp08_confirmatory_n16_wide_layered_lognormal_00,16,wide_layered,lognormal,unique,0,equal_alternating,8,,,,,,,,,7.184,0.07483333333333333333333333333,43.616,0.4543333333333333333333333333,2.912,0.03033333333333333333333333333
differentiated_slowdown,exp08_confirmatory_n16_wide_layered_lognormal_00,16,wide_layered,lognormal,unique,0,io,4,true,t01->t11->t16 => t01->t11->t16,5.5296,0.05521472392638036809815950920,5.5296,5.5296,5.529600,true,,,,,,
schedule_policy,exp08_confirmatory_n16_wide_layered_lognormal_01,16,wide_layered,lognormal,tied,1,io,1,,,,,,,,,0.000,0,0,0,0,0
schedule_policy,exp08_confirmatory_n16_wide_layered_lognormal_01,16,wide_layered,lognormal,tied,1,io,4,,,,,,,,,10.450,0.09414414414414414414414414414,39.961,0.3600090090090090090090090090,14.894,0.1341801801801801801801801802
schedule_policy,exp08_confirmatory_n16_wide_layered_lognormal_01,16,wide_layered,lognormal,tied,1,io,8,,,,,,,,,6.707,0.06986458333333333333333333333,46.452,0.483875,-2.156,-0.02245833333333333333333333333
schedule_policy,exp08_confirmatory_n16_wide_layered_lognormal_01,16,wide_layered,lognormal,tied,1,equal_alternating,1,,,,,,,,,0.000,0,0,0,0,0
schedule_policy,exp08_confirmatory_n16_wide_layered_lognormal_01,16,wide_layered,lognormal,tied,1,equal_alternating,4,,,,,,,,,8.260,0.07441441441441441441441441441,19.029,0.1714324324324324324324324324,11.240,0.1012612612612612612612612613
schedule_policy,exp08_confirmatory_n16_wide_layered_lognormal_01,16,wide_layered,lognormal,tied,1,equal_alternating,8,,,,,,,,,6.686,0.06964583333333333333333333333,29.889,0.31134375,-1.271,-0.01323958333333333333333333333
differentiated_slowdown,exp08_confirmatory_n16_wide_layered_lognormal_01,16,wide_layered,lognormal,tied,1,io,4,true,t01->t04->t16 => t01->t04->t16,6.3936,0.05559845559845559845559845560,6.3936,0.0000,6.393600,true,,,,,,
schedule_policy,exp08_confirmatory_n16_wide_layered_lognormal_02,16,wide_layered,lognormal,unique,2,io,1,,,,,,,,,0.000,0,0,0,0,0
schedule_policy,exp08_confirmatory_n16_wide_layered_lognormal_02,16,wide_layered,lognormal,unique,2,io,4,,,,,,,,,-1.633,-0.01265891472868217054263565891,-7.051,-0.05465891472868217054263565891,-8.715,-0.06755813953488372093023255814
schedule_policy,exp08_confirmatory_n16_wide_layered_lognormal_02,16,wide_layered,lognormal,unique,2,io,8,,,,,,,,,0.468,0.0039,-1.624,-0.01353333333333333333333333333,-10.047,-0.083725
schedule_policy,exp08_confirmatory_n16_wide_layered_lognormal_02,16,wide_layered,lognormal,unique,2,equal_alternating,1,,,,,,,,,0.000,0,0,0,0,0
schedule_policy,exp08_confirmatory_n16_wide_layered_lognormal_02,16,wide_layered,lognormal,unique,2,equal_alternating,4,,,,,,,,,6.026,0.04671317829457364341085271318,17.573,0.1362248062015503875968992248,-1.020,-0.007906976744186046511627906977
schedule_policy,exp08_confirmatory_n16_wide_layered_lognormal_02,16,wide_layered,lognormal,unique,2,equal_alternating,8,,,,,,,,,8.507,0.07089166666666666666666666667,34.463,0.2871916666666666666666666667,-3.785,-0.03154166666666666666666666667
differentiated_slowdown,exp08_confirmatory_n16_wide_layered_lognormal_02,16,wide_layered,lognormal,unique,2,io,4,true,t01->t07->t16 => t01->t07->t16,7.4304,0.05559845559845559845559845560,7.4304,0.0000,7.430400,true,,,,,,
schedule_policy,exp08_confirmatory_n16_wide_layered_lognormal_03,16,wide_layered,lognormal,unique,3,io,1,,,,,,,,,0.000,0,0,0,0,0
schedule_policy,exp08_confirmatory_n16_wide_layered_lognormal_03,16,wide_layered,lognormal,unique,3,io,4,,,,,,,,,2.280,0.02111111111111111111111111111,13.504,0.1250370370370370370370370370,-3.518,-0.03257407407407407407407407407
schedule_policy,exp08_confirmatory_n16_wide_layered_lognormal_03,16,wide_layered,lognormal,unique,3,io,8,,,,,,,,,4.837,0.05038541666666666666666666667,-14.503,-0.1510729166666666666666666667,-13.054,-0.1359791666666666666666666667
schedule_policy,exp08_confirmatory_n16_wide_layered_lognormal_03,16,wide_layered,lognormal,unique,3,equal_alternating,1,,,,,,,,,0.000,0,0,0,0,0
schedule_policy,exp08_confirmatory_n16_wide_layered_lognormal_03,16,wide_layered,lognormal,unique,3,equal_alternating,4,,,,,,,,,9.083,0.08410185185185185185185185185,30.169,0.2793425925925925925925925926,8.672,0.08029629629629629629629629630
schedule_policy,exp08_confirmatory_n16_wide_layered_lognormal_03,16,wide_layered,lognormal,unique,3,equal_alternating,8,,,,,,,,,8.953,0.09326041666666666666666666667,38.465,0.4006770833333333333333333333,-2.032,-0.02116666666666666666666666667
differentiated_slowdown,exp08_confirmatory_n16_wide_layered_lognormal_03,16,wide_layered,lognormal,unique,3,io,4,true,t01->t02->t16 => t01->t02->t16,6.2208,0.05559845559845559845559845560,6.2208,0.0000,6.220800,true,,,,,,
schedule_policy,exp08_confirmatory_n16_wide_layered_lognormal_04,16,wide_layered,lognormal,unique,4,io,1,,,,,,,,,0.000,0,0,0,0,0
schedule_policy,exp08_confirmatory_n16_wide_layered_lognormal_04,16,wide_layered,lognormal,unique,4,io,4,,,,,,,,,4.064,0.04105050505050505050505050505,4.596,0.04642424242424242424242424242,-7.662,-0.07739393939393939393939393939
schedule_policy,exp08_confirmatory_n16_wide_layered_lognormal_04,16,wide_layered,lognormal,unique,4,io,8,,,,,,,,,-2.754,-0.03278571428571428571428571429,-9.313,-0.1108690476190476190476190476,-9.819,-0.1168928571428571428571428571
schedule_policy,exp08_confirmatory_n16_wide_layered_lognormal_04,16,wide_layered,lognormal,unique,4,equal_alternating,1,,,,,,,,,0.000,0,0,0,0,0
schedule_policy,exp08_confirmatory_n16_wide_layered_lognormal_04,16,wide_layered,lognormal,unique,4,equal_alternating,4,,,,,,,,,11.199,0.1131212121212121212121212121,30.058,0.3036161616161616161616161616,9.030,0.09121212121212121212121212121
schedule_policy,exp08_confirmatory_n16_wide_layered_lognormal_04,16,wide_layered,lognormal,unique,4,equal_alternating,8,,,,,,,,,3.960,0.04714285714285714285714285714,37.243,0.4433690476190476190476190476,-1.954,-0.02326190476190476190476190476
differentiated_slowdown,exp08_confirmatory_n16_wide_layered_lognormal_04,16,wide_layered,lognormal,unique,4,io,4,true,t01->t14->t16 => t01->t14->t16,5.7024,0.05559845559845559845559845560,5.7024,0.0000,5.702400,true,,,,,,
schedule_policy,exp08_confirmatory_n16_wide_layered_lognormal_05,16,wide_layered,lognormal,tied,5,io,1,,,,,,,,,0.000,0,0,0,0,0
schedule_policy,exp08_confirmatory_n16_wide_layered_lognormal_05,16,wide_layered,lognormal,tied,5,io,4,,,,,,,,,8.671,0.07811711711711711711711711712,27.066,0.2438378378378378378378378378,15.141,0.1364054054054054054054054054
schedule_policy,exp08_confirmatory_n16_wide_layered_lognormal_05,16,wide_layered,lognormal,tied,5,io,8,,,,,,,,,7.104,0.06577777777777777777777777778,48.628,0.4502592592592592592592592593,5.078,0.04701851851851851851851851852
schedule_policy,exp08_confirmatory_n16_wide_layered_lognormal_05,16,wide_layered,lognormal,tied,5,equal_alternating,1,,,,,,,,,0.000,0,0,0,0,0
schedule_policy,exp08_confirmatory_n16_wide_layered_lognormal_05,16,wide_layered,lognormal,tied,5,equal_alternating,4,,,,,,,,,10.585,0.09536036036036036036036036036,33.952,0.3058738738738738738738738739,21.873,0.1970540540540540540540540541
schedule_policy,exp08_confirmatory_n16_wide_layered_lognormal_05,16,wide_layered,lognormal,tied,5,equal_alternating,8,,,,,,,,,1.776,0.01644444444444444444444444444,40.782,0.3776111111111111111111111111,2.317,0.02145370370370370370370370370
differentiated_slowdown,exp08_confirmatory_n16_wide_layered_lognormal_05,16,wide_layered,lognormal,tied,5,io,4,true,t01->t04->t16 => t01->t04->t16,6.3936,0.05559845559845559845559845560,6.3936,4.1928,6.393600,true,,,,,,
schedule_policy,exp08_confirmatory_n16_wide_layered_lognormal_06,16,wide_layered,lognormal,unique,6,io,1,,,,,,,,,0.000,0,0,0,0,0
schedule_policy,exp08_confirmatory_n16_wide_layered_lognormal_06,16,wide_layered,lognormal,unique,6,io,4,,,,,,,,,-0.780,-0.0065,-4.290,-0.03575,-8.250,-0.06875
schedule_policy,exp08_confirmatory_n16_wide_layered_lognormal_06,16,wide_layered,lognormal,unique,6,io,8,,,,,,,,,-5.010,-0.0521875,-14.370,-0.1496875,-12.780,-0.133125
schedule_policy,exp08_confirmatory_n16_wide_layered_lognormal_06,16,wide_layered,lognormal,unique,6,equal_alternating,1,,,,,,,,,0.000,0,0,0,0,0
schedule_policy,exp08_confirmatory_n16_wide_layered_lognormal_06,16,wide_layered,lognormal,unique,6,equal_alternating,4,,,,,,,,,7.720,0.06433333333333333333333333333,18.210,0.15175,3.455,0.02879166666666666666666666667
schedule_policy,exp08_confirmatory_n16_wide_layered_lognormal_06,16,wide_layered,lognormal,unique,6,equal_alternating,8,,,,,,,,,8.830,0.09197916666666666666666666667,51.340,0.5347916666666666666666666667,0.150,0.0015625
differentiated_slowdown,exp08_confirmatory_n16_wide_layered_lognormal_06,16,wide_layered,lognormal,unique,6,io,4,true,t01->t11->t16 => t01->t11->t16,6.9120,0.05559845559845559845559845560,6.9120,0.0000,6.912000,true,,,,,,
schedule_policy,exp08_confirmatory_n16_wide_layered_lognormal_07,16,wide_layered,lognormal,tied,7,io,1,,,,,,,,,0.000,0,0,0,0,0
schedule_policy,exp08_confirmatory_n16_wide_layered_lognormal_07,16,wide_layered,lognormal,tied,7,io,4,,,,,,,,,-4.032,-0.03733333333333333333333333333,-13.056,-0.1208888888888888888888888889,-8.736,-0.08088888888888888888888888889
schedule_policy,exp08_confirmatory_n16_wide_layered_lognormal_07,16,wide_layered,lognormal,tied,7,io,8,,,,,,,,,-4.032,-0.03733333333333333333333333333,-50.208,-0.4648888888888888888888888889,-13.056,-0.1208888888888888888888888889
schedule_policy,exp08_confirmatory_n16_wide_layered_lognormal_07,16,wide_layered,lognormal,tied,7,equal_alternating,1,,,,,,,,,0.000,0,0,0,0,0
schedule_policy,exp08_confirmatory_n16_wide_layered_lognormal_07,16,wide_layered,lognormal,tied,7,equal_alternating,4,,,,,,,,,-0.864,-0.008,-6.400,-0.05925925925925925925925925926,-4.720,-0.04370370370370370370370370370
schedule_policy,exp08_confirmatory_n16_wide_layered_lognormal_07,16,wide_layered,lognormal,tied,7,equal_alternating,8,,,,,,,,,2.576,0.02385185185185185185185185185,5.392,0.04992592592592592592592592593,-2.992,-0.02770370370370370370370370370
differentiated_slowdown,exp08_confirmatory_n16_wide_layered_lognormal_07,16,wide_layered,lognormal,tied,7,io,4,true,t01->t06->t16 => t01->t06->t16,6.2208,0.05521472392638036809815950920,6.2208,6.2208,6.220800,true,,,,,,
schedule_policy,exp08_confirmatory_n16_wide_layered_lognormal_08,16,wide_layered,lognormal,tied,8,io,1,,,,,,,,,0.000,0,0,0,0,0
schedule_policy,exp08_confirmatory_n16_wide_layered_lognormal_08,16,wide_layered,lognormal,tied,8,io,4,,,,,,,,,-2.430,-0.02314285714285714285714285714,-11.670,-0.1111428571428571428571428571,-8.790,-0.08371428571428571428571428571
schedule_policy,exp08_confirmatory_n16_wide_layered_lognormal_08,16,wide_layered,lognormal,tied,8,io,8,,,,,,,,,-9.150,-0.1089285714285714285714285714,-54.990,-0.6546428571428571428571428571,-14.190,-0.1689285714285714285714285714
schedule_policy,exp08_confirmatory_n16_wide_layered_lognormal_08,16,wide_layered,lognormal,tied,8,equal_alternating,1,,,,,,,,,0.000,0,0,0,0,0
schedule_policy,exp08_confirmatory_n16_wide_layered_lognormal_08,16,wide_layered,lognormal,tied,8,equal_alternating,4,,,,,,,,,-1.355,-0.01290476190476190476190476190,-6.350,-0.06047619047619047619047619048,-4.910,-0.04676190476190476190476190476
schedule_policy,exp08_confirmatory_n16_wide_layered_lognormal_08,16,wide_layered,lognormal,tied,8,equal_alternating,8,,,,,,,,,0.405,0.004821428571428571428571428571,6.810,0.08107142857142857142857142857,-5.865,-0.06982142857142857142857142857
differentiated_slowdown,exp08_confirmatory_n16_wide_layered_lognormal_08,16,wide_layered,lognormal,tied,8,io,4,true,t01->t10->t16 => t01->t10->t16,6.0480,0.05559845559845559845559845560,6.0480,0.0000,6.048000,true,,,,,,
schedule_policy,exp08_confirmatory_n16_wide_layered_lognormal_09,16,wide_layered,lognormal,unique,9,io,1,,,,,,,,,0.000,0,0,0,0,0
schedule_policy,exp08_confirmatory_n16_wide_layered_lognormal_09,16,wide_layered,lognormal,unique,9,io,4,,,,,,,,,2.421,0.01834090909090909090909090909,14.397,0.1090681818181818181818181818,1.891,0.01432575757575757575757575758
schedule_policy,exp08_confirmatory_n16_wide_layered_lognormal_09,16,wide_layered,lognormal,unique,9,io,8,,,,,,,,,0.091,0.0006893939393939393939393939394,34.642,0.2624393939393939393939393939,-6.430,-0.04871212121212121212121212121
schedule_policy,exp08_confirmatory_n16_wide_layered_lognormal_09,16,wide_layered,lognormal,unique,9,equal_alternating,1,,,,,,,,,0.000,0,0,0,0,0
schedule_policy,exp08_confirmatory_n16_wide_layered_lognormal_09,16,wide_layered,lognormal,unique,9,equal_alternating,4,,,,,,,,,1.928,0.01460606060606060606060606061,13.088,0.09915151515151515151515151515,4.423,0.03350757575757575757575757576
schedule_policy,exp08_confirmatory_n16_wide_layered_lognormal_09,16,wide_layered,lognormal,unique,9,equal_alternating,8,,,,,,,,,0.723,0.005477272727272727272727272727,20.445,0.1548863636363636363636363636,1.466,0.01110606060606060606060606061
differentiated_slowdown,exp08_confirmatory_n16_wide_layered_lognormal_09,16,wide_layered,lognormal,unique,9,io,4,true,t01->t03->t16 => t01->t03->t16,7.0848,0.05159576327472296990247142308,7.0848,7.0848,7.084800,true,,,,,,
schedule_policy,exp08_confirmatory_n16_wide_layered_lognormal_10,16,wide_layered,lognormal,tied,10,io,1,,,,,,,,,0.000,0,0,0,0,0
schedule_policy,exp08_confirmatory_n16_wide_layered_lognormal_10,16,wide_layered,lognormal,tied,10,io,4,,,,,,,,,-5.134,-0.05520430107526881720430107527,-19.744,-0.2123010752688172043010752688,-9.290,-0.09989247311827956989247311828
schedule_policy,exp08_confirmatory_n16_wide_layered_lognormal_10,16,wide_layered,lognormal,tied,10,io,8,,,,,,,,,-2.902,-0.04836666666666666666666666667,-43.946,-0.7324333333333333333333333333,-10.919,-0.1819833333333333333333333333
schedule_policy,exp08_confirmatory_n16_wide_layered_lognormal_10,16,wide_layered,lognormal,tied,10,equal_alternating,1,,,,,,,,,0.000,0,0,0,0,0
schedule_policy,exp08_confirmatory_n16_wide_layered_lognormal_10,16,wide_layered,lognormal,tied,10,equal_alternating,4,,,,,,,,,-0.129,-0.001387096774193548387096774194,-1.861,-0.02001075268817204301075268817,-0.886,-0.009526881720430107526881720430
schedule_policy,exp08_confirmatory_n16_wide_layered_lognormal_10,16,wide_layered,lognormal,tied,10,equal_alternating,8,,,,,,,,,4.160,0.06933333333333333333333333333,-4.093,-0.06821666666666666666666666667,-4.953,-0.08255
differentiated_slowdown,exp08_confirmatory_n16_wide_layered_lognormal_10,16,wide_layered,lognormal,tied,10,io,4,true,t01->t11->t16 => t01->t11->t16,5.3568,0.05559845559845559845559845560,5.3568,0.0000,5.356800,true,,,,,,
schedule_policy,exp08_confirmatory_n16_wide_layered_lognormal_11,16,wide_layered,lognormal,unique,11,io,1,,,,,,,,,0.000,0,0,0,0,0
schedule_policy,exp08_confirmatory_n16_wide_layered_lognormal_11,16,wide_layered,lognormal,unique,11,io,4,,,,,,,,,10.241,0.09482407407407407407407407407,25.418,0.2353518518518518518518518519,11.732,0.1086296296296296296296296296
schedule_policy,exp08_confirmatory_n16_wide_layered_lognormal_11,16,wide_layered,lognormal,unique,11,io,8,,,,,,,,,2.823,0.02940625,22.390,0.2332291666666666666666666667,-1.827,-0.01903125
schedule_policy,exp08_confirmatory_n16_wide_layered_lognormal_11,16,wide_layered,lognormal,unique,11,equal_alternating,1,,,,,,,,,0.000,0,0,0,0,0
schedule_policy,exp08_confirmatory_n16_wide_layered_lognormal_11,16,wide_layered,lognormal,unique,11,equal_alternating,4,,,,,,,,,5.096,0.04718518518518518518518518519,19.223,0.1779907407407407407407407407,8.231,0.07621296296296296296296296296
schedule_policy,exp08_confirmatory_n16_wide_layered_lognormal_11,16,wide_layered,lognormal,unique,11,equal_alternating,8,,,,,,,,,5.782,0.06022916666666666666666666667,25.171,0.2621979166666666666666666667,1.283,0.01336458333333333333333333333
differentiated_slowdown,exp08_confirmatory_n16_wide_layered_lognormal_11,16,wide_layered,lognormal,unique,11,io,4,true,t01->t02->t16 => t01->t02->t16,6.2208,0.05559845559845559845559845560,6.2208,0.0000,6.220800,true,,,,,,
schedule_policy,exp08_confirmatory_n16_wide_layered_lognormal_12,16,wide_layered,lognormal,unique,12,io,1,,,,,,,,,0.000,0,0,0,0,0
schedule_policy,exp08_confirmatory_n16_wide_layered_lognormal_12,16,wide_layered,lognormal,unique,12,io,4,,,,,,,,,-3.720,-0.03024390243902439024390243902,-2.928,-0.02380487804878048780487804878,-8.793,-0.07148780487804878048780487805
schedule_policy,exp08_confirmatory_n16_wide_layered_lognormal_12,16,wide_layered,lognormal,unique,12,io,8,,,,,,,,,8.656,0.08014814814814814814814814815,21.525,0.1993055555555555555555555556,-6.362,-0.05890740740740740740740740741
schedule_policy,exp08_confirmatory_n16_wide_layered_lognormal_12,16,wide_layered,lognormal,unique,12,equal_alternating,1,,,,,,,,,0.000,0,0,0,0,0
schedule_policy,exp08_confirmatory_n16_wide_layered_lognormal_12,16,wide_layered,lognormal,unique,12,equal_alternating,4,,,,,,,,,1.789,0.01454471544715447154471544715,23.438,0.1905528455284552845528455285,4.470,0.03634146341463414634146341463
schedule_policy,exp08_confirmatory_n16_wide_layered_lognormal_12,16,wide_layered,lognormal,unique,12,equal_alternating,8,,,,,,,,,2.780,0.02574074074074074074074074074,20.549,0.1902685185185185185185185185,-3.014,-0.02790740740740740740740740741
differentiated_slowdown,exp08_confirmatory_n16_wide_layered_lognormal_12,16,wide_layered,lognormal,unique,12,io,4,true,t01->t04->t16 => t01->t04->t16,7.0848,0.05559845559845559845559845560,7.0848,0.0000,7.084800,true,,,,,,
schedule_policy,exp08_confirmatory_n16_wide_layered_lognormal_13,16,wide_layered,lognormal,unique,13,io,1,,,,,,,,,0.000,0,0,0,0,0
schedule_policy,exp08_confirmatory_n16_wide_layered_lognormal_13,16,wide_layered,lognormal,unique,13,io,4,,,,,,,,,3.456,0.036,19.749,0.20571875,4.774,0.04972916666666666666666666667
schedule_policy,exp08_confirmatory_n16_wide_layered_lognormal_13,16,wide_layered,lognormal,unique,13,io,8,,,,,,,,,-1.092,-0.013,0.687,0.008178571428571428571428571429,-4.226,-0.05030952380952380952380952381
schedule_policy,exp08_confirmatory_n16_wide_layered_lognormal_13,16,wide_layered,lognormal,unique,13,equal_alternating,1,,,,,,,,,0.000,0,0,0,0,0
schedule_policy,exp08_confirmatory_n16_wide_layered_lognormal_13,16,wide_layered,lognormal,unique,13,equal_alternating,4,,,,,,,,,-0.358,-0.003729166666666666666666666667,25.603,0.2666979166666666666666666667,9.924,0.103375
schedule_policy,exp08_confirmatory_n16_wide_layered_lognormal_13,16,wide_layered,lognormal,unique,13,equal_alternating,8,,,,,,,,,5.413,0.06444047619047619047619047619,48.290,0.5748809523809523809523809524,-0.013,-0.0001547619047619047619047619048
differentiated_slowdown,exp08_confirmatory_n16_wide_layered_lognormal_13,16,wide_layered,lognormal,unique,13,io,4,true,t01->t05->t16 => t01->t05->t16,5.5296,0.05559845559845559845559845560,5.5296,0.0000,5.529600,true,,,,,,
schedule_policy,exp08_confirmatory_n16_wide_layered_lognormal_14,16,wide_layered,lognormal,tied,14,io,1,,,,,,,,,0.000,0,0,0,0,0
schedule_policy,exp08_confirmatory_n16_wide_layered_lognormal_14,16,wide_layered,lognormal,tied,14,io,4,,,,,,,,,-7.028,-0.04685333333333333333333333333,-32.313,-0.21542,-18.599,-0.1239933333333333333333333333
schedule_policy,exp08_confirmatory_n16_wide_layered_lognormal_14,16,wide_layered,lognormal,tied,14,io,8,,,,,,,,,-8.997,-0.09371875,-29.818,-0.3106041666666666666666666667,-10.499,-0.1093645833333333333333333333
schedule_policy,exp08_confirmatory_n16_wide_layered_lognormal_14,16,wide_layered,lognormal,tied,14,equal_alternating,1,,,,,,,,,0.000,0,0,0,0,0
schedule_policy,exp08_confirmatory_n16_wide_layered_lognormal_14,16,wide_layered,lognormal,tied,14,equal_alternating,4,,,,,,,,,-4.735,-0.03156666666666666666666666667,-18.914,-0.1260933333333333333333333333,-14.150,-0.09433333333333333333333333333
schedule_policy,exp08_confirmatory_n16_wide_layered_lognormal_14,16,wide_layered,lognormal,tied,14,equal_alternating,8,,,,,,,,,-1.583,-0.01648958333333333333333333333,8.539,0.08894791666666666666666666667,-2.309,-0.02405208333333333333333333333
differentiated_slowdown,exp08_confirmatory_n16_wide_layered_lognormal_14,16,wide_layered,lognormal,tied,14,io,4,true,t01->t08->t16 => t01->t08->t16,8.6400,0.05559845559845559845559845560,8.6400,0.0000,8.640000,true,,,,,,
schedule_policy,exp08_confirmatory_n16_wide_layered_lognormal_15,16,wide_layered,lognormal,unique,15,io,1,,,,,,,,,0.000,0,0,0,0,0
schedule_policy,exp08_confirmatory_n16_wide_layered_lognormal_15,16,wide_layered,lognormal,unique,15,io,4,,,,,,,,,3.834,0.03195,27.031,0.2252583333333333333333333333,4.639,0.03865833333333333333333333333
schedule_policy,exp08_confirmatory_n16_wide_layered_lognormal_15,16,wide_layered,lognormal,unique,15,io,8,,,,,,,,,-0.294,-0.00245,-8.729,-0.07274166666666666666666666667,-7.759,-0.06465833333333333333333333333
schedule_policy,exp08_confirmatory_n16_wide_layered_lognormal_15,16,wide_layered,lognormal,unique,15,equal_alternating,1,,,,,,,,,0.000,0,0,0,0,0
schedule_policy,exp08_confirmatory_n16_wide_layered_lognormal_15,16,wide_layered,lognormal,unique,15,equal_alternating,4,,,,,,,,,0.605,0.005041666666666666666666666667,27.371,0.2280916666666666666666666667,6.478,0.05398333333333333333333333333
schedule_policy,exp08_confirmatory_n16_wide_layered_lognormal_15,16,wide_layered,lognormal,unique,15,equal_alternating,8,,,,,,,,,5.661,0.047175,26.711,0.2225916666666666666666666667,-4.252,-0.03543333333333333333333333333
differentiated_slowdown,exp08_confirmatory_n16_wide_layered_lognormal_15,16,wide_layered,lognormal,unique,15,io,4,true,t01->t12->t16 => t01->t12->t16,6.0480,0.04856427057236461746001156292,6.0480,6.0480,6.048000,true,,,,,,
schedule_policy,exp08_confirmatory_n16_wide_layered_lognormal_16,16,wide_layered,lognormal,unique,16,io,1,,,,,,,,,0.000,0,0,0,0,0
schedule_policy,exp08_confirmatory_n16_wide_layered_lognormal_16,16,wide_layered,lognormal,unique,16,io,4,,,,,,,,,3.795,0.02875,6.001,0.04546212121212121212121212121,-3.442,-0.02607575757575757575757575758
schedule_policy,exp08_confirmatory_n16_wide_layered_lognormal_16,16,wide_layered,lognormal,unique,16,io,8,,,,,,,,,1.539,0.01165909090909090909090909091,49.704,0.3765454545454545454545454545,-0.323,-0.002446969696969696969696969697
schedule_policy,exp08_confirmatory_n16_wide_layered_lognormal_16,16,wide_layered,lognormal,unique,16,equal_alternating,1,,,,,,,,,0.000,0,0,0,0,0
schedule_policy,exp08_confirmatory_n16_wide_layered_lognormal_16,16,wide_layered,lognormal,unique,16,equal_alternating,4,,,,,,,,,1.960,0.01484848484848484848484848485,7.608,0.05763636363636363636363636364,0.221,0.001674242424242424242424242424
schedule_policy,exp08_confirmatory_n16_wide_layered_lognormal_16,16,wide_layered,lognormal,unique,16,equal_alternating,8,,,,,,,,,-0.061,-0.0004621212121212121212121212121,12.022,0.09107575757575757575757575758,-6.803,-0.05153787878787878787878787879
differentiated_slowdown,exp08_confirmatory_n16_wide_layered_lognormal_16,16,wide_layered,lognormal,unique,16,io,4,true,t01->t11->t16 => t01->t11->t16,6.7392,0.04917171575666304766574440514,6.7392,6.7392,6.739200,true,,,,,,
schedule_policy,exp08_confirmatory_n16_wide_layered_lognormal_17,16,wide_layered,lognormal,unique,17,io,1,,,,,,,,,0.000,0,0,0,0,0
schedule_policy,exp08_confirmatory_n16_wide_layered_lognormal_17,16,wide_layered,lognormal,unique,17,io,4,,,,,,,,,10.593,0.08025,27.194,0.2060151515151515151515151515,6.400,0.04848484848484848484848484848
schedule_policy,exp08_confirmatory_n16_wide_layered_lognormal_17,16,wide_layered,lognormal,unique,17,io,8,,,,,,,,,12.152,0.09206060606060606060606060606,44.684,0.3385151515151515151515151515,-5.408,-0.04096969696969696969696969697
schedule_policy,exp08_confirmatory_n16_wide_layered_lognormal_17,16,wide_layered,lognormal,unique,17,equal_alternating,1,,,,,,,,,0.000,0,0,0,0,0
schedule_policy,exp08_confirmatory_n16_wide_layered_lognormal_17,16,wide_layered,lognormal,unique,17,equal_alternating,4,,,,,,,,,0.277,0.002098484848484848484848484848,23.592,0.1787272727272727272727272727,7.940,0.06015151515151515151515151515
schedule_policy,exp08_confirmatory_n16_wide_layered_lognormal_17,16,wide_layered,lognormal,unique,17,equal_alternating,8,,,,,,,,,2.035,0.01541666666666666666666666667,30.764,0.2330606060606060606060606061,-2.139,-0.01620454545454545454545454545
differentiated_slowdown,exp08_confirmatory_n16_wide_layered_lognormal_17,16,wide_layered,lognormal,unique,17,io,4,true,t01->t08->t16 => t01->t08->t16,7.2576,0.05280435845498358594677655934,7.2576,7.2576,7.257600,true,,,,,,
schedule_policy,exp08_confirmatory_n16_wide_layered_lognormal_18,16,wide_layered,lognormal,unique,18,io,1,,,,,,,,,0.000,0,0,0,0,0
schedule_policy,exp08_confirmatory_n16_wide_layered_lognormal_18,16,wide_layered,lognormal,unique,18,io,4,,,,,,,,,6.343,0.07551190476190476190476190476,16.958,0.2018809523809523809523809524,1.072,0.01276190476190476190476190476
schedule_policy,exp08_confirmatory_n16_wide_layered_lognormal_18,16,wide_layered,lognormal,unique,18,io,8,,,,,,,,,0.000,0,10.401,0.1238214285714285714285714286,-5.257,-0.06258333333333333333333333333
schedule_policy,exp08_confirmatory_n16_wide_layered_lognormal_18,16,wide_layered,lognormal,unique,18,equal_alternating,1,,,,,,,,,0.000,0,0,0,0,0
schedule_policy,exp08_confirmatory_n16_wide_layered_lognormal_18,16,wide_layered,lognormal,unique,18,equal_alternating,4,,,,,,,,,7.363,0.08765476190476190476190476190,23.436,0.279,5.802,0.06907142857142857142857142857
schedule_policy,exp08_confirmatory_n16_wide_layered_lognormal_18,16,wide_layered,lognormal,unique,18,equal_alternating,8,,,,,,,,,-1.642,-0.01954761904761904761904761905,12.167,0.1448452380952380952380952381,-5.688,-0.06771428571428571428571428571
differentiated_slowdown,exp08_confirmatory_n16_wide_layered_lognormal_18,16,wide_layered,lognormal,unique,18,io,4,true,t01->t07->t16 => t01->t07->t16,4.3200,0.04951856946354883081155433287,4.3200,4.3200,4.320000,true,,,,,,
schedule_policy,exp08_confirmatory_n16_wide_layered_lognormal_19,16,wide_layered,lognormal,unique,19,io,1,,,,,,,,,0.000,0,0,0,0,0
schedule_policy,exp08_confirmatory_n16_wide_layered_lognormal_19,16,wide_layered,lognormal,unique,19,io,4,,,,,,,,,12.267,0.09086666666666666666666666667,38.776,0.2872296296296296296296296296,3.195,0.02366666666666666666666666667
schedule_policy,exp08_confirmatory_n16_wide_layered_lognormal_19,16,wide_layered,lognormal,unique,19,io,8,,,,,,,,,8.091,0.06129545454545454545454545455,28.975,0.2195075757575757575757575758,-3.065,-0.02321969696969696969696969697
schedule_policy,exp08_confirmatory_n16_wide_layered_lognormal_19,16,wide_layered,lognormal,unique,19,equal_alternating,1,,,,,,,,,0.000,0,0,0,0,0
schedule_policy,exp08_confirmatory_n16_wide_layered_lognormal_19,16,wide_layered,lognormal,unique,19,equal_alternating,4,,,,,,,,,16.633,0.1232074074074074074074074074,60.107,0.4452370370370370370370370370,17.358,0.1285777777777777777777777778
schedule_policy,exp08_confirmatory_n16_wide_layered_lognormal_19,16,wide_layered,lognormal,unique,19,equal_alternating,8,,,,,,,,,20.939,0.1586287878787878787878787879,97.539,0.7389318181818181818181818182,1.844,0.01396969696969696969696969697
differentiated_slowdown,exp08_confirmatory_n16_wide_layered_lognormal_19,16,wide_layered,lognormal,unique,19,io,4,true,t01->t14->t16 => t01->t14->t16,7.7760,0.05559845559845559845559845560,7.7760,5.7480,7.776000,true,,,,,,
schedule_policy,exp08_confirmatory_n16_mixed_homogeneous_00,16,mixed,homogeneous,tied,0,io,1,,,,,,,,,0.000,0,0,0,0,0
schedule_policy,exp08_confirmatory_n16_mixed_homogeneous_00,16,mixed,homogeneous,tied,0,io,4,,,,,,,,,-1.390,-0.01654761904761904761904761905,-4.444,-0.05290476190476190476190476190,-4.353,-0.05182142857142857142857142857
schedule_policy,exp08_confirmatory_n16_mixed_homogeneous_00,16,mixed,homogeneous,tied,0,io,8,,,,,,,,,-1.390,-0.01654761904761904761904761905,-4.444,-0.05290476190476190476190476190,-4.353,-0.05182142857142857142857142857
schedule_policy,exp08_confirmatory_n16_mixed_homogeneous_00,16,mixed,homogeneous,tied,0,equal_alternating,1,,,,,,,,,0.000,0,0,0,0,0
schedule_policy,exp08_confirmatory_n16_mixed_homogeneous_00,16,mixed,homogeneous,tied,0,equal_alternating,4,,,,,,,,,-0.493,-0.005869047619047619047619047619,-1.571,-0.01870238095238095238095238095,-1.661,-0.01977380952380952380952380952
schedule_policy,exp08_confirmatory_n16_mixed_homogeneous_00,16,mixed,homogeneous,tied,0,equal_alternating,8,,,,,,,,,-0.493,-0.005869047619047619047619047619,-1.571,-0.01870238095238095238095238095,-1.661,-0.01977380952380952380952380952
differentiated_slowdown,exp08_confirmatory_n16_mixed_homogeneous_00,16,mixed,homogeneous,tied,0,io,4,false,t01->t03->t07->t09->t12->t14->t16 => t01->t02->t06->t10->t13->t15->t16,2.7648,0.03167717875126746524137693987,1.5579,1.5579,2.764800,true,,,,,,
schedule_policy,exp08_confirmatory_n16_mixed_homogeneous_01,16,mixed,homogeneous,tied,1,io,1,,,,,,,,,0.000,0,0,0,0,0
schedule_policy,exp08_confirmatory_n16_mixed_homogeneous_01,16,mixed,homogeneous,tied,1,io,4,,,,,,,,,-1.920,-0.02285714285714285714285714286,-3.840,-0.04571428571428571428571428571,-2.322,-0.02764285714285714285714285714
schedule_policy,exp08_confirmatory_n16_mixed_homogeneous_01,16,mixed,homogeneous,tied,1,io,8,,,,,,,,,-1.920,-0.02285714285714285714285714286,-3.840,-0.04571428571428571428571428571,-2.322,-0.02764285714285714285714285714
schedule_policy,exp08_confirmatory_n16_mixed_homogeneous_01,16,mixed,homogeneous,tied,1,equal_alternating,1,,,,,,,,,0.000,0,0,0,0,0
schedule_policy,exp08_confirmatory_n16_mixed_homogeneous_01,16,mixed,homogeneous,tied,1,equal_alternating,4,,,,,,,,,-0.960,-0.01142857142857142857142857143,-2.305,-0.02744047619047619047619047619,-1.872,-0.02228571428571428571428571429
schedule_policy,exp08_confirmatory_n16_mixed_homogeneous_01,16,mixed,homogeneous,tied,1,equal_alternating,8,,,,,,,,,-0.960,-0.01142857142857142857142857143,-2.305,-0.02744047619047619047619047619,-1.872,-0.02228571428571428571428571429
differentiated_slowdown,exp08_confirmatory_n16_mixed_homogeneous_01,16,mixed,homogeneous,tied,1,io,4,false,t01->t03->t06->t08->t12->t14->t16 => t01->t02->t07->t09->t12->t15->t16,2.7648,0.03176496134504758195435854838,1.7991,1.7991,2.764800,true,,,,,,
schedule_policy,exp08_confirmatory_n16_mixed_homogeneous_02,16,mixed,homogeneous,tied,2,io,1,,,,,,,,,0.000,0,0,0,0,0
schedule_policy,exp08_confirmatory_n16_mixed_homogeneous_02,16,mixed,homogeneous,tied,2,io,4,,,,,,,,,-1.518,-0.01807142857142857142857142857,-5.340,-0.06357142857142857142857142857,-4.097,-0.04877380952380952380952380952
schedule_policy,exp08_confirmatory_n16_mixed_homogeneous_02,16,mixed,homogeneous,tied,2,io,8,,,,,,,,,-1.518,-0.01807142857142857142857142857,-5.340,-0.06357142857142857142857142857,-4.097,-0.04877380952380952380952380952
schedule_policy,exp08_confirmatory_n16_mixed_homogeneous_02,16,mixed,homogeneous,tied,2,equal_alternating,1,,,,,,,,,0.000,0,0,0,0,0
schedule_policy,exp08_confirmatory_n16_mixed_homogeneous_02,16,mixed,homogeneous,tied,2,equal_alternating,4,,,,,,,,,-0.567,-0.00675,-1.710,-0.02035714285714285714285714286,-1.798,-0.02140476190476190476190476190
schedule_policy,exp08_confirmatory_n16_mixed_homogeneous_02,16,mixed,homogeneous,tied,2,equal_alternating,8,,,,,,,,,-0.567,-0.00675,-1.710,-0.02035714285714285714285714286,-1.798,-0.02140476190476190476190476190
differentiated_slowdown,exp08_confirmatory_n16_mixed_homogeneous_02,16,mixed,homogeneous,tied,2,io,4,false,t01->t04->t06->t09->t13->t15->t16 => t01->t03->t07->t10->t12->t14->t16,2.7648,0.03167717875126746524137693987,1.5579,1.5579,2.764800,true,,,,,,
schedule_policy,exp08_confirmatory_n16_mixed_homogeneous_03,16,mixed,homogeneous,tied,3,io,1,,,,,,,,,0.000,0,0,0,0,0
schedule_policy,exp08_confirmatory_n16_mixed_homogeneous_03,16,mixed,homogeneous,tied,3,io,4,,,,,,,,,-2.414,-0.02873809523809523809523809524,-5.230,-0.06226190476190476190476190476,-2.432,-0.02895238095238095238095238095
schedule_policy,exp08_confirmatory_n16_mixed_homogeneous_03,16,mixed,homogeneous,tied,3,io,8,,,,,,,,,-2.414,-0.02873809523809523809523809524,-5.230,-0.06226190476190476190476190476,-2.432,-0.02895238095238095238095238095
schedule_policy,exp08_confirmatory_n16_mixed_homogeneous_03,16,mixed,homogeneous,tied,3,equal_alternating,1,,,,,,,,,0.000,0,0,0,0,0
schedule_policy,exp08_confirmatory_n16_mixed_homogeneous_03,16,mixed,homogeneous,tied,3,equal_alternating,4,,,,,,,,,-0.823,-0.009797619047619047619047619048,-1.463,-0.01741666666666666666666666667,-1.159,-0.01379761904761904761904761905
schedule_policy,exp08_confirmatory_n16_mixed_homogeneous_03,16,mixed,homogeneous,tied,3,equal_alternating,8,,,,,,,,,-0.823,-0.009797619047619047619047619048,-1.463,-0.01741666666666666666666666667,-1.159,-0.01379761904761904761904761905
differentiated_slowdown,exp08_confirmatory_n16_mixed_homogeneous_03,16,mixed,homogeneous,tied,3,io,4,false,t01->t04->t06->t10->t13->t15->t16 => t01->t03->t07->t08->t11->t14->t16,2.7648,0.03167728763224648889438841799,1.5582,1.5582,2.764800,true,,,,,,
schedule_policy,exp08_confirmatory_n16_mixed_homogeneous_04,16,mixed,homogeneous,tied,4,io,1,,,,,,,,,0.000,0,0,0,0,0
schedule_policy,exp08_confirmatory_n16_mixed_homogeneous_04,16,mixed,homogeneous,tied,4,io,4,,,,,,,,,-1.902,-0.02264285714285714285714285714,-1.134,-0.0135,0.146,0.001738095238095238095238095238
schedule_policy,exp08_confirmatory_n16_mixed_homogeneous_04,16,mixed,homogeneous,tied,4,io,8,,,,,,,,,-1.902,-0.02264285714285714285714285714,-1.134,-0.0135,0.146,0.001738095238095238095238095238
schedule_policy,exp08_confirmatory_n16_mixed_homogeneous_04,16,mixed,homogeneous,tied,4,equal_alternating,1,,,,,,,,,0.000,0,0,0,0,0
schedule_policy,exp08_confirmatory_n16_mixed_homogeneous_04,16,mixed,homogeneous,tied,4,equal_alternating,4,,,,,,,,,-0.567,-0.00675,-1.337,-0.01591666666666666666666666667,-0.831,-0.009892857142857142857142857143
schedule_policy,exp08_confirmatory_n16_mixed_homogeneous_04,16,mixed,homogeneous,tied,4,equal_alternating,8,,,,,,,,,-0.567,-0.00675,-1.337,-0.01591666666666666666666666667,-0.831,-0.009892857142857142857142857143
differentiated_slowdown,exp08_confirmatory_n16_mixed_homogeneous_04,16,mixed,homogeneous,tied,4,io,4,false,t01->t02->t06->t10->t13->t15->t16 => t01->t04->t07->t09->t12->t14->t16,2.7648,0.03167728763224648889438841799,1.5582,1.5582,2.764800,true,,,,,,
schedule_policy,exp08_confirmatory_n16_mixed_homogeneous_05,16,mixed,homogeneous,tied,5,io,1,,,,,,,,,0.000,0,0,0,0,0
schedule_policy,exp08_confirmatory_n16_mixed_homogeneous_05,16,mixed,homogeneous,tied,5,io,4,,,,,,,,,-0.750,-0.008928571428571428571428571429,-0.878,-0.01045238095238095238095238095,-2.049,-0.02439285714285714285714285714
schedule_policy,exp08_confirmatory_n16_mixed_homogeneous_05,16,mixed,homogeneous,tied,5,io,8,,,,,,,,,-0.750,-0.008928571428571428571428571429,-0.878,-0.01045238095238095238095238095,-2.049,-0.02439285714285714285714285714
schedule_policy,exp08_confirmatory_n16_mixed_homogeneous_05,16,mixed,homogeneous,tied,5,equal_alternating,1,,,,,,,,,0.000,0,0,0,0,0
schedule_policy,exp08_confirmatory_n16_mixed_homogeneous_05,16,mixed,homogeneous,tied,5,equal_alternating,4,,,,,,,,,-0.567,-0.00675,-1.783,-0.02122619047619047619047619048,-1.728,-0.02057142857142857142857142857
schedule_policy,exp08_confirmatory_n16_mixed_homogeneous_05,16,mixed,homogeneous,tied,5,equal_alternating,8,,,,,,,,,-0.567,-0.00675,-1.783,-0.02122619047619047619047619048,-1.728,-0.02057142857142857142857142857
differentiated_slowdown,exp08_confirmatory_n16_mixed_homogeneous_05,16,mixed,homogeneous,tied,5,io,4,false,t01->t04->t07->t08->t12->t14->t16 => t01->t03->t05->t09->t11->t15->t16,2.7648,0.03167717875126746524137693987,1.5579,1.5579,2.764800,true,,,,,,
schedule_policy,exp08_confirmatory_n16_mixed_homogeneous_06,16,mixed,homogeneous,tied,6,io,1,,,,,,,,,0.000,0,0,0,0,0
schedule_policy,exp08_confirmatory_n16_mixed_homogeneous_06,16,mixed,homogeneous,tied,6,io,4,,,,,,,,,-0.218,-0.002595238095238095238095238095,2.580,0.03071428571428571428571428571,1.684,0.02004761904761904761904761905
schedule_policy,exp08_confirmatory_n16_mixed_homogeneous_06,16,mixed,homogeneous,tied,6,io,8,,,,,,,,,-0.218,-0.002595238095238095238095238095,2.580,0.03071428571428571428571428571,1.684,0.02004761904761904761904761905
schedule_policy,exp08_confirmatory_n16_mixed_homogeneous_06,16,mixed,homogeneous,tied,6,equal_alternating,1,,,,,,,,,0.000,0,0,0,0,0
schedule_policy,exp08_confirmatory_n16_mixed_homogeneous_06,16,mixed,homogeneous,tied,6,equal_alternating,4,,,,,,,,,0.466,0.005547619047619047619047619048,1.810,0.02154761904761904761904761905,1.810,0.02154761904761904761904761905
schedule_policy,exp08_confirmatory_n16_mixed_homogeneous_06,16,mixed,homogeneous,tied,6,equal_alternating,8,,,,,,,,,0.466,0.005547619047619047619047619048,1.810,0.02154761904761904761904761905,1.810,0.02154761904761904761904761905
differentiated_slowdown,exp08_confirmatory_n16_mixed_homogeneous_06,16,mixed,homogeneous,tied,6,io,4,false,t01->t03->t06->t09->t12->t14->t16 => t01->t04->t07->t08->t13->t15->t16,2.7648,0.03167717875126746524137693987,1.5579,1.5579,2.764800,true,,,,,,
schedule_policy,exp08_confirmatory_n16_mixed_homogeneous_07,16,mixed,homogeneous,tied,7,io,1,,,,,,,,,0.000,0,0,0,0,0
schedule_policy,exp08_confirmatory_n16_mixed_homogeneous_07,16,mixed,homogeneous,tied,7,io,4,,,,,,,,,-1.134,-0.0135,1.426,0.01697619047619047619047619048,1.810,0.02154761904761904761904761905
schedule_policy,exp08_confirmatory_n16_mixed_homogeneous_07,16,mixed,homogeneous,tied,7,io,8,,,,,,,,,-1.134,-0.0135,1.426,0.01697619047619047619047619048,1.810,0.02154761904761904761904761905
schedule_policy,exp08_confirmatory_n16_mixed_homogeneous_07,16,mixed,homogeneous,tied,7,equal_alternating,1,,,,,,,,,0.000,0,0,0,0,0
schedule_policy,exp08_confirmatory_n16_mixed_homogeneous_07,16,mixed,homogeneous,tied,7,equal_alternating,4,,,,,,,,,-0.184,-0.002190476190476190476190476190,0.327,0.003892857142857142857142857143,0.903,0.01075
schedule_policy,exp08_confirmatory_n16_mixed_homogeneous_07,16,mixed,homogeneous,tied,7,equal_alternating,8,,,,,,,,,-0.184,-0.002190476190476190476190476190,0.327,0.003892857142857142857142857143,0.903,0.01075
differentiated_slowdown,exp08_confirmatory_n16_mixed_homogeneous_07,16,mixed,homogeneous,tied,7,io,4,false,t01->t03->t05->t10->t13->t14->t16 => t01->t04->t07->t09->t12->t15->t16,2.7648,0.03167717875126746524137693987,1.5579,1.5579,2.764800,true,,,,,,
schedule_policy,exp08_confirmatory_n16_mixed_homogeneous_08,16,mixed,homogeneous,tied,8,io,1,,,,,,,,,0.000,0,0,0,0,0
schedule_policy,exp08_confirmatory_n16_mixed_homogeneous_08,16,mixed,homogeneous,tied,8,io,4,,,,,,,,,-1.774,-0.02111904761904761904761904762,-2.140,-0.02547619047619047619047619048,-1.501,-0.01786904761904761904761904762
schedule_policy,exp08_confirmatory_n16_mixed_homogeneous_08,16,mixed,homogeneous,tied,8,io,8,,,,,,,,,-1.774,-0.02111904761904761904761904762,-2.140,-0.02547619047619047619047619048,-1.501,-0.01786904761904761904761904762
schedule_policy,exp08_confirmatory_n16_mixed_homogeneous_08,16,mixed,homogeneous,tied,8,equal_alternating,1,,,,,,,,,0.000,0,0,0,0,0
schedule_policy,exp08_confirmatory_n16_mixed_homogeneous_08,16,mixed,homogeneous,tied,8,equal_alternating,4,,,,,,,,,-0.119,-0.001416666666666666666666666667,0.082,0.0009761904761904761904761904762,0.651,0.00775
schedule_policy,exp08_confirmatory_n16_mixed_homogeneous_08,16,mixed,homogeneous,tied,8,equal_alternating,8,,,,,,,,,-0.119,-0.001416666666666666666666666667,0.082,0.0009761904761904761904761904762,0.651,0.00775
differentiated_slowdown,exp08_confirmatory_n16_mixed_homogeneous_08,16,mixed,homogeneous,tied,8,io,4,false,t01->t04->t07->t10->t11->t15->t16 => t01->t03->t05->t08->t12->t14->t16,2.7648,0.03167706987103692908405972448,1.5576,1.5576,2.764800,true,,,,,,
schedule_policy,exp08_confirmatory_n16_mixed_homogeneous_09,16,mixed,homogeneous,tied,9,io,1,,,,,,,,,0.000,0,0,0,0,0
schedule_policy,exp08_confirmatory_n16_mixed_homogeneous_09,16,mixed,homogeneous,tied,9,io,4,,,,,,,,,-0.110,-0.001309523809523809523809523810,0.402,0.004785714285714285714285714286,-0.897,-0.01067857142857142857142857143
schedule_policy,exp08_confirmatory_n16_mixed_homogeneous_09,16,mixed,homogeneous,tied,9,io,8,,,,,,,,,-0.110,-0.001309523809523809523809523810,0.402,0.004785714285714285714285714286,-0.897,-0.01067857142857142857142857143
schedule_policy,exp08_confirmatory_n16_mixed_homogeneous_09,16,mixed,homogeneous,tied,9,equal_alternating,1,,,,,,,,,0.000,0,0,0,0,0
schedule_policy,exp08_confirmatory_n16_mixed_homogeneous_09,16,mixed,homogeneous,tied,9,equal_alternating,4,,,,,,,,,-0.055,-0.0006547619047619047619047619048,0.585,0.006964285714285714285714285714,0.377,0.004488095238095238095238095238
schedule_policy,exp08_confirmatory_n16_mixed_homogeneous_09,16,mixed,homogeneous,tied,9,equal_alternating,8,,,,,,,,,-0.055,-0.0006547619047619047619047619048,0.585,0.006964285714285714285714285714,0.377,0.004488095238095238095238095238
differentiated_slowdown,exp08_confirmatory_n16_mixed_homogeneous_09,16,mixed,homogeneous,tied,9,io,4,false,t01->t03->t06->t09->t13->t15->t16 => t01->t02->t05->t08->t11->t14->t16,2.7648,0.03167717875126746524137693987,1.5579,1.5579,2.764800,true,,,,,,
schedule_policy,exp08_confirmatory_n16_mixed_homogeneous_10,16,mixed,homogeneous,tied,10,io,1,,,,,,,,,0.000,0,0,0,0,0
schedule_policy,exp08_confirmatory_n16_mixed_homogeneous_10,16,mixed,homogeneous,tied,10,io,4,,,,,,,,,-2.670,-0.03178571428571428571428571429,-6.492,-0.07728571428571428571428571429,-3.658,-0.04354761904761904761904761905
schedule_policy,exp08_confirmatory_n16_mixed_homogeneous_10,16,mixed,homogeneous,tied,10,io,8,,,,,,,,,-2.670,-0.03178571428571428571428571429,-6.492,-0.07728571428571428571428571429,-3.658,-0.04354761904761904761904761905
schedule_policy,exp08_confirmatory_n16_mixed_homogeneous_10,16,mixed,homogeneous,tied,10,equal_alternating,1,,,,,,,,,0.000,0,0,0,0,0
schedule_policy,exp08_confirmatory_n16_mixed_homogeneous_10,16,mixed,homogeneous,tied,10,equal_alternating,4,,,,,,,,,-0.759,-0.009035714285714285714285714286,-2.094,-0.02492857142857142857142857143,-0.618,-0.007357142857142857142857142857
schedule_policy,exp08_confirmatory_n16_mixed_homogeneous_10,16,mixed,homogeneous,tied,10,equal_alternating,8,,,,,,,,,-0.759,-0.009035714285714285714285714286,-2.094,-0.02492857142857142857142857143,-0.618,-0.007357142857142857142857142857
differentiated_slowdown,exp08_confirmatory_n16_mixed_homogeneous_10,16,mixed,homogeneous,tied,10,io,4,false,t01->t04->t07->t10->t11->t15->t16 => t01->t03->t05->t09->t13->t14->t16,2.7648,0.03167717875126746524137693987,1.5579,1.5579,2.764800,true,,,,,,
schedule_policy,exp08_confirmatory_n16_mixed_homogeneous_11,16,mixed,homogeneous,tied,11,io,1,,,,,,,,,0.000,0,0,0,0,0
schedule_policy,exp08_confirmatory_n16_mixed_homogeneous_11,16,mixed,homogeneous,tied,11,io,4,,,,,,,,,0.934,0.01111904761904761904761904762,5.926,0.07054761904761904761904761905,4.262,0.05073809523809523809523809524
schedule_policy,exp08_confirmatory_n16_mixed_homogeneous_11,16,mixed,homogeneous,tied,11,io,8,,,,,,,,,0.934,0.01111904761904761904761904762,5.926,0.07054761904761904761904761905,4.262,0.05073809523809523809523809524
schedule_policy,exp08_confirmatory_n16_mixed_homogeneous_11,16,mixed,homogeneous,tied,11,equal_alternating,1,,,,,,,,,0.000,0,0,0,0,0
schedule_policy,exp08_confirmatory_n16_mixed_homogeneous_11,16,mixed,homogeneous,tied,11,equal_alternating,4,,,,,,,,,0.467,0.005559523809523809523809523810,2.193,0.02610714285714285714285714286,2.321,0.02763095238095238095238095238
schedule_policy,exp08_confirmatory_n16_mixed_homogeneous_11,16,mixed,homogeneous,tied,11,equal_alternating,8,,,,,,,,,0.467,0.005559523809523809523809523810,2.193,0.02610714285714285714285714286,2.321,0.02763095238095238095238095238
differentiated_slowdown,exp08_confirmatory_n16_mixed_homogeneous_11,16,mixed,homogeneous,tied,11,io,4,false,t01->t02->t06->t08->t13->t15->t16 => t01->t04->t07->t09->t11->t14->t16,2.7648,0.03167717875126746524137693987,1.5579,1.5579,2.764800,true,,,,,,
schedule_policy,exp08_confirmatory_n16_mixed_homogeneous_12,16,mixed,homogeneous,tied,12,io,1,,,,,,,,,0.000,0,0,0,0,0
schedule_policy,exp08_confirmatory_n16_mixed_homogeneous_12,16,mixed,homogeneous,tied,12,io,4,,,,,,,,,-2.286,-0.02721428571428571428571428571,-3.054,-0.03635714285714285714285714286,-2.560,-0.03047619047619047619047619048
schedule_policy,exp08_confirmatory_n16_mixed_homogeneous_12,16,mixed,homogeneous,tied,12,io,8,,,,,,,,,-2.286,-0.02721428571428571428571428571,-3.054,-0.03635714285714285714285714286,-2.560,-0.03047619047619047619047619048
schedule_policy,exp08_confirmatory_n16_mixed_homogeneous_12,16,mixed,homogeneous,tied,12,equal_alternating,1,,,,,,,,,0.000,0,0,0,0,0
schedule_policy,exp08_confirmatory_n16_mixed_homogeneous_12,16,mixed,homogeneous,tied,12,equal_alternating,4,,,,,,,,,-0.567,-0.00675,-1.335,-0.01589285714285714285714285714,-1.415,-0.01684523809523809523809523810
schedule_policy,exp08_confirmatory_n16_mixed_homogeneous_12,16,mixed,homogeneous,tied,12,equal_alternating,8,,,,,,,,,-0.567,-0.00675,-1.335,-0.01589285714285714285714285714,-1.415,-0.01684523809523809523809523810
differentiated_slowdown,exp08_confirmatory_n16_mixed_homogeneous_12,16,mixed,homogeneous,tied,12,io,4,false,t01->t03->t06->t09->t13->t14->t16 => t01->t02->t07->t10->t11->t15->t16,2.7648,0.03167717875126746524137693987,1.5579,1.5579,2.764800,true,,,,,,
schedule_policy,exp08_confirmatory_n16_mixed_homogeneous_13,16,mixed,homogeneous,tied,13,io,1,,,,,,,,,0.000,0,0,0,0,0
schedule_policy,exp08_confirmatory_n16_mixed_homogeneous_13,16,mixed,homogeneous,tied,13,io,4,,,,,,,,,-2.286,-0.02721428571428571428571428571,-4.188,-0.04985714285714285714285714286,-2.907,-0.03460714285714285714285714286
schedule_policy,exp08_confirmatory_n16_mixed_homogeneous_13,16,mixed,homogeneous,tied,13,io,8,,,,,,,,,-2.286,-0.02721428571428571428571428571,-4.188,-0.04985714285714285714285714286,-2.907,-0.03460714285714285714285714286
schedule_policy,exp08_confirmatory_n16_mixed_homogeneous_13,16,mixed,homogeneous,tied,13,equal_alternating,1,,,,,,,,,0.000,0,0,0,0,0
schedule_policy,exp08_confirmatory_n16_mixed_homogeneous_13,16,mixed,homogeneous,tied,13,equal_alternating,4,,,,,,,,,-0.566,-0.006738095238095238095238095238,-1.900,-0.02261904761904761904761904762,-0.628,-0.007476190476190476190476190476
schedule_policy,exp08_confirmatory_n16_mixed_homogeneous_13,16,mixed,homogeneous,tied,13,equal_alternating,8,,,,,,,,,-0.566,-0.006738095238095238095238095238,-1.900,-0.02261904761904761904761904762,-0.628,-0.007476190476190476190476190476
differentiated_slowdown,exp08_confirmatory_n16_mixed_homogeneous_13,16,mixed,homogeneous,tied,13,io,4,false,t01->t04->t07->t08->t11->t14->t16 => t01->t03->t05->t10->t13->t15->t16,2.7648,0.03167706987103692908405972448,1.5576,1.5576,2.764800,true,,,,,,
schedule_policy,exp08_confirmatory_n16_mixed_homogeneous_14,16,mixed,homogeneous,tied,14,io,1,,,,,,,,,0.000,0,0,0,0,0
schedule_policy,exp08_confirmatory_n16_mixed_homogeneous_14,16,mixed,homogeneous,tied,14,io,4,,,,,,,,,-0.732,-0.008714285714285714285714285714,0.310,0.003690476190476190476190476190,-0.093,-0.001107142857142857142857142857
schedule_policy,exp08_confirmatory_n16_mixed_homogeneous_14,16,mixed,homogeneous,tied,14,io,8,,,,,,,,,-0.732,-0.008714285714285714285714285714,0.310,0.003690476190476190476190476190,-0.093,-0.001107142857142857142857142857
schedule_policy,exp08_confirmatory_n16_mixed_homogeneous_14,16,mixed,homogeneous,tied,14,equal_alternating,1,,,,,,,,,0.000,0,0,0,0,0
schedule_policy,exp08_confirmatory_n16_mixed_homogeneous_14,16,mixed,homogeneous,tied,14,equal_alternating,4,,,,,,,,,0.018,0.0002142857142857142857142857143,1.499,0.01784523809523809523809523810,0.972,0.01157142857142857142857142857
schedule_policy,exp08_confirmatory_n16_mixed_homogeneous_14,16,mixed,homogeneous,tied,14,equal_alternating,8,,,,,,,,,0.018,0.0002142857142857142857142857143,1.499,0.01784523809523809523809523810,0.972,0.01157142857142857142857142857
differentiated_slowdown,exp08_confirmatory_n16_mixed_homogeneous_14,16,mixed,homogeneous,tied,14,io,4,false,t01->t04->t05->t09->t13->t15->t16 => t01->t03->t07->t10->t11->t14->t16,2.7648,0.03167717875126746524137693987,1.5579,1.5579,2.764800,true,,,,,,
schedule_policy,exp08_confirmatory_n16_mixed_homogeneous_15,16,mixed,homogeneous,tied,15,io,1,,,,,,,,,0.000,0,0,0,0,0
schedule_policy,exp08_confirmatory_n16_mixed_homogeneous_15,16,mixed,homogeneous,tied,15,io,4,,,,,,,,,-3.072,-0.03657142857142857142857142857,-7.168,-0.08533333333333333333333333333,-2.066,-0.02459523809523809523809523810
schedule_policy,exp08_confirmatory_n16_mixed_homogeneous_15,16,mixed,homogeneous,tied,15,io,8,,,,,,,,,-3.072,-0.03657142857142857142857142857,-7.168,-0.08533333333333333333333333333,-2.066,-0.02459523809523809523809523810
schedule_policy,exp08_confirmatory_n16_mixed_homogeneous_15,16,mixed,homogeneous,tied,15,equal_alternating,1,,,,,,,,,0.000,0,0,0,0,0
schedule_policy,exp08_confirmatory_n16_mixed_homogeneous_15,16,mixed,homogeneous,tied,15,equal_alternating,4,,,,,,,,,-0.384,-0.004571428571428571428571428571,-1.664,-0.01980952380952380952380952381,-0.457,-0.005440476190476190476190476190
schedule_policy,exp08_confirmatory_n16_mixed_homogeneous_15,16,mixed,homogeneous,tied,15,equal_alternating,8,,,,,,,,,-0.384,-0.004571428571428571428571428571,-1.664,-0.01980952380952380952380952381,-0.457,-0.005440476190476190476190476190
differentiated_slowdown,exp08_confirmatory_n16_mixed_homogeneous_15,16,mixed,homogeneous,tied,15,io,4,false,t01->t04->t05->t09->t11->t15->t16 => t01->t03->t07->t10->t12->t14->t16,2.7648,0.03167706987103692908405972448,1.5576,1.5576,2.764800,true,,,,,,
schedule_policy,exp08_confirmatory_n16_mixed_homogeneous_16,16,mixed,homogeneous,tied,16,io,1,,,,,,,,,0.000,0,0,0,0,0
schedule_policy,exp08_confirmatory_n16_mixed_homogeneous_16,16,mixed,homogeneous,tied,16,io,4,,,,,,,,,-2.286,-0.02721428571428571428571428571,-4.188,-0.04985714285714285714285714286,-0.878,-0.01045238095238095238095238095
schedule_policy,exp08_confirmatory_n16_mixed_homogeneous_16,16,mixed,homogeneous,tied,16,io,8,,,,,,,,,-2.286,-0.02721428571428571428571428571,-4.188,-0.04985714285714285714285714286,-0.878,-0.01045238095238095238095238095
schedule_policy,exp08_confirmatory_n16_mixed_homogeneous_16,16,mixed,homogeneous,tied,16,equal_alternating,1,,,,,,,,,0.000,0,0,0,0,0
schedule_policy,exp08_confirmatory_n16_mixed_homogeneous_16,16,mixed,homogeneous,tied,16,equal_alternating,4,,,,,,,,,-0.567,-0.00675,-1.710,-0.02035714285714285714285714286,-0.957,-0.01139285714285714285714285714
schedule_policy,exp08_confirmatory_n16_mixed_homogeneous_16,16,mixed,homogeneous,tied,16,equal_alternating,8,,,,,,,,,-0.567,-0.00675,-1.710,-0.02035714285714285714285714286,-0.957,-0.01139285714285714285714285714
differentiated_slowdown,exp08_confirmatory_n16_mixed_homogeneous_16,16,mixed,homogeneous,tied,16,io,4,false,t01->t04->t05->t10->t13->t14->t16 => t01->t03->t06->t08->t11->t15->t16,2.7648,0.03167706987103692908405972448,1.5576,1.5576,2.764800,true,,,,,,
schedule_policy,exp08_confirmatory_n16_mixed_homogeneous_17,16,mixed,homogeneous,tied,17,io,1,,,,,,,,,0.000,0,0,0,0,0
schedule_policy,exp08_confirmatory_n16_mixed_homogeneous_17,16,mixed,homogeneous,tied,17,io,4,,,,,,,,,-0.622,-0.007404761904761904761904761905,-1.152,-0.01371428571428571428571428571,-0.896,-0.01066666666666666666666666667
schedule_policy,exp08_confirmatory_n16_mixed_homogeneous_17,16,mixed,homogeneous,tied,17,io,8,,,,,,,,,-0.622,-0.007404761904761904761904761905,-1.152,-0.01371428571428571428571428571,-0.896,-0.01066666666666666666666666667
schedule_policy,exp08_confirmatory_n16_mixed_homogeneous_17,16,mixed,homogeneous,tied,17,equal_alternating,1,,,,,,,,,0.000,0,0,0,0,0
schedule_policy,exp08_confirmatory_n16_mixed_homogeneous_17,16,mixed,homogeneous,tied,17,equal_alternating,4,,,,,,,,,-0.311,-0.003702380952380952380952380952,0.000,0,-0.326,-0.003880952380952380952380952381
schedule_policy,exp08_confirmatory_n16_mixed_homogeneous_17,16,mixed,homogeneous,tied,17,equal_alternating,8,,,,,,,,,-0.311,-0.003702380952380952380952380952,0.000,0,-0.326,-0.003880952380952380952380952381
differentiated_slowdown,exp08_confirmatory_n16_mixed_homogeneous_17,16,mixed,homogeneous,tied,17,io,4,false,t01->t04->t07->t08->t13->t15->t16 => t01->t03->t05->t10->t12->t14->t16,2.7648,0.03167717875126746524137693987,1.5579,1.5579,2.764800,true,,,,,,
schedule_policy,exp08_confirmatory_n16_mixed_homogeneous_18,16,mixed,homogeneous,tied,18,io,1,,,,,,,,,0.000,0,0,0,0,0
schedule_policy,exp08_confirmatory_n16_mixed_homogeneous_18,16,mixed,homogeneous,tied,18,io,4,,,,,,,,,-0.621,-0.007392857142857142857142857143,0.147,0.00175,-0.256,-0.003047619047619047619047619048
schedule_policy,exp08_confirmatory_n16_mixed_homogeneous_18,16,mixed,homogeneous,tied,18,io,8,,,,,,,,,-0.621,-0.007392857142857142857142857143,0.147,0.00175,-0.256,-0.003047619047619047619047619048
schedule_policy,exp08_confirmatory_n16_mixed_homogeneous_18,16,mixed,homogeneous,tied,18,equal_alternating,1,,,,,,,,,0.000,0,0,0,0,0
schedule_policy,exp08_confirmatory_n16_mixed_homogeneous_18,16,mixed,homogeneous,tied,18,equal_alternating,4,,,,,,,,,0.073,0.0008690476190476190476190476190,-0.696,-0.008285714285714285714285714286,-0.257,-0.003059523809523809523809523810
schedule_policy,exp08_confirmatory_n16_mixed_homogeneous_18,16,mixed,homogeneous,tied,18,equal_alternating,8,,,,,,,,,0.073,0.0008690476190476190476190476190,-0.696,-0.008285714285714285714285714286,-0.257,-0.003059523809523809523809523810
differentiated_slowdown,exp08_confirmatory_n16_mixed_homogeneous_18,16,mixed,homogeneous,tied,18,io,4,false,t01->t03->t07->t09->t12->t15->t16 => t01->t04->t05->t10->t13->t14->t16,2.7648,0.03167717875126746524137693987,1.5579,1.5579,2.764800,true,,,,,,
schedule_policy,exp08_confirmatory_n16_mixed_homogeneous_19,16,mixed,homogeneous,tied,19,io,1,,,,,,,,,0.000,0,0,0,0,0
schedule_policy,exp08_confirmatory_n16_mixed_homogeneous_19,16,mixed,homogeneous,tied,19,io,4,,,,,,,,,-1.134,-0.0135,-1.756,-0.02090476190476190476190476190,-1.243,-0.01479761904761904761904761905
schedule_policy,exp08_confirmatory_n16_mixed_homogeneous_19,16,mixed,homogeneous,tied,19,io,8,,,,,,,,,-1.134,-0.0135,-1.756,-0.02090476190476190476190476190,-1.243,-0.01479761904761904761904761905
schedule_policy,exp08_confirmatory_n16_mixed_homogeneous_19,16,mixed,homogeneous,tied,19,equal_alternating,1,,,,,,,,,0.000,0,0,0,0,0
schedule_policy,exp08_confirmatory_n16_mixed_homogeneous_19,16,mixed,homogeneous,tied,19,equal_alternating,4,,,,,,,,,-0.182,-0.002166666666666666666666666667,-0.108,-0.001285714285714285714285714286,0.205,0.002440476190476190476190476190
schedule_policy,exp08_confirmatory_n16_mixed_homogeneous_19,16,mixed,homogeneous,tied,19,equal_alternating,8,,,,,,,,,-0.182,-0.002166666666666666666666666667,-0.108,-0.001285714285714285714285714286,0.205,0.002440476190476190476190476190
differentiated_slowdown,exp08_confirmatory_n16_mixed_homogeneous_19,16,mixed,homogeneous,tied,19,io,4,false,t01->t04->t06->t08->t13->t15->t16 => t01->t02->t07->t10->t12->t14->t16,2.7648,0.03167717875126746524137693987,1.5579,1.5579,2.764800,true,,,,,,
schedule_policy,exp08_confirmatory_n16_mixed_lognormal_00,16,mixed,lognormal,unique,0,io,1,,,,,,,,,0.000,0,0,0,0,0
schedule_policy,exp08_confirmatory_n16_mixed_lognormal_00,16,mixed,lognormal,unique,0,io,4,,,,,,,,,-4.592,-0.02943589743589743589743589744,-6.335,-0.04060897435897435897435897436,-7.384,-0.04733333333333333333333333333
schedule_policy,exp08_confirmatory_n16_mixed_lognormal_00,16,mixed,lognormal,unique,0,io,8,,,,,,,,,-4.592,-0.02943589743589743589743589744,-6.335,-0.04060897435897435897435897436,-7.384,-0.04733333333333333333333333333
schedule_policy,exp08_confirmatory_n16_mixed_lognormal_00,16,mixed,lognormal,unique,0,equal_alternating,1,,,,,,,,,0.000,0,0,0,0,0
schedule_policy,exp08_confirmatory_n16_mixed_lognormal_00,16,mixed,lognormal,unique,0,equal_alternating,4,,,,,,,,,-2.100,-0.01346153846153846153846153846,-4.787,-0.03068589743589743589743589744,-5.409,-0.03467307692307692307692307692
schedule_policy,exp08_confirmatory_n16_mixed_lognormal_00,16,mixed,lognormal,unique,0,equal_alternating,8,,,,,,,,,-2.100,-0.01346153846153846153846153846,-4.787,-0.03068589743589743589743589744,-5.409,-0.03467307692307692307692307692
differentiated_slowdown,exp08_confirmatory_n16_mixed_lognormal_00,16,mixed,lognormal,unique,0,io,4,true,t01->t02->t07->t10->t12->t14->t16 => t01->t02->t07->t10->t12->t14->t16,4.3200,0.02712886209495101733232856066,4.3200,4.3200,4.320000,true,,,,,,
schedule_policy,exp08_confirmatory_n16_mixed_lognormal_01,16,mixed,lognormal,unique,1,io,1,,,,,,,,,0.000,0,0,0,0,0
schedule_policy,exp08_confirmatory_n16_mixed_lognormal_01,16,mixed,lognormal,unique,1,io,4,,,,,,,,,0.000,0,-0.340,-0.002023809523809523809523809524,-2.006,-0.01194047619047619047619047619
schedule_policy,exp08_confirmatory_n16_mixed_lognormal_01,16,mixed,lognormal,unique,1,io,8,,,,,,,,,0.000,0,-0.340,-0.002023809523809523809523809524,-2.006,-0.01194047619047619047619047619
schedule_policy,exp08_confirmatory_n16_mixed_lognormal_01,16,mixed,lognormal,unique,1,equal_alternating,1,,,,,,,,,0.000,0,0,0,0,0
schedule_policy,exp08_confirmatory_n16_mixed_lognormal_01,16,mixed,lognormal,unique,1,equal_alternating,4,,,,,,,,,-0.355,-0.002113095238095238095238095238,-2.184,-0.013,-2.928,-0.01742857142857142857142857143
schedule_policy,exp08_confirmatory_n16_mixed_lognormal_01,16,mixed,lognormal,unique,1,equal_alternating,8,,,,,,,,,-0.355,-0.002113095238095238095238095238,-2.184,-0.013,-2.928,-0.01742857142857142857142857143
differentiated_slowdown,exp08_confirmatory_n16_mixed_lognormal_01,16,mixed,lognormal,unique,1,io,4,true,t01->t02->t05->t08->t11->t14->t16 => t01->t02->t05->t08->t11->t14->t16,4.6656,0.02720479162585014973830781718,4.6656,4.6656,4.665600,true,,,,,,
schedule_policy,exp08_confirmatory_n16_mixed_lognormal_02,16,mixed,lognormal,unique,2,io,1,,,,,,,,,0.000,0,0,0,0,0
schedule_policy,exp08_confirmatory_n16_mixed_lognormal_02,16,mixed,lognormal,unique,2,io,4,,,,,,,,,0.000,0,2.432,0.01013333333333333333333333333,-0.520,-0.002166666666666666666666666667
schedule_policy,exp08_confirmatory_n16_mixed_lognormal_02,16,mixed,lognormal,unique,2,io,8,,,,,,,,,0.000,0,2.432,0.01013333333333333333333333333,-0.520,-0.002166666666666666666666666667
schedule_policy,exp08_confirmatory_n16_mixed_lognormal_02,16,mixed,lognormal,unique,2,equal_alternating,1,,,,,,,,,0.000,0,0,0,0,0
schedule_policy,exp08_confirmatory_n16_mixed_lognormal_02,16,mixed,lognormal,unique,2,equal_alternating,4,,,,,,,,,-0.811,-0.003379166666666666666666666667,4.194,0.017475,2.500,0.01041666666666666666666666667
schedule_policy,exp08_confirmatory_n16_mixed_lognormal_02,16,mixed,lognormal,unique,2,equal_alternating,8,,,,,,,,,-0.811,-0.003379166666666666666666666667,4.194,0.017475,2.500,0.01041666666666666666666666667
differentiated_slowdown,exp08_confirmatory_n16_mixed_lognormal_02,16,mixed,lognormal,unique,2,io,4,true,t01->t02->t07->t09->t11->t14->t16 => t01->t02->t07->t09->t11->t14->t16,7.0848,0.02888058387305065842252529008,7.0848,7.0848,7.084800,true,,,,,,
schedule_policy,exp08_confirmatory_n16_mixed_lognormal_03,16,mixed,lognormal,unique,3,io,1,,,,,,,,,0.000,0,0,0,0,0
schedule_policy,exp08_confirmatory_n16_mixed_lognormal_03,16,mixed,lognormal,unique,3,io,4,,,,,,,,,-3.744,-0.0195,-1.296,-0.00675,-1.584,-0.00825
schedule_policy,exp08_confirmatory_n16_mixed_lognormal_03,16,mixed,lognormal,unique,3,io,8,,,,,,,,,-3.744,-0.0195,-1.296,-0.00675,-1.584,-0.00825
schedule_policy,exp08_confirmatory_n16_mixed_lognormal_03,16,mixed,lognormal,unique,3,equal_alternating,1,,,,,,,,,0.000,0,0,0,0,0
schedule_policy,exp08_confirmatory_n16_mixed_lognormal_03,16,mixed,lognormal,unique,3,equal_alternating,4,,,,,,,,,-1.008,-0.00525,-3.480,-0.018125,-4.272,-0.02225
schedule_policy,exp08_confirmatory_n16_mixed_lognormal_03,16,mixed,lognormal,unique,3,equal_alternating,8,,,,,,,,,-1.008,-0.00525,-3.480,-0.018125,-4.272,-0.02225
differentiated_slowdown,exp08_confirmatory_n16_mixed_lognormal_03,16,mixed,lognormal,unique,3,io,4,true,t01->t02->t05->t08->t12->t15->t16 => t01->t02->t05->t08->t12->t15->t16,5.5296,0.02819107282693813625685199687,5.5296,5.5296,5.529600,true,,,,,,
schedule_policy,exp08_confirmatory_n16_mixed_lognormal_04,16,mixed,lognormal,unique,4,io,1,,,,,,,,,0.000,0,0,0,0,0
schedule_policy,exp08_confirmatory_n16_mixed_lognormal_04,16,mixed,lognormal,unique,4,io,4,,,,,,,,,-10.010,-0.04906862745098039215686274510,-0.855,-0.004191176470588235294117647059,-0.576,-0.002823529411764705882352941176
schedule_policy,exp08_confirmatory_n16_mixed_lognormal_04,16,mixed,lognormal,unique,4,io,8,,,,,,,,,-10.010,-0.04906862745098039215686274510,-0.855,-0.004191176470588235294117647059,-0.576,-0.002823529411764705882352941176
schedule_policy,exp08_confirmatory_n16_mixed_lognormal_04,16,mixed,lognormal,unique,4,equal_alternating,1,,,,,,,,,0.000,0,0,0,0,0
schedule_policy,exp08_confirmatory_n16_mixed_lognormal_04,16,mixed,lognormal,unique,4,equal_alternating,4,,,,,,,,,-3.649,-0.01788725490196078431372549020,0.169,0.0008284313725490196078431372549,-0.459,-0.00225
schedule_policy,exp08_confirmatory_n16_mixed_lognormal_04,16,mixed,lognormal,unique,4,equal_alternating,8,,,,,,,,,-3.649,-0.01788725490196078431372549020,0.169,0.0008284313725490196078431372549,-0.459,-0.00225
differentiated_slowdown,exp08_confirmatory_n16_mixed_lognormal_04,16,mixed,lognormal,unique,4,io,4,true,t01->t03->t06->t10->t12->t14->t16 => t01->t03->t06->t10->t12->t14->t16,5.7024,0.02737894955175036297849784518,5.7024,5.7024,5.702400,true,,,,,,
schedule_policy,exp08_confirmatory_n16_mixed_lognormal_05,16,mixed,lognormal,unique,5,io,1,,,,,,,,,0.000,0,0,0,0,0
schedule_policy,exp08_confirmatory_n16_mixed_lognormal_05,16,mixed,lognormal,unique,5,io,4,,,,,,,,,3.273,0.01185869565217391304347826087,20.534,0.07439855072463768115942028986,10.901,0.03949637681159420289855072464
schedule_policy,exp08_confirmatory_n16_mixed_lognormal_05,16,mixed,lognormal,unique,5,io,8,,,,,,,,,3.273,0.01185869565217391304347826087,20.534,0.07439855072463768115942028986,10.901,0.03949637681159420289855072464
schedule_policy,exp08_confirmatory_n16_mixed_lognormal_05,16,mixed,lognormal,unique,5,equal_alternating,1,,,,,,,,,0.000,0,0,0,0,0
schedule_policy,exp08_confirmatory_n16_mixed_lognormal_05,16,mixed,lognormal,unique,5,equal_alternating,4,,,,,,,,,-0.975,-0.003532608695652173913043478261,0.581,0.002105072463768115942028985507,-0.883,-0.003199275362318840579710144928
schedule_policy,exp08_confirmatory_n16_mixed_lognormal_05,16,mixed,lognormal,unique,5,equal_alternating,8,,,,,,,,,-0.975,-0.003532608695652173913043478261,0.581,0.002105072463768115942028985507,-0.883,-0.003199275362318840579710144928
differentiated_slowdown,exp08_confirmatory_n16_mixed_lognormal_05,16,mixed,lognormal,unique,5,io,4,true,t01->t03->t06->t09->t13->t14->t16 => t01->t03->t06->t09->t13->t14->t16,7.2576,0.02578708599106320564859978852,7.2576,7.2576,7.257600,true,,,,,,
schedule_policy,exp08_confirmatory_n16_mixed_lognormal_06,16,mixed,lognormal,unique,6,io,1,,,,,,,,,0.000,0,0,0,0,0
schedule_policy,exp08_confirmatory_n16_mixed_lognormal_06,16,mixed,lognormal,unique,6,io,4,,,,,,,,,0.000,0,0.429,0.002234375,-0.551,-0.002869791666666666666666666667
schedule_policy,exp08_confirmatory_n16_mixed_lognormal_06,16,mixed,lognormal,unique,6,io,8,,,,,,,,,0.000,0,0.429,0.002234375,-0.551,-0.002869791666666666666666666667
schedule_policy,exp08_confirmatory_n16_mixed_lognormal_06,16,mixed,lognormal,unique,6,equal_alternating,1,,,,,,,,,0.000,0,0,0,0,0
schedule_policy,exp08_confirmatory_n16_mixed_lognormal_06,16,mixed,lognormal,unique,6,equal_alternating,4,,,,,,,,,-1.772,-0.009229166666666666666666666667,5.646,0.02940625,0.635,0.003307291666666666666666666667
schedule_policy,exp08_confirmatory_n16_mixed_lognormal_06,16,mixed,lognormal,unique,6,equal_alternating,8,,,,,,,,,-1.772,-0.009229166666666666666666666667,5.646,0.02940625,0.635,0.003307291666666666666666666667
differentiated_slowdown,exp08_confirmatory_n16_mixed_lognormal_06,16,mixed,lognormal,unique,6,io,4,true,t01->t02->t06->t09->t11->t14->t16 => t01->t02->t06->t09->t11->t14->t16,5.7024,0.02905284781492259910493751681,5.7024,5.7024,5.702400,true,,,,,,
schedule_policy,exp08_confirmatory_n16_mixed_lognormal_07,16,mixed,lognormal,unique,7,io,1,,,,,,,,,0.000,0,0,0,0,0
schedule_policy,exp08_confirmatory_n16_mixed_lognormal_07,16,mixed,lognormal,unique,7,io,4,,,,,,,,,0.000,0,2.822,0.01237719298245614035087719298,0.640,0.002807017543859649122807017544
schedule_policy,exp08_confirmatory_n16_mixed_lognormal_07,16,mixed,lognormal,unique,7,io,8,,,,,,,,,0.000,0,2.822,0.01237719298245614035087719298,0.640,0.002807017543859649122807017544
schedule_policy,exp08_confirmatory_n16_mixed_lognormal_07,16,mixed,lognormal,unique,7,equal_alternating,1,,,,,,,,,0.000,0,0,0,0,0
schedule_policy,exp08_confirmatory_n16_mixed_lognormal_07,16,mixed,lognormal,unique,7,equal_alternating,4,,,,,,,,,-2.208,-0.009684210526315789473684210526,0.879,0.003855263157894736842105263158,-0.213,-0.0009342105263157894736842105263
schedule_policy,exp08_confirmatory_n16_mixed_lognormal_07,16,mixed,lognormal,unique,7,equal_alternating,8,,,,,,,,,-2.208,-0.009684210526315789473684210526,0.879,0.003855263157894736842105263158,-0.213,-0.0009342105263157894736842105263
differentiated_slowdown,exp08_confirmatory_n16_mixed_lognormal_07,16,mixed,lognormal,unique,7,io,4,true,t01->t02->t05->t10->t13->t15->t16 => t01->t02->t05->t10->t13->t15->t16,6.2208,0.02673708532761181713153985806,6.2208,6.2208,6.220800,true,,,,,,
schedule_policy,exp08_confirmatory_n16_mixed_lognormal_08,16,mixed,lognormal,tied,8,io,1,,,,,,,,,0.000,0,0,0,0,0
schedule_policy,exp08_confirmatory_n16_mixed_lognormal_08,16,mixed,lognormal,tied,8,io,4,,,,,,,,,-3.792,-0.01663157894736842105263157895,4.416,0.01936842105263157894736842105,3.984,0.01747368421052631578947368421
schedule_policy,exp08_confirmatory_n16_mixed_lognormal_08,16,mixed,lognormal,tied,8,io,8,,,,,,,,,-3.792,-0.01663157894736842105263157895,4.416,0.01936842105263157894736842105,3.984,0.01747368421052631578947368421
schedule_policy,exp08_confirmatory_n16_mixed_lognormal_08,16,mixed,lognormal,tied,8,equal_alternating,1,,,,,,,,,0.000,0,0,0,0,0
schedule_policy,exp08_confirmatory_n16_mixed_lognormal_08,16,mixed,lognormal,tied,8,equal_alternating,4,,,,,,,,,-4.120,-0.01807017543859649122807017544,-2.352,-0.01031578947368421052631578947,-1.488,-0.006526315789473684210526315789
schedule_policy,exp08_confirmatory_n16_mixed_lognormal_08,16,mixed,lognormal,tied,8,equal_alternating,8,,,,,,,,,-4.120,-0.01807017543859649122807017544,-2.352,-0.01031578947368421052631578947,-1.488,-0.006526315789473684210526315789
differentiated_slowdown,exp08_confirmatory_n16_mixed_lognormal_08,16,mixed,lognormal,tied,8,io,4,false,t01->t02->t07->t09->t11->t14->t16 => t01->t02->t07->t10->t12->t15->t16,6.5664,0.02794231790514318395359287553,4.4928,4.4928,6.566400,true,,,,,,
schedule_policy,exp08_confirmatory_n16_mixed_lognormal_09,16,mixed,lognormal,tied,9,io,1,,,,,,,,,0.000,0,0,0,0,0
schedule_policy,exp08_confirmatory_n16_mixed_lognormal_09,16,mixed,lognormal,tied,9,io,4,,,,,,,,,-3.240,-0.016875,-5.690,-0.02963541666666666666666666667,-8.390,-0.04369791666666666666666666667
schedule_policy,exp08_confirmatory_n16_mixed_lognormal_09,16,mixed,lognormal,tied,9,io,8,,,,,,,,,-3.240,-0.016875,-5.690,-0.02963541666666666666666666667,-8.390,-0.04369791666666666666666666667
schedule_policy,exp08_confirmatory_n16_mixed_lognormal_09,16,mixed,lognormal,tied,9,equal_alternating,1,,,,,,,,,0.000,0,0,0,0,0
schedule_policy,exp08_confirmatory_n16_mixed_lognormal_09,16,mixed,lognormal,tied,9,equal_alternating,4,,,,,,,,,-3.024,-0.01575,-2.952,-0.015375,-2.480,-0.01291666666666666666666666667
schedule_policy,exp08_confirmatory_n16_mixed_lognormal_09,16,mixed,lognormal,tied,9,equal_alternating,8,,,,,,,,,-3.024,-0.01575,-2.952,-0.015375,-2.480,-0.01291666666666666666666666667
differentiated_slowdown,exp08_confirmatory_n16_mixed_lognormal_09,16,mixed,lognormal,tied,9,io,4,false,t01->t04->t05->t10->t13->t15->t16 => t01->t04->t06->t09->t12->t15->t16,5.1840,0.02619332737111761228418547544,3.1590,3.1590,5.184000,true,,,,,,
schedule_policy,exp08_confirmatory_n16_mixed_lognormal_10,16,mixed,lognormal,unique,10,io,1,,,,,,,,,0.000,0,0,0,0,0
schedule_policy,exp08_confirmatory_n16_mixed_lognormal_10,16,mixed,lognormal,unique,10,io,4,,,,,,,,,-4.596,-0.02127777777777777777777777778,-0.876,-0.004055555555555555555555555556,-5.618,-0.02600925925925925925925925926
schedule_policy,exp08_confirmatory_n16_mixed_lognormal_10,16,mixed,lognormal,unique,10,io,8,,,,,,,,,-4.596,-0.02127777777777777777777777778,-0.876,-0.004055555555555555555555555556,-5.618,-0.02600925925925925925925925926
schedule_policy,exp08_confirmatory_n16_mixed_lognormal_10,16,mixed,lognormal,unique,10,equal_alternating,1,,,,,,,,,0.000,0,0,0,0,0
schedule_policy,exp08_confirmatory_n16_mixed_lognormal_10,16,mixed,lognormal,unique,10,equal_alternating,4,,,,,,,,,-2.833,-0.01311574074074074074074074074,2.368,0.01096296296296296296296296296,0.723,0.003347222222222222222222222222
schedule_policy,exp08_confirmatory_n16_mixed_lognormal_10,16,mixed,lognormal,unique,10,equal_alternating,8,,,,,,,,,-2.833,-0.01311574074074074074074074074,2.368,0.01096296296296296296296296296,0.723,0.003347222222222222222222222222
differentiated_slowdown,exp08_confirmatory_n16_mixed_lognormal_10,16,mixed,lognormal,unique,10,io,4,true,t01->t04->t05->t09->t12->t14->t16 => t01->t04->t05->t09->t12->t14->t16,6.0480,0.02742409402546523016650342801,6.0480,6.0480,6.048000,true,,,,,,
schedule_policy,exp08_confirmatory_n16_mixed_lognormal_11,16,mixed,lognormal,unique,11,io,1,,,,,,,,,0.000,0,0,0,0,0
schedule_policy,exp08_confirmatory_n16_mixed_lognormal_11,16,mixed,lognormal,unique,11,io,4,,,,,,,,,-1.176,-0.0049,-1.218,-0.005075,-2.226,-0.009275
schedule_policy,exp08_confirmatory_n16_mixed_lognormal_11,16,mixed,lognormal,unique,11,io,8,,,,,,,,,-1.176,-0.0049,-1.218,-0.005075,-2.226,-0.009275
schedule_policy,exp08_confirmatory_n16_mixed_lognormal_11,16,mixed,lognormal,unique,11,equal_alternating,1,,,,,,,,,0.000,0,0,0,0,0
schedule_policy,exp08_confirmatory_n16_mixed_lognormal_11,16,mixed,lognormal,unique,11,equal_alternating,4,,,,,,,,,-1.186,-0.004941666666666666666666666667,6.930,0.028875,4.662,0.019425
schedule_policy,exp08_confirmatory_n16_mixed_lognormal_11,16,mixed,lognormal,unique,11,equal_alternating,8,,,,,,,,,-1.186,-0.004941666666666666666666666667,6.930,0.028875,4.662,0.019425
differentiated_slowdown,exp08_confirmatory_n16_mixed_lognormal_11,16,mixed,lognormal,unique,11,io,4,true,t01->t02->t05->t10->t13->t14->t16 => t01->t02->t05->t10->t13->t14->t16,6.0480,0.02473255471587005594268328590,6.0480,6.0480,6.048000,true,,,,,,
schedule_policy,exp08_confirmatory_n16_mixed_lognormal_12,16,mixed,lognormal,tied,12,io,1,,,,,,,,,0.000,0,0,0,0,0
schedule_policy,exp08_confirmatory_n16_mixed_lognormal_12,16,mixed,lognormal,tied,12,io,4,,,,,,,,,-1.013,-0.005627777777777777777777777778,2.839,0.01577222222222222222222222222,4.814,0.02674444444444444444444444444
schedule_policy,exp08_confirmatory_n16_mixed_lognormal_12,16,mixed,lognormal,tied,12,io,8,,,,,,,,,-1.013,-0.005627777777777777777777777778,2.839,0.01577222222222222222222222222,4.814,0.02674444444444444444444444444
schedule_policy,exp08_confirmatory_n16_mixed_lognormal_12,16,mixed,lognormal,tied,12,equal_alternating,1,,,,,,,,,0.000,0,0,0,0,0
schedule_policy,exp08_confirmatory_n16_mixed_lognormal_12,16,mixed,lognormal,tied,12,equal_alternating,4,,,,,,,,,-0.589,-0.003272222222222222222222222222,-1.455,-0.008083333333333333333333333333,0.916,0.005088888888888888888888888889
schedule_policy,exp08_confirmatory_n16_mixed_lognormal_12,16,mixed,lognormal,tied,12,equal_alternating,8,,,,,,,,,-0.589,-0.003272222222222222222222222222,-1.455,-0.008083333333333333333333333333,0.916,0.005088888888888888888888888889
differentiated_slowdown,exp08_confirmatory_n16_mixed_lognormal_12,16,mixed,lognormal,tied,12,io,4,false,t01->t03->t05->t09->t12->t14->t16 => t01->t03->t06->t10->t13->t15->t16,6.2208,0.03334979164421742340050146919,4.3545,4.3545,6.220800,true,,,,,,
schedule_policy,exp08_confirmatory_n16_mixed_lognormal_13,16,mixed,lognormal,unique,13,io,1,,,,,,,,,0.000,0,0,0,0,0
schedule_policy,exp08_confirmatory_n16_mixed_lognormal_13,16,mixed,lognormal,unique,13,io,4,,,,,,,,,0.000,0,7.357,0.02919444444444444444444444444,1.775,0.007043650793650793650793650794
schedule_policy,exp08_confirmatory_n16_mixed_lognormal_13,16,mixed,lognormal,unique,13,io,8,,,,,,,,,0.000,0,7.357,0.02919444444444444444444444444,1.775,0.007043650793650793650793650794
schedule_policy,exp08_confirmatory_n16_mixed_lognormal_13,16,mixed,lognormal,unique,13,equal_alternating,1,,,,,,,,,0.000,0,0,0,0,0
schedule_policy,exp08_confirmatory_n16_mixed_lognormal_13,16,mixed,lognormal,unique,13,equal_alternating,4,,,,,,,,,-3.261,-0.01294047619047619047619047619,0.589,0.002337301587301587301587301587,-1.227,-0.004869047619047619047619047619
schedule_policy,exp08_confirmatory_n16_mixed_lognormal_13,16,mixed,lognormal,unique,13,equal_alternating,8,,,,,,,,,-3.261,-0.01294047619047619047619047619,0.589,0.002337301587301587301587301587,-1.227,-0.004869047619047619047619047619
differentiated_slowdown,exp08_confirmatory_n16_mixed_lognormal_13,16,mixed,lognormal,unique,13,io,4,true,t01->t04->t05->t09->t13->t15->t16 => t01->t04->t05->t09->t13->t15->t16,6.3936,0.02489766163853529972522850894,6.3936,6.3936,6.393600,true,,,,,,
schedule_policy,exp08_confirmatory_n16_mixed_lognormal_14,16,mixed,lognormal,unique,14,io,1,,,,,,,,,0.000,0,0,0,0,0
schedule_policy,exp08_confirmatory_n16_mixed_lognormal_14,16,mixed,lognormal,unique,14,io,4,,,,,,,,,-2.079,-0.01019117647058823529411764706,-1.300,-0.006372549019607843137254901961,-2.418,-0.01185294117647058823529411765
schedule_policy,exp08_confirmatory_n16_mixed_lognormal_14,16,mixed,lognormal,unique,14,io,8,,,,,,,,,-2.079,-0.01019117647058823529411764706,-1.300,-0.006372549019607843137254901961,-2.418,-0.01185294117647058823529411765
schedule_policy,exp08_confirmatory_n16_mixed_lognormal_14,16,mixed,lognormal,unique,14,equal_alternating,1,,,,,,,,,0.000,0,0,0,0,0
schedule_policy,exp08_confirmatory_n16_mixed_lognormal_14,16,mixed,lognormal,unique,14,equal_alternating,4,,,,,,,,,0.362,0.001774509803921568627450980392,-0.252,-0.001235294117647058823529411765,-0.999,-0.004897058823529411764705882353
schedule_policy,exp08_confirmatory_n16_mixed_lognormal_14,16,mixed,lognormal,unique,14,equal_alternating,8,,,,,,,,,0.362,0.001774509803921568627450980392,-0.252,-0.001235294117647058823529411765,-0.999,-0.004897058823529411764705882353
differentiated_slowdown,exp08_confirmatory_n16_mixed_lognormal_14,16,mixed,lognormal,unique,14,io,4,true,t01->t04->t06->t08->t11->t15->t16 => t01->t04->t06->t08->t11->t15->t16,5.7024,0.02737894955175036297849784518,5.7024,5.7024,5.702400,true,,,,,,
schedule_policy,exp08_confirmatory_n16_mixed_lognormal_15,16,mixed,lognormal,unique,15,io,1,,,,,,,,,0.000,0,0,0,0,0
schedule_policy,exp08_confirmatory_n16_mixed_lognormal_15,16,mixed,lognormal,unique,15,io,4,,,,,,,,,-1.229,-0.004452898550724637681159420290,-2.726,-0.009876811594202898550724637681,-3.702,-0.01341304347826086956521739130
schedule_policy,exp08_confirmatory_n16_mixed_lognormal_15,16,mixed,lognormal,unique,15,io,8,,,,,,,,,-1.229,-0.004452898550724637681159420290,-2.726,-0.009876811594202898550724637681,-3.702,-0.01341304347826086956521739130
schedule_policy,exp08_confirmatory_n16_mixed_lognormal_15,16,mixed,lognormal,unique,15,equal_alternating,1,,,,,,,,,0.000,0,0,0,0,0
schedule_policy,exp08_confirmatory_n16_mixed_lognormal_15,16,mixed,lognormal,unique,15,equal_alternating,4,,,,,,,,,-1.393,-0.005047101449275362318840579710,-3.098,-0.01122463768115942028985507246,-3.586,-0.01299275362318840579710144928
schedule_policy,exp08_confirmatory_n16_mixed_lognormal_15,16,mixed,lognormal,unique,15,equal_alternating,8,,,,,,,,,-1.393,-0.005047101449275362318840579710,-3.098,-0.01122463768115942028985507246,-3.586,-0.01299275362318840579710144928
differentiated_slowdown,exp08_confirmatory_n16_mixed_lognormal_15,16,mixed,lognormal,unique,15,io,4,true,t01->t03->t06->t08->t12->t15->t16 => t01->t03->t06->t08->t12->t15->t16,6.7392,0.02397827609174593957611053234,6.7392,6.7392,6.739200,true,,,,,,
schedule_policy,exp08_confirmatory_n16_mixed_lognormal_16,16,mixed,lognormal,unique,16,io,1,,,,,,,,,0.000,0,0,0,0,0
schedule_policy,exp08_confirmatory_n16_mixed_lognormal_16,16,mixed,lognormal,unique,16,io,4,,,,,,,,,-4.136,-0.02027450980392156862745098039,-2.288,-0.01121568627450980392156862745,-1.369,-0.006710784313725490196078431373
schedule_policy,exp08_confirmatory_n16_mixed_lognormal_16,16,mixed,lognormal,unique,16,io,8,,,,,,,,,-4.136,-0.02027450980392156862745098039,-2.288,-0.01121568627450980392156862745,-1.369,-0.006710784313725490196078431373
schedule_policy,exp08_confirmatory_n16_mixed_lognormal_16,16,mixed,lognormal,unique,16,equal_alternating,1,,,,,,,,,0.000,0,0,0,0,0
schedule_policy,exp08_confirmatory_n16_mixed_lognormal_16,16,mixed,lognormal,unique,16,equal_alternating,4,,,,,,,,,-0.558,-0.002735294117647058823529411765,-0.158,-0.0007745098039215686274509803922,-0.771,-0.003779411764705882352941176471
schedule_policy,exp08_confirmatory_n16_mixed_lognormal_16,16,mixed,lognormal,unique,16,equal_alternating,8,,,,,,,,,-0.558,-0.002735294117647058823529411765,-0.158,-0.0007745098039215686274509803922,-0.771,-0.003779411764705882352941176471
differentiated_slowdown,exp08_confirmatory_n16_mixed_lognormal_16,16,mixed,lognormal,unique,16,io,4,true,t01->t02->t07->t10->t11->t14->t16 => t01->t02->t07->t10->t11->t14->t16,5.3568,0.02575166716662436255393774373,5.3568,5.3568,5.356800,true,,,,,,
schedule_policy,exp08_confirmatory_n16_mixed_lognormal_17,16,mixed,lognormal,unique,17,io,1,,,,,,,,,0.000,0,0,0,0,0
schedule_policy,exp08_confirmatory_n16_mixed_lognormal_17,16,mixed,lognormal,unique,17,io,4,,,,,,,,,0.318,0.001019230769230769230769230769,3.109,0.009964743589743589743589743590,-0.148,-0.0004743589743589743589743589744
schedule_policy,exp08_confirmatory_n16_mixed_lognormal_17,16,mixed,lognormal,unique,17,io,8,,,,,,,,,0.318,0.001019230769230769230769230769,3.109,0.009964743589743589743589743590,-0.148,-0.0004743589743589743589743589744
schedule_policy,exp08_confirmatory_n16_mixed_lognormal_17,16,mixed,lognormal,unique,17,equal_alternating,1,,,,,,,,,0.000,0,0,0,0,0
schedule_policy,exp08_confirmatory_n16_mixed_lognormal_17,16,mixed,lognormal,unique,17,equal_alternating,4,,,,,,,,,-0.362,-0.001160256410256410256410256410,4.685,0.01501602564102564102564102564,3.057,0.009798076923076923076923076923
schedule_policy,exp08_confirmatory_n16_mixed_lognormal_17,16,mixed,lognormal,unique,17,equal_alternating,8,,,,,,,,,-0.362,-0.001160256410256410256410256410,4.685,0.01501602564102564102564102564,3.057,0.009798076923076923076923076923
differentiated_slowdown,exp08_confirmatory_n16_mixed_lognormal_17,16,mixed,lognormal,unique,17,io,4,true,t01->t02->t05->t08->t12->t14->t16 => t01->t02->t05->t08->t12->t14->t16,8.4672,0.02659710809221537023355397072,8.4672,8.4672,8.467200,true,,,,,,
schedule_policy,exp08_confirmatory_n16_mixed_lognormal_18,16,mixed,lognormal,unique,18,io,1,,,,,,,,,0.000,0,0,0,0,0
schedule_policy,exp08_confirmatory_n16_mixed_lognormal_18,16,mixed,lognormal,unique,18,io,4,,,,,,,,,-9.210,-0.04039473684210526315789473684,-7.703,-0.03378508771929824561403508772,-10.697,-0.04691666666666666666666666667
schedule_policy,exp08_confirmatory_n16_mixed_lognormal_18,16,mixed,lognormal,unique,18,io,8,,,,,,,,,-9.210,-0.04039473684210526315789473684,-7.703,-0.03378508771929824561403508772,-10.697,-0.04691666666666666666666666667
schedule_policy,exp08_confirmatory_n16_mixed_lognormal_18,16,mixed,lognormal,unique,18,equal_alternating,1,,,,,,,,,0.000,0,0,0,0,0
schedule_policy,exp08_confirmatory_n16_mixed_lognormal_18,16,mixed,lognormal,unique,18,equal_alternating,4,,,,,,,,,-3.689,-0.01617982456140350877192982456,-5.698,-0.02499122807017543859649122807,-8.028,-0.03521052631578947368421052632
schedule_policy,exp08_confirmatory_n16_mixed_lognormal_18,16,mixed,lognormal,unique,18,equal_alternating,8,,,,,,,,,-3.689,-0.01617982456140350877192982456,-5.698,-0.02499122807017543859649122807,-8.028,-0.03521052631578947368421052632
differentiated_slowdown,exp08_confirmatory_n16_mixed_lognormal_18,16,mixed,lognormal,unique,18,io,4,true,t01->t03->t05->t10->t11->t15->t16 => t01->t03->t05->t10->t11->t15->t16,5.8752,0.02527985459952910074765583048,5.8752,5.8752,5.875200,true,,,,,,
schedule_policy,exp08_confirmatory_n16_mixed_lognormal_19,16,mixed,lognormal,unique,19,io,1,,,,,,,,,0.000,0,0,0,0,0
schedule_policy,exp08_confirmatory_n16_mixed_lognormal_19,16,mixed,lognormal,unique,19,io,4,,,,,,,,,0.000,0,3.600,0.015,0.720,0.003
schedule_policy,exp08_confirmatory_n16_mixed_lognormal_19,16,mixed,lognormal,unique,19,io,8,,,,,,,,,0.000,0,3.600,0.015,0.720,0.003
schedule_policy,exp08_confirmatory_n16_mixed_lognormal_19,16,mixed,lognormal,unique,19,equal_alternating,1,,,,,,,,,0.000,0,0,0,0,0
schedule_policy,exp08_confirmatory_n16_mixed_lognormal_19,16,mixed,lognormal,unique,19,equal_alternating,4,,,,,,,,,-2.160,-0.009,2.432,0.01013333333333333333333333333,0.880,0.003666666666666666666666666667
schedule_policy,exp08_confirmatory_n16_mixed_lognormal_19,16,mixed,lognormal,unique,19,equal_alternating,8,,,,,,,,,-2.160,-0.009,2.432,0.01013333333333333333333333333,0.880,0.003666666666666666666666666667
differentiated_slowdown,exp08_confirmatory_n16_mixed_lognormal_19,16,mixed,lognormal,unique,19,io,4,true,t01->t03->t07->t09->t13->t15->t16 => t01->t03->t07->t09->t13->t15->t16,6.9120,0.02819107282693813625685199687,6.9120,6.9120,6.912000,true,,,,,,
schedule_policy,exp08_confirmatory_n16_chain_like_homogeneous_00,16,chain_like,homogeneous,tied,0,io,1,,,,,,,,,0.000,0,0,0,0,0
schedule_policy,exp08_confirmatory_n16_chain_like_homogeneous_00,16,chain_like,homogeneous,tied,0,io,4,,,,,,,,,-1.632,-0.01133333333333333333333333333,-1.920,-0.01333333333333333333333333333,-1.920,-0.01333333333333333333333333333
schedule_policy,exp08_confirmatory_n16_chain_like_homogeneous_00,16,chain_like,homogeneous,tied,0,io,8,,,,,,,,,-1.632,-0.01133333333333333333333333333,-1.920,-0.01333333333333333333333333333,-1.920,-0.01333333333333333333333333333
schedule_policy,exp08_confirmatory_n16_chain_like_homogeneous_00,16,chain_like,homogeneous,tied,0,equal_alternating,1,,,,,,,,,0.000,0,0,0,0,0
schedule_policy,exp08_confirmatory_n16_chain_like_homogeneous_00,16,chain_like,homogeneous,tied,0,equal_alternating,4,,,,,,,,,-1.392,-0.009666666666666666666666666667,-1.536,-0.01066666666666666666666666667,-1.536,-0.01066666666666666666666666667
schedule_policy,exp08_confirmatory_n16_chain_like_homogeneous_00,16,chain_like,homogeneous,tied,0,equal_alternating,8,,,,,,,,,-1.392,-0.009666666666666666666666666667,-1.536,-0.01066666666666666666666666667,-1.536,-0.01066666666666666666666666667
differentiated_slowdown,exp08_confirmatory_n16_chain_like_homogeneous_00,16,chain_like,homogeneous,tied,0,io,4,false,t01->t02->t04->t07->t08->t10->t11->t12->t13->t14->t15->t16 => t01->t02->t04->t07->t08->t10->t11->t12->t13->t14->t15->t16,2.7648,0.01853281853281853281853281853,0.0000,0.0000,2.764800,true,,,,,,
schedule_policy,exp08_confirmatory_n16_chain_like_homogeneous_01,16,chain_like,homogeneous,tied,1,io,1,,,,,,,,,0.000,0,0,0,0,0
schedule_policy,exp08_confirmatory_n16_chain_like_homogeneous_01,16,chain_like,homogeneous,tied,1,io,4,,,,,,,,,-1.728,-0.012,-0.864,-0.006,-0.864,-0.006
schedule_policy,exp08_confirmatory_n16_chain_like_homogeneous_01,16,chain_like,homogeneous,tied,1,io,8,,,,,,,,,-1.728,-0.012,-0.864,-0.006,-0.864,-0.006
schedule_policy,exp08_confirmatory_n16_chain_like_homogeneous_01,16,chain_like,homogeneous,tied,1,equal_alternating,1,,,,,,,,,0.000,0,0,0,0,0
schedule_policy,exp08_confirmatory_n16_chain_like_homogeneous_01,16,chain_like,homogeneous,tied,1,equal_alternating,4,,,,,,,,,-1.440,-0.01,-0.864,-0.006,-0.864,-0.006
schedule_policy,exp08_confirmatory_n16_chain_like_homogeneous_01,16,chain_like,homogeneous,tied,1,equal_alternating,8,,,,,,,,,-1.440,-0.01,-0.864,-0.006,-0.864,-0.006
differentiated_slowdown,exp08_confirmatory_n16_chain_like_homogeneous_01,16,chain_like,homogeneous,tied,1,io,4,false,t01->t03->t05->t07->t09->t10->t11->t12->t13->t14->t15->t16 => t01->t03->t05->t07->t09->t10->t11->t12->t13->t14->t15->t16,2.7648,0.01853281853281853281853281853,0.0000,0.0000,2.764800,true,,,,,,
schedule_policy,exp08_confirmatory_n16_chain_like_homogeneous_02,16,chain_like,homogeneous,tied,2,io,1,,,,,,,,,0.000,0,0,0,0,0
schedule_policy,exp08_confirmatory_n16_chain_like_homogeneous_02,16,chain_like,homogeneous,tied,2,io,4,,,,,,,,,-1.920,-0.01333333333333333333333333333,-1.920,-0.01333333333333333333333333333,-1.920,-0.01333333333333333333333333333
schedule_policy,exp08_confirmatory_n16_chain_like_homogeneous_02,16,chain_like,homogeneous,tied,2,io,8,,,,,,,,,-1.920,-0.01333333333333333333333333333,-1.920,-0.01333333333333333333333333333,-1.920,-0.01333333333333333333333333333
schedule_policy,exp08_confirmatory_n16_chain_like_homogeneous_02,16,chain_like,homogeneous,tied,2,equal_alternating,1,,,,,,,,,0.000,0,0,0,0,0
schedule_policy,exp08_confirmatory_n16_chain_like_homogeneous_02,16,chain_like,homogeneous,tied,2,equal_alternating,4,,,,,,,,,-0.960,-0.006666666666666666666666666667,-0.960,-0.006666666666666666666666666667,-0.960,-0.006666666666666666666666666667
schedule_policy,exp08_confirmatory_n16_chain_like_homogeneous_02,16,chain_like,homogeneous,tied,2,equal_alternating,8,,,,,,,,,-0.960,-0.006666666666666666666666666667,-0.960,-0.006666666666666666666666666667,-0.960,-0.006666666666666666666666666667
differentiated_slowdown,exp08_confirmatory_n16_chain_like_homogeneous_02,16,chain_like,homogeneous,tied,2,io,4,false,t01->t02->t04->t06->t09->t10->t11->t12->t13->t14->t15->t16 => t01->t02->t04->t06->t09->t10->t11->t12->t13->t14->t15->t16,2.7648,0.01840490797546012269938650307,-0.9216,-0.9216,2.764800,true,,,,,,
schedule_policy,exp08_confirmatory_n16_chain_like_homogeneous_03,16,chain_like,homogeneous,tied,3,io,1,,,,,,,,,0.000,0,0,0,0,0
schedule_policy,exp08_confirmatory_n16_chain_like_homogeneous_03,16,chain_like,homogeneous,tied,3,io,4,,,,,,,,,-0.480,-0.003333333333333333333333333333,-0.768,-0.005333333333333333333333333333,-0.768,-0.005333333333333333333333333333
schedule_policy,exp08_confirmatory_n16_chain_like_homogeneous_03,16,chain_like,homogeneous,tied,3,io,8,,,,,,,,,-0.480,-0.003333333333333333333333333333,-0.768,-0.005333333333333333333333333333,-0.768,-0.005333333333333333333333333333
schedule_policy,exp08_confirmatory_n16_chain_like_homogeneous_03,16,chain_like,homogeneous,tied,3,equal_alternating,1,,,,,,,,,0.000,0,0,0,0,0
schedule_policy,exp08_confirmatory_n16_chain_like_homogeneous_03,16,chain_like,homogeneous,tied,3,equal_alternating,4,,,,,,,,,-0.816,-0.005666666666666666666666666667,-0.960,-0.006666666666666666666666666667,-0.960,-0.006666666666666666666666666667
schedule_policy,exp08_confirmatory_n16_chain_like_homogeneous_03,16,chain_like,homogeneous,tied,3,equal_alternating,8,,,,,,,,,-0.816,-0.005666666666666666666666666667,-0.960,-0.006666666666666666666666666667,-0.960,-0.006666666666666666666666666667
differentiated_slowdown,exp08_confirmatory_n16_chain_like_homogeneous_03,16,chain_like,homogeneous,tied,3,io,4,false,t01->t02->t05->t06->t09->t10->t11->t12->t13->t14->t15->t16 => t01->t02->t05->t06->t09->t10->t11->t12->t13->t14->t15->t16,2.7648,0.01840490797546012269938650307,-0.9216,-0.9216,2.764800,true,,,,,,
schedule_policy,exp08_confirmatory_n16_chain_like_homogeneous_04,16,chain_like,homogeneous,tied,4,io,1,,,,,,,,,0.000,0,0,0,0,0
schedule_policy,exp08_confirmatory_n16_chain_like_homogeneous_04,16,chain_like,homogeneous,tied,4,io,4,,,,,,,,,-1.728,-0.012,-0.576,-0.004,-0.576,-0.004
schedule_policy,exp08_confirmatory_n16_chain_like_homogeneous_04,16,chain_like,homogeneous,tied,4,io,8,,,,,,,,,-1.728,-0.012,-0.576,-0.004,-0.576,-0.004
schedule_policy,exp08_confirmatory_n16_chain_like_homogeneous_04,16,chain_like,homogeneous,tied,4,equal_alternating,1,,,,,,,,,0.000,0,0,0,0,0
schedule_policy,exp08_confirmatory_n16_chain_like_homogeneous_04,16,chain_like,homogeneous,tied,4,equal_alternating,4,,,,,,,,,-2.016,-0.014,-1.440,-0.01,-1.440,-0.01
schedule_policy,exp08_confirmatory_n16_chain_like_homogeneous_04,16,chain_like,homogeneous,tied,4,equal_alternating,8,,,,,,,,,-2.016,-0.014,-1.440,-0.01,-1.440,-0.01
differentiated_slowdown,exp08_confirmatory_n16_chain_like_homogeneous_04,16,chain_like,homogeneous,tied,4,io,4,false,t01->t03->t04->t06->t08->t10->t11->t12->t13->t14->t15->t16 => t01->t03->t04->t06->t08->t10->t11->t12->t13->t14->t15->t16,2.7648,0.01853281853281853281853281853,0.0000,0.0000,2.764800,true,,,,,,
schedule_policy,exp08_confirmatory_n16_chain_like_homogeneous_05,16,chain_like,homogeneous,tied,5,io,1,,,,,,,,,0.000,0,0,0,0,0
schedule_policy,exp08_confirmatory_n16_chain_like_homogeneous_05,16,chain_like,homogeneous,tied,5,io,4,,,,,,,,,-1.920,-0.01333333333333333333333333333,-1.920,-0.01333333333333333333333333333,-1.920,-0.01333333333333333333333333333
schedule_policy,exp08_confirmatory_n16_chain_like_homogeneous_05,16,chain_like,homogeneous,tied,5,io,8,,,,,,,,,-1.920,-0.01333333333333333333333333333,-1.920,-0.01333333333333333333333333333,-1.920,-0.01333333333333333333333333333
schedule_policy,exp08_confirmatory_n16_chain_like_homogeneous_05,16,chain_like,homogeneous,tied,5,equal_alternating,1,,,,,,,,,0.000,0,0,0,0,0
schedule_policy,exp08_confirmatory_n16_chain_like_homogeneous_05,16,chain_like,homogeneous,tied,5,equal_alternating,4,,,,,,,,,-0.960,-0.006666666666666666666666666667,-0.960,-0.006666666666666666666666666667,-0.960,-0.006666666666666666666666666667
schedule_policy,exp08_confirmatory_n16_chain_like_homogeneous_05,16,chain_like,homogeneous,tied,5,equal_alternating,8,,,,,,,,,-0.960,-0.006666666666666666666666666667,-0.960,-0.006666666666666666666666666667,-0.960,-0.006666666666666666666666666667
differentiated_slowdown,exp08_confirmatory_n16_chain_like_homogeneous_05,16,chain_like,homogeneous,tied,5,io,4,false,t01->t03->t04->t07->t08->t10->t11->t12->t13->t14->t15->t16 => t01->t03->t04->t07->t08->t10->t11->t12->t13->t14->t15->t16,2.7648,0.01853281853281853281853281853,0.0000,0.0000,2.764800,true,,,,,,
schedule_policy,exp08_confirmatory_n16_chain_like_homogeneous_06,16,chain_like,homogeneous,tied,6,io,1,,,,,,,,,0.000,0,0,0,0,0
schedule_policy,exp08_confirmatory_n16_chain_like_homogeneous_06,16,chain_like,homogeneous,tied,6,io,4,,,,,,,,,-1.920,-0.01333333333333333333333333333,-1.920,-0.01333333333333333333333333333,-1.920,-0.01333333333333333333333333333
schedule_policy,exp08_confirmatory_n16_chain_like_homogeneous_06,16,chain_like,homogeneous,tied,6,io,8,,,,,,,,,-1.920,-0.01333333333333333333333333333,-1.920,-0.01333333333333333333333333333,-1.920,-0.01333333333333333333333333333
schedule_policy,exp08_confirmatory_n16_chain_like_homogeneous_06,16,chain_like,homogeneous,tied,6,equal_alternating,1,,,,,,,,,0.000,0,0,0,0,0
schedule_policy,exp08_confirmatory_n16_chain_like_homogeneous_06,16,chain_like,homogeneous,tied,6,equal_alternating,4,,,,,,,,,-0.960,-0.006666666666666666666666666667,-0.960,-0.006666666666666666666666666667,-0.960,-0.006666666666666666666666666667
schedule_policy,exp08_confirmatory_n16_chain_like_homogeneous_06,16,chain_like,homogeneous,tied,6,equal_alternating,8,,,,,,,,,-0.960,-0.006666666666666666666666666667,-0.960,-0.006666666666666666666666666667,-0.960,-0.006666666666666666666666666667
differentiated_slowdown,exp08_confirmatory_n16_chain_like_homogeneous_06,16,chain_like,homogeneous,tied,6,io,4,false,t01->t02->t05->t06->t08->t10->t11->t12->t13->t14->t15->t16 => t01->t02->t05->t06->t08->t10->t11->t12->t13->t14->t15->t16,2.7648,0.01840490797546012269938650307,-0.9216,-0.9216,2.764800,true,,,,,,
schedule_policy,exp08_confirmatory_n16_chain_like_homogeneous_07,16,chain_like,homogeneous,tied,7,io,1,,,,,,,,,0.000,0,0,0,0,0
schedule_policy,exp08_confirmatory_n16_chain_like_homogeneous_07,16,chain_like,homogeneous,tied,7,io,4,,,,,,,,,-0.288,-0.002,1.152,0.008,1.152,0.008
schedule_policy,exp08_confirmatory_n16_chain_like_homogeneous_07,16,chain_like,homogeneous,tied,7,io,8,,,,,,,,,-0.288,-0.002,1.152,0.008,1.152,0.008
schedule_policy,exp08_confirmatory_n16_chain_like_homogeneous_07,16,chain_like,homogeneous,tied,7,equal_alternating,1,,,,,,,,,0.000,0,0,0,0,0
schedule_policy,exp08_confirmatory_n16_chain_like_homogeneous_07,16,chain_like,homogeneous,tied,7,equal_alternating,4,,,,,,,,,-1.296,-0.009,-0.432,-0.003,-0.432,-0.003
schedule_policy,exp08_confirmatory_n16_chain_like_homogeneous_07,16,chain_like,homogeneous,tied,7,equal_alternating,8,,,,,,,,,-1.296,-0.009,-0.432,-0.003,-0.432,-0.003
differentiated_slowdown,exp08_confirmatory_n16_chain_like_homogeneous_07,16,chain_like,homogeneous,tied,7,io,4,false,t01->t03->t04->t07->t08->t10->t11->t12->t13->t14->t15->t16 => t01->t03->t04->t07->t08->t10->t11->t12->t13->t14->t15->t16,2.7648,0.01853281853281853281853281853,0.0000,0.0000,2.764800,true,,,,,,
schedule_policy,exp08_confirmatory_n16_chain_like_homogeneous_08,16,chain_like,homogeneous,tied,8,io,1,,,,,,,,,0.000,0,0,0,0,0
schedule_policy,exp08_confirmatory_n16_chain_like_homogeneous_08,16,chain_like,homogeneous,tied,8,io,4,,,,,,,,,-1.056,-0.007333333333333333333333333333,-1.056,-0.007333333333333333333333333333,-1.056,-0.007333333333333333333333333333
schedule_policy,exp08_confirmatory_n16_chain_like_homogeneous_08,16,chain_like,homogeneous,tied,8,io,8,,,,,,,,,-1.056,-0.007333333333333333333333333333,-1.056,-0.007333333333333333333333333333,-1.056,-0.007333333333333333333333333333
schedule_policy,exp08_confirmatory_n16_chain_like_homogeneous_08,16,chain_like,homogeneous,tied,8,equal_alternating,1,,,,,,,,,0.000,0,0,0,0,0
schedule_policy,exp08_confirmatory_n16_chain_like_homogeneous_08,16,chain_like,homogeneous,tied,8,equal_alternating,4,,,,,,,,,-0.960,-0.006666666666666666666666666667,-0.816,-0.005666666666666666666666666667,-0.816,-0.005666666666666666666666666667
schedule_policy,exp08_confirmatory_n16_chain_like_homogeneous_08,16,chain_like,homogeneous,tied,8,equal_alternating,8,,,,,,,,,-0.960,-0.006666666666666666666666666667,-0.816,-0.005666666666666666666666666667,-0.816,-0.005666666666666666666666666667
differentiated_slowdown,exp08_confirmatory_n16_chain_like_homogeneous_08,16,chain_like,homogeneous,tied,8,io,4,false,t01->t02->t05->t06->t08->t10->t11->t12->t13->t14->t15->t16 => t01->t02->t05->t06->t08->t10->t11->t12->t13->t14->t15->t16,2.7648,0.01853281853281853281853281853,0.0000,0.0000,2.764800,true,,,,,,
schedule_policy,exp08_confirmatory_n16_chain_like_homogeneous_09,16,chain_like,homogeneous,tied,9,io,1,,,,,,,,,0.000,0,0,0,0,0
schedule_policy,exp08_confirmatory_n16_chain_like_homogeneous_09,16,chain_like,homogeneous,tied,9,io,4,,,,,,,,,-1.536,-0.01066666666666666666666666667,-1.536,-0.01066666666666666666666666667,-1.536,-0.01066666666666666666666666667
schedule_policy,exp08_confirmatory_n16_chain_like_homogeneous_09,16,chain_like,homogeneous,tied,9,io,8,,,,,,,,,-1.536,-0.01066666666666666666666666667,-1.536,-0.01066666666666666666666666667,-1.536,-0.01066666666666666666666666667
schedule_policy,exp08_confirmatory_n16_chain_like_homogeneous_09,16,chain_like,homogeneous,tied,9,equal_alternating,1,,,,,,,,,0.000,0,0,0,0,0
schedule_policy,exp08_confirmatory_n16_chain_like_homogeneous_09,16,chain_like,homogeneous,tied,9,equal_alternating,4,,,,,,,,,-0.768,-0.005333333333333333333333333333,-0.768,-0.005333333333333333333333333333,-0.768,-0.005333333333333333333333333333
schedule_policy,exp08_confirmatory_n16_chain_like_homogeneous_09,16,chain_like,homogeneous,tied,9,equal_alternating,8,,,,,,,,,-0.768,-0.005333333333333333333333333333,-0.768,-0.005333333333333333333333333333,-0.768,-0.005333333333333333333333333333
differentiated_slowdown,exp08_confirmatory_n16_chain_like_homogeneous_09,16,chain_like,homogeneous,tied,9,io,4,false,t01->t02->t04->t06->t08->t10->t11->t12->t13->t14->t15->t16 => t01->t02->t04->t06->t08->t10->t11->t12->t13->t14->t15->t16,2.7648,0.01840490797546012269938650307,-0.9216,-0.9216,2.764800,true,,,,,,
schedule_policy,exp08_confirmatory_n16_chain_like_homogeneous_10,16,chain_like,homogeneous,tied,10,io,1,,,,,,,,,0.000,0,0,0,0,0
schedule_policy,exp08_confirmatory_n16_chain_like_homogeneous_10,16,chain_like,homogeneous,tied,10,io,4,,,,,,,,,-3.168,-0.022,-2.880,-0.02,-2.880,-0.02
schedule_policy,exp08_confirmatory_n16_chain_like_homogeneous_10,16,chain_like,homogeneous,tied,10,io,8,,,,,,,,,-3.168,-0.022,-2.880,-0.02,-2.880,-0.02
schedule_policy,exp08_confirmatory_n16_chain_like_homogeneous_10,16,chain_like,homogeneous,tied,10,equal_alternating,1,,,,,,,,,0.000,0,0,0,0,0
schedule_policy,exp08_confirmatory_n16_chain_like_homogeneous_10,16,chain_like,homogeneous,tied,10,equal_alternating,4,,,,,,,,,-1.584,-0.011,-1.296,-0.009,-1.296,-0.009
schedule_policy,exp08_confirmatory_n16_chain_like_homogeneous_10,16,chain_like,homogeneous,tied,10,equal_alternating,8,,,,,,,,,-1.584,-0.011,-1.296,-0.009,-1.296,-0.009
differentiated_slowdown,exp08_confirmatory_n16_chain_like_homogeneous_10,16,chain_like,homogeneous,tied,10,io,4,false,t01->t02->t04->t07->t08->t10->t11->t12->t13->t14->t15->t16 => t01->t02->t04->t07->t08->t10->t11->t12->t13->t14->t15->t16,2.7648,0.01840490797546012269938650307,-0.9216,-0.9216,2.764800,true,,,,,,
schedule_policy,exp08_confirmatory_n16_chain_like_homogeneous_11,16,chain_like,homogeneous,tied,11,io,1,,,,,,,,,0.000,0,0,0,0,0
schedule_policy,exp08_confirmatory_n16_chain_like_homogeneous_11,16,chain_like,homogeneous,tied,11,io,4,,,,,,,,,-1.920,-0.01333333333333333333333333333,-1.920,-0.01333333333333333333333333333,-1.920,-0.01333333333333333333333333333
schedule_policy,exp08_confirmatory_n16_chain_like_homogeneous_11,16,chain_like,homogeneous,tied,11,io,8,,,,,,,,,-1.920,-0.01333333333333333333333333333,-1.920,-0.01333333333333333333333333333,-1.920,-0.01333333333333333333333333333
schedule_policy,exp08_confirmatory_n16_chain_like_homogeneous_11,16,chain_like,homogeneous,tied,11,equal_alternating,1,,,,,,,,,0.000,0,0,0,0,0
schedule_policy,exp08_confirmatory_n16_chain_like_homogeneous_11,16,chain_like,homogeneous,tied,11,equal_alternating,4,,,,,,,,,-0.960,-0.006666666666666666666666666667,-0.960,-0.006666666666666666666666666667,-0.960,-0.006666666666666666666666666667
schedule_policy,exp08_confirmatory_n16_chain_like_homogeneous_11,16,chain_like,homogeneous,tied,11,equal_alternating,8,,,,,,,,,-0.960,-0.006666666666666666666666666667,-0.960,-0.006666666666666666666666666667,-0.960,-0.006666666666666666666666666667
differentiated_slowdown,exp08_confirmatory_n16_chain_like_homogeneous_11,16,chain_like,homogeneous,tied,11,io,4,false,t01->t02->t04->t07->t09->t10->t11->t12->t13->t14->t15->t16 => t01->t02->t04->t07->t09->t10->t11->t12->t13->t14->t15->t16,2.7648,0.01853281853281853281853281853,0.0000,0.0000,2.764800,true,,,,,,
schedule_policy,exp08_confirmatory_n16_chain_like_homogeneous_12,16,chain_like,homogeneous,tied,12,io,1,,,,,,,,,0.000,0,0,0,0,0
schedule_policy,exp08_confirmatory_n16_chain_like_homogeneous_12,16,chain_like,homogeneous,tied,12,io,4,,,,,,,,,-1.728,-0.012,-1.440,-0.01,-1.440,-0.01
schedule_policy,exp08_confirmatory_n16_chain_like_homogeneous_12,16,chain_like,homogeneous,tied,12,io,8,,,,,,,,,-1.728,-0.012,-1.440,-0.01,-1.440,-0.01
schedule_policy,exp08_confirmatory_n16_chain_like_homogeneous_12,16,chain_like,homogeneous,tied,12,equal_alternating,1,,,,,,,,,0.000,0,0,0,0,0
schedule_policy,exp08_confirmatory_n16_chain_like_homogeneous_12,16,chain_like,homogeneous,tied,12,equal_alternating,4,,,,,,,,,-2.016,-0.014,-1.872,-0.013,-1.872,-0.013
schedule_policy,exp08_confirmatory_n16_chain_like_homogeneous_12,16,chain_like,homogeneous,tied,12,equal_alternating,8,,,,,,,,,-2.016,-0.014,-1.872,-0.013,-1.872,-0.013
differentiated_slowdown,exp08_confirmatory_n16_chain_like_homogeneous_12,16,chain_like,homogeneous,tied,12,io,4,false,t01->t02->t05->t06->t08->t10->t11->t12->t13->t14->t15->t16 => t01->t02->t05->t06->t08->t10->t11->t12->t13->t14->t15->t16,2.7648,0.01853281853281853281853281853,0.0000,0.0000,2.764800,true,,,,,,
schedule_policy,exp08_confirmatory_n16_chain_like_homogeneous_13,16,chain_like,homogeneous,tied,13,io,1,,,,,,,,,0.000,0,0,0,0,0
schedule_policy,exp08_confirmatory_n16_chain_like_homogeneous_13,16,chain_like,homogeneous,tied,13,io,4,,,,,,,,,0.576,0.004,1.728,0.012,1.728,0.012
schedule_policy,exp08_confirmatory_n16_chain_like_homogeneous_13,16,chain_like,homogeneous,tied,13,io,8,,,,,,,,,0.576,0.004,1.728,0.012,1.728,0.012
schedule_policy,exp08_confirmatory_n16_chain_like_homogeneous_13,16,chain_like,homogeneous,tied,13,equal_alternating,1,,,,,,,,,0.000,0,0,0,0,0
schedule_policy,exp08_confirmatory_n16_chain_like_homogeneous_13,16,chain_like,homogeneous,tied,13,equal_alternating,4,,,,,,,,,0.432,0.003,1.152,0.008,1.152,0.008
schedule_policy,exp08_confirmatory_n16_chain_like_homogeneous_13,16,chain_like,homogeneous,tied,13,equal_alternating,8,,,,,,,,,0.432,0.003,1.152,0.008,1.152,0.008
differentiated_slowdown,exp08_confirmatory_n16_chain_like_homogeneous_13,16,chain_like,homogeneous,tied,13,io,4,false,t01->t03->t05->t07->t08->t10->t11->t12->t13->t14->t15->t16 => t01->t03->t05->t07->t08->t10->t11->t12->t13->t14->t15->t16,2.7648,0.01840490797546012269938650307,-0.9216,-0.9216,2.764800,true,,,,,,
schedule_policy,exp08_confirmatory_n16_chain_like_homogeneous_14,16,chain_like,homogeneous,tied,14,io,1,,,,,,,,,0.000,0,0,0,0,0
schedule_policy,exp08_confirmatory_n16_chain_like_homogeneous_14,16,chain_like,homogeneous,tied,14,io,4,,,,,,,,,0.384,0.002666666666666666666666666667,0.960,0.006666666666666666666666666667,0.960,0.006666666666666666666666666667
schedule_policy,exp08_confirmatory_n16_chain_like_homogeneous_14,16,chain_like,homogeneous,tied,14,io,8,,,,,,,,,0.384,0.002666666666666666666666666667,0.960,0.006666666666666666666666666667,0.960,0.006666666666666666666666666667
schedule_policy,exp08_confirmatory_n16_chain_like_homogeneous_14,16,chain_like,homogeneous,tied,14,equal_alternating,1,,,,,,,,,0.000,0,0,0,0,0
schedule_policy,exp08_confirmatory_n16_chain_like_homogeneous_14,16,chain_like,homogeneous,tied,14,equal_alternating,4,,,,,,,,,-0.384,-0.002666666666666666666666666667,-0.096,-0.0006666666666666666666666666667,-0.096,-0.0006666666666666666666666666667
schedule_policy,exp08_confirmatory_n16_chain_like_homogeneous_14,16,chain_like,homogeneous,tied,14,equal_alternating,8,,,,,,,,,-0.384,-0.002666666666666666666666666667,-0.096,-0.0006666666666666666666666666667,-0.096,-0.0006666666666666666666666666667
differentiated_slowdown,exp08_confirmatory_n16_chain_like_homogeneous_14,16,chain_like,homogeneous,tied,14,io,4,false,t01->t03->t04->t06->t08->t10->t11->t12->t13->t14->t15->t16 => t01->t03->t04->t06->t08->t10->t11->t12->t13->t14->t15->t16,2.7648,0.01840490797546012269938650307,-0.9216,-0.9216,2.764800,true,,,,,,
schedule_policy,exp08_confirmatory_n16_chain_like_homogeneous_15,16,chain_like,homogeneous,tied,15,io,1,,,,,,,,,0.000,0,0,0,0,0
schedule_policy,exp08_confirmatory_n16_chain_like_homogeneous_15,16,chain_like,homogeneous,tied,15,io,4,,,,,,,,,0.000,0,1.728,0.012,1.728,0.012
schedule_policy,exp08_confirmatory_n16_chain_like_homogeneous_15,16,chain_like,homogeneous,tied,15,io,8,,,,,,,,,0.000,0,1.728,0.012,1.728,0.012
schedule_policy,exp08_confirmatory_n16_chain_like_homogeneous_15,16,chain_like,homogeneous,tied,15,equal_alternating,1,,,,,,,,,0.000,0,0,0,0,0
schedule_policy,exp08_confirmatory_n16_chain_like_homogeneous_15,16,chain_like,homogeneous,tied,15,equal_alternating,4,,,,,,,,,-0.432,-0.003,0.576,0.004,0.576,0.004
schedule_policy,exp08_confirmatory_n16_chain_like_homogeneous_15,16,chain_like,homogeneous,tied,15,equal_alternating,8,,,,,,,,,-0.432,-0.003,0.576,0.004,0.576,0.004
differentiated_slowdown,exp08_confirmatory_n16_chain_like_homogeneous_15,16,chain_like,homogeneous,tied,15,io,4,false,t01->t03->t04->t07->t09->t10->t11->t12->t13->t14->t15->t16 => t01->t03->t04->t07->t09->t10->t11->t12->t13->t14->t15->t16,2.7648,0.01840490797546012269938650307,-0.9216,-0.9216,2.764800,true,,,,,,
schedule_policy,exp08_confirmatory_n16_chain_like_homogeneous_16,16,chain_like,homogeneous,tied,16,io,1,,,,,,,,,0.000,0,0,0,0,0
schedule_policy,exp08_confirmatory_n16_chain_like_homogeneous_16,16,chain_like,homogeneous,tied,16,io,4,,,,,,,,,-1.920,-0.01333333333333333333333333333,-1.344,-0.009333333333333333333333333333,-1.344,-0.009333333333333333333333333333
schedule_policy,exp08_confirmatory_n16_chain_like_homogeneous_16,16,chain_like,homogeneous,tied,16,io,8,,,,,,,,,-1.920,-0.01333333333333333333333333333,-1.344,-0.009333333333333333333333333333,-1.344,-0.009333333333333333333333333333
schedule_policy,exp08_confirmatory_n16_chain_like_homogeneous_16,16,chain_like,homogeneous,tied,16,equal_alternating,1,,,,,,,,,0.000,0,0,0,0,0
schedule_policy,exp08_confirmatory_n16_chain_like_homogeneous_16,16,chain_like,homogeneous,tied,16,equal_alternating,4,,,,,,,,,-0.960,-0.006666666666666666666666666667,-0.384,-0.002666666666666666666666666667,-0.384,-0.002666666666666666666666666667
schedule_policy,exp08_confirmatory_n16_chain_like_homogeneous_16,16,chain_like,homogeneous,tied,16,equal_alternating,8,,,,,,,,,-0.960,-0.006666666666666666666666666667,-0.384,-0.002666666666666666666666666667,-0.384,-0.002666666666666666666666666667
differentiated_slowdown,exp08_confirmatory_n16_chain_like_homogeneous_16,16,chain_like,homogeneous,tied,16,io,4,false,t01->t02->t05->t07->t09->t10->t11->t12->t13->t14->t15->t16 => t01->t02->t05->t07->t09->t10->t11->t12->t13->t14->t15->t16,2.7648,0.01866251944012441679626749611,0.9216,0.9216,2.764800,true,,,,,,
schedule_policy,exp08_confirmatory_n16_chain_like_homogeneous_17,16,chain_like,homogeneous,tied,17,io,1,,,,,,,,,0.000,0,0,0,0,0
schedule_policy,exp08_confirmatory_n16_chain_like_homogeneous_17,16,chain_like,homogeneous,tied,17,io,4,,,,,,,,,-3.072,-0.02133333333333333333333333333,-3.072,-0.02133333333333333333333333333,-3.072,-0.02133333333333333333333333333
schedule_policy,exp08_confirmatory_n16_chain_like_homogeneous_17,16,chain_like,homogeneous,tied,17,io,8,,,,,,,,,-3.072,-0.02133333333333333333333333333,-3.072,-0.02133333333333333333333333333,-3.072,-0.02133333333333333333333333333
schedule_policy,exp08_confirmatory_n16_chain_like_homogeneous_17,16,chain_like,homogeneous,tied,17,equal_alternating,1,,,,,,,,,0.000,0,0,0,0,0
schedule_policy,exp08_confirmatory_n16_chain_like_homogeneous_17,16,chain_like,homogeneous,tied,17,equal_alternating,4,,,,,,,,,-1.536,-0.01066666666666666666666666667,-1.536,-0.01066666666666666666666666667,-1.536,-0.01066666666666666666666666667
schedule_policy,exp08_confirmatory_n16_chain_like_homogeneous_17,16,chain_like,homogeneous,tied,17,equal_alternating,8,,,,,,,,,-1.536,-0.01066666666666666666666666667,-1.536,-0.01066666666666666666666666667,-1.536,-0.01066666666666666666666666667
differentiated_slowdown,exp08_confirmatory_n16_chain_like_homogeneous_17,16,chain_like,homogeneous,tied,17,io,4,false,t01->t03->t05->t06->t09->t10->t11->t12->t13->t14->t15->t16 => t01->t03->t05->t06->t09->t10->t11->t12->t13->t14->t15->t16,2.7648,0.01866251944012441679626749611,0.9216,0.9216,2.764800,true,,,,,,
schedule_policy,exp08_confirmatory_n16_chain_like_homogeneous_18,16,chain_like,homogeneous,tied,18,io,1,,,,,,,,,0.000,0,0,0,0,0
schedule_policy,exp08_confirmatory_n16_chain_like_homogeneous_18,16,chain_like,homogeneous,tied,18,io,4,,,,,,,,,-0.480,-0.003333333333333333333333333333,-0.768,-0.005333333333333333333333333333,-0.768,-0.005333333333333333333333333333
schedule_policy,exp08_confirmatory_n16_chain_like_homogeneous_18,16,chain_like,homogeneous,tied,18,io,8,,,,,,,,,-0.480,-0.003333333333333333333333333333,-0.768,-0.005333333333333333333333333333,-0.768,-0.005333333333333333333333333333
schedule_policy,exp08_confirmatory_n16_chain_like_homogeneous_18,16,chain_like,homogeneous,tied,18,equal_alternating,1,,,,,,,,,0.000,0,0,0,0,0
schedule_policy,exp08_confirmatory_n16_chain_like_homogeneous_18,16,chain_like,homogeneous,tied,18,equal_alternating,4,,,,,,,,,-0.816,-0.005666666666666666666666666667,-0.960,-0.006666666666666666666666666667,-0.960,-0.006666666666666666666666666667
schedule_policy,exp08_confirmatory_n16_chain_like_homogeneous_18,16,chain_like,homogeneous,tied,18,equal_alternating,8,,,,,,,,,-0.816,-0.005666666666666666666666666667,-0.960,-0.006666666666666666666666666667,-0.960,-0.006666666666666666666666666667
differentiated_slowdown,exp08_confirmatory_n16_chain_like_homogeneous_18,16,chain_like,homogeneous,tied,18,io,4,false,t01->t02->t04->t07->t09->t10->t11->t12->t13->t14->t15->t16 => t01->t02->t04->t07->t09->t10->t11->t12->t13->t14->t15->t16,2.7648,0.01840490797546012269938650307,-0.9216,-0.9216,2.764800,true,,,,,,
schedule_policy,exp08_confirmatory_n16_chain_like_homogeneous_19,16,chain_like,homogeneous,tied,19,io,1,,,,,,,,,0.000,0,0,0,0,0
schedule_policy,exp08_confirmatory_n16_chain_like_homogeneous_19,16,chain_like,homogeneous,tied,19,io,4,,,,,,,,,-1.632,-0.01133333333333333333333333333,-1.920,-0.01333333333333333333333333333,-1.920,-0.01333333333333333333333333333
schedule_policy,exp08_confirmatory_n16_chain_like_homogeneous_19,16,chain_like,homogeneous,tied,19,io,8,,,,,,,,,-1.632,-0.01133333333333333333333333333,-1.920,-0.01333333333333333333333333333,-1.920,-0.01333333333333333333333333333
schedule_policy,exp08_confirmatory_n16_chain_like_homogeneous_19,16,chain_like,homogeneous,tied,19,equal_alternating,1,,,,,,,,,0.000,0,0,0,0,0
schedule_policy,exp08_confirmatory_n16_chain_like_homogeneous_19,16,chain_like,homogeneous,tied,19,equal_alternating,4,,,,,,,,,-1.392,-0.009666666666666666666666666667,-1.536,-0.01066666666666666666666666667,-1.536,-0.01066666666666666666666666667
schedule_policy,exp08_confirmatory_n16_chain_like_homogeneous_19,16,chain_like,homogeneous,tied,19,equal_alternating,8,,,,,,,,,-1.392,-0.009666666666666666666666666667,-1.536,-0.01066666666666666666666666667,-1.536,-0.01066666666666666666666666667
differentiated_slowdown,exp08_confirmatory_n16_chain_like_homogeneous_19,16,chain_like,homogeneous,tied,19,io,4,false,t01->t02->t04->t06->t09->t10->t11->t12->t13->t14->t15->t16 => t01->t02->t04->t06->t09->t10->t11->t12->t13->t14->t15->t16,2.7648,0.01840490797546012269938650307,-0.9216,-0.9216,2.764800,true,,,,,,
schedule_policy,exp08_confirmatory_n16_chain_like_lognormal_00,16,chain_like,lognormal,tied,0,io,1,,,,,,,,,0.000,0,0,0,0,0
schedule_policy,exp08_confirmatory_n16_chain_like_lognormal_00,16,chain_like,lognormal,tied,0,io,4,,,,,,,,,-0.401,-0.001077956989247311827956989247,2.006,0.005392473118279569892473118280,2.006,0.005392473118279569892473118280
schedule_policy,exp08_confirmatory_n16_chain_like_lognormal_00,16,chain_like,lognormal,tied,0,io,8,,,,,,,,,-0.401,-0.001077956989247311827956989247,2.006,0.005392473118279569892473118280,2.006,0.005392473118279569892473118280
schedule_policy,exp08_confirmatory_n16_chain_like_lognormal_00,16,chain_like,lognormal,tied,0,equal_alternating,1,,,,,,,,,0.000,0,0,0,0,0
schedule_policy,exp08_confirmatory_n16_chain_like_lognormal_00,16,chain_like,lognormal,tied,0,equal_alternating,4,,,,,,,,,-7.271,-0.01954569892473118279569892473,-5.036,-0.01353763440860215053763440860,-5.036,-0.01353763440860215053763440860
schedule_policy,exp08_confirmatory_n16_chain_like_lognormal_00,16,chain_like,lognormal,tied,0,equal_alternating,8,,,,,,,,,-7.271,-0.01954569892473118279569892473,-5.036,-0.01353763440860215053763440860,-5.036,-0.01353763440860215053763440860
differentiated_slowdown,exp08_confirmatory_n16_chain_like_lognormal_00,16,chain_like,lognormal,tied,0,io,4,false,t01->t03->t04->t07->t09->t10->t11->t12->t13->t14->t15->t16 => t01->t03->t04->t07->t09->t10->t11->t12->t13->t14->t15->t16,6.3936,0.01666580647582941946502385857,1.3062,1.3062,6.393600,true,,,,,,
schedule_policy,exp08_confirmatory_n16_chain_like_lognormal_01,16,chain_like,lognormal,tied,1,io,1,,,,,,,,,0.000,0,0,0,0,0
schedule_policy,exp08_confirmatory_n16_chain_like_lognormal_01,16,chain_like,lognormal,tied,1,io,4,,,,,,,,,-4.608,-0.01476923076923076923076923077,-1.773,-0.005682692307692307692307692308,-1.773,-0.005682692307692307692307692308
schedule_policy,exp08_confirmatory_n16_chain_like_lognormal_01,16,chain_like,lognormal,tied,1,io,8,,,,,,,,,-4.608,-0.01476923076923076923076923077,-1.773,-0.005682692307692307692307692308,-1.773,-0.005682692307692307692307692308
schedule_policy,exp08_confirmatory_n16_chain_like_lognormal_01,16,chain_like,lognormal,tied,1,equal_alternating,1,,,,,,,,,0.000,0,0,0,0,0
schedule_policy,exp08_confirmatory_n16_chain_like_lognormal_01,16,chain_like,lognormal,tied,1,equal_alternating,4,,,,,,,,,-4.099,-0.01313782051282051282051282051,-2.416,-0.007743589743589743589743589744,-2.416,-0.007743589743589743589743589744
schedule_policy,exp08_confirmatory_n16_chain_like_lognormal_01,16,chain_like,lognormal,tied,1,equal_alternating,8,,,,,,,,,-4.099,-0.01313782051282051282051282051,-2.416,-0.007743589743589743589743589744,-2.416,-0.007743589743589743589743589744
differentiated_slowdown,exp08_confirmatory_n16_chain_like_lognormal_01,16,chain_like,lognormal,tied,1,io,4,false,t01->t02->t04->t06->t08->t10->t11->t12->t13->t14->t15->t16 => t01->t02->t04->t06->t08->t10->t11->t12->t13->t14->t15->t16,5.5296,0.01725265992547434986619641187,2.1267,2.1267,5.529600,true,,,,,,
schedule_policy,exp08_confirmatory_n16_chain_like_lognormal_02,16,chain_like,lognormal,tied,2,io,1,,,,,,,,,0.000,0,0,0,0,0
schedule_policy,exp08_confirmatory_n16_chain_like_lognormal_02,16,chain_like,lognormal,tied,2,io,4,,,,,,,,,-0.880,-0.003333333333333333333333333333,-0.042,-0.0001590909090909090909090909091,-0.042,-0.0001590909090909090909090909091
schedule_policy,exp08_confirmatory_n16_chain_like_lognormal_02,16,chain_like,lognormal,tied,2,io,8,,,,,,,,,-0.880,-0.003333333333333333333333333333,-0.042,-0.0001590909090909090909090909091,-0.042,-0.0001590909090909090909090909091
schedule_policy,exp08_confirmatory_n16_chain_like_lognormal_02,16,chain_like,lognormal,tied,2,equal_alternating,1,,,,,,,,,0.000,0,0,0,0,0
schedule_policy,exp08_confirmatory_n16_chain_like_lognormal_02,16,chain_like,lognormal,tied,2,equal_alternating,4,,,,,,,,,-2.628,-0.009954545454545454545454545455,-0.920,-0.003484848484848484848484848485,-0.920,-0.003484848484848484848484848485
schedule_policy,exp08_confirmatory_n16_chain_like_lognormal_02,16,chain_like,lognormal,tied,2,equal_alternating,8,,,,,,,,,-2.628,-0.009954545454545454545454545455,-0.920,-0.003484848484848484848484848485,-0.920,-0.003484848484848484848484848485
differentiated_slowdown,exp08_confirmatory_n16_chain_like_lognormal_02,16,chain_like,lognormal,tied,2,io,4,false,t01->t02->t04->t06->t08->t10->t11->t12->t13->t14->t15->t16 => t01->t02->t04->t06->t09->t10->t11->t12->t13->t14->t15->t16,5.5296,0.02056176729460822537624620574,4.7505,4.7505,5.529600,true,,,,,,
schedule_policy,exp08_confirmatory_n16_chain_like_lognormal_03,16,chain_like,lognormal,unique,3,io,1,,,,,,,,,0.000,0,0,0,0,0
schedule_policy,exp08_confirmatory_n16_chain_like_lognormal_03,16,chain_like,lognormal,unique,3,io,4,,,,,,,,,-5.537,-0.01647916666666666666666666667,-4.750,-0.01413690476190476190476190476,-4.750,-0.01413690476190476190476190476
schedule_policy,exp08_confirmatory_n16_chain_like_lognormal_03,16,chain_like,lognormal,unique,3,io,8,,,,,,,,,-5.537,-0.01647916666666666666666666667,-4.750,-0.01413690476190476190476190476,-4.750,-0.01413690476190476190476190476
schedule_policy,exp08_confirmatory_n16_chain_like_lognormal_03,16,chain_like,lognormal,unique,3,equal_alternating,1,,,,,,,,,0.000,0,0,0,0,0
schedule_policy,exp08_confirmatory_n16_chain_like_lognormal_03,16,chain_like,lognormal,unique,3,equal_alternating,4,,,,,,,,,-7.205,-0.02144345238095238095238095238,-6.550,-0.01949404761904761904761904762,-6.550,-0.01949404761904761904761904762
schedule_policy,exp08_confirmatory_n16_chain_like_lognormal_03,16,chain_like,lognormal,unique,3,equal_alternating,8,,,,,,,,,-7.205,-0.02144345238095238095238095238,-6.550,-0.01949404761904761904761904762,-6.550,-0.01949404761904761904761904762
differentiated_slowdown,exp08_confirmatory_n16_chain_like_lognormal_03,16,chain_like,lognormal,unique,3,io,4,true,t01->t03->t05->t06->t08->t10->t11->t12->t13->t14->t15->t16 => t01->t03->t05->t06->t08->t10->t11->t12->t13->t14->t15->t16,5.8752,0.01725936997659268450886939846,5.8752,5.8752,5.875200,true,,,,,,
schedule_policy,exp08_confirmatory_n16_chain_like_lognormal_04,16,chain_like,lognormal,unique,4,io,1,,,,,,,,,0.000,0,0,0,0,0
schedule_policy,exp08_confirmatory_n16_chain_like_lognormal_04,16,chain_like,lognormal,unique,4,io,4,,,,,,,,,-3.168,-0.0088,-3.168,-0.0088,-3.168,-0.0088
schedule_policy,exp08_confirmatory_n16_chain_like_lognormal_04,16,chain_like,lognormal,unique,4,io,8,,,,,,,,,-3.168,-0.0088,-3.168,-0.0088,-3.168,-0.0088
schedule_policy,exp08_confirmatory_n16_chain_like_lognormal_04,16,chain_like,lognormal,unique,4,equal_alternating,1,,,,,,,,,0.000,0,0,0,0,0
schedule_policy,exp08_confirmatory_n16_chain_like_lognormal_04,16,chain_like,lognormal,unique,4,equal_alternating,4,,,,,,,,,-6.654,-0.01848333333333333333333333333,-7.039,-0.01955277777777777777777777778,-7.039,-0.01955277777777777777777777778
schedule_policy,exp08_confirmatory_n16_chain_like_lognormal_04,16,chain_like,lognormal,unique,4,equal_alternating,8,,,,,,,,,-6.654,-0.01848333333333333333333333333,-7.039,-0.01955277777777777777777777778,-7.039,-0.01955277777777777777777777778
differentiated_slowdown,exp08_confirmatory_n16_chain_like_lognormal_04,16,chain_like,lognormal,unique,4,io,4,true,t01->t02->t04->t07->t09->t10->t11->t12->t13->t14->t15->t16 => t01->t02->t04->t07->t09->t10->t11->t12->t13->t14->t15->t16,7.6032,0.02079067569696015120491415971,7.6032,7.6032,7.603200,true,,,,,,
schedule_policy,exp08_confirmatory_n16_chain_like_lognormal_05,16,chain_like,lognormal,unique,5,io,1,,,,,,,,,0.000,0,0,0,0,0
schedule_policy,exp08_confirmatory_n16_chain_like_lognormal_05,16,chain_like,lognormal,unique,5,io,4,,,,,,,,,0.000,0,1.824,0.005066666666666666666666666667,1.824,0.005066666666666666666666666667
schedule_policy,exp08_confirmatory_n16_chain_like_lognormal_05,16,chain_like,lognormal,unique,5,io,8,,,,,,,,,0.000,0,1.824,0.005066666666666666666666666667,1.824,0.005066666666666666666666666667
schedule_policy,exp08_confirmatory_n16_chain_like_lognormal_05,16,chain_like,lognormal,unique,5,equal_alternating,1,,,,,,,,,0.000,0,0,0,0,0
schedule_policy,exp08_confirmatory_n16_chain_like_lognormal_05,16,chain_like,lognormal,unique,5,equal_alternating,4,,,,,,,,,-4.663,-0.01295277777777777777777777778,-2.777,-0.007713888888888888888888888889,-2.777,-0.007713888888888888888888888889
schedule_policy,exp08_confirmatory_n16_chain_like_lognormal_05,16,chain_like,lognormal,unique,5,equal_alternating,8,,,,,,,,,-4.663,-0.01295277777777777777777777778,-2.777,-0.007713888888888888888888888889,-2.777,-0.007713888888888888888888888889
differentiated_slowdown,exp08_confirmatory_n16_chain_like_lognormal_05,16,chain_like,lognormal,unique,5,io,4,true,t01->t02->t05->t07->t09->t10->t11->t12->t13->t14->t15->t16 => t01->t02->t05->t07->t09->t10->t11->t12->t13->t14->t15->t16,6.5664,0.01799384421119090837345118775,6.5664,6.5664,6.566400,true,,,,,,
schedule_policy,exp08_confirmatory_n16_chain_like_lognormal_06,16,chain_like,lognormal,unique,6,io,1,,,,,,,,,0.000,0,0,0,0,0
schedule_policy,exp08_confirmatory_n16_chain_like_lognormal_06,16,chain_like,lognormal,unique,6,io,4,,,,,,,,,-3.870,-0.01151785714285714285714285714,-0.900,-0.002678571428571428571428571429,-0.900,-0.002678571428571428571428571429
schedule_policy,exp08_confirmatory_n16_chain_like_lognormal_06,16,chain_like,lognormal,unique,6,io,8,,,,,,,,,-3.870,-0.01151785714285714285714285714,-0.900,-0.002678571428571428571428571429,-0.900,-0.002678571428571428571428571429
schedule_policy,exp08_confirmatory_n16_chain_like_lognormal_06,16,chain_like,lognormal,unique,6,equal_alternating,1,,,,,,,,,0.000,0,0,0,0,0
schedule_policy,exp08_confirmatory_n16_chain_like_lognormal_06,16,chain_like,lognormal,unique,6,equal_alternating,4,,,,,,,,,-6.565,-0.01953869047619047619047619048,-4.930,-0.01467261904761904761904761905,-4.930,-0.01467261904761904761904761905
schedule_policy,exp08_confirmatory_n16_chain_like_lognormal_06,16,chain_like,lognormal,unique,6,equal_alternating,8,,,,,,,,,-6.565,-0.01953869047619047619047619048,-4.930,-0.01467261904761904761904761905,-4.930,-0.01467261904761904761904761905
differentiated_slowdown,exp08_confirmatory_n16_chain_like_lognormal_06,16,chain_like,lognormal,unique,6,io,4,true,t01->t03->t04->t07->t08->t10->t11->t12->t13->t14->t15->t16 => t01->t03->t04->t07->t08->t10->t11->t12->t13->t14->t15->t16,6.0480,0.01776023680315737543167242230,6.0480,6.0480,6.048000,true,,,,,,
schedule_policy,exp08_confirmatory_n16_chain_like_lognormal_07,16,chain_like,lognormal,unique,7,io,1,,,,,,,,,0.000,0,0,0,0,0
schedule_policy,exp08_confirmatory_n16_chain_like_lognormal_07,16,chain_like,lognormal,unique,7,io,4,,,,,,,,,0.000,0,2.368,0.004933333333333333333333333333,2.368,0.004933333333333333333333333333
schedule_policy,exp08_confirmatory_n16_chain_like_lognormal_07,16,chain_like,lognormal,unique,7,io,8,,,,,,,,,0.000,0,2.368,0.004933333333333333333333333333,2.368,0.004933333333333333333333333333
schedule_policy,exp08_confirmatory_n16_chain_like_lognormal_07,16,chain_like,lognormal,unique,7,equal_alternating,1,,,,,,,,,0.000,0,0,0,0,0
schedule_policy,exp08_confirmatory_n16_chain_like_lognormal_07,16,chain_like,lognormal,unique,7,equal_alternating,4,,,,,,,,,-6.397,-0.01332708333333333333333333333,-2.609,-0.005435416666666666666666666667,-2.609,-0.005435416666666666666666666667
schedule_policy,exp08_confirmatory_n16_chain_like_lognormal_07,16,chain_like,lognormal,unique,7,equal_alternating,8,,,,,,,,,-6.397,-0.01332708333333333333333333333,-2.609,-0.005435416666666666666666666667,-2.609,-0.005435416666666666666666666667
differentiated_slowdown,exp08_confirmatory_n16_chain_like_lognormal_07,16,chain_like,lognormal,unique,7,io,4,true,t01->t03->t05->t06->t08->t10->t11->t12->t13->t14->t15->t16 => t01->t03->t05->t06->t08->t10->t11->t12->t13->t14->t15->t16,8.1216,0.01670797578725967472770541824,8.1216,8.1216,8.121600,true,,,,,,
schedule_policy,exp08_confirmatory_n16_chain_like_lognormal_08,16,chain_like,lognormal,unique,8,io,1,,,,,,,,,0.000,0,0,0,0,0
schedule_policy,exp08_confirmatory_n16_chain_like_lognormal_08,16,chain_like,lognormal,unique,8,io,4,,,,,,,,,0.000,0,1.830,0.004236111111111111111111111111,1.830,0.004236111111111111111111111111
schedule_policy,exp08_confirmatory_n16_chain_like_lognormal_08,16,chain_like,lognormal,unique,8,io,8,,,,,,,,,0.000,0,1.830,0.004236111111111111111111111111,1.830,0.004236111111111111111111111111
schedule_policy,exp08_confirmatory_n16_chain_like_lognormal_08,16,chain_like,lognormal,unique,8,equal_alternating,1,,,,,,,,,0.000,0,0,0,0,0
schedule_policy,exp08_confirmatory_n16_chain_like_lognormal_08,16,chain_like,lognormal,unique,8,equal_alternating,4,,,,,,,,,-0.960,-0.002222222222222222222222222222,0.230,0.0005324074074074074074074074074,0.230,0.0005324074074074074074074074074
schedule_policy,exp08_confirmatory_n16_chain_like_lognormal_08,16,chain_like,lognormal,unique,8,equal_alternating,8,,,,,,,,,-0.960,-0.002222222222222222222222222222,0.230,0.0005324074074074074074074074074,0.230,0.0005324074074074074074074074074
differentiated_slowdown,exp08_confirmatory_n16_chain_like_lognormal_08,16,chain_like,lognormal,unique,8,io,4,true,t01->t03->t04->t06->t09->t10->t11->t12->t13->t14->t15->t16 => t01->t03->t04->t06->t09->t10->t11->t12->t13->t14->t15->t16,7.7760,0.01776023680315737543167242230,7.7760,7.7760,7.776000,true,,,,,,
schedule_policy,exp08_confirmatory_n16_chain_like_lognormal_09,16,chain_like,lognormal,unique,9,io,1,,,,,,,,,0.000,0,0,0,0,0
schedule_policy,exp08_confirmatory_n16_chain_like_lognormal_09,16,chain_like,lognormal,unique,9,io,4,,,,,,,,,-14.814,-0.04256896551724137931034482759,-11.726,-0.03369540229885057471264367816,-11.726,-0.03369540229885057471264367816
schedule_policy,exp08_confirmatory_n16_chain_like_lognormal_09,16,chain_like,lognormal,unique,9,io,8,,,,,,,,,-14.814,-0.04256896551724137931034482759,-11.726,-0.03369540229885057471264367816,-11.726,-0.03369540229885057471264367816
schedule_policy,exp08_confirmatory_n16_chain_like_lognormal_09,16,chain_like,lognormal,unique,9,equal_alternating,1,,,,,,,,,0.000,0,0,0,0,0
schedule_policy,exp08_confirmatory_n16_chain_like_lognormal_09,16,chain_like,lognormal,unique,9,equal_alternating,4,,,,,,,,,-14.820,-0.04258620689655172413793103448,-14.511,-0.04169827586206896551724137931,-14.511,-0.04169827586206896551724137931
schedule_policy,exp08_confirmatory_n16_chain_like_lognormal_09,16,chain_like,lognormal,unique,9,equal_alternating,8,,,,,,,,,-14.820,-0.04258620689655172413793103448,-14.511,-0.04169827586206896551724137931,-14.511,-0.04169827586206896551724137931
differentiated_slowdown,exp08_confirmatory_n16_chain_like_lognormal_09,16,chain_like,lognormal,unique,9,io,4,true,t01->t02->t05->t06->t08->t10->t11->t12->t13->t14->t15->t16 => t01->t02->t05->t06->t08->t10->t11->t12->t13->t14->t15->t16,6.3936,0.01812269554687818881889549518,6.3936,6.3936,6.393600,true,,,,,,
schedule_policy,exp08_confirmatory_n16_chain_like_lognormal_10,16,chain_like,lognormal,tied,10,io,1,,,,,,,,,0.000,0,0,0,0,0
schedule_policy,exp08_confirmatory_n16_chain_like_lognormal_10,16,chain_like,lognormal,tied,10,io,4,,,,,,,,,-2.664,-0.007655172413793103448275862069,-1.562,-0.004488505747126436781609195402,-1.562,-0.004488505747126436781609195402
schedule_policy,exp08_confirmatory_n16_chain_like_lognormal_10,16,chain_like,lognormal,tied,10,io,8,,,,,,,,,-2.664,-0.007655172413793103448275862069,-1.562,-0.004488505747126436781609195402,-1.562,-0.004488505747126436781609195402
schedule_policy,exp08_confirmatory_n16_chain_like_lognormal_10,16,chain_like,lognormal,tied,10,equal_alternating,1,,,,,,,,,0.000,0,0,0,0,0
schedule_policy,exp08_confirmatory_n16_chain_like_lognormal_10,16,chain_like,lognormal,tied,10,equal_alternating,4,,,,,,,,,-2.021,-0.005807471264367816091954022989,-1.528,-0.004390804597701149425287356322,-1.528,-0.004390804597701149425287356322
schedule_policy,exp08_confirmatory_n16_chain_like_lognormal_10,16,chain_like,lognormal,tied,10,equal_alternating,8,,,,,,,,,-2.021,-0.005807471264367816091954022989,-1.528,-0.004390804597701149425287356322,-1.528,-0.004390804597701149425287356322
differentiated_slowdown,exp08_confirmatory_n16_chain_like_lognormal_10,16,chain_like,lognormal,tied,10,io,4,false,t01->t03->t05->t07->t08->t10->t11->t12->t13->t14->t15->t16 => t01->t03->t05->t07->t08->t10->t11->t12->t13->t14->t15->t16,6.3936,0.01799686878803181203270376945,4.3542,4.3542,6.393600,true,,,,,,
schedule_policy,exp08_confirmatory_n16_chain_like_lognormal_11,16,chain_like,lognormal,unique,11,io,1,,,,,,,,,0.000,0,0,0,0,0
schedule_policy,exp08_confirmatory_n16_chain_like_lognormal_11,16,chain_like,lognormal,unique,11,io,4,,,,,,,,,-12.811,-0.03336197916666666666666666667,-12.547,-0.03267447916666666666666666667,-12.547,-0.03267447916666666666666666667
schedule_policy,exp08_confirmatory_n16_chain_like_lognormal_11,16,chain_like,lognormal,unique,11,io,8,,,,,,,,,-12.811,-0.03336197916666666666666666667,-12.547,-0.03267447916666666666666666667,-12.547,-0.03267447916666666666666666667
schedule_policy,exp08_confirmatory_n16_chain_like_lognormal_11,16,chain_like,lognormal,unique,11,equal_alternating,1,,,,,,,,,0.000,0,0,0,0,0
schedule_policy,exp08_confirmatory_n16_chain_like_lognormal_11,16,chain_like,lognormal,unique,11,equal_alternating,4,,,,,,,,,-11.582,-0.03016145833333333333333333333,-11.946,-0.031109375,-11.946,-0.031109375
schedule_policy,exp08_confirmatory_n16_chain_like_lognormal_11,16,chain_like,lognormal,unique,11,equal_alternating,8,,,,,,,,,-11.582,-0.03016145833333333333333333333,-11.946,-0.031109375,-11.946,-0.031109375
differentiated_slowdown,exp08_confirmatory_n16_chain_like_lognormal_11,16,chain_like,lognormal,unique,11,io,4,true,t01->t03->t05->t06->t08->t10->t11->t12->t13->t14->t15->t16 => t01->t03->t05->t06->t08->t10->t11->t12->t13->t14->t15->t16,6.7392,0.01732199918571798699616300445,6.7392,6.7392,6.739200,true,,,,,,
schedule_policy,exp08_confirmatory_n16_chain_like_lognormal_12,16,chain_like,lognormal,unique,12,io,1,,,,,,,,,0.000,0,0,0,0,0
schedule_policy,exp08_confirmatory_n16_chain_like_lognormal_12,16,chain_like,lognormal,unique,12,io,4,,,,,,,,,1.608,0.004620689655172413793103448276,2.695,0.007744252873563218390804597701,2.695,0.007744252873563218390804597701
schedule_policy,exp08_confirmatory_n16_chain_like_lognormal_12,16,chain_like,lognormal,unique,12,io,8,,,,,,,,,1.608,0.004620689655172413793103448276,2.695,0.007744252873563218390804597701,2.695,0.007744252873563218390804597701
schedule_policy,exp08_confirmatory_n16_chain_like_lognormal_12,16,chain_like,lognormal,unique,12,equal_alternating,1,,,,,,,,,0.000,0,0,0,0,0
schedule_policy,exp08_confirmatory_n16_chain_like_lognormal_12,16,chain_like,lognormal,unique,12,equal_alternating,4,,,,,,,,,-4.706,-0.01352298850574712643678160920,-2.084,-0.005988505747126436781609195402,-2.084,-0.005988505747126436781609195402
schedule_policy,exp08_confirmatory_n16_chain_like_lognormal_12,16,chain_like,lognormal,unique,12,equal_alternating,8,,,,,,,,,-4.706,-0.01352298850574712643678160920,-2.084,-0.005988505747126436781609195402,-2.084,-0.005988505747126436781609195402
differentiated_slowdown,exp08_confirmatory_n16_chain_like_lognormal_12,16,chain_like,lognormal,unique,12,io,4,true,t01->t02->t05->t07->t09->t10->t11->t12->t13->t14->t15->t16 => t01->t02->t05->t07->t09->t10->t11->t12->t13->t14->t15->t16,6.0480,0.01715569473755871740758390632,6.0480,6.0480,6.048000,true,,,,,,
schedule_policy,exp08_confirmatory_n16_chain_like_lognormal_13,16,chain_like,lognormal,unique,13,io,1,,,,,,,,,0.000,0,0,0,0,0
schedule_policy,exp08_confirmatory_n16_chain_like_lognormal_13,16,chain_like,lognormal,unique,13,io,4,,,,,,,,,0.000,0,3.564,0.00928125,3.564,0.00928125
schedule_policy,exp08_confirmatory_n16_chain_like_lognormal_13,16,chain_like,lognormal,unique,13,io,8,,,,,,,,,0.000,0,3.564,0.00928125,3.564,0.00928125
schedule_policy,exp08_confirmatory_n16_chain_like_lognormal_13,16,chain_like,lognormal,unique,13,equal_alternating,1,,,,,,,,,0.000,0,0,0,0,0
schedule_policy,exp08_confirmatory_n16_chain_like_lognormal_13,16,chain_like,lognormal,unique,13,equal_alternating,4,,,,,,,,,-2.949,-0.0076796875,-0.778,-0.002026041666666666666666666667,-0.778,-0.002026041666666666666666666667
schedule_policy,exp08_confirmatory_n16_chain_like_lognormal_13,16,chain_like,lognormal,unique,13,equal_alternating,8,,,,,,,,,-2.949,-0.0076796875,-0.778,-0.002026041666666666666666666667,-0.778,-0.002026041666666666666666666667
differentiated_slowdown,exp08_confirmatory_n16_chain_like_lognormal_13,16,chain_like,lognormal,unique,13,io,4,true,t01->t02->t05->t07->t09->t10->t11->t12->t13->t14->t15->t16 => t01->t02->t05->t07->t09->t10->t11->t12->t13->t14->t15->t16,7.6032,0.01951027245405724983987781446,7.6032,7.6032,7.603200,true,,,,,,
schedule_policy,exp08_confirmatory_n16_chain_like_lognormal_14,16,chain_like,lognormal,unique,14,io,1,,,,,,,,,0.000,0,0,0,0,0
schedule_policy,exp08_confirmatory_n16_chain_like_lognormal_14,16,chain_like,lognormal,unique,14,io,4,,,,,,,,,-0.043,-0.0001235632183908045977011494253,1.391,0.003997126436781609195402298851,1.391,0.003997126436781609195402298851
schedule_policy,exp08_confirmatory_n16_chain_like_lognormal_14,16,chain_like,lognormal,unique,14,io,8,,,,,,,,,-0.043,-0.0001235632183908045977011494253,1.391,0.003997126436781609195402298851,1.391,0.003997126436781609195402298851
schedule_policy,exp08_confirmatory_n16_chain_like_lognormal_14,16,chain_like,lognormal,unique,14,equal_alternating,1,,,,,,,,,0.000,0,0,0,0,0
schedule_policy,exp08_confirmatory_n16_chain_like_lognormal_14,16,chain_like,lognormal,unique,14,equal_alternating,4,,,,,,,,,-4.300,-0.01235632183908045977011494253,-1.803,-0.005181034482758620689655172414,-1.803,-0.005181034482758620689655172414
schedule_policy,exp08_confirmatory_n16_chain_like_lognormal_14,16,chain_like,lognormal,unique,14,equal_alternating,8,,,,,,,,,-4.300,-0.01235632183908045977011494253,-1.803,-0.005181034482758620689655172414,-1.803,-0.005181034482758620689655172414
differentiated_slowdown,exp08_confirmatory_n16_chain_like_lognormal_14,16,chain_like,lognormal,unique,14,io,4,true,t01->t03->t05->t07->t09->t10->t11->t12->t13->t14->t15->t16 => t01->t03->t05->t07->t09->t10->t11->t12->t13->t14->t15->t16,6.0480,0.01715569473755871740758390632,6.0480,6.0480,6.048000,true,,,,,,
schedule_policy,exp08_confirmatory_n16_chain_like_lognormal_15,16,chain_like,lognormal,tied,15,io,1,,,,,,,,,0.000,0,0,0,0,0
schedule_policy,exp08_confirmatory_n16_chain_like_lognormal_15,16,chain_like,lognormal,tied,15,io,4,,,,,,,,,1.956,0.005620689655172413793103448276,4.106,0.01179885057471264367816091954,4.106,0.01179885057471264367816091954
schedule_policy,exp08_confirmatory_n16_chain_like_lognormal_15,16,chain_like,lognormal,tied,15,io,8,,,,,,,,,1.956,0.005620689655172413793103448276,4.106,0.01179885057471264367816091954,4.106,0.01179885057471264367816091954
schedule_policy,exp08_confirmatory_n16_chain_like_lognormal_15,16,chain_like,lognormal,tied,15,equal_alternating,1,,,,,,,,,0.000,0,0,0,0,0
schedule_policy,exp08_confirmatory_n16_chain_like_lognormal_15,16,chain_like,lognormal,tied,15,equal_alternating,4,,,,,,,,,-2.371,-0.006813218390804597701149425287,-1.297,-0.003727011494252873563218390805,-1.297,-0.003727011494252873563218390805
schedule_policy,exp08_confirmatory_n16_chain_like_lognormal_15,16,chain_like,lognormal,tied,15,equal_alternating,8,,,,,,,,,-2.371,-0.006813218390804597701149425287,-1.297,-0.003727011494252873563218390805,-1.297,-0.003727011494252873563218390805
differentiated_slowdown,exp08_confirmatory_n16_chain_like_lognormal_15,16,chain_like,lognormal,tied,15,io,4,false,t01->t03->t05->t07->t09->t10->t11->t12->t13->t14->t15->t16 => t01->t03->t05->t07->t09->t10->t11->t12->t13->t14->t15->t16,6.7392,0.01876771692026978593072887817,1.3017,1.3017,6.739200,true,,,,,,
schedule_policy,exp08_confirmatory_n16_chain_like_lognormal_16,16,chain_like,lognormal,tied,16,io,1,,,,,,,,,0.000,0,0,0,0,0
schedule_policy,exp08_confirmatory_n16_chain_like_lognormal_16,16,chain_like,lognormal,tied,16,io,4,,,,,,,,,-6.480,-0.016875,-4.680,-0.0121875,-4.680,-0.0121875
schedule_policy,exp08_confirmatory_n16_chain_like_lognormal_16,16,chain_like,lognormal,tied,16,io,8,,,,,,,,,-6.480,-0.016875,-4.680,-0.0121875,-4.680,-0.0121875
schedule_policy,exp08_confirmatory_n16_chain_like_lognormal_16,16,chain_like,lognormal,tied,16,equal_alternating,1,,,,,,,,,0.000,0,0,0,0,0
schedule_policy,exp08_confirmatory_n16_chain_like_lognormal_16,16,chain_like,lognormal,tied,16,equal_alternating,4,,,,,,,,,-3.990,-0.010390625,-3.090,-0.008046875,-3.090,-0.008046875
schedule_policy,exp08_confirmatory_n16_chain_like_lognormal_16,16,chain_like,lognormal,tied,16,equal_alternating,8,,,,,,,,,-3.990,-0.010390625,-3.090,-0.008046875,-3.090,-0.008046875
differentiated_slowdown,exp08_confirmatory_n16_chain_like_lognormal_16,16,chain_like,lognormal,tied,16,io,4,false,t01->t02->t04->t07->t08->t10->t11->t12->t13->t14->t15->t16 => t01->t02->t04->t07->t08->t10->t11->t12->t13->t14->t15->t16,6.9120,0.01739813332527864197903766575,0.4320,0.4320,6.912000,true,,,,,,
schedule_policy,exp08_confirmatory_n16_chain_like_lognormal_17,16,chain_like,lognormal,unique,17,io,1,,,,,,,,,0.000,0,0,0,0,0
schedule_policy,exp08_confirmatory_n16_chain_like_lognormal_17,16,chain_like,lognormal,unique,17,io,4,,,,,,,,,-4.224,-0.01303703703703703703703703704,1.980,0.006111111111111111111111111111,1.980,0.006111111111111111111111111111
schedule_policy,exp08_confirmatory_n16_chain_like_lognormal_17,16,chain_like,lognormal,unique,17,io,8,,,,,,,,,-4.224,-0.01303703703703703703703703704,1.980,0.006111111111111111111111111111,1.980,0.006111111111111111111111111111
schedule_policy,exp08_confirmatory_n16_chain_like_lognormal_17,16,chain_like,lognormal,unique,17,equal_alternating,1,,,,,,,,,0.000,0,0,0,0,0
schedule_policy,exp08_confirmatory_n16_chain_like_lognormal_17,16,chain_like,lognormal,unique,17,equal_alternating,4,,,,,,,,,-4.396,-0.01356790123456790123456790123,-1.030,-0.003179012345679012345679012346,-1.030,-0.003179012345679012345679012346
schedule_policy,exp08_confirmatory_n16_chain_like_lognormal_17,16,chain_like,lognormal,unique,17,equal_alternating,8,,,,,,,,,-4.396,-0.01356790123456790123456790123,-1.030,-0.003179012345679012345679012346,-1.030,-0.003179012345679012345679012346
differentiated_slowdown,exp08_confirmatory_n16_chain_like_lognormal_17,16,chain_like,lognormal,unique,17,io,4,true,t01->t03->t05->t06->t09->t10->t11->t12->t13->t14->t15->t16 => t01->t03->t05->t06->t09->t10->t11->t12->t13->t14->t15->t16,5.7024,0.01737070667193051717331227793,5.7024,5.7024,5.702400,true,,,,,,
schedule_policy,exp08_confirmatory_n16_chain_like_lognormal_18,16,chain_like,lognormal,unique,18,io,1,,,,,,,,,0.000,0,0,0,0,0
schedule_policy,exp08_confirmatory_n16_chain_like_lognormal_18,16,chain_like,lognormal,unique,18,io,4,,,,,,,,,-7.169,-0.01757107843137254901960784314,-3.419,-0.008379901960784313725490196078,-3.419,-0.008379901960784313725490196078
schedule_policy,exp08_confirmatory_n16_chain_like_lognormal_18,16,chain_like,lognormal,unique,18,io,8,,,,,,,,,-7.169,-0.01757107843137254901960784314,-3.419,-0.008379901960784313725490196078,-3.419,-0.008379901960784313725490196078
schedule_policy,exp08_confirmatory_n16_chain_like_lognormal_18,16,chain_like,lognormal,unique,18,equal_alternating,1,,,,,,,,,0.000,0,0,0,0,0
schedule_policy,exp08_confirmatory_n16_chain_like_lognormal_18,16,chain_like,lognormal,unique,18,equal_alternating,4,,,,,,,,,-5.681,-0.01392401960784313725490196078,-3.295,-0.008075980392156862745098039216,-3.295,-0.008075980392156862745098039216
schedule_policy,exp08_confirmatory_n16_chain_like_lognormal_18,16,chain_like,lognormal,unique,18,equal_alternating,8,,,,,,,,,-5.681,-0.01392401960784313725490196078,-3.295,-0.008075980392156862745098039216,-3.295,-0.008075980392156862745098039216
differentiated_slowdown,exp08_confirmatory_n16_chain_like_lognormal_18,16,chain_like,lognormal,unique,18,io,4,true,t01->t02->t04->t06->t08->t10->t11->t12->t13->t14->t15->t16 => t01->t02->t04->t06->t08->t10->t11->t12->t13->t14->t15->t16,6.7392,0.01631552647786829047215088376,6.7392,6.7392,6.739200,true,,,,,,
schedule_policy,exp08_confirmatory_n16_chain_like_lognormal_19,16,chain_like,lognormal,tied,19,io,1,,,,,,,,,0.000,0,0,0,0,0
schedule_policy,exp08_confirmatory_n16_chain_like_lognormal_19,16,chain_like,lognormal,tied,19,io,4,,,,,,,,,-2.232,-0.008086956521739130434782608696,-1.068,-0.003869565217391304347826086957,-1.068,-0.003869565217391304347826086957
schedule_policy,exp08_confirmatory_n16_chain_like_lognormal_19,16,chain_like,lognormal,tied,19,io,8,,,,,,,,,-2.232,-0.008086956521739130434782608696,-1.068,-0.003869565217391304347826086957,-1.068,-0.003869565217391304347826086957
schedule_policy,exp08_confirmatory_n16_chain_like_lognormal_19,16,chain_like,lognormal,tied,19,equal_alternating,1,,,,,,,,,0.000,0,0,0,0,0
schedule_policy,exp08_confirmatory_n16_chain_like_lognormal_19,16,chain_like,lognormal,tied,19,equal_alternating,4,,,,,,,,,-7.063,-0.02559057971014492753623188406,-5.742,-0.02080434782608695652173913043,-5.742,-0.02080434782608695652173913043
schedule_policy,exp08_confirmatory_n16_chain_like_lognormal_19,16,chain_like,lognormal,tied,19,equal_alternating,8,,,,,,,,,-7.063,-0.02559057971014492753623188406,-5.742,-0.02080434782608695652173913043,-5.742,-0.02080434782608695652173913043
differentiated_slowdown,exp08_confirmatory_n16_chain_like_lognormal_19,16,chain_like,lognormal,tied,19,io,4,false,t01->t02->t04->t07->t08->t10->t11->t12->t13->t14->t15->t16 => t01->t02->t04->t07->t08->t10->t11->t12->t13->t14->t15->t16,5.3568,0.01899495659222649273062075084,3.5520,3.5520,5.356800,true,,,,,,
schedule_policy,exp08_confirmatory_n32_wide_layered_homogeneous_00,32,wide_layered,homogeneous,tied,0,io,1,,,,,,,,,0.000,0,0,0,0,0
schedule_policy,exp08_confirmatory_n32_wide_layered_homogeneous_00,32,wide_layered,homogeneous,tied,0,io,4,,,,,,,,,0.827,0.008614583333333333333333333333,4.843,0.05044791666666666666666666667,3.193,0.03326041666666666666666666667
schedule_policy,exp08_confirmatory_n32_wide_layered_homogeneous_00,32,wide_layered,homogeneous,tied,0,io,8,,,,,,,,,-3.482,-0.04836111111111111111111111111,13.072,0.1815555555555555555555555556,-3.130,-0.04347222222222222222222222222
schedule_policy,exp08_confirmatory_n32_wide_layered_homogeneous_00,32,wide_layered,homogeneous,tied,0,equal_alternating,1,,,,,,,,,0.000,0,0,0,0,0
schedule_policy,exp08_confirmatory_n32_wide_layered_homogeneous_00,32,wide_layered,homogeneous,tied,0,equal_alternating,4,,,,,,,,,0.546,0.0056875,3.396,0.035375,2.036,0.02120833333333333333333333333
schedule_policy,exp08_confirmatory_n32_wide_layered_homogeneous_00,32,wide_layered,homogeneous,tied,0,equal_alternating,8,,,,,,,,,-0.650,-0.009027777777777777777777777778,4.740,0.06583333333333333333333333333,5.275,0.07326388888888888888888888889
differentiated_slowdown,exp08_confirmatory_n32_wide_layered_homogeneous_00,32,wide_layered,homogeneous,tied,0,io,4,true,t01->t03->t12->t20->t28->t32 => t01->t03->t12->t20->t28->t32,5.5296,0.05559845559845559845559845560,5.5296,0.0000,5.529600,true,,,,,,
schedule_policy,exp08_confirmatory_n32_wide_layered_homogeneous_01,32,wide_layered,homogeneous,tied,1,io,1,,,,,,,,,0.000,0,0,0,0,0
schedule_policy,exp08_confirmatory_n32_wide_layered_homogeneous_01,32,wide_layered,homogeneous,tied,1,io,4,,,,,,,,,2.392,0.02491666666666666666666666667,12.342,0.1285625,5.697,0.05934375
schedule_policy,exp08_confirmatory_n32_wide_layered_homogeneous_01,32,wide_layered,homogeneous,tied,1,io,8,,,,,,,,,-5.170,-0.07180555555555555555555555556,-6.237,-0.086625,-2.218,-0.03080555555555555555555555556
schedule_policy,exp08_confirmatory_n32_wide_layered_homogeneous_01,32,wide_layered,homogeneous,tied,1,equal_alternating,1,,,,,,,,,0.000,0,0,0,0,0
schedule_policy,exp08_confirmatory_n32_wide_layered_homogeneous_01,32,wide_layered,homogeneous,tied,1,equal_alternating,4,,,,,,,,,1.491,0.01553125,7.878,0.0820625,8.766,0.0913125
schedule_policy,exp08_confirmatory_n32_wide_layered_homogeneous_01,32,wide_layered,homogeneous,tied,1,equal_alternating,8,,,,,,,,,-1.359,-0.018875,4.834,0.06713888888888888888888888889,5.507,0.07648611111111111111111111111
differentiated_slowdown,exp08_confirmatory_n32_wide_layered_homogeneous_01,32,wide_layered,homogeneous,tied,1,io,4,true,t01->t08->t15->t23->t25->t32 => t01->t08->t15->t23->t25->t32,5.5296,0.05559845559845559845559845560,5.5296,0.0000,5.529600,true,,,,,,
schedule_policy,exp08_confirmatory_n32_wide_layered_homogeneous_02,32,wide_layered,homogeneous,tied,2,io,1,,,,,,,,,0.000,0,0,0,0,0
schedule_policy,exp08_confirmatory_n32_wide_layered_homogeneous_02,32,wide_layered,homogeneous,tied,2,io,4,,,,,,,,,0.826,0.008604166666666666666666666667,7.854,0.0818125,2.743,0.02857291666666666666666666667
schedule_policy,exp08_confirmatory_n32_wide_layered_homogeneous_02,32,wide_layered,homogeneous,tied,2,io,8,,,,,,,,,-1.388,-0.01927777777777777777777777778,1.333,0.01851388888888888888888888889,2.072,0.02877777777777777777777777778
schedule_policy,exp08_confirmatory_n32_wide_layered_homogeneous_02,32,wide_layered,homogeneous,tied,2,equal_alternating,1,,,,,,,,,0.000,0,0,0,0,0
schedule_policy,exp08_confirmatory_n32_wide_layered_homogeneous_02,32,wide_layered,homogeneous,tied,2,equal_alternating,4,,,,,,,,,0.135,0.00140625,2.109,0.02196875,2.730,0.0284375
schedule_policy,exp08_confirmatory_n32_wide_layered_homogeneous_02,32,wide_layered,homogeneous,tied,2,equal_alternating,8,,,,,,,,,-0.650,-0.009027777777777777777777777778,10.050,0.1395833333333333333333333333,5.997,0.08329166666666666666666666667
differentiated_slowdown,exp08_confirmatory_n32_wide_layered_homogeneous_02,32,wide_layered,homogeneous,tied,2,io,4,true,t01->t06->t11->t18->t31->t32 => t01->t06->t11->t18->t31->t32,5.5296,0.05559845559845559845559845560,5.5296,0.0000,5.529600,true,,,,,,
schedule_policy,exp08_confirmatory_n32_wide_layered_homogeneous_03,32,wide_layered,homogeneous,tied,3,io,1,,,,,,,,,0.000,0,0,0,0,0
schedule_policy,exp08_confirmatory_n32_wide_layered_homogeneous_03,32,wide_layered,homogeneous,tied,3,io,4,,,,,,,,,2.805,0.02921875,12.345,0.12859375,5.610,0.0584375
schedule_policy,exp08_confirmatory_n32_wide_layered_homogeneous_03,32,wide_layered,homogeneous,tied,3,io,8,,,,,,,,,-2.217,-0.03079166666666666666666666667,10.154,0.1410277777777777777777777778,-2.129,-0.02956944444444444444444444444
schedule_policy,exp08_confirmatory_n32_wide_layered_homogeneous_03,32,wide_layered,homogeneous,tied,3,equal_alternating,1,,,,,,,,,0.000,0,0,0,0,0
schedule_policy,exp08_confirmatory_n32_wide_layered_homogeneous_03,32,wide_layered,homogeneous,tied,3,equal_alternating,4,,,,,,,,,0.329,0.003427083333333333333333333333,4.878,0.0508125,4.989,0.05196875
schedule_policy,exp08_confirmatory_n32_wide_layered_homogeneous_03,32,wide_layered,homogeneous,tied,3,equal_alternating,8,,,,,,,,,-0.834,-0.01158333333333333333333333333,6.064,0.08422222222222222222222222222,2.687,0.03731944444444444444444444444
differentiated_slowdown,exp08_confirmatory_n32_wide_layered_homogeneous_03,32,wide_layered,homogeneous,tied,3,io,4,true,t01->t03->t17->t20->t28->t32 => t01->t03->t17->t20->t28->t32,5.5296,0.05559845559845559845559845560,5.5296,0.0000,5.529600,true,,,,,,
schedule_policy,exp08_confirmatory_n32_wide_layered_homogeneous_04,32,wide_layered,homogeneous,tied,4,io,1,,,,,,,,,0.000,0,0,0,0,0
schedule_policy,exp08_confirmatory_n32_wide_layered_homogeneous_04,32,wide_layered,homogeneous,tied,4,io,4,,,,,,,,,2.509,0.02613541666666666666666666667,7.140,0.074375,5.221,0.05438541666666666666666666667
schedule_policy,exp08_confirmatory_n32_wide_layered_homogeneous_04,32,wide_layered,homogeneous,tied,4,io,8,,,,,,,,,-3.459,-0.04804166666666666666666666667,-5.181,-0.07195833333333333333333333333,-1.836,-0.0255
schedule_policy,exp08_confirmatory_n32_wide_layered_homogeneous_04,32,wide_layered,homogeneous,tied,4,equal_alternating,1,,,,,,,,,0.000,0,0,0,0,0
schedule_policy,exp08_confirmatory_n32_wide_layered_homogeneous_04,32,wide_layered,homogeneous,tied,4,equal_alternating,4,,,,,,,,,0.999,0.01040625,4.887,0.05090625,4.147,0.04319791666666666666666666667
schedule_policy,exp08_confirmatory_n32_wide_layered_homogeneous_04,32,wide_layered,homogeneous,tied,4,equal_alternating,8,,,,,,,,,-1.227,-0.01704166666666666666666666667,6.377,0.08856944444444444444444444444,2.911,0.04043055555555555555555555556
differentiated_slowdown,exp08_confirmatory_n32_wide_layered_homogeneous_04,32,wide_layered,homogeneous,tied,4,io,4,true,t01->t06->t12->t21->t27->t32 => t01->t06->t12->t21->t27->t32,5.5296,0.05559845559845559845559845560,5.5296,0.0000,5.529600,true,,,,,,
schedule_policy,exp08_confirmatory_n32_wide_layered_homogeneous_05,32,wide_layered,homogeneous,tied,5,io,1,,,,,,,,,0.000,0,0,0,0,0
schedule_policy,exp08_confirmatory_n32_wide_layered_homogeneous_05,32,wide_layered,homogeneous,tied,5,io,4,,,,,,,,,3.751,0.03907291666666666666666666667,4.785,0.04984375,1.980,0.020625
schedule_policy,exp08_confirmatory_n32_wide_layered_homogeneous_05,32,wide_layered,homogeneous,tied,5,io,8,,,,,,,,,-1.919,-0.02665277777777777777777777778,8.803,0.1222638888888888888888888889,-0.476,-0.006611111111111111111111111111
schedule_policy,exp08_confirmatory_n32_wide_layered_homogeneous_05,32,wide_layered,homogeneous,tied,5,equal_alternating,1,,,,,,,,,0.000,0,0,0,0,0
schedule_policy,exp08_confirmatory_n32_wide_layered_homogeneous_05,32,wide_layered,homogeneous,tied,5,equal_alternating,4,,,,,,,,,1.083,0.01128125,1.622,0.01689583333333333333333333333,0.618,0.0064375
schedule_policy,exp08_confirmatory_n32_wide_layered_homogeneous_05,32,wide_layered,homogeneous,tied,5,equal_alternating,8,,,,,,,,,-0.652,-0.009055555555555555555555555556,5.790,0.08041666666666666666666666667,4.098,0.05691666666666666666666666667
differentiated_slowdown,exp08_confirmatory_n32_wide_layered_homogeneous_05,32,wide_layered,homogeneous,tied,5,io,4,true,t01->t02->t14->t23->t29->t32 => t01->t02->t14->t23->t29->t32,5.5296,0.05559845559845559845559845560,5.5296,0.0000,5.529600,true,,,,,,
schedule_policy,exp08_confirmatory_n32_wide_layered_homogeneous_06,32,wide_layered,homogeneous,tied,6,io,1,,,,,,,,,0.000,0,0,0,0,0
schedule_policy,exp08_confirmatory_n32_wide_layered_homogeneous_06,32,wide_layered,homogeneous,tied,6,io,4,,,,,,,,,2.423,0.02523958333333333333333333333,9.013,0.09388541666666666666666666667,6.205,0.06463541666666666666666666667
schedule_policy,exp08_confirmatory_n32_wide_layered_homogeneous_06,32,wide_layered,homogeneous,tied,6,io,8,,,,,,,,,-3.549,-0.04929166666666666666666666667,7.847,0.1089861111111111111111111111,-0.562,-0.007805555555555555555555555556
schedule_policy,exp08_confirmatory_n32_wide_layered_homogeneous_06,32,wide_layered,homogeneous,tied,6,equal_alternating,1,,,,,,,,,0.000,0,0,0,0,0
schedule_policy,exp08_confirmatory_n32_wide_layered_homogeneous_06,32,wide_layered,homogeneous,tied,6,equal_alternating,4,,,,,,,,,1.079,0.01123958333333333333333333333,3.815,0.03973958333333333333333333333,2.676,0.027875
schedule_policy,exp08_confirmatory_n32_wide_layered_homogeneous_06,32,wide_layered,homogeneous,tied,6,equal_alternating,8,,,,,,,,,-1.092,-0.01516666666666666666666666667,7.793,0.1082361111111111111111111111,4.354,0.06047222222222222222222222222
differentiated_slowdown,exp08_confirmatory_n32_wide_layered_homogeneous_06,32,wide_layered,homogeneous,tied,6,io,4,true,t01->t02->t16->t20->t31->t32 => t01->t02->t16->t20->t31->t32,5.5296,0.05559845559845559845559845560,5.5296,0.0000,5.529600,true,,,,,,
schedule_policy,exp08_confirmatory_n32_wide_layered_homogeneous_07,32,wide_layered,homogeneous,tied,7,io,1,,,,,,,,,0.000,0,0,0,0,0
schedule_policy,exp08_confirmatory_n32_wide_layered_homogeneous_07,32,wide_layered,homogeneous,tied,7,io,4,,,,,,,,,2.012,0.02095833333333333333333333333,7.421,0.07730208333333333333333333333,-0.204,-0.002125
schedule_policy,exp08_confirmatory_n32_wide_layered_homogeneous_07,32,wide_layered,homogeneous,tied,7,io,8,,,,,,,,,-4.903,-0.06809722222222222222222222222,-15.852,-0.2201666666666666666666666667,-5.161,-0.07168055555555555555555555556
schedule_policy,exp08_confirmatory_n32_wide_layered_homogeneous_07,32,wide_layered,homogeneous,tied,7,equal_alternating,1,,,,,,,,,0.000,0,0,0,0,0
schedule_policy,exp08_confirmatory_n32_wide_layered_homogeneous_07,32,wide_layered,homogeneous,tied,7,equal_alternating,4,,,,,,,,,0.608,0.006333333333333333333333333333,1.276,0.01329166666666666666666666667,-0.543,-0.00565625
schedule_policy,exp08_confirmatory_n32_wide_layered_homogeneous_07,32,wide_layered,homogeneous,tied,7,equal_alternating,8,,,,,,,,,-0.799,-0.01109722222222222222222222222,4.016,0.05577777777777777777777777778,4.328,0.06011111111111111111111111111
differentiated_slowdown,exp08_confirmatory_n32_wide_layered_homogeneous_07,32,wide_layered,homogeneous,tied,7,io,4,true,t01->t05->t11->t20->t26->t32 => t01->t05->t11->t20->t26->t32,5.5296,0.05559845559845559845559845560,5.5296,0.0000,5.529600,true,,,,,,
schedule_policy,exp08_confirmatory_n32_wide_layered_homogeneous_08,32,wide_layered,homogeneous,tied,8,io,1,,,,,,,,,0.000,0,0,0,0,0
schedule_policy,exp08_confirmatory_n32_wide_layered_homogeneous_08,32,wide_layered,homogeneous,tied,8,io,4,,,,,,,,,0.295,0.003072916666666666666666666667,-0.090,-0.0009375,-0.118,-0.001229166666666666666666666667
schedule_policy,exp08_confirmatory_n32_wide_layered_homogeneous_08,32,wide_layered,homogeneous,tied,8,io,8,,,,,,,,,-5.610,-0.07791666666666666666666666667,-4.695,-0.06520833333333333333333333333,-2.539,-0.03526388888888888888888888889
schedule_policy,exp08_confirmatory_n32_wide_layered_homogeneous_08,32,wide_layered,homogeneous,tied,8,equal_alternating,1,,,,,,,,,0.000,0,0,0,0,0
schedule_policy,exp08_confirmatory_n32_wide_layered_homogeneous_08,32,wide_layered,homogeneous,tied,8,equal_alternating,4,,,,,,,,,1.218,0.0126875,2.823,0.02940625,2.139,0.02228125
schedule_policy,exp08_confirmatory_n32_wide_layered_homogeneous_08,32,wide_layered,homogeneous,tied,8,equal_alternating,8,,,,,,,,,-2.084,-0.02894444444444444444444444444,1.599,0.02220833333333333333333333333,1.148,0.01594444444444444444444444444
differentiated_slowdown,exp08_confirmatory_n32_wide_layered_homogeneous_08,32,wide_layered,homogeneous,tied,8,io,4,true,t01->t07->t15->t22->t29->t32 => t01->t07->t15->t22->t29->t32,5.5296,0.05559845559845559845559845560,5.5296,0.0000,5.529600,true,,,,,,
schedule_policy,exp08_confirmatory_n32_wide_layered_homogeneous_09,32,wide_layered,homogeneous,tied,9,io,1,,,,,,,,,0.000,0,0,0,0,0
schedule_policy,exp08_confirmatory_n32_wide_layered_homogeneous_09,32,wide_layered,homogeneous,tied,9,io,4,,,,,,,,,3.426,0.0356875,4.135,0.04307291666666666666666666667,-0.087,-0.00090625
schedule_policy,exp08_confirmatory_n32_wide_layered_homogeneous_09,32,wide_layered,homogeneous,tied,9,io,8,,,,,,,,,-4.373,-0.06073611111111111111111111111,-20.082,-0.2789166666666666666666666667,-1.861,-0.02584722222222222222222222222
schedule_policy,exp08_confirmatory_n32_wide_layered_homogeneous_09,32,wide_layered,homogeneous,tied,9,equal_alternating,1,,,,,,,,,0.000,0,0,0,0,0
schedule_policy,exp08_confirmatory_n32_wide_layered_homogeneous_09,32,wide_layered,homogeneous,tied,9,equal_alternating,4,,,,,,,,,-1.357,-0.01413541666666666666666666667,1.094,0.01139583333333333333333333333,1.209,0.01259375
schedule_policy,exp08_confirmatory_n32_wide_layered_homogeneous_09,32,wide_layered,homogeneous,tied,9,equal_alternating,8,,,,,,,,,-0.786,-0.01091666666666666666666666667,-0.329,-0.004569444444444444444444444444,5.456,0.07577777777777777777777777778
differentiated_slowdown,exp08_confirmatory_n32_wide_layered_homogeneous_09,32,wide_layered,homogeneous,tied,9,io,4,true,t01->t07->t16->t19->t30->t32 => t01->t07->t16->t19->t30->t32,5.5296,0.05559845559845559845559845560,5.5296,0.0000,5.529600,true,,,,,,
schedule_policy,exp08_confirmatory_n32_wide_layered_homogeneous_10,32,wide_layered,homogeneous,tied,10,io,1,,,,,,,,,0.000,0,0,0,0,0
schedule_policy,exp08_confirmatory_n32_wide_layered_homogeneous_10,32,wide_layered,homogeneous,tied,10,io,4,,,,,,,,,3.574,0.03722916666666666666666666667,12.346,0.1286041666666666666666666667,8.594,0.08952083333333333333333333333
schedule_policy,exp08_confirmatory_n32_wide_layered_homogeneous_10,32,wide_layered,homogeneous,tied,10,io,8,,,,,,,,,-4.372,-0.06072222222222222222222222222,-5.294,-0.07352777777777777777777777778,-7.211,-0.1001527777777777777777777778
schedule_policy,exp08_confirmatory_n32_wide_layered_homogeneous_10,32,wide_layered,homogeneous,tied,10,equal_alternating,1,,,,,,,,,0.000,0,0,0,0,0
schedule_policy,exp08_confirmatory_n32_wide_layered_homogeneous_10,32,wide_layered,homogeneous,tied,10,equal_alternating,4,,,,,,,,,1.133,0.01180208333333333333333333333,2.878,0.02997916666666666666666666667,3.040,0.03166666666666666666666666667
schedule_policy,exp08_confirmatory_n32_wide_layered_homogeneous_10,32,wide_layered,homogeneous,tied,10,equal_alternating,8,,,,,,,,,-0.968,-0.01344444444444444444444444444,3.734,0.05186111111111111111111111111,0.515,0.007152777777777777777777777778
differentiated_slowdown,exp08_confirmatory_n32_wide_layered_homogeneous_10,32,wide_layered,homogeneous,tied,10,io,4,true,t01->t04->t16->t18->t30->t32 => t01->t04->t16->t18->t30->t32,5.5296,0.05559845559845559845559845560,5.5296,0.0000,5.529600,true,,,,,,
schedule_policy,exp08_confirmatory_n32_wide_layered_homogeneous_11,32,wide_layered,homogeneous,tied,11,io,1,,,,,,,,,0.000,0,0,0,0,0
schedule_policy,exp08_confirmatory_n32_wide_layered_homogeneous_11,32,wide_layered,homogeneous,tied,11,io,4,,,,,,,,,0.563,0.005864583333333333333333333333,4.347,0.04528125,2.159,0.02248958333333333333333333333
schedule_policy,exp08_confirmatory_n32_wide_layered_homogeneous_11,32,wide_layered,homogeneous,tied,11,io,8,,,,,,,,,-2.841,-0.03945833333333333333333333333,7.325,0.1017361111111111111111111111,0.493,0.006847222222222222222222222222
schedule_policy,exp08_confirmatory_n32_wide_layered_homogeneous_11,32,wide_layered,homogeneous,tied,11,equal_alternating,1,,,,,,,,,0.000,0,0,0,0,0
schedule_policy,exp08_confirmatory_n32_wide_layered_homogeneous_11,32,wide_layered,homogeneous,tied,11,equal_alternating,4,,,,,,,,,-0.694,-0.007229166666666666666666666667,-1.341,-0.01396875,-1.946,-0.02027083333333333333333333333
schedule_policy,exp08_confirmatory_n32_wide_layered_homogeneous_11,32,wide_layered,homogeneous,tied,11,equal_alternating,8,,,,,,,,,-0.213,-0.002958333333333333333333333333,9.354,0.1299166666666666666666666667,5.449,0.07568055555555555555555555556
differentiated_slowdown,exp08_confirmatory_n32_wide_layered_homogeneous_11,32,wide_layered,homogeneous,tied,11,io,4,true,t01->t07->t13->t18->t31->t32 => t01->t07->t13->t18->t31->t32,5.5296,0.05559845559845559845559845560,5.5296,0.0000,5.529600,true,,,,,,
schedule_policy,exp08_confirmatory_n32_wide_layered_homogeneous_12,32,wide_layered,homogeneous,tied,12,io,1,,,,,,,,,0.000,0,0,0,0,0
schedule_policy,exp08_confirmatory_n32_wide_layered_homogeneous_12,32,wide_layered,homogeneous,tied,12,io,4,,,,,,,,,3.961,0.04126041666666666666666666667,12.417,0.12934375,0.774,0.0080625
schedule_policy,exp08_confirmatory_n32_wide_layered_homogeneous_12,32,wide_layered,homogeneous,tied,12,io,8,,,,,,,,,-3.011,-0.04181944444444444444444444444,-1.115,-0.01548611111111111111111111111,-2.807,-0.03898611111111111111111111111
schedule_policy,exp08_confirmatory_n32_wide_layered_homogeneous_12,32,wide_layered,homogeneous,tied,12,equal_alternating,1,,,,,,,,,0.000,0,0,0,0,0
schedule_policy,exp08_confirmatory_n32_wide_layered_homogeneous_12,32,wide_layered,homogeneous,tied,12,equal_alternating,4,,,,,,,,,1.774,0.01847916666666666666666666667,5.355,0.05578125,2.069,0.02155208333333333333333333333
schedule_policy,exp08_confirmatory_n32_wide_layered_homogeneous_12,32,wide_layered,homogeneous,tied,12,equal_alternating,8,,,,,,,,,-1.502,-0.02086111111111111111111111111,4.319,0.05998611111111111111111111111,0.137,0.001902777777777777777777777778
differentiated_slowdown,exp08_confirmatory_n32_wide_layered_homogeneous_12,32,wide_layered,homogeneous,tied,12,io,4,true,t01->t02->t11->t19->t26->t32 => t01->t02->t11->t19->t26->t32,5.5296,0.05559845559845559845559845560,5.5296,0.0000,5.529600,true,,,,,,
schedule_policy,exp08_confirmatory_n32_wide_layered_homogeneous_13,32,wide_layered,homogeneous,tied,13,io,1,,,,,,,,,0.000,0,0,0,0,0
schedule_policy,exp08_confirmatory_n32_wide_layered_homogeneous_13,32,wide_layered,homogeneous,tied,13,io,4,,,,,,,,,-0.766,-0.007979166666666666666666666667,1.303,0.01357291666666666666666666667,-1.683,-0.01753125
schedule_policy,exp08_confirmatory_n32_wide_layered_homogeneous_13,32,wide_layered,homogeneous,tied,13,io,8,,,,,,,,,-3.104,-0.04311111111111111111111111111,1.939,0.02693055555555555555555555556,1.120,0.01555555555555555555555555556
schedule_policy,exp08_confirmatory_n32_wide_layered_homogeneous_13,32,wide_layered,homogeneous,tied,13,equal_alternating,1,,,,,,,,,0.000,0,0,0,0,0
schedule_policy,exp08_confirmatory_n32_wide_layered_homogeneous_13,32,wide_layered,homogeneous,tied,13,equal_alternating,4,,,,,,,,,0.656,0.006833333333333333333333333333,2.022,0.0210625,-0.474,-0.0049375
schedule_policy,exp08_confirmatory_n32_wide_layered_homogeneous_13,32,wide_layered,homogeneous,tied,13,equal_alternating,8,,,,,,,,,-0.341,-0.004736111111111111111111111111,8.141,0.1130694444444444444444444444,4.002,0.05558333333333333333333333333
differentiated_slowdown,exp08_confirmatory_n32_wide_layered_homogeneous_13,32,wide_layered,homogeneous,tied,13,io,4,true,t01->t04->t11->t24->t30->t32 => t01->t04->t11->t24->t30->t32,5.5296,0.05559845559845559845559845560,5.5296,0.0000,5.529600,true,,,,,,
schedule_policy,exp08_confirmatory_n32_wide_layered_homogeneous_14,32,wide_layered,homogeneous,tied,14,io,1,,,,,,,,,0.000,0,0,0,0,0
schedule_policy,exp08_confirmatory_n32_wide_layered_homogeneous_14,32,wide_layered,homogeneous,tied,14,io,4,,,,,,,,,6.438,0.0670625,15.261,0.15896875,4.777,0.04976041666666666666666666667
schedule_policy,exp08_confirmatory_n32_wide_layered_homogeneous_14,32,wide_layered,homogeneous,tied,14,io,8,,,,,,,,,-2.129,-0.02956944444444444444444444444,5.505,0.07645833333333333333333333333,0.024,0.0003333333333333333333333333333
schedule_policy,exp08_confirmatory_n32_wide_layered_homogeneous_14,32,wide_layered,homogeneous,tied,14,equal_alternating,1,,,,,,,,,0.000,0,0,0,0,0
schedule_policy,exp08_confirmatory_n32_wide_layered_homogeneous_14,32,wide_layered,homogeneous,tied,14,equal_alternating,4,,,,,,,,,1.751,0.01823958333333333333333333333,1.355,0.01411458333333333333333333333,1.521,0.01584375
schedule_policy,exp08_confirmatory_n32_wide_layered_homogeneous_14,32,wide_layered,homogeneous,tied,14,equal_alternating,8,,,,,,,,,-1.595,-0.02215277777777777777777777778,4.270,0.05930555555555555555555555556,2.719,0.03776388888888888888888888889
differentiated_slowdown,exp08_confirmatory_n32_wide_layered_homogeneous_14,32,wide_layered,homogeneous,tied,14,io,4,true,t01->t04->t13->t20->t28->t32 => t01->t04->t13->t20->t28->t32,5.5296,0.05559845559845559845559845560,5.5296,0.0000,5.529600,true,,,,,,
schedule_policy,exp08_confirmatory_n32_wide_layered_homogeneous_15,32,wide_layered,homogeneous,tied,15,io,1,,,,,,,,,0.000,0,0,0,0,0
schedule_policy,exp08_confirmatory_n32_wide_layered_homogeneous_15,32,wide_layered,homogeneous,tied,15,io,4,,,,,,,,,1.002,0.0104375,1.057,0.01101041666666666666666666667,-2.186,-0.02277083333333333333333333333
schedule_policy,exp08_confirmatory_n32_wide_layered_homogeneous_15,32,wide_layered,homogeneous,tied,15,io,8,,,,,,,,,-4.641,-0.06445833333333333333333333333,-11.127,-0.1545416666666666666666666667,-2.375,-0.03298611111111111111111111111
schedule_policy,exp08_confirmatory_n32_wide_layered_homogeneous_15,32,wide_layered,homogeneous,tied,15,equal_alternating,1,,,,,,,,,0.000,0,0,0,0,0
schedule_policy,exp08_confirmatory_n32_wide_layered_homogeneous_15,32,wide_layered,homogeneous,tied,15,equal_alternating,4,,,,,,,,,0.101,0.001052083333333333333333333333,3.422,0.03564583333333333333333333333,1.525,0.01588541666666666666666666667
schedule_policy,exp08_confirmatory_n32_wide_layered_homogeneous_15,32,wide_layered,homogeneous,tied,15,equal_alternating,8,,,,,,,,,-1.364,-0.01894444444444444444444444444,3.317,0.04606944444444444444444444444,2.417,0.03356944444444444444444444444
differentiated_slowdown,exp08_confirmatory_n32_wide_layered_homogeneous_15,32,wide_layered,homogeneous,tied,15,io,4,true,t01->t06->t10->t18->t27->t32 => t01->t06->t10->t18->t27->t32,5.5296,0.05559845559845559845559845560,5.5296,0.0000,5.529600,true,,,,,,
schedule_policy,exp08_confirmatory_n32_wide_layered_homogeneous_16,32,wide_layered,homogeneous,tied,16,io,1,,,,,,,,,0.000,0,0,0,0,0
schedule_policy,exp08_confirmatory_n32_wide_layered_homogeneous_16,32,wide_layered,homogeneous,tied,16,io,4,,,,,,,,,6.173,0.06430208333333333333333333333,19.378,0.2018541666666666666666666667,11.020,0.1147916666666666666666666667
schedule_policy,exp08_confirmatory_n32_wide_layered_homogeneous_16,32,wide_layered,homogeneous,tied,16,io,8,,,,,,,,,-2.186,-0.03036111111111111111111111111,2.337,0.03245833333333333333333333333,-1.805,-0.02506944444444444444444444444
schedule_policy,exp08_confirmatory_n32_wide_layered_homogeneous_16,32,wide_layered,homogeneous,tied,16,equal_alternating,1,,,,,,,,,0.000,0,0,0,0,0
schedule_policy,exp08_confirmatory_n32_wide_layered_homogeneous_16,32,wide_layered,homogeneous,tied,16,equal_alternating,4,,,,,,,,,1.083,0.01128125,4.160,0.04333333333333333333333333333,4.675,0.04869791666666666666666666667
schedule_policy,exp08_confirmatory_n32_wide_layered_homogeneous_16,32,wide_layered,homogeneous,tied,16,equal_alternating,8,,,,,,,,,-0.964,-0.01338888888888888888888888889,7.070,0.09819444444444444444444444444,2.969,0.04123611111111111111111111111
differentiated_slowdown,exp08_confirmatory_n32_wide_layered_homogeneous_16,32,wide_layered,homogeneous,tied,16,io,4,true,t01->t03->t15->t19->t26->t32 => t01->t03->t15->t19->t26->t32,5.5296,0.05559845559845559845559845560,5.5296,0.0000,5.529600,true,,,,,,
schedule_policy,exp08_confirmatory_n32_wide_layered_homogeneous_17,32,wide_layered,homogeneous,tied,17,io,1,,,,,,,,,0.000,0,0,0,0,0
schedule_policy,exp08_confirmatory_n32_wide_layered_homogeneous_17,32,wide_layered,homogeneous,tied,17,io,4,,,,,,,,,6.174,0.0643125,13.558,0.1412291666666666666666666667,8.064,0.084
schedule_policy,exp08_confirmatory_n32_wide_layered_homogeneous_17,32,wide_layered,homogeneous,tied,17,io,8,,,,,,,,,-2.923,-0.04059722222222222222222222222,-7.584,-0.1053333333333333333333333333,-5.815,-0.08076388888888888888888888889
schedule_policy,exp08_confirmatory_n32_wide_layered_homogeneous_17,32,wide_layered,homogeneous,tied,17,equal_alternating,1,,,,,,,,,0.000,0,0,0,0,0
schedule_policy,exp08_confirmatory_n32_wide_layered_homogeneous_17,32,wide_layered,homogeneous,tied,17,equal_alternating,4,,,,,,,,,1.487,0.01548958333333333333333333333,6.214,0.06472916666666666666666666667,5.208,0.05425
schedule_policy,exp08_confirmatory_n32_wide_layered_homogeneous_17,32,wide_layered,homogeneous,tied,17,equal_alternating,8,,,,,,,,,-1.454,-0.02019444444444444444444444444,-0.245,-0.003402777777777777777777777778,-0.690,-0.009583333333333333333333333333
differentiated_slowdown,exp08_confirmatory_n32_wide_layered_homogeneous_17,32,wide_layered,homogeneous,tied,17,io,4,true,t01->t02->t11->t19->t25->t32 => t01->t02->t11->t19->t25->t32,5.5296,0.05559845559845559845559845560,5.5296,0.0000,5.529600,true,,,,,,
schedule_policy,exp08_confirmatory_n32_wide_layered_homogeneous_18,32,wide_layered,homogeneous,tied,18,io,1,,,,,,,,,0.000,0,0,0,0,0
schedule_policy,exp08_confirmatory_n32_wide_layered_homogeneous_18,32,wide_layered,homogeneous,tied,18,io,4,,,,,,,,,2.125,0.02213541666666666666666666667,10.418,0.1085208333333333333333333333,8.825,0.09192708333333333333333333333
schedule_policy,exp08_confirmatory_n32_wide_layered_homogeneous_18,32,wide_layered,homogeneous,tied,18,io,8,,,,,,,,,-0.327,-0.004541666666666666666666666667,2.897,0.04023611111111111111111111111,-2.062,-0.02863888888888888888888888889
schedule_policy,exp08_confirmatory_n32_wide_layered_homogeneous_18,32,wide_layered,homogeneous,tied,18,equal_alternating,1,,,,,,,,,0.000,0,0,0,0,0
schedule_policy,exp08_confirmatory_n32_wide_layered_homogeneous_18,32,wide_layered,homogeneous,tied,18,equal_alternating,4,,,,,,,,,2.820,0.029375,7.941,0.08271875,8.021,0.08355208333333333333333333333
schedule_policy,exp08_confirmatory_n32_wide_layered_homogeneous_18,32,wide_layered,homogeneous,tied,18,equal_alternating,8,,,,,,,,,-0.738,-0.01025,5.207,0.07231944444444444444444444444,2.132,0.02961111111111111111111111111
differentiated_slowdown,exp08_confirmatory_n32_wide_layered_homogeneous_18,32,wide_layered,homogeneous,tied,18,io,4,true,t01->t04->t14->t20->t31->t32 => t01->t04->t14->t20->t31->t32,5.5296,0.05559845559845559845559845560,5.5296,0.0000,5.529600,true,,,,,,
schedule_policy,exp08_confirmatory_n32_wide_layered_homogeneous_19,32,wide_layered,homogeneous,tied,19,io,1,,,,,,,,,0.000,0,0,0,0,0
schedule_policy,exp08_confirmatory_n32_wide_layered_homogeneous_19,32,wide_layered,homogeneous,tied,19,io,4,,,,,,,,,6.705,0.06984375,15.390,0.1603125,3.488,0.03633333333333333333333333333
schedule_policy,exp08_confirmatory_n32_wide_layered_homogeneous_19,32,wide_layered,homogeneous,tied,19,io,8,,,,,,,,,-3.190,-0.04430555555555555555555555556,3.032,0.04211111111111111111111111111,-4.021,-0.05584722222222222222222222222
schedule_policy,exp08_confirmatory_n32_wide_layered_homogeneous_19,32,wide_layered,homogeneous,tied,19,equal_alternating,1,,,,,,,,,0.000,0,0,0,0,0
schedule_policy,exp08_confirmatory_n32_wide_layered_homogeneous_19,32,wide_layered,homogeneous,tied,19,equal_alternating,4,,,,,,,,,1.345,0.01401041666666666666666666667,6.666,0.0694375,6.831,0.07115625
schedule_policy,exp08_confirmatory_n32_wide_layered_homogeneous_19,32,wide_layered,homogeneous,tied,19,equal_alternating,8,,,,,,,,,-1.329,-0.01845833333333333333333333333,5.718,0.07941666666666666666666666667,3.231,0.044875
differentiated_slowdown,exp08_confirmatory_n32_wide_layered_homogeneous_19,32,wide_layered,homogeneous,tied,19,io,4,true,t01->t04->t17->t18->t29->t32 => t01->t04->t17->t18->t29->t32,5.5296,0.05559845559845559845559845560,5.5296,0.0000,5.529600,true,,,,,,
schedule_policy,exp08_confirmatory_n32_wide_layered_lognormal_00,32,wide_layered,lognormal,unique,0,io,1,,,,,,,,,0.000,0,0,0,0,0
schedule_policy,exp08_confirmatory_n32_wide_layered_lognormal_00,32,wide_layered,lognormal,unique,0,io,4,,,,,,,,,5.346,0.01936956521739130434782608696,18.924,0.06856521739130434782608695652,1.380,0.005
schedule_policy,exp08_confirmatory_n32_wide_layered_lognormal_00,32,wide_layered,lognormal,unique,0,io,8,,,,,,,,,-3.328,-0.01205797101449275362318840580,19.300,0.06992753623188405797101449275,-12.380,-0.04485507246376811594202898551
schedule_policy,exp08_confirmatory_n32_wide_layered_lognormal_00,32,wide_layered,lognormal,unique,0,equal_alternating,1,,,,,,,,,0.000,0,0,0,0,0
schedule_policy,exp08_confirmatory_n32_wide_layered_lognormal_00,32,wide_layered,lognormal,unique,0,equal_alternating,4,,,,,,,,,7.791,0.02822826086956521739130434783,26.982,0.09776086956521739130434782609,16.309,0.05909057971014492753623188406
schedule_policy,exp08_confirmatory_n32_wide_layered_lognormal_00,32,wide_layered,lognormal,unique,0,equal_alternating,8,,,,,,,,,-0.209,-0.0007572463768115942028985507246,32.784,0.1187826086956521739130434783,4.121,0.01493115942028985507246376812
differentiated_slowdown,exp08_confirmatory_n32_wide_layered_lognormal_00,32,wide_layered,lognormal,unique,0,io,4,true,t01->t09->t16->t18->t26->t32 => t01->t09->t16->t18->t26->t32,13.6512,0.04769171431925276273204433787,13.6512,13.6512,13.651200,true,,,,,,
schedule_policy,exp08_confirmatory_n32_wide_layered_lognormal_01,32,wide_layered,lognormal,unique,1,io,1,,,,,,,,,0.000,0,0,0,0,0
schedule_policy,exp08_confirmatory_n32_wide_layered_lognormal_01,32,wide_layered,lognormal,unique,1,io,4,,,,,,,,,7.966,0.03904901960784313725490196078,24.795,0.1215441176470588235294117647,17.136,0.084
schedule_policy,exp08_confirmatory_n32_wide_layered_lognormal_01,32,wide_layered,lognormal,unique,1,io,8,,,,,,,,,2.130,0.01044117647058823529411764706,42.033,0.2060441176470588235294117647,-2.939,-0.01440686274509803921568627451
schedule_policy,exp08_confirmatory_n32_wide_layered_lognormal_01,32,wide_layered,lognormal,unique,1,equal_alternating,1,,,,,,,,,0.000,0,0,0,0,0
schedule_policy,exp08_confirmatory_n32_wide_layered_lognormal_01,32,wide_layered,lognormal,unique,1,equal_alternating,4,,,,,,,,,-3.793,-0.01859313725490196078431372549,-1.542,-0.007558823529411764705882352941,-0.026,-0.0001274509803921568627450980392
schedule_policy,exp08_confirmatory_n32_wide_layered_lognormal_01,32,wide_layered,lognormal,unique,1,equal_alternating,8,,,,,,,,,4.787,0.02346568627450980392156862745,51.677,0.2533186274509803921568627451,10.253,0.05025980392156862745098039216
differentiated_slowdown,exp08_confirmatory_n32_wide_layered_lognormal_01,32,wide_layered,lognormal,unique,1,io,4,true,t01->t08->t16->t20->t28->t32 => t01->t08->t16->t20->t28->t32,11.0592,0.05209369630098580085014018269,11.0592,11.0592,11.059200,true,,,,,,
schedule_policy,exp08_confirmatory_n32_wide_layered_lognormal_02,32,wide_layered,lognormal,tied,2,io,1,,,,,,,,,0.000,0,0,0,0,0
schedule_policy,exp08_confirmatory_n32_wide_layered_lognormal_02,32,wide_layered,lognormal,tied,2,io,4,,,,,,,,,-0.797,-0.003320833333333333333333333333,-2.884,-0.01201666666666666666666666667,-8.572,-0.03571666666666666666666666667
schedule_policy,exp08_confirmatory_n32_wide_layered_lognormal_02,32,wide_layered,lognormal,tied,2,io,8,,,,,,,,,-2.770,-0.01154166666666666666666666667,21.737,0.09057083333333333333333333333,-0.987,-0.0041125
schedule_policy,exp08_confirmatory_n32_wide_layered_lognormal_02,32,wide_layered,lognormal,tied,2,equal_alternating,1,,,,,,,,,0.000,0,0,0,0,0
schedule_policy,exp08_confirmatory_n32_wide_layered_lognormal_02,32,wide_layered,lognormal,tied,2,equal_alternating,4,,,,,,,,,16.087,0.06702916666666666666666666667,40.728,0.1697,13.800,0.0575
schedule_policy,exp08_confirmatory_n32_wide_layered_lognormal_02,32,wide_layered,lognormal,tied,2,equal_alternating,8,,,,,,,,,3.817,0.01590416666666666666666666667,44.080,0.1836666666666666666666666667,6.015,0.0250625
differentiated_slowdown,exp08_confirmatory_n32_wide_layered_lognormal_02,32,wide_layered,lognormal,tied,2,io,4,true,t01->t09->t17->t23->t30->t32 => t01->t09->t17->t23->t30->t32,13.6512,0.05455277847045057832850593674,13.6512,13.6512,13.651200,true,,,,,,
schedule_policy,exp08_confirmatory_n32_wide_layered_lognormal_03,32,wide_layered,lognormal,unique,3,io,1,,,,,,,,,0.000,0,0,0,0,0
schedule_policy,exp08_confirmatory_n32_wide_layered_lognormal_03,32,wide_layered,lognormal,unique,3,io,4,,,,,,,,,6.171,0.02706578947368421052631578947,16.282,0.07141228070175438596491228070,2.884,0.01264912280701754385964912281
schedule_policy,exp08_confirmatory_n32_wide_layered_lognormal_03,32,wide_layered,lognormal,unique,3,io,8,,,,,,,,,6.224,0.02729824561403508771929824561,72.459,0.3178026315789473684210526316,6.038,0.02648245614035087719298245614
schedule_policy,exp08_confirmatory_n32_wide_layered_lognormal_03,32,wide_layered,lognormal,unique,3,equal_alternating,1,,,,,,,,,0.000,0,0,0,0,0
schedule_policy,exp08_confirmatory_n32_wide_layered_lognormal_03,32,wide_layered,lognormal,unique,3,equal_alternating,4,,,,,,,,,7.510,0.03293859649122807017543859649,38.050,0.1668859649122807017543859649,15.280,0.06701754385964912280701754386
schedule_policy,exp08_confirmatory_n32_wide_layered_lognormal_03,32,wide_layered,lognormal,unique,3,equal_alternating,8,,,,,,,,,0.964,0.004228070175438596491228070175,74.752,0.3278596491228070175438596491,15.676,0.06875438596491228070175438596
differentiated_slowdown,exp08_confirmatory_n32_wide_layered_lognormal_03,32,wide_layered,lognormal,unique,3,io,4,true,t01->t07->t15->t22->t31->t32 => t01->t07->t15->t22->t31->t32,12.0960,0.05102247418505770398866167240,12.0960,12.0960,12.096000,true,,,,,,
schedule_policy,exp08_confirmatory_n32_wide_layered_lognormal_04,32,wide_layered,lognormal,unique,4,io,1,,,,,,,,,0.000,0,0,0,0,0
schedule_policy,exp08_confirmatory_n32_wide_layered_lognormal_04,32,wide_layered,lognormal,unique,4,io,4,,,,,,,,,-0.018,-0.000075,-5.536,-0.02306666666666666666666666667,-8.091,-0.0337125
schedule_policy,exp08_confirmatory_n32_wide_layered_lognormal_04,32,wide_layered,lognormal,unique,4,io,8,,,,,,,,,-8.574,-0.035725,19.989,0.0832875,-5.321,-0.02217083333333333333333333333
schedule_policy,exp08_confirmatory_n32_wide_layered_lognormal_04,32,wide_layered,lognormal,unique,4,equal_alternating,1,,,,,,,,,0.000,0,0,0,0,0
schedule_policy,exp08_confirmatory_n32_wide_layered_lognormal_04,32,wide_layered,lognormal,unique,4,equal_alternating,4,,,,,,,,,1.957,0.008154166666666666666666666667,5.189,0.02162083333333333333333333333,3.186,0.013275
schedule_policy,exp08_confirmatory_n32_wide_layered_lognormal_04,32,wide_layered,lognormal,unique,4,equal_alternating,8,,,,,,,,,-0.057,-0.0002375,21.096,0.0879,4.619,0.01924583333333333333333333333
differentiated_slowdown,exp08_confirmatory_n32_wide_layered_lognormal_04,32,wide_layered,lognormal,unique,4,io,4,true,t01->t08->t11->t21->t25->t32 => t01->t08->t11->t21->t25->t32,12.4416,0.04989989219159094409363930387,12.4416,12.4416,12.441600,true,,,,,,
schedule_policy,exp08_confirmatory_n32_wide_layered_lognormal_05,32,wide_layered,lognormal,tied,5,io,1,,,,,,,,,0.000,0,0,0,0,0
schedule_policy,exp08_confirmatory_n32_wide_layered_lognormal_05,32,wide_layered,lognormal,tied,5,io,4,,,,,,,,,-0.096,-0.0005,28.416,0.148,12.384,0.0645
schedule_policy,exp08_confirmatory_n32_wide_layered_lognormal_05,32,wide_layered,lognormal,tied,5,io,8,,,,,,,,,-3.456,-0.018,-3.648,-0.019,-4.704,-0.0245
schedule_policy,exp08_confirmatory_n32_wide_layered_lognormal_05,32,wide_layered,lognormal,tied,5,equal_alternating,1,,,,,,,,,0.000,0,0,0,0,0
schedule_policy,exp08_confirmatory_n32_wide_layered_lognormal_05,32,wide_layered,lognormal,tied,5,equal_alternating,4,,,,,,,,,3.952,0.02058333333333333333333333333,25.024,0.1303333333333333333333333333,7.312,0.03808333333333333333333333333
schedule_policy,exp08_confirmatory_n32_wide_layered_lognormal_05,32,wide_layered,lognormal,tied,5,equal_alternating,8,,,,,,,,,-3.424,-0.01783333333333333333333333333,15.200,0.07916666666666666666666666667,4.000,0.02083333333333333333333333333
differentiated_slowdown,exp08_confirmatory_n32_wide_layered_lognormal_05,32,wide_layered,lognormal,tied,5,io,4,true,t01->t03->t17->t19->t28->t32 => t01->t03->t17->t19->t28->t32,11.0592,0.05521472392638036809815950920,11.0592,11.0592,11.059200,true,,,,,,
schedule_policy,exp08_confirmatory_n32_wide_layered_lognormal_06,32,wide_layered,lognormal,tied,6,io,1,,,,,,,,,0.000,0,0,0,0,0
schedule_policy,exp08_confirmatory_n32_wide_layered_lognormal_06,32,wide_layered,lognormal,tied,6,io,4,,,,,,,,,13.617,0.05972368421052631578947368421,48.408,0.2123157894736842105263157895,21.304,0.09343859649122807017543859649
schedule_policy,exp08_confirmatory_n32_wide_layered_lognormal_06,32,wide_layered,lognormal,tied,6,io,8,,,,,,,,,-5.878,-0.02578070175438596491228070175,48.223,0.2115043859649122807017543860,9.270,0.04065789473684210526315789474
schedule_policy,exp08_confirmatory_n32_wide_layered_lognormal_06,32,wide_layered,lognormal,tied,6,equal_alternating,1,,,,,,,,,0.000,0,0,0,0,0
schedule_policy,exp08_confirmatory_n32_wide_layered_lognormal_06,32,wide_layered,lognormal,tied,6,equal_alternating,4,,,,,,,,,5.399,0.02367982456140350877192982456,30.925,0.1356359649122807017543859649,14.440,0.06333333333333333333333333333
schedule_policy,exp08_confirmatory_n32_wide_layered_lognormal_06,32,wide_layered,lognormal,tied,6,equal_alternating,8,,,,,,,,,-4.080,-0.01789473684210526315789473684,30.852,0.1353157894736842105263157895,4.288,0.01880701754385964912280701754
differentiated_slowdown,exp08_confirmatory_n32_wide_layered_lognormal_06,32,wide_layered,lognormal,tied,6,io,4,true,t01->t09->t14->t22->t29->t32 => t01->t09->t14->t22->t29->t32,11.7504,0.04961893951678287660126479650,11.7504,11.7504,11.750400,true,,,,,,
schedule_policy,exp08_confirmatory_n32_wide_layered_lognormal_07,32,wide_layered,lognormal,tied,7,io,1,,,,,,,,,0.000,0,0,0,0,0
schedule_policy,exp08_confirmatory_n32_wide_layered_lognormal_07,32,wide_layered,lognormal,tied,7,io,4,,,,,,,,,-2.352,-0.01225,7.373,0.03840104166666666666666666667,-1.398,-0.00728125
schedule_policy,exp08_confirmatory_n32_wide_layered_lognormal_07,32,wide_layered,lognormal,tied,7,io,8,,,,,,,,,1.757,0.009151041666666666666666666667,2.494,0.01298958333333333333333333333,-0.051,-0.000265625
schedule_policy,exp08_confirmatory_n32_wide_layered_lognormal_07,32,wide_layered,lognormal,tied,7,equal_alternating,1,,,,,,,,,0.000,0,0,0,0,0
schedule_policy,exp08_confirmatory_n32_wide_layered_lognormal_07,32,wide_layered,lognormal,tied,7,equal_alternating,4,,,,,,,,,7.200,0.0375,27.037,0.1408177083333333333333333333,9.483,0.049390625
schedule_policy,exp08_confirmatory_n32_wide_layered_lognormal_07,32,wide_layered,lognormal,tied,7,equal_alternating,8,,,,,,,,,-0.301,-0.001567708333333333333333333333,34.426,0.1793020833333333333333333333,4.311,0.022453125
differentiated_slowdown,exp08_confirmatory_n32_wide_layered_lognormal_07,32,wide_layered,lognormal,tied,7,io,4,true,t01->t03->t16->t18->t30->t32 => t01->t03->t16->t18->t30->t32,10.7136,0.05355857369103037865335700917,10.7136,10.7136,10.713600,true,,,,,,
schedule_policy,exp08_confirmatory_n32_wide_layered_lognormal_08,32,wide_layered,lognormal,unique,8,io,1,,,,,,,,,0.000,0,0,0,0,0
schedule_policy,exp08_confirmatory_n32_wide_layered_lognormal_08,32,wide_layered,lognormal,unique,8,io,4,,,,,,,,,9.129,0.03622619047619047619047619048,36.663,0.1454880952380952380952380952,18.900,0.075
schedule_policy,exp08_confirmatory_n32_wide_layered_lognormal_08,32,wide_layered,lognormal,unique,8,io,8,,,,,,,,,-0.767,-0.003043650793650793650793650794,42.980,0.1705555555555555555555555556,0.230,0.0009126984126984126984126984127
schedule_policy,exp08_confirmatory_n32_wide_layered_lognormal_08,32,wide_layered,lognormal,unique,8,equal_alternating,1,,,,,,,,,0.000,0,0,0,0,0
schedule_policy,exp08_confirmatory_n32_wide_layered_lognormal_08,32,wide_layered,lognormal,unique,8,equal_alternating,4,,,,,,,,,7.167,0.02844047619047619047619047619,22.113,0.08775,10.381,0.04119444444444444444444444444
schedule_policy,exp08_confirmatory_n32_wide_layered_lognormal_08,32,wide_layered,lognormal,unique,8,equal_alternating,8,,,,,,,,,-0.412,-0.001634920634920634920634920635,23.583,0.09358333333333333333333333333,6.840,0.02714285714285714285714285714
differentiated_slowdown,exp08_confirmatory_n32_wide_layered_lognormal_08,32,wide_layered,lognormal,unique,8,io,4,true,t01->t05->t15->t18->t26->t32 => t01->t05->t15->t18->t26->t32,13.4784,0.05142292055818041973409515438,13.4784,13.4784,13.478400,true,,,,,,
schedule_policy,exp08_confirmatory_n32_wide_layered_lognormal_09,32,wide_layered,lognormal,unique,9,io,1,,,,,,,,,0.000,0,0,0,0,0
schedule_policy,exp08_confirmatory_n32_wide_layered_lognormal_09,32,wide_layered,lognormal,unique,9,io,4,,,,,,,,,12.693,0.04598913043478260869565217391,18.128,0.06568115942028985507246376812,-1.947,-0.007054347826086956521739130435
schedule_policy,exp08_confirmatory_n32_wide_layered_lognormal_09,32,wide_layered,lognormal,unique,9,io,8,,,,,,,,,3.481,0.01261231884057971014492753623,42.317,0.1533224637681159420289855072,14.319,0.05188043478260869565217391304
schedule_policy,exp08_confirmatory_n32_wide_layered_lognormal_09,32,wide_layered,lognormal,unique,9,equal_alternating,1,,,,,,,,,0.000,0,0,0,0,0
schedule_policy,exp08_confirmatory_n32_wide_layered_lognormal_09,32,wide_layered,lognormal,unique,9,equal_alternating,4,,,,,,,,,9.572,0.03468115942028985507246376812,28.921,0.1047862318840579710144927536,20.530,0.07438405797101449275362318841
schedule_policy,exp08_confirmatory_n32_wide_layered_lognormal_09,32,wide_layered,lognormal,unique,9,equal_alternating,8,,,,,,,,,-0.198,-0.0007173913043478260869565217391,11.717,0.04245289855072463768115942029,1.229,0.004452898550724637681159420290
differentiated_slowdown,exp08_confirmatory_n32_wide_layered_lognormal_09,32,wide_layered,lognormal,unique,9,io,4,true,t01->t04->t17->t19->t30->t32 => t01->t04->t17->t19->t30->t32,14.3424,0.05001590197686680838954821647,14.3424,14.3424,14.342400,true,,,,,,
schedule_policy,exp08_confirmatory_n32_wide_layered_lognormal_10,32,wide_layered,lognormal,tied,10,io,1,,,,,,,,,0.000,0,0,0,0,0
schedule_policy,exp08_confirmatory_n32_wide_layered_lognormal_10,32,wide_layered,lognormal,tied,10,io,4,,,,,,,,,0.735,0.003402777777777777777777777778,6.297,0.02915277777777777777777777778,3.364,0.01557407407407407407407407407
schedule_policy,exp08_confirmatory_n32_wide_layered_lognormal_10,32,wide_layered,lognormal,tied,10,io,8,,,,,,,,,9.564,0.04427777777777777777777777778,61.204,0.2833518518518518518518518519,4.814,0.02228703703703703703703703704
schedule_policy,exp08_confirmatory_n32_wide_layered_lognormal_10,32,wide_layered,lognormal,tied,10,equal_alternating,1,,,,,,,,,0.000,0,0,0,0,0
schedule_policy,exp08_confirmatory_n32_wide_layered_lognormal_10,32,wide_layered,lognormal,tied,10,equal_alternating,4,,,,,,,,,10.751,0.04977314814814814814814814815,31.948,0.1479074074074074074074074074,13.031,0.06032870370370370370370370370
schedule_policy,exp08_confirmatory_n32_wide_layered_lognormal_10,32,wide_layered,lognormal,tied,10,equal_alternating,8,,,,,,,,,4.439,0.02055092592592592592592592593,56.594,0.2620092592592592592592592593,9.963,0.046125
differentiated_slowdown,exp08_confirmatory_n32_wide_layered_lognormal_10,32,wide_layered,lognormal,tied,10,io,4,true,t01->t04->t15->t18->t30->t32 => t01->t04->t15->t18->t30->t32,12.0960,0.05374280230326295585412667946,12.0960,12.0960,12.096000,true,,,,,,
schedule_policy,exp08_confirmatory_n32_wide_layered_lognormal_11,32,wide_layered,lognormal,unique,11,io,1,,,,,,,,,0.000,0,0,0,0,0
schedule_policy,exp08_confirmatory_n32_wide_layered_lognormal_11,32,wide_layered,lognormal,unique,11,io,4,,,,,,,,,1.682,0.008009523809523809523809523810,17.250,0.08214285714285714285714285714,4.540,0.02161904761904761904761904762
schedule_policy,exp08_confirmatory_n32_wide_layered_lognormal_11,32,wide_layered,lognormal,unique,11,io,8,,,,,,,,,8.096,0.03968627450980392156862745098,117.709,0.5770049019607843137254901961,18.215,0.08928921568627450980392156863
schedule_policy,exp08_confirmatory_n32_wide_layered_lognormal_11,32,wide_layered,lognormal,unique,11,equal_alternating,1,,,,,,,,,0.000,0,0,0,0,0
schedule_policy,exp08_confirmatory_n32_wide_layered_lognormal_11,32,wide_layered,lognormal,unique,11,equal_alternating,4,,,,,,,,,23.663,0.1126809523809523809523809524,85.594,0.4075904761904761904761904762,32.196,0.1533142857142857142857142857
schedule_policy,exp08_confirmatory_n32_wide_layered_lognormal_11,32,wide_layered,lognormal,unique,11,equal_alternating,8,,,,,,,,,5.345,0.02620098039215686274509803922,134.915,0.6613480392156862745098039216,26.130,0.1280882352941176470588235294
differentiated_slowdown,exp08_confirmatory_n32_wide_layered_lognormal_11,32,wide_layered,lognormal,unique,11,io,4,true,t01->t09->t16->t19->t29->t32 => t01->t09->t16->t19->t29->t32,12.0960,0.05559845559845559845559845560,12.0960,7.6080,12.096000,true,,,,,,
schedule_policy,exp08_confirmatory_n32_wide_layered_lognormal_12,32,wide_layered,lognormal,tied,12,io,1,,,,,,,,,0.000,0,0,0,0,0
schedule_policy,exp08_confirmatory_n32_wide_layered_lognormal_12,32,wide_layered,lognormal,tied,12,io,4,,,,,,,,,9.597,0.049984375,19.143,0.099703125,2.208,0.0115
schedule_policy,exp08_confirmatory_n32_wide_layered_lognormal_12,32,wide_layered,lognormal,tied,12,io,8,,,,,,,,,0.806,0.004197916666666666666666666667,8.353,0.04350520833333333333333333333,-5.771,-0.03005729166666666666666666667
schedule_policy,exp08_confirmatory_n32_wide_layered_lognormal_12,32,wide_layered,lognormal,tied,12,equal_alternating,1,,,,,,,,,0.000,0,0,0,0,0
schedule_policy,exp08_confirmatory_n32_wide_layered_lognormal_12,32,wide_layered,lognormal,tied,12,equal_alternating,4,,,,,,,,,11.021,0.05740104166666666666666666667,16.945,0.08825520833333333333333333333,9.607,0.05003645833333333333333333333
schedule_policy,exp08_confirmatory_n32_wide_layered_lognormal_12,32,wide_layered,lognormal,tied,12,equal_alternating,8,,,,,,,,,0.712,0.003708333333333333333333333333,23.707,0.1234739583333333333333333333,3.695,0.01924479166666666666666666667
differentiated_slowdown,exp08_confirmatory_n32_wide_layered_lognormal_12,32,wide_layered,lognormal,tied,12,io,4,true,t01->t07->t13->t24->t27->t32 => t01->t07->t13->t24->t27->t32,10.3680,0.05189812590100913022585295531,10.3680,10.3680,10.368000,true,,,,,,
schedule_policy,exp08_confirmatory_n32_wide_layered_lognormal_13,32,wide_layered,lognormal,tied,13,io,1,,,,,,,,,0.000,0,0,0,0,0
schedule_policy,exp08_confirmatory_n32_wide_layered_lognormal_13,32,wide_layered,lognormal,tied,13,io,4,,,,,,,,,9.106,0.04215740740740740740740740741,32.756,0.1516481481481481481481481481,8.182,0.03787962962962962962962962963
schedule_policy,exp08_confirmatory_n32_wide_layered_lognormal_13,32,wide_layered,lognormal,tied,13,io,8,,,,,,,,,-0.363,-0.001680555555555555555555555556,30.373,0.1406157407407407407407407407,1.794,0.008305555555555555555555555556
schedule_policy,exp08_confirmatory_n32_wide_layered_lognormal_13,32,wide_layered,lognormal,tied,13,equal_alternating,1,,,,,,,,,0.000,0,0,0,0,0
schedule_policy,exp08_confirmatory_n32_wide_layered_lognormal_13,32,wide_layered,lognormal,tied,13,equal_alternating,4,,,,,,,,,4.884,0.02261111111111111111111111111,21.195,0.098125,13.742,0.06362037037037037037037037037
schedule_policy,exp08_confirmatory_n32_wide_layered_lognormal_13,32,wide_layered,lognormal,tied,13,equal_alternating,8,,,,,,,,,0.114,0.0005277777777777777777777777778,28.484,0.1318703703703703703703703704,5.096,0.02359259259259259259259259259
differentiated_slowdown,exp08_confirmatory_n32_wide_layered_lognormal_13,32,wide_layered,lognormal,tied,13,io,4,true,t01->t09->t12->t22->t29->t32 => t01->t09->t12->t22->t29->t32,11.2320,0.05004812319538017324350336862,11.2320,11.2320,11.232000,true,,,,,,
schedule_policy,exp08_confirmatory_n32_wide_layered_lognormal_14,32,wide_layered,lognormal,tied,14,io,1,,,,,,,,,0.000,0,0,0,0,0
schedule_policy,exp08_confirmatory_n32_wide_layered_lognormal_14,32,wide_layered,lognormal,tied,14,io,4,,,,,,,,,5.005,0.02195175438596491228070175439,18.728,0.08214035087719298245614035088,4.206,0.01844736842105263157894736842
schedule_policy,exp08_confirmatory_n32_wide_layered_lognormal_14,32,wide_layered,lognormal,tied,14,io,8,,,,,,,,,3.037,0.01332017543859649122807017544,26.438,0.1159561403508771929824561404,2.048,0.008982456140350877192982456140
schedule_policy,exp08_confirmatory_n32_wide_layered_lognormal_14,32,wide_layered,lognormal,tied,14,equal_alternating,1,,,,,,,,,0.000,0,0,0,0,0
schedule_policy,exp08_confirmatory_n32_wide_layered_lognormal_14,32,wide_layered,lognormal,tied,14,equal_alternating,4,,,,,,,,,-2.958,-0.01297368421052631578947368421,7.779,0.03411842105263157894736842105,2.933,0.01286403508771929824561403509
schedule_policy,exp08_confirmatory_n32_wide_layered_lognormal_14,32,wide_layered,lognormal,tied,14,equal_alternating,8,,,,,,,,,3.016,0.01322807017543859649122807018,23.708,0.1039824561403508771929824561,4.217,0.01849561403508771929824561404
differentiated_slowdown,exp08_confirmatory_n32_wide_layered_lognormal_14,32,wide_layered,lognormal,tied,14,io,4,true,t01->t07->t14->t24->t29->t32 => t01->t07->t14->t24->t29->t32,12.6144,0.05312203108892078187220796022,12.6144,12.6144,12.614400,true,,,,,,
schedule_policy,exp08_confirmatory_n32_wide_layered_lognormal_15,32,wide_layered,lognormal,tied,15,io,1,,,,,,,,,0.000,0,0,0,0,0
schedule_policy,exp08_confirmatory_n32_wide_layered_lognormal_15,32,wide_layered,lognormal,tied,15,io,4,,,,,,,,,1.003,0.004643518518518518518518518519,5.257,0.02433796296296296296296296296,-9.826,-0.04549074074074074074074074074
schedule_policy,exp08_confirmatory_n32_wide_layered_lognormal_15,32,wide_layered,lognormal,tied,15,io,8,,,,,,,,,-5.375,-0.02488425925925925925925925926,8.677,0.04017129629629629629629629630,-4.515,-0.02090277777777777777777777778
schedule_policy,exp08_confirmatory_n32_wide_layered_lognormal_15,32,wide_layered,lognormal,tied,15,equal_alternating,1,,,,,,,,,0.000,0,0,0,0,0
schedule_policy,exp08_confirmatory_n32_wide_layered_lognormal_15,32,wide_layered,lognormal,tied,15,equal_alternating,4,,,,,,,,,8.325,0.03854166666666666666666666667,34.721,0.1607453703703703703703703704,18.197,0.08424537037037037037037037037
schedule_policy,exp08_confirmatory_n32_wide_layered_lognormal_15,32,wide_layered,lognormal,tied,15,equal_alternating,8,,,,,,,,,5.449,0.02522685185185185185185185185,59.565,0.2757638888888888888888888889,16.289,0.07541203703703703703703703704
differentiated_slowdown,exp08_confirmatory_n32_wide_layered_lognormal_15,32,wide_layered,lognormal,tied,15,io,4,true,t01->t03->t11->t24->t26->t32 => t01->t03->t11->t24->t26->t32,11.7504,0.05226748654880860876249039201,11.7504,11.7504,11.750400,true,,,,,,
schedule_policy,exp08_confirmatory_n32_wide_layered_lognormal_16,32,wide_layered,lognormal,tied,16,io,1,,,,,,,,,0.000,0,0,0,0,0
schedule_policy,exp08_confirmatory_n32_wide_layered_lognormal_16,32,wide_layered,lognormal,tied,16,io,4,,,,,,,,,3.443,0.01195486111111111111111111111,33.900,0.1177083333333333333333333333,9.994,0.03470138888888888888888888889
schedule_policy,exp08_confirmatory_n32_wide_layered_lognormal_16,32,wide_layered,lognormal,tied,16,io,8,,,,,,,,,11.505,0.03994791666666666666666666667,55.262,0.1918819444444444444444444444,14.061,0.04882291666666666666666666667
schedule_policy,exp08_confirmatory_n32_wide_layered_lognormal_16,32,wide_layered,lognormal,tied,16,equal_alternating,1,,,,,,,,,0.000,0,0,0,0,0
schedule_policy,exp08_confirmatory_n32_wide_layered_lognormal_16,32,wide_layered,lognormal,tied,16,equal_alternating,4,,,,,,,,,4.619,0.01603819444444444444444444444,34.288,0.1190555555555555555555555556,11.549,0.04010069444444444444444444444
schedule_policy,exp08_confirmatory_n32_wide_layered_lognormal_16,32,wide_layered,lognormal,tied,16,equal_alternating,8,,,,,,,,,4.308,0.01495833333333333333333333333,37.830,0.1313541666666666666666666667,10.028,0.03481944444444444444444444444
differentiated_slowdown,exp08_confirmatory_n32_wide_layered_lognormal_16,32,wide_layered,lognormal,tied,16,io,4,true,t01->t02->t11->t21->t27->t32 => t01->t02->t11->t21->t27->t32,14.6880,0.04912111726462797977365759692,14.6880,14.6880,14.688000,true,,,,,,
schedule_policy,exp08_confirmatory_n32_wide_layered_lognormal_17,32,wide_layered,lognormal,unique,17,io,1,,,,,,,,,0.000,0,0,0,0,0
schedule_policy,exp08_confirmatory_n32_wide_layered_lognormal_17,32,wide_layered,lognormal,unique,17,io,4,,,,,,,,,12.890,0.05967592592592592592592592593,49.645,0.2298379629629629629629629630,18.470,0.08550925925925925925925925926
schedule_policy,exp08_confirmatory_n32_wide_layered_lognormal_17,32,wide_layered,lognormal,unique,17,io,8,,,,,,,,,5.810,0.02689814814814814814814814815,66.743,0.3089953703703703703703703704,10.691,0.04949537037037037037037037037
schedule_policy,exp08_confirmatory_n32_wide_layered_lognormal_17,32,wide_layered,lognormal,unique,17,equal_alternating,1,,,,,,,,,0.000,0,0,0,0,0
schedule_policy,exp08_confirmatory_n32_wide_layered_lognormal_17,32,wide_layered,lognormal,unique,17,equal_alternating,4,,,,,,,,,15.211,0.07042129629629629629629629630,58.248,0.2696666666666666666666666667,25.146,0.1164166666666666666666666667
schedule_policy,exp08_confirmatory_n32_wide_layered_lognormal_17,32,wide_layered,lognormal,unique,17,equal_alternating,8,,,,,,,,,3.424,0.01585185185185185185185185185,63.889,0.2957824074074074074074074074,11.401,0.05278240740740740740740740741
differentiated_slowdown,exp08_confirmatory_n32_wide_layered_lognormal_17,32,wide_layered,lognormal,unique,17,io,4,true,t01->t09->t14->t24->t27->t32 => t01->t09->t14->t24->t27->t32,11.7504,0.05226748654880860876249039201,11.7504,11.7504,11.750400,true,,,,,,
schedule_policy,exp08_confirmatory_n32_wide_layered_lognormal_18,32,wide_layered,lognormal,unique,18,io,1,,,,,,,,,0.000,0,0,0,0,0
schedule_policy,exp08_confirmatory_n32_wide_layered_lognormal_18,32,wide_layered,lognormal,unique,18,io,4,,,,,,,,,5.214,0.021725,29.968,0.1248666666666666666666666667,8.783,0.03659583333333333333333333333
schedule_policy,exp08_confirmatory_n32_wide_layered_lognormal_18,32,wide_layered,lognormal,unique,18,io,8,,,,,,,,,-0.583,-0.002429166666666666666666666667,23.537,0.09807083333333333333333333333,-3.553,-0.01480416666666666666666666667
schedule_policy,exp08_confirmatory_n32_wide_layered_lognormal_18,32,wide_layered,lognormal,unique,18,equal_alternating,1,,,,,,,,,0.000,0,0,0,0,0
schedule_policy,exp08_confirmatory_n32_wide_layered_lognormal_18,32,wide_layered,lognormal,unique,18,equal_alternating,4,,,,,,,,,6.237,0.0259875,25.156,0.1048166666666666666666666667,10.655,0.04439583333333333333333333333
schedule_policy,exp08_confirmatory_n32_wide_layered_lognormal_18,32,wide_layered,lognormal,unique,18,equal_alternating,8,,,,,,,,,-1.992,-0.0083,35.665,0.1486041666666666666666666667,10.008,0.0417
differentiated_slowdown,exp08_confirmatory_n32_wide_layered_lognormal_18,32,wide_layered,lognormal,unique,18,io,4,true,t01->t07->t15->t23->t29->t32 => t01->t07->t15->t23->t29->t32,12.2688,0.04923242868424600805131267215,12.2688,12.2688,12.268800,true,,,,,,
schedule_policy,exp08_confirmatory_n32_wide_layered_lognormal_19,32,wide_layered,lognormal,tied,19,io,1,,,,,,,,,0.000,0,0,0,0,0
schedule_policy,exp08_confirmatory_n32_wide_layered_lognormal_19,32,wide_layered,lognormal,tied,19,io,4,,,,,,,,,10.735,0.04708333333333333333333333333,26.766,0.1173947368421052631578947368,14.882,0.06527192982456140350877192982
schedule_policy,exp08_confirmatory_n32_wide_layered_lognormal_19,32,wide_layered,lognormal,tied,19,io,8,,,,,,,,,-3.594,-0.01576315789473684210526315789,6.515,0.02857456140350877192982456140,12.910,0.05662280701754385964912280702
schedule_policy,exp08_confirmatory_n32_wide_layered_lognormal_19,32,wide_layered,lognormal,tied,19,equal_alternating,1,,,,,,,,,0.000,0,0,0,0,0
schedule_policy,exp08_confirmatory_n32_wide_layered_lognormal_19,32,wide_layered,lognormal,tied,19,equal_alternating,4,,,,,,,,,6.839,0.02999561403508771929824561404,21.548,0.09450877192982456140350877193,7.737,0.03393421052631578947368421053
schedule_policy,exp08_confirmatory_n32_wide_layered_lognormal_19,32,wide_layered,lognormal,tied,19,equal_alternating,8,,,,,,,,,-1.238,-0.005429824561403508771929824561,22.432,0.09838596491228070175438596491,-0.745,-0.003267543859649122807017543860
differentiated_slowdown,exp08_confirmatory_n32_wide_layered_lognormal_19,32,wide_layered,lognormal,tied,19,io,4,true,t01->t02->t10->t20->t29->t32 => t01->t02->t10->t20->t29->t32,12.7872,0.05382035637803547618085579215,12.7872,12.7872,12.787200,true,,,,,,
schedule_policy,exp08_confirmatory_n32_mixed_homogeneous_00,32,mixed,homogeneous,tied,0,io,1,,,,,,,,,0.000,0,0,0,0,0
schedule_policy,exp08_confirmatory_n32_mixed_homogeneous_00,32,mixed,homogeneous,tied,0,io,4,,,,,,,,,-0.878,-0.005226190476190476190476190476,-0.366,-0.002178571428571428571428571429,0.128,0.0007619047619047619047619047619
schedule_policy,exp08_confirmatory_n32_mixed_homogeneous_00,32,mixed,homogeneous,tied,0,io,8,,,,,,,,,-0.878,-0.005226190476190476190476190476,-0.366,-0.002178571428571428571428571429,0.128,0.0007619047619047619047619047619
schedule_policy,exp08_confirmatory_n32_mixed_homogeneous_00,32,mixed,homogeneous,tied,0,equal_alternating,1,,,,,,,,,0.000,0,0,0,0,0
schedule_policy,exp08_confirmatory_n32_mixed_homogeneous_00,32,mixed,homogeneous,tied,0,equal_alternating,4,,,,,,,,,0.327,0.001946428571428571428571428571,2.501,0.01488690476190476190476190476,2.231,0.01327976190476190476190476190
schedule_policy,exp08_confirmatory_n32_mixed_homogeneous_00,32,mixed,homogeneous,tied,0,equal_alternating,8,,,,,,,,,0.327,0.001946428571428571428571428571,2.501,0.01488690476190476190476190476,2.231,0.01327976190476190476190476190
differentiated_slowdown,exp08_confirmatory_n32_mixed_homogeneous_00,32,mixed,homogeneous,tied,0,io,4,false,t01->t03->t06->t08->t13->t16->t19->t20->t22->t24->t26->t28->t30->t32 => t01->t04->t07->t09->t11->t15->t17->t21->t23->t24->t27->t29->t31->t32,5.5296,0.03163346914398102541043533777,2.8746,2.8746,5.529600,true,,,,,,
schedule_policy,exp08_confirmatory_n32_mixed_homogeneous_01,32,mixed,homogeneous,tied,1,io,1,,,,,,,,,0.000,0,0,0,0,0
schedule_policy,exp08_confirmatory_n32_mixed_homogeneous_01,32,mixed,homogeneous,tied,1,io,4,,,,,,,,,-3.547,-0.02111309523809523809523809524,-2.267,-0.01349404761904761904761904762,-2.925,-0.01741071428571428571428571429
schedule_policy,exp08_confirmatory_n32_mixed_homogeneous_01,32,mixed,homogeneous,tied,1,io,8,,,,,,,,,-3.547,-0.02111309523809523809523809524,-2.267,-0.01349404761904761904761904762,-2.925,-0.01741071428571428571428571429
schedule_policy,exp08_confirmatory_n32_mixed_homogeneous_01,32,mixed,homogeneous,tied,1,equal_alternating,1,,,,,,,,,0.000,0,0,0,0,0
schedule_policy,exp08_confirmatory_n32_mixed_homogeneous_01,32,mixed,homogeneous,tied,1,equal_alternating,4,,,,,,,,,-1.007,-0.005994047619047619047619047619,-0.176,-0.001047619047619047619047619048,-0.640,-0.003809523809523809523809523810
schedule_policy,exp08_confirmatory_n32_mixed_homogeneous_01,32,mixed,homogeneous,tied,1,equal_alternating,8,,,,,,,,,-1.007,-0.005994047619047619047619047619,-0.176,-0.001047619047619047619047619048,-0.640,-0.003809523809523809523809523810
differentiated_slowdown,exp08_confirmatory_n32_mixed_homogeneous_01,32,mixed,homogeneous,tied,1,io,4,false,t01->t04->t05->t08->t13->t14->t18->t21->t22->t25->t27->t29->t30->t32 => t01->t02->t05->t09->t12->t16->t19->t20->t23->t25->t26->t28->t30->t32,5.5296,0.03172095472639127673745024240,3.3567,3.3567,5.529600,true,,,,,,
schedule_policy,exp08_confirmatory_n32_mixed_homogeneous_02,32,mixed,homogeneous,tied,2,io,1,,,,,,,,,0.000,0,0,0,0,0
schedule_policy,exp08_confirmatory_n32_mixed_homogeneous_02,32,mixed,homogeneous,tied,2,io,4,,,,,,,,,-4.187,-0.02492261904761904761904761905,-6.492,-0.03864285714285714285714285714,-5.724,-0.03407142857142857142857142857
schedule_policy,exp08_confirmatory_n32_mixed_homogeneous_02,32,mixed,homogeneous,tied,2,io,8,,,,,,,,,-4.187,-0.02492261904761904761904761905,-6.492,-0.03864285714285714285714285714,-5.724,-0.03407142857142857142857142857
schedule_policy,exp08_confirmatory_n32_mixed_homogeneous_02,32,mixed,homogeneous,tied,2,equal_alternating,1,,,,,,,,,0.000,0,0,0,0,0
schedule_policy,exp08_confirmatory_n32_mixed_homogeneous_02,32,mixed,homogeneous,tied,2,equal_alternating,4,,,,,,,,,-1.015,-0.006041666666666666666666666667,-1.591,-0.009470238095238095238095238095,-2.237,-0.01331547619047619047619047619
schedule_policy,exp08_confirmatory_n32_mixed_homogeneous_02,32,mixed,homogeneous,tied,2,equal_alternating,8,,,,,,,,,-1.015,-0.006041666666666666666666666667,-1.591,-0.009470238095238095238095238095,-2.237,-0.01331547619047619047619047619
differentiated_slowdown,exp08_confirmatory_n32_mixed_homogeneous_02,32,mixed,homogeneous,tied,2,io,4,false,t01->t04->t07->t10->t13->t16->t19->t21->t23->t24->t27->t28->t30->t32 => t01->t02->t06->t09->t11->t14->t19->t21->t22->t25->t26->t29->t31->t32,5.5296,0.03167723319166341564853944788,3.1161,3.1161,5.529600,true,,,,,,
schedule_policy,exp08_confirmatory_n32_mixed_homogeneous_03,32,mixed,homogeneous,tied,3,io,1,,,,,,,,,0.000,0,0,0,0,0
schedule_policy,exp08_confirmatory_n32_mixed_homogeneous_03,32,mixed,homogeneous,tied,3,io,4,,,,,,,,,-3.694,-0.02198809523809523809523809524,-6.236,-0.03711904761904761904761904762,-7.534,-0.04484523809523809523809523810
schedule_policy,exp08_confirmatory_n32_mixed_homogeneous_03,32,mixed,homogeneous,tied,3,io,8,,,,,,,,,-3.694,-0.02198809523809523809523809524,-6.236,-0.03711904761904761904761904762,-7.534,-0.04484523809523809523809523810
schedule_policy,exp08_confirmatory_n32_mixed_homogeneous_03,32,mixed,homogeneous,tied,3,equal_alternating,1,,,,,,,,,0.000,0,0,0,0,0
schedule_policy,exp08_confirmatory_n32_mixed_homogeneous_03,32,mixed,homogeneous,tied,3,equal_alternating,4,,,,,,,,,-1.463,-0.008708333333333333333333333333,-3.310,-0.01970238095238095238095238095,-3.516,-0.02092857142857142857142857143
schedule_policy,exp08_confirmatory_n32_mixed_homogeneous_03,32,mixed,homogeneous,tied,3,equal_alternating,8,,,,,,,,,-1.463,-0.008708333333333333333333333333,-3.310,-0.01970238095238095238095238095,-3.516,-0.02092857142857142857142857143
differentiated_slowdown,exp08_confirmatory_n32_mixed_homogeneous_03,32,mixed,homogeneous,tied,3,io,4,false,t01->t04->t07->t08->t12->t14->t18->t21->t22->t25->t26->t29->t30->t32 => t01->t02->t06->t09->t11->t16->t17->t20->t23->t25->t27->t28->t31->t32,5.5296,0.03163346914398102541043533777,2.8746,2.8746,5.529600,true,,,,,,
schedule_policy,exp08_confirmatory_n32_mixed_homogeneous_04,32,mixed,homogeneous,tied,4,io,1,,,,,,,,,0.000,0,0,0,0,0
schedule_policy,exp08_confirmatory_n32_mixed_homogeneous_04,32,mixed,homogeneous,tied,4,io,4,,,,,,,,,-2.889,-0.01719642857142857142857142857,-6.198,-0.03689285714285714285714285714,-3.784,-0.02252380952380952380952380952
schedule_policy,exp08_confirmatory_n32_mixed_homogeneous_04,32,mixed,homogeneous,tied,4,io,8,,,,,,,,,-2.889,-0.01719642857142857142857142857,-6.198,-0.03689285714285714285714285714,-3.784,-0.02252380952380952380952380952
schedule_policy,exp08_confirmatory_n32_mixed_homogeneous_04,32,mixed,homogeneous,tied,4,equal_alternating,1,,,,,,,,,0.000,0,0,0,0,0
schedule_policy,exp08_confirmatory_n32_mixed_homogeneous_04,32,mixed,homogeneous,tied,4,equal_alternating,4,,,,,,,,,0.284,0.001690476190476190476190476190,0.357,0.002125,1.430,0.008511904761904761904761904762
schedule_policy,exp08_confirmatory_n32_mixed_homogeneous_04,32,mixed,homogeneous,tied,4,equal_alternating,8,,,,,,,,,0.284,0.001690476190476190476190476190,0.357,0.002125,1.430,0.008511904761904761904761904762
differentiated_slowdown,exp08_confirmatory_n32_mixed_homogeneous_04,32,mixed,homogeneous,tied,4,io,4,false,t01->t04->t07->t10->t11->t16->t19->t21->t23->t24->t26->t28->t31->t32 => t01->t03->t06->t08->t13->t16->t17->t21->t22->t25->t27->t29->t30->t32,5.5296,0.03167717875126746524137693987,3.1158,3.1158,5.529600,true,,,,,,
schedule_policy,exp08_confirmatory_n32_mixed_homogeneous_05,32,mixed,homogeneous,tied,5,io,1,,,,,,,,,0.000,0,0,0,0,0
schedule_policy,exp08_confirmatory_n32_mixed_homogeneous_05,32,mixed,homogeneous,tied,5,io,4,,,,,,,,,-4.828,-0.02873809523809523809523809524,-8.156,-0.04854761904761904761904761905,-6.875,-0.04092261904761904761904761905
schedule_policy,exp08_confirmatory_n32_mixed_homogeneous_05,32,mixed,homogeneous,tied,5,io,8,,,,,,,,,-4.828,-0.02873809523809523809523809524,-8.156,-0.04854761904761904761904761905,-6.875,-0.04092261904761904761904761905
schedule_policy,exp08_confirmatory_n32_mixed_homogeneous_05,32,mixed,homogeneous,tied,5,equal_alternating,1,,,,,,,,,0.000,0,0,0,0,0
schedule_policy,exp08_confirmatory_n32_mixed_homogeneous_05,32,mixed,homogeneous,tied,5,equal_alternating,4,,,,,,,,,-1.262,-0.007511904761904761904761904762,-2.158,-0.01284523809523809523809523810,-1.972,-0.01173809523809523809523809524
schedule_policy,exp08_confirmatory_n32_mixed_homogeneous_05,32,mixed,homogeneous,tied,5,equal_alternating,8,,,,,,,,,-1.262,-0.007511904761904761904761904762,-2.158,-0.01284523809523809523809523810,-1.972,-0.01173809523809523809523809524
differentiated_slowdown,exp08_confirmatory_n32_mixed_homogeneous_05,32,mixed,homogeneous,tied,5,io,4,false,t01->t04->t07->t08->t11->t16->t18->t21->t23->t24->t26->t29->t31->t32 => t01->t03->t05->t09->t13->t15->t19->t20->t22->t25->t27->t28->t30->t32,5.5296,0.03158977171454034414204428601,2.6328,2.6328,5.529600,true,,,,,,
schedule_policy,exp08_confirmatory_n32_mixed_homogeneous_06,32,mixed,homogeneous,tied,6,io,1,,,,,,,,,0.000,0,0,0,0,0
schedule_policy,exp08_confirmatory_n32_mixed_homogeneous_06,32,mixed,homogeneous,tied,6,io,4,,,,,,,,,-1.482,-0.008821428571428571428571428571,-0.586,-0.003488095238095238095238095238,-0.750,-0.004464285714285714285714285714
schedule_policy,exp08_confirmatory_n32_mixed_homogeneous_06,32,mixed,homogeneous,tied,6,io,8,,,,,,,,,-1.482,-0.008821428571428571428571428571,-0.586,-0.003488095238095238095238095238,-0.750,-0.004464285714285714285714285714
schedule_policy,exp08_confirmatory_n32_mixed_homogeneous_06,32,mixed,homogeneous,tied,6,equal_alternating,1,,,,,,,,,0.000,0,0,0,0,0
schedule_policy,exp08_confirmatory_n32_mixed_homogeneous_06,32,mixed,homogeneous,tied,6,equal_alternating,4,,,,,,,,,0.027,0.0001607142857142857142857142857,-0.485,-0.002886904761904761904761904762,-0.254,-0.001511904761904761904761904762
schedule_policy,exp08_confirmatory_n32_mixed_homogeneous_06,32,mixed,homogeneous,tied,6,equal_alternating,8,,,,,,,,,0.027,0.0001607142857142857142857142857,-0.485,-0.002886904761904761904761904762,-0.254,-0.001511904761904761904761904762
differentiated_slowdown,exp08_confirmatory_n32_mixed_homogeneous_06,32,mixed,homogeneous,tied,6,io,4,false,t01->t03->t07->t10->t13->t16->t17->t20->t23->t24->t26->t28->t31->t32 => t01->t04->t06->t08->t11->t14->t18->t21->t22->t25->t27->t29->t30->t32,5.5296,0.03158987999547540781314805357,2.6334,2.6334,5.529600,true,,,,,,
schedule_policy,exp08_confirmatory_n32_mixed_homogeneous_07,32,mixed,homogeneous,tied,7,io,1,,,,,,,,,0.000,0,0,0,0,0
schedule_policy,exp08_confirmatory_n32_mixed_homogeneous_07,32,mixed,homogeneous,tied,7,io,4,,,,,,,,,-4.041,-0.02405357142857142857142857143,-6.327,-0.03766071428571428571428571429,-4.535,-0.02699404761904761904761904762
schedule_policy,exp08_confirmatory_n32_mixed_homogeneous_07,32,mixed,homogeneous,tied,7,io,8,,,,,,,,,-4.041,-0.02405357142857142857142857143,-6.327,-0.03766071428571428571428571429,-4.535,-0.02699404761904761904761904762
schedule_policy,exp08_confirmatory_n32_mixed_homogeneous_07,32,mixed,homogeneous,tied,7,equal_alternating,1,,,,,,,,,0.000,0,0,0,0,0
schedule_policy,exp08_confirmatory_n32_mixed_homogeneous_07,32,mixed,homogeneous,tied,7,equal_alternating,4,,,,,,,,,-1.253,-0.007458333333333333333333333333,-2.396,-0.01426190476190476190476190476,-1.249,-0.007434523809523809523809523810
schedule_policy,exp08_confirmatory_n32_mixed_homogeneous_07,32,mixed,homogeneous,tied,7,equal_alternating,8,,,,,,,,,-1.253,-0.007458333333333333333333333333,-2.396,-0.01426190476190476190476190476,-1.249,-0.007434523809523809523809523810
differentiated_slowdown,exp08_confirmatory_n32_mixed_homogeneous_07,32,mixed,homogeneous,tied,7,io,4,false,t01->t03->t05->t10->t13->t15->t19->t21->t23->t25->t27->t28->t30->t32 => t01->t04->t06->t09->t11->t16->t17->t20->t22->t25->t27->t28->t31->t32,5.5296,0.03172106390851281698260951873,3.3573,3.3573,5.529600,true,,,,,,
schedule_policy,exp08_confirmatory_n32_mixed_homogeneous_08,32,mixed,homogeneous,tied,8,io,1,,,,,,,,,0.000,0,0,0,0,0
schedule_policy,exp08_confirmatory_n32_mixed_homogeneous_08,32,mixed,homogeneous,tied,8,io,4,,,,,,,,,-5.322,-0.03167857142857142857142857143,-9.546,-0.05682142857142857142857142857,-5.962,-0.03548809523809523809523809524
schedule_policy,exp08_confirmatory_n32_mixed_homogeneous_08,32,mixed,homogeneous,tied,8,io,8,,,,,,,,,-5.322,-0.03167857142857142857142857143,-9.546,-0.05682142857142857142857142857,-5.962,-0.03548809523809523809523809524
schedule_policy,exp08_confirmatory_n32_mixed_homogeneous_08,32,mixed,homogeneous,tied,8,equal_alternating,1,,,,,,,,,0.000,0,0,0,0,0
schedule_policy,exp08_confirmatory_n32_mixed_homogeneous_08,32,mixed,homogeneous,tied,8,equal_alternating,4,,,,,,,,,-1.893,-0.01126785714285714285714285714,-6.309,-0.03755357142857142857142857143,-3.626,-0.02158333333333333333333333333
schedule_policy,exp08_confirmatory_n32_mixed_homogeneous_08,32,mixed,homogeneous,tied,8,equal_alternating,8,,,,,,,,,-1.893,-0.01126785714285714285714285714,-6.309,-0.03755357142857142857142857143,-3.626,-0.02158333333333333333333333333
differentiated_slowdown,exp08_confirmatory_n32_mixed_homogeneous_08,32,mixed,homogeneous,tied,8,io,4,false,t01->t03->t07->t08->t11->t15->t18->t21->t22->t25->t26->t28->t31->t32 => t01->t04->t05->t10->t13->t16->t19->t20->t22->t25->t27->t29->t30->t32,5.5296,0.03167712431105863670813633950,3.1155,3.1155,5.529600,true,,,,,,
schedule_policy,exp08_confirmatory_n32_mixed_homogeneous_09,32,mixed,homogeneous,tied,9,io,1,,,,,,,,,0.000,0,0,0,0,0
schedule_policy,exp08_confirmatory_n32_mixed_homogeneous_09,32,mixed,homogeneous,tied,9,io,4,,,,,,,,,-3.565,-0.02122023809523809523809523810,-3.802,-0.02263095238095238095238095238,-2.248,-0.01338095238095238095238095238
schedule_policy,exp08_confirmatory_n32_mixed_homogeneous_09,32,mixed,homogeneous,tied,9,io,8,,,,,,,,,-3.565,-0.02122023809523809523809523810,-3.802,-0.02263095238095238095238095238,-2.248,-0.01338095238095238095238095238
schedule_policy,exp08_confirmatory_n32_mixed_homogeneous_09,32,mixed,homogeneous,tied,9,equal_alternating,1,,,,,,,,,0.000,0,0,0,0,0
schedule_policy,exp08_confirmatory_n32_mixed_homogeneous_09,32,mixed,homogeneous,tied,9,equal_alternating,4,,,,,,,,,-0.247,-0.001470238095238095238095238095,-1.134,-0.00675,-0.624,-0.003714285714285714285714285714
schedule_policy,exp08_confirmatory_n32_mixed_homogeneous_09,32,mixed,homogeneous,tied,9,equal_alternating,8,,,,,,,,,-0.247,-0.001470238095238095238095238095,-1.134,-0.00675,-0.624,-0.003714285714285714285714285714
differentiated_slowdown,exp08_confirmatory_n32_mixed_homogeneous_09,32,mixed,homogeneous,tied,9,io,4,false,t01->t04->t07->t09->t12->t15->t19->t20->t23->t24->t27->t28->t30->t32 => t01->t03->t05->t08->t13->t14->t17->t20->t23->t25->t26->t29->t31->t32,5.5296,0.03167717875126746524137693987,3.1158,3.1158,5.529600,true,,,,,,
schedule_policy,exp08_confirmatory_n32_mixed_homogeneous_10,32,mixed,homogeneous,tied,10,io,1,,,,,,,,,0.000,0,0,0,0,0
schedule_policy,exp08_confirmatory_n32_mixed_homogeneous_10,32,mixed,homogeneous,tied,10,io,4,,,,,,,,,-4.974,-0.02960714285714285714285714286,-12.764,-0.07597619047619047619047619048,-8.064,-0.048
schedule_policy,exp08_confirmatory_n32_mixed_homogeneous_10,32,mixed,homogeneous,tied,10,io,8,,,,,,,,,-4.974,-0.02960714285714285714285714286,-12.764,-0.07597619047619047619047619048,-8.064,-0.048
schedule_policy,exp08_confirmatory_n32_mixed_homogeneous_10,32,mixed,homogeneous,tied,10,equal_alternating,1,,,,,,,,,0.000,0,0,0,0,0
schedule_policy,exp08_confirmatory_n32_mixed_homogeneous_10,32,mixed,homogeneous,tied,10,equal_alternating,4,,,,,,,,,-1.526,-0.009083333333333333333333333333,-4.268,-0.02540476190476190476190476190,-3.588,-0.02135714285714285714285714286
schedule_policy,exp08_confirmatory_n32_mixed_homogeneous_10,32,mixed,homogeneous,tied,10,equal_alternating,8,,,,,,,,,-1.526,-0.009083333333333333333333333333,-4.268,-0.02540476190476190476190476190,-3.588,-0.02135714285714285714285714286
differentiated_slowdown,exp08_confirmatory_n32_mixed_homogeneous_10,32,mixed,homogeneous,tied,10,io,4,false,t01->t04->t07->t10->t12->t15->t18->t21->t22->t25->t26->t29->t30->t32 => t01->t03->t05->t09->t11->t16->t19->t20->t23->t24->t26->t28->t31->t32,5.5296,0.03163346914398102541043533777,2.8746,2.8746,5.529600,true,,,,,,
schedule_policy,exp08_confirmatory_n32_mixed_homogeneous_11,32,mixed,homogeneous,tied,11,io,1,,,,,,,,,0.000,0,0,0,0,0
schedule_policy,exp08_confirmatory_n32_mixed_homogeneous_11,32,mixed,homogeneous,tied,11,io,4,,,,,,,,,-5.101,-0.03036309523809523809523809524,-11.245,-0.06693452380952380952380952381,-7.917,-0.047125
schedule_policy,exp08_confirmatory_n32_mixed_homogeneous_11,32,mixed,homogeneous,tied,11,io,8,,,,,,,,,-5.101,-0.03036309523809523809523809524,-11.245,-0.06693452380952380952380952381,-7.917,-0.047125
schedule_policy,exp08_confirmatory_n32_mixed_homogeneous_11,32,mixed,homogeneous,tied,11,equal_alternating,1,,,,,,,,,0.000,0,0,0,0,0
schedule_policy,exp08_confirmatory_n32_mixed_homogeneous_11,32,mixed,homogeneous,tied,11,equal_alternating,4,,,,,,,,,-1.975,-0.01175595238095238095238095238,-5.623,-0.03347023809523809523809523810,-4.612,-0.02745238095238095238095238095
schedule_policy,exp08_confirmatory_n32_mixed_homogeneous_11,32,mixed,homogeneous,tied,11,equal_alternating,8,,,,,,,,,-1.975,-0.01175595238095238095238095238,-5.623,-0.03347023809523809523809523810,-4.612,-0.02745238095238095238095238095
differentiated_slowdown,exp08_confirmatory_n32_mixed_homogeneous_11,32,mixed,homogeneous,tied,11,io,4,false,t01->t04->t07->t10->t12->t16->t18->t20->t22->t25->t27->t29->t30->t32 => t01->t03->t05->t08->t11->t14->t18->t20->t23->t24->t26->t29->t31->t32,5.5296,0.03172100931735809701479694217,3.3570,3.3570,5.529600,true,,,,,,
schedule_policy,exp08_confirmatory_n32_mixed_homogeneous_12,32,mixed,homogeneous,tied,12,io,1,,,,,,,,,0.000,0,0,0,0,0
schedule_policy,exp08_confirmatory_n32_mixed_homogeneous_12,32,mixed,homogeneous,tied,12,io,4,,,,,,,,,-4.572,-0.02721428571428571428571428571,-5.834,-0.03472619047619047619047619048,-5.066,-0.03015476190476190476190476190
schedule_policy,exp08_confirmatory_n32_mixed_homogeneous_12,32,mixed,homogeneous,tied,12,io,8,,,,,,,,,-4.572,-0.02721428571428571428571428571,-5.834,-0.03472619047619047619047619048,-5.066,-0.03015476190476190476190476190
schedule_policy,exp08_confirmatory_n32_mixed_homogeneous_12,32,mixed,homogeneous,tied,12,equal_alternating,1,,,,,,,,,0.000,0,0,0,0,0
schedule_policy,exp08_confirmatory_n32_mixed_homogeneous_12,32,mixed,homogeneous,tied,12,equal_alternating,4,,,,,,,,,-1.134,-0.00675,-2.725,-0.01622023809523809523809523810,-1.322,-0.007869047619047619047619047619
schedule_policy,exp08_confirmatory_n32_mixed_homogeneous_12,32,mixed,homogeneous,tied,12,equal_alternating,8,,,,,,,,,-1.134,-0.00675,-2.725,-0.01622023809523809523809523810,-1.322,-0.007869047619047619047619047619
differentiated_slowdown,exp08_confirmatory_n32_mixed_homogeneous_12,32,mixed,homogeneous,tied,12,io,4,false,t01->t03->t05->t09->t13->t14->t19->t21->t22->t24->t27->t29->t31->t32 => t01->t04->t06->t08->t12->t15->t18->t20->t22->t25->t27->t28->t30->t32,5.5296,0.03167717875126746524137693987,3.1158,3.1158,5.529600,true,,,,,,
schedule_policy,exp08_confirmatory_n32_mixed_homogeneous_13,32,mixed,homogeneous,tied,13,io,1,,,,,,,,,0.000,0,0,0,0,0
schedule_policy,exp08_confirmatory_n32_mixed_homogeneous_13,32,mixed,homogeneous,tied,13,io,4,,,,,,,,,-0.348,-0.002071428571428571428571428571,3.656,0.02176190476190476190476190476,0.548,0.003261904761904761904761904762
schedule_policy,exp08_confirmatory_n32_mixed_homogeneous_13,32,mixed,homogeneous,tied,13,io,8,,,,,,,,,-0.348,-0.002071428571428571428571428571,3.656,0.02176190476190476190476190476,0.548,0.003261904761904761904761904762
schedule_policy,exp08_confirmatory_n32_mixed_homogeneous_13,32,mixed,homogeneous,tied,13,equal_alternating,1,,,,,,,,,0.000,0,0,0,0,0
schedule_policy,exp08_confirmatory_n32_mixed_homogeneous_13,32,mixed,homogeneous,tied,13,equal_alternating,4,,,,,,,,,-1.134,-0.00675,-3.165,-0.01883928571428571428571428571,-2.684,-0.01597619047619047619047619048
schedule_policy,exp08_confirmatory_n32_mixed_homogeneous_13,32,mixed,homogeneous,tied,13,equal_alternating,8,,,,,,,,,-1.134,-0.00675,-3.165,-0.01883928571428571428571428571,-2.684,-0.01597619047619047619047619048
differentiated_slowdown,exp08_confirmatory_n32_mixed_homogeneous_13,32,mixed,homogeneous,tied,13,io,4,false,t01->t02->t06->t09->t12->t14->t17->t20->t22->t25->t27->t28->t31->t32 => t01->t04->t05->t10->t13->t14->t17->t20->t22->t24->t26->t29->t30->t32,5.5296,0.03176501608758817152970818304,3.5985,3.5985,5.529600,true,,,,,,
schedule_policy,exp08_confirmatory_n32_mixed_homogeneous_14,32,mixed,homogeneous,tied,14,io,1,,,,,,,,,0.000,0,0,0,0,0
schedule_policy,exp08_confirmatory_n32_mixed_homogeneous_14,32,mixed,homogeneous,tied,14,io,4,,,,,,,,,-3.292,-0.01959523809523809523809523810,-1.226,-0.007297619047619047619047619048,-2.140,-0.01273809523809523809523809524
schedule_policy,exp08_confirmatory_n32_mixed_homogeneous_14,32,mixed,homogeneous,tied,14,io,8,,,,,,,,,-3.292,-0.01959523809523809523809523810,-1.226,-0.007297619047619047619047619048,-2.140,-0.01273809523809523809523809524
schedule_policy,exp08_confirmatory_n32_mixed_homogeneous_14,32,mixed,homogeneous,tied,14,equal_alternating,1,,,,,,,,,0.000,0,0,0,0,0
schedule_policy,exp08_confirmatory_n32_mixed_homogeneous_14,32,mixed,homogeneous,tied,14,equal_alternating,4,,,,,,,,,0.274,0.001630952380952380952380952381,1.499,0.008922619047619047619047619048,1.100,0.006547619047619047619047619048
schedule_policy,exp08_confirmatory_n32_mixed_homogeneous_14,32,mixed,homogeneous,tied,14,equal_alternating,8,,,,,,,,,0.274,0.001630952380952380952380952381,1.499,0.008922619047619047619047619048,1.100,0.006547619047619047619047619048
differentiated_slowdown,exp08_confirmatory_n32_mixed_homogeneous_14,32,mixed,homogeneous,tied,14,io,4,false,t01->t03->t06->t09->t12->t15->t18->t20->t22->t24->t26->t28->t30->t32 => t01->t02->t05->t10->t13->t14->t19->t21->t23->t25->t26->t29->t30->t32,5.5296,0.03167712431105863670813633950,3.1155,3.1155,5.529600,true,,,,,,
schedule_policy,exp08_confirmatory_n32_mixed_homogeneous_15,32,mixed,homogeneous,tied,15,io,1,,,,,,,,,0.000,0,0,0,0,0
schedule_policy,exp08_confirmatory_n32_mixed_homogeneous_15,32,mixed,homogeneous,tied,15,io,4,,,,,,,,,-4.955,-0.02949404761904761904761904762,-12.232,-0.07280952380952380952380952381,-9.563,-0.05692261904761904761904761905
schedule_policy,exp08_confirmatory_n32_mixed_homogeneous_15,32,mixed,homogeneous,tied,15,io,8,,,,,,,,,-4.955,-0.02949404761904761904761904762,-12.232,-0.07280952380952380952380952381,-9.563,-0.05692261904761904761904761905
schedule_policy,exp08_confirmatory_n32_mixed_homogeneous_15,32,mixed,homogeneous,tied,15,equal_alternating,1,,,,,,,,,0.000,0,0,0,0,0
schedule_policy,exp08_confirmatory_n32_mixed_homogeneous_15,32,mixed,homogeneous,tied,15,equal_alternating,4,,,,,,,,,-1.519,-0.009041666666666666666666666667,-4.199,-0.02499404761904761904761904762,-3.189,-0.01898214285714285714285714286
schedule_policy,exp08_confirmatory_n32_mixed_homogeneous_15,32,mixed,homogeneous,tied,15,equal_alternating,8,,,,,,,,,-1.519,-0.009041666666666666666666666667,-4.199,-0.02499404761904761904761904762,-3.189,-0.01898214285714285714285714286
differentiated_slowdown,exp08_confirmatory_n32_mixed_homogeneous_15,32,mixed,homogeneous,tied,15,io,4,false,t01->t04->t06->t10->t12->t14->t19->t21->t23->t25->t27->t28->t31->t32 => t01->t02->t05->t09->t11->t16->t18->t20->t22->t24->t26->t28->t30->t32,5.5296,0.03163341485390655167975286395,2.8743,2.8743,5.529600,true,,,,,,
schedule_policy,exp08_confirmatory_n32_mixed_homogeneous_16,32,mixed,homogeneous,tied,16,io,1,,,,,,,,,0.000,0,0,0,0,0
schedule_policy,exp08_confirmatory_n32_mixed_homogeneous_16,32,mixed,homogeneous,tied,16,io,4,,,,,,,,,-2.542,-0.01513095238095238095238095238,-1.884,-0.01121428571428571428571428571,-0.494,-0.002940476190476190476190476190
schedule_policy,exp08_confirmatory_n32_mixed_homogeneous_16,32,mixed,homogeneous,tied,16,io,8,,,,,,,,,-2.542,-0.01513095238095238095238095238,-1.884,-0.01121428571428571428571428571,-0.494,-0.002940476190476190476190476190
schedule_policy,exp08_confirmatory_n32_mixed_homogeneous_16,32,mixed,homogeneous,tied,16,equal_alternating,1,,,,,,,,,0.000,0,0,0,0,0
schedule_policy,exp08_confirmatory_n32_mixed_homogeneous_16,32,mixed,homogeneous,tied,16,equal_alternating,4,,,,,,,,,-0.695,-0.004136904761904761904761904762,-2.670,-0.01589285714285714285714285714,-1.917,-0.01141071428571428571428571429
schedule_policy,exp08_confirmatory_n32_mixed_homogeneous_16,32,mixed,homogeneous,tied,16,equal_alternating,8,,,,,,,,,-0.695,-0.004136904761904761904761904762,-2.670,-0.01589285714285714285714285714,-1.917,-0.01141071428571428571428571429
differentiated_slowdown,exp08_confirmatory_n32_mixed_homogeneous_16,32,mixed,homogeneous,tied,16,io,4,false,t01->t04->t07->t08->t12->t16->t18->t21->t22->t25->t26->t28->t31->t32 => t01->t04->t06->t10->t11->t15->t19->t20->t23->t24->t27->t29->t31->t32,5.5296,0.03167723319166341564853944788,3.1161,3.1161,5.529600,true,,,,,,
schedule_policy,exp08_confirmatory_n32_mixed_homogeneous_17,32,mixed,homogeneous,tied,17,io,1,,,,,,,,,0.000,0,0,0,0,0
schedule_policy,exp08_confirmatory_n32_mixed_homogeneous_17,32,mixed,homogeneous,tied,17,io,4,,,,,,,,,-2.633,-0.01567261904761904761904761905,-0.823,-0.004898809523809523809523809524,-0.585,-0.003482142857142857142857142857
schedule_policy,exp08_confirmatory_n32_mixed_homogeneous_17,32,mixed,homogeneous,tied,17,io,8,,,,,,,,,-2.633,-0.01567261904761904761904761905,-0.823,-0.004898809523809523809523809524,-0.585,-0.003482142857142857142857142857
schedule_policy,exp08_confirmatory_n32_mixed_homogeneous_17,32,mixed,homogeneous,tied,17,equal_alternating,1,,,,,,,,,0.000,0,0,0,0,0
schedule_policy,exp08_confirmatory_n32_mixed_homogeneous_17,32,mixed,homogeneous,tied,17,equal_alternating,4,,,,,,,,,-0.741,-0.004410714285714285714285714286,-2.717,-0.01617261904761904761904761905,-2.092,-0.01245238095238095238095238095
schedule_policy,exp08_confirmatory_n32_mixed_homogeneous_17,32,mixed,homogeneous,tied,17,equal_alternating,8,,,,,,,,,-0.741,-0.004410714285714285714285714286,-2.717,-0.01617261904761904761904761905,-2.092,-0.01245238095238095238095238095
differentiated_slowdown,exp08_confirmatory_n32_mixed_homogeneous_17,32,mixed,homogeneous,tied,17,io,4,false,t01->t03->t06->t10->t12->t15->t18->t20->t22->t25->t26->t28->t30->t32 => t01->t04->t05->t08->t13->t16->t17->t21->t23->t25->t26->t29->t31->t32,5.5296,0.03167717875126746524137693987,3.1158,3.1158,5.529600,true,,,,,,
schedule_policy,exp08_confirmatory_n32_mixed_homogeneous_18,32,mixed,homogeneous,tied,18,io,1,,,,,,,,,0.000,0,0,0,0,0
schedule_policy,exp08_confirmatory_n32_mixed_homogeneous_18,32,mixed,homogeneous,tied,18,io,4,,,,,,,,,-2.542,-0.01513095238095238095238095238,-6.510,-0.03875,-3.603,-0.02144642857142857142857142857
schedule_policy,exp08_confirmatory_n32_mixed_homogeneous_18,32,mixed,homogeneous,tied,18,io,8,,,,,,,,,-2.542,-0.01513095238095238095238095238,-6.510,-0.03875,-3.603,-0.02144642857142857142857142857
schedule_policy,exp08_confirmatory_n32_mixed_homogeneous_18,32,mixed,homogeneous,tied,18,equal_alternating,1,,,,,,,,,0.000,0,0,0,0,0
schedule_policy,exp08_confirmatory_n32_mixed_homogeneous_18,32,mixed,homogeneous,tied,18,equal_alternating,4,,,,,,,,,-0.503,-0.002994047619047619047619047619,-2.488,-0.01480952380952380952380952381,-1.169,-0.006958333333333333333333333333
schedule_policy,exp08_confirmatory_n32_mixed_homogeneous_18,32,mixed,homogeneous,tied,18,equal_alternating,8,,,,,,,,,-0.503,-0.002994047619047619047619047619,-2.488,-0.01480952380952380952380952381,-1.169,-0.006958333333333333333333333333
differentiated_slowdown,exp08_confirmatory_n32_mixed_homogeneous_18,32,mixed,homogeneous,tied,18,io,4,false,t01->t03->t07->t10->t11->t16->t17->t20->t23->t24->t27->t29->t31->t32 => t01->t04->t05->t08->t12->t15->t18->t21->t22->t25->t26->t28->t30->t32,5.5296,0.03158982585491508691829525998,2.6331,2.6331,5.529600,true,,,,,,
schedule_policy,exp08_confirmatory_n32_mixed_homogeneous_19,32,mixed,homogeneous,tied,19,io,1,,,,,,,,,0.000,0,0,0,0,0
schedule_policy,exp08_confirmatory_n32_mixed_homogeneous_19,32,mixed,homogeneous,tied,19,io,4,,,,,,,,,-4.828,-0.02873809523809523809523809524,-9.674,-0.05758333333333333333333333333,-8.175,-0.04866071428571428571428571429
schedule_policy,exp08_confirmatory_n32_mixed_homogeneous_19,32,mixed,homogeneous,tied,19,io,8,,,,,,,,,-4.828,-0.02873809523809523809523809524,-9.674,-0.05758333333333333333333333333,-8.175,-0.04866071428571428571428571429
schedule_policy,exp08_confirmatory_n32_mixed_homogeneous_19,32,mixed,homogeneous,tied,19,equal_alternating,1,,,,,,,,,0.000,0,0,0,0,0
schedule_policy,exp08_confirmatory_n32_mixed_homogeneous_19,32,mixed,homogeneous,tied,19,equal_alternating,4,,,,,,,,,-1.262,-0.007511904761904761904761904762,-2.917,-0.01736309523809523809523809524,-2.494,-0.01484523809523809523809523810
schedule_policy,exp08_confirmatory_n32_mixed_homogeneous_19,32,mixed,homogeneous,tied,19,equal_alternating,8,,,,,,,,,-1.262,-0.007511904761904761904761904762,-2.917,-0.01736309523809523809523809524,-2.494,-0.01484523809523809523809523810
differentiated_slowdown,exp08_confirmatory_n32_mixed_homogeneous_19,32,mixed,homogeneous,tied,19,io,4,false,t01->t03->t06->t09->t13->t16->t17->t20->t23->t25->t26->t28->t31->t32 => t01->t02->t07->t10->t11->t14->t18->t21->t22->t24->t27->t29->t31->t32,5.5296,0.03163341485390655167975286395,2.8743,2.8743,5.529600,true,,,,,,
schedule_policy,exp08_confirmatory_n32_mixed_lognormal_00,32,mixed,lognormal,tied,0,io,1,,,,,,,,,0.000,0,0,0,0,0
schedule_policy,exp08_confirmatory_n32_mixed_lognormal_00,32,mixed,lognormal,tied,0,io,4,,,,,,,,,-10.165,-0.02117708333333333333333333333,-10.260,-0.021375,-5.695,-0.01186458333333333333333333333
schedule_policy,exp08_confirmatory_n32_mixed_lognormal_00,32,mixed,lognormal,tied,0,io,8,,,,,,,,,-10.165,-0.02117708333333333333333333333,-10.260,-0.021375,-5.695,-0.01186458333333333333333333333
schedule_policy,exp08_confirmatory_n32_mixed_lognormal_00,32,mixed,lognormal,tied,0,equal_alternating,1,,,,,,,,,0.000,0,0,0,0,0
schedule_policy,exp08_confirmatory_n32_mixed_lognormal_00,32,mixed,lognormal,tied,0,equal_alternating,4,,,,,,,,,-4.677,-0.00974375,-11.980,-0.02495833333333333333333333333,-11.183,-0.02329791666666666666666666667
schedule_policy,exp08_confirmatory_n32_mixed_lognormal_00,32,mixed,lognormal,tied,0,equal_alternating,8,,,,,,,,,-4.677,-0.00974375,-11.980,-0.02495833333333333333333333333,-11.183,-0.02329791666666666666666666667
differentiated_slowdown,exp08_confirmatory_n32_mixed_lognormal_00,32,mixed,lognormal,tied,0,io,4,false,t01->t02->t07->t09->t12->t16->t17->t21->t23->t25->t26->t29->t31->t32 => t01->t04->t07->t09->t12->t16->t17->t21->t22->t24->t26->t29->t31->t32,13.6512,0.02766493233934774863724187239,10.4418,10.4418,13.651200,true,,,,,,
schedule_policy,exp08_confirmatory_n32_mixed_lognormal_01,32,mixed,lognormal,tied,1,io,1,,,,,,,,,0.000,0,0,0,0,0
schedule_policy,exp08_confirmatory_n32_mixed_lognormal_01,32,mixed,lognormal,tied,1,io,4,,,,,,,,,-4.839,-0.01033974358974358974358974359,6.763,0.01445085470085470085470085470,4.370,0.009337606837606837606837606838
schedule_policy,exp08_confirmatory_n32_mixed_lognormal_01,32,mixed,lognormal,tied,1,io,8,,,,,,,,,-4.839,-0.01033974358974358974358974359,6.763,0.01445085470085470085470085470,4.370,0.009337606837606837606837606838
schedule_policy,exp08_confirmatory_n32_mixed_lognormal_01,32,mixed,lognormal,tied,1,equal_alternating,1,,,,,,,,,0.000,0,0,0,0,0
schedule_policy,exp08_confirmatory_n32_mixed_lognormal_01,32,mixed,lognormal,tied,1,equal_alternating,4,,,,,,,,,-3.283,-0.007014957264957264957264957265,0.288,0.0006153846153846153846153846154,-2.378,-0.005081196581196581196581196581
schedule_policy,exp08_confirmatory_n32_mixed_lognormal_01,32,mixed,lognormal,tied,1,equal_alternating,8,,,,,,,,,-3.283,-0.007014957264957264957264957265,0.288,0.0006153846153846153846153846154,-2.378,-0.005081196581196581196581196581
differentiated_slowdown,exp08_confirmatory_n32_mixed_lognormal_01,32,mixed,lognormal,tied,1,io,4,false,t01->t02->t05->t08->t11->t15->t17->t20->t22->t24->t27->t28->t30->t32 => t01->t02->t05->t08->t11->t15->t17->t20->t22->t24->t27->t28->t31->t32,13.9968,0.02921320454878447372276759047,13.3686,13.3686,13.996800,true,,,,,,
schedule_policy,exp08_confirmatory_n32_mixed_lognormal_02,32,mixed,lognormal,tied,2,io,1,,,,,,,,,0.000,0,0,0,0,0
schedule_policy,exp08_confirmatory_n32_mixed_lognormal_02,32,mixed,lognormal,tied,2,io,4,,,,,,,,,-3.434,-0.006979674796747967479674796748,-2.588,-0.005260162601626016260162601626,-4.250,-0.008638211382113821138211382114
schedule_policy,exp08_confirmatory_n32_mixed_lognormal_02,32,mixed,lognormal,tied,2,io,8,,,,,,,,,-3.434,-0.006979674796747967479674796748,-2.588,-0.005260162601626016260162601626,-4.250,-0.008638211382113821138211382114
schedule_policy,exp08_confirmatory_n32_mixed_lognormal_02,32,mixed,lognormal,tied,2,equal_alternating,1,,,,,,,,,0.000,0,0,0,0,0
schedule_policy,exp08_confirmatory_n32_mixed_lognormal_02,32,mixed,lognormal,tied,2,equal_alternating,4,,,,,,,,,-3.888,-0.007902439024390243902439024390,-0.554,-0.001126016260162601626016260163,-2.828,-0.005747967479674796747967479675
schedule_policy,exp08_confirmatory_n32_mixed_lognormal_02,32,mixed,lognormal,tied,2,equal_alternating,8,,,,,,,,,-3.888,-0.007902439024390243902439024390,-0.554,-0.001126016260162601626016260163,-2.828,-0.005747967479674796747967479675
differentiated_slowdown,exp08_confirmatory_n32_mixed_lognormal_02,32,mixed,lognormal,tied,2,io,4,false,t01->t03->t07->t09->t11->t15->t19->t20->t22->t25->t27->t29->t31->t32 => t01->t03->t07->t09->t13->t14->t17->t20->t22->t25->t27->t29->t30->t32,13.8240,0.02727826494133219516035748261,9.4149,9.4149,13.824000,true,,,,,,
schedule_policy,exp08_confirmatory_n32_mixed_lognormal_03,32,mixed,lognormal,tied,3,io,1,,,,,,,,,0.000,0,0,0,0,0
schedule_policy,exp08_confirmatory_n32_mixed_lognormal_03,32,mixed,lognormal,tied,3,io,4,,,,,,,,,-3.119,-0.006497916666666666666666666667,11.764,0.02450833333333333333333333333,5.685,0.01184375
schedule_policy,exp08_confirmatory_n32_mixed_lognormal_03,32,mixed,lognormal,tied,3,io,8,,,,,,,,,-3.119,-0.006497916666666666666666666667,11.764,0.02450833333333333333333333333,5.685,0.01184375
schedule_policy,exp08_confirmatory_n32_mixed_lognormal_03,32,mixed,lognormal,tied,3,equal_alternating,1,,,,,,,,,0.000,0,0,0,0,0
schedule_policy,exp08_confirmatory_n32_mixed_lognormal_03,32,mixed,lognormal,tied,3,equal_alternating,4,,,,,,,,,-5.694,-0.0118625,-0.468,-0.000975,-3.036,-0.006325
schedule_policy,exp08_confirmatory_n32_mixed_lognormal_03,32,mixed,lognormal,tied,3,equal_alternating,8,,,,,,,,,-5.694,-0.0118625,-0.468,-0.000975,-3.036,-0.006325
differentiated_slowdown,exp08_confirmatory_n32_mixed_lognormal_03,32,mixed,lognormal,tied,3,io,4,false,t01->t04->t06->t08->t13->t15->t17->t21->t23->t25->t27->t29->t31->t32 => t01->t04->t07->t08->t13->t15->t17->t21->t23->t25->t27->t29->t30->t32,12.7872,0.02602916067193144872699914751,11.1132,11.1132,12.787200,true,,,,,,
schedule_policy,exp08_confirmatory_n32_mixed_lognormal_04,32,mixed,lognormal,unique,4,io,1,,,,,,,,,0.000,0,0,0,0,0
schedule_policy,exp08_confirmatory_n32_mixed_lognormal_04,32,mixed,lognormal,unique,4,io,4,,,,,,,,,-13.559,-0.02897222222222222222222222222,-10.826,-0.02313247863247863247863247863,-11.358,-0.02426923076923076923076923077
schedule_policy,exp08_confirmatory_n32_mixed_lognormal_04,32,mixed,lognormal,unique,4,io,8,,,,,,,,,-13.559,-0.02897222222222222222222222222,-10.826,-0.02313247863247863247863247863,-11.358,-0.02426923076923076923076923077
schedule_policy,exp08_confirmatory_n32_mixed_lognormal_04,32,mixed,lognormal,unique,4,equal_alternating,1,,,,,,,,,0.000,0,0,0,0,0
schedule_policy,exp08_confirmatory_n32_mixed_lognormal_04,32,mixed,lognormal,unique,4,equal_alternating,4,,,,,,,,,-5.868,-0.01253846153846153846153846154,-8.991,-0.01921153846153846153846153846,-9.256,-0.01977777777777777777777777778
schedule_policy,exp08_confirmatory_n32_mixed_lognormal_04,32,mixed,lognormal,unique,4,equal_alternating,8,,,,,,,,,-5.868,-0.01253846153846153846153846154,-8.991,-0.01921153846153846153846153846,-9.256,-0.01977777777777777777777777778
differentiated_slowdown,exp08_confirmatory_n32_mixed_lognormal_04,32,mixed,lognormal,unique,4,io,4,true,t01->t04->t07->t08->t13->t14->t18->t20->t23->t25->t26->t28->t30->t32 => t01->t04->t07->t08->t13->t14->t18->t20->t23->t25->t26->t28->t30->t32,12.6144,0.02641976053322073770244593902,12.6144,12.6144,12.614400,true,,,,,,
schedule_policy,exp08_confirmatory_n32_mixed_lognormal_05,32,mixed,lognormal,tied,5,io,1,,,,,,,,,0.000,0,0,0,0,0
schedule_policy,exp08_confirmatory_n32_mixed_lognormal_05,32,mixed,lognormal,tied,5,io,4,,,,,,,,,-2.551,-0.005061507936507936507936507937,4.059,0.008053571428571428571428571429,-2.450,-0.004861111111111111111111111111
schedule_policy,exp08_confirmatory_n32_mixed_lognormal_05,32,mixed,lognormal,tied,5,io,8,,,,,,,,,-2.551,-0.005061507936507936507936507937,4.059,0.008053571428571428571428571429,-2.450,-0.004861111111111111111111111111
schedule_policy,exp08_confirmatory_n32_mixed_lognormal_05,32,mixed,lognormal,tied,5,equal_alternating,1,,,,,,,,,0.000,0,0,0,0,0
schedule_policy,exp08_confirmatory_n32_mixed_lognormal_05,32,mixed,lognormal,tied,5,equal_alternating,4,,,,,,,,,-3.708,-0.007357142857142857142857142857,-1.150,-0.002281746031746031746031746032,-4.171,-0.008275793650793650793650793651
schedule_policy,exp08_confirmatory_n32_mixed_lognormal_05,32,mixed,lognormal,tied,5,equal_alternating,8,,,,,,,,,-3.708,-0.007357142857142857142857142857,-1.150,-0.002281746031746031746031746032,-4.171,-0.008275793650793650793650793651
differentiated_slowdown,exp08_confirmatory_n32_mixed_lognormal_05,32,mixed,lognormal,tied,5,io,4,false,t01->t04->t05->t09->t13->t16->t19->t20->t23->t24->t26->t29->t30->t32 => t01->t03->t05->t09->t13->t16->t19->t20->t23->t24->t27->t28->t31->t32,14.1696,0.02735819002218450791517756295,10.8678,10.8678,14.169600,true,,,,,,
schedule_policy,exp08_confirmatory_n32_mixed_lognormal_06,32,mixed,lognormal,unique,6,io,1,,,,,,,,,0.000,0,0,0,0,0
schedule_policy,exp08_confirmatory_n32_mixed_lognormal_06,32,mixed,lognormal,unique,6,io,4,,,,,,,,,-2.362,-0.004577519379844961240310077519,13.806,0.02675581395348837209302325581,9.283,0.01799031007751937984496124031
schedule_policy,exp08_confirmatory_n32_mixed_lognormal_06,32,mixed,lognormal,unique,6,io,8,,,,,,,,,-2.362,-0.004577519379844961240310077519,13.806,0.02675581395348837209302325581,9.283,0.01799031007751937984496124031
schedule_policy,exp08_confirmatory_n32_mixed_lognormal_06,32,mixed,lognormal,unique,6,equal_alternating,1,,,,,,,,,0.000,0,0,0,0,0
schedule_policy,exp08_confirmatory_n32_mixed_lognormal_06,32,mixed,lognormal,unique,6,equal_alternating,4,,,,,,,,,-4.078,-0.007903100775193798449612403101,1.779,0.003447674418604651162790697674,-0.482,-0.0009341085271317829457364341085
schedule_policy,exp08_confirmatory_n32_mixed_lognormal_06,32,mixed,lognormal,unique,6,equal_alternating,8,,,,,,,,,-4.078,-0.007903100775193798449612403101,1.779,0.003447674418604651162790697674,-0.482,-0.0009341085271317829457364341085
differentiated_slowdown,exp08_confirmatory_n32_mixed_lognormal_06,32,mixed,lognormal,unique,6,io,4,true,t01->t04->t06->t08->t11->t15->t19->t21->t22->t24->t26->t28->t30->t32 => t01->t04->t06->t08->t11->t15->t19->t21->t22->t24->t26->t28->t30->t32,12.9600,0.02465190595754393973978543711,12.9600,12.9600,12.960000,true,,,,,,
schedule_policy,exp08_confirmatory_n32_mixed_lognormal_07,32,mixed,lognormal,tied,7,io,1,,,,,,,,,0.000,0,0,0,0,0
schedule_policy,exp08_confirmatory_n32_mixed_lognormal_07,32,mixed,lognormal,tied,7,io,4,,,,,,,,,-6.633,-0.01348170731707317073170731707,3.070,0.006239837398373983739837398374,0.366,0.0007439024390243902439024390244
schedule_policy,exp08_confirmatory_n32_mixed_lognormal_07,32,mixed,lognormal,tied,7,io,8,,,,,,,,,-6.633,-0.01348170731707317073170731707,3.070,0.006239837398373983739837398374,0.366,0.0007439024390243902439024390244
schedule_policy,exp08_confirmatory_n32_mixed_lognormal_07,32,mixed,lognormal,tied,7,equal_alternating,1,,,,,,,,,0.000,0,0,0,0,0
schedule_policy,exp08_confirmatory_n32_mixed_lognormal_07,32,mixed,lognormal,tied,7,equal_alternating,4,,,,,,,,,-3.599,-0.007315040650406504065040650407,-0.779,-0.001583333333333333333333333333,-2.859,-0.005810975609756097560975609756
schedule_policy,exp08_confirmatory_n32_mixed_lognormal_07,32,mixed,lognormal,tied,7,equal_alternating,8,,,,,,,,,-3.599,-0.007315040650406504065040650407,-0.779,-0.001583333333333333333333333333,-2.859,-0.005810975609756097560975609756
differentiated_slowdown,exp08_confirmatory_n32_mixed_lognormal_07,32,mixed,lognormal,tied,7,io,4,false,t01->t03->t05->t10->t11->t15->t18->t20->t22->t25->t26->t28->t30->t32 => t01->t03->t05->t10->t11->t15->t18->t20->t22->t25->t27->t28->t30->t32,13.3056,0.02648498843610657771455904035,12.9021,12.9021,13.305600,true,,,,,,
schedule_policy,exp08_confirmatory_n32_mixed_lognormal_08,32,mixed,lognormal,tied,8,io,1,,,,,,,,,0.000,0,0,0,0,0
schedule_policy,exp08_confirmatory_n32_mixed_lognormal_08,32,mixed,lognormal,tied,8,io,4,,,,,,,,,0.047,0.0001058558558558558558558558559,2.456,0.005531531531531531531531531532,1.046,0.002355855855855855855855855856
schedule_policy,exp08_confirmatory_n32_mixed_lognormal_08,32,mixed,lognormal,tied,8,io,8,,,,,,,,,0.047,0.0001058558558558558558558558559,2.456,0.005531531531531531531531531532,1.046,0.002355855855855855855855855856
schedule_policy,exp08_confirmatory_n32_mixed_lognormal_08,32,mixed,lognormal,tied,8,equal_alternating,1,,,,,,,,,0.000,0,0,0,0,0
schedule_policy,exp08_confirmatory_n32_mixed_lognormal_08,32,mixed,lognormal,tied,8,equal_alternating,4,,,,,,,,,-5.890,-0.01326576576576576576576576577,-8.876,-0.01999099099099099099099099099,-7.945,-0.01789414414414414414414414414
schedule_policy,exp08_confirmatory_n32_mixed_lognormal_08,32,mixed,lognormal,tied,8,equal_alternating,8,,,,,,,,,-5.890,-0.01326576576576576576576576577,-8.876,-0.01999099099099099099099099099,-7.945,-0.01789414414414414414414414414
differentiated_slowdown,exp08_confirmatory_n32_mixed_lognormal_08,32,mixed,lognormal,tied,8,io,4,false,t01->t02->t06->t08->t12->t16->t19->t21->t23->t24->t27->t28->t30->t32 => t01->t02->t06->t08->t12->t15->t19->t21->t23->t24->t27->t28->t30->t32,12.0960,0.02665112017989506121429166320,11.3034,11.3034,12.096000,true,,,,,,
schedule_policy,exp08_confirmatory_n32_mixed_lognormal_09,32,mixed,lognormal,unique,9,io,1,,,,,,,,,0.000,0,0,0,0,0
schedule_policy,exp08_confirmatory_n32_mixed_lognormal_09,32,mixed,lognormal,unique,9,io,4,,,,,,,,,-16.297,-0.03994362745098039215686274510,-22.785,-0.05584558823529411764705882353,-13.463,-0.03299754901960784313725490196
schedule_policy,exp08_confirmatory_n32_mixed_lognormal_09,32,mixed,lognormal,unique,9,io,8,,,,,,,,,-16.297,-0.03994362745098039215686274510,-22.785,-0.05584558823529411764705882353,-13.463,-0.03299754901960784313725490196
schedule_policy,exp08_confirmatory_n32_mixed_lognormal_09,32,mixed,lognormal,unique,9,equal_alternating,1,,,,,,,,,0.000,0,0,0,0,0
schedule_policy,exp08_confirmatory_n32_mixed_lognormal_09,32,mixed,lognormal,unique,9,equal_alternating,4,,,,,,,,,-6.568,-0.01609803921568627450980392157,-8.415,-0.020625,-9.121,-0.02235539215686274509803921569
schedule_policy,exp08_confirmatory_n32_mixed_lognormal_09,32,mixed,lognormal,unique,9,equal_alternating,8,,,,,,,,,-6.568,-0.01609803921568627450980392157,-8.415,-0.020625,-9.121,-0.02235539215686274509803921569
differentiated_slowdown,exp08_confirmatory_n32_mixed_lognormal_09,32,mixed,lognormal,unique,9,io,4,true,t01->t02->t07->t10->t13->t16->t19->t21->t23->t25->t27->t28->t31->t32 => t01->t02->t07->t10->t13->t16->t19->t21->t23->t25->t27->t28->t31->t32,12.0960,0.02900218667280469559212797790,12.0960,12.0960,12.096000,true,,,,,,
schedule_policy,exp08_confirmatory_n32_mixed_lognormal_10,32,mixed,lognormal,tied,10,io,1,,,,,,,,,0.000,0,0,0,0,0
schedule_policy,exp08_confirmatory_n32_mixed_lognormal_10,32,mixed,lognormal,tied,10,io,4,,,,,,,,,-7.165,-0.01388565891472868217054263566,16.337,0.03166085271317829457364341085,10.199,0.01976550387596899224806201550
schedule_policy,exp08_confirmatory_n32_mixed_lognormal_10,32,mixed,lognormal,tied,10,io,8,,,,,,,,,-7.165,-0.01388565891472868217054263566,16.337,0.03166085271317829457364341085,10.199,0.01976550387596899224806201550
schedule_policy,exp08_confirmatory_n32_mixed_lognormal_10,32,mixed,lognormal,tied,10,equal_alternating,1,,,,,,,,,0.000,0,0,0,0,0
schedule_policy,exp08_confirmatory_n32_mixed_lognormal_10,32,mixed,lognormal,tied,10,equal_alternating,4,,,,,,,,,-5.794,-0.01122868217054263565891472868,-4.887,-0.009470930232558139534883720930,-9.041,-0.01752131782945736434108527132
schedule_policy,exp08_confirmatory_n32_mixed_lognormal_10,32,mixed,lognormal,tied,10,equal_alternating,8,,,,,,,,,-5.794,-0.01122868217054263565891472868,-4.887,-0.009470930232558139534883720930,-9.041,-0.01752131782945736434108527132
differentiated_slowdown,exp08_confirmatory_n32_mixed_lognormal_10,32,mixed,lognormal,tied,10,io,4,false,t01->t04->t06->t09->t11->t14->t19->t21->t22->t24->t27->t29->t31->t32 => t01->t03->t05->t08->t11->t14->t19->t21->t22->t24->t27->t29->t31->t32,14.6880,0.02773903101491086230086650478,12.1974,12.1974,14.688000,true,,,,,,
schedule_policy,exp08_confirmatory_n32_mixed_lognormal_11,32,mixed,lognormal,unique,11,io,1,,,,,,,,,0.000,0,0,0,0,0
schedule_policy,exp08_confirmatory_n32_mixed_lognormal_11,32,mixed,lognormal,unique,11,io,4,,,,,,,,,-11.920,-0.02614035087719298245614035088,-3.157,-0.006923245614035087719298245614,-4.649,-0.01019517543859649122807017544
schedule_policy,exp08_confirmatory_n32_mixed_lognormal_11,32,mixed,lognormal,unique,11,io,8,,,,,,,,,-11.920,-0.02614035087719298245614035088,-3.157,-0.006923245614035087719298245614,-4.649,-0.01019517543859649122807017544
schedule_policy,exp08_confirmatory_n32_mixed_lognormal_11,32,mixed,lognormal,unique,11,equal_alternating,1,,,,,,,,,0.000,0,0,0,0,0
schedule_policy,exp08_confirmatory_n32_mixed_lognormal_11,32,mixed,lognormal,unique,11,equal_alternating,4,,,,,,,,,-5.053,-0.01108114035087719298245614035,-4.114,-0.009021929824561403508771929825,-5.863,-0.01285745614035087719298245614
schedule_policy,exp08_confirmatory_n32_mixed_lognormal_11,32,mixed,lognormal,unique,11,equal_alternating,8,,,,,,,,,-5.053,-0.01108114035087719298245614035,-4.114,-0.009021929824561403508771929825,-5.863,-0.01285745614035087719298245614
differentiated_slowdown,exp08_confirmatory_n32_mixed_lognormal_11,32,mixed,lognormal,unique,11,io,4,true,t01->t03->t05->t09->t13->t15->t19->t21->t22->t25->t27->t28->t30->t32 => t01->t03->t05->t09->t13->t15->t19->t21->t22->t25->t27->t28->t30->t32,11.9232,0.02564446692751618264972177199,11.9232,11.9232,11.923200,true,,,,,,
schedule_policy,exp08_confirmatory_n32_mixed_lognormal_12,32,mixed,lognormal,tied,12,io,1,,,,,,,,,0.000,0,0,0,0,0
schedule_policy,exp08_confirmatory_n32_mixed_lognormal_12,32,mixed,lognormal,tied,12,io,4,,,,,,,,,-1.056,-0.002514285714285714285714285714,4.512,0.01074285714285714285714285714,3.360,0.008
schedule_policy,exp08_confirmatory_n32_mixed_lognormal_12,32,mixed,lognormal,tied,12,io,8,,,,,,,,,-1.056,-0.002514285714285714285714285714,4.512,0.01074285714285714285714285714,3.360,0.008
schedule_policy,exp08_confirmatory_n32_mixed_lognormal_12,32,mixed,lognormal,tied,12,equal_alternating,1,,,,,,,,,0.000,0,0,0,0,0
schedule_policy,exp08_confirmatory_n32_mixed_lognormal_12,32,mixed,lognormal,tied,12,equal_alternating,4,,,,,,,,,-3.832,-0.009123809523809523809523809524,6.400,0.01523809523809523809523809524,5.616,0.01337142857142857142857142857
schedule_policy,exp08_confirmatory_n32_mixed_lognormal_12,32,mixed,lognormal,tied,12,equal_alternating,8,,,,,,,,,-3.832,-0.009123809523809523809523809524,6.400,0.01523809523809523809523809524,5.616,0.01337142857142857142857142857
differentiated_slowdown,exp08_confirmatory_n32_mixed_lognormal_12,32,mixed,lognormal,tied,12,io,4,false,t01->t03->t06->t08->t13->t14->t18->t20->t22->t25->t26->t29->t30->t32 => t01->t03->t06->t08->t13->t14->t18->t20->t23->t24->t27->t29->t30->t32,12.0960,0.02807799442896935933147632312,10.3680,10.3680,12.096000,true,,,,,,
schedule_policy,exp08_confirmatory_n32_mixed_lognormal_13,32,mixed,lognormal,unique,13,io,1,,,,,,,,,0.000,0,0,0,0,0
schedule_policy,exp08_confirmatory_n32_mixed_lognormal_13,32,mixed,lognormal,unique,13,io,4,,,,,,,,,-6.020,-0.01393518518518518518518518519,0.314,0.0007268518518518518518518518519,0.156,0.0003611111111111111111111111111
schedule_policy,exp08_confirmatory_n32_mixed_lognormal_13,32,mixed,lognormal,unique,13,io,8,,,,,,,,,-6.020,-0.01393518518518518518518518519,0.314,0.0007268518518518518518518518519,0.156,0.0003611111111111111111111111111
schedule_policy,exp08_confirmatory_n32_mixed_lognormal_13,32,mixed,lognormal,unique,13,equal_alternating,1,,,,,,,,,0.000,0,0,0,0,0
schedule_policy,exp08_confirmatory_n32_mixed_lognormal_13,32,mixed,lognormal,unique,13,equal_alternating,4,,,,,,,,,-4.831,-0.01118287037037037037037037037,-5.212,-0.01206481481481481481481481481,-6.242,-0.01444907407407407407407407407
schedule_policy,exp08_confirmatory_n32_mixed_lognormal_13,32,mixed,lognormal,unique,13,equal_alternating,8,,,,,,,,,-4.831,-0.01118287037037037037037037037,-5.212,-0.01206481481481481481481481481,-6.242,-0.01444907407407407407407407407
differentiated_slowdown,exp08_confirmatory_n32_mixed_lognormal_13,32,mixed,lognormal,unique,13,io,4,true,t01->t03->t05->t09->t12->t15->t19->t20->t23->t24->t27->t28->t31->t32 => t01->t03->t05->t09->t12->t15->t19->t20->t23->t24->t27->t28->t31->t32,11.4048,0.02588742890762894685232398510,11.4048,11.4048,11.404800,true,,,,,,
schedule_policy,exp08_confirmatory_n32_mixed_lognormal_14,32,mixed,lognormal,tied,14,io,1,,,,,,,,,0.000,0,0,0,0,0
schedule_policy,exp08_confirmatory_n32_mixed_lognormal_14,32,mixed,lognormal,tied,14,io,4,,,,,,,,,0.840,0.001944444444444444444444444444,6.110,0.01414351851851851851851851852,4.430,0.01025462962962962962962962963
schedule_policy,exp08_confirmatory_n32_mixed_lognormal_14,32,mixed,lognormal,tied,14,io,8,,,,,,,,,0.840,0.001944444444444444444444444444,6.110,0.01414351851851851851851851852,4.430,0.01025462962962962962962962963
schedule_policy,exp08_confirmatory_n32_mixed_lognormal_14,32,mixed,lognormal,tied,14,equal_alternating,1,,,,,,,,,0.000,0,0,0,0,0
schedule_policy,exp08_confirmatory_n32_mixed_lognormal_14,32,mixed,lognormal,tied,14,equal_alternating,4,,,,,,,,,-4.123,-0.009543981481481481481481481481,-2.822,-0.006532407407407407407407407407,-0.603,-0.001395833333333333333333333333
schedule_policy,exp08_confirmatory_n32_mixed_lognormal_14,32,mixed,lognormal,tied,14,equal_alternating,8,,,,,,,,,-4.123,-0.009543981481481481481481481481,-2.822,-0.006532407407407407407407407407,-0.603,-0.001395833333333333333333333333
differentiated_slowdown,exp08_confirmatory_n32_mixed_lognormal_14,32,mixed,lognormal,tied,14,io,4,false,t01->t02->t06->t09->t13->t16->t17->t20->t23->t25->t27->t29->t30->t32 => t01->t02->t07->t10->t11->t14->t18->t20->t23->t25->t27->t29->t30->t32,12.0960,0.02710526280407708328011326128,6.9078,6.9078,12.096000,true,,,,,,
schedule_policy,exp08_confirmatory_n32_mixed_lognormal_15,32,mixed,lognormal,tied,15,io,1,,,,,,,,,0.000,0,0,0,0,0
schedule_policy,exp08_confirmatory_n32_mixed_lognormal_15,32,mixed,lognormal,tied,15,io,4,,,,,,,,,-4.435,-0.009476495726495726495726495726,21.735,0.04644230769230769230769230769,14.532,0.03105128205128205128205128205
schedule_policy,exp08_confirmatory_n32_mixed_lognormal_15,32,mixed,lognormal,tied,15,io,8,,,,,,,,,-4.435,-0.009476495726495726495726495726,21.735,0.04644230769230769230769230769,14.532,0.03105128205128205128205128205
schedule_policy,exp08_confirmatory_n32_mixed_lognormal_15,32,mixed,lognormal,tied,15,equal_alternating,1,,,,,,,,,0.000,0,0,0,0,0
schedule_policy,exp08_confirmatory_n32_mixed_lognormal_15,32,mixed,lognormal,tied,15,equal_alternating,4,,,,,,,,,-5.445,-0.01163461538461538461538461538,-1.504,-0.003213675213675213675213675214,-2.366,-0.005055555555555555555555555556
schedule_policy,exp08_confirmatory_n32_mixed_lognormal_15,32,mixed,lognormal,tied,15,equal_alternating,8,,,,,,,,,-5.445,-0.01163461538461538461538461538,-1.504,-0.003213675213675213675213675214,-2.366,-0.005055555555555555555555555556
differentiated_slowdown,exp08_confirmatory_n32_mixed_lognormal_15,32,mixed,lognormal,tied,15,io,4,false,t01->t03->t06->t08->t11->t16->t17->t20->t23->t24->t26->t29->t31->t32 => t01->t03->t06->t08->t13->t16->t17->t20->t23->t24->t26->t29->t31->t32,12.6144,0.02637481746880033721227813991,11.8008,11.8008,12.614400,true,,,,,,
schedule_policy,exp08_confirmatory_n32_mixed_lognormal_16,32,mixed,lognormal,unique,16,io,1,,,,,,,,,0.000,0,0,0,0,0
schedule_policy,exp08_confirmatory_n32_mixed_lognormal_16,32,mixed,lognormal,unique,16,io,4,,,,,,,,,-6.275,-0.01452546296296296296296296296,6.186,0.01431944444444444444444444444,3.212,0.007435185185185185185185185185
schedule_policy,exp08_confirmatory_n32_mixed_lognormal_16,32,mixed,lognormal,unique,16,io,8,,,,,,,,,-6.275,-0.01452546296296296296296296296,6.186,0.01431944444444444444444444444,3.212,0.007435185185185185185185185185
schedule_policy,exp08_confirmatory_n32_mixed_lognormal_16,32,mixed,lognormal,unique,16,equal_alternating,1,,,,,,,,,0.000,0,0,0,0,0
schedule_policy,exp08_confirmatory_n32_mixed_lognormal_16,32,mixed,lognormal,unique,16,equal_alternating,4,,,,,,,,,-3.282,-0.007597222222222222222222222222,-1.915,-0.004432870370370370370370370370,-1.685,-0.003900462962962962962962962963
schedule_policy,exp08_confirmatory_n32_mixed_lognormal_16,32,mixed,lognormal,unique,16,equal_alternating,8,,,,,,,,,-3.282,-0.007597222222222222222222222222,-1.915,-0.004432870370370370370370370370,-1.685,-0.003900462962962962962962962963
differentiated_slowdown,exp08_confirmatory_n32_mixed_lognormal_16,32,mixed,lognormal,unique,16,io,4,true,t01->t03->t07->t09->t12->t15->t19->t20->t23->t24->t26->t28->t30->t32 => t01->t03->t07->t09->t12->t15->t19->t20->t23->t24->t26->t28->t30->t32,12.0960,0.02742409402546523016650342801,12.0960,12.0960,12.096000,true,,,,,,
schedule_policy,exp08_confirmatory_n32_mixed_lognormal_17,32,mixed,lognormal,tied,17,io,1,,,,,,,,,0.000,0,0,0,0,0
schedule_policy,exp08_confirmatory_n32_mixed_lognormal_17,32,mixed,lognormal,tied,17,io,4,,,,,,,,,-4.216,-0.007475177304964539007092198582,4.240,0.007517730496453900709219858156,0.851,0.001508865248226950354609929078
schedule_policy,exp08_confirmatory_n32_mixed_lognormal_17,32,mixed,lognormal,tied,17,io,8,,,,,,,,,-4.216,-0.007475177304964539007092198582,4.240,0.007517730496453900709219858156,0.851,0.001508865248226950354609929078
schedule_policy,exp08_confirmatory_n32_mixed_lognormal_17,32,mixed,lognormal,tied,17,equal_alternating,1,,,,,,,,,0.000,0,0,0,0,0
schedule_policy,exp08_confirmatory_n32_mixed_lognormal_17,32,mixed,lognormal,tied,17,equal_alternating,4,,,,,,,,,-3.677,-0.006519503546099290780141843972,3.707,0.006572695035460992907801418440,1.745,0.003093971631205673758865248227
schedule_policy,exp08_confirmatory_n32_mixed_lognormal_17,32,mixed,lognormal,tied,17,equal_alternating,8,,,,,,,,,-3.677,-0.006519503546099290780141843972,3.707,0.006572695035460992907801418440,1.745,0.003093971631205673758865248227
differentiated_slowdown,exp08_confirmatory_n32_mixed_lognormal_17,32,mixed,lognormal,tied,17,io,4,false,t01->t04->t05->t10->t12->t15->t17->t21->t22->t25->t26->t28->t30->t32 => t01->t04->t05->t10->t12->t15->t17->t21->t23->t25->t26->t28->t30->t32,13.6512,0.02372900623835490571026144980,12.5937,12.5937,13.651200,true,,,,,,
schedule_policy,exp08_confirmatory_n32_mixed_lognormal_18,32,mixed,lognormal,tied,18,io,1,,,,,,,,,0.000,0,0,0,0,0
schedule_policy,exp08_confirmatory_n32_mixed_lognormal_18,32,mixed,lognormal,tied,18,io,4,,,,,,,,,0.821,0.001800438596491228070175438596,1.327,0.002910087719298245614035087719,-2.652,-0.005815789473684210526315789474
schedule_policy,exp08_confirmatory_n32_mixed_lognormal_18,32,mixed,lognormal,tied,18,io,8,,,,,,,,,0.821,0.001800438596491228070175438596,1.327,0.002910087719298245614035087719,-2.652,-0.005815789473684210526315789474
schedule_policy,exp08_confirmatory_n32_mixed_lognormal_18,32,mixed,lognormal,tied,18,equal_alternating,1,,,,,,,,,0.000,0,0,0,0,0
schedule_policy,exp08_confirmatory_n32_mixed_lognormal_18,32,mixed,lognormal,tied,18,equal_alternating,4,,,,,,,,,0.606,0.001328947368421052631578947368,-4.173,-0.009151315789473684210526315789,-6.164,-0.01351754385964912280701754386
schedule_policy,exp08_confirmatory_n32_mixed_lognormal_18,32,mixed,lognormal,tied,18,equal_alternating,8,,,,,,,,,0.606,0.001328947368421052631578947368,-4.173,-0.009151315789473684210526315789,-6.164,-0.01351754385964912280701754386
differentiated_slowdown,exp08_confirmatory_n32_mixed_lognormal_18,32,mixed,lognormal,tied,18,io,4,false,t01->t03->t07->t10->t13->t14->t18->t20->t22->t25->t27->t29->t30->t32 => t01->t03->t07->t10->t13->t14->t18->t20->t22->t25->t26->t28->t31->t32,12.9600,0.02770040473369138671303919607,10.8168,10.8168,12.960000,true,,,,,,
schedule_policy,exp08_confirmatory_n32_mixed_lognormal_19,32,mixed,lognormal,tied,19,io,1,,,,,,,,,0.000,0,0,0,0,0
schedule_policy,exp08_confirmatory_n32_mixed_lognormal_19,32,mixed,lognormal,tied,19,io,4,,,,,,,,,-1.887,-0.004368055555555555555555555556,7.400,0.01712962962962962962962962963,5.652,0.01308333333333333333333333333
schedule_policy,exp08_confirmatory_n32_mixed_lognormal_19,32,mixed,lognormal,tied,19,io,8,,,,,,,,,-1.887,-0.004368055555555555555555555556,7.400,0.01712962962962962962962962963,5.652,0.01308333333333333333333333333
schedule_policy,exp08_confirmatory_n32_mixed_lognormal_19,32,mixed,lognormal,tied,19,equal_alternating,1,,,,,,,,,0.000,0,0,0,0,0
schedule_policy,exp08_confirmatory_n32_mixed_lognormal_19,32,mixed,lognormal,tied,19,equal_alternating,4,,,,,,,,,-3.911,-0.009053240740740740740740740741,-3.433,-0.007946759259259259259259259259,-3.048,-0.007055555555555555555555555556
schedule_policy,exp08_confirmatory_n32_mixed_lognormal_19,32,mixed,lognormal,tied,19,equal_alternating,8,,,,,,,,,-3.911,-0.009053240740740740740740740741,-3.433,-0.007946759259259259259259259259,-3.048,-0.007055555555555555555555555556
differentiated_slowdown,exp08_confirmatory_n32_mixed_lognormal_19,32,mixed,lognormal,tied,19,io,4,false,t01->t02->t06->t10->t11->t16->t17->t20->t22->t25->t27->t29->t31->t32 => t01->t02->t06->t10->t11->t16->t17->t21->t22->t25->t27->t29->t31->t32,11.2320,0.02547703086436134922109285847,10.7883,10.7883,11.232000,true,,,,,,
schedule_policy,exp08_confirmatory_n32_chain_like_homogeneous_00,32,chain_like,homogeneous,tied,0,io,1,,,,,,,,,0.000,0,0,0,0,0
schedule_policy,exp08_confirmatory_n32_chain_like_homogeneous_00,32,chain_like,homogeneous,tied,0,io,4,,,,,,,,,-1.728,-0.006,-1.728,-0.006,-1.728,-0.006
schedule_policy,exp08_confirmatory_n32_chain_like_homogeneous_00,32,chain_like,homogeneous,tied,0,io,8,,,,,,,,,-1.728,-0.006,-1.728,-0.006,-1.728,-0.006
schedule_policy,exp08_confirmatory_n32_chain_like_homogeneous_00,32,chain_like,homogeneous,tied,0,equal_alternating,1,,,,,,,,,0.000,0,0,0,0,0
schedule_policy,exp08_confirmatory_n32_chain_like_homogeneous_00,32,chain_like,homogeneous,tied,0,equal_alternating,4,,,,,,,,,-1.872,-0.0065,-1.584,-0.0055,-1.584,-0.0055
schedule_policy,exp08_confirmatory_n32_chain_like_homogeneous_00,32,chain_like,homogeneous,tied,0,equal_alternating,8,,,,,,,,,-1.872,-0.0065,-1.584,-0.0055,-1.584,-0.0055
differentiated_slowdown,exp08_confirmatory_n32_chain_like_homogeneous_00,32,chain_like,homogeneous,tied,0,io,4,false,t01->t02->t05->t06->t09->t11->t13->t15->t16->t18->t19->t20->t21->t22->t23->t24->t25->t26->t27->t28->t29->t30->t31->t32 => t01->t02->t05->t06->t09->t11->t13->t15->t16->t18->t19->t20->t21->t22->t23->t24->t25->t26->t27->t28->t29->t30->t31->t32,5.5296,0.01853281853281853281853281853,0.0000,0.0000,5.529600,true,,,,,,
schedule_policy,exp08_confirmatory_n32_chain_like_homogeneous_01,32,chain_like,homogeneous,tied,1,io,1,,,,,,,,,0.000,0,0,0,0,0
schedule_policy,exp08_confirmatory_n32_chain_like_homogeneous_01,32,chain_like,homogeneous,tied,1,io,4,,,,,,,,,-0.576,-0.002,2.304,0.008,2.304,0.008
schedule_policy,exp08_confirmatory_n32_chain_like_homogeneous_01,32,chain_like,homogeneous,tied,1,io,8,,,,,,,,,-0.576,-0.002,2.304,0.008,2.304,0.008
schedule_policy,exp08_confirmatory_n32_chain_like_homogeneous_01,32,chain_like,homogeneous,tied,1,equal_alternating,1,,,,,,,,,0.000,0,0,0,0,0
schedule_policy,exp08_confirmatory_n32_chain_like_homogeneous_01,32,chain_like,homogeneous,tied,1,equal_alternating,4,,,,,,,,,-1.440,-0.005,0.000,0,0.000,0
schedule_policy,exp08_confirmatory_n32_chain_like_homogeneous_01,32,chain_like,homogeneous,tied,1,equal_alternating,8,,,,,,,,,-1.440,-0.005,0.000,0,0.000,0
differentiated_slowdown,exp08_confirmatory_n32_chain_like_homogeneous_01,32,chain_like,homogeneous,tied,1,io,4,false,t01->t03->t04->t06->t09->t11->t12->t14->t17->t18->t19->t20->t21->t22->t23->t24->t25->t26->t27->t28->t29->t30->t31->t32 => t01->t03->t04->t06->t09->t11->t12->t14->t17->t18->t19->t20->t21->t22->t23->t24->t25->t26->t27->t28->t29->t30->t31->t32,5.5296,0.01840490797546012269938650307,-1.8432,-1.8432,5.529600,true,,,,,,
schedule_policy,exp08_confirmatory_n32_chain_like_homogeneous_02,32,chain_like,homogeneous,tied,2,io,1,,,,,,,,,0.000,0,0,0,0,0
schedule_policy,exp08_confirmatory_n32_chain_like_homogeneous_02,32,chain_like,homogeneous,tied,2,io,4,,,,,,,,,-2.976,-0.01033333333333333333333333333,-2.688,-0.009333333333333333333333333333,-2.688,-0.009333333333333333333333333333
schedule_policy,exp08_confirmatory_n32_chain_like_homogeneous_02,32,chain_like,homogeneous,tied,2,io,8,,,,,,,,,-2.976,-0.01033333333333333333333333333,-2.688,-0.009333333333333333333333333333,-2.688,-0.009333333333333333333333333333
schedule_policy,exp08_confirmatory_n32_chain_like_homogeneous_02,32,chain_like,homogeneous,tied,2,equal_alternating,1,,,,,,,,,0.000,0,0,0,0,0
schedule_policy,exp08_confirmatory_n32_chain_like_homogeneous_02,32,chain_like,homogeneous,tied,2,equal_alternating,4,,,,,,,,,-1.344,-0.004666666666666666666666666667,-1.056,-0.003666666666666666666666666667,-1.056,-0.003666666666666666666666666667
schedule_policy,exp08_confirmatory_n32_chain_like_homogeneous_02,32,chain_like,homogeneous,tied,2,equal_alternating,8,,,,,,,,,-1.344,-0.004666666666666666666666666667,-1.056,-0.003666666666666666666666666667,-1.056,-0.003666666666666666666666666667
differentiated_slowdown,exp08_confirmatory_n32_chain_like_homogeneous_02,32,chain_like,homogeneous,tied,2,io,4,false,t01->t03->t05->t06->t08->t10->t12->t15->t17->t18->t19->t20->t21->t22->t23->t24->t25->t26->t27->t28->t29->t30->t31->t32 => t01->t03->t05->t06->t08->t10->t12->t15->t17->t18->t19->t20->t21->t22->t23->t24->t25->t26->t27->t28->t29->t30->t31->t32,5.5296,0.01859744285160790391321193336,0.9216,0.9216,5.529600,true,,,,,,
schedule_policy,exp08_confirmatory_n32_chain_like_homogeneous_03,32,chain_like,homogeneous,tied,3,io,1,,,,,,,,,0.000,0,0,0,0,0
schedule_policy,exp08_confirmatory_n32_chain_like_homogeneous_03,32,chain_like,homogeneous,tied,3,io,4,,,,,,,,,-3.648,-0.01266666666666666666666666667,-1.056,-0.003666666666666666666666666667,-1.056,-0.003666666666666666666666666667
schedule_policy,exp08_confirmatory_n32_chain_like_homogeneous_03,32,chain_like,homogeneous,tied,3,io,8,,,,,,,,,-3.648,-0.01266666666666666666666666667,-1.056,-0.003666666666666666666666666667,-1.056,-0.003666666666666666666666666667
schedule_policy,exp08_confirmatory_n32_chain_like_homogeneous_03,32,chain_like,homogeneous,tied,3,equal_alternating,1,,,,,,,,,0.000,0,0,0,0,0
schedule_policy,exp08_confirmatory_n32_chain_like_homogeneous_03,32,chain_like,homogeneous,tied,3,equal_alternating,4,,,,,,,,,-2.400,-0.008333333333333333333333333333,-0.960,-0.003333333333333333333333333333,-0.960,-0.003333333333333333333333333333
schedule_policy,exp08_confirmatory_n32_chain_like_homogeneous_03,32,chain_like,homogeneous,tied,3,equal_alternating,8,,,,,,,,,-2.400,-0.008333333333333333333333333333,-0.960,-0.003333333333333333333333333333,-0.960,-0.003333333333333333333333333333
differentiated_slowdown,exp08_confirmatory_n32_chain_like_homogeneous_03,32,chain_like,homogeneous,tied,3,io,4,false,t01->t03->t04->t06->t09->t11->t12->t14->t17->t18->t19->t20->t21->t22->t23->t24->t25->t26->t27->t28->t29->t30->t31->t32 => t01->t03->t04->t06->t09->t11->t12->t14->t17->t18->t19->t20->t21->t22->t23->t24->t25->t26->t27->t28->t29->t30->t31->t32,5.5296,0.01846864178530203924586379377,-0.9216,-0.9216,5.529600,true,,,,,,
schedule_policy,exp08_confirmatory_n32_chain_like_homogeneous_04,32,chain_like,homogeneous,tied,4,io,1,,,,,,,,,0.000,0,0,0,0,0
schedule_policy,exp08_confirmatory_n32_chain_like_homogeneous_04,32,chain_like,homogeneous,tied,4,io,4,,,,,,,,,-0.288,-0.001,2.880,0.01,2.880,0.01
schedule_policy,exp08_confirmatory_n32_chain_like_homogeneous_04,32,chain_like,homogeneous,tied,4,io,8,,,,,,,,,-0.288,-0.001,2.880,0.01,2.880,0.01
schedule_policy,exp08_confirmatory_n32_chain_like_homogeneous_04,32,chain_like,homogeneous,tied,4,equal_alternating,1,,,,,,,,,0.000,0,0,0,0,0
schedule_policy,exp08_confirmatory_n32_chain_like_homogeneous_04,32,chain_like,homogeneous,tied,4,equal_alternating,4,,,,,,,,,-1.728,-0.006,0.144,0.0005,0.144,0.0005
schedule_policy,exp08_confirmatory_n32_chain_like_homogeneous_04,32,chain_like,homogeneous,tied,4,equal_alternating,8,,,,,,,,,-1.728,-0.006,0.144,0.0005,0.144,0.0005
differentiated_slowdown,exp08_confirmatory_n32_chain_like_homogeneous_04,32,chain_like,homogeneous,tied,4,io,4,false,t01->t03->t04->t06->t08->t11->t13->t15->t17->t18->t19->t20->t21->t22->t23->t24->t25->t26->t27->t28->t29->t30->t31->t32 => t01->t03->t04->t06->t08->t11->t13->t15->t17->t18->t19->t20->t21->t22->t23->t24->t25->t26->t27->t28->t29->t30->t31->t32,5.5296,0.01846864178530203924586379377,-0.9216,-0.9216,5.529600,true,,,,,,
schedule_policy,exp08_confirmatory_n32_chain_like_homogeneous_05,32,chain_like,homogeneous,tied,5,io,1,,,,,,,,,0.000,0,0,0,0,0
schedule_policy,exp08_confirmatory_n32_chain_like_homogeneous_05,32,chain_like,homogeneous,tied,5,io,4,,,,,,,,,-2.208,-0.007666666666666666666666666667,-1.056,-0.003666666666666666666666666667,-1.056,-0.003666666666666666666666666667
schedule_policy,exp08_confirmatory_n32_chain_like_homogeneous_05,32,chain_like,homogeneous,tied,5,io,8,,,,,,,,,-2.208,-0.007666666666666666666666666667,-1.056,-0.003666666666666666666666666667,-1.056,-0.003666666666666666666666666667
schedule_policy,exp08_confirmatory_n32_chain_like_homogeneous_05,32,chain_like,homogeneous,tied,5,equal_alternating,1,,,,,,,,,0.000,0,0,0,0,0
schedule_policy,exp08_confirmatory_n32_chain_like_homogeneous_05,32,chain_like,homogeneous,tied,5,equal_alternating,4,,,,,,,,,-0.960,-0.003333333333333333333333333333,-0.240,-0.0008333333333333333333333333333,-0.240,-0.0008333333333333333333333333333
schedule_policy,exp08_confirmatory_n32_chain_like_homogeneous_05,32,chain_like,homogeneous,tied,5,equal_alternating,8,,,,,,,,,-0.960,-0.003333333333333333333333333333,-0.240,-0.0008333333333333333333333333333,-0.240,-0.0008333333333333333333333333333
differentiated_slowdown,exp08_confirmatory_n32_chain_like_homogeneous_05,32,chain_like,homogeneous,tied,5,io,4,false,t01->t02->t04->t06->t09->t11->t13->t15->t16->t18->t19->t20->t21->t22->t23->t24->t25->t26->t27->t28->t29->t30->t31->t32 => t01->t02->t04->t06->t09->t11->t13->t15->t16->t18->t19->t20->t21->t22->t23->t24->t25->t26->t27->t28->t29->t30->t31->t32,5.5296,0.01853281853281853281853281853,0.0000,0.0000,5.529600,true,,,,,,
schedule_policy,exp08_confirmatory_n32_chain_like_homogeneous_06,32,chain_like,homogeneous,tied,6,io,1,,,,,,,,,0.000,0,0,0,0,0
schedule_policy,exp08_confirmatory_n32_chain_like_homogeneous_06,32,chain_like,homogeneous,tied,6,io,4,,,,,,,,,0.864,0.003,3.456,0.012,3.456,0.012
schedule_policy,exp08_confirmatory_n32_chain_like_homogeneous_06,32,chain_like,homogeneous,tied,6,io,8,,,,,,,,,0.864,0.003,3.456,0.012,3.456,0.012
schedule_policy,exp08_confirmatory_n32_chain_like_homogeneous_06,32,chain_like,homogeneous,tied,6,equal_alternating,1,,,,,,,,,0.000,0,0,0,0,0
schedule_policy,exp08_confirmatory_n32_chain_like_homogeneous_06,32,chain_like,homogeneous,tied,6,equal_alternating,4,,,,,,,,,-1.296,-0.0045,0.000,0,0.000,0
schedule_policy,exp08_confirmatory_n32_chain_like_homogeneous_06,32,chain_like,homogeneous,tied,6,equal_alternating,8,,,,,,,,,-1.296,-0.0045,0.000,0,0.000,0
differentiated_slowdown,exp08_confirmatory_n32_chain_like_homogeneous_06,32,chain_like,homogeneous,tied,6,io,4,false,t01->t02->t05->t06->t09->t10->t12->t14->t17->t18->t19->t20->t21->t22->t23->t24->t25->t26->t27->t28->t29->t30->t31->t32 => t01->t02->t05->t06->t09->t10->t12->t14->t17->t18->t19->t20->t21->t22->t23->t24->t25->t26->t27->t28->t29->t30->t31->t32,5.5296,0.01846864178530203924586379377,-0.9216,-0.9216,5.529600,true,,,,,,
schedule_policy,exp08_confirmatory_n32_chain_like_homogeneous_07,32,chain_like,homogeneous,tied,7,io,1,,,,,,,,,0.000,0,0,0,0,0
schedule_policy,exp08_confirmatory_n32_chain_like_homogeneous_07,32,chain_like,homogeneous,tied,7,io,4,,,,,,,,,-4.608,-0.016,-1.152,-0.004,-1.152,-0.004
schedule_policy,exp08_confirmatory_n32_chain_like_homogeneous_07,32,chain_like,homogeneous,tied,7,io,8,,,,,,,,,-4.608,-0.016,-1.152,-0.004,-1.152,-0.004
schedule_policy,exp08_confirmatory_n32_chain_like_homogeneous_07,32,chain_like,homogeneous,tied,7,equal_alternating,1,,,,,,,,,0.000,0,0,0,0,0
schedule_policy,exp08_confirmatory_n32_chain_like_homogeneous_07,32,chain_like,homogeneous,tied,7,equal_alternating,4,,,,,,,,,-2.736,-0.0095,-0.864,-0.003,-0.864,-0.003
schedule_policy,exp08_confirmatory_n32_chain_like_homogeneous_07,32,chain_like,homogeneous,tied,7,equal_alternating,8,,,,,,,,,-2.736,-0.0095,-0.864,-0.003,-0.864,-0.003
differentiated_slowdown,exp08_confirmatory_n32_chain_like_homogeneous_07,32,chain_like,homogeneous,tied,7,io,4,false,t01->t02->t05->t07->t09->t10->t12->t14->t16->t18->t19->t20->t21->t22->t23->t24->t25->t26->t27->t28->t29->t30->t31->t32 => t01->t02->t05->t07->t09->t10->t12->t14->t16->t18->t19->t20->t21->t22->t23->t24->t25->t26->t27->t28->t29->t30->t31->t32,5.5296,0.01846864178530203924586379377,-0.9216,-0.9216,5.529600,true,,,,,,
schedule_policy,exp08_confirmatory_n32_chain_like_homogeneous_08,32,chain_like,homogeneous,tied,8,io,1,,,,,,,,,0.000,0,0,0,0,0
schedule_policy,exp08_confirmatory_n32_chain_like_homogeneous_08,32,chain_like,homogeneous,tied,8,io,4,,,,,,,,,-1.728,-0.006,2.880,0.01,2.880,0.01
schedule_policy,exp08_confirmatory_n32_chain_like_homogeneous_08,32,chain_like,homogeneous,tied,8,io,8,,,,,,,,,-1.728,-0.006,2.880,0.01,2.880,0.01
schedule_policy,exp08_confirmatory_n32_chain_like_homogeneous_08,32,chain_like,homogeneous,tied,8,equal_alternating,1,,,,,,,,,0.000,0,0,0,0,0
schedule_policy,exp08_confirmatory_n32_chain_like_homogeneous_08,32,chain_like,homogeneous,tied,8,equal_alternating,4,,,,,,,,,-2.592,-0.009,-0.144,-0.0005,-0.144,-0.0005
schedule_policy,exp08_confirmatory_n32_chain_like_homogeneous_08,32,chain_like,homogeneous,tied,8,equal_alternating,8,,,,,,,,,-2.592,-0.009,-0.144,-0.0005,-0.144,-0.0005
differentiated_slowdown,exp08_confirmatory_n32_chain_like_homogeneous_08,32,chain_like,homogeneous,tied,8,io,4,false,t01->t03->t05->t07->t09->t10->t13->t14->t17->t18->t19->t20->t21->t22->t23->t24->t25->t26->t27->t28->t29->t30->t31->t32 => t01->t03->t05->t07->t09->t10->t13->t14->t17->t18->t19->t20->t21->t22->t23->t24->t25->t26->t27->t28->t29->t30->t31->t32,5.5296,0.01840490797546012269938650307,-1.8432,-1.8432,5.529600,true,,,,,,
schedule_policy,exp08_confirmatory_n32_chain_like_homogeneous_09,32,chain_like,homogeneous,tied,9,io,1,,,,,,,,,0.000,0,0,0,0,0
schedule_policy,exp08_confirmatory_n32_chain_like_homogeneous_09,32,chain_like,homogeneous,tied,9,io,4,,,,,,,,,-0.672,-0.002333333333333333333333333333,-0.672,-0.002333333333333333333333333333,-0.672,-0.002333333333333333333333333333
schedule_policy,exp08_confirmatory_n32_chain_like_homogeneous_09,32,chain_like,homogeneous,tied,9,io,8,,,,,,,,,-0.672,-0.002333333333333333333333333333,-0.672,-0.002333333333333333333333333333,-0.672,-0.002333333333333333333333333333
schedule_policy,exp08_confirmatory_n32_chain_like_homogeneous_09,32,chain_like,homogeneous,tied,9,equal_alternating,1,,,,,,,,,0.000,0,0,0,0,0
schedule_policy,exp08_confirmatory_n32_chain_like_homogeneous_09,32,chain_like,homogeneous,tied,9,equal_alternating,4,,,,,,,,,-2.640,-0.009166666666666666666666666667,-2.496,-0.008666666666666666666666666667,-2.496,-0.008666666666666666666666666667
schedule_policy,exp08_confirmatory_n32_chain_like_homogeneous_09,32,chain_like,homogeneous,tied,9,equal_alternating,8,,,,,,,,,-2.640,-0.009166666666666666666666666667,-2.496,-0.008666666666666666666666666667,-2.496,-0.008666666666666666666666666667
differentiated_slowdown,exp08_confirmatory_n32_chain_like_homogeneous_09,32,chain_like,homogeneous,tied,9,io,4,false,t01->t02->t05->t06->t09->t10->t12->t14->t17->t18->t19->t20->t21->t22->t23->t24->t25->t26->t27->t28->t29->t30->t31->t32 => t01->t02->t05->t06->t09->t10->t12->t14->t17->t18->t19->t20->t21->t22->t23->t24->t25->t26->t27->t28->t29->t30->t31->t32,5.5296,0.01859744285160790391321193336,0.9216,0.9216,5.529600,true,,,,,,
schedule_policy,exp08_confirmatory_n32_chain_like_homogeneous_10,32,chain_like,homogeneous,tied,10,io,1,,,,,,,,,0.000,0,0,0,0,0
schedule_policy,exp08_confirmatory_n32_chain_like_homogeneous_10,32,chain_like,homogeneous,tied,10,io,4,,,,,,,,,-3.168,-0.011,-0.576,-0.002,-0.576,-0.002
schedule_policy,exp08_confirmatory_n32_chain_like_homogeneous_10,32,chain_like,homogeneous,tied,10,io,8,,,,,,,,,-3.168,-0.011,-0.576,-0.002,-0.576,-0.002
schedule_policy,exp08_confirmatory_n32_chain_like_homogeneous_10,32,chain_like,homogeneous,tied,10,equal_alternating,1,,,,,,,,,0.000,0,0,0,0,0
schedule_policy,exp08_confirmatory_n32_chain_like_homogeneous_10,32,chain_like,homogeneous,tied,10,equal_alternating,4,,,,,,,,,-1.440,-0.005,0.288,0.001,0.288,0.001
schedule_policy,exp08_confirmatory_n32_chain_like_homogeneous_10,32,chain_like,homogeneous,tied,10,equal_alternating,8,,,,,,,,,-1.440,-0.005,0.288,0.001,0.288,0.001
differentiated_slowdown,exp08_confirmatory_n32_chain_like_homogeneous_10,32,chain_like,homogeneous,tied,10,io,4,false,t01->t03->t04->t07->t08->t11->t13->t15->t17->t18->t19->t20->t21->t22->t23->t24->t25->t26->t27->t28->t29->t30->t31->t32 => t01->t03->t04->t07->t08->t11->t13->t15->t17->t18->t19->t20->t21->t22->t23->t24->t25->t26->t27->t28->t29->t30->t31->t32,5.5296,0.01846864178530203924586379377,-0.9216,-0.9216,5.529600,true,,,,,,
schedule_policy,exp08_confirmatory_n32_chain_like_homogeneous_11,32,chain_like,homogeneous,tied,11,io,1,,,,,,,,,0.000,0,0,0,0,0
schedule_policy,exp08_confirmatory_n32_chain_like_homogeneous_11,32,chain_like,homogeneous,tied,11,io,4,,,,,,,,,-2.016,-0.007,-2.592,-0.009,-2.592,-0.009
schedule_policy,exp08_confirmatory_n32_chain_like_homogeneous_11,32,chain_like,homogeneous,tied,11,io,8,,,,,,,,,-2.016,-0.007,-2.592,-0.009,-2.592,-0.009
schedule_policy,exp08_confirmatory_n32_chain_like_homogeneous_11,32,chain_like,homogeneous,tied,11,equal_alternating,1,,,,,,,,,0.000,0,0,0,0,0
schedule_policy,exp08_confirmatory_n32_chain_like_homogeneous_11,32,chain_like,homogeneous,tied,11,equal_alternating,4,,,,,,,,,-0.864,-0.003,-1.008,-0.0035,-1.008,-0.0035
schedule_policy,exp08_confirmatory_n32_chain_like_homogeneous_11,32,chain_like,homogeneous,tied,11,equal_alternating,8,,,,,,,,,-0.864,-0.003,-1.008,-0.0035,-1.008,-0.0035
differentiated_slowdown,exp08_confirmatory_n32_chain_like_homogeneous_11,32,chain_like,homogeneous,tied,11,io,4,false,t01->t03->t04->t07->t08->t11->t13->t14->t17->t18->t19->t20->t21->t22->t23->t24->t25->t26->t27->t28->t29->t30->t31->t32 => t01->t03->t04->t07->t08->t11->t13->t14->t17->t18->t19->t20->t21->t22->t23->t24->t25->t26->t27->t28->t29->t30->t31->t32,5.5296,0.01846864178530203924586379377,-0.9216,-0.9216,5.529600,true,,,,,,
schedule_policy,exp08_confirmatory_n32_chain_like_homogeneous_12,32,chain_like,homogeneous,tied,12,io,1,,,,,,,,,0.000,0,0,0,0,0
schedule_policy,exp08_confirmatory_n32_chain_like_homogeneous_12,32,chain_like,homogeneous,tied,12,io,4,,,,,,,,,-2.208,-0.007666666666666666666666666667,-1.920,-0.006666666666666666666666666667,-1.920,-0.006666666666666666666666666667
schedule_policy,exp08_confirmatory_n32_chain_like_homogeneous_12,32,chain_like,homogeneous,tied,12,io,8,,,,,,,,,-2.208,-0.007666666666666666666666666667,-1.920,-0.006666666666666666666666666667,-1.920,-0.006666666666666666666666666667
schedule_policy,exp08_confirmatory_n32_chain_like_homogeneous_12,32,chain_like,homogeneous,tied,12,equal_alternating,1,,,,,,,,,0.000,0,0,0,0,0
schedule_policy,exp08_confirmatory_n32_chain_like_homogeneous_12,32,chain_like,homogeneous,tied,12,equal_alternating,4,,,,,,,,,-0.960,-0.003333333333333333333333333333,-0.672,-0.002333333333333333333333333333,-0.672,-0.002333333333333333333333333333
schedule_policy,exp08_confirmatory_n32_chain_like_homogeneous_12,32,chain_like,homogeneous,tied,12,equal_alternating,8,,,,,,,,,-0.960,-0.003333333333333333333333333333,-0.672,-0.002333333333333333333333333333,-0.672,-0.002333333333333333333333333333
differentiated_slowdown,exp08_confirmatory_n32_chain_like_homogeneous_12,32,chain_like,homogeneous,tied,12,io,4,false,t01->t02->t04->t06->t09->t11->t13->t15->t17->t18->t19->t20->t21->t22->t23->t24->t25->t26->t27->t28->t29->t30->t31->t32 => t01->t02->t04->t06->t09->t11->t13->t15->t17->t18->t19->t20->t21->t22->t23->t24->t25->t26->t27->t28->t29->t30->t31->t32,5.5296,0.01846864178530203924586379377,-0.9216,-0.9216,5.529600,true,,,,,,
schedule_policy,exp08_confirmatory_n32_chain_like_homogeneous_13,32,chain_like,homogeneous,tied,13,io,1,,,,,,,,,0.000,0,0,0,0,0
schedule_policy,exp08_confirmatory_n32_chain_like_homogeneous_13,32,chain_like,homogeneous,tied,13,io,4,,,,,,,,,1.440,0.005,5.760,0.02,5.760,0.02
schedule_policy,exp08_confirmatory_n32_chain_like_homogeneous_13,32,chain_like,homogeneous,tied,13,io,8,,,,,,,,,1.440,0.005,5.760,0.02,5.760,0.02
schedule_policy,exp08_confirmatory_n32_chain_like_homogeneous_13,32,chain_like,homogeneous,tied,13,equal_alternating,1,,,,,,,,,0.000,0,0,0,0,0
schedule_policy,exp08_confirmatory_n32_chain_like_homogeneous_13,32,chain_like,homogeneous,tied,13,equal_alternating,4,,,,,,,,,0.288,0.001,2.592,0.009,2.592,0.009
schedule_policy,exp08_confirmatory_n32_chain_like_homogeneous_13,32,chain_like,homogeneous,tied,13,equal_alternating,8,,,,,,,,,0.288,0.001,2.592,0.009,2.592,0.009
differentiated_slowdown,exp08_confirmatory_n32_chain_like_homogeneous_13,32,chain_like,homogeneous,tied,13,io,4,false,t01->t03->t04->t07->t09->t10->t12->t15->t17->t18->t19->t20->t21->t22->t23->t24->t25->t26->t27->t28->t29->t30->t31->t32 => t01->t03->t04->t07->t09->t10->t12->t15->t17->t18->t19->t20->t21->t22->t23->t24->t25->t26->t27->t28->t29->t30->t31->t32,5.5296,0.01840490797546012269938650307,-1.8432,-1.8432,5.529600,true,,,,,,
schedule_policy,exp08_confirmatory_n32_chain_like_homogeneous_14,32,chain_like,homogeneous,tied,14,io,1,,,,,,,,,0.000,0,0,0,0,0
schedule_policy,exp08_confirmatory_n32_chain_like_homogeneous_14,32,chain_like,homogeneous,tied,14,io,4,,,,,,,,,-2.976,-0.01033333333333333333333333333,-2.976,-0.01033333333333333333333333333,-2.976,-0.01033333333333333333333333333
schedule_policy,exp08_confirmatory_n32_chain_like_homogeneous_14,32,chain_like,homogeneous,tied,14,io,8,,,,,,,,,-2.976,-0.01033333333333333333333333333,-2.976,-0.01033333333333333333333333333,-2.976,-0.01033333333333333333333333333
schedule_policy,exp08_confirmatory_n32_chain_like_homogeneous_14,32,chain_like,homogeneous,tied,14,equal_alternating,1,,,,,,,,,0.000,0,0,0,0,0
schedule_policy,exp08_confirmatory_n32_chain_like_homogeneous_14,32,chain_like,homogeneous,tied,14,equal_alternating,4,,,,,,,,,-1.920,-0.006666666666666666666666666667,-1.776,-0.006166666666666666666666666667,-1.776,-0.006166666666666666666666666667
schedule_policy,exp08_confirmatory_n32_chain_like_homogeneous_14,32,chain_like,homogeneous,tied,14,equal_alternating,8,,,,,,,,,-1.920,-0.006666666666666666666666666667,-1.776,-0.006166666666666666666666666667,-1.776,-0.006166666666666666666666666667
differentiated_slowdown,exp08_confirmatory_n32_chain_like_homogeneous_14,32,chain_like,homogeneous,tied,14,io,4,false,t01->t03->t04->t06->t09->t11->t12->t14->t17->t18->t19->t20->t21->t22->t23->t24->t25->t26->t27->t28->t29->t30->t31->t32 => t01->t03->t04->t06->t09->t11->t12->t14->t17->t18->t19->t20->t21->t22->t23->t24->t25->t26->t27->t28->t29->t30->t31->t32,5.5296,0.01866251944012441679626749611,1.8432,1.8432,5.529600,true,,,,,,
schedule_policy,exp08_confirmatory_n32_chain_like_homogeneous_15,32,chain_like,homogeneous,tied,15,io,1,,,,,,,,,0.000,0,0,0,0,0
schedule_policy,exp08_confirmatory_n32_chain_like_homogeneous_15,32,chain_like,homogeneous,tied,15,io,4,,,,,,,,,-3.552,-0.01233333333333333333333333333,-3.264,-0.01133333333333333333333333333,-3.264,-0.01133333333333333333333333333
schedule_policy,exp08_confirmatory_n32_chain_like_homogeneous_15,32,chain_like,homogeneous,tied,15,io,8,,,,,,,,,-3.552,-0.01233333333333333333333333333,-3.264,-0.01133333333333333333333333333,-3.264,-0.01133333333333333333333333333
schedule_policy,exp08_confirmatory_n32_chain_like_homogeneous_15,32,chain_like,homogeneous,tied,15,equal_alternating,1,,,,,,,,,0.000,0,0,0,0,0
schedule_policy,exp08_confirmatory_n32_chain_like_homogeneous_15,32,chain_like,homogeneous,tied,15,equal_alternating,4,,,,,,,,,-2.352,-0.008166666666666666666666666667,-1.920,-0.006666666666666666666666666667,-1.920,-0.006666666666666666666666666667
schedule_policy,exp08_confirmatory_n32_chain_like_homogeneous_15,32,chain_like,homogeneous,tied,15,equal_alternating,8,,,,,,,,,-2.352,-0.008166666666666666666666666667,-1.920,-0.006666666666666666666666666667,-1.920,-0.006666666666666666666666666667
differentiated_slowdown,exp08_confirmatory_n32_chain_like_homogeneous_15,32,chain_like,homogeneous,tied,15,io,4,false,t01->t02->t05->t06->t08->t11->t12->t15->t17->t18->t19->t20->t21->t22->t23->t24->t25->t26->t27->t28->t29->t30->t31->t32 => t01->t02->t05->t06->t08->t11->t12->t15->t17->t18->t19->t20->t21->t22->t23->t24->t25->t26->t27->t28->t29->t30->t31->t32,5.5296,0.01859744285160790391321193336,0.9216,0.9216,5.529600,true,,,,,,
schedule_policy,exp08_confirmatory_n32_chain_like_homogeneous_16,32,chain_like,homogeneous,tied,16,io,1,,,,,,,,,0.000,0,0,0,0,0
schedule_policy,exp08_confirmatory_n32_chain_like_homogeneous_16,32,chain_like,homogeneous,tied,16,io,4,,,,,,,,,-2.496,-0.008666666666666666666666666667,-0.480,-0.001666666666666666666666666667,-0.480,-0.001666666666666666666666666667
schedule_policy,exp08_confirmatory_n32_chain_like_homogeneous_16,32,chain_like,homogeneous,tied,16,io,8,,,,,,,,,-2.496,-0.008666666666666666666666666667,-0.480,-0.001666666666666666666666666667,-0.480,-0.001666666666666666666666666667
schedule_policy,exp08_confirmatory_n32_chain_like_homogeneous_16,32,chain_like,homogeneous,tied,16,equal_alternating,1,,,,,,,,,0.000,0,0,0,0,0
schedule_policy,exp08_confirmatory_n32_chain_like_homogeneous_16,32,chain_like,homogeneous,tied,16,equal_alternating,4,,,,,,,,,-1.248,-0.004333333333333333333333333333,-0.096,-0.0003333333333333333333333333333,-0.096,-0.0003333333333333333333333333333
schedule_policy,exp08_confirmatory_n32_chain_like_homogeneous_16,32,chain_like,homogeneous,tied,16,equal_alternating,8,,,,,,,,,-1.248,-0.004333333333333333333333333333,-0.096,-0.0003333333333333333333333333333,-0.096,-0.0003333333333333333333333333333
differentiated_slowdown,exp08_confirmatory_n32_chain_like_homogeneous_16,32,chain_like,homogeneous,tied,16,io,4,false,t01->t02->t04->t07->t09->t10->t12->t15->t17->t18->t19->t20->t21->t22->t23->t24->t25->t26->t27->t28->t29->t30->t31->t32 => t01->t02->t04->t07->t09->t10->t12->t15->t17->t18->t19->t20->t21->t22->t23->t24->t25->t26->t27->t28->t29->t30->t31->t32,5.5296,0.01840490797546012269938650307,-1.8432,-1.8432,5.529600,true,,,,,,
schedule_policy,exp08_confirmatory_n32_chain_like_homogeneous_17,32,chain_like,homogeneous,tied,17,io,1,,,,,,,,,0.000,0,0,0,0,0
schedule_policy,exp08_confirmatory_n32_chain_like_homogeneous_17,32,chain_like,homogeneous,tied,17,io,4,,,,,,,,,-1.344,-0.004666666666666666666666666667,0.672,0.002333333333333333333333333333,0.672,0.002333333333333333333333333333
schedule_policy,exp08_confirmatory_n32_chain_like_homogeneous_17,32,chain_like,homogeneous,tied,17,io,8,,,,,,,,,-1.344,-0.004666666666666666666666666667,0.672,0.002333333333333333333333333333,0.672,0.002333333333333333333333333333
schedule_policy,exp08_confirmatory_n32_chain_like_homogeneous_17,32,chain_like,homogeneous,tied,17,equal_alternating,1,,,,,,,,,0.000,0,0,0,0,0
schedule_policy,exp08_confirmatory_n32_chain_like_homogeneous_17,32,chain_like,homogeneous,tied,17,equal_alternating,4,,,,,,,,,-1.104,-0.003833333333333333333333333333,0.192,0.0006666666666666666666666666667,0.192,0.0006666666666666666666666666667
schedule_policy,exp08_confirmatory_n32_chain_like_homogeneous_17,32,chain_like,homogeneous,tied,17,equal_alternating,8,,,,,,,,,-1.104,-0.003833333333333333333333333333,0.192,0.0006666666666666666666666666667,0.192,0.0006666666666666666666666666667
differentiated_slowdown,exp08_confirmatory_n32_chain_like_homogeneous_17,32,chain_like,homogeneous,tied,17,io,4,false,t01->t03->t05->t07->t08->t10->t12->t14->t17->t18->t19->t20->t21->t22->t23->t24->t25->t26->t27->t28->t29->t30->t31->t32 => t01->t03->t05->t07->t08->t10->t12->t14->t17->t18->t19->t20->t21->t22->t23->t24->t25->t26->t27->t28->t29->t30->t31->t32,5.5296,0.01853281853281853281853281853,0.0000,0.0000,5.529600,true,,,,,,
schedule_policy,exp08_confirmatory_n32_chain_like_homogeneous_18,32,chain_like,homogeneous,tied,18,io,1,,,,,,,,,0.000,0,0,0,0,0
schedule_policy,exp08_confirmatory_n32_chain_like_homogeneous_18,32,chain_like,homogeneous,tied,18,io,4,,,,,,,,,-4.704,-0.01633333333333333333333333333,-3.552,-0.01233333333333333333333333333,-3.552,-0.01233333333333333333333333333
schedule_policy,exp08_confirmatory_n32_chain_like_homogeneous_18,32,chain_like,homogeneous,tied,18,io,8,,,,,,,,,-4.704,-0.01633333333333333333333333333,-3.552,-0.01233333333333333333333333333,-3.552,-0.01233333333333333333333333333
schedule_policy,exp08_confirmatory_n32_chain_like_homogeneous_18,32,chain_like,homogeneous,tied,18,equal_alternating,1,,,,,,,,,0.000,0,0,0,0,0
schedule_policy,exp08_confirmatory_n32_chain_like_homogeneous_18,32,chain_like,homogeneous,tied,18,equal_alternating,4,,,,,,,,,-2.352,-0.008166666666666666666666666667,-1.632,-0.005666666666666666666666666667,-1.632,-0.005666666666666666666666666667
schedule_policy,exp08_confirmatory_n32_chain_like_homogeneous_18,32,chain_like,homogeneous,tied,18,equal_alternating,8,,,,,,,,,-2.352,-0.008166666666666666666666666667,-1.632,-0.005666666666666666666666666667,-1.632,-0.005666666666666666666666666667
differentiated_slowdown,exp08_confirmatory_n32_chain_like_homogeneous_18,32,chain_like,homogeneous,tied,18,io,4,false,t01->t02->t04->t06->t08->t10->t12->t14->t17->t18->t19->t20->t21->t22->t23->t24->t25->t26->t27->t28->t29->t30->t31->t32 => t01->t02->t04->t06->t08->t10->t12->t14->t17->t18->t19->t20->t21->t22->t23->t24->t25->t26->t27->t28->t29->t30->t31->t32,5.5296,0.01853281853281853281853281853,0.0000,0.0000,5.529600,true,,,,,,
schedule_policy,exp08_confirmatory_n32_chain_like_homogeneous_19,32,chain_like,homogeneous,tied,19,io,1,,,,,,,,,0.000,0,0,0,0,0
schedule_policy,exp08_confirmatory_n32_chain_like_homogeneous_19,32,chain_like,homogeneous,tied,19,io,4,,,,,,,,,-3.168,-0.011,-2.592,-0.009,-2.592,-0.009
schedule_policy,exp08_confirmatory_n32_chain_like_homogeneous_19,32,chain_like,homogeneous,tied,19,io,8,,,,,,,,,-3.168,-0.011,-2.592,-0.009,-2.592,-0.009
schedule_policy,exp08_confirmatory_n32_chain_like_homogeneous_19,32,chain_like,homogeneous,tied,19,equal_alternating,1,,,,,,,,,0.000,0,0,0,0,0
schedule_policy,exp08_confirmatory_n32_chain_like_homogeneous_19,32,chain_like,homogeneous,tied,19,equal_alternating,4,,,,,,,,,-2.736,-0.0095,-2.304,-0.008,-2.304,-0.008
schedule_policy,exp08_confirmatory_n32_chain_like_homogeneous_19,32,chain_like,homogeneous,tied,19,equal_alternating,8,,,,,,,,,-2.736,-0.0095,-2.304,-0.008,-2.304,-0.008
differentiated_slowdown,exp08_confirmatory_n32_chain_like_homogeneous_19,32,chain_like,homogeneous,tied,19,io,4,false,t01->t02->t04->t07->t08->t10->t13->t15->t17->t18->t19->t20->t21->t22->t23->t24->t25->t26->t27->t28->t29->t30->t31->t32 => t01->t02->t04->t07->t08->t10->t13->t15->t17->t18->t19->t20->t21->t22->t23->t24->t25->t26->t27->t28->t29->t30->t31->t32,5.5296,0.01840490797546012269938650307,-1.8432,-1.8432,5.529600,true,,,,,,
schedule_policy,exp08_confirmatory_n32_chain_like_lognormal_00,32,chain_like,lognormal,tied,0,io,1,,,,,,,,,0.000,0,0,0,0,0
schedule_policy,exp08_confirmatory_n32_chain_like_lognormal_00,32,chain_like,lognormal,tied,0,io,4,,,,,,,,,-3.545,-0.004764784946236559139784946237,1.138,0.001529569892473118279569892473,1.138,0.001529569892473118279569892473
schedule_policy,exp08_confirmatory_n32_chain_like_lognormal_00,32,chain_like,lognormal,tied,0,io,8,,,,,,,,,-3.545,-0.004764784946236559139784946237,1.138,0.001529569892473118279569892473,1.138,0.001529569892473118279569892473
schedule_policy,exp08_confirmatory_n32_chain_like_lognormal_00,32,chain_like,lognormal,tied,0,equal_alternating,1,,,,,,,,,0.000,0,0,0,0,0
schedule_policy,exp08_confirmatory_n32_chain_like_lognormal_00,32,chain_like,lognormal,tied,0,equal_alternating,4,,,,,,,,,-7.299,-0.009810483870967741935483870968,-0.115,-0.0001545698924731182795698924731,-0.115,-0.0001545698924731182795698924731
schedule_policy,exp08_confirmatory_n32_chain_like_lognormal_00,32,chain_like,lognormal,tied,0,equal_alternating,8,,,,,,,,,-7.299,-0.009810483870967741935483870968,-0.115,-0.0001545698924731182795698924731,-0.115,-0.0001545698924731182795698924731
differentiated_slowdown,exp08_confirmatory_n32_chain_like_lognormal_00,32,chain_like,lognormal,tied,0,io,4,false,t01->t02->t05->t07->t09->t11->t13->t15->t17->t18->t19->t20->t21->t22->t23->t24->t25->t26->t27->t28->t29->t30->t31->t32 => t01->t02->t05->t07->t09->t11->t13->t15->t17->t18->t19->t20->t21->t22->t23->t24->t25->t26->t27->t28->t29->t30->t31->t32,12.4416,0.01647113024552596252373046953,10.9965,10.9965,12.441600,true,,,,,,
schedule_policy,exp08_confirmatory_n32_chain_like_lognormal_01,32,chain_like,lognormal,tied,1,io,1,,,,,,,,,0.000,0,0,0,0,0
schedule_policy,exp08_confirmatory_n32_chain_like_lognormal_01,32,chain_like,lognormal,tied,1,io,4,,,,,,,,,-4.469,-0.006896604938271604938271604938,-6.101,-0.009415123456790123456790123457,-6.101,-0.009415123456790123456790123457
schedule_policy,exp08_confirmatory_n32_chain_like_lognormal_01,32,chain_like,lognormal,tied,1,io,8,,,,,,,,,-4.469,-0.006896604938271604938271604938,-6.101,-0.009415123456790123456790123457,-6.101,-0.009415123456790123456790123457
schedule_policy,exp08_confirmatory_n32_chain_like_lognormal_01,32,chain_like,lognormal,tied,1,equal_alternating,1,,,,,,,,,0.000,0,0,0,0,0
schedule_policy,exp08_confirmatory_n32_chain_like_lognormal_01,32,chain_like,lognormal,tied,1,equal_alternating,4,,,,,,,,,-8.174,-0.01261419753086419753086419753,-9.126,-0.01408333333333333333333333333,-9.126,-0.01408333333333333333333333333
schedule_policy,exp08_confirmatory_n32_chain_like_lognormal_01,32,chain_like,lognormal,tied,1,equal_alternating,8,,,,,,,,,-8.174,-0.01261419753086419753086419753,-9.126,-0.01408333333333333333333333333,-9.126,-0.01408333333333333333333333333
differentiated_slowdown,exp08_confirmatory_n32_chain_like_lognormal_01,32,chain_like,lognormal,tied,1,io,4,false,t01->t03->t04->t06->t09->t11->t13->t14->t16->t18->t19->t20->t21->t22->t23->t24->t25->t26->t27->t28->t29->t30->t31->t32 => t01->t03->t04->t06->t09->t11->t13->t14->t16->t18->t19->t20->t21->t22->t23->t24->t25->t26->t27->t28->t29->t30->t31->t32,11.7504,0.01743937537400621206508420483,-1.9893,-1.9893,11.750400,true,,,,,,
schedule_policy,exp08_confirmatory_n32_chain_like_lognormal_02,32,chain_like,lognormal,unique,2,io,1,,,,,,,,,0.000,0,0,0,0,0
schedule_policy,exp08_confirmatory_n32_chain_like_lognormal_02,32,chain_like,lognormal,unique,2,io,4,,,,,,,,,0.000,0,6.384,0.008866666666666666666666666667,6.384,0.008866666666666666666666666667
schedule_policy,exp08_confirmatory_n32_chain_like_lognormal_02,32,chain_like,lognormal,unique,2,io,8,,,,,,,,,0.000,0,6.384,0.008866666666666666666666666667,6.384,0.008866666666666666666666666667
schedule_policy,exp08_confirmatory_n32_chain_like_lognormal_02,32,chain_like,lognormal,unique,2,equal_alternating,1,,,,,,,,,0.000,0,0,0,0,0
schedule_policy,exp08_confirmatory_n32_chain_like_lognormal_02,32,chain_like,lognormal,unique,2,equal_alternating,4,,,,,,,,,-1.428,-0.001983333333333333333333333333,4.200,0.005833333333333333333333333333,4.200,0.005833333333333333333333333333
schedule_policy,exp08_confirmatory_n32_chain_like_lognormal_02,32,chain_like,lognormal,unique,2,equal_alternating,8,,,,,,,,,-1.428,-0.001983333333333333333333333333,4.200,0.005833333333333333333333333333,4.200,0.005833333333333333333333333333
differentiated_slowdown,exp08_confirmatory_n32_chain_like_lognormal_02,32,chain_like,lognormal,unique,2,io,4,true,t01->t03->t05->t07->t09->t11->t13->t15->t16->t18->t19->t20->t21->t22->t23->t24->t25->t26->t27->t28->t29->t30->t31->t32 => t01->t03->t05->t07->t09->t11->t13->t15->t16->t18->t19->t20->t21->t22->t23->t24->t25->t26->t27->t28->t29->t30->t31->t32,12.0960,0.01659095397985384159589176378,12.0960,12.0960,12.096000,true,,,,,,
schedule_policy,exp08_confirmatory_n32_chain_like_lognormal_03,32,chain_like,lognormal,tied,3,io,1,,,,,,,,,0.000,0,0,0,0,0
schedule_policy,exp08_confirmatory_n32_chain_like_lognormal_03,32,chain_like,lognormal,tied,3,io,4,,,,,,,,,-4.376,-0.006077777777777777777777777778,-2.244,-0.003116666666666666666666666667,-2.244,-0.003116666666666666666666666667
schedule_policy,exp08_confirmatory_n32_chain_like_lognormal_03,32,chain_like,lognormal,tied,3,io,8,,,,,,,,,-4.376,-0.006077777777777777777777777778,-2.244,-0.003116666666666666666666666667,-2.244,-0.003116666666666666666666666667
schedule_policy,exp08_confirmatory_n32_chain_like_lognormal_03,32,chain_like,lognormal,tied,3,equal_alternating,1,,,,,,,,,0.000,0,0,0,0,0
schedule_policy,exp08_confirmatory_n32_chain_like_lognormal_03,32,chain_like,lognormal,tied,3,equal_alternating,4,,,,,,,,,-8.674,-0.01204722222222222222222222222,-7.811,-0.01084861111111111111111111111,-7.811,-0.01084861111111111111111111111
schedule_policy,exp08_confirmatory_n32_chain_like_lognormal_03,32,chain_like,lognormal,tied,3,equal_alternating,8,,,,,,,,,-8.674,-0.01204722222222222222222222222,-7.811,-0.01084861111111111111111111111,-7.811,-0.01084861111111111111111111111
differentiated_slowdown,exp08_confirmatory_n32_chain_like_lognormal_03,32,chain_like,lognormal,tied,3,io,4,false,t01->t03->t04->t06->t09->t10->t13->t15->t17->t18->t19->t20->t21->t22->t23->t24->t25->t26->t27->t28->t29->t30->t31->t32 => t01->t03->t04->t06->t09->t10->t13->t15->t17->t18->t19->t20->t21->t22->t23->t24->t25->t26->t27->t28->t29->t30->t31->t32,12.7872,0.01745770528490414726989897434,10.5345,10.5345,12.787200,true,,,,,,
schedule_policy,exp08_confirmatory_n32_chain_like_lognormal_04,32,chain_like,lognormal,unique,4,io,1,,,,,,,,,0.000,0,0,0,0,0
schedule_policy,exp08_confirmatory_n32_chain_like_lognormal_04,32,chain_like,lognormal,unique,4,io,4,,,,,,,,,-0.748,-0.001272108843537414965986394558,2.118,0.003602040816326530612244897959,2.118,0.003602040816326530612244897959
schedule_policy,exp08_confirmatory_n32_chain_like_lognormal_04,32,chain_like,lognormal,unique,4,io,8,,,,,,,,,-0.748,-0.001272108843537414965986394558,2.118,0.003602040816326530612244897959,2.118,0.003602040816326530612244897959
schedule_policy,exp08_confirmatory_n32_chain_like_lognormal_04,32,chain_like,lognormal,unique,4,equal_alternating,1,,,,,,,,,0.000,0,0,0,0,0
schedule_policy,exp08_confirmatory_n32_chain_like_lognormal_04,32,chain_like,lognormal,unique,4,equal_alternating,4,,,,,,,,,-6.723,-0.01143367346938775510204081633,-1.558,-0.002649659863945578231292517007,-1.558,-0.002649659863945578231292517007
schedule_policy,exp08_confirmatory_n32_chain_like_lognormal_04,32,chain_like,lognormal,unique,4,equal_alternating,8,,,,,,,,,-6.723,-0.01143367346938775510204081633,-1.558,-0.002649659863945578231292517007,-1.558,-0.002649659863945578231292517007
differentiated_slowdown,exp08_confirmatory_n32_chain_like_lognormal_04,32,chain_like,lognormal,unique,4,io,4,true,t01->t03->t04->t07->t09->t11->t12->t15->t16->t18->t19->t20->t21->t22->t23->t24->t25->t26->t27->t28->t29->t30->t31->t32 => t01->t03->t04->t07->t09->t11->t12->t15->t16->t18->t19->t20->t21->t22->t23->t24->t25->t26->t27->t28->t29->t30->t31->t32,10.5408,0.01768870774162887544604380291,10.5408,10.5408,10.540800,true,,,,,,
schedule_policy,exp08_confirmatory_n32_chain_like_lognormal_05,32,chain_like,lognormal,tied,5,io,1,,,,,,,,,0.000,0,0,0,0,0
schedule_policy,exp08_confirmatory_n32_chain_like_lognormal_05,32,chain_like,lognormal,tied,5,io,4,,,,,,,,,-4.517,-0.007102201257861635220125786164,1.125,0.001768867924528301886792452830,1.125,0.001768867924528301886792452830
schedule_policy,exp08_confirmatory_n32_chain_like_lognormal_05,32,chain_like,lognormal,tied,5,io,8,,,,,,,,,-4.517,-0.007102201257861635220125786164,1.125,0.001768867924528301886792452830,1.125,0.001768867924528301886792452830
schedule_policy,exp08_confirmatory_n32_chain_like_lognormal_05,32,chain_like,lognormal,tied,5,equal_alternating,1,,,,,,,,,0.000,0,0,0,0,0
schedule_policy,exp08_confirmatory_n32_chain_like_lognormal_05,32,chain_like,lognormal,tied,5,equal_alternating,4,,,,,,,,,-4.474,-0.007034591194968553459119496855,-1.202,-0.001889937106918238993710691824,-1.202,-0.001889937106918238993710691824
schedule_policy,exp08_confirmatory_n32_chain_like_lognormal_05,32,chain_like,lognormal,tied,5,equal_alternating,8,,,,,,,,,-4.474,-0.007034591194968553459119496855,-1.202,-0.001889937106918238993710691824,-1.202,-0.001889937106918238993710691824
differentiated_slowdown,exp08_confirmatory_n32_chain_like_lognormal_05,32,chain_like,lognormal,tied,5,io,4,false,t01->t03->t04->t07->t09->t11->t12->t14->t16->t18->t19->t20->t21->t22->t23->t24->t25->t26->t27->t28->t29->t30->t31->t32 => t01->t03->t04->t07->t09->t11->t12->t14->t16->t18->t19->t20->t21->t22->t23->t24->t25->t26->t27->t28->t29->t30->t31->t32,11.4048,0.01765647620095945782133685943,10.3125,10.3125,11.404800,true,,,,,,
schedule_policy,exp08_confirmatory_n32_chain_like_lognormal_06,32,chain_like,lognormal,unique,6,io,1,,,,,,,,,0.000,0,0,0,0,0
schedule_policy,exp08_confirmatory_n32_chain_like_lognormal_06,32,chain_like,lognormal,unique,6,io,4,,,,,,,,,-3.966,-0.005508333333333333333333333333,2.578,0.003580555555555555555555555556,2.578,0.003580555555555555555555555556
schedule_policy,exp08_confirmatory_n32_chain_like_lognormal_06,32,chain_like,lognormal,unique,6,io,8,,,,,,,,,-3.966,-0.005508333333333333333333333333,2.578,0.003580555555555555555555555556,2.578,0.003580555555555555555555555556
schedule_policy,exp08_confirmatory_n32_chain_like_lognormal_06,32,chain_like,lognormal,unique,6,equal_alternating,1,,,,,,,,,0.000,0,0,0,0,0
schedule_policy,exp08_confirmatory_n32_chain_like_lognormal_06,32,chain_like,lognormal,unique,6,equal_alternating,4,,,,,,,,,-4.594,-0.006380555555555555555555555556,-1.334,-0.001852777777777777777777777778,-1.334,-0.001852777777777777777777777778
schedule_policy,exp08_confirmatory_n32_chain_like_lognormal_06,32,chain_like,lognormal,unique,6,equal_alternating,8,,,,,,,,,-4.594,-0.006380555555555555555555555556,-1.334,-0.001852777777777777777777777778,-1.334,-0.001852777777777777777777777778
differentiated_slowdown,exp08_confirmatory_n32_chain_like_lognormal_06,32,chain_like,lognormal,unique,6,io,4,true,t01->t02->t05->t07->t09->t11->t13->t14->t17->t18->t19->t20->t21->t22->t23->t24->t25->t26->t27->t28->t29->t30->t31->t32 => t01->t02->t05->t07->t09->t11->t13->t14->t17->t18->t19->t20->t21->t22->t23->t24->t25->t26->t27->t28->t29->t30->t31->t32,13.1328,0.01799384421119090837345118775,13.1328,13.1328,13.132800,true,,,,,,
schedule_policy,exp08_confirmatory_n32_chain_like_lognormal_07,32,chain_like,lognormal,tied,7,io,1,,,,,,,,,0.000,0,0,0,0,0
schedule_policy,exp08_confirmatory_n32_chain_like_lognormal_07,32,chain_like,lognormal,tied,7,io,4,,,,,,,,,-10.759,-0.01691666666666666666666666667,-9.682,-0.01522327044025157232704402516,-9.682,-0.01522327044025157232704402516
schedule_policy,exp08_confirmatory_n32_chain_like_lognormal_07,32,chain_like,lognormal,tied,7,io,8,,,,,,,,,-10.759,-0.01691666666666666666666666667,-9.682,-0.01522327044025157232704402516,-9.682,-0.01522327044025157232704402516
schedule_policy,exp08_confirmatory_n32_chain_like_lognormal_07,32,chain_like,lognormal,tied,7,equal_alternating,1,,,,,,,,,0.000,0,0,0,0,0
schedule_policy,exp08_confirmatory_n32_chain_like_lognormal_07,32,chain_like,lognormal,tied,7,equal_alternating,4,,,,,,,,,-13.127,-0.02063993710691823899371069182,-12.290,-0.01932389937106918238993710692,-12.290,-0.01932389937106918238993710692
schedule_policy,exp08_confirmatory_n32_chain_like_lognormal_07,32,chain_like,lognormal,tied,7,equal_alternating,8,,,,,,,,,-13.127,-0.02063993710691823899371069182,-12.290,-0.01932389937106918238993710692,-12.290,-0.01932389937106918238993710692
differentiated_slowdown,exp08_confirmatory_n32_chain_like_lognormal_07,32,chain_like,lognormal,tied,7,io,4,false,t01->t02->t05->t06->t08->t10->t12->t15->t16->t18->t19->t20->t21->t22->t23->t24->t25->t26->t27->t28->t29->t30->t31->t32 => t01->t02->t05->t06->t08->t10->t12->t15->t16->t18->t19->t20->t21->t22->t23->t24->t25->t26->t27->t28->t29->t30->t31->t32,11.4048,0.01750752621915079103015599548,5.9430,5.9430,11.404800,true,,,,,,
schedule_policy,exp08_confirmatory_n32_chain_like_lognormal_08,32,chain_like,lognormal,tied,8,io,1,,,,,,,,,0.000,0,0,0,0,0
schedule_policy,exp08_confirmatory_n32_chain_like_lognormal_08,32,chain_like,lognormal,tied,8,io,4,,,,,,,,,-15.853,-0.02064192708333333333333333333,-13.845,-0.01802734375,-13.845,-0.01802734375
schedule_policy,exp08_confirmatory_n32_chain_like_lognormal_08,32,chain_like,lognormal,tied,8,io,8,,,,,,,,,-15.853,-0.02064192708333333333333333333,-13.845,-0.01802734375,-13.845,-0.01802734375
schedule_policy,exp08_confirmatory_n32_chain_like_lognormal_08,32,chain_like,lognormal,tied,8,equal_alternating,1,,,,,,,,,0.000,0,0,0,0,0
schedule_policy,exp08_confirmatory_n32_chain_like_lognormal_08,32,chain_like,lognormal,tied,8,equal_alternating,4,,,,,,,,,-19.448,-0.02532291666666666666666666667,-18.591,-0.02420703125,-18.591,-0.02420703125
schedule_policy,exp08_confirmatory_n32_chain_like_lognormal_08,32,chain_like,lognormal,tied,8,equal_alternating,8,,,,,,,,,-19.448,-0.02532291666666666666666666667,-18.591,-0.02420703125,-18.591,-0.02420703125
differentiated_slowdown,exp08_confirmatory_n32_chain_like_lognormal_08,32,chain_like,lognormal,tied,8,io,4,false,t01->t03->t04->t07->t08->t10->t12->t15->t16->t18->t19->t20->t21->t22->t23->t24->t25->t26->t27->t28->t29->t30->t31->t32 => t01->t03->t04->t07->t08->t10->t12->t15->t16->t18->t19->t20->t21->t22->t23->t24->t25->t26->t27->t28->t29->t30->t31->t32,13.6512,0.01747680206476986419222024212,11.4042,11.4042,13.651200,true,,,,,,
schedule_policy,exp08_confirmatory_n32_chain_like_lognormal_09,32,chain_like,lognormal,unique,9,io,1,,,,,,,,,0.000,0,0,0,0,0
schedule_policy,exp08_confirmatory_n32_chain_like_lognormal_09,32,chain_like,lognormal,unique,9,io,4,,,,,,,,,-6.721,-0.007568693693693693693693693694,-2.879,-0.003242117117117117117117117117,-2.879,-0.003242117117117117117117117117
schedule_policy,exp08_confirmatory_n32_chain_like_lognormal_09,32,chain_like,lognormal,unique,9,io,8,,,,,,,,,-6.721,-0.007568693693693693693693693694,-2.879,-0.003242117117117117117117117117,-2.879,-0.003242117117117117117117117117
schedule_policy,exp08_confirmatory_n32_chain_like_lognormal_09,32,chain_like,lognormal,unique,9,equal_alternating,1,,,,,,,,,0.000,0,0,0,0,0
schedule_policy,exp08_confirmatory_n32_chain_like_lognormal_09,32,chain_like,lognormal,unique,9,equal_alternating,4,,,,,,,,,-6.752,-0.007603603603603603603603603604,-3.352,-0.003774774774774774774774774775,-3.352,-0.003774774774774774774774774775
schedule_policy,exp08_confirmatory_n32_chain_like_lognormal_09,32,chain_like,lognormal,unique,9,equal_alternating,8,,,,,,,,,-6.752,-0.007603603603603603603603603604,-3.352,-0.003774774774774774774774774775,-3.352,-0.003774774774774774774774774775
differentiated_slowdown,exp08_confirmatory_n32_chain_like_lognormal_09,32,chain_like,lognormal,unique,9,io,4,false,t01->t02->t04->t06->t09->t10->t12->t15->t17->t18->t19->t20->t21->t22->t23->t24->t25->t26->t27->t28->t29->t30->t31->t32 => t01->t03->t05->t07->t08->t11->t13->t14->t17->t18->t19->t20->t21->t22->t23->t24->t25->t26->t27->t28->t29->t30->t31->t32,15.5520,0.01707778198353298591379475629,4.5591,4.5591,15.552000,true,,,,,,
schedule_policy,exp08_confirmatory_n32_chain_like_lognormal_10,32,chain_like,lognormal,unique,10,io,1,,,,,,,,,0.000,0,0,0,0,0
schedule_policy,exp08_confirmatory_n32_chain_like_lognormal_10,32,chain_like,lognormal,unique,10,io,4,,,,,,,,,-2.422,-0.003540935672514619883040935673,0.088,0.0001286549707602339181286549708,0.088,0.0001286549707602339181286549708
schedule_policy,exp08_confirmatory_n32_chain_like_lognormal_10,32,chain_like,lognormal,unique,10,io,8,,,,,,,,,-2.422,-0.003540935672514619883040935673,0.088,0.0001286549707602339181286549708,0.088,0.0001286549707602339181286549708
schedule_policy,exp08_confirmatory_n32_chain_like_lognormal_10,32,chain_like,lognormal,unique,10,equal_alternating,1,,,,,,,,,0.000,0,0,0,0,0
schedule_policy,exp08_confirmatory_n32_chain_like_lognormal_10,32,chain_like,lognormal,unique,10,equal_alternating,4,,,,,,,,,-5.237,-0.007656432748538011695906432749,-1.891,-0.002764619883040935672514619883,-1.891,-0.002764619883040935672514619883
schedule_policy,exp08_confirmatory_n32_chain_like_lognormal_10,32,chain_like,lognormal,unique,10,equal_alternating,8,,,,,,,,,-5.237,-0.007656432748538011695906432749,-1.891,-0.002764619883040935672514619883,-1.891,-0.002764619883040935672514619883
differentiated_slowdown,exp08_confirmatory_n32_chain_like_lognormal_10,32,chain_like,lognormal,unique,10,io,4,true,t01->t02->t05->t07->t09->t10->t12->t15->t16->t18->t19->t20->t21->t22->t23->t24->t25->t26->t27->t28->t29->t30->t31->t32 => t01->t02->t05->t07->t09->t10->t12->t15->t16->t18->t19->t20->t21->t22->t23->t24->t25->t26->t27->t28->t29->t30->t31->t32,12.2688,0.01769874737738631878518456968,12.2688,12.2688,12.268800,true,,,,,,
schedule_policy,exp08_confirmatory_n32_chain_like_lognormal_11,32,chain_like,lognormal,unique,11,io,1,,,,,,,,,0.000,0,0,0,0,0
schedule_policy,exp08_confirmatory_n32_chain_like_lognormal_11,32,chain_like,lognormal,unique,11,io,4,,,,,,,,,-5.730,-0.007346153846153846153846153846,0.563,0.0007217948717948717948717948718,0.563,0.0007217948717948717948717948718
schedule_policy,exp08_confirmatory_n32_chain_like_lognormal_11,32,chain_like,lognormal,unique,11,io,8,,,,,,,,,-5.730,-0.007346153846153846153846153846,0.563,0.0007217948717948717948717948718,0.563,0.0007217948717948717948717948718
schedule_policy,exp08_confirmatory_n32_chain_like_lognormal_11,32,chain_like,lognormal,unique,11,equal_alternating,1,,,,,,,,,0.000,0,0,0,0,0
schedule_policy,exp08_confirmatory_n32_chain_like_lognormal_11,32,chain_like,lognormal,unique,11,equal_alternating,4,,,,,,,,,-6.870,-0.008807692307692307692307692308,-2.922,-0.003746153846153846153846153846,-2.922,-0.003746153846153846153846153846
schedule_policy,exp08_confirmatory_n32_chain_like_lognormal_11,32,chain_like,lognormal,unique,11,equal_alternating,8,,,,,,,,,-6.870,-0.008807692307692307692307692308,-2.922,-0.003746153846153846153846153846,-2.922,-0.003746153846153846153846153846
differentiated_slowdown,exp08_confirmatory_n32_chain_like_lognormal_11,32,chain_like,lognormal,unique,11,io,4,true,t01->t03->t04->t06->t09->t10->t13->t14->t17->t18->t19->t20->t21->t22->t23->t24->t25->t26->t27->t28->t29->t30->t31->t32 => t01->t03->t04->t06->t09->t10->t13->t14->t17->t18->t19->t20->t21->t22->t23->t24->t25->t26->t27->t28->t29->t30->t31->t32,13.8240,0.01749058666342766913640228349,13.8240,13.8240,13.824000,true,,,,,,
schedule_policy,exp08_confirmatory_n32_chain_like_lognormal_12,32,chain_like,lognormal,unique,12,io,1,,,,,,,,,0.000,0,0,0,0,0
schedule_policy,exp08_confirmatory_n32_chain_like_lognormal_12,32,chain_like,lognormal,unique,12,io,4,,,,,,,,,-1.251,-0.001797413793103448275862068966,4.110,0.005905172413793103448275862069,4.110,0.005905172413793103448275862069
schedule_policy,exp08_confirmatory_n32_chain_like_lognormal_12,32,chain_like,lognormal,unique,12,io,8,,,,,,,,,-1.251,-0.001797413793103448275862068966,4.110,0.005905172413793103448275862069,4.110,0.005905172413793103448275862069
schedule_policy,exp08_confirmatory_n32_chain_like_lognormal_12,32,chain_like,lognormal,unique,12,equal_alternating,1,,,,,,,,,0.000,0,0,0,0,0
schedule_policy,exp08_confirmatory_n32_chain_like_lognormal_12,32,chain_like,lognormal,unique,12,equal_alternating,4,,,,,,,,,-3.179,-0.004567528735632183908045977011,-0.874,-0.001255747126436781609195402299,-0.874,-0.001255747126436781609195402299
schedule_policy,exp08_confirmatory_n32_chain_like_lognormal_12,32,chain_like,lognormal,unique,12,equal_alternating,8,,,,,,,,,-3.179,-0.004567528735632183908045977011,-0.874,-0.001255747126436781609195402299,-0.874,-0.001255747126436781609195402299
differentiated_slowdown,exp08_confirmatory_n32_chain_like_lognormal_12,32,chain_like,lognormal,unique,12,io,4,true,t01->t03->t05->t06->t08->t10->t13->t14->t16->t18->t19->t20->t21->t22->t23->t24->t25->t26->t27->t28->t29->t30->t31->t32 => t01->t03->t05->t06->t08->t10->t13->t14->t16->t18->t19->t20->t21->t22->t23->t24->t25->t26->t27->t28->t29->t30->t31->t32,12.4416,0.01763937282229965156794425087,12.4416,12.4416,12.441600,true,,,,,,
schedule_policy,exp08_confirmatory_n32_chain_like_lognormal_13,32,chain_like,lognormal,tied,13,io,1,,,,,,,,,0.000,0,0,0,0,0
schedule_policy,exp08_confirmatory_n32_chain_like_lognormal_13,32,chain_like,lognormal,tied,13,io,4,,,,,,,,,-2.635,-0.003921130952380952380952380952,-1.194,-0.001776785714285714285714285714,-1.194,-0.001776785714285714285714285714
schedule_policy,exp08_confirmatory_n32_chain_like_lognormal_13,32,chain_like,lognormal,tied,13,io,8,,,,,,,,,-2.635,-0.003921130952380952380952380952,-1.194,-0.001776785714285714285714285714,-1.194,-0.001776785714285714285714285714
schedule_policy,exp08_confirmatory_n32_chain_like_lognormal_13,32,chain_like,lognormal,tied,13,equal_alternating,1,,,,,,,,,0.000,0,0,0,0,0
schedule_policy,exp08_confirmatory_n32_chain_like_lognormal_13,32,chain_like,lognormal,tied,13,equal_alternating,4,,,,,,,,,-11.580,-0.01723214285714285714285714286,-9.090,-0.01352678571428571428571428571,-9.090,-0.01352678571428571428571428571
schedule_policy,exp08_confirmatory_n32_chain_like_lognormal_13,32,chain_like,lognormal,tied,13,equal_alternating,8,,,,,,,,,-11.580,-0.01723214285714285714285714286,-9.090,-0.01352678571428571428571428571,-9.090,-0.01352678571428571428571428571
differentiated_slowdown,exp08_confirmatory_n32_chain_like_lognormal_13,32,chain_like,lognormal,tied,13,io,4,false,t01->t02->t04->t06->t08->t10->t13->t14->t17->t18->t19->t20->t21->t22->t23->t24->t25->t26->t27->t28->t29->t30->t31->t32 => t01->t02->t04->t06->t08->t10->t13->t14->t17->t18->t19->t20->t21->t22->t23->t24->t25->t26->t27->t28->t29->t30->t31->t32,12.2688,0.01777904528057121095400645847,5.0100,5.0100,12.268800,true,,,,,,
schedule_policy,exp08_confirmatory_n32_chain_like_lognormal_14,32,chain_like,lognormal,unique,14,io,1,,,,,,,,,0.000,0,0,0,0,0
schedule_policy,exp08_confirmatory_n32_chain_like_lognormal_14,32,chain_like,lognormal,unique,14,io,4,,,,,,,,,-2.928,-0.003935483870967741935483870968,2.404,0.003231182795698924731182795699,2.404,0.003231182795698924731182795699
schedule_policy,exp08_confirmatory_n32_chain_like_lognormal_14,32,chain_like,lognormal,unique,14,io,8,,,,,,,,,-2.928,-0.003935483870967741935483870968,2.404,0.003231182795698924731182795699,2.404,0.003231182795698924731182795699
schedule_policy,exp08_confirmatory_n32_chain_like_lognormal_14,32,chain_like,lognormal,unique,14,equal_alternating,1,,,,,,,,,0.000,0,0,0,0,0
schedule_policy,exp08_confirmatory_n32_chain_like_lognormal_14,32,chain_like,lognormal,unique,14,equal_alternating,4,,,,,,,,,-6.006,-0.008072580645161290322580645161,-2.203,-0.002961021505376344086021505376,-2.203,-0.002961021505376344086021505376
schedule_policy,exp08_confirmatory_n32_chain_like_lognormal_14,32,chain_like,lognormal,unique,14,equal_alternating,8,,,,,,,,,-6.006,-0.008072580645161290322580645161,-2.203,-0.002961021505376344086021505376,-2.203,-0.002961021505376344086021505376
differentiated_slowdown,exp08_confirmatory_n32_chain_like_lognormal_14,32,chain_like,lognormal,unique,14,io,4,true,t01->t03->t05->t06->t08->t10->t13->t14->t17->t18->t19->t20->t21->t22->t23->t24->t25->t26->t27->t28->t29->t30->t31->t32 => t01->t03->t05->t06->t08->t10->t13->t14->t17->t18->t19->t20->t21->t22->t23->t24->t25->t26->t27->t28->t29->t30->t31->t32,12.6144,0.01674194596454122098986436985,12.6144,12.6144,12.614400,true,,,,,,
schedule_policy,exp08_confirmatory_n32_chain_like_lognormal_15,32,chain_like,lognormal,tied,15,io,1,,,,,,,,,0.000,0,0,0,0,0
schedule_policy,exp08_confirmatory_n32_chain_like_lognormal_15,32,chain_like,lognormal,tied,15,io,4,,,,,,,,,-0.010,-0.00001243781094527363184079601990,7.773,0.009667910447761194029850746269,7.773,0.009667910447761194029850746269
schedule_policy,exp08_confirmatory_n32_chain_like_lognormal_15,32,chain_like,lognormal,tied,15,io,8,,,,,,,,,-0.010,-0.00001243781094527363184079601990,7.773,0.009667910447761194029850746269,7.773,0.009667910447761194029850746269
schedule_policy,exp08_confirmatory_n32_chain_like_lognormal_15,32,chain_like,lognormal,tied,15,equal_alternating,1,,,,,,,,,0.000,0,0,0,0,0
schedule_policy,exp08_confirmatory_n32_chain_like_lognormal_15,32,chain_like,lognormal,tied,15,equal_alternating,4,,,,,,,,,-13.786,-0.01714676616915422885572139303,-8.718,-0.01084328358208955223880597015,-8.718,-0.01084328358208955223880597015
schedule_policy,exp08_confirmatory_n32_chain_like_lognormal_15,32,chain_like,lognormal,tied,15,equal_alternating,8,,,,,,,,,-13.786,-0.01714676616915422885572139303,-8.718,-0.01084328358208955223880597015,-8.718,-0.01084328358208955223880597015
differentiated_slowdown,exp08_confirmatory_n32_chain_like_lognormal_15,32,chain_like,lognormal,tied,15,io,4,false,t01->t02->t04->t07->t09->t11->t13->t14->t17->t18->t19->t20->t21->t22->t23->t24->t25->t26->t27->t28->t29->t30->t31->t32 => t01->t02->t04->t07->t09->t11->t13->t14->t17->t18->t19->t20->t21->t22->t23->t24->t25->t26->t27->t28->t29->t30->t31->t32,14.3424,0.01754264939212782415079163554,12.1215,12.1215,14.342400,true,,,,,,
schedule_policy,exp08_confirmatory_n32_chain_like_lognormal_16,32,chain_like,lognormal,tied,16,io,1,,,,,,,,,0.000,0,0,0,0,0
schedule_policy,exp08_confirmatory_n32_chain_like_lognormal_16,32,chain_like,lognormal,tied,16,io,4,,,,,,,,,-0.269,-0.0004310897435897435897435897436,3.703,0.005934294871794871794871794872,3.703,0.005934294871794871794871794872
schedule_policy,exp08_confirmatory_n32_chain_like_lognormal_16,32,chain_like,lognormal,tied,16,io,8,,,,,,,,,-0.269,-0.0004310897435897435897435897436,3.703,0.005934294871794871794871794872,3.703,0.005934294871794871794871794872
schedule_policy,exp08_confirmatory_n32_chain_like_lognormal_16,32,chain_like,lognormal,tied,16,equal_alternating,1,,,,,,,,,0.000,0,0,0,0,0
schedule_policy,exp08_confirmatory_n32_chain_like_lognormal_16,32,chain_like,lognormal,tied,16,equal_alternating,4,,,,,,,,,-8.812,-0.01412179487179487179487179487,-5.924,-0.009493589743589743589743589744,-5.924,-0.009493589743589743589743589744
schedule_policy,exp08_confirmatory_n32_chain_like_lognormal_16,32,chain_like,lognormal,tied,16,equal_alternating,8,,,,,,,,,-8.812,-0.01412179487179487179487179487,-5.924,-0.009493589743589743589743589744,-5.924,-0.009493589743589743589743589744
differentiated_slowdown,exp08_confirmatory_n32_chain_like_lognormal_16,32,chain_like,lognormal,tied,16,io,4,false,t01->t03->t04->t07->t09->t10->t13->t14->t17->t18->t19->t20->t21->t22->t23->t24->t25->t26->t27->t28->t29->t30->t31->t32 => t01->t03->t04->t07->t09->t10->t13->t14->t17->t18->t19->t20->t21->t22->t23->t24->t25->t26->t27->t28->t29->t30->t31->t32,11.5776,0.01819706985303998857024841320,8.5941,8.5941,11.577600,true,,,,,,
schedule_policy,exp08_confirmatory_n32_chain_like_lognormal_17,32,chain_like,lognormal,tied,17,io,1,,,,,,,,,0.000,0,0,0,0,0
schedule_policy,exp08_confirmatory_n32_chain_like_lognormal_17,32,chain_like,lognormal,tied,17,io,4,,,,,,,,,1.646,0.001878995433789954337899543379,3.884,0.004433789954337899543378995434,3.884,0.004433789954337899543378995434
schedule_policy,exp08_confirmatory_n32_chain_like_lognormal_17,32,chain_like,lognormal,tied,17,io,8,,,,,,,,,1.646,0.001878995433789954337899543379,3.884,0.004433789954337899543378995434,3.884,0.004433789954337899543378995434
schedule_policy,exp08_confirmatory_n32_chain_like_lognormal_17,32,chain_like,lognormal,tied,17,equal_alternating,1,,,,,,,,,0.000,0,0,0,0,0
schedule_policy,exp08_confirmatory_n32_chain_like_lognormal_17,32,chain_like,lognormal,tied,17,equal_alternating,4,,,,,,,,,-5.501,-0.006279680365296803652968036530,-3.622,-0.004134703196347031963470319635,-3.622,-0.004134703196347031963470319635
schedule_policy,exp08_confirmatory_n32_chain_like_lognormal_17,32,chain_like,lognormal,tied,17,equal_alternating,8,,,,,,,,,-5.501,-0.006279680365296803652968036530,-3.622,-0.004134703196347031963470319635,-3.622,-0.004134703196347031963470319635
differentiated_slowdown,exp08_confirmatory_n32_chain_like_lognormal_17,32,chain_like,lognormal,tied,17,io,4,false,t01->t02->t05->t06->t09->t10->t13->t14->t17->t18->t19->t20->t21->t22->t23->t24->t25->t26->t27->t28->t29->t30->t31->t32 => t01->t02->t05->t06->t09->t10->t13->t14->t17->t18->t19->t20->t21->t22->t23->t24->t25->t26->t27->t28->t29->t30->t31->t32,15.7248,0.01768498618360454405894995395,14.6358,14.6358,15.724800,true,,,,,,
schedule_policy,exp08_confirmatory_n32_chain_like_lognormal_18,32,chain_like,lognormal,tied,18,io,1,,,,,,,,,0.000,0,0,0,0,0
schedule_policy,exp08_confirmatory_n32_chain_like_lognormal_18,32,chain_like,lognormal,tied,18,io,4,,,,,,,,,-14.454,-0.02041525423728813559322033898,-13.356,-0.01886440677966101694915254237,-13.356,-0.01886440677966101694915254237
schedule_policy,exp08_confirmatory_n32_chain_like_lognormal_18,32,chain_like,lognormal,tied,18,io,8,,,,,,,,,-14.454,-0.02041525423728813559322033898,-13.356,-0.01886440677966101694915254237,-13.356,-0.01886440677966101694915254237
schedule_policy,exp08_confirmatory_n32_chain_like_lognormal_18,32,chain_like,lognormal,tied,18,equal_alternating,1,,,,,,,,,0.000,0,0,0,0,0
schedule_policy,exp08_confirmatory_n32_chain_like_lognormal_18,32,chain_like,lognormal,tied,18,equal_alternating,4,,,,,,,,,-14.773,-0.02086581920903954802259887006,-13.612,-0.01922598870056497175141242938,-13.612,-0.01922598870056497175141242938
schedule_policy,exp08_confirmatory_n32_chain_like_lognormal_18,32,chain_like,lognormal,tied,18,equal_alternating,8,,,,,,,,,-14.773,-0.02086581920903954802259887006,-13.612,-0.01922598870056497175141242938,-13.612,-0.01922598870056497175141242938
differentiated_slowdown,exp08_confirmatory_n32_chain_like_lognormal_18,32,chain_like,lognormal,tied,18,io,4,false,t01->t02->t04->t07->t09->t10->t12->t15->t17->t18->t19->t20->t21->t22->t23->t24->t25->t26->t27->t28->t29->t30->t31->t32 => t01->t02->t04->t07->t09->t10->t12->t15->t17->t18->t19->t20->t21->t22->t23->t24->t25->t26->t27->t28->t29->t30->t31->t32,12.9600,0.01768672390287040790007000995,0.6042,0.6042,12.960000,true,,,,,,
schedule_policy,exp08_confirmatory_n32_chain_like_lognormal_19,32,chain_like,lognormal,tied,19,io,1,,,,,,,,,0.000,0,0,0,0,0
schedule_policy,exp08_confirmatory_n32_chain_like_lognormal_19,32,chain_like,lognormal,tied,19,io,4,,,,,,,,,-11.683,-0.01410990338164251207729468599,-9.438,-0.01139855072463768115942028986,-9.438,-0.01139855072463768115942028986
schedule_policy,exp08_confirmatory_n32_chain_like_lognormal_19,32,chain_like,lognormal,tied,19,io,8,,,,,,,,,-11.683,-0.01410990338164251207729468599,-9.438,-0.01139855072463768115942028986,-9.438,-0.01139855072463768115942028986
schedule_policy,exp08_confirmatory_n32_chain_like_lognormal_19,32,chain_like,lognormal,tied,19,equal_alternating,1,,,,,,,,,0.000,0,0,0,0,0
schedule_policy,exp08_confirmatory_n32_chain_like_lognormal_19,32,chain_like,lognormal,tied,19,equal_alternating,4,,,,,,,,,-11.475,-0.01385869565217391304347826087,-9.433,-0.01139251207729468599033816425,-9.433,-0.01139251207729468599033816425
schedule_policy,exp08_confirmatory_n32_chain_like_lognormal_19,32,chain_like,lognormal,tied,19,equal_alternating,8,,,,,,,,,-11.475,-0.01385869565217391304347826087,-9.433,-0.01139251207729468599033816425,-9.433,-0.01139251207729468599033816425
differentiated_slowdown,exp08_confirmatory_n32_chain_like_lognormal_19,32,chain_like,lognormal,tied,19,io,4,false,t01->t03->t05->t06->t08->t11->t13->t14->t16->t18->t19->t20->t21->t22->t23->t24->t25->t26->t27->t28->t29->t30->t31->t32 => t01->t03->t05->t06->t08->t11->t13->t14->t16->t18->t19->t20->t21->t22->t23->t24->t25->t26->t27->t28->t29->t30->t31->t32,14.8608,0.01762323295390871395866352881,11.5920,11.5920,14.860800,true,,,,,,
schedule_policy,exp08_confirmatory_n64_wide_layered_homogeneous_00,64,wide_layered,homogeneous,tied,0,io,1,,,,,,,,,0.000,0,0,0,0,0
schedule_policy,exp08_confirmatory_n64_wide_layered_homogeneous_00,64,wide_layered,homogeneous,tied,0,io,4,,,,,,,,,-1.695,-0.008828125,23.268,0.1211875,5.630,0.02932291666666666666666666667
schedule_policy,exp08_confirmatory_n64_wide_layered_homogeneous_00,64,wide_layered,homogeneous,tied,0,io,8,,,,,,,,,-6.389,-0.04095512820512820512820512821,8.574,0.05496153846153846153846153846,-3.634,-0.02329487179487179487179487179
schedule_policy,exp08_confirmatory_n64_wide_layered_homogeneous_00,64,wide_layered,homogeneous,tied,0,equal_alternating,1,,,,,,,,,0.000,0,0,0,0,0
schedule_policy,exp08_confirmatory_n64_wide_layered_homogeneous_00,64,wide_layered,homogeneous,tied,0,equal_alternating,4,,,,,,,,,-6.329,-0.03296354166666666666666666667,20.311,0.1057864583333333333333333333,11.876,0.06185416666666666666666666667
schedule_policy,exp08_confirmatory_n64_wide_layered_homogeneous_00,64,wide_layered,homogeneous,tied,0,equal_alternating,8,,,,,,,,,-1.696,-0.01087179487179487179487179487,10.101,0.06475,11.085,0.07105769230769230769230769231
differentiated_slowdown,exp08_confirmatory_n64_wide_layered_homogeneous_00,64,wide_layered,homogeneous,tied,0,io,4,true,t01->t05->t10->t18->t25->t26->t37->t42->t44->t52->t55->t62->t64 => t01->t05->t10->t18->t25->t26->t37->t42->t44->t52->t55->t62->t64,11.0592,0.05559845559845559845559845560,11.0592,0.0000,11.059200,true,,,,,,
schedule_policy,exp08_confirmatory_n64_wide_layered_homogeneous_01,64,wide_layered,homogeneous,tied,1,io,1,,,,,,,,,0.000,0,0,0,0,0
schedule_policy,exp08_confirmatory_n64_wide_layered_homogeneous_01,64,wide_layered,homogeneous,tied,1,io,4,,,,,,,,,2.846,0.01482291666666666666666666667,18.098,0.09426041666666666666666666667,6.072,0.031625
schedule_policy,exp08_confirmatory_n64_wide_layered_homogeneous_01,64,wide_layered,homogeneous,tied,1,io,8,,,,,,,,,-3.225,-0.02067307692307692307692307692,21.780,0.1396153846153846153846153846,-3.590,-0.02301282051282051282051282051
schedule_policy,exp08_confirmatory_n64_wide_layered_homogeneous_01,64,wide_layered,homogeneous,tied,1,equal_alternating,1,,,,,,,,,0.000,0,0,0,0,0
schedule_policy,exp08_confirmatory_n64_wide_layered_homogeneous_01,64,wide_layered,homogeneous,tied,1,equal_alternating,4,,,,,,,,,1.007,0.005244791666666666666666666667,10.680,0.055625,6.935,0.03611979166666666666666666667
schedule_policy,exp08_confirmatory_n64_wide_layered_homogeneous_01,64,wide_layered,homogeneous,tied,1,equal_alternating,8,,,,,,,,,-0.957,-0.006134615384615384615384615385,14.762,0.09462820512820512820512820513,7.672,0.04917948717948717948717948718
differentiated_slowdown,exp08_confirmatory_n64_wide_layered_homogeneous_01,64,wide_layered,homogeneous,tied,1,io,4,true,t01->t07->t08->t14->t20->t31->t34->t38->t45->t53->t57->t61->t64 => t01->t07->t08->t14->t20->t31->t34->t38->t45->t53->t57->t61->t64,11.0592,0.05559845559845559845559845560,11.0592,0.0000,11.059200,true,,,,,,
schedule_policy,exp08_confirmatory_n64_wide_layered_homogeneous_02,64,wide_layered,homogeneous,tied,2,io,1,,,,,,,,,0.000,0,0,0,0,0
schedule_policy,exp08_confirmatory_n64_wide_layered_homogeneous_02,64,wide_layered,homogeneous,tied,2,io,4,,,,,,,,,-2.202,-0.01146875,-9.294,-0.04840625,-7.167,-0.037328125
schedule_policy,exp08_confirmatory_n64_wide_layered_homogeneous_02,64,wide_layered,homogeneous,tied,2,io,8,,,,,,,,,-4.545,-0.02913461538461538461538461538,3.703,0.02373717948717948717948717949,-11.048,-0.07082051282051282051282051282
schedule_policy,exp08_confirmatory_n64_wide_layered_homogeneous_02,64,wide_layered,homogeneous,tied,2,equal_alternating,1,,,,,,,,,0.000,0,0,0,0,0
schedule_policy,exp08_confirmatory_n64_wide_layered_homogeneous_02,64,wide_layered,homogeneous,tied,2,equal_alternating,4,,,,,,,,,0.691,0.003598958333333333333333333333,4.985,0.02596354166666666666666666667,4.650,0.02421875
schedule_policy,exp08_confirmatory_n64_wide_layered_homogeneous_02,64,wide_layered,homogeneous,tied,2,equal_alternating,8,,,,,,,,,-2.439,-0.01563461538461538461538461538,3.784,0.02425641025641025641025641026,1.821,0.01167307692307692307692307692
differentiated_slowdown,exp08_confirmatory_n64_wide_layered_homogeneous_02,64,wide_layered,homogeneous,tied,2,io,4,true,t01->t04->t08->t16->t22->t30->t35->t39->t46->t51->t57->t60->t64 => t01->t04->t08->t16->t22->t30->t35->t39->t46->t51->t57->t60->t64,11.0592,0.05559845559845559845559845560,11.0592,0.0000,11.059200,true,,,,,,
schedule_policy,exp08_confirmatory_n64_wide_layered_homogeneous_03,64,wide_layered,homogeneous,tied,3,io,1,,,,,,,,,0.000,0,0,0,0,0
schedule_policy,exp08_confirmatory_n64_wide_layered_homogeneous_03,64,wide_layered,homogeneous,tied,3,io,4,,,,,,,,,-0.927,-0.004828125,-5.731,-0.02984895833333333333333333333,-7.170,-0.03734375
schedule_policy,exp08_confirmatory_n64_wide_layered_homogeneous_03,64,wide_layered,homogeneous,tied,3,io,8,,,,,,,,,-4.414,-0.02829487179487179487179487179,1.601,0.01026282051282051282051282051,-3.718,-0.02383333333333333333333333333
schedule_policy,exp08_confirmatory_n64_wide_layered_homogeneous_03,64,wide_layered,homogeneous,tied,3,equal_alternating,1,,,,,,,,,0.000,0,0,0,0,0
schedule_policy,exp08_confirmatory_n64_wide_layered_homogeneous_03,64,wide_layered,homogeneous,tied,3,equal_alternating,4,,,,,,,,,0.511,0.002661458333333333333333333333,3.094,0.01611458333333333333333333333,0.913,0.004755208333333333333333333333
schedule_policy,exp08_confirmatory_n64_wide_layered_homogeneous_03,64,wide_layered,homogeneous,tied,3,equal_alternating,8,,,,,,,,,-0.318,-0.002038461538461538461538461538,13.948,0.08941025641025641025641025641,6.879,0.04409615384615384615384615385
differentiated_slowdown,exp08_confirmatory_n64_wide_layered_homogeneous_03,64,wide_layered,homogeneous,tied,3,io,4,true,t01->t03->t13->t15->t22->t31->t33->t38->t45->t53->t54->t62->t64 => t01->t03->t13->t15->t22->t31->t33->t38->t45->t53->t54->t62->t64,11.0592,0.05559845559845559845559845560,11.0592,0.0000,11.059200,true,,,,,,
schedule_policy,exp08_confirmatory_n64_wide_layered_homogeneous_04,64,wide_layered,homogeneous,tied,4,io,1,,,,,,,,,0.000,0,0,0,0,0
schedule_policy,exp08_confirmatory_n64_wide_layered_homogeneous_04,64,wide_layered,homogeneous,tied,4,io,4,,,,,,,,,2.597,0.01352604166666666666666666667,14.243,0.07418229166666666666666666667,1.349,0.007026041666666666666666666667
schedule_policy,exp08_confirmatory_n64_wide_layered_homogeneous_04,64,wide_layered,homogeneous,tied,4,io,8,,,,,,,,,-2.402,-0.01539743589743589743589743590,9.382,0.06014102564102564102564102564,-1.826,-0.01170512820512820512820512821
schedule_policy,exp08_confirmatory_n64_wide_layered_homogeneous_04,64,wide_layered,homogeneous,tied,4,equal_alternating,1,,,,,,,,,0.000,0,0,0,0,0
schedule_policy,exp08_confirmatory_n64_wide_layered_homogeneous_04,64,wide_layered,homogeneous,tied,4,equal_alternating,4,,,,,,,,,2.449,0.01275520833333333333333333333,8.222,0.04282291666666666666666666667,5.045,0.02627604166666666666666666667
schedule_policy,exp08_confirmatory_n64_wide_layered_homogeneous_04,64,wide_layered,homogeneous,tied,4,equal_alternating,8,,,,,,,,,0.955,0.006121794871794871794871794872,19.452,0.1246923076923076923076923077,9.823,0.06296794871794871794871794872
differentiated_slowdown,exp08_confirmatory_n64_wide_layered_homogeneous_04,64,wide_layered,homogeneous,tied,4,io,4,true,t01->t06->t13->t14->t25->t30->t34->t38->t48->t49->t58->t59->t64 => t01->t06->t13->t14->t25->t30->t34->t38->t48->t49->t58->t59->t64,11.0592,0.05559845559845559845559845560,11.0592,0.0000,11.059200,true,,,,,,
schedule_policy,exp08_confirmatory_n64_wide_layered_homogeneous_05,64,wide_layered,homogeneous,tied,5,io,1,,,,,,,,,0.000,0,0,0,0,0
schedule_policy,exp08_confirmatory_n64_wide_layered_homogeneous_05,64,wide_layered,homogeneous,tied,5,io,4,,,,,,,,,6.554,0.03413541666666666666666666667,27.567,0.143578125,8.456,0.04404166666666666666666666667
schedule_policy,exp08_confirmatory_n64_wide_layered_homogeneous_05,64,wide_layered,homogeneous,tied,5,io,8,,,,,,,,,-0.501,-0.003211538461538461538461538462,21.416,0.1372820512820512820512820513,0.792,0.005076923076923076923076923077
schedule_policy,exp08_confirmatory_n64_wide_layered_homogeneous_05,64,wide_layered,homogeneous,tied,5,equal_alternating,1,,,,,,,,,0.000,0,0,0,0,0
schedule_policy,exp08_confirmatory_n64_wide_layered_homogeneous_05,64,wide_layered,homogeneous,tied,5,equal_alternating,4,,,,,,,,,3.506,0.01826041666666666666666666667,15.835,0.08247395833333333333333333333,11.079,0.057703125
schedule_policy,exp08_confirmatory_n64_wide_layered_homogeneous_05,64,wide_layered,homogeneous,tied,5,equal_alternating,8,,,,,,,,,0.461,0.002955128205128205128205128205,16.221,0.1039807692307692307692307692,8.221,0.05269871794871794871794871795
differentiated_slowdown,exp08_confirmatory_n64_wide_layered_homogeneous_05,64,wide_layered,homogeneous,tied,5,io,4,true,t01->t04->t08->t14->t24->t26->t34->t38->t46->t53->t58->t62->t64 => t01->t04->t08->t14->t24->t26->t34->t38->t46->t53->t58->t62->t64,11.0592,0.05559845559845559845559845560,11.0592,0.0000,11.059200,true,,,,,,
schedule_policy,exp08_confirmatory_n64_wide_layered_homogeneous_06,64,wide_layered,homogeneous,tied,6,io,1,,,,,,,,,0.000,0,0,0,0,0
schedule_policy,exp08_confirmatory_n64_wide_layered_homogeneous_06,64,wide_layered,homogeneous,tied,6,io,4,,,,,,,,,5.656,0.02945833333333333333333333333,26.394,0.13746875,7.523,0.03918229166666666666666666667
schedule_policy,exp08_confirmatory_n64_wide_layered_homogeneous_06,64,wide_layered,homogeneous,tied,6,io,8,,,,,,,,,-6.110,-0.03916666666666666666666666667,5.102,0.03270512820512820512820512821,-5.931,-0.03801923076923076923076923077
schedule_policy,exp08_confirmatory_n64_wide_layered_homogeneous_06,64,wide_layered,homogeneous,tied,6,equal_alternating,1,,,,,,,,,0.000,0,0,0,0,0
schedule_policy,exp08_confirmatory_n64_wide_layered_homogeneous_06,64,wide_layered,homogeneous,tied,6,equal_alternating,4,,,,,,,,,1.582,0.008239583333333333333333333333,6.483,0.033765625,4.234,0.02205208333333333333333333333
schedule_policy,exp08_confirmatory_n64_wide_layered_homogeneous_06,64,wide_layered,homogeneous,tied,6,equal_alternating,8,,,,,,,,,-1.280,-0.008205128205128205128205128205,2.813,0.01803205128205128205128205128,4.547,0.02914743589743589743589743590
differentiated_slowdown,exp08_confirmatory_n64_wide_layered_homogeneous_06,64,wide_layered,homogeneous,tied,6,io,4,true,t01->t04->t13->t16->t20->t29->t34->t38->t46->t50->t57->t62->t64 => t01->t04->t13->t16->t20->t29->t34->t38->t46->t50->t57->t62->t64,11.0592,0.05559845559845559845559845560,11.0592,0.0000,11.059200,true,,,,,,
schedule_policy,exp08_confirmatory_n64_wide_layered_homogeneous_07,64,wide_layered,homogeneous,tied,7,io,1,,,,,,,,,0.000,0,0,0,0,0
schedule_policy,exp08_confirmatory_n64_wide_layered_homogeneous_07,64,wide_layered,homogeneous,tied,7,io,4,,,,,,,,,2.384,0.01241666666666666666666666667,6.866,0.03576041666666666666666666667,3.173,0.01652604166666666666666666667
schedule_policy,exp08_confirmatory_n64_wide_layered_homogeneous_07,64,wide_layered,homogeneous,tied,7,io,8,,,,,,,,,-5.772,-0.037,6.119,0.03922435897435897435897435897,3.454,0.02214102564102564102564102564
schedule_policy,exp08_confirmatory_n64_wide_layered_homogeneous_07,64,wide_layered,homogeneous,tied,7,equal_alternating,1,,,,,,,,,0.000,0,0,0,0,0
schedule_policy,exp08_confirmatory_n64_wide_layered_homogeneous_07,64,wide_layered,homogeneous,tied,7,equal_alternating,4,,,,,,,,,1.898,0.009885416666666666666666666667,7.653,0.039859375,5.933,0.03090104166666666666666666667
schedule_policy,exp08_confirmatory_n64_wide_layered_homogeneous_07,64,wide_layered,homogeneous,tied,7,equal_alternating,8,,,,,,,,,-0.233,-0.001493589743589743589743589744,8.659,0.05550641025641025641025641026,9.009,0.05775
differentiated_slowdown,exp08_confirmatory_n64_wide_layered_homogeneous_07,64,wide_layered,homogeneous,tied,7,io,4,true,t01->t06->t12->t14->t21->t30->t32->t42->t44->t50->t54->t63->t64 => t01->t06->t12->t14->t21->t30->t32->t42->t44->t50->t54->t63->t64,11.0592,0.05559845559845559845559845560,11.0592,0.0000,11.059200,true,,,,,,
schedule_policy,exp08_confirmatory_n64_wide_layered_homogeneous_08,64,wide_layered,homogeneous,tied,8,io,1,,,,,,,,,0.000,0,0,0,0,0
schedule_policy,exp08_confirmatory_n64_wide_layered_homogeneous_08,64,wide_layered,homogeneous,tied,8,io,4,,,,,,,,,3.274,0.01705208333333333333333333333,12.726,0.06628125,4.067,0.02118229166666666666666666667
schedule_policy,exp08_confirmatory_n64_wide_layered_homogeneous_08,64,wide_layered,homogeneous,tied,8,io,8,,,,,,,,,-3.854,-0.02470512820512820512820512821,9.005,0.05772435897435897435897435897,-2.152,-0.01379487179487179487179487179
schedule_policy,exp08_confirmatory_n64_wide_layered_homogeneous_08,64,wide_layered,homogeneous,tied,8,equal_alternating,1,,,,,,,,,0.000,0,0,0,0,0
schedule_policy,exp08_confirmatory_n64_wide_layered_homogeneous_08,64,wide_layered,homogeneous,tied,8,equal_alternating,4,,,,,,,,,2.067,0.010765625,8.674,0.04517708333333333333333333333,8.845,0.04606770833333333333333333333
schedule_policy,exp08_confirmatory_n64_wide_layered_homogeneous_08,64,wide_layered,homogeneous,tied,8,equal_alternating,8,,,,,,,,,-0.263,-0.001685897435897435897435897436,10.945,0.07016025641025641025641025641,8.775,0.05625
differentiated_slowdown,exp08_confirmatory_n64_wide_layered_homogeneous_08,64,wide_layered,homogeneous,tied,8,io,4,true,t01->t03->t13->t16->t21->t28->t32->t42->t48->t52->t58->t61->t64 => t01->t03->t13->t16->t21->t28->t32->t42->t48->t52->t58->t61->t64,11.0592,0.05559845559845559845559845560,11.0592,0.0000,11.059200,true,,,,,,
schedule_policy,exp08_confirmatory_n64_wide_layered_homogeneous_09,64,wide_layered,homogeneous,tied,9,io,1,,,,,,,,,0.000,0,0,0,0,0
schedule_policy,exp08_confirmatory_n64_wide_layered_homogeneous_09,64,wide_layered,homogeneous,tied,9,io,4,,,,,,,,,7.017,0.036546875,25.855,0.1346614583333333333333333333,13.386,0.06971875
schedule_policy,exp08_confirmatory_n64_wide_layered_homogeneous_09,64,wide_layered,homogeneous,tied,9,io,8,,,,,,,,,-3.892,-0.02494871794871794871794871795,16.003,0.1025833333333333333333333333,0.978,0.006269230769230769230769230769
schedule_policy,exp08_confirmatory_n64_wide_layered_homogeneous_09,64,wide_layered,homogeneous,tied,9,equal_alternating,1,,,,,,,,,0.000,0,0,0,0,0
schedule_policy,exp08_confirmatory_n64_wide_layered_homogeneous_09,64,wide_layered,homogeneous,tied,9,equal_alternating,4,,,,,,,,,5.889,0.030671875,18.237,0.094984375,10.230,0.05328125
schedule_policy,exp08_confirmatory_n64_wide_layered_homogeneous_09,64,wide_layered,homogeneous,tied,9,equal_alternating,8,,,,,,,,,0.439,0.002814102564102564102564102564,20.396,0.1307435897435897435897435897,13.541,0.08680128205128205128205128205
differentiated_slowdown,exp08_confirmatory_n64_wide_layered_homogeneous_09,64,wide_layered,homogeneous,tied,9,io,4,true,t01->t02->t08->t16->t22->t29->t36->t41->t44->t49->t58->t59->t64 => t01->t02->t08->t16->t22->t29->t36->t41->t44->t49->t58->t59->t64,11.0592,0.05559845559845559845559845560,11.0592,0.0000,11.059200,true,,,,,,
schedule_policy,exp08_confirmatory_n64_wide_layered_homogeneous_10,64,wide_layered,homogeneous,tied,10,io,1,,,,,,,,,0.000,0,0,0,0,0
schedule_policy,exp08_confirmatory_n64_wide_layered_homogeneous_10,64,wide_layered,homogeneous,tied,10,io,4,,,,,,,,,4.857,0.025296875,26.755,0.1393489583333333333333333333,7.726,0.04023958333333333333333333333
schedule_policy,exp08_confirmatory_n64_wide_layered_homogeneous_10,64,wide_layered,homogeneous,tied,10,io,8,,,,,,,,,-7.087,-0.04542948717948717948717948718,13.153,0.08431410256410256410256410256,-2.588,-0.01658974358974358974358974359
schedule_policy,exp08_confirmatory_n64_wide_layered_homogeneous_10,64,wide_layered,homogeneous,tied,10,equal_alternating,1,,,,,,,,,0.000,0,0,0,0,0
schedule_policy,exp08_confirmatory_n64_wide_layered_homogeneous_10,64,wide_layered,homogeneous,tied,10,equal_alternating,4,,,,,,,,,2.453,0.01277604166666666666666666667,12.191,0.06349479166666666666666666667,8.114,0.04226041666666666666666666667
schedule_policy,exp08_confirmatory_n64_wide_layered_homogeneous_10,64,wide_layered,homogeneous,tied,10,equal_alternating,8,,,,,,,,,-2.790,-0.01788461538461538461538461538,8.839,0.05666025641025641025641025641,7.403,0.04745512820512820512820512821
differentiated_slowdown,exp08_confirmatory_n64_wide_layered_homogeneous_10,64,wide_layered,homogeneous,tied,10,io,4,true,t01->t04->t09->t19->t21->t31->t36->t40->t44->t51->t56->t59->t64 => t01->t04->t09->t19->t21->t31->t36->t40->t44->t51->t56->t59->t64,11.0592,0.05559845559845559845559845560,11.0592,0.0000,11.059200,true,,,,,,
schedule_policy,exp08_confirmatory_n64_wide_layered_homogeneous_11,64,wide_layered,homogeneous,tied,11,io,1,,,,,,,,,0.000,0,0,0,0,0
schedule_policy,exp08_confirmatory_n64_wide_layered_homogeneous_11,64,wide_layered,homogeneous,tied,11,io,4,,,,,,,,,7.394,0.03851041666666666666666666667,27.429,0.142859375,17.978,0.09363541666666666666666666667
schedule_policy,exp08_confirmatory_n64_wide_layered_homogeneous_11,64,wide_layered,homogeneous,tied,11,io,8,,,,,,,,,-2.640,-0.01692307692307692307692307692,3.227,0.02068589743589743589743589744,-6.696,-0.04292307692307692307692307692
schedule_policy,exp08_confirmatory_n64_wide_layered_homogeneous_11,64,wide_layered,homogeneous,tied,11,equal_alternating,1,,,,,,,,,0.000,0,0,0,0,0
schedule_policy,exp08_confirmatory_n64_wide_layered_homogeneous_11,64,wide_layered,homogeneous,tied,11,equal_alternating,4,,,,,,,,,2.311,0.01203645833333333333333333333,12.165,0.063359375,9.836,0.05122916666666666666666666667
schedule_policy,exp08_confirmatory_n64_wide_layered_homogeneous_11,64,wide_layered,homogeneous,tied,11,equal_alternating,8,,,,,,,,,-0.039,-0.00025,7.858,0.05037179487179487179487179487,3.009,0.01928846153846153846153846154
differentiated_slowdown,exp08_confirmatory_n64_wide_layered_homogeneous_11,64,wide_layered,homogeneous,tied,11,io,4,true,t01->t05->t08->t19->t23->t30->t32->t39->t48->t50->t56->t62->t64 => t01->t05->t08->t19->t23->t30->t32->t39->t48->t50->t56->t62->t64,11.0592,0.05559845559845559845559845560,11.0592,0.0000,11.059200,true,,,,,,
schedule_policy,exp08_confirmatory_n64_wide_layered_homogeneous_12,64,wide_layered,homogeneous,tied,12,io,1,,,,,,,,,0.000,0,0,0,0,0
schedule_policy,exp08_confirmatory_n64_wide_layered_homogeneous_12,64,wide_layered,homogeneous,tied,12,io,4,,,,,,,,,0.557,0.002901041666666666666666666667,1.567,0.008161458333333333333333333333,-2.416,-0.01258333333333333333333333333
schedule_policy,exp08_confirmatory_n64_wide_layered_homogeneous_12,64,wide_layered,homogeneous,tied,12,io,8,,,,,,,,,-3.516,-0.02253846153846153846153846154,5.065,0.03246794871794871794871794872,-3.711,-0.02378846153846153846153846154
schedule_policy,exp08_confirmatory_n64_wide_layered_homogeneous_12,64,wide_layered,homogeneous,tied,12,equal_alternating,1,,,,,,,,,0.000,0,0,0,0,0
schedule_policy,exp08_confirmatory_n64_wide_layered_homogeneous_12,64,wide_layered,homogeneous,tied,12,equal_alternating,4,,,,,,,,,3.770,0.01963541666666666666666666667,14.862,0.07740625,10.068,0.0524375
schedule_policy,exp08_confirmatory_n64_wide_layered_homogeneous_12,64,wide_layered,homogeneous,tied,12,equal_alternating,8,,,,,,,,,-0.455,-0.002916666666666666666666666667,3.659,0.02345512820512820512820512821,7.585,0.04862179487179487179487179487
differentiated_slowdown,exp08_confirmatory_n64_wide_layered_homogeneous_12,64,wide_layered,homogeneous,tied,12,io,4,true,t01->t06->t10->t16->t22->t28->t37->t41->t47->t51->t58->t59->t64 => t01->t06->t10->t16->t22->t28->t37->t41->t47->t51->t58->t59->t64,11.0592,0.05559845559845559845559845560,11.0592,0.0000,11.059200,true,,,,,,
schedule_policy,exp08_confirmatory_n64_wide_layered_homogeneous_13,64,wide_layered,homogeneous,tied,13,io,1,,,,,,,,,0.000,0,0,0,0,0
schedule_policy,exp08_confirmatory_n64_wide_layered_homogeneous_13,64,wide_layered,homogeneous,tied,13,io,4,,,,,,,,,2.852,0.01485416666666666666666666667,-4.694,-0.02444791666666666666666666667,-9.680,-0.05041666666666666666666666667
schedule_policy,exp08_confirmatory_n64_wide_layered_homogeneous_13,64,wide_layered,homogeneous,tied,13,io,8,,,,,,,,,-6.480,-0.04153846153846153846153846154,-3.979,-0.02550641025641025641025641026,-2.083,-0.01335256410256410256410256410
schedule_policy,exp08_confirmatory_n64_wide_layered_homogeneous_13,64,wide_layered,homogeneous,tied,13,equal_alternating,1,,,,,,,,,0.000,0,0,0,0,0
schedule_policy,exp08_confirmatory_n64_wide_layered_homogeneous_13,64,wide_layered,homogeneous,tied,13,equal_alternating,4,,,,,,,,,2.682,0.01396875,8.165,0.04252604166666666666666666667,4.337,0.02258854166666666666666666667
schedule_policy,exp08_confirmatory_n64_wide_layered_homogeneous_13,64,wide_layered,homogeneous,tied,13,equal_alternating,8,,,,,,,,,-0.072,-0.0004615384615384615384615384615,16.518,0.1058846153846153846153846154,11.317,0.07254487179487179487179487179
differentiated_slowdown,exp08_confirmatory_n64_wide_layered_homogeneous_13,64,wide_layered,homogeneous,tied,13,io,4,true,t01->t03->t12->t19->t25->t30->t33->t42->t45->t53->t56->t62->t64 => t01->t03->t12->t19->t25->t30->t33->t42->t45->t53->t56->t62->t64,11.0592,0.05559845559845559845559845560,11.0592,0.0000,11.059200,true,,,,,,
schedule_policy,exp08_confirmatory_n64_wide_layered_homogeneous_14,64,wide_layered,homogeneous,tied,14,io,1,,,,,,,,,0.000,0,0,0,0,0
schedule_policy,exp08_confirmatory_n64_wide_layered_homogeneous_14,64,wide_layered,homogeneous,tied,14,io,4,,,,,,,,,9.312,0.0485,21.524,0.1121041666666666666666666667,15.261,0.079484375
schedule_policy,exp08_confirmatory_n64_wide_layered_homogeneous_14,64,wide_layered,homogeneous,tied,14,io,8,,,,,,,,,-3.926,-0.02516666666666666666666666667,9.348,0.05992307692307692307692307692,-2.946,-0.01888461538461538461538461538
schedule_policy,exp08_confirmatory_n64_wide_layered_homogeneous_14,64,wide_layered,homogeneous,tied,14,equal_alternating,1,,,,,,,,,0.000,0,0,0,0,0
schedule_policy,exp08_confirmatory_n64_wide_layered_homogeneous_14,64,wide_layered,homogeneous,tied,14,equal_alternating,4,,,,,,,,,6.905,0.03596354166666666666666666667,19.188,0.0999375,12.399,0.064578125
schedule_policy,exp08_confirmatory_n64_wide_layered_homogeneous_14,64,wide_layered,homogeneous,tied,14,equal_alternating,8,,,,,,,,,-0.776,-0.004974358974358974358974358974,3.915,0.02509615384615384615384615385,7.181,0.04603205128205128205128205128
differentiated_slowdown,exp08_confirmatory_n64_wide_layered_homogeneous_14,64,wide_layered,homogeneous,tied,14,io,4,true,t01->t07->t08->t16->t23->t26->t34->t39->t44->t53->t56->t63->t64 => t01->t07->t08->t16->t23->t26->t34->t39->t44->t53->t56->t63->t64,11.0592,0.05559845559845559845559845560,11.0592,0.0000,11.059200,true,,,,,,
schedule_policy,exp08_confirmatory_n64_wide_layered_homogeneous_15,64,wide_layered,homogeneous,tied,15,io,1,,,,,,,,,0.000,0,0,0,0,0
schedule_policy,exp08_confirmatory_n64_wide_layered_homogeneous_15,64,wide_layered,homogeneous,tied,15,io,4,,,,,,,,,6.761,0.03521354166666666666666666667,17.374,0.09048958333333333333333333333,7.292,0.03797916666666666666666666667
schedule_policy,exp08_confirmatory_n64_wide_layered_homogeneous_15,64,wide_layered,homogeneous,tied,15,io,8,,,,,,,,,-1.667,-0.01068589743589743589743589744,12.248,0.07851282051282051282051282051,-4.828,-0.03094871794871794871794871795
schedule_policy,exp08_confirmatory_n64_wide_layered_homogeneous_15,64,wide_layered,homogeneous,tied,15,equal_alternating,1,,,,,,,,,0.000,0,0,0,0,0
schedule_policy,exp08_confirmatory_n64_wide_layered_homogeneous_15,64,wide_layered,homogeneous,tied,15,equal_alternating,4,,,,,,,,,2.857,0.01488020833333333333333333333,6.795,0.035390625,5.146,0.02680208333333333333333333333
schedule_policy,exp08_confirmatory_n64_wide_layered_homogeneous_15,64,wide_layered,homogeneous,tied,15,equal_alternating,8,,,,,,,,,0.595,0.003814102564102564102564102564,15.660,0.1003846153846153846153846154,3.936,0.02523076923076923076923076923
differentiated_slowdown,exp08_confirmatory_n64_wide_layered_homogeneous_15,64,wide_layered,homogeneous,tied,15,io,4,true,t01->t02->t09->t19->t21->t26->t32->t41->t45->t51->t57->t63->t64 => t01->t02->t09->t19->t21->t26->t32->t41->t45->t51->t57->t63->t64,11.0592,0.05559845559845559845559845560,11.0592,0.0000,11.059200,true,,,,,,
schedule_policy,exp08_confirmatory_n64_wide_layered_homogeneous_16,64,wide_layered,homogeneous,tied,16,io,1,,,,,,,,,0.000,0,0,0,0,0
schedule_policy,exp08_confirmatory_n64_wide_layered_homogeneous_16,64,wide_layered,homogeneous,tied,16,io,4,,,,,,,,,6.332,0.03297916666666666666666666667,21.547,0.1122239583333333333333333333,7.647,0.039828125
schedule_policy,exp08_confirmatory_n64_wide_layered_homogeneous_16,64,wide_layered,homogeneous,tied,16,io,8,,,,,,,,,-2.105,-0.01349358974358974358974358974,15.682,0.1005256410256410256410256410,6.769,0.04339102564102564102564102564
schedule_policy,exp08_confirmatory_n64_wide_layered_homogeneous_16,64,wide_layered,homogeneous,tied,16,equal_alternating,1,,,,,,,,,0.000,0,0,0,0,0
schedule_policy,exp08_confirmatory_n64_wide_layered_homogeneous_16,64,wide_layered,homogeneous,tied,16,equal_alternating,4,,,,,,,,,3.076,0.01602083333333333333333333333,10.673,0.05558854166666666666666666667,8.357,0.04352604166666666666666666667
schedule_policy,exp08_confirmatory_n64_wide_layered_homogeneous_16,64,wide_layered,homogeneous,tied,16,equal_alternating,8,,,,,,,,,0.034,0.0002179487179487179487179487179,25.389,0.16275,11.218,0.07191025641025641025641025641
differentiated_slowdown,exp08_confirmatory_n64_wide_layered_homogeneous_16,64,wide_layered,homogeneous,tied,16,io,4,true,t01->t06->t09->t16->t24->t27->t32->t42->t44->t52->t55->t61->t64 => t01->t06->t09->t16->t24->t27->t32->t42->t44->t52->t55->t61->t64,11.0592,0.05559845559845559845559845560,11.0592,0.0000,11.059200,true,,,,,,
schedule_policy,exp08_confirmatory_n64_wide_layered_homogeneous_17,64,wide_layered,homogeneous,tied,17,io,1,,,,,,,,,0.000,0,0,0,0,0
schedule_policy,exp08_confirmatory_n64_wide_layered_homogeneous_17,64,wide_layered,homogeneous,tied,17,io,4,,,,,,,,,6.027,0.031390625,39.981,0.208234375,24.191,0.1259947916666666666666666667
schedule_policy,exp08_confirmatory_n64_wide_layered_homogeneous_17,64,wide_layered,homogeneous,tied,17,io,8,,,,,,,,,-5.280,-0.03384615384615384615384615385,20.031,0.1284038461538461538461538462,-1.869,-0.01198076923076923076923076923
schedule_policy,exp08_confirmatory_n64_wide_layered_homogeneous_17,64,wide_layered,homogeneous,tied,17,equal_alternating,1,,,,,,,,,0.000,0,0,0,0,0
schedule_policy,exp08_confirmatory_n64_wide_layered_homogeneous_17,64,wide_layered,homogeneous,tied,17,equal_alternating,4,,,,,,,,,1.677,0.008734375,10.777,0.05613020833333333333333333333,9.470,0.04932291666666666666666666667
schedule_policy,exp08_confirmatory_n64_wide_layered_homogeneous_17,64,wide_layered,homogeneous,tied,17,equal_alternating,8,,,,,,,,,-0.355,-0.002275641025641025641025641026,18.624,0.1193846153846153846153846154,11.636,0.07458974358974358974358974359
differentiated_slowdown,exp08_confirmatory_n64_wide_layered_homogeneous_17,64,wide_layered,homogeneous,tied,17,io,4,true,t01->t07->t12->t19->t23->t27->t33->t40->t45->t49->t57->t59->t64 => t01->t07->t12->t19->t23->t27->t33->t40->t45->t49->t57->t59->t64,11.0592,0.05559845559845559845559845560,11.0592,0.0000,11.059200,true,,,,,,
schedule_policy,exp08_confirmatory_n64_wide_layered_homogeneous_18,64,wide_layered,homogeneous,tied,18,io,1,,,,,,,,,0.000,0,0,0,0,0
schedule_policy,exp08_confirmatory_n64_wide_layered_homogeneous_18,64,wide_layered,homogeneous,tied,18,io,4,,,,,,,,,-3.641,-0.01896354166666666666666666667,19.148,0.09972916666666666666666666667,7.097,0.03696354166666666666666666667
schedule_policy,exp08_confirmatory_n64_wide_layered_homogeneous_18,64,wide_layered,homogeneous,tied,18,io,8,,,,,,,,,-5.854,-0.03752564102564102564102564103,-0.174,-0.001115384615384615384615384615,-10.774,-0.06906410256410256410256410256
schedule_policy,exp08_confirmatory_n64_wide_layered_homogeneous_18,64,wide_layered,homogeneous,tied,18,equal_alternating,1,,,,,,,,,0.000,0,0,0,0,0
schedule_policy,exp08_confirmatory_n64_wide_layered_homogeneous_18,64,wide_layered,homogeneous,tied,18,equal_alternating,4,,,,,,,,,-8.882,-0.04626041666666666666666666667,2.420,0.01260416666666666666666666667,1.635,0.008515625
schedule_policy,exp08_confirmatory_n64_wide_layered_homogeneous_18,64,wide_layered,homogeneous,tied,18,equal_alternating,8,,,,,,,,,-0.984,-0.006307692307692307692307692308,11.924,0.07643589743589743589743589744,2.394,0.01534615384615384615384615385
differentiated_slowdown,exp08_confirmatory_n64_wide_layered_homogeneous_18,64,wide_layered,homogeneous,tied,18,io,4,true,t01->t02->t12->t15->t24->t29->t35->t43->t47->t53->t57->t61->t64 => t01->t02->t12->t15->t24->t29->t35->t43->t47->t53->t57->t61->t64,11.0592,0.05559845559845559845559845560,11.0592,0.0000,11.059200,true,,,,,,
schedule_policy,exp08_confirmatory_n64_wide_layered_homogeneous_19,64,wide_layered,homogeneous,tied,19,io,1,,,,,,,,,0.000,0,0,0,0,0
schedule_policy,exp08_confirmatory_n64_wide_layered_homogeneous_19,64,wide_layered,homogeneous,tied,19,io,4,,,,,,,,,2.673,0.013921875,4.357,0.02269270833333333333333333333,0.106,0.0005520833333333333333333333333
schedule_policy,exp08_confirmatory_n64_wide_layered_homogeneous_19,64,wide_layered,homogeneous,tied,19,io,8,,,,,,,,,-4.068,-0.02607692307692307692307692308,-6.063,-0.03886538461538461538461538462,-7.445,-0.04772435897435897435897435897
schedule_policy,exp08_confirmatory_n64_wide_layered_homogeneous_19,64,wide_layered,homogeneous,tied,19,equal_alternating,1,,,,,,,,,0.000,0,0,0,0,0
schedule_policy,exp08_confirmatory_n64_wide_layered_homogeneous_19,64,wide_layered,homogeneous,tied,19,equal_alternating,4,,,,,,,,,3.030,0.01578125,9.794,0.05101041666666666666666666667,6.588,0.0343125
schedule_policy,exp08_confirmatory_n64_wide_layered_homogeneous_19,64,wide_layered,homogeneous,tied,19,equal_alternating,8,,,,,,,,,-0.741,-0.00475,11.930,0.07647435897435897435897435897,11.866,0.07606410256410256410256410256
differentiated_slowdown,exp08_confirmatory_n64_wide_layered_homogeneous_19,64,wide_layered,homogeneous,tied,19,io,4,true,t01->t02->t08->t15->t21->t26->t35->t40->t45->t53->t56->t60->t64 => t01->t02->t08->t15->t21->t26->t35->t40->t45->t53->t56->t60->t64,11.0592,0.05559845559845559845559845560,11.0592,0.0000,11.059200,true,,,,,,
schedule_policy,exp08_confirmatory_n64_wide_layered_lognormal_00,64,wide_layered,lognormal,tied,0,io,1,,,,,,,,,0.000,0,0,0,0,0
schedule_policy,exp08_confirmatory_n64_wide_layered_lognormal_00,64,wide_layered,lognormal,tied,0,io,4,,,,,,,,,-8.634,-0.01530851063829787234042553191,14.478,0.02567021276595744680851063830,0.939,0.001664893617021276595744680851
schedule_policy,exp08_confirmatory_n64_wide_layered_lognormal_00,64,wide_layered,lognormal,tied,0,io,8,,,,,,,,,-2.841,-0.005037234042553191489361702128,67.107,0.1189840425531914893617021277,19.162,0.03397517730496453900709219858
schedule_policy,exp08_confirmatory_n64_wide_layered_lognormal_00,64,wide_layered,lognormal,tied,0,equal_alternating,1,,,,,,,,,0.000,0,0,0,0,0
schedule_policy,exp08_confirmatory_n64_wide_layered_lognormal_00,64,wide_layered,lognormal,tied,0,equal_alternating,4,,,,,,,,,12.708,0.02253191489361702127659574468,74.666,0.1323865248226950354609929078,35.370,0.06271276595744680851063829787
schedule_policy,exp08_confirmatory_n64_wide_layered_lognormal_00,64,wide_layered,lognormal,tied,0,equal_alternating,8,,,,,,,,,-1.746,-0.003095744680851063829787234043,87.134,0.1544929078014184397163120567,30.748,0.05451773049645390070921985816
differentiated_slowdown,exp08_confirmatory_n64_wide_layered_lognormal_00,64,wide_layered,lognormal,tied,0,io,4,true,t01->t02->t09->t15->t24->t27->t37->t39->t46->t50->t56->t59->t64 => t01->t02->t09->t15->t24->t27->t37->t39->t46->t50->t56->t59->t64,28.1664,0.04813742299078760633628928393,28.1664,28.1664,28.166400,true,,,,,,
schedule_policy,exp08_confirmatory_n64_wide_layered_lognormal_01,64,wide_layered,lognormal,unique,1,io,1,,,,,,,,,0.000,0,0,0,0,0
schedule_policy,exp08_confirmatory_n64_wide_layered_lognormal_01,64,wide_layered,lognormal,unique,1,io,4,,,,,,,,,10.381,0.02218162393162393162393162393,64.851,0.1385705128205128205128205128,34.729,0.07420726495726495726495726496
schedule_policy,exp08_confirmatory_n64_wide_layered_lognormal_01,64,wide_layered,lognormal,unique,1,io,8,,,,,,,,,-1.415,-0.003023504273504273504273504274,43.241,0.09239529914529914529914529915,8.675,0.01853632478632478632478632479
schedule_policy,exp08_confirmatory_n64_wide_layered_lognormal_01,64,wide_layered,lognormal,unique,1,equal_alternating,1,,,,,,,,,0.000,0,0,0,0,0
schedule_policy,exp08_confirmatory_n64_wide_layered_lognormal_01,64,wide_layered,lognormal,unique,1,equal_alternating,4,,,,,,,,,7.144,0.01526495726495726495726495726,36.098,0.07713247863247863247863247863,23.487,0.05018589743589743589743589744
schedule_policy,exp08_confirmatory_n64_wide_layered_lognormal_01,64,wide_layered,lognormal,unique,1,equal_alternating,8,,,,,,,,,-6.473,-0.01383119658119658119658119658,51.677,0.1104209401709401709401709402,11.287,0.02411752136752136752136752137
differentiated_slowdown,exp08_confirmatory_n64_wide_layered_lognormal_01,64,wide_layered,lognormal,unique,1,io,4,true,t01->t03->t13->t18->t21->t27->t32->t43->t48->t51->t55->t62->t64 => t01->t03->t13->t18->t21->t27->t32->t43->t48->t51->t55->t62->t64,24.5376,0.05044703653265439043164189709,24.5376,24.5376,24.537600,true,,,,,,
schedule_policy,exp08_confirmatory_n64_wide_layered_lognormal_02,64,wide_layered,lognormal,tied,2,io,1,,,,,,,,,0.000,0,0,0,0,0
schedule_policy,exp08_confirmatory_n64_wide_layered_lognormal_02,64,wide_layered,lognormal,tied,2,io,4,,,,,,,,,0.216,0.0004736842105263157894736842105,7.575,0.01661184210526315789473684211,-2.169,-0.004756578947368421052631578947
schedule_policy,exp08_confirmatory_n64_wide_layered_lognormal_02,64,wide_layered,lognormal,tied,2,io,8,,,,,,,,,2.709,0.005940789473684210526315789474,60.430,0.1325219298245614035087719298,17.935,0.03933114035087719298245614035
schedule_policy,exp08_confirmatory_n64_wide_layered_lognormal_02,64,wide_layered,lognormal,tied,2,equal_alternating,1,,,,,,,,,0.000,0,0,0,0,0
schedule_policy,exp08_confirmatory_n64_wide_layered_lognormal_02,64,wide_layered,lognormal,tied,2,equal_alternating,4,,,,,,,,,7.415,0.01626096491228070175438596491,45.939,0.1007434210526315789473684211,17.890,0.03923245614035087719298245614
schedule_policy,exp08_confirmatory_n64_wide_layered_lognormal_02,64,wide_layered,lognormal,tied,2,equal_alternating,8,,,,,,,,,5.346,0.01172368421052631578947368421,77.912,0.1708596491228070175438596491,25.213,0.05529166666666666666666666667
differentiated_slowdown,exp08_confirmatory_n64_wide_layered_lognormal_02,64,wide_layered,lognormal,tied,2,io,4,true,t01->t07->t11->t19->t23->t31->t32->t42->t44->t52->t58->t61->t64 => t01->t07->t11->t19->t23->t31->t32->t42->t44->t52->t58->t61->t64,24.0192,0.05067187832268386783186333580,24.0192,24.0192,24.019200,true,,,,,,
schedule_policy,exp08_confirmatory_n64_wide_layered_lognormal_03,64,wide_layered,lognormal,tied,3,io,1,,,,,,,,,0.000,0,0,0,0,0
schedule_policy,exp08_confirmatory_n64_wide_layered_lognormal_03,64,wide_layered,lognormal,tied,3,io,4,,,,,,,,,2.146,0.004470833333333333333333333333,86.979,0.18120625,47.180,0.09829166666666666666666666667
schedule_policy,exp08_confirmatory_n64_wide_layered_lognormal_03,64,wide_layered,lognormal,tied,3,io,8,,,,,,,,,2.996,0.006241666666666666666666666667,113.264,0.2359666666666666666666666667,23.805,0.04959375
schedule_policy,exp08_confirmatory_n64_wide_layered_lognormal_03,64,wide_layered,lognormal,tied,3,equal_alternating,1,,,,,,,,,0.000,0,0,0,0,0
schedule_policy,exp08_confirmatory_n64_wide_layered_lognormal_03,64,wide_layered,lognormal,tied,3,equal_alternating,4,,,,,,,,,7.344,0.0153,106.823,0.2225479166666666666666666667,58.339,0.1215395833333333333333333333
schedule_policy,exp08_confirmatory_n64_wide_layered_lognormal_03,64,wide_layered,lognormal,tied,3,equal_alternating,8,,,,,,,,,0.820,0.001708333333333333333333333333,116.685,0.24309375,39.386,0.08205416666666666666666666667
differentiated_slowdown,exp08_confirmatory_n64_wide_layered_lognormal_03,64,wide_layered,lognormal,tied,3,io,4,true,t01->t07->t08->t16->t25->t26->t36->t39->t47->t49->t58->t61->t64 => t01->t07->t08->t16->t25->t26->t36->t39->t47->t49->t58->t61->t64,23.1552,0.04655561774981180875909590998,23.1552,23.1552,23.155200,true,,,,,,
schedule_policy,exp08_confirmatory_n64_wide_layered_lognormal_04,64,wide_layered,lognormal,tied,4,io,1,,,,,,,,,0.000,0,0,0,0,0
schedule_policy,exp08_confirmatory_n64_wide_layered_lognormal_04,64,wide_layered,lognormal,tied,4,io,4,,,,,,,,,8.108,0.01468840579710144927536231884,43.466,0.07874275362318840579710144928,21.427,0.03881702898550724637681159420
schedule_policy,exp08_confirmatory_n64_wide_layered_lognormal_04,64,wide_layered,lognormal,tied,4,io,8,,,,,,,,,4.127,0.007476449275362318840579710145,30.869,0.05592210144927536231884057971,6.687,0.01211413043478260869565217391
schedule_policy,exp08_confirmatory_n64_wide_layered_lognormal_04,64,wide_layered,lognormal,tied,4,equal_alternating,1,,,,,,,,,0.000,0,0,0,0,0
schedule_policy,exp08_confirmatory_n64_wide_layered_lognormal_04,64,wide_layered,lognormal,tied,4,equal_alternating,4,,,,,,,,,-3.746,-0.006786231884057971014492753623,59.121,0.1071032608695652173913043478,35.205,0.06377717391304347826086956522
schedule_policy,exp08_confirmatory_n64_wide_layered_lognormal_04,64,wide_layered,lognormal,tied,4,equal_alternating,8,,,,,,,,,-4.087,-0.007403985507246376811594202899,45.363,0.08217934782608695652173913043,12.360,0.02239130434782608695652173913
differentiated_slowdown,exp08_confirmatory_n64_wide_layered_lognormal_04,64,wide_layered,lognormal,tied,4,io,4,true,t01->t05->t12->t15->t24->t29->t34->t38->t46->t51->t56->t62->t64 => t01->t05->t12->t15->t24->t29->t34->t38->t46->t51->t56->t62->t64,27.1296,0.04740059879737334261441306955,27.1296,27.1296,27.129600,true,,,,,,
schedule_policy,exp08_confirmatory_n64_wide_layered_lognormal_05,64,wide_layered,lognormal,tied,5,io,1,,,,,,,,,0.000,0,0,0,0,0
schedule_policy,exp08_confirmatory_n64_wide_layered_lognormal_05,64,wide_layered,lognormal,tied,5,io,4,,,,,,,,,2.972,0.006693693693693693693693693694,33.636,0.07575675675675675675675675676,23.448,0.05281081081081081081081081081
schedule_policy,exp08_confirmatory_n64_wide_layered_lognormal_05,64,wide_layered,lognormal,tied,5,io,8,,,,,,,,,7.650,0.01722972972972972972972972973,70.376,0.1585045045045045045045045045,25.550,0.05754504504504504504504504505
schedule_policy,exp08_confirmatory_n64_wide_layered_lognormal_05,64,wide_layered,lognormal,tied,5,equal_alternating,1,,,,,,,,,0.000,0,0,0,0,0
schedule_policy,exp08_confirmatory_n64_wide_layered_lognormal_05,64,wide_layered,lognormal,tied,5,equal_alternating,4,,,,,,,,,10.168,0.02290090090090090090090090090,41.786,0.09411261261261261261261261261,22.299,0.05022297297297297297297297297
schedule_policy,exp08_confirmatory_n64_wide_layered_lognormal_05,64,wide_layered,lognormal,tied,5,equal_alternating,8,,,,,,,,,1.745,0.003930180180180180180180180180,51.987,0.1170878378378378378378378378,24.739,0.05571846846846846846846846847
differentiated_slowdown,exp08_confirmatory_n64_wide_layered_lognormal_05,64,wide_layered,lognormal,tied,5,io,4,true,t01->t03->t08->t19->t25->t28->t32->t38->t44->t52->t55->t59->t64 => t01->t03->t08->t19->t25->t28->t32->t38->t44->t52->t55->t59->t64,22.6368,0.04910607370076116496766871102,22.6368,22.6368,22.636800,true,,,,,,
schedule_policy,exp08_confirmatory_n64_wide_layered_lognormal_06,64,wide_layered,lognormal,tied,6,io,1,,,,,,,,,0.000,0,0,0,0,0
schedule_policy,exp08_confirmatory_n64_wide_layered_lognormal_06,64,wide_layered,lognormal,tied,6,io,4,,,,,,,,,6.021,0.01223780487804878048780487805,69.881,0.1420345528455284552845528455,33.351,0.06778658536585365853658536585
schedule_policy,exp08_confirmatory_n64_wide_layered_lognormal_06,64,wide_layered,lognormal,tied,6,io,8,,,,,,,,,4.657,0.009465447154471544715447154472,59.441,0.1208150406504065040650406504,-2.262,-0.004597560975609756097560975610
schedule_policy,exp08_confirmatory_n64_wide_layered_lognormal_06,64,wide_layered,lognormal,tied,6,equal_alternating,1,,,,,,,,,0.000,0,0,0,0,0
schedule_policy,exp08_confirmatory_n64_wide_layered_lognormal_06,64,wide_layered,lognormal,tied,6,equal_alternating,4,,,,,,,,,20.086,0.04082520325203252032520325203,74.316,0.1510487804878048780487804878,39.960,0.08121951219512195121951219512
schedule_policy,exp08_confirmatory_n64_wide_layered_lognormal_06,64,wide_layered,lognormal,tied,6,equal_alternating,8,,,,,,,,,-3.098,-0.006296747967479674796747967480,56.116,0.1140569105691056910569105691,21.094,0.04287398373983739837398373984
differentiated_slowdown,exp08_confirmatory_n64_wide_layered_lognormal_06,64,wide_layered,lognormal,tied,6,io,4,true,t01->t05->t11->t19->t22->t29->t32->t38->t45->t50->t58->t60->t64 => t01->t05->t11->t19->t22->t29->t32->t38->t45->t50->t58->t60->t64,25.2288,0.04937900452828770598072189549,25.2288,25.2288,25.228800,true,,,,,,
schedule_policy,exp08_confirmatory_n64_wide_layered_lognormal_07,64,wide_layered,lognormal,tied,7,io,1,,,,,,,,,0.000,0,0,0,0,0
schedule_policy,exp08_confirmatory_n64_wide_layered_lognormal_07,64,wide_layered,lognormal,tied,7,io,4,,,,,,,,,0.209,0.0003958333333333333333333333333,34.475,0.06529356060606060606060606061,19.174,0.03631439393939393939393939394
schedule_policy,exp08_confirmatory_n64_wide_layered_lognormal_07,64,wide_layered,lognormal,tied,7,io,8,,,,,,,,,10.183,0.01928598484848484848484848485,76.367,0.1446344696969696969696969697,23.057,0.04366856060606060606060606061
schedule_policy,exp08_confirmatory_n64_wide_layered_lognormal_07,64,wide_layered,lognormal,tied,7,equal_alternating,1,,,,,,,,,0.000,0,0,0,0,0
schedule_policy,exp08_confirmatory_n64_wide_layered_lognormal_07,64,wide_layered,lognormal,tied,7,equal_alternating,4,,,,,,,,,4.855,0.009195075757575757575757575758,55.358,0.1048446969696969696969696970,34.912,0.06612121212121212121212121212
schedule_policy,exp08_confirmatory_n64_wide_layered_lognormal_07,64,wide_layered,lognormal,tied,7,equal_alternating,8,,,,,,,,,1.111,0.002104166666666666666666666667,65.872,0.1247575757575757575757575758,30.133,0.05707007575757575757575757576
differentiated_slowdown,exp08_confirmatory_n64_wide_layered_lognormal_07,64,wide_layered,lognormal,tied,7,io,4,true,t01->t04->t08->t15->t25->t29->t36->t40->t47->t53->t58->t62->t64 => t01->t04->t08->t15->t25->t29->t36->t40->t47->t53->t58->t62->t64,25.9200,0.04734765453748355984217448488,25.9200,25.9200,25.920000,true,,,,,,
schedule_policy,exp08_confirmatory_n64_wide_layered_lognormal_08,64,wide_layered,lognormal,tied,8,io,1,,,,,,,,,0.000,0,0,0,0,0
schedule_policy,exp08_confirmatory_n64_wide_layered_lognormal_08,64,wide_layered,lognormal,tied,8,io,4,,,,,,,,,4.382,0.008492248062015503875968992248,35.211,0.06823837209302325581395348837,23.804,0.04613178294573643410852713178
schedule_policy,exp08_confirmatory_n64_wide_layered_lognormal_08,64,wide_layered,lognormal,tied,8,io,8,,,,,,,,,-2.334,-0.004523255813953488372093023256,45.514,0.08820542635658914728682170543,6.282,0.01217441860465116279069767442
schedule_policy,exp08_confirmatory_n64_wide_layered_lognormal_08,64,wide_layered,lognormal,tied,8,equal_alternating,1,,,,,,,,,0.000,0,0,0,0,0
schedule_policy,exp08_confirmatory_n64_wide_layered_lognormal_08,64,wide_layered,lognormal,tied,8,equal_alternating,4,,,,,,,,,6.655,0.01289728682170542635658914729,38.612,0.07482945736434108527131782946,29.212,0.05661240310077519379844961240
schedule_policy,exp08_confirmatory_n64_wide_layered_lognormal_08,64,wide_layered,lognormal,tied,8,equal_alternating,8,,,,,,,,,5.141,0.009963178294573643410852713178,67.272,0.1303720930232558139534883721,33.332,0.06459689922480620155038759690
differentiated_slowdown,exp08_confirmatory_n64_wide_layered_lognormal_08,64,wide_layered,lognormal,tied,8,io,4,true,t01->t04->t12->t18->t25->t28->t35->t40->t48->t51->t57->t59->t64 => t01->t04->t12->t18->t25->t28->t35->t40->t48->t51->t57->t59->t64,28.1664,0.05243920965853745721664685749,28.1664,28.1664,28.166400,true,,,,,,
schedule_policy,exp08_confirmatory_n64_wide_layered_lognormal_09,64,wide_layered,lognormal,unique,9,io,1,,,,,,,,,0.000,0,0,0,0,0
schedule_policy,exp08_confirmatory_n64_wide_layered_lognormal_09,64,wide_layered,lognormal,unique,9,io,4,,,,,,,,,33.073,0.06722154471544715447154471545,89.926,0.1827764227642276422764227642,51.572,0.1048211382113821138211382114
schedule_policy,exp08_confirmatory_n64_wide_layered_lognormal_09,64,wide_layered,lognormal,unique,9,io,8,,,,,,,,,-0.247,-0.0005020325203252032520325203252,62.143,0.1263069105691056910569105691,15.382,0.03126422764227642276422764228
schedule_policy,exp08_confirmatory_n64_wide_layered_lognormal_09,64,wide_layered,lognormal,unique,9,equal_alternating,1,,,,,,,,,0.000,0,0,0,0,0
schedule_policy,exp08_confirmatory_n64_wide_layered_lognormal_09,64,wide_layered,lognormal,unique,9,equal_alternating,4,,,,,,,,,12.666,0.02574390243902439024390243902,70.998,0.1443048780487804878048780488,45.440,0.09235772357723577235772357724
schedule_policy,exp08_confirmatory_n64_wide_layered_lognormal_09,64,wide_layered,lognormal,unique,9,equal_alternating,8,,,,,,,,,-2.909,-0.005912601626016260162601626016,44.266,0.08997154471544715447154471545,18.788,0.03818699186991869918699186992
differentiated_slowdown,exp08_confirmatory_n64_wide_layered_lognormal_09,64,wide_layered,lognormal,unique,9,io,4,true,t01->t02->t10->t14->t25->t31->t36->t39->t46->t50->t58->t59->t64 => t01->t02->t10->t14->t25->t31->t36->t39->t46->t50->t58->t59->t64,25.2288,0.04937900452828770598072189549,25.2288,25.2288,25.228800,true,,,,,,
schedule_policy,exp08_confirmatory_n64_wide_layered_lognormal_10,64,wide_layered,lognormal,tied,10,io,1,,,,,,,,,0.000,0,0,0,0,0
schedule_policy,exp08_confirmatory_n64_wide_layered_lognormal_10,64,wide_layered,lognormal,tied,10,io,4,,,,,,,,,-0.600,-0.001219512195121951219512195122,68.715,0.1396646341463414634146341463,20.114,0.04088211382113821138211382114
schedule_policy,exp08_confirmatory_n64_wide_layered_lognormal_10,64,wide_layered,lognormal,tied,10,io,8,,,,,,,,,-0.300,-0.0006097560975609756097560975610,25.471,0.05177032520325203252032520325,-1.931,-0.003924796747967479674796747967
schedule_policy,exp08_confirmatory_n64_wide_layered_lognormal_10,64,wide_layered,lognormal,tied,10,equal_alternating,1,,,,,,,,,0.000,0,0,0,0,0
schedule_policy,exp08_confirmatory_n64_wide_layered_lognormal_10,64,wide_layered,lognormal,tied,10,equal_alternating,4,,,,,,,,,-1.140,-0.002317073170731707317073170732,62.281,0.1265873983739837398373983740,32.389,0.06583130081300813008130081301
schedule_policy,exp08_confirmatory_n64_wide_layered_lognormal_10,64,wide_layered,lognormal,tied,10,equal_alternating,8,,,,,,,,,-2.170,-0.004410569105691056910569105691,77.422,0.1573617886178861788617886179,33.269,0.06761991869918699186991869919
differentiated_slowdown,exp08_confirmatory_n64_wide_layered_lognormal_10,64,wide_layered,lognormal,tied,10,io,4,true,t01->t02->t11->t15->t21->t31->t32->t43->t44->t50->t56->t61->t64 => t01->t02->t11->t15->t21->t31->t32->t43->t44->t50->t56->t61->t64,23.8464,0.04676821117240600229698943761,23.8464,23.8464,23.846400,true,,,,,,
schedule_policy,exp08_confirmatory_n64_wide_layered_lognormal_11,64,wide_layered,lognormal,tied,11,io,1,,,,,,,,,0.000,0,0,0,0,0
schedule_policy,exp08_confirmatory_n64_wide_layered_lognormal_11,64,wide_layered,lognormal,tied,11,io,4,,,,,,,,,5.355,0.01037790697674418604651162791,68.774,0.1332829457364341085271317829,36.956,0.07162015503875968992248062016
schedule_policy,exp08_confirmatory_n64_wide_layered_lognormal_11,64,wide_layered,lognormal,tied,11,io,8,,,,,,,,,5.377,0.01042054263565891472868217054,65.121,0.1262034883720930232558139535,37.355,0.07239341085271317829457364341
schedule_policy,exp08_confirmatory_n64_wide_layered_lognormal_11,64,wide_layered,lognormal,tied,11,equal_alternating,1,,,,,,,,,0.000,0,0,0,0,0
schedule_policy,exp08_confirmatory_n64_wide_layered_lognormal_11,64,wide_layered,lognormal,tied,11,equal_alternating,4,,,,,,,,,2.676,0.005186046511627906976744186047,70.916,0.1374341085271317829457364341,39.089,0.07575387596899224806201550388
schedule_policy,exp08_confirmatory_n64_wide_layered_lognormal_11,64,wide_layered,lognormal,tied,11,equal_alternating,8,,,,,,,,,5.240,0.01015503875968992248062015504,89.284,0.1730310077519379844961240310,44.082,0.08543023255813953488372093023
differentiated_slowdown,exp08_confirmatory_n64_wide_layered_lognormal_11,64,wide_layered,lognormal,tied,11,io,4,true,t01->t04->t13->t19->t23->t31->t37->t43->t47->t49->t57->t62->t64 => t01->t04->t13->t19->t23->t31->t37->t43->t47->t49->t57->t62->t64,26.4384,0.04934113283944424039917227293,26.4384,26.4384,26.438400,true,,,,,,
schedule_policy,exp08_confirmatory_n64_wide_layered_lognormal_12,64,wide_layered,lognormal,tied,12,io,1,,,,,,,,,0.000,0,0,0,0,0
schedule_policy,exp08_confirmatory_n64_wide_layered_lognormal_12,64,wide_layered,lognormal,tied,12,io,4,,,,,,,,,0.630,0.001418918918918918918918918919,20.308,0.04573873873873873873873873874,11.609,0.02614639639639639639639639640
schedule_policy,exp08_confirmatory_n64_wide_layered_lognormal_12,64,wide_layered,lognormal,tied,12,io,8,,,,,,,,,-5.729,-0.01290315315315315315315315315,-5.730,-0.01290540540540540540540540541,-7.663,-0.01725900900900900900900900901
schedule_policy,exp08_confirmatory_n64_wide_layered_lognormal_12,64,wide_layered,lognormal,tied,12,equal_alternating,1,,,,,,,,,0.000,0,0,0,0,0
schedule_policy,exp08_confirmatory_n64_wide_layered_lognormal_12,64,wide_layered,lognormal,tied,12,equal_alternating,4,,,,,,,,,0.250,0.0005630630630630630630630630631,38.952,0.08772972972972972972972972973,16.260,0.03662162162162162162162162162
schedule_policy,exp08_confirmatory_n64_wide_layered_lognormal_12,64,wide_layered,lognormal,tied,12,equal_alternating,8,,,,,,,,,4.589,0.01033558558558558558558558559,53.033,0.1194436936936936936936936937,25.672,0.05781981981981981981981981982
differentiated_slowdown,exp08_confirmatory_n64_wide_layered_lognormal_12,64,wide_layered,lognormal,tied,12,io,4,true,t01->t04->t09->t17->t25->t30->t36->t43->t48->t53->t58->t59->t64 => t01->t04->t09->t17->t25->t30->t36->t43->t48->t53->t58->t59->t64,23.1552,0.05018831020204332175034852993,23.1552,23.1552,23.155200,true,,,,,,
schedule_policy,exp08_confirmatory_n64_wide_layered_lognormal_13,64,wide_layered,lognormal,tied,13,io,1,,,,,,,,,0.000,0,0,0,0,0
schedule_policy,exp08_confirmatory_n64_wide_layered_lognormal_13,64,wide_layered,lognormal,tied,13,io,4,,,,,,,,,-3.376,-0.005985815602836879432624113475,23.600,0.04184397163120567375886524823,21.013,0.03725709219858156028368794326
schedule_policy,exp08_confirmatory_n64_wide_layered_lognormal_13,64,wide_layered,lognormal,tied,13,io,8,,,,,,,,,-0.572,-0.001014184397163120567375886525,48.562,0.08610283687943262411347517730,26.986,0.04784751773049645390070921986
schedule_policy,exp08_confirmatory_n64_wide_layered_lognormal_13,64,wide_layered,lognormal,tied,13,equal_alternating,1,,,,,,,,,0.000,0,0,0,0,0
schedule_policy,exp08_confirmatory_n64_wide_layered_lognormal_13,64,wide_layered,lognormal,tied,13,equal_alternating,4,,,,,,,,,11.645,0.02064716312056737588652482270,73.039,0.1295017730496453900709219858,40.302,0.07145744680851063829787234043
schedule_policy,exp08_confirmatory_n64_wide_layered_lognormal_13,64,wide_layered,lognormal,tied,13,equal_alternating,8,,,,,,,,,2.254,0.003996453900709219858156028369,73.721,0.1307109929078014184397163121,17.353,0.03076773049645390070921985816
differentiated_slowdown,exp08_confirmatory_n64_wide_layered_lognormal_13,64,wide_layered,lognormal,tied,13,io,4,true,t01->t04->t11->t15->t20->t28->t32->t42->t44->t49->t58->t62->t64 => t01->t04->t11->t15->t20->t28->t32->t42->t44->t49->t58->t62->t64,27.1296,0.04642719260056350060375064688,27.1296,27.1296,27.129600,true,,,,,,
schedule_policy,exp08_confirmatory_n64_wide_layered_lognormal_14,64,wide_layered,lognormal,tied,14,io,1,,,,,,,,,0.000,0,0,0,0,0
schedule_policy,exp08_confirmatory_n64_wide_layered_lognormal_14,64,wide_layered,lognormal,tied,14,io,4,,,,,,,,,-10.717,-0.02413738738738738738738738739,-1.472,-0.003315315315315315315315315315,-12.041,-0.02711936936936936936936936937
schedule_policy,exp08_confirmatory_n64_wide_layered_lognormal_14,64,wide_layered,lognormal,tied,14,io,8,,,,,,,,,-9.411,-0.02119594594594594594594594595,7.239,0.01630405405405405405405405405,4.365,0.009831081081081081081081081081
schedule_policy,exp08_confirmatory_n64_wide_layered_lognormal_14,64,wide_layered,lognormal,tied,14,equal_alternating,1,,,,,,,,,0.000,0,0,0,0,0
schedule_policy,exp08_confirmatory_n64_wide_layered_lognormal_14,64,wide_layered,lognormal,tied,14,equal_alternating,4,,,,,,,,,-4.343,-0.009781531531531531531531531532,13.891,0.03128603603603603603603603604,8.702,0.01959909909909909909909909910
schedule_policy,exp08_confirmatory_n64_wide_layered_lognormal_14,64,wide_layered,lognormal,tied,14,equal_alternating,8,,,,,,,,,-2.464,-0.005549549549549549549549549550,47.430,0.1068243243243243243243243243,16.173,0.03642567567567567567567567568
differentiated_slowdown,exp08_confirmatory_n64_wide_layered_lognormal_14,64,wide_layered,lognormal,tied,14,io,4,true,t01->t04->t13->t14->t23->t28->t32->t39->t44->t53->t55->t60->t64 => t01->t04->t13->t14->t23->t28->t32->t39->t44->t53->t55->t60->t64,22.2912,0.04838356792348645072564933374,22.2912,22.2912,22.291200,true,,,,,,
schedule_policy,exp08_confirmatory_n64_wide_layered_lognormal_15,64,wide_layered,lognormal,tied,15,io,1,,,,,,,,,0.000,0,0,0,0,0
schedule_policy,exp08_confirmatory_n64_wide_layered_lognormal_15,64,wide_layered,lognormal,tied,15,io,4,,,,,,,,,18.897,0.03423369565217391304347826087,42.473,0.07694384057971014492753623188,19.892,0.03603623188405797101449275362
schedule_policy,exp08_confirmatory_n64_wide_layered_lognormal_15,64,wide_layered,lognormal,tied,15,io,8,,,,,,,,,8.597,0.01557427536231884057971014493,77.342,0.1401123188405797101449275362,31.032,0.05621739130434782608695652174
schedule_policy,exp08_confirmatory_n64_wide_layered_lognormal_15,64,wide_layered,lognormal,tied,15,equal_alternating,1,,,,,,,,,0.000,0,0,0,0,0
schedule_policy,exp08_confirmatory_n64_wide_layered_lognormal_15,64,wide_layered,lognormal,tied,15,equal_alternating,4,,,,,,,,,12.157,0.02202355072463768115942028986,38.544,0.06982608695652173913043478261,25.500,0.04619565217391304347826086957
schedule_policy,exp08_confirmatory_n64_wide_layered_lognormal_15,64,wide_layered,lognormal,tied,15,equal_alternating,8,,,,,,,,,-0.571,-0.001034420289855072463768115942,49.198,0.08912681159420289855072463768,26.689,0.04834963768115942028985507246
differentiated_slowdown,exp08_confirmatory_n64_wide_layered_lognormal_15,64,wide_layered,lognormal,tied,15,io,4,true,t01->t05->t13->t18->t20->t28->t37->t41->t48->t49->t56->t63->t64 => t01->t05->t13->t18->t20->t28->t37->t41->t48->t49->t56->t63->t64,27.1296,0.04740059879737334261441306955,27.1296,27.1296,27.129600,true,,,,,,
schedule_policy,exp08_confirmatory_n64_wide_layered_lognormal_16,64,wide_layered,lognormal,tied,16,io,1,,,,,,,,,0.000,0,0,0,0,0
schedule_policy,exp08_confirmatory_n64_wide_layered_lognormal_16,64,wide_layered,lognormal,tied,16,io,4,,,,,,,,,18.068,0.03962280701754385964912280702,87.515,0.1919188596491228070175438596,44.122,0.09675877192982456140350877193
schedule_policy,exp08_confirmatory_n64_wide_layered_lognormal_16,64,wide_layered,lognormal,tied,16,io,8,,,,,,,,,16.233,0.03559868421052631578947368421,92.860,0.2036403508771929824561403509,34.013,0.07458991228070175438596491228
schedule_policy,exp08_confirmatory_n64_wide_layered_lognormal_16,64,wide_layered,lognormal,tied,16,equal_alternating,1,,,,,,,,,0.000,0,0,0,0,0
schedule_policy,exp08_confirmatory_n64_wide_layered_lognormal_16,64,wide_layered,lognormal,tied,16,equal_alternating,4,,,,,,,,,13.003,0.02851535087719298245614035088,53.966,0.1183464912280701754385964912,24.528,0.05378947368421052631578947368
schedule_policy,exp08_confirmatory_n64_wide_layered_lognormal_16,64,wide_layered,lognormal,tied,16,equal_alternating,8,,,,,,,,,6.242,0.01368859649122807017543859649,50.407,0.1105416666666666666666666667,16.773,0.03678289473684210526315789474
differentiated_slowdown,exp08_confirmatory_n64_wide_layered_lognormal_16,64,wide_layered,lognormal,tied,16,io,4,true,t01->t02->t12->t17->t20->t26->t33->t43->t47->t50->t55->t59->t64 => t01->t02->t12->t17->t20->t26->t33->t43->t47->t50->t55->t59->t64,24.5376,0.05172309124390391970374567457,24.5376,24.5376,24.537600,true,,,,,,
schedule_policy,exp08_confirmatory_n64_wide_layered_lognormal_17,64,wide_layered,lognormal,tied,17,io,1,,,,,,,,,0.000,0,0,0,0,0
schedule_policy,exp08_confirmatory_n64_wide_layered_lognormal_17,64,wide_layered,lognormal,tied,17,io,4,,,,,,,,,18.089,0.03865170940170940170940170940,60.971,0.1302799145299145299145299145,25.034,0.05349145299145299145299145299
schedule_policy,exp08_confirmatory_n64_wide_layered_lognormal_17,64,wide_layered,lognormal,tied,17,io,8,,,,,,,,,0.244,0.0005213675213675213675213675214,104.717,0.2237542735042735042735042735,9.599,0.02051068376068376068376068376
schedule_policy,exp08_confirmatory_n64_wide_layered_lognormal_17,64,wide_layered,lognormal,tied,17,equal_alternating,1,,,,,,,,,0.000,0,0,0,0,0
schedule_policy,exp08_confirmatory_n64_wide_layered_lognormal_17,64,wide_layered,lognormal,tied,17,equal_alternating,4,,,,,,,,,22.369,0.04779700854700854700854700855,77.835,0.1663141025641025641025641026,31.320,0.06692307692307692307692307692
schedule_policy,exp08_confirmatory_n64_wide_layered_lognormal_17,64,wide_layered,lognormal,tied,17,equal_alternating,8,,,,,,,,,3.919,0.008373931623931623931623931624,92.186,0.1969786324786324786324786325,19.481,0.04162606837606837606837606838
differentiated_slowdown,exp08_confirmatory_n64_wide_layered_lognormal_17,64,wide_layered,lognormal,tied,17,io,4,true,t01->t04->t11->t19->t22->t28->t32->t41->t48->t50->t56->t59->t64 => t01->t04->t11->t19->t22->t28->t32->t41->t48->t50->t56->t59->t64,25.9200,0.05317577548005908419497784343,25.9200,25.9200,25.920000,true,,,,,,
schedule_policy,exp08_confirmatory_n64_wide_layered_lognormal_18,64,wide_layered,lognormal,tied,18,io,1,,,,,,,,,0.000,0,0,0,0,0
schedule_policy,exp08_confirmatory_n64_wide_layered_lognormal_18,64,wide_layered,lognormal,tied,18,io,4,,,,,,,,,2.926,0.006252136752136752136752136752,27.167,0.05804914529914529914529914530,18.667,0.03988675213675213675213675214
schedule_policy,exp08_confirmatory_n64_wide_layered_lognormal_18,64,wide_layered,lognormal,tied,18,io,8,,,,,,,,,11.089,0.02369444444444444444444444444,50.021,0.1068824786324786324786324786,22.715,0.04853632478632478632478632479
schedule_policy,exp08_confirmatory_n64_wide_layered_lognormal_18,64,wide_layered,lognormal,tied,18,equal_alternating,1,,,,,,,,,0.000,0,0,0,0,0
schedule_policy,exp08_confirmatory_n64_wide_layered_lognormal_18,64,wide_layered,lognormal,tied,18,equal_alternating,4,,,,,,,,,11.347,0.02424572649572649572649572650,60.697,0.1296944444444444444444444444,36.602,0.07820940170940170940170940171
schedule_policy,exp08_confirmatory_n64_wide_layered_lognormal_18,64,wide_layered,lognormal,tied,18,equal_alternating,8,,,,,,,,,0.369,0.0007884615384615384615384615385,51.631,0.1103226495726495726495726496,15.545,0.03321581196581196581196581197
differentiated_slowdown,exp08_confirmatory_n64_wide_layered_lognormal_18,64,wide_layered,lognormal,tied,18,io,4,true,t01->t05->t12->t18->t22->t31->t36->t38->t47->t49->t54->t61->t64 => t01->t05->t12->t18->t22->t31->t36->t38->t47->t49->t54->t61->t64,23.8464,0.04907830004149131646019797285,23.8464,23.8464,23.846400,true,,,,,,
schedule_policy,exp08_confirmatory_n64_wide_layered_lognormal_19,64,wide_layered,lognormal,tied,19,io,1,,,,,,,,,0.000,0,0,0,0,0
schedule_policy,exp08_confirmatory_n64_wide_layered_lognormal_19,64,wide_layered,lognormal,tied,19,io,4,,,,,,,,,6.064,0.01263333333333333333333333333,29.658,0.0617875,19.511,0.04064791666666666666666666667
schedule_policy,exp08_confirmatory_n64_wide_layered_lognormal_19,64,wide_layered,lognormal,tied,19,io,8,,,,,,,,,13.367,0.02784791666666666666666666667,38.823,0.08088125,10.679,0.02224791666666666666666666667
schedule_policy,exp08_confirmatory_n64_wide_layered_lognormal_19,64,wide_layered,lognormal,tied,19,equal_alternating,1,,,,,,,,,0.000,0,0,0,0,0
schedule_policy,exp08_confirmatory_n64_wide_layered_lognormal_19,64,wide_layered,lognormal,tied,19,equal_alternating,4,,,,,,,,,6.544,0.01363333333333333333333333333,66.279,0.13808125,37.760,0.07866666666666666666666666667
schedule_policy,exp08_confirmatory_n64_wide_layered_lognormal_19,64,wide_layered,lognormal,tied,19,equal_alternating,8,,,,,,,,,13.755,0.02865625,63.556,0.1324083333333333333333333333,27.683,0.05767291666666666666666666667
differentiated_slowdown,exp08_confirmatory_n64_wide_layered_lognormal_19,64,wide_layered,lognormal,tied,19,io,4,true,t01->t02->t08->t14->t23->t30->t37->t39->t45->t49->t54->t60->t64 => t01->t02->t08->t14->t23->t30->t37->t39->t45->t49->t54->t60->t64,23.5008,0.04722586619337911875916351570,23.5008,23.5008,23.500800,true,,,,,,
schedule_policy,exp08_confirmatory_n64_mixed_homogeneous_00,64,mixed,homogeneous,tied,0,io,1,,,,,,,,,0.000,0,0,0,0,0
schedule_policy,exp08_confirmatory_n64_mixed_homogeneous_00,64,mixed,homogeneous,tied,0,io,4,,,,,,,,,-2.869,-0.008244252873563218390804597701,-2.468,-0.007091954022988505747126436782,-3.703,-0.01064080459770114942528735632
schedule_policy,exp08_confirmatory_n64_mixed_homogeneous_00,64,mixed,homogeneous,tied,0,io,8,,,,,,,,,-2.869,-0.008244252873563218390804597701,-2.468,-0.007091954022988505747126436782,-3.703,-0.01064080459770114942528735632
schedule_policy,exp08_confirmatory_n64_mixed_homogeneous_00,64,mixed,homogeneous,tied,0,equal_alternating,1,,,,,,,,,0.000,0,0,0,0,0
schedule_policy,exp08_confirmatory_n64_mixed_homogeneous_00,64,mixed,homogeneous,tied,0,equal_alternating,4,,,,,,,,,0.448,0.001287356321839080459770114943,0.147,0.0004224137931034482758620689655,-0.331,-0.0009511494252873563218390804598
schedule_policy,exp08_confirmatory_n64_mixed_homogeneous_00,64,mixed,homogeneous,tied,0,equal_alternating,8,,,,,,,,,0.448,0.001287356321839080459770114943,0.147,0.0004224137931034482758620689655,-0.331,-0.0009511494252873563218390804598
differentiated_slowdown,exp08_confirmatory_n64_mixed_homogeneous_00,64,mixed,homogeneous,tied,0,io,4,false,t01->t03->t05->t08->t13->t15->t19->t22->t23->t27->t28->t31->t33->t35->t36->t39->t40->t42->t45->t46->t48->t51->t52->t54->t56->t59->t60->t62->t64 => t01->t02->t07->t10->t11->t14->t17->t20->t25->t26->t29->t30->t33->t34->t37->t39->t41->t43->t44->t47->t49->t50->t53->t55->t57->t58->t61->t63->t64,11.0592,0.03046875968575785502047698354,4.3851,4.3851,11.059200,true,,,,,,
schedule_policy,exp08_confirmatory_n64_mixed_homogeneous_01,64,mixed,homogeneous,tied,1,io,1,,,,,,,,,0.000,0,0,0,0,0
schedule_policy,exp08_confirmatory_n64_mixed_homogeneous_01,64,mixed,homogeneous,tied,1,io,4,,,,,,,,,-5.443,-0.01564080459770114942528735632,-9.820,-0.02821839080459770114942528736,-7.239,-0.02080172413793103448275862069
schedule_policy,exp08_confirmatory_n64_mixed_homogeneous_01,64,mixed,homogeneous,tied,1,io,8,,,,,,,,,-5.443,-0.01564080459770114942528735632,-9.820,-0.02821839080459770114942528736,-7.239,-0.02080172413793103448275862069
schedule_policy,exp08_confirmatory_n64_mixed_homogeneous_01,64,mixed,homogeneous,tied,1,equal_alternating,1,,,,,,,,,0.000,0,0,0,0,0
schedule_policy,exp08_confirmatory_n64_mixed_homogeneous_01,64,mixed,homogeneous,tied,1,equal_alternating,4,,,,,,,,,-0.485,-0.001393678160919540229885057471,-2.853,-0.008198275862068965517241379310,-1.671,-0.004801724137931034482758620690
schedule_policy,exp08_confirmatory_n64_mixed_homogeneous_01,64,mixed,homogeneous,tied,1,equal_alternating,8,,,,,,,,,-0.485,-0.001393678160919540229885057471,-2.853,-0.008198275862068965517241379310,-1.671,-0.004801724137931034482758620690
differentiated_slowdown,exp08_confirmatory_n64_mixed_homogeneous_01,64,mixed,homogeneous,tied,1,io,4,false,t01->t04->t06->t08->t12->t14->t18->t21->t25->t26->t28->t30->t32->t34->t36->t39->t40->t42->t44->t46->t49->t51->t52->t54->t56->t59->t61->t62->t64 => t01->t03->t05->t09->t11->t16->t17->t22->t23->t27->t29->t31->t33->t35->t37->t38->t41->t43->t45->t46->t48->t51->t53->t54->t57->t58->t60->t63->t64,11.0592,0.03049113859555817294688947210,4.6515,4.6515,11.059200,true,,,,,,
schedule_policy,exp08_confirmatory_n64_mixed_homogeneous_02,64,mixed,homogeneous,tied,2,io,1,,,,,,,,,0.000,0,0,0,0,0
schedule_policy,exp08_confirmatory_n64_mixed_homogeneous_02,64,mixed,homogeneous,tied,2,io,4,,,,,,,,,-5.136,-0.01475862068965517241379310345,-8.338,-0.02395977011494252873563218391,-9.216,-0.02648275862068965517241379310
schedule_policy,exp08_confirmatory_n64_mixed_homogeneous_02,64,mixed,homogeneous,tied,2,io,8,,,,,,,,,-5.136,-0.01475862068965517241379310345,-8.338,-0.02395977011494252873563218391,-9.216,-0.02648275862068965517241379310
schedule_policy,exp08_confirmatory_n64_mixed_homogeneous_02,64,mixed,homogeneous,tied,2,equal_alternating,1,,,,,,,,,0.000,0,0,0,0,0
schedule_policy,exp08_confirmatory_n64_mixed_homogeneous_02,64,mixed,homogeneous,tied,2,equal_alternating,4,,,,,,,,,-0.326,-0.0009367816091954022988505747126,-2.499,-0.007181034482758620689655172414,-1.475,-0.004238505747126436781609195402
schedule_policy,exp08_confirmatory_n64_mixed_homogeneous_02,64,mixed,homogeneous,tied,2,equal_alternating,8,,,,,,,,,-0.326,-0.0009367816091954022988505747126,-2.499,-0.007181034482758620689655172414,-1.475,-0.004238505747126436781609195402
differentiated_slowdown,exp08_confirmatory_n64_mixed_homogeneous_02,64,mixed,homogeneous,tied,2,io,4,false,t01->t03->t05->t09->t11->t14->t18->t21->t25->t27->t28->t31->t33->t35->t36->t38->t40->t42->t44->t46->t48->t50->t52->t54->t57->t59->t61->t62->t64 => t01->t02->t07->t10->t13->t15->t17->t20->t23->t26->t29->t30->t32->t34->t37->t38->t41->t43->t45->t47->t48->t51->t53->t55->t56->t58->t61->t62->t64,11.0592,0.03051365143218981636681938392,4.9191,4.9191,11.059200,true,,,,,,
schedule_policy,exp08_confirmatory_n64_mixed_homogeneous_03,64,mixed,homogeneous,tied,3,io,1,,,,,,,,,0.000,0,0,0,0,0
schedule_policy,exp08_confirmatory_n64_mixed_homogeneous_03,64,mixed,homogeneous,tied,3,io,4,,,,,,,,,-4.107,-0.01180172413793103448275862069,0.363,0.001043103448275862068965517241,-1.106,-0.003178160919540229885057471264
schedule_policy,exp08_confirmatory_n64_mixed_homogeneous_03,64,mixed,homogeneous,tied,3,io,8,,,,,,,,,-4.107,-0.01180172413793103448275862069,0.363,0.001043103448275862068965517241,-1.106,-0.003178160919540229885057471264
schedule_policy,exp08_confirmatory_n64_mixed_homogeneous_03,64,mixed,homogeneous,tied,3,equal_alternating,1,,,,,,,,,0.000,0,0,0,0,0
schedule_policy,exp08_confirmatory_n64_mixed_homogeneous_03,64,mixed,homogeneous,tied,3,equal_alternating,4,,,,,,,,,0.585,0.001681034482758620689655172414,2.836,0.008149425287356321839080459770,2.165,0.006221264367816091954022988506
schedule_policy,exp08_confirmatory_n64_mixed_homogeneous_03,64,mixed,homogeneous,tied,3,equal_alternating,8,,,,,,,,,0.585,0.001681034482758620689655172414,2.836,0.008149425287356321839080459770,2.165,0.006221264367816091954022988506
differentiated_slowdown,exp08_confirmatory_n64_mixed_homogeneous_03,64,mixed,homogeneous,tied,3,io,4,false,t01->t03->t06->t09->t11->t16->t18->t22->t25->t26->t28->t30->t32->t35->t36->t38->t40->t42->t45->t47->t49->t51->t53->t55->t56->t58->t60->t62->t64 => t01->t02->t07->t08->t12->t15->t19->t20->t24->t27->t29->t31->t33->t34->t37->t38->t41->t42->t44->t46->t49->t51->t52->t54->t57->t59->t61->t62->t64,11.0592,0.03053614694858042204228706331,5.1861,5.1861,11.059200,true,,,,,,
schedule_policy,exp08_confirmatory_n64_mixed_homogeneous_04,64,mixed,homogeneous,tied,4,io,1,,,,,,,,,0.000,0,0,0,0,0
schedule_policy,exp08_confirmatory_n64_mixed_homogeneous_04,64,mixed,homogeneous,tied,4,io,4,,,,,,,,,-8.080,-0.02321839080459770114942528736,-13.506,-0.03881034482758620689655172414,-10.007,-0.02875574712643678160919540230
schedule_policy,exp08_confirmatory_n64_mixed_homogeneous_04,64,mixed,homogeneous,tied,4,io,8,,,,,,,,,-8.080,-0.02321839080459770114942528736,-13.506,-0.03881034482758620689655172414,-10.007,-0.02875574712643678160919540230
schedule_policy,exp08_confirmatory_n64_mixed_homogeneous_04,64,mixed,homogeneous,tied,4,equal_alternating,1,,,,,,,,,0.000,0,0,0,0,0
schedule_policy,exp08_confirmatory_n64_mixed_homogeneous_04,64,mixed,homogeneous,tied,4,equal_alternating,4,,,,,,,,,-3.335,-0.009583333333333333333333333333,-7.112,-0.02043678160919540229885057471,-5.666,-0.01628160919540229885057471264
schedule_policy,exp08_confirmatory_n64_mixed_homogeneous_04,64,mixed,homogeneous,tied,4,equal_alternating,8,,,,,,,,,-3.335,-0.009583333333333333333333333333,-7.112,-0.02043678160919540229885057471,-5.666,-0.01628160919540229885057471264
differentiated_slowdown,exp08_confirmatory_n64_mixed_homogeneous_04,64,mixed,homogeneous,tied,4,io,4,false,t01->t04->t07->t08->t12->t16->t19->t20->t23->t26->t28->t31->t33->t35->t36->t39->t41->t42->t44->t46->t48->t50->t52->t55->t57->t59->t60->t62->t64 => t01->t02->t05->t09->t11->t14->t18->t21->t23->t27->t29->t30->t32->t34->t36->t38->t40->t43->t44->t47->t49->t51->t53->t54->t56->t58->t61->t63->t64,11.0592,0.03049126469600546566506920584,4.6530,4.6530,11.059200,true,,,,,,
schedule_policy,exp08_confirmatory_n64_mixed_homogeneous_05,64,mixed,homogeneous,tied,5,io,1,,,,,,,,,0.000,0,0,0,0,0
schedule_policy,exp08_confirmatory_n64_mixed_homogeneous_05,64,mixed,homogeneous,tied,5,io,4,,,,,,,,,-5.647,-0.01622701149425287356321839080,-7.377,-0.02119827586206896551724137931,-9.183,-0.02638793103448275862068965517
schedule_policy,exp08_confirmatory_n64_mixed_homogeneous_05,64,mixed,homogeneous,tied,5,io,8,,,,,,,,,-5.647,-0.01622701149425287356321839080,-7.377,-0.02119827586206896551724137931,-9.183,-0.02638793103448275862068965517
schedule_policy,exp08_confirmatory_n64_mixed_homogeneous_05,64,mixed,homogeneous,tied,5,equal_alternating,1,,,,,,,,,0.000,0,0,0,0,0
schedule_policy,exp08_confirmatory_n64_mixed_homogeneous_05,64,mixed,homogeneous,tied,5,equal_alternating,4,,,,,,,,,1.438,0.004132183908045977011494252874,3.311,0.009514367816091954022988505747,2.816,0.008091954022988505747126436782
schedule_policy,exp08_confirmatory_n64_mixed_homogeneous_05,64,mixed,homogeneous,tied,5,equal_alternating,8,,,,,,,,,1.438,0.004132183908045977011494252874,3.311,0.009514367816091954022988505747,2.816,0.008091954022988505747126436782
differentiated_slowdown,exp08_confirmatory_n64_mixed_homogeneous_05,64,mixed,homogeneous,tied,5,io,4,false,t01->t04->t05->t08->t11->t14->t19->t21->t23->t26->t29->t31->t32->t34->t36->t38->t41->t42->t44->t47->t49->t50->t52->t55->t57->t59->t60->t62->t64 => t01->t02->t07->t10->t11->t15->t18->t22->t24->t27->t28->t30->t32->t35->t37->t39->t40->t43->t45->t46->t48->t51->t52->t55->t57->t59->t61->t63->t64,11.0592,0.03055862499450816811554316911,5.4525,5.4525,11.059200,true,,,,,,
schedule_policy,exp08_confirmatory_n64_mixed_homogeneous_06,64,mixed,homogeneous,tied,6,io,1,,,,,,,,,0.000,0,0,0,0,0
schedule_policy,exp08_confirmatory_n64_mixed_homogeneous_06,64,mixed,homogeneous,tied,6,io,4,,,,,,,,,-9.706,-0.02789080459770114942528735632,-9.283,-0.02667528735632183908045977011,-12.348,-0.03548275862068965517241379310
schedule_policy,exp08_confirmatory_n64_mixed_homogeneous_06,64,mixed,homogeneous,tied,6,io,8,,,,,,,,,-9.706,-0.02789080459770114942528735632,-9.283,-0.02667528735632183908045977011,-12.348,-0.03548275862068965517241379310
schedule_policy,exp08_confirmatory_n64_mixed_homogeneous_06,64,mixed,homogeneous,tied,6,equal_alternating,1,,,,,,,,,0.000,0,0,0,0,0
schedule_policy,exp08_confirmatory_n64_mixed_homogeneous_06,64,mixed,homogeneous,tied,6,equal_alternating,4,,,,,,,,,-2.776,-0.007977011494252873563218390805,-4.806,-0.01381034482758620689655172414,-5.422,-0.01558045977011494252873563218
schedule_policy,exp08_confirmatory_n64_mixed_homogeneous_06,64,mixed,homogeneous,tied,6,equal_alternating,8,,,,,,,,,-2.776,-0.007977011494252873563218390805,-4.806,-0.01381034482758620689655172414,-5.422,-0.01558045977011494252873563218
differentiated_slowdown,exp08_confirmatory_n64_mixed_homogeneous_06,64,mixed,homogeneous,tied,6,io,4,false,t01->t03->t06->t09->t12->t15->t17->t20->t25->t27->t29->t31->t32->t34->t36->t39->t40->t42->t44->t46->t49->t51->t53->t54->t56->t58->t61->t63->t64 => t01->t04->t07->t08->t13->t16->t19->t21->t23->t26->t28->t30->t33->t35->t37->t38->t41->t42->t44->t47->t48->t50->t53->t54->t57->t59->t60->t63->t64,11.0592,0.03053617224309655871652651041,5.1864,5.1864,11.059200,true,,,,,,
schedule_policy,exp08_confirmatory_n64_mixed_homogeneous_07,64,mixed,homogeneous,tied,7,io,1,,,,,,,,,0.000,0,0,0,0,0
schedule_policy,exp08_confirmatory_n64_mixed_homogeneous_07,64,mixed,homogeneous,tied,7,io,4,,,,,,,,,-7.434,-0.02136206896551724137931034483,-14.532,-0.04175862068965517241379310345,-9.971,-0.02865229885057471264367816092
schedule_policy,exp08_confirmatory_n64_mixed_homogeneous_07,64,mixed,homogeneous,tied,7,io,8,,,,,,,,,-7.434,-0.02136206896551724137931034483,-14.532,-0.04175862068965517241379310345,-9.971,-0.02865229885057471264367816092
schedule_policy,exp08_confirmatory_n64_mixed_homogeneous_07,64,mixed,homogeneous,tied,7,equal_alternating,1,,,,,,,,,0.000,0,0,0,0,0
schedule_policy,exp08_confirmatory_n64_mixed_homogeneous_07,64,mixed,homogeneous,tied,7,equal_alternating,4,,,,,,,,,-2.106,-0.006051724137931034482758620690,-6.109,-0.01755459770114942528735632184,-3.743,-0.01075574712643678160919540230
schedule_policy,exp08_confirmatory_n64_mixed_homogeneous_07,64,mixed,homogeneous,tied,7,equal_alternating,8,,,,,,,,,-2.106,-0.006051724137931034482758620690,-6.109,-0.01755459770114942528735632184,-3.743,-0.01075574712643678160919540230
differentiated_slowdown,exp08_confirmatory_n64_mixed_homogeneous_07,64,mixed,homogeneous,tied,7,io,4,false,t01->t04->t07->t10->t12->t14->t18->t21->t24->t26->t28->t31->t32->t34->t37->t38->t41->t42->t44->t46->t49->t50->t53->t55->t56->t58->t61->t63->t64 => t01->t03->t06->t09->t13->t15->t19->t22->t25->t27->t29->t30->t33->t35->t36->t39->t40->t43->t45->t47->t48->t51->t53->t54->t56->t58->t60->t62->t64,11.0592,0.03049118903561192881749868694,4.6521,4.6521,11.059200,true,,,,,,
schedule_policy,exp08_confirmatory_n64_mixed_homogeneous_08,64,mixed,homogeneous,tied,8,io,1,,,,,,,,,0.000,0,0,0,0,0
schedule_policy,exp08_confirmatory_n64_mixed_homogeneous_08,64,mixed,homogeneous,tied,8,io,4,,,,,,,,,-1.992,-0.005724137931034482758620689655,3.019,0.008675287356321839080459770115,6.793,0.01952011494252873563218390805
schedule_policy,exp08_confirmatory_n64_mixed_homogeneous_08,64,mixed,homogeneous,tied,8,io,8,,,,,,,,,-1.992,-0.005724137931034482758620689655,3.019,0.008675287356321839080459770115,6.793,0.01952011494252873563218390805
schedule_policy,exp08_confirmatory_n64_mixed_homogeneous_08,64,mixed,homogeneous,tied,8,equal_alternating,1,,,,,,,,,0.000,0,0,0,0,0
schedule_policy,exp08_confirmatory_n64_mixed_homogeneous_08,64,mixed,homogeneous,tied,8,equal_alternating,4,,,,,,,,,3.356,0.009643678160919540229885057471,8.155,0.02343390804597701149425287356,9.107,0.02616954022988505747126436782
schedule_policy,exp08_confirmatory_n64_mixed_homogeneous_08,64,mixed,homogeneous,tied,8,equal_alternating,8,,,,,,,,,3.356,0.009643678160919540229885057471,8.155,0.02343390804597701149425287356,9.107,0.02616954022988505747126436782
differentiated_slowdown,exp08_confirmatory_n64_mixed_homogeneous_08,64,mixed,homogeneous,tied,8,io,4,false,t01->t04->t06->t09->t12->t15->t17->t22->t23->t27->t29->t31->t32->t35->t37->t38->t41->t43->t44->t46->t48->t51->t53->t54->t56->t58->t61->t62->t64 => t01->t03->t07->t10->t13->t15->t18->t21->t25->t26->t29->t31->t33->t34->t36->t38->t41->t43->t45->t47->t49->t50->t53->t55->t57->t59->t60->t63->t64,11.0592,0.03058123763423466022920995981,5.7201,5.7201,11.059200,true,,,,,,
schedule_policy,exp08_confirmatory_n64_mixed_homogeneous_09,64,mixed,homogeneous,tied,9,io,1,,,,,,,,,0.000,0,0,0,0,0
schedule_policy,exp08_confirmatory_n64_mixed_homogeneous_09,64,mixed,homogeneous,tied,9,io,4,,,,,,,,,-10.123,-0.02908908045977011494252873563,-22.534,-0.06475287356321839080459770115,-20.943,-0.06018103448275862068965517241
schedule_policy,exp08_confirmatory_n64_mixed_homogeneous_09,64,mixed,homogeneous,tied,9,io,8,,,,,,,,,-10.123,-0.02908908045977011494252873563,-22.534,-0.06475287356321839080459770115,-20.943,-0.06018103448275862068965517241
schedule_policy,exp08_confirmatory_n64_mixed_homogeneous_09,64,mixed,homogeneous,tied,9,equal_alternating,1,,,,,,,,,0.000,0,0,0,0,0
schedule_policy,exp08_confirmatory_n64_mixed_homogeneous_09,64,mixed,homogeneous,tied,9,equal_alternating,4,,,,,,,,,-3.005,-0.008635057471264367816091954023,-5.608,-0.01611494252873563218390804598,-5.369,-0.01542816091954022988505747126
schedule_policy,exp08_confirmatory_n64_mixed_homogeneous_09,64,mixed,homogeneous,tied,9,equal_alternating,8,,,,,,,,,-3.005,-0.008635057471264367816091954023,-5.608,-0.01611494252873563218390804598,-5.369,-0.01542816091954022988505747126
differentiated_slowdown,exp08_confirmatory_n64_mixed_homogeneous_09,64,mixed,homogeneous,tied,9,io,4,false,t01->t04->t07->t10->t13->t16->t17->t21->t25->t26->t28->t30->t32->t34->t37->t39->t41->t43->t44->t46->t48->t51->t53->t55->t56->t58->t61->t63->t64 => t01->t02->t06->t09->t12->t15->t19->t22->t23->t27->t29->t31->t33->t35->t36->t38->t40->t42->t45->t47->t49->t50->t52->t54->t57->t59->t61->t62->t64,11.0592,0.03044633816380433866926112459,4.1178,4.1178,11.059200,true,,,,,,
schedule_policy,exp08_confirmatory_n64_mixed_homogeneous_10,64,mixed,homogeneous,tied,10,io,1,,,,,,,,,0.000,0,0,0,0,0
schedule_policy,exp08_confirmatory_n64_mixed_homogeneous_10,64,mixed,homogeneous,tied,10,io,4,,,,,,,,,-6.953,-0.01997988505747126436781609195,-11.132,-0.03198850574712643678160919540,-9.288,-0.02668965517241379310344827586
schedule_policy,exp08_confirmatory_n64_mixed_homogeneous_10,64,mixed,homogeneous,tied,10,io,8,,,,,,,,,-6.953,-0.01997988505747126436781609195,-11.132,-0.03198850574712643678160919540,-9.288,-0.02668965517241379310344827586
schedule_policy,exp08_confirmatory_n64_mixed_homogeneous_10,64,mixed,homogeneous,tied,10,equal_alternating,1,,,,,,,,,0.000,0,0,0,0,0
schedule_policy,exp08_confirmatory_n64_mixed_homogeneous_10,64,mixed,homogeneous,tied,10,equal_alternating,4,,,,,,,,,-2.149,-0.006175287356321839080459770115,-5.567,-0.01599712643678160919540229885,-4.706,-0.01352298850574712643678160920
schedule_policy,exp08_confirmatory_n64_mixed_homogeneous_10,64,mixed,homogeneous,tied,10,equal_alternating,8,,,,,,,,,-2.149,-0.006175287356321839080459770115,-5.567,-0.01599712643678160919540229885,-4.706,-0.01352298850574712643678160920
differentiated_slowdown,exp08_confirmatory_n64_mixed_homogeneous_10,64,mixed,homogeneous,tied,10,io,4,false,t01->t04->t06->t08->t12->t16->t18->t22->t25->t26->t28->t31->t32->t34->t36->t39->t40->t43->t45->t46->t49->t51->t52->t54->t57->t59->t60->t63->t64 => t01->t03->t05->t10->t11->t15->t19->t21->t23->t27->t29->t30->t33->t35->t37->t39->t40->t43->t45->t46->t48->t50->t53->t55->t57->t58->t61->t62->t64,11.0592,0.03055870098994142584060467499,5.4534,5.4534,11.059200,true,,,,,,
schedule_policy,exp08_confirmatory_n64_mixed_homogeneous_11,64,mixed,homogeneous,tied,11,io,1,,,,,,,,,0.000,0,0,0,0,0
schedule_policy,exp08_confirmatory_n64_mixed_homogeneous_11,64,mixed,homogeneous,tied,11,io,4,,,,,,,,,-11.018,-0.03166091954022988505747126437,-18.095,-0.05199712643678160919540229885,-12.261,-0.03523275862068965517241379310
schedule_policy,exp08_confirmatory_n64_mixed_homogeneous_11,64,mixed,homogeneous,tied,11,io,8,,,,,,,,,-11.018,-0.03166091954022988505747126437,-18.095,-0.05199712643678160919540229885,-12.261,-0.03523275862068965517241379310
schedule_policy,exp08_confirmatory_n64_mixed_homogeneous_11,64,mixed,homogeneous,tied,11,equal_alternating,1,,,,,,,,,0.000,0,0,0,0,0
schedule_policy,exp08_confirmatory_n64_mixed_homogeneous_11,64,mixed,homogeneous,tied,11,equal_alternating,4,,,,,,,,,0.823,0.002364942528735632183908045977,-1.624,-0.004666666666666666666666666667,1.902,0.005465517241379310344827586207
schedule_policy,exp08_confirmatory_n64_mixed_homogeneous_11,64,mixed,homogeneous,tied,11,equal_alternating,8,,,,,,,,,0.823,0.002364942528735632183908045977,-1.624,-0.004666666666666666666666666667,1.902,0.005465517241379310344827586207
differentiated_slowdown,exp08_confirmatory_n64_mixed_homogeneous_11,64,mixed,homogeneous,tied,11,io,4,false,t01->t04->t05->t10->t11->t14->t17->t21->t25->t26->t29->t31->t32->t35->t36->t38->t41->t43->t45->t46->t48->t51->t52->t55->t56->t58->t60->t63->t64 => t01->t02->t07->t08->t12->t15->t19->t22->t24->t26->t28->t30->t33->t34->t37->t39->t40->t42->t44->t47->t49->t50->t53->t54->t57->t59->t61->t63->t64,11.0592,0.03046878486875709772922255999,4.3854,4.3854,11.059200,true,,,,,,
schedule_policy,exp08_confirmatory_n64_mixed_homogeneous_12,64,mixed,homogeneous,tied,12,io,1,,,,,,,,,0.000,0,0,0,0,0
schedule_policy,exp08_confirmatory_n64_mixed_homogeneous_12,64,mixed,homogeneous,tied,12,io,4,,,,,,,,,-7.808,-0.02243678160919540229885057471,-14.809,-0.04255459770114942528735632184,-10.583,-0.03041091954022988505747126437
schedule_policy,exp08_confirmatory_n64_mixed_homogeneous_12,64,mixed,homogeneous,tied,12,io,8,,,,,,,,,-7.808,-0.02243678160919540229885057471,-14.809,-0.04255459770114942528735632184,-10.583,-0.03041091954022988505747126437
schedule_policy,exp08_confirmatory_n64_mixed_homogeneous_12,64,mixed,homogeneous,tied,12,equal_alternating,1,,,,,,,,,0.000,0,0,0,0,0
schedule_policy,exp08_confirmatory_n64_mixed_homogeneous_12,64,mixed,homogeneous,tied,12,equal_alternating,4,,,,,,,,,-1.860,-0.005344827586206896551724137931,-6.229,-0.01789942528735632183908045977,-4.376,-0.01257471264367816091954022989
schedule_policy,exp08_confirmatory_n64_mixed_homogeneous_12,64,mixed,homogeneous,tied,12,equal_alternating,8,,,,,,,,,-1.860,-0.005344827586206896551724137931,-6.229,-0.01789942528735632183908045977,-4.376,-0.01257471264367816091954022989
differentiated_slowdown,exp08_confirmatory_n64_mixed_homogeneous_12,64,mixed,homogeneous,tied,12,io,4,false,t01->t02->t07->t10->t13->t16->t17->t20->t24->t26->t28->t30->t32->t35->t36->t38->t40->t43->t45->t46->t48->t51->t53->t55->t56->t59->t61->t63->t64 => t01->t03->t06->t09->t11->t15->t18->t22->t25->t27->t29->t30->t33->t35->t37->t39->t40->t42->t44->t47->t49->t50->t52->t54->t57->t59->t60->t62->t64,11.0592,0.03051367668945149216050803153,4.9194,4.9194,11.059200,true,,,,,,
schedule_policy,exp08_confirmatory_n64_mixed_homogeneous_13,64,mixed,homogeneous,tied,13,io,1,,,,,,,,,0.000,0,0,0,0,0
schedule_policy,exp08_confirmatory_n64_mixed_homogeneous_13,64,mixed,homogeneous,tied,13,io,4,,,,,,,,,-8.254,-0.02371839080459770114942528736,-9.035,-0.02596264367816091954022988506,-9.452,-0.02716091954022988505747126437
schedule_policy,exp08_confirmatory_n64_mixed_homogeneous_13,64,mixed,homogeneous,tied,13,io,8,,,,,,,,,-8.254,-0.02371839080459770114942528736,-9.035,-0.02596264367816091954022988506,-9.452,-0.02716091954022988505747126437
schedule_policy,exp08_confirmatory_n64_mixed_homogeneous_13,64,mixed,homogeneous,tied,13,equal_alternating,1,,,,,,,,,0.000,0,0,0,0,0
schedule_policy,exp08_confirmatory_n64_mixed_homogeneous_13,64,mixed,homogeneous,tied,13,equal_alternating,4,,,,,,,,,-1.922,-0.005522988505747126436781609195,-2.528,-0.007264367816091954022988505747,-1.968,-0.005655172413793103448275862069
schedule_policy,exp08_confirmatory_n64_mixed_homogeneous_13,64,mixed,homogeneous,tied,13,equal_alternating,8,,,,,,,,,-1.922,-0.005522988505747126436781609195,-2.528,-0.007264367816091954022988505747,-1.968,-0.005655172413793103448275862069
differentiated_slowdown,exp08_confirmatory_n64_mixed_homogeneous_13,64,mixed,homogeneous,tied,13,io,4,false,t01->t03->t07->t09->t12->t14->t17->t22->t25->t27->t29->t30->t33->t34->t36->t38->t40->t42->t45->t47->t49->t50->t52->t54->t56->t58->t61->t62->t64 => t01->t02->t05->t08->t13->t16->t19->t21->t24->t26->t28->t31->t33->t35->t37->t39->t40->t43->t44->t46->t48->t51->t53->t55->t56->t59->t60->t63->t64,11.0592,0.03049118903561192881749868694,4.6521,4.6521,11.059200,true,,,,,,
schedule_policy,exp08_confirmatory_n64_mixed_homogeneous_14,64,mixed,homogeneous,tied,14,io,1,,,,,,,,,0.000,0,0,0,0,0
schedule_policy,exp08_confirmatory_n64_mixed_homogeneous_14,64,mixed,homogeneous,tied,14,io,4,,,,,,,,,-9.916,-0.02849425287356321839080459770,-11.131,-0.03198563218390804597701149425,-11.312,-0.03250574712643678160919540230
schedule_policy,exp08_confirmatory_n64_mixed_homogeneous_14,64,mixed,homogeneous,tied,14,io,8,,,,,,,,,-9.916,-0.02849425287356321839080459770,-11.131,-0.03198563218390804597701149425,-11.312,-0.03250574712643678160919540230
schedule_policy,exp08_confirmatory_n64_mixed_homogeneous_14,64,mixed,homogeneous,tied,14,equal_alternating,1,,,,,,,,,0.000,0,0,0,0,0
schedule_policy,exp08_confirmatory_n64_mixed_homogeneous_14,64,mixed,homogeneous,tied,14,equal_alternating,4,,,,,,,,,-2.322,-0.006672413793103448275862068966,-2.985,-0.008577586206896551724137931034,-2.445,-0.007025862068965517241379310345
schedule_policy,exp08_confirmatory_n64_mixed_homogeneous_14,64,mixed,homogeneous,tied,14,equal_alternating,8,,,,,,,,,-2.322,-0.006672413793103448275862068966,-2.985,-0.008577586206896551724137931034,-2.445,-0.007025862068965517241379310345
differentiated_slowdown,exp08_confirmatory_n64_mixed_homogeneous_14,64,mixed,homogeneous,tied,14,io,4,false,t01->t02->t06->t10->t11->t15->t18->t21->t25->t26->t29->t31->t32->t34->t36->t38->t40->t42->t45->t47->t49->t51->t53->t54->t56->t59->t60->t62->t64 => t01->t04->t07->t09->t12->t14->t17->t21->t24->t27->t28->t30->t32->t35->t37->t38->t41->t43->t44->t46->t48->t50->t52->t55->t56->t59->t61->t63->t64,11.0592,0.03053617224309655871652651041,5.1864,5.1864,11.059200,true,,,,,,
schedule_policy,exp08_confirmatory_n64_mixed_homogeneous_15,64,mixed,homogeneous,tied,15,io,1,,,,,,,,,0.000,0,0,0,0,0
schedule_policy,exp08_confirmatory_n64_mixed_homogeneous_15,64,mixed,homogeneous,tied,15,io,4,,,,,,,,,-13.883,-0.03989367816091954022988505747,-26.954,-0.07745402298850574712643678161,-20.847,-0.05990517241379310344827586207
schedule_policy,exp08_confirmatory_n64_mixed_homogeneous_15,64,mixed,homogeneous,tied,15,io,8,,,,,,,,,-13.883,-0.03989367816091954022988505747,-26.954,-0.07745402298850574712643678161,-20.847,-0.05990517241379310344827586207
schedule_policy,exp08_confirmatory_n64_mixed_homogeneous_15,64,mixed,homogeneous,tied,15,equal_alternating,1,,,,,,,,,0.000,0,0,0,0,0
schedule_policy,exp08_confirmatory_n64_mixed_homogeneous_15,64,mixed,homogeneous,tied,15,equal_alternating,4,,,,,,,,,-5.742,-0.0165,-13.413,-0.03854310344827586206896551724,-10.727,-0.03082471264367816091954022989
schedule_policy,exp08_confirmatory_n64_mixed_homogeneous_15,64,mixed,homogeneous,tied,15,equal_alternating,8,,,,,,,,,-5.742,-0.0165,-13.413,-0.03854310344827586206896551724,-10.727,-0.03082471264367816091954022989
differentiated_slowdown,exp08_confirmatory_n64_mixed_homogeneous_15,64,mixed,homogeneous,tied,15,io,4,false,t01->t04->t07->t10->t12->t14->t17->t21->t24->t27->t28->t30->t33->t34->t36->t38->t40->t43->t44->t47->t49->t50->t52->t55->t57->t58->t61->t63->t64 => t01->t03->t06->t08->t11->t15->t17->t21->t24->t26->t29->t31->t32->t35->t37->t39->t41->t42->t45->t46->t48->t51->t52->t54->t56->t59->t60->t62->t64,11.0592,0.03051367668945149216050803153,4.9194,4.9194,11.059200,true,,,,,,
schedule_policy,exp08_confirmatory_n64_mixed_homogeneous_16,64,mixed,homogeneous,tied,16,io,1,,,,,,,,,0.000,0,0,0,0,0
schedule_policy,exp08_confirmatory_n64_mixed_homogeneous_16,64,mixed,homogeneous,tied,16,io,4,,,,,,,,,-8.649,-0.02485344827586206896551724138,-11.927,-0.03427298850574712643678160920,-10.852,-0.03118390804597701149425287356
schedule_policy,exp08_confirmatory_n64_mixed_homogeneous_16,64,mixed,homogeneous,tied,16,io,8,,,,,,,,,-8.649,-0.02485344827586206896551724138,-11.927,-0.03427298850574712643678160920,-10.852,-0.03118390804597701149425287356
schedule_policy,exp08_confirmatory_n64_mixed_homogeneous_16,64,mixed,homogeneous,tied,16,equal_alternating,1,,,,,,,,,0.000,0,0,0,0,0
schedule_policy,exp08_confirmatory_n64_mixed_homogeneous_16,64,mixed,homogeneous,tied,16,equal_alternating,4,,,,,,,,,-1.168,-0.003356321839080459770114942529,-2.232,-0.006413793103448275862068965517,-1.949,-0.005600574712643678160919540230
schedule_policy,exp08_confirmatory_n64_mixed_homogeneous_16,64,mixed,homogeneous,tied,16,equal_alternating,8,,,,,,,,,-1.168,-0.003356321839080459770114942529,-2.232,-0.006413793103448275862068965517,-1.949,-0.005600574712643678160919540230
differentiated_slowdown,exp08_confirmatory_n64_mixed_homogeneous_16,64,mixed,homogeneous,tied,16,io,4,false,t01->t04->t07->t08->t12->t16->t17->t20->t23->t27->t28->t30->t33->t34->t37->t39->t40->t43->t45->t46->t48->t51->t52->t55->t56->t59->t60->t63->t64 => t01->t03->t06->t09->t11->t14->t18->t21->t24->t26->t29->t31->t32->t35->t36->t38->t41->t42->t44->t47->t49->t50->t53->t55->t56->t58->t61->t62->t64,11.0592,0.03046883523488046866993086986,4.3860,4.3860,11.059200,true,,,,,,
schedule_policy,exp08_confirmatory_n64_mixed_homogeneous_17,64,mixed,homogeneous,tied,17,io,1,,,,,,,,,0.000,0,0,0,0,0
schedule_policy,exp08_confirmatory_n64_mixed_homogeneous_17,64,mixed,homogeneous,tied,17,io,4,,,,,,,,,-1.116,-0.003206896551724137931034482759,5.507,0.01582471264367816091954022989,-0.198,-0.0005689655172413793103448275862
schedule_policy,exp08_confirmatory_n64_mixed_homogeneous_17,64,mixed,homogeneous,tied,17,io,8,,,,,,,,,-1.116,-0.003206896551724137931034482759,5.507,0.01582471264367816091954022989,-0.198,-0.0005689655172413793103448275862
schedule_policy,exp08_confirmatory_n64_mixed_homogeneous_17,64,mixed,homogeneous,tied,17,equal_alternating,1,,,,,,,,,0.000,0,0,0,0,0
schedule_policy,exp08_confirmatory_n64_mixed_homogeneous_17,64,mixed,homogeneous,tied,17,equal_alternating,4,,,,,,,,,0.290,0.0008333333333333333333333333333,1.078,0.003097701149425287356321839080,-0.385,-0.001106321839080459770114942529
schedule_policy,exp08_confirmatory_n64_mixed_homogeneous_17,64,mixed,homogeneous,tied,17,equal_alternating,8,,,,,,,,,0.290,0.0008333333333333333333333333333,1.078,0.003097701149425287356321839080,-0.385,-0.001106321839080459770114942529
differentiated_slowdown,exp08_confirmatory_n64_mixed_homogeneous_17,64,mixed,homogeneous,tied,17,io,4,false,t01->t02->t06->t08->t13->t15->t18->t22->t25->t27->t28->t31->t33->t34->t36->t39->t41->t43->t44->t47->t48->t51->t53->t54->t57->t58->t61->t63->t64 => t01->t04->t07->t10->t11->t16->t17->t20->t23->t27->t28->t30->t32->t35->t36->t38->t40->t43->t45->t46->t49->t50->t52->t55->t56->t59->t61->t62->t64,11.0592,0.03053609635967386415313772803,5.1855,5.1855,11.059200,true,,,,,,
schedule_policy,exp08_confirmatory_n64_mixed_homogeneous_18,64,mixed,homogeneous,tied,18,io,1,,,,,,,,,0.000,0,0,0,0,0
schedule_policy,exp08_confirmatory_n64_mixed_homogeneous_18,64,mixed,homogeneous,tied,18,io,4,,,,,,,,,-3.778,-0.01085632183908045977011494253,-4.605,-0.01323275862068965517241379310,-6.334,-0.01820114942528735632183908046
schedule_policy,exp08_confirmatory_n64_mixed_homogeneous_18,64,mixed,homogeneous,tied,18,io,8,,,,,,,,,-3.778,-0.01085632183908045977011494253,-4.605,-0.01323275862068965517241379310,-6.334,-0.01820114942528735632183908046
schedule_policy,exp08_confirmatory_n64_mixed_homogeneous_18,64,mixed,homogeneous,tied,18,equal_alternating,1,,,,,,,,,0.000,0,0,0,0,0
schedule_policy,exp08_confirmatory_n64_mixed_homogeneous_18,64,mixed,homogeneous,tied,18,equal_alternating,4,,,,,,,,,0.292,0.0008390804597701149425287356322,-0.198,-0.0005689655172413793103448275862,-0.614,-0.001764367816091954022988505747
schedule_policy,exp08_confirmatory_n64_mixed_homogeneous_18,64,mixed,homogeneous,tied,18,equal_alternating,8,,,,,,,,,0.292,0.0008390804597701149425287356322,-0.198,-0.0005689655172413793103448275862,-0.614,-0.001764367816091954022988505747
differentiated_slowdown,exp08_confirmatory_n64_mixed_homogeneous_18,64,mixed,homogeneous,tied,18,io,4,false,t01->t04->t05->t10->t12->t16->t17->t20->t24->t27->t29->t30->t32->t34->t37->t38->t41->t42->t44->t47->t49->t50->t53->t55->t57->t58->t61->t63->t64 => t01->t02->t07->t08->t11->t15->t18->t22->t25->t26->t28->t31->t33->t34->t36->t39->t40->t42->t45->t46->t48->t51->t52->t54->t56->t59->t60->t62->t64,11.0592,0.03046873450280024068184372872,4.3848,4.3848,11.059200,true,,,,,,
schedule_policy,exp08_confirmatory_n64_mixed_homogeneous_19,64,mixed,homogeneous,tied,19,io,1,,,,,,,,,0.000,0,0,0,0,0
schedule_policy,exp08_confirmatory_n64_mixed_homogeneous_19,64,mixed,homogeneous,tied,19,io,4,,,,,,,,,-8.954,-0.02572988505747126436781609195,-16.485,-0.04737068965517241379310344828,-13.516,-0.03883908045977011494252873563
schedule_policy,exp08_confirmatory_n64_mixed_homogeneous_19,64,mixed,homogeneous,tied,19,io,8,,,,,,,,,-8.954,-0.02572988505747126436781609195,-16.485,-0.04737068965517241379310344828,-13.516,-0.03883908045977011494252873563
schedule_policy,exp08_confirmatory_n64_mixed_homogeneous_19,64,mixed,homogeneous,tied,19,equal_alternating,1,,,,,,,,,0.000,0,0,0,0,0
schedule_policy,exp08_confirmatory_n64_mixed_homogeneous_19,64,mixed,homogeneous,tied,19,equal_alternating,4,,,,,,,,,-3.275,-0.009410919540229885057471264368,-7.352,-0.02112643678160919540229885057,-5.261,-0.01511781609195402298850574713
schedule_policy,exp08_confirmatory_n64_mixed_homogeneous_19,64,mixed,homogeneous,tied,19,equal_alternating,8,,,,,,,,,-3.275,-0.009410919540229885057471264368,-7.352,-0.02112643678160919540229885057,-5.261,-0.01511781609195402298850574713
differentiated_slowdown,exp08_confirmatory_n64_mixed_homogeneous_19,64,mixed,homogeneous,tied,19,io,4,false,t01->t02->t06->t08->t12->t14->t18->t22->t23->t27->t29->t30->t33->t34->t37->t38->t40->t42->t44->t46->t48->t51->t52->t54->t57->t59->t61->t62->t64 => t01->t04->t07->t09->t13->t15->t18->t20->t25->t26->t28->t31->t32->t34->t37->t38->t40->t43->t45->t47->t49->t50->t53->t55->t56->t58->t60->t63->t64,11.0592,0.03053617224309655871652651041,5.1864,5.1864,11.059200,true,,,,,,
schedule_policy,exp08_confirmatory_n64_mixed_lognormal_00,64,mixed,lognormal,unique,0,io,1,,,,,,,,,0.000,0,0,0,0,0
schedule_policy,exp08_confirmatory_n64_mixed_lognormal_00,64,mixed,lognormal,unique,0,io,4,,,,,,,,,-18.412,-0.02131018518518518518518518519,-16.163,-0.01870717592592592592592592593,-14.487,-0.01676736111111111111111111111
schedule_policy,exp08_confirmatory_n64_mixed_lognormal_00,64,mixed,lognormal,unique,0,io,8,,,,,,,,,-18.412,-0.02131018518518518518518518519,-16.163,-0.01870717592592592592592592593,-14.487,-0.01676736111111111111111111111
schedule_policy,exp08_confirmatory_n64_mixed_lognormal_00,64,mixed,lognormal,unique,0,equal_alternating,1,,,,,,,,,0.000,0,0,0,0,0
schedule_policy,exp08_confirmatory_n64_mixed_lognormal_00,64,mixed,lognormal,unique,0,equal_alternating,4,,,,,,,,,-12.960,-0.015,-7.970,-0.009224537037037037037037037037,-9.913,-0.01147337962962962962962962963
schedule_policy,exp08_confirmatory_n64_mixed_lognormal_00,64,mixed,lognormal,unique,0,equal_alternating,8,,,,,,,,,-12.960,-0.015,-7.970,-0.009224537037037037037037037037,-9.913,-0.01147337962962962962962962963
differentiated_slowdown,exp08_confirmatory_n64_mixed_lognormal_00,64,mixed,lognormal,unique,0,io,4,true,t01->t04->t06->t10->t11->t15->t18->t20->t23->t27->t29->t31->t33->t35->t36->t38->t40->t42->t44->t47->t48->t50->t52->t54->t56->t59->t61->t62->t64 => t01->t04->t06->t10->t11->t15->t18->t20->t23->t27->t29->t31->t33->t35->t36->t38->t40->t42->t44->t47->t48->t50->t52->t54->t56->t59->t61->t62->t64,23.1552,0.02627193412410547985491618469,23.1552,23.1552,23.155200,true,,,,,,
schedule_policy,exp08_confirmatory_n64_mixed_lognormal_01,64,mixed,lognormal,tied,1,io,1,,,,,,,,,0.000,0,0,0,0,0
schedule_policy,exp08_confirmatory_n64_mixed_lognormal_01,64,mixed,lognormal,tied,1,io,4,,,,,,,,,-11.495,-0.01228098290598290598290598291,6.449,0.006889957264957264957264957265,4.117,0.004398504273504273504273504274
schedule_policy,exp08_confirmatory_n64_mixed_lognormal_01,64,mixed,lognormal,tied,1,io,8,,,,,,,,,-11.495,-0.01228098290598290598290598291,6.449,0.006889957264957264957264957265,4.117,0.004398504273504273504273504274
schedule_policy,exp08_confirmatory_n64_mixed_lognormal_01,64,mixed,lognormal,tied,1,equal_alternating,1,,,,,,,,,0.000,0,0,0,0,0
schedule_policy,exp08_confirmatory_n64_mixed_lognormal_01,64,mixed,lognormal,tied,1,equal_alternating,4,,,,,,,,,-12.643,-0.01350747863247863247863247863,-5.762,-0.006155982905982905982905982906,-6.680,-0.007136752136752136752136752137
schedule_policy,exp08_confirmatory_n64_mixed_lognormal_01,64,mixed,lognormal,tied,1,equal_alternating,8,,,,,,,,,-12.643,-0.01350747863247863247863247863,-5.762,-0.006155982905982905982905982906,-6.680,-0.007136752136752136752136752137
differentiated_slowdown,exp08_confirmatory_n64_mixed_lognormal_01,64,mixed,lognormal,tied,1,io,4,false,t01->t02->t06->t08->t12->t15->t18->t22->t25->t26->t28->t30->t33->t35->t36->t38->t41->t43->t45->t46->t48->t50->t53->t55->t57->t59->t61->t63->t64 => t01->t02->t06->t08->t12->t15->t18->t22->t25->t26->t28->t30->t33->t35->t36->t38->t41->t42->t45->t46->t48->t50->t53->t55->t57->t59->t61->t63->t64,22.9824,0.02407119553793032587926885252,21.4515,21.4515,22.982400,true,,,,,,
schedule_policy,exp08_confirmatory_n64_mixed_lognormal_02,64,mixed,lognormal,tied,2,io,1,,,,,,,,,0.000,0,0,0,0,0
schedule_policy,exp08_confirmatory_n64_mixed_lognormal_02,64,mixed,lognormal,tied,2,io,4,,,,,,,,,-11.408,-0.01320370370370370370370370370,-0.042,-0.00004861111111111111111111111111,0.597,0.0006909722222222222222222222222
schedule_policy,exp08_confirmatory_n64_mixed_lognormal_02,64,mixed,lognormal,tied,2,io,8,,,,,,,,,-11.408,-0.01320370370370370370370370370,-0.042,-0.00004861111111111111111111111111,0.597,0.0006909722222222222222222222222
schedule_policy,exp08_confirmatory_n64_mixed_lognormal_02,64,mixed,lognormal,tied,2,equal_alternating,1,,,,,,,,,0.000,0,0,0,0,0
schedule_policy,exp08_confirmatory_n64_mixed_lognormal_02,64,mixed,lognormal,tied,2,equal_alternating,4,,,,,,,,,-12.838,-0.01485879629629629629629629630,-9.003,-0.01042013888888888888888888889,-11.191,-0.01295254629629629629629629630
schedule_policy,exp08_confirmatory_n64_mixed_lognormal_02,64,mixed,lognormal,tied,2,equal_alternating,8,,,,,,,,,-12.838,-0.01485879629629629629629629630,-9.003,-0.01042013888888888888888888889,-11.191,-0.01295254629629629629629629630
differentiated_slowdown,exp08_confirmatory_n64_mixed_lognormal_02,64,mixed,lognormal,tied,2,io,4,false,t01->t04->t05->t09->t13->t16->t19->t22->t23->t26->t28->t30->t32->t35->t37->t39->t41->t42->t45->t47->t48->t51->t52->t54->t56->t59->t60->t63->t64 => t01->t04->t05->t08->t11->t14->t19->t22->t23->t26->t28->t30->t32->t35->t37->t39->t41->t42->t45->t47->t48->t51->t52->t54->t56->t59->t60->t63->t64,23.6736,0.02672980580649750525877224181,19.7658,19.7658,23.673600,true,,,,,,
schedule_policy,exp08_confirmatory_n64_mixed_lognormal_03,64,mixed,lognormal,tied,3,io,1,,,,,,,,,0.000,0,0,0,0,0
schedule_policy,exp08_confirmatory_n64_mixed_lognormal_03,64,mixed,lognormal,tied,3,io,4,,,,,,,,,-8.343,-0.008478658536585365853658536585,19.358,0.01967276422764227642276422764,8.142,0.008274390243902439024390243902
schedule_policy,exp08_confirmatory_n64_mixed_lognormal_03,64,mixed,lognormal,tied,3,io,8,,,,,,,,,-8.343,-0.008478658536585365853658536585,19.358,0.01967276422764227642276422764,8.142,0.008274390243902439024390243902
schedule_policy,exp08_confirmatory_n64_mixed_lognormal_03,64,mixed,lognormal,tied,3,equal_alternating,1,,,,,,,,,0.000,0,0,0,0,0
schedule_policy,exp08_confirmatory_n64_mixed_lognormal_03,64,mixed,lognormal,tied,3,equal_alternating,4,,,,,,,,,-2.581,-0.002622967479674796747967479675,7.891,0.008019308943089430894308943089,2.279,0.002316056910569105691056910569
schedule_policy,exp08_confirmatory_n64_mixed_lognormal_03,64,mixed,lognormal,tied,3,equal_alternating,8,,,,,,,,,-2.581,-0.002622967479674796747967479675,7.891,0.008019308943089430894308943089,2.279,0.002316056910569105691056910569
differentiated_slowdown,exp08_confirmatory_n64_mixed_lognormal_03,64,mixed,lognormal,tied,3,io,4,false,t01->t04->t05->t08->t11->t14->t18->t20->t25->t27->t29->t31->t33->t34->t36->t38->t40->t43->t45->t47->t48->t50->t53->t54->t56->t58->t60->t63->t64 => t01->t04->t05->t08->t11->t14->t18->t20->t25->t27->t28->t30->t33->t35->t36->t38->t40->t42->t44->t46->t49->t51->t53->t55->t57->t59->t61->t63->t64,27.3024,0.02692675029202600362857842807,17.8284,17.8284,27.302400,true,,,,,,
schedule_policy,exp08_confirmatory_n64_mixed_lognormal_04,64,mixed,lognormal,tied,4,io,1,,,,,,,,,0.000,0,0,0,0,0
schedule_policy,exp08_confirmatory_n64_mixed_lognormal_04,64,mixed,lognormal,tied,4,io,4,,,,,,,,,-8.513,-0.009334429824561403508771929825,7.221,0.007917763157894736842105263158,5.007,0.005490131578947368421052631579
schedule_policy,exp08_confirmatory_n64_mixed_lognormal_04,64,mixed,lognormal,tied,4,io,8,,,,,,,,,-8.513,-0.009334429824561403508771929825,7.221,0.007917763157894736842105263158,5.007,0.005490131578947368421052631579
schedule_policy,exp08_confirmatory_n64_mixed_lognormal_04,64,mixed,lognormal,tied,4,equal_alternating,1,,,,,,,,,0.000,0,0,0,0,0
schedule_policy,exp08_confirmatory_n64_mixed_lognormal_04,64,mixed,lognormal,tied,4,equal_alternating,4,,,,,,,,,-11.787,-0.01292434210526315789473684211,8.206,0.008997807017543859649122807018,5.454,0.005980263157894736842105263158
schedule_policy,exp08_confirmatory_n64_mixed_lognormal_04,64,mixed,lognormal,tied,4,equal_alternating,8,,,,,,,,,-11.787,-0.01292434210526315789473684211,8.206,0.008997807017543859649122807018,5.454,0.005980263157894736842105263158
differentiated_slowdown,exp08_confirmatory_n64_mixed_lognormal_04,64,mixed,lognormal,tied,4,io,4,false,t01->t03->t06->t09->t11->t16->t19->t22->t23->t27->t28->t31->t33->t34->t36->t39->t41->t42->t44->t47->t48->t50->t53->t54->t56->t59->t61->t63->t64 => t01->t03->t06->t09->t11->t16->t19->t22->t25->t27->t28->t31->t33->t34->t36->t39->t41->t42->t44->t47->t48->t50->t53->t54->t56->t59->t61->t63->t64,25.2288,0.02707867711955466498283593888,24.4653,24.4653,25.228800,true,,,,,,
schedule_policy,exp08_confirmatory_n64_mixed_lognormal_05,64,mixed,lognormal,tied,5,io,1,,,,,,,,,0.000,0,0,0,0,0
schedule_policy,exp08_confirmatory_n64_mixed_lognormal_05,64,mixed,lognormal,tied,5,io,4,,,,,,,,,-17.083,-0.01873135964912280701754385965,-5.034,-0.005519736842105263157894736842,-4.842,-0.005309210526315789473684210526
schedule_policy,exp08_confirmatory_n64_mixed_lognormal_05,64,mixed,lognormal,tied,5,io,8,,,,,,,,,-17.083,-0.01873135964912280701754385965,-5.034,-0.005519736842105263157894736842,-4.842,-0.005309210526315789473684210526
schedule_policy,exp08_confirmatory_n64_mixed_lognormal_05,64,mixed,lognormal,tied,5,equal_alternating,1,,,,,,,,,0.000,0,0,0,0,0
schedule_policy,exp08_confirmatory_n64_mixed_lognormal_05,64,mixed,lognormal,tied,5,equal_alternating,4,,,,,,,,,-14.353,-0.01573793859649122807017543860,-13.898,-0.01523903508771929824561403509,-11.166,-0.01224342105263157894736842105
schedule_policy,exp08_confirmatory_n64_mixed_lognormal_05,64,mixed,lognormal,tied,5,equal_alternating,8,,,,,,,,,-14.353,-0.01573793859649122807017543860,-13.898,-0.01523903508771929824561403509,-11.166,-0.01224342105263157894736842105
differentiated_slowdown,exp08_confirmatory_n64_mixed_lognormal_05,64,mixed,lognormal,tied,5,io,4,false,t01->t03->t07->t10->t11->t15->t18->t22->t25->t27->t29->t31->t33->t35->t37->t38->t41->t42->t45->t47->t49->t50->t52->t55->t56->t58->t60->t62->t64 => t01->t03->t07->t10->t11->t15->t18->t22->t25->t27->t29->t31->t33->t35->t37->t38->t41->t43->t45->t47->t49->t50->t52->t55->t56->t58->t60->t62->t64,24.0192,0.02580282547126638297652917449,23.1588,23.1588,24.019200,true,,,,,,
schedule_policy,exp08_confirmatory_n64_mixed_lognormal_06,64,mixed,lognormal,tied,6,io,1,,,,,,,,,0.000,0,0,0,0,0
schedule_policy,exp08_confirmatory_n64_mixed_lognormal_06,64,mixed,lognormal,tied,6,io,4,,,,,,,,,-7.824,-0.006791666666666666666666666667,-0.291,-0.0002526041666666666666666666667,-2.283,-0.001981770833333333333333333333
schedule_policy,exp08_confirmatory_n64_mixed_lognormal_06,64,mixed,lognormal,tied,6,io,8,,,,,,,,,-7.824,-0.006791666666666666666666666667,-0.291,-0.0002526041666666666666666666667,-2.283,-0.001981770833333333333333333333
schedule_policy,exp08_confirmatory_n64_mixed_lognormal_06,64,mixed,lognormal,tied,6,equal_alternating,1,,,,,,,,,0.000,0,0,0,0,0
schedule_policy,exp08_confirmatory_n64_mixed_lognormal_06,64,mixed,lognormal,tied,6,equal_alternating,4,,,,,,,,,-8.347,-0.007245659722222222222222222222,-12.386,-0.01075173611111111111111111111,-9.498,-0.008244791666666666666666666667
schedule_policy,exp08_confirmatory_n64_mixed_lognormal_06,64,mixed,lognormal,tied,6,equal_alternating,8,,,,,,,,,-8.347,-0.007245659722222222222222222222,-12.386,-0.01075173611111111111111111111,-9.498,-0.008244791666666666666666666667
differentiated_slowdown,exp08_confirmatory_n64_mixed_lognormal_06,64,mixed,lognormal,tied,6,io,4,false,t01->t04->t07->t08->t12->t15->t18->t22->t23->t27->t29->t30->t32->t34->t37->t38->t41->t43->t44->t46->t48->t50->t53->t54->t57->t59->t60->t63->t64 => t01->t04->t05->t09->t13->t16->t19->t21->t25->t26->t29->t30->t32->t34->t37->t38->t41->t43->t44->t46->t48->t50->t53->t54->t57->t59->t60->t63->t64,28.6848,0.02421966089536450949335425940,17.8383,17.8383,28.684800,true,,,,,,
schedule_policy,exp08_confirmatory_n64_mixed_lognormal_07,64,mixed,lognormal,tied,7,io,1,,,,,,,,,0.000,0,0,0,0,0
schedule_policy,exp08_confirmatory_n64_mixed_lognormal_07,64,mixed,lognormal,tied,7,io,4,,,,,,,,,-10.191,-0.01147635135135135135135135135,7.867,0.008859234234234234234234234234,2.624,0.002954954954954954954954954955
schedule_policy,exp08_confirmatory_n64_mixed_lognormal_07,64,mixed,lognormal,tied,7,io,8,,,,,,,,,-10.191,-0.01147635135135135135135135135,7.867,0.008859234234234234234234234234,2.624,0.002954954954954954954954954955
schedule_policy,exp08_confirmatory_n64_mixed_lognormal_07,64,mixed,lognormal,tied,7,equal_alternating,1,,,,,,,,,0.000,0,0,0,0,0
schedule_policy,exp08_confirmatory_n64_mixed_lognormal_07,64,mixed,lognormal,tied,7,equal_alternating,4,,,,,,,,,-10.663,-0.01200788288288288288288288288,1.837,0.002068693693693693693693693694,-0.512,-0.0005765765765765765765765765766
schedule_policy,exp08_confirmatory_n64_mixed_lognormal_07,64,mixed,lognormal,tied,7,equal_alternating,8,,,,,,,,,-10.663,-0.01200788288288288288288288288,1.837,0.002068693693693693693693693694,-0.512,-0.0005765765765765765765765765766
differentiated_slowdown,exp08_confirmatory_n64_mixed_lognormal_07,64,mixed,lognormal,tied,7,io,4,false,t01->t03->t06->t08->t11->t16->t17->t20->t23->t27->t29->t30->t32->t35->t36->t38->t40->t42->t45->t47->t48->t51->t53->t54->t57->t58->t61->t63->t64 => t01->t03->t06->t09->t11->t16->t17->t20->t23->t27->t29->t30->t32->t35->t36->t38->t40->t42->t45->t47->t48->t51->t53->t55->t56->t58->t61->t63->t64,23.6736,0.02604079698461087633591413718,20.3322,20.3322,23.673600,true,,,,,,
schedule_policy,exp08_confirmatory_n64_mixed_lognormal_08,64,mixed,lognormal,tied,8,io,1,,,,,,,,,0.000,0,0,0,0,0
schedule_policy,exp08_confirmatory_n64_mixed_lognormal_08,64,mixed,lognormal,tied,8,io,4,,,,,,,,,-27.902,-0.02527355072463768115942028986,2.416,0.002188405797101449275362318841,0.452,0.0004094202898550724637681159420
schedule_policy,exp08_confirmatory_n64_mixed_lognormal_08,64,mixed,lognormal,tied,8,io,8,,,,,,,,,-27.902,-0.02527355072463768115942028986,2.416,0.002188405797101449275362318841,0.452,0.0004094202898550724637681159420
schedule_policy,exp08_confirmatory_n64_mixed_lognormal_08,64,mixed,lognormal,tied,8,equal_alternating,1,,,,,,,,,0.000,0,0,0,0,0
schedule_policy,exp08_confirmatory_n64_mixed_lognormal_08,64,mixed,lognormal,tied,8,equal_alternating,4,,,,,,,,,-14.166,-0.01283152173913043478260869565,-14.960,-0.01355072463768115942028985507,-12.747,-0.01154619565217391304347826087
schedule_policy,exp08_confirmatory_n64_mixed_lognormal_08,64,mixed,lognormal,tied,8,equal_alternating,8,,,,,,,,,-14.166,-0.01283152173913043478260869565,-14.960,-0.01355072463768115942028985507,-12.747,-0.01154619565217391304347826087
differentiated_slowdown,exp08_confirmatory_n64_mixed_lognormal_08,64,mixed,lognormal,tied,8,io,4,false,t01->t02->t05->t10->t11->t15->t18->t22->t23->t26->t29->t31->t32->t35->t36->t38->t41->t42->t45->t46->t48->t50->t52->t54->t56->t58->t60->t62->t64 => t01->t02->t05->t10->t11->t15->t18->t22->t23->t26->t29->t31->t32->t35->t36->t38->t41->t42->t45->t46->t49->t50->t53->t54->t56->t58->t60->t62->t64,29.3760,0.02603955448747524553688365143,27.2781,27.2781,29.376000,true,,,,,,
schedule_policy,exp08_confirmatory_n64_mixed_lognormal_09,64,mixed,lognormal,tied,9,io,1,,,,,,,,,0.000,0,0,0,0,0
schedule_policy,exp08_confirmatory_n64_mixed_lognormal_09,64,mixed,lognormal,tied,9,io,4,,,,,,,,,-9.111,-0.009990131578947368421052631579,-0.038,-0.00004166666666666666666666666667,3.627,0.003976973684210526315789473684
schedule_policy,exp08_confirmatory_n64_mixed_lognormal_09,64,mixed,lognormal,tied,9,io,8,,,,,,,,,-9.111,-0.009990131578947368421052631579,-0.038,-0.00004166666666666666666666666667,3.627,0.003976973684210526315789473684
schedule_policy,exp08_confirmatory_n64_mixed_lognormal_09,64,mixed,lognormal,tied,9,equal_alternating,1,,,,,,,,,0.000,0,0,0,0,0
schedule_policy,exp08_confirmatory_n64_mixed_lognormal_09,64,mixed,lognormal,tied,9,equal_alternating,4,,,,,,,,,-9.040,-0.009912280701754385964912280702,-10.674,-0.01170394736842105263157894737,-8.831,-0.009683114035087719298245614035
schedule_policy,exp08_confirmatory_n64_mixed_lognormal_09,64,mixed,lognormal,tied,9,equal_alternating,8,,,,,,,,,-9.040,-0.009912280701754385964912280702,-10.674,-0.01170394736842105263157894737,-8.831,-0.009683114035087719298245614035
differentiated_slowdown,exp08_confirmatory_n64_mixed_lognormal_09,64,mixed,lognormal,tied,9,io,4,false,t01->t02->t05->t09->t13->t16->t19->t22->t25->t26->t28->t30->t33->t34->t36->t39->t40->t43->t44->t47->t48->t51->t53->t54->t57->t58->t61->t63->t64 => t01->t02->t07->t09->t13->t16->t19->t22->t25->t26->t28->t30->t33->t34->t36->t39->t40->t43->t44->t46->t48->t51->t52->t54->t57->t58->t61->t63->t64,23.1552,0.02486472172638175195391212493,21.2745,21.2745,23.155200,true,,,,,,
schedule_policy,exp08_confirmatory_n64_mixed_lognormal_10,64,mixed,lognormal,tied,10,io,1,,,,,,,,,0.000,0,0,0,0,0
schedule_policy,exp08_confirmatory_n64_mixed_lognormal_10,64,mixed,lognormal,tied,10,io,4,,,,,,,,,-18.054,-0.01729310344827586206896551724,9.970,0.009549808429118773946360153257,4.763,0.004562260536398467432950191571
schedule_policy,exp08_confirmatory_n64_mixed_lognormal_10,64,mixed,lognormal,tied,10,io,8,,,,,,,,,-18.054,-0.01729310344827586206896551724,9.970,0.009549808429118773946360153257,4.763,0.004562260536398467432950191571
schedule_policy,exp08_confirmatory_n64_mixed_lognormal_10,64,mixed,lognormal,tied,10,equal_alternating,1,,,,,,,,,0.000,0,0,0,0,0
schedule_policy,exp08_confirmatory_n64_mixed_lognormal_10,64,mixed,lognormal,tied,10,equal_alternating,4,,,,,,,,,-9.085,-0.008702107279693486590038314176,-2.763,-0.002646551724137931034482758621,-6.483,-0.006209770114942528735632183908
schedule_policy,exp08_confirmatory_n64_mixed_lognormal_10,64,mixed,lognormal,tied,10,equal_alternating,8,,,,,,,,,-9.085,-0.008702107279693486590038314176,-2.763,-0.002646551724137931034482758621,-6.483,-0.006209770114942528735632183908
differentiated_slowdown,exp08_confirmatory_n64_mixed_lognormal_10,64,mixed,lognormal,tied,10,io,4,false,t01->t03->t06->t08->t13->t16->t18->t21->t25->t27->t29->t31->t32->t35->t36->t38->t41->t43->t45->t47->t49->t50->t53->t55->t56->t58->t61->t63->t64 => t01->t03->t06->t08->t13->t16->t18->t21->t25->t27->t29->t31->t32->t34->t36->t38->t41->t43->t45->t46->t49->t50->t53->t55->t56->t58->t61->t62->t64,25.9200,0.02430563662904450435208740127,22.9407,22.9407,25.920000,true,,,,,,
schedule_policy,exp08_confirmatory_n64_mixed_lognormal_11,64,mixed,lognormal,tied,11,io,1,,,,,,,,,0.000,0,0,0,0,0
schedule_policy,exp08_confirmatory_n64_mixed_lognormal_11,64,mixed,lognormal,tied,11,io,4,,,,,,,,,-17.302,-0.01486426116838487972508591065,5.336,0.004584192439862542955326460481,8.818,0.007575601374570446735395189003
schedule_policy,exp08_confirmatory_n64_mixed_lognormal_11,64,mixed,lognormal,tied,11,io,8,,,,,,,,,-17.302,-0.01486426116838487972508591065,5.336,0.004584192439862542955326460481,8.818,0.007575601374570446735395189003
schedule_policy,exp08_confirmatory_n64_mixed_lognormal_11,64,mixed,lognormal,tied,11,equal_alternating,1,,,,,,,,,0.000,0,0,0,0,0
schedule_policy,exp08_confirmatory_n64_mixed_lognormal_11,64,mixed,lognormal,tied,11,equal_alternating,4,,,,,,,,,-7.509,-0.006451030927835051546391752577,-2.932,-0.002518900343642611683848797251,-2.084,-0.001790378006872852233676975945
schedule_policy,exp08_confirmatory_n64_mixed_lognormal_11,64,mixed,lognormal,tied,11,equal_alternating,8,,,,,,,,,-7.509,-0.006451030927835051546391752577,-2.932,-0.002518900343642611683848797251,-2.084,-0.001790378006872852233676975945
differentiated_slowdown,exp08_confirmatory_n64_mixed_lognormal_11,64,mixed,lognormal,tied,11,io,4,false,t01->t03->t05->t08->t11->t16->t19->t20->t24->t26->t28->t31->t33->t34->t36->t39->t41->t42->t45->t47->t49->t50->t52->t55->t56->t58->t60->t62->t64 => t01->t03->t05->t09->t12->t14->t18->t20->t24->t26->t28->t31->t33->t34->t36->t39->t41->t42->t45->t47->t49->t50->t52->t55->t56->t58->t60->t62->t64,29.7216,0.02491785598589919777542138420,23.2296,23.2296,29.721600,true,,,,,,
schedule_policy,exp08_confirmatory_n64_mixed_lognormal_12,64,mixed,lognormal,tied,12,io,1,,,,,,,,,0.000,0,0,0,0,0
schedule_policy,exp08_confirmatory_n64_mixed_lognormal_12,64,mixed,lognormal,tied,12,io,4,,,,,,,,,-4.320,-0.004736842105263157894736842105,18.336,0.02010526315789473684210526316,12.432,0.01363157894736842105263157895
schedule_policy,exp08_confirmatory_n64_mixed_lognormal_12,64,mixed,lognormal,tied,12,io,8,,,,,,,,,-4.320,-0.004736842105263157894736842105,18.336,0.02010526315789473684210526316,12.432,0.01363157894736842105263157895
schedule_policy,exp08_confirmatory_n64_mixed_lognormal_12,64,mixed,lognormal,tied,12,equal_alternating,1,,,,,,,,,0.000,0,0,0,0,0
schedule_policy,exp08_confirmatory_n64_mixed_lognormal_12,64,mixed,lognormal,tied,12,equal_alternating,4,,,,,,,,,-7.440,-0.008157894736842105263157894737,-4.200,-0.004605263157894736842105263158,-3.512,-0.003850877192982456140350877193
schedule_policy,exp08_confirmatory_n64_mixed_lognormal_12,64,mixed,lognormal,tied,12,equal_alternating,8,,,,,,,,,-7.440,-0.008157894736842105263157894737,-4.200,-0.004605263157894736842105263158,-3.512,-0.003850877192982456140350877193
differentiated_slowdown,exp08_confirmatory_n64_mixed_lognormal_12,64,mixed,lognormal,tied,12,io,4,false,t01->t04->t06->t08->t11->t15->t17->t22->t25->t27->t28->t30->t32->t34->t37->t38->t41->t43->t45->t46->t49->t51->t53->t54->t56->t58->t61->t63->t64 => t01->t04->t05->t08->t11->t15->t17->t22->t25->t27->t28->t30->t32->t34->t37->t38->t41->t43->t45->t46->t49->t51->t53->t54->t56->t58->t61->t63->t64,26.2656,0.02815973651708522025524907369,25.2288,25.2288,26.265600,true,,,,,,
schedule_policy,exp08_confirmatory_n64_mixed_lognormal_13,64,mixed,lognormal,unique,13,io,1,,,,,,,,,0.000,0,0,0,0,0
schedule_policy,exp08_confirmatory_n64_mixed_lognormal_13,64,mixed,lognormal,unique,13,io,4,,,,,,,,,-32.751,-0.03288253012048192771084337349,-23.820,-0.02391566265060240963855421687,-22.494,-0.02258433734939759036144578313
schedule_policy,exp08_confirmatory_n64_mixed_lognormal_13,64,mixed,lognormal,unique,13,io,8,,,,,,,,,-32.751,-0.03288253012048192771084337349,-23.820,-0.02391566265060240963855421687,-22.494,-0.02258433734939759036144578313
schedule_policy,exp08_confirmatory_n64_mixed_lognormal_13,64,mixed,lognormal,unique,13,equal_alternating,1,,,,,,,,,0.000,0,0,0,0,0
schedule_policy,exp08_confirmatory_n64_mixed_lognormal_13,64,mixed,lognormal,unique,13,equal_alternating,4,,,,,,,,,-25.382,-0.02548393574297188755020080321,-19.073,-0.01914959839357429718875502008,-17.528,-0.01759839357429718875502008032
schedule_policy,exp08_confirmatory_n64_mixed_lognormal_13,64,mixed,lognormal,unique,13,equal_alternating,8,,,,,,,,,-25.382,-0.02548393574297188755020080321,-19.073,-0.01914959839357429718875502008,-17.528,-0.01759839357429718875502008032
differentiated_slowdown,exp08_confirmatory_n64_mixed_lognormal_13,64,mixed,lognormal,unique,13,io,4,true,t01->t02->t06->t09->t13->t15->t19->t22->t23->t26->t29->t30->t33->t34->t37->t38->t41->t43->t44->t47->t49->t51->t53->t54->t56->t58->t61->t63->t64 => t01->t02->t06->t09->t13->t15->t19->t22->t23->t26->t29->t30->t33->t34->t37->t38->t41->t43->t44->t47->t49->t51->t53->t54->t56->t58->t61->t63->t64,26.9568,0.02652660217654171704957678356,26.9568,26.9568,26.956800,true,,,,,,
schedule_policy,exp08_confirmatory_n64_mixed_lognormal_14,64,mixed,lognormal,tied,14,io,1,,,,,,,,,0.000,0,0,0,0,0
schedule_policy,exp08_confirmatory_n64_mixed_lognormal_14,64,mixed,lognormal,tied,14,io,4,,,,,,,,,7.532,0.008047008547008547008547008547,12.258,0.01309615384615384615384615385,7.779,0.008310897435897435897435897436
schedule_policy,exp08_confirmatory_n64_mixed_lognormal_14,64,mixed,lognormal,tied,14,io,8,,,,,,,,,7.532,0.008047008547008547008547008547,12.258,0.01309615384615384615384615385,7.779,0.008310897435897435897435897436
schedule_policy,exp08_confirmatory_n64_mixed_lognormal_14,64,mixed,lognormal,tied,14,equal_alternating,1,,,,,,,,,0.000,0,0,0,0,0
schedule_policy,exp08_confirmatory_n64_mixed_lognormal_14,64,mixed,lognormal,tied,14,equal_alternating,4,,,,,,,,,-2.277,-0.002432692307692307692307692308,-3.782,-0.004040598290598290598290598291,-6.022,-0.006433760683760683760683760684
schedule_policy,exp08_confirmatory_n64_mixed_lognormal_14,64,mixed,lognormal,tied,14,equal_alternating,8,,,,,,,,,-2.277,-0.002432692307692307692307692308,-3.782,-0.004040598290598290598290598291,-6.022,-0.006433760683760683760683760684
differentiated_slowdown,exp08_confirmatory_n64_mixed_lognormal_14,64,mixed,lognormal,tied,14,io,4,false,t01->t04->t06->t08->t13->t14->t19->t21->t25->t26->t29->t30->t33->t35->t37->t38->t41->t43->t45->t46->t49->t51->t53->t54->t57->t58->t60->t63->t64 => t01->t02->t06->t08->t13->t14->t19->t21->t25->t26->t29->t30->t33->t35->t37->t38->t41->t43->t45->t46->t48->t50->t53->t54->t56->t59->t61->t62->t64,26.4384,0.02749327003259147966939941768,20.6355,20.6355,26.438400,true,,,,,,
schedule_policy,exp08_confirmatory_n64_mixed_lognormal_15,64,mixed,lognormal,tied,15,io,1,,,,,,,,,0.000,0,0,0,0,0
schedule_policy,exp08_confirmatory_n64_mixed_lognormal_15,64,mixed,lognormal,tied,15,io,4,,,,,,,,,-8.198,-0.008434156378600823045267489712,11.891,0.01223353909465020576131687243,11.564,0.01189711934156378600823045267
schedule_policy,exp08_confirmatory_n64_mixed_lognormal_15,64,mixed,lognormal,tied,15,io,8,,,,,,,,,-8.198,-0.008434156378600823045267489712,11.891,0.01223353909465020576131687243,11.564,0.01189711934156378600823045267
schedule_policy,exp08_confirmatory_n64_mixed_lognormal_15,64,mixed,lognormal,tied,15,equal_alternating,1,,,,,,,,,0.000,0,0,0,0,0
schedule_policy,exp08_confirmatory_n64_mixed_lognormal_15,64,mixed,lognormal,tied,15,equal_alternating,4,,,,,,,,,-5.044,-0.005189300411522633744855967078,-5.253,-0.005404320987654320987654320988,-4.470,-0.004598765432098765432098765432
schedule_policy,exp08_confirmatory_n64_mixed_lognormal_15,64,mixed,lognormal,tied,15,equal_alternating,8,,,,,,,,,-5.044,-0.005189300411522633744855967078,-5.253,-0.005404320987654320987654320988,-4.470,-0.004598765432098765432098765432
differentiated_slowdown,exp08_confirmatory_n64_mixed_lognormal_15,64,mixed,lognormal,tied,15,io,4,false,t01->t03->t06->t08->t13->t14->t17->t21->t25->t26->t28->t30->t33->t34->t36->t38->t40->t43->t44->t46->t49->t50->t52->t55->t57->t58->t61->t63->t64 => t01->t03->t05->t10->t13->t14->t19->t21->t24->t26->t28->t31->t33->t34->t36->t38->t41->t43->t44->t47->t48->t50->t52->t55->t57->t58->t61->t63->t64,25.0560,0.02509376360484893716554042178,17.3529,17.3529,25.056000,true,,,,,,
schedule_policy,exp08_confirmatory_n64_mixed_lognormal_16,64,mixed,lognormal,tied,16,io,1,,,,,,,,,0.000,0,0,0,0,0
schedule_policy,exp08_confirmatory_n64_mixed_lognormal_16,64,mixed,lognormal,tied,16,io,4,,,,,,,,,-18.559,-0.02274387254901960784313725490,-13.893,-0.01702573529411764705882352941,-9.267,-0.01135661764705882352941176471
schedule_policy,exp08_confirmatory_n64_mixed_lognormal_16,64,mixed,lognormal,tied,16,io,8,,,,,,,,,-18.559,-0.02274387254901960784313725490,-13.893,-0.01702573529411764705882352941,-9.267,-0.01135661764705882352941176471
schedule_policy,exp08_confirmatory_n64_mixed_lognormal_16,64,mixed,lognormal,tied,16,equal_alternating,1,,,,,,,,,0.000,0,0,0,0,0
schedule_policy,exp08_confirmatory_n64_mixed_lognormal_16,64,mixed,lognormal,tied,16,equal_alternating,4,,,,,,,,,-5.995,-0.007346813725490196078431372549,-10.103,-0.01238112745098039215686274510,-9.383,-0.01149877450980392156862745098
schedule_policy,exp08_confirmatory_n64_mixed_lognormal_16,64,mixed,lognormal,tied,16,equal_alternating,8,,,,,,,,,-5.995,-0.007346813725490196078431372549,-10.103,-0.01238112745098039215686274510,-9.383,-0.01149877450980392156862745098
differentiated_slowdown,exp08_confirmatory_n64_mixed_lognormal_16,64,mixed,lognormal,tied,16,io,4,false,t01->t02->t06->t09->t11->t15->t17->t21->t24->t27->t29->t30->t33->t35->t36->t39->t41->t42->t44->t47->t49->t51->t52->t54->t57->t58->t61->t62->t64 => t01->t02->t06->t09->t11->t15->t17->t21->t24->t27->t29->t30->t33->t34->t37->t38->t40->t42->t44->t47->t49->t51->t52->t54->t57->t58->t61->t62->t64,22.4640,0.02689765313665861317597056776,20.1462,20.1462,22.464000,true,,,,,,
schedule_policy,exp08_confirmatory_n64_mixed_lognormal_17,64,mixed,lognormal,tied,17,io,1,,,,,,,,,0.000,0,0,0,0,0
schedule_policy,exp08_confirmatory_n64_mixed_lognormal_17,64,mixed,lognormal,tied,17,io,4,,,,,,,,,-9.367,-0.009519308943089430894308943089,1.390,0.001412601626016260162601626016,4.539,0.004612804878048780487804878049
schedule_policy,exp08_confirmatory_n64_mixed_lognormal_17,64,mixed,lognormal,tied,17,io,8,,,,,,,,,-9.367,-0.009519308943089430894308943089,1.390,0.001412601626016260162601626016,4.539,0.004612804878048780487804878049
schedule_policy,exp08_confirmatory_n64_mixed_lognormal_17,64,mixed,lognormal,tied,17,equal_alternating,1,,,,,,,,,0.000,0,0,0,0,0
schedule_policy,exp08_confirmatory_n64_mixed_lognormal_17,64,mixed,lognormal,tied,17,equal_alternating,4,,,,,,,,,-12.916,-0.01312601626016260162601626016,1.858,0.001888211382113821138211382114,-1.661,-0.001688008130081300813008130081
schedule_policy,exp08_confirmatory_n64_mixed_lognormal_17,64,mixed,lognormal,tied,17,equal_alternating,8,,,,,,,,,-12.916,-0.01312601626016260162601626016,1.858,0.001888211382113821138211382114,-1.661,-0.001688008130081300813008130081
differentiated_slowdown,exp08_confirmatory_n64_mixed_lognormal_17,64,mixed,lognormal,tied,17,io,4,false,t01->t04->t06->t10->t13->t15->t17->t22->t25->t27->t28->t30->t33->t34->t36->t38->t41->t43->t44->t47->t49->t51->t53->t55->t57->t59->t61->t62->t64 => t01->t04->t06->t10->t13->t15->t17->t22->t25->t27->t29->t30->t33->t34->t37->t38->t41->t43->t44->t47->t49->t51->t53->t55->t57->t59->t61->t62->t64,24.5376,0.02444283269336455627885126576,23.0637,23.0637,24.537600,true,,,,,,
schedule_policy,exp08_confirmatory_n64_mixed_lognormal_18,64,mixed,lognormal,tied,18,io,1,,,,,,,,,0.000,0,0,0,0,0
schedule_policy,exp08_confirmatory_n64_mixed_lognormal_18,64,mixed,lognormal,tied,18,io,4,,,,,,,,,2.304,0.003,9.504,0.012375,11.808,0.015375
schedule_policy,exp08_confirmatory_n64_mixed_lognormal_18,64,mixed,lognormal,tied,18,io,8,,,,,,,,,2.304,0.003,9.504,0.012375,11.808,0.015375
schedule_policy,exp08_confirmatory_n64_mixed_lognormal_18,64,mixed,lognormal,tied,18,equal_alternating,1,,,,,,,,,0.000,0,0,0,0,0
schedule_policy,exp08_confirmatory_n64_mixed_lognormal_18,64,mixed,lognormal,tied,18,equal_alternating,4,,,,,,,,,-2.648,-0.003447916666666666666666666667,-6.024,-0.00784375,-2.872,-0.003739583333333333333333333333
schedule_policy,exp08_confirmatory_n64_mixed_lognormal_18,64,mixed,lognormal,tied,18,equal_alternating,8,,,,,,,,,-2.648,-0.003447916666666666666666666667,-6.024,-0.00784375,-2.872,-0.003739583333333333333333333333
differentiated_slowdown,exp08_confirmatory_n64_mixed_lognormal_18,64,mixed,lognormal,tied,18,io,4,false,t01->t02->t07->t09->t11->t14->t19->t21->t23->t26->t29->t30->t33->t34->t37->t38->t41->t43->t45->t46->t49->t50->t52->t55->t56->t59->t60->t62->t64 => t01->t02->t07->t09->t11->t14->t19->t21->t24->t27->t28->t31->t32->t35->t36->t39->t41->t43->t45->t46->t49->t50->t52->t55->t56->t58->t61->t63->t64,22.1184,0.02789616427741185586981790004,13.8240,13.8240,22.118400,true,,,,,,
schedule_policy,exp08_confirmatory_n64_mixed_lognormal_19,64,mixed,lognormal,tied,19,io,1,,,,,,,,,0.000,0,0,0,0,0
schedule_policy,exp08_confirmatory_n64_mixed_lognormal_19,64,mixed,lognormal,tied,19,io,4,,,,,,,,,-20.833,-0.02591169154228855721393034826,-11.145,-0.01386194029850746268656716418,-14.445,-0.01796641791044776119402985075
schedule_policy,exp08_confirmatory_n64_mixed_lognormal_19,64,mixed,lognormal,tied,19,io,8,,,,,,,,,-20.833,-0.02591169154228855721393034826,-11.145,-0.01386194029850746268656716418,-14.445,-0.01796641791044776119402985075
schedule_policy,exp08_confirmatory_n64_mixed_lognormal_19,64,mixed,lognormal,tied,19,equal_alternating,1,,,,,,,,,0.000,0,0,0,0,0
schedule_policy,exp08_confirmatory_n64_mixed_lognormal_19,64,mixed,lognormal,tied,19,equal_alternating,4,,,,,,,,,-13.153,-0.01635945273631840796019900498,-1.286,-0.001599502487562189054726368159,-3.233,-0.004021144278606965174129353234
schedule_policy,exp08_confirmatory_n64_mixed_lognormal_19,64,mixed,lognormal,tied,19,equal_alternating,8,,,,,,,,,-13.153,-0.01635945273631840796019900498,-1.286,-0.001599502487562189054726368159,-3.233,-0.004021144278606965174129353234
differentiated_slowdown,exp08_confirmatory_n64_mixed_lognormal_19,64,mixed,lognormal,tied,19,io,4,false,t01->t04->t05->t10->t13->t16->t17->t21->t23->t26->t29->t30->t33->t34->t36->t38->t41->t42->t44->t46->t49->t50->t53->t54->t57->t59->t61->t62->t64 => t01->t04->t05->t10->t13->t16->t17->t21->t23->t26->t29->t30->t33->t34->t36->t38->t41->t42->t44->t46->t49->t50->t53->t54->t57->t59->t61->t63->t64,22.2912,0.02714804166470283263420841778,21.9117,21.9117,22.291200,true,,,,,,
schedule_policy,exp08_confirmatory_n64_chain_like_homogeneous_00,64,chain_like,homogeneous,tied,0,io,1,,,,,,,,,0.000,0,0,0,0,0
schedule_policy,exp08_confirmatory_n64_chain_like_homogeneous_00,64,chain_like,homogeneous,tied,0,io,4,,,,,,,,,-5.664,-0.009833333333333333333333333333,-3.360,-0.005833333333333333333333333333,-3.360,-0.005833333333333333333333333333
schedule_policy,exp08_confirmatory_n64_chain_like_homogeneous_00,64,chain_like,homogeneous,tied,0,io,8,,,,,,,,,-5.664,-0.009833333333333333333333333333,-3.360,-0.005833333333333333333333333333,-3.360,-0.005833333333333333333333333333
schedule_policy,exp08_confirmatory_n64_chain_like_homogeneous_00,64,chain_like,homogeneous,tied,0,equal_alternating,1,,,,,,,,,0.000,0,0,0,0,0
schedule_policy,exp08_confirmatory_n64_chain_like_homogeneous_00,64,chain_like,homogeneous,tied,0,equal_alternating,4,,,,,,,,,-4.560,-0.007916666666666666666666666667,-3.120,-0.005416666666666666666666666667,-3.120,-0.005416666666666666666666666667
schedule_policy,exp08_confirmatory_n64_chain_like_homogeneous_00,64,chain_like,homogeneous,tied,0,equal_alternating,8,,,,,,,,,-4.560,-0.007916666666666666666666666667,-3.120,-0.005416666666666666666666666667,-3.120,-0.005416666666666666666666666667
differentiated_slowdown,exp08_confirmatory_n64_chain_like_homogeneous_00,64,chain_like,homogeneous,tied,0,io,4,false,t01->t02->t04->t06->t09->t10->t12->t14->t16->t19->t20->t23->t25->t26->t29->t30->t33->t34->t35->t36->t37->t38->t39->t40->t41->t42->t43->t44->t45->t46->t47->t48->t49->t50->t51->t52->t53->t54->t55->t56->t57->t58->t59->t60->t61->t62->t63->t64 => t01->t02->t04->t06->t09->t10->t12->t14->t16->t19->t20->t23->t25->t26->t29->t30->t33->t34->t35->t36->t37->t38->t39->t40->t41->t42->t43->t44->t45->t46->t47->t48->t49->t50->t51->t52->t53->t54->t55->t56->t57->t58->t59->t60->t61->t62->t63->t64,11.0592,0.01856507445368400696190292013,0.9216,0.9216,11.059200,true,,,,,,
schedule_policy,exp08_confirmatory_n64_chain_like_homogeneous_01,64,chain_like,homogeneous,tied,1,io,1,,,,,,,,,0.000,0,0,0,0,0
schedule_policy,exp08_confirmatory_n64_chain_like_homogeneous_01,64,chain_like,homogeneous,tied,1,io,4,,,,,,,,,-5.280,-0.009166666666666666666666666667,-2.112,-0.003666666666666666666666666667,-2.112,-0.003666666666666666666666666667
schedule_policy,exp08_confirmatory_n64_chain_like_homogeneous_01,64,chain_like,homogeneous,tied,1,io,8,,,,,,,,,-5.280,-0.009166666666666666666666666667,-2.112,-0.003666666666666666666666666667,-2.112,-0.003666666666666666666666666667
schedule_policy,exp08_confirmatory_n64_chain_like_homogeneous_01,64,chain_like,homogeneous,tied,1,equal_alternating,1,,,,,,,,,0.000,0,0,0,0,0
schedule_policy,exp08_confirmatory_n64_chain_like_homogeneous_01,64,chain_like,homogeneous,tied,1,equal_alternating,4,,,,,,,,,-4.224,-0.007333333333333333333333333333,-2.352,-0.004083333333333333333333333333,-2.352,-0.004083333333333333333333333333
schedule_policy,exp08_confirmatory_n64_chain_like_homogeneous_01,64,chain_like,homogeneous,tied,1,equal_alternating,8,,,,,,,,,-4.224,-0.007333333333333333333333333333,-2.352,-0.004083333333333333333333333333,-2.352,-0.004083333333333333333333333333
differentiated_slowdown,exp08_confirmatory_n64_chain_like_homogeneous_01,64,chain_like,homogeneous,tied,1,io,4,false,t01->t02->t05->t06->t09->t11->t12->t15->t16->t19->t21->t22->t25->t27->t29->t31->t33->t34->t35->t36->t37->t38->t39->t40->t41->t42->t43->t44->t45->t46->t47->t48->t49->t50->t51->t52->t53->t54->t55->t56->t57->t58->t59->t60->t61->t62->t63->t64 => t01->t02->t05->t06->t09->t11->t12->t15->t16->t19->t21->t22->t25->t27->t29->t31->t33->t34->t35->t36->t37->t38->t39->t40->t41->t42->t43->t44->t45->t46->t47->t48->t49->t50->t51->t52->t53->t54->t55->t56->t57->t58->t59->t60->t61->t62->t63->t64,11.0592,0.01856507445368400696190292013,0.9216,0.9216,11.059200,true,,,,,,
schedule_policy,exp08_confirmatory_n64_chain_like_homogeneous_02,64,chain_like,homogeneous,tied,2,io,1,,,,,,,,,0.000,0,0,0,0,0
schedule_policy,exp08_confirmatory_n64_chain_like_homogeneous_02,64,chain_like,homogeneous,tied,2,io,4,,,,,,,,,-3.648,-0.006333333333333333333333333333,2.112,0.003666666666666666666666666667,2.112,0.003666666666666666666666666667
schedule_policy,exp08_confirmatory_n64_chain_like_homogeneous_02,64,chain_like,homogeneous,tied,2,io,8,,,,,,,,,-3.648,-0.006333333333333333333333333333,2.112,0.003666666666666666666666666667,2.112,0.003666666666666666666666666667
schedule_policy,exp08_confirmatory_n64_chain_like_homogeneous_02,64,chain_like,homogeneous,tied,2,equal_alternating,1,,,,,,,,,0.000,0,0,0,0,0
schedule_policy,exp08_confirmatory_n64_chain_like_homogeneous_02,64,chain_like,homogeneous,tied,2,equal_alternating,4,,,,,,,,,-2.256,-0.003916666666666666666666666667,1.056,0.001833333333333333333333333333,1.056,0.001833333333333333333333333333
schedule_policy,exp08_confirmatory_n64_chain_like_homogeneous_02,64,chain_like,homogeneous,tied,2,equal_alternating,8,,,,,,,,,-2.256,-0.003916666666666666666666666667,1.056,0.001833333333333333333333333333,1.056,0.001833333333333333333333333333
differentiated_slowdown,exp08_confirmatory_n64_chain_like_homogeneous_02,64,chain_like,homogeneous,tied,2,io,4,false,t01->t02->t05->t07->t08->t10->t12->t15->t17->t19->t20->t23->t24->t27->t28->t31->t32->t34->t35->t36->t37->t38->t39->t40->t41->t42->t43->t44->t45->t46->t47->t48->t49->t50->t51->t52->t53->t54->t55->t56->t57->t58->t59->t60->t61->t62->t63->t64 => t01->t02->t05->t07->t08->t10->t12->t15->t17->t19->t20->t23->t24->t27->t28->t31->t32->t34->t35->t36->t37->t38->t39->t40->t41->t42->t43->t44->t45->t46->t47->t48->t49->t50->t51->t52->t53->t54->t55->t56->t57->t58->t59->t60->t61->t62->t63->t64,11.0592,0.01850067450375794950857583349,-0.9216,-0.9216,11.059200,true,,,,,,
schedule_policy,exp08_confirmatory_n64_chain_like_homogeneous_03,64,chain_like,homogeneous,tied,3,io,1,,,,,,,,,0.000,0,0,0,0,0
schedule_policy,exp08_confirmatory_n64_chain_like_homogeneous_03,64,chain_like,homogeneous,tied,3,io,4,,,,,,,,,0.288,0.0005,1.440,0.0025,1.440,0.0025
schedule_policy,exp08_confirmatory_n64_chain_like_homogeneous_03,64,chain_like,homogeneous,tied,3,io,8,,,,,,,,,0.288,0.0005,1.440,0.0025,1.440,0.0025
schedule_policy,exp08_confirmatory_n64_chain_like_homogeneous_03,64,chain_like,homogeneous,tied,3,equal_alternating,1,,,,,,,,,0.000,0,0,0,0,0
schedule_policy,exp08_confirmatory_n64_chain_like_homogeneous_03,64,chain_like,homogeneous,tied,3,equal_alternating,4,,,,,,,,,-1.008,-0.00175,-0.432,-0.00075,-0.432,-0.00075
schedule_policy,exp08_confirmatory_n64_chain_like_homogeneous_03,64,chain_like,homogeneous,tied,3,equal_alternating,8,,,,,,,,,-1.008,-0.00175,-0.432,-0.00075,-0.432,-0.00075
differentiated_slowdown,exp08_confirmatory_n64_chain_like_homogeneous_03,64,chain_like,homogeneous,tied,3,io,4,false,t01->t03->t04->t07->t08->t11->t12->t15->t16->t18->t20->t23->t24->t27->t29->t30->t32->t34->t35->t36->t37->t38->t39->t40->t41->t42->t43->t44->t45->t46->t47->t48->t49->t50->t51->t52->t53->t54->t55->t56->t57->t58->t59->t60->t61->t62->t63->t64 => t01->t03->t04->t07->t08->t11->t12->t15->t16->t18->t20->t23->t24->t27->t29->t30->t32->t34->t35->t36->t37->t38->t39->t40->t41->t42->t43->t44->t45->t46->t47->t48->t49->t50->t51->t52->t53->t54->t55->t56->t57->t58->t59->t60->t61->t62->t63->t64,11.0592,0.01840490797546012269938650307,-3.6864,-3.6864,11.059200,true,,,,,,
schedule_policy,exp08_confirmatory_n64_chain_like_homogeneous_04,64,chain_like,homogeneous,tied,4,io,1,,,,,,,,,0.000,0,0,0,0,0
schedule_policy,exp08_confirmatory_n64_chain_like_homogeneous_04,64,chain_like,homogeneous,tied,4,io,4,,,,,,,,,-4.032,-0.007,-2.304,-0.004,-2.304,-0.004
schedule_policy,exp08_confirmatory_n64_chain_like_homogeneous_04,64,chain_like,homogeneous,tied,4,io,8,,,,,,,,,-4.032,-0.007,-2.304,-0.004,-2.304,-0.004
schedule_policy,exp08_confirmatory_n64_chain_like_homogeneous_04,64,chain_like,homogeneous,tied,4,equal_alternating,1,,,,,,,,,0.000,0,0,0,0,0
schedule_policy,exp08_confirmatory_n64_chain_like_homogeneous_04,64,chain_like,homogeneous,tied,4,equal_alternating,4,,,,,,,,,-1.872,-0.00325,-0.576,-0.001,-0.576,-0.001
schedule_policy,exp08_confirmatory_n64_chain_like_homogeneous_04,64,chain_like,homogeneous,tied,4,equal_alternating,8,,,,,,,,,-1.872,-0.00325,-0.576,-0.001,-0.576,-0.001
differentiated_slowdown,exp08_confirmatory_n64_chain_like_homogeneous_04,64,chain_like,homogeneous,tied,4,io,4,false,t01->t02->t04->t06->t09->t10->t13->t15->t17->t19->t21->t22->t25->t27->t28->t30->t32->t34->t35->t36->t37->t38->t39->t40->t41->t42->t43->t44->t45->t46->t47->t48->t49->t50->t51->t52->t53->t54->t55->t56->t57->t58->t59->t60->t61->t62->t63->t64 => t01->t02->t04->t06->t09->t10->t13->t15->t17->t19->t21->t22->t25->t27->t28->t30->t32->t34->t35->t36->t37->t38->t39->t40->t41->t42->t43->t44->t45->t46->t47->t48->t49->t50->t51->t52->t53->t54->t55->t56->t57->t58->t59->t60->t61->t62->t63->t64,11.0592,0.01853281853281853281853281853,0.0000,0.0000,11.059200,true,,,,,,
schedule_policy,exp08_confirmatory_n64_chain_like_homogeneous_05,64,chain_like,homogeneous,tied,5,io,1,,,,,,,,,0.000,0,0,0,0,0
schedule_policy,exp08_confirmatory_n64_chain_like_homogeneous_05,64,chain_like,homogeneous,tied,5,io,4,,,,,,,,,-7.200,-0.0125,-5.184,-0.009,-5.184,-0.009
schedule_policy,exp08_confirmatory_n64_chain_like_homogeneous_05,64,chain_like,homogeneous,tied,5,io,8,,,,,,,,,-7.200,-0.0125,-5.184,-0.009,-5.184,-0.009
schedule_policy,exp08_confirmatory_n64_chain_like_homogeneous_05,64,chain_like,homogeneous,tied,5,equal_alternating,1,,,,,,,,,0.000,0,0,0,0,0
schedule_policy,exp08_confirmatory_n64_chain_like_homogeneous_05,64,chain_like,homogeneous,tied,5,equal_alternating,4,,,,,,,,,-4.176,-0.00725,-2.880,-0.005,-2.880,-0.005
schedule_policy,exp08_confirmatory_n64_chain_like_homogeneous_05,64,chain_like,homogeneous,tied,5,equal_alternating,8,,,,,,,,,-4.176,-0.00725,-2.880,-0.005,-2.880,-0.005
differentiated_slowdown,exp08_confirmatory_n64_chain_like_homogeneous_05,64,chain_like,homogeneous,tied,5,io,4,false,t01->t03->t04->t07->t08->t10->t12->t14->t16->t18->t20->t23->t25->t27->t29->t30->t33->t34->t35->t36->t37->t38->t39->t40->t41->t42->t43->t44->t45->t46->t47->t48->t49->t50->t51->t52->t53->t54->t55->t56->t57->t58->t59->t60->t61->t62->t63->t64 => t01->t03->t04->t07->t08->t10->t12->t14->t16->t18->t20->t23->t25->t27->t29->t30->t33->t34->t35->t36->t37->t38->t39->t40->t41->t42->t43->t44->t45->t46->t47->t48->t49->t50->t51->t52->t53->t54->t55->t56->t57->t58->t59->t60->t61->t62->t63->t64,11.0592,0.01859744285160790391321193336,1.8432,1.8432,11.059200,true,,,,,,
schedule_policy,exp08_confirmatory_n64_chain_like_homogeneous_06,64,chain_like,homogeneous,tied,6,io,1,,,,,,,,,0.000,0,0,0,0,0
schedule_policy,exp08_confirmatory_n64_chain_like_homogeneous_06,64,chain_like,homogeneous,tied,6,io,4,,,,,,,,,0.672,0.001166666666666666666666666667,7.872,0.01366666666666666666666666667,7.872,0.01366666666666666666666666667
schedule_policy,exp08_confirmatory_n64_chain_like_homogeneous_06,64,chain_like,homogeneous,tied,6,io,8,,,,,,,,,0.672,0.001166666666666666666666666667,7.872,0.01366666666666666666666666667,7.872,0.01366666666666666666666666667
schedule_policy,exp08_confirmatory_n64_chain_like_homogeneous_06,64,chain_like,homogeneous,tied,6,equal_alternating,1,,,,,,,,,0.000,0,0,0,0,0
schedule_policy,exp08_confirmatory_n64_chain_like_homogeneous_06,64,chain_like,homogeneous,tied,6,equal_alternating,4,,,,,,,,,-1.248,-0.002166666666666666666666666667,2.496,0.004333333333333333333333333333,2.496,0.004333333333333333333333333333
schedule_policy,exp08_confirmatory_n64_chain_like_homogeneous_06,64,chain_like,homogeneous,tied,6,equal_alternating,8,,,,,,,,,-1.248,-0.002166666666666666666666666667,2.496,0.004333333333333333333333333333,2.496,0.004333333333333333333333333333
differentiated_slowdown,exp08_confirmatory_n64_chain_like_homogeneous_06,64,chain_like,homogeneous,tied,6,io,4,false,t01->t03->t04->t07->t09->t10->t12->t15->t17->t18->t21->t22->t25->t27->t29->t30->t32->t34->t35->t36->t37->t38->t39->t40->t41->t42->t43->t44->t45->t46->t47->t48->t49->t50->t51->t52->t53->t54->t55->t56->t57->t58->t59->t60->t61->t62->t63->t64 => t01->t03->t04->t07->t09->t10->t12->t15->t17->t18->t21->t22->t25->t27->t29->t30->t32->t34->t35->t36->t37->t38->t39->t40->t41->t42->t43->t44->t45->t46->t47->t48->t49->t50->t51->t52->t53->t54->t55->t56->t57->t58->t59->t60->t61->t62->t63->t64,11.0592,0.01846864178530203924586379377,-1.8432,-1.8432,11.059200,true,,,,,,
schedule_policy,exp08_confirmatory_n64_chain_like_homogeneous_07,64,chain_like,homogeneous,tied,7,io,1,,,,,,,,,0.000,0,0,0,0,0
schedule_policy,exp08_confirmatory_n64_chain_like_homogeneous_07,64,chain_like,homogeneous,tied,7,io,4,,,,,,,,,-3.936,-0.006833333333333333333333333333,0.384,0.0006666666666666666666666666667,0.384,0.0006666666666666666666666666667
schedule_policy,exp08_confirmatory_n64_chain_like_homogeneous_07,64,chain_like,homogeneous,tied,7,io,8,,,,,,,,,-3.936,-0.006833333333333333333333333333,0.384,0.0006666666666666666666666666667,0.384,0.0006666666666666666666666666667
schedule_policy,exp08_confirmatory_n64_chain_like_homogeneous_07,64,chain_like,homogeneous,tied,7,equal_alternating,1,,,,,,,,,0.000,0,0,0,0,0
schedule_policy,exp08_confirmatory_n64_chain_like_homogeneous_07,64,chain_like,homogeneous,tied,7,equal_alternating,4,,,,,,,,,-2.112,-0.003666666666666666666666666667,0.624,0.001083333333333333333333333333,0.624,0.001083333333333333333333333333
schedule_policy,exp08_confirmatory_n64_chain_like_homogeneous_07,64,chain_like,homogeneous,tied,7,equal_alternating,8,,,,,,,,,-2.112,-0.003666666666666666666666666667,0.624,0.001083333333333333333333333333,0.624,0.001083333333333333333333333333
differentiated_slowdown,exp08_confirmatory_n64_chain_like_homogeneous_07,64,chain_like,homogeneous,tied,7,io,4,false,t01->t02->t05->t06->t09->t10->t12->t15->t17->t18->t20->t23->t25->t27->t29->t30->t32->t34->t35->t36->t37->t38->t39->t40->t41->t42->t43->t44->t45->t46->t47->t48->t49->t50->t51->t52->t53->t54->t55->t56->t57->t58->t59->t60->t61->t62->t63->t64 => t01->t02->t05->t06->t09->t10->t12->t15->t17->t18->t20->t23->t25->t27->t29->t30->t32->t34->t35->t36->t37->t38->t39->t40->t41->t42->t43->t44->t45->t46->t47->t48->t49->t50->t51->t52->t53->t54->t55->t56->t57->t58->t59->t60->t61->t62->t63->t64,11.0592,0.01843671980026886883042058767,-2.7648,-2.7648,11.059200,true,,,,,,
schedule_policy,exp08_confirmatory_n64_chain_like_homogeneous_08,64,chain_like,homogeneous,tied,8,io,1,,,,,,,,,0.000,0,0,0,0,0
schedule_policy,exp08_confirmatory_n64_chain_like_homogeneous_08,64,chain_like,homogeneous,tied,8,io,4,,,,,,,,,-1.920,-0.003333333333333333333333333333,7.872,0.01366666666666666666666666667,7.872,0.01366666666666666666666666667
schedule_policy,exp08_confirmatory_n64_chain_like_homogeneous_08,64,chain_like,homogeneous,tied,8,io,8,,,,,,,,,-1.920,-0.003333333333333333333333333333,7.872,0.01366666666666666666666666667,7.872,0.01366666666666666666666666667
schedule_policy,exp08_confirmatory_n64_chain_like_homogeneous_08,64,chain_like,homogeneous,tied,8,equal_alternating,1,,,,,,,,,0.000,0,0,0,0,0
schedule_policy,exp08_confirmatory_n64_chain_like_homogeneous_08,64,chain_like,homogeneous,tied,8,equal_alternating,4,,,,,,,,,-0.960,-0.001666666666666666666666666667,4.080,0.007083333333333333333333333333,4.080,0.007083333333333333333333333333
schedule_policy,exp08_confirmatory_n64_chain_like_homogeneous_08,64,chain_like,homogeneous,tied,8,equal_alternating,8,,,,,,,,,-0.960,-0.001666666666666666666666666667,4.080,0.007083333333333333333333333333,4.080,0.007083333333333333333333333333
differentiated_slowdown,exp08_confirmatory_n64_chain_like_homogeneous_08,64,chain_like,homogeneous,tied,8,io,4,false,t01->t03->t05->t06->t08->t10->t13->t15->t17->t18->t20->t22->t25->t26->t28->t30->t32->t34->t35->t36->t37->t38->t39->t40->t41->t42->t43->t44->t45->t46->t47->t48->t49->t50->t51->t52->t53->t54->t55->t56->t57->t58->t59->t60->t61->t62->t63->t64 => t01->t03->t05->t06->t08->t10->t13->t15->t17->t18->t20->t22->t25->t26->t28->t30->t32->t34->t35->t36->t37->t38->t39->t40->t41->t42->t43->t44->t45->t46->t47->t48->t49->t50->t51->t52->t53->t54->t55->t56->t57->t58->t59->t60->t61->t62->t63->t64,11.0592,0.01840490797546012269938650307,-3.6864,-3.6864,11.059200,true,,,,,,
schedule_policy,exp08_confirmatory_n64_chain_like_homogeneous_09,64,chain_like,homogeneous,tied,9,io,1,,,,,,,,,0.000,0,0,0,0,0
schedule_policy,exp08_confirmatory_n64_chain_like_homogeneous_09,64,chain_like,homogeneous,tied,9,io,4,,,,,,,,,-2.976,-0.005166666666666666666666666667,1.632,0.002833333333333333333333333333,1.632,0.002833333333333333333333333333
schedule_policy,exp08_confirmatory_n64_chain_like_homogeneous_09,64,chain_like,homogeneous,tied,9,io,8,,,,,,,,,-2.976,-0.005166666666666666666666666667,1.632,0.002833333333333333333333333333,1.632,0.002833333333333333333333333333
schedule_policy,exp08_confirmatory_n64_chain_like_homogeneous_09,64,chain_like,homogeneous,tied,9,equal_alternating,1,,,,,,,,,0.000,0,0,0,0,0
schedule_policy,exp08_confirmatory_n64_chain_like_homogeneous_09,64,chain_like,homogeneous,tied,9,equal_alternating,4,,,,,,,,,-3.648,-0.006333333333333333333333333333,-1.056,-0.001833333333333333333333333333,-1.056,-0.001833333333333333333333333333
schedule_policy,exp08_confirmatory_n64_chain_like_homogeneous_09,64,chain_like,homogeneous,tied,9,equal_alternating,8,,,,,,,,,-3.648,-0.006333333333333333333333333333,-1.056,-0.001833333333333333333333333333,-1.056,-0.001833333333333333333333333333
differentiated_slowdown,exp08_confirmatory_n64_chain_like_homogeneous_09,64,chain_like,homogeneous,tied,9,io,4,false,t01->t02->t05->t07->t08->t11->t12->t15->t17->t18->t20->t22->t24->t27->t29->t30->t33->t34->t35->t36->t37->t38->t39->t40->t41->t42->t43->t44->t45->t46->t47->t48->t49->t50->t51->t52->t53->t54->t55->t56->t57->t58->t59->t60->t61->t62->t63->t64 => t01->t02->t05->t07->t08->t11->t12->t15->t17->t18->t20->t22->t24->t27->t29->t30->t33->t34->t35->t36->t37->t38->t39->t40->t41->t42->t43->t44->t45->t46->t47->t48->t49->t50->t51->t52->t53->t54->t55->t56->t57->t58->t59->t60->t61->t62->t63->t64,11.0592,0.01850067450375794950857583349,-0.9216,-0.9216,11.059200,true,,,,,,
schedule_policy,exp08_confirmatory_n64_chain_like_homogeneous_10,64,chain_like,homogeneous,tied,10,io,1,,,,,,,,,0.000,0,0,0,0,0
schedule_policy,exp08_confirmatory_n64_chain_like_homogeneous_10,64,chain_like,homogeneous,tied,10,io,4,,,,,,,,,-5.952,-0.01033333333333333333333333333,-3.072,-0.005333333333333333333333333333,-3.072,-0.005333333333333333333333333333
schedule_policy,exp08_confirmatory_n64_chain_like_homogeneous_10,64,chain_like,homogeneous,tied,10,io,8,,,,,,,,,-5.952,-0.01033333333333333333333333333,-3.072,-0.005333333333333333333333333333,-3.072,-0.005333333333333333333333333333
schedule_policy,exp08_confirmatory_n64_chain_like_homogeneous_10,64,chain_like,homogeneous,tied,10,equal_alternating,1,,,,,,,,,0.000,0,0,0,0,0
schedule_policy,exp08_confirmatory_n64_chain_like_homogeneous_10,64,chain_like,homogeneous,tied,10,equal_alternating,4,,,,,,,,,-3.984,-0.006916666666666666666666666667,-2.112,-0.003666666666666666666666666667,-2.112,-0.003666666666666666666666666667
schedule_policy,exp08_confirmatory_n64_chain_like_homogeneous_10,64,chain_like,homogeneous,tied,10,equal_alternating,8,,,,,,,,,-3.984,-0.006916666666666666666666666667,-2.112,-0.003666666666666666666666666667,-2.112,-0.003666666666666666666666666667
differentiated_slowdown,exp08_confirmatory_n64_chain_like_homogeneous_10,64,chain_like,homogeneous,tied,10,io,4,false,t01->t03->t04->t06->t08->t10->t13->t15->t17->t19->t21->t23->t24->t27->t29->t30->t32->t34->t35->t36->t37->t38->t39->t40->t41->t42->t43->t44->t45->t46->t47->t48->t49->t50->t51->t52->t53->t54->t55->t56->t57->t58->t59->t60->t61->t62->t63->t64 => t01->t03->t04->t06->t08->t10->t13->t15->t17->t19->t21->t23->t24->t27->t29->t30->t32->t34->t35->t36->t37->t38->t39->t40->t41->t42->t43->t44->t45->t46->t47->t48->t49->t50->t51->t52->t53->t54->t55->t56->t57->t58->t59->t60->t61->t62->t63->t64,11.0592,0.01850067450375794950857583349,-0.9216,-0.9216,11.059200,true,,,,,,
schedule_policy,exp08_confirmatory_n64_chain_like_homogeneous_11,64,chain_like,homogeneous,tied,11,io,1,,,,,,,,,0.000,0,0,0,0,0
schedule_policy,exp08_confirmatory_n64_chain_like_homogeneous_11,64,chain_like,homogeneous,tied,11,io,4,,,,,,,,,-2.880,-0.005,0.000,0,0.000,0
schedule_policy,exp08_confirmatory_n64_chain_like_homogeneous_11,64,chain_like,homogeneous,tied,11,io,8,,,,,,,,,-2.880,-0.005,0.000,0,0.000,0
schedule_policy,exp08_confirmatory_n64_chain_like_homogeneous_11,64,chain_like,homogeneous,tied,11,equal_alternating,1,,,,,,,,,0.000,0,0,0,0,0
schedule_policy,exp08_confirmatory_n64_chain_like_homogeneous_11,64,chain_like,homogeneous,tied,11,equal_alternating,4,,,,,,,,,-3.456,-0.006,-1.728,-0.003,-1.728,-0.003
schedule_policy,exp08_confirmatory_n64_chain_like_homogeneous_11,64,chain_like,homogeneous,tied,11,equal_alternating,8,,,,,,,,,-3.456,-0.006,-1.728,-0.003,-1.728,-0.003
differentiated_slowdown,exp08_confirmatory_n64_chain_like_homogeneous_11,64,chain_like,homogeneous,tied,11,io,4,false,t01->t02->t05->t07->t08->t11->t13->t15->t16->t18->t20->t23->t25->t26->t29->t30->t32->t34->t35->t36->t37->t38->t39->t40->t41->t42->t43->t44->t45->t46->t47->t48->t49->t50->t51->t52->t53->t54->t55->t56->t57->t58->t59->t60->t61->t62->t63->t64 => t01->t02->t05->t07->t08->t11->t13->t15->t16->t18->t20->t23->t25->t26->t29->t30->t32->t34->t35->t36->t37->t38->t39->t40->t41->t42->t43->t44->t45->t46->t47->t48->t49->t50->t51->t52->t53->t54->t55->t56->t57->t58->t59->t60->t61->t62->t63->t64,11.0592,0.01853281853281853281853281853,0.0000,0.0000,11.059200,true,,,,,,
schedule_policy,exp08_confirmatory_n64_chain_like_homogeneous_12,64,chain_like,homogeneous,tied,12,io,1,,,,,,,,,0.000,0,0,0,0,0
schedule_policy,exp08_confirmatory_n64_chain_like_homogeneous_12,64,chain_like,homogeneous,tied,12,io,4,,,,,,,,,-5.184,-0.009,-2.592,-0.0045,-2.592,-0.0045
schedule_policy,exp08_confirmatory_n64_chain_like_homogeneous_12,64,chain_like,homogeneous,tied,12,io,8,,,,,,,,,-5.184,-0.009,-2.592,-0.0045,-2.592,-0.0045
schedule_policy,exp08_confirmatory_n64_chain_like_homogeneous_12,64,chain_like,homogeneous,tied,12,equal_alternating,1,,,,,,,,,0.000,0,0,0,0,0
schedule_policy,exp08_confirmatory_n64_chain_like_homogeneous_12,64,chain_like,homogeneous,tied,12,equal_alternating,4,,,,,,,,,-3.168,-0.0055,-1.728,-0.003,-1.728,-0.003
schedule_policy,exp08_confirmatory_n64_chain_like_homogeneous_12,64,chain_like,homogeneous,tied,12,equal_alternating,8,,,,,,,,,-3.168,-0.0055,-1.728,-0.003,-1.728,-0.003
differentiated_slowdown,exp08_confirmatory_n64_chain_like_homogeneous_12,64,chain_like,homogeneous,tied,12,io,4,false,t01->t02->t04->t06->t09->t10->t13->t15->t17->t18->t21->t23->t24->t27->t28->t30->t32->t34->t35->t36->t37->t38->t39->t40->t41->t42->t43->t44->t45->t46->t47->t48->t49->t50->t51->t52->t53->t54->t55->t56->t57->t58->t59->t60->t61->t62->t63->t64 => t01->t02->t04->t06->t09->t10->t13->t15->t17->t18->t21->t23->t24->t27->t28->t30->t32->t34->t35->t36->t37->t38->t39->t40->t41->t42->t43->t44->t45->t46->t47->t48->t49->t50->t51->t52->t53->t54->t55->t56->t57->t58->t59->t60->t61->t62->t63->t64,11.0592,0.01843671980026886883042058767,-2.7648,-2.7648,11.059200,true,,,,,,
schedule_policy,exp08_confirmatory_n64_chain_like_homogeneous_13,64,chain_like,homogeneous,tied,13,io,1,,,,,,,,,0.000,0,0,0,0,0
schedule_policy,exp08_confirmatory_n64_chain_like_homogeneous_13,64,chain_like,homogeneous,tied,13,io,4,,,,,,,,,-4.896,-0.0085,-2.304,-0.004,-2.304,-0.004
schedule_policy,exp08_confirmatory_n64_chain_like_homogeneous_13,64,chain_like,homogeneous,tied,13,io,8,,,,,,,,,-4.896,-0.0085,-2.304,-0.004,-2.304,-0.004
schedule_policy,exp08_confirmatory_n64_chain_like_homogeneous_13,64,chain_like,homogeneous,tied,13,equal_alternating,1,,,,,,,,,0.000,0,0,0,0,0
schedule_policy,exp08_confirmatory_n64_chain_like_homogeneous_13,64,chain_like,homogeneous,tied,13,equal_alternating,4,,,,,,,,,-2.736,-0.00475,-0.864,-0.0015,-0.864,-0.0015
schedule_policy,exp08_confirmatory_n64_chain_like_homogeneous_13,64,chain_like,homogeneous,tied,13,equal_alternating,8,,,,,,,,,-2.736,-0.00475,-0.864,-0.0015,-0.864,-0.0015
differentiated_slowdown,exp08_confirmatory_n64_chain_like_homogeneous_13,64,chain_like,homogeneous,tied,13,io,4,false,t01->t02->t05->t07->t09->t10->t13->t15->t17->t19->t20->t22->t25->t26->t29->t31->t33->t34->t35->t36->t37->t38->t39->t40->t41->t42->t43->t44->t45->t46->t47->t48->t49->t50->t51->t52->t53->t54->t55->t56->t57->t58->t59->t60->t61->t62->t63->t64 => t01->t02->t05->t07->t09->t10->t13->t15->t17->t19->t20->t22->t25->t26->t29->t31->t33->t34->t35->t36->t37->t38->t39->t40->t41->t42->t43->t44->t45->t46->t47->t48->t49->t50->t51->t52->t53->t54->t55->t56->t57->t58->t59->t60->t61->t62->t63->t64,11.0592,0.01859744285160790391321193336,1.8432,1.8432,11.059200,true,,,,,,
schedule_policy,exp08_confirmatory_n64_chain_like_homogeneous_14,64,chain_like,homogeneous,tied,14,io,1,,,,,,,,,0.000,0,0,0,0,0
schedule_policy,exp08_confirmatory_n64_chain_like_homogeneous_14,64,chain_like,homogeneous,tied,14,io,4,,,,,,,,,-3.360,-0.005833333333333333333333333333,2.976,0.005166666666666666666666666667,2.976,0.005166666666666666666666666667
schedule_policy,exp08_confirmatory_n64_chain_like_homogeneous_14,64,chain_like,homogeneous,tied,14,io,8,,,,,,,,,-3.360,-0.005833333333333333333333333333,2.976,0.005166666666666666666666666667,2.976,0.005166666666666666666666666667
schedule_policy,exp08_confirmatory_n64_chain_like_homogeneous_14,64,chain_like,homogeneous,tied,14,equal_alternating,1,,,,,,,,,0.000,0,0,0,0,0
schedule_policy,exp08_confirmatory_n64_chain_like_homogeneous_14,64,chain_like,homogeneous,tied,14,equal_alternating,4,,,,,,,,,-3.264,-0.005666666666666666666666666667,0.048,0.00008333333333333333333333333333,0.048,0.00008333333333333333333333333333
schedule_policy,exp08_confirmatory_n64_chain_like_homogeneous_14,64,chain_like,homogeneous,tied,14,equal_alternating,8,,,,,,,,,-3.264,-0.005666666666666666666666666667,0.048,0.00008333333333333333333333333333,0.048,0.00008333333333333333333333333333
differentiated_slowdown,exp08_confirmatory_n64_chain_like_homogeneous_14,64,chain_like,homogeneous,tied,14,io,4,false,t01->t03->t05->t06->t08->t10->t12->t14->t17->t18->t21->t22->t25->t27->t28->t30->t32->t34->t35->t36->t37->t38->t39->t40->t41->t42->t43->t44->t45->t46->t47->t48->t49->t50->t51->t52->t53->t54->t55->t56->t57->t58->t59->t60->t61->t62->t63->t64 => t01->t03->t05->t06->t08->t10->t12->t14->t17->t18->t21->t22->t25->t27->t28->t30->t32->t34->t35->t36->t37->t38->t39->t40->t41->t42->t43->t44->t45->t46->t47->t48->t49->t50->t51->t52->t53->t54->t55->t56->t57->t58->t59->t60->t61->t62->t63->t64,11.0592,0.01846864178530203924586379377,-1.8432,-1.8432,11.059200,true,,,,,,
schedule_policy,exp08_confirmatory_n64_chain_like_homogeneous_15,64,chain_like,homogeneous,tied,15,io,1,,,,,,,,,0.000,0,0,0,0,0
schedule_policy,exp08_confirmatory_n64_chain_like_homogeneous_15,64,chain_like,homogeneous,tied,15,io,4,,,,,,,,,-3.744,-0.0065,-1.152,-0.002,-1.152,-0.002
schedule_policy,exp08_confirmatory_n64_chain_like_homogeneous_15,64,chain_like,homogeneous,tied,15,io,8,,,,,,,,,-3.744,-0.0065,-1.152,-0.002,-1.152,-0.002
schedule_policy,exp08_confirmatory_n64_chain_like_homogeneous_15,64,chain_like,homogeneous,tied,15,equal_alternating,1,,,,,,,,,0.000,0,0,0,0,0
schedule_policy,exp08_confirmatory_n64_chain_like_homogeneous_15,64,chain_like,homogeneous,tied,15,equal_alternating,4,,,,,,,,,-4.176,-0.00725,-2.736,-0.00475,-2.736,-0.00475
schedule_policy,exp08_confirmatory_n64_chain_like_homogeneous_15,64,chain_like,homogeneous,tied,15,equal_alternating,8,,,,,,,,,-4.176,-0.00725,-2.736,-0.00475,-2.736,-0.00475
differentiated_slowdown,exp08_confirmatory_n64_chain_like_homogeneous_15,64,chain_like,homogeneous,tied,15,io,4,false,t01->t03->t04->t06->t09->t10->t12->t14->t16->t18->t20->t23->t24->t27->t28->t31->t33->t34->t35->t36->t37->t38->t39->t40->t41->t42->t43->t44->t45->t46->t47->t48->t49->t50->t51->t52->t53->t54->t55->t56->t57->t58->t59->t60->t61->t62->t63->t64 => t01->t03->t04->t06->t09->t10->t12->t14->t16->t18->t20->t23->t24->t27->t28->t31->t33->t34->t35->t36->t37->t38->t39->t40->t41->t42->t43->t44->t45->t46->t47->t48->t49->t50->t51->t52->t53->t54->t55->t56->t57->t58->t59->t60->t61->t62->t63->t64,11.0592,0.01846864178530203924586379377,-1.8432,-1.8432,11.059200,true,,,,,,
schedule_policy,exp08_confirmatory_n64_chain_like_homogeneous_16,64,chain_like,homogeneous,tied,16,io,1,,,,,,,,,0.000,0,0,0,0,0
schedule_policy,exp08_confirmatory_n64_chain_like_homogeneous_16,64,chain_like,homogeneous,tied,16,io,4,,,,,,,,,-3.072,-0.005333333333333333333333333333,-1.344,-0.002333333333333333333333333333,-1.344,-0.002333333333333333333333333333
schedule_policy,exp08_confirmatory_n64_chain_like_homogeneous_16,64,chain_like,homogeneous,tied,16,io,8,,,,,,,,,-3.072,-0.005333333333333333333333333333,-1.344,-0.002333333333333333333333333333,-1.344,-0.002333333333333333333333333333
schedule_policy,exp08_confirmatory_n64_chain_like_homogeneous_16,64,chain_like,homogeneous,tied,16,equal_alternating,1,,,,,,,,,0.000,0,0,0,0,0
schedule_policy,exp08_confirmatory_n64_chain_like_homogeneous_16,64,chain_like,homogeneous,tied,16,equal_alternating,4,,,,,,,,,-3.696,-0.006416666666666666666666666667,-2.688,-0.004666666666666666666666666667,-2.688,-0.004666666666666666666666666667
schedule_policy,exp08_confirmatory_n64_chain_like_homogeneous_16,64,chain_like,homogeneous,tied,16,equal_alternating,8,,,,,,,,,-3.696,-0.006416666666666666666666666667,-2.688,-0.004666666666666666666666666667,-2.688,-0.004666666666666666666666666667
differentiated_slowdown,exp08_confirmatory_n64_chain_like_homogeneous_16,64,chain_like,homogeneous,tied,16,io,4,false,t01->t02->t04->t06->t08->t10->t13->t15->t17->t19->t20->t22->t25->t26->t29->t31->t32->t34->t35->t36->t37->t38->t39->t40->t41->t42->t43->t44->t45->t46->t47->t48->t49->t50->t51->t52->t53->t54->t55->t56->t57->t58->t59->t60->t61->t62->t63->t64 => t01->t02->t04->t06->t08->t10->t13->t15->t17->t19->t20->t22->t25->t26->t29->t31->t32->t34->t35->t36->t37->t38->t39->t40->t41->t42->t43->t44->t45->t46->t47->t48->t49->t50->t51->t52->t53->t54->t55->t56->t57->t58->t59->t60->t61->t62->t63->t64,11.0592,0.01846864178530203924586379377,-1.8432,-1.8432,11.059200,true,,,,,,
schedule_policy,exp08_confirmatory_n64_chain_like_homogeneous_17,64,chain_like,homogeneous,tied,17,io,1,,,,,,,,,0.000,0,0,0,0,0
schedule_policy,exp08_confirmatory_n64_chain_like_homogeneous_17,64,chain_like,homogeneous,tied,17,io,4,,,,,,,,,-4.512,-0.007833333333333333333333333333,-3.072,-0.005333333333333333333333333333,-3.072,-0.005333333333333333333333333333
schedule_policy,exp08_confirmatory_n64_chain_like_homogeneous_17,64,chain_like,homogeneous,tied,17,io,8,,,,,,,,,-4.512,-0.007833333333333333333333333333,-3.072,-0.005333333333333333333333333333,-3.072,-0.005333333333333333333333333333
schedule_policy,exp08_confirmatory_n64_chain_like_homogeneous_17,64,chain_like,homogeneous,tied,17,equal_alternating,1,,,,,,,,,0.000,0,0,0,0,0
schedule_policy,exp08_confirmatory_n64_chain_like_homogeneous_17,64,chain_like,homogeneous,tied,17,equal_alternating,4,,,,,,,,,-3.984,-0.006916666666666666666666666667,-2.976,-0.005166666666666666666666666667,-2.976,-0.005166666666666666666666666667
schedule_policy,exp08_confirmatory_n64_chain_like_homogeneous_17,64,chain_like,homogeneous,tied,17,equal_alternating,8,,,,,,,,,-3.984,-0.006916666666666666666666666667,-2.976,-0.005166666666666666666666666667,-2.976,-0.005166666666666666666666666667
differentiated_slowdown,exp08_confirmatory_n64_chain_like_homogeneous_17,64,chain_like,homogeneous,tied,17,io,4,false,t01->t02->t04->t07->t08->t11->t13->t14->t16->t19->t20->t23->t24->t27->t29->t31->t32->t34->t35->t36->t37->t38->t39->t40->t41->t42->t43->t44->t45->t46->t47->t48->t49->t50->t51->t52->t53->t54->t55->t56->t57->t58->t59->t60->t61->t62->t63->t64 => t01->t02->t04->t07->t08->t11->t13->t14->t16->t19->t20->t23->t24->t27->t29->t31->t32->t34->t35->t36->t37->t38->t39->t40->t41->t42->t43->t44->t45->t46->t47->t48->t49->t50->t51->t52->t53->t54->t55->t56->t57->t58->t59->t60->t61->t62->t63->t64,11.0592,0.01853281853281853281853281853,0.0000,0.0000,11.059200,true,,,,,,
schedule_policy,exp08_confirmatory_n64_chain_like_homogeneous_18,64,chain_like,homogeneous,tied,18,io,1,,,,,,,,,0.000,0,0,0,0,0
schedule_policy,exp08_confirmatory_n64_chain_like_homogeneous_18,64,chain_like,homogeneous,tied,18,io,4,,,,,,,,,-6.144,-0.01066666666666666666666666667,-3.264,-0.005666666666666666666666666667,-3.264,-0.005666666666666666666666666667
schedule_policy,exp08_confirmatory_n64_chain_like_homogeneous_18,64,chain_like,homogeneous,tied,18,io,8,,,,,,,,,-6.144,-0.01066666666666666666666666667,-3.264,-0.005666666666666666666666666667,-3.264,-0.005666666666666666666666666667
schedule_policy,exp08_confirmatory_n64_chain_like_homogeneous_18,64,chain_like,homogeneous,tied,18,equal_alternating,1,,,,,,,,,0.000,0,0,0,0,0
schedule_policy,exp08_confirmatory_n64_chain_like_homogeneous_18,64,chain_like,homogeneous,tied,18,equal_alternating,4,,,,,,,,,-3.936,-0.006833333333333333333333333333,-2.064,-0.003583333333333333333333333333,-2.064,-0.003583333333333333333333333333
schedule_policy,exp08_confirmatory_n64_chain_like_homogeneous_18,64,chain_like,homogeneous,tied,18,equal_alternating,8,,,,,,,,,-3.936,-0.006833333333333333333333333333,-2.064,-0.003583333333333333333333333333,-2.064,-0.003583333333333333333333333333
differentiated_slowdown,exp08_confirmatory_n64_chain_like_homogeneous_18,64,chain_like,homogeneous,tied,18,io,4,false,t01->t02->t04->t06->t08->t10->t12->t14->t17->t19->t21->t23->t25->t27->t29->t31->t33->t34->t35->t36->t37->t38->t39->t40->t41->t42->t43->t44->t45->t46->t47->t48->t49->t50->t51->t52->t53->t54->t55->t56->t57->t58->t59->t60->t61->t62->t63->t64 => t01->t02->t04->t06->t08->t10->t12->t14->t17->t19->t21->t23->t25->t27->t29->t31->t33->t34->t35->t36->t37->t38->t39->t40->t41->t42->t43->t44->t45->t46->t47->t48->t49->t50->t51->t52->t53->t54->t55->t56->t57->t58->t59->t60->t61->t62->t63->t64,11.0592,0.01856507445368400696190292013,0.9216,0.9216,11.059200,true,,,,,,
schedule_policy,exp08_confirmatory_n64_chain_like_homogeneous_19,64,chain_like,homogeneous,tied,19,io,1,,,,,,,,,0.000,0,0,0,0,0
schedule_policy,exp08_confirmatory_n64_chain_like_homogeneous_19,64,chain_like,homogeneous,tied,19,io,4,,,,,,,,,-5.184,-0.009,-2.880,-0.005,-2.880,-0.005
schedule_policy,exp08_confirmatory_n64_chain_like_homogeneous_19,64,chain_like,homogeneous,tied,19,io,8,,,,,,,,,-5.184,-0.009,-2.880,-0.005,-2.880,-0.005
schedule_policy,exp08_confirmatory_n64_chain_like_homogeneous_19,64,chain_like,homogeneous,tied,19,equal_alternating,1,,,,,,,,,0.000,0,0,0,0,0
schedule_policy,exp08_confirmatory_n64_chain_like_homogeneous_19,64,chain_like,homogeneous,tied,19,equal_alternating,4,,,,,,,,,-2.448,-0.00425,-1.008,-0.00175,-1.008,-0.00175
schedule_policy,exp08_confirmatory_n64_chain_like_homogeneous_19,64,chain_like,homogeneous,tied,19,equal_alternating,8,,,,,,,,,-2.448,-0.00425,-1.008,-0.00175,-1.008,-0.00175
differentiated_slowdown,exp08_confirmatory_n64_chain_like_homogeneous_19,64,chain_like,homogeneous,tied,19,io,4,false,t01->t02->t04->t07->t08->t10->t12->t14->t17->t18->t20->t22->t24->t27->t29->t30->t33->t34->t35->t36->t37->t38->t39->t40->t41->t42->t43->t44->t45->t46->t47->t48->t49->t50->t51->t52->t53->t54->t55->t56->t57->t58->t59->t60->t61->t62->t63->t64 => t01->t02->t04->t07->t08->t10->t12->t14->t17->t18->t20->t22->t24->t27->t29->t30->t33->t34->t35->t36->t37->t38->t39->t40->t41->t42->t43->t44->t45->t46->t47->t48->t49->t50->t51->t52->t53->t54->t55->t56->t57->t58->t59->t60->t61->t62->t63->t64,11.0592,0.01840490797546012269938650307,-3.6864,-3.6864,11.059200,true,,,,,,
schedule_policy,exp08_confirmatory_n64_chain_like_lognormal_00,64,chain_like,lognormal,tied,0,io,1,,,,,,,,,0.000,0,0,0,0,0
schedule_policy,exp08_confirmatory_n64_chain_like_lognormal_00,64,chain_like,lognormal,tied,0,io,4,,,,,,,,,-5.956,-0.004206214689265536723163841808,-1.488,-0.001050847457627118644067796610,-1.488,-0.001050847457627118644067796610
schedule_policy,exp08_confirmatory_n64_chain_like_lognormal_00,64,chain_like,lognormal,tied,0,io,8,,,,,,,,,-5.956,-0.004206214689265536723163841808,-1.488,-0.001050847457627118644067796610,-1.488,-0.001050847457627118644067796610
schedule_policy,exp08_confirmatory_n64_chain_like_lognormal_00,64,chain_like,lognormal,tied,0,equal_alternating,1,,,,,,,,,0.000,0,0,0,0,0
schedule_policy,exp08_confirmatory_n64_chain_like_lognormal_00,64,chain_like,lognormal,tied,0,equal_alternating,4,,,,,,,,,-16.111,-0.01137782485875706214689265537,-11.231,-0.007931497175141242937853107345,-11.231,-0.007931497175141242937853107345
schedule_policy,exp08_confirmatory_n64_chain_like_lognormal_00,64,chain_like,lognormal,tied,0,equal_alternating,8,,,,,,,,,-16.111,-0.01137782485875706214689265537,-11.231,-0.007931497175141242937853107345,-11.231,-0.007931497175141242937853107345
differentiated_slowdown,exp08_confirmatory_n64_chain_like_lognormal_00,64,chain_like,lognormal,tied,0,io,4,false,t01->t02->t04->t07->t08->t10->t12->t14->t17->t19->t21->t23->t25->t27->t28->t31->t33->t34->t35->t36->t37->t38->t39->t40->t41->t42->t43->t44->t45->t46->t47->t48->t49->t50->t51->t52->t53->t54->t55->t56->t57->t58->t59->t60->t61->t62->t63->t64 => t01->t02->t04->t07->t08->t10->t12->t15->t16->t18->t20->t22->t24->t27->t28->t31->t33->t34->t35->t36->t37->t38->t39->t40->t41->t42->t43->t44->t45->t46->t47->t48->t49->t50->t51->t52->t53->t54->t55->t56->t57->t58->t59->t60->t61->t62->t63->t64,24.5376,0.01699892634422077654866428991,15.8643,15.8643,24.537600,true,,,,,,
schedule_policy,exp08_confirmatory_n64_chain_like_lognormal_01,64,chain_like,lognormal,tied,1,io,1,,,,,,,,,0.000,0,0,0,0,0
schedule_policy,exp08_confirmatory_n64_chain_like_lognormal_01,64,chain_like,lognormal,tied,1,io,4,,,,,,,,,4.481,0.003304572271386430678466076696,12.263,0.009043510324483775811209439528,12.263,0.009043510324483775811209439528
schedule_policy,exp08_confirmatory_n64_chain_like_lognormal_01,64,chain_like,lognormal,tied,1,io,8,,,,,,,,,4.481,0.003304572271386430678466076696,12.263,0.009043510324483775811209439528,12.263,0.009043510324483775811209439528
schedule_policy,exp08_confirmatory_n64_chain_like_lognormal_01,64,chain_like,lognormal,tied,1,equal_alternating,1,,,,,,,,,0.000,0,0,0,0,0
schedule_policy,exp08_confirmatory_n64_chain_like_lognormal_01,64,chain_like,lognormal,tied,1,equal_alternating,4,,,,,,,,,-12.038,-0.008877581120943952802359882006,-5.972,-0.004404129793510324483775811209,-5.972,-0.004404129793510324483775811209
schedule_policy,exp08_confirmatory_n64_chain_like_lognormal_01,64,chain_like,lognormal,tied,1,equal_alternating,8,,,,,,,,,-12.038,-0.008877581120943952802359882006,-5.972,-0.004404129793510324483775811209,-5.972,-0.004404129793510324483775811209
differentiated_slowdown,exp08_confirmatory_n64_chain_like_lognormal_01,64,chain_like,lognormal,tied,1,io,4,false,t01->t03->t04->t07->t08->t10->t13->t14->t17->t19->t21->t23->t25->t26->t29->t31->t32->t34->t35->t36->t37->t38->t39->t40->t41->t42->t43->t44->t45->t46->t47->t48->t49->t50->t51->t52->t53->t54->t55->t56->t57->t58->t59->t60->t61->t62->t63->t64 => t01->t03->t04->t07->t08->t10->t13->t14->t17->t19->t21->t23->t25->t26->t29->t31->t32->t34->t35->t36->t37->t38->t39->t40->t41->t42->t43->t44->t45->t46->t47->t48->t49->t50->t51->t52->t53->t54->t55->t56->t57->t58->t59->t60->t61->t62->t63->t64,24.7104,0.01781176976350014423623776533,14.2866,14.2866,24.710400,true,,,,,,
schedule_policy,exp08_confirmatory_n64_chain_like_lognormal_02,64,chain_like,lognormal,tied,2,io,1,,,,,,,,,0.000,0,0,0,0,0
schedule_policy,exp08_confirmatory_n64_chain_like_lognormal_02,64,chain_like,lognormal,tied,2,io,4,,,,,,,,,-6.888,-0.004948275862068965517241379310,-0.382,-0.0002744252873563218390804597701,-0.382,-0.0002744252873563218390804597701
schedule_policy,exp08_confirmatory_n64_chain_like_lognormal_02,64,chain_like,lognormal,tied,2,io,8,,,,,,,,,-6.888,-0.004948275862068965517241379310,-0.382,-0.0002744252873563218390804597701,-0.382,-0.0002744252873563218390804597701
schedule_policy,exp08_confirmatory_n64_chain_like_lognormal_02,64,chain_like,lognormal,tied,2,equal_alternating,1,,,,,,,,,0.000,0,0,0,0,0
schedule_policy,exp08_confirmatory_n64_chain_like_lognormal_02,64,chain_like,lognormal,tied,2,equal_alternating,4,,,,,,,,,-22.814,-0.01638936781609195402298850575,-18.480,-0.01327586206896551724137931034,-18.480,-0.01327586206896551724137931034
schedule_policy,exp08_confirmatory_n64_chain_like_lognormal_02,64,chain_like,lognormal,tied,2,equal_alternating,8,,,,,,,,,-22.814,-0.01638936781609195402298850575,-18.480,-0.01327586206896551724137931034,-18.480,-0.01327586206896551724137931034
differentiated_slowdown,exp08_confirmatory_n64_chain_like_lognormal_02,64,chain_like,lognormal,tied,2,io,4,false,t01->t02->t04->t06->t09->t10->t12->t14->t16->t18->t21->t22->t25->t26->t28->t30->t32->t34->t35->t36->t37->t38->t39->t40->t41->t42->t43->t44->t45->t46->t47->t48->t49->t50->t51->t52->t53->t54->t55->t56->t57->t58->t59->t60->t61->t62->t63->t64 => t01->t02->t04->t06->t09->t10->t13->t15->t17->t19->t20->t22->t25->t26->t28->t30->t32->t34->t35->t36->t37->t38->t39->t40->t41->t42->t43->t44->t45->t46->t47->t48->t49->t50->t51->t52->t53->t54->t55->t56->t57->t58->t59->t60->t61->t62->t63->t64,25.2288,0.01773787655495913239307569793,15.3384,15.3384,25.228800,true,,,,,,
schedule_policy,exp08_confirmatory_n64_chain_like_lognormal_03,64,chain_like,lognormal,tied,3,io,1,,,,,,,,,0.000,0,0,0,0,0
schedule_policy,exp08_confirmatory_n64_chain_like_lognormal_03,64,chain_like,lognormal,tied,3,io,4,,,,,,,,,-2.151,-0.001572368421052631578947368421,7.411,0.005417397660818713450292397661,7.411,0.005417397660818713450292397661
schedule_policy,exp08_confirmatory_n64_chain_like_lognormal_03,64,chain_like,lognormal,tied,3,io,8,,,,,,,,,-2.151,-0.001572368421052631578947368421,7.411,0.005417397660818713450292397661,7.411,0.005417397660818713450292397661
schedule_policy,exp08_confirmatory_n64_chain_like_lognormal_03,64,chain_like,lognormal,tied,3,equal_alternating,1,,,,,,,,,0.000,0,0,0,0,0
schedule_policy,exp08_confirmatory_n64_chain_like_lognormal_03,64,chain_like,lognormal,tied,3,equal_alternating,4,,,,,,,,,-17.756,-0.01297953216374269005847953216,-16.277,-0.01189839181286549707602339181,-16.277,-0.01189839181286549707602339181
schedule_policy,exp08_confirmatory_n64_chain_like_lognormal_03,64,chain_like,lognormal,tied,3,equal_alternating,8,,,,,,,,,-17.756,-0.01297953216374269005847953216,-16.277,-0.01189839181286549707602339181,-16.277,-0.01189839181286549707602339181
differentiated_slowdown,exp08_confirmatory_n64_chain_like_lognormal_03,64,chain_like,lognormal,tied,3,io,4,false,t01->t03->t04->t07->t09->t11->t12->t14->t17->t19->t20->t22->t24->t27->t28->t31->t32->t34->t35->t36->t37->t38->t39->t40->t41->t42->t43->t44->t45->t46->t47->t48->t49->t50->t51->t52->t53->t54->t55->t56->t57->t58->t59->t60->t61->t62->t63->t64 => t01->t03->t04->t07->t09->t11->t12->t14->t17->t19->t20->t22->t24->t27->t28->t31->t32->t34->t35->t36->t37->t38->t39->t40->t41->t42->t43->t44->t45->t46->t47->t48->t49->t50->t51->t52->t53->t54->t55->t56->t57->t58->t59->t60->t61->t62->t63->t64,24.1920,0.01737905565177062060297392193,19.6215,19.6215,24.192000,true,,,,,,
schedule_policy,exp08_confirmatory_n64_chain_like_lognormal_04,64,chain_like,lognormal,tied,4,io,1,,,,,,,,,0.000,0,0,0,0,0
schedule_policy,exp08_confirmatory_n64_chain_like_lognormal_04,64,chain_like,lognormal,tied,4,io,4,,,,,,,,,-12.156,-0.008885964912280701754385964912,2.779,0.002031432748538011695906432749,2.779,0.002031432748538011695906432749
schedule_policy,exp08_confirmatory_n64_chain_like_lognormal_04,64,chain_like,lognormal,tied,4,io,8,,,,,,,,,-12.156,-0.008885964912280701754385964912,2.779,0.002031432748538011695906432749,2.779,0.002031432748538011695906432749
schedule_policy,exp08_confirmatory_n64_chain_like_lognormal_04,64,chain_like,lognormal,tied,4,equal_alternating,1,,,,,,,,,0.000,0,0,0,0,0
schedule_policy,exp08_confirmatory_n64_chain_like_lognormal_04,64,chain_like,lognormal,tied,4,equal_alternating,4,,,,,,,,,-16.687,-0.01219809941520467836257309942,-7.614,-0.005565789473684210526315789474,-7.614,-0.005565789473684210526315789474
schedule_policy,exp08_confirmatory_n64_chain_like_lognormal_04,64,chain_like,lognormal,tied,4,equal_alternating,8,,,,,,,,,-16.687,-0.01219809941520467836257309942,-7.614,-0.005565789473684210526315789474,-7.614,-0.005565789473684210526315789474
differentiated_slowdown,exp08_confirmatory_n64_chain_like_lognormal_04,64,chain_like,lognormal,tied,4,io,4,false,t01->t02->t05->t07->t09->t10->t13->t14->t17->t19->t20->t22->t25->t26->t28->t30->t32->t34->t35->t36->t37->t38->t39->t40->t41->t42->t43->t44->t45->t46->t47->t48->t49->t50->t51->t52->t53->t54->t55->t56->t57->t58->t59->t60->t61->t62->t63->t64 => t01->t03->t04->t06->t09->t10->t13->t14->t17->t19->t20->t22->t25->t26->t28->t30->t32->t34->t35->t36->t37->t38->t39->t40->t41->t42->t43->t44->t45->t46->t47->t48->t49->t50->t51->t52->t53->t54->t55->t56->t57->t58->t59->t60->t61->t62->t63->t64,25.7472,0.01848288872665249610740336346,20.8110,20.8110,25.747200,true,,,,,,
schedule_policy,exp08_confirmatory_n64_chain_like_lognormal_05,64,chain_like,lognormal,tied,5,io,1,,,,,,,,,0.000,0,0,0,0,0
schedule_policy,exp08_confirmatory_n64_chain_like_lognormal_05,64,chain_like,lognormal,tied,5,io,4,,,,,,,,,-13.215,-0.009332627118644067796610169492,-6.138,-0.004334745762711864406779661017,-6.138,-0.004334745762711864406779661017
schedule_policy,exp08_confirmatory_n64_chain_like_lognormal_05,64,chain_like,lognormal,tied,5,io,8,,,,,,,,,-13.215,-0.009332627118644067796610169492,-6.138,-0.004334745762711864406779661017,-6.138,-0.004334745762711864406779661017
schedule_policy,exp08_confirmatory_n64_chain_like_lognormal_05,64,chain_like,lognormal,tied,5,equal_alternating,1,,,,,,,,,0.000,0,0,0,0,0
schedule_policy,exp08_confirmatory_n64_chain_like_lognormal_05,64,chain_like,lognormal,tied,5,equal_alternating,4,,,,,,,,,-29.945,-0.02114759887005649717514124294,-25.640,-0.01810734463276836158192090395,-25.640,-0.01810734463276836158192090395
schedule_policy,exp08_confirmatory_n64_chain_like_lognormal_05,64,chain_like,lognormal,tied,5,equal_alternating,8,,,,,,,,,-29.945,-0.02114759887005649717514124294,-25.640,-0.01810734463276836158192090395,-25.640,-0.01810734463276836158192090395
differentiated_slowdown,exp08_confirmatory_n64_chain_like_lognormal_05,64,chain_like,lognormal,tied,5,io,4,false,t01->t02->t05->t07->t08->t11->t12->t15->t17->t18->t21->t22->t25->t26->t29->t31->t33->t34->t35->t36->t37->t38->t39->t40->t41->t42->t43->t44->t45->t46->t47->t48->t49->t50->t51->t52->t53->t54->t55->t56->t57->t58->t59->t60->t61->t62->t63->t64 => t01->t03->t04->t06->t09->t10->t13->t14->t16->t19->t20->t22->t25->t26->t29->t31->t33->t34->t35->t36->t37->t38->t39->t40->t41->t42->t43->t44->t45->t46->t47->t48->t49->t50->t51->t52->t53->t54->t55->t56->t57->t58->t59->t60->t61->t62->t63->t64,26.2656,0.01801609373504909299116912620,5.9670,5.9670,26.265600,true,,,,,,
schedule_policy,exp08_confirmatory_n64_chain_like_lognormal_06,64,chain_like,lognormal,tied,6,io,1,,,,,,,,,0.000,0,0,0,0,0
schedule_policy,exp08_confirmatory_n64_chain_like_lognormal_06,64,chain_like,lognormal,tied,6,io,4,,,,,,,,,-20.884,-0.01955430711610486891385767790,-11.676,-0.01093258426966292134831460674,-11.676,-0.01093258426966292134831460674
schedule_policy,exp08_confirmatory_n64_chain_like_lognormal_06,64,chain_like,lognormal,tied,6,io,8,,,,,,,,,-20.884,-0.01955430711610486891385767790,-11.676,-0.01093258426966292134831460674,-11.676,-0.01093258426966292134831460674
schedule_policy,exp08_confirmatory_n64_chain_like_lognormal_06,64,chain_like,lognormal,tied,6,equal_alternating,1,,,,,,,,,0.000,0,0,0,0,0
schedule_policy,exp08_confirmatory_n64_chain_like_lognormal_06,64,chain_like,lognormal,tied,6,equal_alternating,4,,,,,,,,,-23.192,-0.02171535580524344569288389513,-19.516,-0.01827340823970037453183520599,-19.516,-0.01827340823970037453183520599
schedule_policy,exp08_confirmatory_n64_chain_like_lognormal_06,64,chain_like,lognormal,tied,6,equal_alternating,8,,,,,,,,,-23.192,-0.02171535580524344569288389513,-19.516,-0.01827340823970037453183520599,-19.516,-0.01827340823970037453183520599
differentiated_slowdown,exp08_confirmatory_n64_chain_like_lognormal_06,64,chain_like,lognormal,tied,6,io,4,false,t01->t02->t05->t07->t09->t11->t13->t15->t17->t19->t20->t22->t24->t27->t29->t31->t32->t34->t35->t36->t37->t38->t39->t40->t41->t42->t43->t44->t45->t46->t47->t48->t49->t50->t51->t52->t53->t54->t55->t56->t57->t58->t59->t60->t61->t62->t63->t64 => t01->t02->t05->t07->t09->t11->t13->t15->t17->t19->t20->t22->t24->t27->t29->t31->t32->t34->t35->t36->t37->t38->t39->t40->t41->t42->t43->t44->t45->t46->t47->t48->t49->t50->t51->t52->t53->t54->t55->t56->t57->t58->t59->t60->t61->t62->t63->t64,19.5264,0.01799397381020902568304696630,17.4603,17.4603,19.526400,true,,,,,,
schedule_policy,exp08_confirmatory_n64_chain_like_lognormal_07,64,chain_like,lognormal,tied,7,io,1,,,,,,,,,0.000,0,0,0,0,0
schedule_policy,exp08_confirmatory_n64_chain_like_lognormal_07,64,chain_like,lognormal,tied,7,io,4,,,,,,,,,-3.748,-0.002581267217630853994490358127,5.677,0.003909779614325068870523415978,5.677,0.003909779614325068870523415978
schedule_policy,exp08_confirmatory_n64_chain_like_lognormal_07,64,chain_like,lognormal,tied,7,io,8,,,,,,,,,-3.748,-0.002581267217630853994490358127,5.677,0.003909779614325068870523415978,5.677,0.003909779614325068870523415978
schedule_policy,exp08_confirmatory_n64_chain_like_lognormal_07,64,chain_like,lognormal,tied,7,equal_alternating,1,,,,,,,,,0.000,0,0,0,0,0
schedule_policy,exp08_confirmatory_n64_chain_like_lognormal_07,64,chain_like,lognormal,tied,7,equal_alternating,4,,,,,,,,,-15.116,-0.01041046831955922865013774105,-6.194,-0.004265840220385674931129476584,-6.194,-0.004265840220385674931129476584
schedule_policy,exp08_confirmatory_n64_chain_like_lognormal_07,64,chain_like,lognormal,tied,7,equal_alternating,8,,,,,,,,,-15.116,-0.01041046831955922865013774105,-6.194,-0.004265840220385674931129476584,-6.194,-0.004265840220385674931129476584
differentiated_slowdown,exp08_confirmatory_n64_chain_like_lognormal_07,64,chain_like,lognormal,tied,7,io,4,false,t01->t03->t05->t06->t09->t10->t12->t15->t16->t19->t21->t22->t25->t26->t29->t30->t32->t34->t35->t36->t37->t38->t39->t40->t41->t42->t43->t44->t45->t46->t47->t48->t49->t50->t51->t52->t53->t54->t55->t56->t57->t58->t59->t60->t61->t62->t63->t64 => t01->t03->t05->t06->t09->t10->t12->t15->t16->t19->t21->t22->t25->t26->t29->t30->t32->t34->t35->t36->t37->t38->t39->t40->t41->t42->t43->t44->t45->t46->t47->t48->t49->t50->t51->t52->t53->t54->t55->t56->t57->t58->t59->t60->t61->t62->t63->t64,25.9200,0.01758185942815002209942053122,23.7042,23.7042,25.920000,true,,,,,,
schedule_policy,exp08_confirmatory_n64_chain_like_lognormal_08,64,chain_like,lognormal,tied,8,io,1,,,,,,,,,0.000,0,0,0,0,0
schedule_policy,exp08_confirmatory_n64_chain_like_lognormal_08,64,chain_like,lognormal,tied,8,io,4,,,,,,,,,-8.477,-0.007435964912280701754385964912,2.619,0.002297368421052631578947368421,2.619,0.002297368421052631578947368421
schedule_policy,exp08_confirmatory_n64_chain_like_lognormal_08,64,chain_like,lognormal,tied,8,io,8,,,,,,,,,-8.477,-0.007435964912280701754385964912,2.619,0.002297368421052631578947368421,2.619,0.002297368421052631578947368421
schedule_policy,exp08_confirmatory_n64_chain_like_lognormal_08,64,chain_like,lognormal,tied,8,equal_alternating,1,,,,,,,,,0.000,0,0,0,0,0
schedule_policy,exp08_confirmatory_n64_chain_like_lognormal_08,64,chain_like,lognormal,tied,8,equal_alternating,4,,,,,,,,,-18.308,-0.01605964912280701754385964912,-12.407,-0.01088333333333333333333333333,-12.407,-0.01088333333333333333333333333
schedule_policy,exp08_confirmatory_n64_chain_like_lognormal_08,64,chain_like,lognormal,tied,8,equal_alternating,8,,,,,,,,,-18.308,-0.01605964912280701754385964912,-12.407,-0.01088333333333333333333333333,-12.407,-0.01088333333333333333333333333
differentiated_slowdown,exp08_confirmatory_n64_chain_like_lognormal_08,64,chain_like,lognormal,tied,8,io,4,false,t01->t03->t04->t06->t09->t11->t12->t14->t16->t19->t21->t22->t24->t27->t29->t31->t32->t34->t35->t36->t37->t38->t39->t40->t41->t42->t43->t44->t45->t46->t47->t48->t49->t50->t51->t52->t53->t54->t55->t56->t57->t58->t59->t60->t61->t62->t63->t64 => t01->t03->t04->t06->t09->t11->t12->t14->t16->t19->t21->t22->t24->t27->t29->t31->t32->t34->t35->t36->t37->t38->t39->t40->t41->t42->t43->t44->t45->t46->t47->t48->t49->t50->t51->t52->t53->t54->t55->t56->t57->t58->t59->t60->t61->t62->t63->t64,21.0816,0.01820186634403112593742642208,19.0764,19.0764,21.081600,true,,,,,,
schedule_policy,exp08_confirmatory_n64_chain_like_lognormal_09,64,chain_like,lognormal,tied,9,io,1,,,,,,,,,0.000,0,0,0,0,0
schedule_policy,exp08_confirmatory_n64_chain_like_lognormal_09,64,chain_like,lognormal,tied,9,io,4,,,,,,,,,-19.465,-0.01374646892655367231638418079,-9.707,-0.006855225988700564971751412429,-9.707,-0.006855225988700564971751412429
schedule_policy,exp08_confirmatory_n64_chain_like_lognormal_09,64,chain_like,lognormal,tied,9,io,8,,,,,,,,,-19.465,-0.01374646892655367231638418079,-9.707,-0.006855225988700564971751412429,-9.707,-0.006855225988700564971751412429
schedule_policy,exp08_confirmatory_n64_chain_like_lognormal_09,64,chain_like,lognormal,tied,9,equal_alternating,1,,,,,,,,,0.000,0,0,0,0,0
schedule_policy,exp08_confirmatory_n64_chain_like_lognormal_09,64,chain_like,lognormal,tied,9,equal_alternating,4,,,,,,,,,-25.244,-0.01782768361581920903954802260,-20.394,-0.01440254237288135593220338983,-20.394,-0.01440254237288135593220338983
schedule_policy,exp08_confirmatory_n64_chain_like_lognormal_09,64,chain_like,lognormal,tied,9,equal_alternating,8,,,,,,,,,-25.244,-0.01782768361581920903954802260,-20.394,-0.01440254237288135593220338983,-20.394,-0.01440254237288135593220338983
differentiated_slowdown,exp08_confirmatory_n64_chain_like_lognormal_09,64,chain_like,lognormal,tied,9,io,4,false,t01->t03->t04->t07->t09->t10->t13->t14->t16->t19->t20->t23->t24->t26->t29->t30->t33->t34->t35->t36->t37->t38->t39->t40->t41->t42->t43->t44->t45->t46->t47->t48->t49->t50->t51->t52->t53->t54->t55->t56->t57->t58->t59->t60->t61->t62->t63->t64 => t01->t03->t04->t07->t09->t10->t13->t14->t16->t19->t20->t23->t24->t26->t29->t30->t33->t34->t35->t36->t37->t38->t39->t40->t41->t42->t43->t44->t45->t46->t47->t48->t49->t50->t51->t52->t53->t54->t55->t56->t57->t58->t59->t60->t61->t62->t63->t64,25.2288,0.01742717849056463013872362330,15.1953,15.1953,25.228800,true,,,,,,
schedule_policy,exp08_confirmatory_n64_chain_like_lognormal_10,64,chain_like,lognormal,tied,10,io,1,,,,,,,,,0.000,0,0,0,0,0
schedule_policy,exp08_confirmatory_n64_chain_like_lognormal_10,64,chain_like,lognormal,tied,10,io,4,,,,,,,,,-5.870,-0.004253623188405797101449275362,2.892,0.002095652173913043478260869565,2.892,0.002095652173913043478260869565
schedule_policy,exp08_confirmatory_n64_chain_like_lognormal_10,64,chain_like,lognormal,tied,10,io,8,,,,,,,,,-5.870,-0.004253623188405797101449275362,2.892,0.002095652173913043478260869565,2.892,0.002095652173913043478260869565
schedule_policy,exp08_confirmatory_n64_chain_like_lognormal_10,64,chain_like,lognormal,tied,10,equal_alternating,1,,,,,,,,,0.000,0,0,0,0,0
schedule_policy,exp08_confirmatory_n64_chain_like_lognormal_10,64,chain_like,lognormal,tied,10,equal_alternating,4,,,,,,,,,-13.061,-0.009464492753623188405797101449,-8.631,-0.006254347826086956521739130435,-8.631,-0.006254347826086956521739130435
schedule_policy,exp08_confirmatory_n64_chain_like_lognormal_10,64,chain_like,lognormal,tied,10,equal_alternating,8,,,,,,,,,-13.061,-0.009464492753623188405797101449,-8.631,-0.006254347826086956521739130435,-8.631,-0.006254347826086956521739130435
differentiated_slowdown,exp08_confirmatory_n64_chain_like_lognormal_10,64,chain_like,lognormal,tied,10,io,4,false,t01->t02->t04->t06->t09->t10->t13->t14->t16->t18->t20->t23->t24->t26->t29->t30->t33->t34->t35->t36->t37->t38->t39->t40->t41->t42->t43->t44->t45->t46->t47->t48->t49->t50->t51->t52->t53->t54->t55->t56->t57->t58->t59->t60->t61->t62->t63->t64 => t01->t02->t04->t06->t09->t10->t13->t14->t16->t18->t20->t22->t25->t27->t28->t31->t32->t34->t35->t36->t37->t38->t39->t40->t41->t42->t43->t44->t45->t46->t47->t48->t49->t50->t51->t52->t53->t54->t55->t56->t57->t58->t59->t60->t61->t62->t63->t64,26.7840,0.01897093715324598939344423229,15.5958,15.5958,26.784000,true,,,,,,
schedule_policy,exp08_confirmatory_n64_chain_like_lognormal_11,64,chain_like,lognormal,unique,11,io,1,,,,,,,,,0.000,0,0,0,0,0
schedule_policy,exp08_confirmatory_n64_chain_like_lognormal_11,64,chain_like,lognormal,unique,11,io,4,,,,,,,,,-17.925,-0.01524234693877551020408163265,-8.451,-0.007186224489795918367346938776,-8.451,-0.007186224489795918367346938776
schedule_policy,exp08_confirmatory_n64_chain_like_lognormal_11,64,chain_like,lognormal,unique,11,io,8,,,,,,,,,-17.925,-0.01524234693877551020408163265,-8.451,-0.007186224489795918367346938776,-8.451,-0.007186224489795918367346938776
schedule_policy,exp08_confirmatory_n64_chain_like_lognormal_11,64,chain_like,lognormal,unique,11,equal_alternating,1,,,,,,,,,0.000,0,0,0,0,0
schedule_policy,exp08_confirmatory_n64_chain_like_lognormal_11,64,chain_like,lognormal,unique,11,equal_alternating,4,,,,,,,,,-34.688,-0.02949659863945578231292517007,-32.173,-0.02735799319727891156462585034,-32.173,-0.02735799319727891156462585034
schedule_policy,exp08_confirmatory_n64_chain_like_lognormal_11,64,chain_like,lognormal,unique,11,equal_alternating,8,,,,,,,,,-34.688,-0.02949659863945578231292517007,-32.173,-0.02735799319727891156462585034,-32.173,-0.02735799319727891156462585034
differentiated_slowdown,exp08_confirmatory_n64_chain_like_lognormal_11,64,chain_like,lognormal,unique,11,io,4,true,t01->t02->t05->t07->t09->t10->t13->t15->t17->t18->t21->t22->t24->t27->t28->t31->t32->t34->t35->t36->t37->t38->t39->t40->t41->t42->t43->t44->t45->t46->t47->t48->t49->t50->t51->t52->t53->t54->t55->t56->t57->t58->t59->t60->t61->t62->t63->t64 => t01->t02->t05->t07->t09->t10->t13->t15->t17->t18->t21->t22->t24->t27->t28->t31->t32->t34->t35->t36->t37->t38->t39->t40->t41->t42->t43->t44->t45->t46->t47->t48->t49->t50->t51->t52->t53->t54->t55->t56->t57->t58->t59->t60->t61->t62->t63->t64,21.2544,0.01783175808731440353413525235,21.2544,21.2544,21.254400,true,,,,,,
schedule_policy,exp08_confirmatory_n64_chain_like_lognormal_12,64,chain_like,lognormal,tied,12,io,1,,,,,,,,,0.000,0,0,0,0,0
schedule_policy,exp08_confirmatory_n64_chain_like_lognormal_12,64,chain_like,lognormal,tied,12,io,4,,,,,,,,,-4.546,-0.003183473389355742296918767507,4.714,0.003301120448179271708683473389,4.714,0.003301120448179271708683473389
schedule_policy,exp08_confirmatory_n64_chain_like_lognormal_12,64,chain_like,lognormal,tied,12,io,8,,,,,,,,,-4.546,-0.003183473389355742296918767507,4.714,0.003301120448179271708683473389,4.714,0.003301120448179271708683473389
schedule_policy,exp08_confirmatory_n64_chain_like_lognormal_12,64,chain_like,lognormal,tied,12,equal_alternating,1,,,,,,,,,0.000,0,0,0,0,0
schedule_policy,exp08_confirmatory_n64_chain_like_lognormal_12,64,chain_like,lognormal,tied,12,equal_alternating,4,,,,,,,,,-8.903,-0.006234593837535014005602240896,-2.852,-0.001997198879551820728291316527,-2.852,-0.001997198879551820728291316527
schedule_policy,exp08_confirmatory_n64_chain_like_lognormal_12,64,chain_like,lognormal,tied,12,equal_alternating,8,,,,,,,,,-8.903,-0.006234593837535014005602240896,-2.852,-0.001997198879551820728291316527,-2.852,-0.001997198879551820728291316527
differentiated_slowdown,exp08_confirmatory_n64_chain_like_lognormal_12,64,chain_like,lognormal,tied,12,io,4,false,t01->t03->t04->t06->t08->t11->t12->t15->t17->t19->t21->t23->t24->t27->t28->t30->t33->t34->t35->t36->t37->t38->t39->t40->t41->t42->t43->t44->t45->t46->t47->t48->t49->t50->t51->t52->t53->t54->t55->t56->t57->t58->t59->t60->t61->t62->t63->t64 => t01->t03->t04->t06->t08->t11->t12->t15->t17->t19->t21->t23->t24->t27->t28->t30->t33->t34->t35->t36->t37->t38->t39->t40->t41->t42->t43->t44->t45->t46->t47->t48->t49->t50->t51->t52->t53->t54->t55->t56->t57->t58->t59->t60->t61->t62->t63->t64,24.8832,0.01710670198113857410326141880,18.8610,18.8610,24.883200,true,,,,,,
schedule_policy,exp08_confirmatory_n64_chain_like_lognormal_13,64,chain_like,lognormal,tied,13,io,1,,,,,,,,,0.000,0,0,0,0,0
schedule_policy,exp08_confirmatory_n64_chain_like_lognormal_13,64,chain_like,lognormal,tied,13,io,4,,,,,,,,,-4.920,-0.003474576271186440677966101695,6.082,0.004295197740112994350282485876,6.082,0.004295197740112994350282485876
schedule_policy,exp08_confirmatory_n64_chain_like_lognormal_13,64,chain_like,lognormal,tied,13,io,8,,,,,,,,,-4.920,-0.003474576271186440677966101695,6.082,0.004295197740112994350282485876,6.082,0.004295197740112994350282485876
schedule_policy,exp08_confirmatory_n64_chain_like_lognormal_13,64,chain_like,lognormal,tied,13,equal_alternating,1,,,,,,,,,0.000,0,0,0,0,0
schedule_policy,exp08_confirmatory_n64_chain_like_lognormal_13,64,chain_like,lognormal,tied,13,equal_alternating,4,,,,,,,,,-18.182,-0.01284039548022598870056497175,-12.799,-0.009038841807909604519774011299,-12.799,-0.009038841807909604519774011299
schedule_policy,exp08_confirmatory_n64_chain_like_lognormal_13,64,chain_like,lognormal,tied,13,equal_alternating,8,,,,,,,,,-18.182,-0.01284039548022598870056497175,-12.799,-0.009038841807909604519774011299,-12.799,-0.009038841807909604519774011299
differentiated_slowdown,exp08_confirmatory_n64_chain_like_lognormal_13,64,chain_like,lognormal,tied,13,io,4,false,t01->t03->t04->t06->t09->t11->t12->t15->t16->t18->t20->t23->t24->t26->t28->t30->t33->t34->t35->t36->t37->t38->t39->t40->t41->t42->t43->t44->t45->t46->t47->t48->t49->t50->t51->t52->t53->t54->t55->t56->t57->t58->t59->t60->t61->t62->t63->t64 => t01->t03->t04->t06->t09->t11->t13->t14->t17->t19->t21->t23->t24->t26->t28->t30->t33->t34->t35->t36->t37->t38->t39->t40->t41->t42->t43->t44->t45->t46->t47->t48->t49->t50->t51->t52->t53->t54->t55->t56->t57->t58->t59->t60->t61->t62->t63->t64,25.5744,0.01773994646884584217923655468,19.6479,19.6479,25.574400,true,,,,,,
schedule_policy,exp08_confirmatory_n64_chain_like_lognormal_14,64,chain_like,lognormal,tied,14,io,1,,,,,,,,,0.000,0,0,0,0,0
schedule_policy,exp08_confirmatory_n64_chain_like_lognormal_14,64,chain_like,lognormal,tied,14,io,4,,,,,,,,,-21.414,-0.01607657657657657657657657658,-16.359,-0.01228153153153153153153153153,-16.359,-0.01228153153153153153153153153
schedule_policy,exp08_confirmatory_n64_chain_like_lognormal_14,64,chain_like,lognormal,tied,14,io,8,,,,,,,,,-21.414,-0.01607657657657657657657657658,-16.359,-0.01228153153153153153153153153,-16.359,-0.01228153153153153153153153153
schedule_policy,exp08_confirmatory_n64_chain_like_lognormal_14,64,chain_like,lognormal,tied,14,equal_alternating,1,,,,,,,,,0.000,0,0,0,0,0
schedule_policy,exp08_confirmatory_n64_chain_like_lognormal_14,64,chain_like,lognormal,tied,14,equal_alternating,4,,,,,,,,,-14.723,-0.01105330330330330330330330330,-9.318,-0.006995495495495495495495495495,-9.318,-0.006995495495495495495495495495
schedule_policy,exp08_confirmatory_n64_chain_like_lognormal_14,64,chain_like,lognormal,tied,14,equal_alternating,8,,,,,,,,,-14.723,-0.01105330330330330330330330330,-9.318,-0.006995495495495495495495495495,-9.318,-0.006995495495495495495495495495
differentiated_slowdown,exp08_confirmatory_n64_chain_like_lognormal_14,64,chain_like,lognormal,tied,14,io,4,false,t01->t02->t05->t06->t08->t11->t12->t14->t16->t18->t20->t23->t25->t26->t28->t31->t32->t34->t35->t36->t37->t38->t39->t40->t41->t42->t43->t44->t45->t46->t47->t48->t49->t50->t51->t52->t53->t54->t55->t56->t57->t58->t59->t60->t61->t62->t63->t64 => t01->t02->t05->t06->t08->t11->t12->t14->t16->t18->t20->t23->t25->t26->t28->t31->t32->t34->t35->t36->t37->t38->t39->t40->t41->t42->t43->t44->t45->t46->t47->t48->t49->t50->t51->t52->t53->t54->t55->t56->t57->t58->t59->t60->t61->t62->t63->t64,23.8464,0.01759332955001199625681374107,19.4544,19.4544,23.846400,true,,,,,,
schedule_policy,exp08_confirmatory_n64_chain_like_lognormal_15,64,chain_like,lognormal,unique,15,io,1,,,,,,,,,0.000,0,0,0,0,0
schedule_policy,exp08_confirmatory_n64_chain_like_lognormal_15,64,chain_like,lognormal,unique,15,io,4,,,,,,,,,-21.634,-0.01653975535168195718654434251,-17.645,-0.01349006116207951070336391437,-17.645,-0.01349006116207951070336391437
schedule_policy,exp08_confirmatory_n64_chain_like_lognormal_15,64,chain_like,lognormal,unique,15,io,8,,,,,,,,,-21.634,-0.01653975535168195718654434251,-17.645,-0.01349006116207951070336391437,-17.645,-0.01349006116207951070336391437
schedule_policy,exp08_confirmatory_n64_chain_like_lognormal_15,64,chain_like,lognormal,unique,15,equal_alternating,1,,,,,,,,,0.000,0,0,0,0,0
schedule_policy,exp08_confirmatory_n64_chain_like_lognormal_15,64,chain_like,lognormal,unique,15,equal_alternating,4,,,,,,,,,-23.848,-0.01823241590214067278287461774,-21.388,-0.01635168195718654434250764526,-21.388,-0.01635168195718654434250764526
schedule_policy,exp08_confirmatory_n64_chain_like_lognormal_15,64,chain_like,lognormal,unique,15,equal_alternating,8,,,,,,,,,-23.848,-0.01823241590214067278287461774,-21.388,-0.01635168195718654434250764526,-21.388,-0.01635168195718654434250764526
differentiated_slowdown,exp08_confirmatory_n64_chain_like_lognormal_15,64,chain_like,lognormal,unique,15,io,4,true,t01->t03->t04->t06->t08->t10->t12->t15->t16->t18->t21->t23->t25->t27->t28->t30->t33->t34->t35->t36->t37->t38->t39->t40->t41->t42->t43->t44->t45->t46->t47->t48->t49->t50->t51->t52->t53->t54->t55->t56->t57->t58->t59->t60->t61->t62->t63->t64 => t01->t03->t04->t06->t08->t10->t12->t15->t16->t18->t21->t23->t25->t27->t28->t30->t33->t34->t35->t36->t37->t38->t39->t40->t41->t42->t43->t44->t45->t46->t47->t48->t49->t50->t51->t52->t53->t54->t55->t56->t57->t58->t59->t60->t61->t62->t63->t64,23.6736,0.01785669028490327626095677392,23.6736,23.6736,23.673600,true,,,,,,
schedule_policy,exp08_confirmatory_n64_chain_like_lognormal_16,64,chain_like,lognormal,tied,16,io,1,,,,,,,,,0.000,0,0,0,0,0
schedule_policy,exp08_confirmatory_n64_chain_like_lognormal_16,64,chain_like,lognormal,tied,16,io,4,,,,,,,,,-7.952,-0.005663817663817663817663817664,-1.038,-0.0007393162393162393162393162393,-1.038,-0.0007393162393162393162393162393
schedule_policy,exp08_confirmatory_n64_chain_like_lognormal_16,64,chain_like,lognormal,tied,16,io,8,,,,,,,,,-7.952,-0.005663817663817663817663817664,-1.038,-0.0007393162393162393162393162393,-1.038,-0.0007393162393162393162393162393
schedule_policy,exp08_confirmatory_n64_chain_like_lognormal_16,64,chain_like,lognormal,tied,16,equal_alternating,1,,,,,,,,,0.000,0,0,0,0,0
schedule_policy,exp08_confirmatory_n64_chain_like_lognormal_16,64,chain_like,lognormal,tied,16,equal_alternating,4,,,,,,,,,-8.240,-0.005868945868945868945868945869,-2.596,-0.001849002849002849002849002849,-2.596,-0.001849002849002849002849002849
schedule_policy,exp08_confirmatory_n64_chain_like_lognormal_16,64,chain_like,lognormal,tied,16,equal_alternating,8,,,,,,,,,-8.240,-0.005868945868945868945868945869,-2.596,-0.001849002849002849002849002849,-2.596,-0.001849002849002849002849002849
differentiated_slowdown,exp08_confirmatory_n64_chain_like_lognormal_16,64,chain_like,lognormal,tied,16,io,4,false,t01->t02->t05->t06->t09->t11->t13->t14->t17->t19->t20->t22->t25->t26->t29->t31->t33->t34->t35->t36->t37->t38->t39->t40->t41->t42->t43->t44->t45->t46->t47->t48->t49->t50->t51->t52->t53->t54->t55->t56->t57->t58->t59->t60->t61->t62->t63->t64 => t01->t02->t05->t06->t09->t11->t13->t14->t17->t19->t20->t22->t25->t26->t29->t31->t33->t34->t35->t36->t37->t38->t39->t40->t41->t42->t43->t44->t45->t46->t47->t48->t49->t50->t51->t52->t53->t54->t55->t56->t57->t58->t59->t60->t61->t62->t63->t64,25.5744,0.01777804842290934108731635262,13.0515,13.0515,25.574400,true,,,,,,
schedule_policy,exp08_confirmatory_n64_chain_like_lognormal_17,64,chain_like,lognormal,tied,17,io,1,,,,,,,,,0.000,0,0,0,0,0
schedule_policy,exp08_confirmatory_n64_chain_like_lognormal_17,64,chain_like,lognormal,tied,17,io,4,,,,,,,,,-16.549,-0.01121205962059620596205962060,-5.039,-0.003413956639566395663956639566,-5.039,-0.003413956639566395663956639566
schedule_policy,exp08_confirmatory_n64_chain_like_lognormal_17,64,chain_like,lognormal,tied,17,io,8,,,,,,,,,-16.549,-0.01121205962059620596205962060,-5.039,-0.003413956639566395663956639566,-5.039,-0.003413956639566395663956639566
schedule_policy,exp08_confirmatory_n64_chain_like_lognormal_17,64,chain_like,lognormal,tied,17,equal_alternating,1,,,,,,,,,0.000,0,0,0,0,0
schedule_policy,exp08_confirmatory_n64_chain_like_lognormal_17,64,chain_like,lognormal,tied,17,equal_alternating,4,,,,,,,,,-16.933,-0.01147222222222222222222222222,-11.793,-0.007989837398373983739837398374,-11.793,-0.007989837398373983739837398374
schedule_policy,exp08_confirmatory_n64_chain_like_lognormal_17,64,chain_like,lognormal,tied,17,equal_alternating,8,,,,,,,,,-16.933,-0.01147222222222222222222222222,-11.793,-0.007989837398373983739837398374,-11.793,-0.007989837398373983739837398374
differentiated_slowdown,exp08_confirmatory_n64_chain_like_lognormal_17,64,chain_like,lognormal,tied,17,io,4,false,t01->t02->t05->t07->t08->t11->t13->t15->t16->t19->t21->t22->t25->t27->t29->t31->t32->t34->t35->t36->t37->t38->t39->t40->t41->t42->t43->t44->t45->t46->t47->t48->t49->t50->t51->t52->t53->t54->t55->t56->t57->t58->t59->t60->t61->t62->t63->t64 => t01->t02->t05->t07->t08->t11->t13->t15->t16->t19->t21->t22->t25->t27->t29->t31->t32->t34->t35->t36->t37->t38->t39->t40->t41->t42->t43->t44->t45->t46->t47->t48->t49->t50->t51->t52->t53->t54->t55->t56->t57->t58->t59->t60->t61->t62->t63->t64,27.6480,0.01827745679184225698032853015,14.0397,14.0397,27.648000,true,,,,,,
schedule_policy,exp08_confirmatory_n64_chain_like_lognormal_18,64,chain_like,lognormal,unique,18,io,1,,,,,,,,,0.000,0,0,0,0,0
schedule_policy,exp08_confirmatory_n64_chain_like_lognormal_18,64,chain_like,lognormal,unique,18,io,4,,,,,,,,,-10.834,-0.007716524216524216524216524217,-1.814,-0.001292022792022792022792022792,-1.814,-0.001292022792022792022792022792
schedule_policy,exp08_confirmatory_n64_chain_like_lognormal_18,64,chain_like,lognormal,unique,18,io,8,,,,,,,,,-10.834,-0.007716524216524216524216524217,-1.814,-0.001292022792022792022792022792,-1.814,-0.001292022792022792022792022792
schedule_policy,exp08_confirmatory_n64_chain_like_lognormal_18,64,chain_like,lognormal,unique,18,equal_alternating,1,,,,,,,,,0.000,0,0,0,0,0
schedule_policy,exp08_confirmatory_n64_chain_like_lognormal_18,64,chain_like,lognormal,unique,18,equal_alternating,4,,,,,,,,,-25.018,-0.01781908831908831908831908832,-19.139,-0.01363176638176638176638176638,-19.139,-0.01363176638176638176638176638
schedule_policy,exp08_confirmatory_n64_chain_like_lognormal_18,64,chain_like,lognormal,unique,18,equal_alternating,8,,,,,,,,,-25.018,-0.01781908831908831908831908832,-19.139,-0.01363176638176638176638176638,-19.139,-0.01363176638176638176638176638
differentiated_slowdown,exp08_confirmatory_n64_chain_like_lognormal_18,64,chain_like,lognormal,unique,18,io,4,true,t01->t02->t04->t06->t08->t10->t13->t14->t16->t18->t21->t22->t24->t26->t29->t30->t33->t34->t35->t36->t37->t38->t39->t40->t41->t42->t43->t44->t45->t46->t47->t48->t49->t50->t51->t52->t53->t54->t55->t56->t57->t58->t59->t60->t61->t62->t63->t64 => t01->t02->t04->t06->t08->t10->t13->t14->t16->t18->t21->t22->t24->t26->t29->t30->t33->t34->t35->t36->t37->t38->t39->t40->t41->t42->t43->t44->t45->t46->t47->t48->t49->t50->t51->t52->t53->t54->t55->t56->t57->t58->t59->t60->t61->t62->t63->t64,25.0560,0.01761044481554577197510247457,25.0560,25.0560,25.056000,true,,,,,,
schedule_policy,exp08_confirmatory_n64_chain_like_lognormal_19,64,chain_like,lognormal,unique,19,io,1,,,,,,,,,0.000,0,0,0,0,0
schedule_policy,exp08_confirmatory_n64_chain_like_lognormal_19,64,chain_like,lognormal,unique,19,io,4,,,,,,,,,-9.590,-0.007399691358024691358024691358,-2.030,-0.001566358024691358024691358025,-2.030,-0.001566358024691358024691358025
schedule_policy,exp08_confirmatory_n64_chain_like_lognormal_19,64,chain_like,lognormal,unique,19,io,8,,,,,,,,,-9.590,-0.007399691358024691358024691358,-2.030,-0.001566358024691358024691358025,-2.030,-0.001566358024691358024691358025
schedule_policy,exp08_confirmatory_n64_chain_like_lognormal_19,64,chain_like,lognormal,unique,19,equal_alternating,1,,,,,,,,,0.000,0,0,0,0,0
schedule_policy,exp08_confirmatory_n64_chain_like_lognormal_19,64,chain_like,lognormal,unique,19,equal_alternating,4,,,,,,,,,-17.797,-0.01373225308641975308641975309,-12.742,-0.009831790123456790123456790123,-12.742,-0.009831790123456790123456790123
schedule_policy,exp08_confirmatory_n64_chain_like_lognormal_19,64,chain_like,lognormal,unique,19,equal_alternating,8,,,,,,,,,-17.797,-0.01373225308641975308641975309,-12.742,-0.009831790123456790123456790123,-12.742,-0.009831790123456790123456790123
differentiated_slowdown,exp08_confirmatory_n64_chain_like_lognormal_19,64,chain_like,lognormal,unique,19,io,4,true,t01->t03->t05->t07->t08->t10->t12->t15->t17->t18->t20->t23->t25->t26->t29->t31->t33->t34->t35->t36->t37->t38->t39->t40->t41->t42->t43->t44->t45->t46->t47->t48->t49->t50->t51->t52->t53->t54->t55->t56->t57->t58->t59->t60->t61->t62->t63->t64 => t01->t03->t05->t07->t08->t10->t12->t15->t17->t18->t20->t23->t25->t26->t29->t31->t33->t34->t35->t36->t37->t38->t39->t40->t41->t42->t43->t44->t45->t46->t47->t48->t49->t50->t51->t52->t53->t54->t55->t56->t57->t58->t59->t60->t61->t62->t63->t64,24.1920,0.01840894148586456278763971072,24.1920,24.1920,24.192000,true,,,,,,
