experiment_id,scenario_id,schedule_kind,record_type,task_id,phase_id,agent,resource,start,end,duration,request_time,waiting_before
EXP-05,exp05_p01_m01_ro000_lh00,baseline,phase,t01,human_1,1,human,12.00,12.75,0.75,12.00,0.00
EXP-05,exp05_p01_m01_ro000_lh00,baseline,phase,t01,agent_1,1,agent,12.75,17.25,4.50,,0
EXP-05,exp05_p01_m01_ro000_lh00,baseline,phase,t01,human_2,1,human,17.25,18.00,0.75,17.25,0.00
EXP-05,exp05_p01_m01_ro000_lh00,baseline,phase,t02,human_1,1,human,0,1.50,1.50,0,0
EXP-05,exp05_p01_m01_ro000_lh00,baseline,phase,t02,agent_1,1,agent,1.50,10.50,9.00,,0
EXP-05,exp05_p01_m01_ro000_lh00,baseline,phase,t02,human_2,1,human,10.50,12.00,1.50,10.50,0.00
EXP-05,exp05_p01_m01_ro000_lh00,baseline,phase,t03,human_1,1,human,39.00,41.25,2.25,39.00,0.00
EXP-05,exp05_p01_m01_ro000_lh00,baseline,phase,t03,agent_1,1,agent,41.25,54.75,13.50,,0
EXP-05,exp05_p01_m01_ro000_lh00,baseline,phase,t03,human_2,1,human,54.75,57.00,2.25,54.75,0.00
EXP-05,exp05_p01_m01_ro000_lh00,baseline,phase,t04_part_01,specification,1,human,18.00,21.00,3.00,18.00,0.00
EXP-05,exp05_p01_m01_ro000_lh00,baseline,phase,t04_part_01,implementation,1,agent,21.00,39.00,18.00,,0
EXP-05,exp05_p01_m01_ro000_lh00,baseline,phase,t04_join,acceptance,1,human,57.00,60.00,3.00,57.00,0.00
EXP-05,exp05_p01_m01_ro000_lh00,exact,phase,t01,human_1,1,human,12.00000,12.75000,0.75000,12.00000,0.00000
EXP-05,exp05_p01_m01_ro000_lh00,exact,phase,t01,agent_1,1,agent,12.75000,17.25000,4.50000,,0
EXP-05,exp05_p01_m01_ro000_lh00,exact,phase,t01,human_2,1,human,17.25000,18.00000,0.75000,17.25000,0.00000
EXP-05,exp05_p01_m01_ro000_lh00,exact,phase,t02,human_1,1,human,0.00000,1.50000,1.50000,0.00000,0.00000
EXP-05,exp05_p01_m01_ro000_lh00,exact,phase,t02,agent_1,1,agent,1.50000,10.50000,9.00000,,0
EXP-05,exp05_p01_m01_ro000_lh00,exact,phase,t02,human_2,1,human,10.50000,12.00000,1.50000,10.50000,0.00000
EXP-05,exp05_p01_m01_ro000_lh00,exact,phase,t03,human_1,1,human,39.00000,41.25000,2.25000,39.00000,0.00000
EXP-05,exp05_p01_m01_ro000_lh00,exact,phase,t03,agent_1,1,agent,41.25000,54.75000,13.50000,,0
EXP-05,exp05_p01_m01_ro000_lh00,exact,phase,t03,human_2,1,human,54.75000,57.00000,2.25000,54.75000,0.00000
EXP-05,exp05_p01_m01_ro000_lh00,exact,phase,t04_part_01,specification,1,human,18.00000,21.00000,3.00000,18.00000,0.00000
EXP-05,exp05_p01_m01_ro000_lh00,exact,phase,t04_part_01,implementation,1,agent,21.00000,39.00000,18.00000,,0
EXP-05,exp05_p01_m01_ro000_lh00,exact,phase,t04_join,acceptance,1,human,57.00000,60.00000,3.00000,57.00000,0.00000
EXP-05,exp05_p01_m02_ro000_lh00,baseline,phase,t01,human_1,1,human,12.00,12.75,0.75,12.00,0.00
EXP-05,exp05_p01_m02_ro000_lh00,baseline,phase,t01,agent_1,1,agent,12.75,17.25,4.50,,0
EXP-05,exp05_p01_m02_ro000_lh00,baseline,phase,t01,human_2,1,human,17.25,18.00,0.75,17.25,0.00
EXP-05,exp05_p01_m02_ro000_lh00,baseline,phase,t02,human_1,1,human,0,1.50,1.50,0,0
EXP-05,exp05_p01_m02_ro000_lh00,baseline,phase,t02,agent_1,1,agent,1.50,10.50,9.00,,0
EXP-05,exp05_p01_m02_ro000_lh00,baseline,phase,t02,human_2,1,human,10.50,12.00,1.50,10.50,0.00
EXP-05,exp05_p01_m02_ro000_lh00,baseline,phase,t03,human_1,1,human,18.00,20.25,2.25,18.00,0.00
EXP-05,exp05_p01_m02_ro000_lh00,baseline,phase,t03,agent_1,1,agent,20.25,33.75,13.50,,0
EXP-05,exp05_p01_m02_ro000_lh00,baseline,phase,t03,human_2,1,human,33.75,36.00,2.25,33.75,0.00
EXP-05,exp05_p01_m02_ro000_lh00,baseline,phase,t04_part_01,specification,1,human,36.00,37.50,1.50,36.00,0.00
EXP-05,exp05_p01_m02_ro000_lh00,baseline,phase,t04_part_01,implementation,1,agent,37.50,46.50,9.00,,0
EXP-05,exp05_p01_m02_ro000_lh00,baseline,phase,t04_part_02,specification,1,human,46.50,48.00,1.50,46.50,0.00
EXP-05,exp05_p01_m02_ro000_lh00,baseline,phase,t04_part_02,implementation,1,agent,48.00,57.00,9.00,,0
EXP-05,exp05_p01_m02_ro000_lh00,baseline,phase,t04_join,acceptance,1,human,57.00,60.00,3.00,57.00,0.00
EXP-05,exp05_p01_m02_ro000_lh00,exact,phase,t01,human_1,1,human,12.00000,12.75000,0.75000,12.00000,0.00000
EXP-05,exp05_p01_m02_ro000_lh00,exact,phase,t01,agent_1,1,agent,12.75000,17.25000,4.50000,,0
EXP-05,exp05_p01_m02_ro000_lh00,exact,phase,t01,human_2,1,human,17.25000,18.00000,0.75000,17.25000,0.00000
EXP-05,exp05_p01_m02_ro000_lh00,exact,phase,t02,human_1,1,human,0.00000,1.50000,1.50000,0.00000,0.00000
EXP-05,exp05_p01_m02_ro000_lh00,exact,phase,t02,agent_1,1,agent,1.50000,10.50000,9.00000,,0
EXP-05,exp05_p01_m02_ro000_lh00,exact,phase,t02,human_2,1,human,10.50000,12.00000,1.50000,10.50000,0.00000
EXP-05,exp05_p01_m02_ro000_lh00,exact,phase,t03,human_1,1,human,18.00000,20.25000,2.25000,18.00000,0.00000
EXP-05,exp05_p01_m02_ro000_lh00,exact,phase,t03,agent_1,1,agent,20.25000,33.75000,13.50000,,0
EXP-05,exp05_p01_m02_ro000_lh00,exact,phase,t03,human_2,1,human,33.75000,36.00000,2.25000,33.75000,0.00000
EXP-05,exp05_p01_m02_ro000_lh00,exact,phase,t04_part_01,specification,1,human,36.00000,37.50000,1.50000,36.00000,0.00000
EXP-05,exp05_p01_m02_ro000_lh00,exact,phase,t04_part_01,implementation,1,agent,37.50000,46.50000,9.00000,,0
EXP-05,exp05_p01_m02_ro000_lh00,exact,phase,t04_part_02,specification,1,human,46.50000,48.00000,1.50000,46.50000,0.00000
EXP-05,exp05_p01_m02_ro000_lh00,exact,phase,t04_part_02,implementation,1,agent,48.00000,57.00000,9.00000,,0
EXP-05,exp05_p01_m02_ro000_lh00,exact,phase,t04_join,acceptance,1,human,57.00000,60.00000,3.00000,57.00000,0.00000
EXP-05,exp05_p01_m02_ro050_lh00,baseline,phase,t01,human_1,1,human,12.00,12.75,0.75,12.00,0.00
EXP-05,exp05_p01_m02_ro050_lh00,baseline,phase,t01,agent_1,1,agent,12.75,17.25,4.50,,0
EXP-05,exp05_p01_m02_ro050_lh00,baseline,phase,t01,human_2,1,human,17.25,18.00,0.75,17.25,0.00
EXP-05,exp05_p01_m02_ro050_lh00,baseline,phase,t02,human_1,1,human,0,1.50,1.50,0,0
EXP-05,exp05_p01_m02_ro050_lh00,baseline,phase,t02,agent_1,1,agent,1.50,10.50,9.00,,0
EXP-05,exp05_p01_m02_ro050_lh00,baseline,phase,t02,human_2,1,human,10.50,12.00,1.50,10.50,0.00
EXP-05,exp05_p01_m02_ro050_lh00,baseline,phase,t03,human_1,1,human,18.00,20.25,2.25,18.00,0.00
EXP-05,exp05_p01_m02_ro050_lh00,baseline,phase,t03,agent_1,1,agent,20.25,33.75,13.50,,0
EXP-05,exp05_p01_m02_ro050_lh00,baseline,phase,t03,human_2,1,human,33.75,36.00,2.25,33.75,0.00
EXP-05,exp05_p01_m02_ro050_lh00,baseline,phase,t04_part_01,specification,1,human,36.00,37.50,1.50,36.00,0.00
EXP-05,exp05_p01_m02_ro050_lh00,baseline,phase,t04_part_01,implementation,1,agent,37.50,46.80,9.30,,0
EXP-05,exp05_p01_m02_ro050_lh00,baseline,phase,t04_part_02,specification,1,human,46.80,48.30,1.50,46.80,0.00
EXP-05,exp05_p01_m02_ro050_lh00,baseline,phase,t04_part_02,implementation,1,agent,48.30,57.60,9.30,,0
EXP-05,exp05_p01_m02_ro050_lh00,baseline,phase,t04_join,integration,1,agent,57.60,58.20,0.60,,0
EXP-05,exp05_p01_m02_ro050_lh00,baseline,phase,t04_join,acceptance,1,human,58.20,61.20,3.00,58.20,0.00
EXP-05,exp05_p01_m02_ro050_lh00,exact,phase,t01,human_1,1,human,12.00000,12.75000,0.75000,12.00000,0.00000
EXP-05,exp05_p01_m02_ro050_lh00,exact,phase,t01,agent_1,1,agent,12.75000,17.25000,4.50000,,0
EXP-05,exp05_p01_m02_ro050_lh00,exact,phase,t01,human_2,1,human,17.25000,18.00000,0.75000,17.25000,0.00000
EXP-05,exp05_p01_m02_ro050_lh00,exact,phase,t02,human_1,1,human,0.00000,1.50000,1.50000,0.00000,0.00000
EXP-05,exp05_p01_m02_ro050_lh00,exact,phase,t02,agent_1,1,agent,1.50000,10.50000,9.00000,,0
EXP-05,exp05_p01_m02_ro050_lh00,exact,phase,t02,human_2,1,human,10.50000,12.00000,1.50000,10.50000,0.00000
EXP-05,exp05_p01_m02_ro050_lh00,exact,phase,t03,human_1,1,human,18.00000,20.25000,2.25000,18.00000,0.00000
EXP-05,exp05_p01_m02_ro050_lh00,exact,phase,t03,agent_1,1,agent,20.25000,33.75000,13.50000,,0
EXP-05,exp05_p01_m02_ro050_lh00,exact,phase,t03,human_2,1,human,33.75000,36.00000,2.25000,33.75000,0.00000
EXP-05,exp05_p01_m02_ro050_lh00,exact,phase,t04_part_01,specification,1,human,36.00000,37.50000,1.50000,36.00000,0.00000
EXP-05,exp05_p01_m02_ro050_lh00,exact,phase,t04_part_01,implementation,1,agent,37.50000,46.80000,9.30000,,0
EXP-05,exp05_p01_m02_ro050_lh00,exact,phase,t04_part_02,specification,1,human,46.80000,48.30000,1.50000,46.80000,0.00000
EXP-05,exp05_p01_m02_ro050_lh00,exact,phase,t04_part_02,implementation,1,agent,48.30000,57.60000,9.30000,,0
EXP-05,exp05_p01_m02_ro050_lh00,exact,phase,t04_join,integration,1,agent,57.60000,58.20000,0.60000,,0
EXP-05,exp05_p01_m02_ro050_lh00,exact,phase,t04_join,acceptance,1,human,58.20000,61.20000,3.00000,58.20000,0.00000
EXP-05,exp05_p01_m02_ro050_lh05,baseline,phase,t01,human_1,1,human,12.00,12.75,0.75,12.00,0.00
EXP-05,exp05_p01_m02_ro050_lh05,baseline,phase,t01,agent_1,1,agent,12.75,17.25,4.50,,0
EXP-05,exp05_p01_m02_ro050_lh05,baseline,phase,t01,human_2,1,human,17.25,18.00,0.75,17.25,0.00
EXP-05,exp05_p01_m02_ro050_lh05,baseline,phase,t02,human_1,1,human,0,1.50,1.50,0,0
EXP-05,exp05_p01_m02_ro050_lh05,baseline,phase,t02,agent_1,1,agent,1.50,10.50,9.00,,0
EXP-05,exp05_p01_m02_ro050_lh05,baseline,phase,t02,human_2,1,human,10.50,12.00,1.50,10.50,0.00
EXP-05,exp05_p01_m02_ro050_lh05,baseline,phase,t03,human_1,1,human,18.00,20.25,2.25,18.00,0.00
EXP-05,exp05_p01_m02_ro050_lh05,baseline,phase,t03,agent_1,1,agent,20.25,33.75,13.50,,0
EXP-05,exp05_p01_m02_ro050_lh05,baseline,phase,t03,human_2,1,human,33.75,36.00,2.25,33.75,0.00
EXP-05,exp05_p01_m02_ro050_lh05,baseline,phase,t04_part_01,specification,1,human,36.00,37.650,1.650,36.00,0.00
EXP-05,exp05_p01_m02_ro050_lh05,baseline,phase,t04_part_01,implementation,1,agent,37.650,46.800,9.150,,0
EXP-05,exp05_p01_m02_ro050_lh05,baseline,phase,t04_part_02,specification,1,human,46.800,48.450,1.650,46.800,0.000
EXP-05,exp05_p01_m02_ro050_lh05,baseline,phase,t04_part_02,implementation,1,agent,48.450,57.600,9.150,,0
EXP-05,exp05_p01_m02_ro050_lh05,baseline,phase,t04_join,integration,1,agent,57.600,57.900,0.300,,0
EXP-05,exp05_p01_m02_ro050_lh05,baseline,phase,t04_join,acceptance,1,human,57.900,61.200,3.300,57.900,0.000
EXP-05,exp05_p01_m02_ro050_lh05,exact,phase,t01,human_1,1,human,12.00000,12.75000,0.75000,12.00000,0.00000
EXP-05,exp05_p01_m02_ro050_lh05,exact,phase,t01,agent_1,1,agent,12.75000,17.25000,4.50000,,0
EXP-05,exp05_p01_m02_ro050_lh05,exact,phase,t01,human_2,1,human,17.25000,18.00000,0.75000,17.25000,0.00000
EXP-05,exp05_p01_m02_ro050_lh05,exact,phase,t02,human_1,1,human,0.00000,1.50000,1.50000,0.00000,0.00000
EXP-05,exp05_p01_m02_ro050_lh05,exact,phase,t02,agent_1,1,agent,1.50000,10.50000,9.00000,,0
EXP-05,exp05_p01_m02_ro050_lh05,exact,phase,t02,human_2,1,human,10.50000,12.00000,1.50000,10.50000,0.00000
EXP-05,exp05_p01_m02_ro050_lh05,exact,phase,t03,human_1,1,human,18.00000,20.25000,2.25000,18.00000,0.00000
EXP-05,exp05_p01_m02_ro050_lh05,exact,phase,t03,agent_1,1,agent,20.25000,33.75000,13.50000,,0
EXP-05,exp05_p01_m02_ro050_lh05,exact,phase,t03,human_2,1,human,33.75000,36.00000,2.25000,33.75000,0.00000
EXP-05,exp05_p01_m02_ro050_lh05,exact,phase,t04_part_01,specification,1,human,36.00000,37.65000,1.65000,36.00000,0.00000
EXP-05,exp05_p01_m02_ro050_lh05,exact,phase,t04_part_01,implementation,1,agent,37.65000,46.80000,9.15000,,0
EXP-05,exp05_p01_m02_ro050_lh05,exact,phase,t04_part_02,specification,1,human,46.80000,48.45000,1.65000,46.80000,0.00000
EXP-05,exp05_p01_m02_ro050_lh05,exact,phase,t04_part_02,implementation,1,agent,48.45000,57.60000,9.15000,,0
EXP-05,exp05_p01_m02_ro050_lh05,exact,phase,t04_join,integration,1,agent,57.60000,57.90000,0.30000,,0
EXP-05,exp05_p01_m02_ro050_lh05,exact,phase,t04_join,acceptance,1,human,57.90000,61.20000,3.30000,57.90000,0.00000
EXP-05,exp05_p01_m02_ro100_lh00,baseline,phase,t01,human_1,1,human,12.00,12.75,0.75,12.00,0.00
EXP-05,exp05_p01_m02_ro100_lh00,baseline,phase,t01,agent_1,1,agent,12.75,17.25,4.50,,0
EXP-05,exp05_p01_m02_ro100_lh00,baseline,phase,t01,human_2,1,human,17.25,18.00,0.75,17.25,0.00
EXP-05,exp05_p01_m02_ro100_lh00,baseline,phase,t02,human_1,1,human,0,1.50,1.50,0,0
EXP-05,exp05_p01_m02_ro100_lh00,baseline,phase,t02,agent_1,1,agent,1.50,10.50,9.00,,0
EXP-05,exp05_p01_m02_ro100_lh00,baseline,phase,t02,human_2,1,human,10.50,12.00,1.50,10.50,0.00
EXP-05,exp05_p01_m02_ro100_lh00,baseline,phase,t03,human_1,1,human,18.00,20.25,2.25,18.00,0.00
EXP-05,exp05_p01_m02_ro100_lh00,baseline,phase,t03,agent_1,1,agent,20.25,33.75,13.50,,0
EXP-05,exp05_p01_m02_ro100_lh00,baseline,phase,t03,human_2,1,human,33.75,36.00,2.25,33.75,0.00
EXP-05,exp05_p01_m02_ro100_lh00,baseline,phase,t04_part_01,specification,1,human,36.00,37.50,1.50,36.00,0.00
EXP-05,exp05_p01_m02_ro100_lh00,baseline,phase,t04_part_01,implementation,1,agent,37.50,47.10,9.60,,0
EXP-05,exp05_p01_m02_ro100_lh00,baseline,phase,t04_part_02,specification,1,human,47.10,48.60,1.50,47.10,0.00
EXP-05,exp05_p01_m02_ro100_lh00,baseline,phase,t04_part_02,implementation,1,agent,48.60,58.20,9.60,,0
EXP-05,exp05_p01_m02_ro100_lh00,baseline,phase,t04_join,integration,1,agent,58.20,59.40,1.20,,0
EXP-05,exp05_p01_m02_ro100_lh00,baseline,phase,t04_join,acceptance,1,human,59.40,62.40,3.00,59.40,0.00
EXP-05,exp05_p01_m02_ro100_lh00,exact,phase,t01,human_1,1,human,12.00000,12.75000,0.75000,12.00000,0.00000
EXP-05,exp05_p01_m02_ro100_lh00,exact,phase,t01,agent_1,1,agent,12.75000,17.25000,4.50000,,0
EXP-05,exp05_p01_m02_ro100_lh00,exact,phase,t01,human_2,1,human,17.25000,18.00000,0.75000,17.25000,0.00000
EXP-05,exp05_p01_m02_ro100_lh00,exact,phase,t02,human_1,1,human,0.00000,1.50000,1.50000,0.00000,0.00000
EXP-05,exp05_p01_m02_ro100_lh00,exact,phase,t02,agent_1,1,agent,1.50000,10.50000,9.00000,,0
EXP-05,exp05_p01_m02_ro100_lh00,exact,phase,t02,human_2,1,human,10.50000,12.00000,1.50000,10.50000,0.00000
EXP-05,exp05_p01_m02_ro100_lh00,exact,phase,t03,human_1,1,human,18.00000,20.25000,2.25000,18.00000,0.00000
EXP-05,exp05_p01_m02_ro100_lh00,exact,phase,t03,agent_1,1,agent,20.25000,33.75000,13.50000,,0
EXP-05,exp05_p01_m02_ro100_lh00,exact,phase,t03,human_2,1,human,33.75000,36.00000,2.25000,33.75000,0.00000
EXP-05,exp05_p01_m02_ro100_lh00,exact,phase,t04_part_01,specification,1,human,36.00000,37.50000,1.50000,36.00000,0.00000
EXP-05,exp05_p01_m02_ro100_lh00,exact,phase,t04_part_01,implementation,1,agent,37.50000,47.10000,9.60000,,0
EXP-05,exp05_p01_m02_ro100_lh00,exact,phase,t04_part_02,specification,1,human,47.10000,48.60000,1.50000,47.10000,0.00000
EXP-05,exp05_p01_m02_ro100_lh00,exact,phase,t04_part_02,implementation,1,agent,48.60000,58.20000,9.60000,,0
EXP-05,exp05_p01_m02_ro100_lh00,exact,phase,t04_join,integration,1,agent,58.20000,59.40000,1.20000,,0
EXP-05,exp05_p01_m02_ro100_lh00,exact,phase,t04_join,acceptance,1,human,59.40000,62.40000,3.00000,59.40000,0.00000
EXP-05,exp05_p01_m02_ro100_lh05,baseline,phase,t01,human_1,1,human,12.00,12.75,0.75,12.00,0.00
EXP-05,exp05_p01_m02_ro100_lh05,baseline,phase,t01,agent_1,1,agent,12.75,17.25,4.50,,0
EXP-05,exp05_p01_m02_ro100_lh05,baseline,phase,t01,human_2,1,human,17.25,18.00,0.75,17.25,0.00
EXP-05,exp05_p01_m02_ro100_lh05,baseline,phase,t02,human_1,1,human,0,1.50,1.50,0,0
EXP-05,exp05_p01_m02_ro100_lh05,baseline,phase,t02,agent_1,1,agent,1.50,10.50,9.00,,0
EXP-05,exp05_p01_m02_ro100_lh05,baseline,phase,t02,human_2,1,human,10.50,12.00,1.50,10.50,0.00
EXP-05,exp05_p01_m02_ro100_lh05,baseline,phase,t03,human_1,1,human,18.00,20.25,2.25,18.00,0.00
EXP-05,exp05_p01_m02_ro100_lh05,baseline,phase,t03,agent_1,1,agent,20.25,33.75,13.50,,0
EXP-05,exp05_p01_m02_ro100_lh05,baseline,phase,t03,human_2,1,human,33.75,36.00,2.25,33.75,0.00
EXP-05,exp05_p01_m02_ro100_lh05,baseline,phase,t04_part_01,specification,1,human,36.00,37.800,1.800,36.00,0.00
EXP-05,exp05_p01_m02_ro100_lh05,baseline,phase,t04_part_01,implementation,1,agent,37.800,47.100,9.300,,0
EXP-05,exp05_p01_m02_ro100_lh05,baseline,phase,t04_part_02,specification,1,human,47.100,48.900,1.800,47.100,0.000
EXP-05,exp05_p01_m02_ro100_lh05,baseline,phase,t04_part_02,implementation,1,agent,48.900,58.200,9.300,,0
EXP-05,exp05_p01_m02_ro100_lh05,baseline,phase,t04_join,integration,1,agent,58.200,58.800,0.600,,0
EXP-05,exp05_p01_m02_ro100_lh05,baseline,phase,t04_join,acceptance,1,human,58.800,62.400,3.600,58.800,0.000
EXP-05,exp05_p01_m02_ro100_lh05,exact,phase,t01,human_1,1,human,12.00000,12.75000,0.75000,12.00000,0.00000
EXP-05,exp05_p01_m02_ro100_lh05,exact,phase,t01,agent_1,1,agent,12.75000,17.25000,4.50000,,0
EXP-05,exp05_p01_m02_ro100_lh05,exact,phase,t01,human_2,1,human,17.25000,18.00000,0.75000,17.25000,0.00000
EXP-05,exp05_p01_m02_ro100_lh05,exact,phase,t02,human_1,1,human,0.00000,1.50000,1.50000,0.00000,0.00000
EXP-05,exp05_p01_m02_ro100_lh05,exact,phase,t02,agent_1,1,agent,1.50000,10.50000,9.00000,,0
EXP-05,exp05_p01_m02_ro100_lh05,exact,phase,t02,human_2,1,human,10.50000,12.00000,1.50000,10.50000,0.00000
EXP-05,exp05_p01_m02_ro100_lh05,exact,phase,t03,human_1,1,human,18.00000,20.25000,2.25000,18.00000,0.00000
EXP-05,exp05_p01_m02_ro100_lh05,exact,phase,t03,agent_1,1,agent,20.25000,33.75000,13.50000,,0
EXP-05,exp05_p01_m02_ro100_lh05,exact,phase,t03,human_2,1,human,33.75000,36.00000,2.25000,33.75000,0.00000
EXP-05,exp05_p01_m02_ro100_lh05,exact,phase,t04_part_01,specification,1,human,36.00000,37.80000,1.80000,36.00000,0.00000
EXP-05,exp05_p01_m02_ro100_lh05,exact,phase,t04_part_01,implementation,1,agent,37.80000,47.10000,9.30000,,0
EXP-05,exp05_p01_m02_ro100_lh05,exact,phase,t04_part_02,specification,1,human,47.10000,48.90000,1.80000,47.10000,0.00000
EXP-05,exp05_p01_m02_ro100_lh05,exact,phase,t04_part_02,implementation,1,agent,48.90000,58.20000,9.30000,,0
EXP-05,exp05_p01_m02_ro100_lh05,exact,phase,t04_join,integration,1,agent,58.20000,58.80000,0.60000,,0
EXP-05,exp05_p01_m02_ro100_lh05,exact,phase,t04_join,acceptance,1,human,58.80000,62.40000,3.60000,58.80000,0.00000
EXP-05,exp05_p01_m03_ro000_lh00,baseline,phase,t01,human_1,1,human,12.00,12.75,0.75,12.00,0.00
EXP-05,exp05_p01_m03_ro000_lh00,baseline,phase,t01,agent_1,1,agent,12.75,17.25,4.50,,0
EXP-05,exp05_p01_m03_ro000_lh00,baseline,phase,t01,human_2,1,human,17.25,18.00,0.75,17.25,0.00
EXP-05,exp05_p01_m03_ro000_lh00,baseline,phase,t02,human_1,1,human,0,1.50,1.50,0,0
EXP-05,exp05_p01_m03_ro000_lh00,baseline,phase,t02,agent_1,1,agent,1.50,10.50,9.00,,0
EXP-05,exp05_p01_m03_ro000_lh00,baseline,phase,t02,human_2,1,human,10.50,12.00,1.50,10.50,0.00
EXP-05,exp05_p01_m03_ro000_lh00,baseline,phase,t03,human_1,1,human,18.00,20.25,2.25,18.00,0.00
EXP-05,exp05_p01_m03_ro000_lh00,baseline,phase,t03,agent_1,1,agent,20.25,33.75,13.50,,0
EXP-05,exp05_p01_m03_ro000_lh00,baseline,phase,t03,human_2,1,human,33.75,36.00,2.25,33.75,0.00
EXP-05,exp05_p01_m03_ro000_lh00,baseline,phase,t04_part_01,specification,1,human,36.00,37.00,1.00,36.00,0.00
EXP-05,exp05_p01_m03_ro000_lh00,baseline,phase,t04_part_01,implementation,1,agent,37.00,43.00,6.00,,0
EXP-05,exp05_p01_m03_ro000_lh00,baseline,phase,t04_part_02,specification,1,human,43.00,44.00,1.00,43.00,0.00
EXP-05,exp05_p01_m03_ro000_lh00,baseline,phase,t04_part_02,implementation,1,agent,44.00,50.00,6.00,,0
EXP-05,exp05_p01_m03_ro000_lh00,baseline,phase,t04_part_03,specification,1,human,50.00,51.00,1.00,50.00,0.00
EXP-05,exp05_p01_m03_ro000_lh00,baseline,phase,t04_part_03,implementation,1,agent,51.00,57.00,6.00,,0
EXP-05,exp05_p01_m03_ro000_lh00,baseline,phase,t04_join,acceptance,1,human,57.00,60.00,3.00,57.00,0.00
EXP-05,exp05_p01_m03_ro000_lh00,exact,phase,t01,human_1,1,human,12.00000,12.75000,0.75000,12.00000,0.00000
EXP-05,exp05_p01_m03_ro000_lh00,exact,phase,t01,agent_1,1,agent,12.75000,17.25000,4.50000,,0
EXP-05,exp05_p01_m03_ro000_lh00,exact,phase,t01,human_2,1,human,17.25000,18.00000,0.75000,17.25000,0.00000
EXP-05,exp05_p01_m03_ro000_lh00,exact,phase,t02,human_1,1,human,0.00000,1.50000,1.50000,0.00000,0.00000
EXP-05,exp05_p01_m03_ro000_lh00,exact,phase,t02,agent_1,1,agent,1.50000,10.50000,9.00000,,0
EXP-05,exp05_p01_m03_ro000_lh00,exact,phase,t02,human_2,1,human,10.50000,12.00000,1.50000,10.50000,0.00000
EXP-05,exp05_p01_m03_ro000_lh00,exact,phase,t03,human_1,1,human,18.00000,20.25000,2.25000,18.00000,0.00000
EXP-05,exp05_p01_m03_ro000_lh00,exact,phase,t03,agent_1,1,agent,20.25000,33.75000,13.50000,,0
EXP-05,exp05_p01_m03_ro000_lh00,exact,phase,t03,human_2,1,human,33.75000,36.00000,2.25000,33.75000,0.00000
EXP-05,exp05_p01_m03_ro000_lh00,exact,phase,t04_part_01,specification,1,human,43.00000,44.00000,1.00000,43.00000,0.00000
EXP-05,exp05_p01_m03_ro000_lh00,exact,phase,t04_part_01,implementation,1,agent,44.00000,50.00000,6.00000,,0
EXP-05,exp05_p01_m03_ro000_lh00,exact,phase,t04_part_02,specification,1,human,50.00000,51.00000,1.00000,50.00000,0.00000
EXP-05,exp05_p01_m03_ro000_lh00,exact,phase,t04_part_02,implementation,1,agent,51.00000,57.00000,6.00000,,0
EXP-05,exp05_p01_m03_ro000_lh00,exact,phase,t04_part_03,specification,1,human,36.00000,37.00000,1.00000,36.00000,0.00000
EXP-05,exp05_p01_m03_ro000_lh00,exact,phase,t04_part_03,implementation,1,agent,37.00000,43.00000,6.00000,,0
EXP-05,exp05_p01_m03_ro000_lh00,exact,phase,t04_join,acceptance,1,human,57.00000,60.00000,3.00000,57.00000,0.00000
EXP-05,exp05_p01_m03_ro050_lh00,baseline,phase,t01,human_1,1,human,12.00,12.75,0.75,12.00,0.00
EXP-05,exp05_p01_m03_ro050_lh00,baseline,phase,t01,agent_1,1,agent,12.75,17.25,4.50,,0
EXP-05,exp05_p01_m03_ro050_lh00,baseline,phase,t01,human_2,1,human,17.25,18.00,0.75,17.25,0.00
EXP-05,exp05_p01_m03_ro050_lh00,baseline,phase,t02,human_1,1,human,0,1.50,1.50,0,0
EXP-05,exp05_p01_m03_ro050_lh00,baseline,phase,t02,agent_1,1,agent,1.50,10.50,9.00,,0
EXP-05,exp05_p01_m03_ro050_lh00,baseline,phase,t02,human_2,1,human,10.50,12.00,1.50,10.50,0.00
EXP-05,exp05_p01_m03_ro050_lh00,baseline,phase,t03,human_1,1,human,18.00,20.25,2.25,18.00,0.00
EXP-05,exp05_p01_m03_ro050_lh00,baseline,phase,t03,agent_1,1,agent,20.25,33.75,13.50,,0
EXP-05,exp05_p01_m03_ro050_lh00,baseline,phase,t03,human_2,1,human,33.75,36.00,2.25,33.75,0.00
EXP-05,exp05_p01_m03_ro050_lh00,baseline,phase,t04_part_01,specification,1,human,36.00,37.00,1.00,36.00,0.00
EXP-05,exp05_p01_m03_ro050_lh00,baseline,phase,t04_part_01,implementation,1,agent,37.00,43.40,6.40,,0
EXP-05,exp05_p01_m03_ro050_lh00,baseline,phase,t04_part_02,specification,1,human,43.40,44.40,1.00,43.40,0.00
EXP-05,exp05_p01_m03_ro050_lh00,baseline,phase,t04_part_02,implementation,1,agent,44.40,50.80,6.40,,0
EXP-05,exp05_p01_m03_ro050_lh00,baseline,phase,t04_part_03,specification,1,human,50.80,51.80,1.00,50.80,0.00
EXP-05,exp05_p01_m03_ro050_lh00,baseline,phase,t04_part_03,implementation,1,agent,51.80,58.20,6.40,,0
EXP-05,exp05_p01_m03_ro050_lh00,baseline,phase,t04_join,integration,1,agent,58.20,59.40,1.20,,0
EXP-05,exp05_p01_m03_ro050_lh00,baseline,phase,t04_join,acceptance,1,human,59.40,62.40,3.00,59.40,0.00
EXP-05,exp05_p01_m03_ro050_lh00,exact,phase,t01,human_1,1,human,12.00000,12.75000,0.75000,12.00000,0.00000
EXP-05,exp05_p01_m03_ro050_lh00,exact,phase,t01,agent_1,1,agent,12.75000,17.25000,4.50000,,0
EXP-05,exp05_p01_m03_ro050_lh00,exact,phase,t01,human_2,1,human,17.25000,18.00000,0.75000,17.25000,0.00000
EXP-05,exp05_p01_m03_ro050_lh00,exact,phase,t02,human_1,1,human,0.00000,1.50000,1.50000,0.00000,0.00000
EXP-05,exp05_p01_m03_ro050_lh00,exact,phase,t02,agent_1,1,agent,1.50000,10.50000,9.00000,,0
EXP-05,exp05_p01_m03_ro050_lh00,exact,phase,t02,human_2,1,human,10.50000,12.00000,1.50000,10.50000,0.00000
EXP-05,exp05_p01_m03_ro050_lh00,exact,phase,t03,human_1,1,human,18.00000,20.25000,2.25000,18.00000,0.00000
EXP-05,exp05_p01_m03_ro050_lh00,exact,phase,t03,agent_1,1,agent,20.25000,33.75000,13.50000,,0
EXP-05,exp05_p01_m03_ro050_lh00,exact,phase,t03,human_2,1,human,33.75000,36.00000,2.25000,33.75000,0.00000
EXP-05,exp05_p01_m03_ro050_lh00,exact,phase,t04_part_01,specification,1,human,36.00000,37.00000,1.00000,36.00000,0.00000
EXP-05,exp05_p01_m03_ro050_lh00,exact,phase,t04_part_01,implementation,1,agent,37.00000,43.40000,6.40000,,0
EXP-05,exp05_p01_m03_ro050_lh00,exact,phase,t04_part_02,specification,1,human,50.80000,51.80000,1.00000,50.80000,0.00000
EXP-05,exp05_p01_m03_ro050_lh00,exact,phase,t04_part_02,implementation,1,agent,51.80000,58.20000,6.40000,,0
EXP-05,exp05_p01_m03_ro050_lh00,exact,phase,t04_part_03,specification,1,human,43.40000,44.40000,1.00000,43.40000,0.00000
EXP-05,exp05_p01_m03_ro050_lh00,exact,phase,t04_part_03,implementation,1,agent,44.40000,50.80000,6.40000,,0
EXP-05,exp05_p01_m03_ro050_lh00,exact,phase,t04_join,integration,1,agent,58.20000,59.40000,1.20000,,0
EXP-05,exp05_p01_m03_ro050_lh00,exact,phase,t04_join,acceptance,1,human,59.40000,62.40000,3.00000,59.40000,0.00000
EXP-05,exp05_p01_m03_ro050_lh05,baseline,phase,t01,human_1,1,human,12.00,12.75,0.75,12.00,0.00
EXP-05,exp05_p01_m03_ro050_lh05,baseline,phase,t01,agent_1,1,agent,12.75,17.25,4.50,,0
EXP-05,exp05_p01_m03_ro050_lh05,baseline,phase,t01,human_2,1,human,17.25,18.00,0.75,17.25,0.00
EXP-05,exp05_p01_m03_ro050_lh05,baseline,phase,t02,human_1,1,human,0,1.50,1.50,0,0
EXP-05,exp05_p01_m03_ro050_lh05,baseline,phase,t02,agent_1,1,agent,1.50,10.50,9.00,,0
EXP-05,exp05_p01_m03_ro050_lh05,baseline,phase,t02,human_2,1,human,10.50,12.00,1.50,10.50,0.00
EXP-05,exp05_p01_m03_ro050_lh05,baseline,phase,t03,human_1,1,human,18.00,20.25,2.25,18.00,0.00
EXP-05,exp05_p01_m03_ro050_lh05,baseline,phase,t03,agent_1,1,agent,20.25,33.75,13.50,,0
EXP-05,exp05_p01_m03_ro050_lh05,baseline,phase,t03,human_2,1,human,33.75,36.00,2.25,33.75,0.00
EXP-05,exp05_p01_m03_ro050_lh05,baseline,phase,t04_part_01,specification,1,human,36.00,37.200,1.200,36.00,0.00
EXP-05,exp05_p01_m03_ro050_lh05,baseline,phase,t04_part_01,implementation,1,agent,37.200,43.400,6.200,,0
EXP-05,exp05_p01_m03_ro050_lh05,baseline,phase,t04_part_02,specification,1,human,43.400,44.600,1.200,43.400,0.000
EXP-05,exp05_p01_m03_ro050_lh05,baseline,phase,t04_part_02,implementation,1,agent,44.600,50.800,6.200,,0
EXP-05,exp05_p01_m03_ro050_lh05,baseline,phase,t04_part_03,specification,1,human,50.800,52.000,1.200,50.800,0.000
EXP-05,exp05_p01_m03_ro050_lh05,baseline,phase,t04_part_03,implementation,1,agent,52.000,58.200,6.200,,0
EXP-05,exp05_p01_m03_ro050_lh05,baseline,phase,t04_join,integration,1,agent,58.200,58.800,0.600,,0
EXP-05,exp05_p01_m03_ro050_lh05,baseline,phase,t04_join,acceptance,1,human,58.800,62.400,3.600,58.800,0.000
EXP-05,exp05_p01_m03_ro050_lh05,exact,phase,t01,human_1,1,human,12.00000,12.75000,0.75000,12.00000,0.00000
EXP-05,exp05_p01_m03_ro050_lh05,exact,phase,t01,agent_1,1,agent,12.75000,17.25000,4.50000,,0
EXP-05,exp05_p01_m03_ro050_lh05,exact,phase,t01,human_2,1,human,17.25000,18.00000,0.75000,17.25000,0.00000
EXP-05,exp05_p01_m03_ro050_lh05,exact,phase,t02,human_1,1,human,0.00000,1.50000,1.50000,0.00000,0.00000
EXP-05,exp05_p01_m03_ro050_lh05,exact,phase,t02,agent_1,1,agent,1.50000,10.50000,9.00000,,0
EXP-05,exp05_p01_m03_ro050_lh05,exact,phase,t02,human_2,1,human,10.50000,12.00000,1.50000,10.50000,0.00000
EXP-05,exp05_p01_m03_ro050_lh05,exact,phase,t03,human_1,1,human,18.00000,20.25000,2.25000,18.00000,0.00000
EXP-05,exp05_p01_m03_ro050_lh05,exact,phase,t03,agent_1,1,agent,20.25000,33.75000,13.50000,,0
EXP-05,exp05_p01_m03_ro050_lh05,exact,phase,t03,human_2,1,human,33.75000,36.00000,2.25000,33.75000,0.00000
EXP-05,exp05_p01_m03_ro050_lh05,exact,phase,t04_part_01,specification,1,human,36.00000,37.20000,1.20000,36.00000,0.00000
EXP-05,exp05_p01_m03_ro050_lh05,exact,phase,t04_part_01,implementation,1,agent,37.20000,43.40000,6.20000,,0
EXP-05,exp05_p01_m03_ro050_lh05,exact,phase,t04_part_02,specification,1,human,50.80000,52.00000,1.20000,50.80000,0.00000
EXP-05,exp05_p01_m03_ro050_lh05,exact,phase,t04_part_02,implementation,1,agent,52.00000,58.20000,6.20000,,0
EXP-05,exp05_p01_m03_ro050_lh05,exact,phase,t04_part_03,specification,1,human,43.40000,44.60000,1.20000,43.40000,0.00000
EXP-05,exp05_p01_m03_ro050_lh05,exact,phase,t04_part_03,implementation,1,agent,44.60000,50.80000,6.20000,,0
EXP-05,exp05_p01_m03_ro050_lh05,exact,phase,t04_join,integration,1,agent,58.20000,58.80000,0.60000,,0
EXP-05,exp05_p01_m03_ro050_lh05,exact,phase,t04_join,acceptance,1,human,58.80000,62.40000,3.60000,58.80000,0.00000
EXP-05,exp05_p01_m03_ro100_lh00,baseline,phase,t01,human_1,1,human,12.00,12.75,0.75,12.00,0.00
EXP-05,exp05_p01_m03_ro100_lh00,baseline,phase,t01,agent_1,1,agent,12.75,17.25,4.50,,0
EXP-05,exp05_p01_m03_ro100_lh00,baseline,phase,t01,human_2,1,human,17.25,18.00,0.75,17.25,0.00
EXP-05,exp05_p01_m03_ro100_lh00,baseline,phase,t02,human_1,1,human,0,1.50,1.50,0,0
EXP-05,exp05_p01_m03_ro100_lh00,baseline,phase,t02,agent_1,1,agent,1.50,10.50,9.00,,0
EXP-05,exp05_p01_m03_ro100_lh00,baseline,phase,t02,human_2,1,human,10.50,12.00,1.50,10.50,0.00
EXP-05,exp05_p01_m03_ro100_lh00,baseline,phase,t03,human_1,1,human,18.00,20.25,2.25,18.00,0.00
EXP-05,exp05_p01_m03_ro100_lh00,baseline,phase,t03,agent_1,1,agent,20.25,33.75,13.50,,0
EXP-05,exp05_p01_m03_ro100_lh00,baseline,phase,t03,human_2,1,human,33.75,36.00,2.25,33.75,0.00
EXP-05,exp05_p01_m03_ro100_lh00,baseline,phase,t04_part_01,specification,1,human,36.00,37.00,1.00,36.00,0.00
EXP-05,exp05_p01_m03_ro100_lh00,baseline,phase,t04_part_01,implementation,1,agent,37.00,43.80,6.80,,0
EXP-05,exp05_p01_m03_ro100_lh00,baseline,phase,t04_part_02,specification,1,human,43.80,44.80,1.00,43.80,0.00
EXP-05,exp05_p01_m03_ro100_lh00,baseline,phase,t04_part_02,implementation,1,agent,44.80,51.60,6.80,,0
EXP-05,exp05_p01_m03_ro100_lh00,baseline,phase,t04_part_03,specification,1,human,51.60,52.60,1.00,51.60,0.00
EXP-05,exp05_p01_m03_ro100_lh00,baseline,phase,t04_part_03,implementation,1,agent,52.60,59.40,6.80,,0
EXP-05,exp05_p01_m03_ro100_lh00,baseline,phase,t04_join,integration,1,agent,59.40,61.80,2.40,,0
EXP-05,exp05_p01_m03_ro100_lh00,baseline,phase,t04_join,acceptance,1,human,61.80,64.80,3.00,61.80,0.00
EXP-05,exp05_p01_m03_ro100_lh00,exact,phase,t01,human_1,1,human,12.00000,12.75000,0.75000,12.00000,0.00000
EXP-05,exp05_p01_m03_ro100_lh00,exact,phase,t01,agent_1,1,agent,12.75000,17.25000,4.50000,,0
EXP-05,exp05_p01_m03_ro100_lh00,exact,phase,t01,human_2,1,human,17.25000,18.00000,0.75000,17.25000,0.00000
EXP-05,exp05_p01_m03_ro100_lh00,exact,phase,t02,human_1,1,human,0.00000,1.50000,1.50000,0.00000,0.00000
EXP-05,exp05_p01_m03_ro100_lh00,exact,phase,t02,agent_1,1,agent,1.50000,10.50000,9.00000,,0
EXP-05,exp05_p01_m03_ro100_lh00,exact,phase,t02,human_2,1,human,10.50000,12.00000,1.50000,10.50000,0.00000
EXP-05,exp05_p01_m03_ro100_lh00,exact,phase,t03,human_1,1,human,18.00000,20.25000,2.25000,18.00000,0.00000
EXP-05,exp05_p01_m03_ro100_lh00,exact,phase,t03,agent_1,1,agent,20.25000,33.75000,13.50000,,0
EXP-05,exp05_p01_m03_ro100_lh00,exact,phase,t03,human_2,1,human,33.75000,36.00000,2.25000,33.75000,0.00000
EXP-05,exp05_p01_m03_ro100_lh00,exact,phase,t04_part_01,specification,1,human,36.00000,37.00000,1.00000,36.00000,0.00000
EXP-05,exp05_p01_m03_ro100_lh00,exact,phase,t04_part_01,implementation,1,agent,37.00000,43.80000,6.80000,,0
EXP-05,exp05_p01_m03_ro100_lh00,exact,phase,t04_part_02,specification,1,human,51.60000,52.60000,1.00000,51.60000,0.00000
EXP-05,exp05_p01_m03_ro100_lh00,exact,phase,t04_part_02,implementation,1,agent,52.60000,59.40000,6.80000,,0
EXP-05,exp05_p01_m03_ro100_lh00,exact,phase,t04_part_03,specification,1,human,43.80000,44.80000,1.00000,43.80000,0.00000
EXP-05,exp05_p01_m03_ro100_lh00,exact,phase,t04_part_03,implementation,1,agent,44.80000,51.60000,6.80000,,0
EXP-05,exp05_p01_m03_ro100_lh00,exact,phase,t04_join,integration,1,agent,59.40000,61.80000,2.40000,,0
EXP-05,exp05_p01_m03_ro100_lh00,exact,phase,t04_join,acceptance,1,human,61.80000,64.80000,3.00000,61.80000,0.00000
EXP-05,exp05_p01_m03_ro100_lh05,baseline,phase,t01,human_1,1,human,12.00,12.75,0.75,12.00,0.00
EXP-05,exp05_p01_m03_ro100_lh05,baseline,phase,t01,agent_1,1,agent,12.75,17.25,4.50,,0
EXP-05,exp05_p01_m03_ro100_lh05,baseline,phase,t01,human_2,1,human,17.25,18.00,0.75,17.25,0.00
EXP-05,exp05_p01_m03_ro100_lh05,baseline,phase,t02,human_1,1,human,0,1.50,1.50,0,0
EXP-05,exp05_p01_m03_ro100_lh05,baseline,phase,t02,agent_1,1,agent,1.50,10.50,9.00,,0
EXP-05,exp05_p01_m03_ro100_lh05,baseline,phase,t02,human_2,1,human,10.50,12.00,1.50,10.50,0.00
EXP-05,exp05_p01_m03_ro100_lh05,baseline,phase,t03,human_1,1,human,18.00,20.25,2.25,18.00,0.00
EXP-05,exp05_p01_m03_ro100_lh05,baseline,phase,t03,agent_1,1,agent,20.25,33.75,13.50,,0
EXP-05,exp05_p01_m03_ro100_lh05,baseline,phase,t03,human_2,1,human,33.75,36.00,2.25,33.75,0.00
EXP-05,exp05_p01_m03_ro100_lh05,baseline,phase,t04_part_01,specification,1,human,36.00,37.400,1.400,36.00,0.00
EXP-05,exp05_p01_m03_ro100_lh05,baseline,phase,t04_part_01,implementation,1,agent,37.400,43.800,6.400,,0
EXP-05,exp05_p01_m03_ro100_lh05,baseline,phase,t04_part_02,specification,1,human,43.800,45.200,1.400,43.800,0.000
EXP-05,exp05_p01_m03_ro100_lh05,baseline,phase,t04_part_02,implementation,1,agent,45.200,51.600,6.400,,0
EXP-05,exp05_p01_m03_ro100_lh05,baseline,phase,t04_part_03,specification,1,human,51.600,53.000,1.400,51.600,0.000
EXP-05,exp05_p01_m03_ro100_lh05,baseline,phase,t04_part_03,implementation,1,agent,53.000,59.400,6.400,,0
EXP-05,exp05_p01_m03_ro100_lh05,baseline,phase,t04_join,integration,1,agent,59.400,60.600,1.200,,0
EXP-05,exp05_p01_m03_ro100_lh05,baseline,phase,t04_join,acceptance,1,human,60.600,64.800,4.200,60.600,0.000
EXP-05,exp05_p01_m03_ro100_lh05,exact,phase,t01,human_1,1,human,12.00000,12.75000,0.75000,12.00000,0.00000
EXP-05,exp05_p01_m03_ro100_lh05,exact,phase,t01,agent_1,1,agent,12.75000,17.25000,4.50000,,0
EXP-05,exp05_p01_m03_ro100_lh05,exact,phase,t01,human_2,1,human,17.25000,18.00000,0.75000,17.25000,0.00000
EXP-05,exp05_p01_m03_ro100_lh05,exact,phase,t02,human_1,1,human,0.00000,1.50000,1.50000,0.00000,0.00000
EXP-05,exp05_p01_m03_ro100_lh05,exact,phase,t02,agent_1,1,agent,1.50000,10.50000,9.00000,,0
EXP-05,exp05_p01_m03_ro100_lh05,exact,phase,t02,human_2,1,human,10.50000,12.00000,1.50000,10.50000,0.00000
EXP-05,exp05_p01_m03_ro100_lh05,exact,phase,t03,human_1,1,human,18.00000,20.25000,2.25000,18.00000,0.00000
EXP-05,exp05_p01_m03_ro100_lh05,exact,phase,t03,agent_1,1,agent,20.25000,33.75000,13.50000,,0
EXP-05,exp05_p01_m03_ro100_lh05,exact,phase,t03,human_2,1,human,33.75000,36.00000,2.25000,33.75000,0.00000
EXP-05,exp05_p01_m03_ro100_lh05,exact,phase,t04_part_01,specification,1,human,36.00000,37.40000,1.40000,36.00000,0.00000
EXP-05,exp05_p01_m03_ro100_lh05,exact,phase,t04_part_01,implementation,1,agent,37.40000,43.80000,6.40000,,0
EXP-05,exp05_p01_m03_ro100_lh05,exact,phase,t04_part_02,specification,1,human,51.60000,53.00000,1.40000,51.60000,0.00000
EXP-05,exp05_p01_m03_ro100_lh05,exact,phase,t04_part_02,implementation,1,agent,53.00000,59.40000,6.40000,,0
EXP-05,exp05_p01_m03_ro100_lh05,exact,phase,t04_part_03,specification,1,human,43.80000,45.20000,1.40000,43.80000,0.00000
EXP-05,exp05_p01_m03_ro100_lh05,exact,phase,t04_part_03,implementation,1,agent,45.20000,51.60000,6.40000,,0
EXP-05,exp05_p01_m03_ro100_lh05,exact,phase,t04_join,integration,1,agent,59.40000,60.60000,1.20000,,0
EXP-05,exp05_p01_m03_ro100_lh05,exact,phase,t04_join,acceptance,1,human,60.60000,64.80000,4.20000,60.60000,0.00000
EXP-05,exp05_p01_m04_ro000_lh00,baseline,phase,t01,human_1,1,human,12.00,12.75,0.75,12.00,0.00
EXP-05,exp05_p01_m04_ro000_lh00,baseline,phase,t01,agent_1,1,agent,12.75,17.25,4.50,,0
EXP-05,exp05_p01_m04_ro000_lh00,baseline,phase,t01,human_2,1,human,17.25,18.00,0.75,17.25,0.00
EXP-05,exp05_p01_m04_ro000_lh00,baseline,phase,t02,human_1,1,human,0,1.50,1.50,0,0
EXP-05,exp05_p01_m04_ro000_lh00,baseline,phase,t02,agent_1,1,agent,1.50,10.50,9.00,,0
EXP-05,exp05_p01_m04_ro000_lh00,baseline,phase,t02,human_2,1,human,10.50,12.00,1.50,10.50,0.00
EXP-05,exp05_p01_m04_ro000_lh00,baseline,phase,t03,human_1,1,human,18.00,20.25,2.25,18.00,0.00
EXP-05,exp05_p01_m04_ro000_lh00,baseline,phase,t03,agent_1,1,agent,20.25,33.75,13.50,,0
EXP-05,exp05_p01_m04_ro000_lh00,baseline,phase,t03,human_2,1,human,33.75,36.00,2.25,33.75,0.00
EXP-05,exp05_p01_m04_ro000_lh00,baseline,phase,t04_part_01,specification,1,human,36.00,36.75,0.75,36.00,0.00
EXP-05,exp05_p01_m04_ro000_lh00,baseline,phase,t04_part_01,implementation,1,agent,36.75,41.25,4.50,,0
EXP-05,exp05_p01_m04_ro000_lh00,baseline,phase,t04_part_02,specification,1,human,41.25,42.00,0.75,41.25,0.00
EXP-05,exp05_p01_m04_ro000_lh00,baseline,phase,t04_part_02,implementation,1,agent,42.00,46.50,4.50,,0
EXP-05,exp05_p01_m04_ro000_lh00,baseline,phase,t04_part_03,specification,1,human,46.50,47.25,0.75,46.50,0.00
EXP-05,exp05_p01_m04_ro000_lh00,baseline,phase,t04_part_03,implementation,1,agent,47.25,51.75,4.50,,0
EXP-05,exp05_p01_m04_ro000_lh00,baseline,phase,t04_part_04,specification,1,human,51.75,52.50,0.75,51.75,0.00
EXP-05,exp05_p01_m04_ro000_lh00,baseline,phase,t04_part_04,implementation,1,agent,52.50,57.00,4.50,,0
EXP-05,exp05_p01_m04_ro000_lh00,baseline,phase,t04_join,acceptance,1,human,57.00,60.00,3.00,57.00,0.00
EXP-05,exp05_p01_m04_ro000_lh00,exact,phase,t01,human_1,1,human,12.00000,12.75000,0.75000,12.00000,0.00000
EXP-05,exp05_p01_m04_ro000_lh00,exact,phase,t01,agent_1,1,agent,12.75000,17.25000,4.50000,,0
EXP-05,exp05_p01_m04_ro000_lh00,exact,phase,t01,human_2,1,human,17.25000,18.00000,0.75000,17.25000,0.00000
EXP-05,exp05_p01_m04_ro000_lh00,exact,phase,t02,human_1,1,human,0.00000,1.50000,1.50000,0.00000,0.00000
EXP-05,exp05_p01_m04_ro000_lh00,exact,phase,t02,agent_1,1,agent,1.50000,10.50000,9.00000,,0
EXP-05,exp05_p01_m04_ro000_lh00,exact,phase,t02,human_2,1,human,10.50000,12.00000,1.50000,10.50000,0.00000
EXP-05,exp05_p01_m04_ro000_lh00,exact,phase,t03,human_1,1,human,18.00000,20.25000,2.25000,18.00000,0.00000
EXP-05,exp05_p01_m04_ro000_lh00,exact,phase,t03,agent_1,1,agent,20.25000,33.75000,13.50000,,0
EXP-05,exp05_p01_m04_ro000_lh00,exact,phase,t03,human_2,1,human,33.75000,36.00000,2.25000,33.75000,0.00000
EXP-05,exp05_p01_m04_ro000_lh00,exact,phase,t04_part_01,specification,1,human,46.50000,47.25000,0.75000,46.50000,0.00000
EXP-05,exp05_p01_m04_ro000_lh00,exact,phase,t04_part_01,implementation,1,agent,47.25000,51.75000,4.50000,,0
EXP-05,exp05_p01_m04_ro000_lh00,exact,phase,t04_part_02,specification,1,human,51.75000,52.50000,0.75000,51.75000,0.00000
EXP-05,exp05_p01_m04_ro000_lh00,exact,phase,t04_part_02,implementation,1,agent,52.50000,57.00000,4.50000,,0
EXP-05,exp05_p01_m04_ro000_lh00,exact,phase,t04_part_03,specification,1,human,41.25000,42.00000,0.75000,41.25000,0.00000
EXP-05,exp05_p01_m04_ro000_lh00,exact,phase,t04_part_03,implementation,1,agent,42.00000,46.50000,4.50000,,0
EXP-05,exp05_p01_m04_ro000_lh00,exact,phase,t04_part_04,specification,1,human,36.00000,36.75000,0.75000,36.00000,0.00000
EXP-05,exp05_p01_m04_ro000_lh00,exact,phase,t04_part_04,implementation,1,agent,36.75000,41.25000,4.50000,,0
EXP-05,exp05_p01_m04_ro000_lh00,exact,phase,t04_join,acceptance,1,human,57.00000,60.00000,3.00000,57.00000,0.00000
EXP-05,exp05_p01_m04_ro050_lh00,baseline,phase,t01,human_1,1,human,12.00,12.75,0.75,12.00,0.00
EXP-05,exp05_p01_m04_ro050_lh00,baseline,phase,t01,agent_1,1,agent,12.75,17.25,4.50,,0
EXP-05,exp05_p01_m04_ro050_lh00,baseline,phase,t01,human_2,1,human,17.25,18.00,0.75,17.25,0.00
EXP-05,exp05_p01_m04_ro050_lh00,baseline,phase,t02,human_1,1,human,0,1.50,1.50,0,0
EXP-05,exp05_p01_m04_ro050_lh00,baseline,phase,t02,agent_1,1,agent,1.50,10.50,9.00,,0
EXP-05,exp05_p01_m04_ro050_lh00,baseline,phase,t02,human_2,1,human,10.50,12.00,1.50,10.50,0.00
EXP-05,exp05_p01_m04_ro050_lh00,baseline,phase,t03,human_1,1,human,18.00,20.25,2.25,18.00,0.00
EXP-05,exp05_p01_m04_ro050_lh00,baseline,phase,t03,agent_1,1,agent,20.25,33.75,13.50,,0
EXP-05,exp05_p01_m04_ro050_lh00,baseline,phase,t03,human_2,1,human,33.75,36.00,2.25,33.75,0.00
EXP-05,exp05_p01_m04_ro050_lh00,baseline,phase,t04_part_01,specification,1,human,36.00,36.75,0.75,36.00,0.00
EXP-05,exp05_p01_m04_ro050_lh00,baseline,phase,t04_part_01,implementation,1,agent,36.75,41.70,4.95,,0
EXP-05,exp05_p01_m04_ro050_lh00,baseline,phase,t04_part_02,specification,1,human,41.70,42.45,0.75,41.70,0.00
EXP-05,exp05_p01_m04_ro050_lh00,baseline,phase,t04_part_02,implementation,1,agent,42.45,47.40,4.95,,0
EXP-05,exp05_p01_m04_ro050_lh00,baseline,phase,t04_part_03,specification,1,human,47.40,48.15,0.75,47.40,0.00
EXP-05,exp05_p01_m04_ro050_lh00,baseline,phase,t04_part_03,implementation,1,agent,48.15,53.10,4.95,,0
EXP-05,exp05_p01_m04_ro050_lh00,baseline,phase,t04_part_04,specification,1,human,53.10,53.85,0.75,53.10,0.00
EXP-05,exp05_p01_m04_ro050_lh00,baseline,phase,t04_part_04,implementation,1,agent,53.85,58.80,4.95,,0
EXP-05,exp05_p01_m04_ro050_lh00,baseline,phase,t04_join,integration,1,agent,58.80,60.60,1.80,,0
EXP-05,exp05_p01_m04_ro050_lh00,baseline,phase,t04_join,acceptance,1,human,60.60,63.60,3.00,60.60,0.00
EXP-05,exp05_p01_m04_ro050_lh00,exact,phase,t01,human_1,1,human,12.00000,12.75000,0.75000,12.00000,0.00000
EXP-05,exp05_p01_m04_ro050_lh00,exact,phase,t01,agent_1,1,agent,12.75000,17.25000,4.50000,,0
EXP-05,exp05_p01_m04_ro050_lh00,exact,phase,t01,human_2,1,human,17.25000,18.00000,0.75000,17.25000,0.00000
EXP-05,exp05_p01_m04_ro050_lh00,exact,phase,t02,human_1,1,human,0.00000,1.50000,1.50000,0.00000,0.00000
EXP-05,exp05_p01_m04_ro050_lh00,exact,phase,t02,agent_1,1,agent,1.50000,10.50000,9.00000,,0
EXP-05,exp05_p01_m04_ro050_lh00,exact,phase,t02,human_2,1,human,10.50000,12.00000,1.50000,10.50000,0.00000
EXP-05,exp05_p01_m04_ro050_lh00,exact,phase,t03,human_1,1,human,18.00000,20.25000,2.25000,18.00000,0.00000
EXP-05,exp05_p01_m04_ro050_lh00,exact,phase,t03,agent_1,1,agent,20.25000,33.75000,13.50000,,0
EXP-05,exp05_p01_m04_ro050_lh00,exact,phase,t03,human_2,1,human,33.75000,36.00000,2.25000,33.75000,0.00000
EXP-05,exp05_p01_m04_ro050_lh00,exact,phase,t04_part_01,specification,1,human,36.00000,36.75000,0.75000,36.00000,0.00000
EXP-05,exp05_p01_m04_ro050_lh00,exact,phase,t04_part_01,implementation,1,agent,36.75000,41.70000,4.95000,,0
EXP-05,exp05_p01_m04_ro050_lh00,exact,phase,t04_part_02,specification,1,human,47.40000,48.15000,0.75000,47.40000,0.00000
EXP-05,exp05_p01_m04_ro050_lh00,exact,phase,t04_part_02,implementation,1,agent,48.15000,53.10000,4.95000,,0
EXP-05,exp05_p01_m04_ro050_lh00,exact,phase,t04_part_03,specification,1,human,41.70000,42.45000,0.75000,41.70000,0.00000
EXP-05,exp05_p01_m04_ro050_lh00,exact,phase,t04_part_03,implementation,1,agent,42.45000,47.40000,4.95000,,0
EXP-05,exp05_p01_m04_ro050_lh00,exact,phase,t04_part_04,specification,1,human,53.10000,53.85000,0.75000,53.10000,0.00000
EXP-05,exp05_p01_m04_ro050_lh00,exact,phase,t04_part_04,implementation,1,agent,53.85000,58.80000,4.95000,,0
EXP-05,exp05_p01_m04_ro050_lh00,exact,phase,t04_join,integration,1,agent,58.80000,60.60000,1.80000,,0
EXP-05,exp05_p01_m04_ro050_lh00,exact,phase,t04_join,acceptance,1,human,60.60000,63.60000,3.00000,60.60000,0.00000
EXP-05,exp05_p01_m04_ro050_lh05,baseline,phase,t01,human_1,1,human,12.00,12.75,0.75,12.00,0.00
EXP-05,exp05_p01_m04_ro050_lh05,baseline,phase,t01,agent_1,1,agent,12.75,17.25,4.50,,0
EXP-05,exp05_p01_m04_ro050_lh05,baseline,phase,t01,human_2,1,human,17.25,18.00,0.75,17.25,0.00
EXP-05,exp05_p01_m04_ro050_lh05,baseline,phase,t02,human_1,1,human,0,1.50,1.50,0,0
EXP-05,exp05_p01_m04_ro050_lh05,baseline,phase,t02,agent_1,1,agent,1.50,10.50,9.00,,0
EXP-05,exp05_p01_m04_ro050_lh05,baseline,phase,t02,human_2,1,human,10.50,12.00,1.50,10.50,0.00
EXP-05,exp05_p01_m04_ro050_lh05,baseline,phase,t03,human_1,1,human,18.00,20.25,2.25,18.00,0.00
EXP-05,exp05_p01_m04_ro050_lh05,baseline,phase,t03,agent_1,1,agent,20.25,33.75,13.50,,0
EXP-05,exp05_p01_m04_ro050_lh05,baseline,phase,t03,human_2,1,human,33.75,36.00,2.25,33.75,0.00
EXP-05,exp05_p01_m04_ro050_lh05,baseline,phase,t04_part_01,specification,1,human,36.00,36.975,0.975,36.00,0.00
EXP-05,exp05_p01_m04_ro050_lh05,baseline,phase,t04_part_01,implementation,1,agent,36.975,41.700,4.725,,0
EXP-05,exp05_p01_m04_ro050_lh05,baseline,phase,t04_part_02,specification,1,human,41.700,42.675,0.975,41.700,0.000
EXP-05,exp05_p01_m04_ro050_lh05,baseline,phase,t04_part_02,implementation,1,agent,42.675,47.400,4.725,,0
EXP-05,exp05_p01_m04_ro050_lh05,baseline,phase,t04_part_03,specification,1,human,47.400,48.375,0.975,47.400,0.000
EXP-05,exp05_p01_m04_ro050_lh05,baseline,phase,t04_part_03,implementation,1,agent,48.375,53.100,4.725,,0
EXP-05,exp05_p01_m04_ro050_lh05,baseline,phase,t04_part_04,specification,1,human,53.100,54.075,0.975,53.100,0.000
EXP-05,exp05_p01_m04_ro050_lh05,baseline,phase,t04_part_04,implementation,1,agent,54.075,58.800,4.725,,0
EXP-05,exp05_p01_m04_ro050_lh05,baseline,phase,t04_join,integration,1,agent,58.800,59.700,0.900,,0
EXP-05,exp05_p01_m04_ro050_lh05,baseline,phase,t04_join,acceptance,1,human,59.700,63.600,3.900,59.700,0.000
EXP-05,exp05_p01_m04_ro050_lh05,exact,phase,t01,human_1,1,human,12.00000,12.75000,0.75000,12.00000,0.00000
EXP-05,exp05_p01_m04_ro050_lh05,exact,phase,t01,agent_1,1,agent,12.75000,17.25000,4.50000,,0
EXP-05,exp05_p01_m04_ro050_lh05,exact,phase,t01,human_2,1,human,17.25000,18.00000,0.75000,17.25000,0.00000
EXP-05,exp05_p01_m04_ro050_lh05,exact,phase,t02,human_1,1,human,0.00000,1.50000,1.50000,0.00000,0.00000
EXP-05,exp05_p01_m04_ro050_lh05,exact,phase,t02,agent_1,1,agent,1.50000,10.50000,9.00000,,0
EXP-05,exp05_p01_m04_ro050_lh05,exact,phase,t02,human_2,1,human,10.50000,12.00000,1.50000,10.50000,0.00000
EXP-05,exp05_p01_m04_ro050_lh05,exact,phase,t03,human_1,1,human,18.00000,20.25000,2.25000,18.00000,0.00000
EXP-05,exp05_p01_m04_ro050_lh05,exact,phase,t03,agent_1,1,agent,20.25000,33.75000,13.50000,,0
EXP-05,exp05_p01_m04_ro050_lh05,exact,phase,t03,human_2,1,human,33.75000,36.00000,2.25000,33.75000,0.00000
EXP-05,exp05_p01_m04_ro050_lh05,exact,phase,t04_part_01,specification,1,human,36.00000,36.97500,0.97500,36.00000,0.00000
EXP-05,exp05_p01_m04_ro050_lh05,exact,phase,t04_part_01,implementation,1,agent,36.97500,41.70000,4.72500,,0
EXP-05,exp05_p01_m04_ro050_lh05,exact,phase,t04_part_02,specification,1,human,47.40000,48.37500,0.97500,47.40000,0.00000
EXP-05,exp05_p01_m04_ro050_lh05,exact,phase,t04_part_02,implementation,1,agent,48.37500,53.10000,4.72500,,0
EXP-05,exp05_p01_m04_ro050_lh05,exact,phase,t04_part_03,specification,1,human,41.70000,42.67500,0.97500,41.70000,0.00000
EXP-05,exp05_p01_m04_ro050_lh05,exact,phase,t04_part_03,implementation,1,agent,42.67500,47.40000,4.72500,,0
EXP-05,exp05_p01_m04_ro050_lh05,exact,phase,t04_part_04,specification,1,human,53.10000,54.07500,0.97500,53.10000,0.00000
EXP-05,exp05_p01_m04_ro050_lh05,exact,phase,t04_part_04,implementation,1,agent,54.07500,58.80000,4.72500,,0
EXP-05,exp05_p01_m04_ro050_lh05,exact,phase,t04_join,integration,1,agent,58.80000,59.70000,0.90000,,0
EXP-05,exp05_p01_m04_ro050_lh05,exact,phase,t04_join,acceptance,1,human,59.70000,63.60000,3.90000,59.70000,0.00000
EXP-05,exp05_p01_m04_ro100_lh00,baseline,phase,t01,human_1,1,human,12.00,12.75,0.75,12.00,0.00
EXP-05,exp05_p01_m04_ro100_lh00,baseline,phase,t01,agent_1,1,agent,12.75,17.25,4.50,,0
EXP-05,exp05_p01_m04_ro100_lh00,baseline,phase,t01,human_2,1,human,17.25,18.00,0.75,17.25,0.00
EXP-05,exp05_p01_m04_ro100_lh00,baseline,phase,t02,human_1,1,human,0,1.50,1.50,0,0
EXP-05,exp05_p01_m04_ro100_lh00,baseline,phase,t02,agent_1,1,agent,1.50,10.50,9.00,,0
EXP-05,exp05_p01_m04_ro100_lh00,baseline,phase,t02,human_2,1,human,10.50,12.00,1.50,10.50,0.00
EXP-05,exp05_p01_m04_ro100_lh00,baseline,phase,t03,human_1,1,human,18.00,20.25,2.25,18.00,0.00
EXP-05,exp05_p01_m04_ro100_lh00,baseline,phase,t03,agent_1,1,agent,20.25,33.75,13.50,,0
EXP-05,exp05_p01_m04_ro100_lh00,baseline,phase,t03,human_2,1,human,33.75,36.00,2.25,33.75,0.00
EXP-05,exp05_p01_m04_ro100_lh00,baseline,phase,t04_part_01,specification,1,human,36.00,36.75,0.75,36.00,0.00
EXP-05,exp05_p01_m04_ro100_lh00,baseline,phase,t04_part_01,implementation,1,agent,36.75,42.15,5.40,,0
EXP-05,exp05_p01_m04_ro100_lh00,baseline,phase,t04_part_02,specification,1,human,42.15,42.90,0.75,42.15,0.00
EXP-05,exp05_p01_m04_ro100_lh00,baseline,phase,t04_part_02,implementation,1,agent,42.90,48.30,5.40,,0
EXP-05,exp05_p01_m04_ro100_lh00,baseline,phase,t04_part_03,specification,1,human,48.30,49.05,0.75,48.30,0.00
EXP-05,exp05_p01_m04_ro100_lh00,baseline,phase,t04_part_03,implementation,1,agent,49.05,54.45,5.40,,0
EXP-05,exp05_p01_m04_ro100_lh00,baseline,phase,t04_part_04,specification,1,human,54.45,55.20,0.75,54.45,0.00
EXP-05,exp05_p01_m04_ro100_lh00,baseline,phase,t04_part_04,implementation,1,agent,55.20,60.60,5.40,,0
EXP-05,exp05_p01_m04_ro100_lh00,baseline,phase,t04_join,integration,1,agent,60.60,64.20,3.60,,0
EXP-05,exp05_p01_m04_ro100_lh00,baseline,phase,t04_join,acceptance,1,human,64.20,67.20,3.00,64.20,0.00
EXP-05,exp05_p01_m04_ro100_lh00,exact,phase,t01,human_1,1,human,12.00000,12.75000,0.75000,12.00000,0.00000
EXP-05,exp05_p01_m04_ro100_lh00,exact,phase,t01,agent_1,1,agent,12.75000,17.25000,4.50000,,0
EXP-05,exp05_p01_m04_ro100_lh00,exact,phase,t01,human_2,1,human,17.25000,18.00000,0.75000,17.25000,0.00000
EXP-05,exp05_p01_m04_ro100_lh00,exact,phase,t02,human_1,1,human,0.00000,1.50000,1.50000,0.00000,0.00000
EXP-05,exp05_p01_m04_ro100_lh00,exact,phase,t02,agent_1,1,agent,1.50000,10.50000,9.00000,,0
EXP-05,exp05_p01_m04_ro100_lh00,exact,phase,t02,human_2,1,human,10.50000,12.00000,1.50000,10.50000,0.00000
EXP-05,exp05_p01_m04_ro100_lh00,exact,phase,t03,human_1,1,human,18.00000,20.25000,2.25000,18.00000,0.00000
EXP-05,exp05_p01_m04_ro100_lh00,exact,phase,t03,agent_1,1,agent,20.25000,33.75000,13.50000,,0
EXP-05,exp05_p01_m04_ro100_lh00,exact,phase,t03,human_2,1,human,33.75000,36.00000,2.25000,33.75000,0.00000
EXP-05,exp05_p01_m04_ro100_lh00,exact,phase,t04_part_01,specification,1,human,36.00000,36.75000,0.75000,36.00000,0.00000
EXP-05,exp05_p01_m04_ro100_lh00,exact,phase,t04_part_01,implementation,1,agent,36.75000,42.15000,5.40000,,0
EXP-05,exp05_p01_m04_ro100_lh00,exact,phase,t04_part_02,specification,1,human,48.30000,49.05000,0.75000,48.30000,0.00000
EXP-05,exp05_p01_m04_ro100_lh00,exact,phase,t04_part_02,implementation,1,agent,49.05000,54.45000,5.40000,,0
EXP-05,exp05_p01_m04_ro100_lh00,exact,phase,t04_part_03,specification,1,human,42.15000,42.90000,0.75000,42.15000,0.00000
EXP-05,exp05_p01_m04_ro100_lh00,exact,phase,t04_part_03,implementation,1,agent,42.90000,48.30000,5.40000,,0
EXP-05,exp05_p01_m04_ro100_lh00,exact,phase,t04_part_04,specification,1,human,54.45000,55.20000,0.75000,54.45000,0.00000
EXP-05,exp05_p01_m04_ro100_lh00,exact,phase,t04_part_04,implementation,1,agent,55.20000,60.60000,5.40000,,0
EXP-05,exp05_p01_m04_ro100_lh00,exact,phase,t04_join,integration,1,agent,60.60000,64.20000,3.60000,,0
EXP-05,exp05_p01_m04_ro100_lh00,exact,phase,t04_join,acceptance,1,human,64.20000,67.20000,3.00000,64.20000,0.00000
EXP-05,exp05_p01_m04_ro100_lh05,baseline,phase,t01,human_1,1,human,12.00,12.75,0.75,12.00,0.00
EXP-05,exp05_p01_m04_ro100_lh05,baseline,phase,t01,agent_1,1,agent,12.75,17.25,4.50,,0
EXP-05,exp05_p01_m04_ro100_lh05,baseline,phase,t01,human_2,1,human,17.25,18.00,0.75,17.25,0.00
EXP-05,exp05_p01_m04_ro100_lh05,baseline,phase,t02,human_1,1,human,0,1.50,1.50,0,0
EXP-05,exp05_p01_m04_ro100_lh05,baseline,phase,t02,agent_1,1,agent,1.50,10.50,9.00,,0
EXP-05,exp05_p01_m04_ro100_lh05,baseline,phase,t02,human_2,1,human,10.50,12.00,1.50,10.50,0.00
EXP-05,exp05_p01_m04_ro100_lh05,baseline,phase,t03,human_1,1,human,18.00,20.25,2.25,18.00,0.00
EXP-05,exp05_p01_m04_ro100_lh05,baseline,phase,t03,agent_1,1,agent,20.25,33.75,13.50,,0
EXP-05,exp05_p01_m04_ro100_lh05,baseline,phase,t03,human_2,1,human,33.75,36.00,2.25,33.75,0.00
EXP-05,exp05_p01_m04_ro100_lh05,baseline,phase,t04_part_01,specification,1,human,36.00,37.200,1.200,36.00,0.00
EXP-05,exp05_p01_m04_ro100_lh05,baseline,phase,t04_part_01,implementation,1,agent,37.200,42.150,4.950,,0
EXP-05,exp05_p01_m04_ro100_lh05,baseline,phase,t04_part_02,specification,1,human,42.150,43.350,1.200,42.150,0.000
EXP-05,exp05_p01_m04_ro100_lh05,baseline,phase,t04_part_02,implementation,1,agent,43.350,48.300,4.950,,0
EXP-05,exp05_p01_m04_ro100_lh05,baseline,phase,t04_part_03,specification,1,human,48.300,49.500,1.200,48.300,0.000
EXP-05,exp05_p01_m04_ro100_lh05,baseline,phase,t04_part_03,implementation,1,agent,49.500,54.450,4.950,,0
EXP-05,exp05_p01_m04_ro100_lh05,baseline,phase,t04_part_04,specification,1,human,54.450,55.650,1.200,54.450,0.000
EXP-05,exp05_p01_m04_ro100_lh05,baseline,phase,t04_part_04,implementation,1,agent,55.650,60.600,4.950,,0
EXP-05,exp05_p01_m04_ro100_lh05,baseline,phase,t04_join,integration,1,agent,60.600,62.400,1.800,,0
EXP-05,exp05_p01_m04_ro100_lh05,baseline,phase,t04_join,acceptance,1,human,62.400,67.200,4.800,62.400,0.000
EXP-05,exp05_p01_m04_ro100_lh05,exact,phase,t01,human_1,1,human,12.00000,12.75000,0.75000,12.00000,0.00000
EXP-05,exp05_p01_m04_ro100_lh05,exact,phase,t01,agent_1,1,agent,12.75000,17.25000,4.50000,,0
EXP-05,exp05_p01_m04_ro100_lh05,exact,phase,t01,human_2,1,human,17.25000,18.00000,0.75000,17.25000,0.00000
EXP-05,exp05_p01_m04_ro100_lh05,exact,phase,t02,human_1,1,human,0.00000,1.50000,1.50000,0.00000,0.00000
EXP-05,exp05_p01_m04_ro100_lh05,exact,phase,t02,agent_1,1,agent,1.50000,10.50000,9.00000,,0
EXP-05,exp05_p01_m04_ro100_lh05,exact,phase,t02,human_2,1,human,10.50000,12.00000,1.50000,10.50000,0.00000
EXP-05,exp05_p01_m04_ro100_lh05,exact,phase,t03,human_1,1,human,18.00000,20.25000,2.25000,18.00000,0.00000
EXP-05,exp05_p01_m04_ro100_lh05,exact,phase,t03,agent_1,1,agent,20.25000,33.75000,13.50000,,0
EXP-05,exp05_p01_m04_ro100_lh05,exact,phase,t03,human_2,1,human,33.75000,36.00000,2.25000,33.75000,0.00000
EXP-05,exp05_p01_m04_ro100_lh05,exact,phase,t04_part_01,specification,1,human,36.00000,37.20000,1.20000,36.00000,0.00000
EXP-05,exp05_p01_m04_ro100_lh05,exact,phase,t04_part_01,implementation,1,agent,37.20000,42.15000,4.95000,,0
EXP-05,exp05_p01_m04_ro100_lh05,exact,phase,t04_part_02,specification,1,human,48.30000,49.50000,1.20000,48.30000,0.00000
EXP-05,exp05_p01_m04_ro100_lh05,exact,phase,t04_part_02,implementation,1,agent,49.50000,54.45000,4.95000,,0
EXP-05,exp05_p01_m04_ro100_lh05,exact,phase,t04_part_03,specification,1,human,42.15000,43.35000,1.20000,42.15000,0.00000
EXP-05,exp05_p01_m04_ro100_lh05,exact,phase,t04_part_03,implementation,1,agent,43.35000,48.30000,4.95000,,0
EXP-05,exp05_p01_m04_ro100_lh05,exact,phase,t04_part_04,specification,1,human,54.45000,55.65000,1.20000,54.45000,0.00000
EXP-05,exp05_p01_m04_ro100_lh05,exact,phase,t04_part_04,implementation,1,agent,55.65000,60.60000,4.95000,,0
EXP-05,exp05_p01_m04_ro100_lh05,exact,phase,t04_join,integration,1,agent,60.60000,62.40000,1.80000,,0
EXP-05,exp05_p01_m04_ro100_lh05,exact,phase,t04_join,acceptance,1,human,62.40000,67.20000,4.80000,62.40000,0.00000
EXP-05,exp05_p01_m06_ro000_lh00,baseline,phase,t01,human_1,1,human,12.00,12.75,0.75,12.00,0.00
EXP-05,exp05_p01_m06_ro000_lh00,baseline,phase,t01,agent_1,1,agent,12.75,17.25,4.50,,0
EXP-05,exp05_p01_m06_ro000_lh00,baseline,phase,t01,human_2,1,human,17.25,18.00,0.75,17.25,0.00
EXP-05,exp05_p01_m06_ro000_lh00,baseline,phase,t02,human_1,1,human,0,1.50,1.50,0,0
EXP-05,exp05_p01_m06_ro000_lh00,baseline,phase,t02,agent_1,1,agent,1.50,10.50,9.00,,0
EXP-05,exp05_p01_m06_ro000_lh00,baseline,phase,t02,human_2,1,human,10.50,12.00,1.50,10.50,0.00
EXP-05,exp05_p01_m06_ro000_lh00,baseline,phase,t03,human_1,1,human,18.00,20.25,2.25,18.00,0.00
EXP-05,exp05_p01_m06_ro000_lh00,baseline,phase,t03,agent_1,1,agent,20.25,33.75,13.50,,0
EXP-05,exp05_p01_m06_ro000_lh00,baseline,phase,t03,human_2,1,human,33.75,36.00,2.25,33.75,0.00
EXP-05,exp05_p01_m06_ro000_lh00,baseline,phase,t04_part_01,specification,1,human,36.00,36.50,0.50,36.00,0.00
EXP-05,exp05_p01_m06_ro000_lh00,baseline,phase,t04_part_01,implementation,1,agent,36.50,39.50,3.00,,0
EXP-05,exp05_p01_m06_ro000_lh00,baseline,phase,t04_part_02,specification,1,human,39.50,40.00,0.50,39.50,0.00
EXP-05,exp05_p01_m06_ro000_lh00,baseline,phase,t04_part_02,implementation,1,agent,40.00,43.00,3.00,,0
EXP-05,exp05_p01_m06_ro000_lh00,baseline,phase,t04_part_03,specification,1,human,43.00,43.50,0.50,43.00,0.00
EXP-05,exp05_p01_m06_ro000_lh00,baseline,phase,t04_part_03,implementation,1,agent,43.50,46.50,3.00,,0
EXP-05,exp05_p01_m06_ro000_lh00,baseline,phase,t04_part_04,specification,1,human,46.50,47.00,0.50,46.50,0.00
EXP-05,exp05_p01_m06_ro000_lh00,baseline,phase,t04_part_04,implementation,1,agent,47.00,50.00,3.00,,0
EXP-05,exp05_p01_m06_ro000_lh00,baseline,phase,t04_part_05,specification,1,human,50.00,50.50,0.50,50.00,0.00
EXP-05,exp05_p01_m06_ro000_lh00,baseline,phase,t04_part_05,implementation,1,agent,50.50,53.50,3.00,,0
EXP-05,exp05_p01_m06_ro000_lh00,baseline,phase,t04_part_06,specification,1,human,53.50,54.00,0.50,53.50,0.00
EXP-05,exp05_p01_m06_ro000_lh00,baseline,phase,t04_part_06,implementation,1,agent,54.00,57.00,3.00,,0
EXP-05,exp05_p01_m06_ro000_lh00,baseline,phase,t04_join,acceptance,1,human,57.00,60.00,3.00,57.00,0.00
EXP-05,exp05_p01_m06_ro000_lh00,exact,phase,t01,human_1,1,human,12.00000,12.75000,0.75000,12.00000,0.00000
EXP-05,exp05_p01_m06_ro000_lh00,exact,phase,t01,agent_1,1,agent,12.75000,17.25000,4.50000,,0
EXP-05,exp05_p01_m06_ro000_lh00,exact,phase,t01,human_2,1,human,17.25000,18.00000,0.75000,17.25000,0.00000
EXP-05,exp05_p01_m06_ro000_lh00,exact,phase,t02,human_1,1,human,0.00000,1.50000,1.50000,0.00000,0.00000
EXP-05,exp05_p01_m06_ro000_lh00,exact,phase,t02,agent_1,1,agent,1.50000,10.50000,9.00000,,0
EXP-05,exp05_p01_m06_ro000_lh00,exact,phase,t02,human_2,1,human,10.50000,12.00000,1.50000,10.50000,0.00000
EXP-05,exp05_p01_m06_ro000_lh00,exact,phase,t03,human_1,1,human,18.00000,20.25000,2.25000,18.00000,0.00000
EXP-05,exp05_p01_m06_ro000_lh00,exact,phase,t03,agent_1,1,agent,20.25000,33.75000,13.50000,,0
EXP-05,exp05_p01_m06_ro000_lh00,exact,phase,t03,human_2,1,human,33.75000,36.00000,2.25000,33.75000,0.00000
EXP-05,exp05_p01_m06_ro000_lh00,exact,phase,t04_part_01,specification,1,human,43.00000,43.50000,0.50000,43.00000,0.00000
EXP-05,exp05_p01_m06_ro000_lh00,exact,phase,t04_part_01,implementation,1,agent,43.50000,46.50000,3.00000,,0
EXP-05,exp05_p01_m06_ro000_lh00,exact,phase,t04_part_02,specification,1,human,46.50000,47.00000,0.50000,46.50000,0.00000
EXP-05,exp05_p01_m06_ro000_lh00,exact,phase,t04_part_02,implementation,1,agent,47.00000,50.00000,3.00000,,0
EXP-05,exp05_p01_m06_ro000_lh00,exact,phase,t04_part_03,specification,1,human,53.50000,54.00000,0.50000,53.50000,0.00000
EXP-05,exp05_p01_m06_ro000_lh00,exact,phase,t04_part_03,implementation,1,agent,54.00000,57.00000,3.00000,,0
EXP-05,exp05_p01_m06_ro000_lh00,exact,phase,t04_part_04,specification,1,human,36.00000,36.50000,0.50000,36.00000,0.00000
EXP-05,exp05_p01_m06_ro000_lh00,exact,phase,t04_part_04,implementation,1,agent,36.50000,39.50000,3.00000,,0
EXP-05,exp05_p01_m06_ro000_lh00,exact,phase,t04_part_05,specification,1,human,39.50000,40.00000,0.50000,39.50000,0.00000
EXP-05,exp05_p01_m06_ro000_lh00,exact,phase,t04_part_05,implementation,1,agent,40.00000,43.00000,3.00000,,0
EXP-05,exp05_p01_m06_ro000_lh00,exact,phase,t04_part_06,specification,1,human,50.00000,50.50000,0.50000,50.00000,0.00000
EXP-05,exp05_p01_m06_ro000_lh00,exact,phase,t04_part_06,implementation,1,agent,50.50000,53.50000,3.00000,,0
EXP-05,exp05_p01_m06_ro000_lh00,exact,phase,t04_join,acceptance,1,human,57.00000,60.00000,3.00000,57.00000,0.00000
EXP-05,exp05_p01_m06_ro050_lh00,baseline,phase,t01,human_1,1,human,12.00,12.75,0.75,12.00,0.00
EXP-05,exp05_p01_m06_ro050_lh00,baseline,phase,t01,agent_1,1,agent,12.75,17.25,4.50,,0
EXP-05,exp05_p01_m06_ro050_lh00,baseline,phase,t01,human_2,1,human,17.25,18.00,0.75,17.25,0.00
EXP-05,exp05_p01_m06_ro050_lh00,baseline,phase,t02,human_1,1,human,0,1.50,1.50,0,0
EXP-05,exp05_p01_m06_ro050_lh00,baseline,phase,t02,agent_1,1,agent,1.50,10.50,9.00,,0
EXP-05,exp05_p01_m06_ro050_lh00,baseline,phase,t02,human_2,1,human,10.50,12.00,1.50,10.50,0.00
EXP-05,exp05_p01_m06_ro050_lh00,baseline,phase,t03,human_1,1,human,18.00,20.25,2.25,18.00,0.00
EXP-05,exp05_p01_m06_ro050_lh00,baseline,phase,t03,agent_1,1,agent,20.25,33.75,13.50,,0
EXP-05,exp05_p01_m06_ro050_lh00,baseline,phase,t03,human_2,1,human,33.75,36.00,2.25,33.75,0.00
EXP-05,exp05_p01_m06_ro050_lh00,baseline,phase,t04_part_01,specification,1,human,36.00,36.50,0.50,36.00,0.00
EXP-05,exp05_p01_m06_ro050_lh00,baseline,phase,t04_part_01,implementation,1,agent,36.50,40.00,3.50,,0
EXP-05,exp05_p01_m06_ro050_lh00,baseline,phase,t04_part_02,specification,1,human,40.00,40.50,0.50,40.00,0.00
EXP-05,exp05_p01_m06_ro050_lh00,baseline,phase,t04_part_02,implementation,1,agent,40.50,44.00,3.50,,0
EXP-05,exp05_p01_m06_ro050_lh00,baseline,phase,t04_part_03,specification,1,human,44.00,44.50,0.50,44.00,0.00
EXP-05,exp05_p01_m06_ro050_lh00,baseline,phase,t04_part_03,implementation,1,agent,44.50,48.00,3.50,,0
EXP-05,exp05_p01_m06_ro050_lh00,baseline,phase,t04_part_04,specification,1,human,48.00,48.50,0.50,48.00,0.00
EXP-05,exp05_p01_m06_ro050_lh00,baseline,phase,t04_part_04,implementation,1,agent,48.50,52.00,3.50,,0
EXP-05,exp05_p01_m06_ro050_lh00,baseline,phase,t04_part_05,specification,1,human,52.00,52.50,0.50,52.00,0.00
EXP-05,exp05_p01_m06_ro050_lh00,baseline,phase,t04_part_05,implementation,1,agent,52.50,56.00,3.50,,0
EXP-05,exp05_p01_m06_ro050_lh00,baseline,phase,t04_part_06,specification,1,human,56.00,56.50,0.50,56.00,0.00
EXP-05,exp05_p01_m06_ro050_lh00,baseline,phase,t04_part_06,implementation,1,agent,56.50,60.00,3.50,,0
EXP-05,exp05_p01_m06_ro050_lh00,baseline,phase,t04_join,integration,1,agent,60.00,63.00,3.00,,0
EXP-05,exp05_p01_m06_ro050_lh00,baseline,phase,t04_join,acceptance,1,human,63.00,66.00,3.00,63.00,0.00
EXP-05,exp05_p01_m06_ro050_lh00,exact,phase,t01,human_1,1,human,12.00000,12.75000,0.75000,12.00000,0.00000
EXP-05,exp05_p01_m06_ro050_lh00,exact,phase,t01,agent_1,1,agent,12.75000,17.25000,4.50000,,0
EXP-05,exp05_p01_m06_ro050_lh00,exact,phase,t01,human_2,1,human,17.25000,18.00000,0.75000,17.25000,0.00000
EXP-05,exp05_p01_m06_ro050_lh00,exact,phase,t02,human_1,1,human,0.00000,1.50000,1.50000,0.00000,0.00000
EXP-05,exp05_p01_m06_ro050_lh00,exact,phase,t02,agent_1,1,agent,1.50000,10.50000,9.00000,,0
EXP-05,exp05_p01_m06_ro050_lh00,exact,phase,t02,human_2,1,human,10.50000,12.00000,1.50000,10.50000,0.00000
EXP-05,exp05_p01_m06_ro050_lh00,exact,phase,t03,human_1,1,human,18.00000,20.25000,2.25000,18.00000,0.00000
EXP-05,exp05_p01_m06_ro050_lh00,exact,phase,t03,agent_1,1,agent,20.25000,33.75000,13.50000,,0
EXP-05,exp05_p01_m06_ro050_lh00,exact,phase,t03,human_2,1,human,33.75000,36.00000,2.25000,33.75000,0.00000
EXP-05,exp05_p01_m06_ro050_lh00,exact,phase,t04_part_01,specification,1,human,36.00000,36.50000,0.50000,36.00000,0.00000
EXP-05,exp05_p01_m06_ro050_lh00,exact,phase,t04_part_01,implementation,1,agent,36.50000,40.00000,3.50000,,0
EXP-05,exp05_p01_m06_ro050_lh00,exact,phase,t04_part_02,specification,1,human,44.00000,44.50000,0.50000,44.00000,0.00000
EXP-05,exp05_p01_m06_ro050_lh00,exact,phase,t04_part_02,implementation,1,agent,44.50000,48.00000,3.50000,,0
EXP-05,exp05_p01_m06_ro050_lh00,exact,phase,t04_part_03,specification,1,human,48.00000,48.50000,0.50000,48.00000,0.00000
EXP-05,exp05_p01_m06_ro050_lh00,exact,phase,t04_part_03,implementation,1,agent,48.50000,52.00000,3.50000,,0
EXP-05,exp05_p01_m06_ro050_lh00,exact,phase,t04_part_04,specification,1,human,40.00000,40.50000,0.50000,40.00000,0.00000
EXP-05,exp05_p01_m06_ro050_lh00,exact,phase,t04_part_04,implementation,1,agent,40.50000,44.00000,3.50000,,0
EXP-05,exp05_p01_m06_ro050_lh00,exact,phase,t04_part_05,specification,1,human,52.00000,52.50000,0.50000,52.00000,0.00000
EXP-05,exp05_p01_m06_ro050_lh00,exact,phase,t04_part_05,implementation,1,agent,52.50000,56.00000,3.50000,,0
EXP-05,exp05_p01_m06_ro050_lh00,exact,phase,t04_part_06,specification,1,human,56.00000,56.50000,0.50000,56.00000,0.00000
EXP-05,exp05_p01_m06_ro050_lh00,exact,phase,t04_part_06,implementation,1,agent,56.50000,60.00000,3.50000,,0
EXP-05,exp05_p01_m06_ro050_lh00,exact,phase,t04_join,integration,1,agent,60.00000,63.00000,3.00000,,0
EXP-05,exp05_p01_m06_ro050_lh00,exact,phase,t04_join,acceptance,1,human,63.00000,66.00000,3.00000,63.00000,0.00000
EXP-05,exp05_p01_m06_ro050_lh05,baseline,phase,t01,human_1,1,human,12.00,12.75,0.75,12.00,0.00
EXP-05,exp05_p01_m06_ro050_lh05,baseline,phase,t01,agent_1,1,agent,12.75,17.25,4.50,,0
EXP-05,exp05_p01_m06_ro050_lh05,baseline,phase,t01,human_2,1,human,17.25,18.00,0.75,17.25,0.00
EXP-05,exp05_p01_m06_ro050_lh05,baseline,phase,t02,human_1,1,human,0,1.50,1.50,0,0
EXP-05,exp05_p01_m06_ro050_lh05,baseline,phase,t02,agent_1,1,agent,1.50,10.50,9.00,,0
EXP-05,exp05_p01_m06_ro050_lh05,baseline,phase,t02,human_2,1,human,10.50,12.00,1.50,10.50,0.00
EXP-05,exp05_p01_m06_ro050_lh05,baseline,phase,t03,human_1,1,human,18.00,20.25,2.25,18.00,0.00
EXP-05,exp05_p01_m06_ro050_lh05,baseline,phase,t03,agent_1,1,agent,20.25,33.75,13.50,,0
EXP-05,exp05_p01_m06_ro050_lh05,baseline,phase,t03,human_2,1,human,33.75,36.00,2.25,33.75,0.00
EXP-05,exp05_p01_m06_ro050_lh05,baseline,phase,t04_part_01,specification,1,human,36.00,36.750,0.750,36.00,0.00
EXP-05,exp05_p01_m06_ro050_lh05,baseline,phase,t04_part_01,implementation,1,agent,36.750,40.000,3.250,,0
EXP-05,exp05_p01_m06_ro050_lh05,baseline,phase,t04_part_02,specification,1,human,40.000,40.750,0.750,40.000,0.000
EXP-05,exp05_p01_m06_ro050_lh05,baseline,phase,t04_part_02,implementation,1,agent,40.750,44.000,3.250,,0
EXP-05,exp05_p01_m06_ro050_lh05,baseline,phase,t04_part_03,specification,1,human,44.000,44.750,0.750,44.000,0.000
EXP-05,exp05_p01_m06_ro050_lh05,baseline,phase,t04_part_03,implementation,1,agent,44.750,48.000,3.250,,0
EXP-05,exp05_p01_m06_ro050_lh05,baseline,phase,t04_part_04,specification,1,human,48.000,48.750,0.750,48.000,0.000
EXP-05,exp05_p01_m06_ro050_lh05,baseline,phase,t04_part_04,implementation,1,agent,48.750,52.000,3.250,,0
EXP-05,exp05_p01_m06_ro050_lh05,baseline,phase,t04_part_05,specification,1,human,52.000,52.750,0.750,52.000,0.000
EXP-05,exp05_p01_m06_ro050_lh05,baseline,phase,t04_part_05,implementation,1,agent,52.750,56.000,3.250,,0
EXP-05,exp05_p01_m06_ro050_lh05,baseline,phase,t04_part_06,specification,1,human,56.000,56.750,0.750,56.000,0.000
EXP-05,exp05_p01_m06_ro050_lh05,baseline,phase,t04_part_06,implementation,1,agent,56.750,60.000,3.250,,0
EXP-05,exp05_p01_m06_ro050_lh05,baseline,phase,t04_join,integration,1,agent,60.000,61.500,1.500,,0
EXP-05,exp05_p01_m06_ro050_lh05,baseline,phase,t04_join,acceptance,1,human,61.500,66.000,4.500,61.500,0.000
EXP-05,exp05_p01_m06_ro050_lh05,exact,phase,t01,human_1,1,human,12.00000,12.75000,0.75000,12.00000,0.00000
EXP-05,exp05_p01_m06_ro050_lh05,exact,phase,t01,agent_1,1,agent,12.75000,17.25000,4.50000,,0
EXP-05,exp05_p01_m06_ro050_lh05,exact,phase,t01,human_2,1,human,17.25000,18.00000,0.75000,17.25000,0.00000
EXP-05,exp05_p01_m06_ro050_lh05,exact,phase,t02,human_1,1,human,0.00000,1.50000,1.50000,0.00000,0.00000
EXP-05,exp05_p01_m06_ro050_lh05,exact,phase,t02,agent_1,1,agent,1.50000,10.50000,9.00000,,0
EXP-05,exp05_p01_m06_ro050_lh05,exact,phase,t02,human_2,1,human,10.50000,12.00000,1.50000,10.50000,0.00000
EXP-05,exp05_p01_m06_ro050_lh05,exact,phase,t03,human_1,1,human,18.00000,20.25000,2.25000,18.00000,0.00000
EXP-05,exp05_p01_m06_ro050_lh05,exact,phase,t03,agent_1,1,agent,20.25000,33.75000,13.50000,,0
EXP-05,exp05_p01_m06_ro050_lh05,exact,phase,t03,human_2,1,human,33.75000,36.00000,2.25000,33.75000,0.00000
EXP-05,exp05_p01_m06_ro050_lh05,exact,phase,t04_part_01,specification,1,human,36.00000,36.75000,0.75000,36.00000,0.00000
EXP-05,exp05_p01_m06_ro050_lh05,exact,phase,t04_part_01,implementation,1,agent,36.75000,40.00000,3.25000,,0
EXP-05,exp05_p01_m06_ro050_lh05,exact,phase,t04_part_02,specification,1,human,44.00000,44.75000,0.75000,44.00000,0.00000
EXP-05,exp05_p01_m06_ro050_lh05,exact,phase,t04_part_02,implementation,1,agent,44.75000,48.00000,3.25000,,0
EXP-05,exp05_p01_m06_ro050_lh05,exact,phase,t04_part_03,specification,1,human,48.00000,48.75000,0.75000,48.00000,0.00000
EXP-05,exp05_p01_m06_ro050_lh05,exact,phase,t04_part_03,implementation,1,agent,48.75000,52.00000,3.25000,,0
EXP-05,exp05_p01_m06_ro050_lh05,exact,phase,t04_part_04,specification,1,human,40.00000,40.75000,0.75000,40.00000,0.00000
EXP-05,exp05_p01_m06_ro050_lh05,exact,phase,t04_part_04,implementation,1,agent,40.75000,44.00000,3.25000,,0
EXP-05,exp05_p01_m06_ro050_lh05,exact,phase,t04_part_05,specification,1,human,52.00000,52.75000,0.75000,52.00000,0.00000
EXP-05,exp05_p01_m06_ro050_lh05,exact,phase,t04_part_05,implementation,1,agent,52.75000,56.00000,3.25000,,0
EXP-05,exp05_p01_m06_ro050_lh05,exact,phase,t04_part_06,specification,1,human,56.00000,56.75000,0.75000,56.00000,0.00000
EXP-05,exp05_p01_m06_ro050_lh05,exact,phase,t04_part_06,implementation,1,agent,56.75000,60.00000,3.25000,,0
EXP-05,exp05_p01_m06_ro050_lh05,exact,phase,t04_join,integration,1,agent,60.00000,61.50000,1.50000,,0
EXP-05,exp05_p01_m06_ro050_lh05,exact,phase,t04_join,acceptance,1,human,61.50000,66.00000,4.50000,61.50000,0.00000
EXP-05,exp05_p01_m06_ro100_lh00,baseline,phase,t01,human_1,1,human,12.00,12.75,0.75,12.00,0.00
EXP-05,exp05_p01_m06_ro100_lh00,baseline,phase,t01,agent_1,1,agent,12.75,17.25,4.50,,0
EXP-05,exp05_p01_m06_ro100_lh00,baseline,phase,t01,human_2,1,human,17.25,18.00,0.75,17.25,0.00
EXP-05,exp05_p01_m06_ro100_lh00,baseline,phase,t02,human_1,1,human,0,1.50,1.50,0,0
EXP-05,exp05_p01_m06_ro100_lh00,baseline,phase,t02,agent_1,1,agent,1.50,10.50,9.00,,0
EXP-05,exp05_p01_m06_ro100_lh00,baseline,phase,t02,human_2,1,human,10.50,12.00,1.50,10.50,0.00
EXP-05,exp05_p01_m06_ro100_lh00,baseline,phase,t03,human_1,1,human,18.00,20.25,2.25,18.00,0.00
EXP-05,exp05_p01_m06_ro100_lh00,baseline,phase,t03,agent_1,1,agent,20.25,33.75,13.50,,0
EXP-05,exp05_p01_m06_ro100_lh00,baseline,phase,t03,human_2,1,human,33.75,36.00,2.25,33.75,0.00
EXP-05,exp05_p01_m06_ro100_lh00,baseline,phase,t04_part_01,specification,1,human,36.00,36.50,0.50,36.00,0.00
EXP-05,exp05_p01_m06_ro100_lh00,baseline,phase,t04_part_01,implementation,1,agent,36.50,40.50,4.00,,0
EXP-05,exp05_p01_m06_ro100_lh00,baseline,phase,t04_part_02,specification,1,human,40.50,41.00,0.50,40.50,0.00
EXP-05,exp05_p01_m06_ro100_lh00,baseline,phase,t04_part_02,implementation,1,agent,41.00,45.00,4.00,,0
EXP-05,exp05_p01_m06_ro100_lh00,baseline,phase,t04_part_03,specification,1,human,45.00,45.50,0.50,45.00,0.00
EXP-05,exp05_p01_m06_ro100_lh00,baseline,phase,t04_part_03,implementation,1,agent,45.50,49.50,4.00,,0
EXP-05,exp05_p01_m06_ro100_lh00,baseline,phase,t04_part_04,specification,1,human,49.50,50.00,0.50,49.50,0.00
EXP-05,exp05_p01_m06_ro100_lh00,baseline,phase,t04_part_04,implementation,1,agent,50.00,54.00,4.00,,0
EXP-05,exp05_p01_m06_ro100_lh00,baseline,phase,t04_part_05,specification,1,human,54.00,54.50,0.50,54.00,0.00
EXP-05,exp05_p01_m06_ro100_lh00,baseline,phase,t04_part_05,implementation,1,agent,54.50,58.50,4.00,,0
EXP-05,exp05_p01_m06_ro100_lh00,baseline,phase,t04_part_06,specification,1,human,58.50,59.00,0.50,58.50,0.00
EXP-05,exp05_p01_m06_ro100_lh00,baseline,phase,t04_part_06,implementation,1,agent,59.00,63.00,4.00,,0
EXP-05,exp05_p01_m06_ro100_lh00,baseline,phase,t04_join,integration,1,agent,63.00,69.00,6.00,,0
EXP-05,exp05_p01_m06_ro100_lh00,baseline,phase,t04_join,acceptance,1,human,69.00,72.00,3.00,69.00,0.00
EXP-05,exp05_p01_m06_ro100_lh00,exact,phase,t01,human_1,1,human,12.00000,12.75000,0.75000,12.00000,0.00000
EXP-05,exp05_p01_m06_ro100_lh00,exact,phase,t01,agent_1,1,agent,12.75000,17.25000,4.50000,,0
EXP-05,exp05_p01_m06_ro100_lh00,exact,phase,t01,human_2,1,human,17.25000,18.00000,0.75000,17.25000,0.00000
EXP-05,exp05_p01_m06_ro100_lh00,exact,phase,t02,human_1,1,human,0.00000,1.50000,1.50000,0.00000,0.00000
EXP-05,exp05_p01_m06_ro100_lh00,exact,phase,t02,agent_1,1,agent,1.50000,10.50000,9.00000,,0
EXP-05,exp05_p01_m06_ro100_lh00,exact,phase,t02,human_2,1,human,10.50000,12.00000,1.50000,10.50000,0.00000
EXP-05,exp05_p01_m06_ro100_lh00,exact,phase,t03,human_1,1,human,18.00000,20.25000,2.25000,18.00000,0.00000
EXP-05,exp05_p01_m06_ro100_lh00,exact,phase,t03,agent_1,1,agent,20.25000,33.75000,13.50000,,0
EXP-05,exp05_p01_m06_ro100_lh00,exact,phase,t03,human_2,1,human,33.75000,36.00000,2.25000,33.75000,0.00000
EXP-05,exp05_p01_m06_ro100_lh00,exact,phase,t04_part_01,specification,1,human,36.00000,36.50000,0.50000,36.00000,0.00000
EXP-05,exp05_p01_m06_ro100_lh00,exact,phase,t04_part_01,implementation,1,agent,36.50000,40.50000,4.00000,,0
EXP-05,exp05_p01_m06_ro100_lh00,exact,phase,t04_part_02,specification,1,human,54.00000,54.50000,0.50000,54.00000,0.00000
EXP-05,exp05_p01_m06_ro100_lh00,exact,phase,t04_part_02,implementation,1,agent,54.50000,58.50000,4.00000,,0
EXP-05,exp05_p01_m06_ro100_lh00,exact,phase,t04_part_03,specification,1,human,58.50000,59.00000,0.50000,58.50000,0.00000
EXP-05,exp05_p01_m06_ro100_lh00,exact,phase,t04_part_03,implementation,1,agent,59.00000,63.00000,4.00000,,0
EXP-05,exp05_p01_m06_ro100_lh00,exact,phase,t04_part_04,specification,1,human,40.50000,41.00000,0.50000,40.50000,0.00000
EXP-05,exp05_p01_m06_ro100_lh00,exact,phase,t04_part_04,implementation,1,agent,41.00000,45.00000,4.00000,,0
EXP-05,exp05_p01_m06_ro100_lh00,exact,phase,t04_part_05,specification,1,human,45.00000,45.50000,0.50000,45.00000,0.00000
EXP-05,exp05_p01_m06_ro100_lh00,exact,phase,t04_part_05,implementation,1,agent,45.50000,49.50000,4.00000,,0
EXP-05,exp05_p01_m06_ro100_lh00,exact,phase,t04_part_06,specification,1,human,49.50000,50.00000,0.50000,49.50000,0.00000
EXP-05,exp05_p01_m06_ro100_lh00,exact,phase,t04_part_06,implementation,1,agent,50.00000,54.00000,4.00000,,0
EXP-05,exp05_p01_m06_ro100_lh00,exact,phase,t04_join,integration,1,agent,63.00000,69.00000,6.00000,,0
EXP-05,exp05_p01_m06_ro100_lh00,exact,phase,t04_join,acceptance,1,human,69.00000,72.00000,3.00000,69.00000,0.00000
EXP-05,exp05_p01_m06_ro100_lh05,baseline,phase,t01,human_1,1,human,12.00,12.75,0.75,12.00,0.00
EXP-05,exp05_p01_m06_ro100_lh05,baseline,phase,t01,agent_1,1,agent,12.75,17.25,4.50,,0
EXP-05,exp05_p01_m06_ro100_lh05,baseline,phase,t01,human_2,1,human,17.25,18.00,0.75,17.25,0.00
EXP-05,exp05_p01_m06_ro100_lh05,baseline,phase,t02,human_1,1,human,0,1.50,1.50,0,0
EXP-05,exp05_p01_m06_ro100_lh05,baseline,phase,t02,agent_1,1,agent,1.50,10.50,9.00,,0
EXP-05,exp05_p01_m06_ro100_lh05,baseline,phase,t02,human_2,1,human,10.50,12.00,1.50,10.50,0.00
EXP-05,exp05_p01_m06_ro100_lh05,baseline,phase,t03,human_1,1,human,18.00,20.25,2.25,18.00,0.00
EXP-05,exp05_p01_m06_ro100_lh05,baseline,phase,t03,agent_1,1,agent,20.25,33.75,13.50,,0
EXP-05,exp05_p01_m06_ro100_lh05,baseline,phase,t03,human_2,1,human,33.75,36.00,2.25,33.75,0.00
EXP-05,exp05_p01_m06_ro100_lh05,baseline,phase,t04_part_01,specification,1,human,36.00,37.000,1.000,36.00,0.00
EXP-05,exp05_p01_m06_ro100_lh05,baseline,phase,t04_part_01,implementation,1,agent,37.000,40.500,3.500,,0
EXP-05,exp05_p01_m06_ro100_lh05,baseline,phase,t04_part_02,specification,1,human,40.500,41.500,1.000,40.500,0.000
EXP-05,exp05_p01_m06_ro100_lh05,baseline,phase,t04_part_02,implementation,1,agent,41.500,45.000,3.500,,0
EXP-05,exp05_p01_m06_ro100_lh05,baseline,phase,t04_part_03,specification,1,human,45.000,46.000,1.000,45.000,0.000
EXP-05,exp05_p01_m06_ro100_lh05,baseline,phase,t04_part_03,implementation,1,agent,46.000,49.500,3.500,,0
EXP-05,exp05_p01_m06_ro100_lh05,baseline,phase,t04_part_04,specification,1,human,49.500,50.500,1.000,49.500,0.000
EXP-05,exp05_p01_m06_ro100_lh05,baseline,phase,t04_part_04,implementation,1,agent,50.500,54.000,3.500,,0
EXP-05,exp05_p01_m06_ro100_lh05,baseline,phase,t04_part_05,specification,1,human,54.000,55.000,1.000,54.000,0.000
EXP-05,exp05_p01_m06_ro100_lh05,baseline,phase,t04_part_05,implementation,1,agent,55.000,58.500,3.500,,0
EXP-05,exp05_p01_m06_ro100_lh05,baseline,phase,t04_part_06,specification,1,human,58.500,59.500,1.000,58.500,0.000
EXP-05,exp05_p01_m06_ro100_lh05,baseline,phase,t04_part_06,implementation,1,agent,59.500,63.000,3.500,,0
EXP-05,exp05_p01_m06_ro100_lh05,baseline,phase,t04_join,integration,1,agent,63.000,66.000,3.000,,0
EXP-05,exp05_p01_m06_ro100_lh05,baseline,phase,t04_join,acceptance,1,human,66.000,72.000,6.000,66.000,0.000
EXP-05,exp05_p01_m06_ro100_lh05,exact,phase,t01,human_1,1,human,12.00000,12.75000,0.75000,12.00000,0.00000
EXP-05,exp05_p01_m06_ro100_lh05,exact,phase,t01,agent_1,1,agent,12.75000,17.25000,4.50000,,0
EXP-05,exp05_p01_m06_ro100_lh05,exact,phase,t01,human_2,1,human,17.25000,18.00000,0.75000,17.25000,0.00000
EXP-05,exp05_p01_m06_ro100_lh05,exact,phase,t02,human_1,1,human,0.00000,1.50000,1.50000,0.00000,0.00000
EXP-05,exp05_p01_m06_ro100_lh05,exact,phase,t02,agent_1,1,agent,1.50000,10.50000,9.00000,,0
EXP-05,exp05_p01_m06_ro100_lh05,exact,phase,t02,human_2,1,human,10.50000,12.00000,1.50000,10.50000,0.00000
EXP-05,exp05_p01_m06_ro100_lh05,exact,phase,t03,human_1,1,human,18.00000,20.25000,2.25000,18.00000,0.00000
EXP-05,exp05_p01_m06_ro100_lh05,exact,phase,t03,agent_1,1,agent,20.25000,33.75000,13.50000,,0
EXP-05,exp05_p01_m06_ro100_lh05,exact,phase,t03,human_2,1,human,33.75000,36.00000,2.25000,33.75000,0.00000
EXP-05,exp05_p01_m06_ro100_lh05,exact,phase,t04_part_01,specification,1,human,36.00000,37.00000,1.00000,36.00000,0.00000
EXP-05,exp05_p01_m06_ro100_lh05,exact,phase,t04_part_01,implementation,1,agent,37.00000,40.50000,3.50000,,0
EXP-05,exp05_p01_m06_ro100_lh05,exact,phase,t04_part_02,specification,1,human,54.00000,55.00000,1.00000,54.00000,0.00000
EXP-05,exp05_p01_m06_ro100_lh05,exact,phase,t04_part_02,implementation,1,agent,55.00000,58.50000,3.50000,,0
EXP-05,exp05_p01_m06_ro100_lh05,exact,phase,t04_part_03,specification,1,human,58.50000,59.50000,1.00000,58.50000,0.00000
EXP-05,exp05_p01_m06_ro100_lh05,exact,phase,t04_part_03,implementation,1,agent,59.50000,63.00000,3.50000,,0
EXP-05,exp05_p01_m06_ro100_lh05,exact,phase,t04_part_04,specification,1,human,40.50000,41.50000,1.00000,40.50000,0.00000
EXP-05,exp05_p01_m06_ro100_lh05,exact,phase,t04_part_04,implementation,1,agent,41.50000,45.00000,3.50000,,0
EXP-05,exp05_p01_m06_ro100_lh05,exact,phase,t04_part_05,specification,1,human,45.00000,46.00000,1.00000,45.00000,0.00000
EXP-05,exp05_p01_m06_ro100_lh05,exact,phase,t04_part_05,implementation,1,agent,46.00000,49.50000,3.50000,,0
EXP-05,exp05_p01_m06_ro100_lh05,exact,phase,t04_part_06,specification,1,human,49.50000,50.50000,1.00000,49.50000,0.00000
EXP-05,exp05_p01_m06_ro100_lh05,exact,phase,t04_part_06,implementation,1,agent,50.50000,54.00000,3.50000,,0
EXP-05,exp05_p01_m06_ro100_lh05,exact,phase,t04_join,integration,1,agent,63.00000,66.00000,3.00000,,0
EXP-05,exp05_p01_m06_ro100_lh05,exact,phase,t04_join,acceptance,1,human,66.00000,72.00000,6.00000,66.00000,0.00000
EXP-05,exp05_p01_m08_ro000_lh00,baseline,phase,t01,human_1,1,human,12.00,12.75,0.75,12.00,0.00
EXP-05,exp05_p01_m08_ro000_lh00,baseline,phase,t01,agent_1,1,agent,12.75,17.25,4.50,,0
EXP-05,exp05_p01_m08_ro000_lh00,baseline,phase,t01,human_2,1,human,17.25,18.00,0.75,17.25,0.00
EXP-05,exp05_p01_m08_ro000_lh00,baseline,phase,t02,human_1,1,human,0,1.50,1.50,0,0
EXP-05,exp05_p01_m08_ro000_lh00,baseline,phase,t02,agent_1,1,agent,1.50,10.50,9.00,,0
EXP-05,exp05_p01_m08_ro000_lh00,baseline,phase,t02,human_2,1,human,10.50,12.00,1.50,10.50,0.00
EXP-05,exp05_p01_m08_ro000_lh00,baseline,phase,t03,human_1,1,human,18.00,20.25,2.25,18.00,0.00
EXP-05,exp05_p01_m08_ro000_lh00,baseline,phase,t03,agent_1,1,agent,20.25,33.75,13.50,,0
EXP-05,exp05_p01_m08_ro000_lh00,baseline,phase,t03,human_2,1,human,33.75,36.00,2.25,33.75,0.00
EXP-05,exp05_p01_m08_ro000_lh00,baseline,phase,t04_part_01,specification,1,human,36.00,36.375,0.375,36.00,0.00
EXP-05,exp05_p01_m08_ro000_lh00,baseline,phase,t04_part_01,implementation,1,agent,36.375,38.625,2.250,,0
EXP-05,exp05_p01_m08_ro000_lh00,baseline,phase,t04_part_02,specification,1,human,38.625,39.000,0.375,38.625,0.000
EXP-05,exp05_p01_m08_ro000_lh00,baseline,phase,t04_part_02,implementation,1,agent,39.000,41.250,2.250,,0
EXP-05,exp05_p01_m08_ro000_lh00,baseline,phase,t04_part_03,specification,1,human,41.250,41.625,0.375,41.250,0.000
EXP-05,exp05_p01_m08_ro000_lh00,baseline,phase,t04_part_03,implementation,1,agent,41.625,43.875,2.250,,0
EXP-05,exp05_p01_m08_ro000_lh00,baseline,phase,t04_part_04,specification,1,human,43.875,44.250,0.375,43.875,0.000
EXP-05,exp05_p01_m08_ro000_lh00,baseline,phase,t04_part_04,implementation,1,agent,44.250,46.500,2.250,,0
EXP-05,exp05_p01_m08_ro000_lh00,baseline,phase,t04_part_05,specification,1,human,46.500,46.875,0.375,46.500,0.000
EXP-05,exp05_p01_m08_ro000_lh00,baseline,phase,t04_part_05,implementation,1,agent,46.875,49.125,2.250,,0
EXP-05,exp05_p01_m08_ro000_lh00,baseline,phase,t04_part_06,specification,1,human,49.125,49.500,0.375,49.125,0.000
EXP-05,exp05_p01_m08_ro000_lh00,baseline,phase,t04_part_06,implementation,1,agent,49.500,51.750,2.250,,0
EXP-05,exp05_p01_m08_ro000_lh00,baseline,phase,t04_part_07,specification,1,human,51.750,52.125,0.375,51.750,0.000
EXP-05,exp05_p01_m08_ro000_lh00,baseline,phase,t04_part_07,implementation,1,agent,52.125,54.375,2.250,,0
EXP-05,exp05_p01_m08_ro000_lh00,baseline,phase,t04_part_08,specification,1,human,54.375,54.750,0.375,54.375,0.000
EXP-05,exp05_p01_m08_ro000_lh00,baseline,phase,t04_part_08,implementation,1,agent,54.750,57.000,2.250,,0
EXP-05,exp05_p01_m08_ro000_lh00,baseline,phase,t04_join,acceptance,1,human,57.000,60.000,3.000,57.000,0.000
EXP-05,exp05_p01_m08_ro000_lh00,exact,phase,t01,human_1,1,human,12.00000,12.75000,0.75000,12.00000,0.00000
EXP-05,exp05_p01_m08_ro000_lh00,exact,phase,t01,agent_1,1,agent,12.75000,17.25000,4.50000,,0
EXP-05,exp05_p01_m08_ro000_lh00,exact,phase,t01,human_2,1,human,17.25000,18.00000,0.75000,17.25000,0.00000
EXP-05,exp05_p01_m08_ro000_lh00,exact,phase,t02,human_1,1,human,0.00000,1.50000,1.50000,0.00000,0.00000
EXP-05,exp05_p01_m08_ro000_lh00,exact,phase,t02,agent_1,1,agent,1.50000,10.50000,9.00000,,0
EXP-05,exp05_p01_m08_ro000_lh00,exact,phase,t02,human_2,1,human,10.50000,12.00000,1.50000,10.50000,0.00000
EXP-05,exp05_p01_m08_ro000_lh00,exact,phase,t03,human_1,1,human,18.00000,20.25000,2.25000,18.00000,0.00000
EXP-05,exp05_p01_m08_ro000_lh00,exact,phase,t03,agent_1,1,agent,20.25000,33.75000,13.50000,,0
EXP-05,exp05_p01_m08_ro000_lh00,exact,phase,t03,human_2,1,human,33.75000,36.00000,2.25000,33.75000,0.00000
EXP-05,exp05_p01_m08_ro000_lh00,exact,phase,t04_part_01,specification,1,human,38.62500,39.00000,0.37500,38.62500,0.00000
EXP-05,exp05_p01_m08_ro000_lh00,exact,phase,t04_part_01,implementation,1,agent,39.00000,41.25000,2.25000,,0
EXP-05,exp05_p01_m08_ro000_lh00,exact,phase,t04_part_02,specification,1,human,49.12500,49.50000,0.37500,49.12500,0.00000
EXP-05,exp05_p01_m08_ro000_lh00,exact,phase,t04_part_02,implementation,1,agent,49.50000,51.75000,2.25000,,0
EXP-05,exp05_p01_m08_ro000_lh00,exact,phase,t04_part_03,specification,1,human,51.75000,52.12500,0.37500,51.75000,0.00000
EXP-05,exp05_p01_m08_ro000_lh00,exact,phase,t04_part_03,implementation,1,agent,52.12500,54.37500,2.25000,,0
EXP-05,exp05_p01_m08_ro000_lh00,exact,phase,t04_part_04,specification,1,human,36.00000,36.37500,0.37500,36.00000,0.00000
EXP-05,exp05_p01_m08_ro000_lh00,exact,phase,t04_part_04,implementation,1,agent,36.37500,38.62500,2.25000,,0
EXP-05,exp05_p01_m08_ro000_lh00,exact,phase,t04_part_05,specification,1,human,54.37500,54.75000,0.37500,54.37500,0.00000
EXP-05,exp05_p01_m08_ro000_lh00,exact,phase,t04_part_05,implementation,1,agent,54.75000,57.00000,2.25000,,0
EXP-05,exp05_p01_m08_ro000_lh00,exact,phase,t04_part_06,specification,1,human,46.50000,46.87500,0.37500,46.50000,0.00000
EXP-05,exp05_p01_m08_ro000_lh00,exact,phase,t04_part_06,implementation,1,agent,46.87500,49.12500,2.25000,,0
EXP-05,exp05_p01_m08_ro000_lh00,exact,phase,t04_part_07,specification,1,human,43.87500,44.25000,0.37500,43.87500,0.00000
EXP-05,exp05_p01_m08_ro000_lh00,exact,phase,t04_part_07,implementation,1,agent,44.25000,46.50000,2.25000,,0
EXP-05,exp05_p01_m08_ro000_lh00,exact,phase,t04_part_08,specification,1,human,41.25000,41.62500,0.37500,41.25000,0.00000
EXP-05,exp05_p01_m08_ro000_lh00,exact,phase,t04_part_08,implementation,1,agent,41.62500,43.87500,2.25000,,0
EXP-05,exp05_p01_m08_ro000_lh00,exact,phase,t04_join,acceptance,1,human,57.00000,60.00000,3.00000,57.00000,0.00000
EXP-05,exp05_p01_m08_ro050_lh00,baseline,phase,t01,human_1,1,human,12.00,12.75,0.75,12.00,0.00
EXP-05,exp05_p01_m08_ro050_lh00,baseline,phase,t01,agent_1,1,agent,12.75,17.25,4.50,,0
EXP-05,exp05_p01_m08_ro050_lh00,baseline,phase,t01,human_2,1,human,17.25,18.00,0.75,17.25,0.00
EXP-05,exp05_p01_m08_ro050_lh00,baseline,phase,t02,human_1,1,human,0,1.50,1.50,0,0
EXP-05,exp05_p01_m08_ro050_lh00,baseline,phase,t02,agent_1,1,agent,1.50,10.50,9.00,,0
EXP-05,exp05_p01_m08_ro050_lh00,baseline,phase,t02,human_2,1,human,10.50,12.00,1.50,10.50,0.00
EXP-05,exp05_p01_m08_ro050_lh00,baseline,phase,t03,human_1,1,human,18.00,20.25,2.25,18.00,0.00
EXP-05,exp05_p01_m08_ro050_lh00,baseline,phase,t03,agent_1,1,agent,20.25,33.75,13.50,,0
EXP-05,exp05_p01_m08_ro050_lh00,baseline,phase,t03,human_2,1,human,33.75,36.00,2.25,33.75,0.00
EXP-05,exp05_p01_m08_ro050_lh00,baseline,phase,t04_part_01,specification,1,human,36.00,36.375,0.375,36.00,0.00
EXP-05,exp05_p01_m08_ro050_lh00,baseline,phase,t04_part_01,implementation,1,agent,36.375,39.150,2.775,,0
EXP-05,exp05_p01_m08_ro050_lh00,baseline,phase,t04_part_02,specification,1,human,39.150,39.525,0.375,39.150,0.000
EXP-05,exp05_p01_m08_ro050_lh00,baseline,phase,t04_part_02,implementation,1,agent,39.525,42.300,2.775,,0
EXP-05,exp05_p01_m08_ro050_lh00,baseline,phase,t04_part_03,specification,1,human,42.300,42.675,0.375,42.300,0.000
EXP-05,exp05_p01_m08_ro050_lh00,baseline,phase,t04_part_03,implementation,1,agent,42.675,45.450,2.775,,0
EXP-05,exp05_p01_m08_ro050_lh00,baseline,phase,t04_part_04,specification,1,human,45.450,45.825,0.375,45.450,0.000
EXP-05,exp05_p01_m08_ro050_lh00,baseline,phase,t04_part_04,implementation,1,agent,45.825,48.600,2.775,,0
EXP-05,exp05_p01_m08_ro050_lh00,baseline,phase,t04_part_05,specification,1,human,48.600,48.975,0.375,48.600,0.000
EXP-05,exp05_p01_m08_ro050_lh00,baseline,phase,t04_part_05,implementation,1,agent,48.975,51.750,2.775,,0
EXP-05,exp05_p01_m08_ro050_lh00,baseline,phase,t04_part_06,specification,1,human,51.750,52.125,0.375,51.750,0.000
EXP-05,exp05_p01_m08_ro050_lh00,baseline,phase,t04_part_06,implementation,1,agent,52.125,54.900,2.775,,0
EXP-05,exp05_p01_m08_ro050_lh00,baseline,phase,t04_part_07,specification,1,human,54.900,55.275,0.375,54.900,0.000
EXP-05,exp05_p01_m08_ro050_lh00,baseline,phase,t04_part_07,implementation,1,agent,55.275,58.050,2.775,,0
EXP-05,exp05_p01_m08_ro050_lh00,baseline,phase,t04_part_08,specification,1,human,58.050,58.425,0.375,58.050,0.000
EXP-05,exp05_p01_m08_ro050_lh00,baseline,phase,t04_part_08,implementation,1,agent,58.425,61.200,2.775,,0
EXP-05,exp05_p01_m08_ro050_lh00,baseline,phase,t04_join,integration,1,agent,61.200,65.400,4.200,,0
EXP-05,exp05_p01_m08_ro050_lh00,baseline,phase,t04_join,acceptance,1,human,65.400,68.400,3.000,65.400,0.000
EXP-05,exp05_p01_m08_ro050_lh00,exact,phase,t01,human_1,1,human,12.00000,12.75000,0.75000,12.00000,0.00000
EXP-05,exp05_p01_m08_ro050_lh00,exact,phase,t01,agent_1,1,agent,12.75000,17.25000,4.50000,,0
EXP-05,exp05_p01_m08_ro050_lh00,exact,phase,t01,human_2,1,human,17.25000,18.00000,0.75000,17.25000,0.00000
EXP-05,exp05_p01_m08_ro050_lh00,exact,phase,t02,human_1,1,human,0.00000,1.50000,1.50000,0.00000,0.00000
EXP-05,exp05_p01_m08_ro050_lh00,exact,phase,t02,agent_1,1,agent,1.50000,10.50000,9.00000,,0
EXP-05,exp05_p01_m08_ro050_lh00,exact,phase,t02,human_2,1,human,10.50000,12.00000,1.50000,10.50000,0.00000
EXP-05,exp05_p01_m08_ro050_lh00,exact,phase,t03,human_1,1,human,18.00000,20.25000,2.25000,18.00000,0.00000
EXP-05,exp05_p01_m08_ro050_lh00,exact,phase,t03,agent_1,1,agent,20.25000,33.75000,13.50000,,0
EXP-05,exp05_p01_m08_ro050_lh00,exact,phase,t03,human_2,1,human,33.75000,36.00000,2.25000,33.75000,0.00000
EXP-05,exp05_p01_m08_ro050_lh00,exact,phase,t04_part_01,specification,1,human,36.00000,36.37500,0.37500,36.00000,0.00000
EXP-05,exp05_p01_m08_ro050_lh00,exact,phase,t04_part_01,implementation,1,agent,36.37500,39.15000,2.77500,,0
EXP-05,exp05_p01_m08_ro050_lh00,exact,phase,t04_part_02,specification,1,human,51.75000,52.12500,0.37500,51.75000,0.00000
EXP-05,exp05_p01_m08_ro050_lh00,exact,phase,t04_part_02,implementation,1,agent,52.12500,54.90000,2.77500,,0
EXP-05,exp05_p01_m08_ro050_lh00,exact,phase,t04_part_03,specification,1,human,54.90000,55.27500,0.37500,54.90000,0.00000
EXP-05,exp05_p01_m08_ro050_lh00,exact,phase,t04_part_03,implementation,1,agent,55.27500,58.05000,2.77500,,0
EXP-05,exp05_p01_m08_ro050_lh00,exact,phase,t04_part_04,specification,1,human,48.60000,48.97500,0.37500,48.60000,0.00000
EXP-05,exp05_p01_m08_ro050_lh00,exact,phase,t04_part_04,implementation,1,agent,48.97500,51.75000,2.77500,,0
EXP-05,exp05_p01_m08_ro050_lh00,exact,phase,t04_part_05,specification,1,human,58.05000,58.42500,0.37500,58.05000,0.00000
EXP-05,exp05_p01_m08_ro050_lh00,exact,phase,t04_part_05,implementation,1,agent,58.42500,61.20000,2.77500,,0
EXP-05,exp05_p01_m08_ro050_lh00,exact,phase,t04_part_06,specification,1,human,45.45000,45.82500,0.37500,45.45000,0.00000
EXP-05,exp05_p01_m08_ro050_lh00,exact,phase,t04_part_06,implementation,1,agent,45.82500,48.60000,2.77500,,0
EXP-05,exp05_p01_m08_ro050_lh00,exact,phase,t04_part_07,specification,1,human,42.30000,42.67500,0.37500,42.30000,0.00000
EXP-05,exp05_p01_m08_ro050_lh00,exact,phase,t04_part_07,implementation,1,agent,42.67500,45.45000,2.77500,,0
EXP-05,exp05_p01_m08_ro050_lh00,exact,phase,t04_part_08,specification,1,human,39.15000,39.52500,0.37500,39.15000,0.00000
EXP-05,exp05_p01_m08_ro050_lh00,exact,phase,t04_part_08,implementation,1,agent,39.52500,42.30000,2.77500,,0
EXP-05,exp05_p01_m08_ro050_lh00,exact,phase,t04_join,integration,1,agent,61.20000,65.40000,4.20000,,0
EXP-05,exp05_p01_m08_ro050_lh00,exact,phase,t04_join,acceptance,1,human,65.40000,68.40000,3.00000,65.40000,0.00000
EXP-05,exp05_p01_m08_ro050_lh05,baseline,phase,t01,human_1,1,human,12.00,12.75,0.75,12.00,0.00
EXP-05,exp05_p01_m08_ro050_lh05,baseline,phase,t01,agent_1,1,agent,12.75,17.25,4.50,,0
EXP-05,exp05_p01_m08_ro050_lh05,baseline,phase,t01,human_2,1,human,17.25,18.00,0.75,17.25,0.00
EXP-05,exp05_p01_m08_ro050_lh05,baseline,phase,t02,human_1,1,human,0,1.50,1.50,0,0
EXP-05,exp05_p01_m08_ro050_lh05,baseline,phase,t02,agent_1,1,agent,1.50,10.50,9.00,,0
EXP-05,exp05_p01_m08_ro050_lh05,baseline,phase,t02,human_2,1,human,10.50,12.00,1.50,10.50,0.00
EXP-05,exp05_p01_m08_ro050_lh05,baseline,phase,t03,human_1,1,human,18.00,20.25,2.25,18.00,0.00
EXP-05,exp05_p01_m08_ro050_lh05,baseline,phase,t03,agent_1,1,agent,20.25,33.75,13.50,,0
EXP-05,exp05_p01_m08_ro050_lh05,baseline,phase,t03,human_2,1,human,33.75,36.00,2.25,33.75,0.00
EXP-05,exp05_p01_m08_ro050_lh05,baseline,phase,t04_part_01,specification,1,human,36.00,36.6375,0.6375,36.00,0.00
EXP-05,exp05_p01_m08_ro050_lh05,baseline,phase,t04_part_01,implementation,1,agent,36.6375,39.1500,2.5125,,0
EXP-05,exp05_p01_m08_ro050_lh05,baseline,phase,t04_part_02,specification,1,human,39.1500,39.7875,0.6375,39.1500,0.0000
EXP-05,exp05_p01_m08_ro050_lh05,baseline,phase,t04_part_02,implementation,1,agent,39.7875,42.3000,2.5125,,0
EXP-05,exp05_p01_m08_ro050_lh05,baseline,phase,t04_part_03,specification,1,human,42.3000,42.9375,0.6375,42.3000,0.0000
EXP-05,exp05_p01_m08_ro050_lh05,baseline,phase,t04_part_03,implementation,1,agent,42.9375,45.4500,2.5125,,0
EXP-05,exp05_p01_m08_ro050_lh05,baseline,phase,t04_part_04,specification,1,human,45.4500,46.0875,0.6375,45.4500,0.0000
EXP-05,exp05_p01_m08_ro050_lh05,baseline,phase,t04_part_04,implementation,1,agent,46.0875,48.6000,2.5125,,0
EXP-05,exp05_p01_m08_ro050_lh05,baseline,phase,t04_part_05,specification,1,human,48.6000,49.2375,0.6375,48.6000,0.0000
EXP-05,exp05_p01_m08_ro050_lh05,baseline,phase,t04_part_05,implementation,1,agent,49.2375,51.7500,2.5125,,0
EXP-05,exp05_p01_m08_ro050_lh05,baseline,phase,t04_part_06,specification,1,human,51.7500,52.3875,0.6375,51.7500,0.0000
EXP-05,exp05_p01_m08_ro050_lh05,baseline,phase,t04_part_06,implementation,1,agent,52.3875,54.9000,2.5125,,0
EXP-05,exp05_p01_m08_ro050_lh05,baseline,phase,t04_part_07,specification,1,human,54.9000,55.5375,0.6375,54.9000,0.0000
EXP-05,exp05_p01_m08_ro050_lh05,baseline,phase,t04_part_07,implementation,1,agent,55.5375,58.0500,2.5125,,0
EXP-05,exp05_p01_m08_ro050_lh05,baseline,phase,t04_part_08,specification,1,human,58.0500,58.6875,0.6375,58.0500,0.0000
EXP-05,exp05_p01_m08_ro050_lh05,baseline,phase,t04_part_08,implementation,1,agent,58.6875,61.2000,2.5125,,0
EXP-05,exp05_p01_m08_ro050_lh05,baseline,phase,t04_join,integration,1,agent,61.2000,63.3000,2.1000,,0
EXP-05,exp05_p01_m08_ro050_lh05,baseline,phase,t04_join,acceptance,1,human,63.3000,68.4000,5.1000,63.3000,0.0000
EXP-05,exp05_p01_m08_ro050_lh05,exact,phase,t01,human_1,1,human,12.00000,12.75000,0.75000,12.00000,0.00000
EXP-05,exp05_p01_m08_ro050_lh05,exact,phase,t01,agent_1,1,agent,12.75000,17.25000,4.50000,,0
EXP-05,exp05_p01_m08_ro050_lh05,exact,phase,t01,human_2,1,human,17.25000,18.00000,0.75000,17.25000,0.00000
EXP-05,exp05_p01_m08_ro050_lh05,exact,phase,t02,human_1,1,human,0.00000,1.50000,1.50000,0.00000,0.00000
EXP-05,exp05_p01_m08_ro050_lh05,exact,phase,t02,agent_1,1,agent,1.50000,10.50000,9.00000,,0
EXP-05,exp05_p01_m08_ro050_lh05,exact,phase,t02,human_2,1,human,10.50000,12.00000,1.50000,10.50000,0.00000
EXP-05,exp05_p01_m08_ro050_lh05,exact,phase,t03,human_1,1,human,18.00000,20.25000,2.25000,18.00000,0.00000
EXP-05,exp05_p01_m08_ro050_lh05,exact,phase,t03,agent_1,1,agent,20.25000,33.75000,13.50000,,0
EXP-05,exp05_p01_m08_ro050_lh05,exact,phase,t03,human_2,1,human,33.75000,36.00000,2.25000,33.75000,0.00000
EXP-05,exp05_p01_m08_ro050_lh05,exact,phase,t04_part_01,specification,1,human,36.00000,36.63750,0.63750,36.00000,0.00000
EXP-05,exp05_p01_m08_ro050_lh05,exact,phase,t04_part_01,implementation,1,agent,36.63750,39.15000,2.51250,,0
EXP-05,exp05_p01_m08_ro050_lh05,exact,phase,t04_part_02,specification,1,human,51.75000,52.38750,0.63750,51.75000,0.00000
EXP-05,exp05_p01_m08_ro050_lh05,exact,phase,t04_part_02,implementation,1,agent,52.38750,54.90000,2.51250,,0
EXP-05,exp05_p01_m08_ro050_lh05,exact,phase,t04_part_03,specification,1,human,54.90000,55.53750,0.63750,54.90000,0.00000
EXP-05,exp05_p01_m08_ro050_lh05,exact,phase,t04_part_03,implementation,1,agent,55.53750,58.05000,2.51250,,0
EXP-05,exp05_p01_m08_ro050_lh05,exact,phase,t04_part_04,specification,1,human,48.60000,49.23750,0.63750,48.60000,0.00000
EXP-05,exp05_p01_m08_ro050_lh05,exact,phase,t04_part_04,implementation,1,agent,49.23750,51.75000,2.51250,,0
EXP-05,exp05_p01_m08_ro050_lh05,exact,phase,t04_part_05,specification,1,human,58.05000,58.68750,0.63750,58.05000,0.00000
EXP-05,exp05_p01_m08_ro050_lh05,exact,phase,t04_part_05,implementation,1,agent,58.68750,61.20000,2.51250,,0
EXP-05,exp05_p01_m08_ro050_lh05,exact,phase,t04_part_06,specification,1,human,45.45000,46.08750,0.63750,45.45000,0.00000
EXP-05,exp05_p01_m08_ro050_lh05,exact,phase,t04_part_06,implementation,1,agent,46.08750,48.60000,2.51250,,0
EXP-05,exp05_p01_m08_ro050_lh05,exact,phase,t04_part_07,specification,1,human,42.30000,42.93750,0.63750,42.30000,0.00000
EXP-05,exp05_p01_m08_ro050_lh05,exact,phase,t04_part_07,implementation,1,agent,42.93750,45.45000,2.51250,,0
EXP-05,exp05_p01_m08_ro050_lh05,exact,phase,t04_part_08,specification,1,human,39.15000,39.78750,0.63750,39.15000,0.00000
EXP-05,exp05_p01_m08_ro050_lh05,exact,phase,t04_part_08,implementation,1,agent,39.78750,42.30000,2.51250,,0
EXP-05,exp05_p01_m08_ro050_lh05,exact,phase,t04_join,integration,1,agent,61.20000,63.30000,2.10000,,0
EXP-05,exp05_p01_m08_ro050_lh05,exact,phase,t04_join,acceptance,1,human,63.30000,68.40000,5.10000,63.30000,0.00000
EXP-05,exp05_p01_m08_ro100_lh00,baseline,phase,t01,human_1,1,human,12.00,12.75,0.75,12.00,0.00
EXP-05,exp05_p01_m08_ro100_lh00,baseline,phase,t01,agent_1,1,agent,12.75,17.25,4.50,,0
EXP-05,exp05_p01_m08_ro100_lh00,baseline,phase,t01,human_2,1,human,17.25,18.00,0.75,17.25,0.00
EXP-05,exp05_p01_m08_ro100_lh00,baseline,phase,t02,human_1,1,human,0,1.50,1.50,0,0
EXP-05,exp05_p01_m08_ro100_lh00,baseline,phase,t02,agent_1,1,agent,1.50,10.50,9.00,,0
EXP-05,exp05_p01_m08_ro100_lh00,baseline,phase,t02,human_2,1,human,10.50,12.00,1.50,10.50,0.00
EXP-05,exp05_p01_m08_ro100_lh00,baseline,phase,t03,human_1,1,human,18.00,20.25,2.25,18.00,0.00
EXP-05,exp05_p01_m08_ro100_lh00,baseline,phase,t03,agent_1,1,agent,20.25,33.75,13.50,,0
EXP-05,exp05_p01_m08_ro100_lh00,baseline,phase,t03,human_2,1,human,33.75,36.00,2.25,33.75,0.00
EXP-05,exp05_p01_m08_ro100_lh00,baseline,phase,t04_part_01,specification,1,human,36.00,36.375,0.375,36.00,0.00
EXP-05,exp05_p01_m08_ro100_lh00,baseline,phase,t04_part_01,implementation,1,agent,36.375,39.675,3.300,,0
EXP-05,exp05_p01_m08_ro100_lh00,baseline,phase,t04_part_02,specification,1,human,39.675,40.050,0.375,39.675,0.000
EXP-05,exp05_p01_m08_ro100_lh00,baseline,phase,t04_part_02,implementation,1,agent,40.050,43.350,3.300,,0
EXP-05,exp05_p01_m08_ro100_lh00,baseline,phase,t04_part_03,specification,1,human,43.350,43.725,0.375,43.350,0.000
EXP-05,exp05_p01_m08_ro100_lh00,baseline,phase,t04_part_03,implementation,1,agent,43.725,47.025,3.300,,0
EXP-05,exp05_p01_m08_ro100_lh00,baseline,phase,t04_part_04,specification,1,human,47.025,47.400,0.375,47.025,0.000
EXP-05,exp05_p01_m08_ro100_lh00,baseline,phase,t04_part_04,implementation,1,agent,47.400,50.700,3.300,,0
EXP-05,exp05_p01_m08_ro100_lh00,baseline,phase,t04_part_05,specification,1,human,50.700,51.075,0.375,50.700,0.000
EXP-05,exp05_p01_m08_ro100_lh00,baseline,phase,t04_part_05,implementation,1,agent,51.075,54.375,3.300,,0
EXP-05,exp05_p01_m08_ro100_lh00,baseline,phase,t04_part_06,specification,1,human,54.375,54.750,0.375,54.375,0.000
EXP-05,exp05_p01_m08_ro100_lh00,baseline,phase,t04_part_06,implementation,1,agent,54.750,58.050,3.300,,0
EXP-05,exp05_p01_m08_ro100_lh00,baseline,phase,t04_part_07,specification,1,human,58.050,58.425,0.375,58.050,0.000
EXP-05,exp05_p01_m08_ro100_lh00,baseline,phase,t04_part_07,implementation,1,agent,58.425,61.725,3.300,,0
EXP-05,exp05_p01_m08_ro100_lh00,baseline,phase,t04_part_08,specification,1,human,61.725,62.100,0.375,61.725,0.000
EXP-05,exp05_p01_m08_ro100_lh00,baseline,phase,t04_part_08,implementation,1,agent,62.100,65.400,3.300,,0
EXP-05,exp05_p01_m08_ro100_lh00,baseline,phase,t04_join,integration,1,agent,65.400,73.800,8.400,,0
EXP-05,exp05_p01_m08_ro100_lh00,baseline,phase,t04_join,acceptance,1,human,73.800,76.800,3.000,73.800,0.000
EXP-05,exp05_p01_m08_ro100_lh00,exact,phase,t01,human_1,1,human,12.00000,12.75000,0.75000,12.00000,0.00000
EXP-05,exp05_p01_m08_ro100_lh00,exact,phase,t01,agent_1,1,agent,12.75000,17.25000,4.50000,,0
EXP-05,exp05_p01_m08_ro100_lh00,exact,phase,t01,human_2,1,human,17.25000,18.00000,0.75000,17.25000,0.00000
EXP-05,exp05_p01_m08_ro100_lh00,exact,phase,t02,human_1,1,human,0.00000,1.50000,1.50000,0.00000,0.00000
EXP-05,exp05_p01_m08_ro100_lh00,exact,phase,t02,agent_1,1,agent,1.50000,10.50000,9.00000,,0
EXP-05,exp05_p01_m08_ro100_lh00,exact,phase,t02,human_2,1,human,10.50000,12.00000,1.50000,10.50000,0.00000
EXP-05,exp05_p01_m08_ro100_lh00,exact,phase,t03,human_1,1,human,18.00000,20.25000,2.25000,18.00000,0.00000
EXP-05,exp05_p01_m08_ro100_lh00,exact,phase,t03,agent_1,1,agent,20.25000,33.75000,13.50000,,0
EXP-05,exp05_p01_m08_ro100_lh00,exact,phase,t03,human_2,1,human,33.75000,36.00000,2.25000,33.75000,0.00000
EXP-05,exp05_p01_m08_ro100_lh00,exact,phase,t04_part_01,specification,1,human,36.00000,36.37500,0.37500,36.00000,0.00000
EXP-05,exp05_p01_m08_ro100_lh00,exact,phase,t04_part_01,implementation,1,agent,36.37500,39.67500,3.30000,,0
EXP-05,exp05_p01_m08_ro100_lh00,exact,phase,t04_part_02,specification,1,human,43.35000,43.72500,0.37500,43.35000,0.00000
EXP-05,exp05_p01_m08_ro100_lh00,exact,phase,t04_part_02,implementation,1,agent,43.72500,47.02500,3.30000,,0
EXP-05,exp05_p01_m08_ro100_lh00,exact,phase,t04_part_03,specification,1,human,54.37500,54.75000,0.37500,54.37500,0.00000
EXP-05,exp05_p01_m08_ro100_lh00,exact,phase,t04_part_03,implementation,1,agent,54.75000,58.05000,3.30000,,0
EXP-05,exp05_p01_m08_ro100_lh00,exact,phase,t04_part_04,specification,1,human,58.05000,58.42500,0.37500,58.05000,0.00000
EXP-05,exp05_p01_m08_ro100_lh00,exact,phase,t04_part_04,implementation,1,agent,58.42500,61.72500,3.30000,,0
EXP-05,exp05_p01_m08_ro100_lh00,exact,phase,t04_part_05,specification,1,human,47.02500,47.40000,0.37500,47.02500,0.00000
EXP-05,exp05_p01_m08_ro100_lh00,exact,phase,t04_part_05,implementation,1,agent,47.40000,50.70000,3.30000,,0
EXP-05,exp05_p01_m08_ro100_lh00,exact,phase,t04_part_06,specification,1,human,61.72500,62.10000,0.37500,61.72500,0.00000
EXP-05,exp05_p01_m08_ro100_lh00,exact,phase,t04_part_06,implementation,1,agent,62.10000,65.40000,3.30000,,0
EXP-05,exp05_p01_m08_ro100_lh00,exact,phase,t04_part_07,specification,1,human,50.70000,51.07500,0.37500,50.70000,0.00000
EXP-05,exp05_p01_m08_ro100_lh00,exact,phase,t04_part_07,implementation,1,agent,51.07500,54.37500,3.30000,,0
EXP-05,exp05_p01_m08_ro100_lh00,exact,phase,t04_part_08,specification,1,human,39.67500,40.05000,0.37500,39.67500,0.00000
EXP-05,exp05_p01_m08_ro100_lh00,exact,phase,t04_part_08,implementation,1,agent,40.05000,43.35000,3.30000,,0
EXP-05,exp05_p01_m08_ro100_lh00,exact,phase,t04_join,integration,1,agent,65.40000,73.80000,8.40000,,0
EXP-05,exp05_p01_m08_ro100_lh00,exact,phase,t04_join,acceptance,1,human,73.80000,76.80000,3.00000,73.80000,0.00000
EXP-05,exp05_p01_m08_ro100_lh05,baseline,phase,t01,human_1,1,human,12.00,12.75,0.75,12.00,0.00
EXP-05,exp05_p01_m08_ro100_lh05,baseline,phase,t01,agent_1,1,agent,12.75,17.25,4.50,,0
EXP-05,exp05_p01_m08_ro100_lh05,baseline,phase,t01,human_2,1,human,17.25,18.00,0.75,17.25,0.00
EXP-05,exp05_p01_m08_ro100_lh05,baseline,phase,t02,human_1,1,human,0,1.50,1.50,0,0
EXP-05,exp05_p01_m08_ro100_lh05,baseline,phase,t02,agent_1,1,agent,1.50,10.50,9.00,,0
EXP-05,exp05_p01_m08_ro100_lh05,baseline,phase,t02,human_2,1,human,10.50,12.00,1.50,10.50,0.00
EXP-05,exp05_p01_m08_ro100_lh05,baseline,phase,t03,human_1,1,human,18.00,20.25,2.25,18.00,0.00
EXP-05,exp05_p01_m08_ro100_lh05,baseline,phase,t03,agent_1,1,agent,20.25,33.75,13.50,,0
EXP-05,exp05_p01_m08_ro100_lh05,baseline,phase,t03,human_2,1,human,33.75,36.00,2.25,33.75,0.00
EXP-05,exp05_p01_m08_ro100_lh05,baseline,phase,t04_part_01,specification,1,human,36.00,36.900,0.900,36.00,0.00
EXP-05,exp05_p01_m08_ro100_lh05,baseline,phase,t04_part_01,implementation,1,agent,36.900,39.675,2.775,,0
EXP-05,exp05_p01_m08_ro100_lh05,baseline,phase,t04_part_02,specification,1,human,39.675,40.575,0.900,39.675,0.000
EXP-05,exp05_p01_m08_ro100_lh05,baseline,phase,t04_part_02,implementation,1,agent,40.575,43.350,2.775,,0
EXP-05,exp05_p01_m08_ro100_lh05,baseline,phase,t04_part_03,specification,1,human,43.350,44.250,0.900,43.350,0.000
EXP-05,exp05_p01_m08_ro100_lh05,baseline,phase,t04_part_03,implementation,1,agent,44.250,47.025,2.775,,0
EXP-05,exp05_p01_m08_ro100_lh05,baseline,phase,t04_part_04,specification,1,human,47.025,47.925,0.900,47.025,0.000
EXP-05,exp05_p01_m08_ro100_lh05,baseline,phase,t04_part_04,implementation,1,agent,47.925,50.700,2.775,,0
EXP-05,exp05_p01_m08_ro100_lh05,baseline,phase,t04_part_05,specification,1,human,50.700,51.600,0.900,50.700,0.000
EXP-05,exp05_p01_m08_ro100_lh05,baseline,phase,t04_part_05,implementation,1,agent,51.600,54.375,2.775,,0
EXP-05,exp05_p01_m08_ro100_lh05,baseline,phase,t04_part_06,specification,1,human,54.375,55.275,0.900,54.375,0.000
EXP-05,exp05_p01_m08_ro100_lh05,baseline,phase,t04_part_06,implementation,1,agent,55.275,58.050,2.775,,0
EXP-05,exp05_p01_m08_ro100_lh05,baseline,phase,t04_part_07,specification,1,human,58.050,58.950,0.900,58.050,0.000
EXP-05,exp05_p01_m08_ro100_lh05,baseline,phase,t04_part_07,implementation,1,agent,58.950,61.725,2.775,,0
EXP-05,exp05_p01_m08_ro100_lh05,baseline,phase,t04_part_08,specification,1,human,61.725,62.625,0.900,61.725,0.000
EXP-05,exp05_p01_m08_ro100_lh05,baseline,phase,t04_part_08,implementation,1,agent,62.625,65.400,2.775,,0
EXP-05,exp05_p01_m08_ro100_lh05,baseline,phase,t04_join,integration,1,agent,65.400,69.600,4.200,,0
EXP-05,exp05_p01_m08_ro100_lh05,baseline,phase,t04_join,acceptance,1,human,69.600,76.800,7.200,69.600,0.000
EXP-05,exp05_p01_m08_ro100_lh05,exact,phase,t01,human_1,1,human,12.00000,12.75000,0.75000,12.00000,0.00000
EXP-05,exp05_p01_m08_ro100_lh05,exact,phase,t01,agent_1,1,agent,12.75000,17.25000,4.50000,,0
EXP-05,exp05_p01_m08_ro100_lh05,exact,phase,t01,human_2,1,human,17.25000,18.00000,0.75000,17.25000,0.00000
EXP-05,exp05_p01_m08_ro100_lh05,exact,phase,t02,human_1,1,human,0.00000,1.50000,1.50000,0.00000,0.00000
EXP-05,exp05_p01_m08_ro100_lh05,exact,phase,t02,agent_1,1,agent,1.50000,10.50000,9.00000,,0
EXP-05,exp05_p01_m08_ro100_lh05,exact,phase,t02,human_2,1,human,10.50000,12.00000,1.50000,10.50000,0.00000
EXP-05,exp05_p01_m08_ro100_lh05,exact,phase,t03,human_1,1,human,18.00000,20.25000,2.25000,18.00000,0.00000
EXP-05,exp05_p01_m08_ro100_lh05,exact,phase,t03,agent_1,1,agent,20.25000,33.75000,13.50000,,0
EXP-05,exp05_p01_m08_ro100_lh05,exact,phase,t03,human_2,1,human,33.75000,36.00000,2.25000,33.75000,0.00000
EXP-05,exp05_p01_m08_ro100_lh05,exact,phase,t04_part_01,specification,1,human,36.00000,36.90000,0.90000,36.00000,0.00000
EXP-05,exp05_p01_m08_ro100_lh05,exact,phase,t04_part_01,implementation,1,agent,36.90000,39.67500,2.77500,,0
EXP-05,exp05_p01_m08_ro100_lh05,exact,phase,t04_part_02,specification,1,human,43.35000,44.25000,0.90000,43.35000,0.00000
EXP-05,exp05_p01_m08_ro100_lh05,exact,phase,t04_part_02,implementation,1,agent,44.25000,47.02500,2.77500,,0
EXP-05,exp05_p01_m08_ro100_lh05,exact,phase,t04_part_03,specification,1,human,54.37500,55.27500,0.90000,54.37500,0.00000
EXP-05,exp05_p01_m08_ro100_lh05,exact,phase,t04_part_03,implementation,1,agent,55.27500,58.05000,2.77500,,0
EXP-05,exp05_p01_m08_ro100_lh05,exact,phase,t04_part_04,specification,1,human,58.05000,58.95000,0.90000,58.05000,0.00000
EXP-05,exp05_p01_m08_ro100_lh05,exact,phase,t04_part_04,implementation,1,agent,58.95000,61.72500,2.77500,,0
EXP-05,exp05_p01_m08_ro100_lh05,exact,phase,t04_part_05,specification,1,human,47.02500,47.92500,0.90000,47.02500,0.00000
EXP-05,exp05_p01_m08_ro100_lh05,exact,phase,t04_part_05,implementation,1,agent,47.92500,50.70000,2.77500,,0
EXP-05,exp05_p01_m08_ro100_lh05,exact,phase,t04_part_06,specification,1,human,61.72500,62.62500,0.90000,61.72500,0.00000
EXP-05,exp05_p01_m08_ro100_lh05,exact,phase,t04_part_06,implementation,1,agent,62.62500,65.40000,2.77500,,0
EXP-05,exp05_p01_m08_ro100_lh05,exact,phase,t04_part_07,specification,1,human,50.70000,51.60000,0.90000,50.70000,0.00000
EXP-05,exp05_p01_m08_ro100_lh05,exact,phase,t04_part_07,implementation,1,agent,51.60000,54.37500,2.77500,,0
EXP-05,exp05_p01_m08_ro100_lh05,exact,phase,t04_part_08,specification,1,human,39.67500,40.57500,0.90000,39.67500,0.00000
EXP-05,exp05_p01_m08_ro100_lh05,exact,phase,t04_part_08,implementation,1,agent,40.57500,43.35000,2.77500,,0
EXP-05,exp05_p01_m08_ro100_lh05,exact,phase,t04_join,integration,1,agent,65.40000,69.60000,4.20000,,0
EXP-05,exp05_p01_m08_ro100_lh05,exact,phase,t04_join,acceptance,1,human,69.60000,76.80000,7.20000,69.60000,0.00000
EXP-05,exp05_p02_m01_ro000_lh00,baseline,phase,t01,human_1,2,human,1.50,2.25,0.75,0,1.50
EXP-05,exp05_p02_m01_ro000_lh00,baseline,phase,t01,agent_1,2,agent,2.25,6.75,4.50,,0
EXP-05,exp05_p02_m01_ro000_lh00,baseline,phase,t01,human_2,2,human,6.75,7.50,0.75,6.75,0.00
EXP-05,exp05_p02_m01_ro000_lh00,baseline,phase,t02,human_1,1,human,0,1.50,1.50,0,0
EXP-05,exp05_p02_m01_ro000_lh00,baseline,phase,t02,agent_1,1,agent,1.50,10.50,9.00,,0
EXP-05,exp05_p02_m01_ro000_lh00,baseline,phase,t02,human_2,1,human,10.50,12.00,1.50,10.50,0.00
EXP-05,exp05_p02_m01_ro000_lh00,baseline,phase,t03,human_1,2,human,15.00,17.25,2.25,12.00,3.00
EXP-05,exp05_p02_m01_ro000_lh00,baseline,phase,t03,agent_1,2,agent,17.25,30.75,13.50,,0
EXP-05,exp05_p02_m01_ro000_lh00,baseline,phase,t03,human_2,2,human,30.75,33.00,2.25,30.75,0.00
EXP-05,exp05_p02_m01_ro000_lh00,baseline,phase,t04_part_01,specification,1,human,12.00,15.00,3.00,12.00,0.00
EXP-05,exp05_p02_m01_ro000_lh00,baseline,phase,t04_part_01,implementation,1,agent,15.00,33.00,18.00,,0
EXP-05,exp05_p02_m01_ro000_lh00,baseline,phase,t04_join,acceptance,1,human,33.00,36.00,3.00,33.00,0.00
EXP-05,exp05_p02_m01_ro000_lh00,baseline,wait,t01,human_1,2,human_queue,0,1.50,1.50,0,1.50
EXP-05,exp05_p02_m01_ro000_lh00,baseline,wait,t03,human_1,2,human_queue,12.00,15.00,3.00,12.00,3.00
EXP-05,exp05_p02_m01_ro000_lh00,exact,phase,t01,human_1,2,human,1.50000,2.25000,0.75000,1.50000,0.00000
EXP-05,exp05_p02_m01_ro000_lh00,exact,phase,t01,agent_1,2,agent,2.25000,6.75000,4.50000,,0
EXP-05,exp05_p02_m01_ro000_lh00,exact,phase,t01,human_2,2,human,6.75000,7.50000,0.75000,6.75000,0.00000
EXP-05,exp05_p02_m01_ro000_lh00,exact,phase,t02,human_1,1,human,0.00000,1.50000,1.50000,0.00000,0.00000
EXP-05,exp05_p02_m01_ro000_lh00,exact,phase,t02,agent_1,1,agent,1.50000,10.50000,9.00000,,0
EXP-05,exp05_p02_m01_ro000_lh00,exact,phase,t02,human_2,1,human,10.50000,12.00000,1.50000,10.50000,0.00000
EXP-05,exp05_p02_m01_ro000_lh00,exact,phase,t03,human_1,1,human,15.00000,17.25000,2.25000,15.00000,0.00000
EXP-05,exp05_p02_m01_ro000_lh00,exact,phase,t03,agent_1,1,agent,17.25000,30.75000,13.50000,,0
EXP-05,exp05_p02_m01_ro000_lh00,exact,phase,t03,human_2,1,human,30.75000,33.00000,2.25000,30.75000,0.00000
EXP-05,exp05_p02_m01_ro000_lh00,exact,phase,t04_part_01,specification,2,human,12.00000,15.00000,3.00000,12.00000,0.00000
EXP-05,exp05_p02_m01_ro000_lh00,exact,phase,t04_part_01,implementation,2,agent,15.00000,33.00000,18.00000,,0
EXP-05,exp05_p02_m01_ro000_lh00,exact,phase,t04_join,acceptance,2,human,33.00000,36.00000,3.00000,33.00000,0.00000
EXP-05,exp05_p02_m02_ro000_lh00,baseline,phase,t01,human_1,2,human,1.50,2.25,0.75,0,1.50
EXP-05,exp05_p02_m02_ro000_lh00,baseline,phase,t01,agent_1,2,agent,2.25,6.75,4.50,,0
EXP-05,exp05_p02_m02_ro000_lh00,baseline,phase,t01,human_2,2,human,6.75,7.50,0.75,6.75,0.00
EXP-05,exp05_p02_m02_ro000_lh00,baseline,phase,t02,human_1,1,human,0,1.50,1.50,0,0
EXP-05,exp05_p02_m02_ro000_lh00,baseline,phase,t02,agent_1,1,agent,1.50,10.50,9.00,,0
EXP-05,exp05_p02_m02_ro000_lh00,baseline,phase,t02,human_2,1,human,10.50,12.00,1.50,10.50,0.00
EXP-05,exp05_p02_m02_ro000_lh00,baseline,phase,t03,human_1,1,human,12.00,14.25,2.25,12.00,0.00
EXP-05,exp05_p02_m02_ro000_lh00,baseline,phase,t03,agent_1,1,agent,14.25,27.75,13.50,,0
EXP-05,exp05_p02_m02_ro000_lh00,baseline,phase,t03,human_2,1,human,27.75,30.00,2.25,27.75,0.00
EXP-05,exp05_p02_m02_ro000_lh00,baseline,phase,t04_part_01,specification,2,human,14.25,15.75,1.50,12.00,2.25
EXP-05,exp05_p02_m02_ro000_lh00,baseline,phase,t04_part_01,implementation,2,agent,15.75,24.75,9.00,,0
EXP-05,exp05_p02_m02_ro000_lh00,baseline,phase,t04_part_02,specification,2,human,24.75,26.25,1.50,24.75,0.00
EXP-05,exp05_p02_m02_ro000_lh00,baseline,phase,t04_part_02,implementation,2,agent,26.25,35.25,9.00,,0
EXP-05,exp05_p02_m02_ro000_lh00,baseline,phase,t04_join,acceptance,1,human,35.25,38.25,3.00,35.25,0.00
EXP-05,exp05_p02_m02_ro000_lh00,baseline,wait,t01,human_1,2,human_queue,0,1.50,1.50,0,1.50
EXP-05,exp05_p02_m02_ro000_lh00,baseline,wait,t04_part_01,specification,2,human_queue,12.00,14.25,2.25,12.00,2.25
EXP-05,exp05_p02_m02_ro000_lh00,exact,phase,t01,human_1,2,human,1.50000,2.25000,0.75000,1.50000,0.00000
EXP-05,exp05_p02_m02_ro000_lh00,exact,phase,t01,agent_1,2,agent,2.25000,6.75000,4.50000,,0
EXP-05,exp05_p02_m02_ro000_lh00,exact,phase,t01,human_2,2,human,6.75000,7.50000,0.75000,6.75000,0.00000
EXP-05,exp05_p02_m02_ro000_lh00,exact,phase,t02,human_1,1,human,0.00000,1.50000,1.50000,0.00000,0.00000
EXP-05,exp05_p02_m02_ro000_lh00,exact,phase,t02,agent_1,1,agent,1.50000,10.50000,9.00000,,0
EXP-05,exp05_p02_m02_ro000_lh00,exact,phase,t02,human_2,1,human,10.50000,12.00000,1.50000,10.50000,0.00000
EXP-05,exp05_p02_m02_ro000_lh00,exact,phase,t03,human_1,1,human,13.50000,15.75000,2.25000,13.50000,0.00000
EXP-05,exp05_p02_m02_ro000_lh00,exact,phase,t03,agent_1,1,agent,15.75000,29.25000,13.50000,,0
EXP-05,exp05_p02_m02_ro000_lh00,exact,phase,t03,human_2,1,human,29.25000,31.50000,2.25000,29.25000,0.00000
EXP-05,exp05_p02_m02_ro000_lh00,exact,phase,t04_part_01,specification,2,human,12.00000,13.50000,1.50000,12.00000,0.00000
EXP-05,exp05_p02_m02_ro000_lh00,exact,phase,t04_part_01,implementation,2,agent,13.50000,22.50000,9.00000,,0
EXP-05,exp05_p02_m02_ro000_lh00,exact,phase,t04_part_02,specification,2,human,22.50000,24.00000,1.50000,22.50000,0.00000
EXP-05,exp05_p02_m02_ro000_lh00,exact,phase,t04_part_02,implementation,2,agent,24.00000,33.00000,9.00000,,0
EXP-05,exp05_p02_m02_ro000_lh00,exact,phase,t04_join,acceptance,2,human,33.00000,36.00000,3.00000,33.00000,0.00000
EXP-05,exp05_p02_m02_ro050_lh00,baseline,phase,t01,human_1,2,human,1.50,2.25,0.75,0,1.50
EXP-05,exp05_p02_m02_ro050_lh00,baseline,phase,t01,agent_1,2,agent,2.25,6.75,4.50,,0
EXP-05,exp05_p02_m02_ro050_lh00,baseline,phase,t01,human_2,2,human,6.75,7.50,0.75,6.75,0.00
EXP-05,exp05_p02_m02_ro050_lh00,baseline,phase,t02,human_1,1,human,0,1.50,1.50,0,0
EXP-05,exp05_p02_m02_ro050_lh00,baseline,phase,t02,agent_1,1,agent,1.50,10.50,9.00,,0
EXP-05,exp05_p02_m02_ro050_lh00,baseline,phase,t02,human_2,1,human,10.50,12.00,1.50,10.50,0.00
EXP-05,exp05_p02_m02_ro050_lh00,baseline,phase,t03,human_1,1,human,12.00,14.25,2.25,12.00,0.00
EXP-05,exp05_p02_m02_ro050_lh00,baseline,phase,t03,agent_1,1,agent,14.25,27.75,13.50,,0
EXP-05,exp05_p02_m02_ro050_lh00,baseline,phase,t03,human_2,1,human,27.75,30.00,2.25,27.75,0.00
EXP-05,exp05_p02_m02_ro050_lh00,baseline,phase,t04_part_01,specification,2,human,14.25,15.75,1.50,12.00,2.25
EXP-05,exp05_p02_m02_ro050_lh00,baseline,phase,t04_part_01,implementation,2,agent,15.75,25.05,9.30,,0
EXP-05,exp05_p02_m02_ro050_lh00,baseline,phase,t04_part_02,specification,2,human,25.05,26.55,1.50,25.05,0.00
EXP-05,exp05_p02_m02_ro050_lh00,baseline,phase,t04_part_02,implementation,2,agent,26.55,35.85,9.30,,0
EXP-05,exp05_p02_m02_ro050_lh00,baseline,phase,t04_join,integration,1,agent,35.85,36.45,0.60,,0
EXP-05,exp05_p02_m02_ro050_lh00,baseline,phase,t04_join,acceptance,1,human,36.45,39.45,3.00,36.45,0.00
EXP-05,exp05_p02_m02_ro050_lh00,baseline,wait,t01,human_1,2,human_queue,0,1.50,1.50,0,1.50
EXP-05,exp05_p02_m02_ro050_lh00,baseline,wait,t04_part_01,specification,2,human_queue,12.00,14.25,2.25,12.00,2.25
EXP-05,exp05_p02_m02_ro050_lh00,exact,phase,t01,human_1,2,human,1.50000,2.25000,0.75000,1.50000,0.00000
EXP-05,exp05_p02_m02_ro050_lh00,exact,phase,t01,agent_1,2,agent,2.25000,6.75000,4.50000,,0
EXP-05,exp05_p02_m02_ro050_lh00,exact,phase,t01,human_2,2,human,6.75000,7.50000,0.75000,6.75000,0.00000
EXP-05,exp05_p02_m02_ro050_lh00,exact,phase,t02,human_1,1,human,0.00000,1.50000,1.50000,0.00000,0.00000
EXP-05,exp05_p02_m02_ro050_lh00,exact,phase,t02,agent_1,1,agent,1.50000,10.50000,9.00000,,0
EXP-05,exp05_p02_m02_ro050_lh00,exact,phase,t02,human_2,1,human,10.50000,12.00000,1.50000,10.50000,0.00000
EXP-05,exp05_p02_m02_ro050_lh00,exact,phase,t03,human_1,1,human,13.50000,15.75000,2.25000,13.50000,0.00000
EXP-05,exp05_p02_m02_ro050_lh00,exact,phase,t03,agent_1,1,agent,15.75000,29.25000,13.50000,,0
EXP-05,exp05_p02_m02_ro050_lh00,exact,phase,t03,human_2,1,human,29.25000,31.50000,2.25000,29.25000,0.00000
EXP-05,exp05_p02_m02_ro050_lh00,exact,phase,t04_part_01,specification,2,human,12.00000,13.50000,1.50000,12.00000,0.00000
EXP-05,exp05_p02_m02_ro050_lh00,exact,phase,t04_part_01,implementation,2,agent,13.50000,22.80000,9.30000,,0
EXP-05,exp05_p02_m02_ro050_lh00,exact,phase,t04_part_02,specification,2,human,22.80000,24.30000,1.50000,22.80000,0.00000
EXP-05,exp05_p02_m02_ro050_lh00,exact,phase,t04_part_02,implementation,2,agent,24.30000,33.60000,9.30000,,0
EXP-05,exp05_p02_m02_ro050_lh00,exact,phase,t04_join,integration,2,agent,33.60000,34.20000,0.60000,,0
EXP-05,exp05_p02_m02_ro050_lh00,exact,phase,t04_join,acceptance,2,human,34.20000,37.20000,3.00000,34.20000,0.00000
EXP-05,exp05_p02_m02_ro050_lh05,baseline,phase,t01,human_1,2,human,1.50,2.25,0.75,0,1.50
EXP-05,exp05_p02_m02_ro050_lh05,baseline,phase,t01,agent_1,2,agent,2.25,6.75,4.50,,0
EXP-05,exp05_p02_m02_ro050_lh05,baseline,phase,t01,human_2,2,human,6.75,7.50,0.75,6.75,0.00
EXP-05,exp05_p02_m02_ro050_lh05,baseline,phase,t02,human_1,1,human,0,1.50,1.50,0,0
EXP-05,exp05_p02_m02_ro050_lh05,baseline,phase,t02,agent_1,1,agent,1.50,10.50,9.00,,0
EXP-05,exp05_p02_m02_ro050_lh05,baseline,phase,t02,human_2,1,human,10.50,12.00,1.50,10.50,0.00
EXP-05,exp05_p02_m02_ro050_lh05,baseline,phase,t03,human_1,1,human,12.00,14.25,2.25,12.00,0.00
EXP-05,exp05_p02_m02_ro050_lh05,baseline,phase,t03,agent_1,1,agent,14.25,27.75,13.50,,0
EXP-05,exp05_p02_m02_ro050_lh05,baseline,phase,t03,human_2,1,human,27.75,30.00,2.25,27.75,0.00
EXP-05,exp05_p02_m02_ro050_lh05,baseline,phase,t04_part_01,specification,2,human,14.25,15.900,1.650,12.00,2.25
EXP-05,exp05_p02_m02_ro050_lh05,baseline,phase,t04_part_01,implementation,2,agent,15.900,25.050,9.150,,0
EXP-05,exp05_p02_m02_ro050_lh05,baseline,phase,t04_part_02,specification,2,human,25.050,26.700,1.650,25.050,0.000
EXP-05,exp05_p02_m02_ro050_lh05,baseline,phase,t04_part_02,implementation,2,agent,26.700,35.850,9.150,,0
EXP-05,exp05_p02_m02_ro050_lh05,baseline,phase,t04_join,integration,1,agent,35.850,36.150,0.300,,0
EXP-05,exp05_p02_m02_ro050_lh05,baseline,phase,t04_join,acceptance,1,human,36.150,39.450,3.300,36.150,0.000
EXP-05,exp05_p02_m02_ro050_lh05,baseline,wait,t01,human_1,2,human_queue,0,1.50,1.50,0,1.50
EXP-05,exp05_p02_m02_ro050_lh05,baseline,wait,t04_part_01,specification,2,human_queue,12.00,14.25,2.25,12.00,2.25
EXP-05,exp05_p02_m02_ro050_lh05,exact,phase,t01,human_1,2,human,1.50000,2.25000,0.75000,1.50000,0.00000
EXP-05,exp05_p02_m02_ro050_lh05,exact,phase,t01,agent_1,2,agent,2.25000,6.75000,4.50000,,0
EXP-05,exp05_p02_m02_ro050_lh05,exact,phase,t01,human_2,2,human,6.75000,7.50000,0.75000,6.75000,0.00000
EXP-05,exp05_p02_m02_ro050_lh05,exact,phase,t02,human_1,1,human,0.00000,1.50000,1.50000,0.00000,0.00000
EXP-05,exp05_p02_m02_ro050_lh05,exact,phase,t02,agent_1,1,agent,1.50000,10.50000,9.00000,,0
EXP-05,exp05_p02_m02_ro050_lh05,exact,phase,t02,human_2,1,human,10.50000,12.00000,1.50000,10.50000,0.00000
EXP-05,exp05_p02_m02_ro050_lh05,exact,phase,t03,human_1,1,human,13.65000,15.90000,2.25000,13.65000,0.00000
EXP-05,exp05_p02_m02_ro050_lh05,exact,phase,t03,agent_1,1,agent,15.90000,29.40000,13.50000,,0
EXP-05,exp05_p02_m02_ro050_lh05,exact,phase,t03,human_2,1,human,29.40000,31.65000,2.25000,29.40000,0.00000
EXP-05,exp05_p02_m02_ro050_lh05,exact,phase,t04_part_01,specification,2,human,12.00000,13.65000,1.65000,12.00000,0.00000
EXP-05,exp05_p02_m02_ro050_lh05,exact,phase,t04_part_01,implementation,2,agent,13.65000,22.80000,9.15000,,0
EXP-05,exp05_p02_m02_ro050_lh05,exact,phase,t04_part_02,specification,2,human,22.80000,24.45000,1.65000,22.80000,0.00000
EXP-05,exp05_p02_m02_ro050_lh05,exact,phase,t04_part_02,implementation,2,agent,24.45000,33.60000,9.15000,,0
EXP-05,exp05_p02_m02_ro050_lh05,exact,phase,t04_join,integration,2,agent,33.60000,33.90000,0.30000,,0
EXP-05,exp05_p02_m02_ro050_lh05,exact,phase,t04_join,acceptance,2,human,33.90000,37.20000,3.30000,33.90000,0.00000
EXP-05,exp05_p02_m02_ro100_lh00,baseline,phase,t01,human_1,2,human,1.50,2.25,0.75,0,1.50
EXP-05,exp05_p02_m02_ro100_lh00,baseline,phase,t01,agent_1,2,agent,2.25,6.75,4.50,,0
EXP-05,exp05_p02_m02_ro100_lh00,baseline,phase,t01,human_2,2,human,6.75,7.50,0.75,6.75,0.00
EXP-05,exp05_p02_m02_ro100_lh00,baseline,phase,t02,human_1,1,human,0,1.50,1.50,0,0
EXP-05,exp05_p02_m02_ro100_lh00,baseline,phase,t02,agent_1,1,agent,1.50,10.50,9.00,,0
EXP-05,exp05_p02_m02_ro100_lh00,baseline,phase,t02,human_2,1,human,10.50,12.00,1.50,10.50,0.00
EXP-05,exp05_p02_m02_ro100_lh00,baseline,phase,t03,human_1,1,human,12.00,14.25,2.25,12.00,0.00
EXP-05,exp05_p02_m02_ro100_lh00,baseline,phase,t03,agent_1,1,agent,14.25,27.75,13.50,,0
EXP-05,exp05_p02_m02_ro100_lh00,baseline,phase,t03,human_2,1,human,27.75,30.00,2.25,27.75,0.00
EXP-05,exp05_p02_m02_ro100_lh00,baseline,phase,t04_part_01,specification,2,human,14.25,15.75,1.50,12.00,2.25
EXP-05,exp05_p02_m02_ro100_lh00,baseline,phase,t04_part_01,implementation,2,agent,15.75,25.35,9.60,,0
EXP-05,exp05_p02_m02_ro100_lh00,baseline,phase,t04_part_02,specification,2,human,25.35,26.85,1.50,25.35,0.00
EXP-05,exp05_p02_m02_ro100_lh00,baseline,phase,t04_part_02,implementation,2,agent,26.85,36.45,9.60,,0
EXP-05,exp05_p02_m02_ro100_lh00,baseline,phase,t04_join,integration,1,agent,36.45,37.65,1.20,,0
EXP-05,exp05_p02_m02_ro100_lh00,baseline,phase,t04_join,acceptance,1,human,37.65,40.65,3.00,37.65,0.00
EXP-05,exp05_p02_m02_ro100_lh00,baseline,wait,t01,human_1,2,human_queue,0,1.50,1.50,0,1.50
EXP-05,exp05_p02_m02_ro100_lh00,baseline,wait,t04_part_01,specification,2,human_queue,12.00,14.25,2.25,12.00,2.25
EXP-05,exp05_p02_m02_ro100_lh00,exact,phase,t01,human_1,2,human,1.50000,2.25000,0.75000,1.50000,0.00000
EXP-05,exp05_p02_m02_ro100_lh00,exact,phase,t01,agent_1,2,agent,2.25000,6.75000,4.50000,,0
EXP-05,exp05_p02_m02_ro100_lh00,exact,phase,t01,human_2,2,human,6.75000,7.50000,0.75000,6.75000,0.00000
EXP-05,exp05_p02_m02_ro100_lh00,exact,phase,t02,human_1,1,human,0.00000,1.50000,1.50000,0.00000,0.00000
EXP-05,exp05_p02_m02_ro100_lh00,exact,phase,t02,agent_1,1,agent,1.50000,10.50000,9.00000,,0
EXP-05,exp05_p02_m02_ro100_lh00,exact,phase,t02,human_2,1,human,10.50000,12.00000,1.50000,10.50000,0.00000
EXP-05,exp05_p02_m02_ro100_lh00,exact,phase,t03,human_1,1,human,13.50000,15.75000,2.25000,13.50000,0.00000
EXP-05,exp05_p02_m02_ro100_lh00,exact,phase,t03,agent_1,1,agent,15.75000,29.25000,13.50000,,0
EXP-05,exp05_p02_m02_ro100_lh00,exact,phase,t03,human_2,1,human,29.25000,31.50000,2.25000,29.25000,0.00000
EXP-05,exp05_p02_m02_ro100_lh00,exact,phase,t04_part_01,specification,2,human,12.00000,13.50000,1.50000,12.00000,0.00000
EXP-05,exp05_p02_m02_ro100_lh00,exact,phase,t04_part_01,implementation,2,agent,13.50000,23.10000,9.60000,,0
EXP-05,exp05_p02_m02_ro100_lh00,exact,phase,t04_part_02,specification,2,human,23.10000,24.60000,1.50000,23.10000,0.00000
EXP-05,exp05_p02_m02_ro100_lh00,exact,phase,t04_part_02,implementation,2,agent,24.60000,34.20000,9.60000,,0
EXP-05,exp05_p02_m02_ro100_lh00,exact,phase,t04_join,integration,2,agent,34.20000,35.40000,1.20000,,0
EXP-05,exp05_p02_m02_ro100_lh00,exact,phase,t04_join,acceptance,2,human,35.40000,38.40000,3.00000,35.40000,0.00000
EXP-05,exp05_p02_m02_ro100_lh05,baseline,phase,t01,human_1,2,human,1.50,2.25,0.75,0,1.50
EXP-05,exp05_p02_m02_ro100_lh05,baseline,phase,t01,agent_1,2,agent,2.25,6.75,4.50,,0
EXP-05,exp05_p02_m02_ro100_lh05,baseline,phase,t01,human_2,2,human,6.75,7.50,0.75,6.75,0.00
EXP-05,exp05_p02_m02_ro100_lh05,baseline,phase,t02,human_1,1,human,0,1.50,1.50,0,0
EXP-05,exp05_p02_m02_ro100_lh05,baseline,phase,t02,agent_1,1,agent,1.50,10.50,9.00,,0
EXP-05,exp05_p02_m02_ro100_lh05,baseline,phase,t02,human_2,1,human,10.50,12.00,1.50,10.50,0.00
EXP-05,exp05_p02_m02_ro100_lh05,baseline,phase,t03,human_1,1,human,12.00,14.25,2.25,12.00,0.00
EXP-05,exp05_p02_m02_ro100_lh05,baseline,phase,t03,agent_1,1,agent,14.25,27.75,13.50,,0
EXP-05,exp05_p02_m02_ro100_lh05,baseline,phase,t03,human_2,1,human,27.75,30.00,2.25,27.75,0.00
EXP-05,exp05_p02_m02_ro100_lh05,baseline,phase,t04_part_01,specification,2,human,14.25,16.050,1.800,12.00,2.25
EXP-05,exp05_p02_m02_ro100_lh05,baseline,phase,t04_part_01,implementation,2,agent,16.050,25.350,9.300,,0
EXP-05,exp05_p02_m02_ro100_lh05,baseline,phase,t04_part_02,specification,2,human,25.350,27.150,1.800,25.350,0.000
EXP-05,exp05_p02_m02_ro100_lh05,baseline,phase,t04_part_02,implementation,2,agent,27.150,36.450,9.300,,0
EXP-05,exp05_p02_m02_ro100_lh05,baseline,phase,t04_join,integration,1,agent,36.450,37.050,0.600,,0
EXP-05,exp05_p02_m02_ro100_lh05,baseline,phase,t04_join,acceptance,1,human,37.050,40.650,3.600,37.050,0.000
EXP-05,exp05_p02_m02_ro100_lh05,baseline,wait,t01,human_1,2,human_queue,0,1.50,1.50,0,1.50
EXP-05,exp05_p02_m02_ro100_lh05,baseline,wait,t04_part_01,specification,2,human_queue,12.00,14.25,2.25,12.00,2.25
EXP-05,exp05_p02_m02_ro100_lh05,exact,phase,t01,human_1,2,human,1.50000,2.25000,0.75000,1.50000,0.00000
EXP-05,exp05_p02_m02_ro100_lh05,exact,phase,t01,agent_1,2,agent,2.25000,6.75000,4.50000,,0
EXP-05,exp05_p02_m02_ro100_lh05,exact,phase,t01,human_2,2,human,6.75000,7.50000,0.75000,6.75000,0.00000
EXP-05,exp05_p02_m02_ro100_lh05,exact,phase,t02,human_1,1,human,0.00000,1.50000,1.50000,0.00000,0.00000
EXP-05,exp05_p02_m02_ro100_lh05,exact,phase,t02,agent_1,1,agent,1.50000,10.50000,9.00000,,0
EXP-05,exp05_p02_m02_ro100_lh05,exact,phase,t02,human_2,1,human,10.50000,12.00000,1.50000,10.50000,0.00000
EXP-05,exp05_p02_m02_ro100_lh05,exact,phase,t03,human_1,1,human,13.80000,16.05000,2.25000,13.80000,0.00000
EXP-05,exp05_p02_m02_ro100_lh05,exact,phase,t03,agent_1,1,agent,16.05000,29.55000,13.50000,,0
EXP-05,exp05_p02_m02_ro100_lh05,exact,phase,t03,human_2,1,human,29.55000,31.80000,2.25000,29.55000,0.00000
EXP-05,exp05_p02_m02_ro100_lh05,exact,phase,t04_part_01,specification,2,human,12.00000,13.80000,1.80000,12.00000,0.00000
EXP-05,exp05_p02_m02_ro100_lh05,exact,phase,t04_part_01,implementation,2,agent,13.80000,23.10000,9.30000,,0
EXP-05,exp05_p02_m02_ro100_lh05,exact,phase,t04_part_02,specification,2,human,23.10000,24.90000,1.80000,23.10000,0.00000
EXP-05,exp05_p02_m02_ro100_lh05,exact,phase,t04_part_02,implementation,2,agent,24.90000,34.20000,9.30000,,0
EXP-05,exp05_p02_m02_ro100_lh05,exact,phase,t04_join,integration,2,agent,34.20000,34.80000,0.60000,,0
EXP-05,exp05_p02_m02_ro100_lh05,exact,phase,t04_join,acceptance,2,human,34.80000,38.40000,3.60000,34.80000,0.00000
EXP-05,exp05_p02_m03_ro000_lh00,baseline,phase,t01,human_1,2,human,1.50,2.25,0.75,0,1.50
EXP-05,exp05_p02_m03_ro000_lh00,baseline,phase,t01,agent_1,2,agent,2.25,6.75,4.50,,0
EXP-05,exp05_p02_m03_ro000_lh00,baseline,phase,t01,human_2,2,human,6.75,7.50,0.75,6.75,0.00
EXP-05,exp05_p02_m03_ro000_lh00,baseline,phase,t02,human_1,1,human,0,1.50,1.50,0,0
EXP-05,exp05_p02_m03_ro000_lh00,baseline,phase,t02,agent_1,1,agent,1.50,10.50,9.00,,0
EXP-05,exp05_p02_m03_ro000_lh00,baseline,phase,t02,human_2,1,human,10.50,12.00,1.50,10.50,0.00
EXP-05,exp05_p02_m03_ro000_lh00,baseline,phase,t03,human_1,1,human,12.00,14.25,2.25,12.00,0.00
EXP-05,exp05_p02_m03_ro000_lh00,baseline,phase,t03,agent_1,1,agent,14.25,27.75,13.50,,0
EXP-05,exp05_p02_m03_ro000_lh00,baseline,phase,t03,human_2,1,human,27.75,30.00,2.25,27.75,0.00
EXP-05,exp05_p02_m03_ro000_lh00,baseline,phase,t04_part_01,specification,2,human,14.25,15.25,1.00,12.00,2.25
EXP-05,exp05_p02_m03_ro000_lh00,baseline,phase,t04_part_01,implementation,2,agent,15.25,21.25,6.00,,0
EXP-05,exp05_p02_m03_ro000_lh00,baseline,phase,t04_part_02,specification,2,human,21.25,22.25,1.00,21.25,0.00
EXP-05,exp05_p02_m03_ro000_lh00,baseline,phase,t04_part_02,implementation,2,agent,22.25,28.25,6.00,,0
EXP-05,exp05_p02_m03_ro000_lh00,baseline,phase,t04_part_03,specification,2,human,30.00,31.00,1.00,28.25,1.75
EXP-05,exp05_p02_m03_ro000_lh00,baseline,phase,t04_part_03,implementation,2,agent,31.00,37.00,6.00,,0
EXP-05,exp05_p02_m03_ro000_lh00,baseline,phase,t04_join,acceptance,1,human,37.00,40.00,3.00,37.00,0.00
EXP-05,exp05_p02_m03_ro000_lh00,baseline,wait,t01,human_1,2,human_queue,0,1.50,1.50,0,1.50
EXP-05,exp05_p02_m03_ro000_lh00,baseline,wait,t04_part_01,specification,2,human_queue,12.00,14.25,2.25,12.00,2.25
EXP-05,exp05_p02_m03_ro000_lh00,baseline,wait,t04_part_03,specification,2,human_queue,28.25,30.00,1.75,28.25,1.75
EXP-05,exp05_p02_m03_ro000_lh00,exact,phase,t01,human_1,2,human,1.50000,2.25000,0.75000,1.50000,0.00000
EXP-05,exp05_p02_m03_ro000_lh00,exact,phase,t01,agent_1,2,agent,2.25000,6.75000,4.50000,,0
EXP-05,exp05_p02_m03_ro000_lh00,exact,phase,t01,human_2,2,human,6.75000,7.50000,0.75000,6.75000,0.00000
EXP-05,exp05_p02_m03_ro000_lh00,exact,phase,t02,human_1,1,human,0.00000,1.50000,1.50000,0.00000,0.00000
EXP-05,exp05_p02_m03_ro000_lh00,exact,phase,t02,agent_1,1,agent,1.50000,10.50000,9.00000,,0
EXP-05,exp05_p02_m03_ro000_lh00,exact,phase,t02,human_2,1,human,10.50000,12.00000,1.50000,10.50000,0.00000
EXP-05,exp05_p02_m03_ro000_lh00,exact,phase,t03,human_1,2,human,13.00000,15.25000,2.25000,13.00000,0.00000
EXP-05,exp05_p02_m03_ro000_lh00,exact,phase,t03,agent_1,2,agent,15.25000,28.75000,13.50000,,0
EXP-05,exp05_p02_m03_ro000_lh00,exact,phase,t03,human_2,2,human,28.75000,31.00000,2.25000,28.75000,0.00000
EXP-05,exp05_p02_m03_ro000_lh00,exact,phase,t04_part_01,specification,1,human,12.00000,13.00000,1.00000,12.00000,0.00000
EXP-05,exp05_p02_m03_ro000_lh00,exact,phase,t04_part_01,implementation,1,agent,13.00000,19.00000,6.00000,,0
EXP-05,exp05_p02_m03_ro000_lh00,exact,phase,t04_part_02,specification,1,human,19.00000,20.00000,1.00000,19.00000,0.00000
EXP-05,exp05_p02_m03_ro000_lh00,exact,phase,t04_part_02,implementation,1,agent,20.00000,26.00000,6.00000,,0
EXP-05,exp05_p02_m03_ro000_lh00,exact,phase,t04_part_03,specification,1,human,26.00000,27.00000,1.00000,26.00000,0.00000
EXP-05,exp05_p02_m03_ro000_lh00,exact,phase,t04_part_03,implementation,1,agent,27.00000,33.00000,6.00000,,0
EXP-05,exp05_p02_m03_ro000_lh00,exact,phase,t04_join,acceptance,1,human,33.00000,36.00000,3.00000,33.00000,0.00000
EXP-05,exp05_p02_m03_ro050_lh00,baseline,phase,t01,human_1,2,human,1.50,2.25,0.75,0,1.50
EXP-05,exp05_p02_m03_ro050_lh00,baseline,phase,t01,agent_1,2,agent,2.25,6.75,4.50,,0
EXP-05,exp05_p02_m03_ro050_lh00,baseline,phase,t01,human_2,2,human,6.75,7.50,0.75,6.75,0.00
EXP-05,exp05_p02_m03_ro050_lh00,baseline,phase,t02,human_1,1,human,0,1.50,1.50,0,0
EXP-05,exp05_p02_m03_ro050_lh00,baseline,phase,t02,agent_1,1,agent,1.50,10.50,9.00,,0
EXP-05,exp05_p02_m03_ro050_lh00,baseline,phase,t02,human_2,1,human,10.50,12.00,1.50,10.50,0.00
EXP-05,exp05_p02_m03_ro050_lh00,baseline,phase,t03,human_1,1,human,12.00,14.25,2.25,12.00,0.00
EXP-05,exp05_p02_m03_ro050_lh00,baseline,phase,t03,agent_1,1,agent,14.25,27.75,13.50,,0
EXP-05,exp05_p02_m03_ro050_lh00,baseline,phase,t03,human_2,1,human,27.75,30.00,2.25,27.75,0.00
EXP-05,exp05_p02_m03_ro050_lh00,baseline,phase,t04_part_01,specification,2,human,14.25,15.25,1.00,12.00,2.25
EXP-05,exp05_p02_m03_ro050_lh00,baseline,phase,t04_part_01,implementation,2,agent,15.25,21.65,6.40,,0
EXP-05,exp05_p02_m03_ro050_lh00,baseline,phase,t04_part_02,specification,2,human,21.65,22.65,1.00,21.65,0.00
EXP-05,exp05_p02_m03_ro050_lh00,baseline,phase,t04_part_02,implementation,2,agent,22.65,29.05,6.40,,0
EXP-05,exp05_p02_m03_ro050_lh00,baseline,phase,t04_part_03,specification,2,human,30.00,31.00,1.00,29.05,0.95
EXP-05,exp05_p02_m03_ro050_lh00,baseline,phase,t04_part_03,implementation,2,agent,31.00,37.40,6.40,,0
EXP-05,exp05_p02_m03_ro050_lh00,baseline,phase,t04_join,integration,1,agent,37.40,38.60,1.20,,0
EXP-05,exp05_p02_m03_ro050_lh00,baseline,phase,t04_join,acceptance,1,human,38.60,41.60,3.00,38.60,0.00
EXP-05,exp05_p02_m03_ro050_lh00,baseline,wait,t01,human_1,2,human_queue,0,1.50,1.50,0,1.50
EXP-05,exp05_p02_m03_ro050_lh00,baseline,wait,t04_part_01,specification,2,human_queue,12.00,14.25,2.25,12.00,2.25
EXP-05,exp05_p02_m03_ro050_lh00,baseline,wait,t04_part_03,specification,2,human_queue,29.05,30.00,0.95,29.05,0.95
EXP-05,exp05_p02_m03_ro050_lh00,exact,phase,t01,human_1,2,human,1.50000,2.25000,0.75000,1.50000,0.00000
EXP-05,exp05_p02_m03_ro050_lh00,exact,phase,t01,agent_1,2,agent,2.25000,6.75000,4.50000,,0
EXP-05,exp05_p02_m03_ro050_lh00,exact,phase,t01,human_2,2,human,6.75000,7.50000,0.75000,6.75000,0.00000
EXP-05,exp05_p02_m03_ro050_lh00,exact,phase,t02,human_1,1,human,0.00000,1.50000,1.50000,0.00000,0.00000
EXP-05,exp05_p02_m03_ro050_lh00,exact,phase,t02,agent_1,1,agent,1.50000,10.50000,9.00000,,0
EXP-05,exp05_p02_m03_ro050_lh00,exact,phase,t02,human_2,1,human,10.50000,12.00000,1.50000,10.50000,0.00000
EXP-05,exp05_p02_m03_ro050_lh00,exact,phase,t03,human_1,2,human,19.40000,21.65000,2.25000,19.40000,0.00000
EXP-05,exp05_p02_m03_ro050_lh00,exact,phase,t03,agent_1,2,agent,21.65000,35.15000,13.50000,,0
EXP-05,exp05_p02_m03_ro050_lh00,exact,phase,t03,human_2,2,human,35.15000,37.40000,2.25000,35.15000,0.00000
EXP-05,exp05_p02_m03_ro050_lh00,exact,phase,t04_part_01,specification,2,human,12.00000,13.00000,1.00000,12.00000,0.00000
EXP-05,exp05_p02_m03_ro050_lh00,exact,phase,t04_part_01,implementation,2,agent,13.00000,19.40000,6.40000,,0
EXP-05,exp05_p02_m03_ro050_lh00,exact,phase,t04_part_02,specification,1,human,21.65000,22.65000,1.00000,21.65000,0.00000
EXP-05,exp05_p02_m03_ro050_lh00,exact,phase,t04_part_02,implementation,1,agent,22.65000,29.05000,6.40000,,0
EXP-05,exp05_p02_m03_ro050_lh00,exact,phase,t04_part_03,specification,1,human,13.00000,14.00000,1.00000,13.00000,0.00000
EXP-05,exp05_p02_m03_ro050_lh00,exact,phase,t04_part_03,implementation,1,agent,14.00000,20.40000,6.40000,,0
EXP-05,exp05_p02_m03_ro050_lh00,exact,phase,t04_join,integration,1,agent,29.05000,30.25000,1.20000,,0
EXP-05,exp05_p02_m03_ro050_lh00,exact,phase,t04_join,acceptance,1,human,30.25000,33.25000,3.00000,30.25000,0.00000
EXP-05,exp05_p02_m03_ro050_lh05,baseline,phase,t01,human_1,2,human,1.50,2.25,0.75,0,1.50
EXP-05,exp05_p02_m03_ro050_lh05,baseline,phase,t01,agent_1,2,agent,2.25,6.75,4.50,,0
EXP-05,exp05_p02_m03_ro050_lh05,baseline,phase,t01,human_2,2,human,6.75,7.50,0.75,6.75,0.00
EXP-05,exp05_p02_m03_ro050_lh05,baseline,phase,t02,human_1,1,human,0,1.50,1.50,0,0
EXP-05,exp05_p02_m03_ro050_lh05,baseline,phase,t02,agent_1,1,agent,1.50,10.50,9.00,,0
EXP-05,exp05_p02_m03_ro050_lh05,baseline,phase,t02,human_2,1,human,10.50,12.00,1.50,10.50,0.00
EXP-05,exp05_p02_m03_ro050_lh05,baseline,phase,t03,human_1,1,human,12.00,14.25,2.25,12.00,0.00
EXP-05,exp05_p02_m03_ro050_lh05,baseline,phase,t03,agent_1,1,agent,14.25,27.75,13.50,,0
EXP-05,exp05_p02_m03_ro050_lh05,baseline,phase,t03,human_2,1,human,27.75,30.00,2.25,27.75,0.00
EXP-05,exp05_p02_m03_ro050_lh05,baseline,phase,t04_part_01,specification,2,human,14.25,15.450,1.200,12.00,2.25
EXP-05,exp05_p02_m03_ro050_lh05,baseline,phase,t04_part_01,implementation,2,agent,15.450,21.650,6.200,,0
EXP-05,exp05_p02_m03_ro050_lh05,baseline,phase,t04_part_02,specification,2,human,21.650,22.850,1.200,21.650,0.000
EXP-05,exp05_p02_m03_ro050_lh05,baseline,phase,t04_part_02,implementation,2,agent,22.850,29.050,6.200,,0
EXP-05,exp05_p02_m03_ro050_lh05,baseline,phase,t04_part_03,specification,2,human,30.00,31.200,1.200,29.050,0.950
EXP-05,exp05_p02_m03_ro050_lh05,baseline,phase,t04_part_03,implementation,2,agent,31.200,37.400,6.200,,0
EXP-05,exp05_p02_m03_ro050_lh05,baseline,phase,t04_join,integration,1,agent,37.400,38.000,0.600,,0
EXP-05,exp05_p02_m03_ro050_lh05,baseline,phase,t04_join,acceptance,1,human,38.000,41.600,3.600,38.000,0.000
EXP-05,exp05_p02_m03_ro050_lh05,baseline,wait,t01,human_1,2,human_queue,0,1.50,1.50,0,1.50
EXP-05,exp05_p02_m03_ro050_lh05,baseline,wait,t04_part_01,specification,2,human_queue,12.00,14.25,2.25,12.00,2.25
EXP-05,exp05_p02_m03_ro050_lh05,baseline,wait,t04_part_03,specification,2,human_queue,29.050,30.00,0.950,29.050,0.950
EXP-05,exp05_p02_m03_ro050_lh05,exact,phase,t01,human_1,2,human,1.50000,2.25000,0.75000,1.50000,0.00000
EXP-05,exp05_p02_m03_ro050_lh05,exact,phase,t01,agent_1,2,agent,2.25000,6.75000,4.50000,,0
EXP-05,exp05_p02_m03_ro050_lh05,exact,phase,t01,human_2,2,human,6.75000,7.50000,0.75000,6.75000,0.00000
EXP-05,exp05_p02_m03_ro050_lh05,exact,phase,t02,human_1,1,human,0.00000,1.50000,1.50000,0.00000,0.00000
EXP-05,exp05_p02_m03_ro050_lh05,exact,phase,t02,agent_1,1,agent,1.50000,10.50000,9.00000,,0
EXP-05,exp05_p02_m03_ro050_lh05,exact,phase,t02,human_2,1,human,10.50000,12.00000,1.50000,10.50000,0.00000
EXP-05,exp05_p02_m03_ro050_lh05,exact,phase,t03,human_1,2,human,19.40000,21.65000,2.25000,19.40000,0.00000
EXP-05,exp05_p02_m03_ro050_lh05,exact,phase,t03,agent_1,2,agent,21.65000,35.15000,13.50000,,0
EXP-05,exp05_p02_m03_ro050_lh05,exact,phase,t03,human_2,2,human,35.15000,37.40000,2.25000,35.15000,0.00000
EXP-05,exp05_p02_m03_ro050_lh05,exact,phase,t04_part_01,specification,2,human,12.00000,13.20000,1.20000,12.00000,0.00000
EXP-05,exp05_p02_m03_ro050_lh05,exact,phase,t04_part_01,implementation,2,agent,13.20000,19.40000,6.20000,,0
EXP-05,exp05_p02_m03_ro050_lh05,exact,phase,t04_part_02,specification,1,human,21.65000,22.85000,1.20000,21.65000,0.00000
EXP-05,exp05_p02_m03_ro050_lh05,exact,phase,t04_part_02,implementation,1,agent,22.85000,29.05000,6.20000,,0
EXP-05,exp05_p02_m03_ro050_lh05,exact,phase,t04_part_03,specification,1,human,13.20000,14.40000,1.20000,13.20000,0.00000
EXP-05,exp05_p02_m03_ro050_lh05,exact,phase,t04_part_03,implementation,1,agent,14.40000,20.60000,6.20000,,0
EXP-05,exp05_p02_m03_ro050_lh05,exact,phase,t04_join,integration,1,agent,29.05000,29.65000,0.60000,,0
EXP-05,exp05_p02_m03_ro050_lh05,exact,phase,t04_join,acceptance,1,human,29.65000,33.25000,3.60000,29.65000,0.00000
EXP-05,exp05_p02_m03_ro100_lh00,baseline,phase,t01,human_1,2,human,1.50,2.25,0.75,0,1.50
EXP-05,exp05_p02_m03_ro100_lh00,baseline,phase,t01,agent_1,2,agent,2.25,6.75,4.50,,0
EXP-05,exp05_p02_m03_ro100_lh00,baseline,phase,t01,human_2,2,human,6.75,7.50,0.75,6.75,0.00
EXP-05,exp05_p02_m03_ro100_lh00,baseline,phase,t02,human_1,1,human,0,1.50,1.50,0,0
EXP-05,exp05_p02_m03_ro100_lh00,baseline,phase,t02,agent_1,1,agent,1.50,10.50,9.00,,0
EXP-05,exp05_p02_m03_ro100_lh00,baseline,phase,t02,human_2,1,human,10.50,12.00,1.50,10.50,0.00
EXP-05,exp05_p02_m03_ro100_lh00,baseline,phase,t03,human_1,1,human,12.00,14.25,2.25,12.00,0.00
EXP-05,exp05_p02_m03_ro100_lh00,baseline,phase,t03,agent_1,1,agent,14.25,27.75,13.50,,0
EXP-05,exp05_p02_m03_ro100_lh00,baseline,phase,t03,human_2,1,human,27.75,30.00,2.25,27.75,0.00
EXP-05,exp05_p02_m03_ro100_lh00,baseline,phase,t04_part_01,specification,2,human,14.25,15.25,1.00,12.00,2.25
EXP-05,exp05_p02_m03_ro100_lh00,baseline,phase,t04_part_01,implementation,2,agent,15.25,22.05,6.80,,0
EXP-05,exp05_p02_m03_ro100_lh00,baseline,phase,t04_part_02,specification,2,human,22.05,23.05,1.00,22.05,0.00
EXP-05,exp05_p02_m03_ro100_lh00,baseline,phase,t04_part_02,implementation,2,agent,23.05,29.85,6.80,,0
EXP-05,exp05_p02_m03_ro100_lh00,baseline,phase,t04_part_03,specification,2,human,30.00,31.00,1.00,29.85,0.15
EXP-05,exp05_p02_m03_ro100_lh00,baseline,phase,t04_part_03,implementation,2,agent,31.00,37.80,6.80,,0
EXP-05,exp05_p02_m03_ro100_lh00,baseline,phase,t04_join,integration,1,agent,37.80,40.20,2.40,,0
EXP-05,exp05_p02_m03_ro100_lh00,baseline,phase,t04_join,acceptance,1,human,40.20,43.20,3.00,40.20,0.00
EXP-05,exp05_p02_m03_ro100_lh00,baseline,wait,t01,human_1,2,human_queue,0,1.50,1.50,0,1.50
EXP-05,exp05_p02_m03_ro100_lh00,baseline,wait,t04_part_01,specification,2,human_queue,12.00,14.25,2.25,12.00,2.25
EXP-05,exp05_p02_m03_ro100_lh00,baseline,wait,t04_part_03,specification,2,human_queue,29.85,30.00,0.15,29.85,0.15
EXP-05,exp05_p02_m03_ro100_lh00,exact,phase,t01,human_1,2,human,1.50000,2.25000,0.75000,1.50000,0.00000
EXP-05,exp05_p02_m03_ro100_lh00,exact,phase,t01,agent_1,2,agent,2.25000,6.75000,4.50000,,0
EXP-05,exp05_p02_m03_ro100_lh00,exact,phase,t01,human_2,2,human,6.75000,7.50000,0.75000,6.75000,0.00000
EXP-05,exp05_p02_m03_ro100_lh00,exact,phase,t02,human_1,1,human,0.00000,1.50000,1.50000,0.00000,0.00000
EXP-05,exp05_p02_m03_ro100_lh00,exact,phase,t02,agent_1,1,agent,1.50000,10.50000,9.00000,,0
EXP-05,exp05_p02_m03_ro100_lh00,exact,phase,t02,human_2,1,human,10.50000,12.00000,1.50000,10.50000,0.00000
EXP-05,exp05_p02_m03_ro100_lh00,exact,phase,t03,human_1,2,human,19.80000,22.05000,2.25000,19.80000,0.00000
EXP-05,exp05_p02_m03_ro100_lh00,exact,phase,t03,agent_1,2,agent,22.05000,35.55000,13.50000,,0
EXP-05,exp05_p02_m03_ro100_lh00,exact,phase,t03,human_2,2,human,35.55000,37.80000,2.25000,35.55000,0.00000
EXP-05,exp05_p02_m03_ro100_lh00,exact,phase,t04_part_01,specification,2,human,12.00000,13.00000,1.00000,12.00000,0.00000
EXP-05,exp05_p02_m03_ro100_lh00,exact,phase,t04_part_01,implementation,2,agent,13.00000,19.80000,6.80000,,0
EXP-05,exp05_p02_m03_ro100_lh00,exact,phase,t04_part_02,specification,1,human,22.05000,23.05000,1.00000,22.05000,0.00000
EXP-05,exp05_p02_m03_ro100_lh00,exact,phase,t04_part_02,implementation,1,agent,23.05000,29.85000,6.80000,,0
EXP-05,exp05_p02_m03_ro100_lh00,exact,phase,t04_part_03,specification,1,human,13.00000,14.00000,1.00000,13.00000,0.00000
EXP-05,exp05_p02_m03_ro100_lh00,exact,phase,t04_part_03,implementation,1,agent,14.00000,20.80000,6.80000,,0
EXP-05,exp05_p02_m03_ro100_lh00,exact,phase,t04_join,integration,1,agent,29.85000,32.25000,2.40000,,0
EXP-05,exp05_p02_m03_ro100_lh00,exact,phase,t04_join,acceptance,1,human,32.25000,35.25000,3.00000,32.25000,0.00000
EXP-05,exp05_p02_m03_ro100_lh05,baseline,phase,t01,human_1,2,human,1.50,2.25,0.75,0,1.50
EXP-05,exp05_p02_m03_ro100_lh05,baseline,phase,t01,agent_1,2,agent,2.25,6.75,4.50,,0
EXP-05,exp05_p02_m03_ro100_lh05,baseline,phase,t01,human_2,2,human,6.75,7.50,0.75,6.75,0.00
EXP-05,exp05_p02_m03_ro100_lh05,baseline,phase,t02,human_1,1,human,0,1.50,1.50,0,0
EXP-05,exp05_p02_m03_ro100_lh05,baseline,phase,t02,agent_1,1,agent,1.50,10.50,9.00,,0
EXP-05,exp05_p02_m03_ro100_lh05,baseline,phase,t02,human_2,1,human,10.50,12.00,1.50,10.50,0.00
EXP-05,exp05_p02_m03_ro100_lh05,baseline,phase,t03,human_1,1,human,12.00,14.25,2.25,12.00,0.00
EXP-05,exp05_p02_m03_ro100_lh05,baseline,phase,t03,agent_1,1,agent,14.25,27.75,13.50,,0
EXP-05,exp05_p02_m03_ro100_lh05,baseline,phase,t03,human_2,1,human,27.75,30.00,2.25,27.75,0.00
EXP-05,exp05_p02_m03_ro100_lh05,baseline,phase,t04_part_01,specification,2,human,14.25,15.650,1.400,12.00,2.25
EXP-05,exp05_p02_m03_ro100_lh05,baseline,phase,t04_part_01,implementation,2,agent,15.650,22.050,6.400,,0
EXP-05,exp05_p02_m03_ro100_lh05,baseline,phase,t04_part_02,specification,2,human,22.050,23.450,1.400,22.050,0.000
EXP-05,exp05_p02_m03_ro100_lh05,baseline,phase,t04_part_02,implementation,2,agent,23.450,29.850,6.400,,0
EXP-05,exp05_p02_m03_ro100_lh05,baseline,phase,t04_part_03,specification,2,human,30.00,31.400,1.400,29.850,0.150
EXP-05,exp05_p02_m03_ro100_lh05,baseline,phase,t04_part_03,implementation,2,agent,31.400,37.800,6.400,,0
EXP-05,exp05_p02_m03_ro100_lh05,baseline,phase,t04_join,integration,1,agent,37.800,39.000,1.200,,0
EXP-05,exp05_p02_m03_ro100_lh05,baseline,phase,t04_join,acceptance,1,human,39.000,43.200,4.200,39.000,0.000
EXP-05,exp05_p02_m03_ro100_lh05,baseline,wait,t01,human_1,2,human_queue,0,1.50,1.50,0,1.50
EXP-05,exp05_p02_m03_ro100_lh05,baseline,wait,t04_part_01,specification,2,human_queue,12.00,14.25,2.25,12.00,2.25
EXP-05,exp05_p02_m03_ro100_lh05,baseline,wait,t04_part_03,specification,2,human_queue,29.850,30.00,0.150,29.850,0.150
EXP-05,exp05_p02_m03_ro100_lh05,exact,phase,t01,human_1,2,human,1.50000,2.25000,0.75000,1.50000,0.00000
EXP-05,exp05_p02_m03_ro100_lh05,exact,phase,t01,agent_1,2,agent,2.25000,6.75000,4.50000,,0
EXP-05,exp05_p02_m03_ro100_lh05,exact,phase,t01,human_2,2,human,6.75000,7.50000,0.75000,6.75000,0.00000
EXP-05,exp05_p02_m03_ro100_lh05,exact,phase,t02,human_1,1,human,0.00000,1.50000,1.50000,0.00000,0.00000
EXP-05,exp05_p02_m03_ro100_lh05,exact,phase,t02,agent_1,1,agent,1.50000,10.50000,9.00000,,0
EXP-05,exp05_p02_m03_ro100_lh05,exact,phase,t02,human_2,1,human,10.50000,12.00000,1.50000,10.50000,0.00000
EXP-05,exp05_p02_m03_ro100_lh05,exact,phase,t03,human_1,2,human,19.80000,22.05000,2.25000,19.80000,0.00000
EXP-05,exp05_p02_m03_ro100_lh05,exact,phase,t03,agent_1,2,agent,22.05000,35.55000,13.50000,,0
EXP-05,exp05_p02_m03_ro100_lh05,exact,phase,t03,human_2,2,human,35.55000,37.80000,2.25000,35.55000,0.00000
EXP-05,exp05_p02_m03_ro100_lh05,exact,phase,t04_part_01,specification,2,human,12.00000,13.40000,1.40000,12.00000,0.00000
EXP-05,exp05_p02_m03_ro100_lh05,exact,phase,t04_part_01,implementation,2,agent,13.40000,19.80000,6.40000,,0
EXP-05,exp05_p02_m03_ro100_lh05,exact,phase,t04_part_02,specification,1,human,22.05000,23.45000,1.40000,22.05000,0.00000
EXP-05,exp05_p02_m03_ro100_lh05,exact,phase,t04_part_02,implementation,1,agent,23.45000,29.85000,6.40000,,0
EXP-05,exp05_p02_m03_ro100_lh05,exact,phase,t04_part_03,specification,1,human,13.40000,14.80000,1.40000,13.40000,0.00000
EXP-05,exp05_p02_m03_ro100_lh05,exact,phase,t04_part_03,implementation,1,agent,14.80000,21.20000,6.40000,,0
EXP-05,exp05_p02_m03_ro100_lh05,exact,phase,t04_join,integration,1,agent,29.85000,31.05000,1.20000,,0
EXP-05,exp05_p02_m03_ro100_lh05,exact,phase,t04_join,acceptance,1,human,31.05000,35.25000,4.20000,31.05000,0.00000
EXP-05,exp05_p02_m04_ro000_lh00,baseline,phase,t01,human_1,2,human,1.50,2.25,0.75,0,1.50
EXP-05,exp05_p02_m04_ro000_lh00,baseline,phase,t01,agent_1,2,agent,2.25,6.75,4.50,,0
EXP-05,exp05_p02_m04_ro000_lh00,baseline,phase,t01,human_2,2,human,6.75,7.50,0.75,6.75,0.00
EXP-05,exp05_p02_m04_ro000_lh00,baseline,phase,t02,human_1,1,human,0,1.50,1.50,0,0
EXP-05,exp05_p02_m04_ro000_lh00,baseline,phase,t02,agent_1,1,agent,1.50,10.50,9.00,,0
EXP-05,exp05_p02_m04_ro000_lh00,baseline,phase,t02,human_2,1,human,10.50,12.00,1.50,10.50,0.00
EXP-05,exp05_p02_m04_ro000_lh00,baseline,phase,t03,human_1,1,human,12.00,14.25,2.25,12.00,0.00
EXP-05,exp05_p02_m04_ro000_lh00,baseline,phase,t03,agent_1,1,agent,14.25,27.75,13.50,,0
EXP-05,exp05_p02_m04_ro000_lh00,baseline,phase,t03,human_2,1,human,27.75,30.00,2.25,27.75,0.00
EXP-05,exp05_p02_m04_ro000_lh00,baseline,phase,t04_part_01,specification,2,human,14.25,15.00,0.75,12.00,2.25
EXP-05,exp05_p02_m04_ro000_lh00,baseline,phase,t04_part_01,implementation,2,agent,15.00,19.50,4.50,,0
EXP-05,exp05_p02_m04_ro000_lh00,baseline,phase,t04_part_02,specification,2,human,19.50,20.25,0.75,19.50,0.00
EXP-05,exp05_p02_m04_ro000_lh00,baseline,phase,t04_part_02,implementation,2,agent,20.25,24.75,4.50,,0
EXP-05,exp05_p02_m04_ro000_lh00,baseline,phase,t04_part_03,specification,2,human,24.75,25.50,0.75,24.75,0.00
EXP-05,exp05_p02_m04_ro000_lh00,baseline,phase,t04_part_03,implementation,2,agent,25.50,30.00,4.50,,0
EXP-05,exp05_p02_m04_ro000_lh00,baseline,phase,t04_part_04,specification,1,human,30.00,30.75,0.75,30.00,0.00
EXP-05,exp05_p02_m04_ro000_lh00,baseline,phase,t04_part_04,implementation,1,agent,30.75,35.25,4.50,,0
EXP-05,exp05_p02_m04_ro000_lh00,baseline,phase,t04_join,acceptance,1,human,35.25,38.25,3.00,35.25,0.00
EXP-05,exp05_p02_m04_ro000_lh00,baseline,wait,t01,human_1,2,human_queue,0,1.50,1.50,0,1.50
EXP-05,exp05_p02_m04_ro000_lh00,baseline,wait,t04_part_01,specification,2,human_queue,12.00,14.25,2.25,12.00,2.25
EXP-05,exp05_p02_m04_ro000_lh00,exact,phase,t01,human_1,2,human,1.50000,2.25000,0.75000,1.50000,0.00000
EXP-05,exp05_p02_m04_ro000_lh00,exact,phase,t01,agent_1,2,agent,2.25000,6.75000,4.50000,,0
EXP-05,exp05_p02_m04_ro000_lh00,exact,phase,t01,human_2,2,human,6.75000,7.50000,0.75000,6.75000,0.00000
EXP-05,exp05_p02_m04_ro000_lh00,exact,phase,t02,human_1,1,human,0.00000,1.50000,1.50000,0.00000,0.00000
EXP-05,exp05_p02_m04_ro000_lh00,exact,phase,t02,agent_1,1,agent,1.50000,10.50000,9.00000,,0
EXP-05,exp05_p02_m04_ro000_lh00,exact,phase,t02,human_2,1,human,10.50000,12.00000,1.50000,10.50000,0.00000
EXP-05,exp05_p02_m04_ro000_lh00,exact,phase,t03,human_1,2,human,17.25000,19.50000,2.25000,17.25000,0.00000
EXP-05,exp05_p02_m04_ro000_lh00,exact,phase,t03,agent_1,2,agent,19.50000,33.00000,13.50000,,0
EXP-05,exp05_p02_m04_ro000_lh00,exact,phase,t03,human_2,2,human,33.00000,35.25000,2.25000,33.00000,0.00000
EXP-05,exp05_p02_m04_ro000_lh00,exact,phase,t04_part_01,specification,1,human,24.75000,25.50000,0.75000,24.75000,0.00000
EXP-05,exp05_p02_m04_ro000_lh00,exact,phase,t04_part_01,implementation,1,agent,25.50000,30.00000,4.50000,,0
EXP-05,exp05_p02_m04_ro000_lh00,exact,phase,t04_part_02,specification,1,human,12.75000,13.50000,0.75000,12.75000,0.00000
EXP-05,exp05_p02_m04_ro000_lh00,exact,phase,t04_part_02,implementation,1,agent,13.50000,18.00000,4.50000,,0
EXP-05,exp05_p02_m04_ro000_lh00,exact,phase,t04_part_03,specification,1,human,19.50000,20.25000,0.75000,19.50000,0.00000
EXP-05,exp05_p02_m04_ro000_lh00,exact,phase,t04_part_03,implementation,1,agent,20.25000,24.75000,4.50000,,0
EXP-05,exp05_p02_m04_ro000_lh00,exact,phase,t04_part_04,specification,2,human,12.00000,12.75000,0.75000,12.00000,0.00000
EXP-05,exp05_p02_m04_ro000_lh00,exact,phase,t04_part_04,implementation,2,agent,12.75000,17.25000,4.50000,,0
EXP-05,exp05_p02_m04_ro000_lh00,exact,phase,t04_join,acceptance,1,human,30.00000,33.00000,3.00000,30.00000,0.00000
EXP-05,exp05_p02_m04_ro050_lh00,baseline,phase,t01,human_1,2,human,1.50,2.25,0.75,0,1.50
EXP-05,exp05_p02_m04_ro050_lh00,baseline,phase,t01,agent_1,2,agent,2.25,6.75,4.50,,0
EXP-05,exp05_p02_m04_ro050_lh00,baseline,phase,t01,human_2,2,human,6.75,7.50,0.75,6.75,0.00
EXP-05,exp05_p02_m04_ro050_lh00,baseline,phase,t02,human_1,1,human,0,1.50,1.50,0,0
EXP-05,exp05_p02_m04_ro050_lh00,baseline,phase,t02,agent_1,1,agent,1.50,10.50,9.00,,0
EXP-05,exp05_p02_m04_ro050_lh00,baseline,phase,t02,human_2,1,human,10.50,12.00,1.50,10.50,0.00
EXP-05,exp05_p02_m04_ro050_lh00,baseline,phase,t03,human_1,1,human,12.00,14.25,2.25,12.00,0.00
EXP-05,exp05_p02_m04_ro050_lh00,baseline,phase,t03,agent_1,1,agent,14.25,27.75,13.50,,0
EXP-05,exp05_p02_m04_ro050_lh00,baseline,phase,t03,human_2,1,human,27.75,30.00,2.25,27.75,0.00
EXP-05,exp05_p02_m04_ro050_lh00,baseline,phase,t04_part_01,specification,2,human,14.25,15.00,0.75,12.00,2.25
EXP-05,exp05_p02_m04_ro050_lh00,baseline,phase,t04_part_01,implementation,2,agent,15.00,19.95,4.95,,0
EXP-05,exp05_p02_m04_ro050_lh00,baseline,phase,t04_part_02,specification,2,human,19.95,20.70,0.75,19.95,0.00
EXP-05,exp05_p02_m04_ro050_lh00,baseline,phase,t04_part_02,implementation,2,agent,20.70,25.65,4.95,,0
EXP-05,exp05_p02_m04_ro050_lh00,baseline,phase,t04_part_03,specification,2,human,25.65,26.40,0.75,25.65,0.00
EXP-05,exp05_p02_m04_ro050_lh00,baseline,phase,t04_part_03,implementation,2,agent,26.40,31.35,4.95,,0
EXP-05,exp05_p02_m04_ro050_lh00,baseline,phase,t04_part_04,specification,1,human,30.00,30.75,0.75,30.00,0.00
EXP-05,exp05_p02_m04_ro050_lh00,baseline,phase,t04_part_04,implementation,1,agent,30.75,35.70,4.95,,0
EXP-05,exp05_p02_m04_ro050_lh00,baseline,phase,t04_join,integration,1,agent,35.70,37.50,1.80,,0
EXP-05,exp05_p02_m04_ro050_lh00,baseline,phase,t04_join,acceptance,1,human,37.50,40.50,3.00,37.50,0.00
EXP-05,exp05_p02_m04_ro050_lh00,baseline,wait,t01,human_1,2,human_queue,0,1.50,1.50,0,1.50
EXP-05,exp05_p02_m04_ro050_lh00,baseline,wait,t04_part_01,specification,2,human_queue,12.00,14.25,2.25,12.00,2.25
EXP-05,exp05_p02_m04_ro050_lh00,exact,phase,t01,human_1,2,human,1.50000,2.25000,0.75000,1.50000,0.00000
EXP-05,exp05_p02_m04_ro050_lh00,exact,phase,t01,agent_1,2,agent,2.25000,6.75000,4.50000,,0
EXP-05,exp05_p02_m04_ro050_lh00,exact,phase,t01,human_2,2,human,6.75000,7.50000,0.75000,6.75000,0.00000
EXP-05,exp05_p02_m04_ro050_lh00,exact,phase,t02,human_1,1,human,0.00000,1.50000,1.50000,0.00000,0.00000
EXP-05,exp05_p02_m04_ro050_lh00,exact,phase,t02,agent_1,1,agent,1.50000,10.50000,9.00000,,0
EXP-05,exp05_p02_m04_ro050_lh00,exact,phase,t02,human_2,1,human,10.50000,12.00000,1.50000,10.50000,0.00000
EXP-05,exp05_p02_m04_ro050_lh00,exact,phase,t03,human_1,2,human,18.45000,20.70000,2.25000,18.45000,0.00000
EXP-05,exp05_p02_m04_ro050_lh00,exact,phase,t03,agent_1,2,agent,20.70000,34.20000,13.50000,,0
EXP-05,exp05_p02_m04_ro050_lh00,exact,phase,t03,human_2,2,human,34.20000,36.45000,2.25000,34.20000,0.00000
EXP-05,exp05_p02_m04_ro050_lh00,exact,phase,t04_part_01,specification,1,human,12.00000,12.75000,0.75000,12.00000,0.00000
EXP-05,exp05_p02_m04_ro050_lh00,exact,phase,t04_part_01,implementation,1,agent,12.75000,17.70000,4.95000,,0
EXP-05,exp05_p02_m04_ro050_lh00,exact,phase,t04_part_02,specification,1,human,17.70000,18.45000,0.75000,17.70000,0.00000
EXP-05,exp05_p02_m04_ro050_lh00,exact,phase,t04_part_02,implementation,1,agent,18.45000,23.40000,4.95000,,0
EXP-05,exp05_p02_m04_ro050_lh00,exact,phase,t04_part_03,specification,1,human,23.40000,24.15000,0.75000,23.40000,0.00000
EXP-05,exp05_p02_m04_ro050_lh00,exact,phase,t04_part_03,implementation,1,agent,24.15000,29.10000,4.95000,,0
EXP-05,exp05_p02_m04_ro050_lh00,exact,phase,t04_part_04,specification,2,human,12.75000,13.50000,0.75000,12.75000,0.00000
EXP-05,exp05_p02_m04_ro050_lh00,exact,phase,t04_part_04,implementation,2,agent,13.50000,18.45000,4.95000,,0
EXP-05,exp05_p02_m04_ro050_lh00,exact,phase,t04_join,integration,1,agent,29.10000,30.90000,1.80000,,0
EXP-05,exp05_p02_m04_ro050_lh00,exact,phase,t04_join,acceptance,1,human,30.90000,33.90000,3.00000,30.90000,0.00000
EXP-05,exp05_p02_m04_ro050_lh05,baseline,phase,t01,human_1,2,human,1.50,2.25,0.75,0,1.50
EXP-05,exp05_p02_m04_ro050_lh05,baseline,phase,t01,agent_1,2,agent,2.25,6.75,4.50,,0
EXP-05,exp05_p02_m04_ro050_lh05,baseline,phase,t01,human_2,2,human,6.75,7.50,0.75,6.75,0.00
EXP-05,exp05_p02_m04_ro050_lh05,baseline,phase,t02,human_1,1,human,0,1.50,1.50,0,0
EXP-05,exp05_p02_m04_ro050_lh05,baseline,phase,t02,agent_1,1,agent,1.50,10.50,9.00,,0
EXP-05,exp05_p02_m04_ro050_lh05,baseline,phase,t02,human_2,1,human,10.50,12.00,1.50,10.50,0.00
EXP-05,exp05_p02_m04_ro050_lh05,baseline,phase,t03,human_1,1,human,12.00,14.25,2.25,12.00,0.00
EXP-05,exp05_p02_m04_ro050_lh05,baseline,phase,t03,agent_1,1,agent,14.25,27.75,13.50,,0
EXP-05,exp05_p02_m04_ro050_lh05,baseline,phase,t03,human_2,1,human,27.75,30.00,2.25,27.75,0.00
EXP-05,exp05_p02_m04_ro050_lh05,baseline,phase,t04_part_01,specification,2,human,14.25,15.225,0.975,12.00,2.25
EXP-05,exp05_p02_m04_ro050_lh05,baseline,phase,t04_part_01,implementation,2,agent,15.225,19.950,4.725,,0
EXP-05,exp05_p02_m04_ro050_lh05,baseline,phase,t04_part_02,specification,2,human,19.950,20.925,0.975,19.950,0.000
EXP-05,exp05_p02_m04_ro050_lh05,baseline,phase,t04_part_02,implementation,2,agent,20.925,25.650,4.725,,0
EXP-05,exp05_p02_m04_ro050_lh05,baseline,phase,t04_part_03,specification,2,human,25.650,26.625,0.975,25.650,0.000
EXP-05,exp05_p02_m04_ro050_lh05,baseline,phase,t04_part_03,implementation,2,agent,26.625,31.350,4.725,,0
EXP-05,exp05_p02_m04_ro050_lh05,baseline,phase,t04_part_04,specification,1,human,30.00,30.975,0.975,30.00,0.00
EXP-05,exp05_p02_m04_ro050_lh05,baseline,phase,t04_part_04,implementation,1,agent,30.975,35.700,4.725,,0
EXP-05,exp05_p02_m04_ro050_lh05,baseline,phase,t04_join,integration,1,agent,35.700,36.600,0.900,,0
EXP-05,exp05_p02_m04_ro050_lh05,baseline,phase,t04_join,acceptance,1,human,36.600,40.500,3.900,36.600,0.000
EXP-05,exp05_p02_m04_ro050_lh05,baseline,wait,t01,human_1,2,human_queue,0,1.50,1.50,0,1.50
EXP-05,exp05_p02_m04_ro050_lh05,baseline,wait,t04_part_01,specification,2,human_queue,12.00,14.25,2.25,12.00,2.25
EXP-05,exp05_p02_m04_ro050_lh05,exact,phase,t01,human_1,2,human,1.50000,2.25000,0.75000,1.50000,0.00000
EXP-05,exp05_p02_m04_ro050_lh05,exact,phase,t01,agent_1,2,agent,2.25000,6.75000,4.50000,,0
EXP-05,exp05_p02_m04_ro050_lh05,exact,phase,t01,human_2,2,human,6.75000,7.50000,0.75000,6.75000,0.00000
EXP-05,exp05_p02_m04_ro050_lh05,exact,phase,t02,human_1,1,human,0.00000,1.50000,1.50000,0.00000,0.00000
EXP-05,exp05_p02_m04_ro050_lh05,exact,phase,t02,agent_1,1,agent,1.50000,10.50000,9.00000,,0
EXP-05,exp05_p02_m04_ro050_lh05,exact,phase,t02,human_2,1,human,10.50000,12.00000,1.50000,10.50000,0.00000
EXP-05,exp05_p02_m04_ro050_lh05,exact,phase,t03,human_1,2,human,18.67500,20.92500,2.25000,18.67500,0.00000
EXP-05,exp05_p02_m04_ro050_lh05,exact,phase,t03,agent_1,2,agent,20.92500,34.42500,13.50000,,0
EXP-05,exp05_p02_m04_ro050_lh05,exact,phase,t03,human_2,2,human,34.42500,36.67500,2.25000,34.42500,0.00000
EXP-05,exp05_p02_m04_ro050_lh05,exact,phase,t04_part_01,specification,1,human,17.70000,18.67500,0.97500,17.70000,0.00000
EXP-05,exp05_p02_m04_ro050_lh05,exact,phase,t04_part_01,implementation,1,agent,18.67500,23.40000,4.72500,,0
EXP-05,exp05_p02_m04_ro050_lh05,exact,phase,t04_part_02,specification,1,human,12.00000,12.97500,0.97500,12.00000,0.00000
EXP-05,exp05_p02_m04_ro050_lh05,exact,phase,t04_part_02,implementation,1,agent,12.97500,17.70000,4.72500,,0
EXP-05,exp05_p02_m04_ro050_lh05,exact,phase,t04_part_03,specification,1,human,23.40000,24.37500,0.97500,23.40000,0.00000
EXP-05,exp05_p02_m04_ro050_lh05,exact,phase,t04_part_03,implementation,1,agent,24.37500,29.10000,4.72500,,0
EXP-05,exp05_p02_m04_ro050_lh05,exact,phase,t04_part_04,specification,2,human,12.97500,13.95000,0.97500,12.97500,0.00000
EXP-05,exp05_p02_m04_ro050_lh05,exact,phase,t04_part_04,implementation,2,agent,13.95000,18.67500,4.72500,,0
EXP-05,exp05_p02_m04_ro050_lh05,exact,phase,t04_join,integration,1,agent,29.10000,30.00000,0.90000,,0
EXP-05,exp05_p02_m04_ro050_lh05,exact,phase,t04_join,acceptance,1,human,30.00000,33.90000,3.90000,30.00000,0.00000
EXP-05,exp05_p02_m04_ro100_lh00,baseline,phase,t01,human_1,2,human,1.50,2.25,0.75,0,1.50
EXP-05,exp05_p02_m04_ro100_lh00,baseline,phase,t01,agent_1,2,agent,2.25,6.75,4.50,,0
EXP-05,exp05_p02_m04_ro100_lh00,baseline,phase,t01,human_2,2,human,6.75,7.50,0.75,6.75,0.00
EXP-05,exp05_p02_m04_ro100_lh00,baseline,phase,t02,human_1,1,human,0,1.50,1.50,0,0
EXP-05,exp05_p02_m04_ro100_lh00,baseline,phase,t02,agent_1,1,agent,1.50,10.50,9.00,,0
EXP-05,exp05_p02_m04_ro100_lh00,baseline,phase,t02,human_2,1,human,10.50,12.00,1.50,10.50,0.00
EXP-05,exp05_p02_m04_ro100_lh00,baseline,phase,t03,human_1,1,human,12.00,14.25,2.25,12.00,0.00
EXP-05,exp05_p02_m04_ro100_lh00,baseline,phase,t03,agent_1,1,agent,14.25,27.75,13.50,,0
EXP-05,exp05_p02_m04_ro100_lh00,baseline,phase,t03,human_2,1,human,27.75,30.00,2.25,27.75,0.00
EXP-05,exp05_p02_m04_ro100_lh00,baseline,phase,t04_part_01,specification,2,human,14.25,15.00,0.75,12.00,2.25
EXP-05,exp05_p02_m04_ro100_lh00,baseline,phase,t04_part_01,implementation,2,agent,15.00,20.40,5.40,,0
EXP-05,exp05_p02_m04_ro100_lh00,baseline,phase,t04_part_02,specification,2,human,20.40,21.15,0.75,20.40,0.00
EXP-05,exp05_p02_m04_ro100_lh00,baseline,phase,t04_part_02,implementation,2,agent,21.15,26.55,5.40,,0
EXP-05,exp05_p02_m04_ro100_lh00,baseline,phase,t04_part_03,specification,2,human,26.55,27.30,0.75,26.55,0.00
EXP-05,exp05_p02_m04_ro100_lh00,baseline,phase,t04_part_03,implementation,2,agent,27.30,32.70,5.40,,0
EXP-05,exp05_p02_m04_ro100_lh00,baseline,phase,t04_part_04,specification,1,human,30.00,30.75,0.75,30.00,0.00
EXP-05,exp05_p02_m04_ro100_lh00,baseline,phase,t04_part_04,implementation,1,agent,30.75,36.15,5.40,,0
EXP-05,exp05_p02_m04_ro100_lh00,baseline,phase,t04_join,integration,1,agent,36.15,39.75,3.60,,0
EXP-05,exp05_p02_m04_ro100_lh00,baseline,phase,t04_join,acceptance,1,human,39.75,42.75,3.00,39.75,0.00
EXP-05,exp05_p02_m04_ro100_lh00,baseline,wait,t01,human_1,2,human_queue,0,1.50,1.50,0,1.50
EXP-05,exp05_p02_m04_ro100_lh00,baseline,wait,t04_part_01,specification,2,human_queue,12.00,14.25,2.25,12.00,2.25
EXP-05,exp05_p02_m04_ro100_lh00,exact,phase,t01,human_1,2,human,1.50000,2.25000,0.75000,1.50000,0.00000
EXP-05,exp05_p02_m04_ro100_lh00,exact,phase,t01,agent_1,2,agent,2.25000,6.75000,4.50000,,0
EXP-05,exp05_p02_m04_ro100_lh00,exact,phase,t01,human_2,2,human,6.75000,7.50000,0.75000,6.75000,0.00000
EXP-05,exp05_p02_m04_ro100_lh00,exact,phase,t02,human_1,1,human,0.00000,1.50000,1.50000,0.00000,0.00000
EXP-05,exp05_p02_m04_ro100_lh00,exact,phase,t02,agent_1,1,agent,1.50000,10.50000,9.00000,,0
EXP-05,exp05_p02_m04_ro100_lh00,exact,phase,t02,human_2,1,human,10.50000,12.00000,1.50000,10.50000,0.00000
EXP-05,exp05_p02_m04_ro100_lh00,exact,phase,t03,human_1,2,human,18.15000,20.40000,2.25000,18.15000,0.00000
EXP-05,exp05_p02_m04_ro100_lh00,exact,phase,t03,agent_1,2,agent,20.40000,33.90000,13.50000,,0
EXP-05,exp05_p02_m04_ro100_lh00,exact,phase,t03,human_2,2,human,33.90000,36.15000,2.25000,33.90000,0.00000
EXP-05,exp05_p02_m04_ro100_lh00,exact,phase,t04_part_01,specification,1,human,26.55000,27.30000,0.75000,26.55000,0.00000
EXP-05,exp05_p02_m04_ro100_lh00,exact,phase,t04_part_01,implementation,1,agent,27.30000,32.70000,5.40000,,0
EXP-05,exp05_p02_m04_ro100_lh00,exact,phase,t04_part_02,specification,1,human,20.40000,21.15000,0.75000,20.40000,0.00000
EXP-05,exp05_p02_m04_ro100_lh00,exact,phase,t04_part_02,implementation,1,agent,21.15000,26.55000,5.40000,,0
EXP-05,exp05_p02_m04_ro100_lh00,exact,phase,t04_part_03,specification,1,human,12.75000,13.50000,0.75000,12.75000,0.00000
EXP-05,exp05_p02_m04_ro100_lh00,exact,phase,t04_part_03,implementation,1,agent,13.50000,18.90000,5.40000,,0
EXP-05,exp05_p02_m04_ro100_lh00,exact,phase,t04_part_04,specification,2,human,12.00000,12.75000,0.75000,12.00000,0.00000
EXP-05,exp05_p02_m04_ro100_lh00,exact,phase,t04_part_04,implementation,2,agent,12.75000,18.15000,5.40000,,0
EXP-05,exp05_p02_m04_ro100_lh00,exact,phase,t04_join,integration,1,agent,32.70000,36.30000,3.60000,,0
EXP-05,exp05_p02_m04_ro100_lh00,exact,phase,t04_join,acceptance,1,human,36.30000,39.30000,3.00000,36.30000,0.00000
EXP-05,exp05_p02_m04_ro100_lh05,baseline,phase,t01,human_1,2,human,1.50,2.25,0.75,0,1.50
EXP-05,exp05_p02_m04_ro100_lh05,baseline,phase,t01,agent_1,2,agent,2.25,6.75,4.50,,0
EXP-05,exp05_p02_m04_ro100_lh05,baseline,phase,t01,human_2,2,human,6.75,7.50,0.75,6.75,0.00
EXP-05,exp05_p02_m04_ro100_lh05,baseline,phase,t02,human_1,1,human,0,1.50,1.50,0,0
EXP-05,exp05_p02_m04_ro100_lh05,baseline,phase,t02,agent_1,1,agent,1.50,10.50,9.00,,0
EXP-05,exp05_p02_m04_ro100_lh05,baseline,phase,t02,human_2,1,human,10.50,12.00,1.50,10.50,0.00
EXP-05,exp05_p02_m04_ro100_lh05,baseline,phase,t03,human_1,1,human,12.00,14.25,2.25,12.00,0.00
EXP-05,exp05_p02_m04_ro100_lh05,baseline,phase,t03,agent_1,1,agent,14.25,27.75,13.50,,0
EXP-05,exp05_p02_m04_ro100_lh05,baseline,phase,t03,human_2,1,human,27.75,30.00,2.25,27.75,0.00
EXP-05,exp05_p02_m04_ro100_lh05,baseline,phase,t04_part_01,specification,2,human,14.25,15.450,1.200,12.00,2.25
EXP-05,exp05_p02_m04_ro100_lh05,baseline,phase,t04_part_01,implementation,2,agent,15.450,20.400,4.950,,0
EXP-05,exp05_p02_m04_ro100_lh05,baseline,phase,t04_part_02,specification,2,human,20.400,21.600,1.200,20.400,0.000
EXP-05,exp05_p02_m04_ro100_lh05,baseline,phase,t04_part_02,implementation,2,agent,21.600,26.550,4.950,,0
EXP-05,exp05_p02_m04_ro100_lh05,baseline,phase,t04_part_03,specification,2,human,26.550,27.750,1.200,26.550,0.000
EXP-05,exp05_p02_m04_ro100_lh05,baseline,phase,t04_part_03,implementation,2,agent,27.75,32.700,4.950,,0
EXP-05,exp05_p02_m04_ro100_lh05,baseline,phase,t04_part_04,specification,1,human,30.00,31.200,1.200,30.00,0.00
EXP-05,exp05_p02_m04_ro100_lh05,baseline,phase,t04_part_04,implementation,1,agent,31.200,36.150,4.950,,0
EXP-05,exp05_p02_m04_ro100_lh05,baseline,phase,t04_join,integration,1,agent,36.150,37.950,1.800,,0
EXP-05,exp05_p02_m04_ro100_lh05,baseline,phase,t04_join,acceptance,1,human,37.950,42.750,4.800,37.950,0.000
EXP-05,exp05_p02_m04_ro100_lh05,baseline,wait,t01,human_1,2,human_queue,0,1.50,1.50,0,1.50
EXP-05,exp05_p02_m04_ro100_lh05,baseline,wait,t04_part_01,specification,2,human_queue,12.00,14.25,2.25,12.00,2.25
EXP-05,exp05_p02_m04_ro100_lh05,exact,phase,t01,human_1,2,human,1.50000,2.25000,0.75000,1.50000,0.00000
EXP-05,exp05_p02_m04_ro100_lh05,exact,phase,t01,agent_1,2,agent,2.25000,6.75000,4.50000,,0
EXP-05,exp05_p02_m04_ro100_lh05,exact,phase,t01,human_2,2,human,6.75000,7.50000,0.75000,6.75000,0.00000
EXP-05,exp05_p02_m04_ro100_lh05,exact,phase,t02,human_1,1,human,0.00000,1.50000,1.50000,0.00000,0.00000
EXP-05,exp05_p02_m04_ro100_lh05,exact,phase,t02,agent_1,1,agent,1.50000,10.50000,9.00000,,0
EXP-05,exp05_p02_m04_ro100_lh05,exact,phase,t02,human_2,1,human,10.50000,12.00000,1.50000,10.50000,0.00000
EXP-05,exp05_p02_m04_ro100_lh05,exact,phase,t03,human_1,1,human,19.35000,21.60000,2.25000,19.35000,0.00000
EXP-05,exp05_p02_m04_ro100_lh05,exact,phase,t03,agent_1,1,agent,21.60000,35.10000,13.50000,,0
EXP-05,exp05_p02_m04_ro100_lh05,exact,phase,t03,human_2,1,human,37.05000,39.30000,2.25000,35.10000,1.95000
EXP-05,exp05_p02_m04_ro100_lh05,exact,phase,t04_part_01,specification,2,human,18.15000,19.35000,1.20000,18.15000,0.00000
EXP-05,exp05_p02_m04_ro100_lh05,exact,phase,t04_part_01,implementation,2,agent,19.35000,24.30000,4.95000,,0
EXP-05,exp05_p02_m04_ro100_lh05,exact,phase,t04_part_02,specification,1,human,13.20000,14.40000,1.20000,13.20000,0.00000
EXP-05,exp05_p02_m04_ro100_lh05,exact,phase,t04_part_02,implementation,1,agent,14.40000,19.35000,4.95000,,0
EXP-05,exp05_p02_m04_ro100_lh05,exact,phase,t04_part_03,specification,2,human,24.30000,25.50000,1.20000,24.30000,0.00000
EXP-05,exp05_p02_m04_ro100_lh05,exact,phase,t04_part_03,implementation,2,agent,25.50000,30.45000,4.95000,,0
EXP-05,exp05_p02_m04_ro100_lh05,exact,phase,t04_part_04,specification,2,human,12.00000,13.20000,1.20000,12.00000,0.00000
EXP-05,exp05_p02_m04_ro100_lh05,exact,phase,t04_part_04,implementation,2,agent,13.20000,18.15000,4.95000,,0
EXP-05,exp05_p02_m04_ro100_lh05,exact,phase,t04_join,integration,2,agent,30.45000,32.25000,1.80000,,0
EXP-05,exp05_p02_m04_ro100_lh05,exact,phase,t04_join,acceptance,2,human,32.25000,37.05000,4.80000,32.25000,0.00000
EXP-05,exp05_p02_m04_ro100_lh05,exact,wait,t03,human_2,1,human_queue,35.10000,37.05000,1.95000,35.10000,1.95000
EXP-05,exp05_p02_m06_ro000_lh00,baseline,phase,t01,human_1,2,human,1.50,2.25,0.75,0,1.50
EXP-05,exp05_p02_m06_ro000_lh00,baseline,phase,t01,agent_1,2,agent,2.25,6.75,4.50,,0
EXP-05,exp05_p02_m06_ro000_lh00,baseline,phase,t01,human_2,2,human,6.75,7.50,0.75,6.75,0.00
EXP-05,exp05_p02_m06_ro000_lh00,baseline,phase,t02,human_1,1,human,0,1.50,1.50,0,0
EXP-05,exp05_p02_m06_ro000_lh00,baseline,phase,t02,agent_1,1,agent,1.50,10.50,9.00,,0
EXP-05,exp05_p02_m06_ro000_lh00,baseline,phase,t02,human_2,1,human,10.50,12.00,1.50,10.50,0.00
EXP-05,exp05_p02_m06_ro000_lh00,baseline,phase,t03,human_1,1,human,12.00,14.25,2.25,12.00,0.00
EXP-05,exp05_p02_m06_ro000_lh00,baseline,phase,t03,agent_1,1,agent,14.25,27.75,13.50,,0
EXP-05,exp05_p02_m06_ro000_lh00,baseline,phase,t03,human_2,1,human,27.75,30.00,2.25,27.75,0.00
EXP-05,exp05_p02_m06_ro000_lh00,baseline,phase,t04_part_01,specification,2,human,14.25,14.75,0.50,12.00,2.25
EXP-05,exp05_p02_m06_ro000_lh00,baseline,phase,t04_part_01,implementation,2,agent,14.75,17.75,3.00,,0
EXP-05,exp05_p02_m06_ro000_lh00,baseline,phase,t04_part_02,specification,2,human,17.75,18.25,0.50,17.75,0.00
EXP-05,exp05_p02_m06_ro000_lh00,baseline,phase,t04_part_02,implementation,2,agent,18.25,21.25,3.00,,0
EXP-05,exp05_p02_m06_ro000_lh00,baseline,phase,t04_part_03,specification,2,human,21.25,21.75,0.50,21.25,0.00
EXP-05,exp05_p02_m06_ro000_lh00,baseline,phase,t04_part_03,implementation,2,agent,21.75,24.75,3.00,,0
EXP-05,exp05_p02_m06_ro000_lh00,baseline,phase,t04_part_04,specification,2,human,24.75,25.25,0.50,24.75,0.00
EXP-05,exp05_p02_m06_ro000_lh00,baseline,phase,t04_part_04,implementation,2,agent,25.25,28.25,3.00,,0
EXP-05,exp05_p02_m06_ro000_lh00,baseline,phase,t04_part_05,specification,2,human,30.00,30.50,0.50,28.25,1.75
EXP-05,exp05_p02_m06_ro000_lh00,baseline,phase,t04_part_05,implementation,2,agent,30.50,33.50,3.00,,0
EXP-05,exp05_p02_m06_ro000_lh00,baseline,phase,t04_part_06,specification,1,human,30.50,31.00,0.50,30.00,0.50
EXP-05,exp05_p02_m06_ro000_lh00,baseline,phase,t04_part_06,implementation,1,agent,31.00,34.00,3.00,,0
EXP-05,exp05_p02_m06_ro000_lh00,baseline,phase,t04_join,acceptance,1,human,34.00,37.00,3.00,34.00,0.00
EXP-05,exp05_p02_m06_ro000_lh00,baseline,wait,t01,human_1,2,human_queue,0,1.50,1.50,0,1.50
EXP-05,exp05_p02_m06_ro000_lh00,baseline,wait,t04_part_01,specification,2,human_queue,12.00,14.25,2.25,12.00,2.25
EXP-05,exp05_p02_m06_ro000_lh00,baseline,wait,t04_part_05,specification,2,human_queue,28.25,30.00,1.75,28.25,1.75
EXP-05,exp05_p02_m06_ro000_lh00,baseline,wait,t04_part_06,specification,1,human_queue,30.00,30.50,0.50,30.00,0.50
EXP-05,exp05_p02_m06_ro000_lh00,exact,phase,t01,human_1,2,human,1.50000,2.25000,0.75000,1.50000,0.00000
EXP-05,exp05_p02_m06_ro000_lh00,exact,phase,t01,agent_1,2,agent,2.25000,6.75000,4.50000,,0
EXP-05,exp05_p02_m06_ro000_lh00,exact,phase,t01,human_2,2,human,6.75000,7.50000,0.75000,6.75000,0.00000
EXP-05,exp05_p02_m06_ro000_lh00,exact,phase,t02,human_1,1,human,0.00000,1.50000,1.50000,0.00000,0.00000
EXP-05,exp05_p02_m06_ro000_lh00,exact,phase,t02,agent_1,1,agent,1.50000,10.50000,9.00000,,0
EXP-05,exp05_p02_m06_ro000_lh00,exact,phase,t02,human_2,1,human,10.50000,12.00000,1.50000,10.50000,0.00000
EXP-05,exp05_p02_m06_ro000_lh00,exact,phase,t03,human_1,2,human,16.00625,18.25625,2.25000,16.00625,0.00000
EXP-05,exp05_p02_m06_ro000_lh00,exact,phase,t03,agent_1,2,agent,18.25625,31.75625,13.50000,,0
EXP-05,exp05_p02_m06_ro000_lh00,exact,phase,t03,human_2,2,human,32.50000,34.75000,2.25000,31.75625,0.74375
EXP-05,exp05_p02_m06_ro000_lh00,exact,phase,t04_part_01,specification,1,human,15.50000,16.00000,0.50000,15.50000,0.00000
EXP-05,exp05_p02_m06_ro000_lh00,exact,phase,t04_part_01,implementation,1,agent,16.00000,19.00000,3.00000,,0
EXP-05,exp05_p02_m06_ro000_lh00,exact,phase,t04_part_02,specification,1,human,22.50000,23.00000,0.50000,22.50000,0.00000
EXP-05,exp05_p02_m06_ro000_lh00,exact,phase,t04_part_02,implementation,1,agent,23.00000,26.00000,3.00000,,0
EXP-05,exp05_p02_m06_ro000_lh00,exact,phase,t04_part_03,specification,1,human,26.00000,26.50000,0.50000,26.00000,0.00000
EXP-05,exp05_p02_m06_ro000_lh00,exact,phase,t04_part_03,implementation,1,agent,26.50000,29.50000,3.00000,,0
EXP-05,exp05_p02_m06_ro000_lh00,exact,phase,t04_part_04,specification,1,human,19.00000,19.50000,0.50000,19.00000,0.00000
EXP-05,exp05_p02_m06_ro000_lh00,exact,phase,t04_part_04,implementation,1,agent,19.50000,22.50000,3.00000,,0
EXP-05,exp05_p02_m06_ro000_lh00,exact,phase,t04_part_05,specification,2,human,12.50000,13.00000,0.50000,12.50000,0.00000
EXP-05,exp05_p02_m06_ro000_lh00,exact,phase,t04_part_05,implementation,2,agent,13.00000,16.00000,3.00000,,0
EXP-05,exp05_p02_m06_ro000_lh00,exact,phase,t04_part_06,specification,1,human,12.00000,12.50000,0.50000,12.00000,0.00000
EXP-05,exp05_p02_m06_ro000_lh00,exact,phase,t04_part_06,implementation,1,agent,12.50000,15.50000,3.00000,,0
EXP-05,exp05_p02_m06_ro000_lh00,exact,phase,t04_join,acceptance,1,human,29.50000,32.50000,3.00000,29.50000,0.00000
EXP-05,exp05_p02_m06_ro000_lh00,exact,wait,t03,human_2,2,human_queue,31.75625,32.50000,0.74375,31.75625,0.74375
EXP-05,exp05_p02_m06_ro050_lh00,baseline,phase,t01,human_1,2,human,1.50,2.25,0.75,0,1.50
EXP-05,exp05_p02_m06_ro050_lh00,baseline,phase,t01,agent_1,2,agent,2.25,6.75,4.50,,0
EXP-05,exp05_p02_m06_ro050_lh00,baseline,phase,t01,human_2,2,human,6.75,7.50,0.75,6.75,0.00
EXP-05,exp05_p02_m06_ro050_lh00,baseline,phase,t02,human_1,1,human,0,1.50,1.50,0,0
EXP-05,exp05_p02_m06_ro050_lh00,baseline,phase,t02,agent_1,1,agent,1.50,10.50,9.00,,0
EXP-05,exp05_p02_m06_ro050_lh00,baseline,phase,t02,human_2,1,human,10.50,12.00,1.50,10.50,0.00
EXP-05,exp05_p02_m06_ro050_lh00,baseline,phase,t03,human_1,1,human,12.00,14.25,2.25,12.00,0.00
EXP-05,exp05_p02_m06_ro050_lh00,baseline,phase,t03,agent_1,1,agent,14.25,27.75,13.50,,0
EXP-05,exp05_p02_m06_ro050_lh00,baseline,phase,t03,human_2,1,human,27.75,30.00,2.25,27.75,0.00
EXP-05,exp05_p02_m06_ro050_lh00,baseline,phase,t04_part_01,specification,2,human,14.25,14.75,0.50,12.00,2.25
EXP-05,exp05_p02_m06_ro050_lh00,baseline,phase,t04_part_01,implementation,2,agent,14.75,18.25,3.50,,0
EXP-05,exp05_p02_m06_ro050_lh00,baseline,phase,t04_part_02,specification,2,human,18.25,18.75,0.50,18.25,0.00
EXP-05,exp05_p02_m06_ro050_lh00,baseline,phase,t04_part_02,implementation,2,agent,18.75,22.25,3.50,,0
EXP-05,exp05_p02_m06_ro050_lh00,baseline,phase,t04_part_03,specification,2,human,22.25,22.75,0.50,22.25,0.00
EXP-05,exp05_p02_m06_ro050_lh00,baseline,phase,t04_part_03,implementation,2,agent,22.75,26.25,3.50,,0
EXP-05,exp05_p02_m06_ro050_lh00,baseline,phase,t04_part_04,specification,2,human,26.25,26.75,0.50,26.25,0.00
EXP-05,exp05_p02_m06_ro050_lh00,baseline,phase,t04_part_04,implementation,2,agent,26.75,30.25,3.50,,0
EXP-05,exp05_p02_m06_ro050_lh00,baseline,phase,t04_part_05,specification,1,human,30.00,30.50,0.50,30.00,0.00
EXP-05,exp05_p02_m06_ro050_lh00,baseline,phase,t04_part_05,implementation,1,agent,30.50,34.00,3.50,,0
EXP-05,exp05_p02_m06_ro050_lh00,baseline,phase,t04_part_06,specification,2,human,30.50,31.00,0.50,30.25,0.25
EXP-05,exp05_p02_m06_ro050_lh00,baseline,phase,t04_part_06,implementation,2,agent,31.00,34.50,3.50,,0
EXP-05,exp05_p02_m06_ro050_lh00,baseline,phase,t04_join,integration,1,agent,34.50,37.50,3.00,,0
EXP-05,exp05_p02_m06_ro050_lh00,baseline,phase,t04_join,acceptance,1,human,37.50,40.50,3.00,37.50,0.00
EXP-05,exp05_p02_m06_ro050_lh00,baseline,wait,t01,human_1,2,human_queue,0,1.50,1.50,0,1.50
EXP-05,exp05_p02_m06_ro050_lh00,baseline,wait,t04_part_01,specification,2,human_queue,12.00,14.25,2.25,12.00,2.25
EXP-05,exp05_p02_m06_ro050_lh00,baseline,wait,t04_part_06,specification,2,human_queue,30.25,30.50,0.25,30.25,0.25
EXP-05,exp05_p02_m06_ro050_lh00,exact,phase,t01,human_1,2,human,1.50000,2.25000,0.75000,1.50000,0.00000
EXP-05,exp05_p02_m06_ro050_lh00,exact,phase,t01,agent_1,2,agent,2.25000,6.75000,4.50000,,0
EXP-05,exp05_p02_m06_ro050_lh00,exact,phase,t01,human_2,2,human,6.75000,7.50000,0.75000,6.75000,0.00000
EXP-05,exp05_p02_m06_ro050_lh00,exact,phase,t02,human_1,1,human,0.00000,1.50000,1.50000,0.00000,0.00000
EXP-05,exp05_p02_m06_ro050_lh00,exact,phase,t02,agent_1,1,agent,1.50000,10.50000,9.00000,,0
EXP-05,exp05_p02_m06_ro050_lh00,exact,phase,t02,human_2,1,human,10.50000,12.00000,1.50000,10.50000,0.00000
EXP-05,exp05_p02_m06_ro050_lh00,exact,phase,t03,human_1,2,human,16.50000,18.75000,2.25000,16.50000,0.00000
EXP-05,exp05_p02_m06_ro050_lh00,exact,phase,t03,agent_1,2,agent,18.75000,32.25000,13.50000,,0
EXP-05,exp05_p02_m06_ro050_lh00,exact,phase,t03,human_2,2,human,32.25000,34.50000,2.25000,32.25000,0.00000
EXP-05,exp05_p02_m06_ro050_lh00,exact,phase,t04_part_01,specification,1,human,16.00000,16.50000,0.50000,16.00000,0.00000
EXP-05,exp05_p02_m06_ro050_lh00,exact,phase,t04_part_01,implementation,1,agent,16.50000,20.00000,3.50000,,0
EXP-05,exp05_p02_m06_ro050_lh00,exact,phase,t04_part_02,specification,1,human,20.00000,20.50000,0.50000,20.00000,0.00000
EXP-05,exp05_p02_m06_ro050_lh00,exact,phase,t04_part_02,implementation,1,agent,20.50000,24.00000,3.50000,,0
EXP-05,exp05_p02_m06_ro050_lh00,exact,phase,t04_part_03,specification,2,human,12.50000,13.00000,0.50000,12.50000,0.00000
EXP-05,exp05_p02_m06_ro050_lh00,exact,phase,t04_part_03,implementation,2,agent,13.00000,16.50000,3.50000,,0
EXP-05,exp05_p02_m06_ro050_lh00,exact,phase,t04_part_04,specification,1,human,12.00000,12.50000,0.50000,12.00000,0.00000
EXP-05,exp05_p02_m06_ro050_lh00,exact,phase,t04_part_04,implementation,1,agent,12.50000,16.00000,3.50000,,0
EXP-05,exp05_p02_m06_ro050_lh00,exact,phase,t04_part_05,specification,1,human,24.00000,24.50000,0.50000,24.00000,0.00000
EXP-05,exp05_p02_m06_ro050_lh00,exact,phase,t04_part_05,implementation,1,agent,24.50000,28.00000,3.50000,,0
EXP-05,exp05_p02_m06_ro050_lh00,exact,phase,t04_part_06,specification,1,human,28.00000,28.50000,0.50000,28.00000,0.00000
EXP-05,exp05_p02_m06_ro050_lh00,exact,phase,t04_part_06,implementation,1,agent,28.50000,32.00000,3.50000,,0
EXP-05,exp05_p02_m06_ro050_lh00,exact,phase,t04_join,integration,1,agent,32.00000,35.00000,3.00000,,0
EXP-05,exp05_p02_m06_ro050_lh00,exact,phase,t04_join,acceptance,1,human,35.00000,38.00000,3.00000,35.00000,0.00000
EXP-05,exp05_p02_m06_ro050_lh05,baseline,phase,t01,human_1,2,human,1.50,2.25,0.75,0,1.50
EXP-05,exp05_p02_m06_ro050_lh05,baseline,phase,t01,agent_1,2,agent,2.25,6.75,4.50,,0
EXP-05,exp05_p02_m06_ro050_lh05,baseline,phase,t01,human_2,2,human,6.75,7.50,0.75,6.75,0.00
EXP-05,exp05_p02_m06_ro050_lh05,baseline,phase,t02,human_1,1,human,0,1.50,1.50,0,0
EXP-05,exp05_p02_m06_ro050_lh05,baseline,phase,t02,agent_1,1,agent,1.50,10.50,9.00,,0
EXP-05,exp05_p02_m06_ro050_lh05,baseline,phase,t02,human_2,1,human,10.50,12.00,1.50,10.50,0.00
EXP-05,exp05_p02_m06_ro050_lh05,baseline,phase,t03,human_1,1,human,12.00,14.25,2.25,12.00,0.00
EXP-05,exp05_p02_m06_ro050_lh05,baseline,phase,t03,agent_1,1,agent,14.25,27.75,13.50,,0
EXP-05,exp05_p02_m06_ro050_lh05,baseline,phase,t03,human_2,1,human,27.75,30.00,2.25,27.75,0.00
EXP-05,exp05_p02_m06_ro050_lh05,baseline,phase,t04_part_01,specification,2,human,14.25,15.000,0.750,12.00,2.25
EXP-05,exp05_p02_m06_ro050_lh05,baseline,phase,t04_part_01,implementation,2,agent,15.000,18.250,3.250,,0
EXP-05,exp05_p02_m06_ro050_lh05,baseline,phase,t04_part_02,specification,2,human,18.250,19.000,0.750,18.250,0.000
EXP-05,exp05_p02_m06_ro050_lh05,baseline,phase,t04_part_02,implementation,2,agent,19.000,22.250,3.250,,0
EXP-05,exp05_p02_m06_ro050_lh05,baseline,phase,t04_part_03,specification,2,human,22.250,23.000,0.750,22.250,0.000
EXP-05,exp05_p02_m06_ro050_lh05,baseline,phase,t04_part_03,implementation,2,agent,23.000,26.250,3.250,,0
EXP-05,exp05_p02_m06_ro050_lh05,baseline,phase,t04_part_04,specification,2,human,26.250,27.000,0.750,26.250,0.000
EXP-05,exp05_p02_m06_ro050_lh05,baseline,phase,t04_part_04,implementation,2,agent,27.000,30.250,3.250,,0
EXP-05,exp05_p02_m06_ro050_lh05,baseline,phase,t04_part_05,specification,1,human,30.00,30.750,0.750,30.00,0.00
EXP-05,exp05_p02_m06_ro050_lh05,baseline,phase,t04_part_05,implementation,1,agent,30.750,34.000,3.250,,0
EXP-05,exp05_p02_m06_ro050_lh05,baseline,phase,t04_part_06,specification,2,human,30.750,31.500,0.750,30.250,0.500
EXP-05,exp05_p02_m06_ro050_lh05,baseline,phase,t04_part_06,implementation,2,agent,31.500,34.750,3.250,,0
EXP-05,exp05_p02_m06_ro050_lh05,baseline,phase,t04_join,integration,1,agent,34.750,36.250,1.500,,0
EXP-05,exp05_p02_m06_ro050_lh05,baseline,phase,t04_join,acceptance,1,human,36.250,40.750,4.500,36.250,0.000
EXP-05,exp05_p02_m06_ro050_lh05,baseline,wait,t01,human_1,2,human_queue,0,1.50,1.50,0,1.50
EXP-05,exp05_p02_m06_ro050_lh05,baseline,wait,t04_part_01,specification,2,human_queue,12.00,14.25,2.25,12.00,2.25
EXP-05,exp05_p02_m06_ro050_lh05,baseline,wait,t04_part_06,specification,2,human_queue,30.250,30.750,0.500,30.250,0.500
EXP-05,exp05_p02_m06_ro050_lh05,exact,phase,t01,human_1,2,human,1.50000,2.25000,0.75000,1.50000,0.00000
EXP-05,exp05_p02_m06_ro050_lh05,exact,phase,t01,agent_1,2,agent,2.25000,6.75000,4.50000,,0
EXP-05,exp05_p02_m06_ro050_lh05,exact,phase,t01,human_2,2,human,6.75000,7.50000,0.75000,6.75000,0.00000
EXP-05,exp05_p02_m06_ro050_lh05,exact,phase,t02,human_1,1,human,0.00000,1.50000,1.50000,0.00000,0.00000
EXP-05,exp05_p02_m06_ro050_lh05,exact,phase,t02,agent_1,1,agent,1.50000,10.50000,9.00000,,0
EXP-05,exp05_p02_m06_ro050_lh05,exact,phase,t02,human_2,1,human,10.50000,12.00000,1.50000,10.50000,0.00000
EXP-05,exp05_p02_m06_ro050_lh05,exact,phase,t03,human_1,2,human,20.00000,22.25000,2.25000,20.00000,0.00000
EXP-05,exp05_p02_m06_ro050_lh05,exact,phase,t03,agent_1,2,agent,22.25000,35.75000,13.50000,,0
EXP-05,exp05_p02_m06_ro050_lh05,exact,phase,t03,human_2,2,human,36.25000,38.50000,2.25000,35.75000,0.50000
EXP-05,exp05_p02_m06_ro050_lh05,exact,phase,t04_part_01,specification,1,human,22.25000,23.00000,0.75000,22.25000,0.00000
EXP-05,exp05_p02_m06_ro050_lh05,exact,phase,t04_part_01,implementation,1,agent,23.00000,26.25000,3.25000,,0
EXP-05,exp05_p02_m06_ro050_lh05,exact,phase,t04_part_02,specification,1,human,16.75000,17.50000,0.75000,16.75000,0.00000
EXP-05,exp05_p02_m06_ro050_lh05,exact,phase,t04_part_02,implementation,1,agent,17.50000,20.75000,3.25000,,0
EXP-05,exp05_p02_m06_ro050_lh05,exact,phase,t04_part_03,specification,2,human,16.00000,16.75000,0.75000,16.00000,0.00000
EXP-05,exp05_p02_m06_ro050_lh05,exact,phase,t04_part_03,implementation,2,agent,16.75000,20.00000,3.25000,,0
EXP-05,exp05_p02_m06_ro050_lh05,exact,phase,t04_part_04,specification,1,human,26.25000,27.00000,0.75000,26.25000,0.00000
EXP-05,exp05_p02_m06_ro050_lh05,exact,phase,t04_part_04,implementation,1,agent,27.00000,30.25000,3.25000,,0
EXP-05,exp05_p02_m06_ro050_lh05,exact,phase,t04_part_05,specification,2,human,12.00000,12.75000,0.75000,12.00000,0.00000
EXP-05,exp05_p02_m06_ro050_lh05,exact,phase,t04_part_05,implementation,2,agent,12.75000,16.00000,3.25000,,0
EXP-05,exp05_p02_m06_ro050_lh05,exact,phase,t04_part_06,specification,1,human,12.75000,13.50000,0.75000,12.75000,0.00000
EXP-05,exp05_p02_m06_ro050_lh05,exact,phase,t04_part_06,implementation,1,agent,13.50000,16.75000,3.25000,,0
EXP-05,exp05_p02_m06_ro050_lh05,exact,phase,t04_join,integration,1,agent,30.25000,31.75000,1.50000,,0
EXP-05,exp05_p02_m06_ro050_lh05,exact,phase,t04_join,acceptance,1,human,31.75000,36.25000,4.50000,31.75000,0.00000
EXP-05,exp05_p02_m06_ro050_lh05,exact,wait,t03,human_2,2,human_queue,35.75000,36.25000,0.50000,35.75000,0.50000
EXP-05,exp05_p02_m06_ro100_lh00,baseline,phase,t01,human_1,2,human,1.50,2.25,0.75,0,1.50
EXP-05,exp05_p02_m06_ro100_lh00,baseline,phase,t01,agent_1,2,agent,2.25,6.75,4.50,,0
EXP-05,exp05_p02_m06_ro100_lh00,baseline,phase,t01,human_2,2,human,6.75,7.50,0.75,6.75,0.00
EXP-05,exp05_p02_m06_ro100_lh00,baseline,phase,t02,human_1,1,human,0,1.50,1.50,0,0
EXP-05,exp05_p02_m06_ro100_lh00,baseline,phase,t02,agent_1,1,agent,1.50,10.50,9.00,,0
EXP-05,exp05_p02_m06_ro100_lh00,baseline,phase,t02,human_2,1,human,10.50,12.00,1.50,10.50,0.00
EXP-05,exp05_p02_m06_ro100_lh00,baseline,phase,t03,human_1,1,human,12.00,14.25,2.25,12.00,0.00
EXP-05,exp05_p02_m06_ro100_lh00,baseline,phase,t03,agent_1,1,agent,14.25,27.75,13.50,,0
EXP-05,exp05_p02_m06_ro100_lh00,baseline,phase,t03,human_2,1,human,27.75,30.00,2.25,27.75,0.00
EXP-05,exp05_p02_m06_ro100_lh00,baseline,phase,t04_part_01,specification,2,human,14.25,14.75,0.50,12.00,2.25
EXP-05,exp05_p02_m06_ro100_lh00,baseline,phase,t04_part_01,implementation,2,agent,14.75,18.75,4.00,,0
EXP-05,exp05_p02_m06_ro100_lh00,baseline,phase,t04_part_02,specification,2,human,18.75,19.25,0.50,18.75,0.00
EXP-05,exp05_p02_m06_ro100_lh00,baseline,phase,t04_part_02,implementation,2,agent,19.25,23.25,4.00,,0
EXP-05,exp05_p02_m06_ro100_lh00,baseline,phase,t04_part_03,specification,2,human,23.25,23.75,0.50,23.25,0.00
EXP-05,exp05_p02_m06_ro100_lh00,baseline,phase,t04_part_03,implementation,2,agent,23.75,27.75,4.00,,0
EXP-05,exp05_p02_m06_ro100_lh00,baseline,phase,t04_part_04,specification,2,human,30.00,30.50,0.50,27.75,2.25
EXP-05,exp05_p02_m06_ro100_lh00,baseline,phase,t04_part_04,implementation,2,agent,30.50,34.50,4.00,,0
EXP-05,exp05_p02_m06_ro100_lh00,baseline,phase,t04_part_05,specification,1,human,30.50,31.00,0.50,30.00,0.50
EXP-05,exp05_p02_m06_ro100_lh00,baseline,phase,t04_part_05,implementation,1,agent,31.00,35.00,4.00,,0
EXP-05,exp05_p02_m06_ro100_lh00,baseline,phase,t04_part_06,specification,2,human,34.50,35.00,0.50,34.50,0.00
EXP-05,exp05_p02_m06_ro100_lh00,baseline,phase,t04_part_06,implementation,2,agent,35.00,39.00,4.00,,0
EXP-05,exp05_p02_m06_ro100_lh00,baseline,phase,t04_join,integration,1,agent,39.00,45.00,6.00,,0
EXP-05,exp05_p02_m06_ro100_lh00,baseline,phase,t04_join,acceptance,1,human,45.00,48.00,3.00,45.00,0.00
EXP-05,exp05_p02_m06_ro100_lh00,baseline,wait,t01,human_1,2,human_queue,0,1.50,1.50,0,1.50
EXP-05,exp05_p02_m06_ro100_lh00,baseline,wait,t04_part_01,specification,2,human_queue,12.00,14.25,2.25,12.00,2.25
EXP-05,exp05_p02_m06_ro100_lh00,baseline,wait,t04_part_04,specification,2,human_queue,27.75,30.00,2.25,27.75,2.25
EXP-05,exp05_p02_m06_ro100_lh00,baseline,wait,t04_part_05,specification,1,human_queue,30.00,30.50,0.50,30.00,0.50
EXP-05,exp05_p02_m06_ro100_lh00,exact,phase,t01,human_1,2,human,1.50000,2.25000,0.75000,1.50000,0.00000
EXP-05,exp05_p02_m06_ro100_lh00,exact,phase,t01,agent_1,2,agent,2.25000,6.75000,4.50000,,0
EXP-05,exp05_p02_m06_ro100_lh00,exact,phase,t01,human_2,2,human,6.75000,7.50000,0.75000,6.75000,0.00000
EXP-05,exp05_p02_m06_ro100_lh00,exact,phase,t02,human_1,1,human,0.00000,1.50000,1.50000,0.00000,0.00000
EXP-05,exp05_p02_m06_ro100_lh00,exact,phase,t02,agent_1,1,agent,1.50000,10.50000,9.00000,,0
EXP-05,exp05_p02_m06_ro100_lh00,exact,phase,t02,human_2,1,human,10.50000,12.00000,1.50000,10.50000,0.00000
EXP-05,exp05_p02_m06_ro100_lh00,exact,phase,t03,human_1,1,human,21.50000,23.75000,2.25000,21.50000,0.00000
EXP-05,exp05_p02_m06_ro100_lh00,exact,phase,t03,agent_1,1,agent,23.75000,37.25000,13.50000,,0
EXP-05,exp05_p02_m06_ro100_lh00,exact,phase,t03,human_2,1,human,39.00000,41.25000,2.25000,37.25000,1.75000
EXP-05,exp05_p02_m06_ro100_lh00,exact,phase,t04_part_01,specification,1,human,17.00000,17.50000,0.50000,17.00000,0.00000
EXP-05,exp05_p02_m06_ro100_lh00,exact,phase,t04_part_01,implementation,1,agent,17.50000,21.50000,4.00000,,0
EXP-05,exp05_p02_m06_ro100_lh00,exact,phase,t04_part_02,specification,1,human,12.50000,13.00000,0.50000,12.50000,0.00000
EXP-05,exp05_p02_m06_ro100_lh00,exact,phase,t04_part_02,implementation,1,agent,13.00000,17.00000,4.00000,,0
EXP-05,exp05_p02_m06_ro100_lh00,exact,phase,t04_part_03,specification,2,human,16.50000,17.00000,0.50000,16.50000,0.00000
EXP-05,exp05_p02_m06_ro100_lh00,exact,phase,t04_part_03,implementation,2,agent,17.00000,21.00000,4.00000,,0
EXP-05,exp05_p02_m06_ro100_lh00,exact,phase,t04_part_04,specification,2,human,21.00000,21.50000,0.50000,21.00000,0.00000
EXP-05,exp05_p02_m06_ro100_lh00,exact,phase,t04_part_04,implementation,2,agent,21.50000,25.50000,4.00000,,0
EXP-05,exp05_p02_m06_ro100_lh00,exact,phase,t04_part_05,specification,2,human,25.50000,26.00000,0.50000,25.50000,0.00000
EXP-05,exp05_p02_m06_ro100_lh00,exact,phase,t04_part_05,implementation,2,agent,26.00000,30.00000,4.00000,,0
EXP-05,exp05_p02_m06_ro100_lh00,exact,phase,t04_part_06,specification,2,human,12.00000,12.50000,0.50000,12.00000,0.00000
EXP-05,exp05_p02_m06_ro100_lh00,exact,phase,t04_part_06,implementation,2,agent,12.50000,16.50000,4.00000,,0
EXP-05,exp05_p02_m06_ro100_lh00,exact,phase,t04_join,integration,2,agent,30.00000,36.00000,6.00000,,0
EXP-05,exp05_p02_m06_ro100_lh00,exact,phase,t04_join,acceptance,2,human,36.00000,39.00000,3.00000,36.00000,0.00000
EXP-05,exp05_p02_m06_ro100_lh00,exact,wait,t03,human_2,1,human_queue,37.25000,39.00000,1.75000,37.25000,1.75000
EXP-05,exp05_p02_m06_ro100_lh05,baseline,phase,t01,human_1,2,human,1.50,2.25,0.75,0,1.50
EXP-05,exp05_p02_m06_ro100_lh05,baseline,phase,t01,agent_1,2,agent,2.25,6.75,4.50,,0
EXP-05,exp05_p02_m06_ro100_lh05,baseline,phase,t01,human_2,2,human,6.75,7.50,0.75,6.75,0.00
EXP-05,exp05_p02_m06_ro100_lh05,baseline,phase,t02,human_1,1,human,0,1.50,1.50,0,0
EXP-05,exp05_p02_m06_ro100_lh05,baseline,phase,t02,agent_1,1,agent,1.50,10.50,9.00,,0
EXP-05,exp05_p02_m06_ro100_lh05,baseline,phase,t02,human_2,1,human,10.50,12.00,1.50,10.50,0.00
EXP-05,exp05_p02_m06_ro100_lh05,baseline,phase,t03,human_1,1,human,12.00,14.25,2.25,12.00,0.00
EXP-05,exp05_p02_m06_ro100_lh05,baseline,phase,t03,agent_1,1,agent,14.25,27.75,13.50,,0
EXP-05,exp05_p02_m06_ro100_lh05,baseline,phase,t03,human_2,1,human,27.75,30.00,2.25,27.75,0.00
EXP-05,exp05_p02_m06_ro100_lh05,baseline,phase,t04_part_01,specification,2,human,14.25,15.250,1.000,12.00,2.25
EXP-05,exp05_p02_m06_ro100_lh05,baseline,phase,t04_part_01,implementation,2,agent,15.250,18.750,3.500,,0
EXP-05,exp05_p02_m06_ro100_lh05,baseline,phase,t04_part_02,specification,2,human,18.750,19.750,1.000,18.750,0.000
EXP-05,exp05_p02_m06_ro100_lh05,baseline,phase,t04_part_02,implementation,2,agent,19.750,23.250,3.500,,0
EXP-05,exp05_p02_m06_ro100_lh05,baseline,phase,t04_part_03,specification,2,human,23.250,24.250,1.000,23.250,0.000
EXP-05,exp05_p02_m06_ro100_lh05,baseline,phase,t04_part_03,implementation,2,agent,24.250,27.750,3.500,,0
EXP-05,exp05_p02_m06_ro100_lh05,baseline,phase,t04_part_04,specification,2,human,30.00,31.000,1.000,27.75,2.25
EXP-05,exp05_p02_m06_ro100_lh05,baseline,phase,t04_part_04,implementation,2,agent,31.000,34.500,3.500,,0
EXP-05,exp05_p02_m06_ro100_lh05,baseline,phase,t04_part_05,specification,1,human,31.000,32.000,1.000,30.00,1.000
EXP-05,exp05_p02_m06_ro100_lh05,baseline,phase,t04_part_05,implementation,1,agent,32.000,35.500,3.500,,0
EXP-05,exp05_p02_m06_ro100_lh05,baseline,phase,t04_part_06,specification,2,human,34.500,35.500,1.000,34.500,0.000
EXP-05,exp05_p02_m06_ro100_lh05,baseline,phase,t04_part_06,implementation,2,agent,35.500,39.000,3.500,,0
EXP-05,exp05_p02_m06_ro100_lh05,baseline,phase,t04_join,integration,1,agent,39.000,42.000,3.000,,0
EXP-05,exp05_p02_m06_ro100_lh05,baseline,phase,t04_join,acceptance,1,human,42.000,48.000,6.000,42.000,0.000
EXP-05,exp05_p02_m06_ro100_lh05,baseline,wait,t01,human_1,2,human_queue,0,1.50,1.50,0,1.50
EXP-05,exp05_p02_m06_ro100_lh05,baseline,wait,t04_part_01,specification,2,human_queue,12.00,14.25,2.25,12.00,2.25
EXP-05,exp05_p02_m06_ro100_lh05,baseline,wait,t04_part_04,specification,2,human_queue,27.75,30.00,2.25,27.75,2.25
EXP-05,exp05_p02_m06_ro100_lh05,baseline,wait,t04_part_05,specification,1,human_queue,30.00,31.000,1.000,30.00,1.000
EXP-05,exp05_p02_m06_ro100_lh05,exact,phase,t01,human_1,2,human,1.50000,2.25000,0.75000,1.50000,0.00000
EXP-05,exp05_p02_m06_ro100_lh05,exact,phase,t01,agent_1,2,agent,2.25000,6.75000,4.50000,,0
EXP-05,exp05_p02_m06_ro100_lh05,exact,phase,t01,human_2,2,human,6.75000,7.50000,0.75000,6.75000,0.00000
EXP-05,exp05_p02_m06_ro100_lh05,exact,phase,t02,human_1,1,human,0.00000,1.50000,1.50000,0.00000,0.00000
EXP-05,exp05_p02_m06_ro100_lh05,exact,phase,t02,agent_1,1,agent,1.50000,10.50000,9.00000,,0
EXP-05,exp05_p02_m06_ro100_lh05,exact,phase,t02,human_2,1,human,10.50000,12.00000,1.50000,10.50000,0.00000
EXP-05,exp05_p02_m06_ro100_lh05,exact,phase,t03,human_1,2,human,22.00000,24.25000,2.25000,22.00000,0.00000
EXP-05,exp05_p02_m06_ro100_lh05,exact,phase,t03,agent_1,2,agent,24.25000,37.75000,13.50000,,0
EXP-05,exp05_p02_m06_ro100_lh05,exact,phase,t03,human_2,2,human,39.00000,41.25000,2.25000,37.75000,1.25000
EXP-05,exp05_p02_m06_ro100_lh05,exact,phase,t04_part_01,specification,2,human,17.50000,18.50000,1.00000,17.50000,0.00000
EXP-05,exp05_p02_m06_ro100_lh05,exact,phase,t04_part_01,implementation,2,agent,18.50000,22.00000,3.50000,,0
EXP-05,exp05_p02_m06_ro100_lh05,exact,phase,t04_part_02,specification,1,human,16.50000,17.50000,1.00000,16.50000,0.00000
EXP-05,exp05_p02_m06_ro100_lh05,exact,phase,t04_part_02,implementation,1,agent,17.50000,21.00000,3.50000,,0
EXP-05,exp05_p02_m06_ro100_lh05,exact,phase,t04_part_03,specification,2,human,13.00000,14.00000,1.00000,13.00000,0.00000
EXP-05,exp05_p02_m06_ro100_lh05,exact,phase,t04_part_03,implementation,2,agent,14.00000,17.50000,3.50000,,0
EXP-05,exp05_p02_m06_ro100_lh05,exact,phase,t04_part_04,specification,1,human,21.00000,22.00000,1.00000,21.00000,0.00000
EXP-05,exp05_p02_m06_ro100_lh05,exact,phase,t04_part_04,implementation,1,agent,22.00000,25.50000,3.50000,,0
EXP-05,exp05_p02_m06_ro100_lh05,exact,phase,t04_part_05,specification,1,human,25.50000,26.50000,1.00000,25.50000,0.00000
EXP-05,exp05_p02_m06_ro100_lh05,exact,phase,t04_part_05,implementation,1,agent,26.50000,30.00000,3.50000,,0
EXP-05,exp05_p02_m06_ro100_lh05,exact,phase,t04_part_06,specification,1,human,12.00000,13.00000,1.00000,12.00000,0.00000
EXP-05,exp05_p02_m06_ro100_lh05,exact,phase,t04_part_06,implementation,1,agent,13.00000,16.50000,3.50000,,0
EXP-05,exp05_p02_m06_ro100_lh05,exact,phase,t04_join,integration,1,agent,30.00000,33.00000,3.00000,,0
EXP-05,exp05_p02_m06_ro100_lh05,exact,phase,t04_join,acceptance,1,human,33.00000,39.00000,6.00000,33.00000,0.00000
EXP-05,exp05_p02_m06_ro100_lh05,exact,wait,t03,human_2,2,human_queue,37.75000,39.00000,1.25000,37.75000,1.25000
EXP-05,exp05_p02_m08_ro000_lh00,baseline,phase,t01,human_1,2,human,1.50,2.25,0.75,0,1.50
EXP-05,exp05_p02_m08_ro000_lh00,baseline,phase,t01,agent_1,2,agent,2.25,6.75,4.50,,0
EXP-05,exp05_p02_m08_ro000_lh00,baseline,phase,t01,human_2,2,human,6.75,7.50,0.75,6.75,0.00
EXP-05,exp05_p02_m08_ro000_lh00,baseline,phase,t02,human_1,1,human,0,1.50,1.50,0,0
EXP-05,exp05_p02_m08_ro000_lh00,baseline,phase,t02,agent_1,1,agent,1.50,10.50,9.00,,0
EXP-05,exp05_p02_m08_ro000_lh00,baseline,phase,t02,human_2,1,human,10.50,12.00,1.50,10.50,0.00
EXP-05,exp05_p02_m08_ro000_lh00,baseline,phase,t03,human_1,1,human,12.00,14.25,2.25,12.00,0.00
EXP-05,exp05_p02_m08_ro000_lh00,baseline,phase,t03,agent_1,1,agent,14.25,27.75,13.50,,0
EXP-05,exp05_p02_m08_ro000_lh00,baseline,phase,t03,human_2,1,human,27.75,30.00,2.25,27.75,0.00
EXP-05,exp05_p02_m08_ro000_lh00,baseline,phase,t04_part_01,specification,2,human,14.25,14.625,0.375,12.00,2.25
EXP-05,exp05_p02_m08_ro000_lh00,baseline,phase,t04_part_01,implementation,2,agent,14.625,16.875,2.250,,0
EXP-05,exp05_p02_m08_ro000_lh00,baseline,phase,t04_part_02,specification,2,human,16.875,17.250,0.375,16.875,0.000
EXP-05,exp05_p02_m08_ro000_lh00,baseline,phase,t04_part_02,implementation,2,agent,17.250,19.500,2.250,,0
EXP-05,exp05_p02_m08_ro000_lh00,baseline,phase,t04_part_03,specification,2,human,19.500,19.875,0.375,19.500,0.000
EXP-05,exp05_p02_m08_ro000_lh00,baseline,phase,t04_part_03,implementation,2,agent,19.875,22.125,2.250,,0
EXP-05,exp05_p02_m08_ro000_lh00,baseline,phase,t04_part_04,specification,2,human,22.125,22.500,0.375,22.125,0.000
EXP-05,exp05_p02_m08_ro000_lh00,baseline,phase,t04_part_04,implementation,2,agent,22.500,24.750,2.250,,0
EXP-05,exp05_p02_m08_ro000_lh00,baseline,phase,t04_part_05,specification,2,human,24.750,25.125,0.375,24.750,0.000
EXP-05,exp05_p02_m08_ro000_lh00,baseline,phase,t04_part_05,implementation,2,agent,25.125,27.375,2.250,,0
EXP-05,exp05_p02_m08_ro000_lh00,baseline,phase,t04_part_06,specification,2,human,27.375,27.750,0.375,27.375,0.000
EXP-05,exp05_p02_m08_ro000_lh00,baseline,phase,t04_part_06,implementation,2,agent,27.75,30.00,2.25,,0
EXP-05,exp05_p02_m08_ro000_lh00,baseline,phase,t04_part_07,specification,1,human,30.00,30.375,0.375,30.00,0.00
EXP-05,exp05_p02_m08_ro000_lh00,baseline,phase,t04_part_07,implementation,1,agent,30.375,32.625,2.250,,0
EXP-05,exp05_p02_m08_ro000_lh00,baseline,phase,t04_part_08,specification,2,human,30.375,30.750,0.375,30.00,0.375
EXP-05,exp05_p02_m08_ro000_lh00,baseline,phase,t04_part_08,implementation,2,agent,30.750,33.000,2.250,,0
EXP-05,exp05_p02_m08_ro000_lh00,baseline,phase,t04_join,acceptance,1,human,33.000,36.000,3.000,33.000,0.000
EXP-05,exp05_p02_m08_ro000_lh00,baseline,wait,t01,human_1,2,human_queue,0,1.50,1.50,0,1.50
EXP-05,exp05_p02_m08_ro000_lh00,baseline,wait,t04_part_01,specification,2,human_queue,12.00,14.25,2.25,12.00,2.25
EXP-05,exp05_p02_m08_ro000_lh00,baseline,wait,t04_part_08,specification,2,human_queue,30.00,30.375,0.375,30.00,0.375
EXP-05,exp05_p02_m08_ro000_lh00,exact,phase,t01,human_1,2,human,1.50000,2.25000,0.75000,1.50000,0.00000
EXP-05,exp05_p02_m08_ro000_lh00,exact,phase,t01,agent_1,2,agent,2.25000,6.75000,4.50000,,0
EXP-05,exp05_p02_m08_ro000_lh00,exact,phase,t01,human_2,2,human,6.75000,7.50000,0.75000,6.75000,0.00000
EXP-05,exp05_p02_m08_ro000_lh00,exact,phase,t02,human_1,1,human,0.00000,1.50000,1.50000,0.00000,0.00000
EXP-05,exp05_p02_m08_ro000_lh00,exact,phase,t02,agent_1,1,agent,1.50000,10.50000,9.00000,,0
EXP-05,exp05_p02_m08_ro000_lh00,exact,phase,t02,human_2,1,human,10.50000,12.00000,1.50000,10.50000,0.00000
EXP-05,exp05_p02_m08_ro000_lh00,exact,phase,t03,human_1,2,human,17.25000,19.50000,2.25000,17.25000,0.00000
EXP-05,exp05_p02_m08_ro000_lh00,exact,phase,t03,agent_1,2,agent,19.50000,33.00000,13.50000,,0
EXP-05,exp05_p02_m08_ro000_lh00,exact,phase,t03,human_2,2,human,33.00000,35.25000,2.25000,33.00000,0.00000
EXP-05,exp05_p02_m08_ro000_lh00,exact,phase,t04_part_01,specification,1,human,12.37500,12.75000,0.37500,12.37500,0.00000
EXP-05,exp05_p02_m08_ro000_lh00,exact,phase,t04_part_01,implementation,1,agent,12.75000,15.00000,2.25000,,0
EXP-05,exp05_p02_m08_ro000_lh00,exact,phase,t04_part_02,specification,1,human,15.00000,15.37500,0.37500,15.00000,0.00000
EXP-05,exp05_p02_m08_ro000_lh00,exact,phase,t04_part_02,implementation,1,agent,15.37500,17.62500,2.25000,,0
EXP-05,exp05_p02_m08_ro000_lh00,exact,phase,t04_part_03,specification,1,human,27.37500,27.75000,0.37500,27.37500,0.00000
EXP-05,exp05_p02_m08_ro000_lh00,exact,phase,t04_part_03,implementation,1,agent,27.75000,30.00000,2.25000,,0
EXP-05,exp05_p02_m08_ro000_lh00,exact,phase,t04_part_04,specification,2,human,12.00000,12.37500,0.37500,12.00000,0.00000
EXP-05,exp05_p02_m08_ro000_lh00,exact,phase,t04_part_04,implementation,2,agent,12.37500,14.62500,2.25000,,0
EXP-05,exp05_p02_m08_ro000_lh00,exact,phase,t04_part_05,specification,1,human,24.75000,25.12500,0.37500,24.75000,0.00000
EXP-05,exp05_p02_m08_ro000_lh00,exact,phase,t04_part_05,implementation,1,agent,25.12500,27.37500,2.25000,,0
EXP-05,exp05_p02_m08_ro000_lh00,exact,phase,t04_part_06,specification,2,human,14.62500,15.00000,0.37500,14.62500,0.00000
EXP-05,exp05_p02_m08_ro000_lh00,exact,phase,t04_part_06,implementation,2,agent,15.00000,17.25000,2.25000,,0
EXP-05,exp05_p02_m08_ro000_lh00,exact,phase,t04_part_07,specification,1,human,19.50000,19.87500,0.37500,19.50000,0.00000
EXP-05,exp05_p02_m08_ro000_lh00,exact,phase,t04_part_07,implementation,1,agent,19.87500,22.12500,2.25000,,0
EXP-05,exp05_p02_m08_ro000_lh00,exact,phase,t04_part_08,specification,1,human,22.12500,22.50000,0.37500,22.12500,0.00000
EXP-05,exp05_p02_m08_ro000_lh00,exact,phase,t04_part_08,implementation,1,agent,22.50000,24.75000,2.25000,,0
EXP-05,exp05_p02_m08_ro000_lh00,exact,phase,t04_join,acceptance,1,human,30.00000,33.00000,3.00000,30.00000,0.00000
EXP-05,exp05_p02_m08_ro050_lh00,baseline,phase,t01,human_1,2,human,1.50,2.25,0.75,0,1.50
EXP-05,exp05_p02_m08_ro050_lh00,baseline,phase,t01,agent_1,2,agent,2.25,6.75,4.50,,0
EXP-05,exp05_p02_m08_ro050_lh00,baseline,phase,t01,human_2,2,human,6.75,7.50,0.75,6.75,0.00
EXP-05,exp05_p02_m08_ro050_lh00,baseline,phase,t02,human_1,1,human,0,1.50,1.50,0,0
EXP-05,exp05_p02_m08_ro050_lh00,baseline,phase,t02,agent_1,1,agent,1.50,10.50,9.00,,0
EXP-05,exp05_p02_m08_ro050_lh00,baseline,phase,t02,human_2,1,human,10.50,12.00,1.50,10.50,0.00
EXP-05,exp05_p02_m08_ro050_lh00,baseline,phase,t03,human_1,1,human,12.00,14.25,2.25,12.00,0.00
EXP-05,exp05_p02_m08_ro050_lh00,baseline,phase,t03,agent_1,1,agent,14.25,27.75,13.50,,0
EXP-05,exp05_p02_m08_ro050_lh00,baseline,phase,t03,human_2,1,human,27.75,30.00,2.25,27.75,0.00
EXP-05,exp05_p02_m08_ro050_lh00,baseline,phase,t04_part_01,specification,2,human,14.25,14.625,0.375,12.00,2.25
EXP-05,exp05_p02_m08_ro050_lh00,baseline,phase,t04_part_01,implementation,2,agent,14.625,17.400,2.775,,0
EXP-05,exp05_p02_m08_ro050_lh00,baseline,phase,t04_part_02,specification,2,human,17.400,17.775,0.375,17.400,0.000
EXP-05,exp05_p02_m08_ro050_lh00,baseline,phase,t04_part_02,implementation,2,agent,17.775,20.550,2.775,,0
EXP-05,exp05_p02_m08_ro050_lh00,baseline,phase,t04_part_03,specification,2,human,20.550,20.925,0.375,20.550,0.000
EXP-05,exp05_p02_m08_ro050_lh00,baseline,phase,t04_part_03,implementation,2,agent,20.925,23.700,2.775,,0
EXP-05,exp05_p02_m08_ro050_lh00,baseline,phase,t04_part_04,specification,2,human,23.700,24.075,0.375,23.700,0.000
EXP-05,exp05_p02_m08_ro050_lh00,baseline,phase,t04_part_04,implementation,2,agent,24.075,26.850,2.775,,0
EXP-05,exp05_p02_m08_ro050_lh00,baseline,phase,t04_part_05,specification,2,human,26.850,27.225,0.375,26.850,0.000
EXP-05,exp05_p02_m08_ro050_lh00,baseline,phase,t04_part_05,implementation,2,agent,27.225,30.000,2.775,,0
EXP-05,exp05_p02_m08_ro050_lh00,baseline,phase,t04_part_06,specification,1,human,30.000,30.375,0.375,30.000,0.000
EXP-05,exp05_p02_m08_ro050_lh00,baseline,phase,t04_part_06,implementation,1,agent,30.375,33.150,2.775,,0
EXP-05,exp05_p02_m08_ro050_lh00,baseline,phase,t04_part_07,specification,2,human,30.375,30.750,0.375,30.000,0.375
EXP-05,exp05_p02_m08_ro050_lh00,baseline,phase,t04_part_07,implementation,2,agent,30.750,33.525,2.775,,0
EXP-05,exp05_p02_m08_ro050_lh00,baseline,phase,t04_part_08,specification,1,human,33.150,33.525,0.375,33.150,0.000
EXP-05,exp05_p02_m08_ro050_lh00,baseline,phase,t04_part_08,implementation,1,agent,33.525,36.300,2.775,,0
EXP-05,exp05_p02_m08_ro050_lh00,baseline,phase,t04_join,integration,1,agent,36.300,40.500,4.200,,0
EXP-05,exp05_p02_m08_ro050_lh00,baseline,phase,t04_join,acceptance,1,human,40.500,43.500,3.000,40.500,0.000
EXP-05,exp05_p02_m08_ro050_lh00,baseline,wait,t01,human_1,2,human_queue,0,1.50,1.50,0,1.50
EXP-05,exp05_p02_m08_ro050_lh00,baseline,wait,t04_part_01,specification,2,human_queue,12.00,14.25,2.25,12.00,2.25
EXP-05,exp05_p02_m08_ro050_lh00,baseline,wait,t04_part_07,specification,2,human_queue,30.000,30.375,0.375,30.000,0.375
EXP-05,exp05_p02_m08_ro050_lh00,exact,phase,t01,human_1,2,human,1.50000,2.25000,0.75000,1.50000,0.00000
EXP-05,exp05_p02_m08_ro050_lh00,exact,phase,t01,agent_1,2,agent,2.25000,6.75000,4.50000,,0
EXP-05,exp05_p02_m08_ro050_lh00,exact,phase,t01,human_2,2,human,6.75000,7.50000,0.75000,6.75000,0.00000
EXP-05,exp05_p02_m08_ro050_lh00,exact,phase,t02,human_1,1,human,0.00000,1.50000,1.50000,0.00000,0.00000
EXP-05,exp05_p02_m08_ro050_lh00,exact,phase,t02,agent_1,1,agent,1.50000,10.50000,9.00000,,0
EXP-05,exp05_p02_m08_ro050_lh00,exact,phase,t02,human_2,1,human,10.50000,12.00000,1.50000,10.50000,0.00000
EXP-05,exp05_p02_m08_ro050_lh00,exact,phase,t03,human_1,2,human,21.45000,23.70000,2.25000,21.45000,0.00000
EXP-05,exp05_p02_m08_ro050_lh00,exact,phase,t03,agent_1,2,agent,23.70000,37.20000,13.50000,,0
EXP-05,exp05_p02_m08_ro050_lh00,exact,phase,t03,human_2,2,human,37.20000,39.45000,2.25000,37.20000,0.00000
EXP-05,exp05_p02_m08_ro050_lh00,exact,phase,t04_part_01,specification,1,human,26.85000,27.22500,0.37500,26.85000,0.00000
EXP-05,exp05_p02_m08_ro050_lh00,exact,phase,t04_part_01,implementation,1,agent,27.22500,30.00000,2.77500,,0
EXP-05,exp05_p02_m08_ro050_lh00,exact,phase,t04_part_02,specification,1,human,23.70000,24.07500,0.37500,23.70000,0.00000
EXP-05,exp05_p02_m08_ro050_lh00,exact,phase,t04_part_02,implementation,1,agent,24.07500,26.85000,2.77500,,0
EXP-05,exp05_p02_m08_ro050_lh00,exact,phase,t04_part_03,specification,2,human,12.00000,12.37500,0.37500,12.00000,0.00000
EXP-05,exp05_p02_m08_ro050_lh00,exact,phase,t04_part_03,implementation,2,agent,12.37500,15.15000,2.77500,,0
EXP-05,exp05_p02_m08_ro050_lh00,exact,phase,t04_part_04,specification,1,human,12.37500,12.75000,0.37500,12.37500,0.00000
EXP-05,exp05_p02_m08_ro050_lh00,exact,phase,t04_part_04,implementation,1,agent,12.75000,15.52500,2.77500,,0
EXP-05,exp05_p02_m08_ro050_lh00,exact,phase,t04_part_05,specification,1,human,18.67500,19.05000,0.37500,18.67500,0.00000
EXP-05,exp05_p02_m08_ro050_lh00,exact,phase,t04_part_05,implementation,1,agent,19.05000,21.82500,2.77500,,0
EXP-05,exp05_p02_m08_ro050_lh00,exact,phase,t04_part_06,specification,1,human,15.52500,15.90000,0.37500,15.52500,0.00000
EXP-05,exp05_p02_m08_ro050_lh00,exact,phase,t04_part_06,implementation,1,agent,15.90000,18.67500,2.77500,,0
EXP-05,exp05_p02_m08_ro050_lh00,exact,phase,t04_part_07,specification,2,human,18.30000,18.67500,0.37500,18.30000,0.00000
EXP-05,exp05_p02_m08_ro050_lh00,exact,phase,t04_part_07,implementation,2,agent,18.67500,21.45000,2.77500,,0
EXP-05,exp05_p02_m08_ro050_lh00,exact,phase,t04_part_08,specification,2,human,15.15000,15.52500,0.37500,15.15000,0.00000
EXP-05,exp05_p02_m08_ro050_lh00,exact,phase,t04_part_08,implementation,2,agent,15.52500,18.30000,2.77500,,0
EXP-05,exp05_p02_m08_ro050_lh00,exact,phase,t04_join,integration,1,agent,30.00000,34.20000,4.20000,,0
EXP-05,exp05_p02_m08_ro050_lh00,exact,phase,t04_join,acceptance,1,human,34.20000,37.20000,3.00000,34.20000,0.00000
EXP-05,exp05_p02_m08_ro050_lh05,baseline,phase,t01,human_1,2,human,1.50,2.25,0.75,0,1.50
EXP-05,exp05_p02_m08_ro050_lh05,baseline,phase,t01,agent_1,2,agent,2.25,6.75,4.50,,0
EXP-05,exp05_p02_m08_ro050_lh05,baseline,phase,t01,human_2,2,human,6.75,7.50,0.75,6.75,0.00
EXP-05,exp05_p02_m08_ro050_lh05,baseline,phase,t02,human_1,1,human,0,1.50,1.50,0,0
EXP-05,exp05_p02_m08_ro050_lh05,baseline,phase,t02,agent_1,1,agent,1.50,10.50,9.00,,0
EXP-05,exp05_p02_m08_ro050_lh05,baseline,phase,t02,human_2,1,human,10.50,12.00,1.50,10.50,0.00
EXP-05,exp05_p02_m08_ro050_lh05,baseline,phase,t03,human_1,1,human,12.00,14.25,2.25,12.00,0.00
EXP-05,exp05_p02_m08_ro050_lh05,baseline,phase,t03,agent_1,1,agent,14.25,27.75,13.50,,0
EXP-05,exp05_p02_m08_ro050_lh05,baseline,phase,t03,human_2,1,human,27.75,30.00,2.25,27.75,0.00
EXP-05,exp05_p02_m08_ro050_lh05,baseline,phase,t04_part_01,specification,2,human,14.25,14.8875,0.6375,12.00,2.25
EXP-05,exp05_p02_m08_ro050_lh05,baseline,phase,t04_part_01,implementation,2,agent,14.8875,17.4000,2.5125,,0
EXP-05,exp05_p02_m08_ro050_lh05,baseline,phase,t04_part_02,specification,2,human,17.4000,18.0375,0.6375,17.4000,0.0000
EXP-05,exp05_p02_m08_ro050_lh05,baseline,phase,t04_part_02,implementation,2,agent,18.0375,20.5500,2.5125,,0
EXP-05,exp05_p02_m08_ro050_lh05,baseline,phase,t04_part_03,specification,2,human,20.5500,21.1875,0.6375,20.5500,0.0000
EXP-05,exp05_p02_m08_ro050_lh05,baseline,phase,t04_part_03,implementation,2,agent,21.1875,23.7000,2.5125,,0
EXP-05,exp05_p02_m08_ro050_lh05,baseline,phase,t04_part_04,specification,2,human,23.7000,24.3375,0.6375,23.7000,0.0000
EXP-05,exp05_p02_m08_ro050_lh05,baseline,phase,t04_part_04,implementation,2,agent,24.3375,26.8500,2.5125,,0
EXP-05,exp05_p02_m08_ro050_lh05,baseline,phase,t04_part_05,specification,2,human,26.8500,27.4875,0.6375,26.8500,0.0000
EXP-05,exp05_p02_m08_ro050_lh05,baseline,phase,t04_part_05,implementation,2,agent,27.4875,30.0000,2.5125,,0
EXP-05,exp05_p02_m08_ro050_lh05,baseline,phase,t04_part_06,specification,1,human,30.0000,30.6375,0.6375,30.0000,0.0000
EXP-05,exp05_p02_m08_ro050_lh05,baseline,phase,t04_part_06,implementation,1,agent,30.6375,33.1500,2.5125,,0
EXP-05,exp05_p02_m08_ro050_lh05,baseline,phase,t04_part_07,specification,2,human,30.6375,31.2750,0.6375,30.0000,0.6375
EXP-05,exp05_p02_m08_ro050_lh05,baseline,phase,t04_part_07,implementation,2,agent,31.2750,33.7875,2.5125,,0
EXP-05,exp05_p02_m08_ro050_lh05,baseline,phase,t04_part_08,specification,1,human,33.1500,33.7875,0.6375,33.1500,0.0000
EXP-05,exp05_p02_m08_ro050_lh05,baseline,phase,t04_part_08,implementation,1,agent,33.7875,36.3000,2.5125,,0
EXP-05,exp05_p02_m08_ro050_lh05,baseline,phase,t04_join,integration,1,agent,36.3000,38.4000,2.1000,,0
EXP-05,exp05_p02_m08_ro050_lh05,baseline,phase,t04_join,acceptance,1,human,38.4000,43.5000,5.1000,38.4000,0.0000
EXP-05,exp05_p02_m08_ro050_lh05,baseline,wait,t01,human_1,2,human_queue,0,1.50,1.50,0,1.50
EXP-05,exp05_p02_m08_ro050_lh05,baseline,wait,t04_part_01,specification,2,human_queue,12.00,14.25,2.25,12.00,2.25
EXP-05,exp05_p02_m08_ro050_lh05,baseline,wait,t04_part_07,specification,2,human_queue,30.0000,30.6375,0.6375,30.0000,0.6375
EXP-05,exp05_p02_m08_ro050_lh05,exact,phase,t01,human_1,2,human,1.50000,2.25000,0.75000,1.50000,0.00000
EXP-05,exp05_p02_m08_ro050_lh05,exact,phase,t01,agent_1,2,agent,2.25000,6.75000,4.50000,,0
EXP-05,exp05_p02_m08_ro050_lh05,exact,phase,t01,human_2,2,human,6.75000,7.50000,0.75000,6.75000,0.00000
EXP-05,exp05_p02_m08_ro050_lh05,exact,phase,t02,human_1,1,human,0.00000,1.50000,1.50000,0.00000,0.00000
EXP-05,exp05_p02_m08_ro050_lh05,exact,phase,t02,agent_1,1,agent,1.50000,10.50000,9.00000,,0
EXP-05,exp05_p02_m08_ro050_lh05,exact,phase,t02,human_2,1,human,10.50000,12.00000,1.50000,10.50000,0.00000
EXP-05,exp05_p02_m08_ro050_lh05,exact,phase,t03,human_1,2,human,21.45000,23.70000,2.25000,21.45000,0.00000
EXP-05,exp05_p02_m08_ro050_lh05,exact,phase,t03,agent_1,2,agent,23.70000,37.20000,13.50000,,0
EXP-05,exp05_p02_m08_ro050_lh05,exact,phase,t03,human_2,2,human,37.20000,39.45000,2.25000,37.20000,0.00000
EXP-05,exp05_p02_m08_ro050_lh05,exact,phase,t04_part_01,specification,1,human,12.63750,13.27500,0.63750,12.63750,0.00000
EXP-05,exp05_p02_m08_ro050_lh05,exact,phase,t04_part_01,implementation,1,agent,13.27500,15.78750,2.51250,,0
EXP-05,exp05_p02_m08_ro050_lh05,exact,phase,t04_part_02,specification,1,human,26.85000,27.48750,0.63750,26.85000,0.00000
EXP-05,exp05_p02_m08_ro050_lh05,exact,phase,t04_part_02,implementation,1,agent,27.48750,30.00000,2.51250,,0
EXP-05,exp05_p02_m08_ro050_lh05,exact,phase,t04_part_03,specification,2,human,15.15000,15.78750,0.63750,15.15000,0.00000
EXP-05,exp05_p02_m08_ro050_lh05,exact,phase,t04_part_03,implementation,2,agent,15.78750,18.30000,2.51250,,0
EXP-05,exp05_p02_m08_ro050_lh05,exact,phase,t04_part_04,specification,1,human,18.93750,19.57500,0.63750,18.93750,0.00000
EXP-05,exp05_p02_m08_ro050_lh05,exact,phase,t04_part_04,implementation,1,agent,19.57500,22.08750,2.51250,,0
EXP-05,exp05_p02_m08_ro050_lh05,exact,phase,t04_part_05,specification,2,human,12.00000,12.63750,0.63750,12.00000,0.00000
EXP-05,exp05_p02_m08_ro050_lh05,exact,phase,t04_part_05,implementation,2,agent,12.63750,15.15000,2.51250,,0
EXP-05,exp05_p02_m08_ro050_lh05,exact,phase,t04_part_06,specification,1,human,15.78750,16.42500,0.63750,15.78750,0.00000
EXP-05,exp05_p02_m08_ro050_lh05,exact,phase,t04_part_06,implementation,1,agent,16.42500,18.93750,2.51250,,0
EXP-05,exp05_p02_m08_ro050_lh05,exact,phase,t04_part_07,specification,1,human,23.70000,24.33750,0.63750,23.70000,0.00000
EXP-05,exp05_p02_m08_ro050_lh05,exact,phase,t04_part_07,implementation,1,agent,24.33750,26.85000,2.51250,,0
EXP-05,exp05_p02_m08_ro050_lh05,exact,phase,t04_part_08,specification,2,human,18.30000,18.93750,0.63750,18.30000,0.00000
EXP-05,exp05_p02_m08_ro050_lh05,exact,phase,t04_part_08,implementation,2,agent,18.93750,21.45000,2.51250,,0
EXP-05,exp05_p02_m08_ro050_lh05,exact,phase,t04_join,integration,1,agent,30.00000,32.10000,2.10000,,0
EXP-05,exp05_p02_m08_ro050_lh05,exact,phase,t04_join,acceptance,1,human,32.10000,37.20000,5.10000,32.10000,0.00000
EXP-05,exp05_p02_m08_ro100_lh00,baseline,phase,t01,human_1,2,human,1.50,2.25,0.75,0,1.50
EXP-05,exp05_p02_m08_ro100_lh00,baseline,phase,t01,agent_1,2,agent,2.25,6.75,4.50,,0
EXP-05,exp05_p02_m08_ro100_lh00,baseline,phase,t01,human_2,2,human,6.75,7.50,0.75,6.75,0.00
EXP-05,exp05_p02_m08_ro100_lh00,baseline,phase,t02,human_1,1,human,0,1.50,1.50,0,0
EXP-05,exp05_p02_m08_ro100_lh00,baseline,phase,t02,agent_1,1,agent,1.50,10.50,9.00,,0
EXP-05,exp05_p02_m08_ro100_lh00,baseline,phase,t02,human_2,1,human,10.50,12.00,1.50,10.50,0.00
EXP-05,exp05_p02_m08_ro100_lh00,baseline,phase,t03,human_1,1,human,12.00,14.25,2.25,12.00,0.00
EXP-05,exp05_p02_m08_ro100_lh00,baseline,phase,t03,agent_1,1,agent,14.25,27.75,13.50,,0
EXP-05,exp05_p02_m08_ro100_lh00,baseline,phase,t03,human_2,1,human,27.75,30.00,2.25,27.75,0.00
EXP-05,exp05_p02_m08_ro100_lh00,baseline,phase,t04_part_01,specification,2,human,14.25,14.625,0.375,12.00,2.25
EXP-05,exp05_p02_m08_ro100_lh00,baseline,phase,t04_part_01,implementation,2,agent,14.625,17.925,3.300,,0
EXP-05,exp05_p02_m08_ro100_lh00,baseline,phase,t04_part_02,specification,2,human,17.925,18.300,0.375,17.925,0.000
EXP-05,exp05_p02_m08_ro100_lh00,baseline,phase,t04_part_02,implementation,2,agent,18.300,21.600,3.300,,0
EXP-05,exp05_p02_m08_ro100_lh00,baseline,phase,t04_part_03,specification,2,human,21.600,21.975,0.375,21.600,0.000
EXP-05,exp05_p02_m08_ro100_lh00,baseline,phase,t04_part_03,implementation,2,agent,21.975,25.275,3.300,,0
EXP-05,exp05_p02_m08_ro100_lh00,baseline,phase,t04_part_04,specification,2,human,25.275,25.650,0.375,25.275,0.000
EXP-05,exp05_p02_m08_ro100_lh00,baseline,phase,t04_part_04,implementation,2,agent,25.650,28.950,3.300,,0
EXP-05,exp05_p02_m08_ro100_lh00,baseline,phase,t04_part_05,specification,2,human,30.00,30.375,0.375,28.950,1.050
EXP-05,exp05_p02_m08_ro100_lh00,baseline,phase,t04_part_05,implementation,2,agent,30.375,33.675,3.300,,0
EXP-05,exp05_p02_m08_ro100_lh00,baseline,phase,t04_part_06,specification,1,human,30.375,30.750,0.375,30.00,0.375
EXP-05,exp05_p02_m08_ro100_lh00,baseline,phase,t04_part_06,implementation,1,agent,30.750,34.050,3.300,,0
EXP-05,exp05_p02_m08_ro100_lh00,baseline,phase,t04_part_07,specification,2,human,33.675,34.050,0.375,33.675,0.000
EXP-05,exp05_p02_m08_ro100_lh00,baseline,phase,t04_part_07,implementation,2,agent,34.050,37.350,3.300,,0
EXP-05,exp05_p02_m08_ro100_lh00,baseline,phase,t04_part_08,specification,1,human,34.050,34.425,0.375,34.050,0.000
EXP-05,exp05_p02_m08_ro100_lh00,baseline,phase,t04_part_08,implementation,1,agent,34.425,37.725,3.300,,0
EXP-05,exp05_p02_m08_ro100_lh00,baseline,phase,t04_join,integration,1,agent,37.725,46.125,8.400,,0
EXP-05,exp05_p02_m08_ro100_lh00,baseline,phase,t04_join,acceptance,1,human,46.125,49.125,3.000,46.125,0.000
EXP-05,exp05_p02_m08_ro100_lh00,baseline,wait,t01,human_1,2,human_queue,0,1.50,1.50,0,1.50
EXP-05,exp05_p02_m08_ro100_lh00,baseline,wait,t04_part_01,specification,2,human_queue,12.00,14.25,2.25,12.00,2.25
EXP-05,exp05_p02_m08_ro100_lh00,baseline,wait,t04_part_05,specification,2,human_queue,28.950,30.00,1.050,28.950,1.050
EXP-05,exp05_p02_m08_ro100_lh00,baseline,wait,t04_part_06,specification,1,human_queue,30.00,30.375,0.375,30.00,0.375
EXP-05,exp05_p02_m08_ro100_lh00,exact,phase,t01,human_1,2,human,1.50000,2.25000,0.75000,1.50000,0.00000
EXP-05,exp05_p02_m08_ro100_lh00,exact,phase,t01,agent_1,2,agent,2.25000,6.75000,4.50000,,0
EXP-05,exp05_p02_m08_ro100_lh00,exact,phase,t01,human_2,2,human,6.75000,7.50000,0.75000,6.75000,0.00000
EXP-05,exp05_p02_m08_ro100_lh00,exact,phase,t02,human_1,1,human,0.00000,1.50000,1.50000,0.00000,0.00000
EXP-05,exp05_p02_m08_ro100_lh00,exact,phase,t02,agent_1,1,agent,1.50000,10.50000,9.00000,,0
EXP-05,exp05_p02_m08_ro100_lh00,exact,phase,t02,human_2,1,human,10.50000,12.00000,1.50000,10.50000,0.00000
EXP-05,exp05_p02_m08_ro100_lh00,exact,phase,t03,human_1,2,human,23.02500,25.27500,2.25000,23.02500,0.00000
EXP-05,exp05_p02_m08_ro100_lh00,exact,phase,t03,agent_1,2,agent,25.27500,38.77500,13.50000,,0
EXP-05,exp05_p02_m08_ro100_lh00,exact,phase,t03,human_2,2,human,38.77500,41.02500,2.25000,38.77500,0.00000
EXP-05,exp05_p02_m08_ro100_lh00,exact,phase,t04_part_01,specification,2,human,12.00000,12.37500,0.37500,12.00000,0.00000
EXP-05,exp05_p02_m08_ro100_lh00,exact,phase,t04_part_01,implementation,2,agent,12.37500,15.67500,3.30000,,0
EXP-05,exp05_p02_m08_ro100_lh00,exact,phase,t04_part_02,specification,1,human,28.95000,29.32500,0.37500,28.95000,0.00000
EXP-05,exp05_p02_m08_ro100_lh00,exact,phase,t04_part_02,implementation,1,agent,29.32500,32.62500,3.30000,,0
EXP-05,exp05_p02_m08_ro100_lh00,exact,phase,t04_part_03,specification,2,human,19.35000,19.72500,0.37500,19.35000,0.00000
EXP-05,exp05_p02_m08_ro100_lh00,exact,phase,t04_part_03,implementation,2,agent,19.72500,23.02500,3.30000,,0
EXP-05,exp05_p02_m08_ro100_lh00,exact,phase,t04_part_04,specification,2,human,15.67500,16.05000,0.37500,15.67500,0.00000
EXP-05,exp05_p02_m08_ro100_lh00,exact,phase,t04_part_04,implementation,2,agent,16.05000,19.35000,3.30000,,0
EXP-05,exp05_p02_m08_ro100_lh00,exact,phase,t04_part_05,specification,1,human,19.72500,20.10000,0.37500,19.72500,0.00000
EXP-05,exp05_p02_m08_ro100_lh00,exact,phase,t04_part_05,implementation,1,agent,20.10000,23.40000,3.30000,,0
EXP-05,exp05_p02_m08_ro100_lh00,exact,phase,t04_part_06,specification,1,human,12.37500,12.75000,0.37500,12.37500,0.00000
EXP-05,exp05_p02_m08_ro100_lh00,exact,phase,t04_part_06,implementation,1,agent,12.75000,16.05000,3.30000,,0
EXP-05,exp05_p02_m08_ro100_lh00,exact,phase,t04_part_07,specification,1,human,25.27500,25.65000,0.37500,25.27500,0.00000
EXP-05,exp05_p02_m08_ro100_lh00,exact,phase,t04_part_07,implementation,1,agent,25.65000,28.95000,3.30000,,0
EXP-05,exp05_p02_m08_ro100_lh00,exact,phase,t04_part_08,specification,1,human,16.05000,16.42500,0.37500,16.05000,0.00000
EXP-05,exp05_p02_m08_ro100_lh00,exact,phase,t04_part_08,implementation,1,agent,16.42500,19.72500,3.30000,,0
EXP-05,exp05_p02_m08_ro100_lh00,exact,phase,t04_join,integration,1,agent,32.62500,41.02500,8.40000,,0
EXP-05,exp05_p02_m08_ro100_lh00,exact,phase,t04_join,acceptance,1,human,41.02500,44.02500,3.00000,41.02500,0.00000
EXP-05,exp05_p02_m08_ro100_lh05,baseline,phase,t01,human_1,2,human,1.50,2.25,0.75,0,1.50
EXP-05,exp05_p02_m08_ro100_lh05,baseline,phase,t01,agent_1,2,agent,2.25,6.75,4.50,,0
EXP-05,exp05_p02_m08_ro100_lh05,baseline,phase,t01,human_2,2,human,6.75,7.50,0.75,6.75,0.00
EXP-05,exp05_p02_m08_ro100_lh05,baseline,phase,t02,human_1,1,human,0,1.50,1.50,0,0
EXP-05,exp05_p02_m08_ro100_lh05,baseline,phase,t02,agent_1,1,agent,1.50,10.50,9.00,,0
EXP-05,exp05_p02_m08_ro100_lh05,baseline,phase,t02,human_2,1,human,10.50,12.00,1.50,10.50,0.00
EXP-05,exp05_p02_m08_ro100_lh05,baseline,phase,t03,human_1,1,human,12.00,14.25,2.25,12.00,0.00
EXP-05,exp05_p02_m08_ro100_lh05,baseline,phase,t03,agent_1,1,agent,14.25,27.75,13.50,,0
EXP-05,exp05_p02_m08_ro100_lh05,baseline,phase,t03,human_2,1,human,27.75,30.00,2.25,27.75,0.00
EXP-05,exp05_p02_m08_ro100_lh05,baseline,phase,t04_part_01,specification,2,human,14.25,15.150,0.900,12.00,2.25
EXP-05,exp05_p02_m08_ro100_lh05,baseline,phase,t04_part_01,implementation,2,agent,15.150,17.925,2.775,,0
EXP-05,exp05_p02_m08_ro100_lh05,baseline,phase,t04_part_02,specification,2,human,17.925,18.825,0.900,17.925,0.000
EXP-05,exp05_p02_m08_ro100_lh05,baseline,phase,t04_part_02,implementation,2,agent,18.825,21.600,2.775,,0
EXP-05,exp05_p02_m08_ro100_lh05,baseline,phase,t04_part_03,specification,2,human,21.600,22.500,0.900,21.600,0.000
EXP-05,exp05_p02_m08_ro100_lh05,baseline,phase,t04_part_03,implementation,2,agent,22.500,25.275,2.775,,0
EXP-05,exp05_p02_m08_ro100_lh05,baseline,phase,t04_part_04,specification,2,human,25.275,26.175,0.900,25.275,0.000
EXP-05,exp05_p02_m08_ro100_lh05,baseline,phase,t04_part_04,implementation,2,agent,26.175,28.950,2.775,,0
EXP-05,exp05_p02_m08_ro100_lh05,baseline,phase,t04_part_05,specification,2,human,30.00,30.900,0.900,28.950,1.050
EXP-05,exp05_p02_m08_ro100_lh05,baseline,phase,t04_part_05,implementation,2,agent,30.900,33.675,2.775,,0
EXP-05,exp05_p02_m08_ro100_lh05,baseline,phase,t04_part_06,specification,1,human,30.900,31.800,0.900,30.00,0.900
EXP-05,exp05_p02_m08_ro100_lh05,baseline,phase,t04_part_06,implementation,1,agent,31.800,34.575,2.775,,0
EXP-05,exp05_p02_m08_ro100_lh05,baseline,phase,t04_part_07,specification,2,human,33.675,34.575,0.900,33.675,0.000
EXP-05,exp05_p02_m08_ro100_lh05,baseline,phase,t04_part_07,implementation,2,agent,34.575,37.350,2.775,,0
EXP-05,exp05_p02_m08_ro100_lh05,baseline,phase,t04_part_08,specification,1,human,34.575,35.475,0.900,34.575,0.000
EXP-05,exp05_p02_m08_ro100_lh05,baseline,phase,t04_part_08,implementation,1,agent,35.475,38.250,2.775,,0
EXP-05,exp05_p02_m08_ro100_lh05,baseline,phase,t04_join,integration,1,agent,38.250,42.450,4.200,,0
EXP-05,exp05_p02_m08_ro100_lh05,baseline,phase,t04_join,acceptance,1,human,42.450,49.650,7.200,42.450,0.000
EXP-05,exp05_p02_m08_ro100_lh05,baseline,wait,t01,human_1,2,human_queue,0,1.50,1.50,0,1.50
EXP-05,exp05_p02_m08_ro100_lh05,baseline,wait,t04_part_01,specification,2,human_queue,12.00,14.25,2.25,12.00,2.25
EXP-05,exp05_p02_m08_ro100_lh05,baseline,wait,t04_part_05,specification,2,human_queue,28.950,30.00,1.050,28.950,1.050
EXP-05,exp05_p02_m08_ro100_lh05,baseline,wait,t04_part_06,specification,1,human_queue,30.00,30.900,0.900,30.00,0.900
EXP-05,exp05_p02_m08_ro100_lh05,exact,phase,t01,human_1,2,human,1.50000,2.25000,0.75000,1.50000,0.00000
EXP-05,exp05_p02_m08_ro100_lh05,exact,phase,t01,agent_1,2,agent,2.25000,6.75000,4.50000,,0
EXP-05,exp05_p02_m08_ro100_lh05,exact,phase,t01,human_2,2,human,6.75000,7.50000,0.75000,6.75000,0.00000
EXP-05,exp05_p02_m08_ro100_lh05,exact,phase,t02,human_1,1,human,0.00000,1.50000,1.50000,0.00000,0.00000
EXP-05,exp05_p02_m08_ro100_lh05,exact,phase,t02,agent_1,1,agent,1.50000,10.50000,9.00000,,0
EXP-05,exp05_p02_m08_ro100_lh05,exact,phase,t02,human_2,1,human,10.50000,12.00000,1.50000,10.50000,0.00000
EXP-05,exp05_p02_m08_ro100_lh05,exact,phase,t03,human_1,2,human,23.93750,26.18750,2.25000,23.93750,0.00000
EXP-05,exp05_p02_m08_ro100_lh05,exact,phase,t03,agent_1,2,agent,26.18750,39.68750,13.50000,,0
EXP-05,exp05_p02_m08_ro100_lh05,exact,phase,t03,human_2,2,human,41.77500,44.02500,2.25000,39.68750,2.08750
EXP-05,exp05_p02_m08_ro100_lh05,exact,phase,t04_part_01,specification,1,human,12.00000,12.90000,0.90000,12.00000,0.00000
EXP-05,exp05_p02_m08_ro100_lh05,exact,phase,t04_part_01,implementation,1,agent,12.90000,15.67500,2.77500,,0
EXP-05,exp05_p02_m08_ro100_lh05,exact,phase,t04_part_02,specification,1,human,23.02500,23.92500,0.90000,23.02500,0.00000
EXP-05,exp05_p02_m08_ro100_lh05,exact,phase,t04_part_02,implementation,1,agent,23.92500,26.70000,2.77500,,0
EXP-05,exp05_p02_m08_ro100_lh05,exact,phase,t04_part_03,specification,2,human,12.90000,13.80000,0.90000,12.90000,0.00000
EXP-05,exp05_p02_m08_ro100_lh05,exact,phase,t04_part_03,implementation,2,agent,13.80000,16.57500,2.77500,,0
EXP-05,exp05_p02_m08_ro100_lh05,exact,phase,t04_part_04,specification,2,human,20.25625,21.15625,0.90000,20.25625,0.00000
EXP-05,exp05_p02_m08_ro100_lh05,exact,phase,t04_part_04,implementation,2,agent,21.16250,23.93750,2.77500,,0
EXP-05,exp05_p02_m08_ro100_lh05,exact,phase,t04_part_05,specification,1,human,19.35000,20.25000,0.90000,19.35000,0.00000
EXP-05,exp05_p02_m08_ro100_lh05,exact,phase,t04_part_05,implementation,1,agent,20.25000,23.02500,2.77500,,0
EXP-05,exp05_p02_m08_ro100_lh05,exact,phase,t04_part_06,specification,1,human,15.67500,16.57500,0.90000,15.67500,0.00000
EXP-05,exp05_p02_m08_ro100_lh05,exact,phase,t04_part_06,implementation,1,agent,16.57500,19.35000,2.77500,,0
EXP-05,exp05_p02_m08_ro100_lh05,exact,phase,t04_part_07,specification,1,human,26.70000,27.60000,0.90000,26.70000,0.00000
EXP-05,exp05_p02_m08_ro100_lh05,exact,phase,t04_part_07,implementation,1,agent,27.60000,30.37500,2.77500,,0
EXP-05,exp05_p02_m08_ro100_lh05,exact,phase,t04_part_08,specification,2,human,16.57500,17.47500,0.90000,16.57500,0.00000
EXP-05,exp05_p02_m08_ro100_lh05,exact,phase,t04_part_08,implementation,2,agent,17.47500,20.25000,2.77500,,0
EXP-05,exp05_p02_m08_ro100_lh05,exact,phase,t04_join,integration,1,agent,30.37500,34.57500,4.20000,,0
EXP-05,exp05_p02_m08_ro100_lh05,exact,phase,t04_join,acceptance,1,human,34.57500,41.77500,7.20000,34.57500,0.00000
EXP-05,exp05_p02_m08_ro100_lh05,exact,wait,t03,human_2,2,human_queue,39.68750,41.77500,2.08750,39.68750,2.08750
EXP-05,exp05_p03_m01_ro000_lh00,baseline,phase,t01,human_1,2,human,1.50,2.25,0.75,0,1.50
EXP-05,exp05_p03_m01_ro000_lh00,baseline,phase,t01,agent_1,2,agent,2.25,6.75,4.50,,0
EXP-05,exp05_p03_m01_ro000_lh00,baseline,phase,t01,human_2,2,human,6.75,7.50,0.75,6.75,0.00
EXP-05,exp05_p03_m01_ro000_lh00,baseline,phase,t02,human_1,1,human,0,1.50,1.50,0,0
EXP-05,exp05_p03_m01_ro000_lh00,baseline,phase,t02,agent_1,1,agent,1.50,10.50,9.00,,0
EXP-05,exp05_p03_m01_ro000_lh00,baseline,phase,t02,human_2,1,human,10.50,12.00,1.50,10.50,0.00
EXP-05,exp05_p03_m01_ro000_lh00,baseline,phase,t03,human_1,2,human,15.00,17.25,2.25,12.00,3.00
EXP-05,exp05_p03_m01_ro000_lh00,baseline,phase,t03,agent_1,2,agent,17.25,30.75,13.50,,0
EXP-05,exp05_p03_m01_ro000_lh00,baseline,phase,t03,human_2,2,human,30.75,33.00,2.25,30.75,0.00
EXP-05,exp05_p03_m01_ro000_lh00,baseline,phase,t04_part_01,specification,1,human,12.00,15.00,3.00,12.00,0.00
EXP-05,exp05_p03_m01_ro000_lh00,baseline,phase,t04_part_01,implementation,1,agent,15.00,33.00,18.00,,0
EXP-05,exp05_p03_m01_ro000_lh00,baseline,phase,t04_join,acceptance,1,human,33.00,36.00,3.00,33.00,0.00
EXP-05,exp05_p03_m01_ro000_lh00,baseline,wait,t01,human_1,2,human_queue,0,1.50,1.50,0,1.50
EXP-05,exp05_p03_m01_ro000_lh00,baseline,wait,t03,human_1,2,human_queue,12.00,15.00,3.00,12.00,3.00
EXP-05,exp05_p03_m01_ro000_lh00,exact,phase,t01,human_1,3,human,1.50000,2.25000,0.75000,1.50000,0.00000
EXP-05,exp05_p03_m01_ro000_lh00,exact,phase,t01,agent_1,3,agent,2.25000,6.75000,4.50000,,0
EXP-05,exp05_p03_m01_ro000_lh00,exact,phase,t01,human_2,3,human,6.75000,7.50000,0.75000,6.75000,0.00000
EXP-05,exp05_p03_m01_ro000_lh00,exact,phase,t02,human_1,2,human,0.00000,1.50000,1.50000,0.00000,0.00000
EXP-05,exp05_p03_m01_ro000_lh00,exact,phase,t02,agent_1,2,agent,1.50000,10.50000,9.00000,,0
EXP-05,exp05_p03_m01_ro000_lh00,exact,phase,t02,human_2,2,human,10.50000,12.00000,1.50000,10.50000,0.00000
EXP-05,exp05_p03_m01_ro000_lh00,exact,phase,t03,human_1,1,human,15.00000,17.25000,2.25000,15.00000,0.00000
EXP-05,exp05_p03_m01_ro000_lh00,exact,phase,t03,agent_1,1,agent,17.25000,30.75000,13.50000,,0
EXP-05,exp05_p03_m01_ro000_lh00,exact,phase,t03,human_2,1,human,30.75000,33.00000,2.25000,30.75000,0.00000
EXP-05,exp05_p03_m01_ro000_lh00,exact,phase,t04_part_01,specification,3,human,12.00000,15.00000,3.00000,12.00000,0.00000
EXP-05,exp05_p03_m01_ro000_lh00,exact,phase,t04_part_01,implementation,3,agent,15.00000,33.00000,18.00000,,0
EXP-05,exp05_p03_m01_ro000_lh00,exact,phase,t04_join,acceptance,1,human,33.00000,36.00000,3.00000,33.00000,0.00000
EXP-05,exp05_p03_m02_ro000_lh00,baseline,phase,t01,human_1,2,human,1.50,2.25,0.75,0,1.50
EXP-05,exp05_p03_m02_ro000_lh00,baseline,phase,t01,agent_1,2,agent,2.25,6.75,4.50,,0
EXP-05,exp05_p03_m02_ro000_lh00,baseline,phase,t01,human_2,2,human,6.75,7.50,0.75,6.75,0.00
EXP-05,exp05_p03_m02_ro000_lh00,baseline,phase,t02,human_1,1,human,0,1.50,1.50,0,0
EXP-05,exp05_p03_m02_ro000_lh00,baseline,phase,t02,agent_1,1,agent,1.50,10.50,9.00,,0
EXP-05,exp05_p03_m02_ro000_lh00,baseline,phase,t02,human_2,1,human,10.50,12.00,1.50,10.50,0.00
EXP-05,exp05_p03_m02_ro000_lh00,baseline,phase,t03,human_1,1,human,12.00,14.25,2.25,12.00,0.00
EXP-05,exp05_p03_m02_ro000_lh00,baseline,phase,t03,agent_1,1,agent,14.25,27.75,13.50,,0
EXP-05,exp05_p03_m02_ro000_lh00,baseline,phase,t03,human_2,1,human,29.25,31.50,2.25,27.75,1.50
EXP-05,exp05_p03_m02_ro000_lh00,baseline,phase,t04_part_01,specification,2,human,14.25,15.75,1.50,12.00,2.25
EXP-05,exp05_p03_m02_ro000_lh00,baseline,phase,t04_part_01,implementation,2,agent,15.75,24.75,9.00,,0
EXP-05,exp05_p03_m02_ro000_lh00,baseline,phase,t04_part_02,specification,3,human,15.75,17.25,1.50,12.00,3.75
EXP-05,exp05_p03_m02_ro000_lh00,baseline,phase,t04_part_02,implementation,3,agent,17.25,26.25,9.00,,0
EXP-05,exp05_p03_m02_ro000_lh00,baseline,phase,t04_join,acceptance,2,human,26.25,29.25,3.00,26.25,0.00
EXP-05,exp05_p03_m02_ro000_lh00,baseline,wait,t01,human_1,2,human_queue,0,1.50,1.50,0,1.50
EXP-05,exp05_p03_m02_ro000_lh00,baseline,wait,t03,human_2,1,human_queue,27.75,29.25,1.50,27.75,1.50
EXP-05,exp05_p03_m02_ro000_lh00,baseline,wait,t04_part_01,specification,2,human_queue,12.00,14.25,2.25,12.00,2.25
EXP-05,exp05_p03_m02_ro000_lh00,baseline,wait,t04_part_02,specification,3,human_queue,12.00,15.75,3.75,12.00,3.75
EXP-05,exp05_p03_m02_ro000_lh00,exact,phase,t01,human_1,3,human,1.50000,2.25000,0.75000,1.50000,0.00000
EXP-05,exp05_p03_m02_ro000_lh00,exact,phase,t01,agent_1,3,agent,2.25000,6.75000,4.50000,,0
EXP-05,exp05_p03_m02_ro000_lh00,exact,phase,t01,human_2,3,human,6.75000,7.50000,0.75000,6.75000,0.00000
EXP-05,exp05_p03_m02_ro000_lh00,exact,phase,t02,human_1,1,human,0.00000,1.50000,1.50000,0.00000,0.00000
EXP-05,exp05_p03_m02_ro000_lh00,exact,phase,t02,agent_1,1,agent,1.50000,10.50000,9.00000,,0
EXP-05,exp05_p03_m02_ro000_lh00,exact,phase,t02,human_2,1,human,10.50000,12.00000,1.50000,10.50000,0.00000
EXP-05,exp05_p03_m02_ro000_lh00,exact,phase,t03,human_1,2,human,13.50000,15.75000,2.25000,13.50000,0.00000
EXP-05,exp05_p03_m02_ro000_lh00,exact,phase,t03,agent_1,2,agent,15.75000,29.25000,13.50000,,0
EXP-05,exp05_p03_m02_ro000_lh00,exact,phase,t03,human_2,2,human,29.25000,31.50000,2.25000,29.25000,0.00000
EXP-05,exp05_p03_m02_ro000_lh00,exact,phase,t04_part_01,specification,1,human,15.75000,17.25000,1.50000,15.75000,0.00000
EXP-05,exp05_p03_m02_ro000_lh00,exact,phase,t04_part_01,implementation,1,agent,17.25000,26.25000,9.00000,,0
EXP-05,exp05_p03_m02_ro000_lh00,exact,phase,t04_part_02,specification,3,human,12.00000,13.50000,1.50000,12.00000,0.00000
EXP-05,exp05_p03_m02_ro000_lh00,exact,phase,t04_part_02,implementation,3,agent,13.50000,22.50000,9.00000,,0
EXP-05,exp05_p03_m02_ro000_lh00,exact,phase,t04_join,acceptance,1,human,26.25000,29.25000,3.00000,26.25000,0.00000
EXP-05,exp05_p03_m02_ro050_lh00,baseline,phase,t01,human_1,2,human,1.50,2.25,0.75,0,1.50
EXP-05,exp05_p03_m02_ro050_lh00,baseline,phase,t01,agent_1,2,agent,2.25,6.75,4.50,,0
EXP-05,exp05_p03_m02_ro050_lh00,baseline,phase,t01,human_2,2,human,6.75,7.50,0.75,6.75,0.00
EXP-05,exp05_p03_m02_ro050_lh00,baseline,phase,t02,human_1,1,human,0,1.50,1.50,0,0
EXP-05,exp05_p03_m02_ro050_lh00,baseline,phase,t02,agent_1,1,agent,1.50,10.50,9.00,,0
EXP-05,exp05_p03_m02_ro050_lh00,baseline,phase,t02,human_2,1,human,10.50,12.00,1.50,10.50,0.00
EXP-05,exp05_p03_m02_ro050_lh00,baseline,phase,t03,human_1,1,human,12.00,14.25,2.25,12.00,0.00
EXP-05,exp05_p03_m02_ro050_lh00,baseline,phase,t03,agent_1,1,agent,14.25,27.75,13.50,,0
EXP-05,exp05_p03_m02_ro050_lh00,baseline,phase,t03,human_2,1,human,30.15,32.40,2.25,27.75,2.40
EXP-05,exp05_p03_m02_ro050_lh00,baseline,phase,t04_part_01,specification,2,human,14.25,15.75,1.50,12.00,2.25
EXP-05,exp05_p03_m02_ro050_lh00,baseline,phase,t04_part_01,implementation,2,agent,15.75,25.05,9.30,,0
EXP-05,exp05_p03_m02_ro050_lh00,baseline,phase,t04_part_02,specification,3,human,15.75,17.25,1.50,12.00,3.75
EXP-05,exp05_p03_m02_ro050_lh00,baseline,phase,t04_part_02,implementation,3,agent,17.25,26.55,9.30,,0
EXP-05,exp05_p03_m02_ro050_lh00,baseline,phase,t04_join,integration,2,agent,26.55,27.15,0.60,,0
EXP-05,exp05_p03_m02_ro050_lh00,baseline,phase,t04_join,acceptance,2,human,27.15,30.15,3.00,27.15,0.00
EXP-05,exp05_p03_m02_ro050_lh00,baseline,wait,t01,human_1,2,human_queue,0,1.50,1.50,0,1.50
EXP-05,exp05_p03_m02_ro050_lh00,baseline,wait,t03,human_2,1,human_queue,27.75,30.15,2.40,27.75,2.40
EXP-05,exp05_p03_m02_ro050_lh00,baseline,wait,t04_part_01,specification,2,human_queue,12.00,14.25,2.25,12.00,2.25
EXP-05,exp05_p03_m02_ro050_lh00,baseline,wait,t04_part_02,specification,3,human_queue,12.00,15.75,3.75,12.00,3.75
EXP-05,exp05_p03_m02_ro050_lh00,exact,phase,t01,human_1,3,human,1.50000,2.25000,0.75000,1.50000,0.00000
EXP-05,exp05_p03_m02_ro050_lh00,exact,phase,t01,agent_1,3,agent,2.25000,6.75000,4.50000,,0
EXP-05,exp05_p03_m02_ro050_lh00,exact,phase,t01,human_2,3,human,6.75000,7.50000,0.75000,6.75000,0.00000
EXP-05,exp05_p03_m02_ro050_lh00,exact,phase,t02,human_1,1,human,0.00000,1.50000,1.50000,0.00000,0.00000
EXP-05,exp05_p03_m02_ro050_lh00,exact,phase,t02,agent_1,1,agent,1.50000,10.50000,9.00000,,0
EXP-05,exp05_p03_m02_ro050_lh00,exact,phase,t02,human_2,1,human,10.50000,12.00000,1.50000,10.50000,0.00000
EXP-05,exp05_p03_m02_ro050_lh00,exact,phase,t03,human_1,2,human,13.50000,15.75000,2.25000,13.50000,0.00000
EXP-05,exp05_p03_m02_ro050_lh00,exact,phase,t03,agent_1,2,agent,15.75000,29.25000,13.50000,,0
EXP-05,exp05_p03_m02_ro050_lh00,exact,phase,t03,human_2,2,human,30.15000,32.40000,2.25000,29.25000,0.90000
EXP-05,exp05_p03_m02_ro050_lh00,exact,phase,t04_part_01,specification,1,human,15.75000,17.25000,1.50000,15.75000,0.00000
EXP-05,exp05_p03_m02_ro050_lh00,exact,phase,t04_part_01,implementation,1,agent,17.25000,26.55000,9.30000,,0
EXP-05,exp05_p03_m02_ro050_lh00,exact,phase,t04_part_02,specification,3,human,12.00000,13.50000,1.50000,12.00000,0.00000
EXP-05,exp05_p03_m02_ro050_lh00,exact,phase,t04_part_02,implementation,3,agent,13.50000,22.80000,9.30000,,0
EXP-05,exp05_p03_m02_ro050_lh00,exact,phase,t04_join,integration,1,agent,26.55000,27.15000,0.60000,,0
EXP-05,exp05_p03_m02_ro050_lh00,exact,phase,t04_join,acceptance,1,human,27.15000,30.15000,3.00000,27.15000,0.00000
EXP-05,exp05_p03_m02_ro050_lh00,exact,wait,t03,human_2,2,human_queue,29.25000,30.15000,0.90000,29.25000,0.90000
EXP-05,exp05_p03_m02_ro050_lh05,baseline,phase,t01,human_1,2,human,1.50,2.25,0.75,0,1.50
EXP-05,exp05_p03_m02_ro050_lh05,baseline,phase,t01,agent_1,2,agent,2.25,6.75,4.50,,0
EXP-05,exp05_p03_m02_ro050_lh05,baseline,phase,t01,human_2,2,human,6.75,7.50,0.75,6.75,0.00
EXP-05,exp05_p03_m02_ro050_lh05,baseline,phase,t02,human_1,1,human,0,1.50,1.50,0,0
EXP-05,exp05_p03_m02_ro050_lh05,baseline,phase,t02,agent_1,1,agent,1.50,10.50,9.00,,0
EXP-05,exp05_p03_m02_ro050_lh05,baseline,phase,t02,human_2,1,human,10.50,12.00,1.50,10.50,0.00
EXP-05,exp05_p03_m02_ro050_lh05,baseline,phase,t03,human_1,1,human,12.00,14.25,2.25,12.00,0.00
EXP-05,exp05_p03_m02_ro050_lh05,baseline,phase,t03,agent_1,1,agent,14.25,27.75,13.50,,0
EXP-05,exp05_p03_m02_ro050_lh05,baseline,phase,t03,human_2,1,human,30.300,32.550,2.250,27.75,2.550
EXP-05,exp05_p03_m02_ro050_lh05,baseline,phase,t04_part_01,specification,2,human,14.25,15.900,1.650,12.00,2.25
EXP-05,exp05_p03_m02_ro050_lh05,baseline,phase,t04_part_01,implementation,2,agent,15.900,25.050,9.150,,0
EXP-05,exp05_p03_m02_ro050_lh05,baseline,phase,t04_part_02,specification,3,human,15.900,17.550,1.650,12.00,3.900
EXP-05,exp05_p03_m02_ro050_lh05,baseline,phase,t04_part_02,implementation,3,agent,17.550,26.700,9.150,,0
EXP-05,exp05_p03_m02_ro050_lh05,baseline,phase,t04_join,integration,2,agent,26.700,27.000,0.300,,0
EXP-05,exp05_p03_m02_ro050_lh05,baseline,phase,t04_join,acceptance,2,human,27.000,30.300,3.300,27.000,0.000
EXP-05,exp05_p03_m02_ro050_lh05,baseline,wait,t01,human_1,2,human_queue,0,1.50,1.50,0,1.50
EXP-05,exp05_p03_m02_ro050_lh05,baseline,wait,t03,human_2,1,human_queue,27.75,30.300,2.550,27.75,2.550
EXP-05,exp05_p03_m02_ro050_lh05,baseline,wait,t04_part_01,specification,2,human_queue,12.00,14.25,2.25,12.00,2.25
EXP-05,exp05_p03_m02_ro050_lh05,baseline,wait,t04_part_02,specification,3,human_queue,12.00,15.900,3.900,12.00,3.900
EXP-05,exp05_p03_m02_ro050_lh05,exact,phase,t01,human_1,3,human,1.50000,2.25000,0.75000,1.50000,0.00000
EXP-05,exp05_p03_m02_ro050_lh05,exact,phase,t01,agent_1,3,agent,2.25000,6.75000,4.50000,,0
EXP-05,exp05_p03_m02_ro050_lh05,exact,phase,t01,human_2,3,human,6.75000,7.50000,0.75000,6.75000,0.00000
EXP-05,exp05_p03_m02_ro050_lh05,exact,phase,t02,human_1,1,human,0.00000,1.50000,1.50000,0.00000,0.00000
EXP-05,exp05_p03_m02_ro050_lh05,exact,phase,t02,agent_1,1,agent,1.50000,10.50000,9.00000,,0
EXP-05,exp05_p03_m02_ro050_lh05,exact,phase,t02,human_2,1,human,10.50000,12.00000,1.50000,10.50000,0.00000
EXP-05,exp05_p03_m02_ro050_lh05,exact,phase,t03,human_1,2,human,13.65000,15.90000,2.25000,13.65000,0.00000
EXP-05,exp05_p03_m02_ro050_lh05,exact,phase,t03,agent_1,2,agent,15.90000,29.40000,13.50000,,0
EXP-05,exp05_p03_m02_ro050_lh05,exact,phase,t03,human_2,2,human,30.30000,32.55000,2.25000,29.40000,0.90000
EXP-05,exp05_p03_m02_ro050_lh05,exact,phase,t04_part_01,specification,1,human,15.90000,17.55000,1.65000,15.90000,0.00000
EXP-05,exp05_p03_m02_ro050_lh05,exact,phase,t04_part_01,implementation,1,agent,17.55000,26.70000,9.15000,,0
EXP-05,exp05_p03_m02_ro050_lh05,exact,phase,t04_part_02,specification,3,human,12.00000,13.65000,1.65000,12.00000,0.00000
EXP-05,exp05_p03_m02_ro050_lh05,exact,phase,t04_part_02,implementation,3,agent,13.65000,22.80000,9.15000,,0
EXP-05,exp05_p03_m02_ro050_lh05,exact,phase,t04_join,integration,1,agent,26.70000,27.00000,0.30000,,0
EXP-05,exp05_p03_m02_ro050_lh05,exact,phase,t04_join,acceptance,1,human,27.00000,30.30000,3.30000,27.00000,0.00000
EXP-05,exp05_p03_m02_ro050_lh05,exact,wait,t03,human_2,2,human_queue,29.40000,30.30000,0.90000,29.40000,0.90000
EXP-05,exp05_p03_m02_ro100_lh00,baseline,phase,t01,human_1,2,human,1.50,2.25,0.75,0,1.50
EXP-05,exp05_p03_m02_ro100_lh00,baseline,phase,t01,agent_1,2,agent,2.25,6.75,4.50,,0
EXP-05,exp05_p03_m02_ro100_lh00,baseline,phase,t01,human_2,2,human,6.75,7.50,0.75,6.75,0.00
EXP-05,exp05_p03_m02_ro100_lh00,baseline,phase,t02,human_1,1,human,0,1.50,1.50,0,0
EXP-05,exp05_p03_m02_ro100_lh00,baseline,phase,t02,agent_1,1,agent,1.50,10.50,9.00,,0
EXP-05,exp05_p03_m02_ro100_lh00,baseline,phase,t02,human_2,1,human,10.50,12.00,1.50,10.50,0.00
EXP-05,exp05_p03_m02_ro100_lh00,baseline,phase,t03,human_1,1,human,12.00,14.25,2.25,12.00,0.00
EXP-05,exp05_p03_m02_ro100_lh00,baseline,phase,t03,agent_1,1,agent,14.25,27.75,13.50,,0
EXP-05,exp05_p03_m02_ro100_lh00,baseline,phase,t03,human_2,1,human,27.75,30.00,2.25,27.75,0.00
EXP-05,exp05_p03_m02_ro100_lh00,baseline,phase,t04_part_01,specification,2,human,14.25,15.75,1.50,12.00,2.25
EXP-05,exp05_p03_m02_ro100_lh00,baseline,phase,t04_part_01,implementation,2,agent,15.75,25.35,9.60,,0
EXP-05,exp05_p03_m02_ro100_lh00,baseline,phase,t04_part_02,specification,3,human,15.75,17.25,1.50,12.00,3.75
EXP-05,exp05_p03_m02_ro100_lh00,baseline,phase,t04_part_02,implementation,3,agent,17.25,26.85,9.60,,0
EXP-05,exp05_p03_m02_ro100_lh00,baseline,phase,t04_join,integration,2,agent,26.85,28.05,1.20,,0
EXP-05,exp05_p03_m02_ro100_lh00,baseline,phase,t04_join,acceptance,2,human,30.00,33.00,3.00,28.05,1.95
EXP-05,exp05_p03_m02_ro100_lh00,baseline,wait,t01,human_1,2,human_queue,0,1.50,1.50,0,1.50
EXP-05,exp05_p03_m02_ro100_lh00,baseline,wait,t04_part_01,specification,2,human_queue,12.00,14.25,2.25,12.00,2.25
EXP-05,exp05_p03_m02_ro100_lh00,baseline,wait,t04_part_02,specification,3,human_queue,12.00,15.75,3.75,12.00,3.75
EXP-05,exp05_p03_m02_ro100_lh00,baseline,wait,t04_join,acceptance,2,human_queue,28.05,30.00,1.95,28.05,1.95
EXP-05,exp05_p03_m02_ro100_lh00,exact,phase,t01,human_1,3,human,1.50000,2.25000,0.75000,1.50000,0.00000
EXP-05,exp05_p03_m02_ro100_lh00,exact,phase,t01,agent_1,3,agent,2.25000,6.75000,4.50000,,0
EXP-05,exp05_p03_m02_ro100_lh00,exact,phase,t01,human_2,3,human,6.75000,7.50000,0.75000,6.75000,0.00000
EXP-05,exp05_p03_m02_ro100_lh00,exact,phase,t02,human_1,1,human,0.00000,1.50000,1.50000,0.00000,0.00000
EXP-05,exp05_p03_m02_ro100_lh00,exact,phase,t02,agent_1,1,agent,1.50000,10.50000,9.00000,,0
EXP-05,exp05_p03_m02_ro100_lh00,exact,phase,t02,human_2,1,human,10.50000,12.00000,1.50000,10.50000,0.00000
EXP-05,exp05_p03_m02_ro100_lh00,exact,phase,t03,human_1,2,human,15.00000,17.25000,2.25000,15.00000,0.00000
EXP-05,exp05_p03_m02_ro100_lh00,exact,phase,t03,agent_1,2,agent,17.25000,30.75000,13.50000,,0
EXP-05,exp05_p03_m02_ro100_lh00,exact,phase,t03,human_2,2,human,30.75000,33.00000,2.25000,30.75000,0.00000
EXP-05,exp05_p03_m02_ro100_lh00,exact,phase,t04_part_01,specification,1,human,13.50000,15.00000,1.50000,13.50000,0.00000
EXP-05,exp05_p03_m02_ro100_lh00,exact,phase,t04_part_01,implementation,1,agent,15.00000,24.60000,9.60000,,0
EXP-05,exp05_p03_m02_ro100_lh00,exact,phase,t04_part_02,specification,3,human,12.00000,13.50000,1.50000,12.00000,0.00000
EXP-05,exp05_p03_m02_ro100_lh00,exact,phase,t04_part_02,implementation,3,agent,13.50000,23.10000,9.60000,,0
EXP-05,exp05_p03_m02_ro100_lh00,exact,phase,t04_join,integration,1,agent,24.60000,25.80000,1.20000,,0
EXP-05,exp05_p03_m02_ro100_lh00,exact,phase,t04_join,acceptance,1,human,25.80000,28.80000,3.00000,25.80000,0.00000
EXP-05,exp05_p03_m02_ro100_lh05,baseline,phase,t01,human_1,2,human,1.50,2.25,0.75,0,1.50
EXP-05,exp05_p03_m02_ro100_lh05,baseline,phase,t01,agent_1,2,agent,2.25,6.75,4.50,,0
EXP-05,exp05_p03_m02_ro100_lh05,baseline,phase,t01,human_2,2,human,6.75,7.50,0.75,6.75,0.00
EXP-05,exp05_p03_m02_ro100_lh05,baseline,phase,t02,human_1,1,human,0,1.50,1.50,0,0
EXP-05,exp05_p03_m02_ro100_lh05,baseline,phase,t02,agent_1,1,agent,1.50,10.50,9.00,,0
EXP-05,exp05_p03_m02_ro100_lh05,baseline,phase,t02,human_2,1,human,10.50,12.00,1.50,10.50,0.00
EXP-05,exp05_p03_m02_ro100_lh05,baseline,phase,t03,human_1,1,human,12.00,14.25,2.25,12.00,0.00
EXP-05,exp05_p03_m02_ro100_lh05,baseline,phase,t03,agent_1,1,agent,14.25,27.75,13.50,,0
EXP-05,exp05_p03_m02_ro100_lh05,baseline,phase,t03,human_2,1,human,27.75,30.00,2.25,27.75,0.00
EXP-05,exp05_p03_m02_ro100_lh05,baseline,phase,t04_part_01,specification,2,human,14.25,16.050,1.800,12.00,2.25
EXP-05,exp05_p03_m02_ro100_lh05,baseline,phase,t04_part_01,implementation,2,agent,16.050,25.350,9.300,,0
EXP-05,exp05_p03_m02_ro100_lh05,baseline,phase,t04_part_02,specification,3,human,16.050,17.850,1.800,12.00,4.050
EXP-05,exp05_p03_m02_ro100_lh05,baseline,phase,t04_part_02,implementation,3,agent,17.850,27.150,9.300,,0
EXP-05,exp05_p03_m02_ro100_lh05,baseline,phase,t04_join,integration,2,agent,27.150,27.750,0.600,,0
EXP-05,exp05_p03_m02_ro100_lh05,baseline,phase,t04_join,acceptance,2,human,30.00,33.600,3.600,27.750,2.250
EXP-05,exp05_p03_m02_ro100_lh05,baseline,wait,t01,human_1,2,human_queue,0,1.50,1.50,0,1.50
EXP-05,exp05_p03_m02_ro100_lh05,baseline,wait,t04_part_01,specification,2,human_queue,12.00,14.25,2.25,12.00,2.25
EXP-05,exp05_p03_m02_ro100_lh05,baseline,wait,t04_part_02,specification,3,human_queue,12.00,16.050,4.050,12.00,4.050
EXP-05,exp05_p03_m02_ro100_lh05,baseline,wait,t04_join,acceptance,2,human_queue,27.750,30.00,2.250,27.750,2.250
EXP-05,exp05_p03_m02_ro100_lh05,exact,phase,t01,human_1,3,human,1.50000,2.25000,0.75000,1.50000,0.00000
EXP-05,exp05_p03_m02_ro100_lh05,exact,phase,t01,agent_1,3,agent,2.25000,6.75000,4.50000,,0
EXP-05,exp05_p03_m02_ro100_lh05,exact,phase,t01,human_2,3,human,6.75000,7.50000,0.75000,6.75000,0.00000
EXP-05,exp05_p03_m02_ro100_lh05,exact,phase,t02,human_1,1,human,0.00000,1.50000,1.50000,0.00000,0.00000
EXP-05,exp05_p03_m02_ro100_lh05,exact,phase,t02,agent_1,1,agent,1.50000,10.50000,9.00000,,0
EXP-05,exp05_p03_m02_ro100_lh05,exact,phase,t02,human_2,1,human,10.50000,12.00000,1.50000,10.50000,0.00000
EXP-05,exp05_p03_m02_ro100_lh05,exact,phase,t03,human_1,2,human,13.80000,16.05000,2.25000,13.80000,0.00000
EXP-05,exp05_p03_m02_ro100_lh05,exact,phase,t03,agent_1,2,agent,16.05000,29.55000,13.50000,,0
EXP-05,exp05_p03_m02_ro100_lh05,exact,phase,t03,human_2,2,human,31.35000,33.60000,2.25000,29.55000,1.80000
EXP-05,exp05_p03_m02_ro100_lh05,exact,phase,t04_part_01,specification,1,human,16.05000,17.85000,1.80000,16.05000,0.00000
EXP-05,exp05_p03_m02_ro100_lh05,exact,phase,t04_part_01,implementation,1,agent,17.85000,27.15000,9.30000,,0
EXP-05,exp05_p03_m02_ro100_lh05,exact,phase,t04_part_02,specification,3,human,12.00000,13.80000,1.80000,12.00000,0.00000
EXP-05,exp05_p03_m02_ro100_lh05,exact,phase,t04_part_02,implementation,3,agent,13.80000,23.10000,9.30000,,0
EXP-05,exp05_p03_m02_ro100_lh05,exact,phase,t04_join,integration,1,agent,27.15000,27.75000,0.60000,,0
EXP-05,exp05_p03_m02_ro100_lh05,exact,phase,t04_join,acceptance,1,human,27.75000,31.35000,3.60000,27.75000,0.00000
EXP-05,exp05_p03_m02_ro100_lh05,exact,wait,t03,human_2,2,human_queue,29.55000,31.35000,1.80000,29.55000,1.80000
EXP-05,exp05_p03_m03_ro000_lh00,baseline,phase,t01,human_1,2,human,1.50,2.25,0.75,0,1.50
EXP-05,exp05_p03_m03_ro000_lh00,baseline,phase,t01,agent_1,2,agent,2.25,6.75,4.50,,0
EXP-05,exp05_p03_m03_ro000_lh00,baseline,phase,t01,human_2,2,human,6.75,7.50,0.75,6.75,0.00
EXP-05,exp05_p03_m03_ro000_lh00,baseline,phase,t02,human_1,1,human,0,1.50,1.50,0,0
EXP-05,exp05_p03_m03_ro000_lh00,baseline,phase,t02,agent_1,1,agent,1.50,10.50,9.00,,0
EXP-05,exp05_p03_m03_ro000_lh00,baseline,phase,t02,human_2,1,human,10.50,12.00,1.50,10.50,0.00
EXP-05,exp05_p03_m03_ro000_lh00,baseline,phase,t03,human_1,1,human,12.00,14.25,2.25,12.00,0.00
EXP-05,exp05_p03_m03_ro000_lh00,baseline,phase,t03,agent_1,1,agent,14.25,27.75,13.50,,0
EXP-05,exp05_p03_m03_ro000_lh00,baseline,phase,t03,human_2,1,human,27.75,30.00,2.25,27.75,0.00
EXP-05,exp05_p03_m03_ro000_lh00,baseline,phase,t04_part_01,specification,2,human,14.25,15.25,1.00,12.00,2.25
EXP-05,exp05_p03_m03_ro000_lh00,baseline,phase,t04_part_01,implementation,2,agent,15.25,21.25,6.00,,0
EXP-05,exp05_p03_m03_ro000_lh00,baseline,phase,t04_part_02,specification,3,human,15.25,16.25,1.00,12.00,3.25
EXP-05,exp05_p03_m03_ro000_lh00,baseline,phase,t04_part_02,implementation,3,agent,16.25,22.25,6.00,,0
EXP-05,exp05_p03_m03_ro000_lh00,baseline,phase,t04_part_03,specification,2,human,21.25,22.25,1.00,21.25,0.00
EXP-05,exp05_p03_m03_ro000_lh00,baseline,phase,t04_part_03,implementation,2,agent,22.25,28.25,6.00,,0
EXP-05,exp05_p03_m03_ro000_lh00,baseline,phase,t04_join,acceptance,2,human,30.00,33.00,3.00,28.25,1.75
EXP-05,exp05_p03_m03_ro000_lh00,baseline,wait,t01,human_1,2,human_queue,0,1.50,1.50,0,1.50
EXP-05,exp05_p03_m03_ro000_lh00,baseline,wait,t04_part_01,specification,2,human_queue,12.00,14.25,2.25,12.00,2.25
EXP-05,exp05_p03_m03_ro000_lh00,baseline,wait,t04_part_02,specification,3,human_queue,12.00,15.25,3.25,12.00,3.25
EXP-05,exp05_p03_m03_ro000_lh00,baseline,wait,t04_join,acceptance,2,human_queue,28.25,30.00,1.75,28.25,1.75
EXP-05,exp05_p03_m03_ro000_lh00,exact,phase,t01,human_1,2,human,1.50000,2.25000,0.75000,1.50000,0.00000
EXP-05,exp05_p03_m03_ro000_lh00,exact,phase,t01,agent_1,2,agent,2.25000,6.75000,4.50000,,0
EXP-05,exp05_p03_m03_ro000_lh00,exact,phase,t01,human_2,2,human,6.75000,7.50000,0.75000,6.75000,0.00000
EXP-05,exp05_p03_m03_ro000_lh00,exact,phase,t02,human_1,1,human,0.00000,1.50000,1.50000,0.00000,0.00000
EXP-05,exp05_p03_m03_ro000_lh00,exact,phase,t02,agent_1,1,agent,1.50000,10.50000,9.00000,,0
EXP-05,exp05_p03_m03_ro000_lh00,exact,phase,t02,human_2,1,human,10.50000,12.00000,1.50000,10.50000,0.00000
EXP-05,exp05_p03_m03_ro000_lh00,exact,phase,t03,human_1,3,human,13.00000,15.25000,2.25000,13.00000,0.00000
EXP-05,exp05_p03_m03_ro000_lh00,exact,phase,t03,agent_1,3,agent,15.25000,28.75000,13.50000,,0
EXP-05,exp05_p03_m03_ro000_lh00,exact,phase,t03,human_2,3,human,29.00000,31.25000,2.25000,28.75000,0.25000
EXP-05,exp05_p03_m03_ro000_lh00,exact,phase,t04_part_01,specification,2,human,19.00000,20.00000,1.00000,19.00000,0.00000
EXP-05,exp05_p03_m03_ro000_lh00,exact,phase,t04_part_01,implementation,2,agent,20.00000,26.00000,6.00000,,0
EXP-05,exp05_p03_m03_ro000_lh00,exact,phase,t04_part_02,specification,2,human,12.00000,13.00000,1.00000,12.00000,0.00000
EXP-05,exp05_p03_m03_ro000_lh00,exact,phase,t04_part_02,implementation,2,agent,13.00000,19.00000,6.00000,,0
EXP-05,exp05_p03_m03_ro000_lh00,exact,phase,t04_part_03,specification,1,human,15.25000,16.25000,1.00000,15.25000,0.00000
EXP-05,exp05_p03_m03_ro000_lh00,exact,phase,t04_part_03,implementation,1,agent,16.25000,22.25000,6.00000,,0
EXP-05,exp05_p03_m03_ro000_lh00,exact,phase,t04_join,acceptance,1,human,26.00000,29.00000,3.00000,26.00000,0.00000
EXP-05,exp05_p03_m03_ro000_lh00,exact,wait,t03,human_2,3,human_queue,28.75000,29.00000,0.25000,28.75000,0.25000
EXP-05,exp05_p03_m03_ro050_lh00,baseline,phase,t01,human_1,2,human,1.50,2.25,0.75,0,1.50
EXP-05,exp05_p03_m03_ro050_lh00,baseline,phase,t01,agent_1,2,agent,2.25,6.75,4.50,,0
EXP-05,exp05_p03_m03_ro050_lh00,baseline,phase,t01,human_2,2,human,6.75,7.50,0.75,6.75,0.00
EXP-05,exp05_p03_m03_ro050_lh00,baseline,phase,t02,human_1,1,human,0,1.50,1.50,0,0
EXP-05,exp05_p03_m03_ro050_lh00,baseline,phase,t02,agent_1,1,agent,1.50,10.50,9.00,,0
EXP-05,exp05_p03_m03_ro050_lh00,baseline,phase,t02,human_2,1,human,10.50,12.00,1.50,10.50,0.00
EXP-05,exp05_p03_m03_ro050_lh00,baseline,phase,t03,human_1,1,human,12.00,14.25,2.25,12.00,0.00
EXP-05,exp05_p03_m03_ro050_lh00,baseline,phase,t03,agent_1,1,agent,14.25,27.75,13.50,,0
EXP-05,exp05_p03_m03_ro050_lh00,baseline,phase,t03,human_2,1,human,27.75,30.00,2.25,27.75,0.00
EXP-05,exp05_p03_m03_ro050_lh00,baseline,phase,t04_part_01,specification,2,human,14.25,15.25,1.00,12.00,2.25
EXP-05,exp05_p03_m03_ro050_lh00,baseline,phase,t04_part_01,implementation,2,agent,15.25,21.65,6.40,,0
EXP-05,exp05_p03_m03_ro050_lh00,baseline,phase,t04_part_02,specification,3,human,15.25,16.25,1.00,12.00,3.25
EXP-05,exp05_p03_m03_ro050_lh00,baseline,phase,t04_part_02,implementation,3,agent,16.25,22.65,6.40,,0
EXP-05,exp05_p03_m03_ro050_lh00,baseline,phase,t04_part_03,specification,2,human,21.65,22.65,1.00,21.65,0.00
EXP-05,exp05_p03_m03_ro050_lh00,baseline,phase,t04_part_03,implementation,2,agent,22.65,29.05,6.40,,0
EXP-05,exp05_p03_m03_ro050_lh00,baseline,phase,t04_join,integration,2,agent,29.05,30.25,1.20,,0
EXP-05,exp05_p03_m03_ro050_lh00,baseline,phase,t04_join,acceptance,2,human,30.25,33.25,3.00,30.25,0.00
EXP-05,exp05_p03_m03_ro050_lh00,baseline,wait,t01,human_1,2,human_queue,0,1.50,1.50,0,1.50
EXP-05,exp05_p03_m03_ro050_lh00,baseline,wait,t04_part_01,specification,2,human_queue,12.00,14.25,2.25,12.00,2.25
EXP-05,exp05_p03_m03_ro050_lh00,baseline,wait,t04_part_02,specification,3,human_queue,12.00,15.25,3.25,12.00,3.25
EXP-05,exp05_p03_m03_ro050_lh00,exact,phase,t01,human_1,2,human,1.50000,2.25000,0.75000,1.50000,0.00000
EXP-05,exp05_p03_m03_ro050_lh00,exact,phase,t01,agent_1,2,agent,2.25000,6.75000,4.50000,,0
EXP-05,exp05_p03_m03_ro050_lh00,exact,phase,t01,human_2,2,human,6.75000,7.50000,0.75000,6.75000,0.00000
EXP-05,exp05_p03_m03_ro050_lh00,exact,phase,t02,human_1,1,human,0.00000,1.50000,1.50000,0.00000,0.00000
EXP-05,exp05_p03_m03_ro050_lh00,exact,phase,t02,agent_1,1,agent,1.50000,10.50000,9.00000,,0
EXP-05,exp05_p03_m03_ro050_lh00,exact,phase,t02,human_2,1,human,10.50000,12.00000,1.50000,10.50000,0.00000
EXP-05,exp05_p03_m03_ro050_lh00,exact,phase,t03,human_1,3,human,14.00000,16.25000,2.25000,14.00000,0.00000
EXP-05,exp05_p03_m03_ro050_lh00,exact,phase,t03,agent_1,3,agent,16.25000,29.75000,13.50000,,0
EXP-05,exp05_p03_m03_ro050_lh00,exact,phase,t03,human_2,3,human,31.00000,33.25000,2.25000,29.75000,1.25000
EXP-05,exp05_p03_m03_ro050_lh00,exact,phase,t04_part_01,specification,2,human,13.00000,14.00000,1.00000,13.00000,0.00000
EXP-05,exp05_p03_m03_ro050_lh00,exact,phase,t04_part_01,implementation,2,agent,14.00000,20.40000,6.40000,,0
EXP-05,exp05_p03_m03_ro050_lh00,exact,phase,t04_part_02,specification,1,human,19.40000,20.40000,1.00000,19.40000,0.00000
EXP-05,exp05_p03_m03_ro050_lh00,exact,phase,t04_part_02,implementation,1,agent,20.40000,26.80000,6.40000,,0
EXP-05,exp05_p03_m03_ro050_lh00,exact,phase,t04_part_03,specification,1,human,12.00000,13.00000,1.00000,12.00000,0.00000
EXP-05,exp05_p03_m03_ro050_lh00,exact,phase,t04_part_03,implementation,1,agent,13.00000,19.40000,6.40000,,0
EXP-05,exp05_p03_m03_ro050_lh00,exact,phase,t04_join,integration,1,agent,26.80000,28.00000,1.20000,,0
EXP-05,exp05_p03_m03_ro050_lh00,exact,phase,t04_join,acceptance,1,human,28.00000,31.00000,3.00000,28.00000,0.00000
EXP-05,exp05_p03_m03_ro050_lh00,exact,wait,t03,human_2,3,human_queue,29.75000,31.00000,1.25000,29.75000,1.25000
EXP-05,exp05_p03_m03_ro050_lh05,baseline,phase,t01,human_1,2,human,1.50,2.25,0.75,0,1.50
EXP-05,exp05_p03_m03_ro050_lh05,baseline,phase,t01,agent_1,2,agent,2.25,6.75,4.50,,0
EXP-05,exp05_p03_m03_ro050_lh05,baseline,phase,t01,human_2,2,human,6.75,7.50,0.75,6.75,0.00
EXP-05,exp05_p03_m03_ro050_lh05,baseline,phase,t02,human_1,1,human,0,1.50,1.50,0,0
EXP-05,exp05_p03_m03_ro050_lh05,baseline,phase,t02,agent_1,1,agent,1.50,10.50,9.00,,0
EXP-05,exp05_p03_m03_ro050_lh05,baseline,phase,t02,human_2,1,human,10.50,12.00,1.50,10.50,0.00
EXP-05,exp05_p03_m03_ro050_lh05,baseline,phase,t03,human_1,1,human,12.00,14.25,2.25,12.00,0.00
EXP-05,exp05_p03_m03_ro050_lh05,baseline,phase,t03,agent_1,1,agent,14.25,27.75,13.50,,0
EXP-05,exp05_p03_m03_ro050_lh05,baseline,phase,t03,human_2,1,human,27.75,30.00,2.25,27.75,0.00
EXP-05,exp05_p03_m03_ro050_lh05,baseline,phase,t04_part_01,specification,2,human,14.25,15.450,1.200,12.00,2.25
EXP-05,exp05_p03_m03_ro050_lh05,baseline,phase,t04_part_01,implementation,2,agent,15.450,21.650,6.200,,0
EXP-05,exp05_p03_m03_ro050_lh05,baseline,phase,t04_part_02,specification,3,human,15.450,16.650,1.200,12.00,3.450
EXP-05,exp05_p03_m03_ro050_lh05,baseline,phase,t04_part_02,implementation,3,agent,16.650,22.850,6.200,,0
EXP-05,exp05_p03_m03_ro050_lh05,baseline,phase,t04_part_03,specification,2,human,21.650,22.850,1.200,21.650,0.000
EXP-05,exp05_p03_m03_ro050_lh05,baseline,phase,t04_part_03,implementation,2,agent,22.850,29.050,6.200,,0
EXP-05,exp05_p03_m03_ro050_lh05,baseline,phase,t04_join,integration,2,agent,29.050,29.650,0.600,,0
EXP-05,exp05_p03_m03_ro050_lh05,baseline,phase,t04_join,acceptance,2,human,30.00,33.600,3.600,29.650,0.350
EXP-05,exp05_p03_m03_ro050_lh05,baseline,wait,t01,human_1,2,human_queue,0,1.50,1.50,0,1.50
EXP-05,exp05_p03_m03_ro050_lh05,baseline,wait,t04_part_01,specification,2,human_queue,12.00,14.25,2.25,12.00,2.25
EXP-05,exp05_p03_m03_ro050_lh05,baseline,wait,t04_part_02,specification,3,human_queue,12.00,15.450,3.450,12.00,3.450
EXP-05,exp05_p03_m03_ro050_lh05,baseline,wait,t04_join,acceptance,2,human_queue,29.650,30.00,0.350,29.650,0.350
EXP-05,exp05_p03_m03_ro050_lh05,exact,phase,t01,human_1,2,human,1.50000,2.25000,0.75000,1.50000,0.00000
EXP-05,exp05_p03_m03_ro050_lh05,exact,phase,t01,agent_1,2,agent,2.25000,6.75000,4.50000,,0
EXP-05,exp05_p03_m03_ro050_lh05,exact,phase,t01,human_2,2,human,6.75000,7.50000,0.75000,6.75000,0.00000
EXP-05,exp05_p03_m03_ro050_lh05,exact,phase,t02,human_1,1,human,0.00000,1.50000,1.50000,0.00000,0.00000
EXP-05,exp05_p03_m03_ro050_lh05,exact,phase,t02,agent_1,1,agent,1.50000,10.50000,9.00000,,0
EXP-05,exp05_p03_m03_ro050_lh05,exact,phase,t02,human_2,1,human,10.50000,12.00000,1.50000,10.50000,0.00000
EXP-05,exp05_p03_m03_ro050_lh05,exact,phase,t03,human_1,3,human,14.40000,16.65000,2.25000,14.40000,0.00000
EXP-05,exp05_p03_m03_ro050_lh05,exact,phase,t03,agent_1,3,agent,16.65000,30.15000,13.50000,,0
EXP-05,exp05_p03_m03_ro050_lh05,exact,phase,t03,human_2,3,human,31.00000,33.25000,2.25000,30.15000,0.85000
EXP-05,exp05_p03_m03_ro050_lh05,exact,phase,t04_part_01,specification,2,human,13.20000,14.40000,1.20000,13.20000,0.00000
EXP-05,exp05_p03_m03_ro050_lh05,exact,phase,t04_part_01,implementation,2,agent,14.40000,20.60000,6.20000,,0
EXP-05,exp05_p03_m03_ro050_lh05,exact,phase,t04_part_02,specification,1,human,19.40000,20.60000,1.20000,19.40000,0.00000
EXP-05,exp05_p03_m03_ro050_lh05,exact,phase,t04_part_02,implementation,1,agent,20.60000,26.80000,6.20000,,0
EXP-05,exp05_p03_m03_ro050_lh05,exact,phase,t04_part_03,specification,1,human,12.00000,13.20000,1.20000,12.00000,0.00000
EXP-05,exp05_p03_m03_ro050_lh05,exact,phase,t04_part_03,implementation,1,agent,13.20000,19.40000,6.20000,,0
EXP-05,exp05_p03_m03_ro050_lh05,exact,phase,t04_join,integration,1,agent,26.80000,27.40000,0.60000,,0
EXP-05,exp05_p03_m03_ro050_lh05,exact,phase,t04_join,acceptance,1,human,27.40000,31.00000,3.60000,27.40000,0.00000
EXP-05,exp05_p03_m03_ro050_lh05,exact,wait,t03,human_2,3,human_queue,30.15000,31.00000,0.85000,30.15000,0.85000
EXP-05,exp05_p03_m03_ro100_lh00,baseline,phase,t01,human_1,2,human,1.50,2.25,0.75,0,1.50
EXP-05,exp05_p03_m03_ro100_lh00,baseline,phase,t01,agent_1,2,agent,2.25,6.75,4.50,,0
EXP-05,exp05_p03_m03_ro100_lh00,baseline,phase,t01,human_2,2,human,6.75,7.50,0.75,6.75,0.00
EXP-05,exp05_p03_m03_ro100_lh00,baseline,phase,t02,human_1,1,human,0,1.50,1.50,0,0
EXP-05,exp05_p03_m03_ro100_lh00,baseline,phase,t02,agent_1,1,agent,1.50,10.50,9.00,,0
EXP-05,exp05_p03_m03_ro100_lh00,baseline,phase,t02,human_2,1,human,10.50,12.00,1.50,10.50,0.00
EXP-05,exp05_p03_m03_ro100_lh00,baseline,phase,t03,human_1,1,human,12.00,14.25,2.25,12.00,0.00
EXP-05,exp05_p03_m03_ro100_lh00,baseline,phase,t03,agent_1,1,agent,14.25,27.75,13.50,,0
EXP-05,exp05_p03_m03_ro100_lh00,baseline,phase,t03,human_2,1,human,27.75,30.00,2.25,27.75,0.00
EXP-05,exp05_p03_m03_ro100_lh00,baseline,phase,t04_part_01,specification,2,human,14.25,15.25,1.00,12.00,2.25
EXP-05,exp05_p03_m03_ro100_lh00,baseline,phase,t04_part_01,implementation,2,agent,15.25,22.05,6.80,,0
EXP-05,exp05_p03_m03_ro100_lh00,baseline,phase,t04_part_02,specification,3,human,15.25,16.25,1.00,12.00,3.25
EXP-05,exp05_p03_m03_ro100_lh00,baseline,phase,t04_part_02,implementation,3,agent,16.25,23.05,6.80,,0
EXP-05,exp05_p03_m03_ro100_lh00,baseline,phase,t04_part_03,specification,2,human,22.05,23.05,1.00,22.05,0.00
EXP-05,exp05_p03_m03_ro100_lh00,baseline,phase,t04_part_03,implementation,2,agent,23.05,29.85,6.80,,0
EXP-05,exp05_p03_m03_ro100_lh00,baseline,phase,t04_join,integration,2,agent,29.85,32.25,2.40,,0
EXP-05,exp05_p03_m03_ro100_lh00,baseline,phase,t04_join,acceptance,2,human,32.25,35.25,3.00,32.25,0.00
EXP-05,exp05_p03_m03_ro100_lh00,baseline,wait,t01,human_1,2,human_queue,0,1.50,1.50,0,1.50
EXP-05,exp05_p03_m03_ro100_lh00,baseline,wait,t04_part_01,specification,2,human_queue,12.00,14.25,2.25,12.00,2.25
EXP-05,exp05_p03_m03_ro100_lh00,baseline,wait,t04_part_02,specification,3,human_queue,12.00,15.25,3.25,12.00,3.25
EXP-05,exp05_p03_m03_ro100_lh00,exact,phase,t01,human_1,2,human,1.50000,2.25000,0.75000,1.50000,0.00000
EXP-05,exp05_p03_m03_ro100_lh00,exact,phase,t01,agent_1,2,agent,2.25000,6.75000,4.50000,,0
EXP-05,exp05_p03_m03_ro100_lh00,exact,phase,t01,human_2,2,human,6.75000,7.50000,0.75000,6.75000,0.00000
EXP-05,exp05_p03_m03_ro100_lh00,exact,phase,t02,human_1,1,human,0.00000,1.50000,1.50000,0.00000,0.00000
EXP-05,exp05_p03_m03_ro100_lh00,exact,phase,t02,agent_1,1,agent,1.50000,10.50000,9.00000,,0
EXP-05,exp05_p03_m03_ro100_lh00,exact,phase,t02,human_2,1,human,10.50000,12.00000,1.50000,10.50000,0.00000
EXP-05,exp05_p03_m03_ro100_lh00,exact,phase,t03,human_1,3,human,13.00000,15.25000,2.25000,13.00000,0.00000
EXP-05,exp05_p03_m03_ro100_lh00,exact,phase,t03,agent_1,3,agent,15.25000,28.75000,13.50000,,0
EXP-05,exp05_p03_m03_ro100_lh00,exact,phase,t03,human_2,3,human,28.75000,31.00000,2.25000,28.75000,0.00000
EXP-05,exp05_p03_m03_ro100_lh00,exact,phase,t04_part_01,specification,2,human,15.25000,16.25000,1.00000,15.25000,0.00000
EXP-05,exp05_p03_m03_ro100_lh00,exact,phase,t04_part_01,implementation,2,agent,16.25000,23.05000,6.80000,,0
EXP-05,exp05_p03_m03_ro100_lh00,exact,phase,t04_part_02,specification,1,human,19.80000,20.80000,1.00000,19.80000,0.00000
EXP-05,exp05_p03_m03_ro100_lh00,exact,phase,t04_part_02,implementation,1,agent,20.80000,27.60000,6.80000,,0
EXP-05,exp05_p03_m03_ro100_lh00,exact,phase,t04_part_03,specification,1,human,12.00000,13.00000,1.00000,12.00000,0.00000
EXP-05,exp05_p03_m03_ro100_lh00,exact,phase,t04_part_03,implementation,1,agent,13.00000,19.80000,6.80000,,0
EXP-05,exp05_p03_m03_ro100_lh00,exact,phase,t04_join,integration,1,agent,28.60000,31.00000,2.40000,,0
EXP-05,exp05_p03_m03_ro100_lh00,exact,phase,t04_join,acceptance,1,human,31.00000,34.00000,3.00000,31.00000,0.00000
EXP-05,exp05_p03_m03_ro100_lh05,baseline,phase,t01,human_1,2,human,1.50,2.25,0.75,0,1.50
EXP-05,exp05_p03_m03_ro100_lh05,baseline,phase,t01,agent_1,2,agent,2.25,6.75,4.50,,0
EXP-05,exp05_p03_m03_ro100_lh05,baseline,phase,t01,human_2,2,human,6.75,7.50,0.75,6.75,0.00
EXP-05,exp05_p03_m03_ro100_lh05,baseline,phase,t02,human_1,1,human,0,1.50,1.50,0,0
EXP-05,exp05_p03_m03_ro100_lh05,baseline,phase,t02,agent_1,1,agent,1.50,10.50,9.00,,0
EXP-05,exp05_p03_m03_ro100_lh05,baseline,phase,t02,human_2,1,human,10.50,12.00,1.50,10.50,0.00
EXP-05,exp05_p03_m03_ro100_lh05,baseline,phase,t03,human_1,1,human,12.00,14.25,2.25,12.00,0.00
EXP-05,exp05_p03_m03_ro100_lh05,baseline,phase,t03,agent_1,1,agent,14.25,27.75,13.50,,0
EXP-05,exp05_p03_m03_ro100_lh05,baseline,phase,t03,human_2,1,human,27.75,30.00,2.25,27.75,0.00
EXP-05,exp05_p03_m03_ro100_lh05,baseline,phase,t04_part_01,specification,2,human,14.25,15.650,1.400,12.00,2.25
EXP-05,exp05_p03_m03_ro100_lh05,baseline,phase,t04_part_01,implementation,2,agent,15.650,22.050,6.400,,0
EXP-05,exp05_p03_m03_ro100_lh05,baseline,phase,t04_part_02,specification,3,human,15.650,17.050,1.400,12.00,3.650
EXP-05,exp05_p03_m03_ro100_lh05,baseline,phase,t04_part_02,implementation,3,agent,17.050,23.450,6.400,,0
EXP-05,exp05_p03_m03_ro100_lh05,baseline,phase,t04_part_03,specification,2,human,22.050,23.450,1.400,22.050,0.000
EXP-05,exp05_p03_m03_ro100_lh05,baseline,phase,t04_part_03,implementation,2,agent,23.450,29.850,6.400,,0
EXP-05,exp05_p03_m03_ro100_lh05,baseline,phase,t04_join,integration,2,agent,29.850,31.050,1.200,,0
EXP-05,exp05_p03_m03_ro100_lh05,baseline,phase,t04_join,acceptance,2,human,31.050,35.250,4.200,31.050,0.000
EXP-05,exp05_p03_m03_ro100_lh05,baseline,wait,t01,human_1,2,human_queue,0,1.50,1.50,0,1.50
EXP-05,exp05_p03_m03_ro100_lh05,baseline,wait,t04_part_01,specification,2,human_queue,12.00,14.25,2.25,12.00,2.25
EXP-05,exp05_p03_m03_ro100_lh05,baseline,wait,t04_part_02,specification,3,human_queue,12.00,15.650,3.650,12.00,3.650
EXP-05,exp05_p03_m03_ro100_lh05,exact,phase,t01,human_1,2,human,1.50000,2.25000,0.75000,1.50000,0.00000
EXP-05,exp05_p03_m03_ro100_lh05,exact,phase,t01,agent_1,2,agent,2.25000,6.75000,4.50000,,0
EXP-05,exp05_p03_m03_ro100_lh05,exact,phase,t01,human_2,2,human,6.75000,7.50000,0.75000,6.75000,0.00000
EXP-05,exp05_p03_m03_ro100_lh05,exact,phase,t02,human_1,1,human,0.00000,1.50000,1.50000,0.00000,0.00000
EXP-05,exp05_p03_m03_ro100_lh05,exact,phase,t02,agent_1,1,agent,1.50000,10.50000,9.00000,,0
EXP-05,exp05_p03_m03_ro100_lh05,exact,phase,t02,human_2,1,human,10.50000,12.00000,1.50000,10.50000,0.00000
EXP-05,exp05_p03_m03_ro100_lh05,exact,phase,t03,human_1,3,human,14.80000,17.05000,2.25000,14.80000,0.00000
EXP-05,exp05_p03_m03_ro100_lh05,exact,phase,t03,agent_1,3,agent,17.05000,30.55000,13.50000,,0
EXP-05,exp05_p03_m03_ro100_lh05,exact,phase,t03,human_2,3,human,33.00000,35.25000,2.25000,30.55000,2.45000
EXP-05,exp05_p03_m03_ro100_lh05,exact,phase,t04_part_01,specification,2,human,13.40000,14.80000,1.40000,13.40000,0.00000
EXP-05,exp05_p03_m03_ro100_lh05,exact,phase,t04_part_01,implementation,2,agent,14.80000,21.20000,6.40000,,0
EXP-05,exp05_p03_m03_ro100_lh05,exact,phase,t04_part_02,specification,1,human,19.80000,21.20000,1.40000,19.80000,0.00000
EXP-05,exp05_p03_m03_ro100_lh05,exact,phase,t04_part_02,implementation,1,agent,21.20000,27.60000,6.40000,,0
EXP-05,exp05_p03_m03_ro100_lh05,exact,phase,t04_part_03,specification,1,human,12.00000,13.40000,1.40000,12.00000,0.00000
EXP-05,exp05_p03_m03_ro100_lh05,exact,phase,t04_part_03,implementation,1,agent,13.40000,19.80000,6.40000,,0
EXP-05,exp05_p03_m03_ro100_lh05,exact,phase,t04_join,integration,1,agent,27.60000,28.80000,1.20000,,0
EXP-05,exp05_p03_m03_ro100_lh05,exact,phase,t04_join,acceptance,1,human,28.80000,33.00000,4.20000,28.80000,0.00000
EXP-05,exp05_p03_m03_ro100_lh05,exact,wait,t03,human_2,3,human_queue,30.55000,33.00000,2.45000,30.55000,2.45000
EXP-05,exp05_p03_m04_ro000_lh00,baseline,phase,t01,human_1,2,human,1.50,2.25,0.75,0,1.50
EXP-05,exp05_p03_m04_ro000_lh00,baseline,phase,t01,agent_1,2,agent,2.25,6.75,4.50,,0
EXP-05,exp05_p03_m04_ro000_lh00,baseline,phase,t01,human_2,2,human,6.75,7.50,0.75,6.75,0.00
EXP-05,exp05_p03_m04_ro000_lh00,baseline,phase,t02,human_1,1,human,0,1.50,1.50,0,0
EXP-05,exp05_p03_m04_ro000_lh00,baseline,phase,t02,agent_1,1,agent,1.50,10.50,9.00,,0
EXP-05,exp05_p03_m04_ro000_lh00,baseline,phase,t02,human_2,1,human,10.50,12.00,1.50,10.50,0.00
EXP-05,exp05_p03_m04_ro000_lh00,baseline,phase,t03,human_1,1,human,12.00,14.25,2.25,12.00,0.00
EXP-05,exp05_p03_m04_ro000_lh00,baseline,phase,t03,agent_1,1,agent,14.25,27.75,13.50,,0
EXP-05,exp05_p03_m04_ro000_lh00,baseline,phase,t03,human_2,1,human,28.50,30.75,2.25,27.75,0.75
EXP-05,exp05_p03_m04_ro000_lh00,baseline,phase,t04_part_01,specification,2,human,14.25,15.00,0.75,12.00,2.25
EXP-05,exp05_p03_m04_ro000_lh00,baseline,phase,t04_part_01,implementation,2,agent,15.00,19.50,4.50,,0
EXP-05,exp05_p03_m04_ro000_lh00,baseline,phase,t04_part_02,specification,3,human,15.00,15.75,0.75,12.00,3.00
EXP-05,exp05_p03_m04_ro000_lh00,baseline,phase,t04_part_02,implementation,3,agent,15.75,20.25,4.50,,0
EXP-05,exp05_p03_m04_ro000_lh00,baseline,phase,t04_part_03,specification,2,human,19.50,20.25,0.75,19.50,0.00
EXP-05,exp05_p03_m04_ro000_lh00,baseline,phase,t04_part_03,implementation,2,agent,20.25,24.75,4.50,,0
EXP-05,exp05_p03_m04_ro000_lh00,baseline,phase,t04_part_04,specification,3,human,20.25,21.00,0.75,20.25,0.00
EXP-05,exp05_p03_m04_ro000_lh00,baseline,phase,t04_part_04,implementation,3,agent,21.00,25.50,4.50,,0
EXP-05,exp05_p03_m04_ro000_lh00,baseline,phase,t04_join,acceptance,2,human,25.50,28.50,3.00,25.50,0.00
EXP-05,exp05_p03_m04_ro000_lh00,baseline,wait,t01,human_1,2,human_queue,0,1.50,1.50,0,1.50
EXP-05,exp05_p03_m04_ro000_lh00,baseline,wait,t03,human_2,1,human_queue,27.75,28.50,0.75,27.75,0.75
EXP-05,exp05_p03_m04_ro000_lh00,baseline,wait,t04_part_01,specification,2,human_queue,12.00,14.25,2.25,12.00,2.25
EXP-05,exp05_p03_m04_ro000_lh00,baseline,wait,t04_part_02,specification,3,human_queue,12.00,15.00,3.00,12.00,3.00
EXP-05,exp05_p03_m04_ro000_lh00,exact,phase,t01,human_1,2,human,1.50000,2.25000,0.75000,1.50000,0.00000
EXP-05,exp05_p03_m04_ro000_lh00,exact,phase,t01,agent_1,2,agent,2.25000,6.75000,4.50000,,0
EXP-05,exp05_p03_m04_ro000_lh00,exact,phase,t01,human_2,2,human,6.75000,7.50000,0.75000,6.75000,0.00000
EXP-05,exp05_p03_m04_ro000_lh00,exact,phase,t02,human_1,1,human,0.00000,1.50000,1.50000,0.00000,0.00000
EXP-05,exp05_p03_m04_ro000_lh00,exact,phase,t02,agent_1,1,agent,1.50000,10.50000,9.00000,,0
EXP-05,exp05_p03_m04_ro000_lh00,exact,phase,t02,human_2,1,human,10.50000,12.00000,1.50000,10.50000,0.00000
EXP-05,exp05_p03_m04_ro000_lh00,exact,phase,t03,human_1,3,human,12.75000,15.00000,2.25000,12.75000,0.00000
EXP-05,exp05_p03_m04_ro000_lh00,exact,phase,t03,agent_1,3,agent,15.00000,28.50000,13.50000,,0
EXP-05,exp05_p03_m04_ro000_lh00,exact,phase,t03,human_2,3,human,28.50000,30.75000,2.25000,28.50000,0.00000
EXP-05,exp05_p03_m04_ro000_lh00,exact,phase,t04_part_01,specification,2,human,12.00000,12.75000,0.75000,12.00000,0.00000
EXP-05,exp05_p03_m04_ro000_lh00,exact,phase,t04_part_01,implementation,2,agent,12.75000,17.25000,4.50000,,0
EXP-05,exp05_p03_m04_ro000_lh00,exact,phase,t04_part_02,specification,1,human,20.25000,21.00000,0.75000,20.25000,0.00000
EXP-05,exp05_p03_m04_ro000_lh00,exact,phase,t04_part_02,implementation,1,agent,21.00000,25.50000,4.50000,,0
EXP-05,exp05_p03_m04_ro000_lh00,exact,phase,t04_part_03,specification,2,human,17.25000,18.00000,0.75000,17.25000,0.00000
EXP-05,exp05_p03_m04_ro000_lh00,exact,phase,t04_part_03,implementation,2,agent,18.00000,22.50000,4.50000,,0
EXP-05,exp05_p03_m04_ro000_lh00,exact,phase,t04_part_04,specification,1,human,15.00000,15.75000,0.75000,15.00000,0.00000
EXP-05,exp05_p03_m04_ro000_lh00,exact,phase,t04_part_04,implementation,1,agent,15.75000,20.25000,4.50000,,0
EXP-05,exp05_p03_m04_ro000_lh00,exact,phase,t04_join,acceptance,1,human,25.50000,28.50000,3.00000,25.50000,0.00000
EXP-05,exp05_p03_m04_ro050_lh00,baseline,phase,t01,human_1,2,human,1.50,2.25,0.75,0,1.50
EXP-05,exp05_p03_m04_ro050_lh00,baseline,phase,t01,agent_1,2,agent,2.25,6.75,4.50,,0
EXP-05,exp05_p03_m04_ro050_lh00,baseline,phase,t01,human_2,2,human,6.75,7.50,0.75,6.75,0.00
EXP-05,exp05_p03_m04_ro050_lh00,baseline,phase,t02,human_1,1,human,0,1.50,1.50,0,0
EXP-05,exp05_p03_m04_ro050_lh00,baseline,phase,t02,agent_1,1,agent,1.50,10.50,9.00,,0
EXP-05,exp05_p03_m04_ro050_lh00,baseline,phase,t02,human_2,1,human,10.50,12.00,1.50,10.50,0.00
EXP-05,exp05_p03_m04_ro050_lh00,baseline,phase,t03,human_1,1,human,12.00,14.25,2.25,12.00,0.00
EXP-05,exp05_p03_m04_ro050_lh00,baseline,phase,t03,agent_1,1,agent,14.25,27.75,13.50,,0
EXP-05,exp05_p03_m04_ro050_lh00,baseline,phase,t03,human_2,1,human,27.75,30.00,2.25,27.75,0.00
EXP-05,exp05_p03_m04_ro050_lh00,baseline,phase,t04_part_01,specification,2,human,14.25,15.00,0.75,12.00,2.25
EXP-05,exp05_p03_m04_ro050_lh00,baseline,phase,t04_part_01,implementation,2,agent,15.00,19.95,4.95,,0
EXP-05,exp05_p03_m04_ro050_lh00,baseline,phase,t04_part_02,specification,3,human,15.00,15.75,0.75,12.00,3.00
EXP-05,exp05_p03_m04_ro050_lh00,baseline,phase,t04_part_02,implementation,3,agent,15.75,20.70,4.95,,0
EXP-05,exp05_p03_m04_ro050_lh00,baseline,phase,t04_part_03,specification,2,human,19.95,20.70,0.75,19.95,0.00
EXP-05,exp05_p03_m04_ro050_lh00,baseline,phase,t04_part_03,implementation,2,agent,20.70,25.65,4.95,,0
EXP-05,exp05_p03_m04_ro050_lh00,baseline,phase,t04_part_04,specification,3,human,20.70,21.45,0.75,20.70,0.00
EXP-05,exp05_p03_m04_ro050_lh00,baseline,phase,t04_part_04,implementation,3,agent,21.45,26.40,4.95,,0
EXP-05,exp05_p03_m04_ro050_lh00,baseline,phase,t04_join,integration,2,agent,26.40,28.20,1.80,,0
EXP-05,exp05_p03_m04_ro050_lh00,baseline,phase,t04_join,acceptance,2,human,30.00,33.00,3.00,28.20,1.80
EXP-05,exp05_p03_m04_ro050_lh00,baseline,wait,t01,human_1,2,human_queue,0,1.50,1.50,0,1.50
EXP-05,exp05_p03_m04_ro050_lh00,baseline,wait,t04_part_01,specification,2,human_queue,12.00,14.25,2.25,12.00,2.25
EXP-05,exp05_p03_m04_ro050_lh00,baseline,wait,t04_part_02,specification,3,human_queue,12.00,15.00,3.00,12.00,3.00
EXP-05,exp05_p03_m04_ro050_lh00,baseline,wait,t04_join,acceptance,2,human_queue,28.20,30.00,1.80,28.20,1.80
EXP-05,exp05_p03_m04_ro050_lh00,exact,phase,t01,human_1,2,human,1.50000,2.25000,0.75000,1.50000,0.00000
EXP-05,exp05_p03_m04_ro050_lh00,exact,phase,t01,agent_1,2,agent,2.25000,6.75000,4.50000,,0
EXP-05,exp05_p03_m04_ro050_lh00,exact,phase,t01,human_2,2,human,6.75000,7.50000,0.75000,6.75000,0.00000
EXP-05,exp05_p03_m04_ro050_lh00,exact,phase,t02,human_1,1,human,0.00000,1.50000,1.50000,0.00000,0.00000
EXP-05,exp05_p03_m04_ro050_lh00,exact,phase,t02,agent_1,1,agent,1.50000,10.50000,9.00000,,0
EXP-05,exp05_p03_m04_ro050_lh00,exact,phase,t02,human_2,1,human,10.50000,12.00000,1.50000,10.50000,0.00000
EXP-05,exp05_p03_m04_ro050_lh00,exact,phase,t03,human_1,3,human,13.50000,15.75000,2.25000,13.50000,0.00000
EXP-05,exp05_p03_m04_ro050_lh00,exact,phase,t03,agent_1,3,agent,15.75000,29.25000,13.50000,,0
EXP-05,exp05_p03_m04_ro050_lh00,exact,phase,t03,human_2,3,human,29.25000,31.50000,2.25000,29.25000,0.00000
EXP-05,exp05_p03_m04_ro050_lh00,exact,phase,t04_part_01,specification,2,human,12.00000,12.75000,0.75000,12.00000,0.00000
EXP-05,exp05_p03_m04_ro050_lh00,exact,phase,t04_part_01,implementation,2,agent,12.75000,17.70000,4.95000,,0
EXP-05,exp05_p03_m04_ro050_lh00,exact,phase,t04_part_02,specification,1,human,18.45000,19.20000,0.75000,18.45000,0.00000
EXP-05,exp05_p03_m04_ro050_lh00,exact,phase,t04_part_02,implementation,1,agent,19.20000,24.15000,4.95000,,0
EXP-05,exp05_p03_m04_ro050_lh00,exact,phase,t04_part_03,specification,2,human,17.70000,18.45000,0.75000,17.70000,0.00000
EXP-05,exp05_p03_m04_ro050_lh00,exact,phase,t04_part_03,implementation,2,agent,18.45000,23.40000,4.95000,,0
EXP-05,exp05_p03_m04_ro050_lh00,exact,phase,t04_part_04,specification,1,human,12.75000,13.50000,0.75000,12.75000,0.00000
EXP-05,exp05_p03_m04_ro050_lh00,exact,phase,t04_part_04,implementation,1,agent,13.50000,18.45000,4.95000,,0
EXP-05,exp05_p03_m04_ro050_lh00,exact,phase,t04_join,integration,1,agent,24.15000,25.95000,1.80000,,0
EXP-05,exp05_p03_m04_ro050_lh00,exact,phase,t04_join,acceptance,1,human,25.95000,28.95000,3.00000,25.95000,0.00000
EXP-05,exp05_p03_m04_ro050_lh05,baseline,phase,t01,human_1,2,human,1.50,2.25,0.75,0,1.50
EXP-05,exp05_p03_m04_ro050_lh05,baseline,phase,t01,agent_1,2,agent,2.25,6.75,4.50,,0
EXP-05,exp05_p03_m04_ro050_lh05,baseline,phase,t01,human_2,2,human,6.75,7.50,0.75,6.75,0.00
EXP-05,exp05_p03_m04_ro050_lh05,baseline,phase,t02,human_1,1,human,0,1.50,1.50,0,0
EXP-05,exp05_p03_m04_ro050_lh05,baseline,phase,t02,agent_1,1,agent,1.50,10.50,9.00,,0
EXP-05,exp05_p03_m04_ro050_lh05,baseline,phase,t02,human_2,1,human,10.50,12.00,1.50,10.50,0.00
EXP-05,exp05_p03_m04_ro050_lh05,baseline,phase,t03,human_1,1,human,12.00,14.25,2.25,12.00,0.00
EXP-05,exp05_p03_m04_ro050_lh05,baseline,phase,t03,agent_1,1,agent,14.25,27.75,13.50,,0
EXP-05,exp05_p03_m04_ro050_lh05,baseline,phase,t03,human_2,1,human,31.425,33.675,2.250,27.75,3.675
EXP-05,exp05_p03_m04_ro050_lh05,baseline,phase,t04_part_01,specification,2,human,14.25,15.225,0.975,12.00,2.25
EXP-05,exp05_p03_m04_ro050_lh05,baseline,phase,t04_part_01,implementation,2,agent,15.225,19.950,4.725,,0
EXP-05,exp05_p03_m04_ro050_lh05,baseline,phase,t04_part_02,specification,3,human,15.225,16.200,0.975,12.00,3.225
EXP-05,exp05_p03_m04_ro050_lh05,baseline,phase,t04_part_02,implementation,3,agent,16.200,20.925,4.725,,0
EXP-05,exp05_p03_m04_ro050_lh05,baseline,phase,t04_part_03,specification,2,human,19.950,20.925,0.975,19.950,0.000
EXP-05,exp05_p03_m04_ro050_lh05,baseline,phase,t04_part_03,implementation,2,agent,20.925,25.650,4.725,,0
EXP-05,exp05_p03_m04_ro050_lh05,baseline,phase,t04_part_04,specification,3,human,20.925,21.900,0.975,20.925,0.000
EXP-05,exp05_p03_m04_ro050_lh05,baseline,phase,t04_part_04,implementation,3,agent,21.900,26.625,4.725,,0
EXP-05,exp05_p03_m04_ro050_lh05,baseline,phase,t04_join,integration,2,agent,26.625,27.525,0.900,,0
EXP-05,exp05_p03_m04_ro050_lh05,baseline,phase,t04_join,acceptance,2,human,27.525,31.425,3.900,27.525,0.000
EXP-05,exp05_p03_m04_ro050_lh05,baseline,wait,t01,human_1,2,human_queue,0,1.50,1.50,0,1.50
EXP-05,exp05_p03_m04_ro050_lh05,baseline,wait,t03,human_2,1,human_queue,27.75,31.425,3.675,27.75,3.675
EXP-05,exp05_p03_m04_ro050_lh05,baseline,wait,t04_part_01,specification,2,human_queue,12.00,14.25,2.25,12.00,2.25
EXP-05,exp05_p03_m04_ro050_lh05,baseline,wait,t04_part_02,specification,3,human_queue,12.00,15.225,3.225,12.00,3.225
EXP-05,exp05_p03_m04_ro050_lh05,exact,phase,t01,human_1,2,human,1.50000,2.25000,0.75000,1.50000,0.00000
EXP-05,exp05_p03_m04_ro050_lh05,exact,phase,t01,agent_1,2,agent,2.25000,6.75000,4.50000,,0
EXP-05,exp05_p03_m04_ro050_lh05,exact,phase,t01,human_2,2,human,6.75000,7.50000,0.75000,6.75000,0.00000
EXP-05,exp05_p03_m04_ro050_lh05,exact,phase,t02,human_1,1,human,0.00000,1.50000,1.50000,0.00000,0.00000
EXP-05,exp05_p03_m04_ro050_lh05,exact,phase,t02,agent_1,1,agent,1.50000,10.50000,9.00000,,0
EXP-05,exp05_p03_m04_ro050_lh05,exact,phase,t02,human_2,1,human,10.50000,12.00000,1.50000,10.50000,0.00000
EXP-05,exp05_p03_m04_ro050_lh05,exact,phase,t03,human_1,3,human,13.95000,16.20000,2.25000,13.95000,0.00000
EXP-05,exp05_p03_m04_ro050_lh05,exact,phase,t03,agent_1,3,agent,16.20000,29.70000,13.50000,,0
EXP-05,exp05_p03_m04_ro050_lh05,exact,phase,t03,human_2,3,human,29.70000,31.95000,2.25000,29.70000,0.00000
EXP-05,exp05_p03_m04_ro050_lh05,exact,phase,t04_part_01,specification,2,human,12.00000,12.97500,0.97500,12.00000,0.00000
EXP-05,exp05_p03_m04_ro050_lh05,exact,phase,t04_part_01,implementation,2,agent,12.97500,17.70000,4.72500,,0
EXP-05,exp05_p03_m04_ro050_lh05,exact,phase,t04_part_02,specification,1,human,18.67500,19.65000,0.97500,18.67500,0.00000
EXP-05,exp05_p03_m04_ro050_lh05,exact,phase,t04_part_02,implementation,1,agent,19.65000,24.37500,4.72500,,0
EXP-05,exp05_p03_m04_ro050_lh05,exact,phase,t04_part_03,specification,2,human,17.70000,18.67500,0.97500,17.70000,0.00000
EXP-05,exp05_p03_m04_ro050_lh05,exact,phase,t04_part_03,implementation,2,agent,18.67500,23.40000,4.72500,,0
EXP-05,exp05_p03_m04_ro050_lh05,exact,phase,t04_part_04,specification,1,human,12.97500,13.95000,0.97500,12.97500,0.00000
EXP-05,exp05_p03_m04_ro050_lh05,exact,phase,t04_part_04,implementation,1,agent,13.95000,18.67500,4.72500,,0
EXP-05,exp05_p03_m04_ro050_lh05,exact,phase,t04_join,integration,1,agent,24.37500,25.27500,0.90000,,0
EXP-05,exp05_p03_m04_ro050_lh05,exact,phase,t04_join,acceptance,1,human,25.27500,29.17500,3.90000,25.27500,0.00000
EXP-05,exp05_p03_m04_ro100_lh00,baseline,phase,t01,human_1,2,human,1.50,2.25,0.75,0,1.50
EXP-05,exp05_p03_m04_ro100_lh00,baseline,phase,t01,agent_1,2,agent,2.25,6.75,4.50,,0
EXP-05,exp05_p03_m04_ro100_lh00,baseline,phase,t01,human_2,2,human,6.75,7.50,0.75,6.75,0.00
EXP-05,exp05_p03_m04_ro100_lh00,baseline,phase,t02,human_1,1,human,0,1.50,1.50,0,0
EXP-05,exp05_p03_m04_ro100_lh00,baseline,phase,t02,agent_1,1,agent,1.50,10.50,9.00,,0
EXP-05,exp05_p03_m04_ro100_lh00,baseline,phase,t02,human_2,1,human,10.50,12.00,1.50,10.50,0.00
EXP-05,exp05_p03_m04_ro100_lh00,baseline,phase,t03,human_1,1,human,12.00,14.25,2.25,12.00,0.00
EXP-05,exp05_p03_m04_ro100_lh00,baseline,phase,t03,agent_1,1,agent,14.25,27.75,13.50,,0
EXP-05,exp05_p03_m04_ro100_lh00,baseline,phase,t03,human_2,1,human,27.75,30.00,2.25,27.75,0.00
EXP-05,exp05_p03_m04_ro100_lh00,baseline,phase,t04_part_01,specification,2,human,14.25,15.00,0.75,12.00,2.25
EXP-05,exp05_p03_m04_ro100_lh00,baseline,phase,t04_part_01,implementation,2,agent,15.00,20.40,5.40,,0
EXP-05,exp05_p03_m04_ro100_lh00,baseline,phase,t04_part_02,specification,3,human,15.00,15.75,0.75,12.00,3.00
EXP-05,exp05_p03_m04_ro100_lh00,baseline,phase,t04_part_02,implementation,3,agent,15.75,21.15,5.40,,0
EXP-05,exp05_p03_m04_ro100_lh00,baseline,phase,t04_part_03,specification,2,human,20.40,21.15,0.75,20.40,0.00
EXP-05,exp05_p03_m04_ro100_lh00,baseline,phase,t04_part_03,implementation,2,agent,21.15,26.55,5.40,,0
EXP-05,exp05_p03_m04_ro100_lh00,baseline,phase,t04_part_04,specification,3,human,21.15,21.90,0.75,21.15,0.00
EXP-05,exp05_p03_m04_ro100_lh00,baseline,phase,t04_part_04,implementation,3,agent,21.90,27.30,5.40,,0
EXP-05,exp05_p03_m04_ro100_lh00,baseline,phase,t04_join,integration,2,agent,27.30,30.90,3.60,,0
EXP-05,exp05_p03_m04_ro100_lh00,baseline,phase,t04_join,acceptance,2,human,30.90,33.90,3.00,30.90,0.00
EXP-05,exp05_p03_m04_ro100_lh00,baseline,wait,t01,human_1,2,human_queue,0,1.50,1.50,0,1.50
EXP-05,exp05_p03_m04_ro100_lh00,baseline,wait,t04_part_01,specification,2,human_queue,12.00,14.25,2.25,12.00,2.25
EXP-05,exp05_p03_m04_ro100_lh00,baseline,wait,t04_part_02,specification,3,human_queue,12.00,15.00,3.00,12.00,3.00
EXP-05,exp05_p03_m04_ro100_lh00,exact,phase,t01,human_1,2,human,1.50000,2.25000,0.75000,1.50000,0.00000
EXP-05,exp05_p03_m04_ro100_lh00,exact,phase,t01,agent_1,2,agent,2.25000,6.75000,4.50000,,0
EXP-05,exp05_p03_m04_ro100_lh00,exact,phase,t01,human_2,2,human,6.75000,7.50000,0.75000,6.75000,0.00000
EXP-05,exp05_p03_m04_ro100_lh00,exact,phase,t02,human_1,1,human,0.00000,1.50000,1.50000,0.00000,0.00000
EXP-05,exp05_p03_m04_ro100_lh00,exact,phase,t02,agent_1,1,agent,1.50000,10.50000,9.00000,,0
EXP-05,exp05_p03_m04_ro100_lh00,exact,phase,t02,human_2,1,human,10.50000,12.00000,1.50000,10.50000,0.00000
EXP-05,exp05_p03_m04_ro100_lh00,exact,phase,t03,human_1,3,human,13.50000,15.75000,2.25000,13.50000,0.00000
EXP-05,exp05_p03_m04_ro100_lh00,exact,phase,t03,agent_1,3,agent,15.75000,29.25000,13.50000,,0
EXP-05,exp05_p03_m04_ro100_lh00,exact,phase,t03,human_2,3,human,31.65000,33.90000,2.25000,29.25000,2.40000
EXP-05,exp05_p03_m04_ro100_lh00,exact,phase,t04_part_01,specification,2,human,12.00000,12.75000,0.75000,12.00000,0.00000
EXP-05,exp05_p03_m04_ro100_lh00,exact,phase,t04_part_01,implementation,2,agent,12.75000,18.15000,5.40000,,0
EXP-05,exp05_p03_m04_ro100_lh00,exact,phase,t04_part_02,specification,1,human,18.90000,19.65000,0.75000,18.90000,0.00000
EXP-05,exp05_p03_m04_ro100_lh00,exact,phase,t04_part_02,implementation,1,agent,19.65000,25.05000,5.40000,,0
EXP-05,exp05_p03_m04_ro100_lh00,exact,phase,t04_part_03,specification,2,human,18.15000,18.90000,0.75000,18.15000,0.00000
EXP-05,exp05_p03_m04_ro100_lh00,exact,phase,t04_part_03,implementation,2,agent,18.90000,24.30000,5.40000,,0
EXP-05,exp05_p03_m04_ro100_lh00,exact,phase,t04_part_04,specification,1,human,12.75000,13.50000,0.75000,12.75000,0.00000
EXP-05,exp05_p03_m04_ro100_lh00,exact,phase,t04_part_04,implementation,1,agent,13.50000,18.90000,5.40000,,0
EXP-05,exp05_p03_m04_ro100_lh00,exact,phase,t04_join,integration,1,agent,25.05000,28.65000,3.60000,,0
EXP-05,exp05_p03_m04_ro100_lh00,exact,phase,t04_join,acceptance,1,human,28.65000,31.65000,3.00000,28.65000,0.00000
EXP-05,exp05_p03_m04_ro100_lh00,exact,wait,t03,human_2,3,human_queue,29.25000,31.65000,2.40000,29.25000,2.40000
EXP-05,exp05_p03_m04_ro100_lh05,baseline,phase,t01,human_1,2,human,1.50,2.25,0.75,0,1.50
EXP-05,exp05_p03_m04_ro100_lh05,baseline,phase,t01,agent_1,2,agent,2.25,6.75,4.50,,0
EXP-05,exp05_p03_m04_ro100_lh05,baseline,phase,t01,human_2,2,human,6.75,7.50,0.75,6.75,0.00
EXP-05,exp05_p03_m04_ro100_lh05,baseline,phase,t02,human_1,1,human,0,1.50,1.50,0,0
EXP-05,exp05_p03_m04_ro100_lh05,baseline,phase,t02,agent_1,1,agent,1.50,10.50,9.00,,0
EXP-05,exp05_p03_m04_ro100_lh05,baseline,phase,t02,human_2,1,human,10.50,12.00,1.50,10.50,0.00
EXP-05,exp05_p03_m04_ro100_lh05,baseline,phase,t03,human_1,1,human,12.00,14.25,2.25,12.00,0.00
EXP-05,exp05_p03_m04_ro100_lh05,baseline,phase,t03,agent_1,1,agent,14.25,27.75,13.50,,0
EXP-05,exp05_p03_m04_ro100_lh05,baseline,phase,t03,human_2,1,human,27.75,30.00,2.25,27.75,0.00
EXP-05,exp05_p03_m04_ro100_lh05,baseline,phase,t04_part_01,specification,2,human,14.25,15.450,1.200,12.00,2.25
EXP-05,exp05_p03_m04_ro100_lh05,baseline,phase,t04_part_01,implementation,2,agent,15.450,20.400,4.950,,0
EXP-05,exp05_p03_m04_ro100_lh05,baseline,phase,t04_part_02,specification,3,human,15.450,16.650,1.200,12.00,3.450
EXP-05,exp05_p03_m04_ro100_lh05,baseline,phase,t04_part_02,implementation,3,agent,16.650,21.600,4.950,,0
EXP-05,exp05_p03_m04_ro100_lh05,baseline,phase,t04_part_03,specification,2,human,20.400,21.600,1.200,20.400,0.000
EXP-05,exp05_p03_m04_ro100_lh05,baseline,phase,t04_part_03,implementation,2,agent,21.600,26.550,4.950,,0
EXP-05,exp05_p03_m04_ro100_lh05,baseline,phase,t04_part_04,specification,3,human,21.600,22.800,1.200,21.600,0.000
EXP-05,exp05_p03_m04_ro100_lh05,baseline,phase,t04_part_04,implementation,3,agent,22.800,27.750,4.950,,0
EXP-05,exp05_p03_m04_ro100_lh05,baseline,phase,t04_join,integration,2,agent,27.75,29.550,1.800,,0
EXP-05,exp05_p03_m04_ro100_lh05,baseline,phase,t04_join,acceptance,2,human,30.00,34.800,4.800,29.550,0.450
EXP-05,exp05_p03_m04_ro100_lh05,baseline,wait,t01,human_1,2,human_queue,0,1.50,1.50,0,1.50
EXP-05,exp05_p03_m04_ro100_lh05,baseline,wait,t04_part_01,specification,2,human_queue,12.00,14.25,2.25,12.00,2.25
EXP-05,exp05_p03_m04_ro100_lh05,baseline,wait,t04_part_02,specification,3,human_queue,12.00,15.450,3.450,12.00,3.450
EXP-05,exp05_p03_m04_ro100_lh05,baseline,wait,t04_join,acceptance,2,human_queue,29.550,30.00,0.450,29.550,0.450
EXP-05,exp05_p03_m04_ro100_lh05,exact,phase,t01,human_1,2,human,1.50000,2.25000,0.75000,1.50000,0.00000
EXP-05,exp05_p03_m04_ro100_lh05,exact,phase,t01,agent_1,2,agent,2.25000,6.75000,4.50000,,0
EXP-05,exp05_p03_m04_ro100_lh05,exact,phase,t01,human_2,2,human,6.75000,7.50000,0.75000,6.75000,0.00000
EXP-05,exp05_p03_m04_ro100_lh05,exact,phase,t02,human_1,1,human,0.00000,1.50000,1.50000,0.00000,0.00000
EXP-05,exp05_p03_m04_ro100_lh05,exact,phase,t02,agent_1,1,agent,1.50000,10.50000,9.00000,,0
EXP-05,exp05_p03_m04_ro100_lh05,exact,phase,t02,human_2,1,human,10.50000,12.00000,1.50000,10.50000,0.00000
EXP-05,exp05_p03_m04_ro100_lh05,exact,phase,t03,human_1,3,human,14.40000,16.65000,2.25000,14.40000,0.00000
EXP-05,exp05_p03_m04_ro100_lh05,exact,phase,t03,agent_1,3,agent,16.65000,30.15000,13.50000,,0
EXP-05,exp05_p03_m04_ro100_lh05,exact,phase,t03,human_2,3,human,32.10000,34.35000,2.25000,30.15000,1.95000
EXP-05,exp05_p03_m04_ro100_lh05,exact,phase,t04_part_01,specification,2,human,19.35000,20.55000,1.20000,19.35000,0.00000
EXP-05,exp05_p03_m04_ro100_lh05,exact,phase,t04_part_01,implementation,2,agent,20.55000,25.50000,4.95000,,0
EXP-05,exp05_p03_m04_ro100_lh05,exact,phase,t04_part_02,specification,1,human,18.15000,19.35000,1.20000,18.15000,0.00000
EXP-05,exp05_p03_m04_ro100_lh05,exact,phase,t04_part_02,implementation,1,agent,19.35000,24.30000,4.95000,,0
EXP-05,exp05_p03_m04_ro100_lh05,exact,phase,t04_part_03,specification,2,human,13.20000,14.40000,1.20000,13.20000,0.00000
EXP-05,exp05_p03_m04_ro100_lh05,exact,phase,t04_part_03,implementation,2,agent,14.40000,19.35000,4.95000,,0
EXP-05,exp05_p03_m04_ro100_lh05,exact,phase,t04_part_04,specification,1,human,12.00000,13.20000,1.20000,12.00000,0.00000
EXP-05,exp05_p03_m04_ro100_lh05,exact,phase,t04_part_04,implementation,1,agent,13.20000,18.15000,4.95000,,0
EXP-05,exp05_p03_m04_ro100_lh05,exact,phase,t04_join,integration,1,agent,25.50000,27.30000,1.80000,,0
EXP-05,exp05_p03_m04_ro100_lh05,exact,phase,t04_join,acceptance,1,human,27.30000,32.10000,4.80000,27.30000,0.00000
EXP-05,exp05_p03_m04_ro100_lh05,exact,wait,t03,human_2,3,human_queue,30.15000,32.10000,1.95000,30.15000,1.95000
EXP-05,exp05_p03_m06_ro000_lh00,baseline,phase,t01,human_1,2,human,1.50,2.25,0.75,0,1.50
EXP-05,exp05_p03_m06_ro000_lh00,baseline,phase,t01,agent_1,2,agent,2.25,6.75,4.50,,0
EXP-05,exp05_p03_m06_ro000_lh00,baseline,phase,t01,human_2,2,human,6.75,7.50,0.75,6.75,0.00
EXP-05,exp05_p03_m06_ro000_lh00,baseline,phase,t02,human_1,1,human,0,1.50,1.50,0,0
EXP-05,exp05_p03_m06_ro000_lh00,baseline,phase,t02,agent_1,1,agent,1.50,10.50,9.00,,0
EXP-05,exp05_p03_m06_ro000_lh00,baseline,phase,t02,human_2,1,human,10.50,12.00,1.50,10.50,0.00
EXP-05,exp05_p03_m06_ro000_lh00,baseline,phase,t03,human_1,1,human,12.00,14.25,2.25,12.00,0.00
EXP-05,exp05_p03_m06_ro000_lh00,baseline,phase,t03,agent_1,1,agent,14.25,27.75,13.50,,0
EXP-05,exp05_p03_m06_ro000_lh00,baseline,phase,t03,human_2,1,human,28.25,30.50,2.25,27.75,0.50
EXP-05,exp05_p03_m06_ro000_lh00,baseline,phase,t04_part_01,specification,2,human,14.25,14.75,0.50,12.00,2.25
EXP-05,exp05_p03_m06_ro000_lh00,baseline,phase,t04_part_01,implementation,2,agent,14.75,17.75,3.00,,0
EXP-05,exp05_p03_m06_ro000_lh00,baseline,phase,t04_part_02,specification,3,human,14.75,15.25,0.50,12.00,2.75
EXP-05,exp05_p03_m06_ro000_lh00,baseline,phase,t04_part_02,implementation,3,agent,15.25,18.25,3.00,,0
EXP-05,exp05_p03_m06_ro000_lh00,baseline,phase,t04_part_03,specification,2,human,17.75,18.25,0.50,17.75,0.00
EXP-05,exp05_p03_m06_ro000_lh00,baseline,phase,t04_part_03,implementation,2,agent,18.25,21.25,3.00,,0
EXP-05,exp05_p03_m06_ro000_lh00,baseline,phase,t04_part_04,specification,3,human,18.25,18.75,0.50,18.25,0.00
EXP-05,exp05_p03_m06_ro000_lh00,baseline,phase,t04_part_04,implementation,3,agent,18.75,21.75,3.00,,0
EXP-05,exp05_p03_m06_ro000_lh00,baseline,phase,t04_part_05,specification,2,human,21.25,21.75,0.50,21.25,0.00
EXP-05,exp05_p03_m06_ro000_lh00,baseline,phase,t04_part_05,implementation,2,agent,21.75,24.75,3.00,,0
EXP-05,exp05_p03_m06_ro000_lh00,baseline,phase,t04_part_06,specification,3,human,21.75,22.25,0.50,21.75,0.00
EXP-05,exp05_p03_m06_ro000_lh00,baseline,phase,t04_part_06,implementation,3,agent,22.25,25.25,3.00,,0
EXP-05,exp05_p03_m06_ro000_lh00,baseline,phase,t04_join,acceptance,2,human,25.25,28.25,3.00,25.25,0.00
EXP-05,exp05_p03_m06_ro000_lh00,baseline,wait,t01,human_1,2,human_queue,0,1.50,1.50,0,1.50
EXP-05,exp05_p03_m06_ro000_lh00,baseline,wait,t03,human_2,1,human_queue,27.75,28.25,0.50,27.75,0.50
EXP-05,exp05_p03_m06_ro000_lh00,baseline,wait,t04_part_01,specification,2,human_queue,12.00,14.25,2.25,12.00,2.25
EXP-05,exp05_p03_m06_ro000_lh00,baseline,wait,t04_part_02,specification,3,human_queue,12.00,14.75,2.75,12.00,2.75
EXP-05,exp05_p03_m06_ro000_lh00,exact,phase,t01,human_1,2,human,1.50000,2.25000,0.75000,1.50000,0.00000
EXP-05,exp05_p03_m06_ro000_lh00,exact,phase,t01,agent_1,2,agent,2.25000,6.75000,4.50000,,0
EXP-05,exp05_p03_m06_ro000_lh00,exact,phase,t01,human_2,2,human,6.75000,7.50000,0.75000,6.75000,0.00000
EXP-05,exp05_p03_m06_ro000_lh00,exact,phase,t02,human_1,1,human,0.00000,1.50000,1.50000,0.00000,0.00000
EXP-05,exp05_p03_m06_ro000_lh00,exact,phase,t02,agent_1,1,agent,1.50000,10.50000,9.00000,,0
EXP-05,exp05_p03_m06_ro000_lh00,exact,phase,t02,human_2,1,human,10.50000,12.00000,1.50000,10.50000,0.00000
EXP-05,exp05_p03_m06_ro000_lh00,exact,phase,t03,human_1,2,human,12.50000,14.75000,2.25000,12.50000,0.00000
EXP-05,exp05_p03_m06_ro000_lh00,exact,phase,t03,agent_1,2,agent,14.75000,28.25000,13.50000,,0
EXP-05,exp05_p03_m06_ro000_lh00,exact,phase,t03,human_2,2,human,28.25000,30.50000,2.25000,28.25000,0.00000
EXP-05,exp05_p03_m06_ro000_lh00,exact,phase,t04_part_01,specification,3,human,19.00000,19.50000,0.50000,19.00000,0.00000
EXP-05,exp05_p03_m06_ro000_lh00,exact,phase,t04_part_01,implementation,3,agent,19.50000,22.50000,3.00000,,0
EXP-05,exp05_p03_m06_ro000_lh00,exact,phase,t04_part_02,specification,1,human,18.25000,18.75000,0.50000,18.25000,0.00000
EXP-05,exp05_p03_m06_ro000_lh00,exact,phase,t04_part_02,implementation,1,agent,18.75000,21.75000,3.00000,,0
EXP-05,exp05_p03_m06_ro000_lh00,exact,phase,t04_part_03,specification,3,human,15.50000,16.00000,0.50000,15.50000,0.00000
EXP-05,exp05_p03_m06_ro000_lh00,exact,phase,t04_part_03,implementation,3,agent,16.00000,19.00000,3.00000,,0
EXP-05,exp05_p03_m06_ro000_lh00,exact,phase,t04_part_04,specification,3,human,12.00000,12.50000,0.50000,12.00000,0.00000
EXP-05,exp05_p03_m06_ro000_lh00,exact,phase,t04_part_04,implementation,3,agent,12.50000,15.50000,3.00000,,0
EXP-05,exp05_p03_m06_ro000_lh00,exact,phase,t04_part_05,specification,1,human,21.75000,22.25000,0.50000,21.75000,0.00000
EXP-05,exp05_p03_m06_ro000_lh00,exact,phase,t04_part_05,implementation,1,agent,22.25000,25.25000,3.00000,,0
EXP-05,exp05_p03_m06_ro000_lh00,exact,phase,t04_part_06,specification,1,human,14.75000,15.25000,0.50000,14.75000,0.00000
EXP-05,exp05_p03_m06_ro000_lh00,exact,phase,t04_part_06,implementation,1,agent,15.25000,18.25000,3.00000,,0
EXP-05,exp05_p03_m06_ro000_lh00,exact,phase,t04_join,acceptance,1,human,25.25000,28.25000,3.00000,25.25000,0.00000
EXP-05,exp05_p03_m06_ro050_lh00,baseline,phase,t01,human_1,2,human,1.50,2.25,0.75,0,1.50
EXP-05,exp05_p03_m06_ro050_lh00,baseline,phase,t01,agent_1,2,agent,2.25,6.75,4.50,,0
EXP-05,exp05_p03_m06_ro050_lh00,baseline,phase,t01,human_2,2,human,6.75,7.50,0.75,6.75,0.00
EXP-05,exp05_p03_m06_ro050_lh00,baseline,phase,t02,human_1,1,human,0,1.50,1.50,0,0
EXP-05,exp05_p03_m06_ro050_lh00,baseline,phase,t02,agent_1,1,agent,1.50,10.50,9.00,,0
EXP-05,exp05_p03_m06_ro050_lh00,baseline,phase,t02,human_2,1,human,10.50,12.00,1.50,10.50,0.00
EXP-05,exp05_p03_m06_ro050_lh00,baseline,phase,t03,human_1,1,human,12.00,14.25,2.25,12.00,0.00
EXP-05,exp05_p03_m06_ro050_lh00,baseline,phase,t03,agent_1,1,agent,14.25,27.75,13.50,,0
EXP-05,exp05_p03_m06_ro050_lh00,baseline,phase,t03,human_2,1,human,27.75,30.00,2.25,27.75,0.00
EXP-05,exp05_p03_m06_ro050_lh00,baseline,phase,t04_part_01,specification,2,human,14.25,14.75,0.50,12.00,2.25
EXP-05,exp05_p03_m06_ro050_lh00,baseline,phase,t04_part_01,implementation,2,agent,14.75,18.25,3.50,,0
EXP-05,exp05_p03_m06_ro050_lh00,baseline,phase,t04_part_02,specification,3,human,14.75,15.25,0.50,12.00,2.75
EXP-05,exp05_p03_m06_ro050_lh00,baseline,phase,t04_part_02,implementation,3,agent,15.25,18.75,3.50,,0
EXP-05,exp05_p03_m06_ro050_lh00,baseline,phase,t04_part_03,specification,2,human,18.25,18.75,0.50,18.25,0.00
EXP-05,exp05_p03_m06_ro050_lh00,baseline,phase,t04_part_03,implementation,2,agent,18.75,22.25,3.50,,0
EXP-05,exp05_p03_m06_ro050_lh00,baseline,phase,t04_part_04,specification,3,human,18.75,19.25,0.50,18.75,0.00
EXP-05,exp05_p03_m06_ro050_lh00,baseline,phase,t04_part_04,implementation,3,agent,19.25,22.75,3.50,,0
EXP-05,exp05_p03_m06_ro050_lh00,baseline,phase,t04_part_05,specification,2,human,22.25,22.75,0.50,22.25,0.00
EXP-05,exp05_p03_m06_ro050_lh00,baseline,phase,t04_part_05,implementation,2,agent,22.75,26.25,3.50,,0
EXP-05,exp05_p03_m06_ro050_lh00,baseline,phase,t04_part_06,specification,3,human,22.75,23.25,0.50,22.75,0.00
EXP-05,exp05_p03_m06_ro050_lh00,baseline,phase,t04_part_06,implementation,3,agent,23.25,26.75,3.50,,0
EXP-05,exp05_p03_m06_ro050_lh00,baseline,phase,t04_join,integration,2,agent,26.75,29.75,3.00,,0
EXP-05,exp05_p03_m06_ro050_lh00,baseline,phase,t04_join,acceptance,2,human,30.00,33.00,3.00,29.75,0.25
EXP-05,exp05_p03_m06_ro050_lh00,baseline,wait,t01,human_1,2,human_queue,0,1.50,1.50,0,1.50
EXP-05,exp05_p03_m06_ro050_lh00,baseline,wait,t04_part_01,specification,2,human_queue,12.00,14.25,2.25,12.00,2.25
EXP-05,exp05_p03_m06_ro050_lh00,baseline,wait,t04_part_02,specification,3,human_queue,12.00,14.75,2.75,12.00,2.75
EXP-05,exp05_p03_m06_ro050_lh00,baseline,wait,t04_join,acceptance,2,human_queue,29.75,30.00,0.25,29.75,0.25
EXP-05,exp05_p03_m06_ro050_lh00,exact,phase,t01,human_1,2,human,1.50000,2.25000,0.75000,1.50000,0.00000
EXP-05,exp05_p03_m06_ro050_lh00,exact,phase,t01,agent_1,2,agent,2.25000,6.75000,4.50000,,0
EXP-05,exp05_p03_m06_ro050_lh00,exact,phase,t01,human_2,2,human,6.75000,7.50000,0.75000,6.75000,0.00000
EXP-05,exp05_p03_m06_ro050_lh00,exact,phase,t02,human_1,1,human,0.00000,1.50000,1.50000,0.00000,0.00000
EXP-05,exp05_p03_m06_ro050_lh00,exact,phase,t02,agent_1,1,agent,1.50000,10.50000,9.00000,,0
EXP-05,exp05_p03_m06_ro050_lh00,exact,phase,t02,human_2,1,human,10.50000,12.00000,1.50000,10.50000,0.00000
EXP-05,exp05_p03_m06_ro050_lh00,exact,phase,t03,human_1,3,human,13.00000,15.25000,2.25000,13.00000,0.00000
EXP-05,exp05_p03_m06_ro050_lh00,exact,phase,t03,agent_1,3,agent,15.25000,28.75000,13.50000,,0
EXP-05,exp05_p03_m06_ro050_lh00,exact,phase,t03,human_2,3,human,30.50000,32.75000,2.25000,28.75000,1.75000
EXP-05,exp05_p03_m06_ro050_lh00,exact,phase,t04_part_01,specification,2,human,12.00000,12.50000,0.50000,12.00000,0.00000
EXP-05,exp05_p03_m06_ro050_lh00,exact,phase,t04_part_01,implementation,2,agent,12.50000,16.00000,3.50000,,0
EXP-05,exp05_p03_m06_ro050_lh00,exact,phase,t04_part_02,specification,1,human,20.50000,21.00000,0.50000,20.50000,0.00000
EXP-05,exp05_p03_m06_ro050_lh00,exact,phase,t04_part_02,implementation,1,agent,21.00000,24.50000,3.50000,,0
EXP-05,exp05_p03_m06_ro050_lh00,exact,phase,t04_part_03,specification,1,human,16.50000,17.00000,0.50000,16.50000,0.00000
EXP-05,exp05_p03_m06_ro050_lh00,exact,phase,t04_part_03,implementation,1,agent,17.00000,20.50000,3.50000,,0
EXP-05,exp05_p03_m06_ro050_lh00,exact,phase,t04_part_04,specification,1,human,12.50000,13.00000,0.50000,12.50000,0.00000
EXP-05,exp05_p03_m06_ro050_lh00,exact,phase,t04_part_04,implementation,1,agent,13.00000,16.50000,3.50000,,0
EXP-05,exp05_p03_m06_ro050_lh00,exact,phase,t04_part_05,specification,2,human,20.00000,20.50000,0.50000,20.00000,0.00000
EXP-05,exp05_p03_m06_ro050_lh00,exact,phase,t04_part_05,implementation,2,agent,20.50000,24.00000,3.50000,,0
EXP-05,exp05_p03_m06_ro050_lh00,exact,phase,t04_part_06,specification,2,human,16.00000,16.50000,0.50000,16.00000,0.00000
EXP-05,exp05_p03_m06_ro050_lh00,exact,phase,t04_part_06,implementation,2,agent,16.50000,20.00000,3.50000,,0
EXP-05,exp05_p03_m06_ro050_lh00,exact,phase,t04_join,integration,1,agent,24.50000,27.50000,3.00000,,0
EXP-05,exp05_p03_m06_ro050_lh00,exact,phase,t04_join,acceptance,1,human,27.50000,30.50000,3.00000,27.50000,0.00000
EXP-05,exp05_p03_m06_ro050_lh00,exact,wait,t03,human_2,3,human_queue,28.75000,30.50000,1.75000,28.75000,1.75000
EXP-05,exp05_p03_m06_ro050_lh05,baseline,phase,t01,human_1,2,human,1.50,2.25,0.75,0,1.50
EXP-05,exp05_p03_m06_ro050_lh05,baseline,phase,t01,agent_1,2,agent,2.25,6.75,4.50,,0
EXP-05,exp05_p03_m06_ro050_lh05,baseline,phase,t01,human_2,2,human,6.75,7.50,0.75,6.75,0.00
EXP-05,exp05_p03_m06_ro050_lh05,baseline,phase,t02,human_1,1,human,0,1.50,1.50,0,0
EXP-05,exp05_p03_m06_ro050_lh05,baseline,phase,t02,agent_1,1,agent,1.50,10.50,9.00,,0
EXP-05,exp05_p03_m06_ro050_lh05,baseline,phase,t02,human_2,1,human,10.50,12.00,1.50,10.50,0.00
EXP-05,exp05_p03_m06_ro050_lh05,baseline,phase,t03,human_1,1,human,12.00,14.25,2.25,12.00,0.00
EXP-05,exp05_p03_m06_ro050_lh05,baseline,phase,t03,agent_1,1,agent,14.25,27.75,13.50,,0
EXP-05,exp05_p03_m06_ro050_lh05,baseline,phase,t03,human_2,1,human,27.75,30.00,2.25,27.75,0.00
EXP-05,exp05_p03_m06_ro050_lh05,baseline,phase,t04_part_01,specification,2,human,14.25,15.000,0.750,12.00,2.25
EXP-05,exp05_p03_m06_ro050_lh05,baseline,phase,t04_part_01,implementation,2,agent,15.000,18.250,3.250,,0
EXP-05,exp05_p03_m06_ro050_lh05,baseline,phase,t04_part_02,specification,3,human,15.000,15.750,0.750,12.00,3.000
EXP-05,exp05_p03_m06_ro050_lh05,baseline,phase,t04_part_02,implementation,3,agent,15.750,19.000,3.250,,0
EXP-05,exp05_p03_m06_ro050_lh05,baseline,phase,t04_part_03,specification,2,human,18.250,19.000,0.750,18.250,0.000
EXP-05,exp05_p03_m06_ro050_lh05,baseline,phase,t04_part_03,implementation,2,agent,19.000,22.250,3.250,,0
EXP-05,exp05_p03_m06_ro050_lh05,baseline,phase,t04_part_04,specification,3,human,19.000,19.750,0.750,19.000,0.000
EXP-05,exp05_p03_m06_ro050_lh05,baseline,phase,t04_part_04,implementation,3,agent,19.750,23.000,3.250,,0
EXP-05,exp05_p03_m06_ro050_lh05,baseline,phase,t04_part_05,specification,2,human,22.250,23.000,0.750,22.250,0.000
EXP-05,exp05_p03_m06_ro050_lh05,baseline,phase,t04_part_05,implementation,2,agent,23.000,26.250,3.250,,0
EXP-05,exp05_p03_m06_ro050_lh05,baseline,phase,t04_part_06,specification,3,human,23.000,23.750,0.750,23.000,0.000
EXP-05,exp05_p03_m06_ro050_lh05,baseline,phase,t04_part_06,implementation,3,agent,23.750,27.000,3.250,,0
EXP-05,exp05_p03_m06_ro050_lh05,baseline,phase,t04_join,integration,2,agent,27.000,28.500,1.500,,0
EXP-05,exp05_p03_m06_ro050_lh05,baseline,phase,t04_join,acceptance,2,human,30.00,34.500,4.500,28.500,1.500
EXP-05,exp05_p03_m06_ro050_lh05,baseline,wait,t01,human_1,2,human_queue,0,1.50,1.50,0,1.50
EXP-05,exp05_p03_m06_ro050_lh05,baseline,wait,t04_part_01,specification,2,human_queue,12.00,14.25,2.25,12.00,2.25
EXP-05,exp05_p03_m06_ro050_lh05,baseline,wait,t04_part_02,specification,3,human_queue,12.00,15.000,3.000,12.00,3.000
EXP-05,exp05_p03_m06_ro050_lh05,baseline,wait,t04_join,acceptance,2,human_queue,28.500,30.00,1.500,28.500,1.500
EXP-05,exp05_p03_m06_ro050_lh05,exact,phase,t01,human_1,2,human,1.50000,2.25000,0.75000,1.50000,0.00000
EXP-05,exp05_p03_m06_ro050_lh05,exact,phase,t01,agent_1,2,agent,2.25000,6.75000,4.50000,,0
EXP-05,exp05_p03_m06_ro050_lh05,exact,phase,t01,human_2,2,human,6.75000,7.50000,0.75000,6.75000,0.00000
EXP-05,exp05_p03_m06_ro050_lh05,exact,phase,t02,human_1,1,human,0.00000,1.50000,1.50000,0.00000,0.00000
EXP-05,exp05_p03_m06_ro050_lh05,exact,phase,t02,agent_1,1,agent,1.50000,10.50000,9.00000,,0
EXP-05,exp05_p03_m06_ro050_lh05,exact,phase,t02,human_2,1,human,10.50000,12.00000,1.50000,10.50000,0.00000
EXP-05,exp05_p03_m06_ro050_lh05,exact,phase,t03,human_1,3,human,13.50000,15.75000,2.25000,13.50000,0.00000
EXP-05,exp05_p03_m06_ro050_lh05,exact,phase,t03,agent_1,3,agent,15.75000,29.25000,13.50000,,0
EXP-05,exp05_p03_m06_ro050_lh05,exact,phase,t03,human_2,3,human,30.75000,33.00000,2.25000,29.25000,1.50000
EXP-05,exp05_p03_m06_ro050_lh05,exact,phase,t04_part_01,specification,2,human,12.00000,12.75000,0.75000,12.00000,0.00000
EXP-05,exp05_p03_m06_ro050_lh05,exact,phase,t04_part_01,implementation,2,agent,12.75000,16.00000,3.25000,,0
EXP-05,exp05_p03_m06_ro050_lh05,exact,phase,t04_part_02,specification,1,human,20.75000,21.50000,0.75000,20.75000,0.00000
EXP-05,exp05_p03_m06_ro050_lh05,exact,phase,t04_part_02,implementation,1,agent,21.50000,24.75000,3.25000,,0
EXP-05,exp05_p03_m06_ro050_lh05,exact,phase,t04_part_03,specification,1,human,12.75000,13.50000,0.75000,12.75000,0.00000
EXP-05,exp05_p03_m06_ro050_lh05,exact,phase,t04_part_03,implementation,1,agent,13.50000,16.75000,3.25000,,0
EXP-05,exp05_p03_m06_ro050_lh05,exact,phase,t04_part_04,specification,2,human,20.00000,20.75000,0.75000,20.00000,0.00000
EXP-05,exp05_p03_m06_ro050_lh05,exact,phase,t04_part_04,implementation,2,agent,20.75000,24.00000,3.25000,,0
EXP-05,exp05_p03_m06_ro050_lh05,exact,phase,t04_part_05,specification,2,human,16.00000,16.75000,0.75000,16.00000,0.00000
EXP-05,exp05_p03_m06_ro050_lh05,exact,phase,t04_part_05,implementation,2,agent,16.75000,20.00000,3.25000,,0
EXP-05,exp05_p03_m06_ro050_lh05,exact,phase,t04_part_06,specification,1,human,16.75000,17.50000,0.75000,16.75000,0.00000
EXP-05,exp05_p03_m06_ro050_lh05,exact,phase,t04_part_06,implementation,1,agent,17.50000,20.75000,3.25000,,0
EXP-05,exp05_p03_m06_ro050_lh05,exact,phase,t04_join,integration,1,agent,24.75000,26.25000,1.50000,,0
EXP-05,exp05_p03_m06_ro050_lh05,exact,phase,t04_join,acceptance,1,human,26.25000,30.75000,4.50000,26.25000,0.00000
EXP-05,exp05_p03_m06_ro050_lh05,exact,wait,t03,human_2,3,human_queue,29.25000,30.75000,1.50000,29.25000,1.50000
EXP-05,exp05_p03_m06_ro100_lh00,baseline,phase,t01,human_1,2,human,1.50,2.25,0.75,0,1.50
EXP-05,exp05_p03_m06_ro100_lh00,baseline,phase,t01,agent_1,2,agent,2.25,6.75,4.50,,0
EXP-05,exp05_p03_m06_ro100_lh00,baseline,phase,t01,human_2,2,human,6.75,7.50,0.75,6.75,0.00
EXP-05,exp05_p03_m06_ro100_lh00,baseline,phase,t02,human_1,1,human,0,1.50,1.50,0,0
EXP-05,exp05_p03_m06_ro100_lh00,baseline,phase,t02,agent_1,1,agent,1.50,10.50,9.00,,0
EXP-05,exp05_p03_m06_ro100_lh00,baseline,phase,t02,human_2,1,human,10.50,12.00,1.50,10.50,0.00
EXP-05,exp05_p03_m06_ro100_lh00,baseline,phase,t03,human_1,1,human,12.00,14.25,2.25,12.00,0.00
EXP-05,exp05_p03_m06_ro100_lh00,baseline,phase,t03,agent_1,1,agent,14.25,27.75,13.50,,0
EXP-05,exp05_p03_m06_ro100_lh00,baseline,phase,t03,human_2,1,human,27.75,30.00,2.25,27.75,0.00
EXP-05,exp05_p03_m06_ro100_lh00,baseline,phase,t04_part_01,specification,2,human,14.25,14.75,0.50,12.00,2.25
EXP-05,exp05_p03_m06_ro100_lh00,baseline,phase,t04_part_01,implementation,2,agent,14.75,18.75,4.00,,0
EXP-05,exp05_p03_m06_ro100_lh00,baseline,phase,t04_part_02,specification,3,human,14.75,15.25,0.50,12.00,2.75
EXP-05,exp05_p03_m06_ro100_lh00,baseline,phase,t04_part_02,implementation,3,agent,15.25,19.25,4.00,,0
EXP-05,exp05_p03_m06_ro100_lh00,baseline,phase,t04_part_03,specification,2,human,18.75,19.25,0.50,18.75,0.00
EXP-05,exp05_p03_m06_ro100_lh00,baseline,phase,t04_part_03,implementation,2,agent,19.25,23.25,4.00,,0
EXP-05,exp05_p03_m06_ro100_lh00,baseline,phase,t04_part_04,specification,3,human,19.25,19.75,0.50,19.25,0.00
EXP-05,exp05_p03_m06_ro100_lh00,baseline,phase,t04_part_04,implementation,3,agent,19.75,23.75,4.00,,0
EXP-05,exp05_p03_m06_ro100_lh00,baseline,phase,t04_part_05,specification,2,human,23.25,23.75,0.50,23.25,0.00
EXP-05,exp05_p03_m06_ro100_lh00,baseline,phase,t04_part_05,implementation,2,agent,23.75,27.75,4.00,,0
EXP-05,exp05_p03_m06_ro100_lh00,baseline,phase,t04_part_06,specification,3,human,23.75,24.25,0.50,23.75,0.00
EXP-05,exp05_p03_m06_ro100_lh00,baseline,phase,t04_part_06,implementation,3,agent,24.25,28.25,4.00,,0
EXP-05,exp05_p03_m06_ro100_lh00,baseline,phase,t04_join,integration,2,agent,28.25,34.25,6.00,,0
EXP-05,exp05_p03_m06_ro100_lh00,baseline,phase,t04_join,acceptance,2,human,34.25,37.25,3.00,34.25,0.00
EXP-05,exp05_p03_m06_ro100_lh00,baseline,wait,t01,human_1,2,human_queue,0,1.50,1.50,0,1.50
EXP-05,exp05_p03_m06_ro100_lh00,baseline,wait,t04_part_01,specification,2,human_queue,12.00,14.25,2.25,12.00,2.25
EXP-05,exp05_p03_m06_ro100_lh00,baseline,wait,t04_part_02,specification,3,human_queue,12.00,14.75,2.75,12.00,2.75
EXP-05,exp05_p03_m06_ro100_lh00,exact,phase,t01,human_1,2,human,1.50000,2.25000,0.75000,1.50000,0.00000
EXP-05,exp05_p03_m06_ro100_lh00,exact,phase,t01,agent_1,2,agent,2.25000,6.75000,4.50000,,0
EXP-05,exp05_p03_m06_ro100_lh00,exact,phase,t01,human_2,2,human,6.75000,7.50000,0.75000,6.75000,0.00000
EXP-05,exp05_p03_m06_ro100_lh00,exact,phase,t02,human_1,1,human,0.00000,1.50000,1.50000,0.00000,0.00000
EXP-05,exp05_p03_m06_ro100_lh00,exact,phase,t02,agent_1,1,agent,1.50000,10.50000,9.00000,,0
EXP-05,exp05_p03_m06_ro100_lh00,exact,phase,t02,human_2,1,human,10.50000,12.00000,1.50000,10.50000,0.00000
EXP-05,exp05_p03_m06_ro100_lh00,exact,phase,t03,human_1,2,human,13.00000,15.25000,2.25000,13.00000,0.00000
EXP-05,exp05_p03_m06_ro100_lh00,exact,phase,t03,agent_1,2,agent,15.25000,28.75000,13.50000,,0
EXP-05,exp05_p03_m06_ro100_lh00,exact,phase,t03,human_2,2,human,28.75000,31.00000,2.25000,28.75000,0.00000
EXP-05,exp05_p03_m06_ro100_lh00,exact,phase,t04_part_01,specification,1,human,17.00000,17.50000,0.50000,17.00000,0.00000
EXP-05,exp05_p03_m06_ro100_lh00,exact,phase,t04_part_01,implementation,1,agent,17.50000,21.50000,4.00000,,0
EXP-05,exp05_p03_m06_ro100_lh00,exact,phase,t04_part_02,specification,1,human,12.50000,13.00000,0.50000,12.50000,0.00000
EXP-05,exp05_p03_m06_ro100_lh00,exact,phase,t04_part_02,implementation,1,agent,13.00000,17.00000,4.00000,,0
EXP-05,exp05_p03_m06_ro100_lh00,exact,phase,t04_part_03,specification,3,human,16.50000,17.00000,0.50000,16.50000,0.00000
EXP-05,exp05_p03_m06_ro100_lh00,exact,phase,t04_part_03,implementation,3,agent,17.00000,21.00000,4.00000,,0
EXP-05,exp05_p03_m06_ro100_lh00,exact,phase,t04_part_04,specification,3,human,12.00000,12.50000,0.50000,12.00000,0.00000
EXP-05,exp05_p03_m06_ro100_lh00,exact,phase,t04_part_04,implementation,3,agent,12.50000,16.50000,4.00000,,0
EXP-05,exp05_p03_m06_ro100_lh00,exact,phase,t04_part_05,specification,3,human,21.00000,21.50000,0.50000,21.00000,0.00000
EXP-05,exp05_p03_m06_ro100_lh00,exact,phase,t04_part_05,implementation,3,agent,21.50000,25.50000,4.00000,,0
EXP-05,exp05_p03_m06_ro100_lh00,exact,phase,t04_part_06,specification,1,human,21.50000,22.00000,0.50000,21.50000,0.00000
EXP-05,exp05_p03_m06_ro100_lh00,exact,phase,t04_part_06,implementation,1,agent,22.00000,26.00000,4.00000,,0
EXP-05,exp05_p03_m06_ro100_lh00,exact,phase,t04_join,integration,1,agent,26.00000,32.00000,6.00000,,0
EXP-05,exp05_p03_m06_ro100_lh00,exact,phase,t04_join,acceptance,1,human,32.00000,35.00000,3.00000,32.00000,0.00000
EXP-05,exp05_p03_m06_ro100_lh05,baseline,phase,t01,human_1,2,human,1.50,2.25,0.75,0,1.50
EXP-05,exp05_p03_m06_ro100_lh05,baseline,phase,t01,agent_1,2,agent,2.25,6.75,4.50,,0
EXP-05,exp05_p03_m06_ro100_lh05,baseline,phase,t01,human_2,2,human,6.75,7.50,0.75,6.75,0.00
EXP-05,exp05_p03_m06_ro100_lh05,baseline,phase,t02,human_1,1,human,0,1.50,1.50,0,0
EXP-05,exp05_p03_m06_ro100_lh05,baseline,phase,t02,agent_1,1,agent,1.50,10.50,9.00,,0
EXP-05,exp05_p03_m06_ro100_lh05,baseline,phase,t02,human_2,1,human,10.50,12.00,1.50,10.50,0.00
EXP-05,exp05_p03_m06_ro100_lh05,baseline,phase,t03,human_1,1,human,12.00,14.25,2.25,12.00,0.00
EXP-05,exp05_p03_m06_ro100_lh05,baseline,phase,t03,agent_1,1,agent,14.25,27.75,13.50,,0
EXP-05,exp05_p03_m06_ro100_lh05,baseline,phase,t03,human_2,1,human,27.75,30.00,2.25,27.75,0.00
EXP-05,exp05_p03_m06_ro100_lh05,baseline,phase,t04_part_01,specification,2,human,14.25,15.250,1.000,12.00,2.25
EXP-05,exp05_p03_m06_ro100_lh05,baseline,phase,t04_part_01,implementation,2,agent,15.250,18.750,3.500,,0
EXP-05,exp05_p03_m06_ro100_lh05,baseline,phase,t04_part_02,specification,3,human,15.250,16.250,1.000,12.00,3.250
EXP-05,exp05_p03_m06_ro100_lh05,baseline,phase,t04_part_02,implementation,3,agent,16.250,19.750,3.500,,0
EXP-05,exp05_p03_m06_ro100_lh05,baseline,phase,t04_part_03,specification,2,human,18.750,19.750,1.000,18.750,0.000
EXP-05,exp05_p03_m06_ro100_lh05,baseline,phase,t04_part_03,implementation,2,agent,19.750,23.250,3.500,,0
EXP-05,exp05_p03_m06_ro100_lh05,baseline,phase,t04_part_04,specification,3,human,19.750,20.750,1.000,19.750,0.000
EXP-05,exp05_p03_m06_ro100_lh05,baseline,phase,t04_part_04,implementation,3,agent,20.750,24.250,3.500,,0
EXP-05,exp05_p03_m06_ro100_lh05,baseline,phase,t04_part_05,specification,2,human,23.250,24.250,1.000,23.250,0.000
EXP-05,exp05_p03_m06_ro100_lh05,baseline,phase,t04_part_05,implementation,2,agent,24.250,27.750,3.500,,0
EXP-05,exp05_p03_m06_ro100_lh05,baseline,phase,t04_part_06,specification,3,human,24.250,25.250,1.000,24.250,0.000
EXP-05,exp05_p03_m06_ro100_lh05,baseline,phase,t04_part_06,implementation,3,agent,25.250,28.750,3.500,,0
EXP-05,exp05_p03_m06_ro100_lh05,baseline,phase,t04_join,integration,2,agent,28.750,31.750,3.000,,0
EXP-05,exp05_p03_m06_ro100_lh05,baseline,phase,t04_join,acceptance,2,human,31.750,37.750,6.000,31.750,0.000
EXP-05,exp05_p03_m06_ro100_lh05,baseline,wait,t01,human_1,2,human_queue,0,1.50,1.50,0,1.50
EXP-05,exp05_p03_m06_ro100_lh05,baseline,wait,t04_part_01,specification,2,human_queue,12.00,14.25,2.25,12.00,2.25
EXP-05,exp05_p03_m06_ro100_lh05,baseline,wait,t04_part_02,specification,3,human_queue,12.00,15.250,3.250,12.00,3.250
EXP-05,exp05_p03_m06_ro100_lh05,exact,phase,t01,human_1,2,human,1.50000,2.25000,0.75000,1.50000,0.00000
EXP-05,exp05_p03_m06_ro100_lh05,exact,phase,t01,agent_1,2,agent,2.25000,6.75000,4.50000,,0
EXP-05,exp05_p03_m06_ro100_lh05,exact,phase,t01,human_2,2,human,6.75000,7.50000,0.75000,6.75000,0.00000
EXP-05,exp05_p03_m06_ro100_lh05,exact,phase,t02,human_1,1,human,0.00000,1.50000,1.50000,0.00000,0.00000
EXP-05,exp05_p03_m06_ro100_lh05,exact,phase,t02,agent_1,1,agent,1.50000,10.50000,9.00000,,0
EXP-05,exp05_p03_m06_ro100_lh05,exact,phase,t02,human_2,1,human,10.50000,12.00000,1.50000,10.50000,0.00000
EXP-05,exp05_p03_m06_ro100_lh05,exact,phase,t03,human_1,2,human,18.50000,20.75000,2.25000,18.50000,0.00000
EXP-05,exp05_p03_m06_ro100_lh05,exact,phase,t03,agent_1,2,agent,20.75000,34.25000,13.50000,,0
EXP-05,exp05_p03_m06_ro100_lh05,exact,phase,t03,human_2,2,human,34.50000,36.75000,2.25000,34.25000,0.25000
EXP-05,exp05_p03_m06_ro100_lh05,exact,phase,t04_part_01,specification,2,human,14.00000,15.00000,1.00000,14.00000,0.00000
EXP-05,exp05_p03_m06_ro100_lh05,exact,phase,t04_part_01,implementation,2,agent,15.00000,18.50000,3.50000,,0
EXP-05,exp05_p03_m06_ro100_lh05,exact,phase,t04_part_02,specification,1,human,13.00000,14.00000,1.00000,13.00000,0.00000
EXP-05,exp05_p03_m06_ro100_lh05,exact,phase,t04_part_02,implementation,1,agent,14.00000,17.50000,3.50000,,0
EXP-05,exp05_p03_m06_ro100_lh05,exact,phase,t04_part_03,specification,3,human,16.50000,17.50000,1.00000,16.50000,0.00000
EXP-05,exp05_p03_m06_ro100_lh05,exact,phase,t04_part_03,implementation,3,agent,17.50000,21.00000,3.50000,,0
EXP-05,exp05_p03_m06_ro100_lh05,exact,phase,t04_part_04,specification,3,human,12.00000,13.00000,1.00000,12.00000,0.00000
EXP-05,exp05_p03_m06_ro100_lh05,exact,phase,t04_part_04,implementation,3,agent,13.00000,16.50000,3.50000,,0
EXP-05,exp05_p03_m06_ro100_lh05,exact,phase,t04_part_05,specification,3,human,21.00000,22.00000,1.00000,21.00000,0.00000
EXP-05,exp05_p03_m06_ro100_lh05,exact,phase,t04_part_05,implementation,3,agent,22.00000,25.50000,3.50000,,0
EXP-05,exp05_p03_m06_ro100_lh05,exact,phase,t04_part_06,specification,1,human,17.50000,18.50000,1.00000,17.50000,0.00000
EXP-05,exp05_p03_m06_ro100_lh05,exact,phase,t04_part_06,implementation,1,agent,18.50000,22.00000,3.50000,,0
EXP-05,exp05_p03_m06_ro100_lh05,exact,phase,t04_join,integration,1,agent,25.50000,28.50000,3.00000,,0
EXP-05,exp05_p03_m06_ro100_lh05,exact,phase,t04_join,acceptance,1,human,28.50000,34.50000,6.00000,28.50000,0.00000
EXP-05,exp05_p03_m06_ro100_lh05,exact,wait,t03,human_2,2,human_queue,34.25000,34.50000,0.25000,34.25000,0.25000
EXP-05,exp05_p03_m08_ro000_lh00,baseline,phase,t01,human_1,2,human,1.50,2.25,0.75,0,1.50
EXP-05,exp05_p03_m08_ro000_lh00,baseline,phase,t01,agent_1,2,agent,2.25,6.75,4.50,,0
EXP-05,exp05_p03_m08_ro000_lh00,baseline,phase,t01,human_2,2,human,6.75,7.50,0.75,6.75,0.00
EXP-05,exp05_p03_m08_ro000_lh00,baseline,phase,t02,human_1,1,human,0,1.50,1.50,0,0
EXP-05,exp05_p03_m08_ro000_lh00,baseline,phase,t02,agent_1,1,agent,1.50,10.50,9.00,,0
EXP-05,exp05_p03_m08_ro000_lh00,baseline,phase,t02,human_2,1,human,10.50,12.00,1.50,10.50,0.00
EXP-05,exp05_p03_m08_ro000_lh00,baseline,phase,t03,human_1,1,human,12.00,14.25,2.25,12.00,0.00
EXP-05,exp05_p03_m08_ro000_lh00,baseline,phase,t03,agent_1,1,agent,14.25,27.75,13.50,,0
EXP-05,exp05_p03_m08_ro000_lh00,baseline,phase,t03,human_2,1,human,28.125,30.375,2.250,27.75,0.375
EXP-05,exp05_p03_m08_ro000_lh00,baseline,phase,t04_part_01,specification,2,human,14.25,14.625,0.375,12.00,2.25
EXP-05,exp05_p03_m08_ro000_lh00,baseline,phase,t04_part_01,implementation,2,agent,14.625,16.875,2.250,,0
EXP-05,exp05_p03_m08_ro000_lh00,baseline,phase,t04_part_02,specification,3,human,14.625,15.000,0.375,12.00,2.625
EXP-05,exp05_p03_m08_ro000_lh00,baseline,phase,t04_part_02,implementation,3,agent,15.000,17.250,2.250,,0
EXP-05,exp05_p03_m08_ro000_lh00,baseline,phase,t04_part_03,specification,2,human,16.875,17.250,0.375,16.875,0.000
EXP-05,exp05_p03_m08_ro000_lh00,baseline,phase,t04_part_03,implementation,2,agent,17.250,19.500,2.250,,0
EXP-05,exp05_p03_m08_ro000_lh00,baseline,phase,t04_part_04,specification,3,human,17.250,17.625,0.375,17.250,0.000
EXP-05,exp05_p03_m08_ro000_lh00,baseline,phase,t04_part_04,implementation,3,agent,17.625,19.875,2.250,,0
EXP-05,exp05_p03_m08_ro000_lh00,baseline,phase,t04_part_05,specification,2,human,19.500,19.875,0.375,19.500,0.000
EXP-05,exp05_p03_m08_ro000_lh00,baseline,phase,t04_part_05,implementation,2,agent,19.875,22.125,2.250,,0
EXP-05,exp05_p03_m08_ro000_lh00,baseline,phase,t04_part_06,specification,3,human,19.875,20.250,0.375,19.875,0.000
EXP-05,exp05_p03_m08_ro000_lh00,baseline,phase,t04_part_06,implementation,3,agent,20.250,22.500,2.250,,0
EXP-05,exp05_p03_m08_ro000_lh00,baseline,phase,t04_part_07,specification,2,human,22.125,22.500,0.375,22.125,0.000
EXP-05,exp05_p03_m08_ro000_lh00,baseline,phase,t04_part_07,implementation,2,agent,22.500,24.750,2.250,,0
EXP-05,exp05_p03_m08_ro000_lh00,baseline,phase,t04_part_08,specification,3,human,22.500,22.875,0.375,22.500,0.000
EXP-05,exp05_p03_m08_ro000_lh00,baseline,phase,t04_part_08,implementation,3,agent,22.875,25.125,2.250,,0
EXP-05,exp05_p03_m08_ro000_lh00,baseline,phase,t04_join,acceptance,2,human,25.125,28.125,3.000,25.125,0.000
EXP-05,exp05_p03_m08_ro000_lh00,baseline,wait,t01,human_1,2,human_queue,0,1.50,1.50,0,1.50
EXP-05,exp05_p03_m08_ro000_lh00,baseline,wait,t03,human_2,1,human_queue,27.75,28.125,0.375,27.75,0.375
EXP-05,exp05_p03_m08_ro000_lh00,baseline,wait,t04_part_01,specification,2,human_queue,12.00,14.25,2.25,12.00,2.25
EXP-05,exp05_p03_m08_ro000_lh00,baseline,wait,t04_part_02,specification,3,human_queue,12.00,14.625,2.625,12.00,2.625
EXP-05,exp05_p03_m08_ro000_lh00,exact,phase,t01,human_1,2,human,1.50000,2.25000,0.75000,1.50000,0.00000
EXP-05,exp05_p03_m08_ro000_lh00,exact,phase,t01,agent_1,2,agent,2.25000,6.75000,4.50000,,0
EXP-05,exp05_p03_m08_ro000_lh00,exact,phase,t01,human_2,2,human,6.75000,7.50000,0.75000,6.75000,0.00000
EXP-05,exp05_p03_m08_ro000_lh00,exact,phase,t02,human_1,1,human,0.00000,1.50000,1.50000,0.00000,0.00000
EXP-05,exp05_p03_m08_ro000_lh00,exact,phase,t02,agent_1,1,agent,1.50000,10.50000,9.00000,,0
EXP-05,exp05_p03_m08_ro000_lh00,exact,phase,t02,human_2,1,human,10.50000,12.00000,1.50000,10.50000,0.00000
EXP-05,exp05_p03_m08_ro000_lh00,exact,phase,t03,human_1,2,human,12.37500,14.62500,2.25000,12.37500,0.00000
EXP-05,exp05_p03_m08_ro000_lh00,exact,phase,t03,agent_1,2,agent,14.62500,28.12500,13.50000,,0
EXP-05,exp05_p03_m08_ro000_lh00,exact,phase,t03,human_2,2,human,28.12500,30.37500,2.25000,28.12500,0.00000
EXP-05,exp05_p03_m08_ro000_lh00,exact,phase,t04_part_01,specification,1,human,12.00000,12.37500,0.37500,12.00000,0.00000
EXP-05,exp05_p03_m08_ro000_lh00,exact,phase,t04_part_01,implementation,1,agent,12.37500,14.62500,2.25000,,0
EXP-05,exp05_p03_m08_ro000_lh00,exact,phase,t04_part_02,specification,1,human,20.25625,20.63125,0.37500,20.25625,0.00000
EXP-05,exp05_p03_m08_ro000_lh00,exact,phase,t04_part_02,implementation,1,agent,20.63125,22.88125,2.25000,,0
EXP-05,exp05_p03_m08_ro000_lh00,exact,phase,t04_part_03,specification,3,human,19.87500,20.25000,0.37500,19.87500,0.00000
EXP-05,exp05_p03_m08_ro000_lh00,exact,phase,t04_part_03,implementation,3,agent,20.25000,22.50000,2.25000,,0
EXP-05,exp05_p03_m08_ro000_lh00,exact,phase,t04_part_04,specification,1,human,17.63125,18.00625,0.37500,17.63125,0.00000
EXP-05,exp05_p03_m08_ro000_lh00,exact,phase,t04_part_04,implementation,1,agent,18.00625,20.25625,2.25000,,0
EXP-05,exp05_p03_m08_ro000_lh00,exact,phase,t04_part_05,specification,3,human,22.50000,22.87500,0.37500,22.50000,0.00000
EXP-05,exp05_p03_m08_ro000_lh00,exact,phase,t04_part_05,implementation,3,agent,22.87500,25.12500,2.25000,,0
EXP-05,exp05_p03_m08_ro000_lh00,exact,phase,t04_part_06,specification,3,human,14.62500,15.00000,0.37500,14.62500,0.00000
EXP-05,exp05_p03_m08_ro000_lh00,exact,phase,t04_part_06,implementation,3,agent,15.00000,17.25000,2.25000,,0
EXP-05,exp05_p03_m08_ro000_lh00,exact,phase,t04_part_07,specification,1,human,15.00000,15.37500,0.37500,15.00000,0.00000
EXP-05,exp05_p03_m08_ro000_lh00,exact,phase,t04_part_07,implementation,1,agent,15.37500,17.62500,2.25000,,0
EXP-05,exp05_p03_m08_ro000_lh00,exact,phase,t04_part_08,specification,3,human,17.25000,17.62500,0.37500,17.25000,0.00000
EXP-05,exp05_p03_m08_ro000_lh00,exact,phase,t04_part_08,implementation,3,agent,17.62500,19.87500,2.25000,,0
EXP-05,exp05_p03_m08_ro000_lh00,exact,phase,t04_join,acceptance,3,human,25.12500,28.12500,3.00000,25.12500,0.00000
EXP-05,exp05_p03_m08_ro050_lh00,baseline,phase,t01,human_1,2,human,1.50,2.25,0.75,0,1.50
EXP-05,exp05_p03_m08_ro050_lh00,baseline,phase,t01,agent_1,2,agent,2.25,6.75,4.50,,0
EXP-05,exp05_p03_m08_ro050_lh00,baseline,phase,t01,human_2,2,human,6.75,7.50,0.75,6.75,0.00
EXP-05,exp05_p03_m08_ro050_lh00,baseline,phase,t02,human_1,1,human,0,1.50,1.50,0,0
EXP-05,exp05_p03_m08_ro050_lh00,baseline,phase,t02,agent_1,1,agent,1.50,10.50,9.00,,0
EXP-05,exp05_p03_m08_ro050_lh00,baseline,phase,t02,human_2,1,human,10.50,12.00,1.50,10.50,0.00
EXP-05,exp05_p03_m08_ro050_lh00,baseline,phase,t03,human_1,1,human,12.00,14.25,2.25,12.00,0.00
EXP-05,exp05_p03_m08_ro050_lh00,baseline,phase,t03,agent_1,1,agent,14.25,27.75,13.50,,0
EXP-05,exp05_p03_m08_ro050_lh00,baseline,phase,t03,human_2,1,human,27.75,30.00,2.25,27.75,0.00
EXP-05,exp05_p03_m08_ro050_lh00,baseline,phase,t04_part_01,specification,2,human,14.25,14.625,0.375,12.00,2.25
EXP-05,exp05_p03_m08_ro050_lh00,baseline,phase,t04_part_01,implementation,2,agent,14.625,17.400,2.775,,0
EXP-05,exp05_p03_m08_ro050_lh00,baseline,phase,t04_part_02,specification,3,human,14.625,15.000,0.375,12.00,2.625
EXP-05,exp05_p03_m08_ro050_lh00,baseline,phase,t04_part_02,implementation,3,agent,15.000,17.775,2.775,,0
EXP-05,exp05_p03_m08_ro050_lh00,baseline,phase,t04_part_03,specification,2,human,17.400,17.775,0.375,17.400,0.000
EXP-05,exp05_p03_m08_ro050_lh00,baseline,phase,t04_part_03,implementation,2,agent,17.775,20.550,2.775,,0
EXP-05,exp05_p03_m08_ro050_lh00,baseline,phase,t04_part_04,specification,3,human,17.775,18.150,0.375,17.775,0.000
EXP-05,exp05_p03_m08_ro050_lh00,baseline,phase,t04_part_04,implementation,3,agent,18.150,20.925,2.775,,0
EXP-05,exp05_p03_m08_ro050_lh00,baseline,phase,t04_part_05,specification,2,human,20.550,20.925,0.375,20.550,0.000
EXP-05,exp05_p03_m08_ro050_lh00,baseline,phase,t04_part_05,implementation,2,agent,20.925,23.700,2.775,,0
EXP-05,exp05_p03_m08_ro050_lh00,baseline,phase,t04_part_06,specification,3,human,20.925,21.300,0.375,20.925,0.000
EXP-05,exp05_p03_m08_ro050_lh00,baseline,phase,t04_part_06,implementation,3,agent,21.300,24.075,2.775,,0
EXP-05,exp05_p03_m08_ro050_lh00,baseline,phase,t04_part_07,specification,2,human,23.700,24.075,0.375,23.700,0.000
EXP-05,exp05_p03_m08_ro050_lh00,baseline,phase,t04_part_07,implementation,2,agent,24.075,26.850,2.775,,0
EXP-05,exp05_p03_m08_ro050_lh00,baseline,phase,t04_part_08,specification,3,human,24.075,24.450,0.375,24.075,0.000
EXP-05,exp05_p03_m08_ro050_lh00,baseline,phase,t04_part_08,implementation,3,agent,24.450,27.225,2.775,,0
EXP-05,exp05_p03_m08_ro050_lh00,baseline,phase,t04_join,integration,2,agent,27.225,31.425,4.200,,0
EXP-05,exp05_p03_m08_ro050_lh00,baseline,phase,t04_join,acceptance,2,human,31.425,34.425,3.000,31.425,0.000
EXP-05,exp05_p03_m08_ro050_lh00,baseline,wait,t01,human_1,2,human_queue,0,1.50,1.50,0,1.50
EXP-05,exp05_p03_m08_ro050_lh00,baseline,wait,t04_part_01,specification,2,human_queue,12.00,14.25,2.25,12.00,2.25
EXP-05,exp05_p03_m08_ro050_lh00,baseline,wait,t04_part_02,specification,3,human_queue,12.00,14.625,2.625,12.00,2.625
EXP-05,exp05_p03_m08_ro050_lh00,exact,phase,t01,human_1,2,human,1.50000,2.25000,0.75000,1.50000,0.00000
EXP-05,exp05_p03_m08_ro050_lh00,exact,phase,t01,agent_1,2,agent,2.25000,6.75000,4.50000,,0
EXP-05,exp05_p03_m08_ro050_lh00,exact,phase,t01,human_2,2,human,6.75000,7.50000,0.75000,6.75000,0.00000
EXP-05,exp05_p03_m08_ro050_lh00,exact,phase,t02,human_1,1,human,0.00000,1.50000,1.50000,0.00000,0.00000
EXP-05,exp05_p03_m08_ro050_lh00,exact,phase,t02,agent_1,1,agent,1.50000,10.50000,9.00000,,0
EXP-05,exp05_p03_m08_ro050_lh00,exact,phase,t02,human_2,1,human,10.50000,12.00000,1.50000,10.50000,0.00000
EXP-05,exp05_p03_m08_ro050_lh00,exact,phase,t03,human_1,2,human,12.75000,15.00000,2.25000,12.75000,0.00000
EXP-05,exp05_p03_m08_ro050_lh00,exact,phase,t03,agent_1,2,agent,15.00000,28.50000,13.50000,,0
EXP-05,exp05_p03_m08_ro050_lh00,exact,phase,t03,human_2,2,human,28.50000,30.75000,2.25000,28.50000,0.00000
EXP-05,exp05_p03_m08_ro050_lh00,exact,phase,t04_part_01,specification,1,human,12.00000,12.37500,0.37500,12.00000,0.00000
EXP-05,exp05_p03_m08_ro050_lh00,exact,phase,t04_part_01,implementation,1,agent,12.37500,15.15000,2.77500,,0
EXP-05,exp05_p03_m08_ro050_lh00,exact,phase,t04_part_02,specification,3,human,21.82500,22.20000,0.37500,21.82500,0.00000
EXP-05,exp05_p03_m08_ro050_lh00,exact,phase,t04_part_02,implementation,3,agent,22.20000,24.97500,2.77500,,0
EXP-05,exp05_p03_m08_ro050_lh00,exact,phase,t04_part_03,specification,1,human,18.30000,18.67500,0.37500,18.30000,0.00000
EXP-05,exp05_p03_m08_ro050_lh00,exact,phase,t04_part_03,implementation,1,agent,18.67500,21.45000,2.77500,,0
EXP-05,exp05_p03_m08_ro050_lh00,exact,phase,t04_part_04,specification,3,human,18.67500,19.05000,0.37500,18.67500,0.00000
EXP-05,exp05_p03_m08_ro050_lh00,exact,phase,t04_part_04,implementation,3,agent,19.05000,21.82500,2.77500,,0
EXP-05,exp05_p03_m08_ro050_lh00,exact,phase,t04_part_05,specification,3,human,15.52500,15.90000,0.37500,15.52500,0.00000
EXP-05,exp05_p03_m08_ro050_lh00,exact,phase,t04_part_05,implementation,3,agent,15.90000,18.67500,2.77500,,0
EXP-05,exp05_p03_m08_ro050_lh00,exact,phase,t04_part_06,specification,1,human,15.15000,15.52500,0.37500,15.15000,0.00000
EXP-05,exp05_p03_m08_ro050_lh00,exact,phase,t04_part_06,implementation,1,agent,15.52500,18.30000,2.77500,,0
EXP-05,exp05_p03_m08_ro050_lh00,exact,phase,t04_part_07,specification,1,human,21.45000,21.82500,0.37500,21.45000,0.00000
EXP-05,exp05_p03_m08_ro050_lh00,exact,phase,t04_part_07,implementation,1,agent,21.82500,24.60000,2.77500,,0
EXP-05,exp05_p03_m08_ro050_lh00,exact,phase,t04_part_08,specification,3,human,12.37500,12.75000,0.37500,12.37500,0.00000
EXP-05,exp05_p03_m08_ro050_lh00,exact,phase,t04_part_08,implementation,3,agent,12.75000,15.52500,2.77500,,0
EXP-05,exp05_p03_m08_ro050_lh00,exact,phase,t04_join,integration,3,agent,24.97500,29.17500,4.20000,,0
EXP-05,exp05_p03_m08_ro050_lh00,exact,phase,t04_join,acceptance,3,human,30.75000,33.75000,3.00000,29.17500,1.57500
EXP-05,exp05_p03_m08_ro050_lh00,exact,wait,t04_join,acceptance,3,human_queue,29.17500,30.75000,1.57500,29.17500,1.57500
EXP-05,exp05_p03_m08_ro050_lh05,baseline,phase,t01,human_1,2,human,1.50,2.25,0.75,0,1.50
EXP-05,exp05_p03_m08_ro050_lh05,baseline,phase,t01,agent_1,2,agent,2.25,6.75,4.50,,0
EXP-05,exp05_p03_m08_ro050_lh05,baseline,phase,t01,human_2,2,human,6.75,7.50,0.75,6.75,0.00
EXP-05,exp05_p03_m08_ro050_lh05,baseline,phase,t02,human_1,1,human,0,1.50,1.50,0,0
EXP-05,exp05_p03_m08_ro050_lh05,baseline,phase,t02,agent_1,1,agent,1.50,10.50,9.00,,0
EXP-05,exp05_p03_m08_ro050_lh05,baseline,phase,t02,human_2,1,human,10.50,12.00,1.50,10.50,0.00
EXP-05,exp05_p03_m08_ro050_lh05,baseline,phase,t03,human_1,1,human,12.00,14.25,2.25,12.00,0.00
EXP-05,exp05_p03_m08_ro050_lh05,baseline,phase,t03,agent_1,1,agent,14.25,27.75,13.50,,0
EXP-05,exp05_p03_m08_ro050_lh05,baseline,phase,t03,human_2,1,human,27.75,30.00,2.25,27.75,0.00
EXP-05,exp05_p03_m08_ro050_lh05,baseline,phase,t04_part_01,specification,2,human,14.25,14.8875,0.6375,12.00,2.25
EXP-05,exp05_p03_m08_ro050_lh05,baseline,phase,t04_part_01,implementation,2,agent,14.8875,17.4000,2.5125,,0
EXP-05,exp05_p03_m08_ro050_lh05,baseline,phase,t04_part_02,specification,3,human,14.8875,15.5250,0.6375,12.00,2.8875
EXP-05,exp05_p03_m08_ro050_lh05,baseline,phase,t04_part_02,implementation,3,agent,15.5250,18.0375,2.5125,,0
EXP-05,exp05_p03_m08_ro050_lh05,baseline,phase,t04_part_03,specification,2,human,17.4000,18.0375,0.6375,17.4000,0.0000
EXP-05,exp05_p03_m08_ro050_lh05,baseline,phase,t04_part_03,implementation,2,agent,18.0375,20.5500,2.5125,,0
EXP-05,exp05_p03_m08_ro050_lh05,baseline,phase,t04_part_04,specification,3,human,18.0375,18.6750,0.6375,18.0375,0.0000
EXP-05,exp05_p03_m08_ro050_lh05,baseline,phase,t04_part_04,implementation,3,agent,18.6750,21.1875,2.5125,,0
EXP-05,exp05_p03_m08_ro050_lh05,baseline,phase,t04_part_05,specification,2,human,20.5500,21.1875,0.6375,20.5500,0.0000
EXP-05,exp05_p03_m08_ro050_lh05,baseline,phase,t04_part_05,implementation,2,agent,21.1875,23.7000,2.5125,,0
EXP-05,exp05_p03_m08_ro050_lh05,baseline,phase,t04_part_06,specification,3,human,21.1875,21.8250,0.6375,21.1875,0.0000
EXP-05,exp05_p03_m08_ro050_lh05,baseline,phase,t04_part_06,implementation,3,agent,21.8250,24.3375,2.5125,,0
EXP-05,exp05_p03_m08_ro050_lh05,baseline,phase,t04_part_07,specification,2,human,23.7000,24.3375,0.6375,23.7000,0.0000
EXP-05,exp05_p03_m08_ro050_lh05,baseline,phase,t04_part_07,implementation,2,agent,24.3375,26.8500,2.5125,,0
EXP-05,exp05_p03_m08_ro050_lh05,baseline,phase,t04_part_08,specification,3,human,24.3375,24.9750,0.6375,24.3375,0.0000
EXP-05,exp05_p03_m08_ro050_lh05,baseline,phase,t04_part_08,implementation,3,agent,24.9750,27.4875,2.5125,,0
EXP-05,exp05_p03_m08_ro050_lh05,baseline,phase,t04_join,integration,2,agent,27.4875,29.5875,2.1000,,0
EXP-05,exp05_p03_m08_ro050_lh05,baseline,phase,t04_join,acceptance,2,human,30.00,35.100,5.100,29.5875,0.4125
EXP-05,exp05_p03_m08_ro050_lh05,baseline,wait,t01,human_1,2,human_queue,0,1.50,1.50,0,1.50
EXP-05,exp05_p03_m08_ro050_lh05,baseline,wait,t04_part_01,specification,2,human_queue,12.00,14.25,2.25,12.00,2.25
EXP-05,exp05_p03_m08_ro050_lh05,baseline,wait,t04_part_02,specification,3,human_queue,12.00,14.8875,2.8875,12.00,2.8875
EXP-05,exp05_p03_m08_ro050_lh05,baseline,wait,t04_join,acceptance,2,human_queue,29.5875,30.00,0.4125,29.5875,0.4125
EXP-05,exp05_p03_m08_ro050_lh05,exact,phase,t01,human_1,2,human,1.50000,2.25000,0.75000,1.50000,0.00000
EXP-05,exp05_p03_m08_ro050_lh05,exact,phase,t01,agent_1,2,agent,2.25000,6.75000,4.50000,,0
EXP-05,exp05_p03_m08_ro050_lh05,exact,phase,t01,human_2,2,human,6.75000,7.50000,0.75000,6.75000,0.00000
EXP-05,exp05_p03_m08_ro050_lh05,exact,phase,t02,human_1,1,human,0.00000,1.50000,1.50000,0.00000,0.00000
EXP-05,exp05_p03_m08_ro050_lh05,exact,phase,t02,agent_1,1,agent,1.50000,10.50000,9.00000,,0
EXP-05,exp05_p03_m08_ro050_lh05,exact,phase,t02,human_2,1,human,10.50000,12.00000,1.50000,10.50000,0.00000
EXP-05,exp05_p03_m08_ro050_lh05,exact,phase,t03,human_1,3,human,15.78750,18.03750,2.25000,15.78750,0.00000
EXP-05,exp05_p03_m08_ro050_lh05,exact,phase,t03,agent_1,3,agent,18.03750,31.53750,13.50000,,0
EXP-05,exp05_p03_m08_ro050_lh05,exact,phase,t03,human_2,3,human,32.17500,34.42500,2.25000,31.53750,0.63750
EXP-05,exp05_p03_m08_ro050_lh05,exact,phase,t04_part_01,specification,2,human,12.00000,12.63750,0.63750,12.00000,0.00000
EXP-05,exp05_p03_m08_ro050_lh05,exact,phase,t04_part_01,implementation,2,agent,12.63750,15.15000,2.51250,,0
EXP-05,exp05_p03_m08_ro050_lh05,exact,phase,t04_part_02,specification,2,human,21.82500,22.46250,0.63750,21.82500,0.00000
EXP-05,exp05_p03_m08_ro050_lh05,exact,phase,t04_part_02,implementation,2,agent,22.46250,24.97500,2.51250,,0
EXP-05,exp05_p03_m08_ro050_lh05,exact,phase,t04_part_03,specification,1,human,18.03750,18.67500,0.63750,18.03750,0.00000
EXP-05,exp05_p03_m08_ro050_lh05,exact,phase,t04_part_03,implementation,1,agent,18.67500,21.18750,2.51250,,0
EXP-05,exp05_p03_m08_ro050_lh05,exact,phase,t04_part_04,specification,1,human,13.27500,13.91250,0.63750,13.27500,0.00000
EXP-05,exp05_p03_m08_ro050_lh05,exact,phase,t04_part_04,implementation,1,agent,13.91250,16.42500,2.51250,,0
EXP-05,exp05_p03_m08_ro050_lh05,exact,phase,t04_part_05,specification,2,human,15.15000,15.78750,0.63750,15.15000,0.00000
EXP-05,exp05_p03_m08_ro050_lh05,exact,phase,t04_part_05,implementation,2,agent,15.79375,18.30625,2.51250,,0
EXP-05,exp05_p03_m08_ro050_lh05,exact,phase,t04_part_06,specification,3,human,12.63750,13.27500,0.63750,12.63750,0.00000
EXP-05,exp05_p03_m08_ro050_lh05,exact,phase,t04_part_06,implementation,3,agent,13.27500,15.78750,2.51250,,0
EXP-05,exp05_p03_m08_ro050_lh05,exact,phase,t04_part_07,specification,1,human,21.18750,21.82500,0.63750,21.18750,0.00000
EXP-05,exp05_p03_m08_ro050_lh05,exact,phase,t04_part_07,implementation,1,agent,21.82500,24.33750,2.51250,,0
EXP-05,exp05_p03_m08_ro050_lh05,exact,phase,t04_part_08,specification,2,human,18.67500,19.31250,0.63750,18.67500,0.00000
EXP-05,exp05_p03_m08_ro050_lh05,exact,phase,t04_part_08,implementation,2,agent,19.31250,21.82500,2.51250,,0
EXP-05,exp05_p03_m08_ro050_lh05,exact,phase,t04_join,integration,2,agent,24.97500,27.07500,2.10000,,0
EXP-05,exp05_p03_m08_ro050_lh05,exact,phase,t04_join,acceptance,2,human,27.07500,32.17500,5.10000,27.07500,0.00000
EXP-05,exp05_p03_m08_ro050_lh05,exact,wait,t03,human_2,3,human_queue,31.53750,32.17500,0.63750,31.53750,0.63750
EXP-05,exp05_p03_m08_ro100_lh00,baseline,phase,t01,human_1,2,human,1.50,2.25,0.75,0,1.50
EXP-05,exp05_p03_m08_ro100_lh00,baseline,phase,t01,agent_1,2,agent,2.25,6.75,4.50,,0
EXP-05,exp05_p03_m08_ro100_lh00,baseline,phase,t01,human_2,2,human,6.75,7.50,0.75,6.75,0.00
EXP-05,exp05_p03_m08_ro100_lh00,baseline,phase,t02,human_1,1,human,0,1.50,1.50,0,0
EXP-05,exp05_p03_m08_ro100_lh00,baseline,phase,t02,agent_1,1,agent,1.50,10.50,9.00,,0
EXP-05,exp05_p03_m08_ro100_lh00,baseline,phase,t02,human_2,1,human,10.50,12.00,1.50,10.50,0.00
EXP-05,exp05_p03_m08_ro100_lh00,baseline,phase,t03,human_1,1,human,12.00,14.25,2.25,12.00,0.00
EXP-05,exp05_p03_m08_ro100_lh00,baseline,phase,t03,agent_1,1,agent,14.25,27.75,13.50,,0
EXP-05,exp05_p03_m08_ro100_lh00,baseline,phase,t03,human_2,1,human,27.75,30.00,2.25,27.75,0.00
EXP-05,exp05_p03_m08_ro100_lh00,baseline,phase,t04_part_01,specification,2,human,14.25,14.625,0.375,12.00,2.25
EXP-05,exp05_p03_m08_ro100_lh00,baseline,phase,t04_part_01,implementation,2,agent,14.625,17.925,3.300,,0
EXP-05,exp05_p03_m08_ro100_lh00,baseline,phase,t04_part_02,specification,3,human,14.625,15.000,0.375,12.00,2.625
EXP-05,exp05_p03_m08_ro100_lh00,baseline,phase,t04_part_02,implementation,3,agent,15.000,18.300,3.300,,0
EXP-05,exp05_p03_m08_ro100_lh00,baseline,phase,t04_part_03,specification,2,human,17.925,18.300,0.375,17.925,0.000
EXP-05,exp05_p03_m08_ro100_lh00,baseline,phase,t04_part_03,implementation,2,agent,18.300,21.600,3.300,,0
EXP-05,exp05_p03_m08_ro100_lh00,baseline,phase,t04_part_04,specification,3,human,18.300,18.675,0.375,18.300,0.000
EXP-05,exp05_p03_m08_ro100_lh00,baseline,phase,t04_part_04,implementation,3,agent,18.675,21.975,3.300,,0
EXP-05,exp05_p03_m08_ro100_lh00,baseline,phase,t04_part_05,specification,2,human,21.600,21.975,0.375,21.600,0.000
EXP-05,exp05_p03_m08_ro100_lh00,baseline,phase,t04_part_05,implementation,2,agent,21.975,25.275,3.300,,0
EXP-05,exp05_p03_m08_ro100_lh00,baseline,phase,t04_part_06,specification,3,human,21.975,22.350,0.375,21.975,0.000
EXP-05,exp05_p03_m08_ro100_lh00,baseline,phase,t04_part_06,implementation,3,agent,22.350,25.650,3.300,,0
EXP-05,exp05_p03_m08_ro100_lh00,baseline,phase,t04_part_07,specification,2,human,25.275,25.650,0.375,25.275,0.000
EXP-05,exp05_p03_m08_ro100_lh00,baseline,phase,t04_part_07,implementation,2,agent,25.650,28.950,3.300,,0
EXP-05,exp05_p03_m08_ro100_lh00,baseline,phase,t04_part_08,specification,3,human,25.650,26.025,0.375,25.650,0.000
EXP-05,exp05_p03_m08_ro100_lh00,baseline,phase,t04_part_08,implementation,3,agent,26.025,29.325,3.300,,0
EXP-05,exp05_p03_m08_ro100_lh00,baseline,phase,t04_join,integration,2,agent,29.325,37.725,8.400,,0
EXP-05,exp05_p03_m08_ro100_lh00,baseline,phase,t04_join,acceptance,2,human,37.725,40.725,3.000,37.725,0.000
EXP-05,exp05_p03_m08_ro100_lh00,baseline,wait,t01,human_1,2,human_queue,0,1.50,1.50,0,1.50
EXP-05,exp05_p03_m08_ro100_lh00,baseline,wait,t04_part_01,specification,2,human_queue,12.00,14.25,2.25,12.00,2.25
EXP-05,exp05_p03_m08_ro100_lh00,baseline,wait,t04_part_02,specification,3,human_queue,12.00,14.625,2.625,12.00,2.625
EXP-05,exp05_p03_m08_ro100_lh00,exact,phase,t01,human_1,2,human,1.50000,2.25000,0.75000,1.50000,0.00000
EXP-05,exp05_p03_m08_ro100_lh00,exact,phase,t01,agent_1,2,agent,2.25000,6.75000,4.50000,,0
EXP-05,exp05_p03_m08_ro100_lh00,exact,phase,t01,human_2,2,human,6.75000,7.50000,0.75000,6.75000,0.00000
EXP-05,exp05_p03_m08_ro100_lh00,exact,phase,t02,human_1,1,human,0.00000,1.50000,1.50000,0.00000,0.00000
EXP-05,exp05_p03_m08_ro100_lh00,exact,phase,t02,agent_1,1,agent,1.50000,10.50000,9.00000,,0
EXP-05,exp05_p03_m08_ro100_lh00,exact,phase,t02,human_2,1,human,10.50000,12.00000,1.50000,10.50000,0.00000
EXP-05,exp05_p03_m08_ro100_lh00,exact,phase,t03,human_1,3,human,20.10000,22.35000,2.25000,20.10000,0.00000
EXP-05,exp05_p03_m08_ro100_lh00,exact,phase,t03,agent_1,3,agent,22.35000,35.85000,13.50000,,0
EXP-05,exp05_p03_m08_ro100_lh00,exact,phase,t03,human_2,3,human,35.85000,38.10000,2.25000,35.85000,0.00000
EXP-05,exp05_p03_m08_ro100_lh00,exact,phase,t04_part_01,specification,1,human,12.00000,12.37500,0.37500,12.00000,0.00000
EXP-05,exp05_p03_m08_ro100_lh00,exact,phase,t04_part_01,implementation,1,agent,12.37500,15.67500,3.30000,,0
EXP-05,exp05_p03_m08_ro100_lh00,exact,phase,t04_part_02,specification,3,human,16.42500,16.80000,0.37500,16.42500,0.00000
EXP-05,exp05_p03_m08_ro100_lh00,exact,phase,t04_part_02,implementation,3,agent,16.80000,20.10000,3.30000,,0
EXP-05,exp05_p03_m08_ro100_lh00,exact,phase,t04_part_03,specification,1,human,15.67500,16.05000,0.37500,15.67500,0.00000
EXP-05,exp05_p03_m08_ro100_lh00,exact,phase,t04_part_03,implementation,1,agent,16.05000,19.35000,3.30000,,0
EXP-05,exp05_p03_m08_ro100_lh00,exact,phase,t04_part_04,specification,1,human,19.35000,19.72500,0.37500,19.35000,0.00000
EXP-05,exp05_p03_m08_ro100_lh00,exact,phase,t04_part_04,implementation,1,agent,19.72500,23.02500,3.30000,,0
EXP-05,exp05_p03_m08_ro100_lh00,exact,phase,t04_part_05,specification,3,human,12.75000,13.12500,0.37500,12.75000,0.00000
EXP-05,exp05_p03_m08_ro100_lh00,exact,phase,t04_part_05,implementation,3,agent,13.12500,16.42500,3.30000,,0
EXP-05,exp05_p03_m08_ro100_lh00,exact,phase,t04_part_06,specification,2,human,12.37500,12.75000,0.37500,12.37500,0.00000
EXP-05,exp05_p03_m08_ro100_lh00,exact,phase,t04_part_06,implementation,2,agent,12.75000,16.05000,3.30000,,0
EXP-05,exp05_p03_m08_ro100_lh00,exact,phase,t04_part_07,specification,2,human,19.72500,20.10000,0.37500,19.72500,0.00000
EXP-05,exp05_p03_m08_ro100_lh00,exact,phase,t04_part_07,implementation,2,agent,20.10000,23.40000,3.30000,,0
EXP-05,exp05_p03_m08_ro100_lh00,exact,phase,t04_part_08,specification,2,human,16.05000,16.42500,0.37500,16.05000,0.00000
EXP-05,exp05_p03_m08_ro100_lh00,exact,phase,t04_part_08,implementation,2,agent,16.42500,19.72500,3.30000,,0
EXP-05,exp05_p03_m08_ro100_lh00,exact,phase,t04_join,integration,2,agent,23.40000,31.80000,8.40000,,0
EXP-05,exp05_p03_m08_ro100_lh00,exact,phase,t04_join,acceptance,2,human,31.80000,34.80000,3.00000,31.80000,0.00000
EXP-05,exp05_p03_m08_ro100_lh05,baseline,phase,t01,human_1,2,human,1.50,2.25,0.75,0,1.50
EXP-05,exp05_p03_m08_ro100_lh05,baseline,phase,t01,agent_1,2,agent,2.25,6.75,4.50,,0
EXP-05,exp05_p03_m08_ro100_lh05,baseline,phase,t01,human_2,2,human,6.75,7.50,0.75,6.75,0.00
EXP-05,exp05_p03_m08_ro100_lh05,baseline,phase,t02,human_1,1,human,0,1.50,1.50,0,0
EXP-05,exp05_p03_m08_ro100_lh05,baseline,phase,t02,agent_1,1,agent,1.50,10.50,9.00,,0
EXP-05,exp05_p03_m08_ro100_lh05,baseline,phase,t02,human_2,1,human,10.50,12.00,1.50,10.50,0.00
EXP-05,exp05_p03_m08_ro100_lh05,baseline,phase,t03,human_1,1,human,12.00,14.25,2.25,12.00,0.00
EXP-05,exp05_p03_m08_ro100_lh05,baseline,phase,t03,agent_1,1,agent,14.25,27.75,13.50,,0
EXP-05,exp05_p03_m08_ro100_lh05,baseline,phase,t03,human_2,1,human,27.75,30.00,2.25,27.75,0.00
EXP-05,exp05_p03_m08_ro100_lh05,baseline,phase,t04_part_01,specification,2,human,14.25,15.150,0.900,12.00,2.25
EXP-05,exp05_p03_m08_ro100_lh05,baseline,phase,t04_part_01,implementation,2,agent,15.150,17.925,2.775,,0
EXP-05,exp05_p03_m08_ro100_lh05,baseline,phase,t04_part_02,specification,3,human,15.150,16.050,0.900,12.00,3.150
EXP-05,exp05_p03_m08_ro100_lh05,baseline,phase,t04_part_02,implementation,3,agent,16.050,18.825,2.775,,0
EXP-05,exp05_p03_m08_ro100_lh05,baseline,phase,t04_part_03,specification,2,human,17.925,18.825,0.900,17.925,0.000
EXP-05,exp05_p03_m08_ro100_lh05,baseline,phase,t04_part_03,implementation,2,agent,18.825,21.600,2.775,,0
EXP-05,exp05_p03_m08_ro100_lh05,baseline,phase,t04_part_04,specification,3,human,18.825,19.725,0.900,18.825,0.000
EXP-05,exp05_p03_m08_ro100_lh05,baseline,phase,t04_part_04,implementation,3,agent,19.725,22.500,2.775,,0
EXP-05,exp05_p03_m08_ro100_lh05,baseline,phase,t04_part_05,specification,2,human,21.600,22.500,0.900,21.600,0.000
EXP-05,exp05_p03_m08_ro100_lh05,baseline,phase,t04_part_05,implementation,2,agent,22.500,25.275,2.775,,0
EXP-05,exp05_p03_m08_ro100_lh05,baseline,phase,t04_part_06,specification,3,human,22.500,23.400,0.900,22.500,0.000
EXP-05,exp05_p03_m08_ro100_lh05,baseline,phase,t04_part_06,implementation,3,agent,23.400,26.175,2.775,,0
EXP-05,exp05_p03_m08_ro100_lh05,baseline,phase,t04_part_07,specification,2,human,25.275,26.175,0.900,25.275,0.000
EXP-05,exp05_p03_m08_ro100_lh05,baseline,phase,t04_part_07,implementation,2,agent,26.175,28.950,2.775,,0
EXP-05,exp05_p03_m08_ro100_lh05,baseline,phase,t04_part_08,specification,3,human,26.175,27.075,0.900,26.175,0.000
EXP-05,exp05_p03_m08_ro100_lh05,baseline,phase,t04_part_08,implementation,3,agent,27.075,29.850,2.775,,0
EXP-05,exp05_p03_m08_ro100_lh05,baseline,phase,t04_join,integration,2,agent,29.850,34.050,4.200,,0
EXP-05,exp05_p03_m08_ro100_lh05,baseline,phase,t04_join,acceptance,2,human,34.050,41.250,7.200,34.050,0.000
EXP-05,exp05_p03_m08_ro100_lh05,baseline,wait,t01,human_1,2,human_queue,0,1.50,1.50,0,1.50
EXP-05,exp05_p03_m08_ro100_lh05,baseline,wait,t04_part_01,specification,2,human_queue,12.00,14.25,2.25,12.00,2.25
EXP-05,exp05_p03_m08_ro100_lh05,baseline,wait,t04_part_02,specification,3,human_queue,12.00,15.150,3.150,12.00,3.150
EXP-05,exp05_p03_m08_ro100_lh05,exact,phase,t01,human_1,2,human,1.50000,2.25000,0.75000,1.50000,0.00000
EXP-05,exp05_p03_m08_ro100_lh05,exact,phase,t01,agent_1,2,agent,2.25000,6.75000,4.50000,,0
EXP-05,exp05_p03_m08_ro100_lh05,exact,phase,t01,human_2,2,human,6.75000,7.50000,0.75000,6.75000,0.00000
EXP-05,exp05_p03_m08_ro100_lh05,exact,phase,t02,human_1,1,human,0.00000,1.50000,1.50000,0.00000,0.00000
EXP-05,exp05_p03_m08_ro100_lh05,exact,phase,t02,agent_1,1,agent,1.50000,10.50000,9.00000,,0
EXP-05,exp05_p03_m08_ro100_lh05,exact,phase,t02,human_2,1,human,10.50000,12.00000,1.50000,10.50000,0.00000
EXP-05,exp05_p03_m08_ro100_lh05,exact,phase,t03,human_1,1,human,21.15000,23.40000,2.25000,21.15000,0.00000
EXP-05,exp05_p03_m08_ro100_lh05,exact,phase,t03,agent_1,1,agent,23.40000,36.90000,13.50000,,0
EXP-05,exp05_p03_m08_ro100_lh05,exact,phase,t03,human_2,1,human,36.90000,39.15000,2.25000,36.90000,0.00000
EXP-05,exp05_p03_m08_ro100_lh05,exact,phase,t04_part_01,specification,2,human,12.00000,12.90000,0.90000,12.00000,0.00000
EXP-05,exp05_p03_m08_ro100_lh05,exact,phase,t04_part_01,implementation,2,agent,12.90000,15.67500,2.77500,,0
EXP-05,exp05_p03_m08_ro100_lh05,exact,phase,t04_part_02,specification,3,human,12.90000,13.80000,0.90000,12.90000,0.00000
EXP-05,exp05_p03_m08_ro100_lh05,exact,phase,t04_part_02,implementation,3,agent,13.80000,16.57500,2.77500,,0
EXP-05,exp05_p03_m08_ro100_lh05,exact,phase,t04_part_03,specification,1,human,17.47500,18.37500,0.90000,17.47500,0.00000
EXP-05,exp05_p03_m08_ro100_lh05,exact,phase,t04_part_03,implementation,1,agent,18.37500,21.15000,2.77500,,0
EXP-05,exp05_p03_m08_ro100_lh05,exact,phase,t04_part_04,specification,1,human,13.80000,14.70000,0.90000,13.80000,0.00000
EXP-05,exp05_p03_m08_ro100_lh05,exact,phase,t04_part_04,implementation,1,agent,14.70000,17.47500,2.77500,,0
EXP-05,exp05_p03_m08_ro100_lh05,exact,phase,t04_part_05,specification,3,human,20.25000,21.15000,0.90000,20.25000,0.00000
EXP-05,exp05_p03_m08_ro100_lh05,exact,phase,t04_part_05,implementation,3,agent,21.15000,23.92500,2.77500,,0
EXP-05,exp05_p03_m08_ro100_lh05,exact,phase,t04_part_06,specification,2,human,15.67500,16.57500,0.90000,15.67500,0.00000
EXP-05,exp05_p03_m08_ro100_lh05,exact,phase,t04_part_06,implementation,2,agent,16.57500,19.35000,2.77500,,0
EXP-05,exp05_p03_m08_ro100_lh05,exact,phase,t04_part_07,specification,3,human,16.57500,17.47500,0.90000,16.57500,0.00000
EXP-05,exp05_p03_m08_ro100_lh05,exact,phase,t04_part_07,implementation,3,agent,17.47500,20.25000,2.77500,,0
EXP-05,exp05_p03_m08_ro100_lh05,exact,phase,t04_part_08,specification,2,human,19.35000,20.25000,0.90000,19.35000,0.00000
EXP-05,exp05_p03_m08_ro100_lh05,exact,phase,t04_part_08,implementation,2,agent,20.25000,23.02500,2.77500,,0
EXP-05,exp05_p03_m08_ro100_lh05,exact,phase,t04_join,integration,2,agent,23.92500,28.12500,4.20000,,0
EXP-05,exp05_p03_m08_ro100_lh05,exact,phase,t04_join,acceptance,2,human,28.12500,35.32500,7.20000,28.12500,0.00000
EXP-05,exp05_p04_m01_ro000_lh00,baseline,phase,t01,human_1,2,human,1.50,2.25,0.75,0,1.50
EXP-05,exp05_p04_m01_ro000_lh00,baseline,phase,t01,agent_1,2,agent,2.25,6.75,4.50,,0
EXP-05,exp05_p04_m01_ro000_lh00,baseline,phase,t01,human_2,2,human,6.75,7.50,0.75,6.75,0.00
EXP-05,exp05_p04_m01_ro000_lh00,baseline,phase,t02,human_1,1,human,0,1.50,1.50,0,0
EXP-05,exp05_p04_m01_ro000_lh00,baseline,phase,t02,agent_1,1,agent,1.50,10.50,9.00,,0
EXP-05,exp05_p04_m01_ro000_lh00,baseline,phase,t02,human_2,1,human,10.50,12.00,1.50,10.50,0.00
EXP-05,exp05_p04_m01_ro000_lh00,baseline,phase,t03,human_1,2,human,15.00,17.25,2.25,12.00,3.00
EXP-05,exp05_p04_m01_ro000_lh00,baseline,phase,t03,agent_1,2,agent,17.25,30.75,13.50,,0
EXP-05,exp05_p04_m01_ro000_lh00,baseline,phase,t03,human_2,2,human,30.75,33.00,2.25,30.75,0.00
EXP-05,exp05_p04_m01_ro000_lh00,baseline,phase,t04_part_01,specification,1,human,12.00,15.00,3.00,12.00,0.00
EXP-05,exp05_p04_m01_ro000_lh00,baseline,phase,t04_part_01,implementation,1,agent,15.00,33.00,18.00,,0
EXP-05,exp05_p04_m01_ro000_lh00,baseline,phase,t04_join,acceptance,1,human,33.00,36.00,3.00,33.00,0.00
EXP-05,exp05_p04_m01_ro000_lh00,baseline,wait,t01,human_1,2,human_queue,0,1.50,1.50,0,1.50
EXP-05,exp05_p04_m01_ro000_lh00,baseline,wait,t03,human_1,2,human_queue,12.00,15.00,3.00,12.00,3.00
EXP-05,exp05_p04_m01_ro000_lh00,exact,phase,t01,human_1,4,human,1.50000,2.25000,0.75000,1.50000,0.00000
EXP-05,exp05_p04_m01_ro000_lh00,exact,phase,t01,agent_1,4,agent,2.25000,6.75000,4.50000,,0
EXP-05,exp05_p04_m01_ro000_lh00,exact,phase,t01,human_2,4,human,6.75000,7.50000,0.75000,6.75000,0.00000
EXP-05,exp05_p04_m01_ro000_lh00,exact,phase,t02,human_1,3,human,0.00000,1.50000,1.50000,0.00000,0.00000
EXP-05,exp05_p04_m01_ro000_lh00,exact,phase,t02,agent_1,3,agent,1.50000,10.50000,9.00000,,0
EXP-05,exp05_p04_m01_ro000_lh00,exact,phase,t02,human_2,3,human,10.50000,12.00000,1.50000,10.50000,0.00000
EXP-05,exp05_p04_m01_ro000_lh00,exact,phase,t03,human_1,1,human,15.00000,17.25000,2.25000,15.00000,0.00000
EXP-05,exp05_p04_m01_ro000_lh00,exact,phase,t03,agent_1,1,agent,17.25000,30.75000,13.50000,,0
EXP-05,exp05_p04_m01_ro000_lh00,exact,phase,t03,human_2,1,human,30.75000,33.00000,2.25000,30.75000,0.00000
EXP-05,exp05_p04_m01_ro000_lh00,exact,phase,t04_part_01,specification,4,human,12.00000,15.00000,3.00000,12.00000,0.00000
EXP-05,exp05_p04_m01_ro000_lh00,exact,phase,t04_part_01,implementation,4,agent,15.00000,33.00000,18.00000,,0
EXP-05,exp05_p04_m01_ro000_lh00,exact,phase,t04_join,acceptance,1,human,33.00000,36.00000,3.00000,33.00000,0.00000
EXP-05,exp05_p04_m02_ro000_lh00,baseline,phase,t01,human_1,2,human,1.50,2.25,0.75,0,1.50
EXP-05,exp05_p04_m02_ro000_lh00,baseline,phase,t01,agent_1,2,agent,2.25,6.75,4.50,,0
EXP-05,exp05_p04_m02_ro000_lh00,baseline,phase,t01,human_2,2,human,6.75,7.50,0.75,6.75,0.00
EXP-05,exp05_p04_m02_ro000_lh00,baseline,phase,t02,human_1,1,human,0,1.50,1.50,0,0
EXP-05,exp05_p04_m02_ro000_lh00,baseline,phase,t02,agent_1,1,agent,1.50,10.50,9.00,,0
EXP-05,exp05_p04_m02_ro000_lh00,baseline,phase,t02,human_2,1,human,10.50,12.00,1.50,10.50,0.00
EXP-05,exp05_p04_m02_ro000_lh00,baseline,phase,t03,human_1,1,human,12.00,14.25,2.25,12.00,0.00
EXP-05,exp05_p04_m02_ro000_lh00,baseline,phase,t03,agent_1,1,agent,14.25,27.75,13.50,,0
EXP-05,exp05_p04_m02_ro000_lh00,baseline,phase,t03,human_2,1,human,29.25,31.50,2.25,27.75,1.50
EXP-05,exp05_p04_m02_ro000_lh00,baseline,phase,t04_part_01,specification,2,human,14.25,15.75,1.50,12.00,2.25
EXP-05,exp05_p04_m02_ro000_lh00,baseline,phase,t04_part_01,implementation,2,agent,15.75,24.75,9.00,,0
EXP-05,exp05_p04_m02_ro000_lh00,baseline,phase,t04_part_02,specification,3,human,15.75,17.25,1.50,12.00,3.75
EXP-05,exp05_p04_m02_ro000_lh00,baseline,phase,t04_part_02,implementation,3,agent,17.25,26.25,9.00,,0
EXP-05,exp05_p04_m02_ro000_lh00,baseline,phase,t04_join,acceptance,2,human,26.25,29.25,3.00,26.25,0.00
EXP-05,exp05_p04_m02_ro000_lh00,baseline,wait,t01,human_1,2,human_queue,0,1.50,1.50,0,1.50
EXP-05,exp05_p04_m02_ro000_lh00,baseline,wait,t03,human_2,1,human_queue,27.75,29.25,1.50,27.75,1.50
EXP-05,exp05_p04_m02_ro000_lh00,baseline,wait,t04_part_01,specification,2,human_queue,12.00,14.25,2.25,12.00,2.25
EXP-05,exp05_p04_m02_ro000_lh00,baseline,wait,t04_part_02,specification,3,human_queue,12.00,15.75,3.75,12.00,3.75
EXP-05,exp05_p04_m02_ro000_lh00,exact,phase,t01,human_1,4,human,1.50000,2.25000,0.75000,1.50000,0.00000
EXP-05,exp05_p04_m02_ro000_lh00,exact,phase,t01,agent_1,4,agent,2.25000,6.75000,4.50000,,0
EXP-05,exp05_p04_m02_ro000_lh00,exact,phase,t01,human_2,4,human,6.75000,7.50000,0.75000,6.75000,0.00000
EXP-05,exp05_p04_m02_ro000_lh00,exact,phase,t02,human_1,1,human,0.00000,1.50000,1.50000,0.00000,0.00000
EXP-05,exp05_p04_m02_ro000_lh00,exact,phase,t02,agent_1,1,agent,1.50000,10.50000,9.00000,,0
EXP-05,exp05_p04_m02_ro000_lh00,exact,phase,t02,human_2,1,human,10.50000,12.00000,1.50000,10.50000,0.00000
EXP-05,exp05_p04_m02_ro000_lh00,exact,phase,t03,human_1,3,human,13.50000,15.75000,2.25000,13.50000,0.00000
EXP-05,exp05_p04_m02_ro000_lh00,exact,phase,t03,agent_1,3,agent,15.75000,29.25000,13.50000,,0
EXP-05,exp05_p04_m02_ro000_lh00,exact,phase,t03,human_2,3,human,29.25000,31.50000,2.25000,29.25000,0.00000
EXP-05,exp05_p04_m02_ro000_lh00,exact,phase,t04_part_01,specification,2,human,12.00000,13.50000,1.50000,12.00000,0.00000
EXP-05,exp05_p04_m02_ro000_lh00,exact,phase,t04_part_01,implementation,2,agent,13.50000,22.50000,9.00000,,0
EXP-05,exp05_p04_m02_ro000_lh00,exact,phase,t04_part_02,specification,4,human,15.75000,17.25000,1.50000,15.75000,0.00000
EXP-05,exp05_p04_m02_ro000_lh00,exact,phase,t04_part_02,implementation,4,agent,17.25000,26.25000,9.00000,,0
EXP-05,exp05_p04_m02_ro000_lh00,exact,phase,t04_join,acceptance,1,human,26.25000,29.25000,3.00000,26.25000,0.00000
EXP-05,exp05_p04_m02_ro050_lh00,baseline,phase,t01,human_1,2,human,1.50,2.25,0.75,0,1.50
EXP-05,exp05_p04_m02_ro050_lh00,baseline,phase,t01,agent_1,2,agent,2.25,6.75,4.50,,0
EXP-05,exp05_p04_m02_ro050_lh00,baseline,phase,t01,human_2,2,human,6.75,7.50,0.75,6.75,0.00
EXP-05,exp05_p04_m02_ro050_lh00,baseline,phase,t02,human_1,1,human,0,1.50,1.50,0,0
EXP-05,exp05_p04_m02_ro050_lh00,baseline,phase,t02,agent_1,1,agent,1.50,10.50,9.00,,0
EXP-05,exp05_p04_m02_ro050_lh00,baseline,phase,t02,human_2,1,human,10.50,12.00,1.50,10.50,0.00
EXP-05,exp05_p04_m02_ro050_lh00,baseline,phase,t03,human_1,1,human,12.00,14.25,2.25,12.00,0.00
EXP-05,exp05_p04_m02_ro050_lh00,baseline,phase,t03,agent_1,1,agent,14.25,27.75,13.50,,0
EXP-05,exp05_p04_m02_ro050_lh00,baseline,phase,t03,human_2,1,human,30.15,32.40,2.25,27.75,2.40
EXP-05,exp05_p04_m02_ro050_lh00,baseline,phase,t04_part_01,specification,2,human,14.25,15.75,1.50,12.00,2.25
EXP-05,exp05_p04_m02_ro050_lh00,baseline,phase,t04_part_01,implementation,2,agent,15.75,25.05,9.30,,0
EXP-05,exp05_p04_m02_ro050_lh00,baseline,phase,t04_part_02,specification,3,human,15.75,17.25,1.50,12.00,3.75
EXP-05,exp05_p04_m02_ro050_lh00,baseline,phase,t04_part_02,implementation,3,agent,17.25,26.55,9.30,,0
EXP-05,exp05_p04_m02_ro050_lh00,baseline,phase,t04_join,integration,2,agent,26.55,27.15,0.60,,0
EXP-05,exp05_p04_m02_ro050_lh00,baseline,phase,t04_join,acceptance,2,human,27.15,30.15,3.00,27.15,0.00
EXP-05,exp05_p04_m02_ro050_lh00,baseline,wait,t01,human_1,2,human_queue,0,1.50,1.50,0,1.50
EXP-05,exp05_p04_m02_ro050_lh00,baseline,wait,t03,human_2,1,human_queue,27.75,30.15,2.40,27.75,2.40
EXP-05,exp05_p04_m02_ro050_lh00,baseline,wait,t04_part_01,specification,2,human_queue,12.00,14.25,2.25,12.00,2.25
EXP-05,exp05_p04_m02_ro050_lh00,baseline,wait,t04_part_02,specification,3,human_queue,12.00,15.75,3.75,12.00,3.75
EXP-05,exp05_p04_m02_ro050_lh00,exact,phase,t01,human_1,4,human,1.50000,2.25000,0.75000,1.50000,0.00000
EXP-05,exp05_p04_m02_ro050_lh00,exact,phase,t01,agent_1,4,agent,2.25000,6.75000,4.50000,,0
EXP-05,exp05_p04_m02_ro050_lh00,exact,phase,t01,human_2,4,human,6.75000,7.50000,0.75000,6.75000,0.00000
EXP-05,exp05_p04_m02_ro050_lh00,exact,phase,t02,human_1,1,human,0.00000,1.50000,1.50000,0.00000,0.00000
EXP-05,exp05_p04_m02_ro050_lh00,exact,phase,t02,agent_1,1,agent,1.50000,10.50000,9.00000,,0
EXP-05,exp05_p04_m02_ro050_lh00,exact,phase,t02,human_2,1,human,10.50000,12.00000,1.50000,10.50000,0.00000
EXP-05,exp05_p04_m02_ro050_lh00,exact,phase,t03,human_1,3,human,13.50000,15.75000,2.25000,13.50000,0.00000
EXP-05,exp05_p04_m02_ro050_lh00,exact,phase,t03,agent_1,3,agent,15.75000,29.25000,13.50000,,0
EXP-05,exp05_p04_m02_ro050_lh00,exact,phase,t03,human_2,3,human,30.15000,32.40000,2.25000,29.25000,0.90000
EXP-05,exp05_p04_m02_ro050_lh00,exact,phase,t04_part_01,specification,1,human,12.00000,13.50000,1.50000,12.00000,0.00000
EXP-05,exp05_p04_m02_ro050_lh00,exact,phase,t04_part_01,implementation,1,agent,13.50000,22.80000,9.30000,,0
EXP-05,exp05_p04_m02_ro050_lh00,exact,phase,t04_part_02,specification,4,human,15.75000,17.25000,1.50000,15.75000,0.00000
EXP-05,exp05_p04_m02_ro050_lh00,exact,phase,t04_part_02,implementation,4,agent,17.25000,26.55000,9.30000,,0
EXP-05,exp05_p04_m02_ro050_lh00,exact,phase,t04_join,integration,2,agent,26.55000,27.15000,0.60000,,0
EXP-05,exp05_p04_m02_ro050_lh00,exact,phase,t04_join,acceptance,2,human,27.15000,30.15000,3.00000,27.15000,0.00000
EXP-05,exp05_p04_m02_ro050_lh00,exact,wait,t03,human_2,3,human_queue,29.25000,30.15000,0.90000,29.25000,0.90000
EXP-05,exp05_p04_m02_ro050_lh05,baseline,phase,t01,human_1,2,human,1.50,2.25,0.75,0,1.50
EXP-05,exp05_p04_m02_ro050_lh05,baseline,phase,t01,agent_1,2,agent,2.25,6.75,4.50,,0
EXP-05,exp05_p04_m02_ro050_lh05,baseline,phase,t01,human_2,2,human,6.75,7.50,0.75,6.75,0.00
EXP-05,exp05_p04_m02_ro050_lh05,baseline,phase,t02,human_1,1,human,0,1.50,1.50,0,0
EXP-05,exp05_p04_m02_ro050_lh05,baseline,phase,t02,agent_1,1,agent,1.50,10.50,9.00,,0
EXP-05,exp05_p04_m02_ro050_lh05,baseline,phase,t02,human_2,1,human,10.50,12.00,1.50,10.50,0.00
EXP-05,exp05_p04_m02_ro050_lh05,baseline,phase,t03,human_1,1,human,12.00,14.25,2.25,12.00,0.00
EXP-05,exp05_p04_m02_ro050_lh05,baseline,phase,t03,agent_1,1,agent,14.25,27.75,13.50,,0
EXP-05,exp05_p04_m02_ro050_lh05,baseline,phase,t03,human_2,1,human,30.300,32.550,2.250,27.75,2.550
EXP-05,exp05_p04_m02_ro050_lh05,baseline,phase,t04_part_01,specification,2,human,14.25,15.900,1.650,12.00,2.25
EXP-05,exp05_p04_m02_ro050_lh05,baseline,phase,t04_part_01,implementation,2,agent,15.900,25.050,9.150,,0
EXP-05,exp05_p04_m02_ro050_lh05,baseline,phase,t04_part_02,specification,3,human,15.900,17.550,1.650,12.00,3.900
EXP-05,exp05_p04_m02_ro050_lh05,baseline,phase,t04_part_02,implementation,3,agent,17.550,26.700,9.150,,0
EXP-05,exp05_p04_m02_ro050_lh05,baseline,phase,t04_join,integration,2,agent,26.700,27.000,0.300,,0
EXP-05,exp05_p04_m02_ro050_lh05,baseline,phase,t04_join,acceptance,2,human,27.000,30.300,3.300,27.000,0.000
EXP-05,exp05_p04_m02_ro050_lh05,baseline,wait,t01,human_1,2,human_queue,0,1.50,1.50,0,1.50
EXP-05,exp05_p04_m02_ro050_lh05,baseline,wait,t03,human_2,1,human_queue,27.75,30.300,2.550,27.75,2.550
EXP-05,exp05_p04_m02_ro050_lh05,baseline,wait,t04_part_01,specification,2,human_queue,12.00,14.25,2.25,12.00,2.25
EXP-05,exp05_p04_m02_ro050_lh05,baseline,wait,t04_part_02,specification,3,human_queue,12.00,15.900,3.900,12.00,3.900
EXP-05,exp05_p04_m02_ro050_lh05,exact,phase,t01,human_1,4,human,1.50000,2.25000,0.75000,1.50000,0.00000
EXP-05,exp05_p04_m02_ro050_lh05,exact,phase,t01,agent_1,4,agent,2.25000,6.75000,4.50000,,0
EXP-05,exp05_p04_m02_ro050_lh05,exact,phase,t01,human_2,4,human,6.75000,7.50000,0.75000,6.75000,0.00000
EXP-05,exp05_p04_m02_ro050_lh05,exact,phase,t02,human_1,1,human,0.00000,1.50000,1.50000,0.00000,0.00000
EXP-05,exp05_p04_m02_ro050_lh05,exact,phase,t02,agent_1,1,agent,1.50000,10.50000,9.00000,,0
EXP-05,exp05_p04_m02_ro050_lh05,exact,phase,t02,human_2,1,human,10.50000,12.00000,1.50000,10.50000,0.00000
EXP-05,exp05_p04_m02_ro050_lh05,exact,phase,t03,human_1,3,human,13.65000,15.90000,2.25000,13.65000,0.00000
EXP-05,exp05_p04_m02_ro050_lh05,exact,phase,t03,agent_1,3,agent,15.90000,29.40000,13.50000,,0
EXP-05,exp05_p04_m02_ro050_lh05,exact,phase,t03,human_2,3,human,30.30000,32.55000,2.25000,29.40000,0.90000
EXP-05,exp05_p04_m02_ro050_lh05,exact,phase,t04_part_01,specification,1,human,12.00000,13.65000,1.65000,12.00000,0.00000
EXP-05,exp05_p04_m02_ro050_lh05,exact,phase,t04_part_01,implementation,1,agent,13.65000,22.80000,9.15000,,0
EXP-05,exp05_p04_m02_ro050_lh05,exact,phase,t04_part_02,specification,4,human,15.90000,17.55000,1.65000,15.90000,0.00000
EXP-05,exp05_p04_m02_ro050_lh05,exact,phase,t04_part_02,implementation,4,agent,17.55000,26.70000,9.15000,,0
EXP-05,exp05_p04_m02_ro050_lh05,exact,phase,t04_join,integration,2,agent,26.70000,27.00000,0.30000,,0
EXP-05,exp05_p04_m02_ro050_lh05,exact,phase,t04_join,acceptance,2,human,27.00000,30.30000,3.30000,27.00000,0.00000
EXP-05,exp05_p04_m02_ro050_lh05,exact,wait,t03,human_2,3,human_queue,29.40000,30.30000,0.90000,29.40000,0.90000
EXP-05,exp05_p04_m02_ro100_lh00,baseline,phase,t01,human_1,2,human,1.50,2.25,0.75,0,1.50
EXP-05,exp05_p04_m02_ro100_lh00,baseline,phase,t01,agent_1,2,agent,2.25,6.75,4.50,,0
EXP-05,exp05_p04_m02_ro100_lh00,baseline,phase,t01,human_2,2,human,6.75,7.50,0.75,6.75,0.00
EXP-05,exp05_p04_m02_ro100_lh00,baseline,phase,t02,human_1,1,human,0,1.50,1.50,0,0
EXP-05,exp05_p04_m02_ro100_lh00,baseline,phase,t02,agent_1,1,agent,1.50,10.50,9.00,,0
EXP-05,exp05_p04_m02_ro100_lh00,baseline,phase,t02,human_2,1,human,10.50,12.00,1.50,10.50,0.00
EXP-05,exp05_p04_m02_ro100_lh00,baseline,phase,t03,human_1,1,human,12.00,14.25,2.25,12.00,0.00
EXP-05,exp05_p04_m02_ro100_lh00,baseline,phase,t03,agent_1,1,agent,14.25,27.75,13.50,,0
EXP-05,exp05_p04_m02_ro100_lh00,baseline,phase,t03,human_2,1,human,27.75,30.00,2.25,27.75,0.00
EXP-05,exp05_p04_m02_ro100_lh00,baseline,phase,t04_part_01,specification,2,human,14.25,15.75,1.50,12.00,2.25
EXP-05,exp05_p04_m02_ro100_lh00,baseline,phase,t04_part_01,implementation,2,agent,15.75,25.35,9.60,,0
EXP-05,exp05_p04_m02_ro100_lh00,baseline,phase,t04_part_02,specification,3,human,15.75,17.25,1.50,12.00,3.75
EXP-05,exp05_p04_m02_ro100_lh00,baseline,phase,t04_part_02,implementation,3,agent,17.25,26.85,9.60,,0
EXP-05,exp05_p04_m02_ro100_lh00,baseline,phase,t04_join,integration,2,agent,26.85,28.05,1.20,,0
EXP-05,exp05_p04_m02_ro100_lh00,baseline,phase,t04_join,acceptance,2,human,30.00,33.00,3.00,28.05,1.95
EXP-05,exp05_p04_m02_ro100_lh00,baseline,wait,t01,human_1,2,human_queue,0,1.50,1.50,0,1.50
EXP-05,exp05_p04_m02_ro100_lh00,baseline,wait,t04_part_01,specification,2,human_queue,12.00,14.25,2.25,12.00,2.25
EXP-05,exp05_p04_m02_ro100_lh00,baseline,wait,t04_part_02,specification,3,human_queue,12.00,15.75,3.75,12.00,3.75
EXP-05,exp05_p04_m02_ro100_lh00,baseline,wait,t04_join,acceptance,2,human_queue,28.05,30.00,1.95,28.05,1.95
EXP-05,exp05_p04_m02_ro100_lh00,exact,phase,t01,human_1,4,human,1.50000,2.25000,0.75000,1.50000,0.00000
EXP-05,exp05_p04_m02_ro100_lh00,exact,phase,t01,agent_1,4,agent,2.25000,6.75000,4.50000,,0
EXP-05,exp05_p04_m02_ro100_lh00,exact,phase,t01,human_2,4,human,6.75000,7.50000,0.75000,6.75000,0.00000
EXP-05,exp05_p04_m02_ro100_lh00,exact,phase,t02,human_1,1,human,0.00000,1.50000,1.50000,0.00000,0.00000
EXP-05,exp05_p04_m02_ro100_lh00,exact,phase,t02,agent_1,1,agent,1.50000,10.50000,9.00000,,0
EXP-05,exp05_p04_m02_ro100_lh00,exact,phase,t02,human_2,1,human,10.50000,12.00000,1.50000,10.50000,0.00000
EXP-05,exp05_p04_m02_ro100_lh00,exact,phase,t03,human_1,3,human,15.00000,17.25000,2.25000,15.00000,0.00000
EXP-05,exp05_p04_m02_ro100_lh00,exact,phase,t03,agent_1,3,agent,17.25000,30.75000,13.50000,,0
EXP-05,exp05_p04_m02_ro100_lh00,exact,phase,t03,human_2,3,human,30.75000,33.00000,2.25000,30.75000,0.00000
EXP-05,exp05_p04_m02_ro100_lh00,exact,phase,t04_part_01,specification,1,human,13.50000,15.00000,1.50000,13.50000,0.00000
EXP-05,exp05_p04_m02_ro100_lh00,exact,phase,t04_part_01,implementation,1,agent,15.00000,24.60000,9.60000,,0
EXP-05,exp05_p04_m02_ro100_lh00,exact,phase,t04_part_02,specification,4,human,12.00000,13.50000,1.50000,12.00000,0.00000
EXP-05,exp05_p04_m02_ro100_lh00,exact,phase,t04_part_02,implementation,4,agent,13.50000,23.10000,9.60000,,0
EXP-05,exp05_p04_m02_ro100_lh00,exact,phase,t04_join,integration,2,agent,24.60000,25.80000,1.20000,,0
EXP-05,exp05_p04_m02_ro100_lh00,exact,phase,t04_join,acceptance,2,human,25.80000,28.80000,3.00000,25.80000,0.00000
EXP-05,exp05_p04_m02_ro100_lh05,baseline,phase,t01,human_1,2,human,1.50,2.25,0.75,0,1.50
EXP-05,exp05_p04_m02_ro100_lh05,baseline,phase,t01,agent_1,2,agent,2.25,6.75,4.50,,0
EXP-05,exp05_p04_m02_ro100_lh05,baseline,phase,t01,human_2,2,human,6.75,7.50,0.75,6.75,0.00
EXP-05,exp05_p04_m02_ro100_lh05,baseline,phase,t02,human_1,1,human,0,1.50,1.50,0,0
EXP-05,exp05_p04_m02_ro100_lh05,baseline,phase,t02,agent_1,1,agent,1.50,10.50,9.00,,0
EXP-05,exp05_p04_m02_ro100_lh05,baseline,phase,t02,human_2,1,human,10.50,12.00,1.50,10.50,0.00
EXP-05,exp05_p04_m02_ro100_lh05,baseline,phase,t03,human_1,1,human,12.00,14.25,2.25,12.00,0.00
EXP-05,exp05_p04_m02_ro100_lh05,baseline,phase,t03,agent_1,1,agent,14.25,27.75,13.50,,0
EXP-05,exp05_p04_m02_ro100_lh05,baseline,phase,t03,human_2,1,human,27.75,30.00,2.25,27.75,0.00
EXP-05,exp05_p04_m02_ro100_lh05,baseline,phase,t04_part_01,specification,2,human,14.25,16.050,1.800,12.00,2.25
EXP-05,exp05_p04_m02_ro100_lh05,baseline,phase,t04_part_01,implementation,2,agent,16.050,25.350,9.300,,0
EXP-05,exp05_p04_m02_ro100_lh05,baseline,phase,t04_part_02,specification,3,human,16.050,17.850,1.800,12.00,4.050
EXP-05,exp05_p04_m02_ro100_lh05,baseline,phase,t04_part_02,implementation,3,agent,17.850,27.150,9.300,,0
EXP-05,exp05_p04_m02_ro100_lh05,baseline,phase,t04_join,integration,2,agent,27.150,27.750,0.600,,0
EXP-05,exp05_p04_m02_ro100_lh05,baseline,phase,t04_join,acceptance,2,human,30.00,33.600,3.600,27.750,2.250
EXP-05,exp05_p04_m02_ro100_lh05,baseline,wait,t01,human_1,2,human_queue,0,1.50,1.50,0,1.50
EXP-05,exp05_p04_m02_ro100_lh05,baseline,wait,t04_part_01,specification,2,human_queue,12.00,14.25,2.25,12.00,2.25
EXP-05,exp05_p04_m02_ro100_lh05,baseline,wait,t04_part_02,specification,3,human_queue,12.00,16.050,4.050,12.00,4.050
EXP-05,exp05_p04_m02_ro100_lh05,baseline,wait,t04_join,acceptance,2,human_queue,27.750,30.00,2.250,27.750,2.250
EXP-05,exp05_p04_m02_ro100_lh05,exact,phase,t01,human_1,4,human,1.50000,2.25000,0.75000,1.50000,0.00000
EXP-05,exp05_p04_m02_ro100_lh05,exact,phase,t01,agent_1,4,agent,2.25000,6.75000,4.50000,,0
EXP-05,exp05_p04_m02_ro100_lh05,exact,phase,t01,human_2,4,human,6.75000,7.50000,0.75000,6.75000,0.00000
EXP-05,exp05_p04_m02_ro100_lh05,exact,phase,t02,human_1,1,human,0.00000,1.50000,1.50000,0.00000,0.00000
EXP-05,exp05_p04_m02_ro100_lh05,exact,phase,t02,agent_1,1,agent,1.50000,10.50000,9.00000,,0
EXP-05,exp05_p04_m02_ro100_lh05,exact,phase,t02,human_2,1,human,10.50000,12.00000,1.50000,10.50000,0.00000
EXP-05,exp05_p04_m02_ro100_lh05,exact,phase,t03,human_1,3,human,15.60000,17.85000,2.25000,15.60000,0.00000
EXP-05,exp05_p04_m02_ro100_lh05,exact,phase,t03,agent_1,3,agent,17.85000,31.35000,13.50000,,0
EXP-05,exp05_p04_m02_ro100_lh05,exact,phase,t03,human_2,3,human,31.35000,33.60000,2.25000,31.35000,0.00000
EXP-05,exp05_p04_m02_ro100_lh05,exact,phase,t04_part_01,specification,1,human,13.80000,15.60000,1.80000,13.80000,0.00000
EXP-05,exp05_p04_m02_ro100_lh05,exact,phase,t04_part_01,implementation,1,agent,15.60000,24.90000,9.30000,,0
EXP-05,exp05_p04_m02_ro100_lh05,exact,phase,t04_part_02,specification,4,human,12.00000,13.80000,1.80000,12.00000,0.00000
EXP-05,exp05_p04_m02_ro100_lh05,exact,phase,t04_part_02,implementation,4,agent,13.80000,23.10000,9.30000,,0
EXP-05,exp05_p04_m02_ro100_lh05,exact,phase,t04_join,integration,2,agent,24.90000,25.50000,0.60000,,0
EXP-05,exp05_p04_m02_ro100_lh05,exact,phase,t04_join,acceptance,2,human,25.50000,29.10000,3.60000,25.50000,0.00000
EXP-05,exp05_p04_m03_ro000_lh00,baseline,phase,t01,human_1,2,human,1.50,2.25,0.75,0,1.50
EXP-05,exp05_p04_m03_ro000_lh00,baseline,phase,t01,agent_1,2,agent,2.25,6.75,4.50,,0
EXP-05,exp05_p04_m03_ro000_lh00,baseline,phase,t01,human_2,2,human,6.75,7.50,0.75,6.75,0.00
EXP-05,exp05_p04_m03_ro000_lh00,baseline,phase,t02,human_1,1,human,0,1.50,1.50,0,0
EXP-05,exp05_p04_m03_ro000_lh00,baseline,phase,t02,agent_1,1,agent,1.50,10.50,9.00,,0
EXP-05,exp05_p04_m03_ro000_lh00,baseline,phase,t02,human_2,1,human,10.50,12.00,1.50,10.50,0.00
EXP-05,exp05_p04_m03_ro000_lh00,baseline,phase,t03,human_1,1,human,12.00,14.25,2.25,12.00,0.00
EXP-05,exp05_p04_m03_ro000_lh00,baseline,phase,t03,agent_1,1,agent,14.25,27.75,13.50,,0
EXP-05,exp05_p04_m03_ro000_lh00,baseline,phase,t03,human_2,1,human,27.75,30.00,2.25,27.75,0.00
EXP-05,exp05_p04_m03_ro000_lh00,baseline,phase,t04_part_01,specification,2,human,14.25,15.25,1.00,12.00,2.25
EXP-05,exp05_p04_m03_ro000_lh00,baseline,phase,t04_part_01,implementation,2,agent,15.25,21.25,6.00,,0
EXP-05,exp05_p04_m03_ro000_lh00,baseline,phase,t04_part_02,specification,3,human,15.25,16.25,1.00,12.00,3.25
EXP-05,exp05_p04_m03_ro000_lh00,baseline,phase,t04_part_02,implementation,3,agent,16.25,22.25,6.00,,0
EXP-05,exp05_p04_m03_ro000_lh00,baseline,phase,t04_part_03,specification,4,human,16.25,17.25,1.00,12.00,4.25
EXP-05,exp05_p04_m03_ro000_lh00,baseline,phase,t04_part_03,implementation,4,agent,17.25,23.25,6.00,,0
EXP-05,exp05_p04_m03_ro000_lh00,baseline,phase,t04_join,acceptance,2,human,23.25,26.25,3.00,23.25,0.00
EXP-05,exp05_p04_m03_ro000_lh00,baseline,wait,t01,human_1,2,human_queue,0,1.50,1.50,0,1.50
EXP-05,exp05_p04_m03_ro000_lh00,baseline,wait,t04_part_01,specification,2,human_queue,12.00,14.25,2.25,12.00,2.25
EXP-05,exp05_p04_m03_ro000_lh00,baseline,wait,t04_part_02,specification,3,human_queue,12.00,15.25,3.25,12.00,3.25
EXP-05,exp05_p04_m03_ro000_lh00,baseline,wait,t04_part_03,specification,4,human_queue,12.00,16.25,4.25,12.00,4.25
EXP-05,exp05_p04_m03_ro000_lh00,exact,phase,t01,human_1,2,human,1.50000,2.25000,0.75000,1.50000,0.00000
EXP-05,exp05_p04_m03_ro000_lh00,exact,phase,t01,agent_1,2,agent,2.25000,6.75000,4.50000,,0
EXP-05,exp05_p04_m03_ro000_lh00,exact,phase,t01,human_2,2,human,6.75000,7.50000,0.75000,6.75000,0.00000
EXP-05,exp05_p04_m03_ro000_lh00,exact,phase,t02,human_1,1,human,0.00000,1.50000,1.50000,0.00000,0.00000
EXP-05,exp05_p04_m03_ro000_lh00,exact,phase,t02,agent_1,1,agent,1.50000,10.50000,9.00000,,0
EXP-05,exp05_p04_m03_ro000_lh00,exact,phase,t02,human_2,1,human,10.50000,12.00000,1.50000,10.50000,0.00000
EXP-05,exp05_p04_m03_ro000_lh00,exact,phase,t03,human_1,4,human,12.00000,14.25000,2.25000,12.00000,0.00000
EXP-05,exp05_p04_m03_ro000_lh00,exact,phase,t03,agent_1,4,agent,14.25000,27.75000,13.50000,,0
EXP-05,exp05_p04_m03_ro000_lh00,exact,phase,t03,human_2,4,human,27.75000,30.00000,2.25000,27.75000,0.00000
EXP-05,exp05_p04_m03_ro000_lh00,exact,phase,t04_part_01,specification,3,human,16.25000,17.25000,1.00000,16.25000,0.00000
EXP-05,exp05_p04_m03_ro000_lh00,exact,phase,t04_part_01,implementation,3,agent,17.25000,23.25000,6.00000,,0
EXP-05,exp05_p04_m03_ro000_lh00,exact,phase,t04_part_02,specification,2,human,15.25000,16.25000,1.00000,15.25000,0.00000
EXP-05,exp05_p04_m03_ro000_lh00,exact,phase,t04_part_02,implementation,2,agent,16.25000,22.25000,6.00000,,0
EXP-05,exp05_p04_m03_ro000_lh00,exact,phase,t04_part_03,specification,1,human,14.25000,15.25000,1.00000,14.25000,0.00000
EXP-05,exp05_p04_m03_ro000_lh00,exact,phase,t04_part_03,implementation,1,agent,15.25000,21.25000,6.00000,,0
EXP-05,exp05_p04_m03_ro000_lh00,exact,phase,t04_join,acceptance,1,human,23.25000,26.25000,3.00000,23.25000,0.00000
EXP-05,exp05_p04_m03_ro050_lh00,baseline,phase,t01,human_1,2,human,1.50,2.25,0.75,0,1.50
EXP-05,exp05_p04_m03_ro050_lh00,baseline,phase,t01,agent_1,2,agent,2.25,6.75,4.50,,0
EXP-05,exp05_p04_m03_ro050_lh00,baseline,phase,t01,human_2,2,human,6.75,7.50,0.75,6.75,0.00
EXP-05,exp05_p04_m03_ro050_lh00,baseline,phase,t02,human_1,1,human,0,1.50,1.50,0,0
EXP-05,exp05_p04_m03_ro050_lh00,baseline,phase,t02,agent_1,1,agent,1.50,10.50,9.00,,0
EXP-05,exp05_p04_m03_ro050_lh00,baseline,phase,t02,human_2,1,human,10.50,12.00,1.50,10.50,0.00
EXP-05,exp05_p04_m03_ro050_lh00,baseline,phase,t03,human_1,1,human,12.00,14.25,2.25,12.00,0.00
EXP-05,exp05_p04_m03_ro050_lh00,baseline,phase,t03,agent_1,1,agent,14.25,27.75,13.50,,0
EXP-05,exp05_p04_m03_ro050_lh00,baseline,phase,t03,human_2,1,human,27.85,30.10,2.25,27.75,0.10
EXP-05,exp05_p04_m03_ro050_lh00,baseline,phase,t04_part_01,specification,2,human,14.25,15.25,1.00,12.00,2.25
EXP-05,exp05_p04_m03_ro050_lh00,baseline,phase,t04_part_01,implementation,2,agent,15.25,21.65,6.40,,0
EXP-05,exp05_p04_m03_ro050_lh00,baseline,phase,t04_part_02,specification,3,human,15.25,16.25,1.00,12.00,3.25
EXP-05,exp05_p04_m03_ro050_lh00,baseline,phase,t04_part_02,implementation,3,agent,16.25,22.65,6.40,,0
EXP-05,exp05_p04_m03_ro050_lh00,baseline,phase,t04_part_03,specification,4,human,16.25,17.25,1.00,12.00,4.25
EXP-05,exp05_p04_m03_ro050_lh00,baseline,phase,t04_part_03,implementation,4,agent,17.25,23.65,6.40,,0
EXP-05,exp05_p04_m03_ro050_lh00,baseline,phase,t04_join,integration,2,agent,23.65,24.85,1.20,,0
EXP-05,exp05_p04_m03_ro050_lh00,baseline,phase,t04_join,acceptance,2,human,24.85,27.85,3.00,24.85,0.00
EXP-05,exp05_p04_m03_ro050_lh00,baseline,wait,t01,human_1,2,human_queue,0,1.50,1.50,0,1.50
EXP-05,exp05_p04_m03_ro050_lh00,baseline,wait,t03,human_2,1,human_queue,27.75,27.85,0.10,27.75,0.10
EXP-05,exp05_p04_m03_ro050_lh00,baseline,wait,t04_part_01,specification,2,human_queue,12.00,14.25,2.25,12.00,2.25
EXP-05,exp05_p04_m03_ro050_lh00,baseline,wait,t04_part_02,specification,3,human_queue,12.00,15.25,3.25,12.00,3.25
EXP-05,exp05_p04_m03_ro050_lh00,baseline,wait,t04_part_03,specification,4,human_queue,12.00,16.25,4.25,12.00,4.25
EXP-05,exp05_p04_m03_ro050_lh00,exact,phase,t01,human_1,2,human,1.50000,2.25000,0.75000,1.50000,0.00000
EXP-05,exp05_p04_m03_ro050_lh00,exact,phase,t01,agent_1,2,agent,2.25000,6.75000,4.50000,,0
EXP-05,exp05_p04_m03_ro050_lh00,exact,phase,t01,human_2,2,human,6.75000,7.50000,0.75000,6.75000,0.00000
EXP-05,exp05_p04_m03_ro050_lh00,exact,phase,t02,human_1,1,human,0.00000,1.50000,1.50000,0.00000,0.00000
EXP-05,exp05_p04_m03_ro050_lh00,exact,phase,t02,agent_1,1,agent,1.50000,10.50000,9.00000,,0
EXP-05,exp05_p04_m03_ro050_lh00,exact,phase,t02,human_2,1,human,10.50000,12.00000,1.50000,10.50000,0.00000
EXP-05,exp05_p04_m03_ro050_lh00,exact,phase,t03,human_1,4,human,12.00000,14.25000,2.25000,12.00000,0.00000
EXP-05,exp05_p04_m03_ro050_lh00,exact,phase,t03,agent_1,4,agent,14.25000,27.75000,13.50000,,0
EXP-05,exp05_p04_m03_ro050_lh00,exact,phase,t03,human_2,4,human,27.85000,30.10000,2.25000,27.75000,0.10000
EXP-05,exp05_p04_m03_ro050_lh00,exact,phase,t04_part_01,specification,3,human,16.25000,17.25000,1.00000,16.25000,0.00000
EXP-05,exp05_p04_m03_ro050_lh00,exact,phase,t04_part_01,implementation,3,agent,17.25000,23.65000,6.40000,,0
EXP-05,exp05_p04_m03_ro050_lh00,exact,phase,t04_part_02,specification,2,human,14.25000,15.25000,1.00000,14.25000,0.00000
EXP-05,exp05_p04_m03_ro050_lh00,exact,phase,t04_part_02,implementation,2,agent,15.25000,21.65000,6.40000,,0
EXP-05,exp05_p04_m03_ro050_lh00,exact,phase,t04_part_03,specification,1,human,15.25000,16.25000,1.00000,15.25000,0.00000
EXP-05,exp05_p04_m03_ro050_lh00,exact,phase,t04_part_03,implementation,1,agent,16.25000,22.65000,6.40000,,0
EXP-05,exp05_p04_m03_ro050_lh00,exact,phase,t04_join,integration,1,agent,23.65000,24.85000,1.20000,,0
EXP-05,exp05_p04_m03_ro050_lh00,exact,phase,t04_join,acceptance,1,human,24.85000,27.85000,3.00000,24.85000,0.00000
EXP-05,exp05_p04_m03_ro050_lh00,exact,wait,t03,human_2,4,human_queue,27.75000,27.85000,0.10000,27.75000,0.10000
EXP-05,exp05_p04_m03_ro050_lh05,baseline,phase,t01,human_1,2,human,1.50,2.25,0.75,0,1.50
EXP-05,exp05_p04_m03_ro050_lh05,baseline,phase,t01,agent_1,2,agent,2.25,6.75,4.50,,0
EXP-05,exp05_p04_m03_ro050_lh05,baseline,phase,t01,human_2,2,human,6.75,7.50,0.75,6.75,0.00
EXP-05,exp05_p04_m03_ro050_lh05,baseline,phase,t02,human_1,1,human,0,1.50,1.50,0,0
EXP-05,exp05_p04_m03_ro050_lh05,baseline,phase,t02,agent_1,1,agent,1.50,10.50,9.00,,0
EXP-05,exp05_p04_m03_ro050_lh05,baseline,phase,t02,human_2,1,human,10.50,12.00,1.50,10.50,0.00
EXP-05,exp05_p04_m03_ro050_lh05,baseline,phase,t03,human_1,1,human,12.00,14.25,2.25,12.00,0.00
EXP-05,exp05_p04_m03_ro050_lh05,baseline,phase,t03,agent_1,1,agent,14.25,27.75,13.50,,0
EXP-05,exp05_p04_m03_ro050_lh05,baseline,phase,t03,human_2,1,human,28.250,30.500,2.250,27.75,0.500
EXP-05,exp05_p04_m03_ro050_lh05,baseline,phase,t04_part_01,specification,2,human,14.25,15.450,1.200,12.00,2.25
EXP-05,exp05_p04_m03_ro050_lh05,baseline,phase,t04_part_01,implementation,2,agent,15.450,21.650,6.200,,0
EXP-05,exp05_p04_m03_ro050_lh05,baseline,phase,t04_part_02,specification,3,human,15.450,16.650,1.200,12.00,3.450
EXP-05,exp05_p04_m03_ro050_lh05,baseline,phase,t04_part_02,implementation,3,agent,16.650,22.850,6.200,,0
EXP-05,exp05_p04_m03_ro050_lh05,baseline,phase,t04_part_03,specification,4,human,16.650,17.850,1.200,12.00,4.650
EXP-05,exp05_p04_m03_ro050_lh05,baseline,phase,t04_part_03,implementation,4,agent,17.850,24.050,6.200,,0
EXP-05,exp05_p04_m03_ro050_lh05,baseline,phase,t04_join,integration,2,agent,24.050,24.650,0.600,,0
EXP-05,exp05_p04_m03_ro050_lh05,baseline,phase,t04_join,acceptance,2,human,24.650,28.250,3.600,24.650,0.000
EXP-05,exp05_p04_m03_ro050_lh05,baseline,wait,t01,human_1,2,human_queue,0,1.50,1.50,0,1.50
EXP-05,exp05_p04_m03_ro050_lh05,baseline,wait,t03,human_2,1,human_queue,27.75,28.250,0.500,27.75,0.500
EXP-05,exp05_p04_m03_ro050_lh05,baseline,wait,t04_part_01,specification,2,human_queue,12.00,14.25,2.25,12.00,2.25
EXP-05,exp05_p04_m03_ro050_lh05,baseline,wait,t04_part_02,specification,3,human_queue,12.00,15.450,3.450,12.00,3.450
EXP-05,exp05_p04_m03_ro050_lh05,baseline,wait,t04_part_03,specification,4,human_queue,12.00,16.650,4.650,12.00,4.650
EXP-05,exp05_p04_m03_ro050_lh05,exact,phase,t01,human_1,2,human,1.50000,2.25000,0.75000,1.50000,0.00000
EXP-05,exp05_p04_m03_ro050_lh05,exact,phase,t01,agent_1,2,agent,2.25000,6.75000,4.50000,,0
EXP-05,exp05_p04_m03_ro050_lh05,exact,phase,t01,human_2,2,human,6.75000,7.50000,0.75000,6.75000,0.00000
EXP-05,exp05_p04_m03_ro050_lh05,exact,phase,t02,human_1,1,human,0.00000,1.50000,1.50000,0.00000,0.00000
EXP-05,exp05_p04_m03_ro050_lh05,exact,phase,t02,agent_1,1,agent,1.50000,10.50000,9.00000,,0
EXP-05,exp05_p04_m03_ro050_lh05,exact,phase,t02,human_2,1,human,10.50000,12.00000,1.50000,10.50000,0.00000
EXP-05,exp05_p04_m03_ro050_lh05,exact,phase,t03,human_1,4,human,12.00000,14.25000,2.25000,12.00000,0.00000
EXP-05,exp05_p04_m03_ro050_lh05,exact,phase,t03,agent_1,4,agent,14.25000,27.75000,13.50000,,0
EXP-05,exp05_p04_m03_ro050_lh05,exact,phase,t03,human_2,4,human,28.25000,30.50000,2.25000,27.75000,0.50000
EXP-05,exp05_p04_m03_ro050_lh05,exact,phase,t04_part_01,specification,3,human,16.65000,17.85000,1.20000,16.65000,0.00000
EXP-05,exp05_p04_m03_ro050_lh05,exact,phase,t04_part_01,implementation,3,agent,17.85000,24.05000,6.20000,,0
EXP-05,exp05_p04_m03_ro050_lh05,exact,phase,t04_part_02,specification,2,human,15.45000,16.65000,1.20000,15.45000,0.00000
EXP-05,exp05_p04_m03_ro050_lh05,exact,phase,t04_part_02,implementation,2,agent,16.65000,22.85000,6.20000,,0
EXP-05,exp05_p04_m03_ro050_lh05,exact,phase,t04_part_03,specification,1,human,14.25000,15.45000,1.20000,14.25000,0.00000
EXP-05,exp05_p04_m03_ro050_lh05,exact,phase,t04_part_03,implementation,1,agent,15.45000,21.65000,6.20000,,0
EXP-05,exp05_p04_m03_ro050_lh05,exact,phase,t04_join,integration,1,agent,24.05000,24.65000,0.60000,,0
EXP-05,exp05_p04_m03_ro050_lh05,exact,phase,t04_join,acceptance,1,human,24.65000,28.25000,3.60000,24.65000,0.00000
EXP-05,exp05_p04_m03_ro050_lh05,exact,wait,t03,human_2,4,human_queue,27.75000,28.25000,0.50000,27.75000,0.50000
EXP-05,exp05_p04_m03_ro100_lh00,baseline,phase,t01,human_1,2,human,1.50,2.25,0.75,0,1.50
EXP-05,exp05_p04_m03_ro100_lh00,baseline,phase,t01,agent_1,2,agent,2.25,6.75,4.50,,0
EXP-05,exp05_p04_m03_ro100_lh00,baseline,phase,t01,human_2,2,human,6.75,7.50,0.75,6.75,0.00
EXP-05,exp05_p04_m03_ro100_lh00,baseline,phase,t02,human_1,1,human,0,1.50,1.50,0,0
EXP-05,exp05_p04_m03_ro100_lh00,baseline,phase,t02,agent_1,1,agent,1.50,10.50,9.00,,0
EXP-05,exp05_p04_m03_ro100_lh00,baseline,phase,t02,human_2,1,human,10.50,12.00,1.50,10.50,0.00
EXP-05,exp05_p04_m03_ro100_lh00,baseline,phase,t03,human_1,1,human,12.00,14.25,2.25,12.00,0.00
EXP-05,exp05_p04_m03_ro100_lh00,baseline,phase,t03,agent_1,1,agent,14.25,27.75,13.50,,0
EXP-05,exp05_p04_m03_ro100_lh00,baseline,phase,t03,human_2,1,human,29.45,31.70,2.25,27.75,1.70
EXP-05,exp05_p04_m03_ro100_lh00,baseline,phase,t04_part_01,specification,2,human,14.25,15.25,1.00,12.00,2.25
EXP-05,exp05_p04_m03_ro100_lh00,baseline,phase,t04_part_01,implementation,2,agent,15.25,22.05,6.80,,0
EXP-05,exp05_p04_m03_ro100_lh00,baseline,phase,t04_part_02,specification,3,human,15.25,16.25,1.00,12.00,3.25
EXP-05,exp05_p04_m03_ro100_lh00,baseline,phase,t04_part_02,implementation,3,agent,16.25,23.05,6.80,,0
EXP-05,exp05_p04_m03_ro100_lh00,baseline,phase,t04_part_03,specification,4,human,16.25,17.25,1.00,12.00,4.25
EXP-05,exp05_p04_m03_ro100_lh00,baseline,phase,t04_part_03,implementation,4,agent,17.25,24.05,6.80,,0
EXP-05,exp05_p04_m03_ro100_lh00,baseline,phase,t04_join,integration,2,agent,24.05,26.45,2.40,,0
EXP-05,exp05_p04_m03_ro100_lh00,baseline,phase,t04_join,acceptance,2,human,26.45,29.45,3.00,26.45,0.00
EXP-05,exp05_p04_m03_ro100_lh00,baseline,wait,t01,human_1,2,human_queue,0,1.50,1.50,0,1.50
EXP-05,exp05_p04_m03_ro100_lh00,baseline,wait,t03,human_2,1,human_queue,27.75,29.45,1.70,27.75,1.70
EXP-05,exp05_p04_m03_ro100_lh00,baseline,wait,t04_part_01,specification,2,human_queue,12.00,14.25,2.25,12.00,2.25
EXP-05,exp05_p04_m03_ro100_lh00,baseline,wait,t04_part_02,specification,3,human_queue,12.00,15.25,3.25,12.00,3.25
EXP-05,exp05_p04_m03_ro100_lh00,baseline,wait,t04_part_03,specification,4,human_queue,12.00,16.25,4.25,12.00,4.25
EXP-05,exp05_p04_m03_ro100_lh00,exact,phase,t01,human_1,2,human,1.50000,2.25000,0.75000,1.50000,0.00000
EXP-05,exp05_p04_m03_ro100_lh00,exact,phase,t01,agent_1,2,agent,2.25000,6.75000,4.50000,,0
EXP-05,exp05_p04_m03_ro100_lh00,exact,phase,t01,human_2,2,human,6.75000,7.50000,0.75000,6.75000,0.00000
EXP-05,exp05_p04_m03_ro100_lh00,exact,phase,t02,human_1,1,human,0.00000,1.50000,1.50000,0.00000,0.00000
EXP-05,exp05_p04_m03_ro100_lh00,exact,phase,t02,agent_1,1,agent,1.50000,10.50000,9.00000,,0
EXP-05,exp05_p04_m03_ro100_lh00,exact,phase,t02,human_2,1,human,10.50000,12.00000,1.50000,10.50000,0.00000
EXP-05,exp05_p04_m03_ro100_lh00,exact,phase,t03,human_1,4,human,13.00000,15.25000,2.25000,13.00000,0.00000
EXP-05,exp05_p04_m03_ro100_lh00,exact,phase,t03,agent_1,4,agent,15.25000,28.75000,13.50000,,0
EXP-05,exp05_p04_m03_ro100_lh00,exact,phase,t03,human_2,4,human,29.45000,31.70000,2.25000,28.75000,0.70000
EXP-05,exp05_p04_m03_ro100_lh00,exact,phase,t04_part_01,specification,3,human,16.25000,17.25000,1.00000,16.25000,0.00000
EXP-05,exp05_p04_m03_ro100_lh00,exact,phase,t04_part_01,implementation,3,agent,17.25000,24.05000,6.80000,,0
EXP-05,exp05_p04_m03_ro100_lh00,exact,phase,t04_part_02,specification,2,human,12.00000,13.00000,1.00000,12.00000,0.00000
EXP-05,exp05_p04_m03_ro100_lh00,exact,phase,t04_part_02,implementation,2,agent,13.00000,19.80000,6.80000,,0
EXP-05,exp05_p04_m03_ro100_lh00,exact,phase,t04_part_03,specification,1,human,15.25000,16.25000,1.00000,15.25000,0.00000
EXP-05,exp05_p04_m03_ro100_lh00,exact,phase,t04_part_03,implementation,1,agent,16.25000,23.05000,6.80000,,0
EXP-05,exp05_p04_m03_ro100_lh00,exact,phase,t04_join,integration,1,agent,24.05000,26.45000,2.40000,,0
EXP-05,exp05_p04_m03_ro100_lh00,exact,phase,t04_join,acceptance,1,human,26.45000,29.45000,3.00000,26.45000,0.00000
EXP-05,exp05_p04_m03_ro100_lh00,exact,wait,t03,human_2,4,human_queue,28.75000,29.45000,0.70000,28.75000,0.70000
EXP-05,exp05_p04_m03_ro100_lh05,baseline,phase,t01,human_1,2,human,1.50,2.25,0.75,0,1.50
EXP-05,exp05_p04_m03_ro100_lh05,baseline,phase,t01,agent_1,2,agent,2.25,6.75,4.50,,0
EXP-05,exp05_p04_m03_ro100_lh05,baseline,phase,t01,human_2,2,human,6.75,7.50,0.75,6.75,0.00
EXP-05,exp05_p04_m03_ro100_lh05,baseline,phase,t02,human_1,1,human,0,1.50,1.50,0,0
EXP-05,exp05_p04_m03_ro100_lh05,baseline,phase,t02,agent_1,1,agent,1.50,10.50,9.00,,0
EXP-05,exp05_p04_m03_ro100_lh05,baseline,phase,t02,human_2,1,human,10.50,12.00,1.50,10.50,0.00
EXP-05,exp05_p04_m03_ro100_lh05,baseline,phase,t03,human_1,1,human,12.00,14.25,2.25,12.00,0.00
EXP-05,exp05_p04_m03_ro100_lh05,baseline,phase,t03,agent_1,1,agent,14.25,27.75,13.50,,0
EXP-05,exp05_p04_m03_ro100_lh05,baseline,phase,t03,human_2,1,human,30.250,32.500,2.250,27.75,2.500
EXP-05,exp05_p04_m03_ro100_lh05,baseline,phase,t04_part_01,specification,2,human,14.25,15.650,1.400,12.00,2.25
EXP-05,exp05_p04_m03_ro100_lh05,baseline,phase,t04_part_01,implementation,2,agent,15.650,22.050,6.400,,0
EXP-05,exp05_p04_m03_ro100_lh05,baseline,phase,t04_part_02,specification,3,human,15.650,17.050,1.400,12.00,3.650
EXP-05,exp05_p04_m03_ro100_lh05,baseline,phase,t04_part_02,implementation,3,agent,17.050,23.450,6.400,,0
EXP-05,exp05_p04_m03_ro100_lh05,baseline,phase,t04_part_03,specification,4,human,17.050,18.450,1.400,12.00,5.050
EXP-05,exp05_p04_m03_ro100_lh05,baseline,phase,t04_part_03,implementation,4,agent,18.450,24.850,6.400,,0
EXP-05,exp05_p04_m03_ro100_lh05,baseline,phase,t04_join,integration,2,agent,24.850,26.050,1.200,,0
EXP-05,exp05_p04_m03_ro100_lh05,baseline,phase,t04_join,acceptance,2,human,26.050,30.250,4.200,26.050,0.000
EXP-05,exp05_p04_m03_ro100_lh05,baseline,wait,t01,human_1,2,human_queue,0,1.50,1.50,0,1.50
EXP-05,exp05_p04_m03_ro100_lh05,baseline,wait,t03,human_2,1,human_queue,27.75,30.250,2.500,27.75,2.500
EXP-05,exp05_p04_m03_ro100_lh05,baseline,wait,t04_part_01,specification,2,human_queue,12.00,14.25,2.25,12.00,2.25
EXP-05,exp05_p04_m03_ro100_lh05,baseline,wait,t04_part_02,specification,3,human_queue,12.00,15.650,3.650,12.00,3.650
EXP-05,exp05_p04_m03_ro100_lh05,baseline,wait,t04_part_03,specification,4,human_queue,12.00,17.050,5.050,12.00,5.050
EXP-05,exp05_p04_m03_ro100_lh05,exact,phase,t01,human_1,2,human,1.50000,2.25000,0.75000,1.50000,0.00000
EXP-05,exp05_p04_m03_ro100_lh05,exact,phase,t01,agent_1,2,agent,2.25000,6.75000,4.50000,,0
EXP-05,exp05_p04_m03_ro100_lh05,exact,phase,t01,human_2,2,human,6.75000,7.50000,0.75000,6.75000,0.00000
EXP-05,exp05_p04_m03_ro100_lh05,exact,phase,t02,human_1,1,human,0.00000,1.50000,1.50000,0.00000,0.00000
EXP-05,exp05_p04_m03_ro100_lh05,exact,phase,t02,agent_1,1,agent,1.50000,10.50000,9.00000,,0
EXP-05,exp05_p04_m03_ro100_lh05,exact,phase,t02,human_2,1,human,10.50000,12.00000,1.50000,10.50000,0.00000
EXP-05,exp05_p04_m03_ro100_lh05,exact,phase,t03,human_1,4,human,13.40000,15.65000,2.25000,13.40000,0.00000
EXP-05,exp05_p04_m03_ro100_lh05,exact,phase,t03,agent_1,4,agent,15.65000,29.15000,13.50000,,0
EXP-05,exp05_p04_m03_ro100_lh05,exact,phase,t03,human_2,4,human,30.25000,32.50000,2.25000,29.15000,1.10000
EXP-05,exp05_p04_m03_ro100_lh05,exact,phase,t04_part_01,specification,3,human,17.05000,18.45000,1.40000,17.05000,0.00000
EXP-05,exp05_p04_m03_ro100_lh05,exact,phase,t04_part_01,implementation,3,agent,18.45000,24.85000,6.40000,,0
EXP-05,exp05_p04_m03_ro100_lh05,exact,phase,t04_part_02,specification,2,human,12.00000,13.40000,1.40000,12.00000,0.00000
EXP-05,exp05_p04_m03_ro100_lh05,exact,phase,t04_part_02,implementation,2,agent,13.40000,19.80000,6.40000,,0
EXP-05,exp05_p04_m03_ro100_lh05,exact,phase,t04_part_03,specification,1,human,15.65000,17.05000,1.40000,15.65000,0.00000
EXP-05,exp05_p04_m03_ro100_lh05,exact,phase,t04_part_03,implementation,1,agent,17.05000,23.45000,6.40000,,0
EXP-05,exp05_p04_m03_ro100_lh05,exact,phase,t04_join,integration,1,agent,24.85000,26.05000,1.20000,,0
EXP-05,exp05_p04_m03_ro100_lh05,exact,phase,t04_join,acceptance,1,human,26.05000,30.25000,4.20000,26.05000,0.00000
EXP-05,exp05_p04_m03_ro100_lh05,exact,wait,t03,human_2,4,human_queue,29.15000,30.25000,1.10000,29.15000,1.10000
EXP-05,exp05_p04_m04_ro000_lh00,baseline,phase,t01,human_1,2,human,1.50,2.25,0.75,0,1.50
EXP-05,exp05_p04_m04_ro000_lh00,baseline,phase,t01,agent_1,2,agent,2.25,6.75,4.50,,0
EXP-05,exp05_p04_m04_ro000_lh00,baseline,phase,t01,human_2,2,human,6.75,7.50,0.75,6.75,0.00
EXP-05,exp05_p04_m04_ro000_lh00,baseline,phase,t02,human_1,1,human,0,1.50,1.50,0,0
EXP-05,exp05_p04_m04_ro000_lh00,baseline,phase,t02,agent_1,1,agent,1.50,10.50,9.00,,0
EXP-05,exp05_p04_m04_ro000_lh00,baseline,phase,t02,human_2,1,human,10.50,12.00,1.50,10.50,0.00
EXP-05,exp05_p04_m04_ro000_lh00,baseline,phase,t03,human_1,1,human,12.00,14.25,2.25,12.00,0.00
EXP-05,exp05_p04_m04_ro000_lh00,baseline,phase,t03,agent_1,1,agent,14.25,27.75,13.50,,0
EXP-05,exp05_p04_m04_ro000_lh00,baseline,phase,t03,human_2,1,human,27.75,30.00,2.25,27.75,0.00
EXP-05,exp05_p04_m04_ro000_lh00,baseline,phase,t04_part_01,specification,2,human,14.25,15.00,0.75,12.00,2.25
EXP-05,exp05_p04_m04_ro000_lh00,baseline,phase,t04_part_01,implementation,2,agent,15.00,19.50,4.50,,0
EXP-05,exp05_p04_m04_ro000_lh00,baseline,phase,t04_part_02,specification,3,human,15.00,15.75,0.75,12.00,3.00
EXP-05,exp05_p04_m04_ro000_lh00,baseline,phase,t04_part_02,implementation,3,agent,15.75,20.25,4.50,,0
EXP-05,exp05_p04_m04_ro000_lh00,baseline,phase,t04_part_03,specification,4,human,15.75,16.50,0.75,12.00,3.75
EXP-05,exp05_p04_m04_ro000_lh00,baseline,phase,t04_part_03,implementation,4,agent,16.50,21.00,4.50,,0
EXP-05,exp05_p04_m04_ro000_lh00,baseline,phase,t04_part_04,specification,2,human,19.50,20.25,0.75,19.50,0.00
EXP-05,exp05_p04_m04_ro000_lh00,baseline,phase,t04_part_04,implementation,2,agent,20.25,24.75,4.50,,0
EXP-05,exp05_p04_m04_ro000_lh00,baseline,phase,t04_join,acceptance,2,human,24.75,27.75,3.00,24.75,0.00
EXP-05,exp05_p04_m04_ro000_lh00,baseline,wait,t01,human_1,2,human_queue,0,1.50,1.50,0,1.50
EXP-05,exp05_p04_m04_ro000_lh00,baseline,wait,t04_part_01,specification,2,human_queue,12.00,14.25,2.25,12.00,2.25
EXP-05,exp05_p04_m04_ro000_lh00,baseline,wait,t04_part_02,specification,3,human_queue,12.00,15.00,3.00,12.00,3.00
EXP-05,exp05_p04_m04_ro000_lh00,baseline,wait,t04_part_03,specification,4,human_queue,12.00,15.75,3.75,12.00,3.75
EXP-05,exp05_p04_m04_ro000_lh00,exact,phase,t01,human_1,2,human,1.50000,2.25000,0.75000,1.50000,0.00000
EXP-05,exp05_p04_m04_ro000_lh00,exact,phase,t01,agent_1,2,agent,2.25000,6.75000,4.50000,,0
EXP-05,exp05_p04_m04_ro000_lh00,exact,phase,t01,human_2,2,human,6.75000,7.50000,0.75000,6.75000,0.00000
EXP-05,exp05_p04_m04_ro000_lh00,exact,phase,t02,human_1,1,human,0.00000,1.50000,1.50000,0.00000,0.00000
EXP-05,exp05_p04_m04_ro000_lh00,exact,phase,t02,agent_1,1,agent,1.50000,10.50000,9.00000,,0
EXP-05,exp05_p04_m04_ro000_lh00,exact,phase,t02,human_2,1,human,10.50000,12.00000,1.50000,10.50000,0.00000
EXP-05,exp05_p04_m04_ro000_lh00,exact,phase,t03,human_1,4,human,12.00000,14.25000,2.25000,12.00000,0.00000
EXP-05,exp05_p04_m04_ro000_lh00,exact,phase,t03,agent_1,4,agent,14.25000,27.75000,13.50000,,0
EXP-05,exp05_p04_m04_ro000_lh00,exact,phase,t03,human_2,4,human,27.75000,30.00000,2.25000,27.75000,0.00000
EXP-05,exp05_p04_m04_ro000_lh00,exact,phase,t04_part_01,specification,1,human,15.00000,15.75000,0.75000,15.00000,0.00000
EXP-05,exp05_p04_m04_ro000_lh00,exact,phase,t04_part_01,implementation,1,agent,15.75000,20.25000,4.50000,,0
EXP-05,exp05_p04_m04_ro000_lh00,exact,phase,t04_part_02,specification,3,human,15.75000,16.50000,0.75000,15.75000,0.00000
EXP-05,exp05_p04_m04_ro000_lh00,exact,phase,t04_part_02,implementation,3,agent,16.50000,21.00000,4.50000,,0
EXP-05,exp05_p04_m04_ro000_lh00,exact,phase,t04_part_03,specification,2,human,14.25000,15.00000,0.75000,14.25000,0.00000
EXP-05,exp05_p04_m04_ro000_lh00,exact,phase,t04_part_03,implementation,2,agent,15.00000,19.50000,4.50000,,0
EXP-05,exp05_p04_m04_ro000_lh00,exact,phase,t04_part_04,specification,2,human,19.50000,20.25000,0.75000,19.50000,0.00000
EXP-05,exp05_p04_m04_ro000_lh00,exact,phase,t04_part_04,implementation,2,agent,20.25000,24.75000,4.50000,,0
EXP-05,exp05_p04_m04_ro000_lh00,exact,phase,t04_join,acceptance,1,human,24.75000,27.75000,3.00000,24.75000,0.00000
EXP-05,exp05_p04_m04_ro050_lh00,baseline,phase,t01,human_1,2,human,1.50,2.25,0.75,0,1.50
EXP-05,exp05_p04_m04_ro050_lh00,baseline,phase,t01,agent_1,2,agent,2.25,6.75,4.50,,0
EXP-05,exp05_p04_m04_ro050_lh00,baseline,phase,t01,human_2,2,human,6.75,7.50,0.75,6.75,0.00
EXP-05,exp05_p04_m04_ro050_lh00,baseline,phase,t02,human_1,1,human,0,1.50,1.50,0,0
EXP-05,exp05_p04_m04_ro050_lh00,baseline,phase,t02,agent_1,1,agent,1.50,10.50,9.00,,0
EXP-05,exp05_p04_m04_ro050_lh00,baseline,phase,t02,human_2,1,human,10.50,12.00,1.50,10.50,0.00
EXP-05,exp05_p04_m04_ro050_lh00,baseline,phase,t03,human_1,1,human,12.00,14.25,2.25,12.00,0.00
EXP-05,exp05_p04_m04_ro050_lh00,baseline,phase,t03,agent_1,1,agent,14.25,27.75,13.50,,0
EXP-05,exp05_p04_m04_ro050_lh00,baseline,phase,t03,human_2,1,human,30.45,32.70,2.25,27.75,2.70
EXP-05,exp05_p04_m04_ro050_lh00,baseline,phase,t04_part_01,specification,2,human,14.25,15.00,0.75,12.00,2.25
EXP-05,exp05_p04_m04_ro050_lh00,baseline,phase,t04_part_01,implementation,2,agent,15.00,19.95,4.95,,0
EXP-05,exp05_p04_m04_ro050_lh00,baseline,phase,t04_part_02,specification,3,human,15.00,15.75,0.75,12.00,3.00
EXP-05,exp05_p04_m04_ro050_lh00,baseline,phase,t04_part_02,implementation,3,agent,15.75,20.70,4.95,,0
EXP-05,exp05_p04_m04_ro050_lh00,baseline,phase,t04_part_03,specification,4,human,15.75,16.50,0.75,12.00,3.75
EXP-05,exp05_p04_m04_ro050_lh00,baseline,phase,t04_part_03,implementation,4,agent,16.50,21.45,4.95,,0
EXP-05,exp05_p04_m04_ro050_lh00,baseline,phase,t04_part_04,specification,2,human,19.95,20.70,0.75,19.95,0.00
EXP-05,exp05_p04_m04_ro050_lh00,baseline,phase,t04_part_04,implementation,2,agent,20.70,25.65,4.95,,0
EXP-05,exp05_p04_m04_ro050_lh00,baseline,phase,t04_join,integration,2,agent,25.65,27.45,1.80,,0
EXP-05,exp05_p04_m04_ro050_lh00,baseline,phase,t04_join,acceptance,2,human,27.45,30.45,3.00,27.45,0.00
EXP-05,exp05_p04_m04_ro050_lh00,baseline,wait,t01,human_1,2,human_queue,0,1.50,1.50,0,1.50
EXP-05,exp05_p04_m04_ro050_lh00,baseline,wait,t03,human_2,1,human_queue,27.75,30.45,2.70,27.75,2.70
EXP-05,exp05_p04_m04_ro050_lh00,baseline,wait,t04_part_01,specification,2,human_queue,12.00,14.25,2.25,12.00,2.25
EXP-05,exp05_p04_m04_ro050_lh00,baseline,wait,t04_part_02,specification,3,human_queue,12.00,15.00,3.00,12.00,3.00
EXP-05,exp05_p04_m04_ro050_lh00,baseline,wait,t04_part_03,specification,4,human_queue,12.00,15.75,3.75,12.00,3.75
EXP-05,exp05_p04_m04_ro050_lh00,exact,phase,t01,human_1,2,human,1.50000,2.25000,0.75000,1.50000,0.00000
EXP-05,exp05_p04_m04_ro050_lh00,exact,phase,t01,agent_1,2,agent,2.25000,6.75000,4.50000,,0
EXP-05,exp05_p04_m04_ro050_lh00,exact,phase,t01,human_2,2,human,6.75000,7.50000,0.75000,6.75000,0.00000
EXP-05,exp05_p04_m04_ro050_lh00,exact,phase,t02,human_1,1,human,0.00000,1.50000,1.50000,0.00000,0.00000
EXP-05,exp05_p04_m04_ro050_lh00,exact,phase,t02,agent_1,1,agent,1.50000,10.50000,9.00000,,0
EXP-05,exp05_p04_m04_ro050_lh00,exact,phase,t02,human_2,1,human,10.50000,12.00000,1.50000,10.50000,0.00000
EXP-05,exp05_p04_m04_ro050_lh00,exact,phase,t03,human_1,4,human,12.75000,15.00000,2.25000,12.75000,0.00000
EXP-05,exp05_p04_m04_ro050_lh00,exact,phase,t03,agent_1,4,agent,15.00000,28.50000,13.50000,,0
EXP-05,exp05_p04_m04_ro050_lh00,exact,phase,t03,human_2,4,human,28.50000,30.75000,2.25000,28.50000,0.00000
EXP-05,exp05_p04_m04_ro050_lh00,exact,phase,t04_part_01,specification,3,human,15.75000,16.50000,0.75000,15.75000,0.00000
EXP-05,exp05_p04_m04_ro050_lh00,exact,phase,t04_part_01,implementation,3,agent,16.50000,21.45000,4.95000,,0
EXP-05,exp05_p04_m04_ro050_lh00,exact,phase,t04_part_02,specification,1,human,17.70000,18.45000,0.75000,17.70000,0.00000
EXP-05,exp05_p04_m04_ro050_lh00,exact,phase,t04_part_02,implementation,1,agent,18.45000,23.40000,4.95000,,0
EXP-05,exp05_p04_m04_ro050_lh00,exact,phase,t04_part_03,specification,2,human,15.00000,15.75000,0.75000,15.00000,0.00000
EXP-05,exp05_p04_m04_ro050_lh00,exact,phase,t04_part_03,implementation,2,agent,15.75000,20.70000,4.95000,,0
EXP-05,exp05_p04_m04_ro050_lh00,exact,phase,t04_part_04,specification,1,human,12.00000,12.75000,0.75000,12.00000,0.00000
EXP-05,exp05_p04_m04_ro050_lh00,exact,phase,t04_part_04,implementation,1,agent,12.75000,17.70000,4.95000,,0
EXP-05,exp05_p04_m04_ro050_lh00,exact,phase,t04_join,integration,1,agent,23.40000,25.20000,1.80000,,0
EXP-05,exp05_p04_m04_ro050_lh00,exact,phase,t04_join,acceptance,1,human,25.20000,28.20000,3.00000,25.20000,0.00000
EXP-05,exp05_p04_m04_ro050_lh05,baseline,phase,t01,human_1,2,human,1.50,2.25,0.75,0,1.50
EXP-05,exp05_p04_m04_ro050_lh05,baseline,phase,t01,agent_1,2,agent,2.25,6.75,4.50,,0
EXP-05,exp05_p04_m04_ro050_lh05,baseline,phase,t01,human_2,2,human,6.75,7.50,0.75,6.75,0.00
EXP-05,exp05_p04_m04_ro050_lh05,baseline,phase,t02,human_1,1,human,0,1.50,1.50,0,0
EXP-05,exp05_p04_m04_ro050_lh05,baseline,phase,t02,agent_1,1,agent,1.50,10.50,9.00,,0
EXP-05,exp05_p04_m04_ro050_lh05,baseline,phase,t02,human_2,1,human,10.50,12.00,1.50,10.50,0.00
EXP-05,exp05_p04_m04_ro050_lh05,baseline,phase,t03,human_1,1,human,12.00,14.25,2.25,12.00,0.00
EXP-05,exp05_p04_m04_ro050_lh05,baseline,phase,t03,agent_1,1,agent,14.25,27.75,13.50,,0
EXP-05,exp05_p04_m04_ro050_lh05,baseline,phase,t03,human_2,1,human,30.450,32.700,2.250,27.75,2.700
EXP-05,exp05_p04_m04_ro050_lh05,baseline,phase,t04_part_01,specification,2,human,14.25,15.225,0.975,12.00,2.25
EXP-05,exp05_p04_m04_ro050_lh05,baseline,phase,t04_part_01,implementation,2,agent,15.225,19.950,4.725,,0
EXP-05,exp05_p04_m04_ro050_lh05,baseline,phase,t04_part_02,specification,3,human,15.225,16.200,0.975,12.00,3.225
EXP-05,exp05_p04_m04_ro050_lh05,baseline,phase,t04_part_02,implementation,3,agent,16.200,20.925,4.725,,0
EXP-05,exp05_p04_m04_ro050_lh05,baseline,phase,t04_part_03,specification,4,human,16.200,17.175,0.975,12.00,4.200
EXP-05,exp05_p04_m04_ro050_lh05,baseline,phase,t04_part_03,implementation,4,agent,17.175,21.900,4.725,,0
EXP-05,exp05_p04_m04_ro050_lh05,baseline,phase,t04_part_04,specification,2,human,19.950,20.925,0.975,19.950,0.000
EXP-05,exp05_p04_m04_ro050_lh05,baseline,phase,t04_part_04,implementation,2,agent,20.925,25.650,4.725,,0
EXP-05,exp05_p04_m04_ro050_lh05,baseline,phase,t04_join,integration,2,agent,25.650,26.550,0.900,,0
EXP-05,exp05_p04_m04_ro050_lh05,baseline,phase,t04_join,acceptance,2,human,26.550,30.450,3.900,26.550,0.000
EXP-05,exp05_p04_m04_ro050_lh05,baseline,wait,t01,human_1,2,human_queue,0,1.50,1.50,0,1.50
EXP-05,exp05_p04_m04_ro050_lh05,baseline,wait,t03,human_2,1,human_queue,27.75,30.450,2.700,27.75,2.700
EXP-05,exp05_p04_m04_ro050_lh05,baseline,wait,t04_part_01,specification,2,human_queue,12.00,14.25,2.25,12.00,2.25
EXP-05,exp05_p04_m04_ro050_lh05,baseline,wait,t04_part_02,specification,3,human_queue,12.00,15.225,3.225,12.00,3.225
EXP-05,exp05_p04_m04_ro050_lh05,baseline,wait,t04_part_03,specification,4,human_queue,12.00,16.200,4.200,12.00,4.200
EXP-05,exp05_p04_m04_ro050_lh05,exact,phase,t01,human_1,2,human,1.50000,2.25000,0.75000,1.50000,0.00000
EXP-05,exp05_p04_m04_ro050_lh05,exact,phase,t01,agent_1,2,agent,2.25000,6.75000,4.50000,,0
EXP-05,exp05_p04_m04_ro050_lh05,exact,phase,t01,human_2,2,human,6.75000,7.50000,0.75000,6.75000,0.00000
EXP-05,exp05_p04_m04_ro050_lh05,exact,phase,t02,human_1,1,human,0.00000,1.50000,1.50000,0.00000,0.00000
EXP-05,exp05_p04_m04_ro050_lh05,exact,phase,t02,agent_1,1,agent,1.50000,10.50000,9.00000,,0
EXP-05,exp05_p04_m04_ro050_lh05,exact,phase,t02,human_2,1,human,10.50000,12.00000,1.50000,10.50000,0.00000
EXP-05,exp05_p04_m04_ro050_lh05,exact,phase,t03,human_1,4,human,12.97500,15.22500,2.25000,12.97500,0.00000
EXP-05,exp05_p04_m04_ro050_lh05,exact,phase,t03,agent_1,4,agent,15.22500,28.72500,13.50000,,0
EXP-05,exp05_p04_m04_ro050_lh05,exact,phase,t03,human_2,4,human,28.72500,30.97500,2.25000,28.72500,0.00000
EXP-05,exp05_p04_m04_ro050_lh05,exact,phase,t04_part_01,specification,3,human,16.20000,17.17500,0.97500,16.20000,0.00000
EXP-05,exp05_p04_m04_ro050_lh05,exact,phase,t04_part_01,implementation,3,agent,17.17500,21.90000,4.72500,,0
EXP-05,exp05_p04_m04_ro050_lh05,exact,phase,t04_part_02,specification,1,human,15.22500,16.20000,0.97500,15.22500,0.00000
EXP-05,exp05_p04_m04_ro050_lh05,exact,phase,t04_part_02,implementation,1,agent,16.20000,20.92500,4.72500,,0
EXP-05,exp05_p04_m04_ro050_lh05,exact,phase,t04_part_03,specification,2,human,12.00000,12.97500,0.97500,12.00000,0.00000
EXP-05,exp05_p04_m04_ro050_lh05,exact,phase,t04_part_03,implementation,2,agent,12.97500,17.70000,4.72500,,0
EXP-05,exp05_p04_m04_ro050_lh05,exact,phase,t04_part_04,specification,2,human,17.70000,18.67500,0.97500,17.70000,0.00000
EXP-05,exp05_p04_m04_ro050_lh05,exact,phase,t04_part_04,implementation,2,agent,18.67500,23.40000,4.72500,,0
EXP-05,exp05_p04_m04_ro050_lh05,exact,phase,t04_join,integration,1,agent,23.40000,24.30000,0.90000,,0
EXP-05,exp05_p04_m04_ro050_lh05,exact,phase,t04_join,acceptance,1,human,24.30000,28.20000,3.90000,24.30000,0.00000
EXP-05,exp05_p04_m04_ro100_lh00,baseline,phase,t01,human_1,2,human,1.50,2.25,0.75,0,1.50
EXP-05,exp05_p04_m04_ro100_lh00,baseline,phase,t01,agent_1,2,agent,2.25,6.75,4.50,,0
EXP-05,exp05_p04_m04_ro100_lh00,baseline,phase,t01,human_2,2,human,6.75,7.50,0.75,6.75,0.00
EXP-05,exp05_p04_m04_ro100_lh00,baseline,phase,t02,human_1,1,human,0,1.50,1.50,0,0
EXP-05,exp05_p04_m04_ro100_lh00,baseline,phase,t02,agent_1,1,agent,1.50,10.50,9.00,,0
EXP-05,exp05_p04_m04_ro100_lh00,baseline,phase,t02,human_2,1,human,10.50,12.00,1.50,10.50,0.00
EXP-05,exp05_p04_m04_ro100_lh00,baseline,phase,t03,human_1,1,human,12.00,14.25,2.25,12.00,0.00
EXP-05,exp05_p04_m04_ro100_lh00,baseline,phase,t03,agent_1,1,agent,14.25,27.75,13.50,,0
EXP-05,exp05_p04_m04_ro100_lh00,baseline,phase,t03,human_2,1,human,27.75,30.00,2.25,27.75,0.00
EXP-05,exp05_p04_m04_ro100_lh00,baseline,phase,t04_part_01,specification,2,human,14.25,15.00,0.75,12.00,2.25
EXP-05,exp05_p04_m04_ro100_lh00,baseline,phase,t04_part_01,implementation,2,agent,15.00,20.40,5.40,,0
EXP-05,exp05_p04_m04_ro100_lh00,baseline,phase,t04_part_02,specification,3,human,15.00,15.75,0.75,12.00,3.00
EXP-05,exp05_p04_m04_ro100_lh00,baseline,phase,t04_part_02,implementation,3,agent,15.75,21.15,5.40,,0
EXP-05,exp05_p04_m04_ro100_lh00,baseline,phase,t04_part_03,specification,4,human,15.75,16.50,0.75,12.00,3.75
EXP-05,exp05_p04_m04_ro100_lh00,baseline,phase,t04_part_03,implementation,4,agent,16.50,21.90,5.40,,0
EXP-05,exp05_p04_m04_ro100_lh00,baseline,phase,t04_part_04,specification,2,human,20.40,21.15,0.75,20.40,0.00
EXP-05,exp05_p04_m04_ro100_lh00,baseline,phase,t04_part_04,implementation,2,agent,21.15,26.55,5.40,,0
EXP-05,exp05_p04_m04_ro100_lh00,baseline,phase,t04_join,integration,2,agent,26.55,30.15,3.60,,0
EXP-05,exp05_p04_m04_ro100_lh00,baseline,phase,t04_join,acceptance,2,human,30.15,33.15,3.00,30.15,0.00
EXP-05,exp05_p04_m04_ro100_lh00,baseline,wait,t01,human_1,2,human_queue,0,1.50,1.50,0,1.50
EXP-05,exp05_p04_m04_ro100_lh00,baseline,wait,t04_part_01,specification,2,human_queue,12.00,14.25,2.25,12.00,2.25
EXP-05,exp05_p04_m04_ro100_lh00,baseline,wait,t04_part_02,specification,3,human_queue,12.00,15.00,3.00,12.00,3.00
EXP-05,exp05_p04_m04_ro100_lh00,baseline,wait,t04_part_03,specification,4,human_queue,12.00,15.75,3.75,12.00,3.75
EXP-05,exp05_p04_m04_ro100_lh00,exact,phase,t01,human_1,2,human,1.50000,2.25000,0.75000,1.50000,0.00000
EXP-05,exp05_p04_m04_ro100_lh00,exact,phase,t01,agent_1,2,agent,2.25000,6.75000,4.50000,,0
EXP-05,exp05_p04_m04_ro100_lh00,exact,phase,t01,human_2,2,human,6.75000,7.50000,0.75000,6.75000,0.00000
EXP-05,exp05_p04_m04_ro100_lh00,exact,phase,t02,human_1,1,human,0.00000,1.50000,1.50000,0.00000,0.00000
EXP-05,exp05_p04_m04_ro100_lh00,exact,phase,t02,agent_1,1,agent,1.50000,10.50000,9.00000,,0
EXP-05,exp05_p04_m04_ro100_lh00,exact,phase,t02,human_2,1,human,10.50000,12.00000,1.50000,10.50000,0.00000
EXP-05,exp05_p04_m04_ro100_lh00,exact,phase,t03,human_1,4,human,14.25000,16.50000,2.25000,14.25000,0.00000
EXP-05,exp05_p04_m04_ro100_lh00,exact,phase,t03,agent_1,4,agent,16.50000,30.00000,13.50000,,0
EXP-05,exp05_p04_m04_ro100_lh00,exact,phase,t03,human_2,4,human,30.90000,33.15000,2.25000,30.00000,0.90000
EXP-05,exp05_p04_m04_ro100_lh00,exact,phase,t04_part_01,specification,3,human,18.15000,18.90000,0.75000,18.15000,0.00000
EXP-05,exp05_p04_m04_ro100_lh00,exact,phase,t04_part_01,implementation,3,agent,18.90000,24.30000,5.40000,,0
EXP-05,exp05_p04_m04_ro100_lh00,exact,phase,t04_part_02,specification,3,human,12.00000,12.75000,0.75000,12.00000,0.00000
EXP-05,exp05_p04_m04_ro100_lh00,exact,phase,t04_part_02,implementation,3,agent,12.75000,18.15000,5.40000,,0
EXP-05,exp05_p04_m04_ro100_lh00,exact,phase,t04_part_03,specification,2,human,13.50000,14.25000,0.75000,13.50000,0.00000
EXP-05,exp05_p04_m04_ro100_lh00,exact,phase,t04_part_03,implementation,2,agent,14.25000,19.65000,5.40000,,0
EXP-05,exp05_p04_m04_ro100_lh00,exact,phase,t04_part_04,specification,1,human,12.75000,13.50000,0.75000,12.75000,0.00000
EXP-05,exp05_p04_m04_ro100_lh00,exact,phase,t04_part_04,implementation,1,agent,13.50000,18.90000,5.40000,,0
EXP-05,exp05_p04_m04_ro100_lh00,exact,phase,t04_join,integration,1,agent,24.30000,27.90000,3.60000,,0
EXP-05,exp05_p04_m04_ro100_lh00,exact,phase,t04_join,acceptance,1,human,27.90000,30.90000,3.00000,27.90000,0.00000
EXP-05,exp05_p04_m04_ro100_lh00,exact,wait,t03,human_2,4,human_queue,30.00000,30.90000,0.90000,30.00000,0.90000
EXP-05,exp05_p04_m04_ro100_lh05,baseline,phase,t01,human_1,2,human,1.50,2.25,0.75,0,1.50
EXP-05,exp05_p04_m04_ro100_lh05,baseline,phase,t01,agent_1,2,agent,2.25,6.75,4.50,,0
EXP-05,exp05_p04_m04_ro100_lh05,baseline,phase,t01,human_2,2,human,6.75,7.50,0.75,6.75,0.00
EXP-05,exp05_p04_m04_ro100_lh05,baseline,phase,t02,human_1,1,human,0,1.50,1.50,0,0
EXP-05,exp05_p04_m04_ro100_lh05,baseline,phase,t02,agent_1,1,agent,1.50,10.50,9.00,,0
EXP-05,exp05_p04_m04_ro100_lh05,baseline,phase,t02,human_2,1,human,10.50,12.00,1.50,10.50,0.00
EXP-05,exp05_p04_m04_ro100_lh05,baseline,phase,t03,human_1,1,human,12.00,14.25,2.25,12.00,0.00
EXP-05,exp05_p04_m04_ro100_lh05,baseline,phase,t03,agent_1,1,agent,14.25,27.75,13.50,,0
EXP-05,exp05_p04_m04_ro100_lh05,baseline,phase,t03,human_2,1,human,27.75,30.00,2.25,27.75,0.00
EXP-05,exp05_p04_m04_ro100_lh05,baseline,phase,t04_part_01,specification,2,human,14.25,15.450,1.200,12.00,2.25
EXP-05,exp05_p04_m04_ro100_lh05,baseline,phase,t04_part_01,implementation,2,agent,15.450,20.400,4.950,,0
EXP-05,exp05_p04_m04_ro100_lh05,baseline,phase,t04_part_02,specification,3,human,15.450,16.650,1.200,12.00,3.450
EXP-05,exp05_p04_m04_ro100_lh05,baseline,phase,t04_part_02,implementation,3,agent,16.650,21.600,4.950,,0
EXP-05,exp05_p04_m04_ro100_lh05,baseline,phase,t04_part_03,specification,4,human,16.650,17.850,1.200,12.00,4.650
EXP-05,exp05_p04_m04_ro100_lh05,baseline,phase,t04_part_03,implementation,4,agent,17.850,22.800,4.950,,0
EXP-05,exp05_p04_m04_ro100_lh05,baseline,phase,t04_part_04,specification,2,human,20.400,21.600,1.200,20.400,0.000
EXP-05,exp05_p04_m04_ro100_lh05,baseline,phase,t04_part_04,implementation,2,agent,21.600,26.550,4.950,,0
EXP-05,exp05_p04_m04_ro100_lh05,baseline,phase,t04_join,integration,2,agent,26.550,28.350,1.800,,0
EXP-05,exp05_p04_m04_ro100_lh05,baseline,phase,t04_join,acceptance,2,human,30.00,34.800,4.800,28.350,1.650
EXP-05,exp05_p04_m04_ro100_lh05,baseline,wait,t01,human_1,2,human_queue,0,1.50,1.50,0,1.50
EXP-05,exp05_p04_m04_ro100_lh05,baseline,wait,t04_part_01,specification,2,human_queue,12.00,14.25,2.25,12.00,2.25
EXP-05,exp05_p04_m04_ro100_lh05,baseline,wait,t04_part_02,specification,3,human_queue,12.00,15.450,3.450,12.00,3.450
EXP-05,exp05_p04_m04_ro100_lh05,baseline,wait,t04_part_03,specification,4,human_queue,12.00,16.650,4.650,12.00,4.650
EXP-05,exp05_p04_m04_ro100_lh05,baseline,wait,t04_join,acceptance,2,human_queue,28.350,30.00,1.650,28.350,1.650
EXP-05,exp05_p04_m04_ro100_lh05,exact,phase,t01,human_1,2,human,1.50000,2.25000,0.75000,1.50000,0.00000
EXP-05,exp05_p04_m04_ro100_lh05,exact,phase,t01,agent_1,2,agent,2.25000,6.75000,4.50000,,0
EXP-05,exp05_p04_m04_ro100_lh05,exact,phase,t01,human_2,2,human,6.75000,7.50000,0.75000,6.75000,0.00000
EXP-05,exp05_p04_m04_ro100_lh05,exact,phase,t02,human_1,1,human,0.00000,1.50000,1.50000,0.00000,0.00000
EXP-05,exp05_p04_m04_ro100_lh05,exact,phase,t02,agent_1,1,agent,1.50000,10.50000,9.00000,,0
EXP-05,exp05_p04_m04_ro100_lh05,exact,phase,t02,human_2,1,human,10.50000,12.00000,1.50000,10.50000,0.00000
EXP-05,exp05_p04_m04_ro100_lh05,exact,phase,t03,human_1,1,human,13.20000,15.45000,2.25000,13.20000,0.00000
EXP-05,exp05_p04_m04_ro100_lh05,exact,phase,t03,agent_1,1,agent,15.45000,28.95000,13.50000,,0
EXP-05,exp05_p04_m04_ro100_lh05,exact,phase,t03,human_2,1,human,30.90000,33.15000,2.25000,28.95000,1.95000
EXP-05,exp05_p04_m04_ro100_lh05,exact,phase,t04_part_01,specification,3,human,12.00000,13.20000,1.20000,12.00000,0.00000
EXP-05,exp05_p04_m04_ro100_lh05,exact,phase,t04_part_01,implementation,3,agent,13.20000,18.15000,4.95000,,0
EXP-05,exp05_p04_m04_ro100_lh05,exact,phase,t04_part_02,specification,3,human,18.15000,19.35000,1.20000,18.15000,0.00000
EXP-05,exp05_p04_m04_ro100_lh05,exact,phase,t04_part_02,implementation,3,agent,19.35000,24.30000,4.95000,,0
EXP-05,exp05_p04_m04_ro100_lh05,exact,phase,t04_part_03,specification,2,human,15.45000,16.65000,1.20000,15.45000,0.00000
EXP-05,exp05_p04_m04_ro100_lh05,exact,phase,t04_part_03,implementation,2,agent,16.65000,21.60000,4.95000,,0
EXP-05,exp05_p04_m04_ro100_lh05,exact,phase,t04_part_04,specification,4,human,16.65000,17.85000,1.20000,16.65000,0.00000
EXP-05,exp05_p04_m04_ro100_lh05,exact,phase,t04_part_04,implementation,4,agent,17.85000,22.80000,4.95000,,0
EXP-05,exp05_p04_m04_ro100_lh05,exact,phase,t04_join,integration,3,agent,24.30000,26.10000,1.80000,,0
EXP-05,exp05_p04_m04_ro100_lh05,exact,phase,t04_join,acceptance,3,human,26.10000,30.90000,4.80000,26.10000,0.00000
EXP-05,exp05_p04_m04_ro100_lh05,exact,wait,t03,human_2,1,human_queue,28.95000,30.90000,1.95000,28.95000,1.95000
EXP-05,exp05_p04_m06_ro000_lh00,baseline,phase,t01,human_1,2,human,1.50,2.25,0.75,0,1.50
EXP-05,exp05_p04_m06_ro000_lh00,baseline,phase,t01,agent_1,2,agent,2.25,6.75,4.50,,0
EXP-05,exp05_p04_m06_ro000_lh00,baseline,phase,t01,human_2,2,human,6.75,7.50,0.75,6.75,0.00
EXP-05,exp05_p04_m06_ro000_lh00,baseline,phase,t02,human_1,1,human,0,1.50,1.50,0,0
EXP-05,exp05_p04_m06_ro000_lh00,baseline,phase,t02,agent_1,1,agent,1.50,10.50,9.00,,0
EXP-05,exp05_p04_m06_ro000_lh00,baseline,phase,t02,human_2,1,human,10.50,12.00,1.50,10.50,0.00
EXP-05,exp05_p04_m06_ro000_lh00,baseline,phase,t03,human_1,1,human,12.00,14.25,2.25,12.00,0.00
EXP-05,exp05_p04_m06_ro000_lh00,baseline,phase,t03,agent_1,1,agent,14.25,27.75,13.50,,0
EXP-05,exp05_p04_m06_ro000_lh00,baseline,phase,t03,human_2,1,human,27.75,30.00,2.25,27.75,0.00
EXP-05,exp05_p04_m06_ro000_lh00,baseline,phase,t04_part_01,specification,2,human,14.25,14.75,0.50,12.00,2.25
EXP-05,exp05_p04_m06_ro000_lh00,baseline,phase,t04_part_01,implementation,2,agent,14.75,17.75,3.00,,0
EXP-05,exp05_p04_m06_ro000_lh00,baseline,phase,t04_part_02,specification,3,human,14.75,15.25,0.50,12.00,2.75
EXP-05,exp05_p04_m06_ro000_lh00,baseline,phase,t04_part_02,implementation,3,agent,15.25,18.25,3.00,,0
EXP-05,exp05_p04_m06_ro000_lh00,baseline,phase,t04_part_03,specification,4,human,15.25,15.75,0.50,12.00,3.25
EXP-05,exp05_p04_m06_ro000_lh00,baseline,phase,t04_part_03,implementation,4,agent,15.75,18.75,3.00,,0
EXP-05,exp05_p04_m06_ro000_lh00,baseline,phase,t04_part_04,specification,2,human,17.75,18.25,0.50,17.75,0.00
EXP-05,exp05_p04_m06_ro000_lh00,baseline,phase,t04_part_04,implementation,2,agent,18.25,21.25,3.00,,0
EXP-05,exp05_p04_m06_ro000_lh00,baseline,phase,t04_part_05,specification,3,human,18.25,18.75,0.50,18.25,0.00
EXP-05,exp05_p04_m06_ro000_lh00,baseline,phase,t04_part_05,implementation,3,agent,18.75,21.75,3.00,,0
EXP-05,exp05_p04_m06_ro000_lh00,baseline,phase,t04_part_06,specification,4,human,18.75,19.25,0.50,18.75,0.00
EXP-05,exp05_p04_m06_ro000_lh00,baseline,phase,t04_part_06,implementation,4,agent,19.25,22.25,3.00,,0
EXP-05,exp05_p04_m06_ro000_lh00,baseline,phase,t04_join,acceptance,2,human,22.25,25.25,3.00,22.25,0.00
EXP-05,exp05_p04_m06_ro000_lh00,baseline,wait,t01,human_1,2,human_queue,0,1.50,1.50,0,1.50
EXP-05,exp05_p04_m06_ro000_lh00,baseline,wait,t04_part_01,specification,2,human_queue,12.00,14.25,2.25,12.00,2.25
EXP-05,exp05_p04_m06_ro000_lh00,baseline,wait,t04_part_02,specification,3,human_queue,12.00,14.75,2.75,12.00,2.75
EXP-05,exp05_p04_m06_ro000_lh00,baseline,wait,t04_part_03,specification,4,human_queue,12.00,15.25,3.25,12.00,3.25
EXP-05,exp05_p04_m06_ro000_lh00,exact,phase,t01,human_1,2,human,1.50000,2.25000,0.75000,1.50000,0.00000
EXP-05,exp05_p04_m06_ro000_lh00,exact,phase,t01,agent_1,2,agent,2.25000,6.75000,4.50000,,0
EXP-05,exp05_p04_m06_ro000_lh00,exact,phase,t01,human_2,2,human,6.75000,7.50000,0.75000,6.75000,0.00000
EXP-05,exp05_p04_m06_ro000_lh00,exact,phase,t02,human_1,1,human,0.00000,1.50000,1.50000,0.00000,0.00000
EXP-05,exp05_p04_m06_ro000_lh00,exact,phase,t02,agent_1,1,agent,1.50000,10.50000,9.00000,,0
EXP-05,exp05_p04_m06_ro000_lh00,exact,phase,t02,human_2,1,human,10.50000,12.00000,1.50000,10.50000,0.00000
EXP-05,exp05_p04_m06_ro000_lh00,exact,phase,t03,human_1,2,human,12.00000,14.25000,2.25000,12.00000,0.00000
EXP-05,exp05_p04_m06_ro000_lh00,exact,phase,t03,agent_1,2,agent,14.25000,27.75000,13.50000,,0
EXP-05,exp05_p04_m06_ro000_lh00,exact,phase,t03,human_2,2,human,27.75000,30.00000,2.25000,27.75000,0.00000
EXP-05,exp05_p04_m06_ro000_lh00,exact,phase,t04_part_01,specification,1,human,15.25000,15.75000,0.50000,15.25000,0.00000
EXP-05,exp05_p04_m06_ro000_lh00,exact,phase,t04_part_01,implementation,1,agent,15.75000,18.75000,3.00000,,0
EXP-05,exp05_p04_m06_ro000_lh00,exact,phase,t04_part_02,specification,3,human,21.25000,21.75000,0.50000,21.25000,0.00000
EXP-05,exp05_p04_m06_ro000_lh00,exact,phase,t04_part_02,implementation,3,agent,21.75000,24.75000,3.00000,,0
EXP-05,exp05_p04_m06_ro000_lh00,exact,phase,t04_part_03,specification,3,human,17.75000,18.25000,0.50000,17.75000,0.00000
EXP-05,exp05_p04_m06_ro000_lh00,exact,phase,t04_part_03,implementation,3,agent,18.25000,21.25000,3.00000,,0
EXP-05,exp05_p04_m06_ro000_lh00,exact,phase,t04_part_04,specification,3,human,14.25000,14.75000,0.50000,14.25000,0.00000
EXP-05,exp05_p04_m06_ro000_lh00,exact,phase,t04_part_04,implementation,3,agent,14.75000,17.75000,3.00000,,0
EXP-05,exp05_p04_m06_ro000_lh00,exact,phase,t04_part_05,specification,4,human,18.25000,18.75000,0.50000,18.25000,0.00000
EXP-05,exp05_p04_m06_ro000_lh00,exact,phase,t04_part_05,implementation,4,agent,18.75000,21.75000,3.00000,,0
EXP-05,exp05_p04_m06_ro000_lh00,exact,phase,t04_part_06,specification,4,human,14.75000,15.25000,0.50000,14.75000,0.00000
EXP-05,exp05_p04_m06_ro000_lh00,exact,phase,t04_part_06,implementation,4,agent,15.25000,18.25000,3.00000,,0
EXP-05,exp05_p04_m06_ro000_lh00,exact,phase,t04_join,acceptance,4,human,24.75000,27.75000,3.00000,24.75000,0.00000
EXP-05,exp05_p04_m06_ro050_lh00,baseline,phase,t01,human_1,2,human,1.50,2.25,0.75,0,1.50
EXP-05,exp05_p04_m06_ro050_lh00,baseline,phase,t01,agent_1,2,agent,2.25,6.75,4.50,,0
EXP-05,exp05_p04_m06_ro050_lh00,baseline,phase,t01,human_2,2,human,6.75,7.50,0.75,6.75,0.00
EXP-05,exp05_p04_m06_ro050_lh00,baseline,phase,t02,human_1,1,human,0,1.50,1.50,0,0
EXP-05,exp05_p04_m06_ro050_lh00,baseline,phase,t02,agent_1,1,agent,1.50,10.50,9.00,,0
EXP-05,exp05_p04_m06_ro050_lh00,baseline,phase,t02,human_2,1,human,10.50,12.00,1.50,10.50,0.00
EXP-05,exp05_p04_m06_ro050_lh00,baseline,phase,t03,human_1,1,human,12.00,14.25,2.25,12.00,0.00
EXP-05,exp05_p04_m06_ro050_lh00,baseline,phase,t03,agent_1,1,agent,14.25,27.75,13.50,,0
EXP-05,exp05_p04_m06_ro050_lh00,baseline,phase,t03,human_2,1,human,29.25,31.50,2.25,27.75,1.50
EXP-05,exp05_p04_m06_ro050_lh00,baseline,phase,t04_part_01,specification,2,human,14.25,14.75,0.50,12.00,2.25
EXP-05,exp05_p04_m06_ro050_lh00,baseline,phase,t04_part_01,implementation,2,agent,14.75,18.25,3.50,,0
EXP-05,exp05_p04_m06_ro050_lh00,baseline,phase,t04_part_02,specification,3,human,14.75,15.25,0.50,12.00,2.75
EXP-05,exp05_p04_m06_ro050_lh00,baseline,phase,t04_part_02,implementation,3,agent,15.25,18.75,3.50,,0
EXP-05,exp05_p04_m06_ro050_lh00,baseline,phase,t04_part_03,specification,4,human,15.25,15.75,0.50,12.00,3.25
EXP-05,exp05_p04_m06_ro050_lh00,baseline,phase,t04_part_03,implementation,4,agent,15.75,19.25,3.50,,0
EXP-05,exp05_p04_m06_ro050_lh00,baseline,phase,t04_part_04,specification,2,human,18.25,18.75,0.50,18.25,0.00
EXP-05,exp05_p04_m06_ro050_lh00,baseline,phase,t04_part_04,implementation,2,agent,18.75,22.25,3.50,,0
EXP-05,exp05_p04_m06_ro050_lh00,baseline,phase,t04_part_05,specification,3,human,18.75,19.25,0.50,18.75,0.00
EXP-05,exp05_p04_m06_ro050_lh00,baseline,phase,t04_part_05,implementation,3,agent,19.25,22.75,3.50,,0
EXP-05,exp05_p04_m06_ro050_lh00,baseline,phase,t04_part_06,specification,4,human,19.25,19.75,0.50,19.25,0.00
EXP-05,exp05_p04_m06_ro050_lh00,baseline,phase,t04_part_06,implementation,4,agent,19.75,23.25,3.50,,0
EXP-05,exp05_p04_m06_ro050_lh00,baseline,phase,t04_join,integration,2,agent,23.25,26.25,3.00,,0
EXP-05,exp05_p04_m06_ro050_lh00,baseline,phase,t04_join,acceptance,2,human,26.25,29.25,3.00,26.25,0.00
EXP-05,exp05_p04_m06_ro050_lh00,baseline,wait,t01,human_1,2,human_queue,0,1.50,1.50,0,1.50
EXP-05,exp05_p04_m06_ro050_lh00,baseline,wait,t03,human_2,1,human_queue,27.75,29.25,1.50,27.75,1.50
EXP-05,exp05_p04_m06_ro050_lh00,baseline,wait,t04_part_01,specification,2,human_queue,12.00,14.25,2.25,12.00,2.25
EXP-05,exp05_p04_m06_ro050_lh00,baseline,wait,t04_part_02,specification,3,human_queue,12.00,14.75,2.75,12.00,2.75
EXP-05,exp05_p04_m06_ro050_lh00,baseline,wait,t04_part_03,specification,4,human_queue,12.00,15.25,3.25,12.00,3.25
EXP-05,exp05_p04_m06_ro050_lh00,exact,phase,t01,human_1,2,human,1.50000,2.25000,0.75000,1.50000,0.00000
EXP-05,exp05_p04_m06_ro050_lh00,exact,phase,t01,agent_1,2,agent,2.25000,6.75000,4.50000,,0
EXP-05,exp05_p04_m06_ro050_lh00,exact,phase,t01,human_2,2,human,6.75000,7.50000,0.75000,6.75000,0.00000
EXP-05,exp05_p04_m06_ro050_lh00,exact,phase,t02,human_1,1,human,0.00000,1.50000,1.50000,0.00000,0.00000
EXP-05,exp05_p04_m06_ro050_lh00,exact,phase,t02,agent_1,1,agent,1.50000,10.50000,9.00000,,0
EXP-05,exp05_p04_m06_ro050_lh00,exact,phase,t02,human_2,1,human,10.50000,12.00000,1.50000,10.50000,0.00000
EXP-05,exp05_p04_m06_ro050_lh00,exact,phase,t03,human_1,3,human,13.50000,15.75000,2.25000,13.50000,0.00000
EXP-05,exp05_p04_m06_ro050_lh00,exact,phase,t03,agent_1,3,agent,15.75000,29.25000,13.50000,,0
EXP-05,exp05_p04_m06_ro050_lh00,exact,phase,t03,human_2,3,human,29.25000,31.50000,2.25000,29.25000,0.00000
EXP-05,exp05_p04_m06_ro050_lh00,exact,phase,t04_part_01,specification,1,human,12.00000,12.50000,0.50000,12.00000,0.00000
EXP-05,exp05_p04_m06_ro050_lh00,exact,phase,t04_part_01,implementation,1,agent,12.50000,16.00000,3.50000,,0
EXP-05,exp05_p04_m06_ro050_lh00,exact,phase,t04_part_02,specification,4,human,13.00000,13.50000,0.50000,13.00000,0.00000
EXP-05,exp05_p04_m06_ro050_lh00,exact,phase,t04_part_02,implementation,4,agent,13.50000,17.00000,3.50000,,0
EXP-05,exp05_p04_m06_ro050_lh00,exact,phase,t04_part_03,specification,1,human,16.00000,16.50000,0.50000,16.00000,0.00000
EXP-05,exp05_p04_m06_ro050_lh00,exact,phase,t04_part_03,implementation,1,agent,16.50000,20.00000,3.50000,,0
EXP-05,exp05_p04_m06_ro050_lh00,exact,phase,t04_part_04,specification,2,human,12.50000,13.00000,0.50000,12.50000,0.00000
EXP-05,exp05_p04_m06_ro050_lh00,exact,phase,t04_part_04,implementation,2,agent,13.00000,16.50000,3.50000,,0
EXP-05,exp05_p04_m06_ro050_lh00,exact,phase,t04_part_05,specification,4,human,17.00000,17.50000,0.50000,17.00000,0.00000
EXP-05,exp05_p04_m06_ro050_lh00,exact,phase,t04_part_05,implementation,4,agent,17.50000,21.00000,3.50000,,0
EXP-05,exp05_p04_m06_ro050_lh00,exact,phase,t04_part_06,specification,2,human,16.50000,17.00000,0.50000,16.50000,0.00000
EXP-05,exp05_p04_m06_ro050_lh00,exact,phase,t04_part_06,implementation,2,agent,17.00000,20.50000,3.50000,,0
EXP-05,exp05_p04_m06_ro050_lh00,exact,phase,t04_join,integration,2,agent,21.00000,24.00000,3.00000,,0
EXP-05,exp05_p04_m06_ro050_lh00,exact,phase,t04_join,acceptance,2,human,24.00000,27.00000,3.00000,24.00000,0.00000
EXP-05,exp05_p04_m06_ro050_lh05,baseline,phase,t01,human_1,2,human,1.50,2.25,0.75,0,1.50
EXP-05,exp05_p04_m06_ro050_lh05,baseline,phase,t01,agent_1,2,agent,2.25,6.75,4.50,,0
EXP-05,exp05_p04_m06_ro050_lh05,baseline,phase,t01,human_2,2,human,6.75,7.50,0.75,6.75,0.00
EXP-05,exp05_p04_m06_ro050_lh05,baseline,phase,t02,human_1,1,human,0,1.50,1.50,0,0
EXP-05,exp05_p04_m06_ro050_lh05,baseline,phase,t02,agent_1,1,agent,1.50,10.50,9.00,,0
EXP-05,exp05_p04_m06_ro050_lh05,baseline,phase,t02,human_2,1,human,10.50,12.00,1.50,10.50,0.00
EXP-05,exp05_p04_m06_ro050_lh05,baseline,phase,t03,human_1,1,human,12.00,14.25,2.25,12.00,0.00
EXP-05,exp05_p04_m06_ro050_lh05,baseline,phase,t03,agent_1,1,agent,14.25,27.75,13.50,,0
EXP-05,exp05_p04_m06_ro050_lh05,baseline,phase,t03,human_2,1,human,29.750,32.000,2.250,27.75,2.000
EXP-05,exp05_p04_m06_ro050_lh05,baseline,phase,t04_part_01,specification,2,human,14.25,15.000,0.750,12.00,2.25
EXP-05,exp05_p04_m06_ro050_lh05,baseline,phase,t04_part_01,implementation,2,agent,15.000,18.250,3.250,,0
EXP-05,exp05_p04_m06_ro050_lh05,baseline,phase,t04_part_02,specification,3,human,15.000,15.750,0.750,12.00,3.000
EXP-05,exp05_p04_m06_ro050_lh05,baseline,phase,t04_part_02,implementation,3,agent,15.750,19.000,3.250,,0
EXP-05,exp05_p04_m06_ro050_lh05,baseline,phase,t04_part_03,specification,4,human,15.750,16.500,0.750,12.00,3.750
EXP-05,exp05_p04_m06_ro050_lh05,baseline,phase,t04_part_03,implementation,4,agent,16.500,19.750,3.250,,0
EXP-05,exp05_p04_m06_ro050_lh05,baseline,phase,t04_part_04,specification,2,human,18.250,19.000,0.750,18.250,0.000
EXP-05,exp05_p04_m06_ro050_lh05,baseline,phase,t04_part_04,implementation,2,agent,19.000,22.250,3.250,,0
EXP-05,exp05_p04_m06_ro050_lh05,baseline,phase,t04_part_05,specification,3,human,19.000,19.750,0.750,19.000,0.000
EXP-05,exp05_p04_m06_ro050_lh05,baseline,phase,t04_part_05,implementation,3,agent,19.750,23.000,3.250,,0
EXP-05,exp05_p04_m06_ro050_lh05,baseline,phase,t04_part_06,specification,4,human,19.750,20.500,0.750,19.750,0.000
EXP-05,exp05_p04_m06_ro050_lh05,baseline,phase,t04_part_06,implementation,4,agent,20.500,23.750,3.250,,0
EXP-05,exp05_p04_m06_ro050_lh05,baseline,phase,t04_join,integration,2,agent,23.750,25.250,1.500,,0
EXP-05,exp05_p04_m06_ro050_lh05,baseline,phase,t04_join,acceptance,2,human,25.250,29.750,4.500,25.250,0.000
EXP-05,exp05_p04_m06_ro050_lh05,baseline,wait,t01,human_1,2,human_queue,0,1.50,1.50,0,1.50
EXP-05,exp05_p04_m06_ro050_lh05,baseline,wait,t03,human_2,1,human_queue,27.75,29.750,2.000,27.75,2.000
EXP-05,exp05_p04_m06_ro050_lh05,baseline,wait,t04_part_01,specification,2,human_queue,12.00,14.25,2.25,12.00,2.25
EXP-05,exp05_p04_m06_ro050_lh05,baseline,wait,t04_part_02,specification,3,human_queue,12.00,15.000,3.000,12.00,3.000
EXP-05,exp05_p04_m06_ro050_lh05,baseline,wait,t04_part_03,specification,4,human_queue,12.00,15.750,3.750,12.00,3.750
EXP-05,exp05_p04_m06_ro050_lh05,exact,phase,t01,human_1,2,human,1.50000,2.25000,0.75000,1.50000,0.00000
EXP-05,exp05_p04_m06_ro050_lh05,exact,phase,t01,agent_1,2,agent,2.25000,6.75000,4.50000,,0
EXP-05,exp05_p04_m06_ro050_lh05,exact,phase,t01,human_2,2,human,6.75000,7.50000,0.75000,6.75000,0.00000
EXP-05,exp05_p04_m06_ro050_lh05,exact,phase,t02,human_1,1,human,0.00000,1.50000,1.50000,0.00000,0.00000
EXP-05,exp05_p04_m06_ro050_lh05,exact,phase,t02,agent_1,1,agent,1.50000,10.50000,9.00000,,0
EXP-05,exp05_p04_m06_ro050_lh05,exact,phase,t02,human_2,1,human,10.50000,12.00000,1.50000,10.50000,0.00000
EXP-05,exp05_p04_m06_ro050_lh05,exact,phase,t03,human_1,3,human,13.50000,15.75000,2.25000,13.50000,0.00000
EXP-05,exp05_p04_m06_ro050_lh05,exact,phase,t03,agent_1,3,agent,15.75000,29.25000,13.50000,,0
EXP-05,exp05_p04_m06_ro050_lh05,exact,phase,t03,human_2,3,human,29.75000,32.00000,2.25000,29.25000,0.50000
EXP-05,exp05_p04_m06_ro050_lh05,exact,phase,t04_part_01,specification,1,human,12.00000,12.75000,0.75000,12.00000,0.00000
EXP-05,exp05_p04_m06_ro050_lh05,exact,phase,t04_part_01,implementation,1,agent,12.75000,16.00000,3.25000,,0
EXP-05,exp05_p04_m06_ro050_lh05,exact,phase,t04_part_02,specification,2,human,19.75000,20.50000,0.75000,19.75000,0.00000
EXP-05,exp05_p04_m06_ro050_lh05,exact,phase,t04_part_02,implementation,2,agent,20.50000,23.75000,3.25000,,0
EXP-05,exp05_p04_m06_ro050_lh05,exact,phase,t04_part_03,specification,4,human,17.25000,18.00000,0.75000,17.25000,0.00000
EXP-05,exp05_p04_m06_ro050_lh05,exact,phase,t04_part_03,implementation,4,agent,18.00000,21.25000,3.25000,,0
EXP-05,exp05_p04_m06_ro050_lh05,exact,phase,t04_part_04,specification,1,human,16.50000,17.25000,0.75000,16.50000,0.00000
EXP-05,exp05_p04_m06_ro050_lh05,exact,phase,t04_part_04,implementation,1,agent,17.25000,20.50000,3.25000,,0
EXP-05,exp05_p04_m06_ro050_lh05,exact,phase,t04_part_05,specification,4,human,12.75000,13.50000,0.75000,12.75000,0.00000
EXP-05,exp05_p04_m06_ro050_lh05,exact,phase,t04_part_05,implementation,4,agent,13.50000,16.75000,3.25000,,0
EXP-05,exp05_p04_m06_ro050_lh05,exact,phase,t04_part_06,specification,2,human,15.75000,16.50000,0.75000,15.75000,0.00000
EXP-05,exp05_p04_m06_ro050_lh05,exact,phase,t04_part_06,implementation,2,agent,16.50000,19.75000,3.25000,,0
EXP-05,exp05_p04_m06_ro050_lh05,exact,phase,t04_join,integration,2,agent,23.75000,25.25000,1.50000,,0
EXP-05,exp05_p04_m06_ro050_lh05,exact,phase,t04_join,acceptance,2,human,25.25000,29.75000,4.50000,25.25000,0.00000
EXP-05,exp05_p04_m06_ro050_lh05,exact,wait,t03,human_2,3,human_queue,29.25000,29.75000,0.50000,29.25000,0.50000
EXP-05,exp05_p04_m06_ro100_lh00,baseline,phase,t01,human_1,2,human,1.50,2.25,0.75,0,1.50
EXP-05,exp05_p04_m06_ro100_lh00,baseline,phase,t01,agent_1,2,agent,2.25,6.75,4.50,,0
EXP-05,exp05_p04_m06_ro100_lh00,baseline,phase,t01,human_2,2,human,6.75,7.50,0.75,6.75,0.00
EXP-05,exp05_p04_m06_ro100_lh00,baseline,phase,t02,human_1,1,human,0,1.50,1.50,0,0
EXP-05,exp05_p04_m06_ro100_lh00,baseline,phase,t02,agent_1,1,agent,1.50,10.50,9.00,,0
EXP-05,exp05_p04_m06_ro100_lh00,baseline,phase,t02,human_2,1,human,10.50,12.00,1.50,10.50,0.00
EXP-05,exp05_p04_m06_ro100_lh00,baseline,phase,t03,human_1,1,human,12.00,14.25,2.25,12.00,0.00
EXP-05,exp05_p04_m06_ro100_lh00,baseline,phase,t03,agent_1,1,agent,14.25,27.75,13.50,,0
EXP-05,exp05_p04_m06_ro100_lh00,baseline,phase,t03,human_2,1,human,27.75,30.00,2.25,27.75,0.00
EXP-05,exp05_p04_m06_ro100_lh00,baseline,phase,t04_part_01,specification,2,human,14.25,14.75,0.50,12.00,2.25
EXP-05,exp05_p04_m06_ro100_lh00,baseline,phase,t04_part_01,implementation,2,agent,14.75,18.75,4.00,,0
EXP-05,exp05_p04_m06_ro100_lh00,baseline,phase,t04_part_02,specification,3,human,14.75,15.25,0.50,12.00,2.75
EXP-05,exp05_p04_m06_ro100_lh00,baseline,phase,t04_part_02,implementation,3,agent,15.25,19.25,4.00,,0
EXP-05,exp05_p04_m06_ro100_lh00,baseline,phase,t04_part_03,specification,4,human,15.25,15.75,0.50,12.00,3.25
EXP-05,exp05_p04_m06_ro100_lh00,baseline,phase,t04_part_03,implementation,4,agent,15.75,19.75,4.00,,0
EXP-05,exp05_p04_m06_ro100_lh00,baseline,phase,t04_part_04,specification,2,human,18.75,19.25,0.50,18.75,0.00
EXP-05,exp05_p04_m06_ro100_lh00,baseline,phase,t04_part_04,implementation,2,agent,19.25,23.25,4.00,,0
EXP-05,exp05_p04_m06_ro100_lh00,baseline,phase,t04_part_05,specification,3,human,19.25,19.75,0.50,19.25,0.00
EXP-05,exp05_p04_m06_ro100_lh00,baseline,phase,t04_part_05,implementation,3,agent,19.75,23.75,4.00,,0
EXP-05,exp05_p04_m06_ro100_lh00,baseline,phase,t04_part_06,specification,4,human,19.75,20.25,0.50,19.75,0.00
EXP-05,exp05_p04_m06_ro100_lh00,baseline,phase,t04_part_06,implementation,4,agent,20.25,24.25,4.00,,0
EXP-05,exp05_p04_m06_ro100_lh00,baseline,phase,t04_join,integration,2,agent,24.25,30.25,6.00,,0
EXP-05,exp05_p04_m06_ro100_lh00,baseline,phase,t04_join,acceptance,2,human,30.25,33.25,3.00,30.25,0.00
EXP-05,exp05_p04_m06_ro100_lh00,baseline,wait,t01,human_1,2,human_queue,0,1.50,1.50,0,1.50
EXP-05,exp05_p04_m06_ro100_lh00,baseline,wait,t04_part_01,specification,2,human_queue,12.00,14.25,2.25,12.00,2.25
EXP-05,exp05_p04_m06_ro100_lh00,baseline,wait,t04_part_02,specification,3,human_queue,12.00,14.75,2.75,12.00,2.75
EXP-05,exp05_p04_m06_ro100_lh00,baseline,wait,t04_part_03,specification,4,human_queue,12.00,15.25,3.25,12.00,3.25
EXP-05,exp05_p04_m06_ro100_lh00,exact,phase,t01,human_1,2,human,1.50000,2.25000,0.75000,1.50000,0.00000
EXP-05,exp05_p04_m06_ro100_lh00,exact,phase,t01,agent_1,2,agent,2.25000,6.75000,4.50000,,0
EXP-05,exp05_p04_m06_ro100_lh00,exact,phase,t01,human_2,2,human,6.75000,7.50000,0.75000,6.75000,0.00000
EXP-05,exp05_p04_m06_ro100_lh00,exact,phase,t02,human_1,1,human,0.00000,1.50000,1.50000,0.00000,0.00000
EXP-05,exp05_p04_m06_ro100_lh00,exact,phase,t02,agent_1,1,agent,1.50000,10.50000,9.00000,,0
EXP-05,exp05_p04_m06_ro100_lh00,exact,phase,t02,human_2,1,human,10.50000,12.00000,1.50000,10.50000,0.00000
EXP-05,exp05_p04_m06_ro100_lh00,exact,phase,t03,human_1,3,human,13.50000,15.75000,2.25000,13.50000,0.00000
EXP-05,exp05_p04_m06_ro100_lh00,exact,phase,t03,agent_1,3,agent,15.75000,29.25000,13.50000,,0
EXP-05,exp05_p04_m06_ro100_lh00,exact,phase,t03,human_2,3,human,31.00000,33.25000,2.25000,29.25000,1.75000
EXP-05,exp05_p04_m06_ro100_lh00,exact,phase,t04_part_01,specification,1,human,17.50000,18.00000,0.50000,17.50000,0.00000
EXP-05,exp05_p04_m06_ro100_lh00,exact,phase,t04_part_01,implementation,1,agent,18.00000,22.00000,4.00000,,0
EXP-05,exp05_p04_m06_ro100_lh00,exact,phase,t04_part_02,specification,4,human,16.50000,17.00000,0.50000,16.50000,0.00000
EXP-05,exp05_p04_m06_ro100_lh00,exact,phase,t04_part_02,implementation,4,agent,17.00000,21.00000,4.00000,,0
EXP-05,exp05_p04_m06_ro100_lh00,exact,phase,t04_part_03,specification,1,human,13.00000,13.50000,0.50000,13.00000,0.00000
EXP-05,exp05_p04_m06_ro100_lh00,exact,phase,t04_part_03,implementation,1,agent,13.50000,17.50000,4.00000,,0
EXP-05,exp05_p04_m06_ro100_lh00,exact,phase,t04_part_04,specification,2,human,12.50000,13.00000,0.50000,12.50000,0.00000
EXP-05,exp05_p04_m06_ro100_lh00,exact,phase,t04_part_04,implementation,2,agent,13.00000,17.00000,4.00000,,0
EXP-05,exp05_p04_m06_ro100_lh00,exact,phase,t04_part_05,specification,4,human,12.00000,12.50000,0.50000,12.00000,0.00000
EXP-05,exp05_p04_m06_ro100_lh00,exact,phase,t04_part_05,implementation,4,agent,12.50000,16.50000,4.00000,,0
EXP-05,exp05_p04_m06_ro100_lh00,exact,phase,t04_part_06,specification,2,human,17.00000,17.50000,0.50000,17.00000,0.00000
EXP-05,exp05_p04_m06_ro100_lh00,exact,phase,t04_part_06,implementation,2,agent,17.50000,21.50000,4.00000,,0
EXP-05,exp05_p04_m06_ro100_lh00,exact,phase,t04_join,integration,2,agent,22.00000,28.00000,6.00000,,0
EXP-05,exp05_p04_m06_ro100_lh00,exact,phase,t04_join,acceptance,2,human,28.00000,31.00000,3.00000,28.00000,0.00000
EXP-05,exp05_p04_m06_ro100_lh00,exact,wait,t03,human_2,3,human_queue,29.25000,31.00000,1.75000,29.25000,1.75000
EXP-05,exp05_p04_m06_ro100_lh05,baseline,phase,t01,human_1,2,human,1.50,2.25,0.75,0,1.50
EXP-05,exp05_p04_m06_ro100_lh05,baseline,phase,t01,agent_1,2,agent,2.25,6.75,4.50,,0
EXP-05,exp05_p04_m06_ro100_lh05,baseline,phase,t01,human_2,2,human,6.75,7.50,0.75,6.75,0.00
EXP-05,exp05_p04_m06_ro100_lh05,baseline,phase,t02,human_1,1,human,0,1.50,1.50,0,0
EXP-05,exp05_p04_m06_ro100_lh05,baseline,phase,t02,agent_1,1,agent,1.50,10.50,9.00,,0
EXP-05,exp05_p04_m06_ro100_lh05,baseline,phase,t02,human_2,1,human,10.50,12.00,1.50,10.50,0.00
EXP-05,exp05_p04_m06_ro100_lh05,baseline,phase,t03,human_1,1,human,12.00,14.25,2.25,12.00,0.00
EXP-05,exp05_p04_m06_ro100_lh05,baseline,phase,t03,agent_1,1,agent,14.25,27.75,13.50,,0
EXP-05,exp05_p04_m06_ro100_lh05,baseline,phase,t03,human_2,1,human,27.75,30.00,2.25,27.75,0.00
EXP-05,exp05_p04_m06_ro100_lh05,baseline,phase,t04_part_01,specification,2,human,14.25,15.250,1.000,12.00,2.25
EXP-05,exp05_p04_m06_ro100_lh05,baseline,phase,t04_part_01,implementation,2,agent,15.250,18.750,3.500,,0
EXP-05,exp05_p04_m06_ro100_lh05,baseline,phase,t04_part_02,specification,3,human,15.250,16.250,1.000,12.00,3.250
EXP-05,exp05_p04_m06_ro100_lh05,baseline,phase,t04_part_02,implementation,3,agent,16.250,19.750,3.500,,0
EXP-05,exp05_p04_m06_ro100_lh05,baseline,phase,t04_part_03,specification,4,human,16.250,17.250,1.000,12.00,4.250
EXP-05,exp05_p04_m06_ro100_lh05,baseline,phase,t04_part_03,implementation,4,agent,17.250,20.750,3.500,,0
EXP-05,exp05_p04_m06_ro100_lh05,baseline,phase,t04_part_04,specification,2,human,18.750,19.750,1.000,18.750,0.000
EXP-05,exp05_p04_m06_ro100_lh05,baseline,phase,t04_part_04,implementation,2,agent,19.750,23.250,3.500,,0
EXP-05,exp05_p04_m06_ro100_lh05,baseline,phase,t04_part_05,specification,3,human,19.750,20.750,1.000,19.750,0.000
EXP-05,exp05_p04_m06_ro100_lh05,baseline,phase,t04_part_05,implementation,3,agent,20.750,24.250,3.500,,0
EXP-05,exp05_p04_m06_ro100_lh05,baseline,phase,t04_part_06,specification,4,human,20.750,21.750,1.000,20.750,0.000
EXP-05,exp05_p04_m06_ro100_lh05,baseline,phase,t04_part_06,implementation,4,agent,21.750,25.250,3.500,,0
EXP-05,exp05_p04_m06_ro100_lh05,baseline,phase,t04_join,integration,2,agent,25.250,28.250,3.000,,0
EXP-05,exp05_p04_m06_ro100_lh05,baseline,phase,t04_join,acceptance,2,human,30.00,36.000,6.000,28.250,1.750
EXP-05,exp05_p04_m06_ro100_lh05,baseline,wait,t01,human_1,2,human_queue,0,1.50,1.50,0,1.50
EXP-05,exp05_p04_m06_ro100_lh05,baseline,wait,t04_part_01,specification,2,human_queue,12.00,14.25,2.25,12.00,2.25
EXP-05,exp05_p04_m06_ro100_lh05,baseline,wait,t04_part_02,specification,3,human_queue,12.00,15.250,3.250,12.00,3.250
EXP-05,exp05_p04_m06_ro100_lh05,baseline,wait,t04_part_03,specification,4,human_queue,12.00,16.250,4.250,12.00,4.250
EXP-05,exp05_p04_m06_ro100_lh05,baseline,wait,t04_join,acceptance,2,human_queue,28.250,30.00,1.750,28.250,1.750
EXP-05,exp05_p04_m06_ro100_lh05,exact,phase,t01,human_1,2,human,1.50000,2.25000,0.75000,1.50000,0.00000
EXP-05,exp05_p04_m06_ro100_lh05,exact,phase,t01,agent_1,2,agent,2.25000,6.75000,4.50000,,0
EXP-05,exp05_p04_m06_ro100_lh05,exact,phase,t01,human_2,2,human,6.75000,7.50000,0.75000,6.75000,0.00000
EXP-05,exp05_p04_m06_ro100_lh05,exact,phase,t02,human_1,1,human,0.00000,1.50000,1.50000,0.00000,0.00000
EXP-05,exp05_p04_m06_ro100_lh05,exact,phase,t02,agent_1,1,agent,1.50000,10.50000,9.00000,,0
EXP-05,exp05_p04_m06_ro100_lh05,exact,phase,t02,human_2,1,human,10.50000,12.00000,1.50000,10.50000,0.00000
EXP-05,exp05_p04_m06_ro100_lh05,exact,phase,t03,human_1,3,human,15.00000,17.25000,2.25000,15.00000,0.00000
EXP-05,exp05_p04_m06_ro100_lh05,exact,phase,t03,agent_1,3,agent,18.75625,32.25625,13.50000,,0
EXP-05,exp05_p04_m06_ro100_lh05,exact,phase,t03,human_2,3,human,32.75000,35.00000,2.25000,32.25625,0.49375
EXP-05,exp05_p04_m06_ro100_lh05,exact,phase,t04_part_01,specification,1,human,13.00000,14.00000,1.00000,13.00000,0.00000
EXP-05,exp05_p04_m06_ro100_lh05,exact,phase,t04_part_01,implementation,1,agent,14.00000,17.50000,3.50000,,0
EXP-05,exp05_p04_m06_ro100_lh05,exact,phase,t04_part_02,specification,1,human,18.25000,19.25000,1.00000,18.25000,0.00000
EXP-05,exp05_p04_m06_ro100_lh05,exact,phase,t04_part_02,implementation,1,agent,19.25000,22.75000,3.50000,,0
EXP-05,exp05_p04_m06_ro100_lh05,exact,phase,t04_part_03,specification,4,human,19.25000,20.25000,1.00000,19.25000,0.00000
EXP-05,exp05_p04_m06_ro100_lh05,exact,phase,t04_part_03,implementation,4,agent,20.25000,23.75000,3.50000,,0
EXP-05,exp05_p04_m06_ro100_lh05,exact,phase,t04_part_04,specification,2,human,17.25000,18.25000,1.00000,17.25000,0.00000
EXP-05,exp05_p04_m06_ro100_lh05,exact,phase,t04_part_04,implementation,2,agent,18.25000,21.75000,3.50000,,0
EXP-05,exp05_p04_m06_ro100_lh05,exact,phase,t04_part_05,specification,4,human,14.00000,15.00000,1.00000,14.00000,0.00000
EXP-05,exp05_p04_m06_ro100_lh05,exact,phase,t04_part_05,implementation,4,agent,15.00000,18.50000,3.50000,,0
EXP-05,exp05_p04_m06_ro100_lh05,exact,phase,t04_part_06,specification,2,human,12.00000,13.00000,1.00000,12.00000,0.00000
EXP-05,exp05_p04_m06_ro100_lh05,exact,phase,t04_part_06,implementation,2,agent,13.00625,16.50625,3.50000,,0
EXP-05,exp05_p04_m06_ro100_lh05,exact,phase,t04_join,integration,2,agent,23.75000,26.75000,3.00000,,0
EXP-05,exp05_p04_m06_ro100_lh05,exact,phase,t04_join,acceptance,2,human,26.75000,32.75000,6.00000,26.75000,0.00000
EXP-05,exp05_p04_m06_ro100_lh05,exact,wait,t03,human_2,3,human_queue,32.25625,32.75000,0.49375,32.25625,0.49375
EXP-05,exp05_p04_m08_ro000_lh00,baseline,phase,t01,human_1,2,human,1.50,2.25,0.75,0,1.50
EXP-05,exp05_p04_m08_ro000_lh00,baseline,phase,t01,agent_1,2,agent,2.25,6.75,4.50,,0
EXP-05,exp05_p04_m08_ro000_lh00,baseline,phase,t01,human_2,2,human,6.75,7.50,0.75,6.75,0.00
EXP-05,exp05_p04_m08_ro000_lh00,baseline,phase,t02,human_1,1,human,0,1.50,1.50,0,0
EXP-05,exp05_p04_m08_ro000_lh00,baseline,phase,t02,agent_1,1,agent,1.50,10.50,9.00,,0
EXP-05,exp05_p04_m08_ro000_lh00,baseline,phase,t02,human_2,1,human,10.50,12.00,1.50,10.50,0.00
EXP-05,exp05_p04_m08_ro000_lh00,baseline,phase,t03,human_1,1,human,12.00,14.25,2.25,12.00,0.00
EXP-05,exp05_p04_m08_ro000_lh00,baseline,phase,t03,agent_1,1,agent,14.25,27.75,13.50,,0
EXP-05,exp05_p04_m08_ro000_lh00,baseline,phase,t03,human_2,1,human,27.75,30.00,2.25,27.75,0.00
EXP-05,exp05_p04_m08_ro000_lh00,baseline,phase,t04_part_01,specification,2,human,14.25,14.625,0.375,12.00,2.25
EXP-05,exp05_p04_m08_ro000_lh00,baseline,phase,t04_part_01,implementation,2,agent,14.625,16.875,2.250,,0
EXP-05,exp05_p04_m08_ro000_lh00,baseline,phase,t04_part_02,specification,3,human,14.625,15.000,0.375,12.00,2.625
EXP-05,exp05_p04_m08_ro000_lh00,baseline,phase,t04_part_02,implementation,3,agent,15.000,17.250,2.250,,0
EXP-05,exp05_p04_m08_ro000_lh00,baseline,phase,t04_part_03,specification,4,human,15.000,15.375,0.375,12.00,3.000
EXP-05,exp05_p04_m08_ro000_lh00,baseline,phase,t04_part_03,implementation,4,agent,15.375,17.625,2.250,,0
EXP-05,exp05_p04_m08_ro000_lh00,baseline,phase,t04_part_04,specification,2,human,16.875,17.250,0.375,16.875,0.000
EXP-05,exp05_p04_m08_ro000_lh00,baseline,phase,t04_part_04,implementation,2,agent,17.250,19.500,2.250,,0
EXP-05,exp05_p04_m08_ro000_lh00,baseline,phase,t04_part_05,specification,3,human,17.250,17.625,0.375,17.250,0.000
EXP-05,exp05_p04_m08_ro000_lh00,baseline,phase,t04_part_05,implementation,3,agent,17.625,19.875,2.250,,0
EXP-05,exp05_p04_m08_ro000_lh00,baseline,phase,t04_part_06,specification,4,human,17.625,18.000,0.375,17.625,0.000
EXP-05,exp05_p04_m08_ro000_lh00,baseline,phase,t04_part_06,implementation,4,agent,18.000,20.250,2.250,,0
EXP-05,exp05_p04_m08_ro000_lh00,baseline,phase,t04_part_07,specification,2,human,19.500,19.875,0.375,19.500,0.000
EXP-05,exp05_p04_m08_ro000_lh00,baseline,phase,t04_part_07,implementation,2,agent,19.875,22.125,2.250,,0
EXP-05,exp05_p04_m08_ro000_lh00,baseline,phase,t04_part_08,specification,3,human,19.875,20.250,0.375,19.875,0.000
EXP-05,exp05_p04_m08_ro000_lh00,baseline,phase,t04_part_08,implementation,3,agent,20.250,22.500,2.250,,0
EXP-05,exp05_p04_m08_ro000_lh00,baseline,phase,t04_join,acceptance,2,human,22.500,25.500,3.000,22.500,0.000
EXP-05,exp05_p04_m08_ro000_lh00,baseline,wait,t01,human_1,2,human_queue,0,1.50,1.50,0,1.50
EXP-05,exp05_p04_m08_ro000_lh00,baseline,wait,t04_part_01,specification,2,human_queue,12.00,14.25,2.25,12.00,2.25
EXP-05,exp05_p04_m08_ro000_lh00,baseline,wait,t04_part_02,specification,3,human_queue,12.00,14.625,2.625,12.00,2.625
EXP-05,exp05_p04_m08_ro000_lh00,baseline,wait,t04_part_03,specification,4,human_queue,12.00,15.000,3.000,12.00,3.000
EXP-05,exp05_p04_m08_ro000_lh00,exact,phase,t01,human_1,2,human,1.50000,2.25000,0.75000,1.50000,0.00000
EXP-05,exp05_p04_m08_ro000_lh00,exact,phase,t01,agent_1,2,agent,2.25000,6.75000,4.50000,,0
EXP-05,exp05_p04_m08_ro000_lh00,exact,phase,t01,human_2,2,human,6.75000,7.50000,0.75000,6.75000,0.00000
EXP-05,exp05_p04_m08_ro000_lh00,exact,phase,t02,human_1,1,human,0.00000,1.50000,1.50000,0.00000,0.00000
EXP-05,exp05_p04_m08_ro000_lh00,exact,phase,t02,agent_1,1,agent,1.50000,10.50000,9.00000,,0
EXP-05,exp05_p04_m08_ro000_lh00,exact,phase,t02,human_2,1,human,10.50000,12.00000,1.50000,10.50000,0.00000
EXP-05,exp05_p04_m08_ro000_lh00,exact,phase,t03,human_1,2,human,12.00000,14.25000,2.25000,12.00000,0.00000
EXP-05,exp05_p04_m08_ro000_lh00,exact,phase,t03,agent_1,2,agent,14.25000,27.75000,13.50000,,0
EXP-05,exp05_p04_m08_ro000_lh00,exact,phase,t03,human_2,2,human,27.75000,30.00000,2.25000,27.75000,0.00000
EXP-05,exp05_p04_m08_ro000_lh00,exact,phase,t04_part_01,specification,4,human,19.87500,20.25000,0.37500,19.87500,0.00000
EXP-05,exp05_p04_m08_ro000_lh00,exact,phase,t04_part_01,implementation,4,agent,20.25000,22.50000,2.25000,,0
EXP-05,exp05_p04_m08_ro000_lh00,exact,phase,t04_part_02,specification,4,human,17.25000,17.62500,0.37500,17.25000,0.00000
EXP-05,exp05_p04_m08_ro000_lh00,exact,phase,t04_part_02,implementation,4,agent,17.62500,19.87500,2.25000,,0
EXP-05,exp05_p04_m08_ro000_lh00,exact,phase,t04_part_03,specification,1,human,19.50000,19.87500,0.37500,19.50000,0.00000
EXP-05,exp05_p04_m08_ro000_lh00,exact,phase,t04_part_03,implementation,1,agent,19.87500,22.12500,2.25000,,0
EXP-05,exp05_p04_m08_ro000_lh00,exact,phase,t04_part_04,specification,1,human,14.25000,14.62500,0.37500,14.25000,0.00000
EXP-05,exp05_p04_m08_ro000_lh00,exact,phase,t04_part_04,implementation,1,agent,14.62500,16.87500,2.25000,,0
EXP-05,exp05_p04_m08_ro000_lh00,exact,phase,t04_part_05,specification,3,human,15.00000,15.37500,0.37500,15.00000,0.00000
EXP-05,exp05_p04_m08_ro000_lh00,exact,phase,t04_part_05,implementation,3,agent,15.37500,17.62500,2.25000,,0
EXP-05,exp05_p04_m08_ro000_lh00,exact,phase,t04_part_06,specification,1,human,16.87500,17.25000,0.37500,16.87500,0.00000
EXP-05,exp05_p04_m08_ro000_lh00,exact,phase,t04_part_06,implementation,1,agent,17.25000,19.50000,2.25000,,0
EXP-05,exp05_p04_m08_ro000_lh00,exact,phase,t04_part_07,specification,1,human,22.12500,22.50000,0.37500,22.12500,0.00000
EXP-05,exp05_p04_m08_ro000_lh00,exact,phase,t04_part_07,implementation,1,agent,22.50000,24.75000,2.25000,,0
EXP-05,exp05_p04_m08_ro000_lh00,exact,phase,t04_part_08,specification,4,human,14.62500,15.00000,0.37500,14.62500,0.00000
EXP-05,exp05_p04_m08_ro000_lh00,exact,phase,t04_part_08,implementation,4,agent,15.00000,17.25000,2.25000,,0
EXP-05,exp05_p04_m08_ro000_lh00,exact,phase,t04_join,acceptance,1,human,24.75000,27.75000,3.00000,24.75000,0.00000
EXP-05,exp05_p04_m08_ro050_lh00,baseline,phase,t01,human_1,2,human,1.50,2.25,0.75,0,1.50
EXP-05,exp05_p04_m08_ro050_lh00,baseline,phase,t01,agent_1,2,agent,2.25,6.75,4.50,,0
EXP-05,exp05_p04_m08_ro050_lh00,baseline,phase,t01,human_2,2,human,6.75,7.50,0.75,6.75,0.00
EXP-05,exp05_p04_m08_ro050_lh00,baseline,phase,t02,human_1,1,human,0,1.50,1.50,0,0
EXP-05,exp05_p04_m08_ro050_lh00,baseline,phase,t02,agent_1,1,agent,1.50,10.50,9.00,,0
EXP-05,exp05_p04_m08_ro050_lh00,baseline,phase,t02,human_2,1,human,10.50,12.00,1.50,10.50,0.00
EXP-05,exp05_p04_m08_ro050_lh00,baseline,phase,t03,human_1,1,human,12.00,14.25,2.25,12.00,0.00
EXP-05,exp05_p04_m08_ro050_lh00,baseline,phase,t03,agent_1,1,agent,14.25,27.75,13.50,,0
EXP-05,exp05_p04_m08_ro050_lh00,baseline,phase,t03,human_2,1,human,27.75,30.00,2.25,27.75,0.00
EXP-05,exp05_p04_m08_ro050_lh00,baseline,phase,t04_part_01,specification,2,human,14.25,14.625,0.375,12.00,2.25
EXP-05,exp05_p04_m08_ro050_lh00,baseline,phase,t04_part_01,implementation,2,agent,14.625,17.400,2.775,,0
EXP-05,exp05_p04_m08_ro050_lh00,baseline,phase,t04_part_02,specification,3,human,14.625,15.000,0.375,12.00,2.625
EXP-05,exp05_p04_m08_ro050_lh00,baseline,phase,t04_part_02,implementation,3,agent,15.000,17.775,2.775,,0
EXP-05,exp05_p04_m08_ro050_lh00,baseline,phase,t04_part_03,specification,4,human,15.000,15.375,0.375,12.00,3.000
EXP-05,exp05_p04_m08_ro050_lh00,baseline,phase,t04_part_03,implementation,4,agent,15.375,18.150,2.775,,0
EXP-05,exp05_p04_m08_ro050_lh00,baseline,phase,t04_part_04,specification,2,human,17.400,17.775,0.375,17.400,0.000
EXP-05,exp05_p04_m08_ro050_lh00,baseline,phase,t04_part_04,implementation,2,agent,17.775,20.550,2.775,,0
EXP-05,exp05_p04_m08_ro050_lh00,baseline,phase,t04_part_05,specification,3,human,17.775,18.150,0.375,17.775,0.000
EXP-05,exp05_p04_m08_ro050_lh00,baseline,phase,t04_part_05,implementation,3,agent,18.150,20.925,2.775,,0
EXP-05,exp05_p04_m08_ro050_lh00,baseline,phase,t04_part_06,specification,4,human,18.150,18.525,0.375,18.150,0.000
EXP-05,exp05_p04_m08_ro050_lh00,baseline,phase,t04_part_06,implementation,4,agent,18.525,21.300,2.775,,0
EXP-05,exp05_p04_m08_ro050_lh00,baseline,phase,t04_part_07,specification,2,human,20.550,20.925,0.375,20.550,0.000
EXP-05,exp05_p04_m08_ro050_lh00,baseline,phase,t04_part_07,implementation,2,agent,20.925,23.700,2.775,,0
EXP-05,exp05_p04_m08_ro050_lh00,baseline,phase,t04_part_08,specification,3,human,20.925,21.300,0.375,20.925,0.000
EXP-05,exp05_p04_m08_ro050_lh00,baseline,phase,t04_part_08,implementation,3,agent,21.300,24.075,2.775,,0
EXP-05,exp05_p04_m08_ro050_lh00,baseline,phase,t04_join,integration,2,agent,24.075,28.275,4.200,,0
EXP-05,exp05_p04_m08_ro050_lh00,baseline,phase,t04_join,acceptance,2,human,30.00,33.00,3.00,28.275,1.725
EXP-05,exp05_p04_m08_ro050_lh00,baseline,wait,t01,human_1,2,human_queue,0,1.50,1.50,0,1.50
EXP-05,exp05_p04_m08_ro050_lh00,baseline,wait,t04_part_01,specification,2,human_queue,12.00,14.25,2.25,12.00,2.25
EXP-05,exp05_p04_m08_ro050_lh00,baseline,wait,t04_part_02,specification,3,human_queue,12.00,14.625,2.625,12.00,2.625
EXP-05,exp05_p04_m08_ro050_lh00,baseline,wait,t04_part_03,specification,4,human_queue,12.00,15.000,3.000,12.00,3.000
EXP-05,exp05_p04_m08_ro050_lh00,baseline,wait,t04_join,acceptance,2,human_queue,28.275,30.00,1.725,28.275,1.725
EXP-05,exp05_p04_m08_ro050_lh00,exact,phase,t01,human_1,2,human,1.50000,2.25000,0.75000,1.50000,0.00000
EXP-05,exp05_p04_m08_ro050_lh00,exact,phase,t01,agent_1,2,agent,2.25000,6.75000,4.50000,,0
EXP-05,exp05_p04_m08_ro050_lh00,exact,phase,t01,human_2,2,human,6.75000,7.50000,0.75000,6.75000,0.00000
EXP-05,exp05_p04_m08_ro050_lh00,exact,phase,t02,human_1,1,human,0.00000,1.50000,1.50000,0.00000,0.00000
EXP-05,exp05_p04_m08_ro050_lh00,exact,phase,t02,agent_1,1,agent,1.50000,10.50000,9.00000,,0
EXP-05,exp05_p04_m08_ro050_lh00,exact,phase,t02,human_2,1,human,10.50000,12.00000,1.50000,10.50000,0.00000
EXP-05,exp05_p04_m08_ro050_lh00,exact,phase,t03,human_1,3,human,13.12500,15.37500,2.25000,13.12500,0.00000
EXP-05,exp05_p04_m08_ro050_lh00,exact,phase,t03,agent_1,3,agent,15.37500,28.87500,13.50000,,0
EXP-05,exp05_p04_m08_ro050_lh00,exact,phase,t03,human_2,3,human,29.25000,31.50000,2.25000,28.87500,0.37500
EXP-05,exp05_p04_m08_ro050_lh00,exact,phase,t04_part_01,specification,4,human,15.37500,15.75000,0.37500,15.37500,0.00000
EXP-05,exp05_p04_m08_ro050_lh00,exact,phase,t04_part_01,implementation,4,agent,15.75000,18.52500,2.77500,,0
EXP-05,exp05_p04_m08_ro050_lh00,exact,phase,t04_part_02,specification,2,human,15.75000,16.12500,0.37500,15.75000,0.00000
EXP-05,exp05_p04_m08_ro050_lh00,exact,phase,t04_part_02,implementation,2,agent,16.12500,18.90000,2.77500,,0
EXP-05,exp05_p04_m08_ro050_lh00,exact,phase,t04_part_03,specification,1,human,12.75000,13.12500,0.37500,12.75000,0.00000
EXP-05,exp05_p04_m08_ro050_lh00,exact,phase,t04_part_03,implementation,1,agent,13.12500,15.90000,2.77500,,0
EXP-05,exp05_p04_m08_ro050_lh00,exact,phase,t04_part_04,specification,1,human,16.12500,16.50000,0.37500,16.12500,0.00000
EXP-05,exp05_p04_m08_ro050_lh00,exact,phase,t04_part_04,implementation,1,agent,16.50000,19.27500,2.77500,,0
EXP-05,exp05_p04_m08_ro050_lh00,exact,phase,t04_part_05,specification,4,human,12.00000,12.37500,0.37500,12.00000,0.00000
EXP-05,exp05_p04_m08_ro050_lh00,exact,phase,t04_part_05,implementation,4,agent,12.37500,15.15000,2.77500,,0
EXP-05,exp05_p04_m08_ro050_lh00,exact,phase,t04_part_06,specification,4,human,18.52500,18.90000,0.37500,18.52500,0.00000
EXP-05,exp05_p04_m08_ro050_lh00,exact,phase,t04_part_06,implementation,4,agent,18.90000,21.67500,2.77500,,0
EXP-05,exp05_p04_m08_ro050_lh00,exact,phase,t04_part_07,specification,2,human,12.37500,12.75000,0.37500,12.37500,0.00000
EXP-05,exp05_p04_m08_ro050_lh00,exact,phase,t04_part_07,implementation,2,agent,12.75000,15.52500,2.77500,,0
EXP-05,exp05_p04_m08_ro050_lh00,exact,phase,t04_part_08,specification,2,human,18.90000,19.27500,0.37500,18.90000,0.00000
EXP-05,exp05_p04_m08_ro050_lh00,exact,phase,t04_part_08,implementation,2,agent,19.27500,22.05000,2.77500,,0
EXP-05,exp05_p04_m08_ro050_lh00,exact,phase,t04_join,integration,1,agent,22.05000,26.25000,4.20000,,0
EXP-05,exp05_p04_m08_ro050_lh00,exact,phase,t04_join,acceptance,1,human,26.25000,29.25000,3.00000,26.25000,0.00000
EXP-05,exp05_p04_m08_ro050_lh00,exact,wait,t03,human_2,3,human_queue,28.87500,29.25000,0.37500,28.87500,0.37500
EXP-05,exp05_p04_m08_ro050_lh05,baseline,phase,t01,human_1,2,human,1.50,2.25,0.75,0,1.50
EXP-05,exp05_p04_m08_ro050_lh05,baseline,phase,t01,agent_1,2,agent,2.25,6.75,4.50,,0
EXP-05,exp05_p04_m08_ro050_lh05,baseline,phase,t01,human_2,2,human,6.75,7.50,0.75,6.75,0.00
EXP-05,exp05_p04_m08_ro050_lh05,baseline,phase,t02,human_1,1,human,0,1.50,1.50,0,0
EXP-05,exp05_p04_m08_ro050_lh05,baseline,phase,t02,agent_1,1,agent,1.50,10.50,9.00,,0
EXP-05,exp05_p04_m08_ro050_lh05,baseline,phase,t02,human_2,1,human,10.50,12.00,1.50,10.50,0.00
EXP-05,exp05_p04_m08_ro050_lh05,baseline,phase,t03,human_1,1,human,12.00,14.25,2.25,12.00,0.00
EXP-05,exp05_p04_m08_ro050_lh05,baseline,phase,t03,agent_1,1,agent,14.25,27.75,13.50,,0
EXP-05,exp05_p04_m08_ro050_lh05,baseline,phase,t03,human_2,1,human,31.5375,33.7875,2.2500,27.75,3.7875
EXP-05,exp05_p04_m08_ro050_lh05,baseline,phase,t04_part_01,specification,2,human,14.25,14.8875,0.6375,12.00,2.25
EXP-05,exp05_p04_m08_ro050_lh05,baseline,phase,t04_part_01,implementation,2,agent,14.8875,17.4000,2.5125,,0
EXP-05,exp05_p04_m08_ro050_lh05,baseline,phase,t04_part_02,specification,3,human,14.8875,15.5250,0.6375,12.00,2.8875
EXP-05,exp05_p04_m08_ro050_lh05,baseline,phase,t04_part_02,implementation,3,agent,15.5250,18.0375,2.5125,,0
EXP-05,exp05_p04_m08_ro050_lh05,baseline,phase,t04_part_03,specification,4,human,15.5250,16.1625,0.6375,12.00,3.5250
EXP-05,exp05_p04_m08_ro050_lh05,baseline,phase,t04_part_03,implementation,4,agent,16.1625,18.6750,2.5125,,0
EXP-05,exp05_p04_m08_ro050_lh05,baseline,phase,t04_part_04,specification,2,human,17.4000,18.0375,0.6375,17.4000,0.0000
EXP-05,exp05_p04_m08_ro050_lh05,baseline,phase,t04_part_04,implementation,2,agent,18.0375,20.5500,2.5125,,0
EXP-05,exp05_p04_m08_ro050_lh05,baseline,phase,t04_part_05,specification,3,human,18.0375,18.6750,0.6375,18.0375,0.0000
EXP-05,exp05_p04_m08_ro050_lh05,baseline,phase,t04_part_05,implementation,3,agent,18.6750,21.1875,2.5125,,0
EXP-05,exp05_p04_m08_ro050_lh05,baseline,phase,t04_part_06,specification,4,human,18.6750,19.3125,0.6375,18.6750,0.0000
EXP-05,exp05_p04_m08_ro050_lh05,baseline,phase,t04_part_06,implementation,4,agent,19.3125,21.8250,2.5125,,0
EXP-05,exp05_p04_m08_ro050_lh05,baseline,phase,t04_part_07,specification,2,human,20.5500,21.1875,0.6375,20.5500,0.0000
EXP-05,exp05_p04_m08_ro050_lh05,baseline,phase,t04_part_07,implementation,2,agent,21.1875,23.7000,2.5125,,0
EXP-05,exp05_p04_m08_ro050_lh05,baseline,phase,t04_part_08,specification,3,human,21.1875,21.8250,0.6375,21.1875,0.0000
EXP-05,exp05_p04_m08_ro050_lh05,baseline,phase,t04_part_08,implementation,3,agent,21.8250,24.3375,2.5125,,0
EXP-05,exp05_p04_m08_ro050_lh05,baseline,phase,t04_join,integration,2,agent,24.3375,26.4375,2.1000,,0
EXP-05,exp05_p04_m08_ro050_lh05,baseline,phase,t04_join,acceptance,2,human,26.4375,31.5375,5.1000,26.4375,0.0000
EXP-05,exp05_p04_m08_ro050_lh05,baseline,wait,t01,human_1,2,human_queue,0,1.50,1.50,0,1.50
EXP-05,exp05_p04_m08_ro050_lh05,baseline,wait,t03,human_2,1,human_queue,27.75,31.5375,3.7875,27.75,3.7875
EXP-05,exp05_p04_m08_ro050_lh05,baseline,wait,t04_part_01,specification,2,human_queue,12.00,14.25,2.25,12.00,2.25
EXP-05,exp05_p04_m08_ro050_lh05,baseline,wait,t04_part_02,specification,3,human_queue,12.00,14.8875,2.8875,12.00,2.8875
EXP-05,exp05_p04_m08_ro050_lh05,baseline,wait,t04_part_03,specification,4,human_queue,12.00,15.5250,3.5250,12.00,3.5250
EXP-05,exp05_p04_m08_ro050_lh05,exact,phase,t01,human_1,2,human,1.50000,2.25000,0.75000,1.50000,0.00000
EXP-05,exp05_p04_m08_ro050_lh05,exact,phase,t01,agent_1,2,agent,2.25000,6.75000,4.50000,,0
EXP-05,exp05_p04_m08_ro050_lh05,exact,phase,t01,human_2,2,human,6.75000,7.50000,0.75000,6.75000,0.00000
EXP-05,exp05_p04_m08_ro050_lh05,exact,phase,t02,human_1,1,human,0.00000,1.50000,1.50000,0.00000,0.00000
EXP-05,exp05_p04_m08_ro050_lh05,exact,phase,t02,agent_1,1,agent,1.50000,10.50000,9.00000,,0
EXP-05,exp05_p04_m08_ro050_lh05,exact,phase,t02,human_2,1,human,10.50000,12.00000,1.50000,10.50000,0.00000
EXP-05,exp05_p04_m08_ro050_lh05,exact,phase,t03,human_1,1,human,13.91250,16.16250,2.25000,13.91250,0.00000
EXP-05,exp05_p04_m08_ro050_lh05,exact,phase,t03,agent_1,1,agent,16.16250,29.66250,13.50000,,0
EXP-05,exp05_p04_m08_ro050_lh05,exact,phase,t03,human_2,1,human,30.30000,32.55000,2.25000,29.66250,0.63750
EXP-05,exp05_p04_m08_ro050_lh05,exact,phase,t04_part_01,specification,2,human,17.43750,18.07500,0.63750,17.43750,0.00000
EXP-05,exp05_p04_m08_ro050_lh05,exact,phase,t04_part_01,implementation,2,agent,18.07500,20.58750,2.51250,,0
EXP-05,exp05_p04_m08_ro050_lh05,exact,phase,t04_part_02,specification,4,human,16.80000,17.43750,0.63750,16.80000,0.00000
EXP-05,exp05_p04_m08_ro050_lh05,exact,phase,t04_part_02,implementation,4,agent,17.43750,19.95000,2.51250,,0
EXP-05,exp05_p04_m08_ro050_lh05,exact,phase,t04_part_03,specification,4,human,19.95000,20.58750,0.63750,19.95000,0.00000
EXP-05,exp05_p04_m08_ro050_lh05,exact,phase,t04_part_03,implementation,4,agent,20.58750,23.10000,2.51250,,0
EXP-05,exp05_p04_m08_ro050_lh05,exact,phase,t04_part_04,specification,4,human,13.27500,13.91250,0.63750,13.27500,0.00000
EXP-05,exp05_p04_m08_ro050_lh05,exact,phase,t04_part_04,implementation,4,agent,13.91250,16.42500,2.51250,,0
EXP-05,exp05_p04_m08_ro050_lh05,exact,phase,t04_part_05,specification,3,human,16.16250,16.80000,0.63750,16.16250,0.00000
EXP-05,exp05_p04_m08_ro050_lh05,exact,phase,t04_part_05,implementation,3,agent,16.80000,19.31250,2.51250,,0
EXP-05,exp05_p04_m08_ro050_lh05,exact,phase,t04_part_06,specification,3,human,12.63750,13.27500,0.63750,12.63750,0.00000
EXP-05,exp05_p04_m08_ro050_lh05,exact,phase,t04_part_06,implementation,3,agent,13.27500,15.78750,2.51250,,0
EXP-05,exp05_p04_m08_ro050_lh05,exact,phase,t04_part_07,specification,2,human,12.00000,12.63750,0.63750,12.00000,0.00000
EXP-05,exp05_p04_m08_ro050_lh05,exact,phase,t04_part_07,implementation,2,agent,12.63750,15.15000,2.51250,,0
EXP-05,exp05_p04_m08_ro050_lh05,exact,phase,t04_part_08,specification,3,human,19.31250,19.95000,0.63750,19.31250,0.00000
EXP-05,exp05_p04_m08_ro050_lh05,exact,phase,t04_part_08,implementation,3,agent,19.95000,22.46250,2.51250,,0
EXP-05,exp05_p04_m08_ro050_lh05,exact,phase,t04_join,integration,3,agent,23.10000,25.20000,2.10000,,0
EXP-05,exp05_p04_m08_ro050_lh05,exact,phase,t04_join,acceptance,3,human,25.20000,30.30000,5.10000,25.20000,0.00000
EXP-05,exp05_p04_m08_ro050_lh05,exact,wait,t03,human_2,1,human_queue,29.66250,30.30000,0.63750,29.66250,0.63750
EXP-05,exp05_p04_m08_ro100_lh00,baseline,phase,t01,human_1,2,human,1.50,2.25,0.75,0,1.50
EXP-05,exp05_p04_m08_ro100_lh00,baseline,phase,t01,agent_1,2,agent,2.25,6.75,4.50,,0
EXP-05,exp05_p04_m08_ro100_lh00,baseline,phase,t01,human_2,2,human,6.75,7.50,0.75,6.75,0.00
EXP-05,exp05_p04_m08_ro100_lh00,baseline,phase,t02,human_1,1,human,0,1.50,1.50,0,0
EXP-05,exp05_p04_m08_ro100_lh00,baseline,phase,t02,agent_1,1,agent,1.50,10.50,9.00,,0
EXP-05,exp05_p04_m08_ro100_lh00,baseline,phase,t02,human_2,1,human,10.50,12.00,1.50,10.50,0.00
EXP-05,exp05_p04_m08_ro100_lh00,baseline,phase,t03,human_1,1,human,12.00,14.25,2.25,12.00,0.00
EXP-05,exp05_p04_m08_ro100_lh00,baseline,phase,t03,agent_1,1,agent,14.25,27.75,13.50,,0
EXP-05,exp05_p04_m08_ro100_lh00,baseline,phase,t03,human_2,1,human,27.75,30.00,2.25,27.75,0.00
EXP-05,exp05_p04_m08_ro100_lh00,baseline,phase,t04_part_01,specification,2,human,14.25,14.625,0.375,12.00,2.25
EXP-05,exp05_p04_m08_ro100_lh00,baseline,phase,t04_part_01,implementation,2,agent,14.625,17.925,3.300,,0
EXP-05,exp05_p04_m08_ro100_lh00,baseline,phase,t04_part_02,specification,3,human,14.625,15.000,0.375,12.00,2.625
EXP-05,exp05_p04_m08_ro100_lh00,baseline,phase,t04_part_02,implementation,3,agent,15.000,18.300,3.300,,0
EXP-05,exp05_p04_m08_ro100_lh00,baseline,phase,t04_part_03,specification,4,human,15.000,15.375,0.375,12.00,3.000
EXP-05,exp05_p04_m08_ro100_lh00,baseline,phase,t04_part_03,implementation,4,agent,15.375,18.675,3.300,,0
EXP-05,exp05_p04_m08_ro100_lh00,baseline,phase,t04_part_04,specification,2,human,17.925,18.300,0.375,17.925,0.000
EXP-05,exp05_p04_m08_ro100_lh00,baseline,phase,t04_part_04,implementation,2,agent,18.300,21.600,3.300,,0
EXP-05,exp05_p04_m08_ro100_lh00,baseline,phase,t04_part_05,specification,3,human,18.300,18.675,0.375,18.300,0.000
EXP-05,exp05_p04_m08_ro100_lh00,baseline,phase,t04_part_05,implementation,3,agent,18.675,21.975,3.300,,0
EXP-05,exp05_p04_m08_ro100_lh00,baseline,phase,t04_part_06,specification,4,human,18.675,19.050,0.375,18.675,0.000
EXP-05,exp05_p04_m08_ro100_lh00,baseline,phase,t04_part_06,implementation,4,agent,19.050,22.350,3.300,,0
EXP-05,exp05_p04_m08_ro100_lh00,baseline,phase,t04_part_07,specification,2,human,21.600,21.975,0.375,21.600,0.000
EXP-05,exp05_p04_m08_ro100_lh00,baseline,phase,t04_part_07,implementation,2,agent,21.975,25.275,3.300,,0
EXP-05,exp05_p04_m08_ro100_lh00,baseline,phase,t04_part_08,specification,3,human,21.975,22.350,0.375,21.975,0.000
EXP-05,exp05_p04_m08_ro100_lh00,baseline,phase,t04_part_08,implementation,3,agent,22.350,25.650,3.300,,0
EXP-05,exp05_p04_m08_ro100_lh00,baseline,phase,t04_join,integration,2,agent,25.650,34.050,8.400,,0
EXP-05,exp05_p04_m08_ro100_lh00,baseline,phase,t04_join,acceptance,2,human,34.050,37.050,3.000,34.050,0.000
EXP-05,exp05_p04_m08_ro100_lh00,baseline,wait,t01,human_1,2,human_queue,0,1.50,1.50,0,1.50
EXP-05,exp05_p04_m08_ro100_lh00,baseline,wait,t04_part_01,specification,2,human_queue,12.00,14.25,2.25,12.00,2.25
EXP-05,exp05_p04_m08_ro100_lh00,baseline,wait,t04_part_02,specification,3,human_queue,12.00,14.625,2.625,12.00,2.625
EXP-05,exp05_p04_m08_ro100_lh00,baseline,wait,t04_part_03,specification,4,human_queue,12.00,15.000,3.000,12.00,3.000
EXP-05,exp05_p04_m08_ro100_lh00,exact,phase,t01,human_1,2,human,1.50000,2.25000,0.75000,1.50000,0.00000
EXP-05,exp05_p04_m08_ro100_lh00,exact,phase,t01,agent_1,2,agent,2.25000,6.75000,4.50000,,0
EXP-05,exp05_p04_m08_ro100_lh00,exact,phase,t01,human_2,2,human,6.75000,7.50000,0.75000,6.75000,0.00000
EXP-05,exp05_p04_m08_ro100_lh00,exact,phase,t02,human_1,1,human,0.00000,1.50000,1.50000,0.00000,0.00000
EXP-05,exp05_p04_m08_ro100_lh00,exact,phase,t02,agent_1,1,agent,1.50000,10.50000,9.00000,,0
EXP-05,exp05_p04_m08_ro100_lh00,exact,phase,t02,human_2,1,human,10.50000,12.00000,1.50000,10.50000,0.00000
EXP-05,exp05_p04_m08_ro100_lh00,exact,phase,t03,human_1,3,human,13.12500,15.37500,2.25000,13.12500,0.00000
EXP-05,exp05_p04_m08_ro100_lh00,exact,phase,t03,agent_1,3,agent,15.37500,28.87500,13.50000,,0
EXP-05,exp05_p04_m08_ro100_lh00,exact,phase,t03,human_2,3,human,28.87500,31.12500,2.25000,28.87500,0.00000
EXP-05,exp05_p04_m08_ro100_lh00,exact,phase,t04_part_01,specification,4,human,19.35000,19.72500,0.37500,19.35000,0.00000
EXP-05,exp05_p04_m08_ro100_lh00,exact,phase,t04_part_01,implementation,4,agent,19.72500,23.02500,3.30000,,0
EXP-05,exp05_p04_m08_ro100_lh00,exact,phase,t04_part_02,specification,4,human,12.00000,12.37500,0.37500,12.00000,0.00000
EXP-05,exp05_p04_m08_ro100_lh00,exact,phase,t04_part_02,implementation,4,agent,12.37500,15.67500,3.30000,,0
EXP-05,exp05_p04_m08_ro100_lh00,exact,phase,t04_part_03,specification,1,human,12.37500,12.75000,0.37500,12.37500,0.00000
EXP-05,exp05_p04_m08_ro100_lh00,exact,phase,t04_part_03,implementation,1,agent,12.75000,16.05000,3.30000,,0
EXP-05,exp05_p04_m08_ro100_lh00,exact,phase,t04_part_04,specification,1,human,16.05000,16.42500,0.37500,16.05000,0.00000
EXP-05,exp05_p04_m08_ro100_lh00,exact,phase,t04_part_04,implementation,1,agent,16.42500,19.72500,3.30000,,0
EXP-05,exp05_p04_m08_ro100_lh00,exact,phase,t04_part_05,specification,4,human,15.67500,16.05000,0.37500,15.67500,0.00000
EXP-05,exp05_p04_m08_ro100_lh00,exact,phase,t04_part_05,implementation,4,agent,16.05000,19.35000,3.30000,,0
EXP-05,exp05_p04_m08_ro100_lh00,exact,phase,t04_part_06,specification,1,human,19.72500,20.10000,0.37500,19.72500,0.00000
EXP-05,exp05_p04_m08_ro100_lh00,exact,phase,t04_part_06,implementation,1,agent,20.10000,23.40000,3.30000,,0
EXP-05,exp05_p04_m08_ro100_lh00,exact,phase,t04_part_07,specification,2,human,12.75000,13.12500,0.37500,12.75000,0.00000
EXP-05,exp05_p04_m08_ro100_lh00,exact,phase,t04_part_07,implementation,2,agent,13.12500,16.42500,3.30000,,0
EXP-05,exp05_p04_m08_ro100_lh00,exact,phase,t04_part_08,specification,2,human,16.42500,16.80000,0.37500,16.42500,0.00000
EXP-05,exp05_p04_m08_ro100_lh00,exact,phase,t04_part_08,implementation,2,agent,16.80000,20.10000,3.30000,,0
EXP-05,exp05_p04_m08_ro100_lh00,exact,phase,t04_join,integration,1,agent,23.40000,31.80000,8.40000,,0
EXP-05,exp05_p04_m08_ro100_lh00,exact,phase,t04_join,acceptance,1,human,31.80000,34.80000,3.00000,31.80000,0.00000
EXP-05,exp05_p04_m08_ro100_lh05,baseline,phase,t01,human_1,2,human,1.50,2.25,0.75,0,1.50
EXP-05,exp05_p04_m08_ro100_lh05,baseline,phase,t01,agent_1,2,agent,2.25,6.75,4.50,,0
EXP-05,exp05_p04_m08_ro100_lh05,baseline,phase,t01,human_2,2,human,6.75,7.50,0.75,6.75,0.00
EXP-05,exp05_p04_m08_ro100_lh05,baseline,phase,t02,human_1,1,human,0,1.50,1.50,0,0
EXP-05,exp05_p04_m08_ro100_lh05,baseline,phase,t02,agent_1,1,agent,1.50,10.50,9.00,,0
EXP-05,exp05_p04_m08_ro100_lh05,baseline,phase,t02,human_2,1,human,10.50,12.00,1.50,10.50,0.00
EXP-05,exp05_p04_m08_ro100_lh05,baseline,phase,t03,human_1,1,human,12.00,14.25,2.25,12.00,0.00
EXP-05,exp05_p04_m08_ro100_lh05,baseline,phase,t03,agent_1,1,agent,14.25,27.75,13.50,,0
EXP-05,exp05_p04_m08_ro100_lh05,baseline,phase,t03,human_2,1,human,27.75,30.00,2.25,27.75,0.00
EXP-05,exp05_p04_m08_ro100_lh05,baseline,phase,t04_part_01,specification,2,human,14.25,15.150,0.900,12.00,2.25
EXP-05,exp05_p04_m08_ro100_lh05,baseline,phase,t04_part_01,implementation,2,agent,15.150,17.925,2.775,,0
EXP-05,exp05_p04_m08_ro100_lh05,baseline,phase,t04_part_02,specification,3,human,15.150,16.050,0.900,12.00,3.150
EXP-05,exp05_p04_m08_ro100_lh05,baseline,phase,t04_part_02,implementation,3,agent,16.050,18.825,2.775,,0
EXP-05,exp05_p04_m08_ro100_lh05,baseline,phase,t04_part_03,specification,4,human,16.050,16.950,0.900,12.00,4.050
EXP-05,exp05_p04_m08_ro100_lh05,baseline,phase,t04_part_03,implementation,4,agent,16.950,19.725,2.775,,0
EXP-05,exp05_p04_m08_ro100_lh05,baseline,phase,t04_part_04,specification,2,human,17.925,18.825,0.900,17.925,0.000
EXP-05,exp05_p04_m08_ro100_lh05,baseline,phase,t04_part_04,implementation,2,agent,18.825,21.600,2.775,,0
EXP-05,exp05_p04_m08_ro100_lh05,baseline,phase,t04_part_05,specification,3,human,18.825,19.725,0.900,18.825,0.000
EXP-05,exp05_p04_m08_ro100_lh05,baseline,phase,t04_part_05,implementation,3,agent,19.725,22.500,2.775,,0
EXP-05,exp05_p04_m08_ro100_lh05,baseline,phase,t04_part_06,specification,4,human,19.725,20.625,0.900,19.725,0.000
EXP-05,exp05_p04_m08_ro100_lh05,baseline,phase,t04_part_06,implementation,4,agent,20.625,23.400,2.775,,0
EXP-05,exp05_p04_m08_ro100_lh05,baseline,phase,t04_part_07,specification,2,human,21.600,22.500,0.900,21.600,0.000
EXP-05,exp05_p04_m08_ro100_lh05,baseline,phase,t04_part_07,implementation,2,agent,22.500,25.275,2.775,,0
EXP-05,exp05_p04_m08_ro100_lh05,baseline,phase,t04_part_08,specification,3,human,22.500,23.400,0.900,22.500,0.000
EXP-05,exp05_p04_m08_ro100_lh05,baseline,phase,t04_part_08,implementation,3,agent,23.400,26.175,2.775,,0
EXP-05,exp05_p04_m08_ro100_lh05,baseline,phase,t04_join,integration,2,agent,26.175,30.375,4.200,,0
EXP-05,exp05_p04_m08_ro100_lh05,baseline,phase,t04_join,acceptance,2,human,30.375,37.575,7.200,30.375,0.000
EXP-05,exp05_p04_m08_ro100_lh05,baseline,wait,t01,human_1,2,human_queue,0,1.50,1.50,0,1.50
EXP-05,exp05_p04_m08_ro100_lh05,baseline,wait,t04_part_01,specification,2,human_queue,12.00,14.25,2.25,12.00,2.25
EXP-05,exp05_p04_m08_ro100_lh05,baseline,wait,t04_part_02,specification,3,human_queue,12.00,15.150,3.150,12.00,3.150
EXP-05,exp05_p04_m08_ro100_lh05,baseline,wait,t04_part_03,specification,4,human_queue,12.00,16.050,4.050,12.00,4.050
EXP-05,exp05_p04_m08_ro100_lh05,exact,phase,t01,human_1,2,human,1.50000,2.25000,0.75000,1.50000,0.00000
EXP-05,exp05_p04_m08_ro100_lh05,exact,phase,t01,agent_1,2,agent,2.25000,6.75000,4.50000,,0
EXP-05,exp05_p04_m08_ro100_lh05,exact,phase,t01,human_2,2,human,6.75000,7.50000,0.75000,6.75000,0.00000
EXP-05,exp05_p04_m08_ro100_lh05,exact,phase,t02,human_1,1,human,0.00000,1.50000,1.50000,0.00000,0.00000
EXP-05,exp05_p04_m08_ro100_lh05,exact,phase,t02,agent_1,1,agent,1.50000,10.50000,9.00000,,0
EXP-05,exp05_p04_m08_ro100_lh05,exact,phase,t02,human_2,1,human,10.50000,12.00000,1.50000,10.50000,0.00000
EXP-05,exp05_p04_m08_ro100_lh05,exact,phase,t03,human_1,2,human,19.35000,21.60000,2.25000,19.35000,0.00000
EXP-05,exp05_p04_m08_ro100_lh05,exact,phase,t03,agent_1,2,agent,21.60000,35.10000,13.50000,,0
EXP-05,exp05_p04_m08_ro100_lh05,exact,phase,t03,human_2,2,human,35.10000,37.35000,2.25000,35.10000,0.00000
EXP-05,exp05_p04_m08_ro100_lh05,exact,phase,t04_part_01,specification,2,human,15.67500,16.57500,0.90000,15.67500,0.00000
EXP-05,exp05_p04_m08_ro100_lh05,exact,phase,t04_part_01,implementation,2,agent,16.57500,19.35000,2.77500,,0
EXP-05,exp05_p04_m08_ro100_lh05,exact,phase,t04_part_02,specification,4,human,18.37500,19.27500,0.90000,18.37500,0.00000
EXP-05,exp05_p04_m08_ro100_lh05,exact,phase,t04_part_02,implementation,4,agent,19.27500,22.05000,2.77500,,0
EXP-05,exp05_p04_m08_ro100_lh05,exact,phase,t04_part_03,specification,4,human,14.70000,15.60000,0.90000,14.70000,0.00000
EXP-05,exp05_p04_m08_ro100_lh05,exact,phase,t04_part_03,implementation,4,agent,15.60000,18.37500,2.77500,,0
EXP-05,exp05_p04_m08_ro100_lh05,exact,phase,t04_part_04,specification,1,human,13.80000,14.70000,0.90000,13.80000,0.00000
EXP-05,exp05_p04_m08_ro100_lh05,exact,phase,t04_part_04,implementation,1,agent,14.70000,17.47500,2.77500,,0
EXP-05,exp05_p04_m08_ro100_lh05,exact,phase,t04_part_05,specification,1,human,17.47500,18.37500,0.90000,17.47500,0.00000
EXP-05,exp05_p04_m08_ro100_lh05,exact,phase,t04_part_05,implementation,1,agent,18.37500,21.15000,2.77500,,0
EXP-05,exp05_p04_m08_ro100_lh05,exact,phase,t04_part_06,specification,3,human,12.90000,13.80000,0.90000,12.90000,0.00000
EXP-05,exp05_p04_m08_ro100_lh05,exact,phase,t04_part_06,implementation,3,agent,13.80000,16.57500,2.77500,,0
EXP-05,exp05_p04_m08_ro100_lh05,exact,phase,t04_part_07,specification,2,human,12.00000,12.90000,0.90000,12.00000,0.00000
EXP-05,exp05_p04_m08_ro100_lh05,exact,phase,t04_part_07,implementation,2,agent,12.90000,15.67500,2.77500,,0
EXP-05,exp05_p04_m08_ro100_lh05,exact,phase,t04_part_08,specification,3,human,16.57500,17.47500,0.90000,16.57500,0.00000
EXP-05,exp05_p04_m08_ro100_lh05,exact,phase,t04_part_08,implementation,3,agent,17.47500,20.25000,2.77500,,0
EXP-05,exp05_p04_m08_ro100_lh05,exact,phase,t04_join,integration,4,agent,22.05000,26.25000,4.20000,,0
EXP-05,exp05_p04_m08_ro100_lh05,exact,phase,t04_join,acceptance,4,human,26.25000,33.45000,7.20000,26.25000,0.00000
EXP-05,exp05_p06_m01_ro000_lh00,baseline,phase,t01,human_1,2,human,1.50,2.25,0.75,0,1.50
EXP-05,exp05_p06_m01_ro000_lh00,baseline,phase,t01,agent_1,2,agent,2.25,6.75,4.50,,0
EXP-05,exp05_p06_m01_ro000_lh00,baseline,phase,t01,human_2,2,human,6.75,7.50,0.75,6.75,0.00
EXP-05,exp05_p06_m01_ro000_lh00,baseline,phase,t02,human_1,1,human,0,1.50,1.50,0,0
EXP-05,exp05_p06_m01_ro000_lh00,baseline,phase,t02,agent_1,1,agent,1.50,10.50,9.00,,0
EXP-05,exp05_p06_m01_ro000_lh00,baseline,phase,t02,human_2,1,human,10.50,12.00,1.50,10.50,0.00
EXP-05,exp05_p06_m01_ro000_lh00,baseline,phase,t03,human_1,2,human,15.00,17.25,2.25,12.00,3.00
EXP-05,exp05_p06_m01_ro000_lh00,baseline,phase,t03,agent_1,2,agent,17.25,30.75,13.50,,0
EXP-05,exp05_p06_m01_ro000_lh00,baseline,phase,t03,human_2,2,human,30.75,33.00,2.25,30.75,0.00
EXP-05,exp05_p06_m01_ro000_lh00,baseline,phase,t04_part_01,specification,1,human,12.00,15.00,3.00,12.00,0.00
EXP-05,exp05_p06_m01_ro000_lh00,baseline,phase,t04_part_01,implementation,1,agent,15.00,33.00,18.00,,0
EXP-05,exp05_p06_m01_ro000_lh00,baseline,phase,t04_join,acceptance,1,human,33.00,36.00,3.00,33.00,0.00
EXP-05,exp05_p06_m01_ro000_lh00,baseline,wait,t01,human_1,2,human_queue,0,1.50,1.50,0,1.50
EXP-05,exp05_p06_m01_ro000_lh00,baseline,wait,t03,human_1,2,human_queue,12.00,15.00,3.00,12.00,3.00
EXP-05,exp05_p06_m01_ro000_lh00,exact,phase,t01,human_1,6,human,1.50000,2.25000,0.75000,1.50000,0.00000
EXP-05,exp05_p06_m01_ro000_lh00,exact,phase,t01,agent_1,6,agent,2.25000,6.75000,4.50000,,0
EXP-05,exp05_p06_m01_ro000_lh00,exact,phase,t01,human_2,6,human,6.75000,7.50000,0.75000,6.75000,0.00000
EXP-05,exp05_p06_m01_ro000_lh00,exact,phase,t02,human_1,5,human,0.00000,1.50000,1.50000,0.00000,0.00000
EXP-05,exp05_p06_m01_ro000_lh00,exact,phase,t02,agent_1,5,agent,1.50000,10.50000,9.00000,,0
EXP-05,exp05_p06_m01_ro000_lh00,exact,phase,t02,human_2,5,human,10.50000,12.00000,1.50000,10.50000,0.00000
EXP-05,exp05_p06_m01_ro000_lh00,exact,phase,t03,human_1,3,human,15.00000,17.25000,2.25000,15.00000,0.00000
EXP-05,exp05_p06_m01_ro000_lh00,exact,phase,t03,agent_1,3,agent,17.25000,30.75000,13.50000,,0
EXP-05,exp05_p06_m01_ro000_lh00,exact,phase,t03,human_2,3,human,30.75000,33.00000,2.25000,30.75000,0.00000
EXP-05,exp05_p06_m01_ro000_lh00,exact,phase,t04_part_01,specification,6,human,12.00000,15.00000,3.00000,12.00000,0.00000
EXP-05,exp05_p06_m01_ro000_lh00,exact,phase,t04_part_01,implementation,6,agent,15.00000,33.00000,18.00000,,0
EXP-05,exp05_p06_m01_ro000_lh00,exact,phase,t04_join,acceptance,2,human,33.00000,36.00000,3.00000,33.00000,0.00000
EXP-05,exp05_p06_m02_ro000_lh00,baseline,phase,t01,human_1,2,human,1.50,2.25,0.75,0,1.50
EXP-05,exp05_p06_m02_ro000_lh00,baseline,phase,t01,agent_1,2,agent,2.25,6.75,4.50,,0
EXP-05,exp05_p06_m02_ro000_lh00,baseline,phase,t01,human_2,2,human,6.75,7.50,0.75,6.75,0.00
EXP-05,exp05_p06_m02_ro000_lh00,baseline,phase,t02,human_1,1,human,0,1.50,1.50,0,0
EXP-05,exp05_p06_m02_ro000_lh00,baseline,phase,t02,agent_1,1,agent,1.50,10.50,9.00,,0
EXP-05,exp05_p06_m02_ro000_lh00,baseline,phase,t02,human_2,1,human,10.50,12.00,1.50,10.50,0.00
EXP-05,exp05_p06_m02_ro000_lh00,baseline,phase,t03,human_1,1,human,12.00,14.25,2.25,12.00,0.00
EXP-05,exp05_p06_m02_ro000_lh00,baseline,phase,t03,agent_1,1,agent,14.25,27.75,13.50,,0
EXP-05,exp05_p06_m02_ro000_lh00,baseline,phase,t03,human_2,1,human,29.25,31.50,2.25,27.75,1.50
EXP-05,exp05_p06_m02_ro000_lh00,baseline,phase,t04_part_01,specification,2,human,14.25,15.75,1.50,12.00,2.25
EXP-05,exp05_p06_m02_ro000_lh00,baseline,phase,t04_part_01,implementation,2,agent,15.75,24.75,9.00,,0
EXP-05,exp05_p06_m02_ro000_lh00,baseline,phase,t04_part_02,specification,3,human,15.75,17.25,1.50,12.00,3.75
EXP-05,exp05_p06_m02_ro000_lh00,baseline,phase,t04_part_02,implementation,3,agent,17.25,26.25,9.00,,0
EXP-05,exp05_p06_m02_ro000_lh00,baseline,phase,t04_join,acceptance,2,human,26.25,29.25,3.00,26.25,0.00
EXP-05,exp05_p06_m02_ro000_lh00,baseline,wait,t01,human_1,2,human_queue,0,1.50,1.50,0,1.50
EXP-05,exp05_p06_m02_ro000_lh00,baseline,wait,t03,human_2,1,human_queue,27.75,29.25,1.50,27.75,1.50
EXP-05,exp05_p06_m02_ro000_lh00,baseline,wait,t04_part_01,specification,2,human_queue,12.00,14.25,2.25,12.00,2.25
EXP-05,exp05_p06_m02_ro000_lh00,baseline,wait,t04_part_02,specification,3,human_queue,12.00,15.75,3.75,12.00,3.75
EXP-05,exp05_p06_m02_ro000_lh00,exact,phase,t01,human_1,6,human,1.50000,2.25000,0.75000,1.50000,0.00000
EXP-05,exp05_p06_m02_ro000_lh00,exact,phase,t01,agent_1,6,agent,2.25000,6.75000,4.50000,,0
EXP-05,exp05_p06_m02_ro000_lh00,exact,phase,t01,human_2,6,human,6.75000,7.50000,0.75000,6.75000,0.00000
EXP-05,exp05_p06_m02_ro000_lh00,exact,phase,t02,human_1,2,human,0.00000,1.50000,1.50000,0.00000,0.00000
EXP-05,exp05_p06_m02_ro000_lh00,exact,phase,t02,agent_1,2,agent,1.50000,10.50000,9.00000,,0
EXP-05,exp05_p06_m02_ro000_lh00,exact,phase,t02,human_2,2,human,10.50000,12.00000,1.50000,10.50000,0.00000
EXP-05,exp05_p06_m02_ro000_lh00,exact,phase,t03,human_1,1,human,12.00000,14.25000,2.25000,12.00000,0.00000
EXP-05,exp05_p06_m02_ro000_lh00,exact,phase,t03,agent_1,1,agent,14.25000,27.75000,13.50000,,0
EXP-05,exp05_p06_m02_ro000_lh00,exact,phase,t03,human_2,1,human,29.25000,31.50000,2.25000,27.75000,1.50000
EXP-05,exp05_p06_m02_ro000_lh00,exact,phase,t04_part_01,specification,4,human,15.75000,17.25000,1.50000,15.75000,0.00000
EXP-05,exp05_p06_m02_ro000_lh00,exact,phase,t04_part_01,implementation,4,agent,17.25000,26.25000,9.00000,,0
EXP-05,exp05_p06_m02_ro000_lh00,exact,phase,t04_part_02,specification,6,human,14.25000,15.75000,1.50000,14.25000,0.00000
EXP-05,exp05_p06_m02_ro000_lh00,exact,phase,t04_part_02,implementation,6,agent,15.75000,24.75000,9.00000,,0
EXP-05,exp05_p06_m02_ro000_lh00,exact,phase,t04_join,acceptance,3,human,26.25000,29.25000,3.00000,26.25000,0.00000
EXP-05,exp05_p06_m02_ro000_lh00,exact,wait,t03,human_2,1,human_queue,27.75000,29.25000,1.50000,27.75000,1.50000
EXP-05,exp05_p06_m02_ro050_lh00,baseline,phase,t01,human_1,2,human,1.50,2.25,0.75,0,1.50
EXP-05,exp05_p06_m02_ro050_lh00,baseline,phase,t01,agent_1,2,agent,2.25,6.75,4.50,,0
EXP-05,exp05_p06_m02_ro050_lh00,baseline,phase,t01,human_2,2,human,6.75,7.50,0.75,6.75,0.00
EXP-05,exp05_p06_m02_ro050_lh00,baseline,phase,t02,human_1,1,human,0,1.50,1.50,0,0
EXP-05,exp05_p06_m02_ro050_lh00,baseline,phase,t02,agent_1,1,agent,1.50,10.50,9.00,,0
EXP-05,exp05_p06_m02_ro050_lh00,baseline,phase,t02,human_2,1,human,10.50,12.00,1.50,10.50,0.00
EXP-05,exp05_p06_m02_ro050_lh00,baseline,phase,t03,human_1,1,human,12.00,14.25,2.25,12.00,0.00
EXP-05,exp05_p06_m02_ro050_lh00,baseline,phase,t03,agent_1,1,agent,14.25,27.75,13.50,,0
EXP-05,exp05_p06_m02_ro050_lh00,baseline,phase,t03,human_2,1,human,30.15,32.40,2.25,27.75,2.40
EXP-05,exp05_p06_m02_ro050_lh00,baseline,phase,t04_part_01,specification,2,human,14.25,15.75,1.50,12.00,2.25
EXP-05,exp05_p06_m02_ro050_lh00,baseline,phase,t04_part_01,implementation,2,agent,15.75,25.05,9.30,,0
EXP-05,exp05_p06_m02_ro050_lh00,baseline,phase,t04_part_02,specification,3,human,15.75,17.25,1.50,12.00,3.75
EXP-05,exp05_p06_m02_ro050_lh00,baseline,phase,t04_part_02,implementation,3,agent,17.25,26.55,9.30,,0
EXP-05,exp05_p06_m02_ro050_lh00,baseline,phase,t04_join,integration,2,agent,26.55,27.15,0.60,,0
EXP-05,exp05_p06_m02_ro050_lh00,baseline,phase,t04_join,acceptance,2,human,27.15,30.15,3.00,27.15,0.00
EXP-05,exp05_p06_m02_ro050_lh00,baseline,wait,t01,human_1,2,human_queue,0,1.50,1.50,0,1.50
EXP-05,exp05_p06_m02_ro050_lh00,baseline,wait,t03,human_2,1,human_queue,27.75,30.15,2.40,27.75,2.40
EXP-05,exp05_p06_m02_ro050_lh00,baseline,wait,t04_part_01,specification,2,human_queue,12.00,14.25,2.25,12.00,2.25
EXP-05,exp05_p06_m02_ro050_lh00,baseline,wait,t04_part_02,specification,3,human_queue,12.00,15.75,3.75,12.00,3.75
EXP-05,exp05_p06_m02_ro050_lh00,exact,phase,t01,human_1,6,human,1.50000,2.25000,0.75000,1.50000,0.00000
EXP-05,exp05_p06_m02_ro050_lh00,exact,phase,t01,agent_1,6,agent,2.25000,6.75000,4.50000,,0
EXP-05,exp05_p06_m02_ro050_lh00,exact,phase,t01,human_2,6,human,6.75000,7.50000,0.75000,6.75000,0.00000
EXP-05,exp05_p06_m02_ro050_lh00,exact,phase,t02,human_1,3,human,0.00000,1.50000,1.50000,0.00000,0.00000
EXP-05,exp05_p06_m02_ro050_lh00,exact,phase,t02,agent_1,3,agent,1.50000,10.50000,9.00000,,0
EXP-05,exp05_p06_m02_ro050_lh00,exact,phase,t02,human_2,3,human,10.50000,12.00000,1.50000,10.50000,0.00000
EXP-05,exp05_p06_m02_ro050_lh00,exact,phase,t03,human_1,2,human,13.50000,15.75000,2.25000,13.50000,0.00000
EXP-05,exp05_p06_m02_ro050_lh00,exact,phase,t03,agent_1,2,agent,15.75000,29.25000,13.50000,,0
EXP-05,exp05_p06_m02_ro050_lh00,exact,phase,t03,human_2,2,human,30.15000,32.40000,2.25000,29.25000,0.90000
EXP-05,exp05_p06_m02_ro050_lh00,exact,phase,t04_part_01,specification,1,human,12.00000,13.50000,1.50000,12.00000,0.00000
EXP-05,exp05_p06_m02_ro050_lh00,exact,phase,t04_part_01,implementation,1,agent,13.50000,22.80000,9.30000,,0
EXP-05,exp05_p06_m02_ro050_lh00,exact,phase,t04_part_02,specification,6,human,15.75000,17.25000,1.50000,15.75000,0.00000
EXP-05,exp05_p06_m02_ro050_lh00,exact,phase,t04_part_02,implementation,6,agent,17.25000,26.55000,9.30000,,0
EXP-05,exp05_p06_m02_ro050_lh00,exact,phase,t04_join,integration,4,agent,26.55000,27.15000,0.60000,,0
EXP-05,exp05_p06_m02_ro050_lh00,exact,phase,t04_join,acceptance,4,human,27.15000,30.15000,3.00000,27.15000,0.00000
EXP-05,exp05_p06_m02_ro050_lh00,exact,wait,t03,human_2,2,human_queue,29.25000,30.15000,0.90000,29.25000,0.90000
EXP-05,exp05_p06_m02_ro050_lh05,baseline,phase,t01,human_1,2,human,1.50,2.25,0.75,0,1.50
EXP-05,exp05_p06_m02_ro050_lh05,baseline,phase,t01,agent_1,2,agent,2.25,6.75,4.50,,0
EXP-05,exp05_p06_m02_ro050_lh05,baseline,phase,t01,human_2,2,human,6.75,7.50,0.75,6.75,0.00
EXP-05,exp05_p06_m02_ro050_lh05,baseline,phase,t02,human_1,1,human,0,1.50,1.50,0,0
EXP-05,exp05_p06_m02_ro050_lh05,baseline,phase,t02,agent_1,1,agent,1.50,10.50,9.00,,0
EXP-05,exp05_p06_m02_ro050_lh05,baseline,phase,t02,human_2,1,human,10.50,12.00,1.50,10.50,0.00
EXP-05,exp05_p06_m02_ro050_lh05,baseline,phase,t03,human_1,1,human,12.00,14.25,2.25,12.00,0.00
EXP-05,exp05_p06_m02_ro050_lh05,baseline,phase,t03,agent_1,1,agent,14.25,27.75,13.50,,0
EXP-05,exp05_p06_m02_ro050_lh05,baseline,phase,t03,human_2,1,human,30.300,32.550,2.250,27.75,2.550
EXP-05,exp05_p06_m02_ro050_lh05,baseline,phase,t04_part_01,specification,2,human,14.25,15.900,1.650,12.00,2.25
EXP-05,exp05_p06_m02_ro050_lh05,baseline,phase,t04_part_01,implementation,2,agent,15.900,25.050,9.150,,0
EXP-05,exp05_p06_m02_ro050_lh05,baseline,phase,t04_part_02,specification,3,human,15.900,17.550,1.650,12.00,3.900
EXP-05,exp05_p06_m02_ro050_lh05,baseline,phase,t04_part_02,implementation,3,agent,17.550,26.700,9.150,,0
EXP-05,exp05_p06_m02_ro050_lh05,baseline,phase,t04_join,integration,2,agent,26.700,27.000,0.300,,0
EXP-05,exp05_p06_m02_ro050_lh05,baseline,phase,t04_join,acceptance,2,human,27.000,30.300,3.300,27.000,0.000
EXP-05,exp05_p06_m02_ro050_lh05,baseline,wait,t01,human_1,2,human_queue,0,1.50,1.50,0,1.50
EXP-05,exp05_p06_m02_ro050_lh05,baseline,wait,t03,human_2,1,human_queue,27.75,30.300,2.550,27.75,2.550
EXP-05,exp05_p06_m02_ro050_lh05,baseline,wait,t04_part_01,specification,2,human_queue,12.00,14.25,2.25,12.00,2.25
EXP-05,exp05_p06_m02_ro050_lh05,baseline,wait,t04_part_02,specification,3,human_queue,12.00,15.900,3.900,12.00,3.900
EXP-05,exp05_p06_m02_ro050_lh05,exact,phase,t01,human_1,6,human,1.50000,2.25000,0.75000,1.50000,0.00000
EXP-05,exp05_p06_m02_ro050_lh05,exact,phase,t01,agent_1,6,agent,2.25000,6.75000,4.50000,,0
EXP-05,exp05_p06_m02_ro050_lh05,exact,phase,t01,human_2,6,human,6.75000,7.50000,0.75000,6.75000,0.00000
EXP-05,exp05_p06_m02_ro050_lh05,exact,phase,t02,human_1,3,human,0.00000,1.50000,1.50000,0.00000,0.00000
EXP-05,exp05_p06_m02_ro050_lh05,exact,phase,t02,agent_1,3,agent,1.50000,10.50000,9.00000,,0
EXP-05,exp05_p06_m02_ro050_lh05,exact,phase,t02,human_2,3,human,10.50000,12.00000,1.50000,10.50000,0.00000
EXP-05,exp05_p06_m02_ro050_lh05,exact,phase,t03,human_1,2,human,13.65000,15.90000,2.25000,13.65000,0.00000
EXP-05,exp05_p06_m02_ro050_lh05,exact,phase,t03,agent_1,2,agent,15.90000,29.40000,13.50000,,0
EXP-05,exp05_p06_m02_ro050_lh05,exact,phase,t03,human_2,2,human,30.30000,32.55000,2.25000,29.40000,0.90000
EXP-05,exp05_p06_m02_ro050_lh05,exact,phase,t04_part_01,specification,1,human,12.00000,13.65000,1.65000,12.00000,0.00000
EXP-05,exp05_p06_m02_ro050_lh05,exact,phase,t04_part_01,implementation,1,agent,13.65000,22.80000,9.15000,,0
EXP-05,exp05_p06_m02_ro050_lh05,exact,phase,t04_part_02,specification,6,human,15.90000,17.55000,1.65000,15.90000,0.00000
EXP-05,exp05_p06_m02_ro050_lh05,exact,phase,t04_part_02,implementation,6,agent,17.55000,26.70000,9.15000,,0
EXP-05,exp05_p06_m02_ro050_lh05,exact,phase,t04_join,integration,4,agent,26.70000,27.00000,0.30000,,0
EXP-05,exp05_p06_m02_ro050_lh05,exact,phase,t04_join,acceptance,4,human,27.00000,30.30000,3.30000,27.00000,0.00000
EXP-05,exp05_p06_m02_ro050_lh05,exact,wait,t03,human_2,2,human_queue,29.40000,30.30000,0.90000,29.40000,0.90000
EXP-05,exp05_p06_m02_ro100_lh00,baseline,phase,t01,human_1,2,human,1.50,2.25,0.75,0,1.50
EXP-05,exp05_p06_m02_ro100_lh00,baseline,phase,t01,agent_1,2,agent,2.25,6.75,4.50,,0
EXP-05,exp05_p06_m02_ro100_lh00,baseline,phase,t01,human_2,2,human,6.75,7.50,0.75,6.75,0.00
EXP-05,exp05_p06_m02_ro100_lh00,baseline,phase,t02,human_1,1,human,0,1.50,1.50,0,0
EXP-05,exp05_p06_m02_ro100_lh00,baseline,phase,t02,agent_1,1,agent,1.50,10.50,9.00,,0
EXP-05,exp05_p06_m02_ro100_lh00,baseline,phase,t02,human_2,1,human,10.50,12.00,1.50,10.50,0.00
EXP-05,exp05_p06_m02_ro100_lh00,baseline,phase,t03,human_1,1,human,12.00,14.25,2.25,12.00,0.00
EXP-05,exp05_p06_m02_ro100_lh00,baseline,phase,t03,agent_1,1,agent,14.25,27.75,13.50,,0
EXP-05,exp05_p06_m02_ro100_lh00,baseline,phase,t03,human_2,1,human,27.75,30.00,2.25,27.75,0.00
EXP-05,exp05_p06_m02_ro100_lh00,baseline,phase,t04_part_01,specification,2,human,14.25,15.75,1.50,12.00,2.25
EXP-05,exp05_p06_m02_ro100_lh00,baseline,phase,t04_part_01,implementation,2,agent,15.75,25.35,9.60,,0
EXP-05,exp05_p06_m02_ro100_lh00,baseline,phase,t04_part_02,specification,3,human,15.75,17.25,1.50,12.00,3.75
EXP-05,exp05_p06_m02_ro100_lh00,baseline,phase,t04_part_02,implementation,3,agent,17.25,26.85,9.60,,0
EXP-05,exp05_p06_m02_ro100_lh00,baseline,phase,t04_join,integration,2,agent,26.85,28.05,1.20,,0
EXP-05,exp05_p06_m02_ro100_lh00,baseline,phase,t04_join,acceptance,2,human,30.00,33.00,3.00,28.05,1.95
EXP-05,exp05_p06_m02_ro100_lh00,baseline,wait,t01,human_1,2,human_queue,0,1.50,1.50,0,1.50
EXP-05,exp05_p06_m02_ro100_lh00,baseline,wait,t04_part_01,specification,2,human_queue,12.00,14.25,2.25,12.00,2.25
EXP-05,exp05_p06_m02_ro100_lh00,baseline,wait,t04_part_02,specification,3,human_queue,12.00,15.75,3.75,12.00,3.75
EXP-05,exp05_p06_m02_ro100_lh00,baseline,wait,t04_join,acceptance,2,human_queue,28.05,30.00,1.95,28.05,1.95
EXP-05,exp05_p06_m02_ro100_lh00,exact,phase,t01,human_1,6,human,1.50000,2.25000,0.75000,1.50000,0.00000
EXP-05,exp05_p06_m02_ro100_lh00,exact,phase,t01,agent_1,6,agent,2.25000,6.75000,4.50000,,0
EXP-05,exp05_p06_m02_ro100_lh00,exact,phase,t01,human_2,6,human,6.75000,7.50000,0.75000,6.75000,0.00000
EXP-05,exp05_p06_m02_ro100_lh00,exact,phase,t02,human_1,3,human,0.00000,1.50000,1.50000,0.00000,0.00000
EXP-05,exp05_p06_m02_ro100_lh00,exact,phase,t02,agent_1,3,agent,1.50000,10.50000,9.00000,,0
EXP-05,exp05_p06_m02_ro100_lh00,exact,phase,t02,human_2,3,human,10.50000,12.00000,1.50000,10.50000,0.00000
EXP-05,exp05_p06_m02_ro100_lh00,exact,phase,t03,human_1,2,human,12.00000,14.25000,2.25000,12.00000,0.00000
EXP-05,exp05_p06_m02_ro100_lh00,exact,phase,t03,agent_1,2,agent,14.25000,27.75000,13.50000,,0
EXP-05,exp05_p06_m02_ro100_lh00,exact,phase,t03,human_2,2,human,27.75000,30.00000,2.25000,27.75000,0.00000
EXP-05,exp05_p06_m02_ro100_lh00,exact,phase,t04_part_01,specification,1,human,14.25000,15.75000,1.50000,14.25000,0.00000
EXP-05,exp05_p06_m02_ro100_lh00,exact,phase,t04_part_01,implementation,1,agent,15.75000,25.35000,9.60000,,0
EXP-05,exp05_p06_m02_ro100_lh00,exact,phase,t04_part_02,specification,6,human,15.75000,17.25000,1.50000,15.75000,0.00000
EXP-05,exp05_p06_m02_ro100_lh00,exact,phase,t04_part_02,implementation,6,agent,17.25000,26.85000,9.60000,,0
EXP-05,exp05_p06_m02_ro100_lh00,exact,phase,t04_join,integration,4,agent,26.85000,28.05000,1.20000,,0
EXP-05,exp05_p06_m02_ro100_lh00,exact,phase,t04_join,acceptance,4,human,30.00000,33.00000,3.00000,28.05000,1.95000
EXP-05,exp05_p06_m02_ro100_lh00,exact,wait,t04_join,acceptance,4,human_queue,28.05000,30.00000,1.95000,28.05000,1.95000
EXP-05,exp05_p06_m02_ro100_lh05,baseline,phase,t01,human_1,2,human,1.50,2.25,0.75,0,1.50
EXP-05,exp05_p06_m02_ro100_lh05,baseline,phase,t01,agent_1,2,agent,2.25,6.75,4.50,,0
EXP-05,exp05_p06_m02_ro100_lh05,baseline,phase,t01,human_2,2,human,6.75,7.50,0.75,6.75,0.00
EXP-05,exp05_p06_m02_ro100_lh05,baseline,phase,t02,human_1,1,human,0,1.50,1.50,0,0
EXP-05,exp05_p06_m02_ro100_lh05,baseline,phase,t02,agent_1,1,agent,1.50,10.50,9.00,,0
EXP-05,exp05_p06_m02_ro100_lh05,baseline,phase,t02,human_2,1,human,10.50,12.00,1.50,10.50,0.00
EXP-05,exp05_p06_m02_ro100_lh05,baseline,phase,t03,human_1,1,human,12.00,14.25,2.25,12.00,0.00
EXP-05,exp05_p06_m02_ro100_lh05,baseline,phase,t03,agent_1,1,agent,14.25,27.75,13.50,,0
EXP-05,exp05_p06_m02_ro100_lh05,baseline,phase,t03,human_2,1,human,27.75,30.00,2.25,27.75,0.00
EXP-05,exp05_p06_m02_ro100_lh05,baseline,phase,t04_part_01,specification,2,human,14.25,16.050,1.800,12.00,2.25
EXP-05,exp05_p06_m02_ro100_lh05,baseline,phase,t04_part_01,implementation,2,agent,16.050,25.350,9.300,,0
EXP-05,exp05_p06_m02_ro100_lh05,baseline,phase,t04_part_02,specification,3,human,16.050,17.850,1.800,12.00,4.050
EXP-05,exp05_p06_m02_ro100_lh05,baseline,phase,t04_part_02,implementation,3,agent,17.850,27.150,9.300,,0
EXP-05,exp05_p06_m02_ro100_lh05,baseline,phase,t04_join,integration,2,agent,27.150,27.750,0.600,,0
EXP-05,exp05_p06_m02_ro100_lh05,baseline,phase,t04_join,acceptance,2,human,30.00,33.600,3.600,27.750,2.250
EXP-05,exp05_p06_m02_ro100_lh05,baseline,wait,t01,human_1,2,human_queue,0,1.50,1.50,0,1.50
EXP-05,exp05_p06_m02_ro100_lh05,baseline,wait,t04_part_01,specification,2,human_queue,12.00,14.25,2.25,12.00,2.25
EXP-05,exp05_p06_m02_ro100_lh05,baseline,wait,t04_part_02,specification,3,human_queue,12.00,16.050,4.050,12.00,4.050
EXP-05,exp05_p06_m02_ro100_lh05,baseline,wait,t04_join,acceptance,2,human_queue,27.750,30.00,2.250,27.750,2.250
EXP-05,exp05_p06_m02_ro100_lh05,exact,phase,t01,human_1,6,human,1.50000,2.25000,0.75000,1.50000,0.00000
EXP-05,exp05_p06_m02_ro100_lh05,exact,phase,t01,agent_1,6,agent,2.25000,6.75000,4.50000,,0
EXP-05,exp05_p06_m02_ro100_lh05,exact,phase,t01,human_2,6,human,6.75000,7.50000,0.75000,6.75000,0.00000
EXP-05,exp05_p06_m02_ro100_lh05,exact,phase,t02,human_1,3,human,0.00000,1.50000,1.50000,0.00000,0.00000
EXP-05,exp05_p06_m02_ro100_lh05,exact,phase,t02,agent_1,3,agent,1.50000,10.50000,9.00000,,0
EXP-05,exp05_p06_m02_ro100_lh05,exact,phase,t02,human_2,3,human,10.50000,12.00000,1.50000,10.50000,0.00000
EXP-05,exp05_p06_m02_ro100_lh05,exact,phase,t03,human_1,2,human,12.00000,14.25000,2.25000,12.00000,0.00000
EXP-05,exp05_p06_m02_ro100_lh05,exact,phase,t03,agent_1,2,agent,14.25000,27.75000,13.50000,,0
EXP-05,exp05_p06_m02_ro100_lh05,exact,phase,t03,human_2,2,human,27.75000,30.00000,2.25000,27.75000,0.00000
EXP-05,exp05_p06_m02_ro100_lh05,exact,phase,t04_part_01,specification,1,human,14.25000,16.05000,1.80000,14.25000,0.00000
EXP-05,exp05_p06_m02_ro100_lh05,exact,phase,t04_part_01,implementation,1,agent,16.05000,25.35000,9.30000,,0
EXP-05,exp05_p06_m02_ro100_lh05,exact,phase,t04_part_02,specification,6,human,16.05000,17.85000,1.80000,16.05000,0.00000
EXP-05,exp05_p06_m02_ro100_lh05,exact,phase,t04_part_02,implementation,6,agent,17.85000,27.15000,9.30000,,0
EXP-05,exp05_p06_m02_ro100_lh05,exact,phase,t04_join,integration,4,agent,27.15000,27.75000,0.60000,,0
EXP-05,exp05_p06_m02_ro100_lh05,exact,phase,t04_join,acceptance,4,human,30.00000,33.60000,3.60000,27.75000,2.25000
EXP-05,exp05_p06_m02_ro100_lh05,exact,wait,t04_join,acceptance,4,human_queue,27.75000,30.00000,2.25000,27.75000,2.25000
EXP-05,exp05_p06_m03_ro000_lh00,baseline,phase,t01,human_1,2,human,1.50,2.25,0.75,0,1.50
EXP-05,exp05_p06_m03_ro000_lh00,baseline,phase,t01,agent_1,2,agent,2.25,6.75,4.50,,0
EXP-05,exp05_p06_m03_ro000_lh00,baseline,phase,t01,human_2,2,human,6.75,7.50,0.75,6.75,0.00
EXP-05,exp05_p06_m03_ro000_lh00,baseline,phase,t02,human_1,1,human,0,1.50,1.50,0,0
EXP-05,exp05_p06_m03_ro000_lh00,baseline,phase,t02,agent_1,1,agent,1.50,10.50,9.00,,0
EXP-05,exp05_p06_m03_ro000_lh00,baseline,phase,t02,human_2,1,human,10.50,12.00,1.50,10.50,0.00
EXP-05,exp05_p06_m03_ro000_lh00,baseline,phase,t03,human_1,1,human,12.00,14.25,2.25,12.00,0.00
EXP-05,exp05_p06_m03_ro000_lh00,baseline,phase,t03,agent_1,1,agent,14.25,27.75,13.50,,0
EXP-05,exp05_p06_m03_ro000_lh00,baseline,phase,t03,human_2,1,human,27.75,30.00,2.25,27.75,0.00
EXP-05,exp05_p06_m03_ro000_lh00,baseline,phase,t04_part_01,specification,2,human,14.25,15.25,1.00,12.00,2.25
EXP-05,exp05_p06_m03_ro000_lh00,baseline,phase,t04_part_01,implementation,2,agent,15.25,21.25,6.00,,0
EXP-05,exp05_p06_m03_ro000_lh00,baseline,phase,t04_part_02,specification,3,human,15.25,16.25,1.00,12.00,3.25
EXP-05,exp05_p06_m03_ro000_lh00,baseline,phase,t04_part_02,implementation,3,agent,16.25,22.25,6.00,,0
EXP-05,exp05_p06_m03_ro000_lh00,baseline,phase,t04_part_03,specification,4,human,16.25,17.25,1.00,12.00,4.25
EXP-05,exp05_p06_m03_ro000_lh00,baseline,phase,t04_part_03,implementation,4,agent,17.25,23.25,6.00,,0
EXP-05,exp05_p06_m03_ro000_lh00,baseline,phase,t04_join,acceptance,2,human,23.25,26.25,3.00,23.25,0.00
EXP-05,exp05_p06_m03_ro000_lh00,baseline,wait,t01,human_1,2,human_queue,0,1.50,1.50,0,1.50
EXP-05,exp05_p06_m03_ro000_lh00,baseline,wait,t04_part_01,specification,2,human_queue,12.00,14.25,2.25,12.00,2.25
EXP-05,exp05_p06_m03_ro000_lh00,baseline,wait,t04_part_02,specification,3,human_queue,12.00,15.25,3.25,12.00,3.25
EXP-05,exp05_p06_m03_ro000_lh00,baseline,wait,t04_part_03,specification,4,human_queue,12.00,16.25,4.25,12.00,4.25
EXP-05,exp05_p06_m03_ro000_lh00,exact,phase,t01,human_1,4,human,1.50000,2.25000,0.75000,1.50000,0.00000
EXP-05,exp05_p06_m03_ro000_lh00,exact,phase,t01,agent_1,4,agent,2.25000,6.75000,4.50000,,0
EXP-05,exp05_p06_m03_ro000_lh00,exact,phase,t01,human_2,4,human,6.75000,7.50000,0.75000,6.75000,0.00000
EXP-05,exp05_p06_m03_ro000_lh00,exact,phase,t02,human_1,1,human,0.00000,1.50000,1.50000,0.00000,0.00000
EXP-05,exp05_p06_m03_ro000_lh00,exact,phase,t02,agent_1,1,agent,1.50000,10.50000,9.00000,,0
EXP-05,exp05_p06_m03_ro000_lh00,exact,phase,t02,human_2,1,human,10.50000,12.00000,1.50000,10.50000,0.00000
EXP-05,exp05_p06_m03_ro000_lh00,exact,phase,t03,human_1,1,human,12.00000,14.25000,2.25000,12.00000,0.00000
EXP-05,exp05_p06_m03_ro000_lh00,exact,phase,t03,agent_1,1,agent,14.25000,27.75000,13.50000,,0
EXP-05,exp05_p06_m03_ro000_lh00,exact,phase,t03,human_2,1,human,27.75000,30.00000,2.25000,27.75000,0.00000
EXP-05,exp05_p06_m03_ro000_lh00,exact,phase,t04_part_01,specification,4,human,16.25000,17.25000,1.00000,16.25000,0.00000
EXP-05,exp05_p06_m03_ro000_lh00,exact,phase,t04_part_01,implementation,4,agent,17.25000,23.25000,6.00000,,0
EXP-05,exp05_p06_m03_ro000_lh00,exact,phase,t04_part_02,specification,5,human,15.25000,16.25000,1.00000,15.25000,0.00000
EXP-05,exp05_p06_m03_ro000_lh00,exact,phase,t04_part_02,implementation,5,agent,16.25000,22.25000,6.00000,,0
EXP-05,exp05_p06_m03_ro000_lh00,exact,phase,t04_part_03,specification,6,human,14.25000,15.25000,1.00000,14.25000,0.00000
EXP-05,exp05_p06_m03_ro000_lh00,exact,phase,t04_part_03,implementation,6,agent,15.25000,21.25000,6.00000,,0
EXP-05,exp05_p06_m03_ro000_lh00,exact,phase,t04_join,acceptance,2,human,23.25000,26.25000,3.00000,23.25000,0.00000
EXP-05,exp05_p06_m03_ro050_lh00,baseline,phase,t01,human_1,2,human,1.50,2.25,0.75,0,1.50
EXP-05,exp05_p06_m03_ro050_lh00,baseline,phase,t01,agent_1,2,agent,2.25,6.75,4.50,,0
EXP-05,exp05_p06_m03_ro050_lh00,baseline,phase,t01,human_2,2,human,6.75,7.50,0.75,6.75,0.00
EXP-05,exp05_p06_m03_ro050_lh00,baseline,phase,t02,human_1,1,human,0,1.50,1.50,0,0
EXP-05,exp05_p06_m03_ro050_lh00,baseline,phase,t02,agent_1,1,agent,1.50,10.50,9.00,,0
EXP-05,exp05_p06_m03_ro050_lh00,baseline,phase,t02,human_2,1,human,10.50,12.00,1.50,10.50,0.00
EXP-05,exp05_p06_m03_ro050_lh00,baseline,phase,t03,human_1,1,human,12.00,14.25,2.25,12.00,0.00
EXP-05,exp05_p06_m03_ro050_lh00,baseline,phase,t03,agent_1,1,agent,14.25,27.75,13.50,,0
EXP-05,exp05_p06_m03_ro050_lh00,baseline,phase,t03,human_2,1,human,27.85,30.10,2.25,27.75,0.10
EXP-05,exp05_p06_m03_ro050_lh00,baseline,phase,t04_part_01,specification,2,human,14.25,15.25,1.00,12.00,2.25
EXP-05,exp05_p06_m03_ro050_lh00,baseline,phase,t04_part_01,implementation,2,agent,15.25,21.65,6.40,,0
EXP-05,exp05_p06_m03_ro050_lh00,baseline,phase,t04_part_02,specification,3,human,15.25,16.25,1.00,12.00,3.25
EXP-05,exp05_p06_m03_ro050_lh00,baseline,phase,t04_part_02,implementation,3,agent,16.25,22.65,6.40,,0
EXP-05,exp05_p06_m03_ro050_lh00,baseline,phase,t04_part_03,specification,4,human,16.25,17.25,1.00,12.00,4.25
EXP-05,exp05_p06_m03_ro050_lh00,baseline,phase,t04_part_03,implementation,4,agent,17.25,23.65,6.40,,0
EXP-05,exp05_p06_m03_ro050_lh00,baseline,phase,t04_join,integration,2,agent,23.65,24.85,1.20,,0
EXP-05,exp05_p06_m03_ro050_lh00,baseline,phase,t04_join,acceptance,2,human,24.85,27.85,3.00,24.85,0.00
EXP-05,exp05_p06_m03_ro050_lh00,baseline,wait,t01,human_1,2,human_queue,0,1.50,1.50,0,1.50
EXP-05,exp05_p06_m03_ro050_lh00,baseline,wait,t03,human_2,1,human_queue,27.75,27.85,0.10,27.75,0.10
EXP-05,exp05_p06_m03_ro050_lh00,baseline,wait,t04_part_01,specification,2,human_queue,12.00,14.25,2.25,12.00,2.25
EXP-05,exp05_p06_m03_ro050_lh00,baseline,wait,t04_part_02,specification,3,human_queue,12.00,15.25,3.25,12.00,3.25
EXP-05,exp05_p06_m03_ro050_lh00,baseline,wait,t04_part_03,specification,4,human_queue,12.00,16.25,4.25,12.00,4.25
EXP-05,exp05_p06_m03_ro050_lh00,exact,phase,t01,human_1,4,human,1.50000,2.25000,0.75000,1.50000,0.00000
EXP-05,exp05_p06_m03_ro050_lh00,exact,phase,t01,agent_1,4,agent,2.25000,6.75000,4.50000,,0
EXP-05,exp05_p06_m03_ro050_lh00,exact,phase,t01,human_2,4,human,6.75000,7.50000,0.75000,6.75000,0.00000
EXP-05,exp05_p06_m03_ro050_lh00,exact,phase,t02,human_1,1,human,0.00000,1.50000,1.50000,0.00000,0.00000
EXP-05,exp05_p06_m03_ro050_lh00,exact,phase,t02,agent_1,1,agent,1.50000,10.50000,9.00000,,0
EXP-05,exp05_p06_m03_ro050_lh00,exact,phase,t02,human_2,1,human,10.50000,12.00000,1.50000,10.50000,0.00000
EXP-05,exp05_p06_m03_ro050_lh00,exact,phase,t03,human_1,1,human,12.00000,14.25000,2.25000,12.00000,0.00000
EXP-05,exp05_p06_m03_ro050_lh00,exact,phase,t03,agent_1,1,agent,14.25000,27.75000,13.50000,,0
EXP-05,exp05_p06_m03_ro050_lh00,exact,phase,t03,human_2,1,human,27.85000,30.10000,2.25000,27.75000,0.10000
EXP-05,exp05_p06_m03_ro050_lh00,exact,phase,t04_part_01,specification,4,human,16.25000,17.25000,1.00000,16.25000,0.00000
EXP-05,exp05_p06_m03_ro050_lh00,exact,phase,t04_part_01,implementation,4,agent,17.25000,23.65000,6.40000,,0
EXP-05,exp05_p06_m03_ro050_lh00,exact,phase,t04_part_02,specification,5,human,15.25000,16.25000,1.00000,15.25000,0.00000
EXP-05,exp05_p06_m03_ro050_lh00,exact,phase,t04_part_02,implementation,5,agent,16.25000,22.65000,6.40000,,0
EXP-05,exp05_p06_m03_ro050_lh00,exact,phase,t04_part_03,specification,6,human,14.25000,15.25000,1.00000,14.25000,0.00000
EXP-05,exp05_p06_m03_ro050_lh00,exact,phase,t04_part_03,implementation,6,agent,15.25000,21.65000,6.40000,,0
EXP-05,exp05_p06_m03_ro050_lh00,exact,phase,t04_join,integration,2,agent,23.65000,24.85000,1.20000,,0
EXP-05,exp05_p06_m03_ro050_lh00,exact,phase,t04_join,acceptance,2,human,24.85000,27.85000,3.00000,24.85000,0.00000
EXP-05,exp05_p06_m03_ro050_lh00,exact,wait,t03,human_2,1,human_queue,27.75000,27.85000,0.10000,27.75000,0.10000
EXP-05,exp05_p06_m03_ro050_lh05,baseline,phase,t01,human_1,2,human,1.50,2.25,0.75,0,1.50
EXP-05,exp05_p06_m03_ro050_lh05,baseline,phase,t01,agent_1,2,agent,2.25,6.75,4.50,,0
EXP-05,exp05_p06_m03_ro050_lh05,baseline,phase,t01,human_2,2,human,6.75,7.50,0.75,6.75,0.00
EXP-05,exp05_p06_m03_ro050_lh05,baseline,phase,t02,human_1,1,human,0,1.50,1.50,0,0
EXP-05,exp05_p06_m03_ro050_lh05,baseline,phase,t02,agent_1,1,agent,1.50,10.50,9.00,,0
EXP-05,exp05_p06_m03_ro050_lh05,baseline,phase,t02,human_2,1,human,10.50,12.00,1.50,10.50,0.00
EXP-05,exp05_p06_m03_ro050_lh05,baseline,phase,t03,human_1,1,human,12.00,14.25,2.25,12.00,0.00
EXP-05,exp05_p06_m03_ro050_lh05,baseline,phase,t03,agent_1,1,agent,14.25,27.75,13.50,,0
EXP-05,exp05_p06_m03_ro050_lh05,baseline,phase,t03,human_2,1,human,28.250,30.500,2.250,27.75,0.500
EXP-05,exp05_p06_m03_ro050_lh05,baseline,phase,t04_part_01,specification,2,human,14.25,15.450,1.200,12.00,2.25
EXP-05,exp05_p06_m03_ro050_lh05,baseline,phase,t04_part_01,implementation,2,agent,15.450,21.650,6.200,,0
EXP-05,exp05_p06_m03_ro050_lh05,baseline,phase,t04_part_02,specification,3,human,15.450,16.650,1.200,12.00,3.450
EXP-05,exp05_p06_m03_ro050_lh05,baseline,phase,t04_part_02,implementation,3,agent,16.650,22.850,6.200,,0
EXP-05,exp05_p06_m03_ro050_lh05,baseline,phase,t04_part_03,specification,4,human,16.650,17.850,1.200,12.00,4.650
EXP-05,exp05_p06_m03_ro050_lh05,baseline,phase,t04_part_03,implementation,4,agent,17.850,24.050,6.200,,0
EXP-05,exp05_p06_m03_ro050_lh05,baseline,phase,t04_join,integration,2,agent,24.050,24.650,0.600,,0
EXP-05,exp05_p06_m03_ro050_lh05,baseline,phase,t04_join,acceptance,2,human,24.650,28.250,3.600,24.650,0.000
EXP-05,exp05_p06_m03_ro050_lh05,baseline,wait,t01,human_1,2,human_queue,0,1.50,1.50,0,1.50
EXP-05,exp05_p06_m03_ro050_lh05,baseline,wait,t03,human_2,1,human_queue,27.75,28.250,0.500,27.75,0.500
EXP-05,exp05_p06_m03_ro050_lh05,baseline,wait,t04_part_01,specification,2,human_queue,12.00,14.25,2.25,12.00,2.25
EXP-05,exp05_p06_m03_ro050_lh05,baseline,wait,t04_part_02,specification,3,human_queue,12.00,15.450,3.450,12.00,3.450
EXP-05,exp05_p06_m03_ro050_lh05,baseline,wait,t04_part_03,specification,4,human_queue,12.00,16.650,4.650,12.00,4.650
EXP-05,exp05_p06_m03_ro050_lh05,exact,phase,t01,human_1,4,human,1.50000,2.25000,0.75000,1.50000,0.00000
EXP-05,exp05_p06_m03_ro050_lh05,exact,phase,t01,agent_1,4,agent,2.25000,6.75000,4.50000,,0
EXP-05,exp05_p06_m03_ro050_lh05,exact,phase,t01,human_2,4,human,6.75000,7.50000,0.75000,6.75000,0.00000
EXP-05,exp05_p06_m03_ro050_lh05,exact,phase,t02,human_1,1,human,0.00000,1.50000,1.50000,0.00000,0.00000
EXP-05,exp05_p06_m03_ro050_lh05,exact,phase,t02,agent_1,1,agent,1.50000,10.50000,9.00000,,0
EXP-05,exp05_p06_m03_ro050_lh05,exact,phase,t02,human_2,1,human,10.50000,12.00000,1.50000,10.50000,0.00000
EXP-05,exp05_p06_m03_ro050_lh05,exact,phase,t03,human_1,1,human,12.00000,14.25000,2.25000,12.00000,0.00000
EXP-05,exp05_p06_m03_ro050_lh05,exact,phase,t03,agent_1,1,agent,14.25000,27.75000,13.50000,,0
EXP-05,exp05_p06_m03_ro050_lh05,exact,phase,t03,human_2,1,human,28.25000,30.50000,2.25000,27.75000,0.50000
EXP-05,exp05_p06_m03_ro050_lh05,exact,phase,t04_part_01,specification,4,human,15.45000,16.65000,1.20000,15.45000,0.00000
EXP-05,exp05_p06_m03_ro050_lh05,exact,phase,t04_part_01,implementation,4,agent,16.65000,22.85000,6.20000,,0
EXP-05,exp05_p06_m03_ro050_lh05,exact,phase,t04_part_02,specification,5,human,16.65000,17.85000,1.20000,16.65000,0.00000
EXP-05,exp05_p06_m03_ro050_lh05,exact,phase,t04_part_02,implementation,5,agent,17.85000,24.05000,6.20000,,0
EXP-05,exp05_p06_m03_ro050_lh05,exact,phase,t04_part_03,specification,6,human,14.25000,15.45000,1.20000,14.25000,0.00000
EXP-05,exp05_p06_m03_ro050_lh05,exact,phase,t04_part_03,implementation,6,agent,15.45000,21.65000,6.20000,,0
EXP-05,exp05_p06_m03_ro050_lh05,exact,phase,t04_join,integration,2,agent,24.05000,24.65000,0.60000,,0
EXP-05,exp05_p06_m03_ro050_lh05,exact,phase,t04_join,acceptance,2,human,24.65000,28.25000,3.60000,24.65000,0.00000
EXP-05,exp05_p06_m03_ro050_lh05,exact,wait,t03,human_2,1,human_queue,27.75000,28.25000,0.50000,27.75000,0.50000
EXP-05,exp05_p06_m03_ro100_lh00,baseline,phase,t01,human_1,2,human,1.50,2.25,0.75,0,1.50
EXP-05,exp05_p06_m03_ro100_lh00,baseline,phase,t01,agent_1,2,agent,2.25,6.75,4.50,,0
EXP-05,exp05_p06_m03_ro100_lh00,baseline,phase,t01,human_2,2,human,6.75,7.50,0.75,6.75,0.00
EXP-05,exp05_p06_m03_ro100_lh00,baseline,phase,t02,human_1,1,human,0,1.50,1.50,0,0
EXP-05,exp05_p06_m03_ro100_lh00,baseline,phase,t02,agent_1,1,agent,1.50,10.50,9.00,,0
EXP-05,exp05_p06_m03_ro100_lh00,baseline,phase,t02,human_2,1,human,10.50,12.00,1.50,10.50,0.00
EXP-05,exp05_p06_m03_ro100_lh00,baseline,phase,t03,human_1,1,human,12.00,14.25,2.25,12.00,0.00
EXP-05,exp05_p06_m03_ro100_lh00,baseline,phase,t03,agent_1,1,agent,14.25,27.75,13.50,,0
EXP-05,exp05_p06_m03_ro100_lh00,baseline,phase,t03,human_2,1,human,29.45,31.70,2.25,27.75,1.70
EXP-05,exp05_p06_m03_ro100_lh00,baseline,phase,t04_part_01,specification,2,human,14.25,15.25,1.00,12.00,2.25
EXP-05,exp05_p06_m03_ro100_lh00,baseline,phase,t04_part_01,implementation,2,agent,15.25,22.05,6.80,,0
EXP-05,exp05_p06_m03_ro100_lh00,baseline,phase,t04_part_02,specification,3,human,15.25,16.25,1.00,12.00,3.25
EXP-05,exp05_p06_m03_ro100_lh00,baseline,phase,t04_part_02,implementation,3,agent,16.25,23.05,6.80,,0
EXP-05,exp05_p06_m03_ro100_lh00,baseline,phase,t04_part_03,specification,4,human,16.25,17.25,1.00,12.00,4.25
EXP-05,exp05_p06_m03_ro100_lh00,baseline,phase,t04_part_03,implementation,4,agent,17.25,24.05,6.80,,0
EXP-05,exp05_p06_m03_ro100_lh00,baseline,phase,t04_join,integration,2,agent,24.05,26.45,2.40,,0
EXP-05,exp05_p06_m03_ro100_lh00,baseline,phase,t04_join,acceptance,2,human,26.45,29.45,3.00,26.45,0.00
EXP-05,exp05_p06_m03_ro100_lh00,baseline,wait,t01,human_1,2,human_queue,0,1.50,1.50,0,1.50
EXP-05,exp05_p06_m03_ro100_lh00,baseline,wait,t03,human_2,1,human_queue,27.75,29.45,1.70,27.75,1.70
EXP-05,exp05_p06_m03_ro100_lh00,baseline,wait,t04_part_01,specification,2,human_queue,12.00,14.25,2.25,12.00,2.25
EXP-05,exp05_p06_m03_ro100_lh00,baseline,wait,t04_part_02,specification,3,human_queue,12.00,15.25,3.25,12.00,3.25
EXP-05,exp05_p06_m03_ro100_lh00,baseline,wait,t04_part_03,specification,4,human_queue,12.00,16.25,4.25,12.00,4.25
EXP-05,exp05_p06_m03_ro100_lh00,exact,phase,t01,human_1,4,human,1.50000,2.25000,0.75000,1.50000,0.00000
EXP-05,exp05_p06_m03_ro100_lh00,exact,phase,t01,agent_1,4,agent,2.25000,6.75000,4.50000,,0
EXP-05,exp05_p06_m03_ro100_lh00,exact,phase,t01,human_2,4,human,6.75000,7.50000,0.75000,6.75000,0.00000
EXP-05,exp05_p06_m03_ro100_lh00,exact,phase,t02,human_1,1,human,0.00000,1.50000,1.50000,0.00000,0.00000
EXP-05,exp05_p06_m03_ro100_lh00,exact,phase,t02,agent_1,1,agent,1.50000,10.50000,9.00000,,0
EXP-05,exp05_p06_m03_ro100_lh00,exact,phase,t02,human_2,1,human,10.50000,12.00000,1.50000,10.50000,0.00000
EXP-05,exp05_p06_m03_ro100_lh00,exact,phase,t03,human_1,1,human,13.00000,15.25000,2.25000,13.00000,0.00000
EXP-05,exp05_p06_m03_ro100_lh00,exact,phase,t03,agent_1,1,agent,15.25000,28.75000,13.50000,,0
EXP-05,exp05_p06_m03_ro100_lh00,exact,phase,t03,human_2,1,human,29.45000,31.70000,2.25000,28.75000,0.70000
EXP-05,exp05_p06_m03_ro100_lh00,exact,phase,t04_part_01,specification,4,human,16.25000,17.25000,1.00000,16.25000,0.00000
EXP-05,exp05_p06_m03_ro100_lh00,exact,phase,t04_part_01,implementation,4,agent,17.25000,24.05000,6.80000,,0
EXP-05,exp05_p06_m03_ro100_lh00,exact,phase,t04_part_02,specification,5,human,12.00000,13.00000,1.00000,12.00000,0.00000
EXP-05,exp05_p06_m03_ro100_lh00,exact,phase,t04_part_02,implementation,5,agent,13.00000,19.80000,6.80000,,0
EXP-05,exp05_p06_m03_ro100_lh00,exact,phase,t04_part_03,specification,6,human,15.25000,16.25000,1.00000,15.25000,0.00000
EXP-05,exp05_p06_m03_ro100_lh00,exact,phase,t04_part_03,implementation,6,agent,16.25000,23.05000,6.80000,,0
EXP-05,exp05_p06_m03_ro100_lh00,exact,phase,t04_join,integration,2,agent,24.05000,26.45000,2.40000,,0
EXP-05,exp05_p06_m03_ro100_lh00,exact,phase,t04_join,acceptance,2,human,26.45000,29.45000,3.00000,26.45000,0.00000
EXP-05,exp05_p06_m03_ro100_lh00,exact,wait,t03,human_2,1,human_queue,28.75000,29.45000,0.70000,28.75000,0.70000
EXP-05,exp05_p06_m03_ro100_lh05,baseline,phase,t01,human_1,2,human,1.50,2.25,0.75,0,1.50
EXP-05,exp05_p06_m03_ro100_lh05,baseline,phase,t01,agent_1,2,agent,2.25,6.75,4.50,,0
EXP-05,exp05_p06_m03_ro100_lh05,baseline,phase,t01,human_2,2,human,6.75,7.50,0.75,6.75,0.00
EXP-05,exp05_p06_m03_ro100_lh05,baseline,phase,t02,human_1,1,human,0,1.50,1.50,0,0
EXP-05,exp05_p06_m03_ro100_lh05,baseline,phase,t02,agent_1,1,agent,1.50,10.50,9.00,,0
EXP-05,exp05_p06_m03_ro100_lh05,baseline,phase,t02,human_2,1,human,10.50,12.00,1.50,10.50,0.00
EXP-05,exp05_p06_m03_ro100_lh05,baseline,phase,t03,human_1,1,human,12.00,14.25,2.25,12.00,0.00
EXP-05,exp05_p06_m03_ro100_lh05,baseline,phase,t03,agent_1,1,agent,14.25,27.75,13.50,,0
EXP-05,exp05_p06_m03_ro100_lh05,baseline,phase,t03,human_2,1,human,30.250,32.500,2.250,27.75,2.500
EXP-05,exp05_p06_m03_ro100_lh05,baseline,phase,t04_part_01,specification,2,human,14.25,15.650,1.400,12.00,2.25
EXP-05,exp05_p06_m03_ro100_lh05,baseline,phase,t04_part_01,implementation,2,agent,15.650,22.050,6.400,,0
EXP-05,exp05_p06_m03_ro100_lh05,baseline,phase,t04_part_02,specification,3,human,15.650,17.050,1.400,12.00,3.650
EXP-05,exp05_p06_m03_ro100_lh05,baseline,phase,t04_part_02,implementation,3,agent,17.050,23.450,6.400,,0
EXP-05,exp05_p06_m03_ro100_lh05,baseline,phase,t04_part_03,specification,4,human,17.050,18.450,1.400,12.00,5.050
EXP-05,exp05_p06_m03_ro100_lh05,baseline,phase,t04_part_03,implementation,4,agent,18.450,24.850,6.400,,0
EXP-05,exp05_p06_m03_ro100_lh05,baseline,phase,t04_join,integration,2,agent,24.850,26.050,1.200,,0
EXP-05,exp05_p06_m03_ro100_lh05,baseline,phase,t04_join,acceptance,2,human,26.050,30.250,4.200,26.050,0.000
EXP-05,exp05_p06_m03_ro100_lh05,baseline,wait,t01,human_1,2,human_queue,0,1.50,1.50,0,1.50
EXP-05,exp05_p06_m03_ro100_lh05,baseline,wait,t03,human_2,1,human_queue,27.75,30.250,2.500,27.75,2.500
EXP-05,exp05_p06_m03_ro100_lh05,baseline,wait,t04_part_01,specification,2,human_queue,12.00,14.25,2.25,12.00,2.25
EXP-05,exp05_p06_m03_ro100_lh05,baseline,wait,t04_part_02,specification,3,human_queue,12.00,15.650,3.650,12.00,3.650
EXP-05,exp05_p06_m03_ro100_lh05,baseline,wait,t04_part_03,specification,4,human_queue,12.00,17.050,5.050,12.00,5.050
EXP-05,exp05_p06_m03_ro100_lh05,exact,phase,t01,human_1,4,human,1.50000,2.25000,0.75000,1.50000,0.00000
EXP-05,exp05_p06_m03_ro100_lh05,exact,phase,t01,agent_1,4,agent,2.25000,6.75000,4.50000,,0
EXP-05,exp05_p06_m03_ro100_lh05,exact,phase,t01,human_2,4,human,6.75000,7.50000,0.75000,6.75000,0.00000
EXP-05,exp05_p06_m03_ro100_lh05,exact,phase,t02,human_1,1,human,0.00000,1.50000,1.50000,0.00000,0.00000
EXP-05,exp05_p06_m03_ro100_lh05,exact,phase,t02,agent_1,1,agent,1.50000,10.50000,9.00000,,0
EXP-05,exp05_p06_m03_ro100_lh05,exact,phase,t02,human_2,1,human,10.50000,12.00000,1.50000,10.50000,0.00000
EXP-05,exp05_p06_m03_ro100_lh05,exact,phase,t03,human_1,1,human,13.40000,15.65000,2.25000,13.40000,0.00000
EXP-05,exp05_p06_m03_ro100_lh05,exact,phase,t03,agent_1,1,agent,15.65000,29.15000,13.50000,,0
EXP-05,exp05_p06_m03_ro100_lh05,exact,phase,t03,human_2,1,human,30.25000,32.50000,2.25000,29.15000,1.10000
EXP-05,exp05_p06_m03_ro100_lh05,exact,phase,t04_part_01,specification,4,human,17.05000,18.45000,1.40000,17.05000,0.00000
EXP-05,exp05_p06_m03_ro100_lh05,exact,phase,t04_part_01,implementation,4,agent,18.45000,24.85000,6.40000,,0
EXP-05,exp05_p06_m03_ro100_lh05,exact,phase,t04_part_02,specification,5,human,12.00000,13.40000,1.40000,12.00000,0.00000
EXP-05,exp05_p06_m03_ro100_lh05,exact,phase,t04_part_02,implementation,5,agent,13.40000,19.80000,6.40000,,0
EXP-05,exp05_p06_m03_ro100_lh05,exact,phase,t04_part_03,specification,6,human,15.65000,17.05000,1.40000,15.65000,0.00000
EXP-05,exp05_p06_m03_ro100_lh05,exact,phase,t04_part_03,implementation,6,agent,17.05000,23.45000,6.40000,,0
EXP-05,exp05_p06_m03_ro100_lh05,exact,phase,t04_join,integration,2,agent,24.85000,26.05000,1.20000,,0
EXP-05,exp05_p06_m03_ro100_lh05,exact,phase,t04_join,acceptance,2,human,26.05000,30.25000,4.20000,26.05000,0.00000
EXP-05,exp05_p06_m03_ro100_lh05,exact,wait,t03,human_2,1,human_queue,29.15000,30.25000,1.10000,29.15000,1.10000
EXP-05,exp05_p06_m04_ro000_lh00,baseline,phase,t01,human_1,2,human,1.50,2.25,0.75,0,1.50
EXP-05,exp05_p06_m04_ro000_lh00,baseline,phase,t01,agent_1,2,agent,2.25,6.75,4.50,,0
EXP-05,exp05_p06_m04_ro000_lh00,baseline,phase,t01,human_2,2,human,6.75,7.50,0.75,6.75,0.00
EXP-05,exp05_p06_m04_ro000_lh00,baseline,phase,t02,human_1,1,human,0,1.50,1.50,0,0
EXP-05,exp05_p06_m04_ro000_lh00,baseline,phase,t02,agent_1,1,agent,1.50,10.50,9.00,,0
EXP-05,exp05_p06_m04_ro000_lh00,baseline,phase,t02,human_2,1,human,10.50,12.00,1.50,10.50,0.00
EXP-05,exp05_p06_m04_ro000_lh00,baseline,phase,t03,human_1,1,human,12.00,14.25,2.25,12.00,0.00
EXP-05,exp05_p06_m04_ro000_lh00,baseline,phase,t03,agent_1,1,agent,14.25,27.75,13.50,,0
EXP-05,exp05_p06_m04_ro000_lh00,baseline,phase,t03,human_2,1,human,27.75,30.00,2.25,27.75,0.00
EXP-05,exp05_p06_m04_ro000_lh00,baseline,phase,t04_part_01,specification,2,human,14.25,15.00,0.75,12.00,2.25
EXP-05,exp05_p06_m04_ro000_lh00,baseline,phase,t04_part_01,implementation,2,agent,15.00,19.50,4.50,,0
EXP-05,exp05_p06_m04_ro000_lh00,baseline,phase,t04_part_02,specification,3,human,15.00,15.75,0.75,12.00,3.00
EXP-05,exp05_p06_m04_ro000_lh00,baseline,phase,t04_part_02,implementation,3,agent,15.75,20.25,4.50,,0
EXP-05,exp05_p06_m04_ro000_lh00,baseline,phase,t04_part_03,specification,4,human,15.75,16.50,0.75,12.00,3.75
EXP-05,exp05_p06_m04_ro000_lh00,baseline,phase,t04_part_03,implementation,4,agent,16.50,21.00,4.50,,0
EXP-05,exp05_p06_m04_ro000_lh00,baseline,phase,t04_part_04,specification,5,human,16.50,17.25,0.75,12.00,4.50
EXP-05,exp05_p06_m04_ro000_lh00,baseline,phase,t04_part_04,implementation,5,agent,17.25,21.75,4.50,,0
EXP-05,exp05_p06_m04_ro000_lh00,baseline,phase,t04_join,acceptance,2,human,21.75,24.75,3.00,21.75,0.00
EXP-05,exp05_p06_m04_ro000_lh00,baseline,wait,t01,human_1,2,human_queue,0,1.50,1.50,0,1.50
EXP-05,exp05_p06_m04_ro000_lh00,baseline,wait,t04_part_01,specification,2,human_queue,12.00,14.25,2.25,12.00,2.25
EXP-05,exp05_p06_m04_ro000_lh00,baseline,wait,t04_part_02,specification,3,human_queue,12.00,15.00,3.00,12.00,3.00
EXP-05,exp05_p06_m04_ro000_lh00,baseline,wait,t04_part_03,specification,4,human_queue,12.00,15.75,3.75,12.00,3.75
EXP-05,exp05_p06_m04_ro000_lh00,baseline,wait,t04_part_04,specification,5,human_queue,12.00,16.50,4.50,12.00,4.50
EXP-05,exp05_p06_m04_ro000_lh00,exact,phase,t01,human_1,2,human,1.50000,2.25000,0.75000,1.50000,0.00000
EXP-05,exp05_p06_m04_ro000_lh00,exact,phase,t01,agent_1,2,agent,2.25000,6.75000,4.50000,,0
EXP-05,exp05_p06_m04_ro000_lh00,exact,phase,t01,human_2,2,human,6.75000,7.50000,0.75000,6.75000,0.00000
EXP-05,exp05_p06_m04_ro000_lh00,exact,phase,t02,human_1,1,human,0.00000,1.50000,1.50000,0.00000,0.00000
EXP-05,exp05_p06_m04_ro000_lh00,exact,phase,t02,agent_1,1,agent,1.50000,10.50000,9.00000,,0
EXP-05,exp05_p06_m04_ro000_lh00,exact,phase,t02,human_2,1,human,10.50000,12.00000,1.50000,10.50000,0.00000
EXP-05,exp05_p06_m04_ro000_lh00,exact,phase,t03,human_1,2,human,12.00000,14.25000,2.25000,12.00000,0.00000
EXP-05,exp05_p06_m04_ro000_lh00,exact,phase,t03,agent_1,2,agent,14.25000,27.75000,13.50000,,0
EXP-05,exp05_p06_m04_ro000_lh00,exact,phase,t03,human_2,2,human,27.75000,30.00000,2.25000,27.75000,0.00000
EXP-05,exp05_p06_m04_ro000_lh00,exact,phase,t04_part_01,specification,1,human,15.75000,16.50000,0.75000,15.75000,0.00000
EXP-05,exp05_p06_m04_ro000_lh00,exact,phase,t04_part_01,implementation,1,agent,16.50000,21.00000,4.50000,,0
EXP-05,exp05_p06_m04_ro000_lh00,exact,phase,t04_part_02,specification,4,human,16.50000,17.25000,0.75000,16.50000,0.00000
EXP-05,exp05_p06_m04_ro000_lh00,exact,phase,t04_part_02,implementation,4,agent,17.25000,21.75000,4.50000,,0
EXP-05,exp05_p06_m04_ro000_lh00,exact,phase,t04_part_03,specification,5,human,15.00000,15.75000,0.75000,15.00000,0.00000
EXP-05,exp05_p06_m04_ro000_lh00,exact,phase,t04_part_03,implementation,5,agent,15.75000,20.25000,4.50000,,0
EXP-05,exp05_p06_m04_ro000_lh00,exact,phase,t04_part_04,specification,6,human,14.25000,15.00000,0.75000,14.25000,0.00000
EXP-05,exp05_p06_m04_ro000_lh00,exact,phase,t04_part_04,implementation,6,agent,15.00000,19.50000,4.50000,,0
EXP-05,exp05_p06_m04_ro000_lh00,exact,phase,t04_join,acceptance,1,human,21.75000,24.75000,3.00000,21.75000,0.00000
EXP-05,exp05_p06_m04_ro050_lh00,baseline,phase,t01,human_1,2,human,1.50,2.25,0.75,0,1.50
EXP-05,exp05_p06_m04_ro050_lh00,baseline,phase,t01,agent_1,2,agent,2.25,6.75,4.50,,0
EXP-05,exp05_p06_m04_ro050_lh00,baseline,phase,t01,human_2,2,human,6.75,7.50,0.75,6.75,0.00
EXP-05,exp05_p06_m04_ro050_lh00,baseline,phase,t02,human_1,1,human,0,1.50,1.50,0,0
EXP-05,exp05_p06_m04_ro050_lh00,baseline,phase,t02,agent_1,1,agent,1.50,10.50,9.00,,0
EXP-05,exp05_p06_m04_ro050_lh00,baseline,phase,t02,human_2,1,human,10.50,12.00,1.50,10.50,0.00
EXP-05,exp05_p06_m04_ro050_lh00,baseline,phase,t03,human_1,1,human,12.00,14.25,2.25,12.00,0.00
EXP-05,exp05_p06_m04_ro050_lh00,baseline,phase,t03,agent_1,1,agent,14.25,27.75,13.50,,0
EXP-05,exp05_p06_m04_ro050_lh00,baseline,phase,t03,human_2,1,human,27.75,30.00,2.25,27.75,0.00
EXP-05,exp05_p06_m04_ro050_lh00,baseline,phase,t04_part_01,specification,2,human,14.25,15.00,0.75,12.00,2.25
EXP-05,exp05_p06_m04_ro050_lh00,baseline,phase,t04_part_01,implementation,2,agent,15.00,19.95,4.95,,0
EXP-05,exp05_p06_m04_ro050_lh00,baseline,phase,t04_part_02,specification,3,human,15.00,15.75,0.75,12.00,3.00
EXP-05,exp05_p06_m04_ro050_lh00,baseline,phase,t04_part_02,implementation,3,agent,15.75,20.70,4.95,,0
EXP-05,exp05_p06_m04_ro050_lh00,baseline,phase,t04_part_03,specification,4,human,15.75,16.50,0.75,12.00,3.75
EXP-05,exp05_p06_m04_ro050_lh00,baseline,phase,t04_part_03,implementation,4,agent,16.50,21.45,4.95,,0
EXP-05,exp05_p06_m04_ro050_lh00,baseline,phase,t04_part_04,specification,5,human,16.50,17.25,0.75,12.00,4.50
EXP-05,exp05_p06_m04_ro050_lh00,baseline,phase,t04_part_04,implementation,5,agent,17.25,22.20,4.95,,0
EXP-05,exp05_p06_m04_ro050_lh00,baseline,phase,t04_join,integration,2,agent,22.20,24.00,1.80,,0
EXP-05,exp05_p06_m04_ro050_lh00,baseline,phase,t04_join,acceptance,2,human,24.00,27.00,3.00,24.00,0.00
EXP-05,exp05_p06_m04_ro050_lh00,baseline,wait,t01,human_1,2,human_queue,0,1.50,1.50,0,1.50
EXP-05,exp05_p06_m04_ro050_lh00,baseline,wait,t04_part_01,specification,2,human_queue,12.00,14.25,2.25,12.00,2.25
EXP-05,exp05_p06_m04_ro050_lh00,baseline,wait,t04_part_02,specification,3,human_queue,12.00,15.00,3.00,12.00,3.00
EXP-05,exp05_p06_m04_ro050_lh00,baseline,wait,t04_part_03,specification,4,human_queue,12.00,15.75,3.75,12.00,3.75
EXP-05,exp05_p06_m04_ro050_lh00,baseline,wait,t04_part_04,specification,5,human_queue,12.00,16.50,4.50,12.00,4.50
EXP-05,exp05_p06_m04_ro050_lh00,exact,phase,t01,human_1,2,human,1.50000,2.25000,0.75000,1.50000,0.00000
EXP-05,exp05_p06_m04_ro050_lh00,exact,phase,t01,agent_1,2,agent,2.25000,6.75000,4.50000,,0
EXP-05,exp05_p06_m04_ro050_lh00,exact,phase,t01,human_2,2,human,6.75000,7.50000,0.75000,6.75000,0.00000
EXP-05,exp05_p06_m04_ro050_lh00,exact,phase,t02,human_1,1,human,0.00000,1.50000,1.50000,0.00000,0.00000
EXP-05,exp05_p06_m04_ro050_lh00,exact,phase,t02,agent_1,1,agent,1.50000,10.50000,9.00000,,0
EXP-05,exp05_p06_m04_ro050_lh00,exact,phase,t02,human_2,1,human,10.50000,12.00000,1.50000,10.50000,0.00000
EXP-05,exp05_p06_m04_ro050_lh00,exact,phase,t03,human_1,2,human,12.00000,14.25000,2.25000,12.00000,0.00000
EXP-05,exp05_p06_m04_ro050_lh00,exact,phase,t03,agent_1,2,agent,14.25000,27.75000,13.50000,,0
EXP-05,exp05_p06_m04_ro050_lh00,exact,phase,t03,human_2,2,human,27.75000,30.00000,2.25000,27.75000,0.00000
EXP-05,exp05_p06_m04_ro050_lh00,exact,phase,t04_part_01,specification,1,human,15.00000,15.75000,0.75000,15.00000,0.00000
EXP-05,exp05_p06_m04_ro050_lh00,exact,phase,t04_part_01,implementation,1,agent,15.75000,20.70000,4.95000,,0
EXP-05,exp05_p06_m04_ro050_lh00,exact,phase,t04_part_02,specification,4,human,16.50000,17.25000,0.75000,16.50000,0.00000
EXP-05,exp05_p06_m04_ro050_lh00,exact,phase,t04_part_02,implementation,4,agent,17.25000,22.20000,4.95000,,0
EXP-05,exp05_p06_m04_ro050_lh00,exact,phase,t04_part_03,specification,5,human,14.25000,15.00000,0.75000,14.25000,0.00000
EXP-05,exp05_p06_m04_ro050_lh00,exact,phase,t04_part_03,implementation,5,agent,15.00000,19.95000,4.95000,,0
EXP-05,exp05_p06_m04_ro050_lh00,exact,phase,t04_part_04,specification,6,human,15.75000,16.50000,0.75000,15.75000,0.00000
EXP-05,exp05_p06_m04_ro050_lh00,exact,phase,t04_part_04,implementation,6,agent,16.50000,21.45000,4.95000,,0
EXP-05,exp05_p06_m04_ro050_lh00,exact,phase,t04_join,integration,1,agent,22.20000,24.00000,1.80000,,0
EXP-05,exp05_p06_m04_ro050_lh00,exact,phase,t04_join,acceptance,1,human,24.00000,27.00000,3.00000,24.00000,0.00000
EXP-05,exp05_p06_m04_ro050_lh05,baseline,phase,t01,human_1,2,human,1.50,2.25,0.75,0,1.50
EXP-05,exp05_p06_m04_ro050_lh05,baseline,phase,t01,agent_1,2,agent,2.25,6.75,4.50,,0
EXP-05,exp05_p06_m04_ro050_lh05,baseline,phase,t01,human_2,2,human,6.75,7.50,0.75,6.75,0.00
EXP-05,exp05_p06_m04_ro050_lh05,baseline,phase,t02,human_1,1,human,0,1.50,1.50,0,0
EXP-05,exp05_p06_m04_ro050_lh05,baseline,phase,t02,agent_1,1,agent,1.50,10.50,9.00,,0
EXP-05,exp05_p06_m04_ro050_lh05,baseline,phase,t02,human_2,1,human,10.50,12.00,1.50,10.50,0.00
EXP-05,exp05_p06_m04_ro050_lh05,baseline,phase,t03,human_1,1,human,12.00,14.25,2.25,12.00,0.00
EXP-05,exp05_p06_m04_ro050_lh05,baseline,phase,t03,agent_1,1,agent,14.25,27.75,13.50,,0
EXP-05,exp05_p06_m04_ro050_lh05,baseline,phase,t03,human_2,1,human,27.75,30.00,2.25,27.75,0.00
EXP-05,exp05_p06_m04_ro050_lh05,baseline,phase,t04_part_01,specification,2,human,14.25,15.225,0.975,12.00,2.25
EXP-05,exp05_p06_m04_ro050_lh05,baseline,phase,t04_part_01,implementation,2,agent,15.225,19.950,4.725,,0
EXP-05,exp05_p06_m04_ro050_lh05,baseline,phase,t04_part_02,specification,3,human,15.225,16.200,0.975,12.00,3.225
EXP-05,exp05_p06_m04_ro050_lh05,baseline,phase,t04_part_02,implementation,3,agent,16.200,20.925,4.725,,0
EXP-05,exp05_p06_m04_ro050_lh05,baseline,phase,t04_part_03,specification,4,human,16.200,17.175,0.975,12.00,4.200
EXP-05,exp05_p06_m04_ro050_lh05,baseline,phase,t04_part_03,implementation,4,agent,17.175,21.900,4.725,,0
EXP-05,exp05_p06_m04_ro050_lh05,baseline,phase,t04_part_04,specification,5,human,17.175,18.150,0.975,12.00,5.175
EXP-05,exp05_p06_m04_ro050_lh05,baseline,phase,t04_part_04,implementation,5,agent,18.150,22.875,4.725,,0
EXP-05,exp05_p06_m04_ro050_lh05,baseline,phase,t04_join,integration,2,agent,22.875,23.775,0.900,,0
EXP-05,exp05_p06_m04_ro050_lh05,baseline,phase,t04_join,acceptance,2,human,23.775,27.675,3.900,23.775,0.000
EXP-05,exp05_p06_m04_ro050_lh05,baseline,wait,t01,human_1,2,human_queue,0,1.50,1.50,0,1.50
EXP-05,exp05_p06_m04_ro050_lh05,baseline,wait,t04_part_01,specification,2,human_queue,12.00,14.25,2.25,12.00,2.25
EXP-05,exp05_p06_m04_ro050_lh05,baseline,wait,t04_part_02,specification,3,human_queue,12.00,15.225,3.225,12.00,3.225
EXP-05,exp05_p06_m04_ro050_lh05,baseline,wait,t04_part_03,specification,4,human_queue,12.00,16.200,4.200,12.00,4.200
EXP-05,exp05_p06_m04_ro050_lh05,baseline,wait,t04_part_04,specification,5,human_queue,12.00,17.175,5.175,12.00,5.175
EXP-05,exp05_p06_m04_ro050_lh05,exact,phase,t01,human_1,2,human,1.50000,2.25000,0.75000,1.50000,0.00000
EXP-05,exp05_p06_m04_ro050_lh05,exact,phase,t01,agent_1,2,agent,2.25000,6.75000,4.50000,,0
EXP-05,exp05_p06_m04_ro050_lh05,exact,phase,t01,human_2,2,human,6.75000,7.50000,0.75000,6.75000,0.00000
EXP-05,exp05_p06_m04_ro050_lh05,exact,phase,t02,human_1,1,human,0.00000,1.50000,1.50000,0.00000,0.00000
EXP-05,exp05_p06_m04_ro050_lh05,exact,phase,t02,agent_1,1,agent,1.50000,10.50000,9.00000,,0
EXP-05,exp05_p06_m04_ro050_lh05,exact,phase,t02,human_2,1,human,10.50000,12.00000,1.50000,10.50000,0.00000
EXP-05,exp05_p06_m04_ro050_lh05,exact,phase,t03,human_1,2,human,12.00000,14.25000,2.25000,12.00000,0.00000
EXP-05,exp05_p06_m04_ro050_lh05,exact,phase,t03,agent_1,2,agent,14.25000,27.75000,13.50000,,0
EXP-05,exp05_p06_m04_ro050_lh05,exact,phase,t03,human_2,2,human,27.75000,30.00000,2.25000,27.75000,0.00000
EXP-05,exp05_p06_m04_ro050_lh05,exact,phase,t04_part_01,specification,1,human,15.22500,16.20000,0.97500,15.22500,0.00000
EXP-05,exp05_p06_m04_ro050_lh05,exact,phase,t04_part_01,implementation,1,agent,16.20000,20.92500,4.72500,,0
EXP-05,exp05_p06_m04_ro050_lh05,exact,phase,t04_part_02,specification,4,human,17.17500,18.15000,0.97500,17.17500,0.00000
EXP-05,exp05_p06_m04_ro050_lh05,exact,phase,t04_part_02,implementation,4,agent,18.15000,22.87500,4.72500,,0
EXP-05,exp05_p06_m04_ro050_lh05,exact,phase,t04_part_03,specification,5,human,14.25000,15.22500,0.97500,14.25000,0.00000
EXP-05,exp05_p06_m04_ro050_lh05,exact,phase,t04_part_03,implementation,5,agent,15.22500,19.95000,4.72500,,0
EXP-05,exp05_p06_m04_ro050_lh05,exact,phase,t04_part_04,specification,6,human,16.20000,17.17500,0.97500,16.20000,0.00000
EXP-05,exp05_p06_m04_ro050_lh05,exact,phase,t04_part_04,implementation,6,agent,17.17500,21.90000,4.72500,,0
EXP-05,exp05_p06_m04_ro050_lh05,exact,phase,t04_join,integration,1,agent,22.87500,23.77500,0.90000,,0
EXP-05,exp05_p06_m04_ro050_lh05,exact,phase,t04_join,acceptance,1,human,23.77500,27.67500,3.90000,23.77500,0.00000
EXP-05,exp05_p06_m04_ro100_lh00,baseline,phase,t01,human_1,2,human,1.50,2.25,0.75,0,1.50
EXP-05,exp05_p06_m04_ro100_lh00,baseline,phase,t01,agent_1,2,agent,2.25,6.75,4.50,,0
EXP-05,exp05_p06_m04_ro100_lh00,baseline,phase,t01,human_2,2,human,6.75,7.50,0.75,6.75,0.00
EXP-05,exp05_p06_m04_ro100_lh00,baseline,phase,t02,human_1,1,human,0,1.50,1.50,0,0
EXP-05,exp05_p06_m04_ro100_lh00,baseline,phase,t02,agent_1,1,agent,1.50,10.50,9.00,,0
EXP-05,exp05_p06_m04_ro100_lh00,baseline,phase,t02,human_2,1,human,10.50,12.00,1.50,10.50,0.00
EXP-05,exp05_p06_m04_ro100_lh00,baseline,phase,t03,human_1,1,human,12.00,14.25,2.25,12.00,0.00
EXP-05,exp05_p06_m04_ro100_lh00,baseline,phase,t03,agent_1,1,agent,14.25,27.75,13.50,,0
EXP-05,exp05_p06_m04_ro100_lh00,baseline,phase,t03,human_2,1,human,29.25,31.50,2.25,27.75,1.50
EXP-05,exp05_p06_m04_ro100_lh00,baseline,phase,t04_part_01,specification,2,human,14.25,15.00,0.75,12.00,2.25
EXP-05,exp05_p06_m04_ro100_lh00,baseline,phase,t04_part_01,implementation,2,agent,15.00,20.40,5.40,,0
EXP-05,exp05_p06_m04_ro100_lh00,baseline,phase,t04_part_02,specification,3,human,15.00,15.75,0.75,12.00,3.00
EXP-05,exp05_p06_m04_ro100_lh00,baseline,phase,t04_part_02,implementation,3,agent,15.75,21.15,5.40,,0
EXP-05,exp05_p06_m04_ro100_lh00,baseline,phase,t04_part_03,specification,4,human,15.75,16.50,0.75,12.00,3.75
EXP-05,exp05_p06_m04_ro100_lh00,baseline,phase,t04_part_03,implementation,4,agent,16.50,21.90,5.40,,0
EXP-05,exp05_p06_m04_ro100_lh00,baseline,phase,t04_part_04,specification,5,human,16.50,17.25,0.75,12.00,4.50
EXP-05,exp05_p06_m04_ro100_lh00,baseline,phase,t04_part_04,implementation,5,agent,17.25,22.65,5.40,,0
EXP-05,exp05_p06_m04_ro100_lh00,baseline,phase,t04_join,integration,2,agent,22.65,26.25,3.60,,0
EXP-05,exp05_p06_m04_ro100_lh00,baseline,phase,t04_join,acceptance,2,human,26.25,29.25,3.00,26.25,0.00
EXP-05,exp05_p06_m04_ro100_lh00,baseline,wait,t01,human_1,2,human_queue,0,1.50,1.50,0,1.50
EXP-05,exp05_p06_m04_ro100_lh00,baseline,wait,t03,human_2,1,human_queue,27.75,29.25,1.50,27.75,1.50
EXP-05,exp05_p06_m04_ro100_lh00,baseline,wait,t04_part_01,specification,2,human_queue,12.00,14.25,2.25,12.00,2.25
EXP-05,exp05_p06_m04_ro100_lh00,baseline,wait,t04_part_02,specification,3,human_queue,12.00,15.00,3.00,12.00,3.00
EXP-05,exp05_p06_m04_ro100_lh00,baseline,wait,t04_part_03,specification,4,human_queue,12.00,15.75,3.75,12.00,3.75
EXP-05,exp05_p06_m04_ro100_lh00,baseline,wait,t04_part_04,specification,5,human_queue,12.00,16.50,4.50,12.00,4.50
EXP-05,exp05_p06_m04_ro100_lh00,exact,phase,t01,human_1,2,human,1.50000,2.25000,0.75000,1.50000,0.00000
EXP-05,exp05_p06_m04_ro100_lh00,exact,phase,t01,agent_1,2,agent,2.25000,6.75000,4.50000,,0
EXP-05,exp05_p06_m04_ro100_lh00,exact,phase,t01,human_2,2,human,6.75000,7.50000,0.75000,6.75000,0.00000
EXP-05,exp05_p06_m04_ro100_lh00,exact,phase,t02,human_1,1,human,0.00000,1.50000,1.50000,0.00000,0.00000
EXP-05,exp05_p06_m04_ro100_lh00,exact,phase,t02,agent_1,1,agent,1.50000,10.50000,9.00000,,0
EXP-05,exp05_p06_m04_ro100_lh00,exact,phase,t02,human_2,1,human,10.50000,12.00000,1.50000,10.50000,0.00000
EXP-05,exp05_p06_m04_ro100_lh00,exact,phase,t03,human_1,2,human,13.50000,15.75000,2.25000,13.50000,0.00000
EXP-05,exp05_p06_m04_ro100_lh00,exact,phase,t03,agent_1,2,agent,15.75000,29.25000,13.50000,,0
EXP-05,exp05_p06_m04_ro100_lh00,exact,phase,t03,human_2,2,human,29.25000,31.50000,2.25000,29.25000,0.00000
EXP-05,exp05_p06_m04_ro100_lh00,exact,phase,t04_part_01,specification,1,human,16.50000,17.25000,0.75000,16.50000,0.00000
EXP-05,exp05_p06_m04_ro100_lh00,exact,phase,t04_part_01,implementation,1,agent,17.25000,22.65000,5.40000,,0
EXP-05,exp05_p06_m04_ro100_lh00,exact,phase,t04_part_02,specification,4,human,12.00000,12.75000,0.75000,12.00000,0.00000
EXP-05,exp05_p06_m04_ro100_lh00,exact,phase,t04_part_02,implementation,4,agent,12.75000,18.15000,5.40000,,0
EXP-05,exp05_p06_m04_ro100_lh00,exact,phase,t04_part_03,specification,5,human,12.75000,13.50000,0.75000,12.75000,0.00000
EXP-05,exp05_p06_m04_ro100_lh00,exact,phase,t04_part_03,implementation,5,agent,13.50000,18.90000,5.40000,,0
EXP-05,exp05_p06_m04_ro100_lh00,exact,phase,t04_part_04,specification,6,human,15.75000,16.50000,0.75000,15.75000,0.00000
EXP-05,exp05_p06_m04_ro100_lh00,exact,phase,t04_part_04,implementation,6,agent,16.50000,21.90000,5.40000,,0
EXP-05,exp05_p06_m04_ro100_lh00,exact,phase,t04_join,integration,1,agent,22.65000,26.25000,3.60000,,0
EXP-05,exp05_p06_m04_ro100_lh00,exact,phase,t04_join,acceptance,1,human,26.25000,29.25000,3.00000,26.25000,0.00000
EXP-05,exp05_p06_m04_ro100_lh05,baseline,phase,t01,human_1,2,human,1.50,2.25,0.75,0,1.50
EXP-05,exp05_p06_m04_ro100_lh05,baseline,phase,t01,agent_1,2,agent,2.25,6.75,4.50,,0
EXP-05,exp05_p06_m04_ro100_lh05,baseline,phase,t01,human_2,2,human,6.75,7.50,0.75,6.75,0.00
EXP-05,exp05_p06_m04_ro100_lh05,baseline,phase,t02,human_1,1,human,0,1.50,1.50,0,0
EXP-05,exp05_p06_m04_ro100_lh05,baseline,phase,t02,agent_1,1,agent,1.50,10.50,9.00,,0
EXP-05,exp05_p06_m04_ro100_lh05,baseline,phase,t02,human_2,1,human,10.50,12.00,1.50,10.50,0.00
EXP-05,exp05_p06_m04_ro100_lh05,baseline,phase,t03,human_1,1,human,12.00,14.25,2.25,12.00,0.00
EXP-05,exp05_p06_m04_ro100_lh05,baseline,phase,t03,agent_1,1,agent,14.25,27.75,13.50,,0
EXP-05,exp05_p06_m04_ro100_lh05,baseline,phase,t03,human_2,1,human,30.600,32.850,2.250,27.75,2.850
EXP-05,exp05_p06_m04_ro100_lh05,baseline,phase,t04_part_01,specification,2,human,14.25,15.450,1.200,12.00,2.25
EXP-05,exp05_p06_m04_ro100_lh05,baseline,phase,t04_part_01,implementation,2,agent,15.450,20.400,4.950,,0
EXP-05,exp05_p06_m04_ro100_lh05,baseline,phase,t04_part_02,specification,3,human,15.450,16.650,1.200,12.00,3.450
EXP-05,exp05_p06_m04_ro100_lh05,baseline,phase,t04_part_02,implementation,3,agent,16.650,21.600,4.950,,0
EXP-05,exp05_p06_m04_ro100_lh05,baseline,phase,t04_part_03,specification,4,human,16.650,17.850,1.200,12.00,4.650
EXP-05,exp05_p06_m04_ro100_lh05,baseline,phase,t04_part_03,implementation,4,agent,17.850,22.800,4.950,,0
EXP-05,exp05_p06_m04_ro100_lh05,baseline,phase,t04_part_04,specification,5,human,17.850,19.050,1.200,12.00,5.850
EXP-05,exp05_p06_m04_ro100_lh05,baseline,phase,t04_part_04,implementation,5,agent,19.050,24.000,4.950,,0
EXP-05,exp05_p06_m04_ro100_lh05,baseline,phase,t04_join,integration,2,agent,24.000,25.800,1.800,,0
EXP-05,exp05_p06_m04_ro100_lh05,baseline,phase,t04_join,acceptance,2,human,25.800,30.600,4.800,25.800,0.000
EXP-05,exp05_p06_m04_ro100_lh05,baseline,wait,t01,human_1,2,human_queue,0,1.50,1.50,0,1.50
EXP-05,exp05_p06_m04_ro100_lh05,baseline,wait,t03,human_2,1,human_queue,27.75,30.600,2.850,27.75,2.850
EXP-05,exp05_p06_m04_ro100_lh05,baseline,wait,t04_part_01,specification,2,human_queue,12.00,14.25,2.25,12.00,2.25
EXP-05,exp05_p06_m04_ro100_lh05,baseline,wait,t04_part_02,specification,3,human_queue,12.00,15.450,3.450,12.00,3.450
EXP-05,exp05_p06_m04_ro100_lh05,baseline,wait,t04_part_03,specification,4,human_queue,12.00,16.650,4.650,12.00,4.650
EXP-05,exp05_p06_m04_ro100_lh05,baseline,wait,t04_part_04,specification,5,human_queue,12.00,17.850,5.850,12.00,5.850
EXP-05,exp05_p06_m04_ro100_lh05,exact,phase,t01,human_1,2,human,1.50000,2.25000,0.75000,1.50000,0.00000
EXP-05,exp05_p06_m04_ro100_lh05,exact,phase,t01,agent_1,2,agent,2.25000,6.75000,4.50000,,0
EXP-05,exp05_p06_m04_ro100_lh05,exact,phase,t01,human_2,2,human,6.75000,7.50000,0.75000,6.75000,0.00000
EXP-05,exp05_p06_m04_ro100_lh05,exact,phase,t02,human_1,1,human,0.00000,1.50000,1.50000,0.00000,0.00000
EXP-05,exp05_p06_m04_ro100_lh05,exact,phase,t02,agent_1,1,agent,1.50000,10.50000,9.00000,,0
EXP-05,exp05_p06_m04_ro100_lh05,exact,phase,t02,human_2,1,human,10.50000,12.00000,1.50000,10.50000,0.00000
EXP-05,exp05_p06_m04_ro100_lh05,exact,phase,t03,human_1,2,human,14.40000,16.65000,2.25000,14.40000,0.00000
EXP-05,exp05_p06_m04_ro100_lh05,exact,phase,t03,agent_1,2,agent,16.65000,30.15000,13.50000,,0
EXP-05,exp05_p06_m04_ro100_lh05,exact,phase,t03,human_2,2,human,30.60000,32.85000,2.25000,30.15000,0.45000
EXP-05,exp05_p06_m04_ro100_lh05,exact,phase,t04_part_01,specification,1,human,17.85000,19.05000,1.20000,17.85000,0.00000
EXP-05,exp05_p06_m04_ro100_lh05,exact,phase,t04_part_01,implementation,1,agent,19.05000,24.00000,4.95000,,0
EXP-05,exp05_p06_m04_ro100_lh05,exact,phase,t04_part_02,specification,4,human,12.00000,13.20000,1.20000,12.00000,0.00000
EXP-05,exp05_p06_m04_ro100_lh05,exact,phase,t04_part_02,implementation,4,agent,13.20000,18.15000,4.95000,,0
EXP-05,exp05_p06_m04_ro100_lh05,exact,phase,t04_part_03,specification,5,human,13.20000,14.40000,1.20000,13.20000,0.00000
EXP-05,exp05_p06_m04_ro100_lh05,exact,phase,t04_part_03,implementation,5,agent,14.40000,19.35000,4.95000,,0
EXP-05,exp05_p06_m04_ro100_lh05,exact,phase,t04_part_04,specification,6,human,16.65000,17.85000,1.20000,16.65000,0.00000
EXP-05,exp05_p06_m04_ro100_lh05,exact,phase,t04_part_04,implementation,6,agent,17.85000,22.80000,4.95000,,0
EXP-05,exp05_p06_m04_ro100_lh05,exact,phase,t04_join,integration,1,agent,24.00000,25.80000,1.80000,,0
EXP-05,exp05_p06_m04_ro100_lh05,exact,phase,t04_join,acceptance,1,human,25.80000,30.60000,4.80000,25.80000,0.00000
EXP-05,exp05_p06_m04_ro100_lh05,exact,wait,t03,human_2,2,human_queue,30.15000,30.60000,0.45000,30.15000,0.45000
EXP-05,exp05_p06_m06_ro000_lh00,baseline,phase,t01,human_1,2,human,1.50,2.25,0.75,0,1.50
EXP-05,exp05_p06_m06_ro000_lh00,baseline,phase,t01,agent_1,2,agent,2.25,6.75,4.50,,0
EXP-05,exp05_p06_m06_ro000_lh00,baseline,phase,t01,human_2,2,human,6.75,7.50,0.75,6.75,0.00
EXP-05,exp05_p06_m06_ro000_lh00,baseline,phase,t02,human_1,1,human,0,1.50,1.50,0,0
EXP-05,exp05_p06_m06_ro000_lh00,baseline,phase,t02,agent_1,1,agent,1.50,10.50,9.00,,0
EXP-05,exp05_p06_m06_ro000_lh00,baseline,phase,t02,human_2,1,human,10.50,12.00,1.50,10.50,0.00
EXP-05,exp05_p06_m06_ro000_lh00,baseline,phase,t03,human_1,1,human,12.00,14.25,2.25,12.00,0.00
EXP-05,exp05_p06_m06_ro000_lh00,baseline,phase,t03,agent_1,1,agent,14.25,27.75,13.50,,0
EXP-05,exp05_p06_m06_ro000_lh00,baseline,phase,t03,human_2,1,human,27.75,30.00,2.25,27.75,0.00
EXP-05,exp05_p06_m06_ro000_lh00,baseline,phase,t04_part_01,specification,2,human,14.25,14.75,0.50,12.00,2.25
EXP-05,exp05_p06_m06_ro000_lh00,baseline,phase,t04_part_01,implementation,2,agent,14.75,17.75,3.00,,0
EXP-05,exp05_p06_m06_ro000_lh00,baseline,phase,t04_part_02,specification,3,human,14.75,15.25,0.50,12.00,2.75
EXP-05,exp05_p06_m06_ro000_lh00,baseline,phase,t04_part_02,implementation,3,agent,15.25,18.25,3.00,,0
EXP-05,exp05_p06_m06_ro000_lh00,baseline,phase,t04_part_03,specification,4,human,15.25,15.75,0.50,12.00,3.25
EXP-05,exp05_p06_m06_ro000_lh00,baseline,phase,t04_part_03,implementation,4,agent,15.75,18.75,3.00,,0
EXP-05,exp05_p06_m06_ro000_lh00,baseline,phase,t04_part_04,specification,5,human,15.75,16.25,0.50,12.00,3.75
EXP-05,exp05_p06_m06_ro000_lh00,baseline,phase,t04_part_04,implementation,5,agent,16.25,19.25,3.00,,0
EXP-05,exp05_p06_m06_ro000_lh00,baseline,phase,t04_part_05,specification,6,human,16.25,16.75,0.50,12.00,4.25
EXP-05,exp05_p06_m06_ro000_lh00,baseline,phase,t04_part_05,implementation,6,agent,16.75,19.75,3.00,,0
EXP-05,exp05_p06_m06_ro000_lh00,baseline,phase,t04_part_06,specification,2,human,17.75,18.25,0.50,17.75,0.00
EXP-05,exp05_p06_m06_ro000_lh00,baseline,phase,t04_part_06,implementation,2,agent,18.25,21.25,3.00,,0
EXP-05,exp05_p06_m06_ro000_lh00,baseline,phase,t04_join,acceptance,2,human,21.25,24.25,3.00,21.25,0.00
EXP-05,exp05_p06_m06_ro000_lh00,baseline,wait,t01,human_1,2,human_queue,0,1.50,1.50,0,1.50
EXP-05,exp05_p06_m06_ro000_lh00,baseline,wait,t04_part_01,specification,2,human_queue,12.00,14.25,2.25,12.00,2.25
EXP-05,exp05_p06_m06_ro000_lh00,baseline,wait,t04_part_02,specification,3,human_queue,12.00,14.75,2.75,12.00,2.75
EXP-05,exp05_p06_m06_ro000_lh00,baseline,wait,t04_part_03,specification,4,human_queue,12.00,15.25,3.25,12.00,3.25
EXP-05,exp05_p06_m06_ro000_lh00,baseline,wait,t04_part_04,specification,5,human_queue,12.00,15.75,3.75,12.00,3.75
EXP-05,exp05_p06_m06_ro000_lh00,baseline,wait,t04_part_05,specification,6,human_queue,12.00,16.25,4.25,12.00,4.25
EXP-05,exp05_p06_m06_ro000_lh00,exact,phase,t01,human_1,2,human,1.50000,2.25000,0.75000,1.50000,0.00000
EXP-05,exp05_p06_m06_ro000_lh00,exact,phase,t01,agent_1,2,agent,2.25000,6.75000,4.50000,,0
EXP-05,exp05_p06_m06_ro000_lh00,exact,phase,t01,human_2,2,human,6.75000,7.50000,0.75000,6.75000,0.00000
EXP-05,exp05_p06_m06_ro000_lh00,exact,phase,t02,human_1,1,human,0.00000,1.50000,1.50000,0.00000,0.00000
EXP-05,exp05_p06_m06_ro000_lh00,exact,phase,t02,agent_1,1,agent,1.50000,10.50000,9.00000,,0
EXP-05,exp05_p06_m06_ro000_lh00,exact,phase,t02,human_2,1,human,10.50000,12.00000,1.50000,10.50000,0.00000
EXP-05,exp05_p06_m06_ro000_lh00,exact,phase,t03,human_1,6,human,12.00000,14.25000,2.25000,12.00000,0.00000
EXP-05,exp05_p06_m06_ro000_lh00,exact,phase,t03,agent_1,6,agent,14.25000,27.75000,13.50000,,0
EXP-05,exp05_p06_m06_ro000_lh00,exact,phase,t03,human_2,6,human,27.75000,30.00000,2.25000,27.75000,0.00000
EXP-05,exp05_p06_m06_ro000_lh00,exact,phase,t04_part_01,specification,5,human,14.75000,15.25000,0.50000,14.75000,0.00000
EXP-05,exp05_p06_m06_ro000_lh00,exact,phase,t04_part_01,implementation,5,agent,15.25000,18.25000,3.00000,,0
EXP-05,exp05_p06_m06_ro000_lh00,exact,phase,t04_part_02,specification,3,human,19.25000,19.75000,0.50000,19.25000,0.00000
EXP-05,exp05_p06_m06_ro000_lh00,exact,phase,t04_part_02,implementation,3,agent,19.75000,22.75000,3.00000,,0
EXP-05,exp05_p06_m06_ro000_lh00,exact,phase,t04_part_03,specification,4,human,15.25000,15.75000,0.50000,15.25000,0.00000
EXP-05,exp05_p06_m06_ro000_lh00,exact,phase,t04_part_03,implementation,4,agent,15.75000,18.75000,3.00000,,0
EXP-05,exp05_p06_m06_ro000_lh00,exact,phase,t04_part_04,specification,3,human,15.75000,16.25000,0.50000,15.75000,0.00000
EXP-05,exp05_p06_m06_ro000_lh00,exact,phase,t04_part_04,implementation,3,agent,16.25000,19.25000,3.00000,,0
EXP-05,exp05_p06_m06_ro000_lh00,exact,phase,t04_part_05,specification,2,human,14.25000,14.75000,0.50000,14.25000,0.00000
EXP-05,exp05_p06_m06_ro000_lh00,exact,phase,t04_part_05,implementation,2,agent,14.75000,17.75000,3.00000,,0
EXP-05,exp05_p06_m06_ro000_lh00,exact,phase,t04_part_06,specification,1,human,16.25000,16.75000,0.50000,16.25000,0.00000
EXP-05,exp05_p06_m06_ro000_lh00,exact,phase,t04_part_06,implementation,1,agent,16.75000,19.75000,3.00000,,0
EXP-05,exp05_p06_m06_ro000_lh00,exact,phase,t04_join,acceptance,1,human,22.75000,25.75000,3.00000,22.75000,0.00000
EXP-05,exp05_p06_m06_ro050_lh00,baseline,phase,t01,human_1,2,human,1.50,2.25,0.75,0,1.50
EXP-05,exp05_p06_m06_ro050_lh00,baseline,phase,t01,agent_1,2,agent,2.25,6.75,4.50,,0
EXP-05,exp05_p06_m06_ro050_lh00,baseline,phase,t01,human_2,2,human,6.75,7.50,0.75,6.75,0.00
EXP-05,exp05_p06_m06_ro050_lh00,baseline,phase,t02,human_1,1,human,0,1.50,1.50,0,0
EXP-05,exp05_p06_m06_ro050_lh00,baseline,phase,t02,agent_1,1,agent,1.50,10.50,9.00,,0
EXP-05,exp05_p06_m06_ro050_lh00,baseline,phase,t02,human_2,1,human,10.50,12.00,1.50,10.50,0.00
EXP-05,exp05_p06_m06_ro050_lh00,baseline,phase,t03,human_1,1,human,12.00,14.25,2.25,12.00,0.00
EXP-05,exp05_p06_m06_ro050_lh00,baseline,phase,t03,agent_1,1,agent,14.25,27.75,13.50,,0
EXP-05,exp05_p06_m06_ro050_lh00,baseline,phase,t03,human_2,1,human,28.25,30.50,2.25,27.75,0.50
EXP-05,exp05_p06_m06_ro050_lh00,baseline,phase,t04_part_01,specification,2,human,14.25,14.75,0.50,12.00,2.25
EXP-05,exp05_p06_m06_ro050_lh00,baseline,phase,t04_part_01,implementation,2,agent,14.75,18.25,3.50,,0
EXP-05,exp05_p06_m06_ro050_lh00,baseline,phase,t04_part_02,specification,3,human,14.75,15.25,0.50,12.00,2.75
EXP-05,exp05_p06_m06_ro050_lh00,baseline,phase,t04_part_02,implementation,3,agent,15.25,18.75,3.50,,0
EXP-05,exp05_p06_m06_ro050_lh00,baseline,phase,t04_part_03,specification,4,human,15.25,15.75,0.50,12.00,3.25
EXP-05,exp05_p06_m06_ro050_lh00,baseline,phase,t04_part_03,implementation,4,agent,15.75,19.25,3.50,,0
EXP-05,exp05_p06_m06_ro050_lh00,baseline,phase,t04_part_04,specification,5,human,15.75,16.25,0.50,12.00,3.75
EXP-05,exp05_p06_m06_ro050_lh00,baseline,phase,t04_part_04,implementation,5,agent,16.25,19.75,3.50,,0
EXP-05,exp05_p06_m06_ro050_lh00,baseline,phase,t04_part_05,specification,6,human,16.25,16.75,0.50,12.00,4.25
EXP-05,exp05_p06_m06_ro050_lh00,baseline,phase,t04_part_05,implementation,6,agent,16.75,20.25,3.50,,0
EXP-05,exp05_p06_m06_ro050_lh00,baseline,phase,t04_part_06,specification,2,human,18.25,18.75,0.50,18.25,0.00
EXP-05,exp05_p06_m06_ro050_lh00,baseline,phase,t04_part_06,implementation,2,agent,18.75,22.25,3.50,,0
EXP-05,exp05_p06_m06_ro050_lh00,baseline,phase,t04_join,integration,2,agent,22.25,25.25,3.00,,0
EXP-05,exp05_p06_m06_ro050_lh00,baseline,phase,t04_join,acceptance,2,human,25.25,28.25,3.00,25.25,0.00
EXP-05,exp05_p06_m06_ro050_lh00,baseline,wait,t01,human_1,2,human_queue,0,1.50,1.50,0,1.50
EXP-05,exp05_p06_m06_ro050_lh00,baseline,wait,t03,human_2,1,human_queue,27.75,28.25,0.50,27.75,0.50
EXP-05,exp05_p06_m06_ro050_lh00,baseline,wait,t04_part_01,specification,2,human_queue,12.00,14.25,2.25,12.00,2.25
EXP-05,exp05_p06_m06_ro050_lh00,baseline,wait,t04_part_02,specification,3,human_queue,12.00,14.75,2.75,12.00,2.75
EXP-05,exp05_p06_m06_ro050_lh00,baseline,wait,t04_part_03,specification,4,human_queue,12.00,15.25,3.25,12.00,3.25
EXP-05,exp05_p06_m06_ro050_lh00,baseline,wait,t04_part_04,specification,5,human_queue,12.00,15.75,3.75,12.00,3.75
EXP-05,exp05_p06_m06_ro050_lh00,baseline,wait,t04_part_05,specification,6,human_queue,12.00,16.25,4.25,12.00,4.25
EXP-05,exp05_p06_m06_ro050_lh00,exact,phase,t01,human_1,2,human,1.50000,2.25000,0.75000,1.50000,0.00000
EXP-05,exp05_p06_m06_ro050_lh00,exact,phase,t01,agent_1,2,agent,2.25000,6.75000,4.50000,,0
EXP-05,exp05_p06_m06_ro050_lh00,exact,phase,t01,human_2,2,human,6.75000,7.50000,0.75000,6.75000,0.00000
EXP-05,exp05_p06_m06_ro050_lh00,exact,phase,t02,human_1,1,human,0.00000,1.50000,1.50000,0.00000,0.00000
EXP-05,exp05_p06_m06_ro050_lh00,exact,phase,t02,agent_1,1,agent,1.50000,10.50000,9.00000,,0
EXP-05,exp05_p06_m06_ro050_lh00,exact,phase,t02,human_2,1,human,10.50000,12.00000,1.50000,10.50000,0.00000
EXP-05,exp05_p06_m06_ro050_lh00,exact,phase,t03,human_1,6,human,12.50000,14.75000,2.25000,12.50000,0.00000
EXP-05,exp05_p06_m06_ro050_lh00,exact,phase,t03,agent_1,6,agent,14.75000,28.25000,13.50000,,0
EXP-05,exp05_p06_m06_ro050_lh00,exact,phase,t03,human_2,6,human,28.25000,30.50000,2.25000,28.25000,0.00000
EXP-05,exp05_p06_m06_ro050_lh00,exact,phase,t04_part_01,specification,5,human,15.75000,16.25000,0.50000,15.75000,0.00000
EXP-05,exp05_p06_m06_ro050_lh00,exact,phase,t04_part_01,implementation,5,agent,16.25000,19.75000,3.50000,,0
EXP-05,exp05_p06_m06_ro050_lh00,exact,phase,t04_part_02,specification,4,human,14.75000,15.25000,0.50000,14.75000,0.00000
EXP-05,exp05_p06_m06_ro050_lh00,exact,phase,t04_part_02,implementation,4,agent,15.25000,18.75000,3.50000,,0
EXP-05,exp05_p06_m06_ro050_lh00,exact,phase,t04_part_03,specification,3,human,16.25000,16.75000,0.50000,16.25000,0.00000
EXP-05,exp05_p06_m06_ro050_lh00,exact,phase,t04_part_03,implementation,3,agent,16.75000,20.25000,3.50000,,0
EXP-05,exp05_p06_m06_ro050_lh00,exact,phase,t04_part_04,specification,3,human,12.00000,12.50000,0.50000,12.00000,0.00000
EXP-05,exp05_p06_m06_ro050_lh00,exact,phase,t04_part_04,implementation,3,agent,12.50000,16.00000,3.50000,,0
EXP-05,exp05_p06_m06_ro050_lh00,exact,phase,t04_part_05,specification,2,human,15.25000,15.75000,0.50000,15.25000,0.00000
EXP-05,exp05_p06_m06_ro050_lh00,exact,phase,t04_part_05,implementation,2,agent,15.75000,19.25000,3.50000,,0
EXP-05,exp05_p06_m06_ro050_lh00,exact,phase,t04_part_06,specification,1,human,16.75000,17.25000,0.50000,16.75000,0.00000
EXP-05,exp05_p06_m06_ro050_lh00,exact,phase,t04_part_06,implementation,1,agent,17.25000,20.75000,3.50000,,0
EXP-05,exp05_p06_m06_ro050_lh00,exact,phase,t04_join,integration,1,agent,20.75000,23.75000,3.00000,,0
EXP-05,exp05_p06_m06_ro050_lh00,exact,phase,t04_join,acceptance,1,human,23.75000,26.75000,3.00000,23.75000,0.00000
EXP-05,exp05_p06_m06_ro050_lh05,baseline,phase,t01,human_1,2,human,1.50,2.25,0.75,0,1.50
EXP-05,exp05_p06_m06_ro050_lh05,baseline,phase,t01,agent_1,2,agent,2.25,6.75,4.50,,0
EXP-05,exp05_p06_m06_ro050_lh05,baseline,phase,t01,human_2,2,human,6.75,7.50,0.75,6.75,0.00
EXP-05,exp05_p06_m06_ro050_lh05,baseline,phase,t02,human_1,1,human,0,1.50,1.50,0,0
EXP-05,exp05_p06_m06_ro050_lh05,baseline,phase,t02,agent_1,1,agent,1.50,10.50,9.00,,0
EXP-05,exp05_p06_m06_ro050_lh05,baseline,phase,t02,human_2,1,human,10.50,12.00,1.50,10.50,0.00
EXP-05,exp05_p06_m06_ro050_lh05,baseline,phase,t03,human_1,1,human,12.00,14.25,2.25,12.00,0.00
EXP-05,exp05_p06_m06_ro050_lh05,baseline,phase,t03,agent_1,1,agent,14.25,27.75,13.50,,0
EXP-05,exp05_p06_m06_ro050_lh05,baseline,phase,t03,human_2,1,human,28.250,30.500,2.250,27.75,0.500
EXP-05,exp05_p06_m06_ro050_lh05,baseline,phase,t04_part_01,specification,2,human,14.25,15.000,0.750,12.00,2.25
EXP-05,exp05_p06_m06_ro050_lh05,baseline,phase,t04_part_01,implementation,2,agent,15.000,18.250,3.250,,0
EXP-05,exp05_p06_m06_ro050_lh05,baseline,phase,t04_part_02,specification,3,human,15.000,15.750,0.750,12.00,3.000
EXP-05,exp05_p06_m06_ro050_lh05,baseline,phase,t04_part_02,implementation,3,agent,15.750,19.000,3.250,,0
EXP-05,exp05_p06_m06_ro050_lh05,baseline,phase,t04_part_03,specification,4,human,15.750,16.500,0.750,12.00,3.750
EXP-05,exp05_p06_m06_ro050_lh05,baseline,phase,t04_part_03,implementation,4,agent,16.500,19.750,3.250,,0
EXP-05,exp05_p06_m06_ro050_lh05,baseline,phase,t04_part_04,specification,5,human,16.500,17.250,0.750,12.00,4.500
EXP-05,exp05_p06_m06_ro050_lh05,baseline,phase,t04_part_04,implementation,5,agent,17.250,20.500,3.250,,0
EXP-05,exp05_p06_m06_ro050_lh05,baseline,phase,t04_part_05,specification,6,human,17.250,18.000,0.750,12.00,5.250
EXP-05,exp05_p06_m06_ro050_lh05,baseline,phase,t04_part_05,implementation,6,agent,18.000,21.250,3.250,,0
EXP-05,exp05_p06_m06_ro050_lh05,baseline,phase,t04_part_06,specification,2,human,18.250,19.000,0.750,18.250,0.000
EXP-05,exp05_p06_m06_ro050_lh05,baseline,phase,t04_part_06,implementation,2,agent,19.000,22.250,3.250,,0
EXP-05,exp05_p06_m06_ro050_lh05,baseline,phase,t04_join,integration,2,agent,22.250,23.750,1.500,,0
EXP-05,exp05_p06_m06_ro050_lh05,baseline,phase,t04_join,acceptance,2,human,23.750,28.250,4.500,23.750,0.000
EXP-05,exp05_p06_m06_ro050_lh05,baseline,wait,t01,human_1,2,human_queue,0,1.50,1.50,0,1.50
EXP-05,exp05_p06_m06_ro050_lh05,baseline,wait,t03,human_2,1,human_queue,27.75,28.250,0.500,27.75,0.500
EXP-05,exp05_p06_m06_ro050_lh05,baseline,wait,t04_part_01,specification,2,human_queue,12.00,14.25,2.25,12.00,2.25
EXP-05,exp05_p06_m06_ro050_lh05,baseline,wait,t04_part_02,specification,3,human_queue,12.00,15.000,3.000,12.00,3.000
EXP-05,exp05_p06_m06_ro050_lh05,baseline,wait,t04_part_03,specification,4,human_queue,12.00,15.750,3.750,12.00,3.750
EXP-05,exp05_p06_m06_ro050_lh05,baseline,wait,t04_part_04,specification,5,human_queue,12.00,16.500,4.500,12.00,4.500
EXP-05,exp05_p06_m06_ro050_lh05,baseline,wait,t04_part_05,specification,6,human_queue,12.00,17.250,5.250,12.00,5.250
EXP-05,exp05_p06_m06_ro050_lh05,exact,phase,t01,human_1,2,human,1.50000,2.25000,0.75000,1.50000,0.00000
EXP-05,exp05_p06_m06_ro050_lh05,exact,phase,t01,agent_1,2,agent,2.25000,6.75000,4.50000,,0
EXP-05,exp05_p06_m06_ro050_lh05,exact,phase,t01,human_2,2,human,6.75000,7.50000,0.75000,6.75000,0.00000
EXP-05,exp05_p06_m06_ro050_lh05,exact,phase,t02,human_1,1,human,0.00000,1.50000,1.50000,0.00000,0.00000
EXP-05,exp05_p06_m06_ro050_lh05,exact,phase,t02,agent_1,1,agent,1.50000,10.50000,9.00000,,0
EXP-05,exp05_p06_m06_ro050_lh05,exact,phase,t02,human_2,1,human,10.50000,12.00000,1.50000,10.50000,0.00000
EXP-05,exp05_p06_m06_ro050_lh05,exact,phase,t03,human_1,6,human,12.00000,14.25000,2.25000,12.00000,0.00000
EXP-05,exp05_p06_m06_ro050_lh05,exact,phase,t03,agent_1,6,agent,14.25000,27.75000,13.50000,,0
EXP-05,exp05_p06_m06_ro050_lh05,exact,phase,t03,human_2,6,human,28.25000,30.50000,2.25000,27.75000,0.50000
EXP-05,exp05_p06_m06_ro050_lh05,exact,phase,t04_part_01,specification,5,human,14.25000,15.00000,0.75000,14.25000,0.00000
EXP-05,exp05_p06_m06_ro050_lh05,exact,phase,t04_part_01,implementation,5,agent,15.00000,18.25000,3.25000,,0
EXP-05,exp05_p06_m06_ro050_lh05,exact,phase,t04_part_02,specification,5,human,18.25000,19.00000,0.75000,18.25000,0.00000
EXP-05,exp05_p06_m06_ro050_lh05,exact,phase,t04_part_02,implementation,5,agent,19.00000,22.25000,3.25000,,0
EXP-05,exp05_p06_m06_ro050_lh05,exact,phase,t04_part_03,specification,4,human,17.25000,18.00000,0.75000,17.25000,0.00000
EXP-05,exp05_p06_m06_ro050_lh05,exact,phase,t04_part_03,implementation,4,agent,18.00000,21.25000,3.25000,,0
EXP-05,exp05_p06_m06_ro050_lh05,exact,phase,t04_part_04,specification,3,human,15.75000,16.50000,0.75000,15.75000,0.00000
EXP-05,exp05_p06_m06_ro050_lh05,exact,phase,t04_part_04,implementation,3,agent,16.50000,19.75000,3.25000,,0
EXP-05,exp05_p06_m06_ro050_lh05,exact,phase,t04_part_05,specification,2,human,15.00000,15.75000,0.75000,15.00000,0.00000
EXP-05,exp05_p06_m06_ro050_lh05,exact,phase,t04_part_05,implementation,2,agent,15.75000,19.00000,3.25000,,0
EXP-05,exp05_p06_m06_ro050_lh05,exact,phase,t04_part_06,specification,1,human,16.50000,17.25000,0.75000,16.50000,0.00000
EXP-05,exp05_p06_m06_ro050_lh05,exact,phase,t04_part_06,implementation,1,agent,17.25000,20.50000,3.25000,,0
EXP-05,exp05_p06_m06_ro050_lh05,exact,phase,t04_join,integration,1,agent,22.25000,23.75000,1.50000,,0
EXP-05,exp05_p06_m06_ro050_lh05,exact,phase,t04_join,acceptance,1,human,23.75000,28.25000,4.50000,23.75000,0.00000
EXP-05,exp05_p06_m06_ro050_lh05,exact,wait,t03,human_2,6,human_queue,27.75000,28.25000,0.50000,27.75000,0.50000
EXP-05,exp05_p06_m06_ro100_lh00,baseline,phase,t01,human_1,2,human,1.50,2.25,0.75,0,1.50
EXP-05,exp05_p06_m06_ro100_lh00,baseline,phase,t01,agent_1,2,agent,2.25,6.75,4.50,,0
EXP-05,exp05_p06_m06_ro100_lh00,baseline,phase,t01,human_2,2,human,6.75,7.50,0.75,6.75,0.00
EXP-05,exp05_p06_m06_ro100_lh00,baseline,phase,t02,human_1,1,human,0,1.50,1.50,0,0
EXP-05,exp05_p06_m06_ro100_lh00,baseline,phase,t02,agent_1,1,agent,1.50,10.50,9.00,,0
EXP-05,exp05_p06_m06_ro100_lh00,baseline,phase,t02,human_2,1,human,10.50,12.00,1.50,10.50,0.00
EXP-05,exp05_p06_m06_ro100_lh00,baseline,phase,t03,human_1,1,human,12.00,14.25,2.25,12.00,0.00
EXP-05,exp05_p06_m06_ro100_lh00,baseline,phase,t03,agent_1,1,agent,14.25,27.75,13.50,,0
EXP-05,exp05_p06_m06_ro100_lh00,baseline,phase,t03,human_2,1,human,27.75,30.00,2.25,27.75,0.00
EXP-05,exp05_p06_m06_ro100_lh00,baseline,phase,t04_part_01,specification,2,human,14.25,14.75,0.50,12.00,2.25
EXP-05,exp05_p06_m06_ro100_lh00,baseline,phase,t04_part_01,implementation,2,agent,14.75,18.75,4.00,,0
EXP-05,exp05_p06_m06_ro100_lh00,baseline,phase,t04_part_02,specification,3,human,14.75,15.25,0.50,12.00,2.75
EXP-05,exp05_p06_m06_ro100_lh00,baseline,phase,t04_part_02,implementation,3,agent,15.25,19.25,4.00,,0
EXP-05,exp05_p06_m06_ro100_lh00,baseline,phase,t04_part_03,specification,4,human,15.25,15.75,0.50,12.00,3.25
EXP-05,exp05_p06_m06_ro100_lh00,baseline,phase,t04_part_03,implementation,4,agent,15.75,19.75,4.00,,0
EXP-05,exp05_p06_m06_ro100_lh00,baseline,phase,t04_part_04,specification,5,human,15.75,16.25,0.50,12.00,3.75
EXP-05,exp05_p06_m06_ro100_lh00,baseline,phase,t04_part_04,implementation,5,agent,16.25,20.25,4.00,,0
EXP-05,exp05_p06_m06_ro100_lh00,baseline,phase,t04_part_05,specification,6,human,16.25,16.75,0.50,12.00,4.25
EXP-05,exp05_p06_m06_ro100_lh00,baseline,phase,t04_part_05,implementation,6,agent,16.75,20.75,4.00,,0
EXP-05,exp05_p06_m06_ro100_lh00,baseline,phase,t04_part_06,specification,2,human,18.75,19.25,0.50,18.75,0.00
EXP-05,exp05_p06_m06_ro100_lh00,baseline,phase,t04_part_06,implementation,2,agent,19.25,23.25,4.00,,0
EXP-05,exp05_p06_m06_ro100_lh00,baseline,phase,t04_join,integration,2,agent,23.25,29.25,6.00,,0
EXP-05,exp05_p06_m06_ro100_lh00,baseline,phase,t04_join,acceptance,2,human,30.00,33.00,3.00,29.25,0.75
EXP-05,exp05_p06_m06_ro100_lh00,baseline,wait,t01,human_1,2,human_queue,0,1.50,1.50,0,1.50
EXP-05,exp05_p06_m06_ro100_lh00,baseline,wait,t04_part_01,specification,2,human_queue,12.00,14.25,2.25,12.00,2.25
EXP-05,exp05_p06_m06_ro100_lh00,baseline,wait,t04_part_02,specification,3,human_queue,12.00,14.75,2.75,12.00,2.75
EXP-05,exp05_p06_m06_ro100_lh00,baseline,wait,t04_part_03,specification,4,human_queue,12.00,15.25,3.25,12.00,3.25
EXP-05,exp05_p06_m06_ro100_lh00,baseline,wait,t04_part_04,specification,5,human_queue,12.00,15.75,3.75,12.00,3.75
EXP-05,exp05_p06_m06_ro100_lh00,baseline,wait,t04_part_05,specification,6,human_queue,12.00,16.25,4.25,12.00,4.25
EXP-05,exp05_p06_m06_ro100_lh00,baseline,wait,t04_join,acceptance,2,human_queue,29.25,30.00,0.75,29.25,0.75
EXP-05,exp05_p06_m06_ro100_lh00,exact,phase,t01,human_1,2,human,1.50000,2.25000,0.75000,1.50000,0.00000
EXP-05,exp05_p06_m06_ro100_lh00,exact,phase,t01,agent_1,2,agent,2.25000,6.75000,4.50000,,0
EXP-05,exp05_p06_m06_ro100_lh00,exact,phase,t01,human_2,2,human,6.75000,7.50000,0.75000,6.75000,0.00000
EXP-05,exp05_p06_m06_ro100_lh00,exact,phase,t02,human_1,1,human,0.00000,1.50000,1.50000,0.00000,0.00000
EXP-05,exp05_p06_m06_ro100_lh00,exact,phase,t02,agent_1,1,agent,1.50000,10.50000,9.00000,,0
EXP-05,exp05_p06_m06_ro100_lh00,exact,phase,t02,human_2,1,human,10.50000,12.00000,1.50000,10.50000,0.00000
EXP-05,exp05_p06_m06_ro100_lh00,exact,phase,t03,human_1,6,human,14.50000,16.75000,2.25000,14.50000,0.00000
EXP-05,exp05_p06_m06_ro100_lh00,exact,phase,t03,agent_1,6,agent,16.75000,30.25000,13.50000,,0
EXP-05,exp05_p06_m06_ro100_lh00,exact,phase,t03,human_2,6,human,30.25000,32.50000,2.25000,30.25000,0.00000
EXP-05,exp05_p06_m06_ro100_lh00,exact,phase,t04_part_01,specification,5,human,13.00000,13.50000,0.50000,13.00000,0.00000
EXP-05,exp05_p06_m06_ro100_lh00,exact,phase,t04_part_01,implementation,5,agent,13.50000,17.50000,4.00000,,0
EXP-05,exp05_p06_m06_ro100_lh00,exact,phase,t04_part_02,specification,4,human,14.00000,14.50000,0.50000,14.00000,0.00000
EXP-05,exp05_p06_m06_ro100_lh00,exact,phase,t04_part_02,implementation,4,agent,14.50000,18.50000,4.00000,,0
EXP-05,exp05_p06_m06_ro100_lh00,exact,phase,t04_part_03,specification,3,human,12.50000,13.00000,0.50000,12.50000,0.00000
EXP-05,exp05_p06_m06_ro100_lh00,exact,phase,t04_part_03,implementation,3,agent,13.00000,17.00000,4.00000,,0
EXP-05,exp05_p06_m06_ro100_lh00,exact,phase,t04_part_04,specification,2,human,13.50000,14.00000,0.50000,13.50000,0.00000
EXP-05,exp05_p06_m06_ro100_lh00,exact,phase,t04_part_04,implementation,2,agent,14.00000,18.00000,4.00000,,0
EXP-05,exp05_p06_m06_ro100_lh00,exact,phase,t04_part_05,specification,1,human,16.75000,17.25000,0.50000,16.75000,0.00000
EXP-05,exp05_p06_m06_ro100_lh00,exact,phase,t04_part_05,implementation,1,agent,17.25000,21.25000,4.00000,,0
EXP-05,exp05_p06_m06_ro100_lh00,exact,phase,t04_part_06,specification,1,human,12.00000,12.50000,0.50000,12.00000,0.00000
EXP-05,exp05_p06_m06_ro100_lh00,exact,phase,t04_part_06,implementation,1,agent,12.50000,16.50000,4.00000,,0
EXP-05,exp05_p06_m06_ro100_lh00,exact,phase,t04_join,integration,1,agent,21.25000,27.25000,6.00000,,0
EXP-05,exp05_p06_m06_ro100_lh00,exact,phase,t04_join,acceptance,1,human,27.25000,30.25000,3.00000,27.25000,0.00000
EXP-05,exp05_p06_m06_ro100_lh05,baseline,phase,t01,human_1,2,human,1.50,2.25,0.75,0,1.50
EXP-05,exp05_p06_m06_ro100_lh05,baseline,phase,t01,agent_1,2,agent,2.25,6.75,4.50,,0
EXP-05,exp05_p06_m06_ro100_lh05,baseline,phase,t01,human_2,2,human,6.75,7.50,0.75,6.75,0.00
EXP-05,exp05_p06_m06_ro100_lh05,baseline,phase,t02,human_1,1,human,0,1.50,1.50,0,0
EXP-05,exp05_p06_m06_ro100_lh05,baseline,phase,t02,agent_1,1,agent,1.50,10.50,9.00,,0
EXP-05,exp05_p06_m06_ro100_lh05,baseline,phase,t02,human_2,1,human,10.50,12.00,1.50,10.50,0.00
EXP-05,exp05_p06_m06_ro100_lh05,baseline,phase,t03,human_1,1,human,12.00,14.25,2.25,12.00,0.00
EXP-05,exp05_p06_m06_ro100_lh05,baseline,phase,t03,agent_1,1,agent,14.25,27.75,13.50,,0
EXP-05,exp05_p06_m06_ro100_lh05,baseline,phase,t03,human_2,1,human,32.750,35.000,2.250,27.75,5.000
EXP-05,exp05_p06_m06_ro100_lh05,baseline,phase,t04_part_01,specification,2,human,14.25,15.250,1.000,12.00,2.25
EXP-05,exp05_p06_m06_ro100_lh05,baseline,phase,t04_part_01,implementation,2,agent,15.250,18.750,3.500,,0
EXP-05,exp05_p06_m06_ro100_lh05,baseline,phase,t04_part_02,specification,3,human,15.250,16.250,1.000,12.00,3.250
EXP-05,exp05_p06_m06_ro100_lh05,baseline,phase,t04_part_02,implementation,3,agent,16.250,19.750,3.500,,0
EXP-05,exp05_p06_m06_ro100_lh05,baseline,phase,t04_part_03,specification,4,human,16.250,17.250,1.000,12.00,4.250
EXP-05,exp05_p06_m06_ro100_lh05,baseline,phase,t04_part_03,implementation,4,agent,17.250,20.750,3.500,,0
EXP-05,exp05_p06_m06_ro100_lh05,baseline,phase,t04_part_04,specification,5,human,17.250,18.250,1.000,12.00,5.250
EXP-05,exp05_p06_m06_ro100_lh05,baseline,phase,t04_part_04,implementation,5,agent,18.250,21.750,3.500,,0
EXP-05,exp05_p06_m06_ro100_lh05,baseline,phase,t04_part_05,specification,6,human,18.250,19.250,1.000,12.00,6.250
EXP-05,exp05_p06_m06_ro100_lh05,baseline,phase,t04_part_05,implementation,6,agent,19.250,22.750,3.500,,0
EXP-05,exp05_p06_m06_ro100_lh05,baseline,phase,t04_part_06,specification,2,human,19.250,20.250,1.000,18.750,0.500
EXP-05,exp05_p06_m06_ro100_lh05,baseline,phase,t04_part_06,implementation,2,agent,20.250,23.750,3.500,,0
EXP-05,exp05_p06_m06_ro100_lh05,baseline,phase,t04_join,integration,2,agent,23.750,26.750,3.000,,0
EXP-05,exp05_p06_m06_ro100_lh05,baseline,phase,t04_join,acceptance,2,human,26.750,32.750,6.000,26.750,0.000
EXP-05,exp05_p06_m06_ro100_lh05,baseline,wait,t01,human_1,2,human_queue,0,1.50,1.50,0,1.50
EXP-05,exp05_p06_m06_ro100_lh05,baseline,wait,t03,human_2,1,human_queue,27.75,32.750,5.000,27.75,5.000
EXP-05,exp05_p06_m06_ro100_lh05,baseline,wait,t04_part_01,specification,2,human_queue,12.00,14.25,2.25,12.00,2.25
EXP-05,exp05_p06_m06_ro100_lh05,baseline,wait,t04_part_02,specification,3,human_queue,12.00,15.250,3.250,12.00,3.250
EXP-05,exp05_p06_m06_ro100_lh05,baseline,wait,t04_part_03,specification,4,human_queue,12.00,16.250,4.250,12.00,4.250
EXP-05,exp05_p06_m06_ro100_lh05,baseline,wait,t04_part_04,specification,5,human_queue,12.00,17.250,5.250,12.00,5.250
EXP-05,exp05_p06_m06_ro100_lh05,baseline,wait,t04_part_05,specification,6,human_queue,12.00,18.250,6.250,12.00,6.250
EXP-05,exp05_p06_m06_ro100_lh05,baseline,wait,t04_part_06,specification,2,human_queue,18.750,19.250,0.500,18.750,0.500
EXP-05,exp05_p06_m06_ro100_lh05,exact,phase,t01,human_1,2,human,1.50000,2.25000,0.75000,1.50000,0.00000
EXP-05,exp05_p06_m06_ro100_lh05,exact,phase,t01,agent_1,2,agent,2.25000,6.75000,4.50000,,0
EXP-05,exp05_p06_m06_ro100_lh05,exact,phase,t01,human_2,2,human,6.75000,7.50000,0.75000,6.75000,0.00000
EXP-05,exp05_p06_m06_ro100_lh05,exact,phase,t02,human_1,1,human,0.00000,1.50000,1.50000,0.00000,0.00000
EXP-05,exp05_p06_m06_ro100_lh05,exact,phase,t02,agent_1,1,agent,1.50000,10.50000,9.00000,,0
EXP-05,exp05_p06_m06_ro100_lh05,exact,phase,t02,human_2,1,human,10.50000,12.00000,1.50000,10.50000,0.00000
EXP-05,exp05_p06_m06_ro100_lh05,exact,phase,t03,human_1,6,human,16.00000,18.25000,2.25000,16.00000,0.00000
EXP-05,exp05_p06_m06_ro100_lh05,exact,phase,t03,agent_1,6,agent,18.25000,31.75000,13.50000,,0
EXP-05,exp05_p06_m06_ro100_lh05,exact,phase,t03,human_2,6,human,32.75000,35.00000,2.25000,31.75000,1.00000
EXP-05,exp05_p06_m06_ro100_lh05,exact,phase,t04_part_01,specification,2,human,19.25000,20.25000,1.00000,19.25000,0.00000
EXP-05,exp05_p06_m06_ro100_lh05,exact,phase,t04_part_01,implementation,2,agent,20.25000,23.75000,3.50000,,0
EXP-05,exp05_p06_m06_ro100_lh05,exact,phase,t04_part_02,specification,5,human,15.00000,16.00000,1.00000,15.00000,0.00000
EXP-05,exp05_p06_m06_ro100_lh05,exact,phase,t04_part_02,implementation,5,agent,16.00000,19.50000,3.50000,,0
EXP-05,exp05_p06_m06_ro100_lh05,exact,phase,t04_part_03,specification,4,human,14.00000,15.00000,1.00000,14.00000,0.00000
EXP-05,exp05_p06_m06_ro100_lh05,exact,phase,t04_part_03,implementation,4,agent,15.00000,18.50000,3.50000,,0
EXP-05,exp05_p06_m06_ro100_lh05,exact,phase,t04_part_04,specification,3,human,12.00000,13.00000,1.00000,12.00000,0.00000
EXP-05,exp05_p06_m06_ro100_lh05,exact,phase,t04_part_04,implementation,3,agent,13.00000,16.50000,3.50000,,0
EXP-05,exp05_p06_m06_ro100_lh05,exact,phase,t04_part_05,specification,2,human,13.00000,14.00000,1.00000,13.00000,0.00000
EXP-05,exp05_p06_m06_ro100_lh05,exact,phase,t04_part_05,implementation,2,agent,14.00000,17.50000,3.50000,,0
EXP-05,exp05_p06_m06_ro100_lh05,exact,phase,t04_part_06,specification,1,human,18.25000,19.25000,1.00000,18.25000,0.00000
EXP-05,exp05_p06_m06_ro100_lh05,exact,phase,t04_part_06,implementation,1,agent,19.25000,22.75000,3.50000,,0
EXP-05,exp05_p06_m06_ro100_lh05,exact,phase,t04_join,integration,1,agent,23.75000,26.75000,3.00000,,0
EXP-05,exp05_p06_m06_ro100_lh05,exact,phase,t04_join,acceptance,1,human,26.75000,32.75000,6.00000,26.75000,0.00000
EXP-05,exp05_p06_m06_ro100_lh05,exact,wait,t03,human_2,6,human_queue,31.75000,32.75000,1.00000,31.75000,1.00000
EXP-05,exp05_p06_m08_ro000_lh00,baseline,phase,t01,human_1,2,human,1.50,2.25,0.75,0,1.50
EXP-05,exp05_p06_m08_ro000_lh00,baseline,phase,t01,agent_1,2,agent,2.25,6.75,4.50,,0
EXP-05,exp05_p06_m08_ro000_lh00,baseline,phase,t01,human_2,2,human,6.75,7.50,0.75,6.75,0.00
EXP-05,exp05_p06_m08_ro000_lh00,baseline,phase,t02,human_1,1,human,0,1.50,1.50,0,0
EXP-05,exp05_p06_m08_ro000_lh00,baseline,phase,t02,agent_1,1,agent,1.50,10.50,9.00,,0
EXP-05,exp05_p06_m08_ro000_lh00,baseline,phase,t02,human_2,1,human,10.50,12.00,1.50,10.50,0.00
EXP-05,exp05_p06_m08_ro000_lh00,baseline,phase,t03,human_1,1,human,12.00,14.25,2.25,12.00,0.00
EXP-05,exp05_p06_m08_ro000_lh00,baseline,phase,t03,agent_1,1,agent,14.25,27.75,13.50,,0
EXP-05,exp05_p06_m08_ro000_lh00,baseline,phase,t03,human_2,1,human,27.75,30.00,2.25,27.75,0.00
EXP-05,exp05_p06_m08_ro000_lh00,baseline,phase,t04_part_01,specification,2,human,14.25,14.625,0.375,12.00,2.25
EXP-05,exp05_p06_m08_ro000_lh00,baseline,phase,t04_part_01,implementation,2,agent,14.625,16.875,2.250,,0
EXP-05,exp05_p06_m08_ro000_lh00,baseline,phase,t04_part_02,specification,3,human,14.625,15.000,0.375,12.00,2.625
EXP-05,exp05_p06_m08_ro000_lh00,baseline,phase,t04_part_02,implementation,3,agent,15.000,17.250,2.250,,0
EXP-05,exp05_p06_m08_ro000_lh00,baseline,phase,t04_part_03,specification,4,human,15.000,15.375,0.375,12.00,3.000
EXP-05,exp05_p06_m08_ro000_lh00,baseline,phase,t04_part_03,implementation,4,agent,15.375,17.625,2.250,,0
EXP-05,exp05_p06_m08_ro000_lh00,baseline,phase,t04_part_04,specification,5,human,15.375,15.750,0.375,12.00,3.375
EXP-05,exp05_p06_m08_ro000_lh00,baseline,phase,t04_part_04,implementation,5,agent,15.750,18.000,2.250,,0
EXP-05,exp05_p06_m08_ro000_lh00,baseline,phase,t04_part_05,specification,6,human,15.750,16.125,0.375,12.00,3.750
EXP-05,exp05_p06_m08_ro000_lh00,baseline,phase,t04_part_05,implementation,6,agent,16.125,18.375,2.250,,0
EXP-05,exp05_p06_m08_ro000_lh00,baseline,phase,t04_part_06,specification,2,human,16.875,17.250,0.375,16.875,0.000
EXP-05,exp05_p06_m08_ro000_lh00,baseline,phase,t04_part_06,implementation,2,agent,17.250,19.500,2.250,,0
EXP-05,exp05_p06_m08_ro000_lh00,baseline,phase,t04_part_07,specification,3,human,17.250,17.625,0.375,17.250,0.000
EXP-05,exp05_p06_m08_ro000_lh00,baseline,phase,t04_part_07,implementation,3,agent,17.625,19.875,2.250,,0
EXP-05,exp05_p06_m08_ro000_lh00,baseline,phase,t04_part_08,specification,4,human,17.625,18.000,0.375,17.625,0.000
EXP-05,exp05_p06_m08_ro000_lh00,baseline,phase,t04_part_08,implementation,4,agent,18.000,20.250,2.250,,0
EXP-05,exp05_p06_m08_ro000_lh00,baseline,phase,t04_join,acceptance,2,human,20.250,23.250,3.000,20.250,0.000
EXP-05,exp05_p06_m08_ro000_lh00,baseline,wait,t01,human_1,2,human_queue,0,1.50,1.50,0,1.50
EXP-05,exp05_p06_m08_ro000_lh00,baseline,wait,t04_part_01,specification,2,human_queue,12.00,14.25,2.25,12.00,2.25
EXP-05,exp05_p06_m08_ro000_lh00,baseline,wait,t04_part_02,specification,3,human_queue,12.00,14.625,2.625,12.00,2.625
EXP-05,exp05_p06_m08_ro000_lh00,baseline,wait,t04_part_03,specification,4,human_queue,12.00,15.000,3.000,12.00,3.000
EXP-05,exp05_p06_m08_ro000_lh00,baseline,wait,t04_part_04,specification,5,human_queue,12.00,15.375,3.375,12.00,3.375
EXP-05,exp05_p06_m08_ro000_lh00,baseline,wait,t04_part_05,specification,6,human_queue,12.00,15.750,3.750,12.00,3.750
EXP-05,exp05_p06_m08_ro000_lh00,exact,phase,t01,human_1,2,human,1.50000,2.25000,0.75000,1.50000,0.00000
EXP-05,exp05_p06_m08_ro000_lh00,exact,phase,t01,agent_1,2,agent,2.25000,6.75000,4.50000,,0
EXP-05,exp05_p06_m08_ro000_lh00,exact,phase,t01,human_2,2,human,6.75000,7.50000,0.75000,6.75000,0.00000
EXP-05,exp05_p06_m08_ro000_lh00,exact,phase,t02,human_1,1,human,0.00000,1.50000,1.50000,0.00000,0.00000
EXP-05,exp05_p06_m08_ro000_lh00,exact,phase,t02,agent_1,1,agent,1.50000,10.50000,9.00000,,0
EXP-05,exp05_p06_m08_ro000_lh00,exact,phase,t02,human_2,1,human,10.50000,12.00000,1.50000,10.50000,0.00000
EXP-05,exp05_p06_m08_ro000_lh00,exact,phase,t03,human_1,3,human,12.00000,14.25000,2.25000,12.00000,0.00000
EXP-05,exp05_p06_m08_ro000_lh00,exact,phase,t03,agent_1,3,agent,14.25000,27.75000,13.50000,,0
EXP-05,exp05_p06_m08_ro000_lh00,exact,phase,t03,human_2,3,human,27.75000,30.00000,2.25000,27.75000,0.00000
EXP-05,exp05_p06_m08_ro000_lh00,exact,phase,t04_part_01,specification,6,human,15.75000,16.12500,0.37500,15.75000,0.00000
EXP-05,exp05_p06_m08_ro000_lh00,exact,phase,t04_part_01,implementation,6,agent,16.12500,18.37500,2.25000,,0
EXP-05,exp05_p06_m08_ro000_lh00,exact,phase,t04_part_02,specification,1,human,19.87500,20.25000,0.37500,19.87500,0.00000
EXP-05,exp05_p06_m08_ro000_lh00,exact,phase,t04_part_02,implementation,1,agent,20.25000,22.50000,2.25000,,0
EXP-05,exp05_p06_m08_ro000_lh00,exact,phase,t04_part_03,specification,5,human,14.25000,14.62500,0.37500,14.25000,0.00000
EXP-05,exp05_p06_m08_ro000_lh00,exact,phase,t04_part_03,implementation,5,agent,14.62500,16.87500,2.25000,,0
EXP-05,exp05_p06_m08_ro000_lh00,exact,phase,t04_part_04,specification,4,human,15.00000,15.37500,0.37500,15.00000,0.00000
EXP-05,exp05_p06_m08_ro000_lh00,exact,phase,t04_part_04,implementation,4,agent,15.37500,17.62500,2.25000,,0
EXP-05,exp05_p06_m08_ro000_lh00,exact,phase,t04_part_05,specification,1,human,17.25000,17.62500,0.37500,17.25000,0.00000
EXP-05,exp05_p06_m08_ro000_lh00,exact,phase,t04_part_05,implementation,1,agent,17.62500,19.87500,2.25000,,0
EXP-05,exp05_p06_m08_ro000_lh00,exact,phase,t04_part_06,specification,2,human,18.00000,18.37500,0.37500,18.00000,0.00000
EXP-05,exp05_p06_m08_ro000_lh00,exact,phase,t04_part_06,implementation,2,agent,18.37500,20.62500,2.25000,,0
EXP-05,exp05_p06_m08_ro000_lh00,exact,phase,t04_part_07,specification,1,human,14.62500,15.00000,0.37500,14.62500,0.00000
EXP-05,exp05_p06_m08_ro000_lh00,exact,phase,t04_part_07,implementation,1,agent,15.00000,17.25000,2.25000,,0
EXP-05,exp05_p06_m08_ro000_lh00,exact,phase,t04_part_08,specification,2,human,15.37500,15.75000,0.37500,15.37500,0.00000
EXP-05,exp05_p06_m08_ro000_lh00,exact,phase,t04_part_08,implementation,2,agent,15.75000,18.00000,2.25000,,0
EXP-05,exp05_p06_m08_ro000_lh00,exact,phase,t04_join,acceptance,6,human,22.50000,25.50000,3.00000,22.50000,0.00000
EXP-05,exp05_p06_m08_ro050_lh00,baseline,phase,t01,human_1,2,human,1.50,2.25,0.75,0,1.50
EXP-05,exp05_p06_m08_ro050_lh00,baseline,phase,t01,agent_1,2,agent,2.25,6.75,4.50,,0
EXP-05,exp05_p06_m08_ro050_lh00,baseline,phase,t01,human_2,2,human,6.75,7.50,0.75,6.75,0.00
EXP-05,exp05_p06_m08_ro050_lh00,baseline,phase,t02,human_1,1,human,0,1.50,1.50,0,0
EXP-05,exp05_p06_m08_ro050_lh00,baseline,phase,t02,agent_1,1,agent,1.50,10.50,9.00,,0
EXP-05,exp05_p06_m08_ro050_lh00,baseline,phase,t02,human_2,1,human,10.50,12.00,1.50,10.50,0.00
EXP-05,exp05_p06_m08_ro050_lh00,baseline,phase,t03,human_1,1,human,12.00,14.25,2.25,12.00,0.00
EXP-05,exp05_p06_m08_ro050_lh00,baseline,phase,t03,agent_1,1,agent,14.25,27.75,13.50,,0
EXP-05,exp05_p06_m08_ro050_lh00,baseline,phase,t03,human_2,1,human,28.500,30.750,2.250,27.75,0.750
EXP-05,exp05_p06_m08_ro050_lh00,baseline,phase,t04_part_01,specification,2,human,14.25,14.625,0.375,12.00,2.25
EXP-05,exp05_p06_m08_ro050_lh00,baseline,phase,t04_part_01,implementation,2,agent,14.625,17.400,2.775,,0
EXP-05,exp05_p06_m08_ro050_lh00,baseline,phase,t04_part_02,specification,3,human,14.625,15.000,0.375,12.00,2.625
EXP-05,exp05_p06_m08_ro050_lh00,baseline,phase,t04_part_02,implementation,3,agent,15.000,17.775,2.775,,0
EXP-05,exp05_p06_m08_ro050_lh00,baseline,phase,t04_part_03,specification,4,human,15.000,15.375,0.375,12.00,3.000
EXP-05,exp05_p06_m08_ro050_lh00,baseline,phase,t04_part_03,implementation,4,agent,15.375,18.150,2.775,,0
EXP-05,exp05_p06_m08_ro050_lh00,baseline,phase,t04_part_04,specification,5,human,15.375,15.750,0.375,12.00,3.375
EXP-05,exp05_p06_m08_ro050_lh00,baseline,phase,t04_part_04,implementation,5,agent,15.750,18.525,2.775,,0
EXP-05,exp05_p06_m08_ro050_lh00,baseline,phase,t04_part_05,specification,6,human,15.750,16.125,0.375,12.00,3.750
EXP-05,exp05_p06_m08_ro050_lh00,baseline,phase,t04_part_05,implementation,6,agent,16.125,18.900,2.775,,0
EXP-05,exp05_p06_m08_ro050_lh00,baseline,phase,t04_part_06,specification,2,human,17.400,17.775,0.375,17.400,0.000
EXP-05,exp05_p06_m08_ro050_lh00,baseline,phase,t04_part_06,implementation,2,agent,17.775,20.550,2.775,,0
EXP-05,exp05_p06_m08_ro050_lh00,baseline,phase,t04_part_07,specification,3,human,17.775,18.150,0.375,17.775,0.000
EXP-05,exp05_p06_m08_ro050_lh00,baseline,phase,t04_part_07,implementation,3,agent,18.150,20.925,2.775,,0
EXP-05,exp05_p06_m08_ro050_lh00,baseline,phase,t04_part_08,specification,4,human,18.150,18.525,0.375,18.150,0.000
EXP-05,exp05_p06_m08_ro050_lh00,baseline,phase,t04_part_08,implementation,4,agent,18.525,21.300,2.775,,0
EXP-05,exp05_p06_m08_ro050_lh00,baseline,phase,t04_join,integration,2,agent,21.300,25.500,4.200,,0
EXP-05,exp05_p06_m08_ro050_lh00,baseline,phase,t04_join,acceptance,2,human,25.500,28.500,3.000,25.500,0.000
EXP-05,exp05_p06_m08_ro050_lh00,baseline,wait,t01,human_1,2,human_queue,0,1.50,1.50,0,1.50
EXP-05,exp05_p06_m08_ro050_lh00,baseline,wait,t03,human_2,1,human_queue,27.75,28.500,0.750,27.75,0.750
EXP-05,exp05_p06_m08_ro050_lh00,baseline,wait,t04_part_01,specification,2,human_queue,12.00,14.25,2.25,12.00,2.25
EXP-05,exp05_p06_m08_ro050_lh00,baseline,wait,t04_part_02,specification,3,human_queue,12.00,14.625,2.625,12.00,2.625
EXP-05,exp05_p06_m08_ro050_lh00,baseline,wait,t04_part_03,specification,4,human_queue,12.00,15.000,3.000,12.00,3.000
EXP-05,exp05_p06_m08_ro050_lh00,baseline,wait,t04_part_04,specification,5,human_queue,12.00,15.375,3.375,12.00,3.375
EXP-05,exp05_p06_m08_ro050_lh00,baseline,wait,t04_part_05,specification,6,human_queue,12.00,15.750,3.750,12.00,3.750
EXP-05,exp05_p06_m08_ro050_lh00,exact,phase,t01,human_1,2,human,1.50000,2.25000,0.75000,1.50000,0.00000
EXP-05,exp05_p06_m08_ro050_lh00,exact,phase,t01,agent_1,2,agent,2.25000,6.75000,4.50000,,0
EXP-05,exp05_p06_m08_ro050_lh00,exact,phase,t01,human_2,2,human,6.75000,7.50000,0.75000,6.75000,0.00000
EXP-05,exp05_p06_m08_ro050_lh00,exact,phase,t02,human_1,1,human,0.00000,1.50000,1.50000,0.00000,0.00000
EXP-05,exp05_p06_m08_ro050_lh00,exact,phase,t02,agent_1,1,agent,1.50000,10.50000,9.00000,,0
EXP-05,exp05_p06_m08_ro050_lh00,exact,phase,t02,human_2,1,human,10.50000,12.00000,1.50000,10.50000,0.00000
EXP-05,exp05_p06_m08_ro050_lh00,exact,phase,t03,human_1,2,human,12.75000,15.00000,2.25000,12.75000,0.00000
EXP-05,exp05_p06_m08_ro050_lh00,exact,phase,t03,agent_1,2,agent,15.00000,28.50000,13.50000,,0
EXP-05,exp05_p06_m08_ro050_lh00,exact,phase,t03,human_2,2,human,28.50000,30.75000,2.25000,28.50000,0.00000
EXP-05,exp05_p06_m08_ro050_lh00,exact,phase,t04_part_01,specification,6,human,16.12500,16.50000,0.37500,16.12500,0.00000
EXP-05,exp05_p06_m08_ro050_lh00,exact,phase,t04_part_01,implementation,6,agent,16.50000,19.27500,2.77500,,0
EXP-05,exp05_p06_m08_ro050_lh00,exact,phase,t04_part_02,specification,1,human,16.50000,16.87500,0.37500,16.50000,0.00000
EXP-05,exp05_p06_m08_ro050_lh00,exact,phase,t04_part_02,implementation,1,agent,16.87500,19.65000,2.77500,,0
EXP-05,exp05_p06_m08_ro050_lh00,exact,phase,t04_part_03,specification,5,human,18.15000,18.52500,0.37500,18.15000,0.00000
EXP-05,exp05_p06_m08_ro050_lh00,exact,phase,t04_part_03,implementation,5,agent,18.52500,21.30000,2.77500,,0
EXP-05,exp05_p06_m08_ro050_lh00,exact,phase,t04_part_04,specification,4,human,15.37500,15.75000,0.37500,15.37500,0.00000
EXP-05,exp05_p06_m08_ro050_lh00,exact,phase,t04_part_04,implementation,4,agent,15.75000,18.52500,2.77500,,0
EXP-05,exp05_p06_m08_ro050_lh00,exact,phase,t04_part_05,specification,1,human,12.00000,12.37500,0.37500,12.00000,0.00000
EXP-05,exp05_p06_m08_ro050_lh00,exact,phase,t04_part_05,implementation,1,agent,12.37500,15.15000,2.77500,,0
EXP-05,exp05_p06_m08_ro050_lh00,exact,phase,t04_part_06,specification,3,human,15.75000,16.12500,0.37500,15.75000,0.00000
EXP-05,exp05_p06_m08_ro050_lh00,exact,phase,t04_part_06,implementation,3,agent,16.12500,18.90000,2.77500,,0
EXP-05,exp05_p06_m08_ro050_lh00,exact,phase,t04_part_07,specification,5,human,15.00000,15.37500,0.37500,15.00000,0.00000
EXP-05,exp05_p06_m08_ro050_lh00,exact,phase,t04_part_07,implementation,5,agent,15.37500,18.15000,2.77500,,0
EXP-05,exp05_p06_m08_ro050_lh00,exact,phase,t04_part_08,specification,6,human,12.37500,12.75000,0.37500,12.37500,0.00000
EXP-05,exp05_p06_m08_ro050_lh00,exact,phase,t04_part_08,implementation,6,agent,12.75000,15.52500,2.77500,,0
EXP-05,exp05_p06_m08_ro050_lh00,exact,phase,t04_join,integration,6,agent,21.30000,25.50000,4.20000,,0
EXP-05,exp05_p06_m08_ro050_lh00,exact,phase,t04_join,acceptance,6,human,25.50000,28.50000,3.00000,25.50000,0.00000
EXP-05,exp05_p06_m08_ro050_lh05,baseline,phase,t01,human_1,2,human,1.50,2.25,0.75,0,1.50
EXP-05,exp05_p06_m08_ro050_lh05,baseline,phase,t01,agent_1,2,agent,2.25,6.75,4.50,,0
EXP-05,exp05_p06_m08_ro050_lh05,baseline,phase,t01,human_2,2,human,6.75,7.50,0.75,6.75,0.00
EXP-05,exp05_p06_m08_ro050_lh05,baseline,phase,t02,human_1,1,human,0,1.50,1.50,0,0
EXP-05,exp05_p06_m08_ro050_lh05,baseline,phase,t02,agent_1,1,agent,1.50,10.50,9.00,,0
EXP-05,exp05_p06_m08_ro050_lh05,baseline,phase,t02,human_2,1,human,10.50,12.00,1.50,10.50,0.00
EXP-05,exp05_p06_m08_ro050_lh05,baseline,phase,t03,human_1,1,human,12.00,14.25,2.25,12.00,0.00
EXP-05,exp05_p06_m08_ro050_lh05,baseline,phase,t03,agent_1,1,agent,14.25,27.75,13.50,,0
EXP-05,exp05_p06_m08_ro050_lh05,baseline,phase,t03,human_2,1,human,29.0625,31.3125,2.2500,27.75,1.3125
EXP-05,exp05_p06_m08_ro050_lh05,baseline,phase,t04_part_01,specification,2,human,14.25,14.8875,0.6375,12.00,2.25
EXP-05,exp05_p06_m08_ro050_lh05,baseline,phase,t04_part_01,implementation,2,agent,14.8875,17.4000,2.5125,,0
EXP-05,exp05_p06_m08_ro050_lh05,baseline,phase,t04_part_02,specification,3,human,14.8875,15.5250,0.6375,12.00,2.8875
EXP-05,exp05_p06_m08_ro050_lh05,baseline,phase,t04_part_02,implementation,3,agent,15.5250,18.0375,2.5125,,0
EXP-05,exp05_p06_m08_ro050_lh05,baseline,phase,t04_part_03,specification,4,human,15.5250,16.1625,0.6375,12.00,3.5250
EXP-05,exp05_p06_m08_ro050_lh05,baseline,phase,t04_part_03,implementation,4,agent,16.1625,18.6750,2.5125,,0
EXP-05,exp05_p06_m08_ro050_lh05,baseline,phase,t04_part_04,specification,5,human,16.1625,16.8000,0.6375,12.00,4.1625
EXP-05,exp05_p06_m08_ro050_lh05,baseline,phase,t04_part_04,implementation,5,agent,16.8000,19.3125,2.5125,,0
EXP-05,exp05_p06_m08_ro050_lh05,baseline,phase,t04_part_05,specification,6,human,16.8000,17.4375,0.6375,12.00,4.8000
EXP-05,exp05_p06_m08_ro050_lh05,baseline,phase,t04_part_05,implementation,6,agent,17.4375,19.9500,2.5125,,0
EXP-05,exp05_p06_m08_ro050_lh05,baseline,phase,t04_part_06,specification,2,human,17.4375,18.0750,0.6375,17.4000,0.0375
EXP-05,exp05_p06_m08_ro050_lh05,baseline,phase,t04_part_06,implementation,2,agent,18.0750,20.5875,2.5125,,0
EXP-05,exp05_p06_m08_ro050_lh05,baseline,phase,t04_part_07,specification,3,human,18.0750,18.7125,0.6375,18.0375,0.0375
EXP-05,exp05_p06_m08_ro050_lh05,baseline,phase,t04_part_07,implementation,3,agent,18.7125,21.2250,2.5125,,0
EXP-05,exp05_p06_m08_ro050_lh05,baseline,phase,t04_part_08,specification,4,human,18.7125,19.3500,0.6375,18.6750,0.0375
EXP-05,exp05_p06_m08_ro050_lh05,baseline,phase,t04_part_08,implementation,4,agent,19.3500,21.8625,2.5125,,0
EXP-05,exp05_p06_m08_ro050_lh05,baseline,phase,t04_join,integration,2,agent,21.8625,23.9625,2.1000,,0
EXP-05,exp05_p06_m08_ro050_lh05,baseline,phase,t04_join,acceptance,2,human,23.9625,29.0625,5.1000,23.9625,0.0000
EXP-05,exp05_p06_m08_ro050_lh05,baseline,wait,t01,human_1,2,human_queue,0,1.50,1.50,0,1.50
EXP-05,exp05_p06_m08_ro050_lh05,baseline,wait,t03,human_2,1,human_queue,27.75,29.0625,1.3125,27.75,1.3125
EXP-05,exp05_p06_m08_ro050_lh05,baseline,wait,t04_part_01,specification,2,human_queue,12.00,14.25,2.25,12.00,2.25
EXP-05,exp05_p06_m08_ro050_lh05,baseline,wait,t04_part_02,specification,3,human_queue,12.00,14.8875,2.8875,12.00,2.8875
EXP-05,exp05_p06_m08_ro050_lh05,baseline,wait,t04_part_03,specification,4,human_queue,12.00,15.5250,3.5250,12.00,3.5250
EXP-05,exp05_p06_m08_ro050_lh05,baseline,wait,t04_part_04,specification,5,human_queue,12.00,16.1625,4.1625,12.00,4.1625
EXP-05,exp05_p06_m08_ro050_lh05,baseline,wait,t04_part_05,specification,6,human_queue,12.00,16.8000,4.8000,12.00,4.8000
EXP-05,exp05_p06_m08_ro050_lh05,baseline,wait,t04_part_06,specification,2,human_queue,17.4000,17.4375,0.0375,17.4000,0.0375
EXP-05,exp05_p06_m08_ro050_lh05,baseline,wait,t04_part_07,specification,3,human_queue,18.0375,18.0750,0.0375,18.0375,0.0375
EXP-05,exp05_p06_m08_ro050_lh05,baseline,wait,t04_part_08,specification,4,human_queue,18.6750,18.7125,0.0375,18.6750,0.0375
EXP-05,exp05_p06_m08_ro050_lh05,exact,phase,t01,human_1,2,human,1.50000,2.25000,0.75000,1.50000,0.00000
EXP-05,exp05_p06_m08_ro050_lh05,exact,phase,t01,agent_1,2,agent,2.25000,6.75000,4.50000,,0
EXP-05,exp05_p06_m08_ro050_lh05,exact,phase,t01,human_2,2,human,6.75000,7.50000,0.75000,6.75000,0.00000
EXP-05,exp05_p06_m08_ro050_lh05,exact,phase,t02,human_1,1,human,0.00000,1.50000,1.50000,0.00000,0.00000
EXP-05,exp05_p06_m08_ro050_lh05,exact,phase,t02,agent_1,1,agent,1.50000,10.50000,9.00000,,0
EXP-05,exp05_p06_m08_ro050_lh05,exact,phase,t02,human_2,1,human,10.50000,12.00000,1.50000,10.50000,0.00000
EXP-05,exp05_p06_m08_ro050_lh05,exact,phase,t03,human_1,6,human,13.27500,15.52500,2.25000,13.27500,0.00000
EXP-05,exp05_p06_m08_ro050_lh05,exact,phase,t03,agent_1,6,agent,15.52500,29.02500,13.50000,,0
EXP-05,exp05_p06_m08_ro050_lh05,exact,phase,t03,human_2,6,human,29.06250,31.31250,2.25000,29.02500,0.03750
EXP-05,exp05_p06_m08_ro050_lh05,exact,phase,t04_part_01,specification,5,human,12.00000,12.63750,0.63750,12.00000,0.00000
EXP-05,exp05_p06_m08_ro050_lh05,exact,phase,t04_part_01,implementation,5,agent,12.63750,15.15000,2.51250,,0
EXP-05,exp05_p06_m08_ro050_lh05,exact,phase,t04_part_02,specification,5,human,18.07500,18.71250,0.63750,18.07500,0.00000
EXP-05,exp05_p06_m08_ro050_lh05,exact,phase,t04_part_02,implementation,5,agent,18.71250,21.22500,2.51250,,0
EXP-05,exp05_p06_m08_ro050_lh05,exact,phase,t04_part_03,specification,2,human,15.52500,16.16250,0.63750,15.52500,0.00000
EXP-05,exp05_p06_m08_ro050_lh05,exact,phase,t04_part_03,implementation,2,agent,16.16250,18.67500,2.51250,,0
EXP-05,exp05_p06_m08_ro050_lh05,exact,phase,t04_part_04,specification,4,human,17.43750,18.07500,0.63750,17.43750,0.00000
EXP-05,exp05_p06_m08_ro050_lh05,exact,phase,t04_part_04,implementation,4,agent,18.07500,20.58750,2.51250,,0
EXP-05,exp05_p06_m08_ro050_lh05,exact,phase,t04_part_05,specification,3,human,12.63750,13.27500,0.63750,12.63750,0.00000
EXP-05,exp05_p06_m08_ro050_lh05,exact,phase,t04_part_05,implementation,3,agent,13.27500,15.78750,2.51250,,0
EXP-05,exp05_p06_m08_ro050_lh05,exact,phase,t04_part_06,specification,3,human,16.80000,17.43750,0.63750,16.80000,0.00000
EXP-05,exp05_p06_m08_ro050_lh05,exact,phase,t04_part_06,implementation,3,agent,17.43750,19.95000,2.51250,,0
EXP-05,exp05_p06_m08_ro050_lh05,exact,phase,t04_part_07,specification,2,human,18.71250,19.35000,0.63750,18.71250,0.00000
EXP-05,exp05_p06_m08_ro050_lh05,exact,phase,t04_part_07,implementation,2,agent,19.35000,21.86250,2.51250,,0
EXP-05,exp05_p06_m08_ro050_lh05,exact,phase,t04_part_08,specification,1,human,16.16250,16.80000,0.63750,16.16250,0.00000
EXP-05,exp05_p06_m08_ro050_lh05,exact,phase,t04_part_08,implementation,1,agent,16.80000,19.31250,2.51250,,0
EXP-05,exp05_p06_m08_ro050_lh05,exact,phase,t04_join,integration,1,agent,21.86250,23.96250,2.10000,,0
EXP-05,exp05_p06_m08_ro050_lh05,exact,phase,t04_join,acceptance,1,human,23.96250,29.06250,5.10000,23.96250,0.00000
EXP-05,exp05_p06_m08_ro050_lh05,exact,wait,t03,human_2,6,human_queue,29.02500,29.06250,0.03750,29.02500,0.03750
EXP-05,exp05_p06_m08_ro100_lh00,baseline,phase,t01,human_1,2,human,1.50,2.25,0.75,0,1.50
EXP-05,exp05_p06_m08_ro100_lh00,baseline,phase,t01,agent_1,2,agent,2.25,6.75,4.50,,0
EXP-05,exp05_p06_m08_ro100_lh00,baseline,phase,t01,human_2,2,human,6.75,7.50,0.75,6.75,0.00
EXP-05,exp05_p06_m08_ro100_lh00,baseline,phase,t02,human_1,1,human,0,1.50,1.50,0,0
EXP-05,exp05_p06_m08_ro100_lh00,baseline,phase,t02,agent_1,1,agent,1.50,10.50,9.00,,0
EXP-05,exp05_p06_m08_ro100_lh00,baseline,phase,t02,human_2,1,human,10.50,12.00,1.50,10.50,0.00
EXP-05,exp05_p06_m08_ro100_lh00,baseline,phase,t03,human_1,1,human,12.00,14.25,2.25,12.00,0.00
EXP-05,exp05_p06_m08_ro100_lh00,baseline,phase,t03,agent_1,1,agent,14.25,27.75,13.50,,0
EXP-05,exp05_p06_m08_ro100_lh00,baseline,phase,t03,human_2,1,human,27.75,30.00,2.25,27.75,0.00
EXP-05,exp05_p06_m08_ro100_lh00,baseline,phase,t04_part_01,specification,2,human,14.25,14.625,0.375,12.00,2.25
EXP-05,exp05_p06_m08_ro100_lh00,baseline,phase,t04_part_01,implementation,2,agent,14.625,17.925,3.300,,0
EXP-05,exp05_p06_m08_ro100_lh00,baseline,phase,t04_part_02,specification,3,human,14.625,15.000,0.375,12.00,2.625
EXP-05,exp05_p06_m08_ro100_lh00,baseline,phase,t04_part_02,implementation,3,agent,15.000,18.300,3.300,,0
EXP-05,exp05_p06_m08_ro100_lh00,baseline,phase,t04_part_03,specification,4,human,15.000,15.375,0.375,12.00,3.000
EXP-05,exp05_p06_m08_ro100_lh00,baseline,phase,t04_part_03,implementation,4,agent,15.375,18.675,3.300,,0
EXP-05,exp05_p06_m08_ro100_lh00,baseline,phase,t04_part_04,specification,5,human,15.375,15.750,0.375,12.00,3.375
EXP-05,exp05_p06_m08_ro100_lh00,baseline,phase,t04_part_04,implementation,5,agent,15.750,19.050,3.300,,0
EXP-05,exp05_p06_m08_ro100_lh00,baseline,phase,t04_part_05,specification,6,human,15.750,16.125,0.375,12.00,3.750
EXP-05,exp05_p06_m08_ro100_lh00,baseline,phase,t04_part_05,implementation,6,agent,16.125,19.425,3.300,,0
EXP-05,exp05_p06_m08_ro100_lh00,baseline,phase,t04_part_06,specification,2,human,17.925,18.300,0.375,17.925,0.000
EXP-05,exp05_p06_m08_ro100_lh00,baseline,phase,t04_part_06,implementation,2,agent,18.300,21.600,3.300,,0
EXP-05,exp05_p06_m08_ro100_lh00,baseline,phase,t04_part_07,specification,3,human,18.300,18.675,0.375,18.300,0.000
EXP-05,exp05_p06_m08_ro100_lh00,baseline,phase,t04_part_07,implementation,3,agent,18.675,21.975,3.300,,0
EXP-05,exp05_p06_m08_ro100_lh00,baseline,phase,t04_part_08,specification,4,human,18.675,19.050,0.375,18.675,0.000
EXP-05,exp05_p06_m08_ro100_lh00,baseline,phase,t04_part_08,implementation,4,agent,19.050,22.350,3.300,,0
EXP-05,exp05_p06_m08_ro100_lh00,baseline,phase,t04_join,integration,2,agent,22.350,30.750,8.400,,0
EXP-05,exp05_p06_m08_ro100_lh00,baseline,phase,t04_join,acceptance,2,human,30.750,33.750,3.000,30.750,0.000
EXP-05,exp05_p06_m08_ro100_lh00,baseline,wait,t01,human_1,2,human_queue,0,1.50,1.50,0,1.50
EXP-05,exp05_p06_m08_ro100_lh00,baseline,wait,t04_part_01,specification,2,human_queue,12.00,14.25,2.25,12.00,2.25
EXP-05,exp05_p06_m08_ro100_lh00,baseline,wait,t04_part_02,specification,3,human_queue,12.00,14.625,2.625,12.00,2.625
EXP-05,exp05_p06_m08_ro100_lh00,baseline,wait,t04_part_03,specification,4,human_queue,12.00,15.000,3.000,12.00,3.000
EXP-05,exp05_p06_m08_ro100_lh00,baseline,wait,t04_part_04,specification,5,human_queue,12.00,15.375,3.375,12.00,3.375
EXP-05,exp05_p06_m08_ro100_lh00,baseline,wait,t04_part_05,specification,6,human_queue,12.00,15.750,3.750,12.00,3.750
EXP-05,exp05_p06_m08_ro100_lh00,exact,phase,t01,human_1,2,human,1.50000,2.25000,0.75000,1.50000,0.00000
EXP-05,exp05_p06_m08_ro100_lh00,exact,phase,t01,agent_1,2,agent,2.25000,6.75000,4.50000,,0
EXP-05,exp05_p06_m08_ro100_lh00,exact,phase,t01,human_2,2,human,6.75000,7.50000,0.75000,6.75000,0.00000
EXP-05,exp05_p06_m08_ro100_lh00,exact,phase,t02,human_1,1,human,0.00000,1.50000,1.50000,0.00000,0.00000
EXP-05,exp05_p06_m08_ro100_lh00,exact,phase,t02,agent_1,1,agent,1.50000,10.50000,9.00000,,0
EXP-05,exp05_p06_m08_ro100_lh00,exact,phase,t02,human_2,1,human,10.50000,12.00000,1.50000,10.50000,0.00000
EXP-05,exp05_p06_m08_ro100_lh00,exact,phase,t03,human_1,5,human,12.75000,15.00000,2.25000,12.75000,0.00000
EXP-05,exp05_p06_m08_ro100_lh00,exact,phase,t03,agent_1,5,agent,15.00000,28.50000,13.50000,,0
EXP-05,exp05_p06_m08_ro100_lh00,exact,phase,t03,human_2,5,human,28.50000,30.75000,2.25000,28.50000,0.00000
EXP-05,exp05_p06_m08_ro100_lh00,exact,phase,t04_part_01,specification,6,human,16.80000,17.17500,0.37500,16.80000,0.00000
EXP-05,exp05_p06_m08_ro100_lh00,exact,phase,t04_part_01,implementation,6,agent,17.17500,20.47500,3.30000,,0
EXP-05,exp05_p06_m08_ro100_lh00,exact,phase,t04_part_02,specification,1,human,18.67500,19.05000,0.37500,18.67500,0.00000
EXP-05,exp05_p06_m08_ro100_lh00,exact,phase,t04_part_02,implementation,1,agent,19.05000,22.35000,3.30000,,0
EXP-05,exp05_p06_m08_ro100_lh00,exact,phase,t04_part_03,specification,2,human,12.00000,12.37500,0.37500,12.00000,0.00000
EXP-05,exp05_p06_m08_ro100_lh00,exact,phase,t04_part_03,implementation,2,agent,12.37500,15.67500,3.30000,,0
EXP-05,exp05_p06_m08_ro100_lh00,exact,phase,t04_part_04,specification,4,human,12.37500,12.75000,0.37500,12.37500,0.00000
EXP-05,exp05_p06_m08_ro100_lh00,exact,phase,t04_part_04,implementation,4,agent,12.75000,16.05000,3.30000,,0
EXP-05,exp05_p06_m08_ro100_lh00,exact,phase,t04_part_05,specification,1,human,15.00000,15.37500,0.37500,15.00000,0.00000
EXP-05,exp05_p06_m08_ro100_lh00,exact,phase,t04_part_05,implementation,1,agent,15.37500,18.67500,3.30000,,0
EXP-05,exp05_p06_m08_ro100_lh00,exact,phase,t04_part_06,specification,3,human,16.42500,16.80000,0.37500,16.42500,0.00000
EXP-05,exp05_p06_m08_ro100_lh00,exact,phase,t04_part_06,implementation,3,agent,16.80000,20.10000,3.30000,,0
EXP-05,exp05_p06_m08_ro100_lh00,exact,phase,t04_part_07,specification,4,human,16.05000,16.42500,0.37500,16.05000,0.00000
EXP-05,exp05_p06_m08_ro100_lh00,exact,phase,t04_part_07,implementation,4,agent,16.42500,19.72500,3.30000,,0
EXP-05,exp05_p06_m08_ro100_lh00,exact,phase,t04_part_08,specification,2,human,15.67500,16.05000,0.37500,15.67500,0.00000
EXP-05,exp05_p06_m08_ro100_lh00,exact,phase,t04_part_08,implementation,2,agent,16.05000,19.35000,3.30000,,0
EXP-05,exp05_p06_m08_ro100_lh00,exact,phase,t04_join,integration,6,agent,22.35000,30.75000,8.40000,,0
EXP-05,exp05_p06_m08_ro100_lh00,exact,phase,t04_join,acceptance,6,human,30.75000,33.75000,3.00000,30.75000,0.00000
EXP-05,exp05_p06_m08_ro100_lh05,baseline,phase,t01,human_1,2,human,1.50,2.25,0.75,0,1.50
EXP-05,exp05_p06_m08_ro100_lh05,baseline,phase,t01,agent_1,2,agent,2.25,6.75,4.50,,0
EXP-05,exp05_p06_m08_ro100_lh05,baseline,phase,t01,human_2,2,human,6.75,7.50,0.75,6.75,0.00
EXP-05,exp05_p06_m08_ro100_lh05,baseline,phase,t02,human_1,1,human,0,1.50,1.50,0,0
EXP-05,exp05_p06_m08_ro100_lh05,baseline,phase,t02,agent_1,1,agent,1.50,10.50,9.00,,0
EXP-05,exp05_p06_m08_ro100_lh05,baseline,phase,t02,human_2,1,human,10.50,12.00,1.50,10.50,0.00
EXP-05,exp05_p06_m08_ro100_lh05,baseline,phase,t03,human_1,1,human,12.00,14.25,2.25,12.00,0.00
EXP-05,exp05_p06_m08_ro100_lh05,baseline,phase,t03,agent_1,1,agent,14.25,27.75,13.50,,0
EXP-05,exp05_p06_m08_ro100_lh05,baseline,phase,t03,human_2,1,human,27.75,30.00,2.25,27.75,0.00
EXP-05,exp05_p06_m08_ro100_lh05,baseline,phase,t04_part_01,specification,2,human,14.25,15.150,0.900,12.00,2.25
EXP-05,exp05_p06_m08_ro100_lh05,baseline,phase,t04_part_01,implementation,2,agent,15.150,17.925,2.775,,0
EXP-05,exp05_p06_m08_ro100_lh05,baseline,phase,t04_part_02,specification,3,human,15.150,16.050,0.900,12.00,3.150
EXP-05,exp05_p06_m08_ro100_lh05,baseline,phase,t04_part_02,implementation,3,agent,16.050,18.825,2.775,,0
EXP-05,exp05_p06_m08_ro100_lh05,baseline,phase,t04_part_03,specification,4,human,16.050,16.950,0.900,12.00,4.050
EXP-05,exp05_p06_m08_ro100_lh05,baseline,phase,t04_part_03,implementation,4,agent,16.950,19.725,2.775,,0
EXP-05,exp05_p06_m08_ro100_lh05,baseline,phase,t04_part_04,specification,5,human,16.950,17.850,0.900,12.00,4.950
EXP-05,exp05_p06_m08_ro100_lh05,baseline,phase,t04_part_04,implementation,5,agent,17.850,20.625,2.775,,0
EXP-05,exp05_p06_m08_ro100_lh05,baseline,phase,t04_part_05,specification,6,human,17.850,18.750,0.900,12.00,5.850
EXP-05,exp05_p06_m08_ro100_lh05,baseline,phase,t04_part_05,implementation,6,agent,18.750,21.525,2.775,,0
EXP-05,exp05_p06_m08_ro100_lh05,baseline,phase,t04_part_06,specification,2,human,18.750,19.650,0.900,17.925,0.825
EXP-05,exp05_p06_m08_ro100_lh05,baseline,phase,t04_part_06,implementation,2,agent,19.650,22.425,2.775,,0
EXP-05,exp05_p06_m08_ro100_lh05,baseline,phase,t04_part_07,specification,3,human,19.650,20.550,0.900,18.825,0.825
EXP-05,exp05_p06_m08_ro100_lh05,baseline,phase,t04_part_07,implementation,3,agent,20.550,23.325,2.775,,0
EXP-05,exp05_p06_m08_ro100_lh05,baseline,phase,t04_part_08,specification,4,human,20.550,21.450,0.900,19.725,0.825
EXP-05,exp05_p06_m08_ro100_lh05,baseline,phase,t04_part_08,implementation,4,agent,21.450,24.225,2.775,,0
EXP-05,exp05_p06_m08_ro100_lh05,baseline,phase,t04_join,integration,2,agent,24.225,28.425,4.200,,0
EXP-05,exp05_p06_m08_ro100_lh05,baseline,phase,t04_join,acceptance,2,human,30.00,37.200,7.200,28.425,1.575
EXP-05,exp05_p06_m08_ro100_lh05,baseline,wait,t01,human_1,2,human_queue,0,1.50,1.50,0,1.50
EXP-05,exp05_p06_m08_ro100_lh05,baseline,wait,t04_part_01,specification,2,human_queue,12.00,14.25,2.25,12.00,2.25
EXP-05,exp05_p06_m08_ro100_lh05,baseline,wait,t04_part_02,specification,3,human_queue,12.00,15.150,3.150,12.00,3.150
EXP-05,exp05_p06_m08_ro100_lh05,baseline,wait,t04_part_03,specification,4,human_queue,12.00,16.050,4.050,12.00,4.050
EXP-05,exp05_p06_m08_ro100_lh05,baseline,wait,t04_part_04,specification,5,human_queue,12.00,16.950,4.950,12.00,4.950
EXP-05,exp05_p06_m08_ro100_lh05,baseline,wait,t04_part_05,specification,6,human_queue,12.00,17.850,5.850,12.00,5.850
EXP-05,exp05_p06_m08_ro100_lh05,baseline,wait,t04_part_06,specification,2,human_queue,17.925,18.750,0.825,17.925,0.825
EXP-05,exp05_p06_m08_ro100_lh05,baseline,wait,t04_part_07,specification,3,human_queue,18.825,19.650,0.825,18.825,0.825
EXP-05,exp05_p06_m08_ro100_lh05,baseline,wait,t04_part_08,specification,4,human_queue,19.725,20.550,0.825,19.725,0.825
EXP-05,exp05_p06_m08_ro100_lh05,baseline,wait,t04_join,acceptance,2,human_queue,28.425,30.00,1.575,28.425,1.575
EXP-05,exp05_p06_m08_ro100_lh05,exact,phase,t01,human_1,2,human,1.50000,2.25000,0.75000,1.50000,0.00000
EXP-05,exp05_p06_m08_ro100_lh05,exact,phase,t01,agent_1,2,agent,2.25000,6.75000,4.50000,,0
EXP-05,exp05_p06_m08_ro100_lh05,exact,phase,t01,human_2,2,human,6.75000,7.50000,0.75000,6.75000,0.00000
EXP-05,exp05_p06_m08_ro100_lh05,exact,phase,t02,human_1,1,human,0.00000,1.50000,1.50000,0.00000,0.00000
EXP-05,exp05_p06_m08_ro100_lh05,exact,phase,t02,agent_1,1,agent,1.50000,10.50000,9.00000,,0
EXP-05,exp05_p06_m08_ro100_lh05,exact,phase,t02,human_2,1,human,10.50000,12.00000,1.50000,10.50000,0.00000
EXP-05,exp05_p06_m08_ro100_lh05,exact,phase,t03,human_1,6,human,19.20000,21.45000,2.25000,19.20000,0.00000
EXP-05,exp05_p06_m08_ro100_lh05,exact,phase,t03,agent_1,6,agent,21.45000,34.95000,13.50000,,0
EXP-05,exp05_p06_m08_ro100_lh05,exact,phase,t03,human_2,6,human,34.95000,37.20000,2.25000,34.95000,0.00000
EXP-05,exp05_p06_m08_ro100_lh05,exact,phase,t04_part_01,specification,6,human,13.80000,14.70000,0.90000,13.80000,0.00000
EXP-05,exp05_p06_m08_ro100_lh05,exact,phase,t04_part_01,implementation,6,agent,14.70000,17.47500,2.77500,,0
EXP-05,exp05_p06_m08_ro100_lh05,exact,phase,t04_part_02,specification,3,human,18.30000,19.20000,0.90000,18.30000,0.00000
EXP-05,exp05_p06_m08_ro100_lh05,exact,phase,t04_part_02,implementation,3,agent,19.20000,21.97500,2.77500,,0
EXP-05,exp05_p06_m08_ro100_lh05,exact,phase,t04_part_03,specification,5,human,15.60000,16.50000,0.90000,15.60000,0.00000
EXP-05,exp05_p06_m08_ro100_lh05,exact,phase,t04_part_03,implementation,5,agent,16.50000,19.27500,2.77500,,0
EXP-05,exp05_p06_m08_ro100_lh05,exact,phase,t04_part_04,specification,4,human,14.70000,15.60000,0.90000,14.70000,0.00000
EXP-05,exp05_p06_m08_ro100_lh05,exact,phase,t04_part_04,implementation,4,agent,15.60000,18.37500,2.77500,,0
EXP-05,exp05_p06_m08_ro100_lh05,exact,phase,t04_part_05,specification,3,human,12.90000,13.80000,0.90000,12.90000,0.00000
EXP-05,exp05_p06_m08_ro100_lh05,exact,phase,t04_part_05,implementation,3,agent,13.80000,16.57500,2.77500,,0
EXP-05,exp05_p06_m08_ro100_lh05,exact,phase,t04_part_06,specification,2,human,17.40000,18.30000,0.90000,17.40000,0.00000
EXP-05,exp05_p06_m08_ro100_lh05,exact,phase,t04_part_06,implementation,2,agent,18.30000,21.07500,2.77500,,0
EXP-05,exp05_p06_m08_ro100_lh05,exact,phase,t04_part_07,specification,2,human,12.00000,12.90000,0.90000,12.00000,0.00000
EXP-05,exp05_p06_m08_ro100_lh05,exact,phase,t04_part_07,implementation,2,agent,12.90000,15.67500,2.77500,,0
EXP-05,exp05_p06_m08_ro100_lh05,exact,phase,t04_part_08,specification,1,human,16.50000,17.40000,0.90000,16.50000,0.00000
EXP-05,exp05_p06_m08_ro100_lh05,exact,phase,t04_part_08,implementation,1,agent,17.40000,20.17500,2.77500,,0
EXP-05,exp05_p06_m08_ro100_lh05,exact,phase,t04_join,integration,1,agent,21.97500,26.17500,4.20000,,0
EXP-05,exp05_p06_m08_ro100_lh05,exact,phase,t04_join,acceptance,1,human,26.17500,33.37500,7.20000,26.17500,0.00000
EXP-05,exp05_p08_m01_ro000_lh00,baseline,phase,t01,human_1,2,human,1.50,2.25,0.75,0,1.50
EXP-05,exp05_p08_m01_ro000_lh00,baseline,phase,t01,agent_1,2,agent,2.25,6.75,4.50,,0
EXP-05,exp05_p08_m01_ro000_lh00,baseline,phase,t01,human_2,2,human,6.75,7.50,0.75,6.75,0.00
EXP-05,exp05_p08_m01_ro000_lh00,baseline,phase,t02,human_1,1,human,0,1.50,1.50,0,0
EXP-05,exp05_p08_m01_ro000_lh00,baseline,phase,t02,agent_1,1,agent,1.50,10.50,9.00,,0
EXP-05,exp05_p08_m01_ro000_lh00,baseline,phase,t02,human_2,1,human,10.50,12.00,1.50,10.50,0.00
EXP-05,exp05_p08_m01_ro000_lh00,baseline,phase,t03,human_1,2,human,15.00,17.25,2.25,12.00,3.00
EXP-05,exp05_p08_m01_ro000_lh00,baseline,phase,t03,agent_1,2,agent,17.25,30.75,13.50,,0
EXP-05,exp05_p08_m01_ro000_lh00,baseline,phase,t03,human_2,2,human,30.75,33.00,2.25,30.75,0.00
EXP-05,exp05_p08_m01_ro000_lh00,baseline,phase,t04_part_01,specification,1,human,12.00,15.00,3.00,12.00,0.00
EXP-05,exp05_p08_m01_ro000_lh00,baseline,phase,t04_part_01,implementation,1,agent,15.00,33.00,18.00,,0
EXP-05,exp05_p08_m01_ro000_lh00,baseline,phase,t04_join,acceptance,1,human,33.00,36.00,3.00,33.00,0.00
EXP-05,exp05_p08_m01_ro000_lh00,baseline,wait,t01,human_1,2,human_queue,0,1.50,1.50,0,1.50
EXP-05,exp05_p08_m01_ro000_lh00,baseline,wait,t03,human_1,2,human_queue,12.00,15.00,3.00,12.00,3.00
EXP-05,exp05_p08_m01_ro000_lh00,exact,phase,t01,human_1,8,human,1.50000,2.25000,0.75000,1.50000,0.00000
EXP-05,exp05_p08_m01_ro000_lh00,exact,phase,t01,agent_1,8,agent,2.25000,6.75000,4.50000,,0
EXP-05,exp05_p08_m01_ro000_lh00,exact,phase,t01,human_2,8,human,6.75000,7.50000,0.75000,6.75000,0.00000
EXP-05,exp05_p08_m01_ro000_lh00,exact,phase,t02,human_1,7,human,0.00000,1.50000,1.50000,0.00000,0.00000
EXP-05,exp05_p08_m01_ro000_lh00,exact,phase,t02,agent_1,7,agent,1.50000,10.50000,9.00000,,0
EXP-05,exp05_p08_m01_ro000_lh00,exact,phase,t02,human_2,7,human,10.50000,12.00000,1.50000,10.50000,0.00000
EXP-05,exp05_p08_m01_ro000_lh00,exact,phase,t03,human_1,5,human,15.00000,17.25000,2.25000,15.00000,0.00000
EXP-05,exp05_p08_m01_ro000_lh00,exact,phase,t03,agent_1,5,agent,17.25000,30.75000,13.50000,,0
EXP-05,exp05_p08_m01_ro000_lh00,exact,phase,t03,human_2,5,human,30.75000,33.00000,2.25000,30.75000,0.00000
EXP-05,exp05_p08_m01_ro000_lh00,exact,phase,t04_part_01,specification,8,human,12.00000,15.00000,3.00000,12.00000,0.00000
EXP-05,exp05_p08_m01_ro000_lh00,exact,phase,t04_part_01,implementation,8,agent,15.00000,33.00000,18.00000,,0
EXP-05,exp05_p08_m01_ro000_lh00,exact,phase,t04_join,acceptance,4,human,33.00000,36.00000,3.00000,33.00000,0.00000
EXP-05,exp05_p08_m02_ro000_lh00,baseline,phase,t01,human_1,2,human,1.50,2.25,0.75,0,1.50
EXP-05,exp05_p08_m02_ro000_lh00,baseline,phase,t01,agent_1,2,agent,2.25,6.75,4.50,,0
EXP-05,exp05_p08_m02_ro000_lh00,baseline,phase,t01,human_2,2,human,6.75,7.50,0.75,6.75,0.00
EXP-05,exp05_p08_m02_ro000_lh00,baseline,phase,t02,human_1,1,human,0,1.50,1.50,0,0
EXP-05,exp05_p08_m02_ro000_lh00,baseline,phase,t02,agent_1,1,agent,1.50,10.50,9.00,,0
EXP-05,exp05_p08_m02_ro000_lh00,baseline,phase,t02,human_2,1,human,10.50,12.00,1.50,10.50,0.00
EXP-05,exp05_p08_m02_ro000_lh00,baseline,phase,t03,human_1,1,human,12.00,14.25,2.25,12.00,0.00
EXP-05,exp05_p08_m02_ro000_lh00,baseline,phase,t03,agent_1,1,agent,14.25,27.75,13.50,,0
EXP-05,exp05_p08_m02_ro000_lh00,baseline,phase,t03,human_2,1,human,29.25,31.50,2.25,27.75,1.50
EXP-05,exp05_p08_m02_ro000_lh00,baseline,phase,t04_part_01,specification,2,human,14.25,15.75,1.50,12.00,2.25
EXP-05,exp05_p08_m02_ro000_lh00,baseline,phase,t04_part_01,implementation,2,agent,15.75,24.75,9.00,,0
EXP-05,exp05_p08_m02_ro000_lh00,baseline,phase,t04_part_02,specification,3,human,15.75,17.25,1.50,12.00,3.75
EXP-05,exp05_p08_m02_ro000_lh00,baseline,phase,t04_part_02,implementation,3,agent,17.25,26.25,9.00,,0
EXP-05,exp05_p08_m02_ro000_lh00,baseline,phase,t04_join,acceptance,2,human,26.25,29.25,3.00,26.25,0.00
EXP-05,exp05_p08_m02_ro000_lh00,baseline,wait,t01,human_1,2,human_queue,0,1.50,1.50,0,1.50
EXP-05,exp05_p08_m02_ro000_lh00,baseline,wait,t03,human_2,1,human_queue,27.75,29.25,1.50,27.75,1.50
EXP-05,exp05_p08_m02_ro000_lh00,baseline,wait,t04_part_01,specification,2,human_queue,12.00,14.25,2.25,12.00,2.25
EXP-05,exp05_p08_m02_ro000_lh00,baseline,wait,t04_part_02,specification,3,human_queue,12.00,15.75,3.75,12.00,3.75
EXP-05,exp05_p08_m02_ro000_lh00,exact,phase,t01,human_1,8,human,1.50000,2.25000,0.75000,1.50000,0.00000
EXP-05,exp05_p08_m02_ro000_lh00,exact,phase,t01,agent_1,8,agent,2.25000,6.75000,4.50000,,0
EXP-05,exp05_p08_m02_ro000_lh00,exact,phase,t01,human_2,8,human,6.75000,7.50000,0.75000,6.75000,0.00000
EXP-05,exp05_p08_m02_ro000_lh00,exact,phase,t02,human_1,4,human,0.00000,1.50000,1.50000,0.00000,0.00000
EXP-05,exp05_p08_m02_ro000_lh00,exact,phase,t02,agent_1,4,agent,1.50000,10.50000,9.00000,,0
EXP-05,exp05_p08_m02_ro000_lh00,exact,phase,t02,human_2,4,human,10.50000,12.00000,1.50000,10.50000,0.00000
EXP-05,exp05_p08_m02_ro000_lh00,exact,phase,t03,human_1,3,human,12.00000,14.25000,2.25000,12.00000,0.00000
EXP-05,exp05_p08_m02_ro000_lh00,exact,phase,t03,agent_1,3,agent,14.25000,27.75000,13.50000,,0
EXP-05,exp05_p08_m02_ro000_lh00,exact,phase,t03,human_2,3,human,29.25000,31.50000,2.25000,27.75000,1.50000
EXP-05,exp05_p08_m02_ro000_lh00,exact,phase,t04_part_01,specification,6,human,15.75000,17.25000,1.50000,15.75000,0.00000
EXP-05,exp05_p08_m02_ro000_lh00,exact,phase,t04_part_01,implementation,6,agent,17.25000,26.25000,9.00000,,0
EXP-05,exp05_p08_m02_ro000_lh00,exact,phase,t04_part_02,specification,8,human,14.25000,15.75000,1.50000,14.25000,0.00000
EXP-05,exp05_p08_m02_ro000_lh00,exact,phase,t04_part_02,implementation,8,agent,15.75000,24.75000,9.00000,,0
EXP-05,exp05_p08_m02_ro000_lh00,exact,phase,t04_join,acceptance,5,human,26.25000,29.25000,3.00000,26.25000,0.00000
EXP-05,exp05_p08_m02_ro000_lh00,exact,wait,t03,human_2,3,human_queue,27.75000,29.25000,1.50000,27.75000,1.50000
EXP-05,exp05_p08_m02_ro050_lh00,baseline,phase,t01,human_1,2,human,1.50,2.25,0.75,0,1.50
EXP-05,exp05_p08_m02_ro050_lh00,baseline,phase,t01,agent_1,2,agent,2.25,6.75,4.50,,0
EXP-05,exp05_p08_m02_ro050_lh00,baseline,phase,t01,human_2,2,human,6.75,7.50,0.75,6.75,0.00
EXP-05,exp05_p08_m02_ro050_lh00,baseline,phase,t02,human_1,1,human,0,1.50,1.50,0,0
EXP-05,exp05_p08_m02_ro050_lh00,baseline,phase,t02,agent_1,1,agent,1.50,10.50,9.00,,0
EXP-05,exp05_p08_m02_ro050_lh00,baseline,phase,t02,human_2,1,human,10.50,12.00,1.50,10.50,0.00
EXP-05,exp05_p08_m02_ro050_lh00,baseline,phase,t03,human_1,1,human,12.00,14.25,2.25,12.00,0.00
EXP-05,exp05_p08_m02_ro050_lh00,baseline,phase,t03,agent_1,1,agent,14.25,27.75,13.50,,0
EXP-05,exp05_p08_m02_ro050_lh00,baseline,phase,t03,human_2,1,human,30.15,32.40,2.25,27.75,2.40
EXP-05,exp05_p08_m02_ro050_lh00,baseline,phase,t04_part_01,specification,2,human,14.25,15.75,1.50,12.00,2.25
EXP-05,exp05_p08_m02_ro050_lh00,baseline,phase,t04_part_01,implementation,2,agent,15.75,25.05,9.30,,0
EXP-05,exp05_p08_m02_ro050_lh00,baseline,phase,t04_part_02,specification,3,human,15.75,17.25,1.50,12.00,3.75
EXP-05,exp05_p08_m02_ro050_lh00,baseline,phase,t04_part_02,implementation,3,agent,17.25,26.55,9.30,,0
EXP-05,exp05_p08_m02_ro050_lh00,baseline,phase,t04_join,integration,2,agent,26.55,27.15,0.60,,0
EXP-05,exp05_p08_m02_ro050_lh00,baseline,phase,t04_join,acceptance,2,human,27.15,30.15,3.00,27.15,0.00
EXP-05,exp05_p08_m02_ro050_lh00,baseline,wait,t01,human_1,2,human_queue,0,1.50,1.50,0,1.50
EXP-05,exp05_p08_m02_ro050_lh00,baseline,wait,t03,human_2,1,human_queue,27.75,30.15,2.40,27.75,2.40
EXP-05,exp05_p08_m02_ro050_lh00,baseline,wait,t04_part_01,specification,2,human_queue,12.00,14.25,2.25,12.00,2.25
EXP-05,exp05_p08_m02_ro050_lh00,baseline,wait,t04_part_02,specification,3,human_queue,12.00,15.75,3.75,12.00,3.75
EXP-05,exp05_p08_m02_ro050_lh00,exact,phase,t01,human_1,8,human,1.50000,2.25000,0.75000,1.50000,0.00000
EXP-05,exp05_p08_m02_ro050_lh00,exact,phase,t01,agent_1,8,agent,2.25000,6.75000,4.50000,,0
EXP-05,exp05_p08_m02_ro050_lh00,exact,phase,t01,human_2,8,human,6.75000,7.50000,0.75000,6.75000,0.00000
EXP-05,exp05_p08_m02_ro050_lh00,exact,phase,t02,human_1,5,human,0.00000,1.50000,1.50000,0.00000,0.00000
EXP-05,exp05_p08_m02_ro050_lh00,exact,phase,t02,agent_1,5,agent,1.50000,10.50000,9.00000,,0
EXP-05,exp05_p08_m02_ro050_lh00,exact,phase,t02,human_2,5,human,10.50000,12.00000,1.50000,10.50000,0.00000
EXP-05,exp05_p08_m02_ro050_lh00,exact,phase,t03,human_1,4,human,13.50000,15.75000,2.25000,13.50000,0.00000
EXP-05,exp05_p08_m02_ro050_lh00,exact,phase,t03,agent_1,4,agent,15.75000,29.25000,13.50000,,0
EXP-05,exp05_p08_m02_ro050_lh00,exact,phase,t03,human_2,4,human,30.15000,32.40000,2.25000,29.25000,0.90000
EXP-05,exp05_p08_m02_ro050_lh00,exact,phase,t04_part_01,specification,3,human,12.00000,13.50000,1.50000,12.00000,0.00000
EXP-05,exp05_p08_m02_ro050_lh00,exact,phase,t04_part_01,implementation,3,agent,13.50000,22.80000,9.30000,,0
EXP-05,exp05_p08_m02_ro050_lh00,exact,phase,t04_part_02,specification,8,human,15.75000,17.25000,1.50000,15.75000,0.00000
EXP-05,exp05_p08_m02_ro050_lh00,exact,phase,t04_part_02,implementation,8,agent,17.25000,26.55000,9.30000,,0
EXP-05,exp05_p08_m02_ro050_lh00,exact,phase,t04_join,integration,6,agent,26.55000,27.15000,0.60000,,0
EXP-05,exp05_p08_m02_ro050_lh00,exact,phase,t04_join,acceptance,6,human,27.15000,30.15000,3.00000,27.15000,0.00000
EXP-05,exp05_p08_m02_ro050_lh00,exact,wait,t03,human_2,4,human_queue,29.25000,30.15000,0.90000,29.25000,0.90000
EXP-05,exp05_p08_m02_ro050_lh05,baseline,phase,t01,human_1,2,human,1.50,2.25,0.75,0,1.50
EXP-05,exp05_p08_m02_ro050_lh05,baseline,phase,t01,agent_1,2,agent,2.25,6.75,4.50,,0
EXP-05,exp05_p08_m02_ro050_lh05,baseline,phase,t01,human_2,2,human,6.75,7.50,0.75,6.75,0.00
EXP-05,exp05_p08_m02_ro050_lh05,baseline,phase,t02,human_1,1,human,0,1.50,1.50,0,0
EXP-05,exp05_p08_m02_ro050_lh05,baseline,phase,t02,agent_1,1,agent,1.50,10.50,9.00,,0
EXP-05,exp05_p08_m02_ro050_lh05,baseline,phase,t02,human_2,1,human,10.50,12.00,1.50,10.50,0.00
EXP-05,exp05_p08_m02_ro050_lh05,baseline,phase,t03,human_1,1,human,12.00,14.25,2.25,12.00,0.00
EXP-05,exp05_p08_m02_ro050_lh05,baseline,phase,t03,agent_1,1,agent,14.25,27.75,13.50,,0
EXP-05,exp05_p08_m02_ro050_lh05,baseline,phase,t03,human_2,1,human,30.300,32.550,2.250,27.75,2.550
EXP-05,exp05_p08_m02_ro050_lh05,baseline,phase,t04_part_01,specification,2,human,14.25,15.900,1.650,12.00,2.25
EXP-05,exp05_p08_m02_ro050_lh05,baseline,phase,t04_part_01,implementation,2,agent,15.900,25.050,9.150,,0
EXP-05,exp05_p08_m02_ro050_lh05,baseline,phase,t04_part_02,specification,3,human,15.900,17.550,1.650,12.00,3.900
EXP-05,exp05_p08_m02_ro050_lh05,baseline,phase,t04_part_02,implementation,3,agent,17.550,26.700,9.150,,0
EXP-05,exp05_p08_m02_ro050_lh05,baseline,phase,t04_join,integration,2,agent,26.700,27.000,0.300,,0
EXP-05,exp05_p08_m02_ro050_lh05,baseline,phase,t04_join,acceptance,2,human,27.000,30.300,3.300,27.000,0.000
EXP-05,exp05_p08_m02_ro050_lh05,baseline,wait,t01,human_1,2,human_queue,0,1.50,1.50,0,1.50
EXP-05,exp05_p08_m02_ro050_lh05,baseline,wait,t03,human_2,1,human_queue,27.75,30.300,2.550,27.75,2.550
EXP-05,exp05_p08_m02_ro050_lh05,baseline,wait,t04_part_01,specification,2,human_queue,12.00,14.25,2.25,12.00,2.25
EXP-05,exp05_p08_m02_ro050_lh05,baseline,wait,t04_part_02,specification,3,human_queue,12.00,15.900,3.900,12.00,3.900
EXP-05,exp05_p08_m02_ro050_lh05,exact,phase,t01,human_1,8,human,1.50000,2.25000,0.75000,1.50000,0.00000
EXP-05,exp05_p08_m02_ro050_lh05,exact,phase,t01,agent_1,8,agent,2.25000,6.75000,4.50000,,0
EXP-05,exp05_p08_m02_ro050_lh05,exact,phase,t01,human_2,8,human,6.75000,7.50000,0.75000,6.75000,0.00000
EXP-05,exp05_p08_m02_ro050_lh05,exact,phase,t02,human_1,5,human,0.00000,1.50000,1.50000,0.00000,0.00000
EXP-05,exp05_p08_m02_ro050_lh05,exact,phase,t02,agent_1,5,agent,1.50000,10.50000,9.00000,,0
EXP-05,exp05_p08_m02_ro050_lh05,exact,phase,t02,human_2,5,human,10.50000,12.00000,1.50000,10.50000,0.00000
EXP-05,exp05_p08_m02_ro050_lh05,exact,phase,t03,human_1,4,human,13.65000,15.90000,2.25000,13.65000,0.00000
EXP-05,exp05_p08_m02_ro050_lh05,exact,phase,t03,agent_1,4,agent,15.90000,29.40000,13.50000,,0
EXP-05,exp05_p08_m02_ro050_lh05,exact,phase,t03,human_2,4,human,30.30000,32.55000,2.25000,29.40000,0.90000
EXP-05,exp05_p08_m02_ro050_lh05,exact,phase,t04_part_01,specification,3,human,12.00000,13.65000,1.65000,12.00000,0.00000
EXP-05,exp05_p08_m02_ro050_lh05,exact,phase,t04_part_01,implementation,3,agent,13.65000,22.80000,9.15000,,0
EXP-05,exp05_p08_m02_ro050_lh05,exact,phase,t04_part_02,specification,8,human,15.90000,17.55000,1.65000,15.90000,0.00000
EXP-05,exp05_p08_m02_ro050_lh05,exact,phase,t04_part_02,implementation,8,agent,17.55000,26.70000,9.15000,,0
EXP-05,exp05_p08_m02_ro050_lh05,exact,phase,t04_join,integration,6,agent,26.70000,27.00000,0.30000,,0
EXP-05,exp05_p08_m02_ro050_lh05,exact,phase,t04_join,acceptance,6,human,27.00000,30.30000,3.30000,27.00000,0.00000
EXP-05,exp05_p08_m02_ro050_lh05,exact,wait,t03,human_2,4,human_queue,29.40000,30.30000,0.90000,29.40000,0.90000
EXP-05,exp05_p08_m02_ro100_lh00,baseline,phase,t01,human_1,2,human,1.50,2.25,0.75,0,1.50
EXP-05,exp05_p08_m02_ro100_lh00,baseline,phase,t01,agent_1,2,agent,2.25,6.75,4.50,,0
EXP-05,exp05_p08_m02_ro100_lh00,baseline,phase,t01,human_2,2,human,6.75,7.50,0.75,6.75,0.00
EXP-05,exp05_p08_m02_ro100_lh00,baseline,phase,t02,human_1,1,human,0,1.50,1.50,0,0
EXP-05,exp05_p08_m02_ro100_lh00,baseline,phase,t02,agent_1,1,agent,1.50,10.50,9.00,,0
EXP-05,exp05_p08_m02_ro100_lh00,baseline,phase,t02,human_2,1,human,10.50,12.00,1.50,10.50,0.00
EXP-05,exp05_p08_m02_ro100_lh00,baseline,phase,t03,human_1,1,human,12.00,14.25,2.25,12.00,0.00
EXP-05,exp05_p08_m02_ro100_lh00,baseline,phase,t03,agent_1,1,agent,14.25,27.75,13.50,,0
EXP-05,exp05_p08_m02_ro100_lh00,baseline,phase,t03,human_2,1,human,27.75,30.00,2.25,27.75,0.00
EXP-05,exp05_p08_m02_ro100_lh00,baseline,phase,t04_part_01,specification,2,human,14.25,15.75,1.50,12.00,2.25
EXP-05,exp05_p08_m02_ro100_lh00,baseline,phase,t04_part_01,implementation,2,agent,15.75,25.35,9.60,,0
EXP-05,exp05_p08_m02_ro100_lh00,baseline,phase,t04_part_02,specification,3,human,15.75,17.25,1.50,12.00,3.75
EXP-05,exp05_p08_m02_ro100_lh00,baseline,phase,t04_part_02,implementation,3,agent,17.25,26.85,9.60,,0
EXP-05,exp05_p08_m02_ro100_lh00,baseline,phase,t04_join,integration,2,agent,26.85,28.05,1.20,,0
EXP-05,exp05_p08_m02_ro100_lh00,baseline,phase,t04_join,acceptance,2,human,30.00,33.00,3.00,28.05,1.95
EXP-05,exp05_p08_m02_ro100_lh00,baseline,wait,t01,human_1,2,human_queue,0,1.50,1.50,0,1.50
EXP-05,exp05_p08_m02_ro100_lh00,baseline,wait,t04_part_01,specification,2,human_queue,12.00,14.25,2.25,12.00,2.25
EXP-05,exp05_p08_m02_ro100_lh00,baseline,wait,t04_part_02,specification,3,human_queue,12.00,15.75,3.75,12.00,3.75
EXP-05,exp05_p08_m02_ro100_lh00,baseline,wait,t04_join,acceptance,2,human_queue,28.05,30.00,1.95,28.05,1.95
EXP-05,exp05_p08_m02_ro100_lh00,exact,phase,t01,human_1,8,human,1.50000,2.25000,0.75000,1.50000,0.00000
EXP-05,exp05_p08_m02_ro100_lh00,exact,phase,t01,agent_1,8,agent,2.25000,6.75000,4.50000,,0
EXP-05,exp05_p08_m02_ro100_lh00,exact,phase,t01,human_2,8,human,6.75000,7.50000,0.75000,6.75000,0.00000
EXP-05,exp05_p08_m02_ro100_lh00,exact,phase,t02,human_1,5,human,0.00000,1.50000,1.50000,0.00000,0.00000
EXP-05,exp05_p08_m02_ro100_lh00,exact,phase,t02,agent_1,5,agent,1.50000,10.50000,9.00000,,0
EXP-05,exp05_p08_m02_ro100_lh00,exact,phase,t02,human_2,5,human,10.50000,12.00000,1.50000,10.50000,0.00000
EXP-05,exp05_p08_m02_ro100_lh00,exact,phase,t03,human_1,4,human,12.00000,14.25000,2.25000,12.00000,0.00000
EXP-05,exp05_p08_m02_ro100_lh00,exact,phase,t03,agent_1,4,agent,14.25000,27.75000,13.50000,,0
EXP-05,exp05_p08_m02_ro100_lh00,exact,phase,t03,human_2,4,human,27.75000,30.00000,2.25000,27.75000,0.00000
EXP-05,exp05_p08_m02_ro100_lh00,exact,phase,t04_part_01,specification,3,human,14.25000,15.75000,1.50000,14.25000,0.00000
EXP-05,exp05_p08_m02_ro100_lh00,exact,phase,t04_part_01,implementation,3,agent,15.75000,25.35000,9.60000,,0
EXP-05,exp05_p08_m02_ro100_lh00,exact,phase,t04_part_02,specification,8,human,15.75000,17.25000,1.50000,15.75000,0.00000
EXP-05,exp05_p08_m02_ro100_lh00,exact,phase,t04_part_02,implementation,8,agent,17.25000,26.85000,9.60000,,0
EXP-05,exp05_p08_m02_ro100_lh00,exact,phase,t04_join,integration,6,agent,26.85000,28.05000,1.20000,,0
EXP-05,exp05_p08_m02_ro100_lh00,exact,phase,t04_join,acceptance,6,human,30.00000,33.00000,3.00000,28.05000,1.95000
EXP-05,exp05_p08_m02_ro100_lh00,exact,wait,t04_join,acceptance,6,human_queue,28.05000,30.00000,1.95000,28.05000,1.95000
EXP-05,exp05_p08_m02_ro100_lh05,baseline,phase,t01,human_1,2,human,1.50,2.25,0.75,0,1.50
EXP-05,exp05_p08_m02_ro100_lh05,baseline,phase,t01,agent_1,2,agent,2.25,6.75,4.50,,0
EXP-05,exp05_p08_m02_ro100_lh05,baseline,phase,t01,human_2,2,human,6.75,7.50,0.75,6.75,0.00
EXP-05,exp05_p08_m02_ro100_lh05,baseline,phase,t02,human_1,1,human,0,1.50,1.50,0,0
EXP-05,exp05_p08_m02_ro100_lh05,baseline,phase,t02,agent_1,1,agent,1.50,10.50,9.00,,0
EXP-05,exp05_p08_m02_ro100_lh05,baseline,phase,t02,human_2,1,human,10.50,12.00,1.50,10.50,0.00
EXP-05,exp05_p08_m02_ro100_lh05,baseline,phase,t03,human_1,1,human,12.00,14.25,2.25,12.00,0.00
EXP-05,exp05_p08_m02_ro100_lh05,baseline,phase,t03,agent_1,1,agent,14.25,27.75,13.50,,0
EXP-05,exp05_p08_m02_ro100_lh05,baseline,phase,t03,human_2,1,human,27.75,30.00,2.25,27.75,0.00
EXP-05,exp05_p08_m02_ro100_lh05,baseline,phase,t04_part_01,specification,2,human,14.25,16.050,1.800,12.00,2.25
EXP-05,exp05_p08_m02_ro100_lh05,baseline,phase,t04_part_01,implementation,2,agent,16.050,25.350,9.300,,0
EXP-05,exp05_p08_m02_ro100_lh05,baseline,phase,t04_part_02,specification,3,human,16.050,17.850,1.800,12.00,4.050
EXP-05,exp05_p08_m02_ro100_lh05,baseline,phase,t04_part_02,implementation,3,agent,17.850,27.150,9.300,,0
EXP-05,exp05_p08_m02_ro100_lh05,baseline,phase,t04_join,integration,2,agent,27.150,27.750,0.600,,0
EXP-05,exp05_p08_m02_ro100_lh05,baseline,phase,t04_join,acceptance,2,human,30.00,33.600,3.600,27.750,2.250
EXP-05,exp05_p08_m02_ro100_lh05,baseline,wait,t01,human_1,2,human_queue,0,1.50,1.50,0,1.50
EXP-05,exp05_p08_m02_ro100_lh05,baseline,wait,t04_part_01,specification,2,human_queue,12.00,14.25,2.25,12.00,2.25
EXP-05,exp05_p08_m02_ro100_lh05,baseline,wait,t04_part_02,specification,3,human_queue,12.00,16.050,4.050,12.00,4.050
EXP-05,exp05_p08_m02_ro100_lh05,baseline,wait,t04_join,acceptance,2,human_queue,27.750,30.00,2.250,27.750,2.250
EXP-05,exp05_p08_m02_ro100_lh05,exact,phase,t01,human_1,8,human,1.50000,2.25000,0.75000,1.50000,0.00000
EXP-05,exp05_p08_m02_ro100_lh05,exact,phase,t01,agent_1,8,agent,2.25000,6.75000,4.50000,,0
EXP-05,exp05_p08_m02_ro100_lh05,exact,phase,t01,human_2,8,human,6.75000,7.50000,0.75000,6.75000,0.00000
EXP-05,exp05_p08_m02_ro100_lh05,exact,phase,t02,human_1,5,human,0.00000,1.50000,1.50000,0.00000,0.00000
EXP-05,exp05_p08_m02_ro100_lh05,exact,phase,t02,agent_1,5,agent,1.50000,10.50000,9.00000,,0
EXP-05,exp05_p08_m02_ro100_lh05,exact,phase,t02,human_2,5,human,10.50000,12.00000,1.50000,10.50000,0.00000
EXP-05,exp05_p08_m02_ro100_lh05,exact,phase,t03,human_1,4,human,12.00000,14.25000,2.25000,12.00000,0.00000
EXP-05,exp05_p08_m02_ro100_lh05,exact,phase,t03,agent_1,4,agent,14.25000,27.75000,13.50000,,0
EXP-05,exp05_p08_m02_ro100_lh05,exact,phase,t03,human_2,4,human,27.75000,30.00000,2.25000,27.75000,0.00000
EXP-05,exp05_p08_m02_ro100_lh05,exact,phase,t04_part_01,specification,3,human,14.25000,16.05000,1.80000,14.25000,0.00000
EXP-05,exp05_p08_m02_ro100_lh05,exact,phase,t04_part_01,implementation,3,agent,16.05000,25.35000,9.30000,,0
EXP-05,exp05_p08_m02_ro100_lh05,exact,phase,t04_part_02,specification,8,human,16.05000,17.85000,1.80000,16.05000,0.00000
EXP-05,exp05_p08_m02_ro100_lh05,exact,phase,t04_part_02,implementation,8,agent,17.85000,27.15000,9.30000,,0
EXP-05,exp05_p08_m02_ro100_lh05,exact,phase,t04_join,integration,6,agent,27.15000,27.75000,0.60000,,0
EXP-05,exp05_p08_m02_ro100_lh05,exact,phase,t04_join,acceptance,6,human,30.00000,33.60000,3.60000,27.75000,2.25000
EXP-05,exp05_p08_m02_ro100_lh05,exact,wait,t04_join,acceptance,6,human_queue,27.75000,30.00000,2.25000,27.75000,2.25000
EXP-05,exp05_p08_m03_ro000_lh00,baseline,phase,t01,human_1,2,human,1.50,2.25,0.75,0,1.50
EXP-05,exp05_p08_m03_ro000_lh00,baseline,phase,t01,agent_1,2,agent,2.25,6.75,4.50,,0
EXP-05,exp05_p08_m03_ro000_lh00,baseline,phase,t01,human_2,2,human,6.75,7.50,0.75,6.75,0.00
EXP-05,exp05_p08_m03_ro000_lh00,baseline,phase,t02,human_1,1,human,0,1.50,1.50,0,0
EXP-05,exp05_p08_m03_ro000_lh00,baseline,phase,t02,agent_1,1,agent,1.50,10.50,9.00,,0
EXP-05,exp05_p08_m03_ro000_lh00,baseline,phase,t02,human_2,1,human,10.50,12.00,1.50,10.50,0.00
EXP-05,exp05_p08_m03_ro000_lh00,baseline,phase,t03,human_1,1,human,12.00,14.25,2.25,12.00,0.00
EXP-05,exp05_p08_m03_ro000_lh00,baseline,phase,t03,agent_1,1,agent,14.25,27.75,13.50,,0
EXP-05,exp05_p08_m03_ro000_lh00,baseline,phase,t03,human_2,1,human,27.75,30.00,2.25,27.75,0.00
EXP-05,exp05_p08_m03_ro000_lh00,baseline,phase,t04_part_01,specification,2,human,14.25,15.25,1.00,12.00,2.25
EXP-05,exp05_p08_m03_ro000_lh00,baseline,phase,t04_part_01,implementation,2,agent,15.25,21.25,6.00,,0
EXP-05,exp05_p08_m03_ro000_lh00,baseline,phase,t04_part_02,specification,3,human,15.25,16.25,1.00,12.00,3.25
EXP-05,exp05_p08_m03_ro000_lh00,baseline,phase,t04_part_02,implementation,3,agent,16.25,22.25,6.00,,0
EXP-05,exp05_p08_m03_ro000_lh00,baseline,phase,t04_part_03,specification,4,human,16.25,17.25,1.00,12.00,4.25
EXP-05,exp05_p08_m03_ro000_lh00,baseline,phase,t04_part_03,implementation,4,agent,17.25,23.25,6.00,,0
EXP-05,exp05_p08_m03_ro000_lh00,baseline,phase,t04_join,acceptance,2,human,23.25,26.25,3.00,23.25,0.00
EXP-05,exp05_p08_m03_ro000_lh00,baseline,wait,t01,human_1,2,human_queue,0,1.50,1.50,0,1.50
EXP-05,exp05_p08_m03_ro000_lh00,baseline,wait,t04_part_01,specification,2,human_queue,12.00,14.25,2.25,12.00,2.25
EXP-05,exp05_p08_m03_ro000_lh00,baseline,wait,t04_part_02,specification,3,human_queue,12.00,15.25,3.25,12.00,3.25
EXP-05,exp05_p08_m03_ro000_lh00,baseline,wait,t04_part_03,specification,4,human_queue,12.00,16.25,4.25,12.00,4.25
EXP-05,exp05_p08_m03_ro000_lh00,exact,phase,t01,human_1,6,human,1.50000,2.25000,0.75000,1.50000,0.00000
EXP-05,exp05_p08_m03_ro000_lh00,exact,phase,t01,agent_1,6,agent,2.25000,6.75000,4.50000,,0
EXP-05,exp05_p08_m03_ro000_lh00,exact,phase,t01,human_2,6,human,6.75000,7.50000,0.75000,6.75000,0.00000
EXP-05,exp05_p08_m03_ro000_lh00,exact,phase,t02,human_1,3,human,0.00000,1.50000,1.50000,0.00000,0.00000
EXP-05,exp05_p08_m03_ro000_lh00,exact,phase,t02,agent_1,3,agent,1.50000,10.50000,9.00000,,0
EXP-05,exp05_p08_m03_ro000_lh00,exact,phase,t02,human_2,3,human,10.50000,12.00000,1.50000,10.50000,0.00000
EXP-05,exp05_p08_m03_ro000_lh00,exact,phase,t03,human_1,2,human,12.00000,14.25000,2.25000,12.00000,0.00000
EXP-05,exp05_p08_m03_ro000_lh00,exact,phase,t03,agent_1,2,agent,14.25000,27.75000,13.50000,,0
EXP-05,exp05_p08_m03_ro000_lh00,exact,phase,t03,human_2,2,human,27.75000,30.00000,2.25000,27.75000,0.00000
EXP-05,exp05_p08_m03_ro000_lh00,exact,phase,t04_part_01,specification,6,human,16.25000,17.25000,1.00000,16.25000,0.00000
EXP-05,exp05_p08_m03_ro000_lh00,exact,phase,t04_part_01,implementation,6,agent,17.25000,23.25000,6.00000,,0
EXP-05,exp05_p08_m03_ro000_lh00,exact,phase,t04_part_02,specification,7,human,14.25000,15.25000,1.00000,14.25000,0.00000
EXP-05,exp05_p08_m03_ro000_lh00,exact,phase,t04_part_02,implementation,7,agent,15.25000,21.25000,6.00000,,0
EXP-05,exp05_p08_m03_ro000_lh00,exact,phase,t04_part_03,specification,8,human,15.25000,16.25000,1.00000,15.25000,0.00000
EXP-05,exp05_p08_m03_ro000_lh00,exact,phase,t04_part_03,implementation,8,agent,16.25000,22.25000,6.00000,,0
EXP-05,exp05_p08_m03_ro000_lh00,exact,phase,t04_join,acceptance,4,human,23.25000,26.25000,3.00000,23.25000,0.00000
EXP-05,exp05_p08_m03_ro050_lh00,baseline,phase,t01,human_1,2,human,1.50,2.25,0.75,0,1.50
EXP-05,exp05_p08_m03_ro050_lh00,baseline,phase,t01,agent_1,2,agent,2.25,6.75,4.50,,0
EXP-05,exp05_p08_m03_ro050_lh00,baseline,phase,t01,human_2,2,human,6.75,7.50,0.75,6.75,0.00
EXP-05,exp05_p08_m03_ro050_lh00,baseline,phase,t02,human_1,1,human,0,1.50,1.50,0,0
EXP-05,exp05_p08_m03_ro050_lh00,baseline,phase,t02,agent_1,1,agent,1.50,10.50,9.00,,0
EXP-05,exp05_p08_m03_ro050_lh00,baseline,phase,t02,human_2,1,human,10.50,12.00,1.50,10.50,0.00
EXP-05,exp05_p08_m03_ro050_lh00,baseline,phase,t03,human_1,1,human,12.00,14.25,2.25,12.00,0.00
EXP-05,exp05_p08_m03_ro050_lh00,baseline,phase,t03,agent_1,1,agent,14.25,27.75,13.50,,0
EXP-05,exp05_p08_m03_ro050_lh00,baseline,phase,t03,human_2,1,human,27.85,30.10,2.25,27.75,0.10
EXP-05,exp05_p08_m03_ro050_lh00,baseline,phase,t04_part_01,specification,2,human,14.25,15.25,1.00,12.00,2.25
EXP-05,exp05_p08_m03_ro050_lh00,baseline,phase,t04_part_01,implementation,2,agent,15.25,21.65,6.40,,0
EXP-05,exp05_p08_m03_ro050_lh00,baseline,phase,t04_part_02,specification,3,human,15.25,16.25,1.00,12.00,3.25
EXP-05,exp05_p08_m03_ro050_lh00,baseline,phase,t04_part_02,implementation,3,agent,16.25,22.65,6.40,,0
EXP-05,exp05_p08_m03_ro050_lh00,baseline,phase,t04_part_03,specification,4,human,16.25,17.25,1.00,12.00,4.25
EXP-05,exp05_p08_m03_ro050_lh00,baseline,phase,t04_part_03,implementation,4,agent,17.25,23.65,6.40,,0
EXP-05,exp05_p08_m03_ro050_lh00,baseline,phase,t04_join,integration,2,agent,23.65,24.85,1.20,,0
EXP-05,exp05_p08_m03_ro050_lh00,baseline,phase,t04_join,acceptance,2,human,24.85,27.85,3.00,24.85,0.00
EXP-05,exp05_p08_m03_ro050_lh00,baseline,wait,t01,human_1,2,human_queue,0,1.50,1.50,0,1.50
EXP-05,exp05_p08_m03_ro050_lh00,baseline,wait,t03,human_2,1,human_queue,27.75,27.85,0.10,27.75,0.10
EXP-05,exp05_p08_m03_ro050_lh00,baseline,wait,t04_part_01,specification,2,human_queue,12.00,14.25,2.25,12.00,2.25
EXP-05,exp05_p08_m03_ro050_lh00,baseline,wait,t04_part_02,specification,3,human_queue,12.00,15.25,3.25,12.00,3.25
EXP-05,exp05_p08_m03_ro050_lh00,baseline,wait,t04_part_03,specification,4,human_queue,12.00,16.25,4.25,12.00,4.25
EXP-05,exp05_p08_m03_ro050_lh00,exact,phase,t01,human_1,6,human,1.50000,2.25000,0.75000,1.50000,0.00000
EXP-05,exp05_p08_m03_ro050_lh00,exact,phase,t01,agent_1,6,agent,2.25000,6.75000,4.50000,,0
EXP-05,exp05_p08_m03_ro050_lh00,exact,phase,t01,human_2,6,human,6.75000,7.50000,0.75000,6.75000,0.00000
EXP-05,exp05_p08_m03_ro050_lh00,exact,phase,t02,human_1,3,human,0.00000,1.50000,1.50000,0.00000,0.00000
EXP-05,exp05_p08_m03_ro050_lh00,exact,phase,t02,agent_1,3,agent,1.50000,10.50000,9.00000,,0
EXP-05,exp05_p08_m03_ro050_lh00,exact,phase,t02,human_2,3,human,10.50000,12.00000,1.50000,10.50000,0.00000
EXP-05,exp05_p08_m03_ro050_lh00,exact,phase,t03,human_1,2,human,12.00000,14.25000,2.25000,12.00000,0.00000
EXP-05,exp05_p08_m03_ro050_lh00,exact,phase,t03,agent_1,2,agent,14.25000,27.75000,13.50000,,0
EXP-05,exp05_p08_m03_ro050_lh00,exact,phase,t03,human_2,2,human,27.85000,30.10000,2.25000,27.75000,0.10000
EXP-05,exp05_p08_m03_ro050_lh00,exact,phase,t04_part_01,specification,6,human,16.25000,17.25000,1.00000,16.25000,0.00000
EXP-05,exp05_p08_m03_ro050_lh00,exact,phase,t04_part_01,implementation,6,agent,17.25000,23.65000,6.40000,,0
EXP-05,exp05_p08_m03_ro050_lh00,exact,phase,t04_part_02,specification,7,human,14.25000,15.25000,1.00000,14.25000,0.00000
EXP-05,exp05_p08_m03_ro050_lh00,exact,phase,t04_part_02,implementation,7,agent,15.25000,21.65000,6.40000,,0
EXP-05,exp05_p08_m03_ro050_lh00,exact,phase,t04_part_03,specification,8,human,15.25000,16.25000,1.00000,15.25000,0.00000
EXP-05,exp05_p08_m03_ro050_lh00,exact,phase,t04_part_03,implementation,8,agent,16.25000,22.65000,6.40000,,0
EXP-05,exp05_p08_m03_ro050_lh00,exact,phase,t04_join,integration,4,agent,23.65000,24.85000,1.20000,,0
EXP-05,exp05_p08_m03_ro050_lh00,exact,phase,t04_join,acceptance,4,human,24.85000,27.85000,3.00000,24.85000,0.00000
EXP-05,exp05_p08_m03_ro050_lh00,exact,wait,t03,human_2,2,human_queue,27.75000,27.85000,0.10000,27.75000,0.10000
EXP-05,exp05_p08_m03_ro050_lh05,baseline,phase,t01,human_1,2,human,1.50,2.25,0.75,0,1.50
EXP-05,exp05_p08_m03_ro050_lh05,baseline,phase,t01,agent_1,2,agent,2.25,6.75,4.50,,0
EXP-05,exp05_p08_m03_ro050_lh05,baseline,phase,t01,human_2,2,human,6.75,7.50,0.75,6.75,0.00
EXP-05,exp05_p08_m03_ro050_lh05,baseline,phase,t02,human_1,1,human,0,1.50,1.50,0,0
EXP-05,exp05_p08_m03_ro050_lh05,baseline,phase,t02,agent_1,1,agent,1.50,10.50,9.00,,0
EXP-05,exp05_p08_m03_ro050_lh05,baseline,phase,t02,human_2,1,human,10.50,12.00,1.50,10.50,0.00
EXP-05,exp05_p08_m03_ro050_lh05,baseline,phase,t03,human_1,1,human,12.00,14.25,2.25,12.00,0.00
EXP-05,exp05_p08_m03_ro050_lh05,baseline,phase,t03,agent_1,1,agent,14.25,27.75,13.50,,0
EXP-05,exp05_p08_m03_ro050_lh05,baseline,phase,t03,human_2,1,human,28.250,30.500,2.250,27.75,0.500
EXP-05,exp05_p08_m03_ro050_lh05,baseline,phase,t04_part_01,specification,2,human,14.25,15.450,1.200,12.00,2.25
EXP-05,exp05_p08_m03_ro050_lh05,baseline,phase,t04_part_01,implementation,2,agent,15.450,21.650,6.200,,0
EXP-05,exp05_p08_m03_ro050_lh05,baseline,phase,t04_part_02,specification,3,human,15.450,16.650,1.200,12.00,3.450
EXP-05,exp05_p08_m03_ro050_lh05,baseline,phase,t04_part_02,implementation,3,agent,16.650,22.850,6.200,,0
EXP-05,exp05_p08_m03_ro050_lh05,baseline,phase,t04_part_03,specification,4,human,16.650,17.850,1.200,12.00,4.650
EXP-05,exp05_p08_m03_ro050_lh05,baseline,phase,t04_part_03,implementation,4,agent,17.850,24.050,6.200,,0
EXP-05,exp05_p08_m03_ro050_lh05,baseline,phase,t04_join,integration,2,agent,24.050,24.650,0.600,,0
EXP-05,exp05_p08_m03_ro050_lh05,baseline,phase,t04_join,acceptance,2,human,24.650,28.250,3.600,24.650,0.000
EXP-05,exp05_p08_m03_ro050_lh05,baseline,wait,t01,human_1,2,human_queue,0,1.50,1.50,0,1.50
EXP-05,exp05_p08_m03_ro050_lh05,baseline,wait,t03,human_2,1,human_queue,27.75,28.250,0.500,27.75,0.500
EXP-05,exp05_p08_m03_ro050_lh05,baseline,wait,t04_part_01,specification,2,human_queue,12.00,14.25,2.25,12.00,2.25
EXP-05,exp05_p08_m03_ro050_lh05,baseline,wait,t04_part_02,specification,3,human_queue,12.00,15.450,3.450,12.00,3.450
EXP-05,exp05_p08_m03_ro050_lh05,baseline,wait,t04_part_03,specification,4,human_queue,12.00,16.650,4.650,12.00,4.650
EXP-05,exp05_p08_m03_ro050_lh05,exact,phase,t01,human_1,6,human,1.50000,2.25000,0.75000,1.50000,0.00000
EXP-05,exp05_p08_m03_ro050_lh05,exact,phase,t01,agent_1,6,agent,2.25000,6.75000,4.50000,,0
EXP-05,exp05_p08_m03_ro050_lh05,exact,phase,t01,human_2,6,human,6.75000,7.50000,0.75000,6.75000,0.00000
EXP-05,exp05_p08_m03_ro050_lh05,exact,phase,t02,human_1,3,human,0.00000,1.50000,1.50000,0.00000,0.00000
EXP-05,exp05_p08_m03_ro050_lh05,exact,phase,t02,agent_1,3,agent,1.50000,10.50000,9.00000,,0
EXP-05,exp05_p08_m03_ro050_lh05,exact,phase,t02,human_2,3,human,10.50000,12.00000,1.50000,10.50000,0.00000
EXP-05,exp05_p08_m03_ro050_lh05,exact,phase,t03,human_1,2,human,12.00000,14.25000,2.25000,12.00000,0.00000
EXP-05,exp05_p08_m03_ro050_lh05,exact,phase,t03,agent_1,2,agent,14.25000,27.75000,13.50000,,0
EXP-05,exp05_p08_m03_ro050_lh05,exact,phase,t03,human_2,2,human,28.25000,30.50000,2.25000,27.75000,0.50000
EXP-05,exp05_p08_m03_ro050_lh05,exact,phase,t04_part_01,specification,6,human,15.45000,16.65000,1.20000,15.45000,0.00000
EXP-05,exp05_p08_m03_ro050_lh05,exact,phase,t04_part_01,implementation,6,agent,16.65000,22.85000,6.20000,,0
EXP-05,exp05_p08_m03_ro050_lh05,exact,phase,t04_part_02,specification,7,human,14.25000,15.45000,1.20000,14.25000,0.00000
EXP-05,exp05_p08_m03_ro050_lh05,exact,phase,t04_part_02,implementation,7,agent,15.45000,21.65000,6.20000,,0
EXP-05,exp05_p08_m03_ro050_lh05,exact,phase,t04_part_03,specification,8,human,16.65000,17.85000,1.20000,16.65000,0.00000
EXP-05,exp05_p08_m03_ro050_lh05,exact,phase,t04_part_03,implementation,8,agent,17.85000,24.05000,6.20000,,0
EXP-05,exp05_p08_m03_ro050_lh05,exact,phase,t04_join,integration,4,agent,24.05000,24.65000,0.60000,,0
EXP-05,exp05_p08_m03_ro050_lh05,exact,phase,t04_join,acceptance,4,human,24.65000,28.25000,3.60000,24.65000,0.00000
EXP-05,exp05_p08_m03_ro050_lh05,exact,wait,t03,human_2,2,human_queue,27.75000,28.25000,0.50000,27.75000,0.50000
EXP-05,exp05_p08_m03_ro100_lh00,baseline,phase,t01,human_1,2,human,1.50,2.25,0.75,0,1.50
EXP-05,exp05_p08_m03_ro100_lh00,baseline,phase,t01,agent_1,2,agent,2.25,6.75,4.50,,0
EXP-05,exp05_p08_m03_ro100_lh00,baseline,phase,t01,human_2,2,human,6.75,7.50,0.75,6.75,0.00
EXP-05,exp05_p08_m03_ro100_lh00,baseline,phase,t02,human_1,1,human,0,1.50,1.50,0,0
EXP-05,exp05_p08_m03_ro100_lh00,baseline,phase,t02,agent_1,1,agent,1.50,10.50,9.00,,0
EXP-05,exp05_p08_m03_ro100_lh00,baseline,phase,t02,human_2,1,human,10.50,12.00,1.50,10.50,0.00
EXP-05,exp05_p08_m03_ro100_lh00,baseline,phase,t03,human_1,1,human,12.00,14.25,2.25,12.00,0.00
EXP-05,exp05_p08_m03_ro100_lh00,baseline,phase,t03,agent_1,1,agent,14.25,27.75,13.50,,0
EXP-05,exp05_p08_m03_ro100_lh00,baseline,phase,t03,human_2,1,human,29.45,31.70,2.25,27.75,1.70
EXP-05,exp05_p08_m03_ro100_lh00,baseline,phase,t04_part_01,specification,2,human,14.25,15.25,1.00,12.00,2.25
EXP-05,exp05_p08_m03_ro100_lh00,baseline,phase,t04_part_01,implementation,2,agent,15.25,22.05,6.80,,0
EXP-05,exp05_p08_m03_ro100_lh00,baseline,phase,t04_part_02,specification,3,human,15.25,16.25,1.00,12.00,3.25
EXP-05,exp05_p08_m03_ro100_lh00,baseline,phase,t04_part_02,implementation,3,agent,16.25,23.05,6.80,,0
EXP-05,exp05_p08_m03_ro100_lh00,baseline,phase,t04_part_03,specification,4,human,16.25,17.25,1.00,12.00,4.25
EXP-05,exp05_p08_m03_ro100_lh00,baseline,phase,t04_part_03,implementation,4,agent,17.25,24.05,6.80,,0
EXP-05,exp05_p08_m03_ro100_lh00,baseline,phase,t04_join,integration,2,agent,24.05,26.45,2.40,,0
EXP-05,exp05_p08_m03_ro100_lh00,baseline,phase,t04_join,acceptance,2,human,26.45,29.45,3.00,26.45,0.00
EXP-05,exp05_p08_m03_ro100_lh00,baseline,wait,t01,human_1,2,human_queue,0,1.50,1.50,0,1.50
EXP-05,exp05_p08_m03_ro100_lh00,baseline,wait,t03,human_2,1,human_queue,27.75,29.45,1.70,27.75,1.70
EXP-05,exp05_p08_m03_ro100_lh00,baseline,wait,t04_part_01,specification,2,human_queue,12.00,14.25,2.25,12.00,2.25
EXP-05,exp05_p08_m03_ro100_lh00,baseline,wait,t04_part_02,specification,3,human_queue,12.00,15.25,3.25,12.00,3.25
EXP-05,exp05_p08_m03_ro100_lh00,baseline,wait,t04_part_03,specification,4,human_queue,12.00,16.25,4.25,12.00,4.25
EXP-05,exp05_p08_m03_ro100_lh00,exact,phase,t01,human_1,6,human,1.50000,2.25000,0.75000,1.50000,0.00000
EXP-05,exp05_p08_m03_ro100_lh00,exact,phase,t01,agent_1,6,agent,2.25000,6.75000,4.50000,,0
EXP-05,exp05_p08_m03_ro100_lh00,exact,phase,t01,human_2,6,human,6.75000,7.50000,0.75000,6.75000,0.00000
EXP-05,exp05_p08_m03_ro100_lh00,exact,phase,t02,human_1,3,human,0.00000,1.50000,1.50000,0.00000,0.00000
EXP-05,exp05_p08_m03_ro100_lh00,exact,phase,t02,agent_1,3,agent,1.50000,10.50000,9.00000,,0
EXP-05,exp05_p08_m03_ro100_lh00,exact,phase,t02,human_2,3,human,10.50000,12.00000,1.50000,10.50000,0.00000
EXP-05,exp05_p08_m03_ro100_lh00,exact,phase,t03,human_1,2,human,13.00000,15.25000,2.25000,13.00000,0.00000
EXP-05,exp05_p08_m03_ro100_lh00,exact,phase,t03,agent_1,2,agent,15.25000,28.75000,13.50000,,0
EXP-05,exp05_p08_m03_ro100_lh00,exact,phase,t03,human_2,2,human,29.45000,31.70000,2.25000,28.75000,0.70000
EXP-05,exp05_p08_m03_ro100_lh00,exact,phase,t04_part_01,specification,6,human,12.00000,13.00000,1.00000,12.00000,0.00000
EXP-05,exp05_p08_m03_ro100_lh00,exact,phase,t04_part_01,implementation,6,agent,13.00000,19.80000,6.80000,,0
EXP-05,exp05_p08_m03_ro100_lh00,exact,phase,t04_part_02,specification,7,human,15.25000,16.25000,1.00000,15.25000,0.00000
EXP-05,exp05_p08_m03_ro100_lh00,exact,phase,t04_part_02,implementation,7,agent,16.25000,23.05000,6.80000,,0
EXP-05,exp05_p08_m03_ro100_lh00,exact,phase,t04_part_03,specification,8,human,16.25000,17.25000,1.00000,16.25000,0.00000
EXP-05,exp05_p08_m03_ro100_lh00,exact,phase,t04_part_03,implementation,8,agent,17.25000,24.05000,6.80000,,0
EXP-05,exp05_p08_m03_ro100_lh00,exact,phase,t04_join,integration,4,agent,24.05000,26.45000,2.40000,,0
EXP-05,exp05_p08_m03_ro100_lh00,exact,phase,t04_join,acceptance,4,human,26.45000,29.45000,3.00000,26.45000,0.00000
EXP-05,exp05_p08_m03_ro100_lh00,exact,wait,t03,human_2,2,human_queue,28.75000,29.45000,0.70000,28.75000,0.70000
EXP-05,exp05_p08_m03_ro100_lh05,baseline,phase,t01,human_1,2,human,1.50,2.25,0.75,0,1.50
EXP-05,exp05_p08_m03_ro100_lh05,baseline,phase,t01,agent_1,2,agent,2.25,6.75,4.50,,0
EXP-05,exp05_p08_m03_ro100_lh05,baseline,phase,t01,human_2,2,human,6.75,7.50,0.75,6.75,0.00
EXP-05,exp05_p08_m03_ro100_lh05,baseline,phase,t02,human_1,1,human,0,1.50,1.50,0,0
EXP-05,exp05_p08_m03_ro100_lh05,baseline,phase,t02,agent_1,1,agent,1.50,10.50,9.00,,0
EXP-05,exp05_p08_m03_ro100_lh05,baseline,phase,t02,human_2,1,human,10.50,12.00,1.50,10.50,0.00
EXP-05,exp05_p08_m03_ro100_lh05,baseline,phase,t03,human_1,1,human,12.00,14.25,2.25,12.00,0.00
EXP-05,exp05_p08_m03_ro100_lh05,baseline,phase,t03,agent_1,1,agent,14.25,27.75,13.50,,0
EXP-05,exp05_p08_m03_ro100_lh05,baseline,phase,t03,human_2,1,human,30.250,32.500,2.250,27.75,2.500
EXP-05,exp05_p08_m03_ro100_lh05,baseline,phase,t04_part_01,specification,2,human,14.25,15.650,1.400,12.00,2.25
EXP-05,exp05_p08_m03_ro100_lh05,baseline,phase,t04_part_01,implementation,2,agent,15.650,22.050,6.400,,0
EXP-05,exp05_p08_m03_ro100_lh05,baseline,phase,t04_part_02,specification,3,human,15.650,17.050,1.400,12.00,3.650
EXP-05,exp05_p08_m03_ro100_lh05,baseline,phase,t04_part_02,implementation,3,agent,17.050,23.450,6.400,,0
EXP-05,exp05_p08_m03_ro100_lh05,baseline,phase,t04_part_03,specification,4,human,17.050,18.450,1.400,12.00,5.050
EXP-05,exp05_p08_m03_ro100_lh05,baseline,phase,t04_part_03,implementation,4,agent,18.450,24.850,6.400,,0
EXP-05,exp05_p08_m03_ro100_lh05,baseline,phase,t04_join,integration,2,agent,24.850,26.050,1.200,,0
EXP-05,exp05_p08_m03_ro100_lh05,baseline,phase,t04_join,acceptance,2,human,26.050,30.250,4.200,26.050,0.000
EXP-05,exp05_p08_m03_ro100_lh05,baseline,wait,t01,human_1,2,human_queue,0,1.50,1.50,0,1.50
EXP-05,exp05_p08_m03_ro100_lh05,baseline,wait,t03,human_2,1,human_queue,27.75,30.250,2.500,27.75,2.500
EXP-05,exp05_p08_m03_ro100_lh05,baseline,wait,t04_part_01,specification,2,human_queue,12.00,14.25,2.25,12.00,2.25
EXP-05,exp05_p08_m03_ro100_lh05,baseline,wait,t04_part_02,specification,3,human_queue,12.00,15.650,3.650,12.00,3.650
EXP-05,exp05_p08_m03_ro100_lh05,baseline,wait,t04_part_03,specification,4,human_queue,12.00,17.050,5.050,12.00,5.050
EXP-05,exp05_p08_m03_ro100_lh05,exact,phase,t01,human_1,6,human,1.50000,2.25000,0.75000,1.50000,0.00000
EXP-05,exp05_p08_m03_ro100_lh05,exact,phase,t01,agent_1,6,agent,2.25000,6.75000,4.50000,,0
EXP-05,exp05_p08_m03_ro100_lh05,exact,phase,t01,human_2,6,human,6.75000,7.50000,0.75000,6.75000,0.00000
EXP-05,exp05_p08_m03_ro100_lh05,exact,phase,t02,human_1,3,human,0.00000,1.50000,1.50000,0.00000,0.00000
EXP-05,exp05_p08_m03_ro100_lh05,exact,phase,t02,agent_1,3,agent,1.50000,10.50000,9.00000,,0
EXP-05,exp05_p08_m03_ro100_lh05,exact,phase,t02,human_2,3,human,10.50000,12.00000,1.50000,10.50000,0.00000
EXP-05,exp05_p08_m03_ro100_lh05,exact,phase,t03,human_1,2,human,12.00000,14.25000,2.25000,12.00000,0.00000
EXP-05,exp05_p08_m03_ro100_lh05,exact,phase,t03,agent_1,2,agent,14.25000,27.75000,13.50000,,0
EXP-05,exp05_p08_m03_ro100_lh05,exact,phase,t03,human_2,2,human,30.25000,32.50000,2.25000,27.75000,2.50000
EXP-05,exp05_p08_m03_ro100_lh05,exact,phase,t04_part_01,specification,6,human,15.65000,17.05000,1.40000,15.65000,0.00000
EXP-05,exp05_p08_m03_ro100_lh05,exact,phase,t04_part_01,implementation,6,agent,17.05000,23.45000,6.40000,,0
EXP-05,exp05_p08_m03_ro100_lh05,exact,phase,t04_part_02,specification,7,human,14.25000,15.65000,1.40000,14.25000,0.00000
EXP-05,exp05_p08_m03_ro100_lh05,exact,phase,t04_part_02,implementation,7,agent,15.65000,22.05000,6.40000,,0
EXP-05,exp05_p08_m03_ro100_lh05,exact,phase,t04_part_03,specification,8,human,17.05000,18.45000,1.40000,17.05000,0.00000
EXP-05,exp05_p08_m03_ro100_lh05,exact,phase,t04_part_03,implementation,8,agent,18.45000,24.85000,6.40000,,0
EXP-05,exp05_p08_m03_ro100_lh05,exact,phase,t04_join,integration,4,agent,24.85000,26.05000,1.20000,,0
EXP-05,exp05_p08_m03_ro100_lh05,exact,phase,t04_join,acceptance,4,human,26.05000,30.25000,4.20000,26.05000,0.00000
EXP-05,exp05_p08_m03_ro100_lh05,exact,wait,t03,human_2,2,human_queue,27.75000,30.25000,2.50000,27.75000,2.50000
EXP-05,exp05_p08_m04_ro000_lh00,baseline,phase,t01,human_1,2,human,1.50,2.25,0.75,0,1.50
EXP-05,exp05_p08_m04_ro000_lh00,baseline,phase,t01,agent_1,2,agent,2.25,6.75,4.50,,0
EXP-05,exp05_p08_m04_ro000_lh00,baseline,phase,t01,human_2,2,human,6.75,7.50,0.75,6.75,0.00
EXP-05,exp05_p08_m04_ro000_lh00,baseline,phase,t02,human_1,1,human,0,1.50,1.50,0,0
EXP-05,exp05_p08_m04_ro000_lh00,baseline,phase,t02,agent_1,1,agent,1.50,10.50,9.00,,0
EXP-05,exp05_p08_m04_ro000_lh00,baseline,phase,t02,human_2,1,human,10.50,12.00,1.50,10.50,0.00
EXP-05,exp05_p08_m04_ro000_lh00,baseline,phase,t03,human_1,1,human,12.00,14.25,2.25,12.00,0.00
EXP-05,exp05_p08_m04_ro000_lh00,baseline,phase,t03,agent_1,1,agent,14.25,27.75,13.50,,0
EXP-05,exp05_p08_m04_ro000_lh00,baseline,phase,t03,human_2,1,human,27.75,30.00,2.25,27.75,0.00
EXP-05,exp05_p08_m04_ro000_lh00,baseline,phase,t04_part_01,specification,2,human,14.25,15.00,0.75,12.00,2.25
EXP-05,exp05_p08_m04_ro000_lh00,baseline,phase,t04_part_01,implementation,2,agent,15.00,19.50,4.50,,0
EXP-05,exp05_p08_m04_ro000_lh00,baseline,phase,t04_part_02,specification,3,human,15.00,15.75,0.75,12.00,3.00
EXP-05,exp05_p08_m04_ro000_lh00,baseline,phase,t04_part_02,implementation,3,agent,15.75,20.25,4.50,,0
EXP-05,exp05_p08_m04_ro000_lh00,baseline,phase,t04_part_03,specification,4,human,15.75,16.50,0.75,12.00,3.75
EXP-05,exp05_p08_m04_ro000_lh00,baseline,phase,t04_part_03,implementation,4,agent,16.50,21.00,4.50,,0
EXP-05,exp05_p08_m04_ro000_lh00,baseline,phase,t04_part_04,specification,5,human,16.50,17.25,0.75,12.00,4.50
EXP-05,exp05_p08_m04_ro000_lh00,baseline,phase,t04_part_04,implementation,5,agent,17.25,21.75,4.50,,0
EXP-05,exp05_p08_m04_ro000_lh00,baseline,phase,t04_join,acceptance,2,human,21.75,24.75,3.00,21.75,0.00
EXP-05,exp05_p08_m04_ro000_lh00,baseline,wait,t01,human_1,2,human_queue,0,1.50,1.50,0,1.50
EXP-05,exp05_p08_m04_ro000_lh00,baseline,wait,t04_part_01,specification,2,human_queue,12.00,14.25,2.25,12.00,2.25
EXP-05,exp05_p08_m04_ro000_lh00,baseline,wait,t04_part_02,specification,3,human_queue,12.00,15.00,3.00,12.00,3.00
EXP-05,exp05_p08_m04_ro000_lh00,baseline,wait,t04_part_03,specification,4,human_queue,12.00,15.75,3.75,12.00,3.75
EXP-05,exp05_p08_m04_ro000_lh00,baseline,wait,t04_part_04,specification,5,human_queue,12.00,16.50,4.50,12.00,4.50
EXP-05,exp05_p08_m04_ro000_lh00,exact,phase,t01,human_1,2,human,1.50000,2.25000,0.75000,1.50000,0.00000
EXP-05,exp05_p08_m04_ro000_lh00,exact,phase,t01,agent_1,2,agent,2.25000,6.75000,4.50000,,0
EXP-05,exp05_p08_m04_ro000_lh00,exact,phase,t01,human_2,2,human,6.75000,7.50000,0.75000,6.75000,0.00000
EXP-05,exp05_p08_m04_ro000_lh00,exact,phase,t02,human_1,1,human,0.00000,1.50000,1.50000,0.00000,0.00000
EXP-05,exp05_p08_m04_ro000_lh00,exact,phase,t02,agent_1,1,agent,1.50000,10.50000,9.00000,,0
EXP-05,exp05_p08_m04_ro000_lh00,exact,phase,t02,human_2,1,human,10.50000,12.00000,1.50000,10.50000,0.00000
EXP-05,exp05_p08_m04_ro000_lh00,exact,phase,t03,human_1,2,human,12.00000,14.25000,2.25000,12.00000,0.00000
EXP-05,exp05_p08_m04_ro000_lh00,exact,phase,t03,agent_1,2,agent,14.25000,27.75000,13.50000,,0
EXP-05,exp05_p08_m04_ro000_lh00,exact,phase,t03,human_2,2,human,27.75000,30.00000,2.25000,27.75000,0.00000
EXP-05,exp05_p08_m04_ro000_lh00,exact,phase,t04_part_01,specification,4,human,16.50000,17.25000,0.75000,16.50000,0.00000
EXP-05,exp05_p08_m04_ro000_lh00,exact,phase,t04_part_01,implementation,4,agent,17.25000,21.75000,4.50000,,0
EXP-05,exp05_p08_m04_ro000_lh00,exact,phase,t04_part_02,specification,6,human,14.25000,15.00000,0.75000,14.25000,0.00000
EXP-05,exp05_p08_m04_ro000_lh00,exact,phase,t04_part_02,implementation,6,agent,15.00000,19.50000,4.50000,,0
EXP-05,exp05_p08_m04_ro000_lh00,exact,phase,t04_part_03,specification,7,human,15.00000,15.75000,0.75000,15.00000,0.00000
EXP-05,exp05_p08_m04_ro000_lh00,exact,phase,t04_part_03,implementation,7,agent,15.75000,20.25000,4.50000,,0
EXP-05,exp05_p08_m04_ro000_lh00,exact,phase,t04_part_04,specification,8,human,15.75000,16.50000,0.75000,15.75000,0.00000
EXP-05,exp05_p08_m04_ro000_lh00,exact,phase,t04_part_04,implementation,8,agent,16.50000,21.00000,4.50000,,0
EXP-05,exp05_p08_m04_ro000_lh00,exact,phase,t04_join,acceptance,1,human,21.75000,24.75000,3.00000,21.75000,0.00000
EXP-05,exp05_p08_m04_ro050_lh00,baseline,phase,t01,human_1,2,human,1.50,2.25,0.75,0,1.50
EXP-05,exp05_p08_m04_ro050_lh00,baseline,phase,t01,agent_1,2,agent,2.25,6.75,4.50,,0
EXP-05,exp05_p08_m04_ro050_lh00,baseline,phase,t01,human_2,2,human,6.75,7.50,0.75,6.75,0.00
EXP-05,exp05_p08_m04_ro050_lh00,baseline,phase,t02,human_1,1,human,0,1.50,1.50,0,0
EXP-05,exp05_p08_m04_ro050_lh00,baseline,phase,t02,agent_1,1,agent,1.50,10.50,9.00,,0
EXP-05,exp05_p08_m04_ro050_lh00,baseline,phase,t02,human_2,1,human,10.50,12.00,1.50,10.50,0.00
EXP-05,exp05_p08_m04_ro050_lh00,baseline,phase,t03,human_1,1,human,12.00,14.25,2.25,12.00,0.00
EXP-05,exp05_p08_m04_ro050_lh00,baseline,phase,t03,agent_1,1,agent,14.25,27.75,13.50,,0
EXP-05,exp05_p08_m04_ro050_lh00,baseline,phase,t03,human_2,1,human,27.75,30.00,2.25,27.75,0.00
EXP-05,exp05_p08_m04_ro050_lh00,baseline,phase,t04_part_01,specification,2,human,14.25,15.00,0.75,12.00,2.25
EXP-05,exp05_p08_m04_ro050_lh00,baseline,phase,t04_part_01,implementation,2,agent,15.00,19.95,4.95,,0
EXP-05,exp05_p08_m04_ro050_lh00,baseline,phase,t04_part_02,specification,3,human,15.00,15.75,0.75,12.00,3.00
EXP-05,exp05_p08_m04_ro050_lh00,baseline,phase,t04_part_02,implementation,3,agent,15.75,20.70,4.95,,0
EXP-05,exp05_p08_m04_ro050_lh00,baseline,phase,t04_part_03,specification,4,human,15.75,16.50,0.75,12.00,3.75
EXP-05,exp05_p08_m04_ro050_lh00,baseline,phase,t04_part_03,implementation,4,agent,16.50,21.45,4.95,,0
EXP-05,exp05_p08_m04_ro050_lh00,baseline,phase,t04_part_04,specification,5,human,16.50,17.25,0.75,12.00,4.50
EXP-05,exp05_p08_m04_ro050_lh00,baseline,phase,t04_part_04,implementation,5,agent,17.25,22.20,4.95,,0
EXP-05,exp05_p08_m04_ro050_lh00,baseline,phase,t04_join,integration,2,agent,22.20,24.00,1.80,,0
EXP-05,exp05_p08_m04_ro050_lh00,baseline,phase,t04_join,acceptance,2,human,24.00,27.00,3.00,24.00,0.00
EXP-05,exp05_p08_m04_ro050_lh00,baseline,wait,t01,human_1,2,human_queue,0,1.50,1.50,0,1.50
EXP-05,exp05_p08_m04_ro050_lh00,baseline,wait,t04_part_01,specification,2,human_queue,12.00,14.25,2.25,12.00,2.25
EXP-05,exp05_p08_m04_ro050_lh00,baseline,wait,t04_part_02,specification,3,human_queue,12.00,15.00,3.00,12.00,3.00
EXP-05,exp05_p08_m04_ro050_lh00,baseline,wait,t04_part_03,specification,4,human_queue,12.00,15.75,3.75,12.00,3.75
EXP-05,exp05_p08_m04_ro050_lh00,baseline,wait,t04_part_04,specification,5,human_queue,12.00,16.50,4.50,12.00,4.50
EXP-05,exp05_p08_m04_ro050_lh00,exact,phase,t01,human_1,2,human,1.50000,2.25000,0.75000,1.50000,0.00000
EXP-05,exp05_p08_m04_ro050_lh00,exact,phase,t01,agent_1,2,agent,2.25000,6.75000,4.50000,,0
EXP-05,exp05_p08_m04_ro050_lh00,exact,phase,t01,human_2,2,human,6.75000,7.50000,0.75000,6.75000,0.00000
EXP-05,exp05_p08_m04_ro050_lh00,exact,phase,t02,human_1,1,human,0.00000,1.50000,1.50000,0.00000,0.00000
EXP-05,exp05_p08_m04_ro050_lh00,exact,phase,t02,agent_1,1,agent,1.50000,10.50000,9.00000,,0
EXP-05,exp05_p08_m04_ro050_lh00,exact,phase,t02,human_2,1,human,10.50000,12.00000,1.50000,10.50000,0.00000
EXP-05,exp05_p08_m04_ro050_lh00,exact,phase,t03,human_1,2,human,12.00000,14.25000,2.25000,12.00000,0.00000
EXP-05,exp05_p08_m04_ro050_lh00,exact,phase,t03,agent_1,2,agent,14.25000,27.75000,13.50000,,0
EXP-05,exp05_p08_m04_ro050_lh00,exact,phase,t03,human_2,2,human,27.75000,30.00000,2.25000,27.75000,0.00000
EXP-05,exp05_p08_m04_ro050_lh00,exact,phase,t04_part_01,specification,4,human,16.50000,17.25000,0.75000,16.50000,0.00000
EXP-05,exp05_p08_m04_ro050_lh00,exact,phase,t04_part_01,implementation,4,agent,17.25000,22.20000,4.95000,,0
EXP-05,exp05_p08_m04_ro050_lh00,exact,phase,t04_part_02,specification,6,human,15.00000,15.75000,0.75000,15.00000,0.00000
EXP-05,exp05_p08_m04_ro050_lh00,exact,phase,t04_part_02,implementation,6,agent,15.75000,20.70000,4.95000,,0
EXP-05,exp05_p08_m04_ro050_lh00,exact,phase,t04_part_03,specification,7,human,14.25000,15.00000,0.75000,14.25000,0.00000
EXP-05,exp05_p08_m04_ro050_lh00,exact,phase,t04_part_03,implementation,7,agent,15.00000,19.95000,4.95000,,0
EXP-05,exp05_p08_m04_ro050_lh00,exact,phase,t04_part_04,specification,8,human,15.75000,16.50000,0.75000,15.75000,0.00000
EXP-05,exp05_p08_m04_ro050_lh00,exact,phase,t04_part_04,implementation,8,agent,16.50000,21.45000,4.95000,,0
EXP-05,exp05_p08_m04_ro050_lh00,exact,phase,t04_join,integration,1,agent,22.20000,24.00000,1.80000,,0
EXP-05,exp05_p08_m04_ro050_lh00,exact,phase,t04_join,acceptance,1,human,24.00000,27.00000,3.00000,24.00000,0.00000
EXP-05,exp05_p08_m04_ro050_lh05,baseline,phase,t01,human_1,2,human,1.50,2.25,0.75,0,1.50
EXP-05,exp05_p08_m04_ro050_lh05,baseline,phase,t01,agent_1,2,agent,2.25,6.75,4.50,,0
EXP-05,exp05_p08_m04_ro050_lh05,baseline,phase,t01,human_2,2,human,6.75,7.50,0.75,6.75,0.00
EXP-05,exp05_p08_m04_ro050_lh05,baseline,phase,t02,human_1,1,human,0,1.50,1.50,0,0
EXP-05,exp05_p08_m04_ro050_lh05,baseline,phase,t02,agent_1,1,agent,1.50,10.50,9.00,,0
EXP-05,exp05_p08_m04_ro050_lh05,baseline,phase,t02,human_2,1,human,10.50,12.00,1.50,10.50,0.00
EXP-05,exp05_p08_m04_ro050_lh05,baseline,phase,t03,human_1,1,human,12.00,14.25,2.25,12.00,0.00
EXP-05,exp05_p08_m04_ro050_lh05,baseline,phase,t03,agent_1,1,agent,14.25,27.75,13.50,,0
EXP-05,exp05_p08_m04_ro050_lh05,baseline,phase,t03,human_2,1,human,27.75,30.00,2.25,27.75,0.00
EXP-05,exp05_p08_m04_ro050_lh05,baseline,phase,t04_part_01,specification,2,human,14.25,15.225,0.975,12.00,2.25
EXP-05,exp05_p08_m04_ro050_lh05,baseline,phase,t04_part_01,implementation,2,agent,15.225,19.950,4.725,,0
EXP-05,exp05_p08_m04_ro050_lh05,baseline,phase,t04_part_02,specification,3,human,15.225,16.200,0.975,12.00,3.225
EXP-05,exp05_p08_m04_ro050_lh05,baseline,phase,t04_part_02,implementation,3,agent,16.200,20.925,4.725,,0
EXP-05,exp05_p08_m04_ro050_lh05,baseline,phase,t04_part_03,specification,4,human,16.200,17.175,0.975,12.00,4.200
EXP-05,exp05_p08_m04_ro050_lh05,baseline,phase,t04_part_03,implementation,4,agent,17.175,21.900,4.725,,0
EXP-05,exp05_p08_m04_ro050_lh05,baseline,phase,t04_part_04,specification,5,human,17.175,18.150,0.975,12.00,5.175
EXP-05,exp05_p08_m04_ro050_lh05,baseline,phase,t04_part_04,implementation,5,agent,18.150,22.875,4.725,,0
EXP-05,exp05_p08_m04_ro050_lh05,baseline,phase,t04_join,integration,2,agent,22.875,23.775,0.900,,0
EXP-05,exp05_p08_m04_ro050_lh05,baseline,phase,t04_join,acceptance,2,human,23.775,27.675,3.900,23.775,0.000
EXP-05,exp05_p08_m04_ro050_lh05,baseline,wait,t01,human_1,2,human_queue,0,1.50,1.50,0,1.50
EXP-05,exp05_p08_m04_ro050_lh05,baseline,wait,t04_part_01,specification,2,human_queue,12.00,14.25,2.25,12.00,2.25
EXP-05,exp05_p08_m04_ro050_lh05,baseline,wait,t04_part_02,specification,3,human_queue,12.00,15.225,3.225,12.00,3.225
EXP-05,exp05_p08_m04_ro050_lh05,baseline,wait,t04_part_03,specification,4,human_queue,12.00,16.200,4.200,12.00,4.200
EXP-05,exp05_p08_m04_ro050_lh05,baseline,wait,t04_part_04,specification,5,human_queue,12.00,17.175,5.175,12.00,5.175
EXP-05,exp05_p08_m04_ro050_lh05,exact,phase,t01,human_1,2,human,1.50000,2.25000,0.75000,1.50000,0.00000
EXP-05,exp05_p08_m04_ro050_lh05,exact,phase,t01,agent_1,2,agent,2.25000,6.75000,4.50000,,0
EXP-05,exp05_p08_m04_ro050_lh05,exact,phase,t01,human_2,2,human,6.75000,7.50000,0.75000,6.75000,0.00000
EXP-05,exp05_p08_m04_ro050_lh05,exact,phase,t02,human_1,1,human,0.00000,1.50000,1.50000,0.00000,0.00000
EXP-05,exp05_p08_m04_ro050_lh05,exact,phase,t02,agent_1,1,agent,1.50000,10.50000,9.00000,,0
EXP-05,exp05_p08_m04_ro050_lh05,exact,phase,t02,human_2,1,human,10.50000,12.00000,1.50000,10.50000,0.00000
EXP-05,exp05_p08_m04_ro050_lh05,exact,phase,t03,human_1,2,human,12.00000,14.25000,2.25000,12.00000,0.00000
EXP-05,exp05_p08_m04_ro050_lh05,exact,phase,t03,agent_1,2,agent,14.25000,27.75000,13.50000,,0
EXP-05,exp05_p08_m04_ro050_lh05,exact,phase,t03,human_2,2,human,27.75000,30.00000,2.25000,27.75000,0.00000
EXP-05,exp05_p08_m04_ro050_lh05,exact,phase,t04_part_01,specification,4,human,17.17500,18.15000,0.97500,17.17500,0.00000
EXP-05,exp05_p08_m04_ro050_lh05,exact,phase,t04_part_01,implementation,4,agent,18.15000,22.87500,4.72500,,0
EXP-05,exp05_p08_m04_ro050_lh05,exact,phase,t04_part_02,specification,6,human,15.22500,16.20000,0.97500,15.22500,0.00000
EXP-05,exp05_p08_m04_ro050_lh05,exact,phase,t04_part_02,implementation,6,agent,16.20000,20.92500,4.72500,,0
EXP-05,exp05_p08_m04_ro050_lh05,exact,phase,t04_part_03,specification,7,human,14.25000,15.22500,0.97500,14.25000,0.00000
EXP-05,exp05_p08_m04_ro050_lh05,exact,phase,t04_part_03,implementation,7,agent,15.22500,19.95000,4.72500,,0
EXP-05,exp05_p08_m04_ro050_lh05,exact,phase,t04_part_04,specification,8,human,16.20000,17.17500,0.97500,16.20000,0.00000
EXP-05,exp05_p08_m04_ro050_lh05,exact,phase,t04_part_04,implementation,8,agent,17.17500,21.90000,4.72500,,0
EXP-05,exp05_p08_m04_ro050_lh05,exact,phase,t04_join,integration,1,agent,22.87500,23.77500,0.90000,,0
EXP-05,exp05_p08_m04_ro050_lh05,exact,phase,t04_join,acceptance,1,human,23.77500,27.67500,3.90000,23.77500,0.00000
EXP-05,exp05_p08_m04_ro100_lh00,baseline,phase,t01,human_1,2,human,1.50,2.25,0.75,0,1.50
EXP-05,exp05_p08_m04_ro100_lh00,baseline,phase,t01,agent_1,2,agent,2.25,6.75,4.50,,0
EXP-05,exp05_p08_m04_ro100_lh00,baseline,phase,t01,human_2,2,human,6.75,7.50,0.75,6.75,0.00
EXP-05,exp05_p08_m04_ro100_lh00,baseline,phase,t02,human_1,1,human,0,1.50,1.50,0,0
EXP-05,exp05_p08_m04_ro100_lh00,baseline,phase,t02,agent_1,1,agent,1.50,10.50,9.00,,0
EXP-05,exp05_p08_m04_ro100_lh00,baseline,phase,t02,human_2,1,human,10.50,12.00,1.50,10.50,0.00
EXP-05,exp05_p08_m04_ro100_lh00,baseline,phase,t03,human_1,1,human,12.00,14.25,2.25,12.00,0.00
EXP-05,exp05_p08_m04_ro100_lh00,baseline,phase,t03,agent_1,1,agent,14.25,27.75,13.50,,0
EXP-05,exp05_p08_m04_ro100_lh00,baseline,phase,t03,human_2,1,human,29.25,31.50,2.25,27.75,1.50
EXP-05,exp05_p08_m04_ro100_lh00,baseline,phase,t04_part_01,specification,2,human,14.25,15.00,0.75,12.00,2.25
EXP-05,exp05_p08_m04_ro100_lh00,baseline,phase,t04_part_01,implementation,2,agent,15.00,20.40,5.40,,0
EXP-05,exp05_p08_m04_ro100_lh00,baseline,phase,t04_part_02,specification,3,human,15.00,15.75,0.75,12.00,3.00
EXP-05,exp05_p08_m04_ro100_lh00,baseline,phase,t04_part_02,implementation,3,agent,15.75,21.15,5.40,,0
EXP-05,exp05_p08_m04_ro100_lh00,baseline,phase,t04_part_03,specification,4,human,15.75,16.50,0.75,12.00,3.75
EXP-05,exp05_p08_m04_ro100_lh00,baseline,phase,t04_part_03,implementation,4,agent,16.50,21.90,5.40,,0
EXP-05,exp05_p08_m04_ro100_lh00,baseline,phase,t04_part_04,specification,5,human,16.50,17.25,0.75,12.00,4.50
EXP-05,exp05_p08_m04_ro100_lh00,baseline,phase,t04_part_04,implementation,5,agent,17.25,22.65,5.40,,0
EXP-05,exp05_p08_m04_ro100_lh00,baseline,phase,t04_join,integration,2,agent,22.65,26.25,3.60,,0
EXP-05,exp05_p08_m04_ro100_lh00,baseline,phase,t04_join,acceptance,2,human,26.25,29.25,3.00,26.25,0.00
EXP-05,exp05_p08_m04_ro100_lh00,baseline,wait,t01,human_1,2,human_queue,0,1.50,1.50,0,1.50
EXP-05,exp05_p08_m04_ro100_lh00,baseline,wait,t03,human_2,1,human_queue,27.75,29.25,1.50,27.75,1.50
EXP-05,exp05_p08_m04_ro100_lh00,baseline,wait,t04_part_01,specification,2,human_queue,12.00,14.25,2.25,12.00,2.25
EXP-05,exp05_p08_m04_ro100_lh00,baseline,wait,t04_part_02,specification,3,human_queue,12.00,15.00,3.00,12.00,3.00
EXP-05,exp05_p08_m04_ro100_lh00,baseline,wait,t04_part_03,specification,4,human_queue,12.00,15.75,3.75,12.00,3.75
EXP-05,exp05_p08_m04_ro100_lh00,baseline,wait,t04_part_04,specification,5,human_queue,12.00,16.50,4.50,12.00,4.50
EXP-05,exp05_p08_m04_ro100_lh00,exact,phase,t01,human_1,2,human,1.50000,2.25000,0.75000,1.50000,0.00000
EXP-05,exp05_p08_m04_ro100_lh00,exact,phase,t01,agent_1,2,agent,2.25000,6.75000,4.50000,,0
EXP-05,exp05_p08_m04_ro100_lh00,exact,phase,t01,human_2,2,human,6.75000,7.50000,0.75000,6.75000,0.00000
EXP-05,exp05_p08_m04_ro100_lh00,exact,phase,t02,human_1,1,human,0.00000,1.50000,1.50000,0.00000,0.00000
EXP-05,exp05_p08_m04_ro100_lh00,exact,phase,t02,agent_1,1,agent,1.50000,10.50000,9.00000,,0
EXP-05,exp05_p08_m04_ro100_lh00,exact,phase,t02,human_2,1,human,10.50000,12.00000,1.50000,10.50000,0.00000
EXP-05,exp05_p08_m04_ro100_lh00,exact,phase,t03,human_1,2,human,13.50000,15.75000,2.25000,13.50000,0.00000
EXP-05,exp05_p08_m04_ro100_lh00,exact,phase,t03,agent_1,2,agent,15.75000,29.25000,13.50000,,0
EXP-05,exp05_p08_m04_ro100_lh00,exact,phase,t03,human_2,2,human,29.25000,31.50000,2.25000,29.25000,0.00000
EXP-05,exp05_p08_m04_ro100_lh00,exact,phase,t04_part_01,specification,4,human,16.50000,17.25000,0.75000,16.50000,0.00000
EXP-05,exp05_p08_m04_ro100_lh00,exact,phase,t04_part_01,implementation,4,agent,17.25000,22.65000,5.40000,,0
EXP-05,exp05_p08_m04_ro100_lh00,exact,phase,t04_part_02,specification,6,human,12.75000,13.50000,0.75000,12.75000,0.00000
EXP-05,exp05_p08_m04_ro100_lh00,exact,phase,t04_part_02,implementation,6,agent,13.50000,18.90000,5.40000,,0
EXP-05,exp05_p08_m04_ro100_lh00,exact,phase,t04_part_03,specification,7,human,12.00000,12.75000,0.75000,12.00000,0.00000
EXP-05,exp05_p08_m04_ro100_lh00,exact,phase,t04_part_03,implementation,7,agent,12.75000,18.15000,5.40000,,0
EXP-05,exp05_p08_m04_ro100_lh00,exact,phase,t04_part_04,specification,8,human,15.75000,16.50000,0.75000,15.75000,0.00000
EXP-05,exp05_p08_m04_ro100_lh00,exact,phase,t04_part_04,implementation,8,agent,16.50000,21.90000,5.40000,,0
EXP-05,exp05_p08_m04_ro100_lh00,exact,phase,t04_join,integration,1,agent,22.65000,26.25000,3.60000,,0
EXP-05,exp05_p08_m04_ro100_lh00,exact,phase,t04_join,acceptance,1,human,26.25000,29.25000,3.00000,26.25000,0.00000
EXP-05,exp05_p08_m04_ro100_lh05,baseline,phase,t01,human_1,2,human,1.50,2.25,0.75,0,1.50
EXP-05,exp05_p08_m04_ro100_lh05,baseline,phase,t01,agent_1,2,agent,2.25,6.75,4.50,,0
EXP-05,exp05_p08_m04_ro100_lh05,baseline,phase,t01,human_2,2,human,6.75,7.50,0.75,6.75,0.00
EXP-05,exp05_p08_m04_ro100_lh05,baseline,phase,t02,human_1,1,human,0,1.50,1.50,0,0
EXP-05,exp05_p08_m04_ro100_lh05,baseline,phase,t02,agent_1,1,agent,1.50,10.50,9.00,,0
EXP-05,exp05_p08_m04_ro100_lh05,baseline,phase,t02,human_2,1,human,10.50,12.00,1.50,10.50,0.00
EXP-05,exp05_p08_m04_ro100_lh05,baseline,phase,t03,human_1,1,human,12.00,14.25,2.25,12.00,0.00
EXP-05,exp05_p08_m04_ro100_lh05,baseline,phase,t03,agent_1,1,agent,14.25,27.75,13.50,,0
EXP-05,exp05_p08_m04_ro100_lh05,baseline,phase,t03,human_2,1,human,30.600,32.850,2.250,27.75,2.850
EXP-05,exp05_p08_m04_ro100_lh05,baseline,phase,t04_part_01,specification,2,human,14.25,15.450,1.200,12.00,2.25
EXP-05,exp05_p08_m04_ro100_lh05,baseline,phase,t04_part_01,implementation,2,agent,15.450,20.400,4.950,,0
EXP-05,exp05_p08_m04_ro100_lh05,baseline,phase,t04_part_02,specification,3,human,15.450,16.650,1.200,12.00,3.450
EXP-05,exp05_p08_m04_ro100_lh05,baseline,phase,t04_part_02,implementation,3,agent,16.650,21.600,4.950,,0
EXP-05,exp05_p08_m04_ro100_lh05,baseline,phase,t04_part_03,specification,4,human,16.650,17.850,1.200,12.00,4.650
EXP-05,exp05_p08_m04_ro100_lh05,baseline,phase,t04_part_03,implementation,4,agent,17.850,22.800,4.950,,0
EXP-05,exp05_p08_m04_ro100_lh05,baseline,phase,t04_part_04,specification,5,human,17.850,19.050,1.200,12.00,5.850
EXP-05,exp05_p08_m04_ro100_lh05,baseline,phase,t04_part_04,implementation,5,agent,19.050,24.000,4.950,,0
EXP-05,exp05_p08_m04_ro100_lh05,baseline,phase,t04_join,integration,2,agent,24.000,25.800,1.800,,0
EXP-05,exp05_p08_m04_ro100_lh05,baseline,phase,t04_join,acceptance,2,human,25.800,30.600,4.800,25.800,0.000
EXP-05,exp05_p08_m04_ro100_lh05,baseline,wait,t01,human_1,2,human_queue,0,1.50,1.50,0,1.50
EXP-05,exp05_p08_m04_ro100_lh05,baseline,wait,t03,human_2,1,human_queue,27.75,30.600,2.850,27.75,2.850
EXP-05,exp05_p08_m04_ro100_lh05,baseline,wait,t04_part_01,specification,2,human_queue,12.00,14.25,2.25,12.00,2.25
EXP-05,exp05_p08_m04_ro100_lh05,baseline,wait,t04_part_02,specification,3,human_queue,12.00,15.450,3.450,12.00,3.450
EXP-05,exp05_p08_m04_ro100_lh05,baseline,wait,t04_part_03,specification,4,human_queue,12.00,16.650,4.650,12.00,4.650
EXP-05,exp05_p08_m04_ro100_lh05,baseline,wait,t04_part_04,specification,5,human_queue,12.00,17.850,5.850,12.00,5.850
EXP-05,exp05_p08_m04_ro100_lh05,exact,phase,t01,human_1,2,human,1.50000,2.25000,0.75000,1.50000,0.00000
EXP-05,exp05_p08_m04_ro100_lh05,exact,phase,t01,agent_1,2,agent,2.25000,6.75000,4.50000,,0
EXP-05,exp05_p08_m04_ro100_lh05,exact,phase,t01,human_2,2,human,6.75000,7.50000,0.75000,6.75000,0.00000
EXP-05,exp05_p08_m04_ro100_lh05,exact,phase,t02,human_1,1,human,0.00000,1.50000,1.50000,0.00000,0.00000
EXP-05,exp05_p08_m04_ro100_lh05,exact,phase,t02,agent_1,1,agent,1.50000,10.50000,9.00000,,0
EXP-05,exp05_p08_m04_ro100_lh05,exact,phase,t02,human_2,1,human,10.50000,12.00000,1.50000,10.50000,0.00000
EXP-05,exp05_p08_m04_ro100_lh05,exact,phase,t03,human_1,2,human,13.20000,15.45000,2.25000,13.20000,0.00000
EXP-05,exp05_p08_m04_ro100_lh05,exact,phase,t03,agent_1,2,agent,15.45000,28.95000,13.50000,,0
EXP-05,exp05_p08_m04_ro100_lh05,exact,phase,t03,human_2,2,human,30.60000,32.85000,2.25000,28.95000,1.65000
EXP-05,exp05_p08_m04_ro100_lh05,exact,phase,t04_part_01,specification,3,human,12.00000,13.20000,1.20000,12.00000,0.00000
EXP-05,exp05_p08_m04_ro100_lh05,exact,phase,t04_part_01,implementation,3,agent,13.20000,18.15000,4.95000,,0
EXP-05,exp05_p08_m04_ro100_lh05,exact,phase,t04_part_02,specification,6,human,16.65000,17.85000,1.20000,16.65000,0.00000
EXP-05,exp05_p08_m04_ro100_lh05,exact,phase,t04_part_02,implementation,6,agent,17.85000,22.80000,4.95000,,0
EXP-05,exp05_p08_m04_ro100_lh05,exact,phase,t04_part_03,specification,7,human,15.45000,16.65000,1.20000,15.45000,0.00000
EXP-05,exp05_p08_m04_ro100_lh05,exact,phase,t04_part_03,implementation,7,agent,16.65000,21.60000,4.95000,,0
EXP-05,exp05_p08_m04_ro100_lh05,exact,phase,t04_part_04,specification,8,human,17.85000,19.05000,1.20000,17.85000,0.00000
EXP-05,exp05_p08_m04_ro100_lh05,exact,phase,t04_part_04,implementation,8,agent,19.05000,24.00000,4.95000,,0
EXP-05,exp05_p08_m04_ro100_lh05,exact,phase,t04_join,integration,1,agent,24.00000,25.80000,1.80000,,0
EXP-05,exp05_p08_m04_ro100_lh05,exact,phase,t04_join,acceptance,1,human,25.80000,30.60000,4.80000,25.80000,0.00000
EXP-05,exp05_p08_m04_ro100_lh05,exact,wait,t03,human_2,2,human_queue,28.95000,30.60000,1.65000,28.95000,1.65000
EXP-05,exp05_p08_m06_ro000_lh00,baseline,phase,t01,human_1,2,human,1.50,2.25,0.75,0,1.50
EXP-05,exp05_p08_m06_ro000_lh00,baseline,phase,t01,agent_1,2,agent,2.25,6.75,4.50,,0
EXP-05,exp05_p08_m06_ro000_lh00,baseline,phase,t01,human_2,2,human,6.75,7.50,0.75,6.75,0.00
EXP-05,exp05_p08_m06_ro000_lh00,baseline,phase,t02,human_1,1,human,0,1.50,1.50,0,0
EXP-05,exp05_p08_m06_ro000_lh00,baseline,phase,t02,agent_1,1,agent,1.50,10.50,9.00,,0
EXP-05,exp05_p08_m06_ro000_lh00,baseline,phase,t02,human_2,1,human,10.50,12.00,1.50,10.50,0.00
EXP-05,exp05_p08_m06_ro000_lh00,baseline,phase,t03,human_1,1,human,12.00,14.25,2.25,12.00,0.00
EXP-05,exp05_p08_m06_ro000_lh00,baseline,phase,t03,agent_1,1,agent,14.25,27.75,13.50,,0
EXP-05,exp05_p08_m06_ro000_lh00,baseline,phase,t03,human_2,1,human,27.75,30.00,2.25,27.75,0.00
EXP-05,exp05_p08_m06_ro000_lh00,baseline,phase,t04_part_01,specification,2,human,14.25,14.75,0.50,12.00,2.25
EXP-05,exp05_p08_m06_ro000_lh00,baseline,phase,t04_part_01,implementation,2,agent,14.75,17.75,3.00,,0
EXP-05,exp05_p08_m06_ro000_lh00,baseline,phase,t04_part_02,specification,3,human,14.75,15.25,0.50,12.00,2.75
EXP-05,exp05_p08_m06_ro000_lh00,baseline,phase,t04_part_02,implementation,3,agent,15.25,18.25,3.00,,0
EXP-05,exp05_p08_m06_ro000_lh00,baseline,phase,t04_part_03,specification,4,human,15.25,15.75,0.50,12.00,3.25
EXP-05,exp05_p08_m06_ro000_lh00,baseline,phase,t04_part_03,implementation,4,agent,15.75,18.75,3.00,,0
EXP-05,exp05_p08_m06_ro000_lh00,baseline,phase,t04_part_04,specification,5,human,15.75,16.25,0.50,12.00,3.75
EXP-05,exp05_p08_m06_ro000_lh00,baseline,phase,t04_part_04,implementation,5,agent,16.25,19.25,3.00,,0
EXP-05,exp05_p08_m06_ro000_lh00,baseline,phase,t04_part_05,specification,6,human,16.25,16.75,0.50,12.00,4.25
EXP-05,exp05_p08_m06_ro000_lh00,baseline,phase,t04_part_05,implementation,6,agent,16.75,19.75,3.00,,0
EXP-05,exp05_p08_m06_ro000_lh00,baseline,phase,t04_part_06,specification,7,human,16.75,17.25,0.50,12.00,4.75
EXP-05,exp05_p08_m06_ro000_lh00,baseline,phase,t04_part_06,implementation,7,agent,17.25,20.25,3.00,,0
EXP-05,exp05_p08_m06_ro000_lh00,baseline,phase,t04_join,acceptance,2,human,20.25,23.25,3.00,20.25,0.00
EXP-05,exp05_p08_m06_ro000_lh00,baseline,wait,t01,human_1,2,human_queue,0,1.50,1.50,0,1.50
EXP-05,exp05_p08_m06_ro000_lh00,baseline,wait,t04_part_01,specification,2,human_queue,12.00,14.25,2.25,12.00,2.25
EXP-05,exp05_p08_m06_ro000_lh00,baseline,wait,t04_part_02,specification,3,human_queue,12.00,14.75,2.75,12.00,2.75
EXP-05,exp05_p08_m06_ro000_lh00,baseline,wait,t04_part_03,specification,4,human_queue,12.00,15.25,3.25,12.00,3.25
EXP-05,exp05_p08_m06_ro000_lh00,baseline,wait,t04_part_04,specification,5,human_queue,12.00,15.75,3.75,12.00,3.75
EXP-05,exp05_p08_m06_ro000_lh00,baseline,wait,t04_part_05,specification,6,human_queue,12.00,16.25,4.25,12.00,4.25
EXP-05,exp05_p08_m06_ro000_lh00,baseline,wait,t04_part_06,specification,7,human_queue,12.00,16.75,4.75,12.00,4.75
EXP-05,exp05_p08_m06_ro000_lh00,exact,phase,t01,human_1,2,human,1.50000,2.25000,0.75000,1.50000,0.00000
EXP-05,exp05_p08_m06_ro000_lh00,exact,phase,t01,agent_1,2,agent,2.25000,6.75000,4.50000,,0
EXP-05,exp05_p08_m06_ro000_lh00,exact,phase,t01,human_2,2,human,6.75000,7.50000,0.75000,6.75000,0.00000
EXP-05,exp05_p08_m06_ro000_lh00,exact,phase,t02,human_1,1,human,0.00000,1.50000,1.50000,0.00000,0.00000
EXP-05,exp05_p08_m06_ro000_lh00,exact,phase,t02,agent_1,1,agent,1.50000,10.50000,9.00000,,0
EXP-05,exp05_p08_m06_ro000_lh00,exact,phase,t02,human_2,1,human,10.50000,12.00000,1.50000,10.50000,0.00000
EXP-05,exp05_p08_m06_ro000_lh00,exact,phase,t03,human_1,4,human,12.00000,14.25000,2.25000,12.00000,0.00000
EXP-05,exp05_p08_m06_ro000_lh00,exact,phase,t03,agent_1,4,agent,14.25000,27.75000,13.50000,,0
EXP-05,exp05_p08_m06_ro000_lh00,exact,phase,t03,human_2,4,human,27.75000,30.00000,2.25000,27.75000,0.00000
EXP-05,exp05_p08_m06_ro000_lh00,exact,phase,t04_part_01,specification,3,human,16.75000,17.25000,0.50000,16.75000,0.00000
EXP-05,exp05_p08_m06_ro000_lh00,exact,phase,t04_part_01,implementation,3,agent,17.25000,20.25000,3.00000,,0
EXP-05,exp05_p08_m06_ro000_lh00,exact,phase,t04_part_02,specification,2,human,14.25000,14.75000,0.50000,14.25000,0.00000
EXP-05,exp05_p08_m06_ro000_lh00,exact,phase,t04_part_02,implementation,2,agent,14.75000,17.75000,3.00000,,0
EXP-05,exp05_p08_m06_ro000_lh00,exact,phase,t04_part_03,specification,1,human,15.25000,15.75000,0.50000,15.25000,0.00000
EXP-05,exp05_p08_m06_ro000_lh00,exact,phase,t04_part_03,implementation,1,agent,15.75000,18.75000,3.00000,,0
EXP-05,exp05_p08_m06_ro000_lh00,exact,phase,t04_part_04,specification,6,human,14.75000,15.25000,0.50000,14.75000,0.00000
EXP-05,exp05_p08_m06_ro000_lh00,exact,phase,t04_part_04,implementation,6,agent,15.25000,18.25000,3.00000,,0
EXP-05,exp05_p08_m06_ro000_lh00,exact,phase,t04_part_05,specification,7,human,16.25000,16.75000,0.50000,16.25000,0.00000
EXP-05,exp05_p08_m06_ro000_lh00,exact,phase,t04_part_05,implementation,7,agent,16.75000,19.75000,3.00000,,0
EXP-05,exp05_p08_m06_ro000_lh00,exact,phase,t04_part_06,specification,8,human,15.75000,16.25000,0.50000,15.75000,0.00000
EXP-05,exp05_p08_m06_ro000_lh00,exact,phase,t04_part_06,implementation,8,agent,16.25000,19.25000,3.00000,,0
EXP-05,exp05_p08_m06_ro000_lh00,exact,phase,t04_join,acceptance,1,human,20.25000,23.25000,3.00000,20.25000,0.00000
EXP-05,exp05_p08_m06_ro050_lh00,baseline,phase,t01,human_1,2,human,1.50,2.25,0.75,0,1.50
EXP-05,exp05_p08_m06_ro050_lh00,baseline,phase,t01,agent_1,2,agent,2.25,6.75,4.50,,0
EXP-05,exp05_p08_m06_ro050_lh00,baseline,phase,t01,human_2,2,human,6.75,7.50,0.75,6.75,0.00
EXP-05,exp05_p08_m06_ro050_lh00,baseline,phase,t02,human_1,1,human,0,1.50,1.50,0,0
EXP-05,exp05_p08_m06_ro050_lh00,baseline,phase,t02,agent_1,1,agent,1.50,10.50,9.00,,0
EXP-05,exp05_p08_m06_ro050_lh00,baseline,phase,t02,human_2,1,human,10.50,12.00,1.50,10.50,0.00
EXP-05,exp05_p08_m06_ro050_lh00,baseline,phase,t03,human_1,1,human,12.00,14.25,2.25,12.00,0.00
EXP-05,exp05_p08_m06_ro050_lh00,baseline,phase,t03,agent_1,1,agent,14.25,27.75,13.50,,0
EXP-05,exp05_p08_m06_ro050_lh00,baseline,phase,t03,human_2,1,human,27.75,30.00,2.25,27.75,0.00
EXP-05,exp05_p08_m06_ro050_lh00,baseline,phase,t04_part_01,specification,2,human,14.25,14.75,0.50,12.00,2.25
EXP-05,exp05_p08_m06_ro050_lh00,baseline,phase,t04_part_01,implementation,2,agent,14.75,18.25,3.50,,0
EXP-05,exp05_p08_m06_ro050_lh00,baseline,phase,t04_part_02,specification,3,human,14.75,15.25,0.50,12.00,2.75
EXP-05,exp05_p08_m06_ro050_lh00,baseline,phase,t04_part_02,implementation,3,agent,15.25,18.75,3.50,,0
EXP-05,exp05_p08_m06_ro050_lh00,baseline,phase,t04_part_03,specification,4,human,15.25,15.75,0.50,12.00,3.25
EXP-05,exp05_p08_m06_ro050_lh00,baseline,phase,t04_part_03,implementation,4,agent,15.75,19.25,3.50,,0
EXP-05,exp05_p08_m06_ro050_lh00,baseline,phase,t04_part_04,specification,5,human,15.75,16.25,0.50,12.00,3.75
EXP-05,exp05_p08_m06_ro050_lh00,baseline,phase,t04_part_04,implementation,5,agent,16.25,19.75,3.50,,0
EXP-05,exp05_p08_m06_ro050_lh00,baseline,phase,t04_part_05,specification,6,human,16.25,16.75,0.50,12.00,4.25
EXP-05,exp05_p08_m06_ro050_lh00,baseline,phase,t04_part_05,implementation,6,agent,16.75,20.25,3.50,,0
EXP-05,exp05_p08_m06_ro050_lh00,baseline,phase,t04_part_06,specification,7,human,16.75,17.25,0.50,12.00,4.75
EXP-05,exp05_p08_m06_ro050_lh00,baseline,phase,t04_part_06,implementation,7,agent,17.25,20.75,3.50,,0
EXP-05,exp05_p08_m06_ro050_lh00,baseline,phase,t04_join,integration,2,agent,20.75,23.75,3.00,,0
EXP-05,exp05_p08_m06_ro050_lh00,baseline,phase,t04_join,acceptance,2,human,23.75,26.75,3.00,23.75,0.00
EXP-05,exp05_p08_m06_ro050_lh00,baseline,wait,t01,human_1,2,human_queue,0,1.50,1.50,0,1.50
EXP-05,exp05_p08_m06_ro050_lh00,baseline,wait,t04_part_01,specification,2,human_queue,12.00,14.25,2.25,12.00,2.25
EXP-05,exp05_p08_m06_ro050_lh00,baseline,wait,t04_part_02,specification,3,human_queue,12.00,14.75,2.75,12.00,2.75
EXP-05,exp05_p08_m06_ro050_lh00,baseline,wait,t04_part_03,specification,4,human_queue,12.00,15.25,3.25,12.00,3.25
EXP-05,exp05_p08_m06_ro050_lh00,baseline,wait,t04_part_04,specification,5,human_queue,12.00,15.75,3.75,12.00,3.75
EXP-05,exp05_p08_m06_ro050_lh00,baseline,wait,t04_part_05,specification,6,human_queue,12.00,16.25,4.25,12.00,4.25
EXP-05,exp05_p08_m06_ro050_lh00,baseline,wait,t04_part_06,specification,7,human_queue,12.00,16.75,4.75,12.00,4.75
EXP-05,exp05_p08_m06_ro050_lh00,exact,phase,t01,human_1,2,human,1.50000,2.25000,0.75000,1.50000,0.00000
EXP-05,exp05_p08_m06_ro050_lh00,exact,phase,t01,agent_1,2,agent,2.25000,6.75000,4.50000,,0
EXP-05,exp05_p08_m06_ro050_lh00,exact,phase,t01,human_2,2,human,6.75000,7.50000,0.75000,6.75000,0.00000
EXP-05,exp05_p08_m06_ro050_lh00,exact,phase,t02,human_1,1,human,0.00000,1.50000,1.50000,0.00000,0.00000
EXP-05,exp05_p08_m06_ro050_lh00,exact,phase,t02,agent_1,1,agent,1.50000,10.50000,9.00000,,0
EXP-05,exp05_p08_m06_ro050_lh00,exact,phase,t02,human_2,1,human,10.50000,12.00000,1.50000,10.50000,0.00000
EXP-05,exp05_p08_m06_ro050_lh00,exact,phase,t03,human_1,4,human,12.00000,14.25000,2.25000,12.00000,0.00000
EXP-05,exp05_p08_m06_ro050_lh00,exact,phase,t03,agent_1,4,agent,14.25000,27.75000,13.50000,,0
EXP-05,exp05_p08_m06_ro050_lh00,exact,phase,t03,human_2,4,human,27.75000,30.00000,2.25000,27.75000,0.00000
EXP-05,exp05_p08_m06_ro050_lh00,exact,phase,t04_part_01,specification,3,human,16.75000,17.25000,0.50000,16.75000,0.00000
EXP-05,exp05_p08_m06_ro050_lh00,exact,phase,t04_part_01,implementation,3,agent,17.25000,20.75000,3.50000,,0
EXP-05,exp05_p08_m06_ro050_lh00,exact,phase,t04_part_02,specification,2,human,14.25000,14.75000,0.50000,14.25000,0.00000
EXP-05,exp05_p08_m06_ro050_lh00,exact,phase,t04_part_02,implementation,2,agent,14.75000,18.25000,3.50000,,0
EXP-05,exp05_p08_m06_ro050_lh00,exact,phase,t04_part_03,specification,1,human,15.25000,15.75000,0.50000,15.25000,0.00000
EXP-05,exp05_p08_m06_ro050_lh00,exact,phase,t04_part_03,implementation,1,agent,15.75000,19.25000,3.50000,,0
EXP-05,exp05_p08_m06_ro050_lh00,exact,phase,t04_part_04,specification,6,human,14.75000,15.25000,0.50000,14.75000,0.00000
EXP-05,exp05_p08_m06_ro050_lh00,exact,phase,t04_part_04,implementation,6,agent,15.25000,18.75000,3.50000,,0
EXP-05,exp05_p08_m06_ro050_lh00,exact,phase,t04_part_05,specification,7,human,16.25000,16.75000,0.50000,16.25000,0.00000
EXP-05,exp05_p08_m06_ro050_lh00,exact,phase,t04_part_05,implementation,7,agent,16.75000,20.25000,3.50000,,0
EXP-05,exp05_p08_m06_ro050_lh00,exact,phase,t04_part_06,specification,8,human,15.75000,16.25000,0.50000,15.75000,0.00000
EXP-05,exp05_p08_m06_ro050_lh00,exact,phase,t04_part_06,implementation,8,agent,16.25000,19.75000,3.50000,,0
EXP-05,exp05_p08_m06_ro050_lh00,exact,phase,t04_join,integration,1,agent,20.75000,23.75000,3.00000,,0
EXP-05,exp05_p08_m06_ro050_lh00,exact,phase,t04_join,acceptance,1,human,23.75000,26.75000,3.00000,23.75000,0.00000
EXP-05,exp05_p08_m06_ro050_lh05,baseline,phase,t01,human_1,2,human,1.50,2.25,0.75,0,1.50
EXP-05,exp05_p08_m06_ro050_lh05,baseline,phase,t01,agent_1,2,agent,2.25,6.75,4.50,,0
EXP-05,exp05_p08_m06_ro050_lh05,baseline,phase,t01,human_2,2,human,6.75,7.50,0.75,6.75,0.00
EXP-05,exp05_p08_m06_ro050_lh05,baseline,phase,t02,human_1,1,human,0,1.50,1.50,0,0
EXP-05,exp05_p08_m06_ro050_lh05,baseline,phase,t02,agent_1,1,agent,1.50,10.50,9.00,,0
EXP-05,exp05_p08_m06_ro050_lh05,baseline,phase,t02,human_2,1,human,10.50,12.00,1.50,10.50,0.00
EXP-05,exp05_p08_m06_ro050_lh05,baseline,phase,t03,human_1,1,human,12.00,14.25,2.25,12.00,0.00
EXP-05,exp05_p08_m06_ro050_lh05,baseline,phase,t03,agent_1,1,agent,14.25,27.75,13.50,,0
EXP-05,exp05_p08_m06_ro050_lh05,baseline,phase,t03,human_2,1,human,28.000,30.250,2.250,27.75,0.250
EXP-05,exp05_p08_m06_ro050_lh05,baseline,phase,t04_part_01,specification,2,human,14.25,15.000,0.750,12.00,2.25
EXP-05,exp05_p08_m06_ro050_lh05,baseline,phase,t04_part_01,implementation,2,agent,15.000,18.250,3.250,,0
EXP-05,exp05_p08_m06_ro050_lh05,baseline,phase,t04_part_02,specification,3,human,15.000,15.750,0.750,12.00,3.000
EXP-05,exp05_p08_m06_ro050_lh05,baseline,phase,t04_part_02,implementation,3,agent,15.750,19.000,3.250,,0
EXP-05,exp05_p08_m06_ro050_lh05,baseline,phase,t04_part_03,specification,4,human,15.750,16.500,0.750,12.00,3.750
EXP-05,exp05_p08_m06_ro050_lh05,baseline,phase,t04_part_03,implementation,4,agent,16.500,19.750,3.250,,0
EXP-05,exp05_p08_m06_ro050_lh05,baseline,phase,t04_part_04,specification,5,human,16.500,17.250,0.750,12.00,4.500
EXP-05,exp05_p08_m06_ro050_lh05,baseline,phase,t04_part_04,implementation,5,agent,17.250,20.500,3.250,,0
EXP-05,exp05_p08_m06_ro050_lh05,baseline,phase,t04_part_05,specification,6,human,17.250,18.000,0.750,12.00,5.250
EXP-05,exp05_p08_m06_ro050_lh05,baseline,phase,t04_part_05,implementation,6,agent,18.000,21.250,3.250,,0
EXP-05,exp05_p08_m06_ro050_lh05,baseline,phase,t04_part_06,specification,7,human,18.000,18.750,0.750,12.00,6.000
EXP-05,exp05_p08_m06_ro050_lh05,baseline,phase,t04_part_06,implementation,7,agent,18.750,22.000,3.250,,0
EXP-05,exp05_p08_m06_ro050_lh05,baseline,phase,t04_join,integration,2,agent,22.000,23.500,1.500,,0
EXP-05,exp05_p08_m06_ro050_lh05,baseline,phase,t04_join,acceptance,2,human,23.500,28.000,4.500,23.500,0.000
EXP-05,exp05_p08_m06_ro050_lh05,baseline,wait,t01,human_1,2,human_queue,0,1.50,1.50,0,1.50
EXP-05,exp05_p08_m06_ro050_lh05,baseline,wait,t03,human_2,1,human_queue,27.75,28.000,0.250,27.75,0.250
EXP-05,exp05_p08_m06_ro050_lh05,baseline,wait,t04_part_01,specification,2,human_queue,12.00,14.25,2.25,12.00,2.25
EXP-05,exp05_p08_m06_ro050_lh05,baseline,wait,t04_part_02,specification,3,human_queue,12.00,15.000,3.000,12.00,3.000
EXP-05,exp05_p08_m06_ro050_lh05,baseline,wait,t04_part_03,specification,4,human_queue,12.00,15.750,3.750,12.00,3.750
EXP-05,exp05_p08_m06_ro050_lh05,baseline,wait,t04_part_04,specification,5,human_queue,12.00,16.500,4.500,12.00,4.500
EXP-05,exp05_p08_m06_ro050_lh05,baseline,wait,t04_part_05,specification,6,human_queue,12.00,17.250,5.250,12.00,5.250
EXP-05,exp05_p08_m06_ro050_lh05,baseline,wait,t04_part_06,specification,7,human_queue,12.00,18.000,6.000,12.00,6.000
EXP-05,exp05_p08_m06_ro050_lh05,exact,phase,t01,human_1,2,human,1.50000,2.25000,0.75000,1.50000,0.00000
EXP-05,exp05_p08_m06_ro050_lh05,exact,phase,t01,agent_1,2,agent,2.25000,6.75000,4.50000,,0
EXP-05,exp05_p08_m06_ro050_lh05,exact,phase,t01,human_2,2,human,6.75000,7.50000,0.75000,6.75000,0.00000
EXP-05,exp05_p08_m06_ro050_lh05,exact,phase,t02,human_1,1,human,0.00000,1.50000,1.50000,0.00000,0.00000
EXP-05,exp05_p08_m06_ro050_lh05,exact,phase,t02,agent_1,1,agent,1.50000,10.50000,9.00000,,0
EXP-05,exp05_p08_m06_ro050_lh05,exact,phase,t02,human_2,1,human,10.50000,12.00000,1.50000,10.50000,0.00000
EXP-05,exp05_p08_m06_ro050_lh05,exact,phase,t03,human_1,4,human,12.00000,14.25000,2.25000,12.00000,0.00000
EXP-05,exp05_p08_m06_ro050_lh05,exact,phase,t03,agent_1,4,agent,14.25000,27.75000,13.50000,,0
EXP-05,exp05_p08_m06_ro050_lh05,exact,phase,t03,human_2,4,human,28.00000,30.25000,2.25000,27.75000,0.25000
EXP-05,exp05_p08_m06_ro050_lh05,exact,phase,t04_part_01,specification,3,human,15.00000,15.75000,0.75000,15.00000,0.00000
EXP-05,exp05_p08_m06_ro050_lh05,exact,phase,t04_part_01,implementation,3,agent,15.75000,19.00000,3.25000,,0
EXP-05,exp05_p08_m06_ro050_lh05,exact,phase,t04_part_02,specification,2,human,14.25000,15.00000,0.75000,14.25000,0.00000
EXP-05,exp05_p08_m06_ro050_lh05,exact,phase,t04_part_02,implementation,2,agent,15.00000,18.25000,3.25000,,0
EXP-05,exp05_p08_m06_ro050_lh05,exact,phase,t04_part_03,specification,1,human,18.00000,18.75000,0.75000,18.00000,0.00000
EXP-05,exp05_p08_m06_ro050_lh05,exact,phase,t04_part_03,implementation,1,agent,18.75000,22.00000,3.25000,,0
EXP-05,exp05_p08_m06_ro050_lh05,exact,phase,t04_part_04,specification,6,human,17.25000,18.00000,0.75000,17.25000,0.00000
EXP-05,exp05_p08_m06_ro050_lh05,exact,phase,t04_part_04,implementation,6,agent,18.00000,21.25000,3.25000,,0
EXP-05,exp05_p08_m06_ro050_lh05,exact,phase,t04_part_05,specification,7,human,15.75000,16.50000,0.75000,15.75000,0.00000
EXP-05,exp05_p08_m06_ro050_lh05,exact,phase,t04_part_05,implementation,7,agent,16.50000,19.75000,3.25000,,0
EXP-05,exp05_p08_m06_ro050_lh05,exact,phase,t04_part_06,specification,8,human,16.50000,17.25000,0.75000,16.50000,0.00000
EXP-05,exp05_p08_m06_ro050_lh05,exact,phase,t04_part_06,implementation,8,agent,17.25000,20.50000,3.25000,,0
EXP-05,exp05_p08_m06_ro050_lh05,exact,phase,t04_join,integration,1,agent,22.00000,23.50000,1.50000,,0
EXP-05,exp05_p08_m06_ro050_lh05,exact,phase,t04_join,acceptance,1,human,23.50000,28.00000,4.50000,23.50000,0.00000
EXP-05,exp05_p08_m06_ro050_lh05,exact,wait,t03,human_2,4,human_queue,27.75000,28.00000,0.25000,27.75000,0.25000
EXP-05,exp05_p08_m06_ro100_lh00,baseline,phase,t01,human_1,2,human,1.50,2.25,0.75,0,1.50
EXP-05,exp05_p08_m06_ro100_lh00,baseline,phase,t01,agent_1,2,agent,2.25,6.75,4.50,,0
EXP-05,exp05_p08_m06_ro100_lh00,baseline,phase,t01,human_2,2,human,6.75,7.50,0.75,6.75,0.00
EXP-05,exp05_p08_m06_ro100_lh00,baseline,phase,t02,human_1,1,human,0,1.50,1.50,0,0
EXP-05,exp05_p08_m06_ro100_lh00,baseline,phase,t02,agent_1,1,agent,1.50,10.50,9.00,,0
EXP-05,exp05_p08_m06_ro100_lh00,baseline,phase,t02,human_2,1,human,10.50,12.00,1.50,10.50,0.00
EXP-05,exp05_p08_m06_ro100_lh00,baseline,phase,t03,human_1,1,human,12.00,14.25,2.25,12.00,0.00
EXP-05,exp05_p08_m06_ro100_lh00,baseline,phase,t03,agent_1,1,agent,14.25,27.75,13.50,,0
EXP-05,exp05_p08_m06_ro100_lh00,baseline,phase,t03,human_2,1,human,30.25,32.50,2.25,27.75,2.50
EXP-05,exp05_p08_m06_ro100_lh00,baseline,phase,t04_part_01,specification,2,human,14.25,14.75,0.50,12.00,2.25
EXP-05,exp05_p08_m06_ro100_lh00,baseline,phase,t04_part_01,implementation,2,agent,14.75,18.75,4.00,,0
EXP-05,exp05_p08_m06_ro100_lh00,baseline,phase,t04_part_02,specification,3,human,14.75,15.25,0.50,12.00,2.75
EXP-05,exp05_p08_m06_ro100_lh00,baseline,phase,t04_part_02,implementation,3,agent,15.25,19.25,4.00,,0
EXP-05,exp05_p08_m06_ro100_lh00,baseline,phase,t04_part_03,specification,4,human,15.25,15.75,0.50,12.00,3.25
EXP-05,exp05_p08_m06_ro100_lh00,baseline,phase,t04_part_03,implementation,4,agent,15.75,19.75,4.00,,0
EXP-05,exp05_p08_m06_ro100_lh00,baseline,phase,t04_part_04,specification,5,human,15.75,16.25,0.50,12.00,3.75
EXP-05,exp05_p08_m06_ro100_lh00,baseline,phase,t04_part_04,implementation,5,agent,16.25,20.25,4.00,,0
EXP-05,exp05_p08_m06_ro100_lh00,baseline,phase,t04_part_05,specification,6,human,16.25,16.75,0.50,12.00,4.25
EXP-05,exp05_p08_m06_ro100_lh00,baseline,phase,t04_part_05,implementation,6,agent,16.75,20.75,4.00,,0
EXP-05,exp05_p08_m06_ro100_lh00,baseline,phase,t04_part_06,specification,7,human,16.75,17.25,0.50,12.00,4.75
EXP-05,exp05_p08_m06_ro100_lh00,baseline,phase,t04_part_06,implementation,7,agent,17.25,21.25,4.00,,0
EXP-05,exp05_p08_m06_ro100_lh00,baseline,phase,t04_join,integration,2,agent,21.25,27.25,6.00,,0
EXP-05,exp05_p08_m06_ro100_lh00,baseline,phase,t04_join,acceptance,2,human,27.25,30.25,3.00,27.25,0.00
EXP-05,exp05_p08_m06_ro100_lh00,baseline,wait,t01,human_1,2,human_queue,0,1.50,1.50,0,1.50
EXP-05,exp05_p08_m06_ro100_lh00,baseline,wait,t03,human_2,1,human_queue,27.75,30.25,2.50,27.75,2.50
EXP-05,exp05_p08_m06_ro100_lh00,baseline,wait,t04_part_01,specification,2,human_queue,12.00,14.25,2.25,12.00,2.25
EXP-05,exp05_p08_m06_ro100_lh00,baseline,wait,t04_part_02,specification,3,human_queue,12.00,14.75,2.75,12.00,2.75
EXP-05,exp05_p08_m06_ro100_lh00,baseline,wait,t04_part_03,specification,4,human_queue,12.00,15.25,3.25,12.00,3.25
EXP-05,exp05_p08_m06_ro100_lh00,baseline,wait,t04_part_04,specification,5,human_queue,12.00,15.75,3.75,12.00,3.75
EXP-05,exp05_p08_m06_ro100_lh00,baseline,wait,t04_part_05,specification,6,human_queue,12.00,16.25,4.25,12.00,4.25
EXP-05,exp05_p08_m06_ro100_lh00,baseline,wait,t04_part_06,specification,7,human_queue,12.00,16.75,4.75,12.00,4.75
EXP-05,exp05_p08_m06_ro100_lh00,exact,phase,t01,human_1,2,human,1.50000,2.25000,0.75000,1.50000,0.00000
EXP-05,exp05_p08_m06_ro100_lh00,exact,phase,t01,agent_1,2,agent,2.25000,6.75000,4.50000,,0
EXP-05,exp05_p08_m06_ro100_lh00,exact,phase,t01,human_2,2,human,6.75000,7.50000,0.75000,6.75000,0.00000
EXP-05,exp05_p08_m06_ro100_lh00,exact,phase,t02,human_1,1,human,0.00000,1.50000,1.50000,0.00000,0.00000
EXP-05,exp05_p08_m06_ro100_lh00,exact,phase,t02,agent_1,1,agent,1.50000,10.50000,9.00000,,0
EXP-05,exp05_p08_m06_ro100_lh00,exact,phase,t02,human_2,1,human,10.50000,12.00000,1.50000,10.50000,0.00000
EXP-05,exp05_p08_m06_ro100_lh00,exact,phase,t03,human_1,4,human,14.50000,16.75000,2.25000,14.50000,0.00000
EXP-05,exp05_p08_m06_ro100_lh00,exact,phase,t03,agent_1,4,agent,16.75000,30.25000,13.50000,,0
EXP-05,exp05_p08_m06_ro100_lh00,exact,phase,t03,human_2,4,human,30.25000,32.50000,2.25000,30.25000,0.00000
EXP-05,exp05_p08_m06_ro100_lh00,exact,phase,t04_part_01,specification,3,human,16.75000,17.25000,0.50000,16.75000,0.00000
EXP-05,exp05_p08_m06_ro100_lh00,exact,phase,t04_part_01,implementation,3,agent,17.25000,21.25000,4.00000,,0
EXP-05,exp05_p08_m06_ro100_lh00,exact,phase,t04_part_02,specification,2,human,14.00000,14.50000,0.50000,14.00000,0.00000
EXP-05,exp05_p08_m06_ro100_lh00,exact,phase,t04_part_02,implementation,2,agent,14.50000,18.50000,4.00000,,0
EXP-05,exp05_p08_m06_ro100_lh00,exact,phase,t04_part_03,specification,1,human,13.00000,13.50000,0.50000,13.00000,0.00000
EXP-05,exp05_p08_m06_ro100_lh00,exact,phase,t04_part_03,implementation,1,agent,13.50000,17.50000,4.00000,,0
EXP-05,exp05_p08_m06_ro100_lh00,exact,phase,t04_part_04,specification,6,human,12.50000,13.00000,0.50000,12.50000,0.00000
EXP-05,exp05_p08_m06_ro100_lh00,exact,phase,t04_part_04,implementation,6,agent,13.00000,17.00000,4.00000,,0
EXP-05,exp05_p08_m06_ro100_lh00,exact,phase,t04_part_05,specification,7,human,12.00000,12.50000,0.50000,12.00000,0.00000
EXP-05,exp05_p08_m06_ro100_lh00,exact,phase,t04_part_05,implementation,7,agent,12.50000,16.50000,4.00000,,0
EXP-05,exp05_p08_m06_ro100_lh00,exact,phase,t04_part_06,specification,8,human,13.50000,14.00000,0.50000,13.50000,0.00000
EXP-05,exp05_p08_m06_ro100_lh00,exact,phase,t04_part_06,implementation,8,agent,14.00000,18.00000,4.00000,,0
EXP-05,exp05_p08_m06_ro100_lh00,exact,phase,t04_join,integration,1,agent,21.25000,27.25000,6.00000,,0
EXP-05,exp05_p08_m06_ro100_lh00,exact,phase,t04_join,acceptance,1,human,27.25000,30.25000,3.00000,27.25000,0.00000
EXP-05,exp05_p08_m06_ro100_lh05,baseline,phase,t01,human_1,2,human,1.50,2.25,0.75,0,1.50
EXP-05,exp05_p08_m06_ro100_lh05,baseline,phase,t01,agent_1,2,agent,2.25,6.75,4.50,,0
EXP-05,exp05_p08_m06_ro100_lh05,baseline,phase,t01,human_2,2,human,6.75,7.50,0.75,6.75,0.00
EXP-05,exp05_p08_m06_ro100_lh05,baseline,phase,t02,human_1,1,human,0,1.50,1.50,0,0
EXP-05,exp05_p08_m06_ro100_lh05,baseline,phase,t02,agent_1,1,agent,1.50,10.50,9.00,,0
EXP-05,exp05_p08_m06_ro100_lh05,baseline,phase,t02,human_2,1,human,10.50,12.00,1.50,10.50,0.00
EXP-05,exp05_p08_m06_ro100_lh05,baseline,phase,t03,human_1,1,human,12.00,14.25,2.25,12.00,0.00
EXP-05,exp05_p08_m06_ro100_lh05,baseline,phase,t03,agent_1,1,agent,14.25,27.75,13.50,,0
EXP-05,exp05_p08_m06_ro100_lh05,baseline,phase,t03,human_2,1,human,32.750,35.000,2.250,27.75,5.000
EXP-05,exp05_p08_m06_ro100_lh05,baseline,phase,t04_part_01,specification,2,human,14.25,15.250,1.000,12.00,2.25
EXP-05,exp05_p08_m06_ro100_lh05,baseline,phase,t04_part_01,implementation,2,agent,15.250,18.750,3.500,,0
EXP-05,exp05_p08_m06_ro100_lh05,baseline,phase,t04_part_02,specification,3,human,15.250,16.250,1.000,12.00,3.250
EXP-05,exp05_p08_m06_ro100_lh05,baseline,phase,t04_part_02,implementation,3,agent,16.250,19.750,3.500,,0
EXP-05,exp05_p08_m06_ro100_lh05,baseline,phase,t04_part_03,specification,4,human,16.250,17.250,1.000,12.00,4.250
EXP-05,exp05_p08_m06_ro100_lh05,baseline,phase,t04_part_03,implementation,4,agent,17.250,20.750,3.500,,0
EXP-05,exp05_p08_m06_ro100_lh05,baseline,phase,t04_part_04,specification,5,human,17.250,18.250,1.000,12.00,5.250
EXP-05,exp05_p08_m06_ro100_lh05,baseline,phase,t04_part_04,implementation,5,agent,18.250,21.750,3.500,,0
EXP-05,exp05_p08_m06_ro100_lh05,baseline,phase,t04_part_05,specification,6,human,18.250,19.250,1.000,12.00,6.250
EXP-05,exp05_p08_m06_ro100_lh05,baseline,phase,t04_part_05,implementation,6,agent,19.250,22.750,3.500,,0
EXP-05,exp05_p08_m06_ro100_lh05,baseline,phase,t04_part_06,specification,7,human,19.250,20.250,1.000,12.00,7.250
EXP-05,exp05_p08_m06_ro100_lh05,baseline,phase,t04_part_06,implementation,7,agent,20.250,23.750,3.500,,0
EXP-05,exp05_p08_m06_ro100_lh05,baseline,phase,t04_join,integration,2,agent,23.750,26.750,3.000,,0
EXP-05,exp05_p08_m06_ro100_lh05,baseline,phase,t04_join,acceptance,2,human,26.750,32.750,6.000,26.750,0.000
EXP-05,exp05_p08_m06_ro100_lh05,baseline,wait,t01,human_1,2,human_queue,0,1.50,1.50,0,1.50
EXP-05,exp05_p08_m06_ro100_lh05,baseline,wait,t03,human_2,1,human_queue,27.75,32.750,5.000,27.75,5.000
EXP-05,exp05_p08_m06_ro100_lh05,baseline,wait,t04_part_01,specification,2,human_queue,12.00,14.25,2.25,12.00,2.25
EXP-05,exp05_p08_m06_ro100_lh05,baseline,wait,t04_part_02,specification,3,human_queue,12.00,15.250,3.250,12.00,3.250
EXP-05,exp05_p08_m06_ro100_lh05,baseline,wait,t04_part_03,specification,4,human_queue,12.00,16.250,4.250,12.00,4.250
EXP-05,exp05_p08_m06_ro100_lh05,baseline,wait,t04_part_04,specification,5,human_queue,12.00,17.250,5.250,12.00,5.250
EXP-05,exp05_p08_m06_ro100_lh05,baseline,wait,t04_part_05,specification,6,human_queue,12.00,18.250,6.250,12.00,6.250
EXP-05,exp05_p08_m06_ro100_lh05,baseline,wait,t04_part_06,specification,7,human_queue,12.00,19.250,7.250,12.00,7.250
EXP-05,exp05_p08_m06_ro100_lh05,exact,phase,t01,human_1,2,human,1.50000,2.25000,0.75000,1.50000,0.00000
EXP-05,exp05_p08_m06_ro100_lh05,exact,phase,t01,agent_1,2,agent,2.25000,6.75000,4.50000,,0
EXP-05,exp05_p08_m06_ro100_lh05,exact,phase,t01,human_2,2,human,6.75000,7.50000,0.75000,6.75000,0.00000
EXP-05,exp05_p08_m06_ro100_lh05,exact,phase,t02,human_1,1,human,0.00000,1.50000,1.50000,0.00000,0.00000
EXP-05,exp05_p08_m06_ro100_lh05,exact,phase,t02,agent_1,1,agent,1.50000,10.50000,9.00000,,0
EXP-05,exp05_p08_m06_ro100_lh05,exact,phase,t02,human_2,1,human,10.50000,12.00000,1.50000,10.50000,0.00000
EXP-05,exp05_p08_m06_ro100_lh05,exact,phase,t03,human_1,3,human,14.00000,16.25000,2.25000,14.00000,0.00000
EXP-05,exp05_p08_m06_ro100_lh05,exact,phase,t03,agent_1,3,agent,16.25000,29.75000,13.50000,,0
EXP-05,exp05_p08_m06_ro100_lh05,exact,phase,t03,human_2,3,human,32.75000,35.00000,2.25000,29.75000,3.00000
EXP-05,exp05_p08_m06_ro100_lh05,exact,phase,t04_part_01,specification,2,human,16.25000,17.25000,1.00000,16.25000,0.00000
EXP-05,exp05_p08_m06_ro100_lh05,exact,phase,t04_part_01,implementation,2,agent,17.25000,20.75000,3.50000,,0
EXP-05,exp05_p08_m06_ro100_lh05,exact,phase,t04_part_02,specification,8,human,12.00000,13.00000,1.00000,12.00000,0.00000
EXP-05,exp05_p08_m06_ro100_lh05,exact,phase,t04_part_02,implementation,8,agent,13.00000,16.50000,3.50000,,0
EXP-05,exp05_p08_m06_ro100_lh05,exact,phase,t04_part_03,specification,1,human,18.25000,19.25000,1.00000,18.25000,0.00000
EXP-05,exp05_p08_m06_ro100_lh05,exact,phase,t04_part_03,implementation,1,agent,19.25000,22.75000,3.50000,,0
EXP-05,exp05_p08_m06_ro100_lh05,exact,phase,t04_part_04,specification,6,human,13.00000,14.00000,1.00000,13.00000,0.00000
EXP-05,exp05_p08_m06_ro100_lh05,exact,phase,t04_part_04,implementation,6,agent,14.00000,17.50000,3.50000,,0
EXP-05,exp05_p08_m06_ro100_lh05,exact,phase,t04_part_05,specification,7,human,17.25000,18.25000,1.00000,17.25000,0.00000
EXP-05,exp05_p08_m06_ro100_lh05,exact,phase,t04_part_05,implementation,7,agent,18.25000,21.75000,3.50000,,0
EXP-05,exp05_p08_m06_ro100_lh05,exact,phase,t04_part_06,specification,8,human,19.25000,20.25000,1.00000,19.25000,0.00000
EXP-05,exp05_p08_m06_ro100_lh05,exact,phase,t04_part_06,implementation,8,agent,20.25000,23.75000,3.50000,,0
EXP-05,exp05_p08_m06_ro100_lh05,exact,phase,t04_join,integration,1,agent,23.75000,26.75000,3.00000,,0
EXP-05,exp05_p08_m06_ro100_lh05,exact,phase,t04_join,acceptance,1,human,26.75000,32.75000,6.00000,26.75000,0.00000
EXP-05,exp05_p08_m06_ro100_lh05,exact,wait,t03,human_2,3,human_queue,29.75000,32.75000,3.00000,29.75000,3.00000
EXP-05,exp05_p08_m08_ro000_lh00,baseline,phase,t01,human_1,2,human,1.50,2.25,0.75,0,1.50
EXP-05,exp05_p08_m08_ro000_lh00,baseline,phase,t01,agent_1,2,agent,2.25,6.75,4.50,,0
EXP-05,exp05_p08_m08_ro000_lh00,baseline,phase,t01,human_2,2,human,6.75,7.50,0.75,6.75,0.00
EXP-05,exp05_p08_m08_ro000_lh00,baseline,phase,t02,human_1,1,human,0,1.50,1.50,0,0
EXP-05,exp05_p08_m08_ro000_lh00,baseline,phase,t02,agent_1,1,agent,1.50,10.50,9.00,,0
EXP-05,exp05_p08_m08_ro000_lh00,baseline,phase,t02,human_2,1,human,10.50,12.00,1.50,10.50,0.00
EXP-05,exp05_p08_m08_ro000_lh00,baseline,phase,t03,human_1,1,human,12.00,14.25,2.25,12.00,0.00
EXP-05,exp05_p08_m08_ro000_lh00,baseline,phase,t03,agent_1,1,agent,14.25,27.75,13.50,,0
EXP-05,exp05_p08_m08_ro000_lh00,baseline,phase,t03,human_2,1,human,27.75,30.00,2.25,27.75,0.00
EXP-05,exp05_p08_m08_ro000_lh00,baseline,phase,t04_part_01,specification,2,human,14.25,14.625,0.375,12.00,2.25
EXP-05,exp05_p08_m08_ro000_lh00,baseline,phase,t04_part_01,implementation,2,agent,14.625,16.875,2.250,,0
EXP-05,exp05_p08_m08_ro000_lh00,baseline,phase,t04_part_02,specification,3,human,14.625,15.000,0.375,12.00,2.625
EXP-05,exp05_p08_m08_ro000_lh00,baseline,phase,t04_part_02,implementation,3,agent,15.000,17.250,2.250,,0
EXP-05,exp05_p08_m08_ro000_lh00,baseline,phase,t04_part_03,specification,4,human,15.000,15.375,0.375,12.00,3.000
EXP-05,exp05_p08_m08_ro000_lh00,baseline,phase,t04_part_03,implementation,4,agent,15.375,17.625,2.250,,0
EXP-05,exp05_p08_m08_ro000_lh00,baseline,phase,t04_part_04,specification,5,human,15.375,15.750,0.375,12.00,3.375
EXP-05,exp05_p08_m08_ro000_lh00,baseline,phase,t04_part_04,implementation,5,agent,15.750,18.000,2.250,,0
EXP-05,exp05_p08_m08_ro000_lh00,baseline,phase,t04_part_05,specification,6,human,15.750,16.125,0.375,12.00,3.750
EXP-05,exp05_p08_m08_ro000_lh00,baseline,phase,t04_part_05,implementation,6,agent,16.125,18.375,2.250,,0
EXP-05,exp05_p08_m08_ro000_lh00,baseline,phase,t04_part_06,specification,7,human,16.125,16.500,0.375,12.00,4.125
EXP-05,exp05_p08_m08_ro000_lh00,baseline,phase,t04_part_06,implementation,7,agent,16.500,18.750,2.250,,0
EXP-05,exp05_p08_m08_ro000_lh00,baseline,phase,t04_part_07,specification,8,human,16.500,16.875,0.375,12.00,4.500
EXP-05,exp05_p08_m08_ro000_lh00,baseline,phase,t04_part_07,implementation,8,agent,16.875,19.125,2.250,,0
EXP-05,exp05_p08_m08_ro000_lh00,baseline,phase,t04_part_08,specification,2,human,16.875,17.250,0.375,16.875,0.000
EXP-05,exp05_p08_m08_ro000_lh00,baseline,phase,t04_part_08,implementation,2,agent,17.250,19.500,2.250,,0
EXP-05,exp05_p08_m08_ro000_lh00,baseline,phase,t04_join,acceptance,2,human,19.500,22.500,3.000,19.500,0.000
EXP-05,exp05_p08_m08_ro000_lh00,baseline,wait,t01,human_1,2,human_queue,0,1.50,1.50,0,1.50
EXP-05,exp05_p08_m08_ro000_lh00,baseline,wait,t04_part_01,specification,2,human_queue,12.00,14.25,2.25,12.00,2.25
EXP-05,exp05_p08_m08_ro000_lh00,baseline,wait,t04_part_02,specification,3,human_queue,12.00,14.625,2.625,12.00,2.625
EXP-05,exp05_p08_m08_ro000_lh00,baseline,wait,t04_part_03,specification,4,human_queue,12.00,15.000,3.000,12.00,3.000
EXP-05,exp05_p08_m08_ro000_lh00,baseline,wait,t04_part_04,specification,5,human_queue,12.00,15.375,3.375,12.00,3.375
EXP-05,exp05_p08_m08_ro000_lh00,baseline,wait,t04_part_05,specification,6,human_queue,12.00,15.750,3.750,12.00,3.750
EXP-05,exp05_p08_m08_ro000_lh00,baseline,wait,t04_part_06,specification,7,human_queue,12.00,16.125,4.125,12.00,4.125
EXP-05,exp05_p08_m08_ro000_lh00,baseline,wait,t04_part_07,specification,8,human_queue,12.00,16.500,4.500,12.00,4.500
EXP-05,exp05_p08_m08_ro000_lh00,exact,phase,t01,human_1,2,human,1.50000,2.25000,0.75000,1.50000,0.00000
EXP-05,exp05_p08_m08_ro000_lh00,exact,phase,t01,agent_1,2,agent,2.25000,6.75000,4.50000,,0
EXP-05,exp05_p08_m08_ro000_lh00,exact,phase,t01,human_2,2,human,6.75000,7.50000,0.75000,6.75000,0.00000
EXP-05,exp05_p08_m08_ro000_lh00,exact,phase,t02,human_1,1,human,0.00000,1.50000,1.50000,0.00000,0.00000
EXP-05,exp05_p08_m08_ro000_lh00,exact,phase,t02,agent_1,1,agent,1.50000,10.50000,9.00000,,0
EXP-05,exp05_p08_m08_ro000_lh00,exact,phase,t02,human_2,1,human,10.50000,12.00000,1.50000,10.50000,0.00000
EXP-05,exp05_p08_m08_ro000_lh00,exact,phase,t03,human_1,8,human,12.00000,14.25000,2.25000,12.00000,0.00000
EXP-05,exp05_p08_m08_ro000_lh00,exact,phase,t03,agent_1,8,agent,14.25000,27.75000,13.50000,,0
EXP-05,exp05_p08_m08_ro000_lh00,exact,phase,t03,human_2,8,human,27.75000,30.00000,2.25000,27.75000,0.00000
EXP-05,exp05_p08_m08_ro000_lh00,exact,phase,t04_part_01,specification,2,human,14.25000,14.62500,0.37500,14.25000,0.00000
EXP-05,exp05_p08_m08_ro000_lh00,exact,phase,t04_part_01,implementation,2,agent,14.62500,16.87500,2.25000,,0
EXP-05,exp05_p08_m08_ro000_lh00,exact,phase,t04_part_02,specification,7,human,14.62500,15.00000,0.37500,14.62500,0.00000
EXP-05,exp05_p08_m08_ro000_lh00,exact,phase,t04_part_02,implementation,7,agent,15.00000,17.25000,2.25000,,0
EXP-05,exp05_p08_m08_ro000_lh00,exact,phase,t04_part_03,specification,6,human,16.12500,16.50000,0.37500,16.12500,0.00000
EXP-05,exp05_p08_m08_ro000_lh00,exact,phase,t04_part_03,implementation,6,agent,16.50000,18.75000,2.25000,,0
EXP-05,exp05_p08_m08_ro000_lh00,exact,phase,t04_part_04,specification,5,human,15.00000,15.37500,0.37500,15.00000,0.00000
EXP-05,exp05_p08_m08_ro000_lh00,exact,phase,t04_part_04,implementation,5,agent,15.37500,17.62500,2.25000,,0
EXP-05,exp05_p08_m08_ro000_lh00,exact,phase,t04_part_05,specification,4,human,16.50000,16.87500,0.37500,16.50000,0.00000
EXP-05,exp05_p08_m08_ro000_lh00,exact,phase,t04_part_05,implementation,4,agent,16.87500,19.12500,2.25000,,0
EXP-05,exp05_p08_m08_ro000_lh00,exact,phase,t04_part_06,specification,3,human,15.37500,15.75000,0.37500,15.37500,0.00000
EXP-05,exp05_p08_m08_ro000_lh00,exact,phase,t04_part_06,implementation,3,agent,15.75000,18.00000,2.25000,,0
EXP-05,exp05_p08_m08_ro000_lh00,exact,phase,t04_part_07,specification,2,human,16.87500,17.25000,0.37500,16.87500,0.00000
EXP-05,exp05_p08_m08_ro000_lh00,exact,phase,t04_part_07,implementation,2,agent,17.25000,19.50000,2.25000,,0
EXP-05,exp05_p08_m08_ro000_lh00,exact,phase,t04_part_08,specification,1,human,15.75000,16.12500,0.37500,15.75000,0.00000
EXP-05,exp05_p08_m08_ro000_lh00,exact,phase,t04_part_08,implementation,1,agent,16.12500,18.37500,2.25000,,0
EXP-05,exp05_p08_m08_ro000_lh00,exact,phase,t04_join,acceptance,1,human,19.50000,22.50000,3.00000,19.50000,0.00000
EXP-05,exp05_p08_m08_ro050_lh00,baseline,phase,t01,human_1,2,human,1.50,2.25,0.75,0,1.50
EXP-05,exp05_p08_m08_ro050_lh00,baseline,phase,t01,agent_1,2,agent,2.25,6.75,4.50,,0
EXP-05,exp05_p08_m08_ro050_lh00,baseline,phase,t01,human_2,2,human,6.75,7.50,0.75,6.75,0.00
EXP-05,exp05_p08_m08_ro050_lh00,baseline,phase,t02,human_1,1,human,0,1.50,1.50,0,0
EXP-05,exp05_p08_m08_ro050_lh00,baseline,phase,t02,agent_1,1,agent,1.50,10.50,9.00,,0
EXP-05,exp05_p08_m08_ro050_lh00,baseline,phase,t02,human_2,1,human,10.50,12.00,1.50,10.50,0.00
EXP-05,exp05_p08_m08_ro050_lh00,baseline,phase,t03,human_1,1,human,12.00,14.25,2.25,12.00,0.00
EXP-05,exp05_p08_m08_ro050_lh00,baseline,phase,t03,agent_1,1,agent,14.25,27.75,13.50,,0
EXP-05,exp05_p08_m08_ro050_lh00,baseline,phase,t03,human_2,1,human,27.75,30.00,2.25,27.75,0.00
EXP-05,exp05_p08_m08_ro050_lh00,baseline,phase,t04_part_01,specification,2,human,14.25,14.625,0.375,12.00,2.25
EXP-05,exp05_p08_m08_ro050_lh00,baseline,phase,t04_part_01,implementation,2,agent,14.625,17.400,2.775,,0
EXP-05,exp05_p08_m08_ro050_lh00,baseline,phase,t04_part_02,specification,3,human,14.625,15.000,0.375,12.00,2.625
EXP-05,exp05_p08_m08_ro050_lh00,baseline,phase,t04_part_02,implementation,3,agent,15.000,17.775,2.775,,0
EXP-05,exp05_p08_m08_ro050_lh00,baseline,phase,t04_part_03,specification,4,human,15.000,15.375,0.375,12.00,3.000
EXP-05,exp05_p08_m08_ro050_lh00,baseline,phase,t04_part_03,implementation,4,agent,15.375,18.150,2.775,,0
EXP-05,exp05_p08_m08_ro050_lh00,baseline,phase,t04_part_04,specification,5,human,15.375,15.750,0.375,12.00,3.375
EXP-05,exp05_p08_m08_ro050_lh00,baseline,phase,t04_part_04,implementation,5,agent,15.750,18.525,2.775,,0
EXP-05,exp05_p08_m08_ro050_lh00,baseline,phase,t04_part_05,specification,6,human,15.750,16.125,0.375,12.00,3.750
EXP-05,exp05_p08_m08_ro050_lh00,baseline,phase,t04_part_05,implementation,6,agent,16.125,18.900,2.775,,0
EXP-05,exp05_p08_m08_ro050_lh00,baseline,phase,t04_part_06,specification,7,human,16.125,16.500,0.375,12.00,4.125
EXP-05,exp05_p08_m08_ro050_lh00,baseline,phase,t04_part_06,implementation,7,agent,16.500,19.275,2.775,,0
EXP-05,exp05_p08_m08_ro050_lh00,baseline,phase,t04_part_07,specification,8,human,16.500,16.875,0.375,12.00,4.500
EXP-05,exp05_p08_m08_ro050_lh00,baseline,phase,t04_part_07,implementation,8,agent,16.875,19.650,2.775,,0
EXP-05,exp05_p08_m08_ro050_lh00,baseline,phase,t04_part_08,specification,2,human,17.400,17.775,0.375,17.400,0.000
EXP-05,exp05_p08_m08_ro050_lh00,baseline,phase,t04_part_08,implementation,2,agent,17.775,20.550,2.775,,0
EXP-05,exp05_p08_m08_ro050_lh00,baseline,phase,t04_join,integration,2,agent,20.550,24.750,4.200,,0
EXP-05,exp05_p08_m08_ro050_lh00,baseline,phase,t04_join,acceptance,2,human,24.750,27.750,3.000,24.750,0.000
EXP-05,exp05_p08_m08_ro050_lh00,baseline,wait,t01,human_1,2,human_queue,0,1.50,1.50,0,1.50
EXP-05,exp05_p08_m08_ro050_lh00,baseline,wait,t04_part_01,specification,2,human_queue,12.00,14.25,2.25,12.00,2.25
EXP-05,exp05_p08_m08_ro050_lh00,baseline,wait,t04_part_02,specification,3,human_queue,12.00,14.625,2.625,12.00,2.625
EXP-05,exp05_p08_m08_ro050_lh00,baseline,wait,t04_part_03,specification,4,human_queue,12.00,15.000,3.000,12.00,3.000
EXP-05,exp05_p08_m08_ro050_lh00,baseline,wait,t04_part_04,specification,5,human_queue,12.00,15.375,3.375,12.00,3.375
EXP-05,exp05_p08_m08_ro050_lh00,baseline,wait,t04_part_05,specification,6,human_queue,12.00,15.750,3.750,12.00,3.750
EXP-05,exp05_p08_m08_ro050_lh00,baseline,wait,t04_part_06,specification,7,human_queue,12.00,16.125,4.125,12.00,4.125
EXP-05,exp05_p08_m08_ro050_lh00,baseline,wait,t04_part_07,specification,8,human_queue,12.00,16.500,4.500,12.00,4.500
EXP-05,exp05_p08_m08_ro050_lh00,exact,phase,t01,human_1,2,human,1.50000,2.25000,0.75000,1.50000,0.00000
EXP-05,exp05_p08_m08_ro050_lh00,exact,phase,t01,agent_1,2,agent,2.25000,6.75000,4.50000,,0
EXP-05,exp05_p08_m08_ro050_lh00,exact,phase,t01,human_2,2,human,6.75000,7.50000,0.75000,6.75000,0.00000
EXP-05,exp05_p08_m08_ro050_lh00,exact,phase,t02,human_1,1,human,0.00000,1.50000,1.50000,0.00000,0.00000
EXP-05,exp05_p08_m08_ro050_lh00,exact,phase,t02,agent_1,1,agent,1.50000,10.50000,9.00000,,0
EXP-05,exp05_p08_m08_ro050_lh00,exact,phase,t02,human_2,1,human,10.50000,12.00000,1.50000,10.50000,0.00000
EXP-05,exp05_p08_m08_ro050_lh00,exact,phase,t03,human_1,8,human,12.00000,14.25000,2.25000,12.00000,0.00000
EXP-05,exp05_p08_m08_ro050_lh00,exact,phase,t03,agent_1,8,agent,14.25000,27.75000,13.50000,,0
EXP-05,exp05_p08_m08_ro050_lh00,exact,phase,t03,human_2,8,human,27.75000,30.00000,2.25000,27.75000,0.00000
EXP-05,exp05_p08_m08_ro050_lh00,exact,phase,t04_part_01,specification,1,human,14.25000,14.62500,0.37500,14.25000,0.00000
EXP-05,exp05_p08_m08_ro050_lh00,exact,phase,t04_part_01,implementation,1,agent,14.62500,17.40000,2.77500,,0
EXP-05,exp05_p08_m08_ro050_lh00,exact,phase,t04_part_02,specification,7,human,14.62500,15.00000,0.37500,14.62500,0.00000
EXP-05,exp05_p08_m08_ro050_lh00,exact,phase,t04_part_02,implementation,7,agent,15.00000,17.77500,2.77500,,0
EXP-05,exp05_p08_m08_ro050_lh00,exact,phase,t04_part_03,specification,6,human,15.00000,15.37500,0.37500,15.00000,0.00000
EXP-05,exp05_p08_m08_ro050_lh00,exact,phase,t04_part_03,implementation,6,agent,15.37500,18.15000,2.77500,,0
EXP-05,exp05_p08_m08_ro050_lh00,exact,phase,t04_part_04,specification,5,human,16.50000,16.87500,0.37500,16.50000,0.00000
EXP-05,exp05_p08_m08_ro050_lh00,exact,phase,t04_part_04,implementation,5,agent,16.87500,19.65000,2.77500,,0
EXP-05,exp05_p08_m08_ro050_lh00,exact,phase,t04_part_05,specification,4,human,15.37500,15.75000,0.37500,15.37500,0.00000
EXP-05,exp05_p08_m08_ro050_lh00,exact,phase,t04_part_05,implementation,4,agent,15.75000,18.52500,2.77500,,0
EXP-05,exp05_p08_m08_ro050_lh00,exact,phase,t04_part_06,specification,3,human,15.75000,16.12500,0.37500,15.75000,0.00000
EXP-05,exp05_p08_m08_ro050_lh00,exact,phase,t04_part_06,implementation,3,agent,16.12500,18.90000,2.77500,,0
EXP-05,exp05_p08_m08_ro050_lh00,exact,phase,t04_part_07,specification,2,human,16.12500,16.50000,0.37500,16.12500,0.00000
EXP-05,exp05_p08_m08_ro050_lh00,exact,phase,t04_part_07,implementation,2,agent,16.50000,19.27500,2.77500,,0
EXP-05,exp05_p08_m08_ro050_lh00,exact,phase,t04_part_08,specification,1,human,17.40000,17.77500,0.37500,17.40000,0.00000
EXP-05,exp05_p08_m08_ro050_lh00,exact,phase,t04_part_08,implementation,1,agent,17.77500,20.55000,2.77500,,0
EXP-05,exp05_p08_m08_ro050_lh00,exact,phase,t04_join,integration,1,agent,20.55000,24.75000,4.20000,,0
EXP-05,exp05_p08_m08_ro050_lh00,exact,phase,t04_join,acceptance,1,human,24.75000,27.75000,3.00000,24.75000,0.00000
EXP-05,exp05_p08_m08_ro050_lh05,baseline,phase,t01,human_1,2,human,1.50,2.25,0.75,0,1.50
EXP-05,exp05_p08_m08_ro050_lh05,baseline,phase,t01,agent_1,2,agent,2.25,6.75,4.50,,0
EXP-05,exp05_p08_m08_ro050_lh05,baseline,phase,t01,human_2,2,human,6.75,7.50,0.75,6.75,0.00
EXP-05,exp05_p08_m08_ro050_lh05,baseline,phase,t02,human_1,1,human,0,1.50,1.50,0,0
EXP-05,exp05_p08_m08_ro050_lh05,baseline,phase,t02,agent_1,1,agent,1.50,10.50,9.00,,0
EXP-05,exp05_p08_m08_ro050_lh05,baseline,phase,t02,human_2,1,human,10.50,12.00,1.50,10.50,0.00
EXP-05,exp05_p08_m08_ro050_lh05,baseline,phase,t03,human_1,1,human,12.00,14.25,2.25,12.00,0.00
EXP-05,exp05_p08_m08_ro050_lh05,baseline,phase,t03,agent_1,1,agent,14.25,27.75,13.50,,0
EXP-05,exp05_p08_m08_ro050_lh05,baseline,phase,t03,human_2,1,human,29.0625,31.3125,2.2500,27.75,1.3125
EXP-05,exp05_p08_m08_ro050_lh05,baseline,phase,t04_part_01,specification,2,human,14.25,14.8875,0.6375,12.00,2.25
EXP-05,exp05_p08_m08_ro050_lh05,baseline,phase,t04_part_01,implementation,2,agent,14.8875,17.4000,2.5125,,0
EXP-05,exp05_p08_m08_ro050_lh05,baseline,phase,t04_part_02,specification,3,human,14.8875,15.5250,0.6375,12.00,2.8875
EXP-05,exp05_p08_m08_ro050_lh05,baseline,phase,t04_part_02,implementation,3,agent,15.5250,18.0375,2.5125,,0
EXP-05,exp05_p08_m08_ro050_lh05,baseline,phase,t04_part_03,specification,4,human,15.5250,16.1625,0.6375,12.00,3.5250
EXP-05,exp05_p08_m08_ro050_lh05,baseline,phase,t04_part_03,implementation,4,agent,16.1625,18.6750,2.5125,,0
EXP-05,exp05_p08_m08_ro050_lh05,baseline,phase,t04_part_04,specification,5,human,16.1625,16.8000,0.6375,12.00,4.1625
EXP-05,exp05_p08_m08_ro050_lh05,baseline,phase,t04_part_04,implementation,5,agent,16.8000,19.3125,2.5125,,0
EXP-05,exp05_p08_m08_ro050_lh05,baseline,phase,t04_part_05,specification,6,human,16.8000,17.4375,0.6375,12.00,4.8000
EXP-05,exp05_p08_m08_ro050_lh05,baseline,phase,t04_part_05,implementation,6,agent,17.4375,19.9500,2.5125,,0
EXP-05,exp05_p08_m08_ro050_lh05,baseline,phase,t04_part_06,specification,7,human,17.4375,18.0750,0.6375,12.00,5.4375
EXP-05,exp05_p08_m08_ro050_lh05,baseline,phase,t04_part_06,implementation,7,agent,18.0750,20.5875,2.5125,,0
EXP-05,exp05_p08_m08_ro050_lh05,baseline,phase,t04_part_07,specification,8,human,18.0750,18.7125,0.6375,12.00,6.0750
EXP-05,exp05_p08_m08_ro050_lh05,baseline,phase,t04_part_07,implementation,8,agent,18.7125,21.2250,2.5125,,0
EXP-05,exp05_p08_m08_ro050_lh05,baseline,phase,t04_part_08,specification,2,human,18.7125,19.3500,0.6375,17.4000,1.3125
EXP-05,exp05_p08_m08_ro050_lh05,baseline,phase,t04_part_08,implementation,2,agent,19.3500,21.8625,2.5125,,0
EXP-05,exp05_p08_m08_ro050_lh05,baseline,phase,t04_join,integration,2,agent,21.8625,23.9625,2.1000,,0
EXP-05,exp05_p08_m08_ro050_lh05,baseline,phase,t04_join,acceptance,2,human,23.9625,29.0625,5.1000,23.9625,0.0000
EXP-05,exp05_p08_m08_ro050_lh05,baseline,wait,t01,human_1,2,human_queue,0,1.50,1.50,0,1.50
EXP-05,exp05_p08_m08_ro050_lh05,baseline,wait,t03,human_2,1,human_queue,27.75,29.0625,1.3125,27.75,1.3125
EXP-05,exp05_p08_m08_ro050_lh05,baseline,wait,t04_part_01,specification,2,human_queue,12.00,14.25,2.25,12.00,2.25
EXP-05,exp05_p08_m08_ro050_lh05,baseline,wait,t04_part_02,specification,3,human_queue,12.00,14.8875,2.8875,12.00,2.8875
EXP-05,exp05_p08_m08_ro050_lh05,baseline,wait,t04_part_03,specification,4,human_queue,12.00,15.5250,3.5250,12.00,3.5250
EXP-05,exp05_p08_m08_ro050_lh05,baseline,wait,t04_part_04,specification,5,human_queue,12.00,16.1625,4.1625,12.00,4.1625
EXP-05,exp05_p08_m08_ro050_lh05,baseline,wait,t04_part_05,specification,6,human_queue,12.00,16.8000,4.8000,12.00,4.8000
EXP-05,exp05_p08_m08_ro050_lh05,baseline,wait,t04_part_06,specification,7,human_queue,12.00,17.4375,5.4375,12.00,5.4375
EXP-05,exp05_p08_m08_ro050_lh05,baseline,wait,t04_part_07,specification,8,human_queue,12.00,18.0750,6.0750,12.00,6.0750
EXP-05,exp05_p08_m08_ro050_lh05,baseline,wait,t04_part_08,specification,2,human_queue,17.4000,18.7125,1.3125,17.4000,1.3125
EXP-05,exp05_p08_m08_ro050_lh05,exact,phase,t01,human_1,2,human,1.50000,2.25000,0.75000,1.50000,0.00000
EXP-05,exp05_p08_m08_ro050_lh05,exact,phase,t01,agent_1,2,agent,2.25000,6.75000,4.50000,,0
EXP-05,exp05_p08_m08_ro050_lh05,exact,phase,t01,human_2,2,human,6.75000,7.50000,0.75000,6.75000,0.00000
EXP-05,exp05_p08_m08_ro050_lh05,exact,phase,t02,human_1,1,human,0.00000,1.50000,1.50000,0.00000,0.00000
EXP-05,exp05_p08_m08_ro050_lh05,exact,phase,t02,agent_1,1,agent,1.50000,10.50000,9.00000,,0
EXP-05,exp05_p08_m08_ro050_lh05,exact,phase,t02,human_2,1,human,10.50000,12.00000,1.50000,10.50000,0.00000
EXP-05,exp05_p08_m08_ro050_lh05,exact,phase,t03,human_1,6,human,13.27500,15.52500,2.25000,13.27500,0.00000
EXP-05,exp05_p08_m08_ro050_lh05,exact,phase,t03,agent_1,6,agent,15.52500,29.02500,13.50000,,0
EXP-05,exp05_p08_m08_ro050_lh05,exact,phase,t03,human_2,6,human,29.06250,31.31250,2.25000,29.02500,0.03750
EXP-05,exp05_p08_m08_ro050_lh05,exact,phase,t04_part_01,specification,2,human,18.07500,18.71250,0.63750,18.07500,0.00000
EXP-05,exp05_p08_m08_ro050_lh05,exact,phase,t04_part_01,implementation,2,agent,18.71250,21.22500,2.51250,,0
EXP-05,exp05_p08_m08_ro050_lh05,exact,phase,t04_part_02,specification,5,human,17.43750,18.07500,0.63750,17.43750,0.00000
EXP-05,exp05_p08_m08_ro050_lh05,exact,phase,t04_part_02,implementation,5,agent,18.07500,20.58750,2.51250,,0
EXP-05,exp05_p08_m08_ro050_lh05,exact,phase,t04_part_03,specification,1,human,16.80000,17.43750,0.63750,16.80000,0.00000
EXP-05,exp05_p08_m08_ro050_lh05,exact,phase,t04_part_03,implementation,1,agent,17.43750,19.95000,2.51250,,0
EXP-05,exp05_p08_m08_ro050_lh05,exact,phase,t04_part_04,specification,3,human,18.71250,19.35000,0.63750,18.71250,0.00000
EXP-05,exp05_p08_m08_ro050_lh05,exact,phase,t04_part_04,implementation,3,agent,19.35000,21.86250,2.51250,,0
EXP-05,exp05_p08_m08_ro050_lh05,exact,phase,t04_part_05,specification,4,human,16.16250,16.80000,0.63750,16.16250,0.00000
EXP-05,exp05_p08_m08_ro050_lh05,exact,phase,t04_part_05,implementation,4,agent,16.80000,19.31250,2.51250,,0
EXP-05,exp05_p08_m08_ro050_lh05,exact,phase,t04_part_06,specification,3,human,15.52500,16.16250,0.63750,15.52500,0.00000
EXP-05,exp05_p08_m08_ro050_lh05,exact,phase,t04_part_06,implementation,3,agent,16.16250,18.67500,2.51250,,0
EXP-05,exp05_p08_m08_ro050_lh05,exact,phase,t04_part_07,specification,2,human,12.00000,12.63750,0.63750,12.00000,0.00000
EXP-05,exp05_p08_m08_ro050_lh05,exact,phase,t04_part_07,implementation,2,agent,12.63750,15.15000,2.51250,,0
EXP-05,exp05_p08_m08_ro050_lh05,exact,phase,t04_part_08,specification,1,human,12.63750,13.27500,0.63750,12.63750,0.00000
EXP-05,exp05_p08_m08_ro050_lh05,exact,phase,t04_part_08,implementation,1,agent,13.27500,15.78750,2.51250,,0
EXP-05,exp05_p08_m08_ro050_lh05,exact,phase,t04_join,integration,1,agent,21.86250,23.96250,2.10000,,0
EXP-05,exp05_p08_m08_ro050_lh05,exact,phase,t04_join,acceptance,1,human,23.96250,29.06250,5.10000,23.96250,0.00000
EXP-05,exp05_p08_m08_ro050_lh05,exact,wait,t03,human_2,6,human_queue,29.02500,29.06250,0.03750,29.02500,0.03750
EXP-05,exp05_p08_m08_ro100_lh00,baseline,phase,t01,human_1,2,human,1.50,2.25,0.75,0,1.50
EXP-05,exp05_p08_m08_ro100_lh00,baseline,phase,t01,agent_1,2,agent,2.25,6.75,4.50,,0
EXP-05,exp05_p08_m08_ro100_lh00,baseline,phase,t01,human_2,2,human,6.75,7.50,0.75,6.75,0.00
EXP-05,exp05_p08_m08_ro100_lh00,baseline,phase,t02,human_1,1,human,0,1.50,1.50,0,0
EXP-05,exp05_p08_m08_ro100_lh00,baseline,phase,t02,agent_1,1,agent,1.50,10.50,9.00,,0
EXP-05,exp05_p08_m08_ro100_lh00,baseline,phase,t02,human_2,1,human,10.50,12.00,1.50,10.50,0.00
EXP-05,exp05_p08_m08_ro100_lh00,baseline,phase,t03,human_1,1,human,12.00,14.25,2.25,12.00,0.00
EXP-05,exp05_p08_m08_ro100_lh00,baseline,phase,t03,agent_1,1,agent,14.25,27.75,13.50,,0
EXP-05,exp05_p08_m08_ro100_lh00,baseline,phase,t03,human_2,1,human,27.75,30.00,2.25,27.75,0.00
EXP-05,exp05_p08_m08_ro100_lh00,baseline,phase,t04_part_01,specification,2,human,14.25,14.625,0.375,12.00,2.25
EXP-05,exp05_p08_m08_ro100_lh00,baseline,phase,t04_part_01,implementation,2,agent,14.625,17.925,3.300,,0
EXP-05,exp05_p08_m08_ro100_lh00,baseline,phase,t04_part_02,specification,3,human,14.625,15.000,0.375,12.00,2.625
EXP-05,exp05_p08_m08_ro100_lh00,baseline,phase,t04_part_02,implementation,3,agent,15.000,18.300,3.300,,0
EXP-05,exp05_p08_m08_ro100_lh00,baseline,phase,t04_part_03,specification,4,human,15.000,15.375,0.375,12.00,3.000
EXP-05,exp05_p08_m08_ro100_lh00,baseline,phase,t04_part_03,implementation,4,agent,15.375,18.675,3.300,,0
EXP-05,exp05_p08_m08_ro100_lh00,baseline,phase,t04_part_04,specification,5,human,15.375,15.750,0.375,12.00,3.375
EXP-05,exp05_p08_m08_ro100_lh00,baseline,phase,t04_part_04,implementation,5,agent,15.750,19.050,3.300,,0
EXP-05,exp05_p08_m08_ro100_lh00,baseline,phase,t04_part_05,specification,6,human,15.750,16.125,0.375,12.00,3.750
EXP-05,exp05_p08_m08_ro100_lh00,baseline,phase,t04_part_05,implementation,6,agent,16.125,19.425,3.300,,0
EXP-05,exp05_p08_m08_ro100_lh00,baseline,phase,t04_part_06,specification,7,human,16.125,16.500,0.375,12.00,4.125
EXP-05,exp05_p08_m08_ro100_lh00,baseline,phase,t04_part_06,implementation,7,agent,16.500,19.800,3.300,,0
EXP-05,exp05_p08_m08_ro100_lh00,baseline,phase,t04_part_07,specification,8,human,16.500,16.875,0.375,12.00,4.500
EXP-05,exp05_p08_m08_ro100_lh00,baseline,phase,t04_part_07,implementation,8,agent,16.875,20.175,3.300,,0
EXP-05,exp05_p08_m08_ro100_lh00,baseline,phase,t04_part_08,specification,2,human,17.925,18.300,0.375,17.925,0.000
EXP-05,exp05_p08_m08_ro100_lh00,baseline,phase,t04_part_08,implementation,2,agent,18.300,21.600,3.300,,0
EXP-05,exp05_p08_m08_ro100_lh00,baseline,phase,t04_join,integration,2,agent,21.600,30.000,8.400,,0
EXP-05,exp05_p08_m08_ro100_lh00,baseline,phase,t04_join,acceptance,2,human,30.000,33.000,3.000,30.000,0.000
EXP-05,exp05_p08_m08_ro100_lh00,baseline,wait,t01,human_1,2,human_queue,0,1.50,1.50,0,1.50
EXP-05,exp05_p08_m08_ro100_lh00,baseline,wait,t04_part_01,specification,2,human_queue,12.00,14.25,2.25,12.00,2.25
EXP-05,exp05_p08_m08_ro100_lh00,baseline,wait,t04_part_02,specification,3,human_queue,12.00,14.625,2.625,12.00,2.625
EXP-05,exp05_p08_m08_ro100_lh00,baseline,wait,t04_part_03,specification,4,human_queue,12.00,15.000,3.000,12.00,3.000
EXP-05,exp05_p08_m08_ro100_lh00,baseline,wait,t04_part_04,specification,5,human_queue,12.00,15.375,3.375,12.00,3.375
EXP-05,exp05_p08_m08_ro100_lh00,baseline,wait,t04_part_05,specification,6,human_queue,12.00,15.750,3.750,12.00,3.750
EXP-05,exp05_p08_m08_ro100_lh00,baseline,wait,t04_part_06,specification,7,human_queue,12.00,16.125,4.125,12.00,4.125
EXP-05,exp05_p08_m08_ro100_lh00,baseline,wait,t04_part_07,specification,8,human_queue,12.00,16.500,4.500,12.00,4.500
EXP-05,exp05_p08_m08_ro100_lh00,exact,phase,t01,human_1,2,human,1.50000,2.25000,0.75000,1.50000,0.00000
EXP-05,exp05_p08_m08_ro100_lh00,exact,phase,t01,agent_1,2,agent,2.25000,6.75000,4.50000,,0
EXP-05,exp05_p08_m08_ro100_lh00,exact,phase,t01,human_2,2,human,6.75000,7.50000,0.75000,6.75000,0.00000
EXP-05,exp05_p08_m08_ro100_lh00,exact,phase,t02,human_1,1,human,0.00000,1.50000,1.50000,0.00000,0.00000
EXP-05,exp05_p08_m08_ro100_lh00,exact,phase,t02,agent_1,1,agent,1.50000,10.50000,9.00000,,0
EXP-05,exp05_p08_m08_ro100_lh00,exact,phase,t02,human_2,1,human,10.50000,12.00000,1.50000,10.50000,0.00000
EXP-05,exp05_p08_m08_ro100_lh00,exact,phase,t03,human_1,7,human,12.00000,14.25000,2.25000,12.00000,0.00000
EXP-05,exp05_p08_m08_ro100_lh00,exact,phase,t03,agent_1,7,agent,14.25000,27.75000,13.50000,,0
EXP-05,exp05_p08_m08_ro100_lh00,exact,phase,t03,human_2,7,human,27.75000,30.00000,2.25000,27.75000,0.00000
EXP-05,exp05_p08_m08_ro100_lh00,exact,phase,t04_part_01,specification,4,human,16.12500,16.50000,0.37500,16.12500,0.00000
EXP-05,exp05_p08_m08_ro100_lh00,exact,phase,t04_part_01,implementation,4,agent,16.50000,19.80000,3.30000,,0
EXP-05,exp05_p08_m08_ro100_lh00,exact,phase,t04_part_02,specification,6,human,15.00000,15.37500,0.37500,15.00000,0.00000
EXP-05,exp05_p08_m08_ro100_lh00,exact,phase,t04_part_02,implementation,6,agent,15.37500,18.67500,3.30000,,0
EXP-05,exp05_p08_m08_ro100_lh00,exact,phase,t04_part_03,specification,5,human,14.25000,14.62500,0.37500,14.25000,0.00000
EXP-05,exp05_p08_m08_ro100_lh00,exact,phase,t04_part_03,implementation,5,agent,14.62500,17.92500,3.30000,,0
EXP-05,exp05_p08_m08_ro100_lh00,exact,phase,t04_part_04,specification,2,human,16.50000,16.87500,0.37500,16.50000,0.00000
EXP-05,exp05_p08_m08_ro100_lh00,exact,phase,t04_part_04,implementation,2,agent,16.87500,20.17500,3.30000,,0
EXP-05,exp05_p08_m08_ro100_lh00,exact,phase,t04_part_05,specification,3,human,15.37500,15.75000,0.37500,15.37500,0.00000
EXP-05,exp05_p08_m08_ro100_lh00,exact,phase,t04_part_05,implementation,3,agent,15.75000,19.05000,3.30000,,0
EXP-05,exp05_p08_m08_ro100_lh00,exact,phase,t04_part_06,specification,5,human,17.92500,18.30000,0.37500,17.92500,0.00000
EXP-05,exp05_p08_m08_ro100_lh00,exact,phase,t04_part_06,implementation,5,agent,18.30000,21.60000,3.30000,,0
EXP-05,exp05_p08_m08_ro100_lh00,exact,phase,t04_part_07,specification,1,human,15.75000,16.12500,0.37500,15.75000,0.00000
EXP-05,exp05_p08_m08_ro100_lh00,exact,phase,t04_part_07,implementation,1,agent,16.12500,19.42500,3.30000,,0
EXP-05,exp05_p08_m08_ro100_lh00,exact,phase,t04_part_08,specification,8,human,14.62500,15.00000,0.37500,14.62500,0.00000
EXP-05,exp05_p08_m08_ro100_lh00,exact,phase,t04_part_08,implementation,8,agent,15.00000,18.30000,3.30000,,0
EXP-05,exp05_p08_m08_ro100_lh00,exact,phase,t04_join,integration,1,agent,21.60000,30.00000,8.40000,,0
EXP-05,exp05_p08_m08_ro100_lh00,exact,phase,t04_join,acceptance,1,human,30.00000,33.00000,3.00000,30.00000,0.00000
EXP-05,exp05_p08_m08_ro100_lh05,baseline,phase,t01,human_1,2,human,1.50,2.25,0.75,0,1.50
EXP-05,exp05_p08_m08_ro100_lh05,baseline,phase,t01,agent_1,2,agent,2.25,6.75,4.50,,0
EXP-05,exp05_p08_m08_ro100_lh05,baseline,phase,t01,human_2,2,human,6.75,7.50,0.75,6.75,0.00
EXP-05,exp05_p08_m08_ro100_lh05,baseline,phase,t02,human_1,1,human,0,1.50,1.50,0,0
EXP-05,exp05_p08_m08_ro100_lh05,baseline,phase,t02,agent_1,1,agent,1.50,10.50,9.00,,0
EXP-05,exp05_p08_m08_ro100_lh05,baseline,phase,t02,human_2,1,human,10.50,12.00,1.50,10.50,0.00
EXP-05,exp05_p08_m08_ro100_lh05,baseline,phase,t03,human_1,1,human,12.00,14.25,2.25,12.00,0.00
EXP-05,exp05_p08_m08_ro100_lh05,baseline,phase,t03,agent_1,1,agent,14.25,27.75,13.50,,0
EXP-05,exp05_p08_m08_ro100_lh05,baseline,phase,t03,human_2,1,human,27.75,30.00,2.25,27.75,0.00
EXP-05,exp05_p08_m08_ro100_lh05,baseline,phase,t04_part_01,specification,2,human,14.25,15.150,0.900,12.00,2.25
EXP-05,exp05_p08_m08_ro100_lh05,baseline,phase,t04_part_01,implementation,2,agent,15.150,17.925,2.775,,0
EXP-05,exp05_p08_m08_ro100_lh05,baseline,phase,t04_part_02,specification,3,human,15.150,16.050,0.900,12.00,3.150
EXP-05,exp05_p08_m08_ro100_lh05,baseline,phase,t04_part_02,implementation,3,agent,16.050,18.825,2.775,,0
EXP-05,exp05_p08_m08_ro100_lh05,baseline,phase,t04_part_03,specification,4,human,16.050,16.950,0.900,12.00,4.050
EXP-05,exp05_p08_m08_ro100_lh05,baseline,phase,t04_part_03,implementation,4,agent,16.950,19.725,2.775,,0
EXP-05,exp05_p08_m08_ro100_lh05,baseline,phase,t04_part_04,specification,5,human,16.950,17.850,0.900,12.00,4.950
EXP-05,exp05_p08_m08_ro100_lh05,baseline,phase,t04_part_04,implementation,5,agent,17.850,20.625,2.775,,0
EXP-05,exp05_p08_m08_ro100_lh05,baseline,phase,t04_part_05,specification,6,human,17.850,18.750,0.900,12.00,5.850
EXP-05,exp05_p08_m08_ro100_lh05,baseline,phase,t04_part_05,implementation,6,agent,18.750,21.525,2.775,,0
EXP-05,exp05_p08_m08_ro100_lh05,baseline,phase,t04_part_06,specification,7,human,18.750,19.650,0.900,12.00,6.750
EXP-05,exp05_p08_m08_ro100_lh05,baseline,phase,t04_part_06,implementation,7,agent,19.650,22.425,2.775,,0
EXP-05,exp05_p08_m08_ro100_lh05,baseline,phase,t04_part_07,specification,8,human,19.650,20.550,0.900,12.00,7.650
EXP-05,exp05_p08_m08_ro100_lh05,baseline,phase,t04_part_07,implementation,8,agent,20.550,23.325,2.775,,0
EXP-05,exp05_p08_m08_ro100_lh05,baseline,phase,t04_part_08,specification,2,human,20.550,21.450,0.900,17.925,2.625
EXP-05,exp05_p08_m08_ro100_lh05,baseline,phase,t04_part_08,implementation,2,agent,21.450,24.225,2.775,,0
EXP-05,exp05_p08_m08_ro100_lh05,baseline,phase,t04_join,integration,2,agent,24.225,28.425,4.200,,0
EXP-05,exp05_p08_m08_ro100_lh05,baseline,phase,t04_join,acceptance,2,human,30.00,37.200,7.200,28.425,1.575
EXP-05,exp05_p08_m08_ro100_lh05,baseline,wait,t01,human_1,2,human_queue,0,1.50,1.50,0,1.50
EXP-05,exp05_p08_m08_ro100_lh05,baseline,wait,t04_part_01,specification,2,human_queue,12.00,14.25,2.25,12.00,2.25
EXP-05,exp05_p08_m08_ro100_lh05,baseline,wait,t04_part_02,specification,3,human_queue,12.00,15.150,3.150,12.00,3.150
EXP-05,exp05_p08_m08_ro100_lh05,baseline,wait,t04_part_03,specification,4,human_queue,12.00,16.050,4.050,12.00,4.050
EXP-05,exp05_p08_m08_ro100_lh05,baseline,wait,t04_part_04,specification,5,human_queue,12.00,16.950,4.950,12.00,4.950
EXP-05,exp05_p08_m08_ro100_lh05,baseline,wait,t04_part_05,specification,6,human_queue,12.00,17.850,5.850,12.00,5.850
EXP-05,exp05_p08_m08_ro100_lh05,baseline,wait,t04_part_06,specification,7,human_queue,12.00,18.750,6.750,12.00,6.750
EXP-05,exp05_p08_m08_ro100_lh05,baseline,wait,t04_part_07,specification,8,human_queue,12.00,19.650,7.650,12.00,7.650
EXP-05,exp05_p08_m08_ro100_lh05,baseline,wait,t04_part_08,specification,2,human_queue,17.925,20.550,2.625,17.925,2.625
EXP-05,exp05_p08_m08_ro100_lh05,baseline,wait,t04_join,acceptance,2,human_queue,28.425,30.00,1.575,28.425,1.575
EXP-05,exp05_p08_m08_ro100_lh05,exact,phase,t01,human_1,2,human,1.50000,2.25000,0.75000,1.50000,0.00000
EXP-05,exp05_p08_m08_ro100_lh05,exact,phase,t01,agent_1,2,agent,2.25000,6.75000,4.50000,,0
EXP-05,exp05_p08_m08_ro100_lh05,exact,phase,t01,human_2,2,human,6.75000,7.50000,0.75000,6.75000,0.00000
EXP-05,exp05_p08_m08_ro100_lh05,exact,phase,t02,human_1,1,human,0.00000,1.50000,1.50000,0.00000,0.00000
EXP-05,exp05_p08_m08_ro100_lh05,exact,phase,t02,agent_1,1,agent,1.50000,10.50000,9.00000,,0
EXP-05,exp05_p08_m08_ro100_lh05,exact,phase,t02,human_2,1,human,10.50000,12.00000,1.50000,10.50000,0.00000
EXP-05,exp05_p08_m08_ro100_lh05,exact,phase,t03,human_1,4,human,19.20000,21.45000,2.25000,19.20000,0.00000
EXP-05,exp05_p08_m08_ro100_lh05,exact,phase,t03,agent_1,4,agent,21.45000,34.95000,13.50000,,0
EXP-05,exp05_p08_m08_ro100_lh05,exact,phase,t03,human_2,4,human,34.95000,37.20000,2.25000,34.95000,0.00000
EXP-05,exp05_p08_m08_ro100_lh05,exact,phase,t04_part_01,specification,6,human,16.50000,17.40000,0.90000,16.50000,0.00000
EXP-05,exp05_p08_m08_ro100_lh05,exact,phase,t04_part_01,implementation,6,agent,17.40000,20.17500,2.77500,,0
EXP-05,exp05_p08_m08_ro100_lh05,exact,phase,t04_part_02,specification,5,human,13.80000,14.70000,0.90000,13.80000,0.00000
EXP-05,exp05_p08_m08_ro100_lh05,exact,phase,t04_part_02,implementation,5,agent,14.70000,17.47500,2.77500,,0
EXP-05,exp05_p08_m08_ro100_lh05,exact,phase,t04_part_03,specification,4,human,14.70000,15.60000,0.90000,14.70000,0.00000
EXP-05,exp05_p08_m08_ro100_lh05,exact,phase,t04_part_03,implementation,4,agent,15.60000,18.37500,2.77500,,0
EXP-05,exp05_p08_m08_ro100_lh05,exact,phase,t04_part_04,specification,2,human,12.90000,13.80000,0.90000,12.90000,0.00000
EXP-05,exp05_p08_m08_ro100_lh05,exact,phase,t04_part_04,implementation,2,agent,13.80000,16.57500,2.77500,,0
EXP-05,exp05_p08_m08_ro100_lh05,exact,phase,t04_part_05,specification,3,human,15.60000,16.50000,0.90000,15.60000,0.00000
EXP-05,exp05_p08_m08_ro100_lh05,exact,phase,t04_part_05,implementation,3,agent,16.50000,19.27500,2.77500,,0
EXP-05,exp05_p08_m08_ro100_lh05,exact,phase,t04_part_06,specification,1,human,17.40000,18.30000,0.90000,17.40000,0.00000
EXP-05,exp05_p08_m08_ro100_lh05,exact,phase,t04_part_06,implementation,1,agent,18.30000,21.07500,2.77500,,0
EXP-05,exp05_p08_m08_ro100_lh05,exact,phase,t04_part_07,specification,2,human,18.30000,19.20000,0.90000,18.30000,0.00000
EXP-05,exp05_p08_m08_ro100_lh05,exact,phase,t04_part_07,implementation,2,agent,19.20000,21.97500,2.77500,,0
EXP-05,exp05_p08_m08_ro100_lh05,exact,phase,t04_part_08,specification,1,human,12.00000,12.90000,0.90000,12.00000,0.00000
EXP-05,exp05_p08_m08_ro100_lh05,exact,phase,t04_part_08,implementation,1,agent,12.90000,15.67500,2.77500,,0
EXP-05,exp05_p08_m08_ro100_lh05,exact,phase,t04_join,integration,1,agent,21.97500,26.17500,4.20000,,0
EXP-05,exp05_p08_m08_ro100_lh05,exact,phase,t04_join,acceptance,1,human,26.17500,33.37500,7.20000,26.17500,0.00000
