experiment_id,stream,dag_id,cell_id,task_count,topology_family,weight_type,target_rho_l_bin,observation_index,accepted_attempt,raw_seed,rho_l,reference_path,reference_path_weight,longest_path_count,path_multiplicity,rho_h_low,rho_h_high,weights_json,human_low_json,human_high_json,predecessors_json
EXP-08,confirmatory,exp08_confirmatory_n8_wide_layered_homogeneous_00,n8_wide_layered_homogeneous,8,wide_layered,homogeneous,low,0,0,13991428769505926376,0.25,t01->t03,24,7,tied,0.3,0.7,"[""12"",""12"",""12"",""12"",""12"",""12"",""12"",""12""]","[""1.728"",""1.344"",""1.728"",""1.344"",""1.344"",""1.344"",""1.344"",""1.344""]","[""4.032"",""0.576"",""4.032"",""0.576"",""0.576"",""0.576"",""0.576"",""0.576""]","{""t01"":[],""t02"":[""t01""],""t03"":[""t01""],""t04"":[""t01""],""t05"":[""t01""],""t06"":[""t01""],""t07"":[""t01""],""t08"":[""t01""]}"
EXP-08,confirmatory,exp08_confirmatory_n8_wide_layered_homogeneous_01,n8_wide_layered_homogeneous,8,wide_layered,homogeneous,low,1,0,5037203865155119018,0.25,t01->t05,24,7,tied,0.3,0.7,"[""12"",""12"",""12"",""12"",""12"",""12"",""12"",""12""]","[""1.728"",""1.344"",""1.344"",""1.344"",""1.728"",""1.344"",""1.344"",""1.344""]","[""4.032"",""0.576"",""0.576"",""0.576"",""4.032"",""0.576"",""0.576"",""0.576""]","{""t01"":[],""t02"":[""t01""],""t03"":[""t01""],""t04"":[""t01""],""t05"":[""t01""],""t06"":[""t01""],""t07"":[""t01""],""t08"":[""t01""]}"
EXP-08,confirmatory,exp08_confirmatory_n8_wide_layered_homogeneous_02,n8_wide_layered_homogeneous,8,wide_layered,homogeneous,low,2,0,4143969830578763026,0.25,t01->t08,24,7,tied,0.3,0.7,"[""12"",""12"",""12"",""12"",""12"",""12"",""12"",""12""]","[""1.728"",""1.344"",""1.344"",""1.344"",""1.344"",""1.344"",""1.344"",""1.728""]","[""4.032"",""0.576"",""0.576"",""0.576"",""0.576"",""0.576"",""0.576"",""4.032""]","{""t01"":[],""t02"":[""t01""],""t03"":[""t01""],""t04"":[""t01""],""t05"":[""t01""],""t06"":[""t01""],""t07"":[""t01""],""t08"":[""t01""]}"
EXP-08,confirmatory,exp08_confirmatory_n8_wide_layered_homogeneous_03,n8_wide_layered_homogeneous,8,wide_layered,homogeneous,low,3,0,9915171306460377192,0.25,t01->t03,24,7,tied,0.3,0.7,"[""12"",""12"",""12"",""12"",""12"",""12"",""12"",""12""]","[""1.728"",""1.344"",""1.728"",""1.344"",""1.344"",""1.344"",""1.344"",""1.344""]","[""4.032"",""0.576"",""4.032"",""0.576"",""0.576"",""0.576"",""0.576"",""0.576""]","{""t01"":[],""t02"":[""t01""],""t03"":[""t01""],""t04"":[""t01""],""t05"":[""t01""],""t06"":[""t01""],""t07"":[""t01""],""t08"":[""t01""]}"
EXP-08,confirmatory,exp08_confirmatory_n8_wide_layered_homogeneous_04,n8_wide_layered_homogeneous,8,wide_layered,homogeneous,low,4,0,16938683527426065736,0.25,t01->t04,24,7,tied,0.3,0.7,"[""12"",""12"",""12"",""12"",""12"",""12"",""12"",""12""]","[""1.728"",""1.344"",""1.344"",""1.728"",""1.344"",""1.344"",""1.344"",""1.344""]","[""4.032"",""0.576"",""0.576"",""4.032"",""0.576"",""0.576"",""0.576"",""0.576""]","{""t01"":[],""t02"":[""t01""],""t03"":[""t01""],""t04"":[""t01""],""t05"":[""t01""],""t06"":[""t01""],""t07"":[""t01""],""t08"":[""t01""]}"
EXP-08,confirmatory,exp08_confirmatory_n8_wide_layered_homogeneous_05,n8_wide_layered_homogeneous,8,wide_layered,homogeneous,low,5,0,11860787778288324346,0.25,t01->t07,24,7,tied,0.3,0.7,"[""12"",""12"",""12"",""12"",""12"",""12"",""12"",""12""]","[""1.728"",""1.344"",""1.344"",""1.344"",""1.344"",""1.344"",""1.728"",""1.344""]","[""4.032"",""0.576"",""0.576"",""0.576"",""0.576"",""0.576"",""4.032"",""0.576""]","{""t01"":[],""t02"":[""t01""],""t03"":[""t01""],""t04"":[""t01""],""t05"":[""t01""],""t06"":[""t01""],""t07"":[""t01""],""t08"":[""t01""]}"
EXP-08,confirmatory,exp08_confirmatory_n8_wide_layered_homogeneous_06,n8_wide_layered_homogeneous,8,wide_layered,homogeneous,low,6,0,16152427729140909885,0.25,t01->t05,24,7,tied,0.3,0.7,"[""12"",""12"",""12"",""12"",""12"",""12"",""12"",""12""]","[""1.728"",""1.344"",""1.344"",""1.344"",""1.728"",""1.344"",""1.344"",""1.344""]","[""4.032"",""0.576"",""0.576"",""0.576"",""4.032"",""0.576"",""0.576"",""0.576""]","{""t01"":[],""t02"":[""t01""],""t03"":[""t01""],""t04"":[""t01""],""t05"":[""t01""],""t06"":[""t01""],""t07"":[""t01""],""t08"":[""t01""]}"
EXP-08,confirmatory,exp08_confirmatory_n8_wide_layered_homogeneous_07,n8_wide_layered_homogeneous,8,wide_layered,homogeneous,low,7,0,192848084552594019,0.25,t01->t03,24,7,tied,0.3,0.7,"[""12"",""12"",""12"",""12"",""12"",""12"",""12"",""12""]","[""1.728"",""1.344"",""1.728"",""1.344"",""1.344"",""1.344"",""1.344"",""1.344""]","[""4.032"",""0.576"",""4.032"",""0.576"",""0.576"",""0.576"",""0.576"",""0.576""]","{""t01"":[],""t02"":[""t01""],""t03"":[""t01""],""t04"":[""t01""],""t05"":[""t01""],""t06"":[""t01""],""t07"":[""t01""],""t08"":[""t01""]}"
EXP-08,confirmatory,exp08_confirmatory_n8_wide_layered_homogeneous_08,n8_wide_layered_homogeneous,8,wide_layered,homogeneous,low,8,0,17526911179129724025,0.25,t01->t07,24,7,tied,0.3,0.7,"[""12"",""12"",""12"",""12"",""12"",""12"",""12"",""12""]","[""1.728"",""1.344"",""1.344"",""1.344"",""1.344"",""1.344"",""1.728"",""1.344""]","[""4.032"",""0.576"",""0.576"",""0.576"",""0.576"",""0.576"",""4.032"",""0.576""]","{""t01"":[],""t02"":[""t01""],""t03"":[""t01""],""t04"":[""t01""],""t05"":[""t01""],""t06"":[""t01""],""t07"":[""t01""],""t08"":[""t01""]}"
EXP-08,confirmatory,exp08_confirmatory_n8_wide_layered_homogeneous_09,n8_wide_layered_homogeneous,8,wide_layered,homogeneous,low,9,0,631671294251678460,0.25,t01->t05,24,7,tied,0.3,0.7,"[""12"",""12"",""12"",""12"",""12"",""12"",""12"",""12""]","[""1.728"",""1.344"",""1.344"",""1.344"",""1.728"",""1.344"",""1.344"",""1.344""]","[""4.032"",""0.576"",""0.576"",""0.576"",""4.032"",""0.576"",""0.576"",""0.576""]","{""t01"":[],""t02"":[""t01""],""t03"":[""t01""],""t04"":[""t01""],""t05"":[""t01""],""t06"":[""t01""],""t07"":[""t01""],""t08"":[""t01""]}"
EXP-08,confirmatory,exp08_confirmatory_n8_wide_layered_homogeneous_10,n8_wide_layered_homogeneous,8,wide_layered,homogeneous,low,10,0,6209908695486048490,0.25,t01->t06,24,7,tied,0.3,0.7,"[""12"",""12"",""12"",""12"",""12"",""12"",""12"",""12""]","[""1.728"",""1.344"",""1.344"",""1.344"",""1.344"",""1.728"",""1.344"",""1.344""]","[""4.032"",""0.576"",""0.576"",""0.576"",""0.576"",""4.032"",""0.576"",""0.576""]","{""t01"":[],""t02"":[""t01""],""t03"":[""t01""],""t04"":[""t01""],""t05"":[""t01""],""t06"":[""t01""],""t07"":[""t01""],""t08"":[""t01""]}"
EXP-08,confirmatory,exp08_confirmatory_n8_wide_layered_homogeneous_11,n8_wide_layered_homogeneous,8,wide_layered,homogeneous,low,11,0,12078901624161907898,0.25,t01->t02,24,7,tied,0.3,0.7,"[""12"",""12"",""12"",""12"",""12"",""12"",""12"",""12""]","[""1.728"",""1.728"",""1.344"",""1.344"",""1.344"",""1.344"",""1.344"",""1.344""]","[""4.032"",""4.032"",""0.576"",""0.576"",""0.576"",""0.576"",""0.576"",""0.576""]","{""t01"":[],""t02"":[""t01""],""t03"":[""t01""],""t04"":[""t01""],""t05"":[""t01""],""t06"":[""t01""],""t07"":[""t01""],""t08"":[""t01""]}"
EXP-08,confirmatory,exp08_confirmatory_n8_wide_layered_homogeneous_12,n8_wide_layered_homogeneous,8,wide_layered,homogeneous,low,12,0,4245020740478436213,0.25,t01->t02,24,7,tied,0.3,0.7,"[""12"",""12"",""12"",""12"",""12"",""12"",""12"",""12""]","[""1.728"",""1.728"",""1.344"",""1.344"",""1.344"",""1.344"",""1.344"",""1.344""]","[""4.032"",""4.032"",""0.576"",""0.576"",""0.576"",""0.576"",""0.576"",""0.576""]","{""t01"":[],""t02"":[""t01""],""t03"":[""t01""],""t04"":[""t01""],""t05"":[""t01""],""t06"":[""t01""],""t07"":[""t01""],""t08"":[""t01""]}"
EXP-08,confirmatory,exp08_confirmatory_n8_wide_layered_homogeneous_13,n8_wide_layered_homogeneous,8,wide_layered,homogeneous,low,13,0,18362440099073130637,0.25,t01->t05,24,7,tied,0.3,0.7,"[""12"",""12"",""12"",""12"",""12"",""12"",""12"",""12""]","[""1.728"",""1.344"",""1.344"",""1.344"",""1.728"",""1.344"",""1.344"",""1.344""]","[""4.032"",""0.576"",""0.576"",""0.576"",""4.032"",""0.576"",""0.576"",""0.576""]","{""t01"":[],""t02"":[""t01""],""t03"":[""t01""],""t04"":[""t01""],""t05"":[""t01""],""t06"":[""t01""],""t07"":[""t01""],""t08"":[""t01""]}"
EXP-08,confirmatory,exp08_confirmatory_n8_wide_layered_homogeneous_14,n8_wide_layered_homogeneous,8,wide_layered,homogeneous,low,14,0,14332015246363472838,0.25,t01->t04,24,7,tied,0.3,0.7,"[""12"",""12"",""12"",""12"",""12"",""12"",""12"",""12""]","[""1.728"",""1.344"",""1.344"",""1.728"",""1.344"",""1.344"",""1.344"",""1.344""]","[""4.032"",""0.576"",""0.576"",""4.032"",""0.576"",""0.576"",""0.576"",""0.576""]","{""t01"":[],""t02"":[""t01""],""t03"":[""t01""],""t04"":[""t01""],""t05"":[""t01""],""t06"":[""t01""],""t07"":[""t01""],""t08"":[""t01""]}"
EXP-08,confirmatory,exp08_confirmatory_n8_wide_layered_homogeneous_15,n8_wide_layered_homogeneous,8,wide_layered,homogeneous,low,15,0,15770869621340777159,0.25,t01->t05,24,7,tied,0.3,0.7,"[""12"",""12"",""12"",""12"",""12"",""12"",""12"",""12""]","[""1.728"",""1.344"",""1.344"",""1.344"",""1.728"",""1.344"",""1.344"",""1.344""]","[""4.032"",""0.576"",""0.576"",""0.576"",""4.032"",""0.576"",""0.576"",""0.576""]","{""t01"":[],""t02"":[""t01""],""t03"":[""t01""],""t04"":[""t01""],""t05"":[""t01""],""t06"":[""t01""],""t07"":[""t01""],""t08"":[""t01""]}"
EXP-08,confirmatory,exp08_confirmatory_n8_wide_layered_homogeneous_16,n8_wide_layered_homogeneous,8,wide_layered,homogeneous,low,16,0,14654553871029643111,0.25,t01->t08,24,7,tied,0.3,0.7,"[""12"",""12"",""12"",""12"",""12"",""12"",""12"",""12""]","[""1.728"",""1.344"",""1.344"",""1.344"",""1.344"",""1.344"",""1.344"",""1.728""]","[""4.032"",""0.576"",""0.576"",""0.576"",""0.576"",""0.576"",""0.576"",""4.032""]","{""t01"":[],""t02"":[""t01""],""t03"":[""t01""],""t04"":[""t01""],""t05"":[""t01""],""t06"":[""t01""],""t07"":[""t01""],""t08"":[""t01""]}"
EXP-08,confirmatory,exp08_confirmatory_n8_wide_layered_homogeneous_17,n8_wide_layered_homogeneous,8,wide_layered,homogeneous,low,17,0,7419489746047202046,0.25,t01->t04,24,7,tied,0.3,0.7,"[""12"",""12"",""12"",""12"",""12"",""12"",""12"",""12""]","[""1.728"",""1.344"",""1.344"",""1.728"",""1.344"",""1.344"",""1.344"",""1.344""]","[""4.032"",""0.576"",""0.576"",""4.032"",""0.576"",""0.576"",""0.576"",""0.576""]","{""t01"":[],""t02"":[""t01""],""t03"":[""t01""],""t04"":[""t01""],""t05"":[""t01""],""t06"":[""t01""],""t07"":[""t01""],""t08"":[""t01""]}"
EXP-08,confirmatory,exp08_confirmatory_n8_wide_layered_homogeneous_18,n8_wide_layered_homogeneous,8,wide_layered,homogeneous,low,18,0,843685751226921299,0.25,t01->t03,24,7,tied,0.3,0.7,"[""12"",""12"",""12"",""12"",""12"",""12"",""12"",""12""]","[""1.728"",""1.344"",""1.728"",""1.344"",""1.344"",""1.344"",""1.344"",""1.344""]","[""4.032"",""0.576"",""4.032"",""0.576"",""0.576"",""0.576"",""0.576"",""0.576""]","{""t01"":[],""t02"":[""t01""],""t03"":[""t01""],""t04"":[""t01""],""t05"":[""t01""],""t06"":[""t01""],""t07"":[""t01""],""t08"":[""t01""]}"
EXP-08,confirmatory,exp08_confirmatory_n8_wide_layered_homogeneous_19,n8_wide_layered_homogeneous,8,wide_layered,homogeneous,low,19,0,14962466573197199526,0.25,t01->t05,24,7,tied,0.3,0.7,"[""12"",""12"",""12"",""12"",""12"",""12"",""12"",""12""]","[""1.728"",""1.344"",""1.344"",""1.344"",""1.728"",""1.344"",""1.344"",""1.344""]","[""4.032"",""0.576"",""0.576"",""0.576"",""4.032"",""0.576"",""0.576"",""0.576""]","{""t01"":[],""t02"":[""t01""],""t03"":[""t01""],""t04"":[""t01""],""t05"":[""t01""],""t06"":[""t01""],""t07"":[""t01""],""t08"":[""t01""]}"
EXP-08,confirmatory,exp08_confirmatory_n8_wide_layered_lognormal_00,n8_wide_layered_lognormal,8,wide_layered,lognormal,low,0,11,1506204724662273275,0.2608695652173913043478260870,t01->t02,72,2,tied,0.3,0.7,"[""12"",""60"",""24"",""24"",""36"",""60"",""24"",""36""]","[""1.656"",""8.280"",""2.728"",""2.727"",""4.091"",""6.819"",""2.728"",""4.091""]","[""3.864"",""19.320"",""1.169"",""1.169"",""1.754"",""2.922"",""1.169"",""1.753""]","{""t01"":[],""t02"":[""t01""],""t03"":[""t01""],""t04"":[""t01""],""t05"":[""t01""],""t06"":[""t01""],""t07"":[""t01""],""t08"":[""t01""]}"
EXP-08,confirmatory,exp08_confirmatory_n8_wide_layered_lognormal_01,n8_wide_layered_lognormal,8,wide_layered,lognormal,low,1,6,14289101825422064060,0.2857142857142857142857142857,t01->t08,72,1,unique,0.3,0.7,"[""12"",""24"",""36"",""12"",""48"",""36"",""24"",""60""]","[""1.512"",""2.822"",""4.234"",""1.411"",""5.645"",""4.234"",""2.822"",""7.560""]","[""3.528"",""1.210"",""1.814"",""0.605"",""2.419"",""1.814"",""1.210"",""17.640""]","{""t01"":[],""t02"":[""t01""],""t03"":[""t01""],""t04"":[""t01""],""t05"":[""t01""],""t06"":[""t01""],""t07"":[""t01""],""t08"":[""t01""]}"
EXP-08,confirmatory,exp08_confirmatory_n8_wide_layered_lognormal_02,n8_wide_layered_lognormal,8,wide_layered,lognormal,low,2,16,4232896292668445695,0.2857142857142857142857142857,t01->t06,72,2,tied,0.3,0.7,"[""12"",""12"",""12"",""36"",""36"",""60"",""24"",""60""]","[""1.512"",""1.411"",""1.411"",""4.234"",""4.234"",""7.560"",""2.822"",""7.056""]","[""3.528"",""0.605"",""0.605"",""1.814"",""1.814"",""17.640"",""1.210"",""3.024""]","{""t01"":[],""t02"":[""t01""],""t03"":[""t01""],""t04"":[""t01""],""t05"":[""t01""],""t06"":[""t01""],""t07"":[""t01""],""t08"":[""t01""]}"
EXP-08,confirmatory,exp08_confirmatory_n8_wide_layered_lognormal_03,n8_wide_layered_lognormal,8,wide_layered,lognormal,low,3,1,2430596399180878210,0.2631578947368421052631578947,t01->t07,60,3,tied,0.3,0.7,"[""24"",""24"",""24"",""24"",""24"",""36"",""36"",""36""]","[""3.283"",""2.736"",""2.736"",""2.736"",""2.736"",""4.104"",""4.925"",""4.104""]","[""7.661"",""1.172"",""1.173"",""1.172"",""1.173"",""1.759"",""11.491"",""1.759""]","{""t01"":[],""t02"":[""t01""],""t03"":[""t01""],""t04"":[""t01""],""t05"":[""t01""],""t06"":[""t01""],""t07"":[""t01""],""t08"":[""t01""]}"
EXP-08,confirmatory,exp08_confirmatory_n8_wide_layered_lognormal_04,n8_wide_layered_lognormal,8,wide_layered,lognormal,low,4,6,15906831824463161536,0.25,t01->t02,48,2,tied,0.3,0.7,"[""12"",""36"",""24"",""24"",""36"",""12"",""24"",""24""]","[""1.728"",""5.184"",""2.688"",""2.688"",""4.032"",""1.344"",""2.688"",""2.688""]","[""4.032"",""12.096"",""1.152"",""1.152"",""1.728"",""0.576"",""1.152"",""1.152""]","{""t01"":[],""t02"":[""t01""],""t03"":[""t01""],""t04"":[""t01""],""t05"":[""t01""],""t06"":[""t01""],""t07"":[""t01""],""t08"":[""t01""]}"
EXP-08,confirmatory,exp08_confirmatory_n8_wide_layered_lognormal_05,n8_wide_layered_lognormal,8,wide_layered,lognormal,low,5,8,1175069958481884210,0.2666666666666666666666666667,t01->t05,48,2,tied,0.3,0.7,"[""12"",""12"",""24"",""36"",""36"",""12"",""24"",""24""]","[""1.620"",""1.375"",""2.749"",""4.124"",""4.860"",""1.374"",""2.749"",""2.749""]","[""3.780"",""0.589"",""1.178"",""1.768"",""11.340"",""0.589"",""1.178"",""1.178""]","{""t01"":[],""t02"":[""t01""],""t03"":[""t01""],""t04"":[""t01""],""t05"":[""t01""],""t06"":[""t01""],""t07"":[""t01""],""t08"":[""t01""]}"
EXP-08,confirmatory,exp08_confirmatory_n8_wide_layered_lognormal_06,n8_wide_layered_lognormal,8,wide_layered,lognormal,low,6,1,11840713424266372330,0.25,t01->t05,48,1,unique,0.3,0.7,"[""12"",""24"",""24"",""24"",""36"",""24"",""24"",""24""]","[""1.728"",""2.688"",""2.688"",""2.688"",""5.184"",""2.688"",""2.688"",""2.688""]","[""4.032"",""1.152"",""1.152"",""1.152"",""12.096"",""1.152"",""1.152"",""1.152""]","{""t01"":[],""t02"":[""t01""],""t03"":[""t01""],""t04"":[""t01""],""t05"":[""t01""],""t06"":[""t01""],""t07"":[""t01""],""t08"":[""t01""]}"
EXP-08,confirmatory,exp08_confirmatory_n8_wide_layered_lognormal_07,n8_wide_layered_lognormal,8,wide_layered,lognormal,low,7,14,6559093446732756269,0.2222222222222222222222222222,t01->t05,48,4,tied,0.3,0.7,"[""12"",""36"",""36"",""36"",""36"",""24"",""12"",""24""]","[""1.944"",""3.888"",""3.888"",""3.888"",""5.832"",""2.592"",""1.296"",""2.592""]","[""4.536"",""1.666"",""1.666"",""1.666"",""13.608"",""1.111"",""0.556"",""1.111""]","{""t01"":[],""t02"":[""t01""],""t03"":[""t01""],""t04"":[""t01""],""t05"":[""t01""],""t06"":[""t01""],""t07"":[""t01""],""t08"":[""t01""]}"
EXP-08,confirmatory,exp08_confirmatory_n8_wide_layered_lognormal_08,n8_wide_layered_lognormal,8,wide_layered,lognormal,low,8,2,4545195329094984271,0.2352941176470588235294117647,t01->t05,48,4,tied,0.3,0.7,"[""12"",""36"",""12"",""36"",""36"",""12"",""24"",""36""]","[""1.836"",""3.955"",""1.318"",""3.954"",""5.508"",""1.318"",""2.636"",""3.955""]","[""4.284"",""1.694"",""0.565"",""1.695"",""12.852"",""0.565"",""1.130"",""1.695""]","{""t01"":[],""t02"":[""t01""],""t03"":[""t01""],""t04"":[""t01""],""t05"":[""t01""],""t06"":[""t01""],""t07"":[""t01""],""t08"":[""t01""]}"
EXP-08,confirmatory,exp08_confirmatory_n8_wide_layered_lognormal_09,n8_wide_layered_lognormal,8,wide_layered,lognormal,low,9,7,17153481307673324688,0.2666666666666666666666666667,t01->t02,48,2,tied,0.3,0.7,"[""12"",""36"",""12"",""24"",""24"",""12"",""36"",""24""]","[""1.620"",""4.860"",""1.374"",""2.749"",""2.749"",""1.375"",""4.124"",""2.749""]","[""3.780"",""11.340"",""0.589"",""1.178"",""1.178"",""0.589"",""1.768"",""1.178""]","{""t01"":[],""t02"":[""t01""],""t03"":[""t01""],""t04"":[""t01""],""t05"":[""t01""],""t06"":[""t01""],""t07"":[""t01""],""t08"":[""t01""]}"
EXP-08,confirmatory,exp08_confirmatory_n8_wide_layered_lognormal_10,n8_wide_layered_lognormal,8,wide_layered,lognormal,low,10,0,9699048137015219785,0.2380952380952380952380952381,t01->t02,60,3,tied,0.3,0.7,"[""12"",""48"",""36"",""12"",""24"",""48"",""48"",""24""]","[""1.814"",""7.258"",""3.969"",""1.323"",""2.646"",""5.292"",""5.292"",""2.646""]","[""4.234"",""16.934"",""1.701"",""0.567"",""1.134"",""2.268"",""2.268"",""1.134""]","{""t01"":[],""t02"":[""t01""],""t03"":[""t01""],""t04"":[""t01""],""t05"":[""t01""],""t06"":[""t01""],""t07"":[""t01""],""t08"":[""t01""]}"
EXP-08,confirmatory,exp08_confirmatory_n8_wide_layered_lognormal_11,n8_wide_layered_lognormal,8,wide_layered,lognormal,low,11,1,80998698053436776,0.25,t01->t05,36,4,tied,0.3,0.7,"[""12"",""24"",""12"",""24"",""24"",""24"",""12"",""12""]","[""1.728"",""2.688"",""1.344"",""2.688"",""3.456"",""2.688"",""1.344"",""1.344""]","[""4.032"",""1.152"",""0.576"",""1.152"",""8.064"",""1.152"",""0.576"",""0.576""]","{""t01"":[],""t02"":[""t01""],""t03"":[""t01""],""t04"":[""t01""],""t05"":[""t01""],""t06"":[""t01""],""t07"":[""t01""],""t08"":[""t01""]}"
EXP-08,confirmatory,exp08_confirmatory_n8_wide_layered_lognormal_12,n8_wide_layered_lognormal,8,wide_layered,lognormal,low,12,1,9295753274870092427,0.2941176470588235294117647059,t01->t08,60,1,unique,0.3,0.7,"[""12"",""24"",""36"",""24"",""24"",""24"",""12"",""48""]","[""1.469"",""2.856"",""4.284"",""2.856"",""2.856"",""2.856"",""1.428"",""5.875""]","[""3.427"",""1.224"",""1.836"",""1.224"",""1.224"",""1.224"",""0.612"",""13.709""]","{""t01"":[],""t02"":[""t01""],""t03"":[""t01""],""t04"":[""t01""],""t05"":[""t01""],""t06"":[""t01""],""t07"":[""t01""],""t08"":[""t01""]}"
EXP-08,confirmatory,exp08_confirmatory_n8_wide_layered_lognormal_13,n8_wide_layered_lognormal,8,wide_layered,lognormal,low,13,2,1560838698252898166,0.2692307692307692307692307692,t01->t04,84,2,tied,0.3,0.7,"[""12"",""60"",""24"",""72"",""72"",""12"",""36"",""24""]","[""1.605"",""6.897"",""2.759"",""9.627"",""8.276"",""1.379"",""4.138"",""2.759""]","[""3.744"",""2.956"",""1.182"",""22.464"",""3.547"",""0.591"",""1.774"",""1.182""]","{""t01"":[],""t02"":[""t01""],""t03"":[""t01""],""t04"":[""t01""],""t05"":[""t01""],""t06"":[""t01""],""t07"":[""t01""],""t08"":[""t01""]}"
EXP-08,confirmatory,exp08_confirmatory_n8_wide_layered_lognormal_14,n8_wide_layered_lognormal,8,wide_layered,lognormal,low,14,4,4369531351658899549,0.2692307692307692307692307692,t01->t06,84,2,tied,0.3,0.7,"[""12"",""36"",""24"",""36"",""36"",""72"",""24"",""72""]","[""1.605"",""4.138"",""2.759"",""4.138"",""4.138"",""9.627"",""2.759"",""8.276""]","[""3.744"",""1.773"",""1.182"",""1.774"",""1.774"",""22.464"",""1.182"",""3.547""]","{""t01"":[],""t02"":[""t01""],""t03"":[""t01""],""t04"":[""t01""],""t05"":[""t01""],""t06"":[""t01""],""t07"":[""t01""],""t08"":[""t01""]}"
EXP-08,confirmatory,exp08_confirmatory_n8_wide_layered_lognormal_15,n8_wide_layered_lognormal,8,wide_layered,lognormal,low,15,3,3305044066366173724,0.2777777777777777777777777778,t01->t06,60,2,tied,0.3,0.7,"[""12"",""36"",""24"",""48"",""24"",""48"",""12"",""12""]","[""1.555"",""4.187"",""2.791"",""5.583"",""2.791"",""6.221"",""1.396"",""1.396""]","[""3.629"",""1.795"",""1.196"",""2.393"",""1.196"",""14.515"",""0.598"",""0.598""]","{""t01"":[],""t02"":[""t01""],""t03"":[""t01""],""t04"":[""t01""],""t05"":[""t01""],""t06"":[""t01""],""t07"":[""t01""],""t08"":[""t01""]}"
EXP-08,confirmatory,exp08_confirmatory_n8_wide_layered_lognormal_16,n8_wide_layered_lognormal,8,wide_layered,lognormal,low,16,0,1528717721439182218,0.25,t01->t05,36,4,tied,0.3,0.7,"[""12"",""12"",""24"",""24"",""24"",""24"",""12"",""12""]","[""1.728"",""1.344"",""2.688"",""2.688"",""3.456"",""2.688"",""1.344"",""1.344""]","[""4.032"",""0.576"",""1.152"",""1.152"",""8.064"",""1.152"",""0.576"",""0.576""]","{""t01"":[],""t02"":[""t01""],""t03"":[""t01""],""t04"":[""t01""],""t05"":[""t01""],""t06"":[""t01""],""t07"":[""t01""],""t08"":[""t01""]}"
EXP-08,confirmatory,exp08_confirmatory_n8_wide_layered_lognormal_17,n8_wide_layered_lognormal,8,wide_layered,lognormal,low,17,1,8348721775567969706,0.2631578947368421052631578947,t01->t05,60,3,tied,0.3,0.7,"[""24"",""36"",""24"",""24"",""36"",""24"",""24"",""36""]","[""3.283"",""4.104"",""2.736"",""2.736"",""4.925"",""2.736"",""2.736"",""4.104""]","[""7.661"",""1.759"",""1.172"",""1.173"",""11.491"",""1.173"",""1.172"",""1.759""]","{""t01"":[],""t02"":[""t01""],""t03"":[""t01""],""t04"":[""t01""],""t05"":[""t01""],""t06"":[""t01""],""t07"":[""t01""],""t08"":[""t01""]}"
EXP-08,confirmatory,exp08_confirmatory_n8_wide_layered_lognormal_18,n8_wide_layered_lognormal,8,wide_layered,lognormal,low,18,2,9296540370540686912,0.2857142857142857142857142857,t01->t03,48,2,tied,0.3,0.7,"[""12"",""36"",""36"",""12"",""12"",""24"",""12"",""24""]","[""1.512"",""4.234"",""4.536"",""1.411"",""1.411"",""2.823"",""1.411"",""2.822""]","[""3.528"",""1.814"",""10.584"",""0.605"",""0.605"",""1.210"",""0.605"",""1.209""]","{""t01"":[],""t02"":[""t01""],""t03"":[""t01""],""t04"":[""t01""],""t05"":[""t01""],""t06"":[""t01""],""t07"":[""t01""],""t08"":[""t01""]}"
EXP-08,confirmatory,exp08_confirmatory_n8_wide_layered_lognormal_19,n8_wide_layered_lognormal,8,wide_layered,lognormal,low,19,1,15666120724402929015,0.2941176470588235294117647059,t01->t02,60,3,tied,0.3,0.7,"[""24"",""36"",""24"",""36"",""12"",""24"",""36"",""12""]","[""2.938"",""4.406"",""2.856"",""4.284"",""1.428"",""2.856"",""4.284"",""1.428""]","[""6.854"",""10.282"",""1.224"",""1.836"",""0.612"",""1.224"",""1.836"",""0.612""]","{""t01"":[],""t02"":[""t01""],""t03"":[""t01""],""t04"":[""t01""],""t05"":[""t01""],""t06"":[""t01""],""t07"":[""t01""],""t08"":[""t01""]}"
EXP-08,confirmatory,exp08_confirmatory_n8_mixed_homogeneous_00,n8_mixed_homogeneous,8,mixed,homogeneous,medium,0,0,8293231574717321094,0.5,t01->t02->t06->t08,48,5,tied,0.3,0.7,"[""12"",""12"",""12"",""12"",""12"",""12"",""12"",""12""]","[""0.864"",""0.864"",""2.016"",""2.016"",""2.016"",""0.864"",""2.016"",""0.864""]","[""2.016"",""2.016"",""0.864"",""0.864"",""0.864"",""2.016"",""0.864"",""2.016""]","{""t01"":[],""t02"":[""t01""],""t03"":[""t01""],""t04"":[""t01""],""t05"":[""t02"",""t04""],""t06"":[""t02"",""t04""],""t07"":[""t03""],""t08"":[""t05"",""t06"",""t07""]}"
EXP-08,confirmatory,exp08_confirmatory_n8_mixed_homogeneous_01,n8_mixed_homogeneous,8,mixed,homogeneous,medium,1,0,2069333149084399555,0.5,t01->t04->t05->t08,48,6,tied,0.3,0.7,"[""12"",""12"",""12"",""12"",""12"",""12"",""12"",""12""]","[""0.864"",""2.016"",""2.016"",""0.864"",""0.864"",""2.016"",""2.016"",""0.864""]","[""2.016"",""0.864"",""0.864"",""2.016"",""2.016"",""0.864"",""0.864"",""2.016""]","{""t01"":[],""t02"":[""t01""],""t03"":[""t01""],""t04"":[""t01""],""t05"":[""t01"",""t02"",""t04""],""t06"":[""t02""],""t07"":[""t02"",""t03"",""t04""],""t08"":[""t05"",""t06"",""t07""]}"
EXP-08,confirmatory,exp08_confirmatory_n8_mixed_homogeneous_02,n8_mixed_homogeneous,8,mixed,homogeneous,medium,2,0,7900626946586442388,0.5,t01->t02->t06->t08,48,5,tied,0.3,0.7,"[""12"",""12"",""12"",""12"",""12"",""12"",""12"",""12""]","[""0.864"",""0.864"",""2.016"",""2.016"",""2.016"",""0.864"",""2.016"",""0.864""]","[""2.016"",""2.016"",""0.864"",""0.864"",""0.864"",""2.016"",""0.864"",""2.016""]","{""t01"":[],""t02"":[""t01""],""t03"":[""t01""],""t04"":[""t01""],""t05"":[""t03"",""t04""],""t06"":[""t02""],""t07"":[""t02"",""t03""],""t08"":[""t01"",""t05"",""t06"",""t07""]}"
EXP-08,confirmatory,exp08_confirmatory_n8_mixed_homogeneous_03,n8_mixed_homogeneous,8,mixed,homogeneous,medium,3,0,14130658683596689060,0.5,t01->t04->t06->t08,48,6,tied,0.3,0.7,"[""12"",""12"",""12"",""12"",""12"",""12"",""12"",""12""]","[""0.864"",""2.016"",""2.016"",""0.864"",""2.016"",""0.864"",""2.016"",""0.864""]","[""2.016"",""0.864"",""0.864"",""2.016"",""0.864"",""2.016"",""0.864"",""2.016""]","{""t01"":[],""t02"":[""t01""],""t03"":[""t01""],""t04"":[""t01""],""t05"":[""t03"",""t04""],""t06"":[""t02"",""t03"",""t04""],""t07"":[""t02""],""t08"":[""t05"",""t06"",""t07""]}"
EXP-08,confirmatory,exp08_confirmatory_n8_mixed_homogeneous_04,n8_mixed_homogeneous,8,mixed,homogeneous,medium,4,0,6390433597778408787,0.5,t01->t04->t05->t08,48,4,tied,0.3,0.7,"[""12"",""12"",""12"",""12"",""12"",""12"",""12"",""12""]","[""0.864"",""2.016"",""2.016"",""0.864"",""0.864"",""2.016"",""2.016"",""0.864""]","[""2.016"",""0.864"",""0.864"",""2.016"",""2.016"",""0.864"",""0.864"",""2.016""]","{""t01"":[],""t02"":[""t01""],""t03"":[""t01""],""t04"":[""t01""],""t05"":[""t02"",""t04""],""t06"":[""t03""],""t07"":[""t04""],""t08"":[""t05"",""t06"",""t07""]}"
EXP-08,confirmatory,exp08_confirmatory_n8_mixed_homogeneous_05,n8_mixed_homogeneous,8,mixed,homogeneous,medium,5,0,16856009884717984441,0.5,t01->t02->t07->t08,48,5,tied,0.3,0.7,"[""12"",""12"",""12"",""12"",""12"",""12"",""12"",""12""]","[""0.864"",""0.864"",""2.016"",""2.016"",""2.016"",""2.016"",""0.864"",""0.864""]","[""2.016"",""2.016"",""0.864"",""0.864"",""0.864"",""0.864"",""2.016"",""2.016""]","{""t01"":[],""t02"":[""t01""],""t03"":[""t01""],""t04"":[""t01""],""t05"":[""t04""],""t06"":[""t03"",""t04""],""t07"":[""t02"",""t04""],""t08"":[""t05"",""t06"",""t07""]}"
EXP-08,confirmatory,exp08_confirmatory_n8_mixed_homogeneous_06,n8_mixed_homogeneous,8,mixed,homogeneous,medium,6,0,4473297931562302270,0.5,t01->t02->t06->t08,48,5,tied,0.3,0.7,"[""12"",""12"",""12"",""12"",""12"",""12"",""12"",""12""]","[""0.864"",""0.864"",""2.016"",""2.016"",""2.016"",""0.864"",""2.016"",""0.864""]","[""2.016"",""2.016"",""0.864"",""0.864"",""0.864"",""2.016"",""0.864"",""2.016""]","{""t01"":[],""t02"":[""t01""],""t03"":[""t01""],""t04"":[""t01""],""t05"":[""t02""],""t06"":[""t02"",""t04""],""t07"":[""t02"",""t03""],""t08"":[""t05"",""t06"",""t07""]}"
EXP-08,confirmatory,exp08_confirmatory_n8_mixed_homogeneous_07,n8_mixed_homogeneous,8,mixed,homogeneous,medium,7,0,2581317779222536099,0.5,t01->t03->t05->t08,48,6,tied,0.3,0.7,"[""12"",""12"",""12"",""12"",""12"",""12"",""12"",""12""]","[""0.864"",""2.016"",""0.864"",""2.016"",""0.864"",""2.016"",""2.016"",""0.864""]","[""2.016"",""0.864"",""2.016"",""0.864"",""2.016"",""0.864"",""0.864"",""2.016""]","{""t01"":[],""t02"":[""t01""],""t03"":[""t01""],""t04"":[""t01""],""t05"":[""t03""],""t06"":[""t03"",""t04""],""t07"":[""t02"",""t03"",""t04""],""t08"":[""t05"",""t06"",""t07""]}"
EXP-08,confirmatory,exp08_confirmatory_n8_mixed_homogeneous_08,n8_mixed_homogeneous,8,mixed,homogeneous,medium,8,0,11824121359734586891,0.5,t01->t04->t05->t08,48,3,tied,0.3,0.7,"[""12"",""12"",""12"",""12"",""12"",""12"",""12"",""12""]","[""0.864"",""2.016"",""2.016"",""0.864"",""0.864"",""2.016"",""2.016"",""0.864""]","[""2.016"",""0.864"",""0.864"",""2.016"",""2.016"",""0.864"",""0.864"",""2.016""]","{""t01"":[],""t02"":[""t01""],""t03"":[""t01""],""t04"":[""t01""],""t05"":[""t04""],""t06"":[""t02""],""t07"":[""t03""],""t08"":[""t05"",""t06"",""t07""]}"
EXP-08,confirmatory,exp08_confirmatory_n8_mixed_homogeneous_09,n8_mixed_homogeneous,8,mixed,homogeneous,medium,9,0,7327028327812660754,0.5,t01->t03->t07->t08,48,4,tied,0.3,0.7,"[""12"",""12"",""12"",""12"",""12"",""12"",""12"",""12""]","[""0.864"",""2.016"",""0.864"",""2.016"",""2.016"",""2.016"",""0.864"",""0.864""]","[""2.016"",""0.864"",""2.016"",""0.864"",""0.864"",""0.864"",""2.016"",""2.016""]","{""t01"":[],""t02"":[""t01""],""t03"":[""t01""],""t04"":[""t01""],""t05"":[""t03""],""t06"":[""t02"",""t04""],""t07"":[""t03""],""t08"":[""t05"",""t06"",""t07""]}"
EXP-08,confirmatory,exp08_confirmatory_n8_mixed_homogeneous_10,n8_mixed_homogeneous,8,mixed,homogeneous,medium,10,0,7609083141875536751,0.5,t01->t03->t06->t08,48,6,tied,0.3,0.7,"[""12"",""12"",""12"",""12"",""12"",""12"",""12"",""12""]","[""0.864"",""2.016"",""0.864"",""2.016"",""2.016"",""0.864"",""2.016"",""0.864""]","[""2.016"",""0.864"",""2.016"",""0.864"",""0.864"",""2.016"",""0.864"",""2.016""]","{""t01"":[],""t02"":[""t01""],""t03"":[""t01""],""t04"":[""t01""],""t05"":[""t02"",""t03""],""t06"":[""t02"",""t03""],""t07"":[""t02"",""t04""],""t08"":[""t05"",""t06"",""t07""]}"
EXP-08,confirmatory,exp08_confirmatory_n8_mixed_homogeneous_11,n8_mixed_homogeneous,8,mixed,homogeneous,medium,11,0,1795944163446817707,0.5,t01->t03->t07->t08,48,4,tied,0.3,0.7,"[""12"",""12"",""12"",""12"",""12"",""12"",""12"",""12""]","[""0.864"",""2.016"",""0.864"",""2.016"",""2.016"",""2.016"",""0.864"",""0.864""]","[""2.016"",""0.864"",""2.016"",""0.864"",""0.864"",""0.864"",""2.016"",""2.016""]","{""t01"":[],""t02"":[""t01""],""t03"":[""t01""],""t04"":[""t01""],""t05"":[""t02""],""t06"":[""t03"",""t04""],""t07"":[""t03""],""t08"":[""t04"",""t05"",""t06"",""t07""]}"
EXP-08,confirmatory,exp08_confirmatory_n8_mixed_homogeneous_12,n8_mixed_homogeneous,8,mixed,homogeneous,medium,12,0,12668337644675453489,0.5,t01->t03->t05->t08,48,4,tied,0.3,0.7,"[""12"",""12"",""12"",""12"",""12"",""12"",""12"",""12""]","[""0.864"",""2.016"",""0.864"",""2.016"",""0.864"",""2.016"",""2.016"",""0.864""]","[""2.016"",""0.864"",""2.016"",""0.864"",""2.016"",""0.864"",""0.864"",""2.016""]","{""t01"":[],""t02"":[""t01""],""t03"":[""t01""],""t04"":[""t01""],""t05"":[""t03""],""t06"":[""t03""],""t07"":[""t02"",""t04""],""t08"":[""t05"",""t06"",""t07""]}"
EXP-08,confirmatory,exp08_confirmatory_n8_mixed_homogeneous_13,n8_mixed_homogeneous,8,mixed,homogeneous,medium,13,0,1299947943453280068,0.5,t01->t04->t07->t08,48,5,tied,0.3,0.7,"[""12"",""12"",""12"",""12"",""12"",""12"",""12"",""12""]","[""0.864"",""2.016"",""2.016"",""0.864"",""2.016"",""2.016"",""0.864"",""0.864""]","[""2.016"",""0.864"",""0.864"",""2.016"",""0.864"",""0.864"",""2.016"",""2.016""]","{""t01"":[],""t02"":[""t01""],""t03"":[""t01""],""t04"":[""t01""],""t05"":[""t02"",""t04""],""t06"":[""t02"",""t03""],""t07"":[""t04""],""t08"":[""t05"",""t06"",""t07""]}"
EXP-08,confirmatory,exp08_confirmatory_n8_mixed_homogeneous_14,n8_mixed_homogeneous,8,mixed,homogeneous,medium,14,0,9666148923517923194,0.5,t01->t03->t05->t08,48,4,tied,0.3,0.7,"[""12"",""12"",""12"",""12"",""12"",""12"",""12"",""12""]","[""0.864"",""2.016"",""0.864"",""2.016"",""0.864"",""2.016"",""2.016"",""0.864""]","[""2.016"",""0.864"",""2.016"",""0.864"",""2.016"",""0.864"",""0.864"",""2.016""]","{""t01"":[],""t02"":[""t01""],""t03"":[""t01""],""t04"":[""t01""],""t05"":[""t03""],""t06"":[""t02"",""t04""],""t07"":[""t03""],""t08"":[""t03"",""t05"",""t06"",""t07""]}"
EXP-08,confirmatory,exp08_confirmatory_n8_mixed_homogeneous_15,n8_mixed_homogeneous,8,mixed,homogeneous,medium,15,0,4531584966561650045,0.5,t01->t04->t06->t08,48,5,tied,0.3,0.7,"[""12"",""12"",""12"",""12"",""12"",""12"",""12"",""12""]","[""0.864"",""2.016"",""2.016"",""0.864"",""2.016"",""0.864"",""2.016"",""0.864""]","[""2.016"",""0.864"",""0.864"",""2.016"",""0.864"",""2.016"",""0.864"",""2.016""]","{""t01"":[],""t02"":[""t01""],""t03"":[""t01""],""t04"":[""t01""],""t05"":[""t03"",""t04""],""t06"":[""t04""],""t07"":[""t02"",""t03""],""t08"":[""t05"",""t06"",""t07""]}"
EXP-08,confirmatory,exp08_confirmatory_n8_mixed_homogeneous_16,n8_mixed_homogeneous,8,mixed,homogeneous,medium,16,0,6162200245899267852,0.5,t01->t03->t07->t08,48,5,tied,0.3,0.7,"[""12"",""12"",""12"",""12"",""12"",""12"",""12"",""12""]","[""0.864"",""2.016"",""0.864"",""2.016"",""2.016"",""2.016"",""0.864"",""0.864""]","[""2.016"",""0.864"",""2.016"",""0.864"",""0.864"",""0.864"",""2.016"",""2.016""]","{""t01"":[],""t02"":[""t01""],""t03"":[""t01""],""t04"":[""t01""],""t05"":[""t02"",""t03""],""t06"":[""t02"",""t04""],""t07"":[""t03""],""t08"":[""t01"",""t05"",""t06"",""t07""]}"
EXP-08,confirmatory,exp08_confirmatory_n8_mixed_homogeneous_17,n8_mixed_homogeneous,8,mixed,homogeneous,medium,17,0,13808001144263214096,0.5,t01->t03->t05->t08,48,5,tied,0.3,0.7,"[""12"",""12"",""12"",""12"",""12"",""12"",""12"",""12""]","[""0.864"",""2.016"",""0.864"",""2.016"",""0.864"",""2.016"",""2.016"",""0.864""]","[""2.016"",""0.864"",""2.016"",""0.864"",""2.016"",""0.864"",""0.864"",""2.016""]","{""t01"":[],""t02"":[""t01""],""t03"":[""t01""],""t04"":[""t01""],""t05"":[""t03"",""t04""],""t06"":[""t02"",""t03""],""t07"":[""t02""],""t08"":[""t05"",""t06"",""t07""]}"
EXP-08,confirmatory,exp08_confirmatory_n8_mixed_homogeneous_18,n8_mixed_homogeneous,8,mixed,homogeneous,medium,18,0,604775281229634550,0.5,t01->t04->t06->t08,48,6,tied,0.3,0.7,"[""12"",""12"",""12"",""12"",""12"",""12"",""12"",""12""]","[""0.864"",""2.016"",""2.016"",""0.864"",""2.016"",""0.864"",""2.016"",""0.864""]","[""2.016"",""0.864"",""0.864"",""2.016"",""0.864"",""2.016"",""0.864"",""2.016""]","{""t01"":[],""t02"":[""t01""],""t03"":[""t01""],""t04"":[""t01""],""t05"":[""t02"",""t03""],""t06"":[""t03"",""t04""],""t07"":[""t02"",""t03""],""t08"":[""t03"",""t05"",""t06"",""t07""]}"
EXP-08,confirmatory,exp08_confirmatory_n8_mixed_homogeneous_19,n8_mixed_homogeneous,8,mixed,homogeneous,medium,19,0,15020462591522795172,0.5,t01->t04->t07->t08,48,5,tied,0.3,0.7,"[""12"",""12"",""12"",""12"",""12"",""12"",""12"",""12""]","[""0.864"",""2.016"",""2.016"",""0.864"",""2.016"",""2.016"",""0.864"",""0.864""]","[""2.016"",""0.864"",""0.864"",""2.016"",""0.864"",""0.864"",""2.016"",""2.016""]","{""t01"":[],""t02"":[""t01""],""t03"":[""t01""],""t04"":[""t01""],""t05"":[""t02"",""t04""],""t06"":[""t02""],""t07"":[""t03"",""t04""],""t08"":[""t05"",""t06"",""t07""]}"
EXP-08,confirmatory,exp08_confirmatory_n8_mixed_lognormal_00,n8_mixed_lognormal,8,mixed,lognormal,medium,0,0,7597499555203554628,0.5789473684210526315789473684,t01->t04->t06->t08,132,1,unique,0.3,0.7,"[""24"",""48"",""24"",""48"",""12"",""48"",""12"",""12""]","[""1.492"",""9.576"",""4.788"",""2.985"",""2.394"",""2.985"",""2.394"",""0.746""]","[""3.482"",""4.104"",""2.052"",""6.965"",""1.026"",""6.964"",""1.026"",""1.741""]","{""t01"":[],""t02"":[""t01""],""t03"":[""t01""],""t04"":[""t01""],""t05"":[""t03""],""t06"":[""t03"",""t04""],""t07"":[""t02""],""t08"":[""t05"",""t06"",""t07""]}"
EXP-08,confirmatory,exp08_confirmatory_n8_mixed_lognormal_01,n8_mixed_lognormal,8,mixed,lognormal,medium,1,0,12719848593774488246,0.55,t01->t04->t07->t08,132,1,unique,0.3,0.7,"[""36"",""36"",""12"",""48"",""36"",""24"",""36"",""12""]","[""2.356"",""6.720"",""2.240"",""3.142"",""6.720"",""4.480"",""2.356"",""0.786""]","[""5.498"",""2.880"",""0.960"",""7.331"",""2.880"",""1.920"",""5.498"",""1.833""]","{""t01"":[],""t02"":[""t01""],""t03"":[""t01""],""t04"":[""t01""],""t05"":[""t03""],""t06"":[""t03"",""t04""],""t07"":[""t02"",""t04""],""t08"":[""t05"",""t06"",""t07""]}"
EXP-08,confirmatory,exp08_confirmatory_n8_mixed_lognormal_02,n8_mixed_lognormal,8,mixed,lognormal,medium,2,0,2385896802933236874,0.5,t01->t02->t07->t08,108,1,unique,0.3,0.7,"[""12"",""24"",""36"",""12"",""24"",""36"",""48"",""24""]","[""0.864"",""1.728"",""6.048"",""2.016"",""4.032"",""6.048"",""3.456"",""1.728""]","[""2.016"",""4.032"",""2.592"",""0.864"",""1.728"",""2.592"",""8.064"",""4.032""]","{""t01"":[],""t02"":[""t01""],""t03"":[""t01""],""t04"":[""t01""],""t05"":[""t03"",""t04""],""t06"":[""t04""],""t07"":[""t02"",""t04""],""t08"":[""t05"",""t06"",""t07""]}"
EXP-08,confirmatory,exp08_confirmatory_n8_mixed_lognormal_03,n8_mixed_lognormal,8,mixed,lognormal,medium,3,0,9249393559387659527,0.55,t01->t03->t06->t08,132,1,unique,0.3,0.7,"[""24"",""36"",""60"",""36"",""24"",""24"",""12"",""24""]","[""1.571"",""6.720"",""3.927"",""6.720"",""4.480"",""1.571"",""2.240"",""1.571""]","[""3.665"",""2.880"",""9.164"",""2.880"",""1.920"",""3.665"",""0.960"",""3.666""]","{""t01"":[],""t02"":[""t01""],""t03"":[""t01""],""t04"":[""t01""],""t05"":[""t04""],""t06"":[""t02"",""t03""],""t07"":[""t04""],""t08"":[""t05"",""t06"",""t07""]}"
EXP-08,confirmatory,exp08_confirmatory_n8_mixed_lognormal_04,n8_mixed_lognormal,8,mixed,lognormal,medium,4,3,12808276295653907432,0.5,t01->t04->t07->t08,132,3,tied,0.3,0.7,"[""24"",""36"",""24"",""36"",""24"",""48"",""48"",""24""]","[""1.728"",""6.048"",""4.032"",""2.592"",""4.032"",""8.064"",""3.456"",""1.728""]","[""4.032"",""2.592"",""1.728"",""6.048"",""1.728"",""3.456"",""8.064"",""4.032""]","{""t01"":[],""t02"":[""t01""],""t03"":[""t01""],""t04"":[""t01""],""t05"":[""t02"",""t03""],""t06"":[""t02"",""t03""],""t07"":[""t02"",""t03"",""t04""],""t08"":[""t05"",""t06"",""t07""]}"
EXP-08,confirmatory,exp08_confirmatory_n8_mixed_lognormal_05,n8_mixed_lognormal,8,mixed,lognormal,medium,5,2,5864854980666332031,0.5263157894736842105263157895,t01->t03->t06->t08,120,2,tied,0.3,0.7,"[""24"",""24"",""48"",""36"",""24"",""24"",""24"",""24""]","[""1.642"",""4.256"",""3.283"",""6.384"",""4.256"",""1.642"",""4.256"",""1.641""]","[""3.831"",""1.824"",""7.661"",""2.736"",""1.824"",""3.830"",""1.824"",""3.830""]","{""t01"":[],""t02"":[""t01""],""t03"":[""t01""],""t04"":[""t01""],""t05"":[""t03""],""t06"":[""t03"",""t04""],""t07"":[""t02""],""t08"":[""t05"",""t06"",""t07""]}"
EXP-08,confirmatory,exp08_confirmatory_n8_mixed_lognormal_06,n8_mixed_lognormal,8,mixed,lognormal,medium,6,0,14801129365851480439,0.55,t01->t04->t05->t08,132,1,unique,0.3,0.7,"[""24"",""36"",""36"",""24"",""72"",""12"",""24"",""12""]","[""1.571"",""6.720"",""6.720"",""1.571"",""4.713"",""2.240"",""4.480"",""0.785""]","[""3.665"",""2.880"",""2.880"",""3.666"",""10.996"",""0.960"",""1.920"",""1.833""]","{""t01"":[],""t02"":[""t01""],""t03"":[""t01""],""t04"":[""t01""],""t05"":[""t04""],""t06"":[""t04""],""t07"":[""t02"",""t03""],""t08"":[""t05"",""t06"",""t07""]}"
EXP-08,confirmatory,exp08_confirmatory_n8_mixed_lognormal_07,n8_mixed_lognormal,8,mixed,lognormal,medium,7,0,4682939763792578916,0.5833333333333333333333333333,t01->t03->t06->t08,168,1,unique,0.3,0.7,"[""12"",""24"",""60"",""36"",""12"",""60"",""48"",""36""]","[""0.740"",""4.838"",""3.703"",""7.258"",""2.419"",""3.703"",""9.677"",""2.222""]","[""1.728"",""2.074"",""8.640"",""3.110"",""1.037"",""8.640"",""4.147"",""5.184""]","{""t01"":[],""t02"":[""t01""],""t03"":[""t01""],""t04"":[""t01""],""t05"":[""t02"",""t03"",""t04""],""t06"":[""t03"",""t04""],""t07"":[""t03""],""t08"":[""t05"",""t06"",""t07""]}"
EXP-08,confirmatory,exp08_confirmatory_n8_mixed_lognormal_08,n8_mixed_lognormal,8,mixed,lognormal,medium,8,0,3915775244168468202,0.5454545454545454545454545455,t01->t03->t05->t08,144,2,tied,0.3,0.7,"[""12"",""12"",""72"",""36"",""12"",""48"",""24"",""48""]","[""0.792"",""2.218"",""4.752"",""6.653"",""0.792"",""8.870"",""4.435"",""3.168""]","[""1.848"",""0.950"",""11.088"",""2.851"",""1.848"",""3.802"",""1.901"",""7.392""]","{""t01"":[],""t02"":[""t01""],""t03"":[""t01""],""t04"":[""t01""],""t05"":[""t02"",""t03""],""t06"":[""t04""],""t07"":[""t02""],""t08"":[""t04"",""t05"",""t06"",""t07""]}"
EXP-08,confirmatory,exp08_confirmatory_n8_mixed_lognormal_09,n8_mixed_lognormal,8,mixed,lognormal,medium,9,5,4136949700888483521,0.5555555555555555555555555556,t01->t03->t05->t08,120,2,tied,0.3,0.7,"[""36"",""36"",""12"",""24"",""48"",""24"",""12"",""24""]","[""2.333"",""6.804"",""0.778"",""4.536"",""3.110"",""4.536"",""2.268"",""1.555""]","[""5.443"",""2.916"",""1.814"",""1.944"",""7.258"",""1.944"",""0.972"",""3.629""]","{""t01"":[],""t02"":[""t01""],""t03"":[""t01""],""t04"":[""t01""],""t05"":[""t03""],""t06"":[""t02"",""t03""],""t07"":[""t04""],""t08"":[""t05"",""t06"",""t07""]}"
EXP-08,confirmatory,exp08_confirmatory_n8_mixed_lognormal_10,n8_mixed_lognormal,8,mixed,lognormal,medium,10,0,14602295155564998000,0.5625,t01->t04->t07->t08,108,2,tied,0.3,0.7,"[""24"",""24"",""12"",""36"",""36"",""12"",""12"",""36""]","[""1.536"",""4.608"",""2.304"",""2.304"",""6.912"",""2.304"",""0.768"",""2.304""]","[""3.584"",""1.975"",""0.988"",""5.376"",""2.962"",""0.987"",""1.792"",""5.376""]","{""t01"":[],""t02"":[""t01""],""t03"":[""t01""],""t04"":[""t01""],""t05"":[""t03""],""t06"":[""t02"",""t03""],""t07"":[""t04""],""t08"":[""t05"",""t06"",""t07""]}"
EXP-08,confirmatory,exp08_confirmatory_n8_mixed_lognormal_11,n8_mixed_lognormal,8,mixed,lognormal,medium,11,0,36662124724034299,0.5882352941176470588235294118,t01->t04->t06->t08,120,2,tied,0.3,0.7,"[""24"",""36"",""24"",""24"",""12"",""24"",""12"",""48""]","[""1.469"",""7.344"",""4.896"",""1.469"",""2.448"",""1.469"",""2.448"",""2.937""]","[""3.427"",""3.148"",""2.098"",""3.427"",""1.049"",""3.427"",""1.049"",""6.855""]","{""t01"":[],""t02"":[""t01""],""t03"":[""t01""],""t04"":[""t01""],""t05"":[""t04""],""t06"":[""t04""],""t07"":[""t02"",""t03""],""t08"":[""t05"",""t06"",""t07""]}"
EXP-08,confirmatory,exp08_confirmatory_n8_mixed_lognormal_12,n8_mixed_lognormal,8,mixed,lognormal,medium,12,0,7122292719801478275,0.5625,t01->t02->t05->t08,108,1,unique,0.3,0.7,"[""24"",""48"",""36"",""12"",""24"",""24"",""12"",""12""]","[""1.536"",""3.072"",""6.912"",""2.304"",""1.536"",""4.608"",""2.304"",""0.768""]","[""3.584"",""7.168"",""2.962"",""0.987"",""3.584"",""1.975"",""0.988"",""1.792""]","{""t01"":[],""t02"":[""t01""],""t03"":[""t01""],""t04"":[""t01""],""t05"":[""t02"",""t04""],""t06"":[""t04""],""t07"":[""t03""],""t08"":[""t05"",""t06"",""t07""]}"
EXP-08,confirmatory,exp08_confirmatory_n8_mixed_lognormal_13,n8_mixed_lognormal,8,mixed,lognormal,medium,13,1,12673821451903222252,0.5,t01->t02->t06->t08,72,2,tied,0.3,0.7,"[""12"",""24"",""24"",""12"",""12"",""24"",""24"",""12""]","[""0.864"",""1.728"",""4.032"",""2.016"",""2.016"",""1.728"",""4.032"",""0.864""]","[""2.016"",""4.032"",""1.728"",""0.864"",""0.864"",""4.032"",""1.728"",""2.016""]","{""t01"":[],""t02"":[""t01""],""t03"":[""t01""],""t04"":[""t01""],""t05"":[""t04""],""t06"":[""t02"",""t03""],""t07"":[""t04""],""t08"":[""t05"",""t06"",""t07""]}"
EXP-08,confirmatory,exp08_confirmatory_n8_mixed_lognormal_14,n8_mixed_lognormal,8,mixed,lognormal,medium,14,3,15681241869739691389,0.5,t01->t02->t07->t08,120,3,tied,0.3,0.7,"[""36"",""48"",""36"",""48"",""12"",""24"",""24"",""12""]","[""2.592"",""3.456"",""6.048"",""8.064"",""2.016"",""4.032"",""1.728"",""0.864""]","[""6.048"",""8.064"",""2.592"",""3.456"",""0.864"",""1.728"",""4.032"",""2.016""]","{""t01"":[],""t02"":[""t01""],""t03"":[""t01""],""t04"":[""t01""],""t05"":[""t04""],""t06"":[""t02"",""t04""],""t07"":[""t02"",""t03""],""t08"":[""t05"",""t06"",""t07""]}"
EXP-08,confirmatory,exp08_confirmatory_n8_mixed_lognormal_15,n8_mixed_lognormal,8,mixed,lognormal,medium,15,1,9741629342010798590,0.5555555555555555555555555556,t01->t03->t07->t08,120,1,unique,0.3,0.7,"[""24"",""12"",""24"",""24"",""36"",""24"",""48"",""24""]","[""1.555"",""2.268"",""1.555"",""4.536"",""6.804"",""4.536"",""3.111"",""1.555""]","[""3.629"",""0.972"",""3.629"",""1.944"",""2.916"",""1.944"",""7.257"",""3.629""]","{""t01"":[],""t02"":[""t01""],""t03"":[""t01""],""t04"":[""t01""],""t05"":[""t02""],""t06"":[""t02"",""t04""],""t07"":[""t02"",""t03""],""t08"":[""t05"",""t06"",""t07""]}"
EXP-08,confirmatory,exp08_confirmatory_n8_mixed_lognormal_16,n8_mixed_lognormal,8,mixed,lognormal,medium,16,0,2303884935418755001,0.5,t01->t03->t07->t08,132,1,unique,0.3,0.7,"[""36"",""12"",""12"",""48"",""60"",""12"",""72"",""12""]","[""2.592"",""2.016"",""0.864"",""8.064"",""10.080"",""2.016"",""5.184"",""0.864""]","[""6.048"",""0.864"",""2.016"",""3.456"",""4.320"",""0.864"",""12.096"",""2.016""]","{""t01"":[],""t02"":[""t01""],""t03"":[""t01""],""t04"":[""t01""],""t05"":[""t03""],""t06"":[""t02"",""t03"",""t04""],""t07"":[""t03""],""t08"":[""t05"",""t06"",""t07""]}"
EXP-08,confirmatory,exp08_confirmatory_n8_mixed_lognormal_17,n8_mixed_lognormal,8,mixed,lognormal,medium,17,0,6587495898871818578,0.5,t01->t03->t06->t08,60,4,tied,0.3,0.7,"[""12"",""12"",""24"",""24"",""12"",""12"",""12"",""12""]","[""0.864"",""2.016"",""1.728"",""4.032"",""2.016"",""0.864"",""2.016"",""0.864""]","[""2.016"",""0.864"",""4.032"",""1.728"",""0.864"",""2.016"",""0.864"",""2.016""]","{""t01"":[],""t02"":[""t01""],""t03"":[""t01""],""t04"":[""t01""],""t05"":[""t02"",""t03""],""t06"":[""t02"",""t03"",""t04""],""t07"":[""t02"",""t03""],""t08"":[""t05"",""t06"",""t07""]}"
EXP-08,confirmatory,exp08_confirmatory_n8_mixed_lognormal_18,n8_mixed_lognormal,8,mixed,lognormal,medium,18,0,11011067609627459444,0.5789473684210526315789473684,t01->t04->t06->t08,132,2,tied,0.3,0.7,"[""12"",""24"",""12"",""12"",""48"",""60"",""12"",""48""]","[""0.746"",""4.788"",""2.394"",""0.746"",""9.576"",""3.731"",""2.394"",""2.985""]","[""1.741"",""2.052"",""1.026"",""1.741"",""4.104"",""8.706"",""1.026"",""6.964""]","{""t01"":[],""t02"":[""t01""],""t03"":[""t01""],""t04"":[""t01""],""t05"":[""t04""],""t06"":[""t03"",""t04""],""t07"":[""t02""],""t08"":[""t05"",""t06"",""t07""]}"
EXP-08,confirmatory,exp08_confirmatory_n8_mixed_lognormal_19,n8_mixed_lognormal,8,mixed,lognormal,medium,19,4,8281977997457378373,0.5,t01->t04->t07->t08,120,2,tied,0.3,0.7,"[""24"",""24"",""24"",""12"",""60"",""12"",""72"",""12""]","[""1.728"",""4.032"",""4.032"",""0.864"",""10.080"",""2.016"",""5.184"",""0.864""]","[""4.032"",""1.728"",""1.728"",""2.016"",""4.320"",""0.864"",""12.096"",""2.016""]","{""t01"":[],""t02"":[""t01""],""t03"":[""t01""],""t04"":[""t01""],""t05"":[""t02"",""t04""],""t06"":[""t03"",""t04""],""t07"":[""t04""],""t08"":[""t05"",""t06"",""t07""]}"
EXP-08,confirmatory,exp08_confirmatory_n8_chain_like_homogeneous_00,n8_chain_like_homogeneous,8,chain_like,homogeneous,high,0,0,13228177369527108703,0.75,t01->t02->t04->t06->t07->t08,72,3,tied,0.3,0.7,"[""12"",""12"",""12"",""12"",""12"",""12"",""12"",""12""]","[""0.576"",""0.576"",""4.032"",""0.576"",""4.032"",""0.576"",""0.576"",""0.576""]","[""1.344"",""1.344"",""1.728"",""1.344"",""1.728"",""1.344"",""1.344"",""1.344""]","{""t01"":[],""t02"":[""t01""],""t03"":[""t01""],""t04"":[""t02"",""t03""],""t05"":[""t02""],""t06"":[""t04"",""t05""],""t07"":[""t06""],""t08"":[""t07""]}"
EXP-08,confirmatory,exp08_confirmatory_n8_chain_like_homogeneous_01,n8_chain_like_homogeneous,8,chain_like,homogeneous,high,1,0,11375220573071930682,0.75,t01->t02->t04->t06->t07->t08,72,3,tied,0.3,0.7,"[""12"",""12"",""12"",""12"",""12"",""12"",""12"",""12""]","[""0.576"",""0.576"",""4.032"",""0.576"",""4.032"",""0.576"",""0.576"",""0.576""]","[""1.344"",""1.344"",""1.728"",""1.344"",""1.728"",""1.344"",""1.344"",""1.344""]","{""t01"":[],""t02"":[""t01""],""t03"":[""t01""],""t04"":[""t02"",""t03""],""t05"":[""t02""],""t06"":[""t04"",""t05""],""t07"":[""t06""],""t08"":[""t07""]}"
EXP-08,confirmatory,exp08_confirmatory_n8_chain_like_homogeneous_02,n8_chain_like_homogeneous,8,chain_like,homogeneous,high,2,0,6725001514765590648,0.75,t01->t03->t05->t06->t07->t08,72,2,tied,0.3,0.7,"[""12"",""12"",""12"",""12"",""12"",""12"",""12"",""12""]","[""0.576"",""4.032"",""0.576"",""4.032"",""0.576"",""0.576"",""0.576"",""0.576""]","[""1.344"",""1.728"",""1.344"",""1.728"",""1.344"",""1.344"",""1.344"",""1.344""]","{""t01"":[],""t02"":[""t01""],""t03"":[""t01""],""t04"":[""t02""],""t05"":[""t03""],""t06"":[""t04"",""t05""],""t07"":[""t06""],""t08"":[""t07""]}"
EXP-08,confirmatory,exp08_confirmatory_n8_chain_like_homogeneous_03,n8_chain_like_homogeneous,8,chain_like,homogeneous,high,3,0,14495194782719259213,0.75,t01->t02->t04->t06->t07->t08,72,2,tied,0.3,0.7,"[""12"",""12"",""12"",""12"",""12"",""12"",""12"",""12""]","[""0.576"",""0.576"",""4.032"",""0.576"",""4.032"",""0.576"",""0.576"",""0.576""]","[""1.344"",""1.344"",""1.728"",""1.344"",""1.728"",""1.344"",""1.344"",""1.344""]","{""t01"":[],""t02"":[""t01""],""t03"":[""t01""],""t04"":[""t02""],""t05"":[""t03""],""t06"":[""t04"",""t05""],""t07"":[""t06""],""t08"":[""t07""]}"
EXP-08,confirmatory,exp08_confirmatory_n8_chain_like_homogeneous_04,n8_chain_like_homogeneous,8,chain_like,homogeneous,high,4,0,13341252810766270518,0.75,t01->t02->t04->t06->t07->t08,72,2,tied,0.3,0.7,"[""12"",""12"",""12"",""12"",""12"",""12"",""12"",""12""]","[""0.576"",""0.576"",""4.032"",""0.576"",""4.032"",""0.576"",""0.576"",""0.576""]","[""1.344"",""1.344"",""1.728"",""1.344"",""1.728"",""1.344"",""1.344"",""1.344""]","{""t01"":[],""t02"":[""t01""],""t03"":[""t01""],""t04"":[""t02""],""t05"":[""t03""],""t06"":[""t04"",""t05""],""t07"":[""t06""],""t08"":[""t07""]}"
EXP-08,confirmatory,exp08_confirmatory_n8_chain_like_homogeneous_05,n8_chain_like_homogeneous,8,chain_like,homogeneous,high,5,0,1748828465973202184,0.75,t01->t02->t04->t06->t07->t08,72,3,tied,0.3,0.7,"[""12"",""12"",""12"",""12"",""12"",""12"",""12"",""12""]","[""0.576"",""0.576"",""4.032"",""0.576"",""4.032"",""0.576"",""0.576"",""0.576""]","[""1.344"",""1.344"",""1.728"",""1.344"",""1.728"",""1.344"",""1.344"",""1.344""]","{""t01"":[],""t02"":[""t01""],""t03"":[""t01""],""t04"":[""t02""],""t05"":[""t02"",""t03""],""t06"":[""t04"",""t05""],""t07"":[""t06""],""t08"":[""t07""]}"
EXP-08,confirmatory,exp08_confirmatory_n8_chain_like_homogeneous_06,n8_chain_like_homogeneous,8,chain_like,homogeneous,high,6,0,13833764925507807419,0.75,t01->t02->t05->t06->t07->t08,72,3,tied,0.3,0.7,"[""12"",""12"",""12"",""12"",""12"",""12"",""12"",""12""]","[""0.576"",""0.576"",""4.032"",""4.032"",""0.576"",""0.576"",""0.576"",""0.576""]","[""1.344"",""1.344"",""1.728"",""1.728"",""1.344"",""1.344"",""1.344"",""1.344""]","{""t01"":[],""t02"":[""t01""],""t03"":[""t01""],""t04"":[""t03""],""t05"":[""t02"",""t03""],""t06"":[""t04"",""t05""],""t07"":[""t06""],""t08"":[""t07""]}"
EXP-08,confirmatory,exp08_confirmatory_n8_chain_like_homogeneous_07,n8_chain_like_homogeneous,8,chain_like,homogeneous,high,7,0,12323623129995771515,0.75,t01->t03->t05->t06->t07->t08,72,2,tied,0.3,0.7,"[""12"",""12"",""12"",""12"",""12"",""12"",""12"",""12""]","[""0.576"",""4.032"",""0.576"",""4.032"",""0.576"",""0.576"",""0.576"",""0.576""]","[""1.344"",""1.728"",""1.344"",""1.728"",""1.344"",""1.344"",""1.344"",""1.344""]","{""t01"":[],""t02"":[""t01""],""t03"":[""t01""],""t04"":[""t02""],""t05"":[""t03""],""t06"":[""t04"",""t05""],""t07"":[""t06""],""t08"":[""t07""]}"
EXP-08,confirmatory,exp08_confirmatory_n8_chain_like_homogeneous_08,n8_chain_like_homogeneous,8,chain_like,homogeneous,high,8,0,5753352118267063026,0.75,t01->t02->t04->t06->t07->t08,72,2,tied,0.3,0.7,"[""12"",""12"",""12"",""12"",""12"",""12"",""12"",""12""]","[""0.576"",""0.576"",""4.032"",""0.576"",""4.032"",""0.576"",""0.576"",""0.576""]","[""1.344"",""1.344"",""1.728"",""1.344"",""1.728"",""1.344"",""1.344"",""1.344""]","{""t01"":[],""t02"":[""t01""],""t03"":[""t01""],""t04"":[""t02""],""t05"":[""t03""],""t06"":[""t04"",""t05""],""t07"":[""t06""],""t08"":[""t07""]}"
EXP-08,confirmatory,exp08_confirmatory_n8_chain_like_homogeneous_09,n8_chain_like_homogeneous,8,chain_like,homogeneous,high,9,0,10674888542866903883,0.75,t01->t02->t05->t06->t07->t08,72,3,tied,0.3,0.7,"[""12"",""12"",""12"",""12"",""12"",""12"",""12"",""12""]","[""0.576"",""0.576"",""4.032"",""4.032"",""0.576"",""0.576"",""0.576"",""0.576""]","[""1.344"",""1.344"",""1.728"",""1.728"",""1.344"",""1.344"",""1.344"",""1.344""]","{""t01"":[],""t02"":[""t01""],""t03"":[""t01""],""t04"":[""t02"",""t03""],""t05"":[""t02""],""t06"":[""t04"",""t05""],""t07"":[""t06""],""t08"":[""t07""]}"
EXP-08,confirmatory,exp08_confirmatory_n8_chain_like_homogeneous_10,n8_chain_like_homogeneous,8,chain_like,homogeneous,high,10,0,11930562602768028997,0.75,t01->t02->t05->t06->t07->t08,72,3,tied,0.3,0.7,"[""12"",""12"",""12"",""12"",""12"",""12"",""12"",""12""]","[""0.576"",""0.576"",""4.032"",""4.032"",""0.576"",""0.576"",""0.576"",""0.576""]","[""1.344"",""1.344"",""1.728"",""1.728"",""1.344"",""1.344"",""1.344"",""1.344""]","{""t01"":[],""t02"":[""t01""],""t03"":[""t01""],""t04"":[""t02""],""t05"":[""t02"",""t03""],""t06"":[""t04"",""t05""],""t07"":[""t06""],""t08"":[""t07""]}"
EXP-08,confirmatory,exp08_confirmatory_n8_chain_like_homogeneous_11,n8_chain_like_homogeneous,8,chain_like,homogeneous,high,11,0,18195796238244998050,0.75,t01->t02->t04->t06->t07->t08,72,2,tied,0.3,0.7,"[""12"",""12"",""12"",""12"",""12"",""12"",""12"",""12""]","[""0.576"",""0.576"",""4.032"",""0.576"",""4.032"",""0.576"",""0.576"",""0.576""]","[""1.344"",""1.344"",""1.728"",""1.344"",""1.728"",""1.344"",""1.344"",""1.344""]","{""t01"":[],""t02"":[""t01""],""t03"":[""t01""],""t04"":[""t02""],""t05"":[""t03""],""t06"":[""t04"",""t05""],""t07"":[""t06""],""t08"":[""t07""]}"
EXP-08,confirmatory,exp08_confirmatory_n8_chain_like_homogeneous_12,n8_chain_like_homogeneous,8,chain_like,homogeneous,high,12,0,5853913992426309291,0.75,t01->t02->t04->t06->t07->t08,72,2,tied,0.3,0.7,"[""12"",""12"",""12"",""12"",""12"",""12"",""12"",""12""]","[""0.576"",""0.576"",""4.032"",""0.576"",""4.032"",""0.576"",""0.576"",""0.576""]","[""1.344"",""1.344"",""1.728"",""1.344"",""1.728"",""1.344"",""1.344"",""1.344""]","{""t01"":[],""t02"":[""t01""],""t03"":[""t01""],""t04"":[""t02""],""t05"":[""t03""],""t06"":[""t04"",""t05""],""t07"":[""t06""],""t08"":[""t07""]}"
EXP-08,confirmatory,exp08_confirmatory_n8_chain_like_homogeneous_13,n8_chain_like_homogeneous,8,chain_like,homogeneous,high,13,0,17518961867886179850,0.75,t01->t03->t05->t06->t07->t08,72,3,tied,0.3,0.7,"[""12"",""12"",""12"",""12"",""12"",""12"",""12"",""12""]","[""0.576"",""4.032"",""0.576"",""4.032"",""0.576"",""0.576"",""0.576"",""0.576""]","[""1.344"",""1.728"",""1.344"",""1.728"",""1.344"",""1.344"",""1.344"",""1.344""]","{""t01"":[],""t02"":[""t01""],""t03"":[""t01""],""t04"":[""t03""],""t05"":[""t02"",""t03""],""t06"":[""t04"",""t05""],""t07"":[""t06""],""t08"":[""t07""]}"
EXP-08,confirmatory,exp08_confirmatory_n8_chain_like_homogeneous_14,n8_chain_like_homogeneous,8,chain_like,homogeneous,high,14,0,13461232425519319181,0.75,t01->t03->t04->t06->t07->t08,72,3,tied,0.3,0.7,"[""12"",""12"",""12"",""12"",""12"",""12"",""12"",""12""]","[""0.576"",""4.032"",""0.576"",""0.576"",""4.032"",""0.576"",""0.576"",""0.576""]","[""1.344"",""1.728"",""1.344"",""1.344"",""1.728"",""1.344"",""1.344"",""1.344""]","{""t01"":[],""t02"":[""t01""],""t03"":[""t01""],""t04"":[""t03""],""t05"":[""t02"",""t03""],""t06"":[""t04"",""t05""],""t07"":[""t06""],""t08"":[""t07""]}"
EXP-08,confirmatory,exp08_confirmatory_n8_chain_like_homogeneous_15,n8_chain_like_homogeneous,8,chain_like,homogeneous,high,15,0,5233165659652738414,0.75,t01->t03->t04->t06->t07->t08,72,3,tied,0.3,0.7,"[""12"",""12"",""12"",""12"",""12"",""12"",""12"",""12""]","[""0.576"",""4.032"",""0.576"",""0.576"",""4.032"",""0.576"",""0.576"",""0.576""]","[""1.344"",""1.728"",""1.344"",""1.344"",""1.728"",""1.344"",""1.344"",""1.344""]","{""t01"":[],""t02"":[""t01""],""t03"":[""t01""],""t04"":[""t02"",""t03""],""t05"":[""t02""],""t06"":[""t04"",""t05""],""t07"":[""t06""],""t08"":[""t07""]}"
EXP-08,confirmatory,exp08_confirmatory_n8_chain_like_homogeneous_16,n8_chain_like_homogeneous,8,chain_like,homogeneous,high,16,0,7395753343939121943,0.75,t01->t02->t04->t06->t07->t08,72,2,tied,0.3,0.7,"[""12"",""12"",""12"",""12"",""12"",""12"",""12"",""12""]","[""0.576"",""0.576"",""4.032"",""0.576"",""4.032"",""0.576"",""0.576"",""0.576""]","[""1.344"",""1.344"",""1.728"",""1.344"",""1.728"",""1.344"",""1.344"",""1.344""]","{""t01"":[],""t02"":[""t01""],""t03"":[""t01""],""t04"":[""t02""],""t05"":[""t03""],""t06"":[""t04"",""t05""],""t07"":[""t06""],""t08"":[""t07""]}"
EXP-08,confirmatory,exp08_confirmatory_n8_chain_like_homogeneous_17,n8_chain_like_homogeneous,8,chain_like,homogeneous,high,17,0,17907633579909920228,0.75,t01->t02->t05->t06->t07->t08,72,3,tied,0.3,0.7,"[""12"",""12"",""12"",""12"",""12"",""12"",""12"",""12""]","[""0.576"",""0.576"",""4.032"",""4.032"",""0.576"",""0.576"",""0.576"",""0.576""]","[""1.344"",""1.344"",""1.728"",""1.728"",""1.344"",""1.344"",""1.344"",""1.344""]","{""t01"":[],""t02"":[""t01""],""t03"":[""t01""],""t04"":[""t02""],""t05"":[""t02"",""t03""],""t06"":[""t04"",""t05""],""t07"":[""t06""],""t08"":[""t07""]}"
EXP-08,confirmatory,exp08_confirmatory_n8_chain_like_homogeneous_18,n8_chain_like_homogeneous,8,chain_like,homogeneous,high,18,0,17626853028533600591,0.75,t01->t02->t04->t06->t07->t08,72,2,tied,0.3,0.7,"[""12"",""12"",""12"",""12"",""12"",""12"",""12"",""12""]","[""0.576"",""0.576"",""4.032"",""0.576"",""4.032"",""0.576"",""0.576"",""0.576""]","[""1.344"",""1.344"",""1.728"",""1.344"",""1.728"",""1.344"",""1.344"",""1.344""]","{""t01"":[],""t02"":[""t01""],""t03"":[""t01""],""t04"":[""t02""],""t05"":[""t03""],""t06"":[""t04"",""t05""],""t07"":[""t06""],""t08"":[""t07""]}"
EXP-08,confirmatory,exp08_confirmatory_n8_chain_like_homogeneous_19,n8_chain_like_homogeneous,8,chain_like,homogeneous,high,19,0,3159734238263478661,0.75,t01->t03->t04->t06->t07->t08,72,3,tied,0.3,0.7,"[""12"",""12"",""12"",""12"",""12"",""12"",""12"",""12""]","[""0.576"",""4.032"",""0.576"",""0.576"",""4.032"",""0.576"",""0.576"",""0.576""]","[""1.344"",""1.728"",""1.344"",""1.344"",""1.728"",""1.344"",""1.344"",""1.344""]","{""t01"":[],""t02"":[""t01""],""t03"":[""t01""],""t04"":[""t02"",""t03""],""t05"":[""t03""],""t06"":[""t04"",""t05""],""t07"":[""t06""],""t08"":[""t07""]}"
EXP-08,confirmatory,exp08_confirmatory_n8_chain_like_lognormal_00,n8_chain_like_lognormal,8,chain_like,lognormal,high,0,0,9002503461132284091,0.9,t01->t03->t05->t06->t07->t08,216,1,unique,0.3,0.7,"[""36"",""12"",""48"",""12"",""24"",""48"",""36"",""24""]","[""1.440"",""10.080"",""1.920"",""10.080"",""0.960"",""1.920"",""1.440"",""0.960""]","[""3.360"",""4.320"",""4.480"",""4.320"",""2.240"",""4.480"",""3.360"",""2.240""]","{""t01"":[],""t02"":[""t01""],""t03"":[""t01""],""t04"":[""t02"",""t03""],""t05"":[""t02"",""t03""],""t06"":[""t04"",""t05""],""t07"":[""t06""],""t08"":[""t07""]}"
EXP-08,confirmatory,exp08_confirmatory_n8_chain_like_lognormal_01,n8_chain_like_lognormal,8,chain_like,lognormal,high,1,0,8600707865892994734,0.8823529411764705882352941176,t01->t03->t05->t06->t07->t08,180,2,tied,0.3,0.7,"[""24"",""12"",""36"",""12"",""12"",""36"",""36"",""36""]","[""0.979"",""8.568"",""1.469"",""8.568"",""0.489"",""1.469"",""1.469"",""1.469""]","[""2.285"",""3.672"",""3.427"",""3.672"",""1.143"",""3.427"",""3.427"",""3.427""]","{""t01"":[],""t02"":[""t01""],""t03"":[""t01""],""t04"":[""t03""],""t05"":[""t02"",""t03""],""t06"":[""t04"",""t05""],""t07"":[""t06""],""t08"":[""t07""]}"
EXP-08,confirmatory,exp08_confirmatory_n8_chain_like_lognormal_02,n8_chain_like_lognormal,8,chain_like,lognormal,high,2,0,7329683998311606769,0.7777777777777777777777777778,t01->t03->t04->t06->t07->t08,168,1,unique,0.3,0.7,"[""36"",""24"",""48"",""24"",""24"",""24"",""12"",""24""]","[""1.666"",""9.072"",""2.222"",""1.111"",""9.072"",""1.111"",""0.555"",""1.111""]","[""3.888"",""3.888"",""5.184"",""2.592"",""3.888"",""2.592"",""1.296"",""2.592""]","{""t01"":[],""t02"":[""t01""],""t03"":[""t01""],""t04"":[""t02"",""t03""],""t05"":[""t02""],""t06"":[""t04"",""t05""],""t07"":[""t06""],""t08"":[""t07""]}"
EXP-08,confirmatory,exp08_confirmatory_n8_chain_like_lognormal_03,n8_chain_like_lognormal,8,chain_like,lognormal,high,3,0,15387905264651837949,0.8260869565217391304347826087,t01->t03->t05->t06->t07->t08,228,2,tied,0.3,0.7,"[""72"",""12"",""24"",""36"",""24"",""24"",""24"",""60""]","[""3.137"",""5.796"",""1.046"",""17.388"",""1.046"",""1.046"",""1.046"",""2.615""]","[""7.321"",""2.484"",""2.441"",""7.452"",""2.440"",""2.440"",""2.441"",""6.101""]","{""t01"":[],""t02"":[""t01""],""t03"":[""t01""],""t04"":[""t02""],""t05"":[""t03""],""t06"":[""t04"",""t05""],""t07"":[""t06""],""t08"":[""t07""]}"
EXP-08,confirmatory,exp08_confirmatory_n8_chain_like_lognormal_04,n8_chain_like_lognormal,8,chain_like,lognormal,high,4,0,12141726741157879957,0.7777777777777777777777777778,t01->t02->t04->t06->t07->t08,168,1,unique,0.3,0.7,"[""12"",""24"",""36"",""36"",""12"",""12"",""48"",""36""]","[""0.556"",""1.111"",""13.608"",""1.666"",""4.536"",""0.555"",""2.222"",""1.666""]","[""1.296"",""2.592"",""5.832"",""3.888"",""1.944"",""1.296"",""5.184"",""3.888""]","{""t01"":[],""t02"":[""t01""],""t03"":[""t01""],""t04"":[""t02""],""t05"":[""t02"",""t03""],""t06"":[""t04"",""t05""],""t07"":[""t06""],""t08"":[""t07""]}"
EXP-08,confirmatory,exp08_confirmatory_n8_chain_like_lognormal_05,n8_chain_like_lognormal,8,chain_like,lognormal,high,5,0,16592903552230016332,0.7777777777777777777777777778,t01->t03->t05->t06->t07->t08,168,2,tied,0.3,0.7,"[""48"",""12"",""12"",""36"",""48"",""24"",""12"",""24""]","[""2.222"",""4.536"",""0.555"",""13.608"",""2.222"",""1.111"",""0.555"",""1.111""]","[""5.184"",""1.944"",""1.296"",""5.832"",""5.184"",""2.592"",""1.296"",""2.592""]","{""t01"":[],""t02"":[""t01""],""t03"":[""t01""],""t04"":[""t03""],""t05"":[""t02"",""t03""],""t06"":[""t04"",""t05""],""t07"":[""t06""],""t08"":[""t07""]}"
EXP-08,confirmatory,exp08_confirmatory_n8_chain_like_lognormal_06,n8_chain_like_lognormal,8,chain_like,lognormal,high,6,0,12178201111090236625,0.8095238095238095238095238095,t01->t02->t04->t06->t07->t08,204,1,unique,0.3,0.7,"[""36"",""36"",""12"",""24"",""36"",""48"",""24"",""36""]","[""1.601"",""1.601"",""5.292"",""1.067"",""15.876"",""2.135"",""1.067"",""1.601""]","[""3.735"",""3.736"",""2.268"",""2.490"",""6.804"",""4.981"",""2.490"",""3.736""]","{""t01"":[],""t02"":[""t01""],""t03"":[""t01""],""t04"":[""t02"",""t03""],""t05"":[""t03""],""t06"":[""t04"",""t05""],""t07"":[""t06""],""t08"":[""t07""]}"
EXP-08,confirmatory,exp08_confirmatory_n8_chain_like_lognormal_07,n8_chain_like_lognormal,8,chain_like,lognormal,high,7,0,14471995099249530097,0.7727272727272727272727272727,t01->t03->t04->t06->t07->t08,204,1,unique,0.3,0.7,"[""36"",""24"",""72"",""24"",""36"",""12"",""48"",""12""]","[""1.677"",""8.870"",""3.355"",""1.118"",""13.306"",""0.559"",""2.236"",""0.559""]","[""3.913"",""3.802"",""7.827"",""2.609"",""5.702"",""1.305"",""5.218"",""1.304""]","{""t01"":[],""t02"":[""t01""],""t03"":[""t01""],""t04"":[""t03""],""t05"":[""t02""],""t06"":[""t04"",""t05""],""t07"":[""t06""],""t08"":[""t07""]}"
EXP-08,confirmatory,exp08_confirmatory_n8_chain_like_lognormal_08,n8_chain_like_lognormal,8,chain_like,lognormal,high,8,0,9884237202086032685,0.8333333333333333333333333333,t01->t02->t04->t06->t07->t08,240,1,unique,0.3,0.7,"[""36"",""72"",""24"",""24"",""24"",""60"",""36"",""12""]","[""1.555"",""3.110"",""12.096"",""1.037"",""12.096"",""2.592"",""1.555"",""0.519""]","[""3.629"",""7.258"",""5.184"",""2.419"",""5.184"",""6.048"",""3.629"",""1.209""]","{""t01"":[],""t02"":[""t01""],""t03"":[""t01""],""t04"":[""t02""],""t05"":[""t03""],""t06"":[""t04"",""t05""],""t07"":[""t06""],""t08"":[""t07""]}"
EXP-08,confirmatory,exp08_confirmatory_n8_chain_like_lognormal_09,n8_chain_like_lognormal,8,chain_like,lognormal,high,9,0,12926663098759993453,0.7058823529411764705882352941,t01->t02->t04->t06->t07->t08,144,2,tied,0.3,0.7,"[""24"",""36"",""36"",""24"",""24"",""12"",""36"",""12""]","[""1.224"",""1.836"",""10.282"",""1.224"",""6.854"",""0.612"",""1.836"",""0.612""]","[""2.856"",""4.284"",""4.406"",""2.856"",""2.938"",""1.428"",""4.284"",""1.428""]","{""t01"":[],""t02"":[""t01""],""t03"":[""t01""],""t04"":[""t02""],""t05"":[""t03""],""t06"":[""t04"",""t05""],""t07"":[""t06""],""t08"":[""t07""]}"
EXP-08,confirmatory,exp08_confirmatory_n8_chain_like_lognormal_10,n8_chain_like_lognormal,8,chain_like,lognormal,high,10,0,2058522734514205823,0.7727272727272727272727272727,t01->t02->t05->t06->t07->t08,204,1,unique,0.3,0.7,"[""24"",""60"",""36"",""24"",""12"",""36"",""36"",""36""]","[""1.118"",""2.796"",""13.306"",""8.870"",""0.559"",""1.677"",""1.677"",""1.677""]","[""2.609"",""6.522"",""5.702"",""3.802"",""1.305"",""3.914"",""3.913"",""3.913""]","{""t01"":[],""t02"":[""t01""],""t03"":[""t01""],""t04"":[""t03""],""t05"":[""t02""],""t06"":[""t04"",""t05""],""t07"":[""t06""],""t08"":[""t07""]}"
EXP-08,confirmatory,exp08_confirmatory_n8_chain_like_lognormal_11,n8_chain_like_lognormal,8,chain_like,lognormal,high,11,0,12514550657355460501,0.8333333333333333333333333333,t01->t03->t04->t06->t07->t08,180,1,unique,0.3,0.7,"[""12"",""24"",""60"",""24"",""12"",""12"",""36"",""36""]","[""0.519"",""12.096"",""2.592"",""1.037"",""6.048"",""0.518"",""1.555"",""1.555""]","[""1.210"",""5.184"",""6.048"",""2.419"",""2.592"",""1.209"",""3.629"",""3.629""]","{""t01"":[],""t02"":[""t01""],""t03"":[""t01""],""t04"":[""t02"",""t03""],""t05"":[""t03""],""t06"":[""t04"",""t05""],""t07"":[""t06""],""t08"":[""t07""]}"
EXP-08,confirmatory,exp08_confirmatory_n8_chain_like_lognormal_12,n8_chain_like_lognormal,8,chain_like,lognormal,high,12,0,7684186058830295699,0.7272727272727272727272727273,t01->t03->t04->t06->t07->t08,192,1,unique,0.3,0.7,"[""24"",""24"",""24"",""72"",""48"",""12"",""36"",""24""]","[""1.188"",""7.392"",""1.188"",""3.564"",""14.784"",""0.594"",""1.782"",""1.188""]","[""2.772"",""3.168"",""2.772"",""8.316"",""6.336"",""1.386"",""4.158"",""2.772""]","{""t01"":[],""t02"":[""t01""],""t03"":[""t01""],""t04"":[""t03""],""t05"":[""t02"",""t03""],""t06"":[""t04"",""t05""],""t07"":[""t06""],""t08"":[""t07""]}"
EXP-08,confirmatory,exp08_confirmatory_n8_chain_like_lognormal_13,n8_chain_like_lognormal,8,chain_like,lognormal,high,13,0,5582676014110116177,0.7857142857142857142857142857,t01->t02->t05->t06->t07->t08,132,1,unique,0.3,0.7,"[""24"",""12"",""12"",""24"",""36"",""24"",""24"",""12""]","[""1.099"",""0.550"",""4.704"",""9.408"",""1.649"",""1.100"",""1.100"",""0.550""]","[""2.566"",""1.283"",""2.016"",""4.032"",""3.848"",""2.566"",""2.566"",""1.283""]","{""t01"":[],""t02"":[""t01""],""t03"":[""t01""],""t04"":[""t03""],""t05"":[""t02""],""t06"":[""t04"",""t05""],""t07"":[""t06""],""t08"":[""t07""]}"
EXP-08,confirmatory,exp08_confirmatory_n8_chain_like_lognormal_14,n8_chain_like_lognormal,8,chain_like,lognormal,high,14,0,8252104377885368717,0.75,t01->t03->t05->t06->t07->t08,144,2,tied,0.3,0.7,"[""12"",""24"",""24"",""24"",""24"",""36"",""24"",""24""]","[""0.576"",""8.064"",""1.152"",""8.064"",""1.152"",""1.728"",""1.152"",""1.152""]","[""1.344"",""3.456"",""2.688"",""3.456"",""2.688"",""4.032"",""2.688"",""2.688""]","{""t01"":[],""t02"":[""t01""],""t03"":[""t01""],""t04"":[""t02""],""t05"":[""t03""],""t06"":[""t04"",""t05""],""t07"":[""t06""],""t08"":[""t07""]}"
EXP-08,confirmatory,exp08_confirmatory_n8_chain_like_lognormal_15,n8_chain_like_lognormal,8,chain_like,lognormal,high,15,0,6612887952664596483,0.85,t01->t02->t04->t06->t07->t08,204,2,tied,0.3,0.7,"[""12"",""24"",""24"",""24"",""12"",""72"",""24"",""48""]","[""0.508"",""1.016"",""13.440"",""1.017"",""6.720"",""3.049"",""1.017"",""2.033""]","[""1.186"",""2.372"",""5.760"",""2.372"",""2.880"",""7.115"",""2.372"",""4.743""]","{""t01"":[],""t02"":[""t01""],""t03"":[""t01""],""t04"":[""t02"",""t03""],""t05"":[""t03""],""t06"":[""t04"",""t05""],""t07"":[""t06""],""t08"":[""t07""]}"
EXP-08,confirmatory,exp08_confirmatory_n8_chain_like_lognormal_16,n8_chain_like_lognormal,8,chain_like,lognormal,high,16,0,3945305051735467792,0.8,t01->t03->t05->t06->t07->t08,240,1,unique,0.3,0.7,"[""12"",""24"",""36"",""36"",""72"",""72"",""24"",""24""]","[""0.540"",""10.080"",""1.620"",""15.120"",""3.240"",""3.240"",""1.080"",""1.080""]","[""1.260"",""4.320"",""3.780"",""6.480"",""7.560"",""7.560"",""2.520"",""2.520""]","{""t01"":[],""t02"":[""t01""],""t03"":[""t01""],""t04"":[""t03""],""t05"":[""t02"",""t03""],""t06"":[""t04"",""t05""],""t07"":[""t06""],""t08"":[""t07""]}"
EXP-08,confirmatory,exp08_confirmatory_n8_chain_like_lognormal_17,n8_chain_like_lognormal,8,chain_like,lognormal,high,17,0,3074656468855769240,0.8333333333333333333333333333,t01->t02->t04->t06->t07->t08,180,2,tied,0.3,0.7,"[""12"",""60"",""24"",""12"",""12"",""48"",""36"",""12""]","[""0.518"",""2.592"",""12.096"",""0.519"",""6.048"",""2.074"",""1.555"",""0.518""]","[""1.209"",""6.048"",""5.184"",""1.210"",""2.592"",""4.838"",""3.629"",""1.210""]","{""t01"":[],""t02"":[""t01""],""t03"":[""t01""],""t04"":[""t02""],""t05"":[""t02"",""t03""],""t06"":[""t04"",""t05""],""t07"":[""t06""],""t08"":[""t07""]}"
EXP-08,confirmatory,exp08_confirmatory_n8_chain_like_lognormal_18,n8_chain_like_lognormal,8,chain_like,lognormal,high,18,0,10654672125473044400,0.75,t01->t03->t04->t06->t07->t08,108,2,tied,0.3,0.7,"[""24"",""24"",""24"",""12"",""12"",""12"",""12"",""24""]","[""1.152"",""8.064"",""1.152"",""0.576"",""4.032"",""0.576"",""0.576"",""1.152""]","[""2.688"",""3.456"",""2.688"",""1.344"",""1.728"",""1.344"",""1.344"",""2.688""]","{""t01"":[],""t02"":[""t01""],""t03"":[""t01""],""t04"":[""t03""],""t05"":[""t02""],""t06"":[""t04"",""t05""],""t07"":[""t06""],""t08"":[""t07""]}"
EXP-08,confirmatory,exp08_confirmatory_n8_chain_like_lognormal_19,n8_chain_like_lognormal,8,chain_like,lognormal,high,19,0,10466630520885840321,0.8235294117647058823529411765,t01->t03->t04->t06->t07->t08,168,2,tied,0.3,0.7,"[""48"",""24"",""24"",""36"",""12"",""24"",""24"",""12""]","[""2.098"",""11.424"",""1.049"",""1.574"",""5.712"",""1.049"",""1.049"",""0.525""]","[""4.896"",""4.896"",""2.448"",""3.672"",""2.448"",""2.448"",""2.448"",""1.224""]","{""t01"":[],""t02"":[""t01""],""t03"":[""t01""],""t04"":[""t02"",""t03""],""t05"":[""t02""],""t06"":[""t04"",""t05""],""t07"":[""t06""],""t08"":[""t07""]}"
EXP-08,confirmatory,exp08_confirmatory_n16_wide_layered_homogeneous_00,n16_wide_layered_homogeneous,16,wide_layered,homogeneous,low,0,0,3503792020226700900,0.1875,t01->t12->t16,36,14,tied,0.3,0.7,"[""12"",""12"",""12"",""12"",""12"",""12"",""12"",""12"",""12"",""12"",""12"",""12"",""12"",""12"",""12"",""12""]","[""2.304"",""1.240"",""1.241"",""1.241"",""1.241"",""1.240"",""1.240"",""1.241"",""1.241"",""1.240"",""1.241"",""2.304"",""1.241"",""1.241"",""1.240"",""2.304""]","[""5.376"",""0.532"",""0.532"",""0.531"",""0.532"",""0.532"",""0.531"",""0.532"",""0.532"",""0.531"",""0.531"",""5.376"",""0.532"",""0.532"",""0.532"",""5.376""]","{""t01"":[],""t02"":[""t01""],""t03"":[""t01""],""t04"":[""t01""],""t05"":[""t01""],""t06"":[""t01""],""t07"":[""t01""],""t08"":[""t01""],""t09"":[""t01""],""t10"":[""t01""],""t11"":[""t01""],""t12"":[""t01""],""t13"":[""t01""],""t14"":[""t01""],""t15"":[""t01""],""t16"":[""t02"",""t03"",""t04"",""t05"",""t06"",""t07"",""t08"",""t09"",""t10"",""t11"",""t12"",""t13"",""t14"",""t15""]}"
EXP-08,confirmatory,exp08_confirmatory_n16_wide_layered_homogeneous_01,n16_wide_layered_homogeneous,16,wide_layered,homogeneous,low,1,0,16955498599499774808,0.1875,t01->t10->t16,36,14,tied,0.3,0.7,"[""12"",""12"",""12"",""12"",""12"",""12"",""12"",""12"",""12"",""12"",""12"",""12"",""12"",""12"",""12"",""12""]","[""2.304"",""1.241"",""1.241"",""1.241"",""1.241"",""1.240"",""1.241"",""1.240"",""1.240"",""2.304"",""1.240"",""1.240"",""1.241"",""1.241"",""1.241"",""2.304""]","[""5.376"",""0.531"",""0.532"",""0.532"",""0.531"",""0.532"",""0.531"",""0.532"",""0.532"",""5.376"",""0.532"",""0.532"",""0.532"",""0.532"",""0.531"",""5.376""]","{""t01"":[],""t02"":[""t01""],""t03"":[""t01""],""t04"":[""t01""],""t05"":[""t01""],""t06"":[""t01""],""t07"":[""t01""],""t08"":[""t01""],""t09"":[""t01""],""t10"":[""t01""],""t11"":[""t01""],""t12"":[""t01""],""t13"":[""t01""],""t14"":[""t01""],""t15"":[""t01""],""t16"":[""t02"",""t03"",""t04"",""t05"",""t06"",""t07"",""t08"",""t09"",""t10"",""t11"",""t12"",""t13"",""t14"",""t15""]}"
EXP-08,confirmatory,exp08_confirmatory_n16_wide_layered_homogeneous_02,n16_wide_layered_homogeneous,16,wide_layered,homogeneous,low,2,0,14383501851665714668,0.1875,t01->t08->t16,36,14,tied,0.3,0.7,"[""12"",""12"",""12"",""12"",""12"",""12"",""12"",""12"",""12"",""12"",""12"",""12"",""12"",""12"",""12"",""12""]","[""2.304"",""1.240"",""1.241"",""1.241"",""1.240"",""1.241"",""1.241"",""2.304"",""1.240"",""1.241"",""1.241"",""1.240"",""1.240"",""1.241"",""1.241"",""2.304""]","[""5.376"",""0.531"",""0.532"",""0.532"",""0.532"",""0.532"",""0.532"",""5.376"",""0.532"",""0.531"",""0.532"",""0.532"",""0.531"",""0.532"",""0.531"",""5.376""]","{""t01"":[],""t02"":[""t01""],""t03"":[""t01""],""t04"":[""t01""],""t05"":[""t01""],""t06"":[""t01""],""t07"":[""t01""],""t08"":[""t01""],""t09"":[""t01""],""t10"":[""t01""],""t11"":[""t01""],""t12"":[""t01""],""t13"":[""t01""],""t14"":[""t01""],""t15"":[""t01""],""t16"":[""t02"",""t03"",""t04"",""t05"",""t06"",""t07"",""t08"",""t09"",""t10"",""t11"",""t12"",""t13"",""t14"",""t15""]}"
EXP-08,confirmatory,exp08_confirmatory_n16_wide_layered_homogeneous_03,n16_wide_layered_homogeneous,16,wide_layered,homogeneous,low,3,0,757934425640005968,0.1875,t01->t08->t16,36,14,tied,0.3,0.7,"[""12"",""12"",""12"",""12"",""12"",""12"",""12"",""12"",""12"",""12"",""12"",""12"",""12"",""12"",""12"",""12""]","[""2.304"",""1.241"",""1.241"",""1.241"",""1.241"",""1.240"",""1.241"",""2.304"",""1.240"",""1.241"",""1.240"",""1.240"",""1.241"",""1.240"",""1.241"",""2.304""]","[""5.376"",""0.532"",""0.532"",""0.532"",""0.532"",""0.531"",""0.531"",""5.376"",""0.532"",""0.532"",""0.532"",""0.532"",""0.531"",""0.531"",""0.532"",""5.376""]","{""t01"":[],""t02"":[""t01""],""t03"":[""t01""],""t04"":[""t01""],""t05"":[""t01""],""t06"":[""t01""],""t07"":[""t01""],""t08"":[""t01""],""t09"":[""t01""],""t10"":[""t01""],""t11"":[""t01""],""t12"":[""t01""],""t13"":[""t01""],""t14"":[""t01""],""t15"":[""t01""],""t16"":[""t02"",""t03"",""t04"",""t05"",""t06"",""t07"",""t08"",""t09"",""t10"",""t11"",""t12"",""t13"",""t14"",""t15""]}"
EXP-08,confirmatory,exp08_confirmatory_n16_wide_layered_homogeneous_04,n16_wide_layered_homogeneous,16,wide_layered,homogeneous,low,4,0,14788759464713637655,0.1875,t01->t10->t16,36,14,tied,0.3,0.7,"[""12"",""12"",""12"",""12"",""12"",""12"",""12"",""12"",""12"",""12"",""12"",""12"",""12"",""12"",""12"",""12""]","[""2.304"",""1.241"",""1.240"",""1.240"",""1.241"",""1.240"",""1.241"",""1.241"",""1.240"",""2.304"",""1.241"",""1.241"",""1.241"",""1.240"",""1.241"",""2.304""]","[""5.376"",""0.532"",""0.532"",""0.531"",""0.532"",""0.532"",""0.532"",""0.532"",""0.531"",""5.376"",""0.532"",""0.531"",""0.532"",""0.531"",""0.532"",""5.376""]","{""t01"":[],""t02"":[""t01""],""t03"":[""t01""],""t04"":[""t01""],""t05"":[""t01""],""t06"":[""t01""],""t07"":[""t01""],""t08"":[""t01""],""t09"":[""t01""],""t10"":[""t01""],""t11"":[""t01""],""t12"":[""t01""],""t13"":[""t01""],""t14"":[""t01""],""t15"":[""t01""],""t16"":[""t02"",""t03"",""t04"",""t05"",""t06"",""t07"",""t08"",""t09"",""t10"",""t11"",""t12"",""t13"",""t14"",""t15""]}"
EXP-08,confirmatory,exp08_confirmatory_n16_wide_layered_homogeneous_05,n16_wide_layered_homogeneous,16,wide_layered,homogeneous,low,5,0,15574233876449567147,0.1875,t01->t03->t16,36,14,tied,0.3,0.7,"[""12"",""12"",""12"",""12"",""12"",""12"",""12"",""12"",""12"",""12"",""12"",""12"",""12"",""12"",""12"",""12""]","[""2.304"",""1.240"",""2.304"",""1.241"",""1.241"",""1.241"",""1.241"",""1.240"",""1.240"",""1.241"",""1.241"",""1.241"",""1.240"",""1.240"",""1.241"",""2.304""]","[""5.376"",""0.532"",""5.376"",""0.532"",""0.532"",""0.532"",""0.532"",""0.531"",""0.532"",""0.531"",""0.532"",""0.531"",""0.532"",""0.532"",""0.531"",""5.376""]","{""t01"":[],""t02"":[""t01""],""t03"":[""t01""],""t04"":[""t01""],""t05"":[""t01""],""t06"":[""t01""],""t07"":[""t01""],""t08"":[""t01""],""t09"":[""t01""],""t10"":[""t01""],""t11"":[""t01""],""t12"":[""t01""],""t13"":[""t01""],""t14"":[""t01""],""t15"":[""t01""],""t16"":[""t02"",""t03"",""t04"",""t05"",""t06"",""t07"",""t08"",""t09"",""t10"",""t11"",""t12"",""t13"",""t14"",""t15""]}"
EXP-08,confirmatory,exp08_confirmatory_n16_wide_layered_homogeneous_06,n16_wide_layered_homogeneous,16,wide_layered,homogeneous,low,6,0,14515216608596669308,0.1875,t01->t02->t16,36,14,tied,0.3,0.7,"[""12"",""12"",""12"",""12"",""12"",""12"",""12"",""12"",""12"",""12"",""12"",""12"",""12"",""12"",""12"",""12""]","[""2.304"",""2.304"",""1.241"",""1.241"",""1.241"",""1.241"",""1.241"",""1.240"",""1.241"",""1.241"",""1.241"",""1.240"",""1.240"",""1.240"",""1.240"",""2.304""]","[""5.376"",""5.376"",""0.532"",""0.532"",""0.532"",""0.531"",""0.532"",""0.532"",""0.532"",""0.531"",""0.532"",""0.532"",""0.531"",""0.531"",""0.532"",""5.376""]","{""t01"":[],""t02"":[""t01""],""t03"":[""t01""],""t04"":[""t01""],""t05"":[""t01""],""t06"":[""t01""],""t07"":[""t01""],""t08"":[""t01""],""t09"":[""t01""],""t10"":[""t01""],""t11"":[""t01""],""t12"":[""t01""],""t13"":[""t01""],""t14"":[""t01""],""t15"":[""t01""],""t16"":[""t02"",""t03"",""t04"",""t05"",""t06"",""t07"",""t08"",""t09"",""t10"",""t11"",""t12"",""t13"",""t14"",""t15""]}"
EXP-08,confirmatory,exp08_confirmatory_n16_wide_layered_homogeneous_07,n16_wide_layered_homogeneous,16,wide_layered,homogeneous,low,7,0,1706014100290187219,0.1875,t01->t03->t16,36,14,tied,0.3,0.7,"[""12"",""12"",""12"",""12"",""12"",""12"",""12"",""12"",""12"",""12"",""12"",""12"",""12"",""12"",""12"",""12""]","[""2.304"",""1.241"",""2.304"",""1.240"",""1.241"",""1.241"",""1.241"",""1.240"",""1.241"",""1.240"",""1.241"",""1.241"",""1.240"",""1.240"",""1.241"",""2.304""]","[""5.376"",""0.532"",""5.376"",""0.532"",""0.532"",""0.531"",""0.531"",""0.532"",""0.532"",""0.532"",""0.531"",""0.531"",""0.532"",""0.532"",""0.532"",""5.376""]","{""t01"":[],""t02"":[""t01""],""t03"":[""t01""],""t04"":[""t01""],""t05"":[""t01""],""t06"":[""t01""],""t07"":[""t01""],""t08"":[""t01""],""t09"":[""t01""],""t10"":[""t01""],""t11"":[""t01""],""t12"":[""t01""],""t13"":[""t01""],""t14"":[""t01""],""t15"":[""t01""],""t16"":[""t02"",""t03"",""t04"",""t05"",""t06"",""t07"",""t08"",""t09"",""t10"",""t11"",""t12"",""t13"",""t14"",""t15""]}"
EXP-08,confirmatory,exp08_confirmatory_n16_wide_layered_homogeneous_08,n16_wide_layered_homogeneous,16,wide_layered,homogeneous,low,8,0,16837797081035685036,0.1875,t01->t08->t16,36,14,tied,0.3,0.7,"[""12"",""12"",""12"",""12"",""12"",""12"",""12"",""12"",""12"",""12"",""12"",""12"",""12"",""12"",""12"",""12""]","[""2.304"",""1.240"",""1.240"",""1.241"",""1.241"",""1.241"",""1.241"",""2.304"",""1.241"",""1.241"",""1.240"",""1.240"",""1.241"",""1.240"",""1.241"",""2.304""]","[""5.376"",""0.532"",""0.531"",""0.531"",""0.532"",""0.532"",""0.531"",""5.376"",""0.532"",""0.532"",""0.532"",""0.532"",""0.531"",""0.532"",""0.532"",""5.376""]","{""t01"":[],""t02"":[""t01""],""t03"":[""t01""],""t04"":[""t01""],""t05"":[""t01""],""t06"":[""t01""],""t07"":[""t01""],""t08"":[""t01""],""t09"":[""t01""],""t10"":[""t01""],""t11"":[""t01""],""t12"":[""t01""],""t13"":[""t01""],""t14"":[""t01""],""t15"":[""t01""],""t16"":[""t02"",""t03"",""t04"",""t05"",""t06"",""t07"",""t08"",""t09"",""t10"",""t11"",""t12"",""t13"",""t14"",""t15""]}"
EXP-08,confirmatory,exp08_confirmatory_n16_wide_layered_homogeneous_09,n16_wide_layered_homogeneous,16,wide_layered,homogeneous,low,9,0,12207886278660064578,0.1875,t01->t10->t16,36,14,tied,0.3,0.7,"[""12"",""12"",""12"",""12"",""12"",""12"",""12"",""12"",""12"",""12"",""12"",""12"",""12"",""12"",""12"",""12""]","[""2.304"",""1.241"",""1.241"",""1.241"",""1.241"",""1.241"",""1.240"",""1.241"",""1.241"",""2.304"",""1.240"",""1.241"",""1.240"",""1.240"",""1.240"",""2.304""]","[""5.376"",""0.531"",""0.532"",""0.532"",""0.532"",""0.532"",""0.531"",""0.532"",""0.531"",""5.376"",""0.532"",""0.531"",""0.532"",""0.532"",""0.532"",""5.376""]","{""t01"":[],""t02"":[""t01""],""t03"":[""t01""],""t04"":[""t01""],""t05"":[""t01""],""t06"":[""t01""],""t07"":[""t01""],""t08"":[""t01""],""t09"":[""t01""],""t10"":[""t01""],""t11"":[""t01""],""t12"":[""t01""],""t13"":[""t01""],""t14"":[""t01""],""t15"":[""t01""],""t16"":[""t02"",""t03"",""t04"",""t05"",""t06"",""t07"",""t08"",""t09"",""t10"",""t11"",""t12"",""t13"",""t14"",""t15""]}"
EXP-08,confirmatory,exp08_confirmatory_n16_wide_layered_homogeneous_10,n16_wide_layered_homogeneous,16,wide_layered,homogeneous,low,10,0,2473885050007763725,0.1875,t01->t05->t16,36,14,tied,0.3,0.7,"[""12"",""12"",""12"",""12"",""12"",""12"",""12"",""12"",""12"",""12"",""12"",""12"",""12"",""12"",""12"",""12""]","[""2.304"",""1.240"",""1.241"",""1.240"",""2.304"",""1.241"",""1.241"",""1.240"",""1.241"",""1.241"",""1.241"",""1.240"",""1.240"",""1.241"",""1.241"",""2.304""]","[""5.376"",""0.532"",""0.531"",""0.532"",""5.376"",""0.531"",""0.532"",""0.531"",""0.532"",""0.532"",""0.531"",""0.532"",""0.532"",""0.532"",""0.532"",""5.376""]","{""t01"":[],""t02"":[""t01""],""t03"":[""t01""],""t04"":[""t01""],""t05"":[""t01""],""t06"":[""t01""],""t07"":[""t01""],""t08"":[""t01""],""t09"":[""t01""],""t10"":[""t01""],""t11"":[""t01""],""t12"":[""t01""],""t13"":[""t01""],""t14"":[""t01""],""t15"":[""t01""],""t16"":[""t02"",""t03"",""t04"",""t05"",""t06"",""t07"",""t08"",""t09"",""t10"",""t11"",""t12"",""t13"",""t14"",""t15""]}"
EXP-08,confirmatory,exp08_confirmatory_n16_wide_layered_homogeneous_11,n16_wide_layered_homogeneous,16,wide_layered,homogeneous,low,11,0,848239290184394509,0.1875,t01->t12->t16,36,14,tied,0.3,0.7,"[""12"",""12"",""12"",""12"",""12"",""12"",""12"",""12"",""12"",""12"",""12"",""12"",""12"",""12"",""12"",""12""]","[""2.304"",""1.240"",""1.241"",""1.240"",""1.241"",""1.240"",""1.241"",""1.241"",""1.240"",""1.241"",""1.241"",""2.304"",""1.240"",""1.241"",""1.241"",""2.304""]","[""5.376"",""0.532"",""0.532"",""0.531"",""0.532"",""0.532"",""0.531"",""0.531"",""0.532"",""0.532"",""0.532"",""5.376"",""0.532"",""0.532"",""0.531"",""5.376""]","{""t01"":[],""t02"":[""t01""],""t03"":[""t01""],""t04"":[""t01""],""t05"":[""t01""],""t06"":[""t01""],""t07"":[""t01""],""t08"":[""t01""],""t09"":[""t01""],""t10"":[""t01""],""t11"":[""t01""],""t12"":[""t01""],""t13"":[""t01""],""t14"":[""t01""],""t15"":[""t01""],""t16"":[""t02"",""t03"",""t04"",""t05"",""t06"",""t07"",""t08"",""t09"",""t10"",""t11"",""t12"",""t13"",""t14"",""t15""]}"
EXP-08,confirmatory,exp08_confirmatory_n16_wide_layered_homogeneous_12,n16_wide_layered_homogeneous,16,wide_layered,homogeneous,low,12,0,12132863918345223566,0.1875,t01->t03->t16,36,14,tied,0.3,0.7,"[""12"",""12"",""12"",""12"",""12"",""12"",""12"",""12"",""12"",""12"",""12"",""12"",""12"",""12"",""12"",""12""]","[""2.304"",""1.241"",""2.304"",""1.240"",""1.241"",""1.240"",""1.240"",""1.241"",""1.241"",""1.240"",""1.241"",""1.241"",""1.240"",""1.241"",""1.241"",""2.304""]","[""5.376"",""0.532"",""5.376"",""0.532"",""0.531"",""0.532"",""0.532"",""0.532"",""0.532"",""0.531"",""0.531"",""0.532"",""0.531"",""0.532"",""0.532"",""5.376""]","{""t01"":[],""t02"":[""t01""],""t03"":[""t01""],""t04"":[""t01""],""t05"":[""t01""],""t06"":[""t01""],""t07"":[""t01""],""t08"":[""t01""],""t09"":[""t01""],""t10"":[""t01""],""t11"":[""t01""],""t12"":[""t01""],""t13"":[""t01""],""t14"":[""t01""],""t15"":[""t01""],""t16"":[""t02"",""t03"",""t04"",""t05"",""t06"",""t07"",""t08"",""t09"",""t10"",""t11"",""t12"",""t13"",""t14"",""t15""]}"
EXP-08,confirmatory,exp08_confirmatory_n16_wide_layered_homogeneous_13,n16_wide_layered_homogeneous,16,wide_layered,homogeneous,low,13,0,6219493030821495937,0.1875,t01->t15->t16,36,14,tied,0.3,0.7,"[""12"",""12"",""12"",""12"",""12"",""12"",""12"",""12"",""12"",""12"",""12"",""12"",""12"",""12"",""12"",""12""]","[""2.304"",""1.240"",""1.240"",""1.241"",""1.241"",""1.240"",""1.241"",""1.241"",""1.241"",""1.240"",""1.241"",""1.241"",""1.240"",""1.241"",""2.304"",""2.304""]","[""5.376"",""0.532"",""0.531"",""0.532"",""0.531"",""0.532"",""0.532"",""0.531"",""0.531"",""0.532"",""0.532"",""0.532"",""0.532"",""0.532"",""5.376"",""5.376""]","{""t01"":[],""t02"":[""t01""],""t03"":[""t01""],""t04"":[""t01""],""t05"":[""t01""],""t06"":[""t01""],""t07"":[""t01""],""t08"":[""t01""],""t09"":[""t01""],""t10"":[""t01""],""t11"":[""t01""],""t12"":[""t01""],""t13"":[""t01""],""t14"":[""t01""],""t15"":[""t01""],""t16"":[""t02"",""t03"",""t04"",""t05"",""t06"",""t07"",""t08"",""t09"",""t10"",""t11"",""t12"",""t13"",""t14"",""t15""]}"
EXP-08,confirmatory,exp08_confirmatory_n16_wide_layered_homogeneous_14,n16_wide_layered_homogeneous,16,wide_layered,homogeneous,low,14,0,14458556050156899882,0.1875,t01->t08->t16,36,14,tied,0.3,0.7,"[""12"",""12"",""12"",""12"",""12"",""12"",""12"",""12"",""12"",""12"",""12"",""12"",""12"",""12"",""12"",""12""]","[""2.304"",""1.241"",""1.241"",""1.240"",""1.240"",""1.241"",""1.240"",""2.304"",""1.241"",""1.240"",""1.241"",""1.241"",""1.240"",""1.241"",""1.241"",""2.304""]","[""5.376"",""0.531"",""0.532"",""0.532"",""0.531"",""0.531"",""0.531"",""5.376"",""0.532"",""0.532"",""0.532"",""0.532"",""0.532"",""0.532"",""0.532"",""5.376""]","{""t01"":[],""t02"":[""t01""],""t03"":[""t01""],""t04"":[""t01""],""t05"":[""t01""],""t06"":[""t01""],""t07"":[""t01""],""t08"":[""t01""],""t09"":[""t01""],""t10"":[""t01""],""t11"":[""t01""],""t12"":[""t01""],""t13"":[""t01""],""t14"":[""t01""],""t15"":[""t01""],""t16"":[""t02"",""t03"",""t04"",""t05"",""t06"",""t07"",""t08"",""t09"",""t10"",""t11"",""t12"",""t13"",""t14"",""t15""]}"
EXP-08,confirmatory,exp08_confirmatory_n16_wide_layered_homogeneous_15,n16_wide_layered_homogeneous,16,wide_layered,homogeneous,low,15,0,13949307690373935051,0.1875,t01->t07->t16,36,14,tied,0.3,0.7,"[""12"",""12"",""12"",""12"",""12"",""12"",""12"",""12"",""12"",""12"",""12"",""12"",""12"",""12"",""12"",""12""]","[""2.304"",""1.241"",""1.240"",""1.241"",""1.240"",""1.241"",""2.304"",""1.241"",""1.240"",""1.241"",""1.240"",""1.241"",""1.241"",""1.240"",""1.241"",""2.304""]","[""5.376"",""0.532"",""0.531"",""0.532"",""0.532"",""0.531"",""5.376"",""0.532"",""0.532"",""0.532"",""0.531"",""0.532"",""0.532"",""0.531"",""0.532"",""5.376""]","{""t01"":[],""t02"":[""t01""],""t03"":[""t01""],""t04"":[""t01""],""t05"":[""t01""],""t06"":[""t01""],""t07"":[""t01""],""t08"":[""t01""],""t09"":[""t01""],""t10"":[""t01""],""t11"":[""t01""],""t12"":[""t01""],""t13"":[""t01""],""t14"":[""t01""],""t15"":[""t01""],""t16"":[""t02"",""t03"",""t04"",""t05"",""t06"",""t07"",""t08"",""t09"",""t10"",""t11"",""t12"",""t13"",""t14"",""t15""]}"
EXP-08,confirmatory,exp08_confirmatory_n16_wide_layered_homogeneous_16,n16_wide_layered_homogeneous,16,wide_layered,homogeneous,low,16,0,3170123174519130502,0.1875,t01->t08->t16,36,14,tied,0.3,0.7,"[""12"",""12"",""12"",""12"",""12"",""12"",""12"",""12"",""12"",""12"",""12"",""12"",""12"",""12"",""12"",""12""]","[""2.304"",""1.241"",""1.240"",""1.241"",""1.240"",""1.241"",""1.240"",""2.304"",""1.240"",""1.241"",""1.241"",""1.240"",""1.241"",""1.241"",""1.241"",""2.304""]","[""5.376"",""0.532"",""0.532"",""0.532"",""0.532"",""0.532"",""0.531"",""5.376"",""0.531"",""0.532"",""0.531"",""0.532"",""0.531"",""0.532"",""0.532"",""5.376""]","{""t01"":[],""t02"":[""t01""],""t03"":[""t01""],""t04"":[""t01""],""t05"":[""t01""],""t06"":[""t01""],""t07"":[""t01""],""t08"":[""t01""],""t09"":[""t01""],""t10"":[""t01""],""t11"":[""t01""],""t12"":[""t01""],""t13"":[""t01""],""t14"":[""t01""],""t15"":[""t01""],""t16"":[""t02"",""t03"",""t04"",""t05"",""t06"",""t07"",""t08"",""t09"",""t10"",""t11"",""t12"",""t13"",""t14"",""t15""]}"
EXP-08,confirmatory,exp08_confirmatory_n16_wide_layered_homogeneous_17,n16_wide_layered_homogeneous,16,wide_layered,homogeneous,low,17,0,15005557453591717377,0.1875,t01->t02->t16,36,14,tied,0.3,0.7,"[""12"",""12"",""12"",""12"",""12"",""12"",""12"",""12"",""12"",""12"",""12"",""12"",""12"",""12"",""12"",""12""]","[""2.304"",""2.304"",""1.241"",""1.240"",""1.241"",""1.241"",""1.240"",""1.240"",""1.240"",""1.240"",""1.241"",""1.241"",""1.241"",""1.241"",""1.241"",""2.304""]","[""5.376"",""5.376"",""0.531"",""0.532"",""0.532"",""0.532"",""0.531"",""0.532"",""0.531"",""0.532"",""0.532"",""0.531"",""0.532"",""0.532"",""0.532"",""5.376""]","{""t01"":[],""t02"":[""t01""],""t03"":[""t01""],""t04"":[""t01""],""t05"":[""t01""],""t06"":[""t01""],""t07"":[""t01""],""t08"":[""t01""],""t09"":[""t01""],""t10"":[""t01""],""t11"":[""t01""],""t12"":[""t01""],""t13"":[""t01""],""t14"":[""t01""],""t15"":[""t01""],""t16"":[""t02"",""t03"",""t04"",""t05"",""t06"",""t07"",""t08"",""t09"",""t10"",""t11"",""t12"",""t13"",""t14"",""t15""]}"
EXP-08,confirmatory,exp08_confirmatory_n16_wide_layered_homogeneous_18,n16_wide_layered_homogeneous,16,wide_layered,homogeneous,low,18,0,18284745615909677711,0.1875,t01->t11->t16,36,14,tied,0.3,0.7,"[""12"",""12"",""12"",""12"",""12"",""12"",""12"",""12"",""12"",""12"",""12"",""12"",""12"",""12"",""12"",""12""]","[""2.304"",""1.241"",""1.240"",""1.240"",""1.241"",""1.240"",""1.241"",""1.240"",""1.241"",""1.241"",""2.304"",""1.241"",""1.241"",""1.241"",""1.240"",""2.304""]","[""5.376"",""0.532"",""0.532"",""0.532"",""0.531"",""0.531"",""0.531"",""0.532"",""0.532"",""0.532"",""5.376"",""0.532"",""0.532"",""0.531"",""0.532"",""5.376""]","{""t01"":[],""t02"":[""t01""],""t03"":[""t01""],""t04"":[""t01""],""t05"":[""t01""],""t06"":[""t01""],""t07"":[""t01""],""t08"":[""t01""],""t09"":[""t01""],""t10"":[""t01""],""t11"":[""t01""],""t12"":[""t01""],""t13"":[""t01""],""t14"":[""t01""],""t15"":[""t01""],""t16"":[""t02"",""t03"",""t04"",""t05"",""t06"",""t07"",""t08"",""t09"",""t10"",""t11"",""t12"",""t13"",""t14"",""t15""]}"
EXP-08,confirmatory,exp08_confirmatory_n16_wide_layered_homogeneous_19,n16_wide_layered_homogeneous,16,wide_layered,homogeneous,low,19,0,9321931731172523601,0.1875,t01->t11->t16,36,14,tied,0.3,0.7,"[""12"",""12"",""12"",""12"",""12"",""12"",""12"",""12"",""12"",""12"",""12"",""12"",""12"",""12"",""12"",""12""]","[""2.304"",""1.240"",""1.241"",""1.241"",""1.241"",""1.241"",""1.241"",""1.241"",""1.240"",""1.241"",""2.304"",""1.240"",""1.240"",""1.240"",""1.241"",""2.304""]","[""5.376"",""0.532"",""0.531"",""0.532"",""0.531"",""0.532"",""0.532"",""0.532"",""0.532"",""0.531"",""5.376"",""0.532"",""0.532"",""0.532"",""0.531"",""5.376""]","{""t01"":[],""t02"":[""t01""],""t03"":[""t01""],""t04"":[""t01""],""t05"":[""t01""],""t06"":[""t01""],""t07"":[""t01""],""t08"":[""t01""],""t09"":[""t01""],""t10"":[""t01""],""t11"":[""t01""],""t12"":[""t01""],""t13"":[""t01""],""t14"":[""t01""],""t15"":[""t01""],""t16"":[""t02"",""t03"",""t04"",""t05"",""t06"",""t07"",""t08"",""t09"",""t10"",""t11"",""t12"",""t13"",""t14"",""t15""]}"
EXP-08,confirmatory,exp08_confirmatory_n16_wide_layered_lognormal_00,n16_wide_layered_lognormal,16,wide_layered,lognormal,low,0,0,6417464109566036,0.25,t01->t11->t16,96,1,unique,0.3,0.7,"[""24"",""12"",""24"",""24"",""24"",""24"",""12"",""36"",""36"",""24"",""48"",""12"",""12"",""36"",""12"",""24""]","[""3.456"",""1.344"",""2.688"",""2.688"",""2.688"",""2.688"",""1.344"",""4.032"",""4.032"",""2.688"",""6.912"",""1.344"",""1.344"",""4.032"",""1.344"",""3.456""]","[""8.064"",""0.576"",""1.152"",""1.152"",""1.152"",""1.152"",""0.576"",""1.728"",""1.728"",""1.152"",""16.128"",""0.576"",""0.576"",""1.728"",""0.576"",""8.064""]","{""t01"":[],""t02"":[""t01""],""t03"":[""t01""],""t04"":[""t01""],""t05"":[""t01""],""t06"":[""t01""],""t07"":[""t01""],""t08"":[""t01""],""t09"":[""t01""],""t10"":[""t01""],""t11"":[""t01""],""t12"":[""t01""],""t13"":[""t01""],""t14"":[""t01""],""t15"":[""t01""],""t16"":[""t02"",""t03"",""t04"",""t05"",""t06"",""t07"",""t08"",""t09"",""t10"",""t11"",""t12"",""t13"",""t14"",""t15""]}"
EXP-08,confirmatory,exp08_confirmatory_n16_wide_layered_lognormal_01,n16_wide_layered_lognormal,16,wide_layered,lognormal,low,1,0,4238181780368779700,0.2162162162162162162162162162,t01->t04->t16,96,2,tied,0.3,0.7,"[""24"",""24"",""24"",""60"",""12"",""36"",""36"",""60"",""12"",""12"",""24"",""36"",""36"",""12"",""24"",""12""]","[""3.996"",""2.572"",""2.572"",""9.990"",""1.286"",""3.859"",""3.858"",""6.431"",""1.286"",""1.286"",""2.572"",""3.858"",""3.858"",""1.286"",""2.572"",""1.998""]","[""9.324"",""1.102"",""1.102"",""23.310"",""0.551"",""1.654"",""1.654"",""2.756"",""0.551"",""0.551"",""1.102"",""1.654"",""1.654"",""0.551"",""1.102"",""4.662""]","{""t01"":[],""t02"":[""t01""],""t03"":[""t01""],""t04"":[""t01""],""t05"":[""t01""],""t06"":[""t01""],""t07"":[""t01""],""t08"":[""t01""],""t09"":[""t01""],""t10"":[""t01""],""t11"":[""t01""],""t12"":[""t01""],""t13"":[""t01""],""t14"":[""t01""],""t15"":[""t01""],""t16"":[""t02"",""t03"",""t04"",""t05"",""t06"",""t07"",""t08"",""t09"",""t10"",""t11"",""t12"",""t13"",""t14"",""t15""]}"
EXP-08,confirmatory,exp08_confirmatory_n16_wide_layered_lognormal_02,n16_wide_layered_lognormal,16,wide_layered,lognormal,low,2,0,105851305855495320,0.2325581395348837209302325581,t01->t07->t16,120,1,unique,0.3,0.7,"[""24"",""48"",""12"",""60"",""12"",""24"",""72"",""12"",""36"",""60"",""24"",""24"",""60"",""12"",""12"",""24""]","[""3.715"",""5.254"",""1.314"",""6.567"",""1.314"",""2.627"",""11.146"",""1.313"",""3.940"",""6.567"",""2.627"",""2.627"",""6.567"",""1.314"",""1.313"",""3.715""]","[""8.669"",""2.252"",""0.563"",""2.814"",""0.563"",""1.126"",""26.006"",""0.563"",""1.689"",""2.814"",""1.126"",""1.126"",""2.814"",""0.563"",""0.563"",""8.669""]","{""t01"":[],""t02"":[""t01""],""t03"":[""t01""],""t04"":[""t01""],""t05"":[""t01""],""t06"":[""t01""],""t07"":[""t01""],""t08"":[""t01""],""t09"":[""t01""],""t10"":[""t01""],""t11"":[""t01""],""t12"":[""t01""],""t13"":[""t01""],""t14"":[""t01""],""t15"":[""t01""],""t16"":[""t02"",""t03"",""t04"",""t05"",""t06"",""t07"",""t08"",""t09"",""t10"",""t11"",""t12"",""t13"",""t14"",""t15""]}"
EXP-08,confirmatory,exp08_confirmatory_n16_wide_layered_lognormal_03,n16_wide_layered_lognormal,16,wide_layered,lognormal,low,3,0,8801367986185385123,0.2222222222222222222222222222,t01->t02->t16,96,1,unique,0.3,0.7,"[""36"",""48"",""36"",""36"",""24"",""36"",""36"",""36"",""12"",""12"",""24"",""12"",""24"",""12"",""36"",""12""]","[""5.832"",""7.776"",""3.888"",""3.888"",""2.592"",""3.888"",""3.888"",""3.888"",""1.296"",""1.296"",""2.592"",""1.296"",""2.592"",""1.296"",""3.888"",""1.944""]","[""13.608"",""18.144"",""1.666"",""1.666"",""1.111"",""1.666"",""1.666"",""1.666"",""0.556"",""0.556"",""1.111"",""0.555"",""1.111"",""0.556"",""1.666"",""4.536""]","{""t01"":[],""t02"":[""t01""],""t03"":[""t01""],""t04"":[""t01""],""t05"":[""t01""],""t06"":[""t01""],""t07"":[""t01""],""t08"":[""t01""],""t09"":[""t01""],""t10"":[""t01""],""t11"":[""t01""],""t12"":[""t01""],""t13"":[""t01""],""t14"":[""t01""],""t15"":[""t01""],""t16"":[""t02"",""t03"",""t04"",""t05"",""t06"",""t07"",""t08"",""t09"",""t10"",""t11"",""t12"",""t13"",""t14"",""t15""]}"
EXP-08,confirmatory,exp08_confirmatory_n16_wide_layered_lognormal_04,n16_wide_layered_lognormal,16,wide_layered,lognormal,low,4,2,5133639998768629223,0.2121212121212121212121212121,t01->t14->t16,84,1,unique,0.3,0.7,"[""12"",""24"",""36"",""12"",""24"",""36"",""36"",""24"",""12"",""36"",""12"",""12"",""36"",""48"",""12"",""24""]","[""2.037"",""2.559"",""3.838"",""1.279"",""2.559"",""3.838"",""3.838"",""2.559"",""1.280"",""3.838"",""1.279"",""1.279"",""3.838"",""8.146"",""1.280"",""4.073""]","[""4.752"",""1.097"",""1.645"",""0.548"",""1.097"",""1.645"",""1.645"",""1.097"",""0.548"",""1.645"",""0.548"",""0.548"",""1.645"",""19.008"",""0.548"",""9.504""]","{""t01"":[],""t02"":[""t01""],""t03"":[""t01""],""t04"":[""t01""],""t05"":[""t01""],""t06"":[""t01""],""t07"":[""t01""],""t08"":[""t01""],""t09"":[""t01""],""t10"":[""t01""],""t11"":[""t01""],""t12"":[""t01""],""t13"":[""t01""],""t14"":[""t01""],""t15"":[""t01""],""t16"":[""t02"",""t03"",""t04"",""t05"",""t06"",""t07"",""t08"",""t09"",""t10"",""t11"",""t12"",""t13"",""t14"",""t15""]}"
EXP-08,confirmatory,exp08_confirmatory_n16_wide_layered_lognormal_05,n16_wide_layered_lognormal,16,wide_layered,lognormal,low,5,0,6862275226367498052,0.2432432432432432432432432432,t01->t04->t16,108,2,tied,0.3,0.7,"[""12"",""24"",""12"",""72"",""24"",""12"",""72"",""36"",""12"",""24"",""12"",""36"",""12"",""12"",""48"",""24""]","[""1.776"",""2.664"",""1.332"",""10.656"",""2.664"",""1.332"",""7.992"",""3.996"",""1.332"",""2.664"",""1.332"",""3.996"",""1.332"",""1.332"",""5.328"",""3.552""]","[""4.144"",""1.142"",""0.571"",""24.864"",""1.142"",""0.571"",""3.425"",""1.712"",""0.571"",""1.142"",""0.571"",""1.712"",""0.571"",""0.571"",""2.283"",""8.288""]","{""t01"":[],""t02"":[""t01""],""t03"":[""t01""],""t04"":[""t01""],""t05"":[""t01""],""t06"":[""t01""],""t07"":[""t01""],""t08"":[""t01""],""t09"":[""t01""],""t10"":[""t01""],""t11"":[""t01""],""t12"":[""t01""],""t13"":[""t01""],""t14"":[""t01""],""t15"":[""t01""],""t16"":[""t02"",""t03"",""t04"",""t05"",""t06"",""t07"",""t08"",""t09"",""t10"",""t11"",""t12"",""t13"",""t14"",""t15""]}"
EXP-08,confirmatory,exp08_confirmatory_n16_wide_layered_lognormal_06,n16_wide_layered_lognormal,16,wide_layered,lognormal,low,6,0,17739462068354910039,0.2,t01->t11->t16,96,1,unique,0.3,0.7,"[""12"",""36"",""12"",""60"",""24"",""24"",""12"",""36"",""24"",""36"",""72"",""24"",""12"",""24"",""60"",""12""]","[""2.160"",""3.780"",""1.260"",""6.300"",""2.520"",""2.520"",""1.260"",""3.780"",""2.520"",""3.780"",""12.960"",""2.520"",""1.260"",""2.520"",""6.300"",""2.160""]","[""5.040"",""1.620"",""0.540"",""2.700"",""1.080"",""1.080"",""0.540"",""1.620"",""1.080"",""1.620"",""30.240"",""1.080"",""0.540"",""1.080"",""2.700"",""5.040""]","{""t01"":[],""t02"":[""t01""],""t03"":[""t01""],""t04"":[""t01""],""t05"":[""t01""],""t06"":[""t01""],""t07"":[""t01""],""t08"":[""t01""],""t09"":[""t01""],""t10"":[""t01""],""t11"":[""t01""],""t12"":[""t01""],""t13"":[""t01""],""t14"":[""t01""],""t15"":[""t01""],""t16"":[""t02"",""t03"",""t04"",""t05"",""t06"",""t07"",""t08"",""t09"",""t10"",""t11"",""t12"",""t13"",""t14"",""t15""]}"
EXP-08,confirmatory,exp08_confirmatory_n16_wide_layered_lognormal_07,n16_wide_layered_lognormal,16,wide_layered,lognormal,low,7,0,12916696499682658512,0.25,t01->t06->t16,108,5,tied,0.3,0.7,"[""36"",""36"",""12"",""24"",""12"",""36"",""36"",""36"",""24"",""24"",""24"",""36"",""24"",""12"",""24"",""36""]","[""5.184"",""4.032"",""1.344"",""2.688"",""1.344"",""5.184"",""4.032"",""4.032"",""2.688"",""2.688"",""2.688"",""4.032"",""2.688"",""1.344"",""2.688"",""5.184""]","[""12.096"",""1.728"",""0.576"",""1.152"",""0.576"",""12.096"",""1.728"",""1.728"",""1.152"",""1.152"",""1.152"",""1.728"",""1.152"",""0.576"",""1.152"",""12.096""]","{""t01"":[],""t02"":[""t01""],""t03"":[""t01""],""t04"":[""t01""],""t05"":[""t01""],""t06"":[""t01""],""t07"":[""t01""],""t08"":[""t01""],""t09"":[""t01""],""t10"":[""t01""],""t11"":[""t01""],""t12"":[""t01""],""t13"":[""t01""],""t14"":[""t01""],""t15"":[""t01""],""t16"":[""t02"",""t03"",""t04"",""t05"",""t06"",""t07"",""t08"",""t09"",""t10"",""t11"",""t12"",""t13"",""t14"",""t15""]}"
EXP-08,confirmatory,exp08_confirmatory_n16_wide_layered_lognormal_08,n16_wide_layered_lognormal,16,wide_layered,lognormal,low,8,0,254023752479749944,0.2,t01->t10->t16,84,5,tied,0.3,0.7,"[""24"",""12"",""36"",""12"",""24"",""24"",""24"",""24"",""24"",""36"",""24"",""24"",""36"",""36"",""36"",""24""]","[""4.320"",""1.260"",""3.780"",""1.260"",""2.520"",""2.520"",""2.520"",""2.520"",""2.520"",""6.480"",""2.520"",""2.520"",""3.780"",""3.780"",""3.780"",""4.320""]","[""10.080"",""0.540"",""1.620"",""0.540"",""1.080"",""1.080"",""1.080"",""1.080"",""1.080"",""15.120"",""1.080"",""1.080"",""1.620"",""1.620"",""1.620"",""10.080""]","{""t01"":[],""t02"":[""t01""],""t03"":[""t01""],""t04"":[""t01""],""t05"":[""t01""],""t06"":[""t01""],""t07"":[""t01""],""t08"":[""t01""],""t09"":[""t01""],""t10"":[""t01""],""t11"":[""t01""],""t12"":[""t01""],""t13"":[""t01""],""t14"":[""t01""],""t15"":[""t01""],""t16"":[""t02"",""t03"",""t04"",""t05"",""t06"",""t07"",""t08"",""t09"",""t10"",""t11"",""t12"",""t13"",""t14"",""t15""]}"
EXP-08,confirmatory,exp08_confirmatory_n16_wide_layered_lognormal_09,n16_wide_layered_lognormal,16,wide_layered,lognormal,low,9,0,10048809999661607105,0.2682926829268292682926829268,t01->t03->t16,132,1,unique,0.3,0.7,"[""12"",""24"",""72"",""12"",""48"",""24"",""24"",""36"",""24"",""48"",""12"",""24"",""24"",""24"",""36"",""48""]","[""1.610"",""2.755"",""9.661"",""1.378"",""5.511"",""2.755"",""2.755"",""4.133"",""2.755"",""5.510"",""1.378"",""2.755"",""2.755"",""2.755"",""4.133"",""6.441""]","[""3.757"",""1.181"",""22.543"",""0.590"",""2.361"",""1.181"",""1.181"",""1.771"",""1.181"",""2.362"",""0.590"",""1.181"",""1.181"",""1.181"",""1.771"",""15.028""]","{""t01"":[],""t02"":[""t01""],""t03"":[""t01""],""t04"":[""t01""],""t05"":[""t01""],""t06"":[""t01""],""t07"":[""t01""],""t08"":[""t01""],""t09"":[""t01""],""t10"":[""t01""],""t11"":[""t01""],""t12"":[""t01""],""t13"":[""t01""],""t14"":[""t01""],""t15"":[""t01""],""t16"":[""t02"",""t03"",""t04"",""t05"",""t06"",""t07"",""t08"",""t09"",""t10"",""t11"",""t12"",""t13"",""t14"",""t15""]}"
EXP-08,confirmatory,exp08_confirmatory_n16_wide_layered_lognormal_10,n16_wide_layered_lognormal,16,wide_layered,lognormal,low,10,0,10362575373110914561,0.1612903225806451612903225806,t01->t11->t16,60,6,tied,0.3,0.7,"[""12"",""12"",""12"",""12"",""36"",""12"",""36"",""24"",""12"",""24"",""36"",""36"",""36"",""36"",""24"",""12""]","[""2.679"",""1.202"",""1.202"",""1.202"",""3.605"",""1.202"",""3.606"",""2.404"",""1.202"",""2.404"",""8.035"",""3.605"",""3.605"",""3.605"",""2.404"",""2.678""]","[""6.250"",""0.515"",""0.515"",""0.515"",""1.545"",""0.515"",""1.545"",""1.030"",""0.515"",""1.030"",""18.749"",""1.546"",""1.546"",""1.545"",""1.030"",""6.249""]","{""t01"":[],""t02"":[""t01""],""t03"":[""t01""],""t04"":[""t01""],""t05"":[""t01""],""t06"":[""t01""],""t07"":[""t01""],""t08"":[""t01""],""t09"":[""t01""],""t10"":[""t01""],""t11"":[""t01""],""t12"":[""t01""],""t13"":[""t01""],""t14"":[""t01""],""t15"":[""t01""],""t16"":[""t02"",""t03"",""t04"",""t05"",""t06"",""t07"",""t08"",""t09"",""t10"",""t11"",""t12"",""t13"",""t14"",""t15""]}"
EXP-08,confirmatory,exp08_confirmatory_n16_wide_layered_lognormal_11,n16_wide_layered_lognormal,16,wide_layered,lognormal,low,11,0,16445940607494165908,0.2222222222222222222222222222,t01->t02->t16,96,1,unique,0.3,0.7,"[""24"",""60"",""36"",""36"",""12"",""24"",""24"",""12"",""36"",""24"",""36"",""36"",""12"",""24"",""24"",""12""]","[""3.888"",""9.720"",""3.888"",""3.888"",""1.296"",""2.592"",""2.592"",""1.296"",""3.888"",""2.592"",""3.888"",""3.888"",""1.296"",""2.592"",""2.592"",""1.944""]","[""9.072"",""22.680"",""1.666"",""1.666"",""0.556"",""1.111"",""1.111"",""0.555"",""1.666"",""1.111"",""1.666"",""1.666"",""0.556"",""1.111"",""1.111"",""4.536""]","{""t01"":[],""t02"":[""t01""],""t03"":[""t01""],""t04"":[""t01""],""t05"":[""t01""],""t06"":[""t01""],""t07"":[""t01""],""t08"":[""t01""],""t09"":[""t01""],""t10"":[""t01""],""t11"":[""t01""],""t12"":[""t01""],""t13"":[""t01""],""t14"":[""t01""],""t15"":[""t01""],""t16"":[""t02"",""t03"",""t04"",""t05"",""t06"",""t07"",""t08"",""t09"",""t10"",""t11"",""t12"",""t13"",""t14"",""t15""]}"
EXP-08,confirmatory,exp08_confirmatory_n16_wide_layered_lognormal_12,n16_wide_layered_lognormal,16,wide_layered,lognormal,low,12,0,12022093319837210329,0.2195121951219512195121951220,t01->t04->t16,108,1,unique,0.3,0.7,"[""12"",""12"",""36"",""60"",""48"",""12"",""12"",""36"",""24"",""48"",""24"",""36"",""24"",""24"",""48"",""36""]","[""1.968"",""1.292"",""3.875"",""9.840"",""5.166"",""1.291"",""1.292"",""3.874"",""2.583"",""5.166"",""2.583"",""3.874"",""2.583"",""2.583"",""5.166"",""5.904""]","[""4.592"",""0.553"",""1.661"",""22.960"",""2.214"",""0.553"",""0.554"",""1.661"",""1.107"",""2.214"",""1.107"",""1.660"",""1.107"",""1.107"",""2.214"",""13.776""]","{""t01"":[],""t02"":[""t01""],""t03"":[""t01""],""t04"":[""t01""],""t05"":[""t01""],""t06"":[""t01""],""t07"":[""t01""],""t08"":[""t01""],""t09"":[""t01""],""t10"":[""t01""],""t11"":[""t01""],""t12"":[""t01""],""t13"":[""t01""],""t14"":[""t01""],""t15"":[""t01""],""t16"":[""t02"",""t03"",""t04"",""t05"",""t06"",""t07"",""t08"",""t09"",""t10"",""t11"",""t12"",""t13"",""t14"",""t15""]}"
EXP-08,confirmatory,exp08_confirmatory_n16_wide_layered_lognormal_13,n16_wide_layered_lognormal,16,wide_layered,lognormal,low,13,0,14721601622111183024,0.21875,t01->t05->t16,84,1,unique,0.3,0.7,"[""12"",""24"",""36"",""24"",""48"",""24"",""12"",""24"",""24"",""24"",""12"",""12"",""36"",""24"",""24"",""24""]","[""1.975"",""2.581"",""3.871"",""2.580"",""7.899"",""2.580"",""1.290"",""2.581"",""2.581"",""2.580"",""1.290"",""1.290"",""3.871"",""2.580"",""2.581"",""3.950""]","[""4.608"",""1.106"",""1.659"",""1.106"",""18.432"",""1.106"",""0.553"",""1.106"",""1.106"",""1.106"",""0.553"",""0.553"",""1.658"",""1.106"",""1.106"",""9.216""]","{""t01"":[],""t02"":[""t01""],""t03"":[""t01""],""t04"":[""t01""],""t05"":[""t01""],""t06"":[""t01""],""t07"":[""t01""],""t08"":[""t01""],""t09"":[""t01""],""t10"":[""t01""],""t11"":[""t01""],""t12"":[""t01""],""t13"":[""t01""],""t14"":[""t01""],""t15"":[""t01""],""t16"":[""t02"",""t03"",""t04"",""t05"",""t06"",""t07"",""t08"",""t09"",""t10"",""t11"",""t12"",""t13"",""t14"",""t15""]}"
EXP-08,confirmatory,exp08_confirmatory_n16_wide_layered_lognormal_14,n16_wide_layered_lognormal,16,wide_layered,lognormal,low,14,0,8966475333567391817,0.16,t01->t08->t16,96,3,tied,0.3,0.7,"[""12"",""48"",""24"",""36"",""60"",""72"",""12"",""72"",""60"",""24"",""36"",""12"",""72"",""24"",""24"",""12""]","[""2.700"",""4.800"",""2.400"",""3.600"",""6.000"",""7.200"",""1.200"",""16.200"",""6.000"",""2.400"",""3.600"",""1.200"",""7.200"",""2.400"",""2.400"",""2.700""]","[""6.300"",""2.057"",""1.029"",""1.543"",""2.571"",""3.086"",""0.514"",""37.800"",""2.571"",""1.029"",""1.543"",""0.514"",""3.086"",""1.029"",""1.028"",""6.300""]","{""t01"":[],""t02"":[""t01""],""t03"":[""t01""],""t04"":[""t01""],""t05"":[""t01""],""t06"":[""t01""],""t07"":[""t01""],""t08"":[""t01""],""t09"":[""t01""],""t10"":[""t01""],""t11"":[""t01""],""t12"":[""t01""],""t13"":[""t01""],""t14"":[""t01""],""t15"":[""t01""],""t16"":[""t02"",""t03"",""t04"",""t05"",""t06"",""t07"",""t08"",""t09"",""t10"",""t11"",""t12"",""t13"",""t14"",""t15""]}"
EXP-08,confirmatory,exp08_confirmatory_n16_wide_layered_lognormal_15,n16_wide_layered_lognormal,16,wide_layered,lognormal,low,15,1,12593206104935349997,0.2857142857142857142857142857,t01->t12->t16,120,1,unique,0.3,0.7,"[""12"",""24"",""24"",""24"",""36"",""12"",""24"",""36"",""12"",""24"",""36"",""48"",""12"",""12"",""24"",""60""]","[""1.512"",""2.823"",""2.822"",""2.822"",""4.234"",""1.411"",""2.822"",""4.234"",""1.411"",""2.822"",""4.234"",""6.048"",""1.411"",""1.411"",""2.823"",""7.560""]","[""3.528"",""1.210"",""1.210"",""1.209"",""1.814"",""0.605"",""1.210"",""1.814"",""0.605"",""1.210"",""1.814"",""14.112"",""0.605"",""0.605"",""1.209"",""17.640""]","{""t01"":[],""t02"":[""t01""],""t03"":[""t01""],""t04"":[""t01""],""t05"":[""t01""],""t06"":[""t01""],""t07"":[""t01""],""t08"":[""t01""],""t09"":[""t01""],""t10"":[""t01""],""t11"":[""t01""],""t12"":[""t01""],""t13"":[""t01""],""t14"":[""t01""],""t15"":[""t01""],""t16"":[""t02"",""t03"",""t04"",""t05"",""t06"",""t07"",""t08"",""t09"",""t10"",""t11"",""t12"",""t13"",""t14"",""t15""]}"
EXP-08,confirmatory,exp08_confirmatory_n16_wide_layered_lognormal_16,n16_wide_layered_lognormal,16,wide_layered,lognormal,low,16,0,15921515425664715330,0.2820512820512820512820512821,t01->t11->t16,132,1,unique,0.3,0.7,"[""24"",""24"",""24"",""36"",""24"",""36"",""12"",""48"",""12"",""24"",""72"",""24"",""48"",""12"",""12"",""36""]","[""3.063"",""2.808"",""2.808"",""4.212"",""2.808"",""4.212"",""1.404"",""5.616"",""1.404"",""2.808"",""9.190"",""2.808"",""5.616"",""1.404"",""1.404"",""4.595""]","[""7.148"",""1.203"",""1.203"",""1.805"",""1.203"",""1.805"",""0.602"",""2.407"",""0.602"",""1.204"",""21.443"",""1.203"",""2.407"",""0.602"",""0.602"",""10.721""]","{""t01"":[],""t02"":[""t01""],""t03"":[""t01""],""t04"":[""t01""],""t05"":[""t01""],""t06"":[""t01""],""t07"":[""t01""],""t08"":[""t01""],""t09"":[""t01""],""t10"":[""t01""],""t11"":[""t01""],""t12"":[""t01""],""t13"":[""t01""],""t14"":[""t01""],""t15"":[""t01""],""t16"":[""t02"",""t03"",""t04"",""t05"",""t06"",""t07"",""t08"",""t09"",""t10"",""t11"",""t12"",""t13"",""t14"",""t15""]}"
EXP-08,confirmatory,exp08_confirmatory_n16_wide_layered_lognormal_17,n16_wide_layered_lognormal,16,wide_layered,lognormal,low,17,0,6493830068785567265,0.2619047619047619047619047619,t01->t08->t16,132,1,unique,0.3,0.7,"[""36"",""36"",""60"",""24"",""12"",""36"",""12"",""72"",""12"",""12"",""48"",""24"",""12"",""24"",""60"",""24""]","[""4.948"",""4.097"",""6.828"",""2.731"",""1.366"",""4.097"",""1.366"",""9.897"",""1.366"",""1.366"",""5.463"",""2.731"",""1.366"",""2.731"",""6.828"",""3.299""]","[""11.546"",""1.756"",""2.926"",""1.171"",""0.585"",""1.756"",""0.585"",""23.092"",""0.585"",""0.585"",""2.341"",""1.171"",""0.585"",""1.171"",""2.927"",""7.698""]","{""t01"":[],""t02"":[""t01""],""t03"":[""t01""],""t04"":[""t01""],""t05"":[""t01""],""t06"":[""t01""],""t07"":[""t01""],""t08"":[""t01""],""t09"":[""t01""],""t10"":[""t01""],""t11"":[""t01""],""t12"":[""t01""],""t13"":[""t01""],""t14"":[""t01""],""t15"":[""t01""],""t16"":[""t02"",""t03"",""t04"",""t05"",""t06"",""t07"",""t08"",""t09"",""t10"",""t11"",""t12"",""t13"",""t14"",""t15""]}"
EXP-08,confirmatory,exp08_confirmatory_n16_wide_layered_lognormal_18,n16_wide_layered_lognormal,16,wide_layered,lognormal,low,18,0,12022540728725294951,0.28,t01->t07->t16,84,1,unique,0.3,0.7,"[""12"",""12"",""24"",""24"",""12"",""12"",""60"",""24"",""24"",""12"",""12"",""12"",""12"",""24"",""12"",""12""]","[""1.543"",""1.400"",""2.800"",""2.800"",""1.400"",""1.400"",""7.714"",""2.800"",""2.800"",""1.400"",""1.400"",""1.400"",""1.400"",""2.800"",""1.400"",""1.543""]","[""3.600"",""0.600"",""1.200"",""1.200"",""0.600"",""0.600"",""18.000"",""1.200"",""1.200"",""0.600"",""0.600"",""0.600"",""0.600"",""1.200"",""0.600"",""3.600""]","{""t01"":[],""t02"":[""t01""],""t03"":[""t01""],""t04"":[""t01""],""t05"":[""t01""],""t06"":[""t01""],""t07"":[""t01""],""t08"":[""t01""],""t09"":[""t01""],""t10"":[""t01""],""t11"":[""t01""],""t12"":[""t01""],""t13"":[""t01""],""t14"":[""t01""],""t15"":[""t01""],""t16"":[""t02"",""t03"",""t04"",""t05"",""t06"",""t07"",""t08"",""t09"",""t10"",""t11"",""t12"",""t13"",""t14"",""t15""]}"
EXP-08,confirmatory,exp08_confirmatory_n16_wide_layered_lognormal_19,n16_wide_layered_lognormal,16,wide_layered,lognormal,low,19,0,11596866353784744860,0.2444444444444444444444444444,t01->t14->t16,132,1,unique,0.3,0.7,"[""24"",""36"",""24"",""12"",""24"",""36"",""48"",""24"",""48"",""48"",""48"",""24"",""12"",""72"",""24"",""36""]","[""3.534"",""4.002"",""2.668"",""1.334"",""2.668"",""4.002"",""5.337"",""2.668"",""5.337"",""5.337"",""5.337"",""2.668"",""1.334"",""10.604"",""2.668"",""5.302""]","[""8.247"",""1.715"",""1.144"",""0.572"",""1.144"",""1.715"",""2.287"",""1.143"",""2.287"",""2.287"",""2.287"",""1.143"",""0.572"",""24.742"",""1.144"",""12.371""]","{""t01"":[],""t02"":[""t01""],""t03"":[""t01""],""t04"":[""t01""],""t05"":[""t01""],""t06"":[""t01""],""t07"":[""t01""],""t08"":[""t01""],""t09"":[""t01""],""t10"":[""t01""],""t11"":[""t01""],""t12"":[""t01""],""t13"":[""t01""],""t14"":[""t01""],""t15"":[""t01""],""t16"":[""t02"",""t03"",""t04"",""t05"",""t06"",""t07"",""t08"",""t09"",""t10"",""t11"",""t12"",""t13"",""t14"",""t15""]}"
EXP-08,confirmatory,exp08_confirmatory_n16_mixed_homogeneous_00,n16_mixed_homogeneous,16,mixed,homogeneous,medium,0,0,17806635564162499845,0.4375,t01->t02->t06->t10->t13->t15->t16,84,10,tied,0.3,0.7,"[""12"",""12"",""12"",""12"",""12"",""12"",""12"",""12"",""12"",""12"",""12"",""12"",""12"",""12"",""12"",""12""]","[""0.987"",""0.988"",""1.792"",""1.792"",""1.792"",""0.987"",""1.792"",""1.792"",""1.792"",""0.987"",""1.792"",""1.792"",""0.987"",""1.792"",""0.988"",""0.988""]","[""2.304"",""2.304"",""0.768"",""0.768"",""0.768"",""2.304"",""0.768"",""0.768"",""0.768"",""2.304"",""0.768"",""0.768"",""2.304"",""0.768"",""2.304"",""2.304""]","{""t01"":[],""t02"":[""t01""],""t03"":[""t01""],""t04"":[""t01""],""t05"":[""t04""],""t06"":[""t02"",""t03""],""t07"":[""t03""],""t08"":[""t05"",""t06"",""t07""],""t09"":[""t07""],""t10"":[""t06""],""t11"":[""t08"",""t10""],""t12"":[""t09""],""t13"":[""t10""],""t14"":[""t11"",""t12""],""t15"":[""t12"",""t13""],""t16"":[""t03"",""t14"",""t15""]}"
EXP-08,confirmatory,exp08_confirmatory_n16_mixed_homogeneous_01,n16_mixed_homogeneous,16,mixed,homogeneous,medium,1,0,16462431388798477243,0.4375,t01->t02->t07->t09->t12->t15->t16,84,33,tied,0.3,0.7,"[""12"",""12"",""12"",""12"",""12"",""12"",""12"",""12"",""12"",""12"",""12"",""12"",""12"",""12"",""12"",""12""]","[""0.988"",""0.988"",""1.792"",""1.792"",""1.792"",""1.792"",""0.987"",""1.792"",""0.987"",""1.792"",""1.792"",""0.988"",""1.792"",""1.792"",""0.987"",""0.987""]","[""2.304"",""2.304"",""0.768"",""0.768"",""0.768"",""0.768"",""2.304"",""0.768"",""2.304"",""0.768"",""0.768"",""2.304"",""0.768"",""0.768"",""2.304"",""2.304""]","{""t01"":[],""t02"":[""t01""],""t03"":[""t01""],""t04"":[""t01""],""t05"":[""t03""],""t06"":[""t02"",""t03""],""t07"":[""t02"",""t03"",""t04""],""t08"":[""t05"",""t06"",""t07""],""t09"":[""t07""],""t10"":[""t07""],""t11"":[""t05"",""t07"",""t08"",""t09"",""t10""],""t12"":[""t08"",""t09""],""t13"":[""t09""],""t14"":[""t12""],""t15"":[""t11"",""t12"",""t13""],""t16"":[""t07"",""t14"",""t15""]}"
EXP-08,confirmatory,exp08_confirmatory_n16_mixed_homogeneous_02,n16_mixed_homogeneous,16,mixed,homogeneous,medium,2,0,17454654879923884694,0.4375,t01->t03->t07->t10->t12->t14->t16,84,17,tied,0.3,0.7,"[""12"",""12"",""12"",""12"",""12"",""12"",""12"",""12"",""12"",""12"",""12"",""12"",""12"",""12"",""12"",""12""]","[""0.987"",""1.792"",""0.988"",""1.792"",""1.792"",""1.792"",""0.987"",""1.792"",""1.792"",""0.987"",""1.792"",""0.987"",""1.792"",""0.988"",""1.792"",""0.988""]","[""2.304"",""0.768"",""2.304"",""0.768"",""0.768"",""0.768"",""2.304"",""0.768"",""0.768"",""2.304"",""0.768"",""2.304"",""0.768"",""2.304"",""0.768"",""2.304""]","{""t01"":[],""t02"":[""t01""],""t03"":[""t01""],""t04"":[""t01""],""t05"":[""t04""],""t06"":[""t04""],""t07"":[""t02"",""t03""],""t08"":[""t05"",""t06"",""t07""],""t09"":[""t05"",""t06""],""t10"":[""t05"",""t07""],""t11"":[""t01"",""t08""],""t12"":[""t10""],""t13"":[""t08"",""t09""],""t14"":[""t11"",""t12""],""t15"":[""t11"",""t13""],""t16"":[""t14"",""t15""]}"
EXP-08,confirmatory,exp08_confirmatory_n16_mixed_homogeneous_03,n16_mixed_homogeneous,16,mixed,homogeneous,medium,3,0,15310028613213033392,0.4375,t01->t03->t07->t08->t11->t14->t16,84,15,tied,0.3,0.7,"[""12"",""12"",""12"",""12"",""12"",""12"",""12"",""12"",""12"",""12"",""12"",""12"",""12"",""12"",""12"",""12""]","[""0.987"",""1.792"",""0.987"",""1.792"",""1.792"",""1.792"",""0.988"",""0.987"",""1.792"",""1.792"",""0.988"",""1.792"",""1.792"",""0.988"",""1.792"",""0.987""]","[""2.304"",""0.768"",""2.304"",""0.768"",""0.768"",""0.768"",""2.304"",""2.304"",""0.768"",""0.768"",""2.304"",""0.768"",""0.768"",""2.304"",""0.768"",""2.304""]","{""t01"":[],""t02"":[""t01""],""t03"":[""t01""],""t04"":[""t01""],""t05"":[""t02"",""t03"",""t04""],""t06"":[""t03"",""t04""],""t07"":[""t03""],""t08"":[""t07""],""t09"":[""t07""],""t10"":[""t02"",""t05"",""t06""],""t11"":[""t08""],""t12"":[""t08"",""t09"",""t10""],""t13"":[""t09"",""t10""],""t14"":[""t11""],""t15"":[""t11"",""t12"",""t13""],""t16"":[""t03"",""t14"",""t15""]}"
EXP-08,confirmatory,exp08_confirmatory_n16_mixed_homogeneous_04,n16_mixed_homogeneous,16,mixed,homogeneous,medium,4,0,15711331555903469831,0.4375,t01->t04->t07->t09->t12->t14->t16,84,33,tied,0.3,0.7,"[""12"",""12"",""12"",""12"",""12"",""12"",""12"",""12"",""12"",""12"",""12"",""12"",""12"",""12"",""12"",""12""]","[""0.987"",""1.792"",""1.792"",""0.988"",""1.792"",""1.792"",""0.988"",""1.792"",""0.987"",""1.792"",""1.792"",""0.987"",""1.792"",""0.988"",""1.792"",""0.987""]","[""2.304"",""0.768"",""0.768"",""2.304"",""0.768"",""0.768"",""2.304"",""0.768"",""2.304"",""0.768"",""0.768"",""2.304"",""0.768"",""2.304"",""0.768"",""2.304""]","{""t01"":[],""t02"":[""t01""],""t03"":[""t01""],""t04"":[""t01""],""t05"":[""t02"",""t03"",""t04""],""t06"":[""t02"",""t04""],""t07"":[""t04""],""t08"":[""t06"",""t07""],""t09"":[""t05"",""t06"",""t07""],""t10"":[""t06"",""t07""],""t11"":[""t08"",""t09"",""t10""],""t12"":[""t09""],""t13"":[""t07"",""t09"",""t10""],""t14"":[""t12""],""t15"":[""t07"",""t11"",""t12"",""t13""],""t16"":[""t14"",""t15""]}"
EXP-08,confirmatory,exp08_confirmatory_n16_mixed_homogeneous_05,n16_mixed_homogeneous,16,mixed,homogeneous,medium,5,0,16715195990024815212,0.4375,t01->t03->t05->t09->t11->t15->t16,84,14,tied,0.3,0.7,"[""12"",""12"",""12"",""12"",""12"",""12"",""12"",""12"",""12"",""12"",""12"",""12"",""12"",""12"",""12"",""12""]","[""0.987"",""1.792"",""0.988"",""1.792"",""0.987"",""1.792"",""1.792"",""1.792"",""0.988"",""1.792"",""0.987"",""1.792"",""1.792"",""1.792"",""0.987"",""0.988""]","[""2.304"",""0.768"",""2.304"",""0.768"",""2.304"",""0.768"",""0.768"",""0.768"",""2.304"",""0.768"",""2.304"",""0.768"",""0.768"",""0.768"",""2.304"",""2.304""]","{""t01"":[],""t02"":[""t01""],""t03"":[""t01""],""t04"":[""t01""],""t05"":[""t02"",""t03""],""t06"":[""t01"",""t02"",""t04""],""t07"":[""t03"",""t04""],""t08"":[""t06"",""t07""],""t09"":[""t05"",""t07""],""t10"":[""t06""],""t11"":[""t09""],""t12"":[""t08"",""t09""],""t13"":[""t10""],""t14"":[""t12""],""t15"":[""t11"",""t13""],""t16"":[""t14"",""t15""]}"
EXP-08,confirmatory,exp08_confirmatory_n16_mixed_homogeneous_06,n16_mixed_homogeneous,16,mixed,homogeneous,medium,6,0,4765792260216772634,0.4375,t01->t04->t07->t08->t13->t15->t16,84,29,tied,0.3,0.7,"[""12"",""12"",""12"",""12"",""12"",""12"",""12"",""12"",""12"",""12"",""12"",""12"",""12"",""12"",""12"",""12""]","[""0.987"",""1.792"",""1.792"",""0.988"",""1.792"",""1.792"",""0.987"",""0.987"",""1.792"",""1.792"",""1.792"",""1.792"",""0.987"",""1.792"",""0.988"",""0.988""]","[""2.304"",""0.768"",""0.768"",""2.304"",""0.768"",""0.768"",""2.304"",""2.304"",""0.768"",""0.768"",""0.768"",""0.768"",""2.304"",""0.768"",""2.304"",""2.304""]","{""t01"":[],""t02"":[""t01""],""t03"":[""t01""],""t04"":[""t01""],""t05"":[""t02"",""t03"",""t04""],""t06"":[""t03""],""t07"":[""t04""],""t08"":[""t05"",""t06"",""t07""],""t09"":[""t05"",""t06""],""t10"":[""t06""],""t11"":[""t08""],""t12"":[""t08"",""t09""],""t13"":[""t07"",""t08"",""t10""],""t14"":[""t11"",""t12""],""t15"":[""t03"",""t12"",""t13""],""t16"":[""t01"",""t03"",""t14"",""t15""]}"
EXP-08,confirmatory,exp08_confirmatory_n16_mixed_homogeneous_07,n16_mixed_homogeneous,16,mixed,homogeneous,medium,7,0,9386572896517658949,0.4375,t01->t04->t07->t09->t12->t15->t16,84,15,tied,0.3,0.7,"[""12"",""12"",""12"",""12"",""12"",""12"",""12"",""12"",""12"",""12"",""12"",""12"",""12"",""12"",""12"",""12""]","[""0.987"",""1.792"",""1.792"",""0.988"",""1.792"",""1.792"",""0.988"",""1.792"",""0.987"",""1.792"",""1.792"",""0.987"",""1.792"",""1.792"",""0.987"",""0.988""]","[""2.304"",""0.768"",""0.768"",""2.304"",""0.768"",""0.768"",""2.304"",""0.768"",""2.304"",""0.768"",""0.768"",""2.304"",""0.768"",""0.768"",""2.304"",""2.304""]","{""t01"":[],""t02"":[""t01""],""t03"":[""t01""],""t04"":[""t01""],""t05"":[""t01"",""t02"",""t03""],""t06"":[""t02"",""t04""],""t07"":[""t01"",""t04""],""t08"":[""t02"",""t06"",""t07""],""t09"":[""t07""],""t10"":[""t01"",""t05"",""t07""],""t11"":[""t02"",""t03"",""t08"",""t09"",""t10""],""t12"":[""t09"",""t10""],""t13"":[""t09"",""t10""],""t14"":[""t03"",""t11"",""t13""],""t15"":[""t12""],""t16"":[""t02"",""t14"",""t15""]}"
EXP-08,confirmatory,exp08_confirmatory_n16_mixed_homogeneous_08,n16_mixed_homogeneous,16,mixed,homogeneous,medium,8,0,4334184214937787400,0.4375,t01->t03->t05->t08->t12->t14->t16,84,12,tied,0.3,0.7,"[""12"",""12"",""12"",""12"",""12"",""12"",""12"",""12"",""12"",""12"",""12"",""12"",""12"",""12"",""12"",""12""]","[""0.988"",""1.792"",""0.988"",""1.792"",""0.987"",""1.792"",""1.792"",""0.987"",""1.792"",""1.792"",""1.792"",""0.987"",""1.792"",""0.987"",""1.792"",""0.988""]","[""2.304"",""0.768"",""2.304"",""0.768"",""2.304"",""0.768"",""0.768"",""2.304"",""0.768"",""0.768"",""0.768"",""2.304"",""0.768"",""2.304"",""0.768"",""2.304""]","{""t01"":[],""t02"":[""t01""],""t03"":[""t01""],""t04"":[""t01""],""t05"":[""t03"",""t04""],""t06"":[""t02""],""t07"":[""t03"",""t04""],""t08"":[""t05"",""t06""],""t09"":[""t06""],""t10"":[""t05"",""t07""],""t11"":[""t04"",""t09"",""t10""],""t12"":[""t08""],""t13"":[""t10""],""t14"":[""t04"",""t12"",""t13""],""t15"":[""t09"",""t11""],""t16"":[""t14"",""t15""]}"
EXP-08,confirmatory,exp08_confirmatory_n16_mixed_homogeneous_09,n16_mixed_homogeneous,16,mixed,homogeneous,medium,9,0,12156496691356001379,0.4375,t01->t02->t05->t08->t11->t14->t16,84,10,tied,0.3,0.7,"[""12"",""12"",""12"",""12"",""12"",""12"",""12"",""12"",""12"",""12"",""12"",""12"",""12"",""12"",""12"",""12""]","[""0.987"",""0.988"",""1.792"",""1.792"",""0.987"",""1.792"",""1.792"",""0.988"",""1.792"",""1.792"",""0.987"",""1.792"",""1.792"",""0.987"",""1.792"",""0.988""]","[""2.304"",""2.304"",""0.768"",""0.768"",""2.304"",""0.768"",""0.768"",""2.304"",""0.768"",""0.768"",""2.304"",""0.768"",""0.768"",""2.304"",""0.768"",""2.304""]","{""t01"":[],""t02"":[""t01""],""t03"":[""t01""],""t04"":[""t01""],""t05"":[""t02""],""t06"":[""t02"",""t03""],""t07"":[""t02"",""t04""],""t08"":[""t05"",""t07""],""t09"":[""t05"",""t06""],""t10"":[""t05""],""t11"":[""t08""],""t12"":[""t07"",""t08"",""t10""],""t13"":[""t09""],""t14"":[""t10"",""t11"",""t12""],""t15"":[""t13""],""t16"":[""t14"",""t15""]}"
EXP-08,confirmatory,exp08_confirmatory_n16_mixed_homogeneous_10,n16_mixed_homogeneous,16,mixed,homogeneous,medium,10,0,5640331301358134138,0.4375,t01->t03->t05->t09->t13->t14->t16,84,18,tied,0.3,0.7,"[""12"",""12"",""12"",""12"",""12"",""12"",""12"",""12"",""12"",""12"",""12"",""12"",""12"",""12"",""12"",""12""]","[""0.987"",""1.792"",""0.988"",""1.792"",""0.987"",""1.792"",""1.792"",""1.792"",""0.987"",""1.792"",""1.792"",""1.792"",""0.988"",""0.987"",""1.792"",""0.988""]","[""2.304"",""0.768"",""2.304"",""0.768"",""2.304"",""0.768"",""0.768"",""0.768"",""2.304"",""0.768"",""0.768"",""0.768"",""2.304"",""2.304"",""0.768"",""2.304""]","{""t01"":[],""t02"":[""t01""],""t03"":[""t01""],""t04"":[""t01""],""t05"":[""t03""],""t06"":[""t02""],""t07"":[""t02"",""t03"",""t04""],""t08"":[""t05""],""t09"":[""t05"",""t07""],""t10"":[""t05"",""t06"",""t07""],""t11"":[""t08"",""t10""],""t12"":[""t09""],""t13"":[""t02"",""t09""],""t14"":[""t12"",""t13""],""t15"":[""t07"",""t11"",""t13""],""t16"":[""t02"",""t03"",""t13"",""t14"",""t15""]}"
EXP-08,confirmatory,exp08_confirmatory_n16_mixed_homogeneous_11,n16_mixed_homogeneous,16,mixed,homogeneous,medium,11,0,16950700788908843453,0.4375,t01->t04->t07->t09->t11->t14->t16,84,24,tied,0.3,0.7,"[""12"",""12"",""12"",""12"",""12"",""12"",""12"",""12"",""12"",""12"",""12"",""12"",""12"",""12"",""12"",""12""]","[""0.987"",""1.792"",""1.792"",""0.988"",""1.792"",""1.792"",""0.987"",""1.792"",""0.987"",""1.792"",""0.987"",""1.792"",""1.792"",""0.988"",""1.792"",""0.988""]","[""2.304"",""0.768"",""0.768"",""2.304"",""0.768"",""0.768"",""2.304"",""0.768"",""2.304"",""0.768"",""2.304"",""0.768"",""0.768"",""2.304"",""0.768"",""2.304""]","{""t01"":[],""t02"":[""t01""],""t03"":[""t01""],""t04"":[""t01""],""t05"":[""t02"",""t04""],""t06"":[""t02"",""t04""],""t07"":[""t03"",""t04""],""t08"":[""t05"",""t06""],""t09"":[""t06"",""t07""],""t10"":[""t05"",""t07""],""t11"":[""t09"",""t10""],""t12"":[""t09""],""t13"":[""t02"",""t08""],""t14"":[""t11"",""t12"",""t13""],""t15"":[""t12"",""t13""],""t16"":[""t14"",""t15""]}"
EXP-08,confirmatory,exp08_confirmatory_n16_mixed_homogeneous_12,n16_mixed_homogeneous,16,mixed,homogeneous,medium,12,0,1652880066119362549,0.4375,t01->t02->t07->t10->t11->t15->t16,84,21,tied,0.3,0.7,"[""12"",""12"",""12"",""12"",""12"",""12"",""12"",""12"",""12"",""12"",""12"",""12"",""12"",""12"",""12"",""12""]","[""0.988"",""0.987"",""1.792"",""1.792"",""1.792"",""1.792"",""0.988"",""1.792"",""1.792"",""0.987"",""0.987"",""1.792"",""1.792"",""1.792"",""0.988"",""0.987""]","[""2.304"",""2.304"",""0.768"",""0.768"",""0.768"",""0.768"",""2.304"",""0.768"",""0.768"",""2.304"",""2.304"",""0.768"",""0.768"",""0.768"",""2.304"",""2.304""]","{""t01"":[],""t02"":[""t01""],""t03"":[""t01""],""t04"":[""t01""],""t05"":[""t03"",""t04""],""t06"":[""t03""],""t07"":[""t01"",""t02"",""t04""],""t08"":[""t05"",""t06"",""t07""],""t09"":[""t02"",""t05"",""t06"",""t07""],""t10"":[""t07""],""t11"":[""t10""],""t12"":[""t09"",""t10""],""t13"":[""t08"",""t09"",""t10""],""t14"":[""t12"",""t13""],""t15"":[""t11""],""t16"":[""t14"",""t15""]}"
EXP-08,confirmatory,exp08_confirmatory_n16_mixed_homogeneous_13,n16_mixed_homogeneous,16,mixed,homogeneous,medium,13,0,492515450892097716,0.4375,t01->t03->t05->t10->t13->t15->t16,84,9,tied,0.3,0.7,"[""12"",""12"",""12"",""12"",""12"",""12"",""12"",""12"",""12"",""12"",""12"",""12"",""12"",""12"",""12"",""12""]","[""0.988"",""1.792"",""0.987"",""1.792"",""0.987"",""1.792"",""1.792"",""1.792"",""1.792"",""0.988"",""1.792"",""1.792"",""0.987"",""1.792"",""0.987"",""0.988""]","[""2.304"",""0.768"",""2.304"",""0.768"",""2.304"",""0.768"",""0.768"",""0.768"",""0.768"",""2.304"",""0.768"",""0.768"",""2.304"",""0.768"",""2.304"",""2.304""]","{""t01"":[],""t02"":[""t01""],""t03"":[""t01""],""t04"":[""t01""],""t05"":[""t03""],""t06"":[""t02""],""t07"":[""t02"",""t04""],""t08"":[""t04"",""t05"",""t07""],""t09"":[""t05"",""t06""],""t10"":[""t05""],""t11"":[""t02"",""t08""],""t12"":[""t08""],""t13"":[""t09"",""t10""],""t14"":[""t06"",""t09"",""t11""],""t15"":[""t01"",""t04"",""t12"",""t13""],""t16"":[""t14"",""t15""]}"
EXP-08,confirmatory,exp08_confirmatory_n16_mixed_homogeneous_14,n16_mixed_homogeneous,16,mixed,homogeneous,medium,14,0,13097041495943177732,0.4375,t01->t03->t07->t10->t11->t14->t16,84,18,tied,0.3,0.7,"[""12"",""12"",""12"",""12"",""12"",""12"",""12"",""12"",""12"",""12"",""12"",""12"",""12"",""12"",""12"",""12""]","[""0.988"",""1.792"",""0.988"",""1.792"",""1.792"",""1.792"",""0.988"",""1.792"",""1.792"",""0.987"",""0.987"",""1.792"",""1.792"",""0.987"",""1.792"",""0.987""]","[""2.304"",""0.768"",""2.304"",""0.768"",""0.768"",""0.768"",""2.304"",""0.768"",""0.768"",""2.304"",""2.304"",""0.768"",""0.768"",""2.304"",""0.768"",""2.304""]","{""t01"":[],""t02"":[""t01""],""t03"":[""t01""],""t04"":[""t01""],""t05"":[""t04""],""t06"":[""t02""],""t07"":[""t03"",""t04""],""t08"":[""t05"",""t06""],""t09"":[""t02"",""t05""],""t10"":[""t07""],""t11"":[""t02"",""t08"",""t09"",""t10""],""t12"":[""t03"",""t09"",""t10""],""t13"":[""t05"",""t08"",""t09"",""t10""],""t14"":[""t11"",""t12"",""t13""],""t15"":[""t07"",""t13""],""t16"":[""t14"",""t15""]}"
EXP-08,confirmatory,exp08_confirmatory_n16_mixed_homogeneous_15,n16_mixed_homogeneous,16,mixed,homogeneous,medium,15,0,8950739178279050651,0.4375,t01->t03->t07->t10->t12->t14->t16,84,13,tied,0.3,0.7,"[""12"",""12"",""12"",""12"",""12"",""12"",""12"",""12"",""12"",""12"",""12"",""12"",""12"",""12"",""12"",""12""]","[""0.988"",""1.792"",""0.987"",""1.792"",""1.792"",""1.792"",""0.987"",""1.792"",""1.792"",""0.988"",""1.792"",""0.987"",""1.792"",""0.987"",""1.792"",""0.988""]","[""2.304"",""0.768"",""2.304"",""0.768"",""0.768"",""0.768"",""2.304"",""0.768"",""0.768"",""2.304"",""0.768"",""2.304"",""0.768"",""2.304"",""0.768"",""2.304""]","{""t01"":[],""t02"":[""t01""],""t03"":[""t01""],""t04"":[""t01""],""t05"":[""t02"",""t04""],""t06"":[""t03""],""t07"":[""t02"",""t03""],""t08"":[""t04"",""t07""],""t09"":[""t05"",""t06"",""t07""],""t10"":[""t06"",""t07""],""t11"":[""t09""],""t12"":[""t10""],""t13"":[""t08"",""t10""],""t14"":[""t09"",""t12"",""t13""],""t15"":[""t11""],""t16"":[""t12"",""t14"",""t15""]}"
EXP-08,confirmatory,exp08_confirmatory_n16_mixed_homogeneous_16,n16_mixed_homogeneous,16,mixed,homogeneous,medium,16,0,666821779168004381,0.4375,t01->t03->t06->t08->t11->t15->t16,84,11,tied,0.3,0.7,"[""12"",""12"",""12"",""12"",""12"",""12"",""12"",""12"",""12"",""12"",""12"",""12"",""12"",""12"",""12"",""12""]","[""0.988"",""1.792"",""0.988"",""1.792"",""1.792"",""0.987"",""1.792"",""0.987"",""1.792"",""1.792"",""0.987"",""1.792"",""1.792"",""1.792"",""0.987"",""0.988""]","[""2.304"",""0.768"",""2.304"",""0.768"",""0.768"",""2.304"",""0.768"",""2.304"",""0.768"",""0.768"",""2.304"",""0.768"",""0.768"",""0.768"",""2.304"",""2.304""]","{""t01"":[],""t02"":[""t01""],""t03"":[""t01""],""t04"":[""t01""],""t05"":[""t02"",""t04""],""t06"":[""t02"",""t03""],""t07"":[""t03""],""t08"":[""t06""],""t09"":[""t07""],""t10"":[""t05""],""t11"":[""t05"",""t08"",""t10""],""t12"":[""t01"",""t08"",""t09""],""t13"":[""t10""],""t14"":[""t04"",""t13""],""t15"":[""t11"",""t12"",""t13""],""t16"":[""t13"",""t14"",""t15""]}"
EXP-08,confirmatory,exp08_confirmatory_n16_mixed_homogeneous_17,n16_mixed_homogeneous,16,mixed,homogeneous,medium,17,0,3027133886163092717,0.4375,t01->t03->t05->t10->t12->t14->t16,84,24,tied,0.3,0.7,"[""12"",""12"",""12"",""12"",""12"",""12"",""12"",""12"",""12"",""12"",""12"",""12"",""12"",""12"",""12"",""12""]","[""0.988"",""1.792"",""0.987"",""1.792"",""0.988"",""1.792"",""1.792"",""1.792"",""1.792"",""0.988"",""1.792"",""0.987"",""1.792"",""0.987"",""1.792"",""0.987""]","[""2.304"",""0.768"",""2.304"",""0.768"",""2.304"",""0.768"",""0.768"",""0.768"",""0.768"",""2.304"",""0.768"",""2.304"",""0.768"",""2.304"",""0.768"",""2.304""]","{""t01"":[],""t02"":[""t01""],""t03"":[""t01""],""t04"":[""t01""],""t05"":[""t03""],""t06"":[""t02"",""t03"",""t04""],""t07"":[""t03"",""t04""],""t08"":[""t06"",""t07""],""t09"":[""t05""],""t10"":[""t05"",""t07""],""t11"":[""t02"",""t08"",""t10""],""t12"":[""t07"",""t09"",""t10""],""t13"":[""t08"",""t09""],""t14"":[""t02"",""t11"",""t12"",""t13""],""t15"":[""t13""],""t16"":[""t05"",""t09"",""t14"",""t15""]}"
EXP-08,confirmatory,exp08_confirmatory_n16_mixed_homogeneous_18,n16_mixed_homogeneous,16,mixed,homogeneous,medium,18,0,7523623890751997676,0.4375,t01->t04->t05->t10->t13->t14->t16,84,18,tied,0.3,0.7,"[""12"",""12"",""12"",""12"",""12"",""12"",""12"",""12"",""12"",""12"",""12"",""12"",""12"",""12"",""12"",""12""]","[""0.988"",""1.792"",""1.792"",""0.987"",""0.987"",""1.792"",""1.792"",""1.792"",""1.792"",""0.987"",""1.792"",""1.792"",""0.988"",""0.988"",""1.792"",""0.987""]","[""2.304"",""0.768"",""0.768"",""2.304"",""2.304"",""0.768"",""0.768"",""0.768"",""0.768"",""2.304"",""0.768"",""0.768"",""2.304"",""2.304"",""0.768"",""2.304""]","{""t01"":[],""t02"":[""t01""],""t03"":[""t01""],""t04"":[""t01""],""t05"":[""t03"",""t04""],""t06"":[""t02""],""t07"":[""t03""],""t08"":[""t03"",""t06""],""t09"":[""t07""],""t10"":[""t05"",""t07""],""t11"":[""t08"",""t10""],""t12"":[""t07"",""t09"",""t10""],""t13"":[""t10""],""t14"":[""t11"",""t13""],""t15"":[""t06"",""t09"",""t11"",""t12"",""t13""],""t16"":[""t14"",""t15""]}"
EXP-08,confirmatory,exp08_confirmatory_n16_mixed_homogeneous_19,n16_mixed_homogeneous,16,mixed,homogeneous,medium,19,0,10522641126637537724,0.4375,t01->t02->t07->t10->t12->t14->t16,84,14,tied,0.3,0.7,"[""12"",""12"",""12"",""12"",""12"",""12"",""12"",""12"",""12"",""12"",""12"",""12"",""12"",""12"",""12"",""12""]","[""0.987"",""0.988"",""1.792"",""1.792"",""1.792"",""1.792"",""0.987"",""1.792"",""1.792"",""0.988"",""1.792"",""0.987"",""1.792"",""0.987"",""1.792"",""0.988""]","[""2.304"",""2.304"",""0.768"",""0.768"",""0.768"",""0.768"",""2.304"",""0.768"",""0.768"",""2.304"",""0.768"",""2.304"",""0.768"",""2.304"",""0.768"",""2.304""]","{""t01"":[],""t02"":[""t01""],""t03"":[""t01""],""t04"":[""t01""],""t05"":[""t02"",""t03""],""t06"":[""t04""],""t07"":[""t02"",""t03""],""t08"":[""t06""],""t09"":[""t05""],""t10"":[""t07""],""t11"":[""t08"",""t10""],""t12"":[""t08"",""t09"",""t10""],""t13"":[""t08""],""t14"":[""t03"",""t12""],""t15"":[""t11"",""t12"",""t13""],""t16"":[""t07"",""t14"",""t15""]}"
EXP-08,confirmatory,exp08_confirmatory_n16_mixed_lognormal_00,n16_mixed_lognormal,16,mixed,lognormal,medium,0,0,14705914018706020731,0.52,t01->t02->t07->t10->t12->t14->t16,156,1,unique,0.3,0.7,"[""24"",""36"",""36"",""24"",""12"",""12"",""12"",""12"",""12"",""24"",""12"",""12"",""12"",""24"",""12"",""24""]","[""1.661"",""2.492"",""6.300"",""4.200"",""2.100"",""2.100"",""0.831"",""2.100"",""2.100"",""1.662"",""2.100"",""0.831"",""2.100"",""1.661"",""2.100"",""1.662""]","[""3.877"",""5.815"",""2.700"",""1.800"",""0.900"",""0.900"",""1.938"",""0.900"",""0.900"",""3.877"",""0.900"",""1.939"",""0.900"",""3.877"",""0.900"",""3.877""]","{""t01"":[],""t02"":[""t01""],""t03"":[""t01""],""t04"":[""t01""],""t05"":[""t04""],""t06"":[""t03"",""t04""],""t07"":[""t02""],""t08"":[""t05""],""t09"":[""t05"",""t06"",""t07""],""t10"":[""t07""],""t11"":[""t01"",""t08"",""t09""],""t12"":[""t06"",""t08"",""t10""],""t13"":[""t08""],""t14"":[""t11"",""t12"",""t13""],""t15"":[""t12"",""t13""],""t16"":[""t12"",""t13"",""t14"",""t15""]}"
EXP-08,confirmatory,exp08_confirmatory_n16_mixed_lognormal_01,n16_mixed_lognormal,16,mixed,lognormal,medium,1,0,4032276511937573639,0.5185185185185185185185185185,t01->t02->t05->t08->t11->t14->t16,168,1,unique,0.3,0.7,"[""12"",""24"",""12"",""12"",""24"",""24"",""12"",""36"",""24"",""12"",""12"",""12"",""24"",""48"",""24"",""12""]","[""0.833"",""1.666"",""2.094"",""2.094"",""1.666"",""4.187"",""2.093"",""2.500"",""4.187"",""2.093"",""0.833"",""2.094"",""4.187"",""3.333"",""4.187"",""0.833""]","[""1.944"",""3.888"",""0.897"",""0.897"",""3.888"",""1.795"",""0.897"",""5.832"",""1.794"",""0.897"",""1.944"",""0.897"",""1.795"",""7.776"",""1.795"",""1.944""]","{""t01"":[],""t02"":[""t01""],""t03"":[""t01""],""t04"":[""t01""],""t05"":[""t02"",""t03""],""t06"":[""t03""],""t07"":[""t04""],""t08"":[""t05""],""t09"":[""t05"",""t07""],""t10"":[""t06"",""t07""],""t11"":[""t02"",""t08"",""t09"",""t10""],""t12"":[""t10""],""t13"":[""t10""],""t14"":[""t11"",""t13""],""t15"":[""t12""],""t16"":[""t14"",""t15""]}"
EXP-08,confirmatory,exp08_confirmatory_n16_mixed_lognormal_02,n16_mixed_lognormal,16,mixed,lognormal,medium,2,0,7729781049225160432,0.4878048780487804878048780488,t01->t02->t07->t09->t11->t14->t16,240,1,unique,0.3,0.7,"[""12"",""60"",""12"",""36"",""48"",""48"",""36"",""12"",""60"",""24"",""48"",""12"",""36"",""12"",""24"",""12""]","[""0.886"",""4.428"",""1.968"",""5.904"",""7.872"",""7.872"",""2.657"",""1.968"",""4.428"",""3.936"",""3.542"",""1.968"",""5.904"",""0.886"",""3.936"",""0.885""]","[""2.067"",""10.332"",""0.843"",""2.530"",""3.374"",""3.374"",""6.199"",""0.843"",""10.332"",""1.687"",""8.266"",""0.844"",""2.530"",""2.066"",""1.687"",""2.066""]","{""t01"":[],""t02"":[""t01""],""t03"":[""t01""],""t04"":[""t01""],""t05"":[""t03""],""t06"":[""t04""],""t07"":[""t02"",""t04""],""t08"":[""t05""],""t09"":[""t05"",""t07""],""t10"":[""t06""],""t11"":[""t09""],""t12"":[""t08"",""t10""],""t13"":[""t10""],""t14"":[""t11"",""t12"",""t13""],""t15"":[""t13""],""t16"":[""t14"",""t15""]}"
EXP-08,confirmatory,exp08_confirmatory_n16_mixed_lognormal_03,n16_mixed_lognormal,16,mixed,lognormal,medium,3,0,3674873408619308624,0.5,t01->t02->t05->t08->t12->t15->t16,192,1,unique,0.3,0.7,"[""24"",""24"",""24"",""12"",""36"",""24"",""24"",""24"",""12"",""12"",""24"",""36"",""24"",""36"",""36"",""12""]","[""1.728"",""1.728"",""4.032"",""2.016"",""2.592"",""4.032"",""4.032"",""1.728"",""2.016"",""2.016"",""4.032"",""2.592"",""4.032"",""6.048"",""2.592"",""0.864""]","[""4.032"",""4.032"",""1.728"",""0.864"",""6.048"",""1.728"",""1.728"",""4.032"",""0.864"",""0.864"",""1.728"",""6.048"",""1.728"",""2.592"",""6.048"",""2.016""]","{""t01"":[],""t02"":[""t01""],""t03"":[""t01""],""t04"":[""t01""],""t05"":[""t02""],""t06"":[""t03""],""t07"":[""t01"",""t02"",""t03"",""t04""],""t08"":[""t05"",""t07""],""t09"":[""t05"",""t06"",""t07""],""t10"":[""t04"",""t07""],""t11"":[""t03"",""t08""],""t12"":[""t08""],""t13"":[""t08"",""t09"",""t10""],""t14"":[""t11"",""t13""],""t15"":[""t12"",""t13""],""t16"":[""t03"",""t14"",""t15""]}"
EXP-08,confirmatory,exp08_confirmatory_n16_mixed_lognormal_04,n16_mixed_lognormal,16,mixed,lognormal,medium,4,0,4072058911250860536,0.5151515151515151515151515152,t01->t03->t06->t10->t12->t14->t16,204,1,unique,0.3,0.7,"[""24"",""24"",""24"",""12"",""12"",""36"",""60"",""24"",""12"",""24"",""24"",""60"",""12"",""24"",""12"",""12""]","[""1.677"",""4.158"",""1.677"",""2.079"",""2.079"",""2.516"",""10.395"",""4.158"",""2.079"",""1.677"",""4.158"",""4.193"",""2.079"",""1.677"",""2.079"",""0.839""]","[""3.913"",""1.782"",""3.913"",""0.891"",""0.891"",""5.870"",""4.455"",""1.782"",""0.891"",""3.913"",""1.782"",""9.784"",""0.891"",""3.914"",""0.891"",""1.957""]","{""t01"":[],""t02"":[""t01""],""t03"":[""t01""],""t04"":[""t01""],""t05"":[""t02"",""t04""],""t06"":[""t03""],""t07"":[""t03""],""t08"":[""t05"",""t06""],""t09"":[""t06"",""t07""],""t10"":[""t06""],""t11"":[""t07"",""t08""],""t12"":[""t10""],""t13"":[""t08"",""t09""],""t14"":[""t11"",""t12""],""t15"":[""t11"",""t13""],""t16"":[""t14"",""t15""]}"
EXP-08,confirmatory,exp08_confirmatory_n16_mixed_lognormal_05,n16_mixed_lognormal,16,mixed,lognormal,medium,5,0,14189052257763253032,0.5476190476190476190476190476,t01->t03->t06->t09->t13->t14->t16,276,1,unique,0.3,0.7,"[""36"",""24"",""72"",""36"",""12"",""72"",""24"",""36"",""24"",""36"",""24"",""12"",""36"",""24"",""24"",""12""]","[""2.367"",""4.456"",""4.733"",""6.685"",""2.228"",""4.733"",""4.457"",""6.685"",""1.578"",""6.685"",""4.456"",""2.228"",""2.366"",""1.578"",""4.456"",""0.789""]","[""5.522"",""1.910"",""11.044"",""2.865"",""0.955"",""11.044"",""1.910"",""2.864"",""3.682"",""2.865"",""1.910"",""0.955"",""5.522"",""3.681"",""1.910"",""1.841""]","{""t01"":[],""t02"":[""t01""],""t03"":[""t01""],""t04"":[""t01""],""t05"":[""t02""],""t06"":[""t03""],""t07"":[""t03"",""t04""],""t08"":[""t07""],""t09"":[""t06""],""t10"":[""t05"",""t07""],""t11"":[""t04"",""t07"",""t10""],""t12"":[""t08"",""t10""],""t13"":[""t08"",""t09"",""t10""],""t14"":[""t11"",""t12"",""t13""],""t15"":[""t11""],""t16"":[""t14"",""t15""]}"
EXP-08,confirmatory,exp08_confirmatory_n16_mixed_lognormal_06,n16_mixed_lognormal,16,mixed,lognormal,medium,6,0,15739995839334456737,0.4848484848484848484848484848,t01->t02->t06->t09->t11->t14->t16,192,1,unique,0.3,0.7,"[""24"",""12"",""24"",""12"",""12"",""48"",""24"",""24"",""60"",""36"",""12"",""12"",""24"",""12"",""36"",""24""]","[""1.782"",""0.891"",""3.914"",""1.957"",""1.957"",""3.564"",""3.913"",""3.913"",""4.455"",""5.870"",""0.891"",""1.957"",""3.913"",""0.891"",""5.870"",""1.782""]","[""4.158"",""2.079"",""1.677"",""0.839"",""0.838"",""8.316"",""1.677"",""1.677"",""10.395"",""2.516"",""2.079"",""0.839"",""1.677"",""2.079"",""2.516"",""4.158""]","{""t01"":[],""t02"":[""t01""],""t03"":[""t01""],""t04"":[""t01""],""t05"":[""t03"",""t04""],""t06"":[""t02""],""t07"":[""t02""],""t08"":[""t05""],""t09"":[""t04"",""t06"",""t07""],""t10"":[""t05""],""t11"":[""t09""],""t12"":[""t08"",""t10""],""t13"":[""t01"",""t08""],""t14"":[""t11""],""t15"":[""t12"",""t13""],""t16"":[""t09"",""t14"",""t15""]}"
EXP-08,confirmatory,exp08_confirmatory_n16_mixed_lognormal_07,n16_mixed_lognormal,16,mixed,lognormal,medium,7,0,39710214246806745,0.5277777777777777777777777778,t01->t02->t05->t10->t13->t15->t16,228,1,unique,0.3,0.7,"[""24"",""48"",""24"",""36"",""12"",""36"",""24"",""12"",""12"",""36"",""24"",""24"",""60"",""12"",""24"",""24""]","[""1.637"",""3.274"",""4.269"",""6.404"",""0.818"",""6.404"",""4.269"",""2.135"",""2.134"",""2.456"",""4.269"",""4.269"",""4.093"",""2.135"",""1.637"",""1.637""]","[""3.820"",""7.639"",""1.829"",""2.744"",""1.910"",""2.744"",""1.830"",""0.915"",""0.915"",""5.730"",""1.830"",""1.830"",""9.549"",""0.915"",""3.820"",""3.820""]","{""t01"":[],""t02"":[""t01""],""t03"":[""t01""],""t04"":[""t01""],""t05"":[""t02"",""t04""],""t06"":[""t01"",""t03"",""t04""],""t07"":[""t04""],""t08"":[""t01"",""t05"",""t06""],""t09"":[""t01"",""t06"",""t07""],""t10"":[""t05""],""t11"":[""t10""],""t12"":[""t08""],""t13"":[""t09"",""t10""],""t14"":[""t10"",""t11""],""t15"":[""t12"",""t13""],""t16"":[""t14"",""t15""]}"
EXP-08,confirmatory,exp08_confirmatory_n16_mixed_lognormal_08,n16_mixed_lognormal,16,mixed,lognormal,medium,8,0,12176902937949586467,0.5,t01->t02->t07->t10->t12->t15->t16,228,2,tied,0.3,0.7,"[""24"",""72"",""12"",""24"",""24"",""36"",""24"",""24"",""24"",""36"",""36"",""24"",""36"",""12"",""12"",""36""]","[""1.728"",""5.184"",""2.016"",""4.032"",""4.032"",""6.048"",""1.728"",""4.032"",""4.032"",""2.592"",""6.048"",""1.728"",""6.048"",""2.016"",""0.864"",""2.592""]","[""4.032"",""12.096"",""0.864"",""1.728"",""1.728"",""2.592"",""4.032"",""1.728"",""1.728"",""6.048"",""2.592"",""4.032"",""2.592"",""0.864"",""2.016"",""6.048""]","{""t01"":[],""t02"":[""t01""],""t03"":[""t01""],""t04"":[""t01""],""t05"":[""t03""],""t06"":[""t04""],""t07"":[""t02"",""t03""],""t08"":[""t02"",""t05""],""t09"":[""t06"",""t07""],""t10"":[""t07""],""t11"":[""t09""],""t12"":[""t10""],""t13"":[""t08""],""t14"":[""t11"",""t13""],""t15"":[""t12""],""t16"":[""t14"",""t15""]}"
EXP-08,confirmatory,exp08_confirmatory_n16_mixed_lognormal_09,n16_mixed_lognormal,16,mixed,lognormal,medium,9,0,14134820424648268659,0.5333333333333333333333333333,t01->t04->t06->t09->t12->t15->t16,192,3,tied,0.3,0.7,"[""36"",""12"",""24"",""60"",""12"",""36"",""12"",""36"",""12"",""36"",""12"",""12"",""12"",""12"",""24"",""12""]","[""2.430"",""2.160"",""4.320"",""4.050"",""2.160"",""2.430"",""2.160"",""6.480"",""0.810"",""6.480"",""2.160"",""0.810"",""2.160"",""2.160"",""1.620"",""0.810""]","[""5.670"",""0.926"",""1.851"",""9.450"",""0.926"",""5.670"",""0.926"",""2.777"",""1.890"",""2.777"",""0.926"",""1.890"",""0.925"",""0.926"",""3.780"",""1.890""]","{""t01"":[],""t02"":[""t01""],""t03"":[""t01""],""t04"":[""t01""],""t05"":[""t04""],""t06"":[""t03"",""t04""],""t07"":[""t02"",""t03""],""t08"":[""t07""],""t09"":[""t06""],""t10"":[""t05"",""t07""],""t11"":[""t08""],""t12"":[""t08"",""t09""],""t13"":[""t09"",""t10""],""t14"":[""t11"",""t12""],""t15"":[""t12"",""t13""],""t16"":[""t14"",""t15""]}"
EXP-08,confirmatory,exp08_confirmatory_n16_mixed_lognormal_10,n16_mixed_lognormal,16,mixed,lognormal,medium,10,0,15207608438867133691,0.5142857142857142857142857143,t01->t04->t05->t09->t12->t14->t16,216,1,unique,0.3,0.7,"[""12"",""24"",""24"",""24"",""60"",""36"",""12"",""24"",""12"",""12"",""36"",""24"",""12"",""48"",""24"",""36""]","[""0.840"",""4.151"",""4.151"",""1.680"",""4.200"",""6.226"",""2.075"",""4.151"",""0.840"",""2.075"",""6.226"",""1.680"",""2.075"",""3.360"",""4.150"",""2.520""]","[""1.960"",""1.779"",""1.779"",""3.920"",""9.800"",""2.668"",""0.890"",""1.779"",""1.960"",""0.889"",""2.668"",""3.920"",""0.889"",""7.840"",""1.779"",""5.880""]","{""t01"":[],""t02"":[""t01""],""t03"":[""t01""],""t04"":[""t01""],""t05"":[""t04""],""t06"":[""t02"",""t03"",""t04""],""t07"":[""t04""],""t08"":[""t07""],""t09"":[""t05"",""t07""],""t10"":[""t05"",""t06"",""t07""],""t11"":[""t08"",""t09""],""t12"":[""t08"",""t09""],""t13"":[""t06"",""t08"",""t09"",""t10""],""t14"":[""t12"",""t13""],""t15"":[""t11""],""t16"":[""t14"",""t15""]}"
EXP-08,confirmatory,exp08_confirmatory_n16_mixed_lognormal_11,n16_mixed_lognormal,16,mixed,lognormal,medium,11,0,4686924311259394505,0.5714285714285714285714285714,t01->t02->t05->t10->t13->t14->t16,240,1,unique,0.3,0.7,"[""48"",""24"",""12"",""36"",""72"",""24"",""24"",""24"",""24"",""12"",""12"",""12"",""24"",""36"",""12"",""24""]","[""3.024"",""1.512"",""2.352"",""7.056"",""4.536"",""4.704"",""4.704"",""4.704"",""4.704"",""0.756"",""2.352"",""2.352"",""1.512"",""2.268"",""2.352"",""1.512""]","[""7.056"",""3.528"",""1.008"",""3.024"",""10.584"",""2.016"",""2.016"",""2.016"",""2.016"",""1.764"",""1.008"",""1.008"",""3.528"",""5.292"",""1.008"",""3.528""]","{""t01"":[],""t02"":[""t01""],""t03"":[""t01""],""t04"":[""t01""],""t05"":[""t02""],""t06"":[""t03""],""t07"":[""t04""],""t08"":[""t07""],""t09"":[""t07""],""t10"":[""t05"",""t06"",""t07""],""t11"":[""t09"",""t10""],""t12"":[""t09""],""t13"":[""t08"",""t09"",""t10""],""t14"":[""t13""],""t15"":[""t03"",""t11"",""t12""],""t16"":[""t04"",""t11"",""t14"",""t15""]}"
EXP-08,confirmatory,exp08_confirmatory_n16_mixed_lognormal_12,n16_mixed_lognormal,16,mixed,lognormal,medium,12,1,9404034243187870027,0.4166666666666666666666666667,t01->t03->t06->t10->t13->t15->t16,180,3,tied,0.3,0.7,"[""12"",""48"",""48"",""36"",""24"",""36"",""24"",""12"",""48"",""24"",""24"",""12"",""36"",""24"",""12"",""12""]","[""1.037"",""6.912"",""4.147"",""5.184"",""3.456"",""3.110"",""3.456"",""1.728"",""6.912"",""2.074"",""3.456"",""1.728"",""3.110"",""3.456"",""1.037"",""1.037""]","[""2.419"",""2.962"",""9.677"",""2.222"",""1.481"",""7.258"",""1.481"",""0.741"",""2.962"",""4.838"",""1.481"",""0.741"",""7.258"",""1.481"",""2.419"",""2.419""]","{""t01"":[],""t02"":[""t01""],""t03"":[""t01""],""t04"":[""t01""],""t05"":[""t03""],""t06"":[""t02"",""t03""],""t07"":[""t04""],""t08"":[""t05""],""t09"":[""t05"",""t07""],""t10"":[""t04"",""t06"",""t07""],""t11"":[""t08""],""t12"":[""t03"",""t08"",""t09""],""t13"":[""t10""],""t14"":[""t08"",""t11"",""t12""],""t15"":[""t12"",""t13""],""t16"":[""t01"",""t03"",""t14"",""t15""]}"
EXP-08,confirmatory,exp08_confirmatory_n16_mixed_lognormal_13,n16_mixed_lognormal,16,mixed,lognormal,medium,13,0,17973901428423431680,0.5675675675675675675675675676,t01->t04->t05->t09->t13->t15->t16,252,1,unique,0.3,0.7,"[""24"",""24"",""36"",""60"",""36"",""24"",""12"",""24"",""48"",""12"",""36"",""12"",""24"",""12"",""36"",""24""]","[""1.522"",""4.662"",""6.993"",""3.806"",""2.284"",""4.662"",""2.331"",""4.662"",""3.045"",""2.331"",""6.993"",""2.331"",""1.522"",""2.331"",""2.283"",""1.522""]","[""3.552"",""1.998"",""2.997"",""8.880"",""5.328"",""1.998"",""0.999"",""1.998"",""7.104"",""0.999"",""2.997"",""0.999"",""3.552"",""0.999"",""5.328"",""3.552""]","{""t01"":[],""t02"":[""t01""],""t03"":[""t01""],""t04"":[""t01""],""t05"":[""t02"",""t04""],""t06"":[""t02"",""t03"",""t04""],""t07"":[""t02"",""t04""],""t08"":[""t07""],""t09"":[""t05"",""t06""],""t10"":[""t01"",""t05"",""t07""],""t11"":[""t09""],""t12"":[""t08"",""t09""],""t13"":[""t08"",""t09"",""t10""],""t14"":[""t11""],""t15"":[""t04"",""t05"",""t12"",""t13""],""t16"":[""t14"",""t15""]}"
EXP-08,confirmatory,exp08_confirmatory_n16_mixed_lognormal_14,n16_mixed_lognormal,16,mixed,lognormal,medium,14,2,12426795442927924769,0.5151515151515151515151515152,t01->t04->t06->t08->t11->t15->t16,204,1,unique,0.3,0.7,"[""24"",""12"",""24"",""24"",""12"",""36"",""36"",""48"",""24"",""24"",""36"",""24"",""12"",""24"",""24"",""12""]","[""1.677"",""2.079"",""4.158"",""1.677"",""2.079"",""2.516"",""6.237"",""3.354"",""4.158"",""4.158"",""2.516"",""4.158"",""2.079"",""4.158"",""1.677"",""0.839""]","[""3.913"",""0.891"",""1.782"",""3.914"",""0.891"",""5.870"",""2.673"",""7.827"",""1.782"",""1.782"",""5.870"",""1.782"",""0.891"",""1.782"",""3.913"",""1.957""]","{""t01"":[],""t02"":[""t01""],""t03"":[""t01""],""t04"":[""t01""],""t05"":[""t02"",""t03""],""t06"":[""t04""],""t07"":[""t02""],""t08"":[""t06""],""t09"":[""t05"",""t06""],""t10"":[""t07""],""t11"":[""t02"",""t05"",""t08"",""t09""],""t12"":[""t05"",""t10""],""t13"":[""t10""],""t14"":[""t12""],""t15"":[""t11"",""t13""],""t16"":[""t14"",""t15""]}"
EXP-08,confirmatory,exp08_confirmatory_n16_mixed_lognormal_15,n16_mixed_lognormal,16,mixed,lognormal,medium,15,2,2727882939513739108,0.5897435897435897435897435897,t01->t03->t06->t08->t12->t15->t16,276,1,unique,0.3,0.7,"[""24"",""36"",""24"",""12"",""12"",""24"",""24"",""36"",""12"",""12"",""36"",""60"",""24"",""24"",""36"",""72""]","[""1.465"",""7.371"",""1.465"",""2.457"",""2.457"",""1.465"",""4.914"",""2.197"",""2.457"",""2.457"",""7.371"",""3.663"",""4.914"",""4.914"",""2.198"",""4.395""]","[""3.419"",""3.159"",""3.418"",""1.053"",""1.053"",""3.418"",""2.106"",""5.128"",""1.053"",""1.053"",""3.159"",""8.546"",""2.106"",""2.106"",""5.128"",""10.255""]","{""t01"":[],""t02"":[""t01""],""t03"":[""t01""],""t04"":[""t01""],""t05"":[""t04""],""t06"":[""t03""],""t07"":[""t02"",""t04""],""t08"":[""t05"",""t06""],""t09"":[""t04"",""t05"",""t07""],""t10"":[""t05""],""t11"":[""t07"",""t09""],""t12"":[""t08"",""t10""],""t13"":[""t09""],""t14"":[""t11"",""t12"",""t13""],""t15"":[""t12""],""t16"":[""t09"",""t10"",""t14"",""t15""]}"
EXP-08,confirmatory,exp08_confirmatory_n16_mixed_lognormal_16,n16_mixed_lognormal,16,mixed,lognormal,medium,16,1,14352660621070131832,0.5483870967741935483870967742,t01->t02->t07->t10->t11->t14->t16,204,1,unique,0.3,0.7,"[""48"",""48"",""36"",""12"",""24"",""24"",""48"",""12"",""12"",""12"",""12"",""24"",""12"",""24"",""12"",""12""]","[""3.151"",""3.151"",""6.696"",""2.232"",""4.464"",""4.464"",""3.151"",""2.232"",""2.232"",""0.788"",""0.788"",""4.464"",""2.232"",""1.575"",""2.232"",""0.788""]","[""7.352"",""7.353"",""2.870"",""0.957"",""1.913"",""1.913"",""7.353"",""0.957"",""0.956"",""1.838"",""1.838"",""1.913"",""0.957"",""3.676"",""0.956"",""1.838""]","{""t01"":[],""t02"":[""t01""],""t03"":[""t01""],""t04"":[""t01""],""t05"":[""t03"",""t04""],""t06"":[""t02"",""t03""],""t07"":[""t02""],""t08"":[""t07""],""t09"":[""t05"",""t06""],""t10"":[""t06"",""t07""],""t11"":[""t09"",""t10""],""t12"":[""t09""],""t13"":[""t05"",""t08"",""t09""],""t14"":[""t11"",""t12""],""t15"":[""t11"",""t13""],""t16"":[""t14"",""t15""]}"
EXP-08,confirmatory,exp08_confirmatory_n16_mixed_lognormal_17,n16_mixed_lognormal,16,mixed,lognormal,medium,17,0,12905613193662500495,0.5306122448979591836734693878,t01->t02->t05->t08->t12->t14->t16,312,1,unique,0.3,0.7,"[""48"",""72"",""60"",""24"",""60"",""24"",""24"",""36"",""24"",""24"",""48"",""24"",""12"",""48"",""36"",""24""]","[""3.257"",""4.885"",""10.737"",""4.295"",""4.071"",""4.295"",""4.295"",""2.442"",""4.295"",""4.295"",""8.590"",""1.628"",""2.148"",""3.257"",""6.442"",""1.628""]","[""7.599"",""11.398"",""4.602"",""1.841"",""9.499"",""1.841"",""1.841"",""5.699"",""1.841"",""1.840"",""3.681"",""3.799"",""0.920"",""7.599"",""2.761"",""3.799""]","{""t01"":[],""t02"":[""t01""],""t03"":[""t01""],""t04"":[""t01""],""t05"":[""t02""],""t06"":[""t04""],""t07"":[""t03"",""t04""],""t08"":[""t02"",""t05""],""t09"":[""t06"",""t07""],""t10"":[""t05""],""t11"":[""t09""],""t12"":[""t01"",""t08"",""t09""],""t13"":[""t04"",""t08"",""t09"",""t10""],""t14"":[""t07"",""t11"",""t12""],""t15"":[""t01"",""t06"",""t11"",""t13""],""t16"":[""t14"",""t15""]}"
EXP-08,confirmatory,exp08_confirmatory_n16_mixed_lognormal_18,n16_mixed_lognormal,16,mixed,lognormal,medium,18,0,16747456705133332378,0.5588235294117647058823529412,t01->t03->t05->t10->t11->t15->t16,228,1,unique,0.3,0.7,"[""36"",""12"",""12"",""12"",""48"",""48"",""12"",""12"",""24"",""24"",""36"",""24"",""24"",""12"",""36"",""36""]","[""2.319"",""2.285"",""0.773"",""2.285"",""3.093"",""9.139"",""2.285"",""2.285"",""4.569"",""1.546"",""2.319"",""4.569"",""4.570"",""2.285"",""2.319"",""2.319""]","[""5.411"",""0.979"",""1.804"",""0.979"",""7.215"",""3.917"",""0.979"",""0.979"",""1.959"",""3.608"",""5.411"",""1.958"",""1.959"",""0.979"",""5.412"",""5.411""]","{""t01"":[],""t02"":[""t01""],""t03"":[""t01""],""t04"":[""t01""],""t05"":[""t03""],""t06"":[""t03""],""t07"":[""t02"",""t03"",""t04""],""t08"":[""t06""],""t09"":[""t02"",""t06"",""t07""],""t10"":[""t05"",""t07""],""t11"":[""t08"",""t10""],""t12"":[""t09""],""t13"":[""t08""],""t14"":[""t12""],""t15"":[""t11"",""t13""],""t16"":[""t14"",""t15""]}"
EXP-08,confirmatory,exp08_confirmatory_n16_mixed_lognormal_19,n16_mixed_lognormal,16,mixed,lognormal,medium,19,0,11452547812813841933,0.5,t01->t03->t07->t09->t13->t15->t16,240,1,unique,0.3,0.7,"[""24"",""36"",""60"",""24"",""36"",""36"",""24"",""24"",""36"",""36"",""12"",""12"",""36"",""24"",""36"",""24""]","[""1.728"",""6.048"",""4.320"",""4.032"",""6.048"",""6.048"",""1.728"",""4.032"",""2.592"",""6.048"",""2.016"",""2.016"",""2.592"",""4.032"",""2.592"",""1.728""]","[""4.032"",""2.592"",""10.080"",""1.728"",""2.592"",""2.592"",""4.032"",""1.728"",""6.048"",""2.592"",""0.864"",""0.864"",""6.048"",""1.728"",""6.048"",""4.032""]","{""t01"":[],""t02"":[""t01""],""t03"":[""t01""],""t04"":[""t01""],""t05"":[""t02"",""t04""],""t06"":[""t03"",""t04""],""t07"":[""t03"",""t04""],""t08"":[""t05""],""t09"":[""t03"",""t05"",""t07""],""t10"":[""t06""],""t11"":[""t04"",""t08"",""t10""],""t12"":[""t09"",""t10""],""t13"":[""t07"",""t09""],""t14"":[""t06"",""t11"",""t12"",""t13""],""t15"":[""t13""],""t16"":[""t14"",""t15""]}"
EXP-08,confirmatory,exp08_confirmatory_n16_chain_like_homogeneous_00,n16_chain_like_homogeneous,16,chain_like,homogeneous,high,0,0,17031455153674705072,0.75,t01->t03->t05->t06->t08->t10->t11->t12->t13->t14->t15->t16,144,4,tied,0.3,0.7,"[""12"",""12"",""12"",""12"",""12"",""12"",""12"",""12"",""12"",""12"",""12"",""12"",""12"",""12"",""12"",""12""]","[""0.576"",""4.032"",""0.576"",""4.032"",""0.576"",""0.576"",""4.032"",""0.576"",""4.032"",""0.576"",""0.576"",""0.576"",""0.576"",""0.576"",""0.576"",""0.576""]","[""1.344"",""1.728"",""1.344"",""1.728"",""1.344"",""1.344"",""1.728"",""1.344"",""1.728"",""1.344"",""1.344"",""1.344"",""1.344"",""1.344"",""1.344"",""1.344""]","{""t01"":[],""t02"":[""t01""],""t03"":[""t01""],""t04"":[""t02"",""t03""],""t05"":[""t03""],""t06"":[""t05""],""t07"":[""t04""],""t08"":[""t06"",""t07""],""t09"":[""t06""],""t10"":[""t08"",""t09""],""t11"":[""t10""],""t12"":[""t11""],""t13"":[""t12""],""t14"":[""t13""],""t15"":[""t14""],""t16"":[""t15""]}"
EXP-08,confirmatory,exp08_confirmatory_n16_chain_like_homogeneous_01,n16_chain_like_homogeneous,16,chain_like,homogeneous,high,1,0,459094312710732746,0.75,t01->t02->t04->t06->t09->t10->t11->t12->t13->t14->t15->t16,144,8,tied,0.3,0.7,"[""12"",""12"",""12"",""12"",""12"",""12"",""12"",""12"",""12"",""12"",""12"",""12"",""12"",""12"",""12"",""12""]","[""0.576"",""0.576"",""4.032"",""0.576"",""4.032"",""0.576"",""4.032"",""4.032"",""0.576"",""0.576"",""0.576"",""0.576"",""0.576"",""0.576"",""0.576"",""0.576""]","[""1.344"",""1.344"",""1.728"",""1.344"",""1.728"",""1.344"",""1.728"",""1.728"",""1.344"",""1.344"",""1.344"",""1.344"",""1.344"",""1.344"",""1.344"",""1.344""]","{""t01"":[],""t02"":[""t01""],""t03"":[""t01""],""t04"":[""t02""],""t05"":[""t02"",""t03""],""t06"":[""t04"",""t05""],""t07"":[""t05""],""t08"":[""t06""],""t09"":[""t06"",""t07""],""t10"":[""t08"",""t09""],""t11"":[""t10""],""t12"":[""t11""],""t13"":[""t12""],""t14"":[""t13""],""t15"":[""t14""],""t16"":[""t15""]}"
EXP-08,confirmatory,exp08_confirmatory_n16_chain_like_homogeneous_02,n16_chain_like_homogeneous,16,chain_like,homogeneous,high,2,0,3739110291715276369,0.75,t01->t03->t05->t07->t08->t10->t11->t12->t13->t14->t15->t16,144,5,tied,0.3,0.7,"[""12"",""12"",""12"",""12"",""12"",""12"",""12"",""12"",""12"",""12"",""12"",""12"",""12"",""12"",""12"",""12""]","[""0.576"",""4.032"",""0.576"",""4.032"",""0.576"",""4.032"",""0.576"",""0.576"",""4.032"",""0.576"",""0.576"",""0.576"",""0.576"",""0.576"",""0.576"",""0.576""]","[""1.344"",""1.728"",""1.344"",""1.728"",""1.344"",""1.728"",""1.344"",""1.344"",""1.728"",""1.344"",""1.344"",""1.344"",""1.344"",""1.344"",""1.344"",""1.344""]","{""t01"":[],""t02"":[""t01""],""t03"":[""t01""],""t04"":[""t02"",""t03""],""t05"":[""t03""],""t06"":[""t04""],""t07"":[""t04"",""t05""],""t08"":[""t07""],""t09"":[""t06""],""t10"":[""t08"",""t09""],""t11"":[""t10""],""t12"":[""t11""],""t13"":[""t12""],""t14"":[""t13""],""t15"":[""t14""],""t16"":[""t15""]}"
EXP-08,confirmatory,exp08_confirmatory_n16_chain_like_homogeneous_03,n16_chain_like_homogeneous,16,chain_like,homogeneous,high,3,0,14574302260870708005,0.75,t01->t03->t04->t07->t08->t10->t11->t12->t13->t14->t15->t16,144,5,tied,0.3,0.7,"[""12"",""12"",""12"",""12"",""12"",""12"",""12"",""12"",""12"",""12"",""12"",""12"",""12"",""12"",""12"",""12""]","[""0.576"",""4.032"",""0.576"",""0.576"",""4.032"",""4.032"",""0.576"",""0.576"",""4.032"",""0.576"",""0.576"",""0.576"",""0.576"",""0.576"",""0.576"",""0.576""]","[""1.344"",""1.728"",""1.344"",""1.344"",""1.728"",""1.728"",""1.344"",""1.344"",""1.728"",""1.344"",""1.344"",""1.344"",""1.344"",""1.344"",""1.344"",""1.344""]","{""t01"":[],""t02"":[""t01""],""t03"":[""t01""],""t04"":[""t03""],""t05"":[""t02""],""t06"":[""t05""],""t07"":[""t04"",""t05""],""t08"":[""t07""],""t09"":[""t06"",""t07""],""t10"":[""t08"",""t09""],""t11"":[""t10""],""t12"":[""t11""],""t13"":[""t12""],""t14"":[""t13""],""t15"":[""t14""],""t16"":[""t15""]}"
EXP-08,confirmatory,exp08_confirmatory_n16_chain_like_homogeneous_04,n16_chain_like_homogeneous,16,chain_like,homogeneous,high,4,0,14297996489842882420,0.75,t01->t02->t05->t06->t09->t10->t11->t12->t13->t14->t15->t16,144,7,tied,0.3,0.7,"[""12"",""12"",""12"",""12"",""12"",""12"",""12"",""12"",""12"",""12"",""12"",""12"",""12"",""12"",""12"",""12""]","[""0.576"",""0.576"",""4.032"",""4.032"",""0.576"",""0.576"",""4.032"",""4.032"",""0.576"",""0.576"",""0.576"",""0.576"",""0.576"",""0.576"",""0.576"",""0.576""]","[""1.344"",""1.344"",""1.728"",""1.728"",""1.344"",""1.344"",""1.728"",""1.728"",""1.344"",""1.344"",""1.344"",""1.344"",""1.344"",""1.344"",""1.344"",""1.344""]","{""t01"":[],""t02"":[""t01""],""t03"":[""t01""],""t04"":[""t02"",""t03""],""t05"":[""t02""],""t06"":[""t04"",""t05""],""t07"":[""t05""],""t08"":[""t06""],""t09"":[""t06"",""t07""],""t10"":[""t08"",""t09""],""t11"":[""t10""],""t12"":[""t11""],""t13"":[""t12""],""t14"":[""t13""],""t15"":[""t14""],""t16"":[""t15""]}"
EXP-08,confirmatory,exp08_confirmatory_n16_chain_like_homogeneous_05,n16_chain_like_homogeneous,16,chain_like,homogeneous,high,5,0,9342864457474125147,0.75,t01->t03->t05->t06->t09->t10->t11->t12->t13->t14->t15->t16,144,3,tied,0.3,0.7,"[""12"",""12"",""12"",""12"",""12"",""12"",""12"",""12"",""12"",""12"",""12"",""12"",""12"",""12"",""12"",""12""]","[""0.576"",""4.032"",""0.576"",""4.032"",""0.576"",""0.576"",""4.032"",""4.032"",""0.576"",""0.576"",""0.576"",""0.576"",""0.576"",""0.576"",""0.576"",""0.576""]","[""1.344"",""1.728"",""1.344"",""1.728"",""1.344"",""1.344"",""1.728"",""1.728"",""1.344"",""1.344"",""1.344"",""1.344"",""1.344"",""1.344"",""1.344"",""1.344""]","{""t01"":[],""t02"":[""t01""],""t03"":[""t01""],""t04"":[""t03""],""t05"":[""t02"",""t03""],""t06"":[""t05""],""t07"":[""t04""],""t08"":[""t07""],""t09"":[""t06""],""t10"":[""t08"",""t09""],""t11"":[""t10""],""t12"":[""t11""],""t13"":[""t12""],""t14"":[""t13""],""t15"":[""t14""],""t16"":[""t15""]}"
EXP-08,confirmatory,exp08_confirmatory_n16_chain_like_homogeneous_06,n16_chain_like_homogeneous,16,chain_like,homogeneous,high,6,0,1517576182883918483,0.75,t01->t03->t04->t07->t09->t10->t11->t12->t13->t14->t15->t16,144,3,tied,0.3,0.7,"[""12"",""12"",""12"",""12"",""12"",""12"",""12"",""12"",""12"",""12"",""12"",""12"",""12"",""12"",""12"",""12""]","[""0.576"",""4.032"",""0.576"",""0.576"",""4.032"",""4.032"",""0.576"",""4.032"",""0.576"",""0.576"",""0.576"",""0.576"",""0.576"",""0.576"",""0.576"",""0.576""]","[""1.344"",""1.728"",""1.344"",""1.344"",""1.728"",""1.728"",""1.344"",""1.728"",""1.344"",""1.344"",""1.344"",""1.344"",""1.344"",""1.344"",""1.344"",""1.344""]","{""t01"":[],""t02"":[""t01""],""t03"":[""t01""],""t04"":[""t03""],""t05"":[""t02""],""t06"":[""t05""],""t07"":[""t04""],""t08"":[""t06"",""t07""],""t09"":[""t07""],""t10"":[""t08"",""t09""],""t11"":[""t10""],""t12"":[""t11""],""t13"":[""t12""],""t14"":[""t13""],""t15"":[""t14""],""t16"":[""t15""]}"
EXP-08,confirmatory,exp08_confirmatory_n16_chain_like_homogeneous_07,n16_chain_like_homogeneous,16,chain_like,homogeneous,high,7,0,4318180144112131596,0.75,t01->t02->t05->t06->t08->t10->t11->t12->t13->t14->t15->t16,144,4,tied,0.3,0.7,"[""12"",""12"",""12"",""12"",""12"",""12"",""12"",""12"",""12"",""12"",""12"",""12"",""12"",""12"",""12"",""12""]","[""0.576"",""0.576"",""4.032"",""4.032"",""0.576"",""0.576"",""4.032"",""0.576"",""4.032"",""0.576"",""0.576"",""0.576"",""0.576"",""0.576"",""0.576"",""0.576""]","[""1.344"",""1.344"",""1.728"",""1.728"",""1.344"",""1.344"",""1.728"",""1.344"",""1.728"",""1.344"",""1.344"",""1.344"",""1.344"",""1.344"",""1.344"",""1.344""]","{""t01"":[],""t02"":[""t01""],""t03"":[""t01""],""t04"":[""t03""],""t05"":[""t02""],""t06"":[""t05""],""t07"":[""t04"",""t05""],""t08"":[""t06"",""t07""],""t09"":[""t06""],""t10"":[""t08"",""t09""],""t11"":[""t10""],""t12"":[""t11""],""t13"":[""t12""],""t14"":[""t13""],""t15"":[""t14""],""t16"":[""t15""]}"
EXP-08,confirmatory,exp08_confirmatory_n16_chain_like_homogeneous_08,n16_chain_like_homogeneous,16,chain_like,homogeneous,high,8,0,5716638713851423360,0.75,t01->t02->t04->t07->t09->t10->t11->t12->t13->t14->t15->t16,144,5,tied,0.3,0.7,"[""12"",""12"",""12"",""12"",""12"",""12"",""12"",""12"",""12"",""12"",""12"",""12"",""12"",""12"",""12"",""12""]","[""0.576"",""0.576"",""4.032"",""0.576"",""4.032"",""4.032"",""0.576"",""4.032"",""0.576"",""0.576"",""0.576"",""0.576"",""0.576"",""0.576"",""0.576"",""0.576""]","[""1.344"",""1.344"",""1.728"",""1.344"",""1.728"",""1.728"",""1.344"",""1.728"",""1.344"",""1.344"",""1.344"",""1.344"",""1.344"",""1.344"",""1.344"",""1.344""]","{""t01"":[],""t02"":[""t01""],""t03"":[""t01""],""t04"":[""t02"",""t03""],""t05"":[""t02""],""t06"":[""t05""],""t07"":[""t04"",""t05""],""t08"":[""t06""],""t09"":[""t06"",""t07""],""t10"":[""t08"",""t09""],""t11"":[""t10""],""t12"":[""t11""],""t13"":[""t12""],""t14"":[""t13""],""t15"":[""t14""],""t16"":[""t15""]}"
EXP-08,confirmatory,exp08_confirmatory_n16_chain_like_homogeneous_09,n16_chain_like_homogeneous,16,chain_like,homogeneous,high,9,0,18348669175440424908,0.75,t01->t03->t05->t07->t09->t10->t11->t12->t13->t14->t15->t16,144,3,tied,0.3,0.7,"[""12"",""12"",""12"",""12"",""12"",""12"",""12"",""12"",""12"",""12"",""12"",""12"",""12"",""12"",""12"",""12""]","[""0.576"",""4.032"",""0.576"",""4.032"",""0.576"",""4.032"",""0.576"",""4.032"",""0.576"",""0.576"",""0.576"",""0.576"",""0.576"",""0.576"",""0.576"",""0.576""]","[""1.344"",""1.728"",""1.344"",""1.728"",""1.344"",""1.728"",""1.344"",""1.728"",""1.344"",""1.344"",""1.344"",""1.344"",""1.344"",""1.344"",""1.344"",""1.344""]","{""t01"":[],""t02"":[""t01""],""t03"":[""t01""],""t04"":[""t02""],""t05"":[""t03""],""t06"":[""t04"",""t05""],""t07"":[""t05""],""t08"":[""t06""],""t09"":[""t07""],""t10"":[""t08"",""t09""],""t11"":[""t10""],""t12"":[""t11""],""t13"":[""t12""],""t14"":[""t13""],""t15"":[""t14""],""t16"":[""t15""]}"
EXP-08,confirmatory,exp08_confirmatory_n16_chain_like_homogeneous_10,n16_chain_like_homogeneous,16,chain_like,homogeneous,high,10,0,6229863141423592579,0.75,t01->t03->t05->t06->t09->t10->t11->t12->t13->t14->t15->t16,144,4,tied,0.3,0.7,"[""12"",""12"",""12"",""12"",""12"",""12"",""12"",""12"",""12"",""12"",""12"",""12"",""12"",""12"",""12"",""12""]","[""0.576"",""4.032"",""0.576"",""4.032"",""0.576"",""0.576"",""4.032"",""4.032"",""0.576"",""0.576"",""0.576"",""0.576"",""0.576"",""0.576"",""0.576"",""0.576""]","[""1.344"",""1.728"",""1.344"",""1.728"",""1.344"",""1.344"",""1.728"",""1.728"",""1.344"",""1.344"",""1.344"",""1.344"",""1.344"",""1.344"",""1.344"",""1.344""]","{""t01"":[],""t02"":[""t01""],""t03"":[""t01""],""t04"":[""t02"",""t03""],""t05"":[""t03""],""t06"":[""t05""],""t07"":[""t04"",""t05""],""t08"":[""t07""],""t09"":[""t06""],""t10"":[""t08"",""t09""],""t11"":[""t10""],""t12"":[""t11""],""t13"":[""t12""],""t14"":[""t13""],""t15"":[""t14""],""t16"":[""t15""]}"
EXP-08,confirmatory,exp08_confirmatory_n16_chain_like_homogeneous_11,n16_chain_like_homogeneous,16,chain_like,homogeneous,high,11,0,5254586349117104540,0.75,t01->t03->t05->t06->t09->t10->t11->t12->t13->t14->t15->t16,144,3,tied,0.3,0.7,"[""12"",""12"",""12"",""12"",""12"",""12"",""12"",""12"",""12"",""12"",""12"",""12"",""12"",""12"",""12"",""12""]","[""0.576"",""4.032"",""0.576"",""4.032"",""0.576"",""0.576"",""4.032"",""4.032"",""0.576"",""0.576"",""0.576"",""0.576"",""0.576"",""0.576"",""0.576"",""0.576""]","[""1.344"",""1.728"",""1.344"",""1.728"",""1.344"",""1.344"",""1.728"",""1.728"",""1.344"",""1.344"",""1.344"",""1.344"",""1.344"",""1.344"",""1.344"",""1.344""]","{""t01"":[],""t02"":[""t01""],""t03"":[""t01""],""t04"":[""t02""],""t05"":[""t03""],""t06"":[""t05""],""t07"":[""t04""],""t08"":[""t06""],""t09"":[""t06"",""t07""],""t10"":[""t08"",""t09""],""t11"":[""t10""],""t12"":[""t11""],""t13"":[""t12""],""t14"":[""t13""],""t15"":[""t14""],""t16"":[""t15""]}"
EXP-08,confirmatory,exp08_confirmatory_n16_chain_like_homogeneous_12,n16_chain_like_homogeneous,16,chain_like,homogeneous,high,12,0,14111327407338343570,0.75,t01->t02->t04->t07->t09->t10->t11->t12->t13->t14->t15->t16,144,7,tied,0.3,0.7,"[""12"",""12"",""12"",""12"",""12"",""12"",""12"",""12"",""12"",""12"",""12"",""12"",""12"",""12"",""12"",""12""]","[""0.576"",""0.576"",""4.032"",""0.576"",""4.032"",""4.032"",""0.576"",""4.032"",""0.576"",""0.576"",""0.576"",""0.576"",""0.576"",""0.576"",""0.576"",""0.576""]","[""1.344"",""1.344"",""1.728"",""1.344"",""1.728"",""1.728"",""1.344"",""1.728"",""1.344"",""1.344"",""1.344"",""1.344"",""1.344"",""1.344"",""1.344"",""1.344""]","{""t01"":[],""t02"":[""t01""],""t03"":[""t01""],""t04"":[""t02"",""t03""],""t05"":[""t02""],""t06"":[""t04"",""t05""],""t07"":[""t04""],""t08"":[""t06"",""t07""],""t09"":[""t07""],""t10"":[""t08"",""t09""],""t11"":[""t10""],""t12"":[""t11""],""t13"":[""t12""],""t14"":[""t13""],""t15"":[""t14""],""t16"":[""t15""]}"
EXP-08,confirmatory,exp08_confirmatory_n16_chain_like_homogeneous_13,n16_chain_like_homogeneous,16,chain_like,homogeneous,high,13,0,10975404677635154963,0.75,t01->t02->t04->t06->t09->t10->t11->t12->t13->t14->t15->t16,144,3,tied,0.3,0.7,"[""12"",""12"",""12"",""12"",""12"",""12"",""12"",""12"",""12"",""12"",""12"",""12"",""12"",""12"",""12"",""12""]","[""0.576"",""0.576"",""4.032"",""0.576"",""4.032"",""0.576"",""4.032"",""4.032"",""0.576"",""0.576"",""0.576"",""0.576"",""0.576"",""0.576"",""0.576"",""0.576""]","[""1.344"",""1.344"",""1.728"",""1.344"",""1.728"",""1.344"",""1.728"",""1.728"",""1.344"",""1.344"",""1.344"",""1.344"",""1.344"",""1.344"",""1.344"",""1.344""]","{""t01"":[],""t02"":[""t01""],""t03"":[""t01""],""t04"":[""t02"",""t03""],""t05"":[""t03""],""t06"":[""t04""],""t07"":[""t05""],""t08"":[""t07""],""t09"":[""t06""],""t10"":[""t08"",""t09""],""t11"":[""t10""],""t12"":[""t11""],""t13"":[""t12""],""t14"":[""t13""],""t15"":[""t14""],""t16"":[""t15""]}"
EXP-08,confirmatory,exp08_confirmatory_n16_chain_like_homogeneous_14,n16_chain_like_homogeneous,16,chain_like,homogeneous,high,14,0,4807729352559640678,0.75,t01->t02->t05->t07->t09->t10->t11->t12->t13->t14->t15->t16,144,5,tied,0.3,0.7,"[""12"",""12"",""12"",""12"",""12"",""12"",""12"",""12"",""12"",""12"",""12"",""12"",""12"",""12"",""12"",""12""]","[""0.576"",""0.576"",""4.032"",""4.032"",""0.576"",""4.032"",""0.576"",""4.032"",""0.576"",""0.576"",""0.576"",""0.576"",""0.576"",""0.576"",""0.576"",""0.576""]","[""1.344"",""1.344"",""1.728"",""1.728"",""1.344"",""1.728"",""1.344"",""1.728"",""1.344"",""1.344"",""1.344"",""1.344"",""1.344"",""1.344"",""1.344"",""1.344""]","{""t01"":[],""t02"":[""t01""],""t03"":[""t01""],""t04"":[""t02"",""t03""],""t05"":[""t02""],""t06"":[""t04""],""t07"":[""t04"",""t05""],""t08"":[""t06""],""t09"":[""t07""],""t10"":[""t08"",""t09""],""t11"":[""t10""],""t12"":[""t11""],""t13"":[""t12""],""t14"":[""t13""],""t15"":[""t14""],""t16"":[""t15""]}"
EXP-08,confirmatory,exp08_confirmatory_n16_chain_like_homogeneous_15,n16_chain_like_homogeneous,16,chain_like,homogeneous,high,15,0,9075272206859912118,0.75,t01->t02->t05->t06->t08->t10->t11->t12->t13->t14->t15->t16,144,3,tied,0.3,0.7,"[""12"",""12"",""12"",""12"",""12"",""12"",""12"",""12"",""12"",""12"",""12"",""12"",""12"",""12"",""12"",""12""]","[""0.576"",""0.576"",""4.032"",""4.032"",""0.576"",""0.576"",""4.032"",""0.576"",""4.032"",""0.576"",""0.576"",""0.576"",""0.576"",""0.576"",""0.576"",""0.576""]","[""1.344"",""1.344"",""1.728"",""1.728"",""1.344"",""1.344"",""1.728"",""1.344"",""1.728"",""1.344"",""1.344"",""1.344"",""1.344"",""1.344"",""1.344"",""1.344""]","{""t01"":[],""t02"":[""t01""],""t03"":[""t01""],""t04"":[""t03""],""t05"":[""t02""],""t06"":[""t05""],""t07"":[""t04""],""t08"":[""t06""],""t09"":[""t06"",""t07""],""t10"":[""t08"",""t09""],""t11"":[""t10""],""t12"":[""t11""],""t13"":[""t12""],""t14"":[""t13""],""t15"":[""t14""],""t16"":[""t15""]}"
EXP-08,confirmatory,exp08_confirmatory_n16_chain_like_homogeneous_16,n16_chain_like_homogeneous,16,chain_like,homogeneous,high,16,0,3133477427656827120,0.75,t01->t02->t05->t06->t08->t10->t11->t12->t13->t14->t15->t16,144,4,tied,0.3,0.7,"[""12"",""12"",""12"",""12"",""12"",""12"",""12"",""12"",""12"",""12"",""12"",""12"",""12"",""12"",""12"",""12""]","[""0.576"",""0.576"",""4.032"",""4.032"",""0.576"",""0.576"",""4.032"",""0.576"",""4.032"",""0.576"",""0.576"",""0.576"",""0.576"",""0.576"",""0.576"",""0.576""]","[""1.344"",""1.344"",""1.728"",""1.728"",""1.344"",""1.344"",""1.728"",""1.344"",""1.728"",""1.344"",""1.344"",""1.344"",""1.344"",""1.344"",""1.344"",""1.344""]","{""t01"":[],""t02"":[""t01""],""t03"":[""t01""],""t04"":[""t03""],""t05"":[""t02""],""t06"":[""t04"",""t05""],""t07"":[""t05""],""t08"":[""t06"",""t07""],""t09"":[""t07""],""t10"":[""t08"",""t09""],""t11"":[""t10""],""t12"":[""t11""],""t13"":[""t12""],""t14"":[""t13""],""t15"":[""t14""],""t16"":[""t15""]}"
EXP-08,confirmatory,exp08_confirmatory_n16_chain_like_homogeneous_17,n16_chain_like_homogeneous,16,chain_like,homogeneous,high,17,0,5490620032288622749,0.75,t01->t03->t05->t07->t08->t10->t11->t12->t13->t14->t15->t16,144,5,tied,0.3,0.7,"[""12"",""12"",""12"",""12"",""12"",""12"",""12"",""12"",""12"",""12"",""12"",""12"",""12"",""12"",""12"",""12""]","[""0.576"",""4.032"",""0.576"",""4.032"",""0.576"",""4.032"",""0.576"",""0.576"",""4.032"",""0.576"",""0.576"",""0.576"",""0.576"",""0.576"",""0.576"",""0.576""]","[""1.344"",""1.728"",""1.344"",""1.728"",""1.344"",""1.728"",""1.344"",""1.344"",""1.728"",""1.344"",""1.344"",""1.344"",""1.344"",""1.344"",""1.344"",""1.344""]","{""t01"":[],""t02"":[""t01""],""t03"":[""t01""],""t04"":[""t02"",""t03""],""t05"":[""t03""],""t06"":[""t05""],""t07"":[""t04"",""t05""],""t08"":[""t06"",""t07""],""t09"":[""t06""],""t10"":[""t08"",""t09""],""t11"":[""t10""],""t12"":[""t11""],""t13"":[""t12""],""t14"":[""t13""],""t15"":[""t14""],""t16"":[""t15""]}"
EXP-08,confirmatory,exp08_confirmatory_n16_chain_like_homogeneous_18,n16_chain_like_homogeneous,16,chain_like,homogeneous,high,18,0,8627253600891071138,0.75,t01->t03->t05->t06->t08->t10->t11->t12->t13->t14->t15->t16,144,5,tied,0.3,0.7,"[""12"",""12"",""12"",""12"",""12"",""12"",""12"",""12"",""12"",""12"",""12"",""12"",""12"",""12"",""12"",""12""]","[""0.576"",""4.032"",""0.576"",""4.032"",""0.576"",""0.576"",""4.032"",""0.576"",""4.032"",""0.576"",""0.576"",""0.576"",""0.576"",""0.576"",""0.576"",""0.576""]","[""1.344"",""1.728"",""1.344"",""1.728"",""1.344"",""1.344"",""1.728"",""1.344"",""1.728"",""1.344"",""1.344"",""1.344"",""1.344"",""1.344"",""1.344"",""1.344""]","{""t01"":[],""t02"":[""t01""],""t03"":[""t01""],""t04"":[""t02""],""t05"":[""t03""],""t06"":[""t04"",""t05""],""t07"":[""t04""],""t08"":[""t06""],""t09"":[""t06"",""t07""],""t10"":[""t08"",""t09""],""t11"":[""t10""],""t12"":[""t11""],""t13"":[""t12""],""t14"":[""t13""],""t15"":[""t14""],""t16"":[""t15""]}"
EXP-08,confirmatory,exp08_confirmatory_n16_chain_like_homogeneous_19,n16_chain_like_homogeneous,16,chain_like,homogeneous,high,19,0,18094997795765133248,0.75,t01->t03->t05->t07->t08->t10->t11->t12->t13->t14->t15->t16,144,4,tied,0.3,0.7,"[""12"",""12"",""12"",""12"",""12"",""12"",""12"",""12"",""12"",""12"",""12"",""12"",""12"",""12"",""12"",""12""]","[""0.576"",""4.032"",""0.576"",""4.032"",""0.576"",""4.032"",""0.576"",""0.576"",""4.032"",""0.576"",""0.576"",""0.576"",""0.576"",""0.576"",""0.576"",""0.576""]","[""1.344"",""1.728"",""1.344"",""1.728"",""1.344"",""1.728"",""1.344"",""1.344"",""1.728"",""1.344"",""1.344"",""1.344"",""1.344"",""1.344"",""1.344"",""1.344""]","{""t01"":[],""t02"":[""t01""],""t03"":[""t01""],""t04"":[""t02"",""t03""],""t05"":[""t03""],""t06"":[""t04""],""t07"":[""t05""],""t08"":[""t07""],""t09"":[""t06"",""t07""],""t10"":[""t08"",""t09""],""t11"":[""t10""],""t12"":[""t11""],""t13"":[""t12""],""t14"":[""t13""],""t15"":[""t14""],""t16"":[""t15""]}"
EXP-08,confirmatory,exp08_confirmatory_n16_chain_like_lognormal_00,n16_chain_like_lognormal,16,chain_like,lognormal,high,0,0,9658265793450479295,0.8378378378378378378378378378,t01->t02->t05->t07->t09->t10->t11->t12->t13->t14->t15->t16,372,2,tied,0.3,0.7,"[""12"",""24"",""12"",""36"",""24"",""12"",""24"",""12"",""36"",""60"",""48"",""24"",""48"",""24"",""36"",""12""]","[""0.516"",""1.031"",""6.216"",""18.648"",""1.031"",""6.216"",""1.031"",""6.216"",""1.547"",""2.578"",""2.062"",""1.031"",""2.063"",""1.031"",""1.547"",""0.516""]","[""1.203"",""2.406"",""2.664"",""7.992"",""2.406"",""2.664"",""2.406"",""2.664"",""3.609"",""6.016"",""4.813"",""2.406"",""4.813"",""2.406"",""3.609"",""1.203""]","{""t01"":[],""t02"":[""t01""],""t03"":[""t01""],""t04"":[""t03""],""t05"":[""t02"",""t03""],""t06"":[""t04""],""t07"":[""t04"",""t05""],""t08"":[""t07""],""t09"":[""t06"",""t07""],""t10"":[""t08"",""t09""],""t11"":[""t10""],""t12"":[""t11""],""t13"":[""t12""],""t14"":[""t13""],""t15"":[""t14""],""t16"":[""t15""]}"
EXP-08,confirmatory,exp08_confirmatory_n16_chain_like_lognormal_01,n16_chain_like_lognormal,16,chain_like,lognormal,high,1,0,5270884610333007687,0.8125,t01->t02->t05->t06->t08->t10->t11->t12->t13->t14->t15->t16,312,2,tied,0.3,0.7,"[""24"",""60"",""12"",""36"",""36"",""12"",""12"",""36"",""12"",""12"",""24"",""12"",""24"",""12"",""24"",""36""]","[""1.063"",""2.659"",""5.376"",""16.128"",""1.595"",""0.532"",""5.376"",""1.595"",""5.376"",""0.532"",""1.063"",""0.532"",""1.063"",""0.532"",""1.063"",""1.595""]","[""2.481"",""6.203"",""2.304"",""6.912"",""3.722"",""1.241"",""2.304"",""3.722"",""2.304"",""1.241"",""2.481"",""1.241"",""2.481"",""1.240"",""2.481"",""3.722""]","{""t01"":[],""t02"":[""t01""],""t03"":[""t01""],""t04"":[""t02"",""t03""],""t05"":[""t02""],""t06"":[""t04"",""t05""],""t07"":[""t04""],""t08"":[""t06""],""t09"":[""t06"",""t07""],""t10"":[""t08"",""t09""],""t11"":[""t10""],""t12"":[""t11""],""t13"":[""t12""],""t14"":[""t13""],""t15"":[""t14""],""t16"":[""t15""]}"
EXP-08,confirmatory,exp08_confirmatory_n16_chain_like_lognormal_02,n16_chain_like_lognormal,16,chain_like,lognormal,high,2,0,5367759099824520148,0.6875,t01->t02->t04->t06->t09->t10->t11->t12->t13->t14->t15->t16,264,2,tied,0.3,0.7,"[""12"",""24"",""36"",""24"",""60"",""72"",""12"",""12"",""12"",""12"",""24"",""12"",""24"",""24"",""12"",""12""]","[""0.628"",""1.257"",""9.677"",""1.257"",""16.128"",""3.770"",""3.226"",""3.225"",""0.628"",""0.629"",""1.257"",""0.628"",""1.257"",""1.257"",""0.628"",""0.628""]","[""1.466"",""2.932"",""4.147"",""2.932"",""6.912"",""8.797"",""1.382"",""1.383"",""1.466"",""1.466"",""2.933"",""1.466"",""2.933"",""2.933"",""1.466"",""1.466""]","{""t01"":[],""t02"":[""t01""],""t03"":[""t01""],""t04"":[""t02""],""t05"":[""t02"",""t03""],""t06"":[""t04""],""t07"":[""t05""],""t08"":[""t06"",""t07""],""t09"":[""t06"",""t07""],""t10"":[""t08"",""t09""],""t11"":[""t10""],""t12"":[""t11""],""t13"":[""t12""],""t14"":[""t13""],""t15"":[""t14""],""t16"":[""t15""]}"
EXP-08,confirmatory,exp08_confirmatory_n16_chain_like_lognormal_03,n16_chain_like_lognormal,16,chain_like,lognormal,high,3,0,16952921721657065674,0.8235294117647058823529411765,t01->t03->t05->t06->t08->t10->t11->t12->t13->t14->t15->t16,336,1,unique,0.3,0.7,"[""12"",""12"",""24"",""12"",""12"",""24"",""24"",""24"",""24"",""24"",""72"",""60"",""12"",""24"",""12"",""36""]","[""0.525"",""5.712"",""1.049"",""5.712"",""0.525"",""1.049"",""11.424"",""1.049"",""11.424"",""1.049"",""3.147"",""2.623"",""0.524"",""1.049"",""0.525"",""1.574""]","[""1.224"",""2.448"",""2.448"",""2.448"",""1.224"",""2.448"",""4.896"",""2.448"",""4.896"",""2.448"",""7.344"",""6.120"",""1.224"",""2.448"",""1.224"",""3.672""]","{""t01"":[],""t02"":[""t01""],""t03"":[""t01""],""t04"":[""t02""],""t05"":[""t02"",""t03""],""t06"":[""t05""],""t07"":[""t04""],""t08"":[""t06""],""t09"":[""t07""],""t10"":[""t08"",""t09""],""t11"":[""t10""],""t12"":[""t11""],""t13"":[""t12""],""t14"":[""t13""],""t15"":[""t14""],""t16"":[""t15""]}"
EXP-08,confirmatory,exp08_confirmatory_n16_chain_like_lognormal_04,n16_chain_like_lognormal,16,chain_like,lognormal,high,4,0,7333532115220626,0.6818181818181818181818181818,t01->t02->t04->t07->t09->t10->t11->t12->t13->t14->t15->t16,360,1,unique,0.3,0.7,"[""12"",""72"",""48"",""48"",""24"",""24"",""24"",""72"",""36"",""24"",""24"",""24"",""36"",""24"",""24"",""12""]","[""0.634"",""3.802"",""12.672"",""2.534"",""6.336"",""6.336"",""1.267"",""19.008"",""1.901"",""1.267"",""1.267"",""1.267"",""1.901"",""1.267"",""1.267"",""0.634""]","[""1.478"",""8.870"",""5.431"",""5.914"",""2.716"",""2.715"",""2.957"",""8.146"",""4.435"",""2.957"",""2.957"",""2.957"",""4.435"",""2.957"",""2.957"",""1.478""]","{""t01"":[],""t02"":[""t01""],""t03"":[""t01""],""t04"":[""t02""],""t05"":[""t03""],""t06"":[""t05""],""t07"":[""t04""],""t08"":[""t06""],""t09"":[""t06"",""t07""],""t10"":[""t08"",""t09""],""t11"":[""t10""],""t12"":[""t11""],""t13"":[""t12""],""t14"":[""t13""],""t15"":[""t14""],""t16"":[""t15""]}"
EXP-08,confirmatory,exp08_confirmatory_n16_chain_like_lognormal_05,n16_chain_like_lognormal,16,chain_like,lognormal,high,5,0,143908201031875815,0.7894736842105263157894736842,t01->t02->t05->t07->t09->t10->t11->t12->t13->t14->t15->t16,360,1,unique,0.3,0.7,"[""48"",""36"",""24"",""24"",""36"",""36"",""60"",""12"",""24"",""12"",""36"",""36"",""24"",""12"",""24"",""12""]","[""2.189"",""1.642"",""9.576"",""9.576"",""1.642"",""14.364"",""2.736"",""4.788"",""1.094"",""0.547"",""1.642"",""1.642"",""1.094"",""0.547"",""1.094"",""0.547""]","[""5.107"",""3.830"",""4.104"",""4.104"",""3.830"",""6.156"",""6.384"",""2.052"",""2.554"",""1.277"",""3.830"",""3.830"",""2.554"",""1.277"",""2.554"",""1.277""]","{""t01"":[],""t02"":[""t01""],""t03"":[""t01""],""t04"":[""t03""],""t05"":[""t02"",""t03""],""t06"":[""t04""],""t07"":[""t04"",""t05""],""t08"":[""t07""],""t09"":[""t06"",""t07""],""t10"":[""t08"",""t09""],""t11"":[""t10""],""t12"":[""t11""],""t13"":[""t12""],""t14"":[""t13""],""t15"":[""t14""],""t16"":[""t15""]}"
EXP-08,confirmatory,exp08_confirmatory_n16_chain_like_lognormal_06,n16_chain_like_lognormal,16,chain_like,lognormal,high,6,0,16585831140973579562,0.8,t01->t03->t04->t07->t08->t10->t11->t12->t13->t14->t15->t16,336,1,unique,0.3,0.7,"[""36"",""12"",""24"",""36"",""48"",""12"",""24"",""48"",""12"",""24"",""12"",""24"",""24"",""24"",""12"",""48""]","[""1.620"",""5.040"",""1.080"",""1.620"",""20.160"",""5.040"",""1.080"",""2.160"",""5.040"",""1.080"",""0.540"",""1.080"",""1.080"",""1.080"",""0.540"",""2.160""]","[""3.780"",""2.160"",""2.520"",""3.780"",""8.640"",""2.160"",""2.520"",""5.040"",""2.160"",""2.520"",""1.260"",""2.520"",""2.520"",""2.520"",""1.260"",""5.040""]","{""t01"":[],""t02"":[""t01""],""t03"":[""t01""],""t04"":[""t03""],""t05"":[""t02"",""t03""],""t06"":[""t04"",""t05""],""t07"":[""t04""],""t08"":[""t07""],""t09"":[""t06""],""t10"":[""t08"",""t09""],""t11"":[""t10""],""t12"":[""t11""],""t13"":[""t12""],""t14"":[""t13""],""t15"":[""t14""],""t16"":[""t15""]}"
EXP-08,confirmatory,exp08_confirmatory_n16_chain_like_lognormal_07,n16_chain_like_lognormal,16,chain_like,lognormal,high,7,0,4864294184380421915,0.8510638297872340425531914894,t01->t03->t05->t06->t08->t10->t11->t12->t13->t14->t15->t16,480,1,unique,0.3,0.7,"[""12"",""24"",""72"",""24"",""12"",""72"",""12"",""48"",""24"",""24"",""24"",""72"",""24"",""60"",""36"",""24""]","[""0.507"",""13.536"",""3.046"",""13.536"",""0.508"",""3.046"",""6.768"",""2.030"",""13.536"",""1.015"",""1.015"",""3.046"",""1.015"",""2.538"",""1.523"",""1.015""]","[""1.184"",""5.801"",""7.106"",""5.801"",""1.184"",""7.106"",""2.901"",""4.738"",""5.801"",""2.369"",""2.369"",""7.107"",""2.369"",""5.922"",""3.553"",""2.369""]","{""t01"":[],""t02"":[""t01""],""t03"":[""t01""],""t04"":[""t02"",""t03""],""t05"":[""t03""],""t06"":[""t05""],""t07"":[""t04""],""t08"":[""t06"",""t07""],""t09"":[""t07""],""t10"":[""t08"",""t09""],""t11"":[""t10""],""t12"":[""t11""],""t13"":[""t12""],""t14"":[""t13""],""t15"":[""t14""],""t16"":[""t15""]}"
EXP-08,confirmatory,exp08_confirmatory_n16_chain_like_lognormal_08,n16_chain_like_lognormal,16,chain_like,lognormal,high,8,0,14924843705870494959,0.8,t01->t03->t04->t06->t09->t10->t11->t12->t13->t14->t15->t16,432,1,unique,0.3,0.7,"[""12"",""24"",""72"",""60"",""60"",""24"",""12"",""12"",""12"",""36"",""36"",""36"",""24"",""24"",""48"",""48""]","[""0.540"",""10.080"",""3.240"",""2.700"",""25.200"",""1.080"",""5.040"",""5.040"",""0.540"",""1.620"",""1.620"",""1.620"",""1.080"",""1.080"",""2.160"",""2.160""]","[""1.260"",""4.320"",""7.560"",""6.300"",""10.800"",""2.520"",""2.160"",""2.160"",""1.260"",""3.780"",""3.780"",""3.780"",""2.520"",""2.520"",""5.040"",""5.040""]","{""t01"":[],""t02"":[""t01""],""t03"":[""t01""],""t04"":[""t02"",""t03""],""t05"":[""t02""],""t06"":[""t04""],""t07"":[""t05""],""t08"":[""t07""],""t09"":[""t06""],""t10"":[""t08"",""t09""],""t11"":[""t10""],""t12"":[""t11""],""t13"":[""t12""],""t14"":[""t13""],""t15"":[""t14""],""t16"":[""t15""]}"
EXP-08,confirmatory,exp08_confirmatory_n16_chain_like_lognormal_09,n16_chain_like_lognormal,16,chain_like,lognormal,high,9,0,10526267569596877771,0.7837837837837837837837837838,t01->t02->t05->t06->t08->t10->t11->t12->t13->t14->t15->t16,348,1,unique,0.3,0.7,"[""36"",""36"",""12"",""24"",""36"",""24"",""48"",""48"",""12"",""24"",""24"",""12"",""36"",""12"",""24"",""36""]","[""1.653"",""1.654"",""4.662"",""9.324"",""1.654"",""1.102"",""18.648"",""2.205"",""4.662"",""1.102"",""1.102"",""0.551"",""1.654"",""0.551"",""1.102"",""1.654""]","[""3.858"",""3.859"",""1.998"",""3.996"",""3.858"",""2.572"",""7.992"",""5.145"",""1.998"",""2.572"",""2.572"",""1.286"",""3.858"",""1.286"",""2.572"",""3.858""]","{""t01"":[],""t02"":[""t01""],""t03"":[""t01""],""t04"":[""t03""],""t05"":[""t02"",""t03""],""t06"":[""t05""],""t07"":[""t04""],""t08"":[""t06""],""t09"":[""t07""],""t10"":[""t08"",""t09""],""t11"":[""t10""],""t12"":[""t11""],""t13"":[""t12""],""t14"":[""t13""],""t15"":[""t14""],""t16"":[""t15""]}"
EXP-08,confirmatory,exp08_confirmatory_n16_chain_like_lognormal_10,n16_chain_like_lognormal,16,chain_like,lognormal,high,10,0,3824227733345053483,0.7837837837837837837837837838,t01->t03->t05->t07->t09->t10->t11->t12->t13->t14->t15->t16,348,2,tied,0.3,0.7,"[""12"",""24"",""36"",""24"",""48"",""24"",""24"",""24"",""24"",""12"",""24"",""72"",""12"",""24"",""24"",""36""]","[""0.551"",""9.324"",""1.654"",""9.324"",""2.205"",""9.324"",""1.102"",""9.324"",""1.102"",""0.551"",""1.102"",""3.307"",""0.551"",""1.103"",""1.102"",""1.654""]","[""1.286"",""3.996"",""3.858"",""3.996"",""5.145"",""3.996"",""2.572"",""3.996"",""2.572"",""1.286"",""2.572"",""7.717"",""1.286"",""2.572"",""2.572"",""3.858""]","{""t01"":[],""t02"":[""t01""],""t03"":[""t01""],""t04"":[""t02""],""t05"":[""t03""],""t06"":[""t04""],""t07"":[""t05""],""t08"":[""t06"",""t07""],""t09"":[""t07""],""t10"":[""t08"",""t09""],""t11"":[""t10""],""t12"":[""t11""],""t13"":[""t12""],""t14"":[""t13""],""t15"":[""t14""],""t16"":[""t15""]}"
EXP-08,confirmatory,exp08_confirmatory_n16_chain_like_lognormal_11,n16_chain_like_lognormal,16,chain_like,lognormal,high,11,0,8123054802511960042,0.8205128205128205128205128205,t01->t03->t05->t06->t08->t10->t11->t12->t13->t14->t15->t16,384,1,unique,0.3,0.7,"[""24"",""12"",""36"",""12"",""12"",""12"",""12"",""48"",""48"",""12"",""48"",""36"",""24"",""48"",""36"",""48""]","[""1.053"",""5.616"",""1.579"",""5.616"",""0.527"",""0.526"",""5.616"",""2.106"",""22.464"",""0.526"",""2.106"",""1.580"",""1.053"",""2.106"",""1.580"",""2.106""]","[""2.457"",""2.407"",""3.685"",""2.407"",""1.228"",""1.228"",""2.407"",""4.914"",""9.627"",""1.229"",""4.914"",""3.686"",""2.457"",""4.914"",""3.686"",""4.914""]","{""t01"":[],""t02"":[""t01""],""t03"":[""t01""],""t04"":[""t02""],""t05"":[""t02"",""t03""],""t06"":[""t04"",""t05""],""t07"":[""t04""],""t08"":[""t06"",""t07""],""t09"":[""t07""],""t10"":[""t08"",""t09""],""t11"":[""t10""],""t12"":[""t11""],""t13"":[""t12""],""t14"":[""t13""],""t15"":[""t14""],""t16"":[""t15""]}"
EXP-08,confirmatory,exp08_confirmatory_n16_chain_like_lognormal_12,n16_chain_like_lognormal,16,chain_like,lognormal,high,12,0,3730503793024068912,0.8285714285714285714285714286,t01->t02->t05->t07->t09->t10->t11->t12->t13->t14->t15->t16,348,1,unique,0.3,0.7,"[""12"",""12"",""24"",""24"",""36"",""12"",""24"",""12"",""12"",""60"",""24"",""60"",""24"",""36"",""24"",""24""]","[""0.521"",""0.521"",""11.760"",""11.760"",""1.564"",""5.880"",""1.043"",""5.880"",""0.521"",""2.607"",""1.043"",""2.607"",""1.043"",""1.564"",""1.043"",""1.043""]","[""1.217"",""1.216"",""5.040"",""5.040"",""3.650"",""2.520"",""2.433"",""2.520"",""1.216"",""6.083"",""2.433"",""6.083"",""2.433"",""3.650"",""2.433"",""2.433""]","{""t01"":[],""t02"":[""t01""],""t03"":[""t01""],""t04"":[""t02"",""t03""],""t05"":[""t02""],""t06"":[""t04"",""t05""],""t07"":[""t05""],""t08"":[""t06""],""t09"":[""t06"",""t07""],""t10"":[""t08"",""t09""],""t11"":[""t10""],""t12"":[""t11""],""t13"":[""t12""],""t14"":[""t13""],""t15"":[""t14""],""t16"":[""t15""]}"
EXP-08,confirmatory,exp08_confirmatory_n16_chain_like_lognormal_13,n16_chain_like_lognormal,16,chain_like,lognormal,high,13,0,6909623252441248835,0.7272727272727272727272727273,t01->t02->t05->t07->t09->t10->t11->t12->t13->t14->t15->t16,384,1,unique,0.3,0.7,"[""12"",""48"",""24"",""36"",""60"",""72"",""36"",""12"",""72"",""12"",""48"",""12"",""36"",""12"",""12"",""24""]","[""0.594"",""2.376"",""7.392"",""11.088"",""2.970"",""22.176"",""1.782"",""3.696"",""3.564"",""0.594"",""2.376"",""0.594"",""1.782"",""0.594"",""0.594"",""1.188""]","[""1.386"",""5.544"",""3.168"",""4.752"",""6.930"",""9.504"",""4.158"",""1.584"",""8.316"",""1.386"",""5.544"",""1.386"",""4.158"",""1.386"",""1.386"",""2.772""]","{""t01"":[],""t02"":[""t01""],""t03"":[""t01""],""t04"":[""t02""],""t05"":[""t02"",""t03""],""t06"":[""t04""],""t07"":[""t05""],""t08"":[""t06"",""t07""],""t09"":[""t07""],""t10"":[""t08"",""t09""],""t11"":[""t10""],""t12"":[""t11""],""t13"":[""t12""],""t14"":[""t13""],""t15"":[""t14""],""t16"":[""t15""]}"
EXP-08,confirmatory,exp08_confirmatory_n16_chain_like_lognormal_14,n16_chain_like_lognormal,16,chain_like,lognormal,high,14,0,4264102094421660356,0.8285714285714285714285714286,t01->t03->t05->t07->t09->t10->t11->t12->t13->t14->t15->t16,348,1,unique,0.3,0.7,"[""48"",""12"",""24"",""12"",""24"",""36"",""36"",""12"",""36"",""36"",""12"",""24"",""48"",""12"",""12"",""36""]","[""2.086"",""5.880"",""1.043"",""5.880"",""1.043"",""17.640"",""1.564"",""5.880"",""1.564"",""1.564"",""0.521"",""1.043"",""2.086"",""0.521"",""0.521"",""1.564""]","[""4.866"",""2.520"",""2.433"",""2.520"",""2.433"",""7.560"",""3.650"",""2.520"",""3.650"",""3.650"",""1.217"",""2.433"",""4.866"",""1.216"",""1.216"",""3.650""]","{""t01"":[],""t02"":[""t01""],""t03"":[""t01""],""t04"":[""t03""],""t05"":[""t02"",""t03""],""t06"":[""t04""],""t07"":[""t04"",""t05""],""t08"":[""t06""],""t09"":[""t07""],""t10"":[""t08"",""t09""],""t11"":[""t10""],""t12"":[""t11""],""t13"":[""t12""],""t14"":[""t13""],""t15"":[""t14""],""t16"":[""t15""]}"
EXP-08,confirmatory,exp08_confirmatory_n16_chain_like_lognormal_15,n16_chain_like_lognormal,16,chain_like,lognormal,high,15,0,11974257237274138596,0.7435897435897435897435897436,t01->t02->t04->t07->t09->t10->t11->t12->t13->t14->t15->t16,348,3,tied,0.3,0.7,"[""48"",""48"",""48"",""24"",""24"",""12"",""48"",""36"",""12"",""60"",""24"",""24"",""12"",""12"",""24"",""12""]","[""2.324"",""2.324"",""15.725"",""1.162"",""7.862"",""3.931"",""2.324"",""11.794"",""0.581"",""2.904"",""1.162"",""1.162"",""0.581"",""0.581"",""1.162"",""0.581""]","[""5.422"",""5.422"",""6.739"",""2.711"",""3.370"",""1.685"",""5.422"",""5.054"",""1.356"",""6.778"",""2.711"",""2.711"",""1.356"",""1.356"",""2.711"",""1.356""]","{""t01"":[],""t02"":[""t01""],""t03"":[""t01""],""t04"":[""t02""],""t05"":[""t02"",""t03""],""t06"":[""t04""],""t07"":[""t04"",""t05""],""t08"":[""t06""],""t09"":[""t07""],""t10"":[""t08"",""t09""],""t11"":[""t10""],""t12"":[""t11""],""t13"":[""t12""],""t14"":[""t13""],""t15"":[""t14""],""t16"":[""t15""]}"
EXP-08,confirmatory,exp08_confirmatory_n16_chain_like_lognormal_16,n16_chain_like_lognormal,16,chain_like,lognormal,high,16,0,15182447604746216684,0.8,t01->t03->t05->t07->t08->t10->t11->t12->t13->t14->t15->t16,384,3,tied,0.3,0.7,"[""24"",""48"",""48"",""24"",""24"",""12"",""24"",""24"",""12"",""24"",""24"",""60"",""24"",""60"",""24"",""24""]","[""1.080"",""20.160"",""2.160"",""10.080"",""1.080"",""5.040"",""1.080"",""1.080"",""5.040"",""1.080"",""1.080"",""2.700"",""1.080"",""2.700"",""1.080"",""1.080""]","[""2.520"",""8.640"",""5.040"",""4.320"",""2.520"",""2.160"",""2.520"",""2.520"",""2.160"",""2.520"",""2.520"",""6.300"",""2.520"",""6.300"",""2.520"",""2.520""]","{""t01"":[],""t02"":[""t01""],""t03"":[""t01""],""t04"":[""t02""],""t05"":[""t02"",""t03""],""t06"":[""t05""],""t07"":[""t04"",""t05""],""t08"":[""t06"",""t07""],""t09"":[""t06""],""t10"":[""t08"",""t09""],""t11"":[""t10""],""t12"":[""t11""],""t13"":[""t12""],""t14"":[""t13""],""t15"":[""t14""],""t16"":[""t15""]}"
EXP-08,confirmatory,exp08_confirmatory_n16_chain_like_lognormal_17,n16_chain_like_lognormal,16,chain_like,lognormal,high,17,0,4786111693996523178,0.8181818181818181818181818182,t01->t03->t05->t06->t09->t10->t11->t12->t13->t14->t15->t16,324,1,unique,0.3,0.7,"[""24"",""24"",""24"",""24"",""36"",""72"",""12"",""12"",""24"",""36"",""12"",""36"",""12"",""12"",""12"",""24""]","[""1.056"",""11.088"",""1.056"",""11.088"",""1.584"",""3.168"",""5.544"",""5.544"",""1.056"",""1.584"",""0.528"",""1.584"",""0.528"",""0.528"",""0.528"",""1.056""]","[""2.464"",""4.752"",""2.464"",""4.752"",""3.696"",""7.392"",""2.376"",""2.376"",""2.464"",""3.696"",""1.232"",""3.696"",""1.232"",""1.232"",""1.232"",""2.464""]","{""t01"":[],""t02"":[""t01""],""t03"":[""t01""],""t04"":[""t02""],""t05"":[""t03""],""t06"":[""t04"",""t05""],""t07"":[""t04""],""t08"":[""t07""],""t09"":[""t06"",""t07""],""t10"":[""t08"",""t09""],""t11"":[""t10""],""t12"":[""t11""],""t13"":[""t12""],""t14"":[""t13""],""t15"":[""t14""],""t16"":[""t15""]}"
EXP-08,confirmatory,exp08_confirmatory_n16_chain_like_lognormal_18,n16_chain_like_lognormal,16,chain_like,lognormal,high,18,0,16016665246056589115,0.8717948717948717948717948718,t01->t02->t04->t06->t08->t10->t11->t12->t13->t14->t15->t16,408,1,unique,0.3,0.7,"[""36"",""24"",""12"",""36"",""12"",""24"",""24"",""48"",""12"",""12"",""12"",""48"",""24"",""36"",""36"",""72""]","[""1.487"",""0.991"",""7.862"",""1.487"",""7.863"",""0.991"",""15.725"",""1.982"",""7.862"",""0.495"",""0.495"",""1.982"",""0.991"",""1.487"",""1.487"",""2.973""]","[""3.469"",""2.312"",""3.369"",""3.469"",""3.370"",""2.312"",""6.739"",""4.625"",""3.370"",""1.156"",""1.156"",""4.625"",""2.313"",""3.469"",""3.469"",""6.937""]","{""t01"":[],""t02"":[""t01""],""t03"":[""t01""],""t04"":[""t02""],""t05"":[""t03""],""t06"":[""t04"",""t05""],""t07"":[""t05""],""t08"":[""t06""],""t09"":[""t06"",""t07""],""t10"":[""t08"",""t09""],""t11"":[""t10""],""t12"":[""t11""],""t13"":[""t12""],""t14"":[""t13""],""t15"":[""t14""],""t16"":[""t15""]}"
EXP-08,confirmatory,exp08_confirmatory_n16_chain_like_lognormal_19,n16_chain_like_lognormal,16,chain_like,lognormal,high,19,0,11865616484371961956,0.7419354838709677419354838710,t01->t02->t04->t07->t09->t10->t11->t12->t13->t14->t15->t16,276,2,tied,0.3,0.7,"[""12"",""36"",""24"",""12"",""36"",""12"",""48"",""24"",""24"",""12"",""36"",""24"",""12"",""12"",""36"",""12""]","[""0.582"",""1.747"",""7.812"",""0.582"",""11.718"",""3.906"",""2.329"",""7.812"",""1.165"",""0.582"",""1.747"",""1.165"",""0.582"",""0.582"",""1.747"",""0.582""]","[""1.358"",""4.076"",""3.348"",""1.359"",""5.022"",""1.674"",""5.434"",""3.348"",""2.717"",""1.359"",""4.076"",""2.717"",""1.359"",""1.358"",""4.076"",""1.359""]","{""t01"":[],""t02"":[""t01""],""t03"":[""t01""],""t04"":[""t02"",""t03""],""t05"":[""t03""],""t06"":[""t05""],""t07"":[""t04""],""t08"":[""t07""],""t09"":[""t06"",""t07""],""t10"":[""t08"",""t09""],""t11"":[""t10""],""t12"":[""t11""],""t13"":[""t12""],""t14"":[""t13""],""t15"":[""t14""],""t16"":[""t15""]}"
EXP-08,confirmatory,exp08_confirmatory_n32_wide_layered_homogeneous_00,n32_wide_layered_homogeneous,32,wide_layered,homogeneous,low,0,0,13869865595908019987,0.1875,t01->t03->t12->t20->t28->t32,72,182,tied,0.3,0.7,"[""12"",""12"",""12"",""12"",""12"",""12"",""12"",""12"",""12"",""12"",""12"",""12"",""12"",""12"",""12"",""12"",""12"",""12"",""12"",""12"",""12"",""12"",""12"",""12"",""12"",""12"",""12"",""12"",""12"",""12"",""12"",""12""]","[""2.304"",""1.241"",""2.304"",""1.241"",""1.240"",""1.241"",""1.241"",""1.241"",""1.241"",""1.240"",""1.240"",""2.304"",""1.241"",""1.240"",""1.241"",""1.240"",""1.241"",""1.241"",""1.241"",""2.304"",""1.241"",""1.241"",""1.240"",""1.241"",""1.240"",""1.241"",""1.241"",""2.304"",""1.240"",""1.240"",""1.240"",""2.304""]","[""5.376"",""0.531"",""5.376"",""0.532"",""0.531"",""0.532"",""0.531"",""0.531"",""0.532"",""0.532"",""0.532"",""5.376"",""0.532"",""0.532"",""0.532"",""0.532"",""0.531"",""0.532"",""0.532"",""5.376"",""0.531"",""0.532"",""0.531"",""0.532"",""0.532"",""0.532"",""0.532"",""5.376"",""0.531"",""0.532"",""0.532"",""5.376""]","{""t01"":[],""t02"":[""t01""],""t03"":[""t01""],""t04"":[""t01""],""t05"":[""t01""],""t06"":[""t01""],""t07"":[""t01""],""t08"":[""t01""],""t09"":[""t01""],""t10"":[""t03"",""t08""],""t11"":[""t03"",""t05"",""t09""],""t12"":[""t02"",""t03"",""t09""],""t13"":[""t02"",""t04"",""t06""],""t14"":[""t04"",""t06"",""t07""],""t15"":[""t02"",""t03"",""t06"",""t08""],""t16"":[""t03"",""t06"",""t07""],""t17"":[""t07"",""t08""],""t18"":[""t10"",""t15"",""t16"",""t17""],""t19"":[""t11"",""t16"",""t17""],""t20"":[""t12"",""t15""],""t21"":[""t10"",""t12"",""t15""],""t22"":[""t12"",""t13""],""t23"":[""t12"",""t13"",""t14"",""t16""],""t24"":[""t10"",""t15"",""t16"",""t17""],""t25"":[""t19"",""t20"",""t21""],""t26"":[""t20"",""t21"",""t23"",""t24""],""t27"":[""t18"",""t19"",""t21"",""t23"",""t24""],""t28"":[""t20""],""t29"":[""t18"",""t24""],""t30"":[""t19"",""t22""],""t31"":[""t18"",""t19"",""t22""],""t32"":[""t25"",""t26"",""t27"",""t28"",""t29"",""t30"",""t31""]}"
EXP-08,confirmatory,exp08_confirmatory_n32_wide_layered_homogeneous_01,n32_wide_layered_homogeneous,32,wide_layered,homogeneous,low,1,0,3680330574524749088,0.1875,t01->t08->t15->t23->t25->t32,72,158,tied,0.3,0.7,"[""12"",""12"",""12"",""12"",""12"",""12"",""12"",""12"",""12"",""12"",""12"",""12"",""12"",""12"",""12"",""12"",""12"",""12"",""12"",""12"",""12"",""12"",""12"",""12"",""12"",""12"",""12"",""12"",""12"",""12"",""12"",""12""]","[""2.304"",""1.240"",""1.241"",""1.241"",""1.241"",""1.241"",""1.241"",""2.304"",""1.241"",""1.240"",""1.240"",""1.240"",""1.241"",""1.241"",""2.304"",""1.240"",""1.241"",""1.240"",""1.241"",""1.240"",""1.240"",""1.241"",""2.304"",""1.241"",""2.304"",""1.241"",""1.241"",""1.240"",""1.241"",""1.241"",""1.240"",""2.304""]","[""5.376"",""0.531"",""0.532"",""0.531"",""0.532"",""0.531"",""0.532"",""5.376"",""0.532"",""0.532"",""0.532"",""0.532"",""0.531"",""0.532"",""5.376"",""0.532"",""0.531"",""0.531"",""0.532"",""0.532"",""0.531"",""0.532"",""5.376"",""0.531"",""5.376"",""0.532"",""0.532"",""0.532"",""0.532"",""0.532"",""0.532"",""5.376""]","{""t01"":[],""t02"":[""t01""],""t03"":[""t01""],""t04"":[""t01""],""t05"":[""t01""],""t06"":[""t01""],""t07"":[""t01""],""t08"":[""t01""],""t09"":[""t01""],""t10"":[""t02"",""t04"",""t05""],""t11"":[""t08"",""t09""],""t12"":[""t02"",""t05"",""t06"",""t08"",""t09""],""t13"":[""t02"",""t05"",""t08""],""t14"":[""t08"",""t09""],""t15"":[""t06"",""t08"",""t09""],""t16"":[""t07""],""t17"":[""t02"",""t03"",""t05"",""t09""],""t18"":[""t10"",""t15"",""t16"",""t17""],""t19"":[""t15"",""t17""],""t20"":[""t10"",""t11"",""t15"",""t16""],""t21"":[""t11"",""t12""],""t22"":[""t14"",""t15"",""t17""],""t23"":[""t10"",""t11"",""t12"",""t15""],""t24"":[""t13"",""t16""],""t25"":[""t20"",""t23"",""t24""],""t26"":[""t18"",""t19""],""t27"":[""t19"",""t20"",""t21""],""t28"":[""t23"",""t24""],""t29"":[""t21"",""t22""],""t30"":[""t18"",""t20"",""t22"",""t23""],""t31"":[""t19"",""t20""],""t32"":[""t25"",""t26"",""t27"",""t28"",""t29"",""t30"",""t31""]}"
EXP-08,confirmatory,exp08_confirmatory_n32_wide_layered_homogeneous_02,n32_wide_layered_homogeneous,32,wide_layered,homogeneous,low,2,0,6155288355978033463,0.1875,t01->t06->t11->t18->t31->t32,72,340,tied,0.3,0.7,"[""12"",""12"",""12"",""12"",""12"",""12"",""12"",""12"",""12"",""12"",""12"",""12"",""12"",""12"",""12"",""12"",""12"",""12"",""12"",""12"",""12"",""12"",""12"",""12"",""12"",""12"",""12"",""12"",""12"",""12"",""12"",""12""]","[""2.304"",""1.241"",""1.241"",""1.240"",""1.240"",""2.304"",""1.240"",""1.241"",""1.240"",""1.240"",""2.304"",""1.241"",""1.241"",""1.241"",""1.241"",""1.241"",""1.240"",""2.304"",""1.241"",""1.241"",""1.240"",""1.240"",""1.241"",""1.240"",""1.241"",""1.240"",""1.241"",""1.241"",""1.241"",""1.241"",""2.304"",""2.304""]","[""5.376"",""0.532"",""0.531"",""0.532"",""0.532"",""5.376"",""0.531"",""0.532"",""0.532"",""0.532"",""5.376"",""0.531"",""0.532"",""0.532"",""0.532"",""0.532"",""0.532"",""5.376"",""0.532"",""0.532"",""0.531"",""0.532"",""0.531"",""0.532"",""0.532"",""0.531"",""0.532"",""0.531"",""0.532"",""0.531"",""5.376"",""5.376""]","{""t01"":[],""t02"":[""t01""],""t03"":[""t01""],""t04"":[""t01""],""t05"":[""t01""],""t06"":[""t01""],""t07"":[""t01""],""t08"":[""t01""],""t09"":[""t01""],""t10"":[""t02"",""t04"",""t05"",""t08"",""t09""],""t11"":[""t02"",""t06"",""t07"",""t08""],""t12"":[""t02"",""t03"",""t06"",""t07"",""t08""],""t13"":[""t03"",""t04"",""t05"",""t07"",""t09""],""t14"":[""t02"",""t06"",""t07""],""t15"":[""t07"",""t08""],""t16"":[""t02"",""t03"",""t04"",""t06"",""t07"",""t08""],""t17"":[""t03"",""t05"",""t07""],""t18"":[""t11"",""t13""],""t19"":[""t10"",""t12"",""t15"",""t16"",""t17""],""t20"":[""t10"",""t12"",""t13"",""t16""],""t21"":[""t11""],""t22"":[""t10"",""t11"",""t12"",""t13"",""t14"",""t16""],""t23"":[""t10"",""t12"",""t13"",""t15""],""t24"":[""t12"",""t16""],""t25"":[""t20"",""t21"",""t24""],""t26"":[""t19"",""t21"",""t22"",""t23"",""t24""],""t27"":[""t19"",""t21"",""t22""],""t28"":[""t18"",""t22""],""t29"":[""t21"",""t22""],""t30"":[""t21"",""t22""],""t31"":[""t18"",""t19"",""t22"",""t24""],""t32"":[""t25"",""t26"",""t27"",""t28"",""t29"",""t30"",""t31""]}"
EXP-08,confirmatory,exp08_confirmatory_n32_wide_layered_homogeneous_03,n32_wide_layered_homogeneous,32,wide_layered,homogeneous,low,3,0,3999213174841849563,0.1875,t01->t03->t17->t20->t28->t32,72,196,tied,0.3,0.7,"[""12"",""12"",""12"",""12"",""12"",""12"",""12"",""12"",""12"",""12"",""12"",""12"",""12"",""12"",""12"",""12"",""12"",""12"",""12"",""12"",""12"",""12"",""12"",""12"",""12"",""12"",""12"",""12"",""12"",""12"",""12"",""12""]","[""2.304"",""1.240"",""2.304"",""1.241"",""1.240"",""1.241"",""1.241"",""1.241"",""1.240"",""1.241"",""1.240"",""1.240"",""1.241"",""1.240"",""1.241"",""1.240"",""2.304"",""1.241"",""1.241"",""2.304"",""1.241"",""1.240"",""1.240"",""1.241"",""1.241"",""1.241"",""1.241"",""2.304"",""1.241"",""1.240"",""1.241"",""2.304""]","[""5.376"",""0.532"",""5.376"",""0.532"",""0.531"",""0.532"",""0.531"",""0.532"",""0.532"",""0.531"",""0.532"",""0.531"",""0.531"",""0.532"",""0.531"",""0.532"",""5.376"",""0.532"",""0.532"",""5.376"",""0.532"",""0.532"",""0.531"",""0.532"",""0.532"",""0.531"",""0.532"",""5.376"",""0.532"",""0.532"",""0.532"",""5.376""]","{""t01"":[],""t02"":[""t01""],""t03"":[""t01""],""t04"":[""t01""],""t05"":[""t01""],""t06"":[""t01""],""t07"":[""t01""],""t08"":[""t01""],""t09"":[""t01""],""t10"":[""t05"",""t06"",""t07""],""t11"":[""t05"",""t06""],""t12"":[""t04"",""t07"",""t08""],""t13"":[""t02"",""t03"",""t06"",""t09""],""t14"":[""t04"",""t07"",""t08"",""t09""],""t15"":[""t06"",""t08"",""t09""],""t16"":[""t02"",""t04"",""t07""],""t17"":[""t02"",""t03"",""t04"",""t09""],""t18"":[""t10"",""t11"",""t12"",""t14"",""t15"",""t16""],""t19"":[""t13"",""t15"",""t17""],""t20"":[""t10"",""t17""],""t21"":[""t13"",""t14"",""t16""],""t22"":[""t10"",""t11"",""t14""],""t23"":[""t14"",""t16""],""t24"":[""t11"",""t12"",""t16""],""t25"":[""t19"",""t22"",""t23""],""t26"":[""t19""],""t27"":[""t20"",""t21"",""t23""],""t28"":[""t19"",""t20"",""t21""],""t29"":[""t20"",""t21"",""t23"",""t24""],""t30"":[""t18"",""t19"",""t20""],""t31"":[""t19"",""t20"",""t22"",""t24""],""t32"":[""t25"",""t26"",""t27"",""t28"",""t29"",""t30"",""t31""]}"
EXP-08,confirmatory,exp08_confirmatory_n32_wide_layered_homogeneous_04,n32_wide_layered_homogeneous,32,wide_layered,homogeneous,low,4,0,17972666001386223655,0.1875,t01->t06->t12->t21->t27->t32,72,189,tied,0.3,0.7,"[""12"",""12"",""12"",""12"",""12"",""12"",""12"",""12"",""12"",""12"",""12"",""12"",""12"",""12"",""12"",""12"",""12"",""12"",""12"",""12"",""12"",""12"",""12"",""12"",""12"",""12"",""12"",""12"",""12"",""12"",""12"",""12""]","[""2.304"",""1.240"",""1.241"",""1.241"",""1.241"",""2.304"",""1.240"",""1.241"",""1.241"",""1.240"",""1.240"",""2.304"",""1.240"",""1.241"",""1.241"",""1.241"",""1.241"",""1.240"",""1.240"",""1.241"",""2.304"",""1.240"",""1.241"",""1.240"",""1.241"",""1.241"",""2.304"",""1.241"",""1.241"",""1.241"",""1.240"",""2.304""]","[""5.376"",""0.532"",""0.531"",""0.532"",""0.532"",""5.376"",""0.532"",""0.531"",""0.532"",""0.531"",""0.532"",""5.376"",""0.532"",""0.532"",""0.532"",""0.531"",""0.532"",""0.531"",""0.532"",""0.532"",""5.376"",""0.532"",""0.532"",""0.532"",""0.531"",""0.532"",""5.376"",""0.531"",""0.532"",""0.531"",""0.532"",""5.376""]","{""t01"":[],""t02"":[""t01""],""t03"":[""t01""],""t04"":[""t01""],""t05"":[""t01""],""t06"":[""t01""],""t07"":[""t01""],""t08"":[""t01""],""t09"":[""t01""],""t10"":[""t03"",""t07""],""t11"":[""t03"",""t05""],""t12"":[""t02"",""t03"",""t04"",""t05"",""t06"",""t07""],""t13"":[""t04"",""t06""],""t14"":[""t02"",""t07"",""t08""],""t15"":[""t04"",""t06"",""t07""],""t16"":[""t04"",""t05"",""t09""],""t17"":[""t03"",""t07"",""t09""],""t18"":[""t13""],""t19"":[""t15"",""t16"",""t17""],""t20"":[""t11"",""t12"",""t14"",""t15""],""t21"":[""t10"",""t12""],""t22"":[""t14"",""t15"",""t17""],""t23"":[""t10"",""t13"",""t15""],""t24"":[""t10"",""t14"",""t17""],""t25"":[""t21"",""t24""],""t26"":[""t18"",""t19"",""t20"",""t21"",""t22"",""t23"",""t24""],""t27"":[""t20"",""t21"",""t22""],""t28"":[""t18"",""t19"",""t22""],""t29"":[""t18"",""t22""],""t30"":[""t20"",""t21"",""t24""],""t31"":[""t22"",""t23"",""t24""],""t32"":[""t25"",""t26"",""t27"",""t28"",""t29"",""t30"",""t31""]}"
EXP-08,confirmatory,exp08_confirmatory_n32_wide_layered_homogeneous_05,n32_wide_layered_homogeneous,32,wide_layered,homogeneous,low,5,0,2975943487701333129,0.1875,t01->t02->t14->t23->t29->t32,72,186,tied,0.3,0.7,"[""12"",""12"",""12"",""12"",""12"",""12"",""12"",""12"",""12"",""12"",""12"",""12"",""12"",""12"",""12"",""12"",""12"",""12"",""12"",""12"",""12"",""12"",""12"",""12"",""12"",""12"",""12"",""12"",""12"",""12"",""12"",""12""]","[""2.304"",""2.304"",""1.241"",""1.240"",""1.241"",""1.241"",""1.241"",""1.240"",""1.240"",""1.241"",""1.241"",""1.240"",""1.240"",""2.304"",""1.241"",""1.241"",""1.240"",""1.241"",""1.241"",""1.241"",""1.241"",""1.240"",""2.304"",""1.241"",""1.240"",""1.241"",""1.241"",""1.240"",""2.304"",""1.240"",""1.241"",""2.304""]","[""5.376"",""5.376"",""0.532"",""0.531"",""0.531"",""0.532"",""0.532"",""0.532"",""0.532"",""0.531"",""0.532"",""0.531"",""0.532"",""5.376"",""0.532"",""0.532"",""0.532"",""0.532"",""0.532"",""0.532"",""0.531"",""0.531"",""5.376"",""0.531"",""0.532"",""0.532"",""0.531"",""0.532"",""5.376"",""0.532"",""0.532"",""5.376""]","{""t01"":[],""t02"":[""t01""],""t03"":[""t01""],""t04"":[""t01""],""t05"":[""t01""],""t06"":[""t01""],""t07"":[""t01""],""t08"":[""t01""],""t09"":[""t01""],""t10"":[""t03"",""t04""],""t11"":[""t04"",""t05"",""t07""],""t12"":[""t04"",""t06""],""t13"":[""t05"",""t06"",""t08"",""t09""],""t14"":[""t02"",""t03"",""t07""],""t15"":[""t05"",""t07"",""t09""],""t16"":[""t05"",""t06"",""t07"",""t09""],""t17"":[""t02"",""t03"",""t06""],""t18"":[""t11"",""t12"",""t16""],""t19"":[""t14"",""t15"",""t17""],""t20"":[""t14"",""t17""],""t21"":[""t11"",""t12"",""t15""],""t22"":[""t10"",""t12"",""t14"",""t16"",""t17""],""t23"":[""t13"",""t14""],""t24"":[""t12"",""t14"",""t15""],""t25"":[""t19"",""t21""],""t26"":[""t18"",""t21"",""t22""],""t27"":[""t18"",""t20"",""t23"",""t24""],""t28"":[""t18"",""t19"",""t21""],""t29"":[""t20"",""t23"",""t24""],""t30"":[""t18"",""t20"",""t22""],""t31"":[""t18"",""t21"",""t23"",""t24""],""t32"":[""t25"",""t26"",""t27"",""t28"",""t29"",""t30"",""t31""]}"
EXP-08,confirmatory,exp08_confirmatory_n32_wide_layered_homogeneous_06,n32_wide_layered_homogeneous,32,wide_layered,homogeneous,low,6,0,8827602412596354716,0.1875,t01->t02->t16->t20->t31->t32,72,215,tied,0.3,0.7,"[""12"",""12"",""12"",""12"",""12"",""12"",""12"",""12"",""12"",""12"",""12"",""12"",""12"",""12"",""12"",""12"",""12"",""12"",""12"",""12"",""12"",""12"",""12"",""12"",""12"",""12"",""12"",""12"",""12"",""12"",""12"",""12""]","[""2.304"",""2.304"",""1.241"",""1.240"",""1.240"",""1.240"",""1.241"",""1.241"",""1.241"",""1.241"",""1.241"",""1.241"",""1.241"",""1.240"",""1.241"",""2.304"",""1.241"",""1.240"",""1.240"",""2.304"",""1.241"",""1.241"",""1.241"",""1.241"",""1.240"",""1.241"",""1.240"",""1.240"",""1.240"",""1.241"",""2.304"",""2.304""]","[""5.376"",""5.376"",""0.532"",""0.532"",""0.532"",""0.532"",""0.532"",""0.531"",""0.532"",""0.531"",""0.531"",""0.532"",""0.531"",""0.532"",""0.532"",""5.376"",""0.532"",""0.532"",""0.531"",""5.376"",""0.532"",""0.532"",""0.531"",""0.532"",""0.532"",""0.532"",""0.531"",""0.532"",""0.531"",""0.532"",""5.376"",""5.376""]","{""t01"":[],""t02"":[""t01""],""t03"":[""t01""],""t04"":[""t01""],""t05"":[""t01""],""t06"":[""t01""],""t07"":[""t01""],""t08"":[""t01""],""t09"":[""t01""],""t10"":[""t03"",""t06"",""t09""],""t11"":[""t02"",""t05"",""t08""],""t12"":[""t03"",""t04"",""t06"",""t08""],""t13"":[""t05""],""t14"":[""t03"",""t04""],""t15"":[""t07""],""t16"":[""t02"",""t04"",""t06"",""t07"",""t08"",""t09""],""t17"":[""t05"",""t06"",""t07"",""t08"",""t09""],""t18"":[""t10"",""t12"",""t17""],""t19"":[""t14"",""t15"",""t16"",""t17""],""t20"":[""t14"",""t16"",""t17""],""t21"":[""t10"",""t12"",""t14""],""t22"":[""t10"",""t11"",""t12"",""t13"",""t15""],""t23"":[""t10"",""t11"",""t12""],""t24"":[""t15"",""t16""],""t25"":[""t18""],""t26"":[""t19"",""t21""],""t27"":[""t18"",""t19"",""t20"",""t24""],""t28"":[""t18"",""t19""],""t29"":[""t20"",""t21"",""t22"",""t24""],""t30"":[""t18"",""t20"",""t23""],""t31"":[""t18"",""t20"",""t24""],""t32"":[""t25"",""t26"",""t27"",""t28"",""t29"",""t30"",""t31""]}"
EXP-08,confirmatory,exp08_confirmatory_n32_wide_layered_homogeneous_07,n32_wide_layered_homogeneous,32,wide_layered,homogeneous,low,7,0,8786566257681706707,0.1875,t01->t05->t11->t20->t26->t32,72,218,tied,0.3,0.7,"[""12"",""12"",""12"",""12"",""12"",""12"",""12"",""12"",""12"",""12"",""12"",""12"",""12"",""12"",""12"",""12"",""12"",""12"",""12"",""12"",""12"",""12"",""12"",""12"",""12"",""12"",""12"",""12"",""12"",""12"",""12"",""12""]","[""2.304"",""1.241"",""1.240"",""1.241"",""2.304"",""1.240"",""1.240"",""1.241"",""1.241"",""1.240"",""2.304"",""1.241"",""1.240"",""1.240"",""1.241"",""1.240"",""1.241"",""1.241"",""1.241"",""2.304"",""1.241"",""1.241"",""1.241"",""1.241"",""1.241"",""2.304"",""1.240"",""1.240"",""1.241"",""1.240"",""1.241"",""2.304""]","[""5.376"",""0.532"",""0.532"",""0.532"",""5.376"",""0.531"",""0.531"",""0.532"",""0.532"",""0.532"",""5.376"",""0.532"",""0.532"",""0.532"",""0.531"",""0.532"",""0.532"",""0.531"",""0.532"",""5.376"",""0.532"",""0.532"",""0.531"",""0.532"",""0.532"",""5.376"",""0.532"",""0.531"",""0.531"",""0.532"",""0.531"",""5.376""]","{""t01"":[],""t02"":[""t01""],""t03"":[""t01""],""t04"":[""t01""],""t05"":[""t01""],""t06"":[""t01""],""t07"":[""t01""],""t08"":[""t01""],""t09"":[""t01""],""t10"":[""t03"",""t04"",""t05"",""t07"",""t09""],""t11"":[""t04"",""t05"",""t09""],""t12"":[""t04"",""t07"",""t09""],""t13"":[""t04"",""t05""],""t14"":[""t04"",""t05"",""t08""],""t15"":[""t04"",""t09""],""t16"":[""t04"",""t08""],""t17"":[""t02"",""t03"",""t05"",""t06"",""t07""],""t18"":[""t14"",""t15""],""t19"":[""t10"",""t14""],""t20"":[""t10"",""t11""],""t21"":[""t17""],""t22"":[""t10"",""t12""],""t23"":[""t13"",""t16"",""t17""],""t24"":[""t11"",""t12"",""t15"",""t16""],""t25"":[""t19"",""t21"",""t22"",""t24""],""t26"":[""t19"",""t20"",""t23""],""t27"":[""t20"",""t21"",""t22"",""t24""],""t28"":[""t18"",""t20"",""t21"",""t24""],""t29"":[""t18"",""t22"",""t24""],""t30"":[""t18"",""t19"",""t20"",""t21"",""t22"",""t24""],""t31"":[""t18"",""t19"",""t20"",""t21"",""t24""],""t32"":[""t25"",""t26"",""t27"",""t28"",""t29"",""t30"",""t31""]}"
EXP-08,confirmatory,exp08_confirmatory_n32_wide_layered_homogeneous_08,n32_wide_layered_homogeneous,32,wide_layered,homogeneous,low,8,0,13360373680882431201,0.1875,t01->t07->t15->t22->t29->t32,72,193,tied,0.3,0.7,"[""12"",""12"",""12"",""12"",""12"",""12"",""12"",""12"",""12"",""12"",""12"",""12"",""12"",""12"",""12"",""12"",""12"",""12"",""12"",""12"",""12"",""12"",""12"",""12"",""12"",""12"",""12"",""12"",""12"",""12"",""12"",""12""]","[""2.304"",""1.241"",""1.240"",""1.241"",""1.241"",""1.241"",""2.304"",""1.240"",""1.240"",""1.240"",""1.241"",""1.241"",""1.240"",""1.240"",""2.304"",""1.240"",""1.240"",""1.241"",""1.241"",""1.240"",""1.241"",""2.304"",""1.240"",""1.241"",""1.241"",""1.241"",""1.241"",""1.241"",""2.304"",""1.241"",""1.241"",""2.304""]","[""5.376"",""0.531"",""0.531"",""0.531"",""0.532"",""0.531"",""5.376"",""0.532"",""0.532"",""0.532"",""0.532"",""0.531"",""0.532"",""0.532"",""5.376"",""0.532"",""0.532"",""0.532"",""0.532"",""0.531"",""0.532"",""5.376"",""0.532"",""0.532"",""0.532"",""0.531"",""0.532"",""0.532"",""5.376"",""0.532"",""0.531"",""5.376""]","{""t01"":[],""t02"":[""t01""],""t03"":[""t01""],""t04"":[""t01""],""t05"":[""t01""],""t06"":[""t01""],""t07"":[""t01""],""t08"":[""t01""],""t09"":[""t01""],""t10"":[""t07""],""t11"":[""t02"",""t06"",""t07"",""t09""],""t12"":[""t02"",""t03"",""t05"",""t06""],""t13"":[""t05"",""t07"",""t09""],""t14"":[""t02"",""t03"",""t05""],""t15"":[""t04"",""t07"",""t09""],""t16"":[""t02"",""t04"",""t07"",""t08"",""t09""],""t17"":[""t03"",""t04"",""t06"",""t09""],""t18"":[""t12"",""t13"",""t14"",""t16""],""t19"":[""t10"",""t13"",""t14"",""t15""],""t20"":[""t13"",""t14"",""t17""],""t21"":[""t15""],""t22"":[""t10"",""t14"",""t15""],""t23"":[""t10"",""t13"",""t15"",""t16""],""t24"":[""t11"",""t15""],""t25"":[""t19""],""t26"":[""t18"",""t20"",""t22"",""t23"",""t24""],""t27"":[""t20"",""t22"",""t24""],""t28"":[""t20"",""t21"",""t22"",""t23""],""t29"":[""t21"",""t22""],""t30"":[""t19"",""t20"",""t21"",""t22"",""t23"",""t24""],""t31"":[""t21"",""t22"",""t24""],""t32"":[""t25"",""t26"",""t27"",""t28"",""t29"",""t30"",""t31""]}"
EXP-08,confirmatory,exp08_confirmatory_n32_wide_layered_homogeneous_09,n32_wide_layered_homogeneous,32,wide_layered,homogeneous,low,9,0,9843242231845545415,0.1875,t01->t07->t16->t19->t30->t32,72,195,tied,0.3,0.7,"[""12"",""12"",""12"",""12"",""12"",""12"",""12"",""12"",""12"",""12"",""12"",""12"",""12"",""12"",""12"",""12"",""12"",""12"",""12"",""12"",""12"",""12"",""12"",""12"",""12"",""12"",""12"",""12"",""12"",""12"",""12"",""12""]","[""2.304"",""1.240"",""1.240"",""1.241"",""1.240"",""1.241"",""2.304"",""1.240"",""1.240"",""1.241"",""1.241"",""1.241"",""1.241"",""1.240"",""1.241"",""2.304"",""1.240"",""1.241"",""2.304"",""1.240"",""1.241"",""1.241"",""1.241"",""1.241"",""1.240"",""1.241"",""1.240"",""1.241"",""1.241"",""2.304"",""1.241"",""2.304""]","[""5.376"",""0.532"",""0.532"",""0.532"",""0.532"",""0.532"",""5.376"",""0.531"",""0.532"",""0.531"",""0.532"",""0.531"",""0.531"",""0.532"",""0.532"",""5.376"",""0.532"",""0.532"",""5.376"",""0.531"",""0.532"",""0.531"",""0.532"",""0.531"",""0.532"",""0.531"",""0.532"",""0.532"",""0.532"",""5.376"",""0.532"",""5.376""]","{""t01"":[],""t02"":[""t01""],""t03"":[""t01""],""t04"":[""t01""],""t05"":[""t01""],""t06"":[""t01""],""t07"":[""t01""],""t08"":[""t01""],""t09"":[""t01""],""t10"":[""t04"",""t05""],""t11"":[""t03"",""t04"",""t07"",""t08""],""t12"":[""t04"",""t06""],""t13"":[""t03"",""t06"",""t07"",""t08""],""t14"":[""t02"",""t03"",""t06"",""t09""],""t15"":[""t02"",""t05"",""t07""],""t16"":[""t02"",""t05"",""t07""],""t17"":[""t03"",""t05"",""t07"",""t09""],""t18"":[""t11"",""t15"",""t16""],""t19"":[""t12"",""t15"",""t16"",""t17""],""t20"":[""t12"",""t13""],""t21"":[""t14"",""t16""],""t22"":[""t10"",""t13"",""t15"",""t17""],""t23"":[""t13"",""t16""],""t24"":[""t15"",""t16""],""t25"":[""t18"",""t19"",""t22""],""t26"":[""t18"",""t22"",""t23"",""t24""],""t27"":[""t18"",""t20"",""t23"",""t24""],""t28"":[""t20"",""t22"",""t24""],""t29"":[""t20"",""t22""],""t30"":[""t19"",""t21""],""t31"":[""t19"",""t22"",""t23""],""t32"":[""t25"",""t26"",""t27"",""t28"",""t29"",""t30"",""t31""]}"
EXP-08,confirmatory,exp08_confirmatory_n32_wide_layered_homogeneous_10,n32_wide_layered_homogeneous,32,wide_layered,homogeneous,low,10,0,14585876495613461702,0.1875,t01->t04->t16->t18->t30->t32,72,188,tied,0.3,0.7,"[""12"",""12"",""12"",""12"",""12"",""12"",""12"",""12"",""12"",""12"",""12"",""12"",""12"",""12"",""12"",""12"",""12"",""12"",""12"",""12"",""12"",""12"",""12"",""12"",""12"",""12"",""12"",""12"",""12"",""12"",""12"",""12""]","[""2.304"",""1.240"",""1.241"",""2.304"",""1.241"",""1.241"",""1.241"",""1.241"",""1.241"",""1.240"",""1.240"",""1.241"",""1.240"",""1.241"",""1.241"",""2.304"",""1.240"",""2.304"",""1.241"",""1.241"",""1.240"",""1.241"",""1.241"",""1.240"",""1.241"",""1.240"",""1.241"",""1.240"",""1.240"",""2.304"",""1.241"",""2.304""]","[""5.376"",""0.532"",""0.531"",""5.376"",""0.532"",""0.531"",""0.531"",""0.532"",""0.532"",""0.532"",""0.532"",""0.531"",""0.532"",""0.531"",""0.532"",""5.376"",""0.532"",""5.376"",""0.532"",""0.532"",""0.532"",""0.532"",""0.532"",""0.532"",""0.532"",""0.531"",""0.532"",""0.532"",""0.531"",""5.376"",""0.531"",""5.376""]","{""t01"":[],""t02"":[""t01""],""t03"":[""t01""],""t04"":[""t01""],""t05"":[""t01""],""t06"":[""t01""],""t07"":[""t01""],""t08"":[""t01""],""t09"":[""t01""],""t10"":[""t02"",""t03"",""t06"",""t07"",""t09""],""t11"":[""t04"",""t06"",""t07""],""t12"":[""t02"",""t03""],""t13"":[""t09""],""t14"":[""t02"",""t06"",""t08""],""t15"":[""t05"",""t08""],""t16"":[""t03"",""t04""],""t17"":[""t03"",""t06"",""t07"",""t08"",""t09""],""t18"":[""t11"",""t16""],""t19"":[""t14"",""t16"",""t17""],""t20"":[""t13"",""t17""],""t21"":[""t10"",""t12"",""t15""],""t22"":[""t12"",""t14"",""t16"",""t17""],""t23"":[""t13""],""t24"":[""t11"",""t12"",""t17""],""t25"":[""t19"",""t20"",""t21"",""t22"",""t24""],""t26"":[""t19"",""t22"",""t23"",""t24""],""t27"":[""t21"",""t24""],""t28"":[""t19"",""t22""],""t29"":[""t18"",""t20"",""t21"",""t22""],""t30"":[""t18"",""t19"",""t24""],""t31"":[""t19""],""t32"":[""t25"",""t26"",""t27"",""t28"",""t29"",""t30"",""t31""]}"
EXP-08,confirmatory,exp08_confirmatory_n32_wide_layered_homogeneous_11,n32_wide_layered_homogeneous,32,wide_layered,homogeneous,low,11,0,15295807023080581962,0.1875,t01->t07->t13->t18->t31->t32,72,242,tied,0.3,0.7,"[""12"",""12"",""12"",""12"",""12"",""12"",""12"",""12"",""12"",""12"",""12"",""12"",""12"",""12"",""12"",""12"",""12"",""12"",""12"",""12"",""12"",""12"",""12"",""12"",""12"",""12"",""12"",""12"",""12"",""12"",""12"",""12""]","[""2.304"",""1.240"",""1.240"",""1.241"",""1.241"",""1.240"",""2.304"",""1.241"",""1.241"",""1.240"",""1.240"",""1.241"",""2.304"",""1.241"",""1.240"",""1.241"",""1.241"",""2.304"",""1.240"",""1.241"",""1.241"",""1.241"",""1.240"",""1.241"",""1.240"",""1.240"",""1.241"",""1.241"",""1.241"",""1.241"",""2.304"",""2.304""]","[""5.376"",""0.532"",""0.532"",""0.531"",""0.531"",""0.531"",""5.376"",""0.531"",""0.532"",""0.531"",""0.532"",""0.531"",""5.376"",""0.532"",""0.532"",""0.532"",""0.532"",""5.376"",""0.532"",""0.532"",""0.532"",""0.531"",""0.531"",""0.532"",""0.532"",""0.532"",""0.532"",""0.532"",""0.532"",""0.532"",""5.376"",""5.376""]","{""t01"":[],""t02"":[""t01""],""t03"":[""t01""],""t04"":[""t01""],""t05"":[""t01""],""t06"":[""t01""],""t07"":[""t01""],""t08"":[""t01""],""t09"":[""t01""],""t10"":[""t02"",""t05"",""t06"",""t07""],""t11"":[""t02"",""t03"",""t05"",""t07""],""t12"":[""t03"",""t06"",""t07"",""t09""],""t13"":[""t03"",""t05"",""t06"",""t07"",""t09""],""t14"":[""t04"",""t08""],""t15"":[""t03"",""t05"",""t07""],""t16"":[""t07"",""t09""],""t17"":[""t02"",""t09""],""t18"":[""t10"",""t11"",""t13"",""t14"",""t15""],""t19"":[""t11"",""t12"",""t15"",""t17""],""t20"":[""t11"",""t13"",""t17""],""t21"":[""t11""],""t22"":[""t11"",""t12""],""t23"":[""t10"",""t12"",""t13"",""t15""],""t24"":[""t10"",""t11"",""t12"",""t15"",""t16""],""t25"":[""t18"",""t20"",""t21"",""t22""],""t26"":[""t19""],""t27"":[""t20"",""t22""],""t28"":[""t18"",""t19"",""t22""],""t29"":[""t22"",""t23"",""t24""],""t30"":[""t18"",""t19"",""t22"",""t23""],""t31"":[""t18"",""t23""],""t32"":[""t25"",""t26"",""t27"",""t28"",""t29"",""t30"",""t31""]}"
EXP-08,confirmatory,exp08_confirmatory_n32_wide_layered_homogeneous_12,n32_wide_layered_homogeneous,32,wide_layered,homogeneous,low,12,0,7113171399324048317,0.1875,t01->t02->t11->t19->t26->t32,72,248,tied,0.3,0.7,"[""12"",""12"",""12"",""12"",""12"",""12"",""12"",""12"",""12"",""12"",""12"",""12"",""12"",""12"",""12"",""12"",""12"",""12"",""12"",""12"",""12"",""12"",""12"",""12"",""12"",""12"",""12"",""12"",""12"",""12"",""12"",""12""]","[""2.304"",""2.304"",""1.241"",""1.241"",""1.240"",""1.241"",""1.241"",""1.240"",""1.240"",""1.241"",""2.304"",""1.241"",""1.241"",""1.241"",""1.241"",""1.241"",""1.240"",""1.241"",""2.304"",""1.240"",""1.240"",""1.240"",""1.241"",""1.241"",""1.241"",""2.304"",""1.241"",""1.240"",""1.241"",""1.240"",""1.240"",""2.304""]","[""5.376"",""5.376"",""0.532"",""0.532"",""0.532"",""0.532"",""0.532"",""0.532"",""0.532"",""0.532"",""5.376"",""0.532"",""0.531"",""0.532"",""0.532"",""0.531"",""0.532"",""0.532"",""5.376"",""0.532"",""0.531"",""0.532"",""0.531"",""0.532"",""0.531"",""5.376"",""0.532"",""0.532"",""0.531"",""0.531"",""0.531"",""5.376""]","{""t01"":[],""t02"":[""t01""],""t03"":[""t01""],""t04"":[""t01""],""t05"":[""t01""],""t06"":[""t01""],""t07"":[""t01""],""t08"":[""t01""],""t09"":[""t01""],""t10"":[""t03"",""t06"",""t07""],""t11"":[""t02"",""t08"",""t09""],""t12"":[""t05"",""t06"",""t08""],""t13"":[""t02"",""t06"",""t09""],""t14"":[""t04"",""t08"",""t09""],""t15"":[""t02"",""t03"",""t05"",""t07""],""t16"":[""t02"",""t04"",""t06"",""t07"",""t09""],""t17"":[""t02"",""t06"",""t07"",""t08""],""t18"":[""t11"",""t12"",""t14"",""t17""],""t19"":[""t11""],""t20"":[""t10"",""t12"",""t17""],""t21"":[""t10"",""t11"",""t12"",""t13"",""t15"",""t16"",""t17""],""t22"":[""t11""],""t23"":[""t12"",""t13""],""t24"":[""t10"",""t13"",""t15"",""t16""],""t25"":[""t18"",""t23"",""t24""],""t26"":[""t18"",""t19"",""t22"",""t23""],""t27"":[""t18"",""t20"",""t21"",""t24""],""t28"":[""t19"",""t23"",""t24""],""t29"":[""t20"",""t22"",""t24""],""t30"":[""t24""],""t31"":[""t19"",""t20"",""t21"",""t23"",""t24""],""t32"":[""t25"",""t26"",""t27"",""t28"",""t29"",""t30"",""t31""]}"
EXP-08,confirmatory,exp08_confirmatory_n32_wide_layered_homogeneous_13,n32_wide_layered_homogeneous,32,wide_layered,homogeneous,low,13,0,255427395621503784,0.1875,t01->t04->t11->t24->t30->t32,72,163,tied,0.3,0.7,"[""12"",""12"",""12"",""12"",""12"",""12"",""12"",""12"",""12"",""12"",""12"",""12"",""12"",""12"",""12"",""12"",""12"",""12"",""12"",""12"",""12"",""12"",""12"",""12"",""12"",""12"",""12"",""12"",""12"",""12"",""12"",""12""]","[""2.304"",""1.240"",""1.241"",""2.304"",""1.240"",""1.241"",""1.241"",""1.241"",""1.240"",""1.241"",""2.304"",""1.241"",""1.240"",""1.240"",""1.241"",""1.241"",""1.240"",""1.240"",""1.241"",""1.240"",""1.241"",""1.241"",""1.241"",""2.304"",""1.241"",""1.241"",""1.240"",""1.241"",""1.240"",""2.304"",""1.241"",""2.304""]","[""5.376"",""0.532"",""0.531"",""5.376"",""0.531"",""0.532"",""0.531"",""0.532"",""0.531"",""0.532"",""5.376"",""0.532"",""0.532"",""0.532"",""0.531"",""0.531"",""0.532"",""0.532"",""0.532"",""0.532"",""0.531"",""0.532"",""0.532"",""5.376"",""0.532"",""0.532"",""0.532"",""0.532"",""0.532"",""5.376"",""0.531"",""5.376""]","{""t01"":[],""t02"":[""t01""],""t03"":[""t01""],""t04"":[""t01""],""t05"":[""t01""],""t06"":[""t01""],""t07"":[""t01""],""t08"":[""t01""],""t09"":[""t01""],""t10"":[""t02"",""t05"",""t08"",""t09""],""t11"":[""t03"",""t04"",""t06"",""t08"",""t09""],""t12"":[""t03"",""t04"",""t05"",""t08""],""t13"":[""t04"",""t07"",""t08""],""t14"":[""t04"",""t05"",""t09""],""t15"":[""t05"",""t08""],""t16"":[""t03"",""t04"",""t05"",""t07"",""t09""],""t17"":[""t03"",""t07""],""t18"":[""t10"",""t13"",""t14""],""t19"":[""t10"",""t14""],""t20"":[""t10"",""t13"",""t16"",""t17""],""t21"":[""t11"",""t12"",""t16"",""t17""],""t22"":[""t10"",""t15""],""t23"":[""t13"",""t15""],""t24"":[""t11"",""t13""],""t25"":[""t18"",""t19"",""t20""],""t26"":[""t22"",""t23""],""t27"":[""t18"",""t19"",""t20"",""t22""],""t28"":[""t23""],""t29"":[""t18"",""t20"",""t23""],""t30"":[""t21"",""t22"",""t24""],""t31"":[""t20"",""t22""],""t32"":[""t25"",""t26"",""t27"",""t28"",""t29"",""t30"",""t31""]}"
EXP-08,confirmatory,exp08_confirmatory_n32_wide_layered_homogeneous_14,n32_wide_layered_homogeneous,32,wide_layered,homogeneous,low,14,0,8744513117926664114,0.1875,t01->t04->t13->t20->t28->t32,72,138,tied,0.3,0.7,"[""12"",""12"",""12"",""12"",""12"",""12"",""12"",""12"",""12"",""12"",""12"",""12"",""12"",""12"",""12"",""12"",""12"",""12"",""12"",""12"",""12"",""12"",""12"",""12"",""12"",""12"",""12"",""12"",""12"",""12"",""12"",""12""]","[""2.304"",""1.240"",""1.241"",""2.304"",""1.240"",""1.241"",""1.240"",""1.241"",""1.240"",""1.241"",""1.241"",""1.240"",""2.304"",""1.241"",""1.241"",""1.241"",""1.241"",""1.240"",""1.241"",""2.304"",""1.240"",""1.240"",""1.241"",""1.241"",""1.241"",""1.240"",""1.241"",""2.304"",""1.240"",""1.241"",""1.241"",""2.304""]","[""5.376"",""0.532"",""0.531"",""5.376"",""0.532"",""0.532"",""0.532"",""0.531"",""0.532"",""0.531"",""0.531"",""0.531"",""5.376"",""0.532"",""0.532"",""0.532"",""0.532"",""0.532"",""0.532"",""5.376"",""0.531"",""0.531"",""0.532"",""0.532"",""0.532"",""0.532"",""0.532"",""5.376"",""0.532"",""0.532"",""0.531"",""5.376""]","{""t01"":[],""t02"":[""t01""],""t03"":[""t01""],""t04"":[""t01""],""t05"":[""t01""],""t06"":[""t01""],""t07"":[""t01""],""t08"":[""t01""],""t09"":[""t01""],""t10"":[""t02"",""t06"",""t07""],""t11"":[""t05"",""t07""],""t12"":[""t05"",""t06""],""t13"":[""t04"",""t06"",""t09""],""t14"":[""t05""],""t15"":[""t03"",""t07""],""t16"":[""t03"",""t07"",""t08""],""t17"":[""t02"",""t05"",""t09""],""t18"":[""t11"",""t12"",""t13"",""t15"",""t17""],""t19"":[""t11"",""t17""],""t20"":[""t13""],""t21"":[""t13""],""t22"":[""t10"",""t13"",""t14"",""t17""],""t23"":[""t12"",""t14""],""t24"":[""t13"",""t14"",""t16""],""t25"":[""t18"",""t19"",""t20"",""t23""],""t26"":[""t18"",""t21"",""t22"",""t23"",""t24""],""t27"":[""t21"",""t22"",""t23"",""t24""],""t28"":[""t20"",""t21""],""t29"":[""t20"",""t24""],""t30"":[""t18"",""t19"",""t20"",""t23""],""t31"":[""t18"",""t20"",""t23""],""t32"":[""t25"",""t26"",""t27"",""t28"",""t29"",""t30"",""t31""]}"
EXP-08,confirmatory,exp08_confirmatory_n32_wide_layered_homogeneous_15,n32_wide_layered_homogeneous,32,wide_layered,homogeneous,low,15,0,124972906312198136,0.1875,t01->t06->t10->t18->t27->t32,72,153,tied,0.3,0.7,"[""12"",""12"",""12"",""12"",""12"",""12"",""12"",""12"",""12"",""12"",""12"",""12"",""12"",""12"",""12"",""12"",""12"",""12"",""12"",""12"",""12"",""12"",""12"",""12"",""12"",""12"",""12"",""12"",""12"",""12"",""12"",""12""]","[""2.304"",""1.240"",""1.241"",""1.241"",""1.241"",""2.304"",""1.241"",""1.240"",""1.241"",""2.304"",""1.241"",""1.241"",""1.241"",""1.241"",""1.240"",""1.241"",""1.240"",""2.304"",""1.240"",""1.241"",""1.241"",""1.241"",""1.240"",""1.240"",""1.240"",""1.240"",""2.304"",""1.240"",""1.241"",""1.241"",""1.241"",""2.304""]","[""5.376"",""0.531"",""0.531"",""0.532"",""0.532"",""5.376"",""0.532"",""0.532"",""0.532"",""5.376"",""0.531"",""0.532"",""0.532"",""0.532"",""0.532"",""0.531"",""0.531"",""5.376"",""0.532"",""0.532"",""0.531"",""0.532"",""0.532"",""0.532"",""0.532"",""0.532"",""5.376"",""0.531"",""0.532"",""0.531"",""0.532"",""5.376""]","{""t01"":[],""t02"":[""t01""],""t03"":[""t01""],""t04"":[""t01""],""t05"":[""t01""],""t06"":[""t01""],""t07"":[""t01""],""t08"":[""t01""],""t09"":[""t01""],""t10"":[""t02"",""t04"",""t06""],""t11"":[""t03"",""t04""],""t12"":[""t02"",""t05"",""t09""],""t13"":[""t02"",""t04"",""t07""],""t14"":[""t04"",""t06"",""t08""],""t15"":[""t02"",""t04"",""t05"",""t08""],""t16"":[""t05"",""t08""],""t17"":[""t06"",""t07"",""t09""],""t18"":[""t10"",""t11"",""t17""],""t19"":[""t13"",""t16""],""t20"":[""t10"",""t12"",""t14"",""t16"",""t17""],""t21"":[""t10"",""t13"",""t16""],""t22"":[""t12"",""t13"",""t15"",""t17""],""t23"":[""t10"",""t12"",""t13"",""t14""],""t24"":[""t12"",""t14"",""t17""],""t25"":[""t21"",""t23""],""t26"":[""t19"",""t21"",""t24""],""t27"":[""t18"",""t19""],""t28"":[""t18""],""t29"":[""t19"",""t23"",""t24""],""t30"":[""t21"",""t22"",""t23"",""t24""],""t31"":[""t18"",""t20""],""t32"":[""t25"",""t26"",""t27"",""t28"",""t29"",""t30"",""t31""]}"
EXP-08,confirmatory,exp08_confirmatory_n32_wide_layered_homogeneous_16,n32_wide_layered_homogeneous,32,wide_layered,homogeneous,low,16,0,12475352608409012460,0.1875,t01->t03->t15->t19->t26->t32,72,208,tied,0.3,0.7,"[""12"",""12"",""12"",""12"",""12"",""12"",""12"",""12"",""12"",""12"",""12"",""12"",""12"",""12"",""12"",""12"",""12"",""12"",""12"",""12"",""12"",""12"",""12"",""12"",""12"",""12"",""12"",""12"",""12"",""12"",""12"",""12""]","[""2.304"",""1.240"",""2.304"",""1.241"",""1.241"",""1.241"",""1.240"",""1.240"",""1.240"",""1.241"",""1.241"",""1.241"",""1.241"",""1.240"",""2.304"",""1.240"",""1.240"",""1.241"",""2.304"",""1.241"",""1.241"",""1.241"",""1.240"",""1.241"",""1.241"",""2.304"",""1.240"",""1.241"",""1.241"",""1.241"",""1.240"",""2.304""]","[""5.376"",""0.532"",""5.376"",""0.532"",""0.532"",""0.531"",""0.531"",""0.532"",""0.531"",""0.532"",""0.532"",""0.532"",""0.531"",""0.532"",""5.376"",""0.532"",""0.531"",""0.532"",""5.376"",""0.532"",""0.532"",""0.532"",""0.532"",""0.531"",""0.531"",""5.376"",""0.532"",""0.532"",""0.532"",""0.532"",""0.531"",""5.376""]","{""t01"":[],""t02"":[""t01""],""t03"":[""t01""],""t04"":[""t01""],""t05"":[""t01""],""t06"":[""t01""],""t07"":[""t01""],""t08"":[""t01""],""t09"":[""t01""],""t10"":[""t07"",""t09""],""t11"":[""t02"",""t05"",""t08"",""t09""],""t12"":[""t02"",""t04"",""t05"",""t07"",""t08"",""t09""],""t13"":[""t03""],""t14"":[""t03"",""t05""],""t15"":[""t03"",""t08""],""t16"":[""t03"",""t04"",""t05"",""t06"",""t07"",""t08"",""t09""],""t17"":[""t03"",""t05"",""t08""],""t18"":[""t13"",""t14"",""t15""],""t19"":[""t12"",""t15"",""t16""],""t20"":[""t10"",""t13"",""t14"",""t16"",""t17""],""t21"":[""t12"",""t13""],""t22"":[""t11"",""t12"",""t14"",""t15"",""t16""],""t23"":[""t10"",""t12"",""t17""],""t24"":[""t10"",""t13""],""t25"":[""t19"",""t20"",""t22"",""t24""],""t26"":[""t19"",""t22"",""t24""],""t27"":[""t21"",""t23""],""t28"":[""t20""],""t29"":[""t21"",""t22""],""t30"":[""t19"",""t21"",""t24""],""t31"":[""t18"",""t22"",""t24""],""t32"":[""t25"",""t26"",""t27"",""t28"",""t29"",""t30"",""t31""]}"
EXP-08,confirmatory,exp08_confirmatory_n32_wide_layered_homogeneous_17,n32_wide_layered_homogeneous,32,wide_layered,homogeneous,low,17,0,12640161125378881400,0.1875,t01->t02->t11->t19->t25->t32,72,223,tied,0.3,0.7,"[""12"",""12"",""12"",""12"",""12"",""12"",""12"",""12"",""12"",""12"",""12"",""12"",""12"",""12"",""12"",""12"",""12"",""12"",""12"",""12"",""12"",""12"",""12"",""12"",""12"",""12"",""12"",""12"",""12"",""12"",""12"",""12""]","[""2.304"",""2.304"",""1.241"",""1.240"",""1.240"",""1.241"",""1.240"",""1.240"",""1.241"",""1.240"",""2.304"",""1.241"",""1.240"",""1.240"",""1.240"",""1.241"",""1.241"",""1.241"",""2.304"",""1.240"",""1.241"",""1.241"",""1.240"",""1.241"",""2.304"",""1.241"",""1.241"",""1.241"",""1.241"",""1.241"",""1.241"",""2.304""]","[""5.376"",""5.376"",""0.532"",""0.532"",""0.532"",""0.531"",""0.532"",""0.532"",""0.532"",""0.532"",""5.376"",""0.531"",""0.531"",""0.531"",""0.532"",""0.531"",""0.532"",""0.532"",""5.376"",""0.532"",""0.532"",""0.531"",""0.532"",""0.532"",""5.376"",""0.532"",""0.531"",""0.531"",""0.532"",""0.532"",""0.532"",""5.376""]","{""t01"":[],""t02"":[""t01""],""t03"":[""t01""],""t04"":[""t01""],""t05"":[""t01""],""t06"":[""t01""],""t07"":[""t01""],""t08"":[""t01""],""t09"":[""t01""],""t10"":[""t02"",""t03"",""t05"",""t06"",""t07""],""t11"":[""t02"",""t07""],""t12"":[""t07"",""t08"",""t09""],""t13"":[""t02"",""t07"",""t09""],""t14"":[""t04"",""t05"",""t06"",""t07"",""t08"",""t09""],""t15"":[""t05"",""t08"",""t09""],""t16"":[""t03"",""t04"",""t06"",""t07""],""t17"":[""t03"",""t04"",""t05"",""t06""],""t18"":[""t12"",""t16"",""t17""],""t19"":[""t10"",""t11"",""t12"",""t15"",""t17""],""t20"":[""t13"",""t14"",""t15""],""t21"":[""t12"",""t13"",""t14"",""t15"",""t17""],""t22"":[""t10"",""t12""],""t23"":[""t10""],""t24"":[""t10"",""t12"",""t14""],""t25"":[""t19""],""t26"":[""t21"",""t22"",""t24""],""t27"":[""t18"",""t21"",""t23""],""t28"":[""t23"",""t24""],""t29"":[""t18"",""t19"",""t20"",""t23"",""t24""],""t30"":[""t21"",""t24""],""t31"":[""t18"",""t22""],""t32"":[""t25"",""t26"",""t27"",""t28"",""t29"",""t30"",""t31""]}"
EXP-08,confirmatory,exp08_confirmatory_n32_wide_layered_homogeneous_18,n32_wide_layered_homogeneous,32,wide_layered,homogeneous,low,18,0,9314167484943605109,0.1875,t01->t04->t14->t20->t31->t32,72,210,tied,0.3,0.7,"[""12"",""12"",""12"",""12"",""12"",""12"",""12"",""12"",""12"",""12"",""12"",""12"",""12"",""12"",""12"",""12"",""12"",""12"",""12"",""12"",""12"",""12"",""12"",""12"",""12"",""12"",""12"",""12"",""12"",""12"",""12"",""12""]","[""2.304"",""1.240"",""1.241"",""2.304"",""1.241"",""1.241"",""1.240"",""1.241"",""1.241"",""1.241"",""1.241"",""1.240"",""1.241"",""2.304"",""1.240"",""1.240"",""1.241"",""1.240"",""1.241"",""2.304"",""1.240"",""1.241"",""1.241"",""1.240"",""1.240"",""1.241"",""1.241"",""1.241"",""1.240"",""1.241"",""2.304"",""2.304""]","[""5.376"",""0.532"",""0.532"",""5.376"",""0.531"",""0.531"",""0.532"",""0.531"",""0.532"",""0.532"",""0.532"",""0.532"",""0.532"",""5.376"",""0.532"",""0.532"",""0.532"",""0.532"",""0.531"",""5.376"",""0.532"",""0.531"",""0.531"",""0.532"",""0.532"",""0.531"",""0.531"",""0.532"",""0.532"",""0.532"",""5.376"",""5.376""]","{""t01"":[],""t02"":[""t01""],""t03"":[""t01""],""t04"":[""t01""],""t05"":[""t01""],""t06"":[""t01""],""t07"":[""t01""],""t08"":[""t01""],""t09"":[""t01""],""t10"":[""t02"",""t04"",""t06"",""t09""],""t11"":[""t05"",""t07"",""t09""],""t12"":[""t02"",""t04""],""t13"":[""t04"",""t06"",""t07""],""t14"":[""t02"",""t03"",""t04"",""t05"",""t06"",""t07"",""t08""],""t15"":[""t03"",""t05"",""t08"",""t09""],""t16"":[""t04"",""t05"",""t06""],""t17"":[""t06"",""t09""],""t18"":[""t10"",""t12"",""t13"",""t15"",""t16""],""t19"":[""t11"",""t12""],""t20"":[""t10"",""t14""],""t21"":[""t11"",""t13""],""t22"":[""t11"",""t13"",""t14"",""t15""],""t23"":[""t12""],""t24"":[""t15"",""t16"",""t17""],""t25"":[""t18"",""t22""],""t26"":[""t18"",""t19"",""t20"",""t22""],""t27"":[""t18"",""t21"",""t24""],""t28"":[""t20"",""t22""],""t29"":[""t20"",""t23""],""t30"":[""t19"",""t20"",""t21"",""t22""],""t31"":[""t20"",""t21""],""t32"":[""t25"",""t26"",""t27"",""t28"",""t29"",""t30"",""t31""]}"
EXP-08,confirmatory,exp08_confirmatory_n32_wide_layered_homogeneous_19,n32_wide_layered_homogeneous,32,wide_layered,homogeneous,low,19,0,18176103609514088531,0.1875,t01->t04->t17->t18->t29->t32,72,130,tied,0.3,0.7,"[""12"",""12"",""12"",""12"",""12"",""12"",""12"",""12"",""12"",""12"",""12"",""12"",""12"",""12"",""12"",""12"",""12"",""12"",""12"",""12"",""12"",""12"",""12"",""12"",""12"",""12"",""12"",""12"",""12"",""12"",""12"",""12""]","[""2.304"",""1.241"",""1.240"",""2.304"",""1.240"",""1.241"",""1.240"",""1.240"",""1.241"",""1.241"",""1.240"",""1.241"",""1.240"",""1.241"",""1.241"",""1.241"",""2.304"",""2.304"",""1.241"",""1.241"",""1.240"",""1.240"",""1.241"",""1.241"",""1.240"",""1.240"",""1.241"",""1.241"",""2.304"",""1.241"",""1.241"",""2.304""]","[""5.376"",""0.531"",""0.531"",""5.376"",""0.532"",""0.532"",""0.532"",""0.532"",""0.531"",""0.532"",""0.532"",""0.532"",""0.531"",""0.532"",""0.532"",""0.532"",""5.376"",""5.376"",""0.531"",""0.531"",""0.532"",""0.532"",""0.532"",""0.532"",""0.532"",""0.532"",""0.532"",""0.531"",""5.376"",""0.532"",""0.531"",""5.376""]","{""t01"":[],""t02"":[""t01""],""t03"":[""t01""],""t04"":[""t01""],""t05"":[""t01""],""t06"":[""t01""],""t07"":[""t01""],""t08"":[""t01""],""t09"":[""t01""],""t10"":[""t06"",""t07"",""t09""],""t11"":[""t06"",""t09""],""t12"":[""t04"",""t09""],""t13"":[""t02"",""t04"",""t05""],""t14"":[""t03"",""t07""],""t15"":[""t04"",""t07"",""t08""],""t16"":[""t02"",""t04"",""t05"",""t06"",""t08"",""t09""],""t17"":[""t02"",""t04"",""t06"",""t09""],""t18"":[""t10"",""t12"",""t14"",""t17""],""t19"":[""t10"",""t11"",""t13""],""t20"":[""t14"",""t15""],""t21"":[""t10"",""t15"",""t17""],""t22"":[""t10"",""t12""],""t23"":[""t14"",""t15"",""t16""],""t24"":[""t10"",""t17""],""t25"":[""t19"",""t20"",""t22"",""t23""],""t26"":[""t21"",""t22"",""t23""],""t27"":[""t21"",""t23""],""t28"":[""t21"",""t24""],""t29"":[""t18"",""t20""],""t30"":[""t19"",""t22""],""t31"":[""t19""],""t32"":[""t25"",""t26"",""t27"",""t28"",""t29"",""t30"",""t31""]}"
EXP-08,confirmatory,exp08_confirmatory_n32_wide_layered_lognormal_00,n32_wide_layered_lognormal,32,wide_layered,lognormal,low,0,0,15105927353949007911,0.2911392405063291139240506329,t01->t09->t16->t18->t26->t32,276,1,unique,0.3,0.7,"[""24"",""48"",""36"",""12"",""36"",""24"",""24"",""24"",""72"",""12"",""24"",""12"",""12"",""36"",""12"",""72"",""24"",""24"",""36"",""48"",""12"",""12"",""24"",""36"",""48"",""36"",""24"",""12"",""36"",""24"",""24"",""48""]","[""2.968"",""5.688"",""4.266"",""1.422"",""4.266"",""2.844"",""2.844"",""2.844"",""8.903"",""1.422"",""2.844"",""1.422"",""1.422"",""4.266"",""1.422"",""8.903"",""2.844"",""2.968"",""4.266"",""5.688"",""1.422"",""1.422"",""2.844"",""4.266"",""5.688"",""4.451"",""2.844"",""1.422"",""4.266"",""2.844"",""2.844"",""5.935""]","[""6.924"",""2.438"",""1.828"",""0.609"",""1.828"",""1.219"",""1.219"",""1.219"",""20.774"",""0.610"",""1.219"",""0.609"",""0.610"",""1.828"",""0.609"",""20.774"",""1.219"",""6.924"",""1.828"",""2.438"",""0.609"",""0.610"",""1.219"",""1.828"",""2.438"",""10.387"",""1.219"",""0.609"",""1.828"",""1.219"",""1.219"",""13.849""]","{""t01"":[],""t02"":[""t01""],""t03"":[""t01""],""t04"":[""t01""],""t05"":[""t01""],""t06"":[""t01""],""t07"":[""t01""],""t08"":[""t01""],""t09"":[""t01""],""t10"":[""t03"",""t06"",""t09""],""t11"":[""t03"",""t05"",""t07"",""t08""],""t12"":[""t02"",""t04"",""t06""],""t13"":[""t03"",""t04"",""t05"",""t06""],""t14"":[""t02"",""t03"",""t07"",""t08"",""t09""],""t15"":[""t02"",""t08""],""t16"":[""t04"",""t09""],""t17"":[""t02"",""t03"",""t04"",""t06""],""t18"":[""t13"",""t14"",""t15"",""t16""],""t19"":[""t11"",""t15""],""t20"":[""t13""],""t21"":[""t15""],""t22"":[""t11"",""t12"",""t14""],""t23"":[""t10"",""t12"",""t13""],""t24"":[""t13"",""t17""],""t25"":[""t19"",""t20"",""t22""],""t26"":[""t18"",""t19"",""t20""],""t27"":[""t21"",""t24""],""t28"":[""t19"",""t21""],""t29"":[""t19"",""t20"",""t21"",""t22"",""t23""],""t30"":[""t19"",""t20"",""t21"",""t23""],""t31"":[""t20"",""t21"",""t22"",""t23"",""t24""],""t32"":[""t25"",""t26"",""t27"",""t28"",""t29"",""t30"",""t31""]}"
EXP-08,confirmatory,exp08_confirmatory_n32_wide_layered_lognormal_01,n32_wide_layered_lognormal,32,wide_layered,lognormal,low,1,0,1364926965132829985,0.265625,t01->t08->t16->t20->t28->t32,204,1,unique,0.3,0.7,"[""12"",""12"",""24"",""24"",""24"",""24"",""24"",""36"",""12"",""12"",""36"",""24"",""12"",""60"",""12"",""48"",""12"",""36"",""36"",""36"",""12"",""12"",""12"",""36"",""12"",""12"",""36"",""24"",""12"",""12"",""24"",""48""]","[""1.626"",""1.373"",""2.745"",""2.745"",""2.745"",""2.745"",""2.745"",""4.879"",""1.373"",""1.372"",""4.118"",""2.745"",""1.372"",""6.863"",""1.372"",""6.505"",""1.373"",""4.118"",""4.118"",""4.879"",""1.373"",""1.372"",""1.373"",""4.118"",""1.373"",""1.373"",""4.118"",""3.253"",""1.373"",""1.372"",""2.745"",""6.506""]","[""3.795"",""0.588"",""1.177"",""1.177"",""1.177"",""1.177"",""1.176"",""11.385"",""0.588"",""0.588"",""1.765"",""1.177"",""0.588"",""2.941"",""0.588"",""15.179"",""0.588"",""1.765"",""1.765"",""11.384"",""0.588"",""0.588"",""0.588"",""1.765"",""0.588"",""0.588"",""1.765"",""7.590"",""0.588"",""0.588"",""1.177"",""15.179""]","{""t01"":[],""t02"":[""t01""],""t03"":[""t01""],""t04"":[""t01""],""t05"":[""t01""],""t06"":[""t01""],""t07"":[""t01""],""t08"":[""t01""],""t09"":[""t01""],""t10"":[""t02"",""t04"",""t07""],""t11"":[""t04"",""t07"",""t08"",""t09""],""t12"":[""t04"",""t05"",""t06""],""t13"":[""t05"",""t07""],""t14"":[""t03"",""t09""],""t15"":[""t03"",""t04"",""t07"",""t08""],""t16"":[""t07"",""t08"",""t09""],""t17"":[""t06"",""t07"",""t09""],""t18"":[""t12"",""t13"",""t17""],""t19"":[""t10"",""t12"",""t13"",""t16"",""t17""],""t20"":[""t12"",""t13"",""t16""],""t21"":[""t10"",""t13""],""t22"":[""t10"",""t12"",""t16""],""t23"":[""t11"",""t14"",""t15"",""t16"",""t17""],""t24"":[""t11"",""t12""],""t25"":[""t19"",""t20"",""t22""],""t26"":[""t18"",""t20""],""t27"":[""t21""],""t28"":[""t18"",""t20"",""t21"",""t23"",""t24""],""t29"":[""t18"",""t24""],""t30"":[""t18"",""t20"",""t21""],""t31"":[""t23""],""t32"":[""t25"",""t26"",""t27"",""t28"",""t29"",""t30"",""t31""]}"
EXP-08,confirmatory,exp08_confirmatory_n32_wide_layered_lognormal_02,n32_wide_layered_lognormal,32,wide_layered,lognormal,low,2,0,5348537039102061092,0.2531645569620253164556962025,t01->t09->t17->t23->t30->t32,240,2,tied,0.3,0.7,"[""12"",""48"",""36"",""36"",""12"",""24"",""12"",""36"",""48"",""60"",""24"",""12"",""24"",""36"",""24"",""36"",""24"",""24"",""36"",""24"",""12"",""24"",""60"",""12"",""24"",""24"",""24"",""24"",""24"",""48"",""36"",""48""]","[""1.706"",""5.399"",""4.049"",""4.049"",""1.350"",""2.699"",""1.350"",""4.049"",""6.826"",""6.749"",""2.700"",""1.350"",""2.699"",""4.049"",""2.699"",""4.049"",""3.413"",""2.699"",""4.049"",""2.699"",""1.350"",""2.700"",""8.532"",""1.350"",""2.699"",""2.699"",""2.699"",""2.699"",""2.700"",""6.826"",""4.049"",""6.825""]","[""3.982"",""2.314"",""1.735"",""1.735"",""0.578"",""1.157"",""0.579"",""1.735"",""15.926"",""2.892"",""1.157"",""0.578"",""1.157"",""1.735"",""1.157"",""1.735"",""7.963"",""1.157"",""1.735"",""1.157"",""0.579"",""1.157"",""19.908"",""0.579"",""1.157"",""1.157"",""1.157"",""1.157"",""1.157"",""15.927"",""1.735"",""15.926""]","{""t01"":[],""t02"":[""t01""],""t03"":[""t01""],""t04"":[""t01""],""t05"":[""t01""],""t06"":[""t01""],""t07"":[""t01""],""t08"":[""t01""],""t09"":[""t01""],""t10"":[""t02"",""t04"",""t05"",""t06"",""t07""],""t11"":[""t06"",""t08"",""t09""],""t12"":[""t05"",""t06"",""t07""],""t13"":[""t04""],""t14"":[""t06"",""t09""],""t15"":[""t04"",""t06"",""t07"",""t08""],""t16"":[""t02"",""t03"",""t05"",""t06""],""t17"":[""t03"",""t07"",""t09""],""t18"":[""t11"",""t14""],""t19"":[""t12"",""t13""],""t20"":[""t10"",""t14""],""t21"":[""t14"",""t17""],""t22"":[""t11"",""t12"",""t15"",""t16""],""t23"":[""t12"",""t17""],""t24"":[""t15"",""t16""],""t25"":[""t18"",""t19"",""t22""],""t26"":[""t18"",""t21"",""t22"",""t24""],""t27"":[""t19"",""t21"",""t22"",""t23""],""t28"":[""t18"",""t23""],""t29"":[""t20"",""t22""],""t30"":[""t18"",""t20"",""t23""],""t31"":[""t18"",""t22""],""t32"":[""t25"",""t26"",""t27"",""t28"",""t29"",""t30"",""t31""]}"
EXP-08,confirmatory,exp08_confirmatory_n32_wide_layered_lognormal_03,n32_wide_layered_lognormal,32,wide_layered,lognormal,low,3,0,15425913730227806289,0.2714285714285714285714285714,t01->t07->t15->t22->t31->t32,228,1,unique,0.3,0.7,"[""36"",""24"",""24"",""12"",""24"",""12"",""36"",""12"",""12"",""24"",""12"",""24"",""12"",""36"",""48"",""24"",""12"",""60"",""24"",""48"",""24"",""72"",""36"",""36"",""12"",""24"",""12"",""24"",""36"",""12"",""24"",""12""]","[""4.775"",""2.767"",""2.767"",""1.383"",""2.767"",""1.384"",""4.775"",""1.383"",""1.384"",""2.767"",""1.383"",""2.767"",""1.383"",""4.151"",""6.366"",""2.767"",""1.384"",""6.918"",""2.767"",""5.534"",""2.767"",""9.549"",""4.151"",""4.151"",""1.384"",""2.767"",""1.383"",""2.767"",""4.151"",""1.383"",""3.183"",""1.592""]","[""11.141"",""1.186"",""1.186"",""0.593"",""1.186"",""0.593"",""11.141"",""0.593"",""0.593"",""1.186"",""0.593"",""1.186"",""0.593"",""1.779"",""14.855"",""1.186"",""0.593"",""2.964"",""1.186"",""2.371"",""1.186"",""22.282"",""1.779"",""1.778"",""0.593"",""1.186"",""0.593"",""1.186"",""1.779"",""0.593"",""7.427"",""3.714""]","{""t01"":[],""t02"":[""t01""],""t03"":[""t01""],""t04"":[""t01""],""t05"":[""t01""],""t06"":[""t01""],""t07"":[""t01""],""t08"":[""t01""],""t09"":[""t01""],""t10"":[""t05"",""t07""],""t11"":[""t04"",""t06""],""t12"":[""t02"",""t03"",""t04"",""t06""],""t13"":[""t02"",""t03"",""t04"",""t08""],""t14"":[""t03"",""t08""],""t15"":[""t04"",""t07""],""t16"":[""t03"",""t04"",""t05"",""t07""],""t17"":[""t03"",""t07"",""t08"",""t09""],""t18"":[""t12"",""t14"",""t15"",""t16"",""t17""],""t19"":[""t11"",""t15"",""t17""],""t20"":[""t12"",""t14"",""t16""],""t21"":[""t12"",""t15"",""t16"",""t17""],""t22"":[""t11"",""t15"",""t16"",""t17""],""t23"":[""t10"",""t12"",""t13"",""t15""],""t24"":[""t12"",""t14""],""t25"":[""t18"",""t19"",""t20"",""t23""],""t26"":[""t20"",""t24""],""t27"":[""t18"",""t19"",""t22"",""t23"",""t24""],""t28"":[""t18"",""t19"",""t21"",""t23"",""t24""],""t29"":[""t20"",""t21"",""t23""],""t30"":[""t22"",""t23""],""t31"":[""t21"",""t22""],""t32"":[""t25"",""t26"",""t27"",""t28"",""t29"",""t30"",""t31""]}"
EXP-08,confirmatory,exp08_confirmatory_n32_wide_layered_lognormal_04,n32_wide_layered_lognormal,32,wide_layered,lognormal,low,4,0,7915851745562379896,0.2777777777777777777777777778,t01->t08->t11->t21->t25->t32,240,1,unique,0.3,0.7,"[""12"",""36"",""12"",""24"",""12"",""24"",""24"",""36"",""24"",""24"",""36"",""12"",""12"",""36"",""36"",""12"",""12"",""12"",""24"",""36"",""60"",""24"",""36"",""24"",""48"",""24"",""48"",""48"",""12"",""24"",""12"",""48""]","[""1.555"",""4.187"",""1.396"",""2.792"",""1.396"",""2.791"",""2.791"",""4.666"",""2.791"",""2.791"",""4.665"",""1.396"",""1.396"",""4.187"",""4.187"",""1.396"",""1.396"",""1.396"",""2.791"",""4.187"",""7.776"",""2.791"",""4.187"",""2.791"",""6.221"",""2.791"",""5.583"",""5.583"",""1.396"",""2.791"",""1.396"",""6.221""]","[""3.629"",""1.795"",""0.598"",""1.196"",""0.598"",""1.196"",""1.196"",""10.887"",""1.197"",""1.196"",""10.886"",""0.598"",""0.598"",""1.795"",""1.795"",""0.598"",""0.598"",""0.598"",""1.196"",""1.795"",""18.144"",""1.196"",""1.795"",""1.196"",""14.515"",""1.196"",""2.393"",""2.393"",""0.598"",""1.196"",""0.598"",""14.515""]","{""t01"":[],""t02"":[""t01""],""t03"":[""t01""],""t04"":[""t01""],""t05"":[""t01""],""t06"":[""t01""],""t07"":[""t01""],""t08"":[""t01""],""t09"":[""t01""],""t10"":[""t03"",""t05"",""t06"",""t09""],""t11"":[""t03"",""t05"",""t07"",""t08"",""t09""],""t12"":[""t03"",""t04"",""t06"",""t07""],""t13"":[""t04"",""t05"",""t06"",""t08""],""t14"":[""t04"",""t05"",""t06"",""t07"",""t09""],""t15"":[""t02"",""t03"",""t04"",""t06""],""t16"":[""t03"",""t05"",""t07""],""t17"":[""t05""],""t18"":[""t10""],""t19"":[""t10"",""t11"",""t13"",""t14""],""t20"":[""t10"",""t14"",""t15""],""t21"":[""t11"",""t12"",""t17""],""t22"":[""t10"",""t17""],""t23"":[""t10"",""t12"",""t14"",""t16"",""t17""],""t24"":[""t10"",""t11"",""t13"",""t15""],""t25"":[""t18"",""t20"",""t21"",""t22"",""t23"",""t24""],""t26"":[""t18"",""t19"",""t20"",""t22"",""t24""],""t27"":[""t19"",""t22"",""t23""],""t28"":[""t22""],""t29"":[""t19"",""t21"",""t23"",""t24""],""t30"":[""t19"",""t23"",""t24""],""t31"":[""t22"",""t23""],""t32"":[""t25"",""t26"",""t27"",""t28"",""t29"",""t30"",""t31""]}"
EXP-08,confirmatory,exp08_confirmatory_n32_wide_layered_lognormal_05,n32_wide_layered_lognormal,32,wide_layered,lognormal,low,5,0,7700992348948595628,0.25,t01->t03->t17->t19->t28->t32,192,8,tied,0.3,0.7,"[""12"",""36"",""24"",""12"",""24"",""12"",""24"",""12"",""24"",""24"",""12"",""36"",""24"",""36"",""12"",""24"",""24"",""48"",""60"",""36"",""12"",""12"",""12"",""12"",""36"",""24"",""12"",""48"",""24"",""12"",""24"",""24""]","[""1.728"",""4.032"",""3.456"",""1.344"",""2.688"",""1.344"",""2.688"",""1.344"",""2.688"",""2.688"",""1.344"",""4.032"",""2.688"",""4.032"",""1.344"",""2.688"",""3.456"",""5.376"",""8.640"",""4.032"",""1.344"",""1.344"",""1.344"",""1.344"",""4.032"",""2.688"",""1.344"",""6.912"",""2.688"",""1.344"",""2.688"",""3.456""]","[""4.032"",""1.728"",""8.064"",""0.576"",""1.152"",""0.576"",""1.152"",""0.576"",""1.152"",""1.152"",""0.576"",""1.728"",""1.152"",""1.728"",""0.576"",""1.152"",""8.064"",""2.304"",""20.160"",""1.728"",""0.576"",""0.576"",""0.576"",""0.576"",""1.728"",""1.152"",""0.576"",""16.128"",""1.152"",""0.576"",""1.152"",""8.064""]","{""t01"":[],""t02"":[""t01""],""t03"":[""t01""],""t04"":[""t01""],""t05"":[""t01""],""t06"":[""t01""],""t07"":[""t01""],""t08"":[""t01""],""t09"":[""t01""],""t10"":[""t06"",""t08""],""t11"":[""t02"",""t03"",""t04""],""t12"":[""t08""],""t13"":[""t06"",""t07"",""t09""],""t14"":[""t03"",""t09""],""t15"":[""t02"",""t05"",""t09""],""t16"":[""t06"",""t08"",""t09""],""t17"":[""t03"",""t04"",""t05"",""t07""],""t18"":[""t10"",""t11"",""t12""],""t19"":[""t10"",""t11"",""t12"",""t13"",""t16"",""t17""],""t20"":[""t10"",""t12"",""t14"",""t17""],""t21"":[""t12"",""t14"",""t16""],""t22"":[""t10"",""t11"",""t15""],""t23"":[""t13"",""t15""],""t24"":[""t13"",""t17""],""t25"":[""t18"",""t20""],""t26"":[""t22"",""t24""],""t27"":[""t18"",""t19"",""t22""],""t28"":[""t18"",""t19"",""t22""],""t29"":[""t18"",""t19"",""t21""],""t30"":[""t19""],""t31"":[""t19"",""t21"",""t23""],""t32"":[""t25"",""t26"",""t27"",""t28"",""t29"",""t30"",""t31""]}"
EXP-08,confirmatory,exp08_confirmatory_n32_wide_layered_lognormal_06,n32_wide_layered_lognormal,32,wide_layered,lognormal,low,6,0,1643116381588687900,0.2794117647058823529411764706,t01->t09->t14->t22->t29->t32,228,2,tied,0.3,0.7,"[""12"",""12"",""24"",""12"",""36"",""12"",""12"",""60"",""24"",""12"",""12"",""12"",""36"",""72"",""12"",""24"",""24"",""24"",""24"",""24"",""36"",""36"",""36"",""24"",""36"",""12"",""24"",""24"",""60"",""12"",""12"",""24""]","[""1.546"",""1.399"",""2.798"",""1.399"",""4.196"",""1.399"",""1.399"",""6.994"",""3.092"",""1.399"",""1.399"",""1.399"",""4.196"",""9.277"",""1.399"",""2.798"",""2.798"",""2.798"",""2.798"",""2.798"",""4.196"",""4.638"",""4.196"",""2.797"",""4.196"",""1.399"",""2.798"",""2.798"",""7.731"",""1.399"",""1.399"",""3.092""]","[""3.608"",""0.599"",""1.199"",""0.599"",""1.799"",""0.599"",""0.599"",""2.998"",""7.215"",""0.599"",""0.599"",""0.600"",""1.799"",""21.645"",""0.599"",""1.199"",""1.199"",""1.199"",""1.199"",""1.199"",""1.799"",""10.823"",""1.799"",""1.199"",""1.799"",""0.599"",""1.199"",""1.199"",""18.038"",""0.600"",""0.600"",""7.215""]","{""t01"":[],""t02"":[""t01""],""t03"":[""t01""],""t04"":[""t01""],""t05"":[""t01""],""t06"":[""t01""],""t07"":[""t01""],""t08"":[""t01""],""t09"":[""t01""],""t10"":[""t03"",""t07"",""t09""],""t11"":[""t03"",""t07""],""t12"":[""t05"",""t07""],""t13"":[""t05"",""t09""],""t14"":[""t04"",""t09""],""t15"":[""t02"",""t06""],""t16"":[""t08"",""t09""],""t17"":[""t03""],""t18"":[""t11"",""t14"",""t16""],""t19"":[""t11"",""t14"",""t17""],""t20"":[""t10"",""t11"",""t15""],""t21"":[""t10"",""t13"",""t14"",""t17""],""t22"":[""t11"",""t14"",""t17""],""t23"":[""t12"",""t15""],""t24"":[""t13"",""t16"",""t17""],""t25"":[""t19"",""t21""],""t26"":[""t21"",""t23"",""t24""],""t27"":[""t21""],""t28"":[""t18"",""t19"",""t20"",""t21"",""t23""],""t29"":[""t19"",""t20"",""t21"",""t22""],""t30"":[""t18"",""t20""],""t31"":[""t18"",""t21"",""t23"",""t24""],""t32"":[""t25"",""t26"",""t27"",""t28"",""t29"",""t30"",""t31""]}"
EXP-08,confirmatory,exp08_confirmatory_n32_wide_layered_lognormal_07,n32_wide_layered_lognormal,32,wide_layered,lognormal,low,7,0,3645346322539373541,0.2580645161290322580645161290,t01->t03->t16->t18->t30->t32,192,3,tied,0.3,0.7,"[""24"",""12"",""24"",""24"",""12"",""24"",""12"",""24"",""24"",""24"",""24"",""36"",""24"",""24"",""12"",""48"",""12"",""12"",""12"",""36"",""24"",""12"",""24"",""12"",""24"",""24"",""36"",""12"",""12"",""60"",""36"",""24""]","[""3.348"",""1.359"",""3.348"",""2.717"",""1.359"",""2.717"",""1.359"",""2.717"",""2.717"",""2.717"",""2.717"",""4.076"",""2.717"",""2.717"",""1.359"",""6.696"",""1.359"",""1.674"",""1.358"",""4.076"",""2.717"",""1.359"",""2.717"",""1.359"",""2.717"",""2.717"",""4.076"",""1.358"",""1.359"",""8.370"",""4.076"",""3.348""]","[""7.812"",""0.582"",""7.812"",""1.165"",""0.582"",""1.165"",""0.582"",""1.165"",""1.165"",""1.164"",""1.164"",""1.747"",""1.164"",""1.165"",""0.582"",""15.624"",""0.582"",""3.906"",""0.582"",""1.747"",""1.164"",""0.582"",""1.165"",""0.582"",""1.165"",""1.165"",""1.747"",""0.582"",""0.582"",""19.530"",""1.747"",""7.812""]","{""t01"":[],""t02"":[""t01""],""t03"":[""t01""],""t04"":[""t01""],""t05"":[""t01""],""t06"":[""t01""],""t07"":[""t01""],""t08"":[""t01""],""t09"":[""t01""],""t10"":[""t03"",""t04"",""t08"",""t09""],""t11"":[""t03"",""t04"",""t05"",""t06"",""t07"",""t08""],""t12"":[""t03"",""t08""],""t13"":[""t04"",""t06"",""t07""],""t14"":[""t02"",""t04"",""t09""],""t15"":[""t02"",""t03"",""t04"",""t06""],""t16"":[""t03"",""t06"",""t09""],""t17"":[""t02"",""t03"",""t04"",""t05""],""t18"":[""t16"",""t17""],""t19"":[""t10"",""t14"",""t15""],""t20"":[""t10"",""t12"",""t13"",""t15"",""t17""],""t21"":[""t10"",""t14""],""t22"":[""t10"",""t11"",""t13"",""t14""],""t23"":[""t13"",""t15"",""t16""],""t24"":[""t12"",""t15"",""t16"",""t17""],""t25"":[""t18"",""t20"",""t22"",""t23"",""t24""],""t26"":[""t18"",""t19"",""t24""],""t27"":[""t21"",""t24""],""t28"":[""t18"",""t20"",""t24""],""t29"":[""t19"",""t20"",""t23""],""t30"":[""t18""],""t31"":[""t18"",""t21""],""t32"":[""t25"",""t26"",""t27"",""t28"",""t29"",""t30"",""t31""]}"
EXP-08,confirmatory,exp08_confirmatory_n32_wide_layered_lognormal_08,n32_wide_layered_lognormal,32,wide_layered,lognormal,low,8,0,14914402071990106552,0.2692307692307692307692307692,t01->t05->t15->t18->t26->t32,252,1,unique,0.3,0.7,"[""24"",""48"",""24"",""12"",""72"",""12"",""24"",""12"",""36"",""12"",""48"",""36"",""24"",""12"",""24"",""24"",""12"",""36"",""12"",""36"",""12"",""24"",""24"",""24"",""60"",""72"",""24"",""24"",""36"",""36"",""36"",""24""]","[""3.209"",""5.518"",""2.759"",""1.379"",""9.628"",""1.379"",""2.759"",""1.379"",""4.138"",""1.379"",""5.518"",""4.138"",""2.759"",""1.379"",""3.209"",""2.759"",""1.379"",""4.814"",""1.379"",""4.138"",""1.379"",""2.759"",""2.759"",""2.759"",""6.897"",""9.627"",""2.759"",""2.759"",""4.138"",""4.138"",""4.138"",""3.209""]","[""7.488"",""2.365"",""1.182"",""0.591"",""22.464"",""0.591"",""1.182"",""0.591"",""1.774"",""0.591"",""2.365"",""1.774"",""1.182"",""0.591"",""7.488"",""1.182"",""0.591"",""11.232"",""0.591"",""1.774"",""0.591"",""1.182"",""1.182"",""1.182"",""2.956"",""22.464"",""1.182"",""1.182"",""1.774"",""1.774"",""1.774"",""7.488""]","{""t01"":[],""t02"":[""t01""],""t03"":[""t01""],""t04"":[""t01""],""t05"":[""t01""],""t06"":[""t01""],""t07"":[""t01""],""t08"":[""t01""],""t09"":[""t01""],""t10"":[""t02"",""t05"",""t06"",""t07"",""t08"",""t09""],""t11"":[""t03""],""t12"":[""t03"",""t04"",""t07"",""t08""],""t13"":[""t06"",""t08""],""t14"":[""t06""],""t15"":[""t05""],""t16"":[""t02"",""t05"",""t06"",""t07"",""t08""],""t17"":[""t03"",""t05""],""t18"":[""t12"",""t13"",""t15""],""t19"":[""t10"",""t11""],""t20"":[""t10"",""t11"",""t13"",""t14"",""t16""],""t21"":[""t11"",""t12"",""t13"",""t14""],""t22"":[""t12"",""t14"",""t17""],""t23"":[""t11"",""t16"",""t17""],""t24"":[""t10"",""t16"",""t17""],""t25"":[""t18"",""t19"",""t20"",""t23""],""t26"":[""t18"",""t21""],""t27"":[""t18"",""t20"",""t21"",""t22""],""t28"":[""t18"",""t21""],""t29"":[""t19"",""t20"",""t21"",""t23"",""t24""],""t30"":[""t23""],""t31"":[""t19"",""t20"",""t24""],""t32"":[""t25"",""t26"",""t27"",""t28"",""t29"",""t30"",""t31""]}"
EXP-08,confirmatory,exp08_confirmatory_n32_wide_layered_lognormal_09,n32_wide_layered_lognormal,32,wide_layered,lognormal,low,9,0,9569602662500024794,0.2771084337349397590361445783,t01->t04->t17->t19->t30->t32,276,1,unique,0.3,0.7,"[""36"",""12"",""12"",""36"",""24"",""12"",""24"",""24"",""12"",""24"",""24"",""36"",""24"",""12"",""48"",""24"",""48"",""48"",""36"",""48"",""36"",""24"",""48"",""12"",""36"",""36"",""36"",""36"",""36"",""72"",""12"",""48""]","[""4.677"",""1.394"",""1.395"",""4.677"",""2.789"",""1.394"",""2.789"",""2.789"",""1.394"",""2.789"",""2.789"",""4.183"",""2.789"",""1.394"",""5.578"",""2.789"",""6.236"",""5.578"",""4.677"",""5.578"",""4.183"",""2.789"",""5.578"",""1.394"",""4.183"",""4.183"",""4.183"",""4.183"",""4.183"",""9.353"",""1.394"",""6.236""]","[""10.913"",""0.598"",""0.598"",""10.913"",""1.195"",""0.598"",""1.195"",""1.195"",""0.598"",""1.195"",""1.195"",""1.793"",""1.195"",""0.598"",""2.390"",""1.195"",""14.550"",""2.390"",""10.913"",""2.390"",""1.793"",""1.195"",""2.390"",""0.598"",""1.793"",""1.793"",""1.793"",""1.793"",""1.793"",""21.825"",""0.597"",""14.550""]","{""t01"":[],""t02"":[""t01""],""t03"":[""t01""],""t04"":[""t01""],""t05"":[""t01""],""t06"":[""t01""],""t07"":[""t01""],""t08"":[""t01""],""t09"":[""t01""],""t10"":[""t07"",""t08""],""t11"":[""t05"",""t06"",""t09""],""t12"":[""t02"",""t03"",""t09""],""t13"":[""t03"",""t04"",""t05"",""t06"",""t08""],""t14"":[""t05"",""t08"",""t09""],""t15"":[""t05"",""t07""],""t16"":[""t02"",""t03""],""t17"":[""t03"",""t04""],""t18"":[""t15""],""t19"":[""t11"",""t14"",""t17""],""t20"":[""t10"",""t12"",""t16""],""t21"":[""t10"",""t12"",""t15"",""t17""],""t22"":[""t11"",""t14""],""t23"":[""t12"",""t13"",""t14""],""t24"":[""t11"",""t12"",""t14"",""t15"",""t17""],""t25"":[""t18"",""t19"",""t20"",""t21"",""t23""],""t26"":[""t18""],""t27"":[""t19"",""t21"",""t23"",""t24""],""t28"":[""t19"",""t20"",""t21"",""t22""],""t29"":[""t20"",""t23"",""t24""],""t30"":[""t19""],""t31"":[""t18"",""t19"",""t22""],""t32"":[""t25"",""t26"",""t27"",""t28"",""t29"",""t30"",""t31""]}"
EXP-08,confirmatory,exp08_confirmatory_n32_wide_layered_lognormal_10,n32_wide_layered_lognormal,32,wide_layered,lognormal,low,10,0,17592354153564938944,0.2571428571428571428571428571,t01->t04->t15->t18->t30->t32,216,2,tied,0.3,0.7,"[""24"",""12"",""24"",""24"",""24"",""36"",""48"",""12"",""24"",""48"",""12"",""12"",""24"",""12"",""72"",""24"",""24"",""24"",""24"",""24"",""24"",""24"",""12"",""36"",""12"",""48"",""24"",""24"",""12"",""48"",""24"",""24""]","[""3.360"",""1.357"",""2.714"",""3.360"",""2.714"",""4.071"",""5.427"",""1.357"",""2.714"",""5.427"",""1.357"",""1.357"",""2.714"",""1.357"",""10.080"",""2.714"",""2.714"",""3.360"",""2.714"",""2.714"",""2.714"",""2.714"",""1.357"",""4.070"",""1.357"",""5.427"",""2.714"",""2.714"",""1.357"",""6.720"",""2.714"",""3.360""]","[""7.840"",""0.581"",""1.163"",""7.840"",""1.163"",""1.745"",""2.326"",""0.582"",""1.163"",""2.326"",""0.581"",""0.582"",""1.163"",""0.582"",""23.520"",""1.163"",""1.163"",""7.840"",""1.163"",""1.163"",""1.163"",""1.163"",""0.582"",""1.745"",""0.581"",""2.326"",""1.163"",""1.163"",""0.582"",""15.680"",""1.163"",""7.840""]","{""t01"":[],""t02"":[""t01""],""t03"":[""t01""],""t04"":[""t01""],""t05"":[""t01""],""t06"":[""t01""],""t07"":[""t01""],""t08"":[""t01""],""t09"":[""t01""],""t10"":[""t04"",""t05"",""t06"",""t08""],""t11"":[""t05"",""t07""],""t12"":[""t03"",""t06"",""t08"",""t09""],""t13"":[""t02"",""t03"",""t08"",""t09""],""t14"":[""t03"",""t04"",""t07"",""t09""],""t15"":[""t04"",""t08""],""t16"":[""t02"",""t05"",""t09""],""t17"":[""t02"",""t03""],""t18"":[""t10"",""t11"",""t12"",""t13"",""t14"",""t15""],""t19"":[""t10"",""t12"",""t13"",""t17""],""t20"":[""t10"",""t11"",""t12"",""t14""],""t21"":[""t10"",""t12"",""t15""],""t22"":[""t12"",""t13""],""t23"":[""t12"",""t14"",""t15"",""t16"",""t17""],""t24"":[""t11"",""t13""],""t25"":[""t21"",""t22"",""t23""],""t26"":[""t19"",""t20"",""t21"",""t22"",""t24""],""t27"":[""t18"",""t21"",""t23""],""t28"":[""t18"",""t21"",""t22"",""t23""],""t29"":[""t21"",""t22""],""t30"":[""t18"",""t20""],""t31"":[""t20"",""t21"",""t24""],""t32"":[""t25"",""t26"",""t27"",""t28"",""t29"",""t30"",""t31""]}"
EXP-08,confirmatory,exp08_confirmatory_n32_wide_layered_lognormal_11,n32_wide_layered_lognormal,32,wide_layered,lognormal,low,11,0,5781922156536882650,0.2428571428571428571428571429,t01->t09->t16->t19->t29->t32,204,1,unique,0.3,0.7,"[""24"",""12"",""24"",""24"",""24"",""12"",""12"",""24"",""36"",""24"",""12"",""24"",""24"",""12"",""24"",""36"",""12"",""36"",""36"",""36"",""24"",""12"",""24"",""36"",""72"",""24"",""36"",""48"",""60"",""12"",""12"",""12""]","[""3.558"",""1.331"",""2.663"",""2.662"",""2.663"",""1.331"",""1.331"",""2.663"",""5.336"",""2.663"",""1.331"",""2.663"",""2.663"",""1.331"",""2.663"",""5.337"",""1.331"",""3.994"",""5.336"",""3.994"",""2.663"",""1.331"",""2.663"",""3.994"",""7.988"",""2.663"",""3.994"",""5.325"",""8.894"",""1.331"",""1.331"",""1.779""]","[""8.301"",""0.570"",""1.141"",""1.141"",""1.141"",""0.570"",""0.570"",""1.141"",""12.452"",""1.141"",""0.571"",""1.141"",""1.141"",""0.571"",""1.141"",""12.452"",""0.571"",""1.712"",""12.452"",""1.712"",""1.141"",""0.571"",""1.141"",""1.712"",""3.423"",""1.141"",""1.712"",""2.282"",""20.753"",""0.571"",""0.571"",""4.150""]","{""t01"":[],""t02"":[""t01""],""t03"":[""t01""],""t04"":[""t01""],""t05"":[""t01""],""t06"":[""t01""],""t07"":[""t01""],""t08"":[""t01""],""t09"":[""t01""],""t10"":[""t05"",""t06"",""t08""],""t11"":[""t03""],""t12"":[""t03"",""t06"",""t09""],""t13"":[""t03"",""t06"",""t08"",""t09""],""t14"":[""t03"",""t06"",""t08""],""t15"":[""t04"",""t05""],""t16"":[""t02"",""t04"",""t07"",""t09""],""t17"":[""t02"",""t03"",""t06"",""t07"",""t08"",""t09""],""t18"":[""t13"",""t17""],""t19"":[""t12"",""t13"",""t14"",""t16""],""t20"":[""t13""],""t21"":[""t11"",""t12"",""t17""],""t22"":[""t12"",""t14"",""t16"",""t17""],""t23"":[""t10"",""t13"",""t14"",""t15"",""t17""],""t24"":[""t11"",""t12"",""t13""],""t25"":[""t22""],""t26"":[""t24""],""t27"":[""t19"",""t20"",""t23""],""t28"":[""t18"",""t19"",""t20"",""t21"",""t22""],""t29"":[""t19"",""t21"",""t24""],""t30"":[""t21""],""t31"":[""t19"",""t21"",""t22"",""t23""],""t32"":[""t25"",""t26"",""t27"",""t28"",""t29"",""t30"",""t31""]}"
EXP-08,confirmatory,exp08_confirmatory_n32_wide_layered_lognormal_12,n32_wide_layered_lognormal,32,wide_layered,lognormal,low,12,0,3160697478372672617,0.2666666666666666666666666667,t01->t07->t13->t24->t27->t32,192,3,tied,0.3,0.7,"[""24"",""24"",""24"",""12"",""24"",""24"",""24"",""24"",""12"",""24"",""12"",""24"",""36"",""12"",""36"",""36"",""12"",""48"",""12"",""36"",""12"",""12"",""12"",""48"",""12"",""12"",""36"",""24"",""12"",""12"",""24"",""24""]","[""3.240"",""2.749"",""2.749"",""1.374"",""2.749"",""2.749"",""3.240"",""2.749"",""1.374"",""2.749"",""1.375"",""2.749"",""4.860"",""1.374"",""4.124"",""4.124"",""1.374"",""5.498"",""1.375"",""4.124"",""1.375"",""1.374"",""1.375"",""6.480"",""1.375"",""1.375"",""4.860"",""2.749"",""1.374"",""1.375"",""2.749"",""3.240""]","[""7.560"",""1.178"",""1.178"",""0.589"",""1.178"",""1.178"",""7.560"",""1.178"",""0.589"",""1.178"",""0.589"",""1.178"",""11.340"",""0.589"",""1.768"",""1.768"",""0.589"",""2.357"",""0.589"",""1.768"",""0.589"",""0.589"",""0.589"",""15.120"",""0.589"",""0.589"",""11.340"",""1.178"",""0.589"",""0.589"",""1.178"",""7.560""]","{""t01"":[],""t02"":[""t01""],""t03"":[""t01""],""t04"":[""t01""],""t05"":[""t01""],""t06"":[""t01""],""t07"":[""t01""],""t08"":[""t01""],""t09"":[""t01""],""t10"":[""t02"",""t05"",""t06"",""t07""],""t11"":[""t05"",""t06"",""t08"",""t09""],""t12"":[""t02"",""t04"",""t08"",""t09""],""t13"":[""t07""],""t14"":[""t02"",""t03"",""t07"",""t09""],""t15"":[""t02"",""t04"",""t08""],""t16"":[""t07"",""t08"",""t09""],""t17"":[""t05"",""t07"",""t08""],""t18"":[""t10"",""t11"",""t17""],""t19"":[""t10"",""t11"",""t12"",""t17""],""t20"":[""t11"",""t14"",""t15"",""t16""],""t21"":[""t11"",""t12"",""t17""],""t22"":[""t11"",""t13"",""t14"",""t16""],""t23"":[""t10"",""t12"",""t16"",""t17""],""t24"":[""t10"",""t13"",""t16"",""t17""],""t25"":[""t20"",""t21"",""t24""],""t26"":[""t19"",""t20"",""t22"",""t23"",""t24""],""t27"":[""t18"",""t20"",""t24""],""t28"":[""t19"",""t24""],""t29"":[""t20""],""t30"":[""t22"",""t24""],""t31"":[""t19"",""t22""],""t32"":[""t25"",""t26"",""t27"",""t28"",""t29"",""t30"",""t31""]}"
EXP-08,confirmatory,exp08_confirmatory_n32_wide_layered_lognormal_13,n32_wide_layered_lognormal,32,wide_layered,lognormal,low,13,0,695289685469491954,0.2769230769230769230769230769,t01->t09->t12->t22->t29->t32,216,2,tied,0.3,0.7,"[""24"",""24"",""48"",""12"",""12"",""24"",""12"",""24"",""48"",""12"",""24"",""36"",""24"",""12"",""12"",""24"",""24"",""12"",""12"",""24"",""24"",""48"",""24"",""36"",""24"",""12"",""36"",""36"",""36"",""24"",""12"",""24""]","[""3.120"",""2.788"",""5.577"",""1.394"",""1.394"",""2.788"",""1.394"",""2.788"",""6.240"",""1.394"",""2.788"",""4.680"",""2.788"",""1.394"",""1.394"",""2.788"",""2.788"",""1.394"",""1.394"",""2.788"",""2.788"",""6.240"",""2.788"",""4.183"",""2.788"",""1.394"",""4.182"",""4.182"",""4.680"",""2.788"",""1.394"",""3.120""]","[""7.280"",""1.195"",""2.390"",""0.597"",""0.597"",""1.195"",""0.598"",""1.195"",""14.560"",""0.597"",""1.195"",""10.920"",""1.195"",""0.598"",""0.598"",""1.195"",""1.195"",""0.597"",""0.598"",""1.195"",""1.195"",""14.560"",""1.195"",""1.792"",""1.195"",""0.597"",""1.792"",""1.792"",""10.920"",""1.195"",""0.597"",""7.280""]","{""t01"":[],""t02"":[""t01""],""t03"":[""t01""],""t04"":[""t01""],""t05"":[""t01""],""t06"":[""t01""],""t07"":[""t01""],""t08"":[""t01""],""t09"":[""t01""],""t10"":[""t02"",""t03"",""t04"",""t06"",""t07""],""t11"":[""t02"",""t04"",""t08""],""t12"":[""t04"",""t06"",""t09""],""t13"":[""t02"",""t03"",""t09""],""t14"":[""t03"",""t05"",""t06"",""t07"",""t09""],""t15"":[""t02"",""t03"",""t05"",""t06"",""t09""],""t16"":[""t05"",""t06""],""t17"":[""t02"",""t04""],""t18"":[""t10"",""t11"",""t12"",""t13""],""t19"":[""t10"",""t11"",""t12"",""t14"",""t15"",""t16""],""t20"":[""t15"",""t16"",""t17""],""t21"":[""t16""],""t22"":[""t11"",""t12"",""t15"",""t16"",""t17""],""t23"":[""t10"",""t13"",""t14"",""t17""],""t24"":[""t13"",""t15""],""t25"":[""t19"",""t23""],""t26"":[""t19"",""t20"",""t21"",""t24""],""t27"":[""t18"",""t19"",""t21""],""t28"":[""t19"",""t20"",""t21"",""t22"",""t23""],""t29"":[""t21"",""t22"",""t24""],""t30"":[""t21"",""t23""],""t31"":[""t19""],""t32"":[""t25"",""t26"",""t27"",""t28"",""t29"",""t30"",""t31""]}"
EXP-08,confirmatory,exp08_confirmatory_n32_wide_layered_lognormal_14,n32_wide_layered_lognormal,32,wide_layered,lognormal,low,14,0,11252925087568800742,0.2602739726027397260273972603,t01->t07->t14->t24->t29->t32,228,8,tied,0.3,0.7,"[""36"",""12"",""24"",""12"",""12"",""12"",""24"",""24"",""24"",""36"",""12"",""12"",""36"",""36"",""24"",""36"",""36"",""12"",""36"",""36"",""48"",""36"",""24"",""60"",""24"",""12"",""12"",""24"",""48"",""24"",""48"",""24""]","[""4.979"",""1.363"",""2.725"",""1.363"",""1.363"",""1.362"",""3.320"",""2.725"",""2.725"",""4.088"",""1.363"",""1.363"",""4.088"",""4.979"",""2.725"",""4.088"",""4.088"",""1.363"",""4.088"",""4.088"",""5.451"",""4.088"",""2.725"",""8.299"",""2.725"",""1.363"",""1.363"",""2.725"",""6.639"",""2.725"",""5.451"",""3.320""]","[""11.619"",""0.584"",""1.168"",""0.584"",""0.584"",""0.584"",""7.746"",""1.168"",""1.168"",""1.752"",""0.584"",""0.584"",""1.752"",""11.618"",""1.168"",""1.752"",""1.752"",""0.584"",""1.752"",""1.752"",""2.336"",""1.752"",""1.168"",""19.364"",""1.168"",""0.584"",""0.584"",""1.168"",""15.491"",""1.168"",""2.336"",""7.746""]","{""t01"":[],""t02"":[""t01""],""t03"":[""t01""],""t04"":[""t01""],""t05"":[""t01""],""t06"":[""t01""],""t07"":[""t01""],""t08"":[""t01""],""t09"":[""t01""],""t10"":[""t05"",""t06"",""t08"",""t09""],""t11"":[""t02"",""t04"",""t05"",""t07"",""t08"",""t09""],""t12"":[""t03"",""t04"",""t08""],""t13"":[""t02"",""t05"",""t08"",""t09""],""t14"":[""t02"",""t07""],""t15"":[""t05"",""t06"",""t09""],""t16"":[""t03"",""t05""],""t17"":[""t07"",""t09""],""t18"":[""t12"",""t14""],""t19"":[""t10"",""t11"",""t16""],""t20"":[""t13"",""t14"",""t16"",""t17""],""t21"":[""t10"",""t11"",""t12"",""t14""],""t22"":[""t14"",""t16"",""t17""],""t23"":[""t12"",""t15"",""t17""],""t24"":[""t12"",""t13"",""t14"",""t16""],""t25"":[""t22"",""t24""],""t26"":[""t18"",""t20"",""t21"",""t22"",""t23""],""t27"":[""t22"",""t23""],""t28"":[""t19"",""t20"",""t21""],""t29"":[""t23"",""t24""],""t30"":[""t18"",""t21""],""t31"":[""t20"",""t21"",""t23"",""t24""],""t32"":[""t25"",""t26"",""t27"",""t28"",""t29"",""t30"",""t31""]}"
EXP-08,confirmatory,exp08_confirmatory_n32_wide_layered_lognormal_15,n32_wide_layered_lognormal,32,wide_layered,lognormal,low,15,0,16730859324099776983,0.2647058823529411764705882353,t01->t03->t11->t24->t26->t32,216,4,tied,0.3,0.7,"[""24"",""12"",""60"",""12"",""24"",""12"",""48"",""24"",""60"",""24"",""48"",""24"",""36"",""24"",""24"",""12"",""36"",""12"",""24"",""36"",""12"",""24"",""12"",""24"",""24"",""36"",""24"",""12"",""12"",""24"",""12"",""24""]","[""3.264"",""1.371"",""8.160"",""1.371"",""2.742"",""1.371"",""5.483"",""2.742"",""6.854"",""2.742"",""6.528"",""2.742"",""4.112"",""2.742"",""2.742"",""1.371"",""4.112"",""1.371"",""2.742"",""4.112"",""1.371"",""2.742"",""1.371"",""3.264"",""2.742"",""4.896"",""2.741"",""1.371"",""1.371"",""2.742"",""1.371"",""3.264""]","[""7.616"",""0.588"",""19.040"",""0.587"",""1.175"",""0.588"",""2.350"",""1.175"",""2.938"",""1.175"",""15.232"",""1.175"",""1.763"",""1.175"",""1.175"",""0.587"",""1.763"",""0.587"",""1.175"",""1.763"",""0.588"",""1.175"",""0.587"",""7.616"",""1.175"",""11.424"",""1.175"",""0.588"",""0.587"",""1.175"",""0.587"",""7.616""]","{""t01"":[],""t02"":[""t01""],""t03"":[""t01""],""t04"":[""t01""],""t05"":[""t01""],""t06"":[""t01""],""t07"":[""t01""],""t08"":[""t01""],""t09"":[""t01""],""t10"":[""t08""],""t11"":[""t03"",""t04"",""t06""],""t12"":[""t04"",""t06"",""t07""],""t13"":[""t06"",""t09""],""t14"":[""t02"",""t08""],""t15"":[""t03"",""t08""],""t16"":[""t02"",""t06""],""t17"":[""t05"",""t07"",""t09""],""t18"":[""t11"",""t16"",""t17""],""t19"":[""t11"",""t13"",""t17""],""t20"":[""t10"",""t11"",""t12"",""t13"",""t14"",""t15""],""t21"":[""t12"",""t17""],""t22"":[""t14"",""t15"",""t16""],""t23"":[""t14""],""t24"":[""t11"",""t16"",""t17""],""t25"":[""t18"",""t20"",""t22"",""t24""],""t26"":[""t21"",""t24""],""t27"":[""t18"",""t19"",""t20"",""t22"",""t23"",""t24""],""t28"":[""t20"",""t22"",""t24""],""t29"":[""t18"",""t19"",""t20"",""t22"",""t23""],""t30"":[""t18"",""t20"",""t22"",""t23"",""t24""],""t31"":[""t19""],""t32"":[""t25"",""t26"",""t27"",""t28"",""t29"",""t30"",""t31""]}"
EXP-08,confirmatory,exp08_confirmatory_n32_wide_layered_lognormal_16,n32_wide_layered_lognormal,32,wide_layered,lognormal,low,16,0,6412323313755446298,0.2823529411764705882352941176,t01->t02->t11->t21->t27->t32,288,2,tied,0.3,0.7,"[""48"",""60"",""24"",""24"",""24"",""36"",""48"",""24"",""24"",""12"",""36"",""12"",""24"",""36"",""24"",""24"",""24"",""12"",""24"",""36"",""60"",""60"",""36"",""12"",""60"",""12"",""72"",""48"",""36"",""24"",""12"",""12""]","[""6.120"",""7.650"",""2.809"",""2.809"",""2.809"",""4.214"",""5.618"",""2.809"",""2.809"",""1.405"",""4.590"",""1.405"",""2.809"",""4.214"",""2.809"",""2.809"",""2.809"",""1.404"",""2.809"",""4.214"",""7.650"",""7.023"",""4.214"",""1.405"",""7.023"",""1.405"",""9.180"",""5.618"",""4.214"",""2.809"",""1.405"",""1.530""]","[""14.280"",""17.850"",""1.204"",""1.204"",""1.204"",""1.806"",""2.408"",""1.204"",""1.204"",""0.602"",""10.710"",""0.602"",""1.204"",""1.806"",""1.204"",""1.204"",""1.204"",""0.602"",""1.204"",""1.806"",""17.850"",""3.009"",""1.806"",""0.602"",""3.009"",""0.602"",""21.420"",""2.408"",""1.806"",""1.204"",""0.602"",""3.570""]","{""t01"":[],""t02"":[""t01""],""t03"":[""t01""],""t04"":[""t01""],""t05"":[""t01""],""t06"":[""t01""],""t07"":[""t01""],""t08"":[""t01""],""t09"":[""t01""],""t10"":[""t02"",""t07"",""t08""],""t11"":[""t02"",""t05""],""t12"":[""t02"",""t05"",""t09""],""t13"":[""t02"",""t06"",""t09""],""t14"":[""t03"",""t05"",""t06"",""t07"",""t09""],""t15"":[""t02"",""t03"",""t04"",""t09""],""t16"":[""t02"",""t03"",""t06""],""t17"":[""t06"",""t08"",""t09""],""t18"":[""t10"",""t11"",""t12"",""t14"",""t15"",""t16""],""t19"":[""t10"",""t12"",""t13"",""t15""],""t20"":[""t11"",""t12"",""t16"",""t17""],""t21"":[""t10"",""t11"",""t12"",""t14""],""t22"":[""t10"",""t11"",""t12"",""t14""],""t23"":[""t10"",""t13"",""t16""],""t24"":[""t11"",""t12"",""t15"",""t17""],""t25"":[""t18"",""t19"",""t22""],""t26"":[""t21"",""t22""],""t27"":[""t19"",""t20"",""t21"",""t22"",""t23"",""t24""],""t28"":[""t21"",""t22"",""t23"",""t24""],""t29"":[""t19""],""t30"":[""t19"",""t20"",""t21"",""t24""],""t31"":[""t21""],""t32"":[""t25"",""t26"",""t27"",""t28"",""t29"",""t30"",""t31""]}"
EXP-08,confirmatory,exp08_confirmatory_n32_wide_layered_lognormal_17,n32_wide_layered_lognormal,32,wide_layered,lognormal,low,17,0,14712287156514201406,0.2647058823529411764705882353,t01->t09->t14->t24->t27->t32,216,1,unique,0.3,0.7,"[""12"",""36"",""24"",""12"",""36"",""12"",""24"",""48"",""48"",""24"",""24"",""12"",""36"",""36"",""12"",""24"",""24"",""24"",""24"",""36"",""36"",""24"",""12"",""48"",""12"",""12"",""36"",""12"",""36"",""12"",""12"",""36""]","[""1.632"",""4.112"",""2.742"",""1.371"",""4.112"",""1.371"",""2.742"",""5.483"",""6.528"",""2.742"",""2.742"",""1.371"",""4.113"",""4.896"",""1.371"",""2.742"",""2.742"",""2.742"",""2.742"",""4.112"",""4.112"",""2.742"",""1.371"",""6.528"",""1.371"",""1.371"",""4.896"",""1.371"",""4.112"",""1.371"",""1.371"",""4.896""]","[""3.808"",""1.763"",""1.175"",""0.588"",""1.763"",""0.588"",""1.175"",""2.350"",""15.232"",""1.175"",""1.175"",""0.587"",""1.763"",""11.424"",""0.587"",""1.175"",""1.175"",""1.175"",""1.175"",""1.763"",""1.763"",""1.175"",""0.588"",""15.232"",""0.587"",""0.587"",""11.424"",""0.587"",""1.763"",""0.587"",""0.587"",""11.424""]","{""t01"":[],""t02"":[""t01""],""t03"":[""t01""],""t04"":[""t01""],""t05"":[""t01""],""t06"":[""t01""],""t07"":[""t01""],""t08"":[""t01""],""t09"":[""t01""],""t10"":[""t04""],""t11"":[""t02"",""t03"",""t08""],""t12"":[""t04"",""t05""],""t13"":[""t03"",""t06""],""t14"":[""t07"",""t09""],""t15"":[""t02"",""t08""],""t16"":[""t03"",""t05"",""t07""],""t17"":[""t05"",""t08""],""t18"":[""t10""],""t19"":[""t12"",""t13"",""t15"",""t17""],""t20"":[""t11"",""t13"",""t16"",""t17""],""t21"":[""t15""],""t22"":[""t11"",""t12"",""t14"",""t16"",""t17""],""t23"":[""t12"",""t14"",""t17""],""t24"":[""t11"",""t14"",""t16""],""t25"":[""t18"",""t21"",""t22"",""t23"",""t24""],""t26"":[""t18"",""t19"",""t23""],""t27"":[""t22"",""t24""],""t28"":[""t21""],""t29"":[""t19"",""t20"",""t21"",""t23""],""t30"":[""t20"",""t21"",""t22"",""t23""],""t31"":[""t22"",""t23""],""t32"":[""t25"",""t26"",""t27"",""t28"",""t29"",""t30"",""t31""]}"
EXP-08,confirmatory,exp08_confirmatory_n32_wide_layered_lognormal_18,n32_wide_layered_lognormal,32,wide_layered,lognormal,low,18,0,7783003317980826969,0.2816901408450704225352112676,t01->t07->t15->t23->t29->t32,240,1,unique,0.3,0.7,"[""24"",""24"",""24"",""24"",""12"",""12"",""72"",""24"",""12"",""24"",""12"",""36"",""12"",""12"",""36"",""24"",""12"",""60"",""12"",""48"",""36"",""24"",""36"",""60"",""12"",""24"",""12"",""24"",""48"",""12"",""24"",""24""]","[""3.067"",""2.807"",""2.807"",""2.807"",""1.403"",""1.403"",""9.202"",""2.807"",""1.403"",""2.807"",""1.403"",""4.210"",""1.403"",""1.403"",""4.601"",""2.807"",""1.403"",""7.016"",""1.403"",""5.613"",""4.210"",""2.807"",""4.601"",""7.016"",""1.403"",""2.807"",""1.403"",""2.807"",""6.134"",""1.403"",""2.807"",""3.067""]","[""7.157"",""1.203"",""1.203"",""1.203"",""0.601"",""0.601"",""21.470"",""1.203"",""0.602"",""1.203"",""0.601"",""1.804"",""0.601"",""0.601"",""10.735"",""1.203"",""0.601"",""3.007"",""0.602"",""2.406"",""1.804"",""1.203"",""10.735"",""3.007"",""0.601"",""1.203"",""0.601"",""1.203"",""14.314"",""0.602"",""1.203"",""7.157""]","{""t01"":[],""t02"":[""t01""],""t03"":[""t01""],""t04"":[""t01""],""t05"":[""t01""],""t06"":[""t01""],""t07"":[""t01""],""t08"":[""t01""],""t09"":[""t01""],""t10"":[""t02"",""t04"",""t06"",""t07""],""t11"":[""t08"",""t09""],""t12"":[""t03"",""t05"",""t06"",""t09""],""t13"":[""t06"",""t08""],""t14"":[""t02"",""t06"",""t07""],""t15"":[""t03"",""t07"",""t09""],""t16"":[""t04"",""t06"",""t07""],""t17"":[""t02"",""t03"",""t04"",""t06"",""t07""],""t18"":[""t11"",""t12"",""t13"",""t14"",""t16""],""t19"":[""t13"",""t15"",""t17""],""t20"":[""t10"",""t11"",""t14"",""t16"",""t17""],""t21"":[""t10"",""t11"",""t12"",""t17""],""t22"":[""t11"",""t15""],""t23"":[""t11"",""t13"",""t15"",""t17""],""t24"":[""t10""],""t25"":[""t21"",""t22""],""t26"":[""t19"",""t22""],""t27"":[""t19"",""t20"",""t22"",""t23""],""t28"":[""t18"",""t20"",""t21""],""t29"":[""t21"",""t22"",""t23""],""t30"":[""t20"",""t24""],""t31"":[""t19"",""t22"",""t24""],""t32"":[""t25"",""t26"",""t27"",""t28"",""t29"",""t30"",""t31""]}"
EXP-08,confirmatory,exp08_confirmatory_n32_wide_layered_lognormal_19,n32_wide_layered_lognormal,32,wide_layered,lognormal,low,19,0,7353692590585424299,0.2567567567567567567567567568,t01->t02->t10->t20->t29->t32,228,6,tied,0.3,0.7,"[""48"",""36"",""12"",""24"",""36"",""36"",""12"",""12"",""24"",""60"",""36"",""24"",""12"",""48"",""36"",""36"",""24"",""24"",""24"",""36"",""24"",""24"",""12"",""24"",""12"",""36"",""24"",""12"",""24"",""24"",""48"",""24""]","[""6.730"",""5.048"",""1.356"",""2.712"",""4.069"",""4.069"",""1.356"",""1.356"",""2.713"",""8.413"",""4.069"",""2.713"",""1.356"",""5.425"",""4.069"",""4.069"",""2.712"",""2.712"",""2.712"",""5.047"",""2.713"",""2.713"",""1.356"",""2.712"",""1.356"",""4.069"",""2.712"",""1.356"",""3.365"",""2.712"",""5.425"",""3.365""]","[""15.703"",""11.778"",""0.581"",""1.162"",""1.744"",""1.744"",""0.581"",""0.581"",""1.162"",""19.629"",""1.744"",""1.162"",""0.581"",""2.325"",""1.744"",""1.744"",""1.162"",""1.163"",""1.163"",""11.778"",""1.163"",""1.162"",""0.581"",""1.162"",""0.581"",""1.744"",""1.163"",""0.581"",""7.852"",""1.163"",""2.325"",""7.852""]","{""t01"":[],""t02"":[""t01""],""t03"":[""t01""],""t04"":[""t01""],""t05"":[""t01""],""t06"":[""t01""],""t07"":[""t01""],""t08"":[""t01""],""t09"":[""t01""],""t10"":[""t02"",""t04"",""t06""],""t11"":[""t03"",""t04"",""t05"",""t07""],""t12"":[""t02"",""t06"",""t07""],""t13"":[""t02"",""t03"",""t05"",""t07""],""t14"":[""t02"",""t03"",""t05""],""t15"":[""t02"",""t03""],""t16"":[""t02"",""t09""],""t17"":[""t04"",""t05"",""t07"",""t08""],""t18"":[""t10"",""t11"",""t12"",""t14""],""t19"":[""t13"",""t15""],""t20"":[""t10"",""t12"",""t14""],""t21"":[""t13"",""t15""],""t22"":[""t12"",""t13"",""t15"",""t17""],""t23"":[""t10"",""t11"",""t14"",""t16""],""t24"":[""t12"",""t13"",""t14"",""t17""],""t25"":[""t19"",""t21"",""t23"",""t24""],""t26"":[""t22"",""t24""],""t27"":[""t18"",""t20""],""t28"":[""t18"",""t22""],""t29"":[""t20"",""t23""],""t30"":[""t18"",""t19"",""t21"",""t22""],""t31"":[""t24""],""t32"":[""t25"",""t26"",""t27"",""t28"",""t29"",""t30"",""t31""]}"
EXP-08,confirmatory,exp08_confirmatory_n32_mixed_homogeneous_00,n32_mixed_homogeneous,32,mixed,homogeneous,medium,0,0,17898416912260535809,0.4375,t01->t04->t07->t09->t11->t15->t17->t21->t23->t24->t27->t29->t31->t32,168,180,tied,0.3,0.7,"[""12"",""12"",""12"",""12"",""12"",""12"",""12"",""12"",""12"",""12"",""12"",""12"",""12"",""12"",""12"",""12"",""12"",""12"",""12"",""12"",""12"",""12"",""12"",""12"",""12"",""12"",""12"",""12"",""12"",""12"",""12"",""12""]","[""0.987"",""1.792"",""1.792"",""0.988"",""1.792"",""1.792"",""0.987"",""1.792"",""0.987"",""1.792"",""0.987"",""1.792"",""1.792"",""1.792"",""0.988"",""1.792"",""0.987"",""1.792"",""1.792"",""1.792"",""0.987"",""1.792"",""0.987"",""0.988"",""1.792"",""1.792"",""0.988"",""1.792"",""0.988"",""1.792"",""0.988"",""0.987""]","[""2.304"",""0.768"",""0.768"",""2.304"",""0.768"",""0.768"",""2.304"",""0.768"",""2.304"",""0.768"",""2.304"",""0.768"",""0.768"",""0.768"",""2.304"",""0.768"",""2.304"",""0.768"",""0.768"",""0.768"",""2.304"",""0.768"",""2.304"",""2.304"",""0.768"",""0.768"",""2.304"",""0.768"",""2.304"",""0.768"",""2.304"",""2.304""]","{""t01"":[],""t02"":[""t01""],""t03"":[""t01""],""t04"":[""t01""],""t05"":[""t03""],""t06"":[""t03""],""t07"":[""t02"",""t03"",""t04""],""t08"":[""t06""],""t09"":[""t05"",""t07""],""t10"":[""t07""],""t11"":[""t08"",""t09""],""t12"":[""t09"",""t10""],""t13"":[""t08""],""t14"":[""t09"",""t13""],""t15"":[""t06"",""t11""],""t16"":[""t12"",""t13""],""t17"":[""t15""],""t18"":[""t14"",""t15""],""t19"":[""t14"",""t15"",""t16""],""t20"":[""t06"",""t15"",""t18"",""t19""],""t21"":[""t15"",""t17""],""t22"":[""t05"",""t20""],""t23"":[""t21""],""t24"":[""t10"",""t17"",""t18"",""t22"",""t23""],""t25"":[""t19"",""t23""],""t26"":[""t12"",""t13"",""t16"",""t24"",""t25""],""t27"":[""t02"",""t20"",""t24"",""t25""],""t28"":[""t26"",""t27""],""t29"":[""t27""],""t30"":[""t28"",""t29""],""t31"":[""t25"",""t28"",""t29""],""t32"":[""t17"",""t18"",""t30"",""t31""]}"
EXP-08,confirmatory,exp08_confirmatory_n32_mixed_homogeneous_01,n32_mixed_homogeneous,32,mixed,homogeneous,medium,1,0,10438117728449863571,0.4375,t01->t02->t05->t09->t12->t16->t19->t20->t23->t25->t26->t28->t30->t32,168,678,tied,0.3,0.7,"[""12"",""12"",""12"",""12"",""12"",""12"",""12"",""12"",""12"",""12"",""12"",""12"",""12"",""12"",""12"",""12"",""12"",""12"",""12"",""12"",""12"",""12"",""12"",""12"",""12"",""12"",""12"",""12"",""12"",""12"",""12"",""12""]","[""0.987"",""0.987"",""1.792"",""1.792"",""0.988"",""1.792"",""1.792"",""1.792"",""0.987"",""1.792"",""1.792"",""0.987"",""1.792"",""1.792"",""1.792"",""0.987"",""1.792"",""1.792"",""0.987"",""0.987"",""1.792"",""1.792"",""0.988"",""1.792"",""0.988"",""0.988"",""1.792"",""0.987"",""1.792"",""0.988"",""1.792"",""0.988""]","[""2.304"",""2.304"",""0.768"",""0.768"",""2.304"",""0.768"",""0.768"",""0.768"",""2.304"",""0.768"",""0.768"",""2.304"",""0.768"",""0.768"",""0.768"",""2.304"",""0.768"",""0.768"",""2.304"",""2.304"",""0.768"",""0.768"",""2.304"",""0.768"",""2.304"",""2.304"",""0.768"",""2.304"",""0.768"",""2.304"",""0.768"",""2.304""]","{""t01"":[],""t02"":[""t01""],""t03"":[""t01""],""t04"":[""t01""],""t05"":[""t02"",""t03"",""t04""],""t06"":[""t02""],""t07"":[""t02""],""t08"":[""t05"",""t06""],""t09"":[""t05"",""t06""],""t10"":[""t06"",""t07""],""t11"":[""t08"",""t09""],""t12"":[""t08"",""t09""],""t13"":[""t08"",""t10""],""t14"":[""t09"",""t11"",""t13""],""t15"":[""t11""],""t16"":[""t12"",""t13""],""t17"":[""t15""],""t18"":[""t02"",""t14"",""t16""],""t19"":[""t12"",""t15"",""t16""],""t20"":[""t02"",""t14"",""t19""],""t21"":[""t10"",""t17"",""t18"",""t19""],""t22"":[""t20"",""t21""],""t23"":[""t01"",""t05"",""t06"",""t20""],""t24"":[""t08"",""t23""],""t25"":[""t22"",""t23""],""t26"":[""t21"",""t24"",""t25""],""t27"":[""t13"",""t22"",""t25""],""t28"":[""t23"",""t25"",""t26"",""t27""],""t29"":[""t26"",""t27""],""t30"":[""t28"",""t29""],""t31"":[""t28""],""t32"":[""t07"",""t08"",""t10"",""t17"",""t30"",""t31""]}"
EXP-08,confirmatory,exp08_confirmatory_n32_mixed_homogeneous_02,n32_mixed_homogeneous,32,mixed,homogeneous,medium,2,0,1577612595276349441,0.4375,t01->t02->t06->t09->t11->t14->t19->t21->t22->t25->t26->t29->t31->t32,168,104,tied,0.3,0.7,"[""12"",""12"",""12"",""12"",""12"",""12"",""12"",""12"",""12"",""12"",""12"",""12"",""12"",""12"",""12"",""12"",""12"",""12"",""12"",""12"",""12"",""12"",""12"",""12"",""12"",""12"",""12"",""12"",""12"",""12"",""12"",""12""]","[""0.987"",""0.987"",""1.792"",""1.792"",""1.792"",""0.987"",""1.792"",""1.792"",""0.987"",""1.792"",""0.988"",""1.792"",""1.792"",""0.988"",""1.792"",""1.792"",""1.792"",""1.792"",""0.987"",""1.792"",""0.987"",""0.988"",""1.792"",""1.792"",""0.987"",""0.987"",""1.792"",""1.792"",""0.988"",""1.792"",""0.988"",""0.988""]","[""2.304"",""2.304"",""0.768"",""0.768"",""0.768"",""2.304"",""0.768"",""0.768"",""2.304"",""0.768"",""2.304"",""0.768"",""0.768"",""2.304"",""0.768"",""0.768"",""0.768"",""0.768"",""2.304"",""0.768"",""2.304"",""2.304"",""0.768"",""0.768"",""2.304"",""2.304"",""0.768"",""0.768"",""2.304"",""0.768"",""2.304"",""2.304""]","{""t01"":[],""t02"":[""t01""],""t03"":[""t01""],""t04"":[""t01""],""t05"":[""t03"",""t04""],""t06"":[""t02""],""t07"":[""t01"",""t02"",""t04""],""t08"":[""t05"",""t06"",""t07""],""t09"":[""t06""],""t10"":[""t06"",""t07""],""t11"":[""t09""],""t12"":[""t10""],""t13"":[""t08"",""t09"",""t10""],""t14"":[""t11""],""t15"":[""t07"",""t11"",""t12""],""t16"":[""t11"",""t13""],""t17"":[""t14"",""t15""],""t18"":[""t15""],""t19"":[""t01"",""t14"",""t16""],""t20"":[""t04"",""t06"",""t07"",""t17"",""t18""],""t21"":[""t01"",""t19""],""t22"":[""t05"",""t20"",""t21""],""t23"":[""t21""],""t24"":[""t12"",""t23""],""t25"":[""t14"",""t22""],""t26"":[""t13"",""t24"",""t25""],""t27"":[""t24""],""t28"":[""t24"",""t26"",""t27""],""t29"":[""t26""],""t30"":[""t28"",""t29""],""t31"":[""t23"",""t29""],""t32"":[""t30"",""t31""]}"
EXP-08,confirmatory,exp08_confirmatory_n32_mixed_homogeneous_03,n32_mixed_homogeneous,32,mixed,homogeneous,medium,3,0,16393539876794341868,0.4375,t01->t02->t06->t09->t11->t16->t17->t20->t23->t25->t27->t28->t31->t32,168,138,tied,0.3,0.7,"[""12"",""12"",""12"",""12"",""12"",""12"",""12"",""12"",""12"",""12"",""12"",""12"",""12"",""12"",""12"",""12"",""12"",""12"",""12"",""12"",""12"",""12"",""12"",""12"",""12"",""12"",""12"",""12"",""12"",""12"",""12"",""12""]","[""0.988"",""0.987"",""1.792"",""1.792"",""1.792"",""0.987"",""1.792"",""1.792"",""0.987"",""1.792"",""0.987"",""1.792"",""1.792"",""1.792"",""1.792"",""0.988"",""0.988"",""1.792"",""1.792"",""0.988"",""1.792"",""1.792"",""0.987"",""1.792"",""0.987"",""1.792"",""0.988"",""0.987"",""1.792"",""1.792"",""0.988"",""0.987""]","[""2.304"",""2.304"",""0.768"",""0.768"",""0.768"",""2.304"",""0.768"",""0.768"",""2.304"",""0.768"",""2.304"",""0.768"",""0.768"",""0.768"",""0.768"",""2.304"",""2.304"",""0.768"",""0.768"",""2.304"",""0.768"",""0.768"",""2.304"",""0.768"",""2.304"",""0.768"",""2.304"",""2.304"",""0.768"",""0.768"",""2.304"",""2.304""]","{""t01"":[],""t02"":[""t01""],""t03"":[""t01""],""t04"":[""t01""],""t05"":[""t02"",""t03""],""t06"":[""t02""],""t07"":[""t03"",""t04""],""t08"":[""t05"",""t06"",""t07""],""t09"":[""t06""],""t10"":[""t06""],""t11"":[""t09""],""t12"":[""t08""],""t13"":[""t09"",""t10""],""t14"":[""t11"",""t12""],""t15"":[""t13""],""t16"":[""t07"",""t11"",""t12""],""t17"":[""t04"",""t16""],""t18"":[""t14"",""t15""],""t19"":[""t16""],""t20"":[""t16"",""t17"",""t19""],""t21"":[""t16"",""t18"",""t19""],""t22"":[""t20"",""t21""],""t23"":[""t20""],""t24"":[""t02"",""t15"",""t19"",""t23""],""t25"":[""t22"",""t23""],""t26"":[""t02"",""t25""],""t27"":[""t20"",""t24"",""t25""],""t28"":[""t01"",""t07"",""t11"",""t19"",""t27""],""t29"":[""t26"",""t27""],""t30"":[""t06"",""t13"",""t29""],""t31"":[""t20"",""t28""],""t32"":[""t28"",""t30"",""t31""]}"
EXP-08,confirmatory,exp08_confirmatory_n32_mixed_homogeneous_04,n32_mixed_homogeneous,32,mixed,homogeneous,medium,4,0,12149556897371727135,0.4375,t01->t03->t06->t08->t13->t16->t17->t21->t22->t25->t27->t29->t30->t32,168,98,tied,0.3,0.7,"[""12"",""12"",""12"",""12"",""12"",""12"",""12"",""12"",""12"",""12"",""12"",""12"",""12"",""12"",""12"",""12"",""12"",""12"",""12"",""12"",""12"",""12"",""12"",""12"",""12"",""12"",""12"",""12"",""12"",""12"",""12"",""12""]","[""0.988"",""1.792"",""0.988"",""1.792"",""1.792"",""0.987"",""1.792"",""0.988"",""1.792"",""1.792"",""1.792"",""1.792"",""0.988"",""1.792"",""1.792"",""0.987"",""0.987"",""1.792"",""1.792"",""1.792"",""0.988"",""0.987"",""1.792"",""1.792"",""0.987"",""1.792"",""0.988"",""1.792"",""0.987"",""0.987"",""1.792"",""0.987""]","[""2.304"",""0.768"",""2.304"",""0.768"",""0.768"",""2.304"",""0.768"",""2.304"",""0.768"",""0.768"",""0.768"",""0.768"",""2.304"",""0.768"",""0.768"",""2.304"",""2.304"",""0.768"",""0.768"",""0.768"",""2.304"",""2.304"",""0.768"",""0.768"",""2.304"",""0.768"",""2.304"",""0.768"",""2.304"",""2.304"",""0.768"",""2.304""]","{""t01"":[],""t02"":[""t01""],""t03"":[""t01""],""t04"":[""t01""],""t05"":[""t04""],""t06"":[""t03"",""t04""],""t07"":[""t02"",""t04""],""t08"":[""t06""],""t09"":[""t05""],""t10"":[""t04"",""t07""],""t11"":[""t09"",""t10""],""t12"":[""t09"",""t10""],""t13"":[""t08""],""t14"":[""t11""],""t15"":[""t12""],""t16"":[""t11"",""t13""],""t17"":[""t16""],""t18"":[""t14"",""t15"",""t16""],""t19"":[""t05"",""t16""],""t20"":[""t18"",""t19""],""t21"":[""t17"",""t19""],""t22"":[""t20"",""t21""],""t23"":[""t03"",""t21""],""t24"":[""t10"",""t23""],""t25"":[""t22""],""t26"":[""t07"",""t17"",""t24"",""t25""],""t27"":[""t25""],""t28"":[""t03"",""t19"",""t23"",""t26""],""t29"":[""t13"",""t27""],""t30"":[""t28"",""t29""],""t31"":[""t28""],""t32"":[""t06"",""t21"",""t23"",""t30"",""t31""]}"
EXP-08,confirmatory,exp08_confirmatory_n32_mixed_homogeneous_05,n32_mixed_homogeneous,32,mixed,homogeneous,medium,5,0,157289117499037967,0.4375,t01->t03->t05->t09->t13->t15->t19->t20->t22->t25->t27->t28->t30->t32,168,234,tied,0.3,0.7,"[""12"",""12"",""12"",""12"",""12"",""12"",""12"",""12"",""12"",""12"",""12"",""12"",""12"",""12"",""12"",""12"",""12"",""12"",""12"",""12"",""12"",""12"",""12"",""12"",""12"",""12"",""12"",""12"",""12"",""12"",""12"",""12""]","[""0.988"",""1.792"",""0.987"",""1.792"",""0.988"",""1.792"",""1.792"",""1.792"",""0.987"",""1.792"",""1.792"",""1.792"",""0.987"",""1.792"",""0.988"",""1.792"",""1.792"",""1.792"",""0.988"",""0.988"",""1.792"",""0.987"",""1.792"",""1.792"",""0.987"",""1.792"",""0.987"",""0.987"",""1.792"",""0.987"",""1.792"",""0.988""]","[""2.304"",""0.768"",""2.304"",""0.768"",""2.304"",""0.768"",""0.768"",""0.768"",""2.304"",""0.768"",""0.768"",""0.768"",""2.304"",""0.768"",""2.304"",""0.768"",""0.768"",""0.768"",""2.304"",""2.304"",""0.768"",""2.304"",""0.768"",""0.768"",""2.304"",""0.768"",""2.304"",""2.304"",""0.768"",""2.304"",""0.768"",""2.304""]","{""t01"":[],""t02"":[""t01""],""t03"":[""t01""],""t04"":[""t01""],""t05"":[""t03""],""t06"":[""t04""],""t07"":[""t02"",""t03"",""t04""],""t08"":[""t04"",""t07""],""t09"":[""t05"",""t07""],""t10"":[""t06"",""t07""],""t11"":[""t08""],""t12"":[""t08"",""t10""],""t13"":[""t09""],""t14"":[""t03"",""t12"",""t13""],""t15"":[""t05"",""t12"",""t13""],""t16"":[""t01"",""t11"",""t13""],""t17"":[""t15""],""t18"":[""t12"",""t14"",""t16""],""t19"":[""t08"",""t15""],""t20"":[""t17"",""t19""],""t21"":[""t18""],""t22"":[""t20""],""t23"":[""t10"",""t20"",""t21""],""t24"":[""t22"",""t23""],""t25"":[""t22""],""t26"":[""t24"",""t25""],""t27"":[""t13"",""t25""],""t28"":[""t11"",""t16"",""t27""],""t29"":[""t26"",""t27""],""t30"":[""t18"",""t28"",""t29""],""t31"":[""t03"",""t20"",""t25"",""t29""],""t32"":[""t10"",""t12"",""t25"",""t30"",""t31""]}"
EXP-08,confirmatory,exp08_confirmatory_n32_mixed_homogeneous_06,n32_mixed_homogeneous,32,mixed,homogeneous,medium,6,0,9247597207810072136,0.4375,t01->t04->t06->t08->t11->t14->t18->t21->t22->t25->t27->t29->t30->t32,168,65,tied,0.3,0.7,"[""12"",""12"",""12"",""12"",""12"",""12"",""12"",""12"",""12"",""12"",""12"",""12"",""12"",""12"",""12"",""12"",""12"",""12"",""12"",""12"",""12"",""12"",""12"",""12"",""12"",""12"",""12"",""12"",""12"",""12"",""12"",""12""]","[""0.987"",""1.792"",""1.792"",""0.988"",""1.792"",""0.987"",""1.792"",""0.987"",""1.792"",""1.792"",""0.988"",""1.792"",""1.792"",""0.988"",""1.792"",""1.792"",""1.792"",""0.987"",""1.792"",""1.792"",""0.987"",""0.987"",""1.792"",""1.792"",""0.987"",""1.792"",""0.988"",""1.792"",""0.988"",""0.988"",""1.792"",""0.987""]","[""2.304"",""0.768"",""0.768"",""2.304"",""0.768"",""2.304"",""0.768"",""2.304"",""0.768"",""0.768"",""2.304"",""0.768"",""0.768"",""2.304"",""0.768"",""0.768"",""0.768"",""2.304"",""0.768"",""0.768"",""2.304"",""2.304"",""0.768"",""0.768"",""2.304"",""0.768"",""2.304"",""0.768"",""2.304"",""2.304"",""0.768"",""2.304""]","{""t01"":[],""t02"":[""t01""],""t03"":[""t01""],""t04"":[""t01""],""t05"":[""t02""],""t06"":[""t04""],""t07"":[""t01"",""t03""],""t08"":[""t06""],""t09"":[""t06""],""t10"":[""t03"",""t05"",""t06"",""t07""],""t11"":[""t08""],""t12"":[""t08""],""t13"":[""t02"",""t09"",""t10""],""t14"":[""t06"",""t10"",""t11""],""t15"":[""t11"",""t12"",""t13""],""t16"":[""t10"",""t11"",""t13""],""t17"":[""t03"",""t16""],""t18"":[""t06"",""t14""],""t19"":[""t11"",""t12"",""t15""],""t20"":[""t02"",""t17"",""t18""],""t21"":[""t18"",""t19""],""t22"":[""t08"",""t21""],""t23"":[""t02"",""t07"",""t20""],""t24"":[""t05"",""t08"",""t22"",""t23""],""t25"":[""t16"",""t22"",""t23""],""t26"":[""t24""],""t27"":[""t25""],""t28"":[""t26""],""t29"":[""t02"",""t18"",""t26"",""t27""],""t30"":[""t17"",""t29""],""t31"":[""t26"",""t28"",""t29""],""t32"":[""t01"",""t30"",""t31""]}"
EXP-08,confirmatory,exp08_confirmatory_n32_mixed_homogeneous_07,n32_mixed_homogeneous,32,mixed,homogeneous,medium,7,0,15844317025516380127,0.4375,t01->t04->t06->t09->t11->t16->t17->t20->t22->t25->t27->t28->t31->t32,168,207,tied,0.3,0.7,"[""12"",""12"",""12"",""12"",""12"",""12"",""12"",""12"",""12"",""12"",""12"",""12"",""12"",""12"",""12"",""12"",""12"",""12"",""12"",""12"",""12"",""12"",""12"",""12"",""12"",""12"",""12"",""12"",""12"",""12"",""12"",""12""]","[""0.987"",""1.792"",""1.792"",""0.987"",""1.792"",""0.987"",""1.792"",""1.792"",""0.988"",""1.792"",""0.987"",""1.792"",""1.792"",""1.792"",""1.792"",""0.988"",""0.987"",""1.792"",""1.792"",""0.988"",""1.792"",""0.987"",""1.792"",""1.792"",""0.988"",""1.792"",""0.987"",""0.988"",""1.792"",""1.792"",""0.988"",""0.987""]","[""2.304"",""0.768"",""0.768"",""2.304"",""0.768"",""2.304"",""0.768"",""0.768"",""2.304"",""0.768"",""2.304"",""0.768"",""0.768"",""0.768"",""0.768"",""2.304"",""2.304"",""0.768"",""0.768"",""2.304"",""0.768"",""2.304"",""0.768"",""0.768"",""2.304"",""0.768"",""2.304"",""2.304"",""0.768"",""0.768"",""2.304"",""2.304""]","{""t01"":[],""t02"":[""t01""],""t03"":[""t01""],""t04"":[""t01""],""t05"":[""t02"",""t03""],""t06"":[""t04""],""t07"":[""t04""],""t08"":[""t05"",""t06""],""t09"":[""t05"",""t06""],""t10"":[""t05"",""t07""],""t11"":[""t05"",""t07"",""t09"",""t10""],""t12"":[""t02"",""t08""],""t13"":[""t06"",""t08"",""t10""],""t14"":[""t04"",""t05"",""t11"",""t12"",""t13""],""t15"":[""t06"",""t13""],""t16"":[""t11""],""t17"":[""t10"",""t14"",""t15"",""t16""],""t18"":[""t03"",""t14""],""t19"":[""t14"",""t15""],""t20"":[""t17""],""t21"":[""t17"",""t18"",""t19""],""t22"":[""t13"",""t20""],""t23"":[""t21""],""t24"":[""t22""],""t25"":[""t07"",""t12"",""t13"",""t22"",""t23""],""t26"":[""t24""],""t27"":[""t25""],""t28"":[""t09"",""t13"",""t27""],""t29"":[""t05"",""t26""],""t30"":[""t20"",""t28"",""t29""],""t31"":[""t10"",""t28""],""t32"":[""t11"",""t30"",""t31""]}"
EXP-08,confirmatory,exp08_confirmatory_n32_mixed_homogeneous_08,n32_mixed_homogeneous,32,mixed,homogeneous,medium,8,0,14119602533444459175,0.4375,t01->t04->t05->t10->t13->t16->t19->t20->t22->t25->t27->t29->t30->t32,168,70,tied,0.3,0.7,"[""12"",""12"",""12"",""12"",""12"",""12"",""12"",""12"",""12"",""12"",""12"",""12"",""12"",""12"",""12"",""12"",""12"",""12"",""12"",""12"",""12"",""12"",""12"",""12"",""12"",""12"",""12"",""12"",""12"",""12"",""12"",""12""]","[""0.988"",""1.792"",""1.792"",""0.988"",""0.988"",""1.792"",""1.792"",""1.792"",""1.792"",""0.987"",""1.792"",""1.792"",""0.987"",""1.792"",""1.792"",""0.988"",""1.792"",""1.792"",""0.987"",""0.987"",""1.792"",""0.988"",""1.792"",""1.792"",""0.988"",""1.792"",""0.987"",""1.792"",""0.987"",""0.987"",""1.792"",""0.987""]","[""2.304"",""0.768"",""0.768"",""2.304"",""2.304"",""0.768"",""0.768"",""0.768"",""0.768"",""2.304"",""0.768"",""0.768"",""2.304"",""0.768"",""0.768"",""2.304"",""0.768"",""0.768"",""2.304"",""2.304"",""0.768"",""2.304"",""0.768"",""0.768"",""2.304"",""0.768"",""2.304"",""0.768"",""2.304"",""2.304"",""0.768"",""2.304""]","{""t01"":[],""t02"":[""t01""],""t03"":[""t01""],""t04"":[""t01""],""t05"":[""t04""],""t06"":[""t02""],""t07"":[""t03"",""t04""],""t08"":[""t05"",""t07""],""t09"":[""t05""],""t10"":[""t05"",""t06""],""t11"":[""t02"",""t08"",""t09""],""t12"":[""t10""],""t13"":[""t10""],""t14"":[""t11""],""t15"":[""t09"",""t11"",""t12""],""t16"":[""t13""],""t17"":[""t16""],""t18"":[""t15"",""t16""],""t19"":[""t14"",""t16""],""t20"":[""t01"",""t03"",""t17"",""t19""],""t21"":[""t17"",""t18""],""t22"":[""t04"",""t16"",""t20"",""t21""],""t23"":[""t13"",""t20""],""t24"":[""t19"",""t23""],""t25"":[""t22""],""t26"":[""t19"",""t25""],""t27"":[""t16"",""t21"",""t24"",""t25""],""t28"":[""t01"",""t07"",""t20"",""t24"",""t26"",""t27""],""t29"":[""t03"",""t27""],""t30"":[""t01"",""t19"",""t29""],""t31"":[""t20"",""t28""],""t32"":[""t10"",""t30"",""t31""]}"
EXP-08,confirmatory,exp08_confirmatory_n32_mixed_homogeneous_09,n32_mixed_homogeneous,32,mixed,homogeneous,medium,9,0,6753112437405170461,0.4375,t01->t03->t05->t08->t13->t14->t17->t20->t23->t25->t26->t29->t31->t32,168,59,tied,0.3,0.7,"[""12"",""12"",""12"",""12"",""12"",""12"",""12"",""12"",""12"",""12"",""12"",""12"",""12"",""12"",""12"",""12"",""12"",""12"",""12"",""12"",""12"",""12"",""12"",""12"",""12"",""12"",""12"",""12"",""12"",""12"",""12"",""12""]","[""0.988"",""1.792"",""0.987"",""1.792"",""0.987"",""1.792"",""1.792"",""0.988"",""1.792"",""1.792"",""1.792"",""1.792"",""0.988"",""0.988"",""1.792"",""1.792"",""0.988"",""1.792"",""1.792"",""0.988"",""1.792"",""1.792"",""0.987"",""1.792"",""0.987"",""0.987"",""1.792"",""1.792"",""0.987"",""1.792"",""0.987"",""0.987""]","[""2.304"",""0.768"",""2.304"",""0.768"",""2.304"",""0.768"",""0.768"",""2.304"",""0.768"",""0.768"",""0.768"",""0.768"",""2.304"",""2.304"",""0.768"",""0.768"",""2.304"",""0.768"",""0.768"",""2.304"",""0.768"",""0.768"",""2.304"",""0.768"",""2.304"",""2.304"",""0.768"",""0.768"",""2.304"",""0.768"",""2.304"",""2.304""]","{""t01"":[],""t02"":[""t01""],""t03"":[""t01""],""t04"":[""t01""],""t05"":[""t03""],""t06"":[""t02""],""t07"":[""t04""],""t08"":[""t05""],""t09"":[""t06"",""t07""],""t10"":[""t05""],""t11"":[""t09"",""t10""],""t12"":[""t09""],""t13"":[""t08""],""t14"":[""t13""],""t15"":[""t11"",""t12""],""t16"":[""t01"",""t13""],""t17"":[""t06"",""t14""],""t18"":[""t08"",""t16""],""t19"":[""t15"",""t16""],""t20"":[""t17"",""t19""],""t21"":[""t18""],""t22"":[""t16"",""t21""],""t23"":[""t13"",""t20""],""t24"":[""t18"",""t22"",""t23""],""t25"":[""t23""],""t26"":[""t20"",""t25""],""t27"":[""t17"",""t24"",""t25""],""t28"":[""t27""],""t29"":[""t09"",""t22"",""t26"",""t27""],""t30"":[""t28"",""t29""],""t31"":[""t08"",""t21"",""t23"",""t29""],""t32"":[""t18"",""t30"",""t31""]}"
EXP-08,confirmatory,exp08_confirmatory_n32_mixed_homogeneous_10,n32_mixed_homogeneous,32,mixed,homogeneous,medium,10,0,11239345106089082210,0.4375,t01->t03->t05->t09->t11->t16->t19->t20->t23->t24->t26->t28->t31->t32,168,552,tied,0.3,0.7,"[""12"",""12"",""12"",""12"",""12"",""12"",""12"",""12"",""12"",""12"",""12"",""12"",""12"",""12"",""12"",""12"",""12"",""12"",""12"",""12"",""12"",""12"",""12"",""12"",""12"",""12"",""12"",""12"",""12"",""12"",""12"",""12""]","[""0.987"",""1.792"",""0.987"",""1.792"",""0.987"",""1.792"",""1.792"",""1.792"",""0.987"",""1.792"",""0.988"",""1.792"",""1.792"",""1.792"",""1.792"",""0.987"",""1.792"",""1.792"",""0.987"",""0.987"",""1.792"",""1.792"",""0.988"",""0.988"",""1.792"",""0.987"",""1.792"",""0.988"",""1.792"",""1.792"",""0.988"",""0.988""]","[""2.304"",""0.768"",""2.304"",""0.768"",""2.304"",""0.768"",""0.768"",""0.768"",""2.304"",""0.768"",""2.304"",""0.768"",""0.768"",""0.768"",""0.768"",""2.304"",""0.768"",""0.768"",""2.304"",""2.304"",""0.768"",""0.768"",""2.304"",""2.304"",""0.768"",""2.304"",""0.768"",""2.304"",""0.768"",""0.768"",""2.304"",""2.304""]","{""t01"":[],""t02"":[""t01""],""t03"":[""t01""],""t04"":[""t01""],""t05"":[""t02"",""t03"",""t04""],""t06"":[""t03""],""t07"":[""t02"",""t04""],""t08"":[""t07""],""t09"":[""t05"",""t07""],""t10"":[""t05"",""t06"",""t07""],""t11"":[""t08"",""t09""],""t12"":[""t08"",""t09"",""t10""],""t13"":[""t09""],""t14"":[""t11"",""t12""],""t15"":[""t03"",""t08"",""t12""],""t16"":[""t04"",""t11"",""t13""],""t17"":[""t14"",""t16""],""t18"":[""t05"",""t09"",""t13"",""t15"",""t16""],""t19"":[""t16""],""t20"":[""t17"",""t19""],""t21"":[""t18""],""t22"":[""t21""],""t23"":[""t20""],""t24"":[""t09"",""t14"",""t22"",""t23""],""t25"":[""t22"",""t23""],""t26"":[""t24"",""t25""],""t27"":[""t11"",""t14"",""t24""],""t28"":[""t26"",""t27""],""t29"":[""t04"",""t26""],""t30"":[""t28"",""t29""],""t31"":[""t15"",""t28""],""t32"":[""t20"",""t30"",""t31""]}"
EXP-08,confirmatory,exp08_confirmatory_n32_mixed_homogeneous_11,n32_mixed_homogeneous,32,mixed,homogeneous,medium,11,0,607635858297836154,0.4375,t01->t03->t05->t08->t11->t14->t18->t20->t23->t24->t26->t29->t31->t32,168,282,tied,0.3,0.7,"[""12"",""12"",""12"",""12"",""12"",""12"",""12"",""12"",""12"",""12"",""12"",""12"",""12"",""12"",""12"",""12"",""12"",""12"",""12"",""12"",""12"",""12"",""12"",""12"",""12"",""12"",""12"",""12"",""12"",""12"",""12"",""12""]","[""0.987"",""1.792"",""0.987"",""1.792"",""0.988"",""1.792"",""1.792"",""0.988"",""1.792"",""1.792"",""0.987"",""1.792"",""1.792"",""0.987"",""1.792"",""1.792"",""1.792"",""0.988"",""1.792"",""0.987"",""1.792"",""1.792"",""0.987"",""0.987"",""1.792"",""0.987"",""1.792"",""1.792"",""0.988"",""1.792"",""0.988"",""0.988""]","[""2.304"",""0.768"",""2.304"",""0.768"",""2.304"",""0.768"",""0.768"",""2.304"",""0.768"",""0.768"",""2.304"",""0.768"",""0.768"",""2.304"",""0.768"",""0.768"",""0.768"",""2.304"",""0.768"",""2.304"",""0.768"",""0.768"",""2.304"",""2.304"",""0.768"",""2.304"",""0.768"",""0.768"",""2.304"",""0.768"",""2.304"",""2.304""]","{""t01"":[],""t02"":[""t01""],""t03"":[""t01""],""t04"":[""t01""],""t05"":[""t03""],""t06"":[""t02"",""t03""],""t07"":[""t04""],""t08"":[""t05"",""t06""],""t09"":[""t05""],""t10"":[""t07""],""t11"":[""t08"",""t10""],""t12"":[""t08"",""t10""],""t13"":[""t09""],""t14"":[""t05"",""t11""],""t15"":[""t02"",""t12""],""t16"":[""t03"",""t07"",""t09"",""t11"",""t12"",""t13""],""t17"":[""t14""],""t18"":[""t14"",""t15"",""t16""],""t19"":[""t15"",""t16""],""t20"":[""t09"",""t17"",""t18""],""t21"":[""t17"",""t19""],""t22"":[""t09"",""t18"",""t20""],""t23"":[""t09"",""t13"",""t19"",""t20"",""t21""],""t24"":[""t22"",""t23""],""t25"":[""t12"",""t22""],""t26"":[""t21"",""t24"",""t25""],""t27"":[""t10"",""t25""],""t28"":[""t26""],""t29"":[""t16"",""t26"",""t27""],""t30"":[""t28"",""t29""],""t31"":[""t24"",""t29""],""t32"":[""t30"",""t31""]}"
EXP-08,confirmatory,exp08_confirmatory_n32_mixed_homogeneous_12,n32_mixed_homogeneous,32,mixed,homogeneous,medium,12,0,7335330473797174778,0.4375,t01->t04->t06->t08->t12->t15->t18->t20->t22->t25->t27->t28->t30->t32,168,248,tied,0.3,0.7,"[""12"",""12"",""12"",""12"",""12"",""12"",""12"",""12"",""12"",""12"",""12"",""12"",""12"",""12"",""12"",""12"",""12"",""12"",""12"",""12"",""12"",""12"",""12"",""12"",""12"",""12"",""12"",""12"",""12"",""12"",""12"",""12""]","[""0.988"",""1.792"",""1.792"",""0.987"",""1.792"",""0.988"",""1.792"",""0.988"",""1.792"",""1.792"",""1.792"",""0.987"",""1.792"",""1.792"",""0.988"",""1.792"",""1.792"",""0.987"",""1.792"",""0.988"",""1.792"",""0.988"",""1.792"",""1.792"",""0.987"",""1.792"",""0.987"",""0.987"",""1.792"",""0.987"",""1.792"",""0.987""]","[""2.304"",""0.768"",""0.768"",""2.304"",""0.768"",""2.304"",""0.768"",""2.304"",""0.768"",""0.768"",""0.768"",""2.304"",""0.768"",""0.768"",""2.304"",""0.768"",""0.768"",""2.304"",""0.768"",""2.304"",""0.768"",""2.304"",""0.768"",""0.768"",""2.304"",""0.768"",""2.304"",""2.304"",""0.768"",""2.304"",""0.768"",""2.304""]","{""t01"":[],""t02"":[""t01""],""t03"":[""t01""],""t04"":[""t01""],""t05"":[""t03"",""t04""],""t06"":[""t03"",""t04""],""t07"":[""t02"",""t04""],""t08"":[""t02"",""t06""],""t09"":[""t05""],""t10"":[""t06"",""t07""],""t11"":[""t09"",""t10""],""t12"":[""t07"",""t08""],""t13"":[""t08"",""t09""],""t14"":[""t13""],""t15"":[""t11"",""t12""],""t16"":[""t05"",""t13""],""t17"":[""t08"",""t09"",""t16""],""t18"":[""t15""],""t19"":[""t11"",""t14"",""t15""],""t20"":[""t18""],""t21"":[""t17"",""t18"",""t19""],""t22"":[""t04"",""t16"",""t20"",""t21""],""t23"":[""t20""],""t24"":[""t03"",""t08"",""t12"",""t17"",""t22"",""t23""],""t25"":[""t15"",""t22""],""t26"":[""t25""],""t27"":[""t24"",""t25""],""t28"":[""t27""],""t29"":[""t26"",""t27""],""t30"":[""t12"",""t14"",""t28""],""t31"":[""t12"",""t13"",""t28"",""t29""],""t32"":[""t10"",""t28"",""t30"",""t31""]}"
EXP-08,confirmatory,exp08_confirmatory_n32_mixed_homogeneous_13,n32_mixed_homogeneous,32,mixed,homogeneous,medium,13,0,8139005421848476244,0.4375,t01->t04->t05->t10->t13->t14->t17->t20->t22->t24->t26->t29->t30->t32,168,132,tied,0.3,0.7,"[""12"",""12"",""12"",""12"",""12"",""12"",""12"",""12"",""12"",""12"",""12"",""12"",""12"",""12"",""12"",""12"",""12"",""12"",""12"",""12"",""12"",""12"",""12"",""12"",""12"",""12"",""12"",""12"",""12"",""12"",""12"",""12""]","[""0.988"",""1.792"",""1.792"",""0.988"",""0.987"",""1.792"",""1.792"",""1.792"",""1.792"",""0.987"",""1.792"",""1.792"",""0.988"",""0.987"",""1.792"",""1.792"",""0.988"",""1.792"",""1.792"",""0.988"",""1.792"",""0.987"",""1.792"",""0.987"",""1.792"",""0.987"",""1.792"",""1.792"",""0.987"",""0.988"",""1.792"",""0.987""]","[""2.304"",""0.768"",""0.768"",""2.304"",""2.304"",""0.768"",""0.768"",""0.768"",""0.768"",""2.304"",""0.768"",""0.768"",""2.304"",""2.304"",""0.768"",""0.768"",""2.304"",""0.768"",""0.768"",""2.304"",""0.768"",""2.304"",""0.768"",""2.304"",""0.768"",""2.304"",""0.768"",""0.768"",""2.304"",""2.304"",""0.768"",""2.304""]","{""t01"":[],""t02"":[""t01""],""t03"":[""t01""],""t04"":[""t01""],""t05"":[""t03"",""t04""],""t06"":[""t02"",""t04""],""t07"":[""t04""],""t08"":[""t06""],""t09"":[""t04"",""t05"",""t06"",""t07""],""t10"":[""t05""],""t11"":[""t08""],""t12"":[""t09"",""t10""],""t13"":[""t08"",""t09"",""t10""],""t14"":[""t12"",""t13""],""t15"":[""t11"",""t13""],""t16"":[""t03"",""t13""],""t17"":[""t07"",""t14""],""t18"":[""t14"",""t16""],""t19"":[""t01"",""t13"",""t15""],""t20"":[""t17""],""t21"":[""t17"",""t18"",""t19""],""t22"":[""t20""],""t23"":[""t13"",""t20"",""t21""],""t24"":[""t07"",""t22"",""t23""],""t25"":[""t06"",""t14"",""t22""],""t26"":[""t10"",""t13"",""t24"",""t25""],""t27"":[""t03"",""t25""],""t28"":[""t27""],""t29"":[""t01"",""t26"",""t27""],""t30"":[""t20"",""t29""],""t31"":[""t28""],""t32"":[""t13"",""t17"",""t30"",""t31""]}"
EXP-08,confirmatory,exp08_confirmatory_n32_mixed_homogeneous_14,n32_mixed_homogeneous,32,mixed,homogeneous,medium,14,0,2223313451378489079,0.4375,t01->t02->t05->t10->t13->t14->t19->t21->t23->t25->t26->t29->t30->t32,168,242,tied,0.3,0.7,"[""12"",""12"",""12"",""12"",""12"",""12"",""12"",""12"",""12"",""12"",""12"",""12"",""12"",""12"",""12"",""12"",""12"",""12"",""12"",""12"",""12"",""12"",""12"",""12"",""12"",""12"",""12"",""12"",""12"",""12"",""12"",""12""]","[""0.988"",""0.987"",""1.792"",""1.792"",""0.988"",""1.792"",""1.792"",""1.792"",""1.792"",""0.987"",""1.792"",""1.792"",""0.988"",""0.987"",""1.792"",""1.792"",""1.792"",""1.792"",""0.988"",""1.792"",""0.987"",""1.792"",""0.987"",""1.792"",""0.987"",""0.988"",""1.792"",""1.792"",""0.987"",""0.988"",""1.792"",""0.987""]","[""2.304"",""2.304"",""0.768"",""0.768"",""2.304"",""0.768"",""0.768"",""0.768"",""0.768"",""2.304"",""0.768"",""0.768"",""2.304"",""2.304"",""0.768"",""0.768"",""0.768"",""0.768"",""2.304"",""0.768"",""2.304"",""0.768"",""2.304"",""0.768"",""2.304"",""2.304"",""0.768"",""0.768"",""2.304"",""2.304"",""0.768"",""2.304""]","{""t01"":[],""t02"":[""t01""],""t03"":[""t01""],""t04"":[""t01""],""t05"":[""t02"",""t04""],""t06"":[""t03""],""t07"":[""t04""],""t08"":[""t03"",""t05"",""t06""],""t09"":[""t03"",""t06""],""t10"":[""t05"",""t07""],""t11"":[""t08""],""t12"":[""t08"",""t09""],""t13"":[""t10""],""t14"":[""t05"",""t10"",""t11"",""t13""],""t15"":[""t11"",""t12""],""t16"":[""t13""],""t17"":[""t11"",""t16""],""t18"":[""t14"",""t15""],""t19"":[""t14""],""t20"":[""t17"",""t18""],""t21"":[""t19""],""t22"":[""t20"",""t21""],""t23"":[""t09"",""t16"",""t20"",""t21""],""t24"":[""t22"",""t23""],""t25"":[""t23""],""t26"":[""t24"",""t25""],""t27"":[""t04"",""t25""],""t28"":[""t26""],""t29"":[""t26"",""t27""],""t30"":[""t11"",""t23"",""t28"",""t29""],""t31"":[""t29""],""t32"":[""t07"",""t30"",""t31""]}"
EXP-08,confirmatory,exp08_confirmatory_n32_mixed_homogeneous_15,n32_mixed_homogeneous,32,mixed,homogeneous,medium,15,0,8010747639432765067,0.4375,t01->t02->t05->t09->t11->t16->t18->t20->t22->t24->t26->t28->t30->t32,168,212,tied,0.3,0.7,"[""12"",""12"",""12"",""12"",""12"",""12"",""12"",""12"",""12"",""12"",""12"",""12"",""12"",""12"",""12"",""12"",""12"",""12"",""12"",""12"",""12"",""12"",""12"",""12"",""12"",""12"",""12"",""12"",""12"",""12"",""12"",""12""]","[""0.988"",""0.988"",""1.792"",""1.792"",""0.987"",""1.792"",""1.792"",""1.792"",""0.987"",""1.792"",""0.987"",""1.792"",""1.792"",""1.792"",""1.792"",""0.987"",""1.792"",""0.988"",""1.792"",""0.987"",""1.792"",""0.988"",""1.792"",""0.987"",""1.792"",""0.987"",""1.792"",""0.988"",""1.792"",""0.988"",""1.792"",""0.987""]","[""2.304"",""2.304"",""0.768"",""0.768"",""2.304"",""0.768"",""0.768"",""0.768"",""2.304"",""0.768"",""2.304"",""0.768"",""0.768"",""0.768"",""0.768"",""2.304"",""0.768"",""2.304"",""0.768"",""2.304"",""0.768"",""2.304"",""0.768"",""2.304"",""0.768"",""2.304"",""0.768"",""2.304"",""0.768"",""2.304"",""0.768"",""2.304""]","{""t01"":[],""t02"":[""t01""],""t03"":[""t01""],""t04"":[""t01""],""t05"":[""t02"",""t04""],""t06"":[""t02"",""t04""],""t07"":[""t02"",""t03""],""t08"":[""t03"",""t07""],""t09"":[""t05"",""t07""],""t10"":[""t06""],""t11"":[""t09"",""t10""],""t12"":[""t08"",""t09"",""t10""],""t13"":[""t05"",""t08"",""t09""],""t14"":[""t12""],""t15"":[""t12"",""t13""],""t16"":[""t11""],""t17"":[""t01"",""t14""],""t18"":[""t15"",""t16""],""t19"":[""t14""],""t20"":[""t17"",""t18"",""t19""],""t21"":[""t17"",""t19""],""t22"":[""t20""],""t23"":[""t06"",""t20"",""t21""],""t24"":[""t07"",""t18"",""t22""],""t25"":[""t04"",""t23""],""t26"":[""t20"",""t24""],""t27"":[""t25""],""t28"":[""t26"",""t27""],""t29"":[""t26""],""t30"":[""t21"",""t28""],""t31"":[""t10"",""t24"",""t28"",""t29""],""t32"":[""t11"",""t30"",""t31""]}"
EXP-08,confirmatory,exp08_confirmatory_n32_mixed_homogeneous_16,n32_mixed_homogeneous,32,mixed,homogeneous,medium,16,0,2437134194235593865,0.4375,t01->t04->t06->t10->t11->t15->t19->t20->t23->t24->t27->t29->t31->t32,168,583,tied,0.3,0.7,"[""12"",""12"",""12"",""12"",""12"",""12"",""12"",""12"",""12"",""12"",""12"",""12"",""12"",""12"",""12"",""12"",""12"",""12"",""12"",""12"",""12"",""12"",""12"",""12"",""12"",""12"",""12"",""12"",""12"",""12"",""12"",""12""]","[""0.988"",""1.792"",""1.792"",""0.987"",""1.792"",""0.987"",""1.792"",""1.792"",""1.792"",""0.988"",""0.988"",""1.792"",""1.792"",""1.792"",""0.988"",""1.792"",""1.792"",""1.792"",""0.987"",""0.988"",""1.792"",""1.792"",""0.988"",""0.987"",""1.792"",""1.792"",""0.987"",""1.792"",""0.987"",""1.792"",""0.987"",""0.987""]","[""2.304"",""0.768"",""0.768"",""2.304"",""0.768"",""2.304"",""0.768"",""0.768"",""0.768"",""2.304"",""2.304"",""0.768"",""0.768"",""0.768"",""2.304"",""0.768"",""0.768"",""0.768"",""2.304"",""2.304"",""0.768"",""0.768"",""2.304"",""2.304"",""0.768"",""0.768"",""2.304"",""0.768"",""2.304"",""0.768"",""2.304"",""2.304""]","{""t01"":[],""t02"":[""t01""],""t03"":[""t01""],""t04"":[""t01""],""t05"":[""t04""],""t06"":[""t02"",""t03"",""t04""],""t07"":[""t04""],""t08"":[""t04"",""t07""],""t09"":[""t06""],""t10"":[""t05"",""t06"",""t07""],""t11"":[""t08"",""t09"",""t10""],""t12"":[""t01"",""t08"",""t10""],""t13"":[""t10""],""t14"":[""t11"",""t13""],""t15"":[""t11""],""t16"":[""t11"",""t12""],""t17"":[""t14"",""t16""],""t18"":[""t07"",""t13"",""t14"",""t16""],""t19"":[""t03"",""t15""],""t20"":[""t07"",""t15"",""t17"",""t19""],""t21"":[""t17"",""t18"",""t19""],""t22"":[""t21""],""t23"":[""t20""],""t24"":[""t18"",""t22"",""t23""],""t25"":[""t22""],""t26"":[""t07"",""t25""],""t27"":[""t24"",""t25""],""t28"":[""t07"",""t24"",""t26"",""t27""],""t29"":[""t04"",""t06"",""t07"",""t27""],""t30"":[""t17"",""t29""],""t31"":[""t28"",""t29""],""t32"":[""t30"",""t31""]}"
EXP-08,confirmatory,exp08_confirmatory_n32_mixed_homogeneous_17,n32_mixed_homogeneous,32,mixed,homogeneous,medium,17,0,2420087928047914970,0.4375,t01->t04->t05->t08->t13->t16->t17->t21->t23->t25->t26->t29->t31->t32,168,680,tied,0.3,0.7,"[""12"",""12"",""12"",""12"",""12"",""12"",""12"",""12"",""12"",""12"",""12"",""12"",""12"",""12"",""12"",""12"",""12"",""12"",""12"",""12"",""12"",""12"",""12"",""12"",""12"",""12"",""12"",""12"",""12"",""12"",""12"",""12""]","[""0.987"",""1.792"",""1.792"",""0.987"",""0.988"",""1.792"",""1.792"",""0.987"",""1.792"",""1.792"",""1.792"",""1.792"",""0.988"",""1.792"",""1.792"",""0.988"",""0.988"",""1.792"",""1.792"",""1.792"",""0.987"",""1.792"",""0.987"",""1.792"",""0.987"",""0.988"",""1.792"",""1.792"",""0.987"",""1.792"",""0.987"",""0.988""]","[""2.304"",""0.768"",""0.768"",""2.304"",""2.304"",""0.768"",""0.768"",""2.304"",""0.768"",""0.768"",""0.768"",""0.768"",""2.304"",""0.768"",""0.768"",""2.304"",""2.304"",""0.768"",""0.768"",""0.768"",""2.304"",""0.768"",""2.304"",""0.768"",""2.304"",""2.304"",""0.768"",""0.768"",""2.304"",""0.768"",""2.304"",""2.304""]","{""t01"":[],""t02"":[""t01""],""t03"":[""t01""],""t04"":[""t01""],""t05"":[""t04""],""t06"":[""t02"",""t03"",""t04""],""t07"":[""t04""],""t08"":[""t05""],""t09"":[""t06""],""t10"":[""t05"",""t06"",""t07""],""t11"":[""t10""],""t12"":[""t09"",""t10""],""t13"":[""t05"",""t08"",""t09"",""t10""],""t14"":[""t02"",""t07"",""t11"",""t13""],""t15"":[""t01"",""t11"",""t12"",""t13""],""t16"":[""t02"",""t10"",""t13""],""t17"":[""t02"",""t14"",""t16""],""t18"":[""t15"",""t16""],""t19"":[""t06"",""t14""],""t20"":[""t01"",""t10"",""t15"",""t18""],""t21"":[""t17"",""t19""],""t22"":[""t20"",""t21""],""t23"":[""t01"",""t20"",""t21""],""t24"":[""t08"",""t15"",""t22"",""t23""],""t25"":[""t14"",""t22"",""t23""],""t26"":[""t03"",""t25""],""t27"":[""t18"",""t24"",""t25""],""t28"":[""t15"",""t26""],""t29"":[""t26"",""t27""],""t30"":[""t05"",""t08"",""t10"",""t28""],""t31"":[""t20"",""t28"",""t29""],""t32"":[""t20"",""t30"",""t31""]}"
EXP-08,confirmatory,exp08_confirmatory_n32_mixed_homogeneous_18,n32_mixed_homogeneous,32,mixed,homogeneous,medium,18,0,12853138672391973131,0.4375,t01->t04->t05->t08->t12->t15->t18->t21->t22->t25->t26->t28->t30->t32,168,264,tied,0.3,0.7,"[""12"",""12"",""12"",""12"",""12"",""12"",""12"",""12"",""12"",""12"",""12"",""12"",""12"",""12"",""12"",""12"",""12"",""12"",""12"",""12"",""12"",""12"",""12"",""12"",""12"",""12"",""12"",""12"",""12"",""12"",""12"",""12""]","[""0.988"",""1.792"",""1.792"",""0.987"",""0.987"",""1.792"",""1.792"",""0.988"",""1.792"",""1.792"",""1.792"",""0.987"",""1.792"",""1.792"",""0.988"",""1.792"",""1.792"",""0.987"",""1.792"",""1.792"",""0.987"",""0.988"",""1.792"",""1.792"",""0.988"",""0.987"",""1.792"",""0.988"",""1.792"",""0.987"",""1.792"",""0.987""]","[""2.304"",""0.768"",""0.768"",""2.304"",""2.304"",""0.768"",""0.768"",""2.304"",""0.768"",""0.768"",""0.768"",""2.304"",""0.768"",""0.768"",""2.304"",""0.768"",""0.768"",""2.304"",""0.768"",""0.768"",""2.304"",""2.304"",""0.768"",""0.768"",""2.304"",""2.304"",""0.768"",""2.304"",""0.768"",""2.304"",""0.768"",""2.304""]","{""t01"":[],""t02"":[""t01""],""t03"":[""t01""],""t04"":[""t01""],""t05"":[""t02"",""t03"",""t04""],""t06"":[""t03"",""t04""],""t07"":[""t03"",""t04""],""t08"":[""t05"",""t07""],""t09"":[""t05"",""t07""],""t10"":[""t06"",""t07""],""t11"":[""t04"",""t08"",""t10""],""t12"":[""t08"",""t09""],""t13"":[""t07"",""t08""],""t14"":[""t12"",""t13""],""t15"":[""t08"",""t12""],""t16"":[""t11"",""t12""],""t17"":[""t14"",""t16""],""t18"":[""t15""],""t19"":[""t05"",""t09"",""t15""],""t20"":[""t17"",""t19""],""t21"":[""t13"",""t17"",""t18""],""t22"":[""t21""],""t23"":[""t20""],""t24"":[""t23""],""t25"":[""t11"",""t13"",""t22""],""t26"":[""t24"",""t25""],""t27"":[""t23"",""t24"",""t25""],""t28"":[""t26""],""t29"":[""t12"",""t27""],""t30"":[""t17"",""t18"",""t28"",""t29""],""t31"":[""t16"",""t29""],""t32"":[""t30"",""t31""]}"
EXP-08,confirmatory,exp08_confirmatory_n32_mixed_homogeneous_19,n32_mixed_homogeneous,32,mixed,homogeneous,medium,19,0,8915039980117548885,0.4375,t01->t02->t07->t10->t11->t14->t18->t21->t22->t24->t27->t29->t31->t32,168,280,tied,0.3,0.7,"[""12"",""12"",""12"",""12"",""12"",""12"",""12"",""12"",""12"",""12"",""12"",""12"",""12"",""12"",""12"",""12"",""12"",""12"",""12"",""12"",""12"",""12"",""12"",""12"",""12"",""12"",""12"",""12"",""12"",""12"",""12"",""12""]","[""0.988"",""0.987"",""1.792"",""1.792"",""1.792"",""1.792"",""0.988"",""1.792"",""1.792"",""0.987"",""0.987"",""1.792"",""1.792"",""0.988"",""1.792"",""1.792"",""1.792"",""0.987"",""1.792"",""1.792"",""0.988"",""0.987"",""1.792"",""0.987"",""1.792"",""1.792"",""0.987"",""1.792"",""0.988"",""1.792"",""0.987"",""0.988""]","[""2.304"",""2.304"",""0.768"",""0.768"",""0.768"",""0.768"",""2.304"",""0.768"",""0.768"",""2.304"",""2.304"",""0.768"",""0.768"",""2.304"",""0.768"",""0.768"",""0.768"",""2.304"",""0.768"",""0.768"",""2.304"",""2.304"",""0.768"",""2.304"",""0.768"",""0.768"",""2.304"",""0.768"",""2.304"",""0.768"",""2.304"",""2.304""]","{""t01"":[],""t02"":[""t01""],""t03"":[""t01""],""t04"":[""t01""],""t05"":[""t03"",""t04""],""t06"":[""t03""],""t07"":[""t02""],""t08"":[""t06"",""t07""],""t09"":[""t06""],""t10"":[""t02"",""t05"",""t07""],""t11"":[""t09"",""t10""],""t12"":[""t03"",""t08"",""t09"",""t10""],""t13"":[""t04"",""t08"",""t09""],""t14"":[""t11""],""t15"":[""t13""],""t16"":[""t11"",""t12"",""t13""],""t17"":[""t12"",""t15"",""t16""],""t18"":[""t07"",""t14""],""t19"":[""t14""],""t20"":[""t17"",""t19""],""t21"":[""t05"",""t17"",""t18""],""t22"":[""t18"",""t21""],""t23"":[""t16"",""t20"",""t21""],""t24"":[""t22"",""t23""],""t25"":[""t23""],""t26"":[""t24"",""t25""],""t27"":[""t24""],""t28"":[""t06"",""t09"",""t13"",""t26"",""t27""],""t29"":[""t04"",""t16"",""t27""],""t30"":[""t23"",""t29""],""t31"":[""t28"",""t29""],""t32"":[""t07"",""t28"",""t30"",""t31""]}"
EXP-08,confirmatory,exp08_confirmatory_n32_mixed_lognormal_00,n32_mixed_lognormal,32,mixed,lognormal,medium,0,0,222821487832015264,0.5063291139240506329113924051,t01->t04->t07->t09->t12->t16->t17->t21->t22->t24->t26->t29->t31->t32,480,4,tied,0.3,0.7,"[""48"",""24"",""24"",""24"",""12"",""48"",""24"",""24"",""36"",""12"",""12"",""36"",""24"",""36"",""24"",""36"",""24"",""36"",""36"",""12"",""48"",""36"",""60"",""48"",""24"",""24"",""24"",""24"",""12"",""12"",""60"",""24""]","[""3.413"",""4.084"",""4.084"",""1.706"",""2.042"",""8.167"",""1.706"",""4.084"",""2.560"",""2.042"",""2.042"",""2.560"",""4.084"",""6.125"",""4.084"",""2.560"",""1.706"",""6.125"",""6.125"",""2.042"",""3.413"",""2.560"",""10.209"",""3.413"",""4.084"",""1.706"",""4.083"",""4.084"",""0.853"",""2.042"",""4.266"",""1.706""]","[""7.963"",""1.750"",""1.750"",""3.982"",""0.875"",""3.501"",""3.982"",""1.750"",""5.972"",""0.875"",""0.875"",""5.972"",""1.750"",""2.625"",""1.750"",""5.972"",""3.982"",""2.626"",""2.625"",""0.875"",""7.963"",""5.972"",""4.376"",""7.963"",""1.750"",""3.982"",""1.750"",""1.750"",""1.991"",""0.875"",""9.954"",""3.982""]","{""t01"":[],""t02"":[""t01""],""t03"":[""t01""],""t04"":[""t01""],""t05"":[""t02"",""t03"",""t04""],""t06"":[""t03""],""t07"":[""t02"",""t04""],""t08"":[""t01"",""t05"",""t07""],""t09"":[""t05"",""t07""],""t10"":[""t06""],""t11"":[""t08""],""t12"":[""t08"",""t09""],""t13"":[""t08"",""t09"",""t10""],""t14"":[""t11"",""t12""],""t15"":[""t12""],""t16"":[""t03"",""t04"",""t05"",""t12"",""t13""],""t17"":[""t15"",""t16""],""t18"":[""t15""],""t19"":[""t14""],""t20"":[""t13"",""t18"",""t19""],""t21"":[""t17""],""t22"":[""t10"",""t20"",""t21""],""t23"":[""t12"",""t14"",""t21""],""t24"":[""t22""],""t25"":[""t19"",""t23""],""t26"":[""t24"",""t25""],""t27"":[""t08"",""t13"",""t24""],""t28"":[""t27""],""t29"":[""t03"",""t26""],""t30"":[""t28"",""t29""],""t31"":[""t22"",""t29""],""t32"":[""t05"",""t30"",""t31""]}"
EXP-08,confirmatory,exp08_confirmatory_n32_mixed_lognormal_01,n32_mixed_lognormal,32,mixed,lognormal,medium,1,0,1010841298215524623,0.4814814814814814814814814815,t01->t02->t05->t08->t11->t15->t17->t20->t22->t24->t27->t28->t31->t32,468,2,tied,0.3,0.7,"[""36"",""48"",""36"",""24"",""36"",""24"",""36"",""12"",""12"",""36"",""72"",""24"",""24"",""48"",""36"",""24"",""36"",""36"",""24"",""36"",""24"",""12"",""24"",""36"",""24"",""48"",""48"",""24"",""12"",""24"",""24"",""12""]","[""2.692"",""3.589"",""5.832"",""3.888"",""2.692"",""3.888"",""5.832"",""0.897"",""1.944"",""5.832"",""5.383"",""3.888"",""3.888"",""7.776"",""2.692"",""3.888"",""2.692"",""5.832"",""3.888"",""2.692"",""3.888"",""0.897"",""3.888"",""2.692"",""3.888"",""7.776"",""3.589"",""1.794"",""1.944"",""3.888"",""1.794"",""0.897""]","[""6.281"",""8.374"",""2.500"",""1.666"",""6.281"",""1.666"",""2.500"",""2.093"",""0.833"",""2.500"",""12.561"",""1.666"",""1.666"",""3.333"",""6.281"",""1.666"",""6.281"",""2.500"",""1.666"",""6.281"",""1.666"",""2.093"",""1.666"",""6.281"",""1.666"",""3.333"",""8.374"",""4.187"",""0.833"",""1.666"",""4.187"",""2.093""]","{""t01"":[],""t02"":[""t01""],""t03"":[""t01""],""t04"":[""t01""],""t05"":[""t02"",""t04""],""t06"":[""t02""],""t07"":[""t03"",""t04""],""t08"":[""t03"",""t05"",""t07""],""t09"":[""t07""],""t10"":[""t06""],""t11"":[""t08"",""t09""],""t12"":[""t08"",""t09"",""t10""],""t13"":[""t08"",""t09""],""t14"":[""t12""],""t15"":[""t11"",""t12""],""t16"":[""t11"",""t12"",""t13""],""t17"":[""t15""],""t18"":[""t02"",""t11"",""t16""],""t19"":[""t14"",""t15"",""t16""],""t20"":[""t07"",""t11"",""t17""],""t21"":[""t18"",""t19""],""t22"":[""t04"",""t20"",""t21""],""t23"":[""t15"",""t21""],""t24"":[""t11"",""t22"",""t23""],""t25"":[""t22"",""t23""],""t26"":[""t12"",""t17"",""t24"",""t25""],""t27"":[""t24"",""t25""],""t28"":[""t27""],""t29"":[""t26""],""t30"":[""t28""],""t31"":[""t19"",""t22"",""t28"",""t29""],""t32"":[""t30"",""t31""]}"
EXP-08,confirmatory,exp08_confirmatory_n32_mixed_lognormal_02,n32_mixed_lognormal,32,mixed,lognormal,medium,2,0,13397268495650436544,0.5125,t01->t03->t07->t09->t13->t14->t17->t20->t22->t25->t27->t29->t30->t32,492,4,tied,0.3,0.7,"[""24"",""24"",""24"",""24"",""12"",""24"",""60"",""12"",""72"",""36"",""24"",""12"",""60"",""24"",""24"",""24"",""24"",""24"",""60"",""24"",""24"",""48"",""24"",""60"",""24"",""12"",""24"",""12"",""36"",""36"",""36"",""12""]","[""1.686"",""4.135"",""1.686"",""4.135"",""2.068"",""4.135"",""4.214"",""2.068"",""5.057"",""6.203"",""4.135"",""2.068"",""4.214"",""1.686"",""4.135"",""4.135"",""1.686"",""4.136"",""10.339"",""1.686"",""4.135"",""3.372"",""4.135"",""10.339"",""1.686"",""2.068"",""1.686"",""2.068"",""2.529"",""2.529"",""6.203"",""0.843""]","[""3.934"",""1.772"",""3.934"",""1.773"",""0.886"",""1.772"",""9.834"",""0.886"",""11.801"",""2.659"",""1.772"",""0.886"",""9.834"",""3.934"",""1.772"",""1.772"",""3.934"",""1.773"",""4.431"",""3.934"",""1.772"",""7.867"",""1.772"",""4.431"",""3.933"",""0.886"",""3.934"",""0.886"",""5.900"",""5.900"",""2.659"",""1.967""]","{""t01"":[],""t02"":[""t01""],""t03"":[""t01""],""t04"":[""t01""],""t05"":[""t02"",""t03"",""t04""],""t06"":[""t03"",""t04""],""t07"":[""t03""],""t08"":[""t01"",""t05"",""t06"",""t07""],""t09"":[""t07""],""t10"":[""t07""],""t11"":[""t08"",""t09""],""t12"":[""t10""],""t13"":[""t09""],""t14"":[""t07"",""t12"",""t13""],""t15"":[""t11"",""t12""],""t16"":[""t12""],""t17"":[""t14""],""t18"":[""t16""],""t19"":[""t15"",""t16""],""t20"":[""t07"",""t17"",""t18"",""t19""],""t21"":[""t18""],""t22"":[""t20""],""t23"":[""t16"",""t21""],""t24"":[""t23""],""t25"":[""t16"",""t17"",""t22""],""t26"":[""t14"",""t24""],""t27"":[""t24"",""t25""],""t28"":[""t26""],""t29"":[""t26"",""t27""],""t30"":[""t27"",""t29""],""t31"":[""t11"",""t22"",""t28"",""t29""],""t32"":[""t14"",""t24"",""t27"",""t30"",""t31""]}"
EXP-08,confirmatory,exp08_confirmatory_n32_mixed_lognormal_03,n32_mixed_lognormal,32,mixed,lognormal,medium,3,0,16004174741087453740,0.5405405405405405405405405405,t01->t04->t07->t08->t13->t15->t17->t21->t23->t25->t27->t29->t30->t32,480,4,tied,0.3,0.7,"[""24"",""24"",""12"",""48"",""36"",""24"",""24"",""36"",""24"",""24"",""24"",""24"",""36"",""24"",""36"",""24"",""24"",""12"",""12"",""12"",""12"",""60"",""48"",""12"",""48"",""12"",""12"",""24"",""72"",""24"",""24"",""36""]","[""1.598"",""4.388"",""2.194"",""3.197"",""6.581"",""4.388"",""1.598"",""2.398"",""4.388"",""4.388"",""4.387"",""4.388"",""2.398"",""4.387"",""2.398"",""4.388"",""1.598"",""2.194"",""2.194"",""2.194"",""0.799"",""10.969"",""3.197"",""2.194"",""3.197"",""2.194"",""0.799"",""4.388"",""4.795"",""1.598"",""4.388"",""2.398""]","[""3.730"",""1.880"",""0.940"",""7.459"",""2.821"",""1.881"",""3.730"",""5.594"",""1.881"",""1.880"",""1.881"",""1.881"",""5.594"",""1.880"",""5.594"",""1.880"",""3.730"",""0.940"",""0.940"",""0.940"",""1.865"",""4.701"",""7.459"",""0.940"",""7.459"",""0.940"",""1.865"",""1.881"",""11.189"",""3.730"",""1.881"",""5.594""]","{""t01"":[],""t02"":[""t01""],""t03"":[""t01""],""t04"":[""t01""],""t05"":[""t04""],""t06"":[""t02"",""t03"",""t04""],""t07"":[""t02"",""t04""],""t08"":[""t01"",""t06"",""t07""],""t09"":[""t05""],""t10"":[""t07""],""t11"":[""t08"",""t09"",""t10""],""t12"":[""t08""],""t13"":[""t08"",""t10""],""t14"":[""t12"",""t13""],""t15"":[""t11"",""t12"",""t13""],""t16"":[""t12"",""t13""],""t17"":[""t02"",""t15""],""t18"":[""t14"",""t15"",""t16""],""t19"":[""t15""],""t20"":[""t18"",""t19""],""t21"":[""t17"",""t19""],""t22"":[""t02"",""t20"",""t21""],""t23"":[""t12"",""t20"",""t21""],""t24"":[""t06"",""t22""],""t25"":[""t23""],""t26"":[""t24""],""t27"":[""t25""],""t28"":[""t06"",""t26""],""t29"":[""t07"",""t22"",""t27""],""t30"":[""t04"",""t15"",""t28"",""t29""],""t31"":[""t11"",""t29""],""t32"":[""t10"",""t23"",""t30"",""t31""]}"
EXP-08,confirmatory,exp08_confirmatory_n32_mixed_lognormal_04,n32_mixed_lognormal,32,mixed,lognormal,medium,4,0,5662708795762768629,0.5342465753424657534246575342,t01->t04->t07->t08->t13->t14->t18->t20->t23->t25->t26->t28->t30->t32,468,1,unique,0.3,0.7,"[""12"",""12"",""12"",""60"",""36"",""12"",""36"",""72"",""24"",""24"",""48"",""12"",""12"",""36"",""12"",""36"",""12"",""12"",""24"",""24"",""12"",""12"",""24"",""12"",""24"",""72"",""72"",""36"",""12"",""12"",""24"",""36""]","[""0.808"",""2.164"",""2.164"",""4.043"",""6.493"",""2.164"",""2.426"",""4.852"",""4.329"",""4.329"",""8.657"",""2.164"",""0.809"",""2.426"",""2.164"",""6.493"",""2.164"",""0.809"",""4.329"",""1.617"",""2.164"",""2.164"",""1.617"",""2.164"",""1.617"",""4.852"",""12.985"",""2.426"",""2.164"",""0.808"",""4.329"",""2.426""]","[""1.887"",""0.928"",""0.927"",""9.434"",""2.783"",""0.927"",""5.660"",""11.321"",""1.855"",""1.855"",""3.710"",""0.927"",""1.887"",""5.660"",""0.928"",""2.783"",""0.927"",""1.887"",""1.855"",""3.773"",""0.927"",""0.928"",""3.774"",""0.928"",""3.773"",""11.321"",""5.565"",""5.660"",""0.928"",""1.887"",""1.855"",""5.660""]","{""t01"":[],""t02"":[""t01""],""t03"":[""t01""],""t04"":[""t01""],""t05"":[""t02"",""t03""],""t06"":[""t02""],""t07"":[""t04""],""t08"":[""t06"",""t07""],""t09"":[""t05""],""t10"":[""t06""],""t11"":[""t09""],""t12"":[""t06"",""t09"",""t10""],""t13"":[""t08"",""t10""],""t14"":[""t11"",""t13""],""t15"":[""t02"",""t13""],""t16"":[""t12""],""t17"":[""t14"",""t15"",""t16""],""t18"":[""t01"",""t14"",""t15""],""t19"":[""t15"",""t16""],""t20"":[""t18""],""t21"":[""t17"",""t18"",""t19""],""t22"":[""t09"",""t16"",""t21""],""t23"":[""t05"",""t11"",""t20""],""t24"":[""t22"",""t23""],""t25"":[""t21"",""t23""],""t26"":[""t11"",""t24"",""t25""],""t27"":[""t25""],""t28"":[""t26""],""t29"":[""t26"",""t27""],""t30"":[""t28""],""t31"":[""t29""],""t32"":[""t30"",""t31""]}"
EXP-08,confirmatory,exp08_confirmatory_n32_mixed_lognormal_05,n32_mixed_lognormal,32,mixed,lognormal,medium,5,0,14683920509993553704,0.5121951219512195121951219512,t01->t03->t05->t09->t13->t16->t19->t20->t23->t24->t27->t28->t31->t32,504,6,tied,0.3,0.7,"[""24"",""12"",""48"",""48"",""36"",""24"",""24"",""12"",""72"",""24"",""48"",""24"",""24"",""12"",""48"",""48"",""24"",""36"",""36"",""48"",""24"",""36"",""60"",""24"",""24"",""24"",""24"",""24"",""24"",""12"",""12"",""24""]","[""1.687"",""2.066"",""3.374"",""8.265"",""2.530"",""4.133"",""4.133"",""2.066"",""5.060"",""4.133"",""8.266"",""4.133"",""1.687"",""2.066"",""8.266"",""3.374"",""4.133"",""6.199"",""2.530"",""3.374"",""4.133"",""6.199"",""4.217"",""1.687"",""4.133"",""4.133"",""1.687"",""1.687"",""4.133"",""2.066"",""0.843"",""1.687""]","[""3.936"",""0.886"",""7.872"",""3.543"",""5.904"",""1.771"",""1.771"",""0.886"",""11.808"",""1.771"",""3.542"",""1.771"",""3.936"",""0.886"",""3.542"",""7.872"",""1.771"",""2.657"",""5.904"",""7.872"",""1.771"",""2.657"",""9.840"",""3.936"",""1.771"",""1.771"",""3.936"",""3.936"",""1.771"",""0.886"",""1.968"",""3.936""]","{""t01"":[],""t02"":[""t01""],""t03"":[""t01""],""t04"":[""t01""],""t05"":[""t03"",""t04""],""t06"":[""t02"",""t04""],""t07"":[""t03"",""t04""],""t08"":[""t05"",""t07""],""t09"":[""t05"",""t06""],""t10"":[""t05"",""t06""],""t11"":[""t01"",""t09"",""t10""],""t12"":[""t08""],""t13"":[""t09"",""t10""],""t14"":[""t11""],""t15"":[""t09"",""t11"",""t12""],""t16"":[""t12"",""t13""],""t17"":[""t16""],""t18"":[""t15""],""t19"":[""t14"",""t16""],""t20"":[""t19""],""t21"":[""t01"",""t17"",""t18"",""t19""],""t22"":[""t20"",""t21""],""t23"":[""t01"",""t20""],""t24"":[""t14"",""t22"",""t23""],""t25"":[""t18"",""t22""],""t26"":[""t20"",""t24"",""t25""],""t27"":[""t15"",""t21"",""t24""],""t28"":[""t08"",""t27""],""t29"":[""t20"",""t26"",""t27""],""t30"":[""t20"",""t21"",""t29""],""t31"":[""t28""],""t32"":[""t07"",""t11"",""t30"",""t31""]}"
EXP-08,confirmatory,exp08_confirmatory_n32_mixed_lognormal_06,n32_mixed_lognormal,32,mixed,lognormal,medium,6,0,9808911918545818448,0.5733333333333333333333333333,t01->t04->t06->t08->t11->t15->t19->t21->t22->t24->t26->t28->t30->t32,516,1,unique,0.3,0.7,"[""36"",""24"",""36"",""60"",""24"",""36"",""12"",""48"",""12"",""24"",""72"",""24"",""36"",""12"",""60"",""24"",""12"",""12"",""48"",""24"",""36"",""36"",""12"",""12"",""24"",""24"",""36"",""24"",""24"",""12"",""12"",""12""]","[""2.260"",""4.725"",""7.087"",""3.767"",""4.725"",""2.260"",""2.363"",""3.014"",""2.362"",""4.725"",""4.521"",""4.725"",""7.087"",""2.362"",""3.767"",""4.725"",""2.363"",""2.363"",""3.014"",""4.725"",""2.261"",""2.260"",""2.363"",""0.754"",""4.725"",""1.507"",""7.087"",""1.507"",""4.725"",""0.754"",""2.363"",""0.754""]","[""5.275"",""2.025"",""3.038"",""8.791"",""2.025"",""5.274"",""1.012"",""7.033"",""1.012"",""2.025"",""10.549"",""2.025"",""3.038"",""1.013"",""8.791"",""2.025"",""1.013"",""1.013"",""7.033"",""2.025"",""5.274"",""5.274"",""1.012"",""1.758"",""2.025"",""3.516"",""3.037"",""3.516"",""2.025"",""1.758"",""1.012"",""1.758""]","{""t01"":[],""t02"":[""t01""],""t03"":[""t01""],""t04"":[""t01""],""t05"":[""t02""],""t06"":[""t02"",""t04""],""t07"":[""t02"",""t03"",""t04""],""t08"":[""t06""],""t09"":[""t04"",""t05"",""t06""],""t10"":[""t06"",""t07""],""t11"":[""t08"",""t09"",""t10""],""t12"":[""t09""],""t13"":[""t01"",""t08"",""t10""],""t14"":[""t05"",""t12"",""t13""],""t15"":[""t11""],""t16"":[""t11""],""t17"":[""t04"",""t13"",""t14""],""t18"":[""t03"",""t14"",""t15"",""t16""],""t19"":[""t14"",""t15"",""t16""],""t20"":[""t13"",""t17"",""t18"",""t19""],""t21"":[""t17"",""t19""],""t22"":[""t21""],""t23"":[""t20""],""t24"":[""t22""],""t25"":[""t23""],""t26"":[""t24"",""t25""],""t27"":[""t25""],""t28"":[""t20"",""t26"",""t27""],""t29"":[""t27""],""t30"":[""t28""],""t31"":[""t29""],""t32"":[""t15"",""t22"",""t30"",""t31""]}"
EXP-08,confirmatory,exp08_confirmatory_n32_mixed_lognormal_07,n32_mixed_lognormal,32,mixed,lognormal,medium,7,0,10720167996022003861,0.5324675324675324675324675325,t01->t03->t05->t10->t11->t15->t18->t20->t22->t25->t27->t28->t30->t32,492,2,tied,0.3,0.7,"[""24"",""12"",""24"",""12"",""60"",""12"",""36"",""36"",""36"",""48"",""36"",""36"",""24"",""24"",""36"",""48"",""24"",""24"",""24"",""48"",""48"",""48"",""12"",""12"",""24"",""12"",""12"",""60"",""12"",""24"",""12"",""24""]","[""1.623"",""2.156"",""1.623"",""2.156"",""4.056"",""2.156"",""6.468"",""6.468"",""6.468"",""3.245"",""2.434"",""6.468"",""4.312"",""4.312"",""2.434"",""8.624"",""4.312"",""1.623"",""4.312"",""3.245"",""8.624"",""3.245"",""2.156"",""2.156"",""1.623"",""2.156"",""0.811"",""4.056"",""2.156"",""1.623"",""2.156"",""1.623""]","[""3.786"",""0.924"",""3.786"",""0.924"",""9.466"",""0.924"",""2.772"",""2.772"",""2.772"",""7.572"",""5.679"",""2.772"",""1.848"",""1.848"",""5.679"",""3.696"",""1.848"",""3.786"",""1.848"",""7.572"",""3.696"",""7.573"",""0.924"",""0.924"",""3.786"",""0.924"",""1.893"",""9.466"",""0.924"",""3.786"",""0.924"",""3.786""]","{""t01"":[],""t02"":[""t01""],""t03"":[""t01""],""t04"":[""t01""],""t05"":[""t03"",""t04""],""t06"":[""t02"",""t04""],""t07"":[""t04""],""t08"":[""t06""],""t09"":[""t06"",""t07""],""t10"":[""t05""],""t11"":[""t08"",""t09"",""t10""],""t12"":[""t09""],""t13"":[""t08"",""t10""],""t14"":[""t11"",""t13""],""t15"":[""t11""],""t16"":[""t11"",""t12"",""t13""],""t17"":[""t06"",""t09"",""t14""],""t18"":[""t04"",""t06"",""t15""],""t19"":[""t14"",""t15"",""t16""],""t20"":[""t14"",""t17"",""t18""],""t21"":[""t17"",""t18"",""t19""],""t22"":[""t03"",""t07"",""t17"",""t20""],""t23"":[""t20"",""t21""],""t24"":[""t22""],""t25"":[""t04"",""t10"",""t22"",""t23""],""t26"":[""t24"",""t25""],""t27"":[""t06"",""t25""],""t28"":[""t06"",""t11"",""t19"",""t26"",""t27""],""t29"":[""t26""],""t30"":[""t16"",""t28"",""t29""],""t31"":[""t05"",""t20"",""t28""],""t32"":[""t05"",""t17"",""t30"",""t31""]}"
EXP-08,confirmatory,exp08_confirmatory_n32_mixed_lognormal_08,n32_mixed_lognormal,32,mixed,lognormal,medium,8,0,2014287503453696802,0.5285714285714285714285714286,t01->t02->t06->t08->t12->t15->t19->t21->t23->t24->t27->t28->t30->t32,444,2,tied,0.3,0.7,"[""24"",""72"",""36"",""24"",""24"",""24"",""24"",""24"",""36"",""24"",""12"",""24"",""12"",""12"",""24"",""24"",""36"",""12"",""48"",""12"",""36"",""24"",""36"",""24"",""24"",""36"",""36"",""24"",""12"",""36"",""12"",""12""]","[""1.634"",""4.904"",""6.415"",""4.277"",""4.276"",""1.634"",""4.277"",""1.635"",""6.415"",""4.276"",""2.138"",""1.635"",""2.138"",""2.138"",""1.634"",""4.276"",""6.415"",""2.138"",""3.269"",""2.138"",""2.452"",""4.276"",""2.452"",""1.635"",""4.276"",""6.415"",""2.452"",""1.635"",""2.138"",""2.452"",""2.138"",""0.817""]","[""3.814"",""11.443"",""2.749"",""1.833"",""1.833"",""3.814"",""1.833"",""3.814"",""2.749"",""1.833"",""0.916"",""3.814"",""0.917"",""0.916"",""3.814"",""1.833"",""2.749"",""0.916"",""7.628"",""0.916"",""5.721"",""1.833"",""5.721"",""3.814"",""1.833"",""2.749"",""5.721"",""3.814"",""0.916"",""5.721"",""0.916"",""1.907""]","{""t01"":[],""t02"":[""t01""],""t03"":[""t01""],""t04"":[""t01""],""t05"":[""t04""],""t06"":[""t02"",""t03"",""t04""],""t07"":[""t04""],""t08"":[""t05"",""t06"",""t07""],""t09"":[""t02"",""t07""],""t10"":[""t05"",""t07""],""t11"":[""t10""],""t12"":[""t08"",""t09""],""t13"":[""t08""],""t14"":[""t01"",""t04"",""t06"",""t11"",""t13""],""t15"":[""t02"",""t12""],""t16"":[""t04"",""t12"",""t13""],""t17"":[""t02"",""t14"",""t15""],""t18"":[""t15""],""t19"":[""t15"",""t16""],""t20"":[""t19""],""t21"":[""t17"",""t18"",""t19""],""t22"":[""t21""],""t23"":[""t13"",""t20"",""t21""],""t24"":[""t09"",""t23""],""t25"":[""t22""],""t26"":[""t04"",""t06"",""t15"",""t19"",""t25""],""t27"":[""t01"",""t07"",""t24"",""t25""],""t28"":[""t11"",""t19"",""t27""],""t29"":[""t15"",""t26""],""t30"":[""t28""],""t31"":[""t06"",""t16"",""t21"",""t29""],""t32"":[""t10"",""t27"",""t30"",""t31""]}"
EXP-08,confirmatory,exp08_confirmatory_n32_mixed_lognormal_09,n32_mixed_lognormal,32,mixed,lognormal,medium,9,0,1240193418818391659,0.4857142857142857142857142857,t01->t02->t07->t10->t13->t16->t19->t21->t23->t25->t27->t28->t31->t32,408,1,unique,0.3,0.7,"[""36"",""24"",""12"",""24"",""36"",""36"",""36"",""36"",""60"",""24"",""12"",""12"",""24"",""12"",""12"",""12"",""24"",""12"",""48"",""12"",""24"",""24"",""12"",""36"",""24"",""12"",""24"",""24"",""24"",""36"",""72"",""24""]","[""2.668"",""1.779"",""1.960"",""3.920"",""5.880"",""5.880"",""2.668"",""5.880"",""9.800"",""1.779"",""1.960"",""1.960"",""1.779"",""1.960"",""1.960"",""0.889"",""3.920"",""1.960"",""3.558"",""1.960"",""1.779"",""3.920"",""0.889"",""5.880"",""1.779"",""1.960"",""1.779"",""1.779"",""3.920"",""5.880"",""5.336"",""1.779""]","[""6.226"",""4.150"",""0.840"",""1.680"",""2.520"",""2.520"",""6.226"",""2.520"",""4.200"",""4.151"",""0.840"",""0.840"",""4.151"",""0.840"",""0.840"",""2.075"",""1.680"",""0.840"",""8.301"",""0.840"",""4.151"",""1.680"",""2.075"",""2.520"",""4.151"",""0.840"",""4.150"",""4.150"",""1.680"",""2.520"",""12.452"",""4.151""]","{""t01"":[],""t02"":[""t01""],""t03"":[""t01""],""t04"":[""t01""],""t05"":[""t03"",""t04""],""t06"":[""t02"",""t04""],""t07"":[""t02"",""t03""],""t08"":[""t06""],""t09"":[""t05""],""t10"":[""t07""],""t11"":[""t08"",""t09"",""t10""],""t12"":[""t03"",""t08"",""t10""],""t13"":[""t10""],""t14"":[""t11"",""t13""],""t15"":[""t12""],""t16"":[""t13""],""t17"":[""t15""],""t18"":[""t14"",""t16""],""t19"":[""t01"",""t16""],""t20"":[""t17"",""t18""],""t21"":[""t07"",""t19""],""t22"":[""t20""],""t23"":[""t21""],""t24"":[""t22""],""t25"":[""t22"",""t23""],""t26"":[""t24"",""t25""],""t27"":[""t25""],""t28"":[""t06"",""t15"",""t18"",""t26"",""t27""],""t29"":[""t26""],""t30"":[""t01"",""t28"",""t29""],""t31"":[""t01"",""t10"",""t23"",""t28""],""t32"":[""t03"",""t30"",""t31""]}"
EXP-08,confirmatory,exp08_confirmatory_n32_mixed_lognormal_10,n32_mixed_lognormal,32,mixed,lognormal,medium,10,0,1637212469662149838,0.5058823529411764705882352941,t01->t03->t05->t08->t11->t14->t19->t21->t22->t24->t27->t29->t31->t32,516,2,tied,0.3,0.7,"[""36"",""12"",""12"",""12"",""36"",""48"",""12"",""36"",""24"",""12"",""24"",""24"",""60"",""72"",""12"",""36"",""36"",""24"",""72"",""36"",""48"",""12"",""24"",""12"",""24"",""12"",""72"",""60"",""12"",""36"",""48"",""24""]","[""2.562"",""2.040"",""0.854"",""2.040"",""2.562"",""8.160"",""2.040"",""2.562"",""4.080"",""2.040"",""1.708"",""4.080"",""10.200"",""5.123"",""2.040"",""6.120"",""6.120"",""4.080"",""5.123"",""6.120"",""3.416"",""0.854"",""4.080"",""0.854"",""4.080"",""2.040"",""5.124"",""10.200"",""0.854"",""6.120"",""3.416"",""1.708""]","[""5.978"",""0.874"",""1.993"",""0.874"",""5.978"",""3.497"",""0.874"",""5.978"",""1.749"",""0.874"",""3.985"",""1.749"",""4.371"",""11.955"",""0.874"",""2.623"",""2.623"",""1.749"",""11.955"",""2.623"",""7.970"",""1.993"",""1.749"",""1.993"",""1.749"",""0.874"",""11.955"",""4.371"",""1.992"",""2.623"",""7.970"",""3.985""]","{""t01"":[],""t02"":[""t01""],""t03"":[""t01""],""t04"":[""t01""],""t05"":[""t03""],""t06"":[""t04""],""t07"":[""t02""],""t08"":[""t05""],""t09"":[""t06""],""t10"":[""t07""],""t11"":[""t08"",""t09""],""t12"":[""t08"",""t09"",""t10""],""t13"":[""t09""],""t14"":[""t03"",""t10"",""t11""],""t15"":[""t01"",""t09"",""t12"",""t13""],""t16"":[""t11""],""t17"":[""t14""],""t18"":[""t14"",""t16""],""t19"":[""t14"",""t15""],""t20"":[""t18""],""t21"":[""t17"",""t19""],""t22"":[""t21""],""t23"":[""t20""],""t24"":[""t17"",""t22"",""t23""],""t25"":[""t23""],""t26"":[""t01"",""t15"",""t24"",""t25""],""t27"":[""t24"",""t25""],""t28"":[""t26""],""t29"":[""t27""],""t30"":[""t28""],""t31"":[""t28"",""t29""],""t32"":[""t20"",""t30"",""t31""]}"
EXP-08,confirmatory,exp08_confirmatory_n32_mixed_lognormal_11,n32_mixed_lognormal,32,mixed,lognormal,medium,11,0,73487653104120321,0.5507246376811594202898550725,t01->t03->t05->t09->t13->t15->t19->t21->t22->t25->t27->t28->t30->t32,456,1,unique,0.3,0.7,"[""12"",""36"",""36"",""12"",""36"",""12"",""36"",""12"",""36"",""12"",""24"",""12"",""24"",""24"",""12"",""36"",""12"",""12"",""60"",""12"",""24"",""24"",""12"",""48"",""36"",""12"",""24"",""24"",""36"",""60"",""12"",""48""]","[""0.785"",""6.731"",""2.353"",""2.243"",""2.353"",""2.244"",""6.731"",""2.244"",""2.353"",""2.243"",""4.487"",""2.244"",""1.569"",""4.487"",""0.784"",""6.731"",""2.244"",""2.244"",""3.922"",""2.244"",""1.569"",""1.569"",""2.244"",""8.974"",""2.353"",""2.243"",""1.569"",""1.569"",""6.731"",""3.922"",""2.243"",""3.138""]","[""1.830"",""2.885"",""5.491"",""0.961"",""5.491"",""0.962"",""2.885"",""0.961"",""5.491"",""0.962"",""1.923"",""0.962"",""3.661"",""1.923"",""1.830"",""2.885"",""0.962"",""0.961"",""9.151"",""0.961"",""3.661"",""3.661"",""0.961"",""3.846"",""5.491"",""0.962"",""3.661"",""3.661"",""2.885"",""9.151"",""0.961"",""7.321""]","{""t01"":[],""t02"":[""t01""],""t03"":[""t01""],""t04"":[""t01""],""t05"":[""t03""],""t06"":[""t02"",""t04""],""t07"":[""t02"",""t03""],""t08"":[""t06"",""t07""],""t09"":[""t05""],""t10"":[""t06""],""t11"":[""t10""],""t12"":[""t09""],""t13"":[""t01"",""t08"",""t09"",""t10""],""t14"":[""t02"",""t05"",""t09"",""t11""],""t15"":[""t07"",""t13""],""t16"":[""t01"",""t07"",""t12""],""t17"":[""t14"",""t16""],""t18"":[""t15""],""t19"":[""t15""],""t20"":[""t08"",""t17""],""t21"":[""t11"",""t18"",""t19""],""t22"":[""t04"",""t21""],""t23"":[""t08"",""t20"",""t21""],""t24"":[""t06"",""t09"",""t23""],""t25"":[""t18"",""t22"",""t23""],""t26"":[""t16"",""t24"",""t25""],""t27"":[""t25""],""t28"":[""t27""],""t29"":[""t26""],""t30"":[""t28""],""t31"":[""t12"",""t14"",""t29""],""t32"":[""t08"",""t23"",""t29"",""t30"",""t31""]}"
EXP-08,confirmatory,exp08_confirmatory_n32_mixed_lognormal_12,n32_mixed_lognormal,32,mixed,lognormal,medium,12,0,2119541817440369474,0.5,t01->t03->t06->t08->t13->t14->t18->t20->t23->t24->t27->t29->t30->t32,420,3,tied,0.3,0.7,"[""12"",""36"",""24"",""24"",""36"",""24"",""24"",""12"",""24"",""24"",""36"",""24"",""72"",""36"",""24"",""24"",""12"",""24"",""24"",""36"",""24"",""12"",""12"",""36"",""24"",""24"",""12"",""12"",""24"",""72"",""12"",""24""]","[""0.864"",""6.048"",""1.728"",""4.032"",""6.048"",""1.728"",""4.032"",""0.864"",""4.032"",""4.032"",""6.048"",""4.032"",""5.184"",""2.592"",""4.032"",""4.032"",""2.016"",""1.728"",""4.032"",""2.592"",""4.032"",""2.016"",""0.864"",""2.592"",""4.032"",""4.032"",""0.864"",""2.016"",""1.728"",""5.184"",""2.016"",""1.728""]","[""2.016"",""2.592"",""4.032"",""1.728"",""2.592"",""4.032"",""1.728"",""2.016"",""1.728"",""1.728"",""2.592"",""1.728"",""12.096"",""6.048"",""1.728"",""1.728"",""0.864"",""4.032"",""1.728"",""6.048"",""1.728"",""0.864"",""2.016"",""6.048"",""1.728"",""1.728"",""2.016"",""0.864"",""4.032"",""12.096"",""0.864"",""4.032""]","{""t01"":[],""t02"":[""t01""],""t03"":[""t01""],""t04"":[""t01""],""t05"":[""t02"",""t03"",""t04""],""t06"":[""t03""],""t07"":[""t03""],""t08"":[""t04"",""t06""],""t09"":[""t06""],""t10"":[""t05"",""t07""],""t11"":[""t08""],""t12"":[""t08"",""t09"",""t10""],""t13"":[""t08""],""t14"":[""t13""],""t15"":[""t01"",""t07"",""t11""],""t16"":[""t11"",""t12""],""t17"":[""t15""],""t18"":[""t14"",""t15"",""t16""],""t19"":[""t16""],""t20"":[""t03"",""t11"",""t17"",""t18"",""t19""],""t21"":[""t08"",""t19""],""t22"":[""t08"",""t18"",""t20""],""t23"":[""t04"",""t20"",""t21""],""t24"":[""t23""],""t25"":[""t01"",""t22"",""t23""],""t26"":[""t25""],""t27"":[""t11"",""t22"",""t24""],""t28"":[""t09"",""t13"",""t14"",""t18"",""t24"",""t26""],""t29"":[""t26"",""t27""],""t30"":[""t28"",""t29""],""t31"":[""t29""],""t32"":[""t02"",""t21"",""t30"",""t31""]}"
EXP-08,confirmatory,exp08_confirmatory_n32_mixed_lognormal_13,n32_mixed_lognormal,32,mixed,lognormal,medium,13,0,14171431394385637265,0.5454545454545454545454545455,t01->t03->t05->t09->t12->t15->t19->t20->t23->t24->t27->t28->t31->t32,432,1,unique,0.3,0.7,"[""36"",""12"",""12"",""24"",""24"",""12"",""24"",""24"",""36"",""12"",""24"",""24"",""24"",""24"",""36"",""12"",""36"",""24"",""60"",""12"",""12"",""12"",""36"",""24"",""36"",""12"",""24"",""36"",""12"",""24"",""36"",""36""]","[""2.376"",""2.218"",""0.792"",""4.435"",""1.584"",""2.218"",""4.435"",""4.435"",""2.376"",""2.217"",""4.435"",""1.584"",""4.435"",""4.435"",""2.376"",""2.218"",""6.653"",""4.435"",""3.960"",""0.792"",""2.217"",""2.218"",""2.376"",""1.584"",""6.653"",""2.218"",""1.584"",""2.376"",""2.218"",""4.435"",""2.376"",""2.376""]","[""5.544"",""0.950"",""1.848"",""1.901"",""3.696"",""0.951"",""1.901"",""1.901"",""5.544"",""0.950"",""1.901"",""3.696"",""1.901"",""1.901"",""5.544"",""0.950"",""2.851"",""1.901"",""9.240"",""1.848"",""0.950"",""0.950"",""5.544"",""3.696"",""2.851"",""0.950"",""3.696"",""5.544"",""0.951"",""1.901"",""5.544"",""5.544""]","{""t01"":[],""t02"":[""t01""],""t03"":[""t01""],""t04"":[""t01""],""t05"":[""t03""],""t06"":[""t02""],""t07"":[""t02"",""t04""],""t08"":[""t02"",""t05"",""t06""],""t09"":[""t05"",""t06""],""t10"":[""t02"",""t07""],""t11"":[""t10""],""t12"":[""t09""],""t13"":[""t08""],""t14"":[""t10"",""t11"",""t13""],""t15"":[""t10"",""t11"",""t12"",""t13""],""t16"":[""t12"",""t13""],""t17"":[""t01"",""t14"",""t15""],""t18"":[""t03"",""t16""],""t19"":[""t08"",""t15""],""t20"":[""t17"",""t18"",""t19""],""t21"":[""t08"",""t19""],""t22"":[""t21""],""t23"":[""t20""],""t24"":[""t05"",""t16"",""t23""],""t25"":[""t15"",""t22""],""t26"":[""t20"",""t25""],""t27"":[""t24""],""t28"":[""t10"",""t26"",""t27""],""t29"":[""t08"",""t17"",""t26"",""t27""],""t30"":[""t28""],""t31"":[""t16"",""t28"",""t29""],""t32"":[""t30"",""t31""]}"
EXP-08,confirmatory,exp08_confirmatory_n32_mixed_lognormal_14,n32_mixed_lognormal,32,mixed,lognormal,medium,14,0,8584452246693979462,0.5142857142857142857142857143,t01->t02->t07->t10->t11->t14->t18->t20->t23->t25->t27->t29->t30->t32,432,2,tied,0.3,0.7,"[""24"",""36"",""24"",""12"",""24"",""48"",""48"",""12"",""12"",""24"",""24"",""12"",""24"",""48"",""36"",""24"",""60"",""24"",""12"",""36"",""12"",""24"",""12"",""12"",""48"",""24"",""48"",""12"",""24"",""12"",""24"",""24""]","[""1.680"",""2.520"",""4.151"",""2.075"",""4.151"",""8.301"",""3.360"",""2.075"",""2.075"",""1.680"",""1.680"",""2.075"",""4.151"",""3.360"",""6.226"",""4.151"",""10.376"",""1.680"",""2.075"",""2.520"",""2.075"",""4.151"",""0.840"",""2.075"",""3.360"",""4.151"",""3.360"",""2.075"",""1.680"",""0.840"",""4.151"",""1.680""]","[""3.920"",""5.880"",""1.779"",""0.890"",""1.779"",""3.558"",""7.840"",""0.889"",""0.889"",""3.920"",""3.920"",""0.889"",""1.779"",""7.840"",""2.668"",""1.779"",""4.447"",""3.920"",""0.889"",""5.880"",""0.890"",""1.779"",""1.960"",""0.889"",""7.840"",""1.779"",""7.840"",""0.889"",""3.920"",""1.960"",""1.779"",""3.920""]","{""t01"":[],""t02"":[""t01""],""t03"":[""t01""],""t04"":[""t01""],""t05"":[""t03"",""t04""],""t06"":[""t02"",""t03""],""t07"":[""t02"",""t03""],""t08"":[""t05""],""t09"":[""t06""],""t10"":[""t03"",""t07""],""t11"":[""t09"",""t10""],""t12"":[""t09""],""t13"":[""t01"",""t02"",""t08"",""t09""],""t14"":[""t02"",""t11"",""t12""],""t15"":[""t12"",""t13""],""t16"":[""t13""],""t17"":[""t16""],""t18"":[""t14"",""t16""],""t19"":[""t06"",""t15"",""t16""],""t20"":[""t12"",""t14"",""t17"",""t18"",""t19""],""t21"":[""t08"",""t12"",""t19""],""t22"":[""t15"",""t21""],""t23"":[""t12"",""t20"",""t21""],""t24"":[""t22"",""t23""],""t25"":[""t23""],""t26"":[""t17"",""t18"",""t24""],""t27"":[""t24"",""t25""],""t28"":[""t01"",""t06"",""t20"",""t26""],""t29"":[""t27""],""t30"":[""t03"",""t28"",""t29""],""t31"":[""t18"",""t28""],""t32"":[""t11"",""t30"",""t31""]}"
EXP-08,confirmatory,exp08_confirmatory_n32_mixed_lognormal_15,n32_mixed_lognormal,32,mixed,lognormal,medium,15,0,16039653152869516400,0.5342465753424657534246575342,t01->t03->t06->t08->t13->t16->t17->t20->t23->t24->t26->t29->t31->t32,468,2,tied,0.3,0.7,"[""24"",""24"",""24"",""36"",""24"",""24"",""24"",""72"",""12"",""12"",""24"",""24"",""24"",""36"",""48"",""72"",""24"",""12"",""12"",""24"",""24"",""12"",""48"",""24"",""12"",""24"",""24"",""24"",""24"",""24"",""48"",""12""]","[""1.617"",""4.328"",""1.617"",""6.493"",""4.329"",""1.617"",""4.329"",""4.852"",""2.164"",""2.164"",""4.329"",""4.328"",""1.617"",""6.493"",""8.657"",""4.852"",""1.617"",""2.164"",""2.164"",""1.617"",""4.329"",""2.164"",""3.235"",""1.617"",""2.164"",""1.617"",""4.329"",""4.328"",""1.617"",""4.328"",""3.235"",""0.809""]","[""3.773"",""1.855"",""3.774"",""2.783"",""1.855"",""3.774"",""1.855"",""11.321"",""0.928"",""0.927"",""1.855"",""1.855"",""3.773"",""2.783"",""3.710"",""11.321"",""3.774"",""0.927"",""0.928"",""3.774"",""1.855"",""0.928"",""7.547"",""3.773"",""0.927"",""3.773"",""1.855"",""1.855"",""3.773"",""1.855"",""7.547"",""1.887""]","{""t01"":[],""t02"":[""t01""],""t03"":[""t01""],""t04"":[""t01""],""t05"":[""t02"",""t03"",""t04""],""t06"":[""t03""],""t07"":[""t03""],""t08"":[""t04"",""t06""],""t09"":[""t05""],""t10"":[""t05"",""t07""],""t11"":[""t08"",""t09"",""t10""],""t12"":[""t09"",""t10""],""t13"":[""t08""],""t14"":[""t11""],""t15"":[""t11"",""t12"",""t13""],""t16"":[""t11"",""t12"",""t13""],""t17"":[""t14"",""t16""],""t18"":[""t02"",""t15"",""t16""],""t19"":[""t06"",""t15""],""t20"":[""t11"",""t17"",""t18""],""t21"":[""t09"",""t15"",""t18"",""t19""],""t22"":[""t07"",""t21""],""t23"":[""t20""],""t24"":[""t04"",""t23""],""t25"":[""t22"",""t23""],""t26"":[""t24""],""t27"":[""t25""],""t28"":[""t27""],""t29"":[""t26""],""t30"":[""t28""],""t31"":[""t13"",""t29""],""t32"":[""t19"",""t30"",""t31""]}"
EXP-08,confirmatory,exp08_confirmatory_n32_mixed_lognormal_16,n32_mixed_lognormal,32,mixed,lognormal,medium,16,0,4135089393728880398,0.5142857142857142857142857143,t01->t03->t07->t09->t12->t15->t19->t20->t23->t24->t26->t28->t30->t32,432,1,unique,0.3,0.7,"[""24"",""12"",""24"",""24"",""36"",""24"",""48"",""24"",""24"",""24"",""48"",""24"",""36"",""12"",""24"",""24"",""24"",""12"",""36"",""48"",""12"",""36"",""72"",""12"",""12"",""36"",""24"",""24"",""12"",""24"",""12"",""12""]","[""1.680"",""2.075"",""1.680"",""4.151"",""6.226"",""4.150"",""3.360"",""4.151"",""1.680"",""4.151"",""8.301"",""1.680"",""6.226"",""2.075"",""1.680"",""4.151"",""4.151"",""2.075"",""2.520"",""3.360"",""2.075"",""6.226"",""5.040"",""0.840"",""2.075"",""2.520"",""4.151"",""1.680"",""2.075"",""1.680"",""2.075"",""0.840""]","[""3.920"",""0.889"",""3.920"",""1.779"",""2.668"",""1.779"",""7.840"",""1.779"",""3.920"",""1.779"",""3.558"",""3.920"",""2.668"",""0.889"",""3.920"",""1.779"",""1.779"",""0.890"",""5.880"",""7.840"",""0.890"",""2.668"",""11.760"",""1.960"",""0.889"",""5.880"",""1.779"",""3.920"",""0.889"",""3.920"",""0.889"",""1.960""]","{""t01"":[],""t02"":[""t01""],""t03"":[""t01""],""t04"":[""t01""],""t05"":[""t03""],""t06"":[""t02"",""t03"",""t04""],""t07"":[""t03""],""t08"":[""t05""],""t09"":[""t05"",""t06"",""t07""],""t10"":[""t06""],""t11"":[""t08"",""t09""],""t12"":[""t08"",""t09""],""t13"":[""t10""],""t14"":[""t12""],""t15"":[""t02"",""t12"",""t13""],""t16"":[""t11"",""t12""],""t17"":[""t13"",""t14"",""t16""],""t18"":[""t15""],""t19"":[""t14"",""t15""],""t20"":[""t13"",""t18"",""t19""],""t21"":[""t17""],""t22"":[""t13"",""t20"",""t21""],""t23"":[""t03"",""t13"",""t20""],""t24"":[""t23""],""t25"":[""t22"",""t23""],""t26"":[""t08"",""t24""],""t27"":[""t24"",""t25""],""t28"":[""t26""],""t29"":[""t03"",""t16"",""t22"",""t27""],""t30"":[""t06"",""t22"",""t28""],""t31"":[""t13"",""t28"",""t29""],""t32"":[""t18"",""t30"",""t31""]}"
EXP-08,confirmatory,exp08_confirmatory_n32_mixed_lognormal_17,n32_mixed_lognormal,32,mixed,lognormal,medium,17,0,10173264822325680978,0.5949367088607594936708860759,t01->t04->t05->t10->t12->t15->t17->t21->t23->t25->t26->t28->t30->t32,564,2,tied,0.3,0.7,"[""48"",""12"",""12"",""36"",""72"",""12"",""36"",""48"",""24"",""12"",""12"",""36"",""12"",""12"",""72"",""24"",""48"",""12"",""24"",""36"",""24"",""24"",""24"",""36"",""36"",""24"",""12"",""72"",""24"",""12"",""12"",""48""]","[""2.905"",""2.488"",""2.489"",""2.178"",""4.357"",""2.488"",""7.465"",""9.954"",""4.977"",""0.726"",""2.489"",""2.178"",""2.488"",""2.488"",""4.357"",""4.977"",""2.905"",""2.489"",""4.977"",""7.466"",""1.452"",""4.977"",""1.452"",""7.465"",""2.178"",""1.452"",""2.489"",""4.357"",""4.977"",""0.726"",""2.489"",""2.905""]","[""6.777"",""1.067"",""1.067"",""5.083"",""10.166"",""1.066"",""3.200"",""4.266"",""2.133"",""1.694"",""1.066"",""5.083"",""1.066"",""1.066"",""10.166"",""2.133"",""6.777"",""1.067"",""2.133"",""3.199"",""3.388"",""2.133"",""3.389"",""3.200"",""5.083"",""3.389"",""1.067"",""10.166"",""2.133"",""1.694"",""1.066"",""6.777""]","{""t01"":[],""t02"":[""t01""],""t03"":[""t01""],""t04"":[""t01""],""t05"":[""t03"",""t04""],""t06"":[""t03""],""t07"":[""t01"",""t02""],""t08"":[""t07""],""t09"":[""t05"",""t06""],""t10"":[""t04"",""t05"",""t07""],""t11"":[""t09"",""t10""],""t12"":[""t10""],""t13"":[""t08""],""t14"":[""t12"",""t13""],""t15"":[""t11"",""t12""],""t16"":[""t11""],""t17"":[""t15"",""t16""],""t18"":[""t14"",""t15""],""t19"":[""t15""],""t20"":[""t18"",""t19""],""t21"":[""t05"",""t15"",""t17""],""t22"":[""t09"",""t21""],""t23"":[""t20"",""t21""],""t24"":[""t08"",""t19"",""t23""],""t25"":[""t01"",""t09"",""t15"",""t22"",""t23""],""t26"":[""t25""],""t27"":[""t24""],""t28"":[""t26""],""t29"":[""t03"",""t04"",""t20"",""t27""],""t30"":[""t28"",""t29""],""t31"":[""t04"",""t29""],""t32"":[""t01"",""t30"",""t31""]}"
EXP-08,confirmatory,exp08_confirmatory_n32_mixed_lognormal_18,n32_mixed_lognormal,32,mixed,lognormal,medium,18,1,8777563100253066268,0.5066666666666666666666666667,t01->t03->t07->t10->t13->t14->t18->t20->t22->t25->t26->t28->t31->t32,456,2,tied,0.3,0.7,"[""24"",""24"",""48"",""24"",""36"",""48"",""48"",""12"",""12"",""24"",""24"",""24"",""36"",""36"",""12"",""12"",""12"",""60"",""36"",""12"",""48"",""36"",""24"",""24"",""36"",""36"",""24"",""24"",""12"",""36"",""12"",""24""]","[""1.705"",""4.087"",""3.410"",""4.086"",""6.130"",""8.173"",""3.411"",""2.043"",""2.043"",""1.705"",""4.086"",""4.087"",""2.558"",""2.558"",""2.043"",""2.043"",""2.043"",""4.263"",""6.130"",""0.853"",""8.173"",""2.558"",""4.086"",""4.087"",""2.558"",""2.558"",""4.087"",""1.705"",""2.043"",""6.130"",""0.853"",""1.705""]","[""3.979"",""1.751"",""7.958"",""1.751"",""2.627"",""3.503"",""7.958"",""0.876"",""0.876"",""3.979"",""1.751"",""1.751"",""5.968"",""5.968"",""0.876"",""0.876"",""0.876"",""9.947"",""2.627"",""1.990"",""3.503"",""5.968"",""1.751"",""1.751"",""5.968"",""5.969"",""1.751"",""3.979"",""0.876"",""2.627"",""1.990"",""3.979""]","{""t01"":[],""t02"":[""t01""],""t03"":[""t01""],""t04"":[""t01""],""t05"":[""t04""],""t06"":[""t02""],""t07"":[""t02"",""t03""],""t08"":[""t01"",""t05""],""t09"":[""t05"",""t06""],""t10"":[""t05"",""t06"",""t07""],""t11"":[""t09"",""t10""],""t12"":[""t03"",""t07"",""t08"",""t10""],""t13"":[""t10""],""t14"":[""t12"",""t13""],""t15"":[""t11""],""t16"":[""t11"",""t12""],""t17"":[""t07"",""t15"",""t16""],""t18"":[""t03"",""t14"",""t16""],""t19"":[""t15""],""t20"":[""t18""],""t21"":[""t17"",""t19""],""t22"":[""t06"",""t20""],""t23"":[""t01"",""t21""],""t24"":[""t02"",""t23""],""t25"":[""t09"",""t22"",""t23""],""t26"":[""t24"",""t25""],""t27"":[""t25""],""t28"":[""t01"",""t04"",""t22"",""t23"",""t26"",""t27""],""t29"":[""t02"",""t06"",""t12"",""t27""],""t30"":[""t09"",""t29""],""t31"":[""t28"",""t29""],""t32"":[""t14"",""t30"",""t31""]}"
EXP-08,confirmatory,exp08_confirmatory_n32_mixed_lognormal_19,n32_mixed_lognormal,32,mixed,lognormal,medium,19,0,8538325459686997987,0.5538461538461538461538461538,t01->t02->t06->t10->t11->t16->t17->t21->t22->t25->t27->t29->t31->t32,432,2,tied,0.3,0.7,"[""12"",""12"",""24"",""24"",""24"",""36"",""12"",""12"",""12"",""24"",""24"",""24"",""12"",""24"",""36"",""48"",""36"",""24"",""36"",""12"",""12"",""48"",""12"",""12"",""48"",""24"",""48"",""12"",""12"",""12"",""36"",""36""]","[""0.780"",""0.780"",""4.519"",""4.519"",""4.519"",""2.340"",""2.259"",""2.259"",""2.259"",""1.560"",""1.560"",""4.519"",""2.259"",""4.519"",""6.778"",""3.120"",""2.340"",""4.519"",""6.778"",""2.259"",""0.780"",""3.120"",""2.259"",""2.259"",""3.120"",""4.519"",""3.120"",""2.259"",""0.780"",""2.259"",""2.340"",""2.340""]","[""1.820"",""1.820"",""1.936"",""1.937"",""1.937"",""5.460"",""0.968"",""0.968"",""0.968"",""3.640"",""3.640"",""1.937"",""0.968"",""1.937"",""2.905"",""7.280"",""5.460"",""1.937"",""2.905"",""0.968"",""1.820"",""7.280"",""0.968"",""0.968"",""7.280"",""1.937"",""7.280"",""0.968"",""1.820"",""0.968"",""5.460"",""5.460""]","{""t01"":[],""t02"":[""t01""],""t03"":[""t01""],""t04"":[""t01""],""t05"":[""t02""],""t06"":[""t02""],""t07"":[""t03"",""t04""],""t08"":[""t05""],""t09"":[""t07""],""t10"":[""t06""],""t11"":[""t08"",""t10""],""t12"":[""t02"",""t05"",""t10""],""t13"":[""t08"",""t09""],""t14"":[""t11"",""t13""],""t15"":[""t11"",""t12"",""t13""],""t16"":[""t11""],""t17"":[""t08"",""t14"",""t15"",""t16""],""t18"":[""t14"",""t15""],""t19"":[""t13"",""t14""],""t20"":[""t01"",""t17"",""t18""],""t21"":[""t17"",""t19""],""t22"":[""t19"",""t20"",""t21""],""t23"":[""t11"",""t20""],""t24"":[""t06"",""t08"",""t21"",""t23""],""t25"":[""t22""],""t26"":[""t03"",""t24""],""t27"":[""t25""],""t28"":[""t26""],""t29"":[""t05"",""t27""],""t30"":[""t05"",""t29""],""t31"":[""t05"",""t13"",""t28"",""t29""],""t32"":[""t30"",""t31""]}"
EXP-08,confirmatory,exp08_confirmatory_n32_chain_like_homogeneous_00,n32_chain_like_homogeneous,32,chain_like,homogeneous,high,0,0,12822736421457525553,0.75,t01->t03->t04->t06->t08->t11->t12->t14->t17->t18->t19->t20->t21->t22->t23->t24->t25->t26->t27->t28->t29->t30->t31->t32,288,25,tied,0.3,0.7,"[""12"",""12"",""12"",""12"",""12"",""12"",""12"",""12"",""12"",""12"",""12"",""12"",""12"",""12"",""12"",""12"",""12"",""12"",""12"",""12"",""12"",""12"",""12"",""12"",""12"",""12"",""12"",""12"",""12"",""12"",""12"",""12""]","[""0.576"",""4.032"",""0.576"",""0.576"",""4.032"",""0.576"",""4.032"",""0.576"",""4.032"",""4.032"",""0.576"",""0.576"",""4.032"",""0.576"",""4.032"",""4.032"",""0.576"",""0.576"",""0.576"",""0.576"",""0.576"",""0.576"",""0.576"",""0.576"",""0.576"",""0.576"",""0.576"",""0.576"",""0.576"",""0.576"",""0.576"",""0.576""]","[""1.344"",""1.728"",""1.344"",""1.344"",""1.728"",""1.344"",""1.728"",""1.344"",""1.728"",""1.728"",""1.344"",""1.344"",""1.728"",""1.344"",""1.728"",""1.728"",""1.344"",""1.344"",""1.344"",""1.344"",""1.344"",""1.344"",""1.344"",""1.344"",""1.344"",""1.344"",""1.344"",""1.344"",""1.344"",""1.344"",""1.344"",""1.344""]","{""t01"":[],""t02"":[""t01""],""t03"":[""t01""],""t04"":[""t03""],""t05"":[""t02"",""t03""],""t06"":[""t04"",""t05""],""t07"":[""t04""],""t08"":[""t06""],""t09"":[""t06"",""t07""],""t10"":[""t09""],""t11"":[""t08"",""t09""],""t12"":[""t10"",""t11""],""t13"":[""t11""],""t14"":[""t12""],""t15"":[""t13""],""t16"":[""t15""],""t17"":[""t14"",""t15""],""t18"":[""t16"",""t17""],""t19"":[""t18""],""t20"":[""t19""],""t21"":[""t20""],""t22"":[""t21""],""t23"":[""t22""],""t24"":[""t23""],""t25"":[""t24""],""t26"":[""t25""],""t27"":[""t26""],""t28"":[""t27""],""t29"":[""t28""],""t30"":[""t29""],""t31"":[""t30""],""t32"":[""t31""]}"
EXP-08,confirmatory,exp08_confirmatory_n32_chain_like_homogeneous_01,n32_chain_like_homogeneous,32,chain_like,homogeneous,high,1,0,3415557810487926870,0.75,t01->t02->t05->t07->t08->t10->t13->t15->t16->t18->t19->t20->t21->t22->t23->t24->t25->t26->t27->t28->t29->t30->t31->t32,288,15,tied,0.3,0.7,"[""12"",""12"",""12"",""12"",""12"",""12"",""12"",""12"",""12"",""12"",""12"",""12"",""12"",""12"",""12"",""12"",""12"",""12"",""12"",""12"",""12"",""12"",""12"",""12"",""12"",""12"",""12"",""12"",""12"",""12"",""12"",""12""]","[""0.576"",""0.576"",""4.032"",""4.032"",""0.576"",""4.032"",""0.576"",""0.576"",""4.032"",""0.576"",""4.032"",""4.032"",""0.576"",""4.032"",""0.576"",""0.576"",""4.032"",""0.576"",""0.576"",""0.576"",""0.576"",""0.576"",""0.576"",""0.576"",""0.576"",""0.576"",""0.576"",""0.576"",""0.576"",""0.576"",""0.576"",""0.576""]","[""1.344"",""1.344"",""1.728"",""1.728"",""1.344"",""1.728"",""1.344"",""1.344"",""1.728"",""1.344"",""1.728"",""1.728"",""1.344"",""1.728"",""1.344"",""1.344"",""1.728"",""1.344"",""1.344"",""1.344"",""1.344"",""1.344"",""1.344"",""1.344"",""1.344"",""1.344"",""1.344"",""1.344"",""1.344"",""1.344"",""1.344"",""1.344""]","{""t01"":[],""t02"":[""t01""],""t03"":[""t01""],""t04"":[""t02"",""t03""],""t05"":[""t02""],""t06"":[""t04"",""t05""],""t07"":[""t05""],""t08"":[""t07""],""t09"":[""t06""],""t10"":[""t08""],""t11"":[""t09""],""t12"":[""t11""],""t13"":[""t10"",""t11""],""t14"":[""t12"",""t13""],""t15"":[""t13""],""t16"":[""t15""],""t17"":[""t14"",""t15""],""t18"":[""t16"",""t17""],""t19"":[""t18""],""t20"":[""t19""],""t21"":[""t20""],""t22"":[""t21""],""t23"":[""t22""],""t24"":[""t23""],""t25"":[""t24""],""t26"":[""t25""],""t27"":[""t26""],""t28"":[""t27""],""t29"":[""t28""],""t30"":[""t29""],""t31"":[""t30""],""t32"":[""t31""]}"
EXP-08,confirmatory,exp08_confirmatory_n32_chain_like_homogeneous_02,n32_chain_like_homogeneous,32,chain_like,homogeneous,high,2,0,18214265642885239884,0.75,t01->t02->t04->t06->t09->t11->t13->t15->t17->t18->t19->t20->t21->t22->t23->t24->t25->t26->t27->t28->t29->t30->t31->t32,288,15,tied,0.3,0.7,"[""12"",""12"",""12"",""12"",""12"",""12"",""12"",""12"",""12"",""12"",""12"",""12"",""12"",""12"",""12"",""12"",""12"",""12"",""12"",""12"",""12"",""12"",""12"",""12"",""12"",""12"",""12"",""12"",""12"",""12"",""12"",""12""]","[""0.576"",""0.576"",""4.032"",""0.576"",""4.032"",""0.576"",""4.032"",""4.032"",""0.576"",""4.032"",""0.576"",""4.032"",""0.576"",""4.032"",""0.576"",""4.032"",""0.576"",""0.576"",""0.576"",""0.576"",""0.576"",""0.576"",""0.576"",""0.576"",""0.576"",""0.576"",""0.576"",""0.576"",""0.576"",""0.576"",""0.576"",""0.576""]","[""1.344"",""1.344"",""1.728"",""1.344"",""1.728"",""1.344"",""1.728"",""1.728"",""1.344"",""1.728"",""1.344"",""1.728"",""1.344"",""1.728"",""1.344"",""1.728"",""1.344"",""1.344"",""1.344"",""1.344"",""1.344"",""1.344"",""1.344"",""1.344"",""1.344"",""1.344"",""1.344"",""1.344"",""1.344"",""1.344"",""1.344"",""1.344""]","{""t01"":[],""t02"":[""t01""],""t03"":[""t01""],""t04"":[""t02"",""t03""],""t05"":[""t03""],""t06"":[""t04"",""t05""],""t07"":[""t05""],""t08"":[""t06""],""t09"":[""t06"",""t07""],""t10"":[""t08""],""t11"":[""t09""],""t12"":[""t10"",""t11""],""t13"":[""t11""],""t14"":[""t13""],""t15"":[""t12"",""t13""],""t16"":[""t14""],""t17"":[""t15""],""t18"":[""t16"",""t17""],""t19"":[""t18""],""t20"":[""t19""],""t21"":[""t20""],""t22"":[""t21""],""t23"":[""t22""],""t24"":[""t23""],""t25"":[""t24""],""t26"":[""t25""],""t27"":[""t26""],""t28"":[""t27""],""t29"":[""t28""],""t30"":[""t29""],""t31"":[""t30""],""t32"":[""t31""]}"
EXP-08,confirmatory,exp08_confirmatory_n32_chain_like_homogeneous_03,n32_chain_like_homogeneous,32,chain_like,homogeneous,high,3,0,9066128145912012768,0.75,t01->t02->t05->t07->t08->t11->t13->t15->t16->t18->t19->t20->t21->t22->t23->t24->t25->t26->t27->t28->t29->t30->t31->t32,288,9,tied,0.3,0.7,"[""12"",""12"",""12"",""12"",""12"",""12"",""12"",""12"",""12"",""12"",""12"",""12"",""12"",""12"",""12"",""12"",""12"",""12"",""12"",""12"",""12"",""12"",""12"",""12"",""12"",""12"",""12"",""12"",""12"",""12"",""12"",""12""]","[""0.576"",""0.576"",""4.032"",""4.032"",""0.576"",""4.032"",""0.576"",""0.576"",""4.032"",""4.032"",""0.576"",""4.032"",""0.576"",""4.032"",""0.576"",""0.576"",""4.032"",""0.576"",""0.576"",""0.576"",""0.576"",""0.576"",""0.576"",""0.576"",""0.576"",""0.576"",""0.576"",""0.576"",""0.576"",""0.576"",""0.576"",""0.576""]","[""1.344"",""1.344"",""1.728"",""1.728"",""1.344"",""1.728"",""1.344"",""1.344"",""1.728"",""1.728"",""1.344"",""1.728"",""1.344"",""1.728"",""1.344"",""1.344"",""1.728"",""1.344"",""1.344"",""1.344"",""1.344"",""1.344"",""1.344"",""1.344"",""1.344"",""1.344"",""1.344"",""1.344"",""1.344"",""1.344"",""1.344"",""1.344""]","{""t01"":[],""t02"":[""t01""],""t03"":[""t01""],""t04"":[""t03""],""t05"":[""t02""],""t06"":[""t04"",""t05""],""t07"":[""t05""],""t08"":[""t07""],""t09"":[""t06"",""t07""],""t10"":[""t08""],""t11"":[""t08"",""t09""],""t12"":[""t10"",""t11""],""t13"":[""t11""],""t14"":[""t12""],""t15"":[""t13""],""t16"":[""t15""],""t17"":[""t14""],""t18"":[""t16"",""t17""],""t19"":[""t18""],""t20"":[""t19""],""t21"":[""t20""],""t22"":[""t21""],""t23"":[""t22""],""t24"":[""t23""],""t25"":[""t24""],""t26"":[""t25""],""t27"":[""t26""],""t28"":[""t27""],""t29"":[""t28""],""t30"":[""t29""],""t31"":[""t30""],""t32"":[""t31""]}"
EXP-08,confirmatory,exp08_confirmatory_n32_chain_like_homogeneous_04,n32_chain_like_homogeneous,32,chain_like,homogeneous,high,4,0,11412709149969150623,0.75,t01->t02->t05->t07->t08->t10->t12->t14->t16->t18->t19->t20->t21->t22->t23->t24->t25->t26->t27->t28->t29->t30->t31->t32,288,11,tied,0.3,0.7,"[""12"",""12"",""12"",""12"",""12"",""12"",""12"",""12"",""12"",""12"",""12"",""12"",""12"",""12"",""12"",""12"",""12"",""12"",""12"",""12"",""12"",""12"",""12"",""12"",""12"",""12"",""12"",""12"",""12"",""12"",""12"",""12""]","[""0.576"",""0.576"",""4.032"",""4.032"",""0.576"",""4.032"",""0.576"",""0.576"",""4.032"",""0.576"",""4.032"",""0.576"",""4.032"",""0.576"",""4.032"",""0.576"",""4.032"",""0.576"",""0.576"",""0.576"",""0.576"",""0.576"",""0.576"",""0.576"",""0.576"",""0.576"",""0.576"",""0.576"",""0.576"",""0.576"",""0.576"",""0.576""]","[""1.344"",""1.344"",""1.728"",""1.728"",""1.344"",""1.728"",""1.344"",""1.344"",""1.728"",""1.344"",""1.728"",""1.344"",""1.728"",""1.344"",""1.728"",""1.344"",""1.728"",""1.344"",""1.344"",""1.344"",""1.344"",""1.344"",""1.344"",""1.344"",""1.344"",""1.344"",""1.344"",""1.344"",""1.344"",""1.344"",""1.344"",""1.344""]","{""t01"":[],""t02"":[""t01""],""t03"":[""t01""],""t04"":[""t03""],""t05"":[""t02""],""t06"":[""t04""],""t07"":[""t05""],""t08"":[""t06"",""t07""],""t09"":[""t07""],""t10"":[""t08"",""t09""],""t11"":[""t08""],""t12"":[""t10""],""t13"":[""t10"",""t11""],""t14"":[""t12""],""t15"":[""t13""],""t16"":[""t14""],""t17"":[""t14"",""t15""],""t18"":[""t16"",""t17""],""t19"":[""t18""],""t20"":[""t19""],""t21"":[""t20""],""t22"":[""t21""],""t23"":[""t22""],""t24"":[""t23""],""t25"":[""t24""],""t26"":[""t25""],""t27"":[""t26""],""t28"":[""t27""],""t29"":[""t28""],""t30"":[""t29""],""t31"":[""t30""],""t32"":[""t31""]}"
EXP-08,confirmatory,exp08_confirmatory_n32_chain_like_homogeneous_05,n32_chain_like_homogeneous,32,chain_like,homogeneous,high,5,0,10585342435724376029,0.75,t01->t03->t05->t06->t09->t10->t12->t14->t17->t18->t19->t20->t21->t22->t23->t24->t25->t26->t27->t28->t29->t30->t31->t32,288,10,tied,0.3,0.7,"[""12"",""12"",""12"",""12"",""12"",""12"",""12"",""12"",""12"",""12"",""12"",""12"",""12"",""12"",""12"",""12"",""12"",""12"",""12"",""12"",""12"",""12"",""12"",""12"",""12"",""12"",""12"",""12"",""12"",""12"",""12"",""12""]","[""0.576"",""4.032"",""0.576"",""4.032"",""0.576"",""0.576"",""4.032"",""4.032"",""0.576"",""0.576"",""4.032"",""0.576"",""4.032"",""0.576"",""4.032"",""4.032"",""0.576"",""0.576"",""0.576"",""0.576"",""0.576"",""0.576"",""0.576"",""0.576"",""0.576"",""0.576"",""0.576"",""0.576"",""0.576"",""0.576"",""0.576"",""0.576""]","[""1.344"",""1.728"",""1.344"",""1.728"",""1.344"",""1.344"",""1.728"",""1.728"",""1.344"",""1.344"",""1.728"",""1.344"",""1.728"",""1.344"",""1.728"",""1.728"",""1.344"",""1.344"",""1.344"",""1.344"",""1.344"",""1.344"",""1.344"",""1.344"",""1.344"",""1.344"",""1.344"",""1.344"",""1.344"",""1.344"",""1.344"",""1.344""]","{""t01"":[],""t02"":[""t01""],""t03"":[""t01""],""t04"":[""t02""],""t05"":[""t03""],""t06"":[""t04"",""t05""],""t07"":[""t04""],""t08"":[""t07""],""t09"":[""t06""],""t10"":[""t08"",""t09""],""t11"":[""t09""],""t12"":[""t10""],""t13"":[""t11""],""t14"":[""t12""],""t15"":[""t13""],""t16"":[""t14"",""t15""],""t17"":[""t14"",""t15""],""t18"":[""t16"",""t17""],""t19"":[""t18""],""t20"":[""t19""],""t21"":[""t20""],""t22"":[""t21""],""t23"":[""t22""],""t24"":[""t23""],""t25"":[""t24""],""t26"":[""t25""],""t27"":[""t26""],""t28"":[""t27""],""t29"":[""t28""],""t30"":[""t29""],""t31"":[""t30""],""t32"":[""t31""]}"
EXP-08,confirmatory,exp08_confirmatory_n32_chain_like_homogeneous_06,n32_chain_like_homogeneous,32,chain_like,homogeneous,high,6,0,923944097522969875,0.75,t01->t02->t04->t07->t08->t11->t13->t15->t16->t18->t19->t20->t21->t22->t23->t24->t25->t26->t27->t28->t29->t30->t31->t32,288,16,tied,0.3,0.7,"[""12"",""12"",""12"",""12"",""12"",""12"",""12"",""12"",""12"",""12"",""12"",""12"",""12"",""12"",""12"",""12"",""12"",""12"",""12"",""12"",""12"",""12"",""12"",""12"",""12"",""12"",""12"",""12"",""12"",""12"",""12"",""12""]","[""0.576"",""0.576"",""4.032"",""0.576"",""4.032"",""4.032"",""0.576"",""0.576"",""4.032"",""4.032"",""0.576"",""4.032"",""0.576"",""4.032"",""0.576"",""0.576"",""4.032"",""0.576"",""0.576"",""0.576"",""0.576"",""0.576"",""0.576"",""0.576"",""0.576"",""0.576"",""0.576"",""0.576"",""0.576"",""0.576"",""0.576"",""0.576""]","[""1.344"",""1.344"",""1.728"",""1.344"",""1.728"",""1.728"",""1.344"",""1.344"",""1.728"",""1.728"",""1.344"",""1.728"",""1.344"",""1.728"",""1.344"",""1.344"",""1.728"",""1.344"",""1.344"",""1.344"",""1.344"",""1.344"",""1.344"",""1.344"",""1.344"",""1.344"",""1.344"",""1.344"",""1.344"",""1.344"",""1.344"",""1.344""]","{""t01"":[],""t02"":[""t01""],""t03"":[""t01""],""t04"":[""t02"",""t03""],""t05"":[""t02""],""t06"":[""t04"",""t05""],""t07"":[""t04""],""t08"":[""t07""],""t09"":[""t06"",""t07""],""t10"":[""t08"",""t09""],""t11"":[""t08""],""t12"":[""t10""],""t13"":[""t11""],""t14"":[""t12""],""t15"":[""t13""],""t16"":[""t14"",""t15""],""t17"":[""t14""],""t18"":[""t16"",""t17""],""t19"":[""t18""],""t20"":[""t19""],""t21"":[""t20""],""t22"":[""t21""],""t23"":[""t22""],""t24"":[""t23""],""t25"":[""t24""],""t26"":[""t25""],""t27"":[""t26""],""t28"":[""t27""],""t29"":[""t28""],""t30"":[""t29""],""t31"":[""t30""],""t32"":[""t31""]}"
EXP-08,confirmatory,exp08_confirmatory_n32_chain_like_homogeneous_07,n32_chain_like_homogeneous,32,chain_like,homogeneous,high,7,0,1424587043034083603,0.75,t01->t03->t04->t07->t08->t11->t13->t15->t17->t18->t19->t20->t21->t22->t23->t24->t25->t26->t27->t28->t29->t30->t31->t32,288,13,tied,0.3,0.7,"[""12"",""12"",""12"",""12"",""12"",""12"",""12"",""12"",""12"",""12"",""12"",""12"",""12"",""12"",""12"",""12"",""12"",""12"",""12"",""12"",""12"",""12"",""12"",""12"",""12"",""12"",""12"",""12"",""12"",""12"",""12"",""12""]","[""0.576"",""4.032"",""0.576"",""0.576"",""4.032"",""4.032"",""0.576"",""0.576"",""4.032"",""4.032"",""0.576"",""4.032"",""0.576"",""4.032"",""0.576"",""4.032"",""0.576"",""0.576"",""0.576"",""0.576"",""0.576"",""0.576"",""0.576"",""0.576"",""0.576"",""0.576"",""0.576"",""0.576"",""0.576"",""0.576"",""0.576"",""0.576""]","[""1.344"",""1.728"",""1.344"",""1.344"",""1.728"",""1.728"",""1.344"",""1.344"",""1.728"",""1.728"",""1.344"",""1.728"",""1.344"",""1.728"",""1.344"",""1.728"",""1.344"",""1.344"",""1.344"",""1.344"",""1.344"",""1.344"",""1.344"",""1.344"",""1.344"",""1.344"",""1.344"",""1.344"",""1.344"",""1.344"",""1.344"",""1.344""]","{""t01"":[],""t02"":[""t01""],""t03"":[""t01""],""t04"":[""t03""],""t05"":[""t02"",""t03""],""t06"":[""t04""],""t07"":[""t04"",""t05""],""t08"":[""t07""],""t09"":[""t06"",""t07""],""t10"":[""t09""],""t11"":[""t08""],""t12"":[""t10""],""t13"":[""t11""],""t14"":[""t12"",""t13""],""t15"":[""t13""],""t16"":[""t14"",""t15""],""t17"":[""t15""],""t18"":[""t16"",""t17""],""t19"":[""t18""],""t20"":[""t19""],""t21"":[""t20""],""t22"":[""t21""],""t23"":[""t22""],""t24"":[""t23""],""t25"":[""t24""],""t26"":[""t25""],""t27"":[""t26""],""t28"":[""t27""],""t29"":[""t28""],""t30"":[""t29""],""t31"":[""t30""],""t32"":[""t31""]}"
EXP-08,confirmatory,exp08_confirmatory_n32_chain_like_homogeneous_08,n32_chain_like_homogeneous,32,chain_like,homogeneous,high,8,0,9865915956865642587,0.75,t01->t02->t04->t06->t08->t11->t12->t15->t16->t18->t19->t20->t21->t22->t23->t24->t25->t26->t27->t28->t29->t30->t31->t32,288,7,tied,0.3,0.7,"[""12"",""12"",""12"",""12"",""12"",""12"",""12"",""12"",""12"",""12"",""12"",""12"",""12"",""12"",""12"",""12"",""12"",""12"",""12"",""12"",""12"",""12"",""12"",""12"",""12"",""12"",""12"",""12"",""12"",""12"",""12"",""12""]","[""0.576"",""0.576"",""4.032"",""0.576"",""4.032"",""0.576"",""4.032"",""0.576"",""4.032"",""4.032"",""0.576"",""0.576"",""4.032"",""4.032"",""0.576"",""0.576"",""4.032"",""0.576"",""0.576"",""0.576"",""0.576"",""0.576"",""0.576"",""0.576"",""0.576"",""0.576"",""0.576"",""0.576"",""0.576"",""0.576"",""0.576"",""0.576""]","[""1.344"",""1.344"",""1.728"",""1.344"",""1.728"",""1.344"",""1.728"",""1.344"",""1.728"",""1.728"",""1.344"",""1.344"",""1.728"",""1.728"",""1.344"",""1.344"",""1.728"",""1.344"",""1.344"",""1.344"",""1.344"",""1.344"",""1.344"",""1.344"",""1.344"",""1.344"",""1.344"",""1.344"",""1.344"",""1.344"",""1.344"",""1.344""]","{""t01"":[],""t02"":[""t01""],""t03"":[""t01""],""t04"":[""t02""],""t05"":[""t02"",""t03""],""t06"":[""t04""],""t07"":[""t05""],""t08"":[""t06""],""t09"":[""t06"",""t07""],""t10"":[""t08"",""t09""],""t11"":[""t08""],""t12"":[""t11""],""t13"":[""t10""],""t14"":[""t12"",""t13""],""t15"":[""t12""],""t16"":[""t15""],""t17"":[""t14"",""t15""],""t18"":[""t16"",""t17""],""t19"":[""t18""],""t20"":[""t19""],""t21"":[""t20""],""t22"":[""t21""],""t23"":[""t22""],""t24"":[""t23""],""t25"":[""t24""],""t26"":[""t25""],""t27"":[""t26""],""t28"":[""t27""],""t29"":[""t28""],""t30"":[""t29""],""t31"":[""t30""],""t32"":[""t31""]}"
EXP-08,confirmatory,exp08_confirmatory_n32_chain_like_homogeneous_09,n32_chain_like_homogeneous,32,chain_like,homogeneous,high,9,0,13204036453481753626,0.75,t01->t02->t04->t06->t08->t10->t13->t15->t16->t18->t19->t20->t21->t22->t23->t24->t25->t26->t27->t28->t29->t30->t31->t32,288,30,tied,0.3,0.7,"[""12"",""12"",""12"",""12"",""12"",""12"",""12"",""12"",""12"",""12"",""12"",""12"",""12"",""12"",""12"",""12"",""12"",""12"",""12"",""12"",""12"",""12"",""12"",""12"",""12"",""12"",""12"",""12"",""12"",""12"",""12"",""12""]","[""0.576"",""0.576"",""4.032"",""0.576"",""4.032"",""0.576"",""4.032"",""0.576"",""4.032"",""0.576"",""4.032"",""4.032"",""0.576"",""4.032"",""0.576"",""0.576"",""4.032"",""0.576"",""0.576"",""0.576"",""0.576"",""0.576"",""0.576"",""0.576"",""0.576"",""0.576"",""0.576"",""0.576"",""0.576"",""0.576"",""0.576"",""0.576""]","[""1.344"",""1.344"",""1.728"",""1.344"",""1.728"",""1.344"",""1.728"",""1.344"",""1.728"",""1.344"",""1.728"",""1.728"",""1.344"",""1.728"",""1.344"",""1.344"",""1.728"",""1.344"",""1.344"",""1.344"",""1.344"",""1.344"",""1.344"",""1.344"",""1.344"",""1.344"",""1.344"",""1.344"",""1.344"",""1.344"",""1.344"",""1.344""]","{""t01"":[],""t02"":[""t01""],""t03"":[""t01""],""t04"":[""t02"",""t03""],""t05"":[""t02""],""t06"":[""t04"",""t05""],""t07"":[""t04""],""t08"":[""t06"",""t07""],""t09"":[""t06""],""t10"":[""t08"",""t09""],""t11"":[""t09""],""t12"":[""t10""],""t13"":[""t10"",""t11""],""t14"":[""t12""],""t15"":[""t13""],""t16"":[""t15""],""t17"":[""t14"",""t15""],""t18"":[""t16"",""t17""],""t19"":[""t18""],""t20"":[""t19""],""t21"":[""t20""],""t22"":[""t21""],""t23"":[""t22""],""t24"":[""t23""],""t25"":[""t24""],""t26"":[""t25""],""t27"":[""t26""],""t28"":[""t27""],""t29"":[""t28""],""t30"":[""t29""],""t31"":[""t30""],""t32"":[""t31""]}"
EXP-08,confirmatory,exp08_confirmatory_n32_chain_like_homogeneous_10,n32_chain_like_homogeneous,32,chain_like,homogeneous,high,10,0,3582267607750785535,0.75,t01->t02->t05->t06->t09->t10->t13->t14->t16->t18->t19->t20->t21->t22->t23->t24->t25->t26->t27->t28->t29->t30->t31->t32,288,13,tied,0.3,0.7,"[""12"",""12"",""12"",""12"",""12"",""12"",""12"",""12"",""12"",""12"",""12"",""12"",""12"",""12"",""12"",""12"",""12"",""12"",""12"",""12"",""12"",""12"",""12"",""12"",""12"",""12"",""12"",""12"",""12"",""12"",""12"",""12""]","[""0.576"",""0.576"",""4.032"",""4.032"",""0.576"",""0.576"",""4.032"",""4.032"",""0.576"",""0.576"",""4.032"",""4.032"",""0.576"",""0.576"",""4.032"",""0.576"",""4.032"",""0.576"",""0.576"",""0.576"",""0.576"",""0.576"",""0.576"",""0.576"",""0.576"",""0.576"",""0.576"",""0.576"",""0.576"",""0.576"",""0.576"",""0.576""]","[""1.344"",""1.344"",""1.728"",""1.728"",""1.344"",""1.344"",""1.728"",""1.728"",""1.344"",""1.344"",""1.728"",""1.728"",""1.344"",""1.344"",""1.728"",""1.344"",""1.728"",""1.344"",""1.344"",""1.344"",""1.344"",""1.344"",""1.344"",""1.344"",""1.344"",""1.344"",""1.344"",""1.344"",""1.344"",""1.344"",""1.344"",""1.344""]","{""t01"":[],""t02"":[""t01""],""t03"":[""t01""],""t04"":[""t03""],""t05"":[""t02""],""t06"":[""t05""],""t07"":[""t04"",""t05""],""t08"":[""t07""],""t09"":[""t06""],""t10"":[""t08"",""t09""],""t11"":[""t08""],""t12"":[""t10""],""t13"":[""t10"",""t11""],""t14"":[""t13""],""t15"":[""t12"",""t13""],""t16"":[""t14""],""t17"":[""t15""],""t18"":[""t16"",""t17""],""t19"":[""t18""],""t20"":[""t19""],""t21"":[""t20""],""t22"":[""t21""],""t23"":[""t22""],""t24"":[""t23""],""t25"":[""t24""],""t26"":[""t25""],""t27"":[""t26""],""t28"":[""t27""],""t29"":[""t28""],""t30"":[""t29""],""t31"":[""t30""],""t32"":[""t31""]}"
EXP-08,confirmatory,exp08_confirmatory_n32_chain_like_homogeneous_11,n32_chain_like_homogeneous,32,chain_like,homogeneous,high,11,0,7695024236331934657,0.75,t01->t02->t05->t07->t09->t10->t12->t15->t16->t18->t19->t20->t21->t22->t23->t24->t25->t26->t27->t28->t29->t30->t31->t32,288,23,tied,0.3,0.7,"[""12"",""12"",""12"",""12"",""12"",""12"",""12"",""12"",""12"",""12"",""12"",""12"",""12"",""12"",""12"",""12"",""12"",""12"",""12"",""12"",""12"",""12"",""12"",""12"",""12"",""12"",""12"",""12"",""12"",""12"",""12"",""12""]","[""0.576"",""0.576"",""4.032"",""4.032"",""0.576"",""4.032"",""0.576"",""4.032"",""0.576"",""0.576"",""4.032"",""0.576"",""4.032"",""4.032"",""0.576"",""0.576"",""4.032"",""0.576"",""0.576"",""0.576"",""0.576"",""0.576"",""0.576"",""0.576"",""0.576"",""0.576"",""0.576"",""0.576"",""0.576"",""0.576"",""0.576"",""0.576""]","[""1.344"",""1.344"",""1.728"",""1.728"",""1.344"",""1.728"",""1.344"",""1.728"",""1.344"",""1.344"",""1.728"",""1.344"",""1.728"",""1.728"",""1.344"",""1.344"",""1.728"",""1.344"",""1.344"",""1.344"",""1.344"",""1.344"",""1.344"",""1.344"",""1.344"",""1.344"",""1.344"",""1.344"",""1.344"",""1.344"",""1.344"",""1.344""]","{""t01"":[],""t02"":[""t01""],""t03"":[""t01""],""t04"":[""t03""],""t05"":[""t02"",""t03""],""t06"":[""t04""],""t07"":[""t04"",""t05""],""t08"":[""t07""],""t09"":[""t06"",""t07""],""t10"":[""t08"",""t09""],""t11"":[""t08""],""t12"":[""t10"",""t11""],""t13"":[""t11""],""t14"":[""t12"",""t13""],""t15"":[""t12""],""t16"":[""t15""],""t17"":[""t14""],""t18"":[""t16"",""t17""],""t19"":[""t18""],""t20"":[""t19""],""t21"":[""t20""],""t22"":[""t21""],""t23"":[""t22""],""t24"":[""t23""],""t25"":[""t24""],""t26"":[""t25""],""t27"":[""t26""],""t28"":[""t27""],""t29"":[""t28""],""t30"":[""t29""],""t31"":[""t30""],""t32"":[""t31""]}"
EXP-08,confirmatory,exp08_confirmatory_n32_chain_like_homogeneous_12,n32_chain_like_homogeneous,32,chain_like,homogeneous,high,12,0,1106327263884891618,0.75,t01->t03->t05->t07->t08->t11->t12->t14->t16->t18->t19->t20->t21->t22->t23->t24->t25->t26->t27->t28->t29->t30->t31->t32,288,17,tied,0.3,0.7,"[""12"",""12"",""12"",""12"",""12"",""12"",""12"",""12"",""12"",""12"",""12"",""12"",""12"",""12"",""12"",""12"",""12"",""12"",""12"",""12"",""12"",""12"",""12"",""12"",""12"",""12"",""12"",""12"",""12"",""12"",""12"",""12""]","[""0.576"",""4.032"",""0.576"",""4.032"",""0.576"",""4.032"",""0.576"",""0.576"",""4.032"",""4.032"",""0.576"",""0.576"",""4.032"",""0.576"",""4.032"",""0.576"",""4.032"",""0.576"",""0.576"",""0.576"",""0.576"",""0.576"",""0.576"",""0.576"",""0.576"",""0.576"",""0.576"",""0.576"",""0.576"",""0.576"",""0.576"",""0.576""]","[""1.344"",""1.728"",""1.344"",""1.728"",""1.344"",""1.728"",""1.344"",""1.344"",""1.728"",""1.728"",""1.344"",""1.344"",""1.728"",""1.344"",""1.728"",""1.344"",""1.728"",""1.344"",""1.344"",""1.344"",""1.344"",""1.344"",""1.344"",""1.344"",""1.344"",""1.344"",""1.344"",""1.344"",""1.344"",""1.344"",""1.344"",""1.344""]","{""t01"":[],""t02"":[""t01""],""t03"":[""t01""],""t04"":[""t02"",""t03""],""t05"":[""t03""],""t06"":[""t04""],""t07"":[""t04"",""t05""],""t08"":[""t07""],""t09"":[""t06""],""t10"":[""t09""],""t11"":[""t08"",""t09""],""t12"":[""t10"",""t11""],""t13"":[""t11""],""t14"":[""t12"",""t13""],""t15"":[""t13""],""t16"":[""t14""],""t17"":[""t15""],""t18"":[""t16"",""t17""],""t19"":[""t18""],""t20"":[""t19""],""t21"":[""t20""],""t22"":[""t21""],""t23"":[""t22""],""t24"":[""t23""],""t25"":[""t24""],""t26"":[""t25""],""t27"":[""t26""],""t28"":[""t27""],""t29"":[""t28""],""t30"":[""t29""],""t31"":[""t30""],""t32"":[""t31""]}"
EXP-08,confirmatory,exp08_confirmatory_n32_chain_like_homogeneous_13,n32_chain_like_homogeneous,32,chain_like,homogeneous,high,13,0,3635455078514539762,0.75,t01->t02->t05->t06->t08->t11->t13->t14->t16->t18->t19->t20->t21->t22->t23->t24->t25->t26->t27->t28->t29->t30->t31->t32,288,7,tied,0.3,0.7,"[""12"",""12"",""12"",""12"",""12"",""12"",""12"",""12"",""12"",""12"",""12"",""12"",""12"",""12"",""12"",""12"",""12"",""12"",""12"",""12"",""12"",""12"",""12"",""12"",""12"",""12"",""12"",""12"",""12"",""12"",""12"",""12""]","[""0.576"",""0.576"",""4.032"",""4.032"",""0.576"",""0.576"",""4.032"",""0.576"",""4.032"",""4.032"",""0.576"",""4.032"",""0.576"",""0.576"",""4.032"",""0.576"",""4.032"",""0.576"",""0.576"",""0.576"",""0.576"",""0.576"",""0.576"",""0.576"",""0.576"",""0.576"",""0.576"",""0.576"",""0.576"",""0.576"",""0.576"",""0.576""]","[""1.344"",""1.344"",""1.728"",""1.728"",""1.344"",""1.344"",""1.728"",""1.344"",""1.728"",""1.728"",""1.344"",""1.728"",""1.344"",""1.344"",""1.728"",""1.344"",""1.728"",""1.344"",""1.344"",""1.344"",""1.344"",""1.344"",""1.344"",""1.344"",""1.344"",""1.344"",""1.344"",""1.344"",""1.344"",""1.344"",""1.344"",""1.344""]","{""t01"":[],""t02"":[""t01""],""t03"":[""t01""],""t04"":[""t02"",""t03""],""t05"":[""t02""],""t06"":[""t05""],""t07"":[""t04"",""t05""],""t08"":[""t06""],""t09"":[""t07""],""t10"":[""t09""],""t11"":[""t08""],""t12"":[""t10""],""t13"":[""t11""],""t14"":[""t12"",""t13""],""t15"":[""t12""],""t16"":[""t14""],""t17"":[""t15""],""t18"":[""t16"",""t17""],""t19"":[""t18""],""t20"":[""t19""],""t21"":[""t20""],""t22"":[""t21""],""t23"":[""t22""],""t24"":[""t23""],""t25"":[""t24""],""t26"":[""t25""],""t27"":[""t26""],""t28"":[""t27""],""t29"":[""t28""],""t30"":[""t29""],""t31"":[""t30""],""t32"":[""t31""]}"
EXP-08,confirmatory,exp08_confirmatory_n32_chain_like_homogeneous_14,n32_chain_like_homogeneous,32,chain_like,homogeneous,high,14,0,5387583726011555929,0.75,t01->t03->t04->t06->t08->t10->t13->t15->t17->t18->t19->t20->t21->t22->t23->t24->t25->t26->t27->t28->t29->t30->t31->t32,288,9,tied,0.3,0.7,"[""12"",""12"",""12"",""12"",""12"",""12"",""12"",""12"",""12"",""12"",""12"",""12"",""12"",""12"",""12"",""12"",""12"",""12"",""12"",""12"",""12"",""12"",""12"",""12"",""12"",""12"",""12"",""12"",""12"",""12"",""12"",""12""]","[""0.576"",""4.032"",""0.576"",""0.576"",""4.032"",""0.576"",""4.032"",""0.576"",""4.032"",""0.576"",""4.032"",""4.032"",""0.576"",""4.032"",""0.576"",""4.032"",""0.576"",""0.576"",""0.576"",""0.576"",""0.576"",""0.576"",""0.576"",""0.576"",""0.576"",""0.576"",""0.576"",""0.576"",""0.576"",""0.576"",""0.576"",""0.576""]","[""1.344"",""1.728"",""1.344"",""1.344"",""1.728"",""1.344"",""1.728"",""1.344"",""1.728"",""1.344"",""1.728"",""1.728"",""1.344"",""1.728"",""1.344"",""1.728"",""1.344"",""1.344"",""1.344"",""1.344"",""1.344"",""1.344"",""1.344"",""1.344"",""1.344"",""1.344"",""1.344"",""1.344"",""1.344"",""1.344"",""1.344"",""1.344""]","{""t01"":[],""t02"":[""t01""],""t03"":[""t01""],""t04"":[""t03""],""t05"":[""t02""],""t06"":[""t04""],""t07"":[""t04"",""t05""],""t08"":[""t06"",""t07""],""t09"":[""t06""],""t10"":[""t08""],""t11"":[""t09""],""t12"":[""t11""],""t13"":[""t10"",""t11""],""t14"":[""t12""],""t15"":[""t13""],""t16"":[""t15""],""t17"":[""t14"",""t15""],""t18"":[""t16"",""t17""],""t19"":[""t18""],""t20"":[""t19""],""t21"":[""t20""],""t22"":[""t21""],""t23"":[""t22""],""t24"":[""t23""],""t25"":[""t24""],""t26"":[""t25""],""t27"":[""t26""],""t28"":[""t27""],""t29"":[""t28""],""t30"":[""t29""],""t31"":[""t30""],""t32"":[""t31""]}"
EXP-08,confirmatory,exp08_confirmatory_n32_chain_like_homogeneous_15,n32_chain_like_homogeneous,32,chain_like,homogeneous,high,15,0,12249310719859702506,0.75,t01->t03->t04->t06->t08->t10->t13->t15->t16->t18->t19->t20->t21->t22->t23->t24->t25->t26->t27->t28->t29->t30->t31->t32,288,19,tied,0.3,0.7,"[""12"",""12"",""12"",""12"",""12"",""12"",""12"",""12"",""12"",""12"",""12"",""12"",""12"",""12"",""12"",""12"",""12"",""12"",""12"",""12"",""12"",""12"",""12"",""12"",""12"",""12"",""12"",""12"",""12"",""12"",""12"",""12""]","[""0.576"",""4.032"",""0.576"",""0.576"",""4.032"",""0.576"",""4.032"",""0.576"",""4.032"",""0.576"",""4.032"",""4.032"",""0.576"",""4.032"",""0.576"",""0.576"",""4.032"",""0.576"",""0.576"",""0.576"",""0.576"",""0.576"",""0.576"",""0.576"",""0.576"",""0.576"",""0.576"",""0.576"",""0.576"",""0.576"",""0.576"",""0.576""]","[""1.344"",""1.728"",""1.344"",""1.344"",""1.728"",""1.344"",""1.728"",""1.344"",""1.728"",""1.344"",""1.728"",""1.728"",""1.344"",""1.728"",""1.344"",""1.344"",""1.728"",""1.344"",""1.344"",""1.344"",""1.344"",""1.344"",""1.344"",""1.344"",""1.344"",""1.344"",""1.344"",""1.344"",""1.344"",""1.344"",""1.344"",""1.344""]","{""t01"":[],""t02"":[""t01""],""t03"":[""t01""],""t04"":[""t03""],""t05"":[""t02""],""t06"":[""t04"",""t05""],""t07"":[""t04""],""t08"":[""t06""],""t09"":[""t07""],""t10"":[""t08"",""t09""],""t11"":[""t08""],""t12"":[""t11""],""t13"":[""t10"",""t11""],""t14"":[""t13""],""t15"":[""t12"",""t13""],""t16"":[""t15""],""t17"":[""t14"",""t15""],""t18"":[""t16"",""t17""],""t19"":[""t18""],""t20"":[""t19""],""t21"":[""t20""],""t22"":[""t21""],""t23"":[""t22""],""t24"":[""t23""],""t25"":[""t24""],""t26"":[""t25""],""t27"":[""t26""],""t28"":[""t27""],""t29"":[""t28""],""t30"":[""t29""],""t31"":[""t30""],""t32"":[""t31""]}"
EXP-08,confirmatory,exp08_confirmatory_n32_chain_like_homogeneous_16,n32_chain_like_homogeneous,32,chain_like,homogeneous,high,16,0,16293875458241172679,0.75,t01->t03->t05->t06->t08->t11->t13->t14->t16->t18->t19->t20->t21->t22->t23->t24->t25->t26->t27->t28->t29->t30->t31->t32,288,13,tied,0.3,0.7,"[""12"",""12"",""12"",""12"",""12"",""12"",""12"",""12"",""12"",""12"",""12"",""12"",""12"",""12"",""12"",""12"",""12"",""12"",""12"",""12"",""12"",""12"",""12"",""12"",""12"",""12"",""12"",""12"",""12"",""12"",""12"",""12""]","[""0.576"",""4.032"",""0.576"",""4.032"",""0.576"",""0.576"",""4.032"",""0.576"",""4.032"",""4.032"",""0.576"",""4.032"",""0.576"",""0.576"",""4.032"",""0.576"",""4.032"",""0.576"",""0.576"",""0.576"",""0.576"",""0.576"",""0.576"",""0.576"",""0.576"",""0.576"",""0.576"",""0.576"",""0.576"",""0.576"",""0.576"",""0.576""]","[""1.344"",""1.728"",""1.344"",""1.728"",""1.344"",""1.344"",""1.728"",""1.344"",""1.728"",""1.728"",""1.344"",""1.728"",""1.344"",""1.344"",""1.728"",""1.344"",""1.728"",""1.344"",""1.344"",""1.344"",""1.344"",""1.344"",""1.344"",""1.344"",""1.344"",""1.344"",""1.344"",""1.344"",""1.344"",""1.344"",""1.344"",""1.344""]","{""t01"":[],""t02"":[""t01""],""t03"":[""t01""],""t04"":[""t02""],""t05"":[""t03""],""t06"":[""t05""],""t07"":[""t04"",""t05""],""t08"":[""t06""],""t09"":[""t07""],""t10"":[""t08"",""t09""],""t11"":[""t08""],""t12"":[""t10"",""t11""],""t13"":[""t11""],""t14"":[""t12"",""t13""],""t15"":[""t12""],""t16"":[""t14"",""t15""],""t17"":[""t15""],""t18"":[""t16"",""t17""],""t19"":[""t18""],""t20"":[""t19""],""t21"":[""t20""],""t22"":[""t21""],""t23"":[""t22""],""t24"":[""t23""],""t25"":[""t24""],""t26"":[""t25""],""t27"":[""t26""],""t28"":[""t27""],""t29"":[""t28""],""t30"":[""t29""],""t31"":[""t30""],""t32"":[""t31""]}"
EXP-08,confirmatory,exp08_confirmatory_n32_chain_like_homogeneous_17,n32_chain_like_homogeneous,32,chain_like,homogeneous,high,17,0,7449164592137001662,0.75,t01->t02->t04->t06->t09->t10->t12->t15->t16->t18->t19->t20->t21->t22->t23->t24->t25->t26->t27->t28->t29->t30->t31->t32,288,7,tied,0.3,0.7,"[""12"",""12"",""12"",""12"",""12"",""12"",""12"",""12"",""12"",""12"",""12"",""12"",""12"",""12"",""12"",""12"",""12"",""12"",""12"",""12"",""12"",""12"",""12"",""12"",""12"",""12"",""12"",""12"",""12"",""12"",""12"",""12""]","[""0.576"",""0.576"",""4.032"",""0.576"",""4.032"",""0.576"",""4.032"",""4.032"",""0.576"",""0.576"",""4.032"",""0.576"",""4.032"",""4.032"",""0.576"",""0.576"",""4.032"",""0.576"",""0.576"",""0.576"",""0.576"",""0.576"",""0.576"",""0.576"",""0.576"",""0.576"",""0.576"",""0.576"",""0.576"",""0.576"",""0.576"",""0.576""]","[""1.344"",""1.344"",""1.728"",""1.344"",""1.728"",""1.344"",""1.728"",""1.728"",""1.344"",""1.344"",""1.728"",""1.344"",""1.728"",""1.728"",""1.344"",""1.344"",""1.728"",""1.344"",""1.344"",""1.344"",""1.344"",""1.344"",""1.344"",""1.344"",""1.344"",""1.344"",""1.344"",""1.344"",""1.344"",""1.344"",""1.344"",""1.344""]","{""t01"":[],""t02"":[""t01""],""t03"":[""t01""],""t04"":[""t02""],""t05"":[""t03""],""t06"":[""t04""],""t07"":[""t05""],""t08"":[""t07""],""t09"":[""t06""],""t10"":[""t08"",""t09""],""t11"":[""t09""],""t12"":[""t10""],""t13"":[""t11""],""t14"":[""t12"",""t13""],""t15"":[""t12""],""t16"":[""t15""],""t17"":[""t14"",""t15""],""t18"":[""t16"",""t17""],""t19"":[""t18""],""t20"":[""t19""],""t21"":[""t20""],""t22"":[""t21""],""t23"":[""t22""],""t24"":[""t23""],""t25"":[""t24""],""t26"":[""t25""],""t27"":[""t26""],""t28"":[""t27""],""t29"":[""t28""],""t30"":[""t29""],""t31"":[""t30""],""t32"":[""t31""]}"
EXP-08,confirmatory,exp08_confirmatory_n32_chain_like_homogeneous_18,n32_chain_like_homogeneous,32,chain_like,homogeneous,high,18,0,1344786262365261416,0.75,t01->t03->t05->t06->t08->t11->t13->t15->t16->t18->t19->t20->t21->t22->t23->t24->t25->t26->t27->t28->t29->t30->t31->t32,288,14,tied,0.3,0.7,"[""12"",""12"",""12"",""12"",""12"",""12"",""12"",""12"",""12"",""12"",""12"",""12"",""12"",""12"",""12"",""12"",""12"",""12"",""12"",""12"",""12"",""12"",""12"",""12"",""12"",""12"",""12"",""12"",""12"",""12"",""12"",""12""]","[""0.576"",""4.032"",""0.576"",""4.032"",""0.576"",""0.576"",""4.032"",""0.576"",""4.032"",""4.032"",""0.576"",""4.032"",""0.576"",""4.032"",""0.576"",""0.576"",""4.032"",""0.576"",""0.576"",""0.576"",""0.576"",""0.576"",""0.576"",""0.576"",""0.576"",""0.576"",""0.576"",""0.576"",""0.576"",""0.576"",""0.576"",""0.576""]","[""1.344"",""1.728"",""1.344"",""1.728"",""1.344"",""1.344"",""1.728"",""1.344"",""1.728"",""1.728"",""1.344"",""1.728"",""1.344"",""1.728"",""1.344"",""1.344"",""1.728"",""1.344"",""1.344"",""1.344"",""1.344"",""1.344"",""1.344"",""1.344"",""1.344"",""1.344"",""1.344"",""1.344"",""1.344"",""1.344"",""1.344"",""1.344""]","{""t01"":[],""t02"":[""t01""],""t03"":[""t01""],""t04"":[""t02"",""t03""],""t05"":[""t03""],""t06"":[""t04"",""t05""],""t07"":[""t05""],""t08"":[""t06""],""t09"":[""t07""],""t10"":[""t08""],""t11"":[""t08"",""t09""],""t12"":[""t10""],""t13"":[""t11""],""t14"":[""t12"",""t13""],""t15"":[""t12"",""t13""],""t16"":[""t15""],""t17"":[""t14""],""t18"":[""t16"",""t17""],""t19"":[""t18""],""t20"":[""t19""],""t21"":[""t20""],""t22"":[""t21""],""t23"":[""t22""],""t24"":[""t23""],""t25"":[""t24""],""t26"":[""t25""],""t27"":[""t26""],""t28"":[""t27""],""t29"":[""t28""],""t30"":[""t29""],""t31"":[""t30""],""t32"":[""t31""]}"
EXP-08,confirmatory,exp08_confirmatory_n32_chain_like_homogeneous_19,n32_chain_like_homogeneous,32,chain_like,homogeneous,high,19,0,9489966797068236444,0.75,t01->t03->t05->t06->t09->t11->t12->t14->t16->t18->t19->t20->t21->t22->t23->t24->t25->t26->t27->t28->t29->t30->t31->t32,288,33,tied,0.3,0.7,"[""12"",""12"",""12"",""12"",""12"",""12"",""12"",""12"",""12"",""12"",""12"",""12"",""12"",""12"",""12"",""12"",""12"",""12"",""12"",""12"",""12"",""12"",""12"",""12"",""12"",""12"",""12"",""12"",""12"",""12"",""12"",""12""]","[""0.576"",""4.032"",""0.576"",""4.032"",""0.576"",""0.576"",""4.032"",""4.032"",""0.576"",""4.032"",""0.576"",""0.576"",""4.032"",""0.576"",""4.032"",""0.576"",""4.032"",""0.576"",""0.576"",""0.576"",""0.576"",""0.576"",""0.576"",""0.576"",""0.576"",""0.576"",""0.576"",""0.576"",""0.576"",""0.576"",""0.576"",""0.576""]","[""1.344"",""1.728"",""1.344"",""1.728"",""1.344"",""1.344"",""1.728"",""1.728"",""1.344"",""1.728"",""1.344"",""1.344"",""1.728"",""1.344"",""1.728"",""1.344"",""1.728"",""1.344"",""1.344"",""1.344"",""1.344"",""1.344"",""1.344"",""1.344"",""1.344"",""1.344"",""1.344"",""1.344"",""1.344"",""1.344"",""1.344"",""1.344""]","{""t01"":[],""t02"":[""t01""],""t03"":[""t01""],""t04"":[""t02"",""t03""],""t05"":[""t03""],""t06"":[""t05""],""t07"":[""t04"",""t05""],""t08"":[""t06"",""t07""],""t09"":[""t06""],""t10"":[""t08""],""t11"":[""t08"",""t09""],""t12"":[""t11""],""t13"":[""t10"",""t11""],""t14"":[""t12""],""t15"":[""t12"",""t13""],""t16"":[""t14"",""t15""],""t17"":[""t15""],""t18"":[""t16"",""t17""],""t19"":[""t18""],""t20"":[""t19""],""t21"":[""t20""],""t22"":[""t21""],""t23"":[""t22""],""t24"":[""t23""],""t25"":[""t24""],""t26"":[""t25""],""t27"":[""t26""],""t28"":[""t27""],""t29"":[""t28""],""t30"":[""t29""],""t31"":[""t30""],""t32"":[""t31""]}"
EXP-08,confirmatory,exp08_confirmatory_n32_chain_like_lognormal_00,n32_chain_like_lognormal,32,chain_like,lognormal,high,0,0,16899522257874822025,0.8611111111111111111111111111,t01->t02->t05->t07->t09->t11->t13->t14->t17->t18->t19->t20->t21->t22->t23->t24->t25->t26->t27->t28->t29->t30->t31->t32,744,2,tied,0.3,0.7,"[""36"",""24"",""24"",""12"",""24"",""12"",""24"",""12"",""12"",""12"",""24"",""24"",""72"",""12"",""12"",""12"",""36"",""48"",""36"",""24"",""24"",""36"",""24"",""12"",""24"",""12"",""12"",""24"",""60"",""36"",""60"",""48""]","[""1.505"",""1.003"",""14.515"",""7.258"",""1.003"",""7.257"",""1.003"",""7.257"",""0.502"",""7.258"",""1.003"",""14.515"",""3.010"",""0.502"",""7.258"",""7.258"",""1.505"",""2.007"",""1.505"",""1.003"",""1.003"",""1.505"",""1.003"",""0.502"",""1.003"",""0.502"",""0.502"",""1.003"",""2.509"",""1.505"",""2.509"",""2.007""]","[""3.512"",""2.341"",""6.221"",""3.111"",""2.341"",""3.110"",""2.341"",""3.110"",""1.171"",""3.110"",""2.341"",""6.221"",""7.023"",""1.171"",""3.110"",""3.111"",""3.512"",""4.682"",""3.512"",""2.341"",""2.341"",""3.512"",""2.341"",""1.171"",""2.341"",""1.170"",""1.171"",""2.341"",""5.853"",""3.512"",""5.853"",""4.682""]","{""t01"":[],""t02"":[""t01""],""t03"":[""t01""],""t04"":[""t03""],""t05"":[""t02""],""t06"":[""t04""],""t07"":[""t05""],""t08"":[""t06"",""t07""],""t09"":[""t07""],""t10"":[""t08""],""t11"":[""t09""],""t12"":[""t10"",""t11""],""t13"":[""t11""],""t14"":[""t13""],""t15"":[""t12"",""t13""],""t16"":[""t15""],""t17"":[""t14"",""t15""],""t18"":[""t16"",""t17""],""t19"":[""t18""],""t20"":[""t19""],""t21"":[""t20""],""t22"":[""t21""],""t23"":[""t22""],""t24"":[""t23""],""t25"":[""t24""],""t26"":[""t25""],""t27"":[""t26""],""t28"":[""t27""],""t29"":[""t28""],""t30"":[""t29""],""t31"":[""t30""],""t32"":[""t31""]}"
EXP-08,confirmatory,exp08_confirmatory_n32_chain_like_lognormal_01,n32_chain_like_lognormal,32,chain_like,lognormal,high,1,0,112988043618073243,0.7941176470588235294117647059,t01->t02->t05->t07->t08->t10->t12->t15->t16->t18->t19->t20->t21->t22->t23->t24->t25->t26->t27->t28->t29->t30->t31->t32,648,3,tied,0.3,0.7,"[""48"",""36"",""24"",""24"",""24"",""12"",""24"",""12"",""24"",""36"",""24"",""12"",""24"",""24"",""12"",""12"",""12"",""36"",""12"",""48"",""12"",""24"",""24"",""48"",""36"",""24"",""24"",""36"",""24"",""36"",""12"",""36""]","[""2.176"",""1.632"",""9.792"",""9.792"",""1.088"",""4.896"",""1.088"",""0.544"",""9.792"",""1.632"",""9.792"",""0.544"",""9.792"",""9.792"",""0.544"",""0.544"",""4.896"",""1.632"",""0.544"",""2.176"",""0.544"",""1.088"",""1.088"",""2.176"",""1.632"",""1.088"",""1.088"",""1.632"",""1.088"",""1.632"",""0.544"",""1.632""]","[""5.077"",""3.808"",""4.197"",""4.197"",""2.539"",""2.098"",""2.539"",""1.269"",""4.196"",""3.808"",""4.197"",""1.269"",""4.197"",""4.196"",""1.269"",""1.269"",""2.098"",""3.808"",""1.269"",""5.077"",""1.270"",""2.539"",""2.539"",""5.077"",""3.808"",""2.539"",""2.539"",""3.808"",""2.539"",""3.808"",""1.269"",""3.808""]","{""t01"":[],""t02"":[""t01""],""t03"":[""t01""],""t04"":[""t03""],""t05"":[""t02""],""t06"":[""t04""],""t07"":[""t04"",""t05""],""t08"":[""t06"",""t07""],""t09"":[""t06""],""t10"":[""t08"",""t09""],""t11"":[""t09""],""t12"":[""t10"",""t11""],""t13"":[""t11""],""t14"":[""t13""],""t15"":[""t12""],""t16"":[""t14"",""t15""],""t17"":[""t15""],""t18"":[""t16"",""t17""],""t19"":[""t18""],""t20"":[""t19""],""t21"":[""t20""],""t22"":[""t21""],""t23"":[""t22""],""t24"":[""t23""],""t25"":[""t24""],""t26"":[""t25""],""t27"":[""t26""],""t28"":[""t27""],""t29"":[""t28""],""t30"":[""t29""],""t31"":[""t30""],""t32"":[""t31""]}"
EXP-08,confirmatory,exp08_confirmatory_n32_chain_like_lognormal_02,n32_chain_like_lognormal,32,chain_like,lognormal,high,2,0,16697065513280229694,0.8571428571428571428571428571,t01->t03->t05->t07->t09->t11->t13->t15->t16->t18->t19->t20->t21->t22->t23->t24->t25->t26->t27->t28->t29->t30->t31->t32,720,1,unique,0.3,0.7,"[""24"",""12"",""48"",""12"",""48"",""12"",""24"",""12"",""12"",""12"",""36"",""24"",""24"",""12"",""36"",""36"",""24"",""72"",""24"",""12"",""48"",""24"",""36"",""12"",""36"",""48"",""12"",""36"",""12"",""12"",""36"",""12""]","[""1.008"",""7.056"",""2.016"",""7.056"",""2.016"",""7.056"",""1.008"",""7.056"",""0.504"",""7.056"",""1.512"",""14.112"",""1.008"",""7.056"",""1.512"",""1.512"",""14.112"",""3.024"",""1.008"",""0.504"",""2.016"",""1.008"",""1.512"",""0.504"",""1.512"",""2.016"",""0.504"",""1.512"",""0.504"",""0.504"",""1.512"",""0.504""]","[""2.352"",""3.024"",""4.704"",""3.024"",""4.704"",""3.024"",""2.352"",""3.024"",""1.176"",""3.024"",""3.528"",""6.048"",""2.352"",""3.024"",""3.528"",""3.528"",""6.048"",""7.056"",""2.352"",""1.176"",""4.704"",""2.352"",""3.528"",""1.176"",""3.528"",""4.704"",""1.176"",""3.528"",""1.176"",""1.176"",""3.528"",""1.176""]","{""t01"":[],""t02"":[""t01""],""t03"":[""t01""],""t04"":[""t02"",""t03""],""t05"":[""t02"",""t03""],""t06"":[""t04""],""t07"":[""t05""],""t08"":[""t07""],""t09"":[""t06"",""t07""],""t10"":[""t08"",""t09""],""t11"":[""t09""],""t12"":[""t11""],""t13"":[""t10"",""t11""],""t14"":[""t12""],""t15"":[""t13""],""t16"":[""t15""],""t17"":[""t14"",""t15""],""t18"":[""t16"",""t17""],""t19"":[""t18""],""t20"":[""t19""],""t21"":[""t20""],""t22"":[""t21""],""t23"":[""t22""],""t24"":[""t23""],""t25"":[""t24""],""t26"":[""t25""],""t27"":[""t26""],""t28"":[""t27""],""t29"":[""t28""],""t30"":[""t29""],""t31"":[""t30""],""t32"":[""t31""]}"
EXP-08,confirmatory,exp08_confirmatory_n32_chain_like_lognormal_03,n32_chain_like_lognormal,32,chain_like,lognormal,high,3,0,2991024836186041992,0.8108108108108108108108108108,t01->t03->t04->t06->t09->t11->t13->t15->t17->t18->t19->t20->t21->t22->t23->t24->t25->t26->t27->t28->t29->t30->t31->t32,720,2,tied,0.3,0.7,"[""24"",""24"",""36"",""36"",""24"",""24"",""12"",""24"",""24"",""24"",""24"",""12"",""36"",""36"",""24"",""12"",""12"",""12"",""24"",""12"",""48"",""24"",""60"",""24"",""24"",""36"",""24"",""12"",""48"",""72"",""36"",""24""]","[""1.066"",""10.656"",""1.598"",""1.598"",""10.656"",""1.066"",""5.328"",""10.656"",""1.066"",""10.656"",""1.066"",""5.328"",""1.598"",""15.984"",""1.066"",""5.328"",""0.533"",""0.533"",""1.065"",""0.533"",""2.131"",""1.066"",""2.664"",""1.065"",""1.065"",""1.598"",""1.066"",""0.533"",""2.131"",""3.197"",""1.598"",""1.066""]","[""2.487"",""4.567"",""3.730"",""3.730"",""4.567"",""2.486"",""2.284"",""4.567"",""2.487"",""4.567"",""2.486"",""2.283"",""3.730"",""6.850"",""2.486"",""2.283"",""1.243"",""1.243"",""2.486"",""1.243"",""4.973"",""2.487"",""6.216"",""2.486"",""2.486"",""3.730"",""2.486"",""1.243"",""4.973"",""7.459"",""3.730"",""2.486""]","{""t01"":[],""t02"":[""t01""],""t03"":[""t01""],""t04"":[""t03""],""t05"":[""t02""],""t06"":[""t04"",""t05""],""t07"":[""t05""],""t08"":[""t07""],""t09"":[""t06""],""t10"":[""t08"",""t09""],""t11"":[""t09""],""t12"":[""t11""],""t13"":[""t10"",""t11""],""t14"":[""t12""],""t15"":[""t13""],""t16"":[""t14""],""t17"":[""t15""],""t18"":[""t16"",""t17""],""t19"":[""t18""],""t20"":[""t19""],""t21"":[""t20""],""t22"":[""t21""],""t23"":[""t22""],""t24"":[""t23""],""t25"":[""t24""],""t26"":[""t25""],""t27"":[""t26""],""t28"":[""t27""],""t29"":[""t28""],""t30"":[""t29""],""t31"":[""t30""],""t32"":[""t31""]}"
EXP-08,confirmatory,exp08_confirmatory_n32_chain_like_lognormal_04,n32_chain_like_lognormal,32,chain_like,lognormal,high,4,0,9173752792060137413,0.8032786885245901639344262295,t01->t03->t04->t07->t09->t11->t12->t15->t16->t18->t19->t20->t21->t22->t23->t24->t25->t26->t27->t28->t29->t30->t31->t32,588,1,unique,0.3,0.7,"[""36"",""12"",""24"",""36"",""36"",""12"",""48"",""12"",""12"",""24"",""12"",""36"",""12"",""24"",""12"",""48"",""12"",""12"",""24"",""12"",""24"",""60"",""12"",""36"",""12"",""12"",""12"",""24"",""36"",""24"",""12"",""12""]","[""1.613"",""5.124"",""1.076"",""1.613"",""15.372"",""5.124"",""2.151"",""5.124"",""0.538"",""10.248"",""0.538"",""1.613"",""5.124"",""10.248"",""0.538"",""2.151"",""5.124"",""0.538"",""1.076"",""0.538"",""1.075"",""2.689"",""0.538"",""1.613"",""0.538"",""0.538"",""0.538"",""1.075"",""1.613"",""1.076"",""0.538"",""0.538""]","[""3.764"",""2.196"",""2.510"",""3.764"",""6.588"",""2.196"",""5.019"",""2.196"",""1.255"",""4.392"",""1.255"",""3.764"",""2.196"",""4.392"",""1.255"",""5.019"",""2.196"",""1.255"",""2.510"",""1.255"",""2.510"",""6.274"",""1.255"",""3.764"",""1.255"",""1.255"",""1.255"",""2.510"",""3.765"",""2.510"",""1.255"",""1.255""]","{""t01"":[],""t02"":[""t01""],""t03"":[""t01""],""t04"":[""t03""],""t05"":[""t02""],""t06"":[""t04""],""t07"":[""t04"",""t05""],""t08"":[""t06""],""t09"":[""t07""],""t10"":[""t08"",""t09""],""t11"":[""t09""],""t12"":[""t11""],""t13"":[""t10""],""t14"":[""t13""],""t15"":[""t12""],""t16"":[""t15""],""t17"":[""t14""],""t18"":[""t16"",""t17""],""t19"":[""t18""],""t20"":[""t19""],""t21"":[""t20""],""t22"":[""t21""],""t23"":[""t22""],""t24"":[""t23""],""t25"":[""t24""],""t26"":[""t25""],""t27"":[""t26""],""t28"":[""t27""],""t29"":[""t28""],""t30"":[""t29""],""t31"":[""t30""],""t32"":[""t31""]}"
EXP-08,confirmatory,exp08_confirmatory_n32_chain_like_lognormal_05,n32_chain_like_lognormal,32,chain_like,lognormal,high,5,0,2108264399660564459,0.8030303030303030303030303030,t01->t02->t04->t07->t09->t11->t12->t14->t16->t18->t19->t20->t21->t22->t23->t24->t25->t26->t27->t28->t29->t30->t31->t32,636,2,tied,0.3,0.7,"[""12"",""12"",""12"",""48"",""24"",""12"",""24"",""12"",""24"",""24"",""12"",""12"",""24"",""24"",""24"",""36"",""24"",""36"",""48"",""24"",""12"",""36"",""48"",""24"",""24"",""24"",""12"",""24"",""36"",""24"",""12"",""48""]","[""0.538"",""0.538"",""5.117"",""2.152"",""10.235"",""5.118"",""1.076"",""5.118"",""1.076"",""10.235"",""0.538"",""0.538"",""10.235"",""1.076"",""10.235"",""1.614"",""10.235"",""1.614"",""2.152"",""1.076"",""0.538"",""1.614"",""2.151"",""1.076"",""1.076"",""1.076"",""0.538"",""1.076"",""1.614"",""1.076"",""0.538"",""2.151""]","[""1.255"",""1.255"",""2.193"",""5.021"",""4.386"",""2.193"",""2.511"",""2.193"",""2.511"",""4.386"",""1.255"",""1.255"",""4.387"",""2.510"",""4.387"",""3.766"",""4.387"",""3.766"",""5.021"",""2.510"",""1.255"",""3.766"",""5.021"",""2.511"",""2.511"",""2.510"",""1.255"",""2.511"",""3.766"",""2.510"",""1.255"",""5.021""]","{""t01"":[],""t02"":[""t01""],""t03"":[""t01""],""t04"":[""t02"",""t03""],""t05"":[""t03""],""t06"":[""t05""],""t07"":[""t04""],""t08"":[""t06""],""t09"":[""t07""],""t10"":[""t08""],""t11"":[""t08"",""t09""],""t12"":[""t11""],""t13"":[""t10""],""t14"":[""t12""],""t15"":[""t12"",""t13""],""t16"":[""t14""],""t17"":[""t14"",""t15""],""t18"":[""t16"",""t17""],""t19"":[""t18""],""t20"":[""t19""],""t21"":[""t20""],""t22"":[""t21""],""t23"":[""t22""],""t24"":[""t23""],""t25"":[""t24""],""t26"":[""t25""],""t27"":[""t26""],""t28"":[""t27""],""t29"":[""t28""],""t30"":[""t29""],""t31"":[""t30""],""t32"":[""t31""]}"
EXP-08,confirmatory,exp08_confirmatory_n32_chain_like_lognormal_06,n32_chain_like_lognormal,32,chain_like,lognormal,high,6,0,11881632286223976401,0.7894736842105263157894736842,t01->t02->t05->t07->t09->t11->t13->t14->t17->t18->t19->t20->t21->t22->t23->t24->t25->t26->t27->t28->t29->t30->t31->t32,720,1,unique,0.3,0.7,"[""12"",""36"",""24"",""24"",""24"",""36"",""24"",""24"",""48"",""12"",""24"",""24"",""72"",""24"",""24"",""24"",""36"",""12"",""12"",""24"",""36"",""36"",""24"",""36"",""12"",""48"",""48"",""24"",""24"",""36"",""12"",""36""]","[""0.547"",""1.642"",""9.576"",""9.576"",""1.094"",""14.364"",""1.094"",""9.576"",""2.189"",""4.788"",""1.094"",""9.576"",""3.283"",""1.095"",""9.576"",""9.576"",""1.642"",""0.547"",""0.547"",""1.094"",""1.642"",""1.642"",""1.094"",""1.642"",""0.547"",""2.189"",""2.189"",""1.094"",""1.094"",""1.642"",""0.547"",""1.642""]","[""1.277"",""3.830"",""4.104"",""4.104"",""2.554"",""6.156"",""2.554"",""4.104"",""5.107"",""2.052"",""2.554"",""4.104"",""7.661"",""2.554"",""4.104"",""4.104"",""3.830"",""1.277"",""1.277"",""2.554"",""3.830"",""3.830"",""2.554"",""3.830"",""1.277"",""5.107"",""5.107"",""2.554"",""2.553"",""3.830"",""1.277"",""3.830""]","{""t01"":[],""t02"":[""t01""],""t03"":[""t01""],""t04"":[""t02""],""t05"":[""t02"",""t03""],""t06"":[""t04"",""t05""],""t07"":[""t05""],""t08"":[""t06""],""t09"":[""t07""],""t10"":[""t08""],""t11"":[""t08"",""t09""],""t12"":[""t10"",""t11""],""t13"":[""t11""],""t14"":[""t13""],""t15"":[""t12""],""t16"":[""t15""],""t17"":[""t14"",""t15""],""t18"":[""t16"",""t17""],""t19"":[""t18""],""t20"":[""t19""],""t21"":[""t20""],""t22"":[""t21""],""t23"":[""t22""],""t24"":[""t23""],""t25"":[""t24""],""t26"":[""t25""],""t27"":[""t26""],""t28"":[""t27""],""t29"":[""t28""],""t30"":[""t29""],""t31"":[""t30""],""t32"":[""t31""]}"
EXP-08,confirmatory,exp08_confirmatory_n32_chain_like_lognormal_07,n32_chain_like_lognormal,32,chain_like,lognormal,high,7,0,17404672959986424126,0.8030303030303030303030303030,t01->t03->t04->t07->t08->t10->t12->t15->t16->t18->t19->t20->t21->t22->t23->t24->t25->t26->t27->t28->t29->t30->t31->t32,636,3,tied,0.3,0.7,"[""36"",""24"",""24"",""12"",""12"",""24"",""24"",""24"",""36"",""48"",""12"",""36"",""24"",""12"",""36"",""12"",""12"",""12"",""24"",""48"",""48"",""36"",""24"",""24"",""12"",""12"",""24"",""48"",""12"",""24"",""12"",""24""]","[""1.614"",""10.235"",""1.076"",""0.538"",""5.117"",""10.235"",""1.076"",""1.076"",""15.353"",""2.151"",""5.118"",""1.614"",""10.235"",""5.118"",""1.614"",""0.538"",""5.117"",""0.538"",""1.076"",""2.152"",""2.151"",""1.614"",""1.076"",""1.076"",""0.538"",""0.538"",""1.076"",""2.152"",""0.538"",""1.076"",""0.538"",""1.076""]","[""3.766"",""4.387"",""2.511"",""1.255"",""2.193"",""4.387"",""2.510"",""2.510"",""6.580"",""5.021"",""2.193"",""3.766"",""4.386"",""2.193"",""3.766"",""1.255"",""2.193"",""1.255"",""2.511"",""5.021"",""5.021"",""3.766"",""2.511"",""2.511"",""1.255"",""1.255"",""2.510"",""5.021"",""1.255"",""2.511"",""1.255"",""2.510""]","{""t01"":[],""t02"":[""t01""],""t03"":[""t01""],""t04"":[""t03""],""t05"":[""t02""],""t06"":[""t04"",""t05""],""t07"":[""t04""],""t08"":[""t06"",""t07""],""t09"":[""t06""],""t10"":[""t08""],""t11"":[""t08"",""t09""],""t12"":[""t10"",""t11""],""t13"":[""t10""],""t14"":[""t12"",""t13""],""t15"":[""t12""],""t16"":[""t15""],""t17"":[""t14""],""t18"":[""t16"",""t17""],""t19"":[""t18""],""t20"":[""t19""],""t21"":[""t20""],""t22"":[""t21""],""t23"":[""t22""],""t24"":[""t23""],""t25"":[""t24""],""t26"":[""t25""],""t27"":[""t26""],""t28"":[""t27""],""t29"":[""t28""],""t30"":[""t29""],""t31"":[""t30""],""t32"":[""t31""]}"
EXP-08,confirmatory,exp08_confirmatory_n32_chain_like_lognormal_08,n32_chain_like_lognormal,32,chain_like,lognormal,high,8,0,11374585119971261690,0.8101265822784810126582278481,t01->t03->t05->t07->t08->t10->t12->t15->t16->t18->t19->t20->t21->t22->t23->t24->t25->t26->t27->t28->t29->t30->t31->t32,768,2,tied,0.3,0.7,"[""36"",""12"",""24"",""24"",""24"",""12"",""72"",""36"",""12"",""12"",""24"",""72"",""48"",""12"",""36"",""24"",""36"",""36"",""12"",""12"",""24"",""12"",""36"",""72"",""12"",""24"",""36"",""12"",""48"",""60"",""12"",""24""]","[""1.600"",""5.309"",""1.066"",""10.618"",""1.066"",""5.309"",""3.199"",""1.600"",""5.309"",""0.533"",""10.617"",""3.200"",""21.235"",""5.309"",""1.600"",""1.067"",""15.926"",""1.600"",""0.533"",""0.533"",""1.067"",""0.533"",""1.600"",""3.200"",""0.533"",""1.067"",""1.600"",""0.533"",""2.133"",""2.666"",""0.533"",""1.066""]","[""3.733"",""2.275"",""2.488"",""4.551"",""2.489"",""2.275"",""7.466"",""3.733"",""2.275"",""1.244"",""4.550"",""7.466"",""9.101"",""2.275"",""3.733"",""2.488"",""6.826"",""3.733"",""1.244"",""1.244"",""2.489"",""1.244"",""3.733"",""7.465"",""1.244"",""2.488"",""3.733"",""1.244"",""4.977"",""6.221"",""1.244"",""2.489""]","{""t01"":[],""t02"":[""t01""],""t03"":[""t01""],""t04"":[""t02"",""t03""],""t05"":[""t03""],""t06"":[""t04""],""t07"":[""t04"",""t05""],""t08"":[""t07""],""t09"":[""t06"",""t07""],""t10"":[""t08"",""t09""],""t11"":[""t09""],""t12"":[""t10""],""t13"":[""t11""],""t14"":[""t13""],""t15"":[""t12""],""t16"":[""t15""],""t17"":[""t14""],""t18"":[""t16"",""t17""],""t19"":[""t18""],""t20"":[""t19""],""t21"":[""t20""],""t22"":[""t21""],""t23"":[""t22""],""t24"":[""t23""],""t25"":[""t24""],""t26"":[""t25""],""t27"":[""t26""],""t28"":[""t27""],""t29"":[""t28""],""t30"":[""t29""],""t31"":[""t30""],""t32"":[""t31""]}"
EXP-08,confirmatory,exp08_confirmatory_n32_chain_like_lognormal_09,n32_chain_like_lognormal,32,chain_like,lognormal,high,9,0,3137004203728644509,0.8222222222222222222222222222,t01->t03->t05->t07->t08->t11->t13->t14->t17->t18->t19->t20->t21->t22->t23->t24->t25->t26->t27->t28->t29->t30->t31->t32,888,1,unique,0.3,0.7,"[""12"",""48"",""24"",""24"",""36"",""24"",""48"",""24"",""24"",""24"",""24"",""12"",""24"",""12"",""24"",""12"",""72"",""72"",""24"",""48"",""72"",""72"",""24"",""36"",""12"",""48"",""24"",""48"",""72"",""12"",""36"",""12""]","[""0.525"",""22.680"",""1.051"",""11.340"",""1.576"",""11.340"",""2.102"",""1.051"",""11.340"",""11.340"",""1.051"",""5.670"",""1.051"",""0.525"",""11.340"",""5.670"",""3.152"",""3.152"",""1.051"",""2.102"",""3.153"",""3.153"",""1.051"",""1.576"",""0.525"",""2.102"",""1.051"",""2.102"",""3.152"",""0.525"",""1.576"",""0.525""]","[""1.226"",""9.720"",""2.452"",""4.860"",""3.678"",""4.860"",""4.904"",""2.452"",""4.860"",""4.860"",""2.452"",""2.430"",""2.452"",""1.226"",""4.860"",""2.430"",""7.355"",""7.356"",""2.452"",""4.904"",""7.355"",""7.355"",""2.452"",""3.678"",""1.226"",""4.904"",""2.452"",""4.904"",""7.355"",""1.226"",""3.678"",""1.226""]","{""t01"":[],""t02"":[""t01""],""t03"":[""t01""],""t04"":[""t02"",""t03""],""t05"":[""t03""],""t06"":[""t04""],""t07"":[""t05""],""t08"":[""t07""],""t09"":[""t06""],""t10"":[""t09""],""t11"":[""t08"",""t09""],""t12"":[""t10""],""t13"":[""t10"",""t11""],""t14"":[""t13""],""t15"":[""t12""],""t16"":[""t15""],""t17"":[""t14"",""t15""],""t18"":[""t16"",""t17""],""t19"":[""t18""],""t20"":[""t19""],""t21"":[""t20""],""t22"":[""t21""],""t23"":[""t22""],""t24"":[""t23""],""t25"":[""t24""],""t26"":[""t25""],""t27"":[""t26""],""t28"":[""t27""],""t29"":[""t28""],""t30"":[""t29""],""t31"":[""t30""],""t32"":[""t31""]}"
EXP-08,confirmatory,exp08_confirmatory_n32_chain_like_lognormal_10,n32_chain_like_lognormal,32,chain_like,lognormal,high,10,0,16020328579568357623,0.8028169014084507042253521127,t01->t02->t05->t07->t09->t10->t12->t15->t16->t18->t19->t20->t21->t22->t23->t24->t25->t26->t27->t28->t29->t30->t31->t32,684,1,unique,0.3,0.7,"[""24"",""24"",""12"",""24"",""12"",""24"",""12"",""12"",""72"",""12"",""24"",""24"",""24"",""36"",""48"",""24"",""12"",""72"",""12"",""12"",""72"",""36"",""12"",""24"",""36"",""24"",""48"",""12"",""24"",""24"",""12"",""12""]","[""1.076"",""1.076"",""5.112"",""10.224"",""0.538"",""10.224"",""0.538"",""5.112"",""3.229"",""0.538"",""10.224"",""1.076"",""10.224"",""15.336"",""2.153"",""1.076"",""5.112"",""3.229"",""0.538"",""0.538"",""3.229"",""1.615"",""0.538"",""1.076"",""1.614"",""1.076"",""2.153"",""0.538"",""1.076"",""1.076"",""0.538"",""0.538""]","[""2.511"",""2.511"",""2.191"",""4.381"",""1.256"",""4.382"",""1.256"",""2.191"",""7.533"",""1.256"",""4.382"",""2.511"",""4.382"",""6.572"",""5.022"",""2.511"",""2.191"",""7.533"",""1.256"",""1.256"",""7.533"",""3.767"",""1.256"",""2.511"",""3.767"",""2.511"",""5.022"",""1.256"",""2.511"",""2.511"",""1.256"",""1.255""]","{""t01"":[],""t02"":[""t01""],""t03"":[""t01""],""t04"":[""t03""],""t05"":[""t02"",""t03""],""t06"":[""t04""],""t07"":[""t05""],""t08"":[""t06""],""t09"":[""t07""],""t10"":[""t09""],""t11"":[""t08""],""t12"":[""t10""],""t13"":[""t11""],""t14"":[""t12"",""t13""],""t15"":[""t12""],""t16"":[""t15""],""t17"":[""t14""],""t18"":[""t16"",""t17""],""t19"":[""t18""],""t20"":[""t19""],""t21"":[""t20""],""t22"":[""t21""],""t23"":[""t22""],""t24"":[""t23""],""t25"":[""t24""],""t26"":[""t25""],""t27"":[""t26""],""t28"":[""t27""],""t29"":[""t28""],""t30"":[""t29""],""t31"":[""t30""],""t32"":[""t31""]}"
EXP-08,confirmatory,exp08_confirmatory_n32_chain_like_lognormal_11,n32_chain_like_lognormal,32,chain_like,lognormal,high,11,0,5980510087394180820,0.8125,t01->t03->t04->t06->t09->t10->t13->t14->t17->t18->t19->t20->t21->t22->t23->t24->t25->t26->t27->t28->t29->t30->t31->t32,780,1,unique,0.3,0.7,"[""36"",""24"",""36"",""48"",""24"",""36"",""24"",""24"",""36"",""24"",""24"",""24"",""36"",""24"",""12"",""24"",""12"",""48"",""36"",""36"",""24"",""36"",""24"",""36"",""12"",""12"",""72"",""48"",""24"",""12"",""60"",""12""]","[""1.595"",""10.752"",""1.595"",""2.127"",""10.752"",""1.595"",""10.752"",""10.752"",""1.595"",""1.063"",""10.752"",""10.752"",""1.595"",""1.063"",""5.376"",""10.752"",""0.532"",""2.127"",""1.595"",""1.595"",""1.063"",""1.595"",""1.063"",""1.595"",""0.532"",""0.532"",""3.190"",""2.127"",""1.063"",""0.532"",""2.659"",""0.532""]","[""3.722"",""4.608"",""3.722"",""4.962"",""4.608"",""3.722"",""4.608"",""4.608"",""3.722"",""2.481"",""4.608"",""4.608"",""3.722"",""2.481"",""2.304"",""4.608"",""1.241"",""4.962"",""3.722"",""3.722"",""2.481"",""3.722"",""2.481"",""3.722"",""1.241"",""1.241"",""7.444"",""4.962"",""2.481"",""1.240"",""6.203"",""1.241""]","{""t01"":[],""t02"":[""t01""],""t03"":[""t01""],""t04"":[""t03""],""t05"":[""t02""],""t06"":[""t04"",""t05""],""t07"":[""t04""],""t08"":[""t06"",""t07""],""t09"":[""t06""],""t10"":[""t08"",""t09""],""t11"":[""t09""],""t12"":[""t10"",""t11""],""t13"":[""t10""],""t14"":[""t13""],""t15"":[""t12""],""t16"":[""t15""],""t17"":[""t14"",""t15""],""t18"":[""t16"",""t17""],""t19"":[""t18""],""t20"":[""t19""],""t21"":[""t20""],""t22"":[""t21""],""t23"":[""t22""],""t24"":[""t23""],""t25"":[""t24""],""t26"":[""t25""],""t27"":[""t26""],""t28"":[""t27""],""t29"":[""t28""],""t30"":[""t29""],""t31"":[""t30""],""t32"":[""t31""]}"
EXP-08,confirmatory,exp08_confirmatory_n32_chain_like_lognormal_12,n32_chain_like_lognormal,32,chain_like,lognormal,high,12,0,11684507188339843029,0.8055555555555555555555555556,t01->t03->t05->t06->t08->t10->t13->t14->t16->t18->t19->t20->t21->t22->t23->t24->t25->t26->t27->t28->t29->t30->t31->t32,696,1,unique,0.3,0.7,"[""48"",""48"",""36"",""24"",""12"",""48"",""12"",""36"",""12"",""24"",""12"",""12"",""48"",""60"",""36"",""24"",""12"",""24"",""12"",""48"",""36"",""12"",""24"",""24"",""24"",""12"",""24"",""24"",""12"",""36"",""36"",""12""]","[""2.145"",""20.736"",""1.609"",""10.368"",""0.536"",""2.145"",""5.184"",""1.609"",""5.184"",""1.073"",""5.184"",""5.184"",""2.145"",""2.681"",""15.552"",""1.073"",""5.184"",""1.073"",""0.536"",""2.145"",""1.609"",""0.536"",""1.072"",""1.073"",""1.072"",""0.536"",""1.073"",""1.073"",""0.536"",""1.609"",""1.609"",""0.536""]","[""5.005"",""8.887"",""3.754"",""4.443"",""1.251"",""5.005"",""2.222"",""3.754"",""2.222"",""2.503"",""2.222"",""2.222"",""5.005"",""6.256"",""6.665"",""2.503"",""2.221"",""2.503"",""1.251"",""5.005"",""3.754"",""1.251"",""2.503"",""2.503"",""2.503"",""1.251"",""2.503"",""2.503"",""1.251"",""3.754"",""3.754"",""1.251""]","{""t01"":[],""t02"":[""t01""],""t03"":[""t01""],""t04"":[""t02""],""t05"":[""t03""],""t06"":[""t05""],""t07"":[""t04""],""t08"":[""t06"",""t07""],""t09"":[""t07""],""t10"":[""t08""],""t11"":[""t08"",""t09""],""t12"":[""t10"",""t11""],""t13"":[""t10""],""t14"":[""t13""],""t15"":[""t12"",""t13""],""t16"":[""t14""],""t17"":[""t15""],""t18"":[""t16"",""t17""],""t19"":[""t18""],""t20"":[""t19""],""t21"":[""t20""],""t22"":[""t21""],""t23"":[""t22""],""t24"":[""t23""],""t25"":[""t24""],""t26"":[""t25""],""t27"":[""t26""],""t28"":[""t27""],""t29"":[""t28""],""t30"":[""t29""],""t31"":[""t30""],""t32"":[""t31""]}"
EXP-08,confirmatory,exp08_confirmatory_n32_chain_like_lognormal_13,n32_chain_like_lognormal,32,chain_like,lognormal,high,13,0,17087841402136257268,0.7887323943661971830985915493,t01->t03->t05->t07->t09->t10->t13->t14->t17->t18->t19->t20->t21->t22->t23->t24->t25->t26->t27->t28->t29->t30->t31->t32,672,3,tied,0.3,0.7,"[""24"",""12"",""36"",""48"",""12"",""12"",""12"",""12"",""24"",""24"",""24"",""12"",""24"",""48"",""24"",""36"",""48"",""12"",""24"",""36"",""48"",""12"",""36"",""72"",""12"",""24"",""12"",""24"",""48"",""12"",""12"",""36""]","[""1.095"",""4.771"",""1.643"",""19.085"",""0.548"",""4.771"",""0.548"",""4.771"",""1.095"",""1.095"",""9.542"",""4.771"",""1.095"",""2.191"",""9.543"",""14.314"",""2.191"",""0.548"",""1.096"",""1.643"",""2.191"",""0.548"",""1.643"",""3.286"",""0.548"",""1.095"",""0.548"",""1.095"",""2.191"",""0.548"",""0.548"",""1.643""]","[""2.556"",""2.045"",""3.834"",""8.179"",""1.278"",""2.045"",""1.278"",""2.045"",""2.556"",""2.556"",""4.090"",""2.045"",""2.556"",""5.112"",""4.089"",""6.134"",""5.112"",""1.278"",""2.556"",""3.834"",""5.112"",""1.278"",""3.834"",""7.668"",""1.278"",""2.556"",""1.278"",""2.556"",""5.112"",""1.278"",""1.278"",""3.834""]","{""t01"":[],""t02"":[""t01""],""t03"":[""t01""],""t04"":[""t02""],""t05"":[""t02"",""t03""],""t06"":[""t04""],""t07"":[""t05""],""t08"":[""t06""],""t09"":[""t07""],""t10"":[""t08"",""t09""],""t11"":[""t09""],""t12"":[""t11""],""t13"":[""t10"",""t11""],""t14"":[""t12"",""t13""],""t15"":[""t13""],""t16"":[""t15""],""t17"":[""t14""],""t18"":[""t16"",""t17""],""t19"":[""t18""],""t20"":[""t19""],""t21"":[""t20""],""t22"":[""t21""],""t23"":[""t22""],""t24"":[""t23""],""t25"":[""t24""],""t26"":[""t25""],""t27"":[""t26""],""t28"":[""t27""],""t29"":[""t28""],""t30"":[""t29""],""t31"":[""t30""],""t32"":[""t31""]}"
EXP-08,confirmatory,exp08_confirmatory_n32_chain_like_lognormal_14,n32_chain_like_lognormal,32,chain_like,lognormal,high,14,0,6580428208568800808,0.8493150684931506849315068493,t01->t03->t05->t06->t08->t10->t13->t14->t17->t18->t19->t20->t21->t22->t23->t24->t25->t26->t27->t28->t29->t30->t31->t32,744,1,unique,0.3,0.7,"[""12"",""12"",""36"",""12"",""24"",""36"",""24"",""24"",""12"",""24"",""12"",""12"",""36"",""60"",""24"",""24"",""12"",""12"",""12"",""48"",""24"",""24"",""36"",""48"",""24"",""12"",""36"",""60"",""24"",""24"",""24"",""72""]","[""0.509"",""6.689"",""1.526"",""6.689"",""1.017"",""1.526"",""13.379"",""1.017"",""6.690"",""1.017"",""6.690"",""6.689"",""1.526"",""2.543"",""13.379"",""13.379"",""0.509"",""0.509"",""0.509"",""2.035"",""1.017"",""1.017"",""1.526"",""2.035"",""1.017"",""0.509"",""1.526"",""2.543"",""1.017"",""1.017"",""1.017"",""3.052""]","[""1.187"",""2.867"",""3.560"",""2.867"",""2.374"",""3.560"",""5.734"",""2.374"",""2.867"",""2.374"",""2.867"",""2.867"",""3.560"",""5.934"",""5.733"",""5.734"",""1.187"",""1.187"",""1.187"",""4.747"",""2.374"",""2.374"",""3.560"",""4.747"",""2.374"",""1.187"",""3.560"",""5.934"",""2.374"",""2.374"",""2.374"",""7.121""]","{""t01"":[],""t02"":[""t01""],""t03"":[""t01""],""t04"":[""t02""],""t05"":[""t02"",""t03""],""t06"":[""t04"",""t05""],""t07"":[""t05""],""t08"":[""t06""],""t09"":[""t06"",""t07""],""t10"":[""t08""],""t11"":[""t09""],""t12"":[""t11""],""t13"":[""t10""],""t14"":[""t13""],""t15"":[""t12"",""t13""],""t16"":[""t15""],""t17"":[""t14"",""t15""],""t18"":[""t16"",""t17""],""t19"":[""t18""],""t20"":[""t19""],""t21"":[""t20""],""t22"":[""t21""],""t23"":[""t22""],""t24"":[""t23""],""t25"":[""t24""],""t26"":[""t25""],""t27"":[""t26""],""t28"":[""t27""],""t29"":[""t28""],""t30"":[""t29""],""t31"":[""t30""],""t32"":[""t31""]}"
EXP-08,confirmatory,exp08_confirmatory_n32_chain_like_lognormal_15,n32_chain_like_lognormal,32,chain_like,lognormal,high,15,0,12493364414299658798,0.8072289156626506024096385542,t01->t02->t04->t06->t09->t11->t13->t14->t17->t18->t19->t20->t21->t22->t23->t24->t25->t26->t27->t28->t29->t30->t31->t32,804,2,tied,0.3,0.7,"[""60"",""24"",""12"",""24"",""12"",""24"",""24"",""36"",""36"",""24"",""36"",""60"",""48"",""24"",""12"",""12"",""36"",""24"",""36"",""12"",""60"",""24"",""24"",""24"",""12"",""24"",""48"",""48"",""72"",""48"",""24"",""12""]","[""2.676"",""1.070"",""5.229"",""1.070"",""5.229"",""1.070"",""10.458"",""15.687"",""1.606"",""10.458"",""1.606"",""26.145"",""2.141"",""1.070"",""5.229"",""5.229"",""1.606"",""1.070"",""1.606"",""0.535"",""2.676"",""1.070"",""1.070"",""1.070"",""0.535"",""1.070"",""2.141"",""2.141"",""3.211"",""2.141"",""1.070"",""0.535""]","[""6.244"",""2.497"",""2.241"",""2.497"",""2.241"",""2.497"",""4.482"",""6.723"",""3.746"",""4.482"",""3.746"",""11.205"",""4.995"",""2.497"",""2.241"",""2.241"",""3.746"",""2.497"",""3.746"",""1.249"",""6.244"",""2.497"",""2.498"",""2.497"",""1.249"",""2.498"",""4.995"",""4.995"",""7.492"",""4.995"",""2.498"",""1.249""]","{""t01"":[],""t02"":[""t01""],""t03"":[""t01""],""t04"":[""t02""],""t05"":[""t03""],""t06"":[""t04"",""t05""],""t07"":[""t04""],""t08"":[""t07""],""t09"":[""t06"",""t07""],""t10"":[""t08""],""t11"":[""t09""],""t12"":[""t10""],""t13"":[""t11""],""t14"":[""t13""],""t15"":[""t12"",""t13""],""t16"":[""t14"",""t15""],""t17"":[""t14""],""t18"":[""t16"",""t17""],""t19"":[""t18""],""t20"":[""t19""],""t21"":[""t20""],""t22"":[""t21""],""t23"":[""t22""],""t24"":[""t23""],""t25"":[""t24""],""t26"":[""t25""],""t27"":[""t26""],""t28"":[""t27""],""t29"":[""t28""],""t30"":[""t29""],""t31"":[""t30""],""t32"":[""t31""]}"
EXP-08,confirmatory,exp08_confirmatory_n32_chain_like_lognormal_16,n32_chain_like_lognormal,32,chain_like,lognormal,high,16,0,7225197625751561989,0.7761194029850746268656716418,t01->t03->t04->t07->t09->t10->t13->t15->t16->t18->t19->t20->t21->t22->t23->t24->t25->t26->t27->t28->t29->t30->t31->t32,624,2,tied,0.3,0.7,"[""72"",""24"",""24"",""24"",""12"",""60"",""24"",""12"",""24"",""48"",""12"",""24"",""36"",""12"",""24"",""12"",""24"",""24"",""12"",""24"",""24"",""60"",""24"",""24"",""12"",""12"",""24"",""12"",""12"",""36"",""12"",""24""]","[""3.340"",""9.005"",""1.113"",""1.113"",""4.502"",""22.512"",""1.113"",""4.502"",""1.113"",""2.226"",""4.503"",""9.005"",""1.670"",""4.502"",""1.113"",""0.557"",""9.005"",""1.113"",""0.557"",""1.113"",""1.113"",""2.783"",""1.113"",""1.113"",""0.557"",""0.557"",""1.113"",""0.557"",""0.557"",""1.670"",""0.557"",""1.113""]","[""7.793"",""3.859"",""2.598"",""2.598"",""1.930"",""9.648"",""2.598"",""1.930"",""2.597"",""5.195"",""1.930"",""3.859"",""3.896"",""1.929"",""2.597"",""1.299"",""3.859"",""2.597"",""1.299"",""2.597"",""2.598"",""6.494"",""2.597"",""2.597"",""1.299"",""1.299"",""2.598"",""1.299"",""1.299"",""3.896"",""1.299"",""2.597""]","{""t01"":[],""t02"":[""t01""],""t03"":[""t01""],""t04"":[""t03""],""t05"":[""t02"",""t03""],""t06"":[""t05""],""t07"":[""t04""],""t08"":[""t06""],""t09"":[""t07""],""t10"":[""t09""],""t11"":[""t08""],""t12"":[""t10""],""t13"":[""t10"",""t11""],""t14"":[""t12"",""t13""],""t15"":[""t13""],""t16"":[""t15""],""t17"":[""t14""],""t18"":[""t16"",""t17""],""t19"":[""t18""],""t20"":[""t19""],""t21"":[""t20""],""t22"":[""t21""],""t23"":[""t22""],""t24"":[""t23""],""t25"":[""t24""],""t26"":[""t25""],""t27"":[""t26""],""t28"":[""t27""],""t29"":[""t28""],""t30"":[""t29""],""t31"":[""t30""],""t32"":[""t31""]}"
EXP-08,confirmatory,exp08_confirmatory_n32_chain_like_lognormal_17,n32_chain_like_lognormal,32,chain_like,lognormal,high,17,0,1419832989353052393,0.8021978021978021978021978022,t01->t02->t05->t06->t08->t10->t13->t14->t17->t18->t19->t20->t21->t22->t23->t24->t25->t26->t27->t28->t29->t30->t31->t32,876,2,tied,0.3,0.7,"[""60"",""48"",""24"",""12"",""36"",""48"",""36"",""12"",""12"",""36"",""12"",""48"",""72"",""48"",""60"",""12"",""24"",""48"",""12"",""24"",""12"",""48"",""72"",""72"",""24"",""24"",""24"",""36"",""36"",""36"",""12"",""12""]","[""2.693"",""2.154"",""10.192"",""5.096"",""1.616"",""2.154"",""15.288"",""0.538"",""5.096"",""1.616"",""5.096"",""20.384"",""3.231"",""2.154"",""25.480"",""5.096"",""1.077"",""2.154"",""0.538"",""1.077"",""0.538"",""2.154"",""3.231"",""3.231"",""1.077"",""1.077"",""1.077"",""1.616"",""1.616"",""1.616"",""0.538"",""0.539""]","[""6.283"",""5.026"",""4.368"",""2.184"",""3.770"",""5.026"",""6.552"",""1.256"",""2.184"",""3.770"",""2.184"",""8.736"",""7.539"",""5.026"",""10.920"",""2.184"",""2.513"",""5.026"",""1.256"",""2.513"",""1.257"",""5.026"",""7.539"",""7.539"",""2.513"",""2.513"",""2.513"",""3.770"",""3.770"",""3.770"",""1.257"",""1.257""]","{""t01"":[],""t02"":[""t01""],""t03"":[""t01""],""t04"":[""t02"",""t03""],""t05"":[""t02""],""t06"":[""t05""],""t07"":[""t04""],""t08"":[""t06"",""t07""],""t09"":[""t06""],""t10"":[""t08"",""t09""],""t11"":[""t08""],""t12"":[""t11""],""t13"":[""t10""],""t14"":[""t13""],""t15"":[""t12""],""t16"":[""t14""],""t17"":[""t14"",""t15""],""t18"":[""t16"",""t17""],""t19"":[""t18""],""t20"":[""t19""],""t21"":[""t20""],""t22"":[""t21""],""t23"":[""t22""],""t24"":[""t23""],""t25"":[""t24""],""t26"":[""t25""],""t27"":[""t26""],""t28"":[""t27""],""t29"":[""t28""],""t30"":[""t29""],""t31"":[""t30""],""t32"":[""t31""]}"
EXP-08,confirmatory,exp08_confirmatory_n32_chain_like_lognormal_18,n32_chain_like_lognormal,32,chain_like,lognormal,high,18,0,9867290581442572521,0.7866666666666666666666666667,t01->t03->t04->t06->t09->t11->t13->t15->t17->t18->t19->t20->t21->t22->t23->t24->t25->t26->t27->t28->t29->t30->t31->t32,708,12,tied,0.3,0.7,"[""36"",""24"",""24"",""24"",""12"",""12"",""12"",""12"",""48"",""48"",""36"",""60"",""72"",""12"",""12"",""12"",""24"",""12"",""24"",""24"",""24"",""24"",""24"",""12"",""60"",""36"",""60"",""12"",""12"",""24"",""36"",""36""]","[""1.648"",""9.450"",""1.098"",""1.098"",""4.725"",""0.549"",""4.725"",""4.725"",""2.197"",""18.900"",""1.648"",""23.625"",""3.295"",""4.725"",""0.549"",""4.725"",""1.098"",""0.549"",""1.098"",""1.098"",""1.098"",""1.098"",""1.098"",""0.549"",""2.746"",""1.648"",""2.746"",""0.549"",""0.549"",""1.098"",""1.648"",""1.648""]","[""3.844"",""4.050"",""2.563"",""2.563"",""2.025"",""1.281"",""2.025"",""2.025"",""5.125"",""8.100"",""3.844"",""10.125"",""7.688"",""2.025"",""1.281"",""2.025"",""2.563"",""1.281"",""2.563"",""2.563"",""2.563"",""2.563"",""2.563"",""1.281"",""6.407"",""3.844"",""6.407"",""1.281"",""1.281"",""2.563"",""3.844"",""3.844""]","{""t01"":[],""t02"":[""t01""],""t03"":[""t01""],""t04"":[""t02"",""t03""],""t05"":[""t02""],""t06"":[""t04"",""t05""],""t07"":[""t04"",""t05""],""t08"":[""t07""],""t09"":[""t06"",""t07""],""t10"":[""t09""],""t11"":[""t08"",""t09""],""t12"":[""t10"",""t11""],""t13"":[""t11""],""t14"":[""t13""],""t15"":[""t12"",""t13""],""t16"":[""t15""],""t17"":[""t14"",""t15""],""t18"":[""t16"",""t17""],""t19"":[""t18""],""t20"":[""t19""],""t21"":[""t20""],""t22"":[""t21""],""t23"":[""t22""],""t24"":[""t23""],""t25"":[""t24""],""t26"":[""t25""],""t27"":[""t26""],""t28"":[""t27""],""t29"":[""t28""],""t30"":[""t29""],""t31"":[""t30""],""t32"":[""t31""]}"
EXP-08,confirmatory,exp08_confirmatory_n32_chain_like_lognormal_19,n32_chain_like_lognormal,32,chain_like,lognormal,high,19,0,8969212331707851777,0.8023255813953488372093023256,t01->t02->t05->t06->t08->t11->t13->t14->t16->t18->t19->t20->t21->t22->t23->t24->t25->t26->t27->t28->t29->t30->t31->t32,828,2,tied,0.3,0.7,"[""72"",""36"",""36"",""48"",""60"",""60"",""24"",""24"",""12"",""24"",""60"",""12"",""24"",""36"",""12"",""36"",""36"",""36"",""12"",""24"",""12"",""12"",""36"",""12"",""24"",""48"",""36"",""24"",""24"",""36"",""24"",""60""]","[""3.231"",""1.615"",""15.298"",""20.397"",""2.692"",""2.692"",""10.199"",""1.077"",""5.099"",""10.199"",""2.692"",""5.099"",""1.077"",""1.615"",""5.099"",""1.615"",""15.298"",""1.615"",""0.539"",""1.077"",""0.539"",""0.539"",""1.615"",""0.538"",""1.077"",""2.154"",""1.615"",""1.077"",""1.077"",""1.615"",""1.077"",""2.692""]","[""7.538"",""3.769"",""6.556"",""8.742"",""6.282"",""6.282"",""4.371"",""2.513"",""2.185"",""4.371"",""6.282"",""2.186"",""2.513"",""3.769"",""2.185"",""3.769"",""6.556"",""3.769"",""1.256"",""2.513"",""1.256"",""1.256"",""3.769"",""1.256"",""2.513"",""5.025"",""3.769"",""2.513"",""2.513"",""3.769"",""2.512"",""6.282""]","{""t01"":[],""t02"":[""t01""],""t03"":[""t01""],""t04"":[""t03""],""t05"":[""t02"",""t03""],""t06"":[""t05""],""t07"":[""t04""],""t08"":[""t06""],""t09"":[""t06"",""t07""],""t10"":[""t09""],""t11"":[""t08"",""t09""],""t12"":[""t10""],""t13"":[""t11""],""t14"":[""t13""],""t15"":[""t12""],""t16"":[""t14""],""t17"":[""t15""],""t18"":[""t16"",""t17""],""t19"":[""t18""],""t20"":[""t19""],""t21"":[""t20""],""t22"":[""t21""],""t23"":[""t22""],""t24"":[""t23""],""t25"":[""t24""],""t26"":[""t25""],""t27"":[""t26""],""t28"":[""t27""],""t29"":[""t28""],""t30"":[""t29""],""t31"":[""t30""],""t32"":[""t31""]}"
EXP-08,confirmatory,exp08_confirmatory_n64_wide_layered_homogeneous_00,n64_wide_layered_homogeneous,64,wide_layered,homogeneous,low,0,0,15429005631630127434,0.203125,t01->t05->t10->t18->t25->t26->t37->t42->t44->t52->t55->t62->t64,156,84965,tied,0.3,0.7,"[""12"",""12"",""12"",""12"",""12"",""12"",""12"",""12"",""12"",""12"",""12"",""12"",""12"",""12"",""12"",""12"",""12"",""12"",""12"",""12"",""12"",""12"",""12"",""12"",""12"",""12"",""12"",""12"",""12"",""12"",""12"",""12"",""12"",""12"",""12"",""12"",""12"",""12"",""12"",""12"",""12"",""12"",""12"",""12"",""12"",""12"",""12"",""12"",""12"",""12"",""12"",""12"",""12"",""12"",""12"",""12"",""12"",""12"",""12"",""12"",""12"",""12"",""12"",""12""]","[""2.127"",""1.265"",""1.265"",""1.265"",""2.127"",""1.265"",""1.265"",""1.265"",""1.265"",""2.126"",""1.265"",""1.265"",""1.265"",""1.265"",""1.265"",""1.265"",""1.265"",""2.127"",""1.264"",""1.265"",""1.265"",""1.265"",""1.264"",""1.265"",""2.127"",""2.126"",""1.265"",""1.265"",""1.265"",""1.265"",""1.265"",""1.265"",""1.265"",""1.265"",""1.265"",""1.265"",""2.127"",""1.265"",""1.264"",""1.265"",""1.265"",""2.127"",""1.265"",""2.127"",""1.265"",""1.265"",""1.265"",""1.265"",""1.265"",""1.265"",""1.265"",""2.127"",""1.265"",""1.265"",""2.126"",""1.265"",""1.265"",""1.265"",""1.265"",""1.265"",""1.265"",""2.127"",""1.265"",""2.127""]","[""4.963"",""0.542"",""0.542"",""0.542"",""4.962"",""0.542"",""0.542"",""0.542"",""0.542"",""4.963"",""0.542"",""0.542"",""0.542"",""0.542"",""0.543"",""0.542"",""0.543"",""4.963"",""0.543"",""0.542"",""0.542"",""0.542"",""0.542"",""0.542"",""4.962"",""4.963"",""0.542"",""0.542"",""0.542"",""0.542"",""0.543"",""0.542"",""0.542"",""0.542"",""0.542"",""0.542"",""4.962"",""0.542"",""0.543"",""0.542"",""0.542"",""4.963"",""0.542"",""4.963"",""0.542"",""0.543"",""0.542"",""0.542"",""0.542"",""0.542"",""0.542"",""4.962"",""0.542"",""0.542"",""4.962"",""0.542"",""0.542"",""0.542"",""0.542"",""0.542"",""0.542"",""4.962"",""0.542"",""4.962""]","{""t01"":[],""t02"":[""t01""],""t03"":[""t01""],""t04"":[""t01""],""t05"":[""t01""],""t06"":[""t01""],""t07"":[""t01""],""t08"":[""t05"",""t07""],""t09"":[""t02"",""t05"",""t06"",""t07""],""t10"":[""t03"",""t05"",""t06"",""t07""],""t11"":[""t02""],""t12"":[""t03"",""t04"",""t06""],""t13"":[""t02"",""t05"",""t06""],""t14"":[""t09"",""t12""],""t15"":[""t09"",""t10"",""t12""],""t16"":[""t08"",""t11"",""t12"",""t13""],""t17"":[""t12"",""t13""],""t18"":[""t10"",""t12"",""t13""],""t19"":[""t09"",""t10"",""t11"",""t13""],""t20"":[""t15""],""t21"":[""t14""],""t22"":[""t16"",""t17""],""t23"":[""t18"",""t19""],""t24"":[""t14"",""t16"",""t19""],""t25"":[""t18""],""t26"":[""t22"",""t23"",""t25""],""t27"":[""t24""],""t28"":[""t22"",""t23"",""t24""],""t29"":[""t22"",""t23""],""t30"":[""t21"",""t22""],""t31"":[""t20"",""t22"",""t24""],""t32"":[""t26"",""t28""],""t33"":[""t26"",""t28"",""t29""],""t34"":[""t27"",""t28"",""t30"",""t31""],""t35"":[""t26"",""t27"",""t28"",""t29""],""t36"":[""t26"",""t27"",""t31""],""t37"":[""t26"",""t28""],""t38"":[""t33"",""t35"",""t37""],""t39"":[""t33"",""t34"",""t35"",""t36"",""t37""],""t40"":[""t33"",""t36""],""t41"":[""t34"",""t37""],""t42"":[""t34"",""t36"",""t37""],""t43"":[""t32"",""t37""],""t44"":[""t39"",""t42"",""t43""],""t45"":[""t41"",""t43""],""t46"":[""t38"",""t40"",""t42""],""t47"":[""t38"",""t42"",""t43""],""t48"":[""t38"",""t41"",""t42"",""t43""],""t49"":[""t45"",""t46""],""t50"":[""t45"",""t48""],""t51"":[""t44"",""t47""],""t52"":[""t44"",""t46"",""t48""],""t53"":[""t44"",""t47"",""t48""],""t54"":[""t50"",""t51"",""t52""],""t55"":[""t49"",""t52""],""t56"":[""t49"",""t52"",""t53""],""t57"":[""t50"",""t51"",""t52"",""t53""],""t58"":[""t49"",""t50""],""t59"":[""t54"",""t56"",""t58""],""t60"":[""t55""],""t61"":[""t54"",""t55"",""t57""],""t62"":[""t55"",""t56"",""t58""],""t63"":[""t55"",""t56""],""t64"":[""t59"",""t60"",""t61"",""t62"",""t63""]}"
EXP-08,confirmatory,exp08_confirmatory_n64_wide_layered_homogeneous_01,n64_wide_layered_homogeneous,64,wide_layered,homogeneous,low,1,0,579944509862057466,0.203125,t01->t07->t08->t14->t20->t31->t34->t38->t45->t53->t57->t61->t64,156,101614,tied,0.3,0.7,"[""12"",""12"",""12"",""12"",""12"",""12"",""12"",""12"",""12"",""12"",""12"",""12"",""12"",""12"",""12"",""12"",""12"",""12"",""12"",""12"",""12"",""12"",""12"",""12"",""12"",""12"",""12"",""12"",""12"",""12"",""12"",""12"",""12"",""12"",""12"",""12"",""12"",""12"",""12"",""12"",""12"",""12"",""12"",""12"",""12"",""12"",""12"",""12"",""12"",""12"",""12"",""12"",""12"",""12"",""12"",""12"",""12"",""12"",""12"",""12"",""12"",""12"",""12"",""12""]","[""2.127"",""1.265"",""1.265"",""1.265"",""1.265"",""1.265"",""2.126"",""2.126"",""1.265"",""1.265"",""1.265"",""1.265"",""1.265"",""2.127"",""1.265"",""1.265"",""1.265"",""1.265"",""1.265"",""2.127"",""1.265"",""1.265"",""1.265"",""1.265"",""1.265"",""1.265"",""1.265"",""1.265"",""1.265"",""1.265"",""2.127"",""1.265"",""1.265"",""2.127"",""1.265"",""1.264"",""1.265"",""2.127"",""1.265"",""1.265"",""1.265"",""1.264"",""1.265"",""1.265"",""2.127"",""1.265"",""1.265"",""1.265"",""1.265"",""1.264"",""1.265"",""1.265"",""2.127"",""1.265"",""1.265"",""1.265"",""2.127"",""1.265"",""1.265"",""1.265"",""2.126"",""1.265"",""1.265"",""2.127""]","[""4.962"",""0.542"",""0.542"",""0.542"",""0.543"",""0.542"",""4.962"",""4.962"",""0.542"",""0.542"",""0.542"",""0.542"",""0.542"",""4.962"",""0.542"",""0.542"",""0.542"",""0.542"",""0.542"",""4.962"",""0.543"",""0.542"",""0.542"",""0.543"",""0.542"",""0.542"",""0.542"",""0.542"",""0.542"",""0.542"",""4.962"",""0.542"",""0.542"",""4.963"",""0.542"",""0.542"",""0.542"",""4.963"",""0.542"",""0.542"",""0.543"",""0.542"",""0.542"",""0.542"",""4.963"",""0.542"",""0.542"",""0.542"",""0.542"",""0.542"",""0.542"",""0.542"",""4.963"",""0.542"",""0.542"",""0.542"",""4.963"",""0.542"",""0.543"",""0.543"",""4.963"",""0.542"",""0.542"",""4.962""]","{""t01"":[],""t02"":[""t01""],""t03"":[""t01""],""t04"":[""t01""],""t05"":[""t01""],""t06"":[""t01""],""t07"":[""t01""],""t08"":[""t07""],""t09"":[""t02"",""t03"",""t06""],""t10"":[""t02"",""t05""],""t11"":[""t04"",""t07""],""t12"":[""t02"",""t05"",""t06""],""t13"":[""t02"",""t03"",""t04""],""t14"":[""t08"",""t11"",""t13""],""t15"":[""t08"",""t09"",""t10"",""t11"",""t12"",""t13""],""t16"":[""t08"",""t09"",""t10"",""t11"",""t13""],""t17"":[""t10"",""t12""],""t18"":[""t09"",""t12"",""t13""],""t19"":[""t08"",""t09"",""t11"",""t12""],""t20"":[""t14"",""t18""],""t21"":[""t16"",""t19""],""t22"":[""t14"",""t15"",""t16"",""t18""],""t23"":[""t14"",""t15"",""t18""],""t24"":[""t16"",""t17"",""t18""],""t25"":[""t18""],""t26"":[""t21"",""t23"",""t24""],""t27"":[""t20"",""t22""],""t28"":[""t22"",""t25""],""t29"":[""t20"",""t23"",""t24"",""t25""],""t30"":[""t21"",""t22"",""t24""],""t31"":[""t20""],""t32"":[""t28""],""t33"":[""t27"",""t30"",""t31""],""t34"":[""t26"",""t28"",""t30"",""t31""],""t35"":[""t27"",""t28"",""t31""],""t36"":[""t26"",""t28"",""t30""],""t37"":[""t26"",""t29"",""t30""],""t38"":[""t34"",""t37""],""t39"":[""t34"",""t35"",""t37""],""t40"":[""t34"",""t35""],""t41"":[""t33"",""t36"",""t37""],""t42"":[""t34"",""t35"",""t36"",""t37""],""t43"":[""t32"",""t33"",""t34"",""t37""],""t44"":[""t38"",""t39"",""t42""],""t45"":[""t38"",""t39"",""t42"",""t43""],""t46"":[""t38"",""t40""],""t47"":[""t40"",""t41"",""t42""],""t48"":[""t39"",""t40"",""t42"",""t43""],""t49"":[""t44"",""t45"",""t46""],""t50"":[""t46"",""t47""],""t51"":[""t46"",""t47""],""t52"":[""t47""],""t53"":[""t44"",""t45"",""t46"",""t48""],""t54"":[""t50"",""t51""],""t55"":[""t50"",""t51"",""t52""],""t56"":[""t49"",""t51"",""t53""],""t57"":[""t50"",""t53""],""t58"":[""t49"",""t53""],""t59"":[""t56""],""t60"":[""t57""],""t61"":[""t57""],""t62"":[""t54"",""t55"",""t57""],""t63"":[""t55"",""t56"",""t57"",""t58""],""t64"":[""t59"",""t60"",""t61"",""t62"",""t63""]}"
EXP-08,confirmatory,exp08_confirmatory_n64_wide_layered_homogeneous_02,n64_wide_layered_homogeneous,64,wide_layered,homogeneous,low,2,0,9188786574771914364,0.203125,t01->t04->t08->t16->t22->t30->t35->t39->t46->t51->t57->t60->t64,156,35043,tied,0.3,0.7,"[""12"",""12"",""12"",""12"",""12"",""12"",""12"",""12"",""12"",""12"",""12"",""12"",""12"",""12"",""12"",""12"",""12"",""12"",""12"",""12"",""12"",""12"",""12"",""12"",""12"",""12"",""12"",""12"",""12"",""12"",""12"",""12"",""12"",""12"",""12"",""12"",""12"",""12"",""12"",""12"",""12"",""12"",""12"",""12"",""12"",""12"",""12"",""12"",""12"",""12"",""12"",""12"",""12"",""12"",""12"",""12"",""12"",""12"",""12"",""12"",""12"",""12"",""12"",""12""]","[""2.127"",""1.265"",""1.265"",""2.126"",""1.265"",""1.265"",""1.265"",""2.127"",""1.265"",""1.265"",""1.265"",""1.265"",""1.265"",""1.265"",""1.265"",""2.126"",""1.265"",""1.265"",""1.265"",""1.265"",""1.265"",""2.127"",""1.265"",""1.265"",""1.265"",""1.265"",""1.265"",""1.265"",""1.265"",""2.127"",""1.265"",""1.265"",""1.265"",""1.265"",""2.127"",""1.265"",""1.265"",""1.265"",""2.127"",""1.265"",""1.265"",""1.265"",""1.265"",""1.265"",""1.265"",""2.127"",""1.265"",""1.265"",""1.265"",""1.265"",""2.126"",""1.265"",""1.265"",""1.264"",""1.265"",""1.265"",""2.127"",""1.264"",""1.265"",""2.127"",""1.265"",""1.264"",""1.265"",""2.127""]","[""4.963"",""0.543"",""0.542"",""4.962"",""0.542"",""0.542"",""0.542"",""4.962"",""0.542"",""0.542"",""0.543"",""0.542"",""0.542"",""0.542"",""0.542"",""4.962"",""0.542"",""0.542"",""0.542"",""0.542"",""0.542"",""4.962"",""0.543"",""0.542"",""0.542"",""0.542"",""0.542"",""0.542"",""0.542"",""4.963"",""0.542"",""0.543"",""0.542"",""0.542"",""4.962"",""0.542"",""0.542"",""0.542"",""4.963"",""0.542"",""0.542"",""0.542"",""0.542"",""0.542"",""0.542"",""4.962"",""0.542"",""0.542"",""0.542"",""0.542"",""4.963"",""0.542"",""0.542"",""0.542"",""0.543"",""0.542"",""4.963"",""0.542"",""0.542"",""4.962"",""0.543"",""0.542"",""0.542"",""4.963""]","{""t01"":[],""t02"":[""t01""],""t03"":[""t01""],""t04"":[""t01""],""t05"":[""t01""],""t06"":[""t01""],""t07"":[""t01""],""t08"":[""t02"",""t04"",""t05"",""t07""],""t09"":[""t04"",""t05""],""t10"":[""t03"",""t06""],""t11"":[""t02""],""t12"":[""t04""],""t13"":[""t05"",""t06""],""t14"":[""t09"",""t12"",""t13""],""t15"":[""t08"",""t09"",""t10"",""t12""],""t16"":[""t08""],""t17"":[""t12""],""t18"":[""t09"",""t10"",""t11"",""t12""],""t19"":[""t12""],""t20"":[""t14"",""t16"",""t19""],""t21"":[""t14"",""t15"",""t17"",""t18""],""t22"":[""t15"",""t16"",""t17"",""t18""],""t23"":[""t16"",""t18"",""t19""],""t24"":[""t14""],""t25"":[""t14"",""t16"",""t17"",""t19""],""t26"":[""t20"",""t21"",""t23"",""t24"",""t25""],""t27"":[""t20"",""t22"",""t23"",""t24"",""t25""],""t28"":[""t24"",""t25""],""t29"":[""t22"",""t24""],""t30"":[""t22""],""t31"":[""t22"",""t24"",""t25""],""t32"":[""t26""],""t33"":[""t28"",""t29"",""t31""],""t34"":[""t27"",""t28""],""t35"":[""t27"",""t30""],""t36"":[""t27"",""t29""],""t37"":[""t27"",""t28""],""t38"":[""t32""],""t39"":[""t32"",""t33"",""t34"",""t35"",""t36"",""t37""],""t40"":[""t32"",""t35""],""t41"":[""t32"",""t35"",""t36"",""t37""],""t42"":[""t35"",""t36""],""t43"":[""t32"",""t35"",""t37""],""t44"":[""t39"",""t41"",""t42"",""t43""],""t45"":[""t39"",""t40""],""t46"":[""t39""],""t47"":[""t38"",""t39"",""t40"",""t41""],""t48"":[""t40"",""t42""],""t49"":[""t45"",""t48""],""t50"":[""t46""],""t51"":[""t46""],""t52"":[""t44"",""t46""],""t53"":[""t44"",""t45"",""t47""],""t54"":[""t50"",""t51"",""t52""],""t55"":[""t49"",""t50""],""t56"":[""t49"",""t53""],""t57"":[""t49"",""t51""],""t58"":[""t49"",""t50""],""t59"":[""t54"",""t55"",""t56"",""t57""],""t60"":[""t56"",""t57""],""t61"":[""t54"",""t55"",""t56"",""t58""],""t62"":[""t56"",""t57""],""t63"":[""t54"",""t55"",""t56"",""t58""],""t64"":[""t59"",""t60"",""t61"",""t62"",""t63""]}"
EXP-08,confirmatory,exp08_confirmatory_n64_wide_layered_homogeneous_03,n64_wide_layered_homogeneous,64,wide_layered,homogeneous,low,3,0,7361714134841892777,0.203125,t01->t03->t13->t15->t22->t31->t33->t38->t45->t53->t54->t62->t64,156,30721,tied,0.3,0.7,"[""12"",""12"",""12"",""12"",""12"",""12"",""12"",""12"",""12"",""12"",""12"",""12"",""12"",""12"",""12"",""12"",""12"",""12"",""12"",""12"",""12"",""12"",""12"",""12"",""12"",""12"",""12"",""12"",""12"",""12"",""12"",""12"",""12"",""12"",""12"",""12"",""12"",""12"",""12"",""12"",""12"",""12"",""12"",""12"",""12"",""12"",""12"",""12"",""12"",""12"",""12"",""12"",""12"",""12"",""12"",""12"",""12"",""12"",""12"",""12"",""12"",""12"",""12"",""12""]","[""2.127"",""1.265"",""2.127"",""1.265"",""1.265"",""1.265"",""1.265"",""1.265"",""1.265"",""1.265"",""1.265"",""1.265"",""2.126"",""1.265"",""2.127"",""1.265"",""1.265"",""1.264"",""1.265"",""1.265"",""1.265"",""2.127"",""1.265"",""1.265"",""1.265"",""1.265"",""1.264"",""1.265"",""1.265"",""1.265"",""2.127"",""1.265"",""2.127"",""1.265"",""1.265"",""1.265"",""1.265"",""2.127"",""1.265"",""1.265"",""1.265"",""1.265"",""1.265"",""1.265"",""2.127"",""1.264"",""1.265"",""1.265"",""1.265"",""1.265"",""1.265"",""1.265"",""2.126"",""2.127"",""1.265"",""1.265"",""1.265"",""1.265"",""1.265"",""1.265"",""1.265"",""2.127"",""1.265"",""2.126""]","[""4.962"",""0.542"",""4.963"",""0.542"",""0.542"",""0.542"",""0.542"",""0.542"",""0.542"",""0.543"",""0.542"",""0.542"",""4.963"",""0.542"",""4.962"",""0.542"",""0.542"",""0.543"",""0.542"",""0.542"",""0.542"",""4.962"",""0.543"",""0.542"",""0.542"",""0.542"",""0.542"",""0.542"",""0.542"",""0.542"",""4.962"",""0.542"",""4.963"",""0.543"",""0.542"",""0.542"",""0.542"",""4.963"",""0.542"",""0.542"",""0.542"",""0.542"",""0.542"",""0.542"",""4.962"",""0.542"",""0.542"",""0.542"",""0.542"",""0.543"",""0.542"",""0.543"",""4.963"",""4.963"",""0.542"",""0.542"",""0.542"",""0.542"",""0.542"",""0.542"",""0.542"",""4.962"",""0.542"",""4.962""]","{""t01"":[],""t02"":[""t01""],""t03"":[""t01""],""t04"":[""t01""],""t05"":[""t01""],""t06"":[""t01""],""t07"":[""t01""],""t08"":[""t03"",""t04"",""t06"",""t07""],""t09"":[""t03"",""t04"",""t05""],""t10"":[""t02"",""t04"",""t07""],""t11"":[""t03"",""t05"",""t07""],""t12"":[""t03"",""t04"",""t05""],""t13"":[""t02"",""t03""],""t14"":[""t10"",""t11"",""t13""],""t15"":[""t09"",""t12"",""t13""],""t16"":[""t10"",""t11"",""t12"",""t13""],""t17"":[""t08"",""t11"",""t12""],""t18"":[""t08"",""t13""],""t19"":[""t08"",""t09"",""t10"",""t13""],""t20"":[""t14"",""t17"",""t19""],""t21"":[""t18"",""t19""],""t22"":[""t15"",""t16""],""t23"":[""t19""],""t24"":[""t18"",""t19""],""t25"":[""t16"",""t19""],""t26"":[""t21"",""t22"",""t23"",""t24""],""t27"":[""t20"",""t21"",""t23"",""t25""],""t28"":[""t24""],""t29"":[""t21"",""t22""],""t30"":[""t25""],""t31"":[""t21"",""t22"",""t23"",""t24""],""t32"":[""t26"",""t27"",""t28"",""t29""],""t33"":[""t31""],""t34"":[""t26"",""t28"",""t30""],""t35"":[""t26"",""t27""],""t36"":[""t26"",""t28"",""t29""],""t37"":[""t29"",""t30""],""t38"":[""t33"",""t35""],""t39"":[""t32""],""t40"":[""t32"",""t34""],""t41"":[""t34"",""t35"",""t36""],""t42"":[""t33"",""t37""],""t43"":[""t33""],""t44"":[""t38"",""t42""],""t45"":[""t38"",""t42"",""t43""],""t46"":[""t39"",""t40"",""t41""],""t47"":[""t38"",""t41"",""t43""],""t48"":[""t41"",""t42"",""t43""],""t49"":[""t44"",""t48""],""t50"":[""t44"",""t46"",""t47""],""t51"":[""t45"",""t48""],""t52"":[""t47"",""t48""],""t53"":[""t45"",""t46"",""t47""],""t54"":[""t53""],""t55"":[""t50"",""t52""],""t56"":[""t49"",""t51"",""t52""],""t57"":[""t53""],""t58"":[""t49"",""t50"",""t51""],""t59"":[""t54""],""t60"":[""t56"",""t58""],""t61"":[""t54"",""t55""],""t62"":[""t54"",""t57"",""t58""],""t63"":[""t54"",""t55"",""t58""],""t64"":[""t59"",""t60"",""t61"",""t62"",""t63""]}"
EXP-08,confirmatory,exp08_confirmatory_n64_wide_layered_homogeneous_04,n64_wide_layered_homogeneous,64,wide_layered,homogeneous,low,4,0,9045132980392324652,0.203125,t01->t06->t13->t14->t25->t30->t34->t38->t48->t49->t58->t59->t64,156,58712,tied,0.3,0.7,"[""12"",""12"",""12"",""12"",""12"",""12"",""12"",""12"",""12"",""12"",""12"",""12"",""12"",""12"",""12"",""12"",""12"",""12"",""12"",""12"",""12"",""12"",""12"",""12"",""12"",""12"",""12"",""12"",""12"",""12"",""12"",""12"",""12"",""12"",""12"",""12"",""12"",""12"",""12"",""12"",""12"",""12"",""12"",""12"",""12"",""12"",""12"",""12"",""12"",""12"",""12"",""12"",""12"",""12"",""12"",""12"",""12"",""12"",""12"",""12"",""12"",""12"",""12"",""12""]","[""2.126"",""1.265"",""1.265"",""1.265"",""1.265"",""2.127"",""1.265"",""1.265"",""1.265"",""1.264"",""1.265"",""1.265"",""2.126"",""2.127"",""1.265"",""1.265"",""1.265"",""1.265"",""1.265"",""1.265"",""1.265"",""1.265"",""1.265"",""1.265"",""2.127"",""1.265"",""1.265"",""1.265"",""1.265"",""2.127"",""1.265"",""1.264"",""1.265"",""2.127"",""1.265"",""1.265"",""1.265"",""2.127"",""1.265"",""1.265"",""1.265"",""1.265"",""1.265"",""1.265"",""1.265"",""1.264"",""1.265"",""2.127"",""2.127"",""1.265"",""1.265"",""1.265"",""1.265"",""1.265"",""1.265"",""1.265"",""1.265"",""2.127"",""2.127"",""1.265"",""1.265"",""1.265"",""1.265"",""2.126""]","[""4.963"",""0.542"",""0.542"",""0.542"",""0.543"",""4.963"",""0.542"",""0.543"",""0.542"",""0.542"",""0.542"",""0.542"",""4.962"",""4.962"",""0.543"",""0.542"",""0.542"",""0.542"",""0.542"",""0.542"",""0.542"",""0.542"",""0.542"",""0.542"",""4.963"",""0.542"",""0.542"",""0.542"",""0.542"",""4.962"",""0.542"",""0.542"",""0.542"",""4.962"",""0.543"",""0.542"",""0.543"",""4.962"",""0.542"",""0.542"",""0.542"",""0.542"",""0.542"",""0.542"",""0.542"",""0.542"",""0.542"",""4.963"",""4.963"",""0.542"",""0.542"",""0.542"",""0.542"",""0.542"",""0.543"",""0.542"",""0.542"",""4.962"",""4.962"",""0.542"",""0.542"",""0.542"",""0.542"",""4.963""]","{""t01"":[],""t02"":[""t01""],""t03"":[""t01""],""t04"":[""t01""],""t05"":[""t01""],""t06"":[""t01""],""t07"":[""t01""],""t08"":[""t02"",""t03"",""t04"",""t05"",""t06"",""t07""],""t09"":[""t02"",""t03"",""t04"",""t06""],""t10"":[""t02"",""t03"",""t06"",""t07""],""t11"":[""t04"",""t06"",""t07""],""t12"":[""t02"",""t07""],""t13"":[""t06""],""t14"":[""t09"",""t13""],""t15"":[""t09""],""t16"":[""t08"",""t09"",""t12"",""t13""],""t17"":[""t08"",""t09"",""t10"",""t12""],""t18"":[""t09"",""t12""],""t19"":[""t09"",""t11"",""t12""],""t20"":[""t14"",""t15"",""t17""],""t21"":[""t15"",""t17"",""t18""],""t22"":[""t14"",""t17""],""t23"":[""t16"",""t17"",""t19""],""t24"":[""t15"",""t18""],""t25"":[""t14"",""t15"",""t17"",""t19""],""t26"":[""t20"",""t22""],""t27"":[""t20"",""t24""],""t28"":[""t20"",""t21"",""t22"",""t24"",""t25""],""t29"":[""t20"",""t24""],""t30"":[""t22"",""t25""],""t31"":[""t21"",""t22"",""t23"",""t24""],""t32"":[""t28"",""t29""],""t33"":[""t26"",""t27""],""t34"":[""t29"",""t30"",""t31""],""t35"":[""t29""],""t36"":[""t26"",""t27"",""t28"",""t29"",""t31""],""t37"":[""t27"",""t31""],""t38"":[""t34"",""t36"",""t37""],""t39"":[""t32"",""t33"",""t36""],""t40"":[""t34"",""t35""],""t41"":[""t32"",""t34"",""t37""],""t42"":[""t34"",""t37""],""t43"":[""t32"",""t36""],""t44"":[""t38"",""t40"",""t42"",""t43""],""t45"":[""t39"",""t41""],""t46"":[""t43""],""t47"":[""t39"",""t41""],""t48"":[""t38"",""t39"",""t40""],""t49"":[""t44"",""t48""],""t50"":[""t46"",""t47""],""t51"":[""t45"",""t47""],""t52"":[""t44"",""t46"",""t47""],""t53"":[""t44"",""t45""],""t54"":[""t51"",""t53""],""t55"":[""t49"",""t51"",""t52""],""t56"":[""t50"",""t53""],""t57"":[""t50"",""t52""],""t58"":[""t49"",""t52""],""t59"":[""t55"",""t58""],""t60"":[""t55"",""t57""],""t61"":[""t54"",""t57""],""t62"":[""t54"",""t56""],""t63"":[""t55"",""t57""],""t64"":[""t59"",""t60"",""t61"",""t62"",""t63""]}"
EXP-08,confirmatory,exp08_confirmatory_n64_wide_layered_homogeneous_05,n64_wide_layered_homogeneous,64,wide_layered,homogeneous,low,5,0,5896830599026717661,0.203125,t01->t04->t08->t14->t24->t26->t34->t38->t46->t53->t58->t62->t64,156,36878,tied,0.3,0.7,"[""12"",""12"",""12"",""12"",""12"",""12"",""12"",""12"",""12"",""12"",""12"",""12"",""12"",""12"",""12"",""12"",""12"",""12"",""12"",""12"",""12"",""12"",""12"",""12"",""12"",""12"",""12"",""12"",""12"",""12"",""12"",""12"",""12"",""12"",""12"",""12"",""12"",""12"",""12"",""12"",""12"",""12"",""12"",""12"",""12"",""12"",""12"",""12"",""12"",""12"",""12"",""12"",""12"",""12"",""12"",""12"",""12"",""12"",""12"",""12"",""12"",""12"",""12"",""12""]","[""2.127"",""1.265"",""1.265"",""2.127"",""1.265"",""1.265"",""1.265"",""2.127"",""1.265"",""1.265"",""1.265"",""1.264"",""1.265"",""2.127"",""1.264"",""1.265"",""1.265"",""1.265"",""1.265"",""1.265"",""1.265"",""1.265"",""1.265"",""2.127"",""1.265"",""2.126"",""1.265"",""1.265"",""1.264"",""1.265"",""1.265"",""1.265"",""1.265"",""2.127"",""1.265"",""1.265"",""1.265"",""2.126"",""1.265"",""1.265"",""1.265"",""1.265"",""1.265"",""1.265"",""1.265"",""2.127"",""1.265"",""1.265"",""1.265"",""1.265"",""1.265"",""1.265"",""2.127"",""1.265"",""1.265"",""1.265"",""1.265"",""2.127"",""1.265"",""1.265"",""1.265"",""2.126"",""1.265"",""2.127""]","[""4.963"",""0.542"",""0.542"",""4.962"",""0.542"",""0.542"",""0.543"",""4.963"",""0.542"",""0.542"",""0.542"",""0.543"",""0.542"",""4.962"",""0.542"",""0.542"",""0.542"",""0.542"",""0.542"",""0.542"",""0.543"",""0.542"",""0.542"",""4.962"",""0.542"",""4.963"",""0.542"",""0.542"",""0.542"",""0.542"",""0.542"",""0.542"",""0.542"",""4.962"",""0.542"",""0.542"",""0.542"",""4.962"",""0.542"",""0.542"",""0.542"",""0.542"",""0.542"",""0.542"",""0.542"",""4.963"",""0.542"",""0.543"",""0.542"",""0.543"",""0.542"",""0.542"",""4.963"",""0.542"",""0.542"",""0.542"",""0.542"",""4.962"",""0.542"",""0.542"",""0.543"",""4.963"",""0.542"",""4.962""]","{""t01"":[],""t02"":[""t01""],""t03"":[""t01""],""t04"":[""t01""],""t05"":[""t01""],""t06"":[""t01""],""t07"":[""t01""],""t08"":[""t04"",""t05""],""t09"":[""t02"",""t04""],""t10"":[""t05"",""t06"",""t07""],""t11"":[""t03"",""t05"",""t07""],""t12"":[""t02"",""t04""],""t13"":[""t02"",""t04""],""t14"":[""t08""],""t15"":[""t11"",""t13""],""t16"":[""t09"",""t10"",""t11"",""t13""],""t17"":[""t08"",""t13""],""t18"":[""t08"",""t11"",""t12""],""t19"":[""t09""],""t20"":[""t15"",""t16"",""t17""],""t21"":[""t15"",""t16"",""t17"",""t19""],""t22"":[""t15"",""t18""],""t23"":[""t15"",""t17""],""t24"":[""t14"",""t15""],""t25"":[""t19""],""t26"":[""t22"",""t23"",""t24"",""t25""],""t27"":[""t20"",""t22"",""t24"",""t25""],""t28"":[""t23""],""t29"":[""t22"",""t24""],""t30"":[""t20"",""t21"",""t22""],""t31"":[""t20"",""t22"",""t25""],""t32"":[""t30"",""t31""],""t33"":[""t26"",""t29""],""t34"":[""t26"",""t28"",""t29""],""t35"":[""t27"",""t30"",""t31""],""t36"":[""t28"",""t29"",""t30""],""t37"":[""t29""],""t38"":[""t34"",""t35""],""t39"":[""t33"",""t34"",""t35""],""t40"":[""t35"",""t36""],""t41"":[""t33"",""t35"",""t37""],""t42"":[""t33"",""t35"",""t36"",""t37""],""t43"":[""t32"",""t34"",""t35""],""t44"":[""t38"",""t42""],""t45"":[""t39"",""t40""],""t46"":[""t38"",""t41""],""t47"":[""t39"",""t40"",""t41"",""t43""],""t48"":[""t39"",""t41""],""t49"":[""t44"",""t45"",""t46""],""t50"":[""t47"",""t48""],""t51"":[""t45""],""t52"":[""t45""],""t53"":[""t45"",""t46"",""t47"",""t48""],""t54"":[""t49"",""t51"",""t52""],""t55"":[""t49"",""t51""],""t56"":[""t49"",""t50"",""t51"",""t53""],""t57"":[""t52"",""t53""],""t58"":[""t52"",""t53""],""t59"":[""t54"",""t55"",""t57""],""t60"":[""t55"",""t57"",""t58""],""t61"":[""t55"",""t56"",""t58""],""t62"":[""t54"",""t58""],""t63"":[""t55"",""t56"",""t57""],""t64"":[""t59"",""t60"",""t61"",""t62"",""t63""]}"
EXP-08,confirmatory,exp08_confirmatory_n64_wide_layered_homogeneous_06,n64_wide_layered_homogeneous,64,wide_layered,homogeneous,low,6,0,14557824460930920145,0.203125,t01->t04->t13->t16->t20->t29->t34->t38->t46->t50->t57->t62->t64,156,32181,tied,0.3,0.7,"[""12"",""12"",""12"",""12"",""12"",""12"",""12"",""12"",""12"",""12"",""12"",""12"",""12"",""12"",""12"",""12"",""12"",""12"",""12"",""12"",""12"",""12"",""12"",""12"",""12"",""12"",""12"",""12"",""12"",""12"",""12"",""12"",""12"",""12"",""12"",""12"",""12"",""12"",""12"",""12"",""12"",""12"",""12"",""12"",""12"",""12"",""12"",""12"",""12"",""12"",""12"",""12"",""12"",""12"",""12"",""12"",""12"",""12"",""12"",""12"",""12"",""12"",""12"",""12""]","[""2.127"",""1.265"",""1.265"",""2.126"",""1.265"",""1.264"",""1.265"",""1.265"",""1.265"",""1.265"",""1.265"",""1.265"",""2.126"",""1.265"",""1.265"",""2.127"",""1.265"",""1.265"",""1.265"",""2.127"",""1.265"",""1.265"",""1.265"",""1.265"",""1.265"",""1.265"",""1.265"",""1.265"",""2.127"",""1.265"",""1.265"",""1.265"",""1.265"",""2.127"",""1.265"",""1.265"",""1.265"",""2.127"",""1.265"",""1.265"",""1.265"",""1.265"",""1.265"",""1.265"",""1.265"",""2.127"",""1.264"",""1.265"",""1.265"",""2.127"",""1.265"",""1.265"",""1.265"",""1.265"",""1.264"",""1.265"",""2.127"",""1.265"",""1.265"",""1.265"",""1.265"",""2.126"",""1.265"",""2.127""]","[""4.963"",""0.542"",""0.542"",""4.963"",""0.542"",""0.542"",""0.542"",""0.542"",""0.542"",""0.542"",""0.542"",""0.542"",""4.962"",""0.542"",""0.542"",""4.962"",""0.542"",""0.542"",""0.542"",""4.962"",""0.542"",""0.542"",""0.543"",""0.542"",""0.542"",""0.542"",""0.542"",""0.542"",""4.962"",""0.542"",""0.542"",""0.542"",""0.542"",""4.962"",""0.542"",""0.542"",""0.543"",""4.963"",""0.542"",""0.542"",""0.543"",""0.542"",""0.542"",""0.542"",""0.542"",""4.962"",""0.542"",""0.542"",""0.542"",""4.962"",""0.543"",""0.543"",""0.542"",""0.542"",""0.542"",""0.542"",""4.963"",""0.542"",""0.542"",""0.543"",""0.542"",""4.963"",""0.542"",""4.963""]","{""t01"":[],""t02"":[""t01""],""t03"":[""t01""],""t04"":[""t01""],""t05"":[""t01""],""t06"":[""t01""],""t07"":[""t01""],""t08"":[""t04"",""t05""],""t09"":[""t02"",""t03"",""t04"",""t07""],""t10"":[""t03"",""t04"",""t06"",""t07""],""t11"":[""t02"",""t03"",""t04"",""t07""],""t12"":[""t06"",""t07""],""t13"":[""t02"",""t04"",""t05""],""t14"":[""t11"",""t12""],""t15"":[""t10"",""t12"",""t13""],""t16"":[""t13""],""t17"":[""t10""],""t18"":[""t08""],""t19"":[""t09"",""t10"",""t12""],""t20"":[""t15"",""t16"",""t18""],""t21"":[""t14""],""t22"":[""t14"",""t16"",""t19""],""t23"":[""t14"",""t15"",""t16"",""t17""],""t24"":[""t14"",""t17"",""t19""],""t25"":[""t14"",""t16"",""t19""],""t26"":[""t22"",""t24"",""t25""],""t27"":[""t20""],""t28"":[""t23"",""t24"",""t25""],""t29"":[""t20"",""t25""],""t30"":[""t20"",""t22"",""t23"",""t24""],""t31"":[""t20"",""t21"",""t23""],""t32"":[""t26"",""t28"",""t31""],""t33"":[""t29""],""t34"":[""t27"",""t28"",""t29""],""t35"":[""t26"",""t29"",""t30"",""t31""],""t36"":[""t31""],""t37"":[""t28"",""t29""],""t38"":[""t34"",""t36"",""t37""],""t39"":[""t32"",""t36""],""t40"":[""t33"",""t36"",""t37""],""t41"":[""t33"",""t35"",""t36"",""t37""],""t42"":[""t32"",""t33"",""t34"",""t35"",""t37""],""t43"":[""t32"",""t35""],""t44"":[""t41"",""t43""],""t45"":[""t40"",""t41""],""t46"":[""t38"",""t39""],""t47"":[""t41"",""t42""],""t48"":[""t40""],""t49"":[""t44"",""t45"",""t47"",""t48""],""t50"":[""t46""],""t51"":[""t44"",""t46""],""t52"":[""t44"",""t47"",""t48""],""t53"":[""t45"",""t47"",""t48""],""t54"":[""t51"",""t52""],""t55"":[""t49"",""t52""],""t56"":[""t49"",""t51"",""t52""],""t57"":[""t50""],""t58"":[""t50"",""t51"",""t53""],""t59"":[""t54"",""t57""],""t60"":[""t55"",""t57"",""t58""],""t61"":[""t57"",""t58""],""t62"":[""t55"",""t56"",""t57"",""t58""],""t63"":[""t54""],""t64"":[""t59"",""t60"",""t61"",""t62"",""t63""]}"
EXP-08,confirmatory,exp08_confirmatory_n64_wide_layered_homogeneous_07,n64_wide_layered_homogeneous,64,wide_layered,homogeneous,low,7,0,4113801427522881724,0.203125,t01->t06->t12->t14->t21->t30->t32->t42->t44->t50->t54->t63->t64,156,18643,tied,0.3,0.7,"[""12"",""12"",""12"",""12"",""12"",""12"",""12"",""12"",""12"",""12"",""12"",""12"",""12"",""12"",""12"",""12"",""12"",""12"",""12"",""12"",""12"",""12"",""12"",""12"",""12"",""12"",""12"",""12"",""12"",""12"",""12"",""12"",""12"",""12"",""12"",""12"",""12"",""12"",""12"",""12"",""12"",""12"",""12"",""12"",""12"",""12"",""12"",""12"",""12"",""12"",""12"",""12"",""12"",""12"",""12"",""12"",""12"",""12"",""12"",""12"",""12"",""12"",""12"",""12""]","[""2.127"",""1.265"",""1.265"",""1.265"",""1.265"",""2.127"",""1.265"",""1.264"",""1.265"",""1.265"",""1.265"",""2.126"",""1.265"",""2.127"",""1.264"",""1.265"",""1.265"",""1.265"",""1.265"",""1.264"",""2.127"",""1.265"",""1.265"",""1.265"",""1.265"",""1.265"",""1.265"",""1.265"",""1.265"",""2.126"",""1.265"",""2.127"",""1.265"",""1.265"",""1.265"",""1.265"",""1.265"",""1.265"",""1.265"",""1.265"",""1.265"",""2.126"",""1.265"",""2.127"",""1.265"",""1.265"",""1.265"",""1.265"",""1.265"",""2.127"",""1.265"",""1.265"",""1.265"",""2.127"",""1.265"",""1.265"",""1.265"",""1.265"",""1.265"",""1.265"",""1.265"",""1.265"",""2.127"",""2.127""]","[""4.963"",""0.542"",""0.542"",""0.542"",""0.543"",""4.962"",""0.542"",""0.542"",""0.542"",""0.542"",""0.542"",""4.962"",""0.542"",""4.962"",""0.543"",""0.542"",""0.542"",""0.543"",""0.542"",""0.542"",""4.963"",""0.542"",""0.543"",""0.542"",""0.542"",""0.542"",""0.542"",""0.542"",""0.542"",""4.962"",""0.542"",""4.962"",""0.542"",""0.542"",""0.542"",""0.542"",""0.542"",""0.542"",""0.543"",""0.542"",""0.542"",""4.963"",""0.542"",""4.963"",""0.542"",""0.542"",""0.542"",""0.542"",""0.542"",""4.963"",""0.542"",""0.543"",""0.542"",""4.963"",""0.542"",""0.542"",""0.542"",""0.542"",""0.542"",""0.542"",""0.542"",""0.542"",""4.962"",""4.962""]","{""t01"":[],""t02"":[""t01""],""t03"":[""t01""],""t04"":[""t01""],""t05"":[""t01""],""t06"":[""t01""],""t07"":[""t01""],""t08"":[""t05""],""t09"":[""t05"",""t06""],""t10"":[""t02"",""t05"",""t06""],""t11"":[""t06"",""t07""],""t12"":[""t02"",""t04"",""t06""],""t13"":[""t03"",""t05"",""t06""],""t14"":[""t08"",""t09"",""t12"",""t13""],""t15"":[""t09"",""t10""],""t16"":[""t08"",""t10"",""t11""],""t17"":[""t08"",""t13""],""t18"":[""t08"",""t09"",""t10""],""t19"":[""t08"",""t12""],""t20"":[""t16"",""t17"",""t18""],""t21"":[""t14""],""t22"":[""t14"",""t15"",""t16"",""t18""],""t23"":[""t17"",""t19""],""t24"":[""t15"",""t18""],""t25"":[""t14"",""t17"",""t18""],""t26"":[""t20"",""t22"",""t23""],""t27"":[""t21"",""t22"",""t23""],""t28"":[""t20"",""t25""],""t29"":[""t20"",""t21"",""t23"",""t24""],""t30"":[""t21""],""t31"":[""t22"",""t25""],""t32"":[""t28"",""t29"",""t30"",""t31""],""t33"":[""t30"",""t31""],""t34"":[""t26"",""t27"",""t31""],""t35"":[""t27"",""t28"",""t29""],""t36"":[""t26"",""t29""],""t37"":[""t26"",""t27"",""t28""],""t38"":[""t32"",""t36""],""t39"":[""t32"",""t35""],""t40"":[""t32"",""t35"",""t37""],""t41"":[""t32"",""t36""],""t42"":[""t32"",""t33"",""t37""],""t43"":[""t32"",""t33"",""t34"",""t36""],""t44"":[""t39"",""t42""],""t45"":[""t42""],""t46"":[""t40"",""t41""],""t47"":[""t38"",""t39"",""t42"",""t43""],""t48"":[""t41"",""t43""],""t49"":[""t46""],""t50"":[""t44""],""t51"":[""t44"",""t47""],""t52"":[""t45"",""t48""],""t53"":[""t44"",""t47"",""t48""],""t54"":[""t50"",""t52""],""t55"":[""t53""],""t56"":[""t51"",""t52""],""t57"":[""t52""],""t58"":[""t49""],""t59"":[""t55"",""t56""],""t60"":[""t56""],""t61"":[""t54"",""t57"",""t58""],""t62"":[""t55"",""t58""],""t63"":[""t54"",""t55"",""t58""],""t64"":[""t59"",""t60"",""t61"",""t62"",""t63""]}"
EXP-08,confirmatory,exp08_confirmatory_n64_wide_layered_homogeneous_08,n64_wide_layered_homogeneous,64,wide_layered,homogeneous,low,8,0,12648105465110636860,0.203125,t01->t03->t13->t16->t21->t28->t32->t42->t48->t52->t58->t61->t64,156,51016,tied,0.3,0.7,"[""12"",""12"",""12"",""12"",""12"",""12"",""12"",""12"",""12"",""12"",""12"",""12"",""12"",""12"",""12"",""12"",""12"",""12"",""12"",""12"",""12"",""12"",""12"",""12"",""12"",""12"",""12"",""12"",""12"",""12"",""12"",""12"",""12"",""12"",""12"",""12"",""12"",""12"",""12"",""12"",""12"",""12"",""12"",""12"",""12"",""12"",""12"",""12"",""12"",""12"",""12"",""12"",""12"",""12"",""12"",""12"",""12"",""12"",""12"",""12"",""12"",""12"",""12"",""12""]","[""2.126"",""1.265"",""2.126"",""1.265"",""1.265"",""1.265"",""1.265"",""1.265"",""1.265"",""1.265"",""1.265"",""1.265"",""2.127"",""1.265"",""1.265"",""2.127"",""1.265"",""1.265"",""1.265"",""1.265"",""2.127"",""1.265"",""1.265"",""1.265"",""1.265"",""1.265"",""1.265"",""2.127"",""1.265"",""1.264"",""1.265"",""2.127"",""1.265"",""1.265"",""1.265"",""1.265"",""1.265"",""1.265"",""1.265"",""1.265"",""1.265"",""2.127"",""1.265"",""1.265"",""1.265"",""1.265"",""1.265"",""2.126"",""1.265"",""1.265"",""1.264"",""2.127"",""1.264"",""1.265"",""1.265"",""1.265"",""1.265"",""2.127"",""1.265"",""1.265"",""2.127"",""1.265"",""1.265"",""2.127""]","[""4.962"",""0.542"",""4.962"",""0.542"",""0.543"",""0.542"",""0.542"",""0.542"",""0.542"",""0.542"",""0.542"",""0.543"",""4.962"",""0.542"",""0.542"",""4.963"",""0.542"",""0.542"",""0.542"",""0.542"",""4.962"",""0.542"",""0.542"",""0.542"",""0.542"",""0.542"",""0.542"",""4.962"",""0.542"",""0.542"",""0.542"",""4.962"",""0.542"",""0.542"",""0.543"",""0.543"",""0.542"",""0.542"",""0.542"",""0.542"",""0.542"",""4.962"",""0.542"",""0.542"",""0.542"",""0.542"",""0.542"",""4.963"",""0.542"",""0.542"",""0.543"",""4.963"",""0.542"",""0.542"",""0.542"",""0.542"",""0.542"",""4.963"",""0.542"",""0.542"",""4.963"",""0.543"",""0.542"",""4.963""]","{""t01"":[],""t02"":[""t01""],""t03"":[""t01""],""t04"":[""t01""],""t05"":[""t01""],""t06"":[""t01""],""t07"":[""t01""],""t08"":[""t02""],""t09"":[""t05""],""t10"":[""t02""],""t11"":[""t02"",""t04"",""t05""],""t12"":[""t04"",""t06"",""t07""],""t13"":[""t03"",""t05"",""t07""],""t14"":[""t08"",""t10"",""t12""],""t15"":[""t08"",""t10"",""t12""],""t16"":[""t08"",""t12"",""t13""],""t17"":[""t09"",""t11"",""t12"",""t13""],""t18"":[""t12""],""t19"":[""t08"",""t13""],""t20"":[""t14"",""t16"",""t19""],""t21"":[""t15"",""t16"",""t18""],""t22"":[""t14"",""t16"",""t19""],""t23"":[""t14"",""t17""],""t24"":[""t15"",""t16""],""t25"":[""t14"",""t15""],""t26"":[""t21"",""t23"",""t25""],""t27"":[""t20""],""t28"":[""t21""],""t29"":[""t20"",""t23"",""t24""],""t30"":[""t23"",""t24""],""t31"":[""t20"",""t21"",""t22"",""t25""],""t32"":[""t27"",""t28"",""t29""],""t33"":[""t27"",""t28"",""t29""],""t34"":[""t28"",""t31""],""t35"":[""t30"",""t31""],""t36"":[""t26"",""t27"",""t30""],""t37"":[""t27"",""t29"",""t31""],""t38"":[""t32"",""t33"",""t34"",""t37""],""t39"":[""t33"",""t36"",""t37""],""t40"":[""t32"",""t33"",""t35"",""t37""],""t41"":[""t35"",""t36""],""t42"":[""t32"",""t34""],""t43"":[""t35""],""t44"":[""t38"",""t39"",""t40"",""t41"",""t43""],""t45"":[""t38"",""t40"",""t41"",""t43""],""t46"":[""t39"",""t40""],""t47"":[""t38"",""t40""],""t48"":[""t38"",""t42""],""t49"":[""t47""],""t50"":[""t44""],""t51"":[""t44"",""t48""],""t52"":[""t45"",""t46"",""t48""],""t53"":[""t45"",""t46"",""t48""],""t54"":[""t50"",""t52""],""t55"":[""t51"",""t52""],""t56"":[""t49"",""t50"",""t51"",""t52"",""t53""],""t57"":[""t51""],""t58"":[""t52""],""t59"":[""t54"",""t56"",""t58""],""t60"":[""t54"",""t57""],""t61"":[""t54"",""t55"",""t57"",""t58""],""t62"":[""t55"",""t56"",""t58""],""t63"":[""t54"",""t55"",""t58""],""t64"":[""t59"",""t60"",""t61"",""t62"",""t63""]}"
EXP-08,confirmatory,exp08_confirmatory_n64_wide_layered_homogeneous_09,n64_wide_layered_homogeneous,64,wide_layered,homogeneous,low,9,0,1459783747686459394,0.203125,t01->t02->t08->t16->t22->t29->t36->t41->t44->t49->t58->t59->t64,156,59373,tied,0.3,0.7,"[""12"",""12"",""12"",""12"",""12"",""12"",""12"",""12"",""12"",""12"",""12"",""12"",""12"",""12"",""12"",""12"",""12"",""12"",""12"",""12"",""12"",""12"",""12"",""12"",""12"",""12"",""12"",""12"",""12"",""12"",""12"",""12"",""12"",""12"",""12"",""12"",""12"",""12"",""12"",""12"",""12"",""12"",""12"",""12"",""12"",""12"",""12"",""12"",""12"",""12"",""12"",""12"",""12"",""12"",""12"",""12"",""12"",""12"",""12"",""12"",""12"",""12"",""12"",""12""]","[""2.127"",""2.127"",""1.265"",""1.265"",""1.265"",""1.265"",""1.265"",""2.126"",""1.265"",""1.265"",""1.264"",""1.265"",""1.265"",""1.265"",""1.265"",""2.127"",""1.265"",""1.265"",""1.265"",""1.265"",""1.265"",""2.127"",""1.265"",""1.265"",""1.264"",""1.265"",""1.265"",""1.265"",""2.127"",""1.265"",""1.265"",""1.265"",""1.265"",""1.265"",""1.265"",""2.127"",""1.265"",""1.265"",""1.265"",""1.265"",""2.127"",""1.265"",""1.265"",""2.127"",""1.265"",""1.265"",""1.265"",""1.265"",""2.126"",""1.265"",""1.265"",""1.265"",""1.265"",""1.264"",""1.265"",""1.265"",""1.265"",""2.126"",""2.127"",""1.265"",""1.265"",""1.265"",""1.265"",""2.127""]","[""4.963"",""4.963"",""0.542"",""0.542"",""0.542"",""0.542"",""0.542"",""4.963"",""0.542"",""0.542"",""0.542"",""0.542"",""0.542"",""0.542"",""0.543"",""4.962"",""0.542"",""0.542"",""0.542"",""0.542"",""0.542"",""4.962"",""0.542"",""0.542"",""0.542"",""0.542"",""0.542"",""0.542"",""4.963"",""0.542"",""0.542"",""0.542"",""0.542"",""0.542"",""0.542"",""4.963"",""0.543"",""0.542"",""0.542"",""0.542"",""4.963"",""0.543"",""0.542"",""4.962"",""0.542"",""0.542"",""0.543"",""0.543"",""4.962"",""0.542"",""0.542"",""0.542"",""0.542"",""0.542"",""0.542"",""0.542"",""0.542"",""4.962"",""4.962"",""0.542"",""0.542"",""0.542"",""0.543"",""4.962""]","{""t01"":[],""t02"":[""t01""],""t03"":[""t01""],""t04"":[""t01""],""t05"":[""t01""],""t06"":[""t01""],""t07"":[""t01""],""t08"":[""t02"",""t03"",""t04"",""t07""],""t09"":[""t02"",""t03"",""t05""],""t10"":[""t02"",""t06""],""t11"":[""t04"",""t07""],""t12"":[""t02"",""t05"",""t06"",""t07""],""t13"":[""t06"",""t07""],""t14"":[""t09"",""t10"",""t11"",""t12"",""t13""],""t15"":[""t09"",""t12""],""t16"":[""t08"",""t13""],""t17"":[""t08"",""t13""],""t18"":[""t08"",""t09""],""t19"":[""t08"",""t10"",""t12""],""t20"":[""t16"",""t17"",""t18"",""t19""],""t21"":[""t14"",""t17""],""t22"":[""t16"",""t17""],""t23"":[""t17"",""t18""],""t24"":[""t14"",""t18""],""t25"":[""t14"",""t15"",""t17"",""t18""],""t26"":[""t21"",""t23"",""t24"",""t25""],""t27"":[""t20"",""t21"",""t24""],""t28"":[""t20"",""t21"",""t24""],""t29"":[""t21"",""t22"",""t23""],""t30"":[""t20"",""t22""],""t31"":[""t22"",""t23"",""t25""],""t32"":[""t31""],""t33"":[""t27"",""t31""],""t34"":[""t26"",""t27""],""t35"":[""t27"",""t28"",""t29""],""t36"":[""t28"",""t29""],""t37"":[""t26"",""t27"",""t30""],""t38"":[""t34"",""t35"",""t37""],""t39"":[""t32"",""t34"",""t35"",""t36""],""t40"":[""t32"",""t36"",""t37""],""t41"":[""t33"",""t34"",""t36""],""t42"":[""t32"",""t34"",""t35""],""t43"":[""t32"",""t36"",""t37""],""t44"":[""t41"",""t43""],""t45"":[""t38"",""t41"",""t43""],""t46"":[""t39"",""t40"",""t42"",""t43""],""t47"":[""t39"",""t42""],""t48"":[""t38"",""t39"",""t41"",""t42""],""t49"":[""t44"",""t45""],""t50"":[""t45"",""t46""],""t51"":[""t47""],""t52"":[""t47"",""t48""],""t53"":[""t44""],""t54"":[""t50"",""t53""],""t55"":[""t51"",""t52"",""t53""],""t56"":[""t49"",""t50"",""t52""],""t57"":[""t51"",""t52""],""t58"":[""t49"",""t50"",""t52"",""t53""],""t59"":[""t57"",""t58""],""t60"":[""t54"",""t56"",""t58""],""t61"":[""t54""],""t62"":[""t57""],""t63"":[""t55"",""t56"",""t58""],""t64"":[""t59"",""t60"",""t61"",""t62"",""t63""]}"
EXP-08,confirmatory,exp08_confirmatory_n64_wide_layered_homogeneous_10,n64_wide_layered_homogeneous,64,wide_layered,homogeneous,low,10,0,5663209700966469148,0.203125,t01->t04->t09->t19->t21->t31->t36->t40->t44->t51->t56->t59->t64,156,34444,tied,0.3,0.7,"[""12"",""12"",""12"",""12"",""12"",""12"",""12"",""12"",""12"",""12"",""12"",""12"",""12"",""12"",""12"",""12"",""12"",""12"",""12"",""12"",""12"",""12"",""12"",""12"",""12"",""12"",""12"",""12"",""12"",""12"",""12"",""12"",""12"",""12"",""12"",""12"",""12"",""12"",""12"",""12"",""12"",""12"",""12"",""12"",""12"",""12"",""12"",""12"",""12"",""12"",""12"",""12"",""12"",""12"",""12"",""12"",""12"",""12"",""12"",""12"",""12"",""12"",""12"",""12""]","[""2.127"",""1.265"",""1.265"",""2.127"",""1.265"",""1.265"",""1.265"",""1.265"",""2.127"",""1.265"",""1.265"",""1.265"",""1.265"",""1.265"",""1.265"",""1.265"",""1.265"",""1.265"",""2.126"",""1.264"",""2.127"",""1.265"",""1.265"",""1.265"",""1.265"",""1.265"",""1.265"",""1.265"",""1.265"",""1.265"",""2.127"",""1.265"",""1.265"",""1.265"",""1.265"",""2.127"",""1.265"",""1.265"",""1.265"",""2.127"",""1.265"",""1.265"",""1.265"",""2.127"",""1.265"",""1.264"",""1.265"",""1.265"",""1.264"",""1.265"",""2.126"",""1.265"",""1.265"",""1.265"",""1.265"",""2.127"",""1.265"",""1.265"",""2.126"",""1.265"",""1.265"",""1.265"",""1.265"",""2.127""]","[""4.962"",""0.542"",""0.542"",""4.962"",""0.543"",""0.542"",""0.542"",""0.542"",""4.963"",""0.542"",""0.542"",""0.542"",""0.542"",""0.542"",""0.542"",""0.542"",""0.542"",""0.543"",""4.962"",""0.542"",""4.962"",""0.542"",""0.543"",""0.543"",""0.542"",""0.542"",""0.542"",""0.542"",""0.542"",""0.542"",""4.963"",""0.542"",""0.542"",""0.543"",""0.542"",""4.963"",""0.542"",""0.542"",""0.542"",""4.962"",""0.542"",""0.542"",""0.542"",""4.962"",""0.543"",""0.542"",""0.542"",""0.542"",""0.542"",""0.542"",""4.963"",""0.542"",""0.542"",""0.542"",""0.542"",""4.962"",""0.542"",""0.542"",""4.963"",""0.542"",""0.542"",""0.542"",""0.542"",""4.963""]","{""t01"":[],""t02"":[""t01""],""t03"":[""t01""],""t04"":[""t01""],""t05"":[""t01""],""t06"":[""t01""],""t07"":[""t01""],""t08"":[""t04""],""t09"":[""t04""],""t10"":[""t03"",""t04"",""t05"",""t06""],""t11"":[""t06""],""t12"":[""t03"",""t06"",""t07""],""t13"":[""t02"",""t04"",""t05"",""t07""],""t14"":[""t08"",""t10"",""t11""],""t15"":[""t08"",""t09"",""t10"",""t12""],""t16"":[""t08"",""t09"",""t13""],""t17"":[""t09"",""t13""],""t18"":[""t09"",""t13""],""t19"":[""t09"",""t10"",""t13""],""t20"":[""t17"",""t18""],""t21"":[""t15"",""t16"",""t18"",""t19""],""t22"":[""t14"",""t15"",""t17""],""t23"":[""t14"",""t15"",""t17""],""t24"":[""t15""],""t25"":[""t15"",""t17""],""t26"":[""t23""],""t27"":[""t20"",""t21"",""t22""],""t28"":[""t22"",""t24"",""t25""],""t29"":[""t21"",""t22"",""t23""],""t30"":[""t22"",""t24"",""t25""],""t31"":[""t21""],""t32"":[""t27"",""t28"",""t30"",""t31""],""t33"":[""t26"",""t27"",""t29"",""t30"",""t31""],""t34"":[""t26"",""t27"",""t30"",""t31""],""t35"":[""t26"",""t29""],""t36"":[""t30"",""t31""],""t37"":[""t26"",""t31""],""t38"":[""t33"",""t35""],""t39"":[""t32"",""t37""],""t40"":[""t36"",""t37""],""t41"":[""t32"",""t34"",""t36"",""t37""],""t42"":[""t36"",""t37""],""t43"":[""t32"",""t35"",""t36""],""t44"":[""t40"",""t42""],""t45"":[""t38"",""t39"",""t42""],""t46"":[""t39"",""t41"",""t42""],""t47"":[""t38"",""t42""],""t48"":[""t39"",""t41"",""t43""],""t49"":[""t44"",""t45"",""t46"",""t48""],""t50"":[""t44"",""t45""],""t51"":[""t44"",""t48""],""t52"":[""t46"",""t47""],""t53"":[""t46""],""t54"":[""t51"",""t53""],""t55"":[""t49"",""t50"",""t51""],""t56"":[""t49"",""t51"",""t53""],""t57"":[""t49"",""t51"",""t52""],""t58"":[""t49"",""t52""],""t59"":[""t56""],""t60"":[""t57""],""t61"":[""t58""],""t62"":[""t54"",""t55"",""t57"",""t58""],""t63"":[""t56""],""t64"":[""t59"",""t60"",""t61"",""t62"",""t63""]}"
EXP-08,confirmatory,exp08_confirmatory_n64_wide_layered_homogeneous_11,n64_wide_layered_homogeneous,64,wide_layered,homogeneous,low,11,0,6433757931533866341,0.203125,t01->t05->t08->t19->t23->t30->t32->t39->t48->t50->t56->t62->t64,156,32982,tied,0.3,0.7,"[""12"",""12"",""12"",""12"",""12"",""12"",""12"",""12"",""12"",""12"",""12"",""12"",""12"",""12"",""12"",""12"",""12"",""12"",""12"",""12"",""12"",""12"",""12"",""12"",""12"",""12"",""12"",""12"",""12"",""12"",""12"",""12"",""12"",""12"",""12"",""12"",""12"",""12"",""12"",""12"",""12"",""12"",""12"",""12"",""12"",""12"",""12"",""12"",""12"",""12"",""12"",""12"",""12"",""12"",""12"",""12"",""12"",""12"",""12"",""12"",""12"",""12"",""12"",""12""]","[""2.127"",""1.264"",""1.265"",""1.265"",""2.127"",""1.265"",""1.265"",""2.126"",""1.265"",""1.265"",""1.264"",""1.265"",""1.265"",""1.265"",""1.265"",""1.265"",""1.265"",""1.265"",""2.127"",""1.265"",""1.265"",""1.265"",""2.127"",""1.264"",""1.265"",""1.265"",""1.265"",""1.265"",""1.265"",""2.126"",""1.265"",""2.127"",""1.265"",""1.265"",""1.265"",""1.265"",""1.265"",""1.265"",""2.126"",""1.265"",""1.265"",""1.265"",""1.265"",""1.265"",""1.265"",""1.265"",""1.265"",""2.127"",""1.265"",""2.127"",""1.265"",""1.265"",""1.265"",""1.265"",""1.265"",""2.127"",""1.265"",""1.265"",""1.265"",""1.265"",""1.265"",""2.127"",""1.265"",""2.127""]","[""4.963"",""0.542"",""0.542"",""0.542"",""4.962"",""0.542"",""0.542"",""4.962"",""0.542"",""0.542"",""0.542"",""0.542"",""0.542"",""0.542"",""0.543"",""0.542"",""0.542"",""0.542"",""4.963"",""0.542"",""0.542"",""0.542"",""4.962"",""0.543"",""0.542"",""0.542"",""0.542"",""0.542"",""0.542"",""4.962"",""0.542"",""4.963"",""0.542"",""0.542"",""0.542"",""0.542"",""0.542"",""0.542"",""4.963"",""0.542"",""0.542"",""0.542"",""0.542"",""0.543"",""0.542"",""0.542"",""0.542"",""4.962"",""0.542"",""4.963"",""0.542"",""0.543"",""0.542"",""0.542"",""0.542"",""4.963"",""0.542"",""0.542"",""0.542"",""0.543"",""0.542"",""4.962"",""0.543"",""4.962""]","{""t01"":[],""t02"":[""t01""],""t03"":[""t01""],""t04"":[""t01""],""t05"":[""t01""],""t06"":[""t01""],""t07"":[""t01""],""t08"":[""t02"",""t05""],""t09"":[""t02"",""t03"",""t04""],""t10"":[""t04"",""t06"",""t07""],""t11"":[""t02"",""t06""],""t12"":[""t02"",""t05"",""t07""],""t13"":[""t04"",""t05""],""t14"":[""t10"",""t11"",""t13""],""t15"":[""t08"",""t09"",""t11""],""t16"":[""t10""],""t17"":[""t08"",""t09"",""t12""],""t18"":[""t09"",""t10"",""t12""],""t19"":[""t08""],""t20"":[""t14"",""t18"",""t19""],""t21"":[""t15""],""t22"":[""t14"",""t15"",""t18""],""t23"":[""t14"",""t19""],""t24"":[""t16"",""t17""],""t25"":[""t17"",""t18""],""t26"":[""t20"",""t22"",""t23"",""t24"",""t25""],""t27"":[""t20"",""t21"",""t22"",""t25""],""t28"":[""t22""],""t29"":[""t20"",""t25""],""t30"":[""t21"",""t23"",""t25""],""t31"":[""t20"",""t24""],""t32"":[""t26"",""t28"",""t29"",""t30"",""t31""],""t33"":[""t26"",""t29""],""t34"":[""t26"",""t30"",""t31""],""t35"":[""t30""],""t36"":[""t27"",""t31""],""t37"":[""t29"",""t30"",""t31""],""t38"":[""t33"",""t36""],""t39"":[""t32"",""t34""],""t40"":[""t32"",""t33""],""t41"":[""t32"",""t36"",""t37""],""t42"":[""t33"",""t35"",""t36""],""t43"":[""t35"",""t36""],""t44"":[""t42""],""t45"":[""t38"",""t39"",""t40""],""t46"":[""t40""],""t47"":[""t40"",""t41"",""t43""],""t48"":[""t39""],""t49"":[""t47"",""t48""],""t50"":[""t45"",""t48""],""t51"":[""t46"",""t48""],""t52"":[""t44"",""t47""],""t53"":[""t46"",""t48""],""t54"":[""t49"",""t51"",""t52""],""t55"":[""t52"",""t53""],""t56"":[""t50"",""t53""],""t57"":[""t50"",""t53""],""t58"":[""t51"",""t52"",""t53""],""t59"":[""t54"",""t55"",""t58""],""t60"":[""t54"",""t55"",""t57"",""t58""],""t61"":[""t55"",""t56"",""t57""],""t62"":[""t54"",""t56"",""t57""],""t63"":[""t54"",""t58""],""t64"":[""t59"",""t60"",""t61"",""t62"",""t63""]}"
EXP-08,confirmatory,exp08_confirmatory_n64_wide_layered_homogeneous_12,n64_wide_layered_homogeneous,64,wide_layered,homogeneous,low,12,0,8358108810407486510,0.203125,t01->t06->t10->t16->t22->t28->t37->t41->t47->t51->t58->t59->t64,156,41773,tied,0.3,0.7,"[""12"",""12"",""12"",""12"",""12"",""12"",""12"",""12"",""12"",""12"",""12"",""12"",""12"",""12"",""12"",""12"",""12"",""12"",""12"",""12"",""12"",""12"",""12"",""12"",""12"",""12"",""12"",""12"",""12"",""12"",""12"",""12"",""12"",""12"",""12"",""12"",""12"",""12"",""12"",""12"",""12"",""12"",""12"",""12"",""12"",""12"",""12"",""12"",""12"",""12"",""12"",""12"",""12"",""12"",""12"",""12"",""12"",""12"",""12"",""12"",""12"",""12"",""12"",""12""]","[""2.127"",""1.265"",""1.265"",""1.265"",""1.265"",""2.127"",""1.265"",""1.265"",""1.265"",""2.126"",""1.265"",""1.265"",""1.265"",""1.265"",""1.265"",""2.127"",""1.265"",""1.265"",""1.265"",""1.265"",""1.265"",""2.127"",""1.264"",""1.265"",""1.265"",""1.264"",""1.265"",""2.127"",""1.265"",""1.265"",""1.265"",""1.265"",""1.265"",""1.265"",""1.265"",""1.265"",""2.127"",""1.265"",""1.265"",""1.265"",""2.127"",""1.265"",""1.265"",""1.264"",""1.265"",""1.265"",""2.126"",""1.265"",""1.265"",""1.265"",""2.127"",""1.265"",""1.265"",""1.265"",""1.265"",""1.265"",""1.265"",""2.127"",""2.127"",""1.265"",""1.265"",""1.265"",""1.265"",""2.126""]","[""4.962"",""0.542"",""0.542"",""0.542"",""0.542"",""4.963"",""0.542"",""0.543"",""0.542"",""4.962"",""0.542"",""0.542"",""0.542"",""0.542"",""0.543"",""4.962"",""0.543"",""0.542"",""0.542"",""0.542"",""0.542"",""4.962"",""0.542"",""0.542"",""0.542"",""0.542"",""0.542"",""4.963"",""0.542"",""0.543"",""0.542"",""0.542"",""0.542"",""0.542"",""0.542"",""0.542"",""4.962"",""0.542"",""0.542"",""0.542"",""4.962"",""0.542"",""0.542"",""0.542"",""0.542"",""0.542"",""4.963"",""0.542"",""0.542"",""0.542"",""4.962"",""0.543"",""0.542"",""0.542"",""0.542"",""0.542"",""0.543"",""4.963"",""4.963"",""0.542"",""0.542"",""0.542"",""0.542"",""4.963""]","{""t01"":[],""t02"":[""t01""],""t03"":[""t01""],""t04"":[""t01""],""t05"":[""t01""],""t06"":[""t01""],""t07"":[""t01""],""t08"":[""t02"",""t04"",""t07""],""t09"":[""t03"",""t06"",""t07""],""t10"":[""t06""],""t11"":[""t02"",""t05""],""t12"":[""t03"",""t05""],""t13"":[""t02"",""t05""],""t14"":[""t09"",""t11""],""t15"":[""t10"",""t12"",""t13""],""t16"":[""t10"",""t12"",""t13""],""t17"":[""t09""],""t18"":[""t09"",""t11""],""t19"":[""t08"",""t09""],""t20"":[""t14"",""t17""],""t21"":[""t14"",""t16"",""t19""],""t22"":[""t15"",""t16"",""t18"",""t19""],""t23"":[""t18""],""t24"":[""t18"",""t19""],""t25"":[""t14"",""t15"",""t16"",""t17""],""t26"":[""t20"",""t24"",""t25""],""t27"":[""t20"",""t21"",""t25""],""t28"":[""t21"",""t22""],""t29"":[""t20""],""t30"":[""t21"",""t23"",""t24"",""t25""],""t31"":[""t21"",""t25""],""t32"":[""t26"",""t29"",""t31""],""t33"":[""t27"",""t30"",""t31""],""t34"":[""t27"",""t28"",""t31""],""t35"":[""t26"",""t27""],""t36"":[""t26"",""t27"",""t28""],""t37"":[""t28""],""t38"":[""t32"",""t35"",""t36""],""t39"":[""t33"",""t36""],""t40"":[""t34"",""t37""],""t41"":[""t37""],""t42"":[""t34""],""t43"":[""t32"",""t34"",""t35"",""t36""],""t44"":[""t40"",""t42""],""t45"":[""t40"",""t43""],""t46"":[""t39"",""t42"",""t43""],""t47"":[""t38"",""t39"",""t41"",""t42""],""t48"":[""t42"",""t43""],""t49"":[""t44"",""t45"",""t46"",""t47""],""t50"":[""t47"",""t48""],""t51"":[""t47""],""t52"":[""t46"",""t47""],""t53"":[""t45"",""t46"",""t47""],""t54"":[""t49"",""t50"",""t53""],""t55"":[""t49"",""t51"",""t52"",""t53""],""t56"":[""t49"",""t50""],""t57"":[""t50""],""t58"":[""t49"",""t51"",""t52""],""t59"":[""t55"",""t57"",""t58""],""t60"":[""t54"",""t58""],""t61"":[""t55"",""t57"",""t58""],""t62"":[""t56"",""t58""],""t63"":[""t57""],""t64"":[""t59"",""t60"",""t61"",""t62"",""t63""]}"
EXP-08,confirmatory,exp08_confirmatory_n64_wide_layered_homogeneous_13,n64_wide_layered_homogeneous,64,wide_layered,homogeneous,low,13,0,18124702167952990747,0.203125,t01->t03->t12->t19->t25->t30->t33->t42->t45->t53->t56->t62->t64,156,78458,tied,0.3,0.7,"[""12"",""12"",""12"",""12"",""12"",""12"",""12"",""12"",""12"",""12"",""12"",""12"",""12"",""12"",""12"",""12"",""12"",""12"",""12"",""12"",""12"",""12"",""12"",""12"",""12"",""12"",""12"",""12"",""12"",""12"",""12"",""12"",""12"",""12"",""12"",""12"",""12"",""12"",""12"",""12"",""12"",""12"",""12"",""12"",""12"",""12"",""12"",""12"",""12"",""12"",""12"",""12"",""12"",""12"",""12"",""12"",""12"",""12"",""12"",""12"",""12"",""12"",""12"",""12""]","[""2.127"",""1.265"",""2.127"",""1.265"",""1.265"",""1.265"",""1.265"",""1.265"",""1.265"",""1.265"",""1.265"",""2.126"",""1.265"",""1.265"",""1.265"",""1.265"",""1.265"",""1.265"",""2.127"",""1.265"",""1.265"",""1.265"",""1.265"",""1.265"",""2.127"",""1.264"",""1.265"",""1.265"",""1.264"",""2.127"",""1.265"",""1.265"",""2.126"",""1.265"",""1.265"",""1.265"",""1.265"",""1.265"",""1.265"",""1.265"",""1.265"",""2.127"",""1.265"",""1.265"",""2.127"",""1.265"",""1.265"",""1.264"",""1.265"",""1.265"",""1.265"",""1.265"",""2.127"",""1.265"",""1.265"",""2.126"",""1.265"",""1.265"",""1.265"",""1.265"",""1.265"",""2.127"",""1.265"",""2.127""]","[""4.962"",""0.542"",""4.963"",""0.542"",""0.542"",""0.542"",""0.542"",""0.542"",""0.542"",""0.542"",""0.542"",""4.963"",""0.542"",""0.542"",""0.542"",""0.542"",""0.542"",""0.543"",""4.963"",""0.542"",""0.542"",""0.542"",""0.542"",""0.542"",""4.962"",""0.542"",""0.542"",""0.542"",""0.542"",""4.962"",""0.542"",""0.543"",""4.962"",""0.542"",""0.542"",""0.542"",""0.542"",""0.542"",""0.542"",""0.542"",""0.542"",""4.963"",""0.543"",""0.542"",""4.962"",""0.542"",""0.542"",""0.543"",""0.542"",""0.542"",""0.543"",""0.542"",""4.963"",""0.542"",""0.542"",""4.962"",""0.542"",""0.542"",""0.543"",""0.542"",""0.542"",""4.962"",""0.542"",""4.963""]","{""t01"":[],""t02"":[""t01""],""t03"":[""t01""],""t04"":[""t01""],""t05"":[""t01""],""t06"":[""t01""],""t07"":[""t01""],""t08"":[""t04"",""t05"",""t06"",""t07""],""t09"":[""t02"",""t04"",""t07""],""t10"":[""t04""],""t11"":[""t02"",""t03"",""t06"",""t07""],""t12"":[""t02"",""t03""],""t13"":[""t05"",""t07""],""t14"":[""t08"",""t09"",""t10"",""t13""],""t15"":[""t08"",""t09"",""t13""],""t16"":[""t08"",""t10"",""t11"",""t12""],""t17"":[""t10"",""t11"",""t12""],""t18"":[""t08"",""t09"",""t13""],""t19"":[""t12""],""t20"":[""t14"",""t16"",""t17"",""t18"",""t19""],""t21"":[""t14"",""t16"",""t18""],""t22"":[""t14"",""t15"",""t16""],""t23"":[""t14"",""t17"",""t18""],""t24"":[""t14"",""t15"",""t18""],""t25"":[""t18"",""t19""],""t26"":[""t20"",""t22"",""t23"",""t24"",""t25""],""t27"":[""t21"",""t22"",""t25""],""t28"":[""t23"",""t24"",""t25""],""t29"":[""t20"",""t22""],""t30"":[""t22"",""t24"",""t25""],""t31"":[""t20"",""t22"",""t24"",""t25""],""t32"":[""t27"",""t28"",""t30"",""t31""],""t33"":[""t27"",""t28"",""t30""],""t34"":[""t27""],""t35"":[""t26"",""t28"",""t29"",""t30""],""t36"":[""t27"",""t31""],""t37"":[""t26"",""t27""],""t38"":[""t33"",""t34"",""t35"",""t36"",""t37""],""t39"":[""t33"",""t35""],""t40"":[""t37""],""t41"":[""t32"",""t34"",""t35"",""t37""],""t42"":[""t33"",""t34""],""t43"":[""t36"",""t37""],""t44"":[""t39"",""t40""],""t45"":[""t39"",""t40"",""t42"",""t43""],""t46"":[""t38"",""t39"",""t42""],""t47"":[""t38"",""t39"",""t40"",""t41""],""t48"":[""t39"",""t42"",""t43""],""t49"":[""t46"",""t47""],""t50"":[""t45"",""t46""],""t51"":[""t47"",""t48""],""t52"":[""t48""],""t53"":[""t44"",""t45""],""t54"":[""t51""],""t55"":[""t49"",""t51"",""t52"",""t53""],""t56"":[""t52"",""t53""],""t57"":[""t49"",""t50"",""t52""],""t58"":[""t51""],""t59"":[""t54"",""t57""],""t60"":[""t54"",""t57"",""t58""],""t61"":[""t56"",""t57""],""t62"":[""t56"",""t57"",""t58""],""t63"":[""t55"",""t57""],""t64"":[""t59"",""t60"",""t61"",""t62"",""t63""]}"
EXP-08,confirmatory,exp08_confirmatory_n64_wide_layered_homogeneous_14,n64_wide_layered_homogeneous,64,wide_layered,homogeneous,low,14,0,5704438292402325224,0.203125,t01->t07->t08->t16->t23->t26->t34->t39->t44->t53->t56->t63->t64,156,47859,tied,0.3,0.7,"[""12"",""12"",""12"",""12"",""12"",""12"",""12"",""12"",""12"",""12"",""12"",""12"",""12"",""12"",""12"",""12"",""12"",""12"",""12"",""12"",""12"",""12"",""12"",""12"",""12"",""12"",""12"",""12"",""12"",""12"",""12"",""12"",""12"",""12"",""12"",""12"",""12"",""12"",""12"",""12"",""12"",""12"",""12"",""12"",""12"",""12"",""12"",""12"",""12"",""12"",""12"",""12"",""12"",""12"",""12"",""12"",""12"",""12"",""12"",""12"",""12"",""12"",""12"",""12""]","[""2.126"",""1.265"",""1.265"",""1.265"",""1.265"",""1.265"",""2.127"",""2.127"",""1.265"",""1.265"",""1.265"",""1.265"",""1.265"",""1.265"",""1.265"",""2.127"",""1.265"",""1.265"",""1.265"",""1.264"",""1.265"",""1.265"",""2.127"",""1.265"",""1.265"",""2.127"",""1.264"",""1.265"",""1.265"",""1.265"",""1.265"",""1.265"",""1.265"",""2.127"",""1.265"",""1.265"",""1.265"",""1.265"",""2.127"",""1.265"",""1.265"",""1.265"",""1.265"",""2.126"",""1.265"",""1.265"",""1.265"",""1.265"",""1.265"",""1.265"",""1.265"",""1.264"",""2.127"",""1.265"",""1.265"",""2.127"",""1.265"",""1.265"",""1.265"",""1.265"",""1.265"",""1.265"",""2.127"",""2.126""]","[""4.962"",""0.542"",""0.542"",""0.542"",""0.542"",""0.542"",""4.962"",""4.963"",""0.543"",""0.543"",""0.542"",""0.542"",""0.543"",""0.542"",""0.542"",""4.963"",""0.542"",""0.543"",""0.542"",""0.542"",""0.542"",""0.542"",""4.963"",""0.542"",""0.542"",""4.962"",""0.542"",""0.542"",""0.542"",""0.542"",""0.542"",""0.542"",""0.542"",""4.962"",""0.542"",""0.542"",""0.542"",""0.542"",""4.962"",""0.542"",""0.542"",""0.542"",""0.542"",""4.963"",""0.542"",""0.542"",""0.542"",""0.542"",""0.542"",""0.542"",""0.543"",""0.542"",""4.963"",""0.542"",""0.542"",""4.963"",""0.542"",""0.542"",""0.543"",""0.542"",""0.542"",""0.542"",""4.962"",""4.962""]","{""t01"":[],""t02"":[""t01""],""t03"":[""t01""],""t04"":[""t01""],""t05"":[""t01""],""t06"":[""t01""],""t07"":[""t01""],""t08"":[""t02"",""t04"",""t07""],""t09"":[""t06"",""t07""],""t10"":[""t02"",""t03"",""t05"",""t06"",""t07""],""t11"":[""t04"",""t05"",""t06""],""t12"":[""t05"",""t06""],""t13"":[""t03"",""t07""],""t14"":[""t08""],""t15"":[""t08"",""t10"",""t11"",""t12""],""t16"":[""t08"",""t12"",""t13""],""t17"":[""t11"",""t13""],""t18"":[""t08"",""t09""],""t19"":[""t08"",""t09"",""t12""],""t20"":[""t16"",""t17""],""t21"":[""t16"",""t17"",""t18""],""t22"":[""t15"",""t16"",""t18"",""t19""],""t23"":[""t14"",""t16""],""t24"":[""t14"",""t15"",""t16""],""t25"":[""t15"",""t16"",""t18""],""t26"":[""t20"",""t21"",""t23"",""t24"",""t25""],""t27"":[""t20"",""t23""],""t28"":[""t20"",""t21"",""t22""],""t29"":[""t20"",""t23"",""t24"",""t25""],""t30"":[""t20"",""t21"",""t24""],""t31"":[""t22""],""t32"":[""t26"",""t28"",""t31""],""t33"":[""t28"",""t29""],""t34"":[""t26""],""t35"":[""t27""],""t36"":[""t29"",""t30""],""t37"":[""t27"",""t28""],""t38"":[""t32""],""t39"":[""t33"",""t34""],""t40"":[""t37""],""t41"":[""t33"",""t35"",""t37""],""t42"":[""t34"",""t35"",""t37""],""t43"":[""t33"",""t34"",""t35"",""t36"",""t37""],""t44"":[""t39"",""t42"",""t43""],""t45"":[""t38"",""t40""],""t46"":[""t41"",""t42"",""t43""],""t47"":[""t38"",""t41"",""t42"",""t43""],""t48"":[""t40"",""t41"",""t43""],""t49"":[""t44""],""t50"":[""t44"",""t45"",""t47""],""t51"":[""t47""],""t52"":[""t46"",""t47""],""t53"":[""t44"",""t46"",""t48""],""t54"":[""t52"",""t53""],""t55"":[""t52""],""t56"":[""t52"",""t53""],""t57"":[""t50"",""t51""],""t58"":[""t49"",""t50"",""t51"",""t52"",""t53""],""t59"":[""t55"",""t57""],""t60"":[""t54"",""t55"",""t56"",""t58""],""t61"":[""t54"",""t55""],""t62"":[""t54"",""t55""],""t63"":[""t54"",""t55"",""t56""],""t64"":[""t59"",""t60"",""t61"",""t62"",""t63""]}"
EXP-08,confirmatory,exp08_confirmatory_n64_wide_layered_homogeneous_15,n64_wide_layered_homogeneous,64,wide_layered,homogeneous,low,15,0,1037391755628540382,0.203125,t01->t02->t09->t19->t21->t26->t32->t41->t45->t51->t57->t63->t64,156,6393,tied,0.3,0.7,"[""12"",""12"",""12"",""12"",""12"",""12"",""12"",""12"",""12"",""12"",""12"",""12"",""12"",""12"",""12"",""12"",""12"",""12"",""12"",""12"",""12"",""12"",""12"",""12"",""12"",""12"",""12"",""12"",""12"",""12"",""12"",""12"",""12"",""12"",""12"",""12"",""12"",""12"",""12"",""12"",""12"",""12"",""12"",""12"",""12"",""12"",""12"",""12"",""12"",""12"",""12"",""12"",""12"",""12"",""12"",""12"",""12"",""12"",""12"",""12"",""12"",""12"",""12"",""12""]","[""2.127"",""2.127"",""1.264"",""1.265"",""1.265"",""1.265"",""1.265"",""1.265"",""2.127"",""1.265"",""1.265"",""1.265"",""1.265"",""1.265"",""1.265"",""1.265"",""1.265"",""1.265"",""2.127"",""1.265"",""2.127"",""1.265"",""1.264"",""1.265"",""1.265"",""2.126"",""1.265"",""1.264"",""1.265"",""1.265"",""1.265"",""2.127"",""1.265"",""1.265"",""1.265"",""1.265"",""1.265"",""1.265"",""1.265"",""1.265"",""2.126"",""1.265"",""1.265"",""1.265"",""2.127"",""1.265"",""1.265"",""1.265"",""1.265"",""1.265"",""2.126"",""1.265"",""1.265"",""1.265"",""1.265"",""1.265"",""2.127"",""1.265"",""1.265"",""1.265"",""1.265"",""1.265"",""2.127"",""2.127""]","[""4.962"",""4.963"",""0.542"",""0.542"",""0.542"",""0.542"",""0.542"",""0.542"",""4.963"",""0.542"",""0.542"",""0.542"",""0.542"",""0.542"",""0.542"",""0.542"",""0.542"",""0.543"",""4.963"",""0.542"",""4.962"",""0.542"",""0.542"",""0.542"",""0.543"",""4.963"",""0.542"",""0.542"",""0.542"",""0.542"",""0.542"",""4.962"",""0.542"",""0.542"",""0.543"",""0.542"",""0.542"",""0.542"",""0.542"",""0.542"",""4.962"",""0.542"",""0.542"",""0.542"",""4.962"",""0.543"",""0.542"",""0.542"",""0.542"",""0.542"",""4.962"",""0.543"",""0.542"",""0.542"",""0.542"",""0.542"",""4.963"",""0.543"",""0.542"",""0.542"",""0.542"",""0.542"",""4.963"",""4.962""]","{""t01"":[],""t02"":[""t01""],""t03"":[""t01""],""t04"":[""t01""],""t05"":[""t01""],""t06"":[""t01""],""t07"":[""t01""],""t08"":[""t03"",""t04"",""t06""],""t09"":[""t02"",""t03""],""t10"":[""t04"",""t06""],""t11"":[""t03"",""t05""],""t12"":[""t02"",""t03"",""t06"",""t07""],""t13"":[""t06""],""t14"":[""t08"",""t10""],""t15"":[""t09"",""t13""],""t16"":[""t09"",""t10"",""t13""],""t17"":[""t08"",""t12""],""t18"":[""t09"",""t13""],""t19"":[""t09"",""t10"",""t11""],""t20"":[""t15"",""t16""],""t21"":[""t19""],""t22"":[""t14"",""t15"",""t18"",""t19""],""t23"":[""t14"",""t17"",""t19""],""t24"":[""t14"",""t15""],""t25"":[""t14"",""t15""],""t26"":[""t20"",""t21"",""t22"",""t23""],""t27"":[""t24"",""t25""],""t28"":[""t22"",""t24"",""t25""],""t29"":[""t24""],""t30"":[""t23"",""t25""],""t31"":[""t21"",""t22""],""t32"":[""t26"",""t27""],""t33"":[""t28"",""t29"",""t30""],""t34"":[""t26"",""t27"",""t29"",""t31""],""t35"":[""t27""],""t36"":[""t29"",""t31""],""t37"":[""t26"",""t27"",""t30""],""t38"":[""t35""],""t39"":[""t32"",""t33"",""t36""],""t40"":[""t33"",""t37""],""t41"":[""t32"",""t35"",""t36""],""t42"":[""t32"",""t33"",""t34"",""t35"",""t37""],""t43"":[""t32"",""t36""],""t44"":[""t39"",""t40"",""t41"",""t42""],""t45"":[""t41""],""t46"":[""t38"",""t39"",""t40""],""t47"":[""t38"",""t39"",""t43""],""t48"":[""t41""],""t49"":[""t44"",""t45"",""t47""],""t50"":[""t44"",""t45""],""t51"":[""t45""],""t52"":[""t48""],""t53"":[""t45"",""t46""],""t54"":[""t51"",""t53""],""t55"":[""t51"",""t52""],""t56"":[""t49"",""t53""],""t57"":[""t50"",""t51""],""t58"":[""t53""],""t59"":[""t58""],""t60"":[""t54"",""t57""],""t61"":[""t54"",""t56""],""t62"":[""t54"",""t58""],""t63"":[""t55"",""t57""],""t64"":[""t59"",""t60"",""t61"",""t62"",""t63""]}"
EXP-08,confirmatory,exp08_confirmatory_n64_wide_layered_homogeneous_16,n64_wide_layered_homogeneous,64,wide_layered,homogeneous,low,16,0,7269734327252203910,0.203125,t01->t06->t09->t16->t24->t27->t32->t42->t44->t52->t55->t61->t64,156,45080,tied,0.3,0.7,"[""12"",""12"",""12"",""12"",""12"",""12"",""12"",""12"",""12"",""12"",""12"",""12"",""12"",""12"",""12"",""12"",""12"",""12"",""12"",""12"",""12"",""12"",""12"",""12"",""12"",""12"",""12"",""12"",""12"",""12"",""12"",""12"",""12"",""12"",""12"",""12"",""12"",""12"",""12"",""12"",""12"",""12"",""12"",""12"",""12"",""12"",""12"",""12"",""12"",""12"",""12"",""12"",""12"",""12"",""12"",""12"",""12"",""12"",""12"",""12"",""12"",""12"",""12"",""12""]","[""2.127"",""1.264"",""1.265"",""1.265"",""1.265"",""2.126"",""1.265"",""1.265"",""2.127"",""1.265"",""1.265"",""1.265"",""1.265"",""1.265"",""1.265"",""2.127"",""1.265"",""1.265"",""1.265"",""1.265"",""1.265"",""1.265"",""1.265"",""2.127"",""1.265"",""1.265"",""2.127"",""1.265"",""1.265"",""1.264"",""1.265"",""2.127"",""1.265"",""1.265"",""1.265"",""1.265"",""1.265"",""1.265"",""1.265"",""1.265"",""1.265"",""2.126"",""1.265"",""2.127"",""1.265"",""1.265"",""1.265"",""1.265"",""1.265"",""1.265"",""1.265"",""2.127"",""1.265"",""1.265"",""2.127"",""1.265"",""1.265"",""1.265"",""1.265"",""1.265"",""2.126"",""1.265"",""1.264"",""2.127""]","[""4.962"",""0.542"",""0.542"",""0.542"",""0.542"",""4.963"",""0.542"",""0.542"",""4.963"",""0.543"",""0.542"",""0.542"",""0.542"",""0.543"",""0.542"",""4.962"",""0.542"",""0.542"",""0.543"",""0.542"",""0.542"",""0.542"",""0.542"",""4.962"",""0.542"",""0.542"",""4.963"",""0.542"",""0.542"",""0.543"",""0.542"",""4.962"",""0.542"",""0.542"",""0.542"",""0.542"",""0.542"",""0.542"",""0.542"",""0.542"",""0.542"",""4.963"",""0.542"",""4.963"",""0.542"",""0.542"",""0.542"",""0.542"",""0.542"",""0.542"",""0.542"",""4.962"",""0.542"",""0.542"",""4.963"",""0.542"",""0.542"",""0.542"",""0.543"",""0.542"",""4.962"",""0.543"",""0.542"",""4.962""]","{""t01"":[],""t02"":[""t01""],""t03"":[""t01""],""t04"":[""t01""],""t05"":[""t01""],""t06"":[""t01""],""t07"":[""t01""],""t08"":[""t03"",""t06"",""t07""],""t09"":[""t02"",""t03"",""t05"",""t06""],""t10"":[""t03"",""t05"",""t07""],""t11"":[""t03"",""t04"",""t06""],""t12"":[""t05"",""t07""],""t13"":[""t02"",""t04"",""t06""],""t14"":[""t09"",""t10"",""t12""],""t15"":[""t08"",""t10"",""t11"",""t12""],""t16"":[""t08"",""t09"",""t11"",""t12""],""t17"":[""t08"",""t12"",""t13""],""t18"":[""t08"",""t09""],""t19"":[""t09"",""t12""],""t20"":[""t14"",""t16""],""t21"":[""t15"",""t19""],""t22"":[""t18""],""t23"":[""t16"",""t18"",""t19""],""t24"":[""t16""],""t25"":[""t15"",""t17"",""t19""],""t26"":[""t21"",""t22"",""t23"",""t25""],""t27"":[""t20"",""t21"",""t24""],""t28"":[""t20"",""t21"",""t22"",""t23"",""t24""],""t29"":[""t21"",""t22"",""t23"",""t24""],""t30"":[""t20"",""t21"",""t22"",""t23""],""t31"":[""t21"",""t22"",""t24""],""t32"":[""t26"",""t27""],""t33"":[""t26"",""t28"",""t29"",""t31""],""t34"":[""t26"",""t31""],""t35"":[""t28"",""t31""],""t36"":[""t28"",""t30"",""t31""],""t37"":[""t27"",""t28"",""t31""],""t38"":[""t32"",""t33"",""t34"",""t36""],""t39"":[""t32"",""t35"",""t37""],""t40"":[""t33""],""t41"":[""t32"",""t35"",""t37""],""t42"":[""t32"",""t35""],""t43"":[""t33"",""t35"",""t36"",""t37""],""t44"":[""t38"",""t41"",""t42""],""t45"":[""t40"",""t41"",""t42"",""t43""],""t46"":[""t38"",""t43""],""t47"":[""t39"",""t40""],""t48"":[""t39"",""t41"",""t42""],""t49"":[""t45""],""t50"":[""t46"",""t47""],""t51"":[""t45"",""t48""],""t52"":[""t44""],""t53"":[""t46"",""t47""],""t54"":[""t51"",""t53""],""t55"":[""t51"",""t52""],""t56"":[""t50"",""t51"",""t53""],""t57"":[""t49"",""t51""],""t58"":[""t53""],""t59"":[""t55"",""t57""],""t60"":[""t57"",""t58""],""t61"":[""t54"",""t55"",""t56"",""t57""],""t62"":[""t55"",""t58""],""t63"":[""t57""],""t64"":[""t59"",""t60"",""t61"",""t62"",""t63""]}"
EXP-08,confirmatory,exp08_confirmatory_n64_wide_layered_homogeneous_17,n64_wide_layered_homogeneous,64,wide_layered,homogeneous,low,17,0,7582924838246235394,0.203125,t01->t07->t12->t19->t23->t27->t33->t40->t45->t49->t57->t59->t64,156,49524,tied,0.3,0.7,"[""12"",""12"",""12"",""12"",""12"",""12"",""12"",""12"",""12"",""12"",""12"",""12"",""12"",""12"",""12"",""12"",""12"",""12"",""12"",""12"",""12"",""12"",""12"",""12"",""12"",""12"",""12"",""12"",""12"",""12"",""12"",""12"",""12"",""12"",""12"",""12"",""12"",""12"",""12"",""12"",""12"",""12"",""12"",""12"",""12"",""12"",""12"",""12"",""12"",""12"",""12"",""12"",""12"",""12"",""12"",""12"",""12"",""12"",""12"",""12"",""12"",""12"",""12"",""12""]","[""2.126"",""1.265"",""1.265"",""1.265"",""1.265"",""1.265"",""2.126"",""1.265"",""1.265"",""1.265"",""1.265"",""2.127"",""1.265"",""1.265"",""1.265"",""1.265"",""1.265"",""1.265"",""2.127"",""1.265"",""1.265"",""1.265"",""2.127"",""1.265"",""1.265"",""1.265"",""2.126"",""1.265"",""1.265"",""1.265"",""1.265"",""1.265"",""2.127"",""1.265"",""1.265"",""1.265"",""1.264"",""1.265"",""1.265"",""2.127"",""1.265"",""1.265"",""1.265"",""1.264"",""2.127"",""1.265"",""1.265"",""1.265"",""2.127"",""1.265"",""1.265"",""1.265"",""1.265"",""1.265"",""1.265"",""1.265"",""2.127"",""1.265"",""2.127"",""1.265"",""1.264"",""1.265"",""1.265"",""2.127""]","[""4.962"",""0.542"",""0.542"",""0.542"",""0.542"",""0.542"",""4.963"",""0.542"",""0.543"",""0.542"",""0.542"",""4.962"",""0.542"",""0.542"",""0.542"",""0.542"",""0.542"",""0.543"",""4.962"",""0.543"",""0.542"",""0.542"",""4.962"",""0.542"",""0.542"",""0.542"",""4.962"",""0.542"",""0.542"",""0.542"",""0.542"",""0.542"",""4.963"",""0.542"",""0.542"",""0.542"",""0.542"",""0.542"",""0.542"",""4.963"",""0.542"",""0.542"",""0.542"",""0.542"",""4.963"",""0.542"",""0.542"",""0.543"",""4.962"",""0.542"",""0.542"",""0.542"",""0.542"",""0.542"",""0.542"",""0.542"",""4.963"",""0.542"",""4.963"",""0.543"",""0.542"",""0.543"",""0.542"",""4.962""]","{""t01"":[],""t02"":[""t01""],""t03"":[""t01""],""t04"":[""t01""],""t05"":[""t01""],""t06"":[""t01""],""t07"":[""t01""],""t08"":[""t05"",""t07""],""t09"":[""t02"",""t03"",""t05"",""t06"",""t07""],""t10"":[""t03"",""t04"",""t05"",""t07""],""t11"":[""t03"",""t04"",""t05""],""t12"":[""t03"",""t04"",""t05"",""t06"",""t07""],""t13"":[""t04"",""t06""],""t14"":[""t09""],""t15"":[""t10"",""t13""],""t16"":[""t08"",""t10"",""t11"",""t12""],""t17"":[""t08"",""t09"",""t11"",""t12""],""t18"":[""t08"",""t11"",""t12"",""t13""],""t19"":[""t12""],""t20"":[""t14""],""t21"":[""t14"",""t16"",""t17"",""t18""],""t22"":[""t15"",""t16"",""t17""],""t23"":[""t15"",""t17"",""t18"",""t19""],""t24"":[""t14"",""t19""],""t25"":[""t17""],""t26"":[""t21"",""t23""],""t27"":[""t20"",""t22"",""t23""],""t28"":[""t24""],""t29"":[""t21"",""t23"",""t24"",""t25""],""t30"":[""t20"",""t21"",""t22"",""t25""],""t31"":[""t21"",""t22"",""t24"",""t25""],""t32"":[""t26"",""t28"",""t29""],""t33"":[""t27""],""t34"":[""t26"",""t28"",""t30""],""t35"":[""t28"",""t30"",""t31""],""t36"":[""t27"",""t28"",""t30"",""t31""],""t37"":[""t27"",""t28"",""t30"",""t31""],""t38"":[""t33"",""t36""],""t39"":[""t34""],""t40"":[""t33"",""t37""],""t41"":[""t32"",""t34"",""t35"",""t37""],""t42"":[""t32"",""t33"",""t34"",""t36"",""t37""],""t43"":[""t35""],""t44"":[""t39"",""t41""],""t45"":[""t39"",""t40"",""t43""],""t46"":[""t39"",""t42""],""t47"":[""t39"",""t40"",""t43""],""t48"":[""t38"",""t39"",""t42""],""t49"":[""t45"",""t46"",""t47""],""t50"":[""t45"",""t46""],""t51"":[""t44"",""t47""],""t52"":[""t47"",""t48""],""t53"":[""t44"",""t47""],""t54"":[""t49"",""t50""],""t55"":[""t50"",""t53""],""t56"":[""t49"",""t50""],""t57"":[""t49"",""t50"",""t51"",""t52""],""t58"":[""t49""],""t59"":[""t54"",""t57""],""t60"":[""t56"",""t57"",""t58""],""t61"":[""t54"",""t55""],""t62"":[""t54""],""t63"":[""t56""],""t64"":[""t59"",""t60"",""t61"",""t62"",""t63""]}"
EXP-08,confirmatory,exp08_confirmatory_n64_wide_layered_homogeneous_18,n64_wide_layered_homogeneous,64,wide_layered,homogeneous,low,18,0,14922085685075210456,0.203125,t01->t02->t12->t15->t24->t29->t35->t43->t47->t53->t57->t61->t64,156,21190,tied,0.3,0.7,"[""12"",""12"",""12"",""12"",""12"",""12"",""12"",""12"",""12"",""12"",""12"",""12"",""12"",""12"",""12"",""12"",""12"",""12"",""12"",""12"",""12"",""12"",""12"",""12"",""12"",""12"",""12"",""12"",""12"",""12"",""12"",""12"",""12"",""12"",""12"",""12"",""12"",""12"",""12"",""12"",""12"",""12"",""12"",""12"",""12"",""12"",""12"",""12"",""12"",""12"",""12"",""12"",""12"",""12"",""12"",""12"",""12"",""12"",""12"",""12"",""12"",""12"",""12"",""12""]","[""2.127"",""2.127"",""1.265"",""1.265"",""1.265"",""1.264"",""1.265"",""1.265"",""1.265"",""1.265"",""1.265"",""2.127"",""1.265"",""1.265"",""2.127"",""1.265"",""1.265"",""1.265"",""1.265"",""1.265"",""1.265"",""1.265"",""1.264"",""2.126"",""1.265"",""1.265"",""1.265"",""1.265"",""2.127"",""1.265"",""1.265"",""1.265"",""1.264"",""1.265"",""2.127"",""1.265"",""1.265"",""1.265"",""1.265"",""1.265"",""1.265"",""1.265"",""2.127"",""1.265"",""1.265"",""1.265"",""2.127"",""1.265"",""1.265"",""1.265"",""1.265"",""1.265"",""2.127"",""1.265"",""1.265"",""1.265"",""2.126"",""1.265"",""1.265"",""1.265"",""2.127"",""1.265"",""1.265"",""2.126""]","[""4.962"",""4.962"",""0.542"",""0.542"",""0.542"",""0.542"",""0.542"",""0.542"",""0.542"",""0.543"",""0.542"",""4.962"",""0.542"",""0.542"",""4.963"",""0.542"",""0.542"",""0.542"",""0.542"",""0.542"",""0.542"",""0.543"",""0.542"",""4.963"",""0.542"",""0.542"",""0.542"",""0.542"",""4.963"",""0.542"",""0.542"",""0.542"",""0.542"",""0.542"",""4.962"",""0.542"",""0.542"",""0.542"",""0.542"",""0.542"",""0.542"",""0.542"",""4.963"",""0.542"",""0.542"",""0.542"",""4.962"",""0.542"",""0.542"",""0.543"",""0.542"",""0.542"",""4.963"",""0.542"",""0.542"",""0.542"",""4.963"",""0.543"",""0.543"",""0.542"",""4.962"",""0.542"",""0.543"",""4.962""]","{""t01"":[],""t02"":[""t01""],""t03"":[""t01""],""t04"":[""t01""],""t05"":[""t01""],""t06"":[""t01""],""t07"":[""t01""],""t08"":[""t02"",""t04""],""t09"":[""t03"",""t07""],""t10"":[""t02"",""t05""],""t11"":[""t02"",""t04"",""t07""],""t12"":[""t02"",""t03"",""t04""],""t13"":[""t02"",""t06""],""t14"":[""t10"",""t13""],""t15"":[""t08"",""t12""],""t16"":[""t08"",""t09"",""t10"",""t11""],""t17"":[""t09"",""t13""],""t18"":[""t11"",""t13""],""t19"":[""t08""],""t20"":[""t14"",""t18""],""t21"":[""t18"",""t19""],""t22"":[""t17"",""t18""],""t23"":[""t15"",""t16""],""t24"":[""t15"",""t16"",""t18""],""t25"":[""t16"",""t18"",""t19""],""t26"":[""t21"",""t23"",""t24""],""t27"":[""t22"",""t24""],""t28"":[""t23"",""t25""],""t29"":[""t21"",""t23"",""t24""],""t30"":[""t23""],""t31"":[""t20"",""t22"",""t23""],""t32"":[""t27"",""t28"",""t29"",""t30""],""t33"":[""t28"",""t29""],""t34"":[""t27"",""t31""],""t35"":[""t28"",""t29"",""t31""],""t36"":[""t26""],""t37"":[""t28""],""t38"":[""t33"",""t34"",""t36""],""t39"":[""t32"",""t33"",""t34"",""t36""],""t40"":[""t34"",""t36""],""t41"":[""t33"",""t37""],""t42"":[""t35"",""t36""],""t43"":[""t35"",""t36""],""t44"":[""t39"",""t40"",""t41"",""t43""],""t45"":[""t39"",""t41"",""t42""],""t46"":[""t40"",""t41"",""t42""],""t47"":[""t42"",""t43""],""t48"":[""t38"",""t39"",""t40"",""t42""],""t49"":[""t44"",""t45"",""t47""],""t50"":[""t46"",""t48""],""t51"":[""t45""],""t52"":[""t44"",""t45"",""t46""],""t53"":[""t47""],""t54"":[""t53""],""t55"":[""t49"",""t51"",""t52""],""t56"":[""t49"",""t50"",""t51"",""t52""],""t57"":[""t49"",""t53""],""t58"":[""t50"",""t51"",""t53""],""t59"":[""t54""],""t60"":[""t54"",""t55""],""t61"":[""t57"",""t58""],""t62"":[""t56"",""t57"",""t58""],""t63"":[""t54"",""t55"",""t58""],""t64"":[""t59"",""t60"",""t61"",""t62"",""t63""]}"
EXP-08,confirmatory,exp08_confirmatory_n64_wide_layered_homogeneous_19,n64_wide_layered_homogeneous,64,wide_layered,homogeneous,low,19,0,2982056942359154652,0.203125,t01->t02->t08->t15->t21->t26->t35->t40->t45->t53->t56->t60->t64,156,28792,tied,0.3,0.7,"[""12"",""12"",""12"",""12"",""12"",""12"",""12"",""12"",""12"",""12"",""12"",""12"",""12"",""12"",""12"",""12"",""12"",""12"",""12"",""12"",""12"",""12"",""12"",""12"",""12"",""12"",""12"",""12"",""12"",""12"",""12"",""12"",""12"",""12"",""12"",""12"",""12"",""12"",""12"",""12"",""12"",""12"",""12"",""12"",""12"",""12"",""12"",""12"",""12"",""12"",""12"",""12"",""12"",""12"",""12"",""12"",""12"",""12"",""12"",""12"",""12"",""12"",""12"",""12""]","[""2.127"",""2.127"",""1.265"",""1.265"",""1.265"",""1.265"",""1.265"",""2.127"",""1.265"",""1.265"",""1.265"",""1.265"",""1.265"",""1.265"",""2.127"",""1.265"",""1.264"",""1.265"",""1.265"",""1.265"",""2.127"",""1.265"",""1.265"",""1.265"",""1.265"",""2.126"",""1.265"",""1.265"",""1.265"",""1.265"",""1.265"",""1.265"",""1.265"",""1.265"",""2.127"",""1.264"",""1.265"",""1.265"",""1.265"",""2.127"",""1.265"",""1.265"",""1.265"",""1.265"",""2.127"",""1.265"",""1.264"",""1.265"",""1.265"",""1.265"",""1.265"",""1.265"",""2.126"",""1.265"",""1.265"",""2.127"",""1.265"",""1.265"",""1.265"",""2.126"",""1.265"",""1.265"",""1.265"",""2.127""]","[""4.962"",""4.962"",""0.543"",""0.543"",""0.542"",""0.542"",""0.542"",""4.963"",""0.542"",""0.542"",""0.542"",""0.542"",""0.542"",""0.542"",""4.963"",""0.542"",""0.542"",""0.542"",""0.542"",""0.542"",""4.963"",""0.542"",""0.542"",""0.542"",""0.542"",""4.962"",""0.542"",""0.543"",""0.542"",""0.542"",""0.542"",""0.542"",""0.542"",""0.542"",""4.962"",""0.542"",""0.542"",""0.542"",""0.542"",""4.963"",""0.542"",""0.542"",""0.542"",""0.542"",""4.962"",""0.542"",""0.543"",""0.542"",""0.542"",""0.543"",""0.542"",""0.542"",""4.963"",""0.542"",""0.542"",""4.962"",""0.542"",""0.542"",""0.542"",""4.963"",""0.542"",""0.543"",""0.542"",""4.962""]","{""t01"":[],""t02"":[""t01""],""t03"":[""t01""],""t04"":[""t01""],""t05"":[""t01""],""t06"":[""t01""],""t07"":[""t01""],""t08"":[""t02""],""t09"":[""t05"",""t07""],""t10"":[""t06"",""t07""],""t11"":[""t02"",""t03"",""t05"",""t06""],""t12"":[""t06""],""t13"":[""t04"",""t07""],""t14"":[""t11""],""t15"":[""t08"",""t09""],""t16"":[""t10"",""t11""],""t17"":[""t10"",""t11""],""t18"":[""t08"",""t12""],""t19"":[""t09"",""t10"",""t12"",""t13""],""t20"":[""t15"",""t16""],""t21"":[""t14"",""t15"",""t17"",""t19""],""t22"":[""t14"",""t15"",""t19""],""t23"":[""t14"",""t16"",""t17""],""t24"":[""t17"",""t19""],""t25"":[""t14"",""t15"",""t16"",""t18"",""t19""],""t26"":[""t21"",""t22"",""t24""],""t27"":[""t21"",""t22""],""t28"":[""t20"",""t23""],""t29"":[""t20"",""t21"",""t22"",""t23""],""t30"":[""t20"",""t24"",""t25""],""t31"":[""t23"",""t25""],""t32"":[""t27"",""t29""],""t33"":[""t29"",""t30""],""t34"":[""t28"",""t30""],""t35"":[""t26"",""t31""],""t36"":[""t27"",""t30"",""t31""],""t37"":[""t28"",""t29""],""t38"":[""t32"",""t34"",""t36""],""t39"":[""t37""],""t40"":[""t35"",""t36""],""t41"":[""t34"",""t35"",""t36""],""t42"":[""t33"",""t35"",""t36""],""t43"":[""t33"",""t34"",""t36""],""t44"":[""t38"",""t39"",""t41""],""t45"":[""t40"",""t41"",""t42""],""t46"":[""t41""],""t47"":[""t38""],""t48"":[""t38"",""t42"",""t43""],""t49"":[""t46"",""t47"",""t48""],""t50"":[""t44"",""t47""],""t51"":[""t44"",""t46"",""t48""],""t52"":[""t45"",""t46""],""t53"":[""t44"",""t45"",""t46"",""t47""],""t54"":[""t49"",""t52"",""t53""],""t55"":[""t49"",""t50""],""t56"":[""t49"",""t51"",""t53""],""t57"":[""t49"",""t52""],""t58"":[""t50""],""t59"":[""t56"",""t58""],""t60"":[""t56""],""t61"":[""t55"",""t56""],""t62"":[""t55"",""t58""],""t63"":[""t54"",""t57""],""t64"":[""t59"",""t60"",""t61"",""t62"",""t63""]}"
EXP-08,confirmatory,exp08_confirmatory_n64_wide_layered_lognormal_00,n64_wide_layered_lognormal,64,wide_layered,lognormal,low,0,2,3025749579908008709,0.2883435582822085889570552147,t01->t02->t09->t15->t24->t27->t37->t39->t46->t50->t56->t59->t64,564,2,tied,0.3,0.7,"[""60"",""48"",""48"",""12"",""24"",""12"",""60"",""12"",""36"",""36"",""24"",""48"",""24"",""12"",""48"",""12"",""36"",""72"",""12"",""36"",""12"",""36"",""12"",""48"",""24"",""36"",""72"",""48"",""24"",""24"",""48"",""24"",""12"",""24"",""12"",""12"",""36"",""36"",""48"",""36"",""36"",""36"",""36"",""24"",""12"",""12"",""24"",""24"",""36"",""48"",""60"",""24"",""12"",""12"",""24"",""12"",""12"",""36"",""60"",""24"",""12"",""24"",""24"",""36""]","[""7.491"",""5.993"",""5.666"",""1.416"",""2.833"",""1.416"",""7.082"",""1.416"",""4.495"",""4.249"",""2.833"",""5.666"",""2.833"",""1.416"",""5.993"",""1.416"",""4.249"",""8.499"",""1.416"",""4.249"",""1.416"",""4.249"",""1.416"",""5.993"",""2.833"",""4.249"",""8.989"",""5.666"",""2.833"",""2.833"",""5.666"",""2.833"",""1.416"",""2.833"",""1.417"",""1.416"",""4.494"",""4.249"",""5.993"",""4.249"",""4.249"",""4.249"",""4.249"",""2.833"",""1.417"",""1.498"",""2.833"",""2.833"",""4.249"",""5.993"",""7.082"",""2.833"",""1.417"",""1.417"",""2.833"",""1.498"",""1.416"",""4.249"",""7.491"",""2.833"",""1.417"",""2.833"",""2.833"",""4.495""]","[""17.479"",""13.983"",""2.428"",""0.607"",""1.214"",""0.607"",""3.036"",""0.607"",""10.488"",""1.821"",""1.214"",""2.428"",""1.214"",""0.607"",""13.983"",""0.607"",""1.821"",""3.643"",""0.607"",""1.821"",""0.607"",""1.821"",""0.607"",""13.983"",""1.214"",""1.821"",""20.975"",""2.429"",""1.214"",""1.214"",""2.428"",""1.214"",""0.607"",""1.214"",""0.607"",""0.607"",""10.488"",""1.821"",""13.983"",""1.821"",""1.821"",""1.821"",""1.821"",""1.214"",""0.607"",""3.496"",""1.214"",""1.214"",""1.821"",""13.983"",""3.036"",""1.214"",""0.607"",""0.607"",""1.214"",""3.496"",""0.607"",""1.821"",""17.479"",""1.214"",""0.607"",""1.214"",""1.214"",""10.488""]","{""t01"":[],""t02"":[""t01""],""t03"":[""t01""],""t04"":[""t01""],""t05"":[""t01""],""t06"":[""t01""],""t07"":[""t01""],""t08"":[""t05""],""t09"":[""t02"",""t04""],""t10"":[""t03"",""t05"",""t07""],""t11"":[""t02"",""t05""],""t12"":[""t04""],""t13"":[""t06""],""t14"":[""t11"",""t12"",""t13""],""t15"":[""t09""],""t16"":[""t08"",""t10"",""t11""],""t17"":[""t08"",""t12""],""t18"":[""t13""],""t19"":[""t09"",""t11""],""t20"":[""t15""],""t21"":[""t14"",""t15""],""t22"":[""t16"",""t18""],""t23"":[""t16"",""t17"",""t19""],""t24"":[""t15"",""t17"",""t19""],""t25"":[""t14"",""t16"",""t18""],""t26"":[""t20"",""t25""],""t27"":[""t20"",""t22"",""t24""],""t28"":[""t21"",""t22"",""t23"",""t24""],""t29"":[""t21"",""t22"",""t23""],""t30"":[""t21"",""t22""],""t31"":[""t21"",""t25""],""t32"":[""t27""],""t33"":[""t26"",""t27"",""t29"",""t30""],""t34"":[""t26"",""t27"",""t29""],""t35"":[""t28"",""t29"",""t30"",""t31""],""t36"":[""t27"",""t28"",""t29""],""t37"":[""t26"",""t27"",""t30""],""t38"":[""t32"",""t33""],""t39"":[""t33"",""t37""],""t40"":[""t32"",""t35"",""t36""],""t41"":[""t34"",""t36""],""t42"":[""t32"",""t33"",""t36""],""t43"":[""t35""],""t44"":[""t38"",""t43""],""t45"":[""t43""],""t46"":[""t39"",""t41"",""t42""],""t47"":[""t38"",""t41""],""t48"":[""t40"",""t42""],""t49"":[""t44"",""t46""],""t50"":[""t44"",""t46"",""t47"",""t48""],""t51"":[""t45""],""t52"":[""t44"",""t46"",""t48""],""t53"":[""t44"",""t47"",""t48""],""t54"":[""t49"",""t51"",""t53""],""t55"":[""t49"",""t53""],""t56"":[""t49"",""t50"",""t51"",""t53""],""t57"":[""t50"",""t52"",""t53""],""t58"":[""t52""],""t59"":[""t56"",""t57""],""t60"":[""t55"",""t56"",""t57""],""t61"":[""t56"",""t58""],""t62"":[""t54""],""t63"":[""t56"",""t57""],""t64"":[""t59"",""t60"",""t61"",""t62"",""t63""]}"
EXP-08,confirmatory,exp08_confirmatory_n64_wide_layered_lognormal_01,n64_wide_layered_lognormal,64,wide_layered,lognormal,low,1,3,9168462174232671427,0.2746478873239436619718309859,t01->t03->t13->t18->t21->t27->t32->t43->t48->t51->t55->t62->t64,468,1,unique,0.3,0.7,"[""24"",""24"",""36"",""12"",""24"",""24"",""24"",""24"",""36"",""36"",""36"",""24"",""36"",""24"",""24"",""36"",""60"",""36"",""24"",""60"",""60"",""24"",""12"",""24"",""24"",""12"",""24"",""24"",""24"",""24"",""12"",""48"",""24"",""12"",""24"",""12"",""24"",""12"",""24"",""12"",""36"",""24"",""12"",""12"",""24"",""24"",""12"",""36"",""24"",""24"",""24"",""36"",""36"",""24"",""60"",""12"",""12"",""36"",""24"",""24"",""24"",""36"",""12"",""36""]","[""3.146"",""2.779"",""4.719"",""1.390"",""2.779"",""2.779"",""2.780"",""2.779"",""4.169"",""4.169"",""4.169"",""2.779"",""4.719"",""2.779"",""2.780"",""4.169"",""6.949"",""4.719"",""2.779"",""6.949"",""7.864"",""2.779"",""1.390"",""2.779"",""2.779"",""1.390"",""3.146"",""2.779"",""2.779"",""2.779"",""1.390"",""6.291"",""2.779"",""1.390"",""2.779"",""1.390"",""2.779"",""1.390"",""2.779"",""1.390"",""4.169"",""2.779"",""1.573"",""1.390"",""2.779"",""2.780"",""1.390"",""4.719"",""2.780"",""2.779"",""3.146"",""4.169"",""4.169"",""2.779"",""7.864"",""1.390"",""1.390"",""4.169"",""2.779"",""2.779"",""2.779"",""4.719"",""1.390"",""4.719""]","[""7.340"",""1.191"",""11.010"",""0.596"",""1.191"",""1.191"",""1.191"",""1.191"",""1.787"",""1.787"",""1.787"",""1.191"",""11.010"",""1.191"",""1.191"",""1.787"",""2.978"",""11.010"",""1.191"",""2.978"",""18.351"",""1.191"",""0.596"",""1.191"",""1.191"",""0.596"",""7.340"",""1.191"",""1.191"",""1.191"",""0.596"",""14.681"",""1.191"",""0.595"",""1.191"",""0.596"",""1.191"",""0.595"",""1.191"",""0.596"",""1.787"",""1.191"",""3.670"",""0.596"",""1.191"",""1.191"",""0.595"",""11.011"",""1.191"",""1.191"",""7.340"",""1.787"",""1.787"",""1.191"",""18.351"",""0.596"",""0.595"",""1.787"",""1.191"",""1.191"",""1.191"",""11.011"",""0.596"",""11.011""]","{""t01"":[],""t02"":[""t01""],""t03"":[""t01""],""t04"":[""t01""],""t05"":[""t01""],""t06"":[""t01""],""t07"":[""t01""],""t08"":[""t02"",""t03"",""t04"",""t06""],""t09"":[""t04"",""t06"",""t07""],""t10"":[""t03"",""t06"",""t07""],""t11"":[""t04"",""t05"",""t06""],""t12"":[""t03"",""t04"",""t06"",""t07""],""t13"":[""t03"",""t04"",""t05""],""t14"":[""t10"",""t12"",""t13""],""t15"":[""t10"",""t11"",""t12"",""t13""],""t16"":[""t09"",""t10"",""t13""],""t17"":[""t08"",""t11"",""t13""],""t18"":[""t08"",""t09"",""t13""],""t19"":[""t12""],""t20"":[""t15"",""t16"",""t17""],""t21"":[""t18""],""t22"":[""t17""],""t23"":[""t14"",""t15"",""t18"",""t19""],""t24"":[""t14"",""t15"",""t19""],""t25"":[""t15"",""t17"",""t18"",""t19""],""t26"":[""t21"",""t25""],""t27"":[""t21""],""t28"":[""t20"",""t24""],""t29"":[""t23"",""t25""],""t30"":[""t22"",""t25""],""t31"":[""t20"",""t24""],""t32"":[""t27""],""t33"":[""t26"",""t27""],""t34"":[""t27"",""t28""],""t35"":[""t27"",""t30"",""t31""],""t36"":[""t26"",""t27"",""t28"",""t31""],""t37"":[""t29""],""t38"":[""t32"",""t36"",""t37""],""t39"":[""t35"",""t36""],""t40"":[""t35"",""t36"",""t37""],""t41"":[""t33"",""t36""],""t42"":[""t36"",""t37""],""t43"":[""t32"",""t34"",""t35""],""t44"":[""t38"",""t40"",""t41"",""t42""],""t45"":[""t40""],""t46"":[""t40""],""t47"":[""t39"",""t41"",""t42""],""t48"":[""t43""],""t49"":[""t45"",""t47""],""t50"":[""t46""],""t51"":[""t46"",""t48""],""t52"":[""t44"",""t46""],""t53"":[""t44""],""t54"":[""t49"",""t52"",""t53""],""t55"":[""t49"",""t51""],""t56"":[""t49"",""t50"",""t51"",""t53""],""t57"":[""t53""],""t58"":[""t49"",""t50"",""t53""],""t59"":[""t54"",""t58""],""t60"":[""t54"",""t56"",""t57""],""t61"":[""t55"",""t56"",""t57"",""t58""],""t62"":[""t55"",""t56""],""t63"":[""t57""],""t64"":[""t59"",""t60"",""t61"",""t62"",""t63""]}"
EXP-08,confirmatory,exp08_confirmatory_n64_wide_layered_lognormal_02,n64_wide_layered_lognormal,64,wide_layered,lognormal,low,2,3,16778826445128991416,0.2733812949640287769784172662,t01->t07->t11->t19->t23->t31->t32->t42->t44->t52->t58->t61->t64,456,15,tied,0.3,0.7,"[""12"",""24"",""12"",""24"",""24"",""48"",""36"",""12"",""12"",""12"",""36"",""12"",""48"",""36"",""12"",""36"",""12"",""24"",""24"",""12"",""24"",""12"",""36"",""24"",""48"",""36"",""36"",""12"",""36"",""12"",""48"",""48"",""24"",""12"",""36"",""48"",""24"",""12"",""24"",""36"",""24"",""24"",""36"",""48"",""24"",""12"",""12"",""12"",""24"",""60"",""24"",""36"",""24"",""24"",""24"",""12"",""24"",""36"",""12"",""12"",""36"",""12"",""24"",""36""]","[""1.580"",""2.774"",""1.387"",""2.775"",""2.775"",""5.549"",""4.741"",""1.387"",""1.387"",""1.387"",""4.740"",""1.387"",""5.549"",""4.162"",""1.387"",""4.162"",""1.387"",""2.775"",""3.160"",""1.387"",""2.775"",""1.387"",""4.741"",""2.775"",""5.549"",""4.162"",""4.162"",""1.387"",""4.162"",""1.387"",""6.321"",""6.321"",""2.775"",""1.387"",""4.162"",""5.549"",""2.775"",""1.387"",""2.774"",""4.162"",""2.775"",""3.160"",""4.162"",""6.321"",""2.774"",""1.387"",""1.387"",""1.387"",""2.774"",""6.936"",""2.775"",""4.740"",""2.775"",""2.775"",""2.774"",""1.387"",""2.775"",""4.741"",""1.387"",""1.387"",""4.741"",""1.387"",""2.774"",""4.741""]","[""3.687"",""1.189"",""0.595"",""1.189"",""1.189"",""2.378"",""11.061"",""0.595"",""0.594"",""0.595"",""11.061"",""0.594"",""2.378"",""1.784"",""0.595"",""1.784"",""0.595"",""1.189"",""7.374"",""0.594"",""1.189"",""0.594"",""11.061"",""1.189"",""2.378"",""1.784"",""1.784"",""0.594"",""1.784"",""0.595"",""14.749"",""14.749"",""1.189"",""0.595"",""1.784"",""2.378"",""1.189"",""0.594"",""1.189"",""1.784"",""1.189"",""7.374"",""1.784"",""14.749"",""1.189"",""0.594"",""0.594"",""0.594"",""1.189"",""2.973"",""1.189"",""11.062"",""1.189"",""1.189"",""1.189"",""0.594"",""1.189"",""11.062"",""0.594"",""0.595"",""11.062"",""0.595"",""1.189"",""11.061""]","{""t01"":[],""t02"":[""t01""],""t03"":[""t01""],""t04"":[""t01""],""t05"":[""t01""],""t06"":[""t01""],""t07"":[""t01""],""t08"":[""t05"",""t06"",""t07""],""t09"":[""t02"",""t03"",""t06"",""t07""],""t10"":[""t05"",""t07""],""t11"":[""t04"",""t07""],""t12"":[""t02"",""t07""],""t13"":[""t03"",""t05"",""t06"",""t07""],""t14"":[""t11"",""t12""],""t15"":[""t10"",""t11"",""t12""],""t16"":[""t08"",""t13""],""t17"":[""t09"",""t11"",""t12""],""t18"":[""t08"",""t10""],""t19"":[""t08"",""t09"",""t10"",""t11""],""t20"":[""t15"",""t16"",""t18""],""t21"":[""t14"",""t17"",""t18""],""t22"":[""t15"",""t17"",""t19""],""t23"":[""t19""],""t24"":[""t14"",""t17""],""t25"":[""t18""],""t26"":[""t20"",""t22"",""t23"",""t24""],""t27"":[""t22""],""t28"":[""t20"",""t22"",""t23""],""t29"":[""t20"",""t21"",""t23"",""t25""],""t30"":[""t22""],""t31"":[""t22"",""t23"",""t24""],""t32"":[""t28"",""t29"",""t30"",""t31""],""t33"":[""t26"",""t27"",""t28"",""t30""],""t34"":[""t26"",""t27"",""t29"",""t31""],""t35"":[""t26"",""t29""],""t36"":[""t30"",""t31""],""t37"":[""t26"",""t29"",""t30""],""t38"":[""t34""],""t39"":[""t36""],""t40"":[""t32"",""t34"",""t36""],""t41"":[""t32"",""t33"",""t35"",""t37""],""t42"":[""t32"",""t33"",""t36"",""t37""],""t43"":[""t36"",""t37""],""t44"":[""t38"",""t41"",""t42""],""t45"":[""t38"",""t39""],""t46"":[""t38"",""t39"",""t40"",""t43""],""t47"":[""t40""],""t48"":[""t39"",""t40"",""t43""],""t49"":[""t44"",""t48""],""t50"":[""t45"",""t47""],""t51"":[""t46""],""t52"":[""t44"",""t45"",""t47""],""t53"":[""t45"",""t48""],""t54"":[""t50"",""t51""],""t55"":[""t49"",""t52"",""t53""],""t56"":[""t50""],""t57"":[""t51""],""t58"":[""t50"",""t51"",""t52"",""t53""],""t59"":[""t57""],""t60"":[""t55"",""t56"",""t58""],""t61"":[""t55"",""t57"",""t58""],""t62"":[""t58""],""t63"":[""t54"",""t55"",""t58""],""t64"":[""t59"",""t60"",""t61"",""t62"",""t63""]}"
EXP-08,confirmatory,exp08_confirmatory_n64_wide_layered_lognormal_03,n64_wide_layered_lognormal,64,wide_layered,lognormal,low,3,0,10325226879534595053,0.2985074626865671641791044776,t01->t07->t08->t16->t25->t26->t36->t39->t47->t49->t58->t61->t64,480,12,tied,0.3,0.7,"[""24"",""12"",""24"",""36"",""36"",""12"",""48"",""48"",""12"",""36"",""12"",""36"",""12"",""24"",""24"",""36"",""24"",""24"",""12"",""36"",""24"",""24"",""24"",""12"",""60"",""36"",""24"",""12"",""36"",""24"",""12"",""24"",""36"",""12"",""24"",""24"",""24"",""24"",""48"",""12"",""12"",""24"",""12"",""36"",""36"",""48"",""48"",""24"",""36"",""12"",""12"",""36"",""12"",""24"",""12"",""12"",""24"",""24"",""12"",""12"",""24"",""24"",""24"",""24""]","[""2.894"",""1.437"",""2.874"",""4.310"",""4.311"",""1.437"",""5.789"",""5.789"",""1.437"",""4.310"",""1.437"",""4.311"",""1.437"",""2.874"",""2.874"",""4.342"",""2.874"",""2.874"",""1.437"",""4.311"",""2.874"",""2.874"",""2.874"",""1.437"",""7.236"",""4.342"",""2.874"",""1.437"",""4.310"",""2.874"",""1.437"",""2.874"",""4.310"",""1.437"",""2.874"",""2.894"",""2.874"",""2.874"",""5.789"",""1.437"",""1.437"",""2.874"",""1.437"",""4.311"",""4.310"",""5.747"",""5.789"",""2.874"",""4.342"",""1.437"",""1.437"",""4.311"",""1.437"",""2.874"",""1.437"",""1.437"",""2.874"",""2.894"",""1.437"",""1.437"",""2.894"",""2.874"",""2.874"",""2.894""]","[""6.754"",""0.616"",""1.232"",""1.847"",""1.847"",""0.616"",""13.507"",""13.507"",""0.616"",""1.847"",""0.616"",""1.847"",""0.616"",""1.231"",""1.232"",""10.130"",""1.232"",""1.232"",""0.616"",""1.847"",""1.231"",""1.232"",""1.231"",""0.616"",""16.884"",""10.130"",""1.232"",""0.616"",""1.847"",""1.232"",""0.616"",""1.232"",""1.847"",""0.616"",""1.232"",""6.754"",""1.232"",""1.231"",""13.507"",""0.616"",""0.616"",""1.232"",""0.616"",""1.847"",""1.847"",""2.463"",""13.507"",""1.231"",""10.130"",""0.616"",""0.616"",""1.847"",""0.616"",""1.232"",""0.616"",""0.616"",""1.232"",""6.754"",""0.616"",""0.616"",""6.754"",""1.232"",""1.232"",""6.754""]","{""t01"":[],""t02"":[""t01""],""t03"":[""t01""],""t04"":[""t01""],""t05"":[""t01""],""t06"":[""t01""],""t07"":[""t01""],""t08"":[""t03"",""t06"",""t07""],""t09"":[""t04"",""t05"",""t06""],""t10"":[""t03"",""t05"",""t07""],""t11"":[""t05""],""t12"":[""t02"",""t05""],""t13"":[""t02"",""t03""],""t14"":[""t09"",""t11"",""t12"",""t13""],""t15"":[""t10""],""t16"":[""t08"",""t10"",""t12"",""t13""],""t17"":[""t08"",""t09"",""t10""],""t18"":[""t08"",""t09"",""t12""],""t19"":[""t09"",""t10"",""t12""],""t20"":[""t14"",""t16"",""t17"",""t19""],""t21"":[""t14""],""t22"":[""t16"",""t17"",""t19""],""t23"":[""t18""],""t24"":[""t14"",""t16"",""t17""],""t25"":[""t15"",""t16"",""t17"",""t19""],""t26"":[""t24"",""t25""],""t27"":[""t21"",""t23""],""t28"":[""t25""],""t29"":[""t21"",""t22""],""t30"":[""t22"",""t23""],""t31"":[""t20"",""t24""],""t32"":[""t28""],""t33"":[""t26"",""t27"",""t29"",""t31""],""t34"":[""t30"",""t31""],""t35"":[""t28"",""t29""],""t36"":[""t26"",""t27"",""t31""],""t37"":[""t27""],""t38"":[""t33""],""t39"":[""t34"",""t36""],""t40"":[""t32""],""t41"":[""t35""],""t42"":[""t32"",""t34"",""t36"",""t37""],""t43"":[""t34"",""t36"",""t37""],""t44"":[""t41"",""t42"",""t43""],""t45"":[""t39""],""t46"":[""t38"",""t39"",""t40"",""t42""],""t47"":[""t39"",""t41"",""t42"",""t43""],""t48"":[""t42"",""t43""],""t49"":[""t45"",""t46"",""t47""],""t50"":[""t46"",""t47"",""t48""],""t51"":[""t44"",""t46""],""t52"":[""t47""],""t53"":[""t44"",""t46""],""t54"":[""t49"",""t52"",""t53""],""t55"":[""t51"",""t53""],""t56"":[""t50"",""t52"",""t53""],""t57"":[""t51""],""t58"":[""t49"",""t52""],""t59"":[""t57"",""t58""],""t60"":[""t54"",""t58""],""t61"":[""t56"",""t58""],""t62"":[""t56"",""t58""],""t63"":[""t54"",""t55"",""t56"",""t58""],""t64"":[""t59"",""t60"",""t61"",""t62"",""t63""]}"
EXP-08,confirmatory,exp08_confirmatory_n64_wide_layered_lognormal_04,n64_wide_layered_lognormal,64,wide_layered,lognormal,low,4,0,5165660113139784236,0.2929936305732484076433121019,t01->t05->t12->t15->t24->t29->t34->t38->t46->t51->t56->t62->t64,552,2,tied,0.3,0.7,"[""48"",""48"",""24"",""24"",""36"",""12"",""12"",""36"",""12"",""12"",""12"",""36"",""12"",""12"",""36"",""12"",""24"",""36"",""12"",""60"",""36"",""24"",""36"",""60"",""24"",""36"",""72"",""12"",""36"",""36"",""36"",""36"",""12"",""36"",""12"",""24"",""24"",""72"",""24"",""36"",""12"",""36"",""12"",""12"",""12"",""24"",""36"",""24"",""36"",""24"",""24"",""36"",""12"",""36"",""24"",""60"",""24"",""36"",""24"",""24"",""48"",""60"",""24"",""24""]","[""5.898"",""5.703"",""2.852"",""2.851"",""4.423"",""1.426"",""1.426"",""4.277"",""1.426"",""1.426"",""1.426"",""4.423"",""1.426"",""1.426"",""4.423"",""1.426"",""2.852"",""4.277"",""1.426"",""7.129"",""4.277"",""2.851"",""4.277"",""7.372"",""2.851"",""4.277"",""8.554"",""1.426"",""4.424"",""4.277"",""4.277"",""4.277"",""1.426"",""4.423"",""1.426"",""2.851"",""2.851"",""8.847"",""2.851"",""4.277"",""1.426"",""4.277"",""1.426"",""1.426"",""1.426"",""2.949"",""4.277"",""2.851"",""4.277"",""2.852"",""2.949"",""4.277"",""1.426"",""4.277"",""2.851"",""7.372"",""2.851"",""4.277"",""2.852"",""2.851"",""5.703"",""7.372"",""2.852"",""2.949""]","[""13.761"",""2.444"",""1.222"",""1.222"",""10.321"",""0.611"",""0.611"",""1.833"",""0.611"",""0.611"",""0.611"",""10.321"",""0.611"",""0.611"",""10.321"",""0.611"",""1.222"",""1.833"",""0.611"",""3.056"",""1.833"",""1.222"",""1.833"",""17.202"",""1.222"",""1.833"",""3.667"",""0.611"",""10.321"",""1.833"",""1.833"",""1.833"",""0.611"",""10.321"",""0.611"",""1.222"",""1.222"",""20.642"",""1.222"",""1.833"",""0.611"",""1.833"",""0.611"",""0.611"",""0.611"",""6.881"",""1.833"",""1.222"",""1.833"",""1.222"",""6.881"",""1.833"",""0.611"",""1.833"",""1.222"",""17.202"",""1.222"",""1.833"",""1.222"",""1.222"",""2.445"",""17.202"",""1.222"",""6.880""]","{""t01"":[],""t02"":[""t01""],""t03"":[""t01""],""t04"":[""t01""],""t05"":[""t01""],""t06"":[""t01""],""t07"":[""t01""],""t08"":[""t06""],""t09"":[""t05""],""t10"":[""t02"",""t03"",""t05"",""t06""],""t11"":[""t04"",""t06"",""t07""],""t12"":[""t05"",""t06""],""t13"":[""t03"",""t04"",""t05"",""t06""],""t14"":[""t08"",""t10"",""t11"",""t13""],""t15"":[""t08"",""t12"",""t13""],""t16"":[""t11""],""t17"":[""t10"",""t11"",""t13""],""t18"":[""t08"",""t09"",""t13""],""t19"":[""t08"",""t10"",""t11"",""t12""],""t20"":[""t15"",""t16""],""t21"":[""t14"",""t15"",""t17"",""t19""],""t22"":[""t15"",""t19""],""t23"":[""t14"",""t17"",""t18""],""t24"":[""t14"",""t15"",""t18"",""t19""],""t25"":[""t17""],""t26"":[""t21"",""t23"",""t25""],""t27"":[""t22"",""t23""],""t28"":[""t20"",""t21"",""t22""],""t29"":[""t20"",""t22"",""t24"",""t25""],""t30"":[""t21""],""t31"":[""t21"",""t23"",""t25""],""t32"":[""t28"",""t30""],""t33"":[""t27"",""t31""],""t34"":[""t28"",""t29"",""t31""],""t35"":[""t28"",""t29""],""t36"":[""t26"",""t29"",""t31""],""t37"":[""t29"",""t31""],""t38"":[""t32"",""t34"",""t36""],""t39"":[""t33"",""t34"",""t36"",""t37""],""t40"":[""t33"",""t36"",""t37""],""t41"":[""t35""],""t42"":[""t37""],""t43"":[""t32"",""t34"",""t37""],""t44"":[""t40"",""t41"",""t42""],""t45"":[""t39"",""t43""],""t46"":[""t38"",""t43""],""t47"":[""t39"",""t42"",""t43""],""t48"":[""t39""],""t49"":[""t46"",""t48""],""t50"":[""t44"",""t48""],""t51"":[""t45"",""t46""],""t52"":[""t45"",""t48""],""t53"":[""t44"",""t46"",""t47"",""t48""],""t54"":[""t49"",""t52"",""t53""],""t55"":[""t49"",""t53""],""t56"":[""t50"",""t51"",""t52""],""t57"":[""t52""],""t58"":[""t50"",""t52""],""t59"":[""t54"",""t55"",""t58""],""t60"":[""t56""],""t61"":[""t54"",""t56"",""t57""],""t62"":[""t55"",""t56"",""t57"",""t58""],""t63"":[""t54"",""t55"",""t58""],""t64"":[""t59"",""t60"",""t61"",""t62"",""t63""]}"
EXP-08,confirmatory,exp08_confirmatory_n64_wide_layered_lognormal_05,n64_wide_layered_lognormal,64,wide_layered,lognormal,low,5,0,6532037024110668054,0.2824427480916030534351145038,t01->t03->t08->t19->t25->t28->t32->t38->t44->t52->t55->t59->t64,444,16,tied,0.3,0.7,"[""12"",""12"",""24"",""24"",""36"",""12"",""24"",""24"",""24"",""12"",""24"",""24"",""12"",""24"",""12"",""36"",""12"",""48"",""48"",""36"",""12"",""24"",""12"",""24"",""48"",""12"",""24"",""36"",""24"",""24"",""24"",""24"",""12"",""48"",""12"",""24"",""24"",""48"",""24"",""12"",""12"",""12"",""24"",""36"",""24"",""12"",""36"",""24"",""12"",""48"",""12"",""36"",""36"",""36"",""36"",""24"",""24"",""24"",""12"",""12"",""12"",""24"",""12"",""60""]","[""1.529"",""1.405"",""3.059"",""2.809"",""4.214"",""1.405"",""2.810"",""3.059"",""2.809"",""1.405"",""2.810"",""2.810"",""1.405"",""2.810"",""1.405"",""4.214"",""1.405"",""5.619"",""6.118"",""4.214"",""1.405"",""2.809"",""1.405"",""2.810"",""6.118"",""1.405"",""2.809"",""4.589"",""2.809"",""2.809"",""2.809"",""3.059"",""1.405"",""5.619"",""1.405"",""2.810"",""2.809"",""6.118"",""2.810"",""1.405"",""1.405"",""1.405"",""2.809"",""4.589"",""2.809"",""1.405"",""4.214"",""2.809"",""1.405"",""5.619"",""1.405"",""4.588"",""4.214"",""4.214"",""4.589"",""2.810"",""2.810"",""2.809"",""1.529"",""1.405"",""1.405"",""2.809"",""1.405"",""7.648""]","[""3.569"",""0.602"",""7.138"",""1.204"",""1.806"",""0.602"",""1.204"",""7.138"",""1.204"",""0.602"",""1.204"",""1.204"",""0.602"",""1.204"",""0.602"",""1.806"",""0.602"",""2.409"",""14.275"",""1.806"",""0.602"",""1.204"",""0.602"",""1.204"",""14.275"",""0.602"",""1.204"",""10.707"",""1.204"",""1.204"",""1.204"",""7.138"",""0.602"",""2.409"",""0.602"",""1.204"",""1.204"",""14.275"",""1.204"",""0.602"",""0.602"",""0.602"",""1.204"",""10.707"",""1.204"",""0.602"",""1.807"",""1.204"",""0.602"",""2.409"",""0.602"",""10.707"",""1.806"",""1.806"",""10.706"",""1.204"",""1.204"",""1.204"",""3.569"",""0.602"",""0.602"",""1.204"",""0.602"",""17.844""]","{""t01"":[],""t02"":[""t01""],""t03"":[""t01""],""t04"":[""t01""],""t05"":[""t01""],""t06"":[""t01""],""t07"":[""t01""],""t08"":[""t03"",""t04"",""t06""],""t09"":[""t04"",""t05""],""t10"":[""t03"",""t05"",""t06"",""t07""],""t11"":[""t02"",""t03""],""t12"":[""t04"",""t06"",""t07""],""t13"":[""t06""],""t14"":[""t09"",""t11""],""t15"":[""t09"",""t10"",""t11""],""t16"":[""t10"",""t12""],""t17"":[""t09"",""t10"",""t11""],""t18"":[""t08"",""t12"",""t13""],""t19"":[""t08""],""t20"":[""t15""],""t21"":[""t14"",""t17"",""t18""],""t22"":[""t14"",""t15"",""t16"",""t18""],""t23"":[""t14"",""t17"",""t18""],""t24"":[""t14"",""t15"",""t17""],""t25"":[""t14"",""t16"",""t19""],""t26"":[""t21"",""t22"",""t24"",""t25""],""t27"":[""t20"",""t21"",""t22""],""t28"":[""t21"",""t25""],""t29"":[""t20"",""t21"",""t22"",""t23"",""t24""],""t30"":[""t21"",""t25""],""t31"":[""t21"",""t24""],""t32"":[""t28""],""t33"":[""t26"",""t29"",""t31""],""t34"":[""t26"",""t29"",""t30"",""t31""],""t35"":[""t28"",""t30""],""t36"":[""t28"",""t30"",""t31""],""t37"":[""t27"",""t28"",""t29"",""t30"",""t31""],""t38"":[""t32"",""t33""],""t39"":[""t34"",""t36""],""t40"":[""t32"",""t33"",""t34"",""t36""],""t41"":[""t32"",""t35"",""t37""],""t42"":[""t35"",""t36""],""t43"":[""t32"",""t34""],""t44"":[""t38"",""t42""],""t45"":[""t38"",""t40"",""t41""],""t46"":[""t38"",""t42"",""t43""],""t47"":[""t39"",""t40""],""t48"":[""t39"",""t43""],""t49"":[""t45"",""t47"",""t48""],""t50"":[""t46"",""t48""],""t51"":[""t44"",""t46"",""t47"",""t48""],""t52"":[""t44"",""t47""],""t53"":[""t44"",""t45""],""t54"":[""t49"",""t50"",""t51"",""t52"",""t53""],""t55"":[""t52""],""t56"":[""t52""],""t57"":[""t50"",""t52""],""t58"":[""t49"",""t51"",""t53""],""t59"":[""t54"",""t55"",""t56"",""t57""],""t60"":[""t55""],""t61"":[""t56""],""t62"":[""t58""],""t63"":[""t54"",""t55""],""t64"":[""t59"",""t60"",""t61"",""t62"",""t63""]}"
EXP-08,confirmatory,exp08_confirmatory_n64_wide_layered_lognormal_06,n64_wide_layered_lognormal,64,wide_layered,lognormal,low,6,0,3845213044472506713,0.2808219178082191780821917808,t01->t05->t11->t19->t22->t29->t32->t38->t45->t50->t58->t60->t64,492,4,tied,0.3,0.7,"[""36"",""24"",""24"",""36"",""48"",""48"",""36"",""12"",""48"",""36"",""60"",""24"",""12"",""36"",""24"",""24"",""36"",""24"",""72"",""24"",""36"",""24"",""24"",""24"",""48"",""12"",""12"",""12"",""36"",""12"",""24"",""12"",""12"",""36"",""12"",""24"",""36"",""48"",""12"",""24"",""24"",""24"",""24"",""24"",""12"",""24"",""24"",""36"",""48"",""36"",""12"",""24"",""12"",""24"",""24"",""24"",""36"",""12"",""12"",""72"",""12"",""12"",""12"",""24""]","[""4.615"",""2.803"",""2.803"",""4.205"",""6.153"",""5.606"",""4.205"",""1.402"",""5.606"",""4.205"",""7.692"",""2.803"",""1.402"",""4.205"",""2.803"",""2.803"",""4.205"",""2.803"",""9.230"",""2.803"",""4.205"",""3.077"",""2.803"",""2.803"",""5.606"",""1.402"",""1.402"",""1.402"",""4.615"",""1.402"",""2.803"",""1.538"",""1.402"",""4.205"",""1.402"",""2.803"",""4.205"",""6.154"",""1.401"",""2.803"",""2.803"",""2.803"",""2.803"",""2.803"",""1.538"",""2.803"",""2.803"",""4.205"",""5.606"",""4.615"",""1.401"",""2.803"",""1.402"",""2.803"",""2.803"",""2.803"",""4.205"",""1.538"",""1.402"",""9.230"",""1.402"",""1.402"",""1.402"",""3.077""]","[""10.768"",""1.201"",""1.201"",""1.802"",""14.358"",""2.403"",""1.802"",""0.601"",""2.403"",""1.802"",""17.947"",""1.201"",""0.601"",""1.802"",""1.202"",""1.202"",""1.802"",""1.201"",""21.537"",""1.202"",""1.802"",""7.179"",""1.201"",""1.201"",""2.403"",""0.601"",""0.601"",""0.601"",""10.768"",""0.601"",""1.201"",""3.590"",""0.601"",""1.802"",""0.601"",""1.201"",""1.802"",""14.358"",""0.601"",""1.201"",""1.201"",""1.201"",""1.201"",""1.201"",""3.590"",""1.201"",""1.201"",""1.802"",""2.403"",""10.768"",""0.601"",""1.201"",""0.601"",""1.201"",""1.201"",""1.201"",""1.802"",""3.589"",""0.601"",""21.537"",""0.601"",""0.601"",""0.601"",""7.179""]","{""t01"":[],""t02"":[""t01""],""t03"":[""t01""],""t04"":[""t01""],""t05"":[""t01""],""t06"":[""t01""],""t07"":[""t01""],""t08"":[""t03""],""t09"":[""t02"",""t05"",""t06"",""t07""],""t10"":[""t03"",""t05""],""t11"":[""t05"",""t06"",""t07""],""t12"":[""t04"",""t06""],""t13"":[""t03"",""t05"",""t06"",""t07""],""t14"":[""t11"",""t13""],""t15"":[""t10"",""t12""],""t16"":[""t08"",""t10"",""t12"",""t13""],""t17"":[""t08"",""t10"",""t11"",""t12""],""t18"":[""t09"",""t10"",""t11"",""t12""],""t19"":[""t11""],""t20"":[""t14"",""t17"",""t18"",""t19""],""t21"":[""t14"",""t18""],""t22"":[""t15"",""t19""],""t23"":[""t15"",""t18""],""t24"":[""t16"",""t19""],""t25"":[""t14"",""t15"",""t17""],""t26"":[""t23"",""t24"",""t25""],""t27"":[""t20"",""t22"",""t24""],""t28"":[""t20"",""t23""],""t29"":[""t22"",""t25""],""t30"":[""t20"",""t21"",""t25""],""t31"":[""t20"",""t24""],""t32"":[""t28"",""t29"",""t30"",""t31""],""t33"":[""t28"",""t30"",""t31""],""t34"":[""t26"",""t31""],""t35"":[""t26"",""t27"",""t30"",""t31""],""t36"":[""t27"",""t30""],""t37"":[""t26"",""t27"",""t28"",""t31""],""t38"":[""t32"",""t33""],""t39"":[""t33"",""t36""],""t40"":[""t35""],""t41"":[""t35"",""t36""],""t42"":[""t32"",""t33"",""t35"",""t36""],""t43"":[""t33"",""t34"",""t36"",""t37""],""t44"":[""t39"",""t40"",""t41"",""t42""],""t45"":[""t38"",""t39"",""t41""],""t46"":[""t40"",""t42""],""t47"":[""t40"",""t43""],""t48"":[""t41"",""t42""],""t49"":[""t45"",""t46"",""t47"",""t48""],""t50"":[""t45"",""t48""],""t51"":[""t44"",""t46"",""t47""],""t52"":[""t44"",""t45"",""t46""],""t53"":[""t45"",""t48""],""t54"":[""t49"",""t50"",""t52""],""t55"":[""t53""],""t56"":[""t51"",""t53""],""t57"":[""t50"",""t51"",""t52""],""t58"":[""t50"",""t51""],""t59"":[""t54"",""t55"",""t58""],""t60"":[""t58""],""t61"":[""t54"",""t56"",""t57"",""t58""],""t62"":[""t55"",""t57""],""t63"":[""t55"",""t58""],""t64"":[""t59"",""t60"",""t61"",""t62"",""t63""]}"
EXP-08,confirmatory,exp08_confirmatory_n64_wide_layered_lognormal_07,n64_wide_layered_lognormal,64,wide_layered,lognormal,low,7,0,201218462139386478,0.2933333333333333333333333333,t01->t04->t08->t15->t25->t29->t36->t40->t47->t53->t58->t62->t64,528,8,tied,0.3,0.7,"[""12"",""24"",""12"",""72"",""12"",""24"",""36"",""24"",""24"",""24"",""24"",""36"",""24"",""24"",""24"",""24"",""12"",""12"",""24"",""36"",""24"",""24"",""24"",""36"",""60"",""12"",""36"",""24"",""12"",""12"",""12"",""24"",""24"",""24"",""24"",""48"",""24"",""36"",""48"",""60"",""36"",""12"",""12"",""12"",""12"",""48"",""60"",""48"",""24"",""36"",""36"",""12"",""48"",""12"",""24"",""24"",""24"",""24"",""24"",""36"",""36"",""60"",""24"",""24""]","[""1.473"",""2.853"",""1.426"",""8.836"",""1.426"",""2.853"",""4.279"",""2.945"",""2.853"",""2.853"",""2.853"",""4.279"",""2.853"",""2.853"",""2.945"",""2.853"",""1.426"",""1.426"",""2.853"",""4.279"",""2.853"",""2.853"",""2.853"",""4.279"",""7.364"",""1.427"",""4.279"",""2.853"",""1.473"",""1.426"",""1.426"",""2.853"",""2.853"",""2.853"",""2.853"",""5.891"",""2.853"",""4.279"",""5.706"",""7.364"",""4.279"",""1.427"",""1.426"",""1.427"",""1.426"",""5.706"",""7.364"",""5.706"",""2.853"",""4.279"",""4.279"",""1.426"",""5.891"",""1.426"",""2.853"",""2.853"",""2.853"",""2.945"",""2.853"",""4.279"",""4.279"",""7.364"",""2.853"",""2.945""]","[""3.436"",""1.223"",""0.611"",""20.618"",""0.611"",""1.223"",""1.834"",""6.873"",""1.223"",""1.223"",""1.223"",""1.834"",""1.223"",""1.222"",""6.873"",""1.222"",""0.611"",""0.611"",""1.223"",""1.834"",""1.223"",""1.223"",""1.223"",""1.834"",""17.182"",""0.611"",""1.834"",""1.223"",""3.436"",""0.611"",""0.611"",""1.223"",""1.223"",""1.223"",""1.222"",""13.745"",""1.223"",""1.834"",""2.445"",""17.182"",""1.834"",""0.611"",""0.611"",""0.611"",""0.611"",""2.445"",""17.182"",""2.445"",""1.223"",""1.834"",""1.834"",""0.611"",""13.745"",""0.611"",""1.222"",""1.223"",""1.223"",""6.873"",""1.223"",""1.834"",""1.834"",""17.182"",""1.223"",""6.873""]","{""t01"":[],""t02"":[""t01""],""t03"":[""t01""],""t04"":[""t01""],""t05"":[""t01""],""t06"":[""t01""],""t07"":[""t01""],""t08"":[""t03"",""t04""],""t09"":[""t02"",""t07""],""t10"":[""t03"",""t05""],""t11"":[""t05"",""t07""],""t12"":[""t04"",""t05""],""t13"":[""t02"",""t04"",""t05"",""t06""],""t14"":[""t08"",""t09"",""t13""],""t15"":[""t08"",""t11""],""t16"":[""t08"",""t12""],""t17"":[""t11""],""t18"":[""t09"",""t10"",""t12"",""t13""],""t19"":[""t08"",""t10""],""t20"":[""t14"",""t16""],""t21"":[""t15"",""t16""],""t22"":[""t17"",""t19""],""t23"":[""t14""],""t24"":[""t18"",""t19""],""t25"":[""t15"",""t19""],""t26"":[""t21"",""t22"",""t24""],""t27"":[""t20"",""t22""],""t28"":[""t21""],""t29"":[""t20"",""t21"",""t22"",""t24"",""t25""],""t30"":[""t20"",""t22""],""t31"":[""t20"",""t22"",""t23"",""t25""],""t32"":[""t26"",""t27"",""t28"",""t29""],""t33"":[""t27"",""t30"",""t31""],""t34"":[""t27"",""t29""],""t35"":[""t27"",""t31""],""t36"":[""t28"",""t29"",""t30"",""t31""],""t37"":[""t26"",""t27"",""t28"",""t30""],""t38"":[""t34"",""t37""],""t39"":[""t36""],""t40"":[""t32"",""t33"",""t34"",""t35"",""t36""],""t41"":[""t32"",""t37""],""t42"":[""t36"",""t37""],""t43"":[""t32"",""t37""],""t44"":[""t38"",""t40""],""t45"":[""t38""],""t46"":[""t41""],""t47"":[""t39"",""t40"",""t42"",""t43""],""t48"":[""t39"",""t40""],""t49"":[""t44"",""t47"",""t48""],""t50"":[""t46"",""t47"",""t48""],""t51"":[""t45"",""t46""],""t52"":[""t44""],""t53"":[""t44"",""t47"",""t48""],""t54"":[""t49"",""t50""],""t55"":[""t50"",""t52"",""t53""],""t56"":[""t51"",""t53""],""t57"":[""t49""],""t58"":[""t51"",""t53""],""t59"":[""t54"",""t56""],""t60"":[""t55"",""t56""],""t61"":[""t54""],""t62"":[""t55"",""t57"",""t58""],""t63"":[""t54""],""t64"":[""t59"",""t60"",""t61"",""t62"",""t63""]}"
EXP-08,confirmatory,exp08_confirmatory_n64_wide_layered_lognormal_08,n64_wide_layered_lognormal,64,wide_layered,lognormal,low,8,0,14161598080819999567,0.2638036809815950920245398773,t01->t04->t12->t18->t25->t28->t35->t40->t48->t51->t57->t59->t64,516,24,tied,0.3,0.7,"[""12"",""48"",""48"",""60"",""48"",""24"",""36"",""24"",""12"",""36"",""36"",""24"",""24"",""12"",""12"",""24"",""24"",""36"",""24"",""12"",""48"",""24"",""48"",""48"",""24"",""24"",""36"",""60"",""12"",""24"",""24"",""12"",""24"",""72"",""48"",""12"",""24"",""24"",""24"",""24"",""24"",""12"",""24"",""12"",""12"",""24"",""72"",""36"",""24"",""12"",""72"",""48"",""48"",""24"",""24"",""36"",""24"",""12"",""48"",""12"",""48"",""24"",""24"",""48""]","[""1.638"",""5.477"",""5.477"",""8.188"",""5.477"",""2.738"",""4.108"",""2.738"",""1.369"",""4.108"",""4.108"",""3.275"",""2.738"",""1.369"",""1.369"",""2.738"",""2.739"",""4.913"",""2.739"",""1.369"",""5.477"",""2.739"",""5.477"",""5.477"",""3.275"",""2.739"",""4.108"",""8.188"",""1.369"",""2.738"",""2.738"",""1.369"",""2.738"",""8.215"",""6.550"",""1.369"",""2.738"",""2.739"",""2.738"",""3.275"",""2.738"",""1.369"",""2.738"",""1.369"",""1.369"",""2.738"",""8.215"",""4.913"",""2.738"",""1.369"",""9.826"",""5.477"",""5.477"",""2.739"",""2.739"",""4.108"",""3.275"",""1.369"",""6.550"",""1.369"",""5.477"",""2.739"",""2.738"",""6.550""]","[""3.821"",""2.347"",""2.347"",""19.105"",""2.347"",""1.174"",""1.760"",""1.174"",""0.587"",""1.760"",""1.760"",""7.642"",""1.173"",""0.587"",""0.587"",""1.173"",""1.174"",""11.463"",""1.174"",""0.587"",""2.347"",""1.174"",""2.347"",""2.347"",""7.642"",""1.173"",""1.760"",""19.105"",""0.587"",""1.174"",""1.174"",""0.587"",""1.173"",""3.521"",""15.284"",""0.587"",""1.174"",""1.174"",""1.174"",""7.642"",""1.173"",""0.587"",""1.173"",""0.587"",""0.587"",""1.174"",""3.521"",""11.463"",""1.174"",""0.587"",""22.927"",""2.347"",""2.347"",""1.174"",""1.173"",""1.760"",""7.642"",""0.587"",""15.284"",""0.587"",""2.347"",""1.173"",""1.174"",""15.284""]","{""t01"":[],""t02"":[""t01""],""t03"":[""t01""],""t04"":[""t01""],""t05"":[""t01""],""t06"":[""t01""],""t07"":[""t01""],""t08"":[""t02"",""t05"",""t07""],""t09"":[""t03"",""t04""],""t10"":[""t02"",""t03"",""t06""],""t11"":[""t03""],""t12"":[""t02"",""t03"",""t04"",""t06"",""t07""],""t13"":[""t03""],""t14"":[""t08""],""t15"":[""t13""],""t16"":[""t08"",""t11"",""t12""],""t17"":[""t08"",""t10"",""t13""],""t18"":[""t08"",""t10"",""t12""],""t19"":[""t08"",""t09"",""t11""],""t20"":[""t16"",""t17"",""t18""],""t21"":[""t19""],""t22"":[""t17"",""t19""],""t23"":[""t14"",""t15"",""t19""],""t24"":[""t15"",""t17""],""t25"":[""t14"",""t15"",""t18""],""t26"":[""t20"",""t21"",""t22"",""t25""],""t27"":[""t24""],""t28"":[""t25""],""t29"":[""t20"",""t22"",""t25""],""t30"":[""t20"",""t23"",""t24""],""t31"":[""t20"",""t21""],""t32"":[""t28""],""t33"":[""t27"",""t28""],""t34"":[""t26""],""t35"":[""t28"",""t29"",""t30""],""t36"":[""t27"",""t28"",""t30""],""t37"":[""t30"",""t31""],""t38"":[""t33"",""t36""],""t39"":[""t32"",""t34"",""t35"",""t36"",""t37""],""t40"":[""t33"",""t35"",""t37""],""t41"":[""t34""],""t42"":[""t36"",""t37""],""t43"":[""t33""],""t44"":[""t42"",""t43""],""t45"":[""t39"",""t41""],""t46"":[""t38"",""t39"",""t41""],""t47"":[""t41"",""t42"",""t43""],""t48"":[""t39"",""t40"",""t41"",""t42""],""t49"":[""t44"",""t45""],""t50"":[""t46"",""t47""],""t51"":[""t44"",""t45"",""t48""],""t52"":[""t46""],""t53"":[""t48""],""t54"":[""t49""],""t55"":[""t49"",""t51"",""t52"",""t53""],""t56"":[""t52""],""t57"":[""t49"",""t51"",""t53""],""t58"":[""t49"",""t50"",""t51"",""t53""],""t59"":[""t55"",""t57""],""t60"":[""t55""],""t61"":[""t54"",""t55"",""t56""],""t62"":[""t57"",""t58""],""t63"":[""t54"",""t57""],""t64"":[""t59"",""t60"",""t61"",""t62"",""t63""]}"
EXP-08,confirmatory,exp08_confirmatory_n64_wide_layered_lognormal_09,n64_wide_layered_lognormal,64,wide_layered,lognormal,low,9,0,9971628609308631756,0.2808219178082191780821917808,t01->t02->t10->t14->t25->t31->t36->t39->t46->t50->t58->t59->t64,492,1,unique,0.3,0.7,"[""24"",""48"",""24"",""12"",""12"",""24"",""12"",""24"",""24"",""36"",""24"",""12"",""12"",""36"",""36"",""12"",""48"",""24"",""12"",""24"",""24"",""48"",""36"",""24"",""48"",""12"",""24"",""24"",""48"",""24"",""48"",""24"",""48"",""36"",""12"",""36"",""24"",""36"",""24"",""12"",""36"",""12"",""24"",""24"",""36"",""48"",""72"",""12"",""36"",""72"",""12"",""36"",""24"",""24"",""24"",""12"",""12"",""12"",""36"",""12"",""12"",""24"",""24"",""24""]","[""3.077"",""6.154"",""2.803"",""1.402"",""1.402"",""2.803"",""1.402"",""2.803"",""2.803"",""4.615"",""2.803"",""1.402"",""1.402"",""4.615"",""4.205"",""1.402"",""5.606"",""2.803"",""1.402"",""2.803"",""2.803"",""5.606"",""4.205"",""2.803"",""6.153"",""1.402"",""2.803"",""2.803"",""5.606"",""2.803"",""6.153"",""2.803"",""5.606"",""4.205"",""1.402"",""4.615"",""2.803"",""4.205"",""3.077"",""1.402"",""4.205"",""1.402"",""2.803"",""2.803"",""4.205"",""6.153"",""8.410"",""1.402"",""4.205"",""9.230"",""1.402"",""4.205"",""2.803"",""2.803"",""2.803"",""1.402"",""1.401"",""1.538"",""4.615"",""1.401"",""1.401"",""2.803"",""2.803"",""3.077""]","[""7.179"",""14.358"",""1.201"",""0.601"",""0.601"",""1.201"",""0.601"",""1.201"",""1.201"",""10.768"",""1.201"",""0.601"",""0.601"",""10.768"",""1.802"",""0.601"",""2.403"",""1.201"",""0.601"",""1.201"",""1.201"",""2.403"",""1.802"",""1.202"",""14.358"",""0.601"",""1.201"",""1.201"",""2.403"",""1.201"",""14.358"",""1.202"",""2.403"",""1.802"",""0.601"",""10.768"",""1.201"",""1.802"",""7.179"",""0.601"",""1.802"",""0.601"",""1.201"",""1.201"",""1.802"",""14.358"",""3.604"",""0.601"",""1.802"",""21.537"",""0.601"",""1.802"",""1.201"",""1.201"",""1.201"",""0.601"",""0.601"",""3.590"",""10.768"",""0.601"",""0.601"",""1.201"",""1.201"",""7.179""]","{""t01"":[],""t02"":[""t01""],""t03"":[""t01""],""t04"":[""t01""],""t05"":[""t01""],""t06"":[""t01""],""t07"":[""t01""],""t08"":[""t02"",""t03"",""t06""],""t09"":[""t05"",""t06""],""t10"":[""t02"",""t03"",""t05"",""t07""],""t11"":[""t02"",""t07""],""t12"":[""t03"",""t04"",""t05"",""t06""],""t13"":[""t02"",""t07""],""t14"":[""t08"",""t09"",""t10"",""t11""],""t15"":[""t08""],""t16"":[""t08"",""t09"",""t12"",""t13""],""t17"":[""t12"",""t13""],""t18"":[""t12""],""t19"":[""t08"",""t09""],""t20"":[""t14"",""t15"",""t16""],""t21"":[""t15"",""t16"",""t18"",""t19""],""t22"":[""t16"",""t17""],""t23"":[""t14"",""t15"",""t17""],""t24"":[""t15"",""t16"",""t17""],""t25"":[""t14""],""t26"":[""t21"",""t22"",""t25""],""t27"":[""t22"",""t25""],""t28"":[""t21"",""t23"",""t25""],""t29"":[""t22""],""t30"":[""t20"",""t21"",""t22"",""t25""],""t31"":[""t22"",""t24"",""t25""],""t32"":[""t29"",""t30""],""t33"":[""t29""],""t34"":[""t29""],""t35"":[""t26"",""t27"",""t28"",""t30"",""t31""],""t36"":[""t26"",""t30"",""t31""],""t37"":[""t27"",""t28"",""t29"",""t31""],""t38"":[""t32"",""t33"",""t34""],""t39"":[""t32"",""t35"",""t36""],""t40"":[""t32"",""t37""],""t41"":[""t32""],""t42"":[""t36""],""t43"":[""t33"",""t34"",""t36""],""t44"":[""t38"",""t41"",""t43""],""t45"":[""t40"",""t41""],""t46"":[""t39"",""t42""],""t47"":[""t40""],""t48"":[""t38"",""t41""],""t49"":[""t45""],""t50"":[""t45"",""t46"",""t48""],""t51"":[""t44""],""t52"":[""t46"",""t47""],""t53"":[""t44"",""t45"",""t46"",""t47"",""t48""],""t54"":[""t49"",""t52""],""t55"":[""t49""],""t56"":[""t51"",""t53""],""t57"":[""t49"",""t50"",""t51"",""t52"",""t53""],""t58"":[""t50"",""t51"",""t52""],""t59"":[""t54"",""t55"",""t58""],""t60"":[""t57""],""t61"":[""t55"",""t58""],""t62"":[""t55"",""t57""],""t63"":[""t54"",""t56"",""t58""],""t64"":[""t59"",""t60"",""t61"",""t62"",""t63""]}"
EXP-08,confirmatory,exp08_confirmatory_n64_wide_layered_lognormal_10,n64_wide_layered_lognormal,64,wide_layered,lognormal,low,10,0,16685109045500432569,0.2971014492753623188405797101,t01->t02->t11->t15->t21->t31->t32->t43->t44->t50->t56->t61->t64,492,2,tied,0.3,0.7,"[""24"",""36"",""12"",""24"",""24"",""24"",""24"",""24"",""24"",""24"",""60"",""24"",""24"",""12"",""48"",""24"",""12"",""12"",""12"",""12"",""24"",""36"",""12"",""48"",""24"",""48"",""12"",""36"",""24"",""12"",""24"",""72"",""24"",""12"",""48"",""12"",""12"",""24"",""36"",""12"",""24"",""24"",""12"",""48"",""24"",""36"",""12"",""24"",""12"",""60"",""36"",""36"",""24"",""24"",""12"",""36"",""36"",""24"",""24"",""12"",""36"",""24"",""12"",""12""]","[""2.908"",""4.362"",""1.434"",""2.868"",""2.868"",""2.868"",""2.868"",""2.868"",""2.868"",""2.868"",""7.271"",""2.868"",""2.868"",""1.434"",""5.816"",""2.868"",""1.434"",""1.434"",""1.434"",""1.434"",""2.908"",""4.302"",""1.434"",""5.737"",""2.868"",""5.737"",""1.434"",""4.303"",""2.868"",""1.434"",""2.908"",""8.725"",""2.868"",""1.434"",""5.737"",""1.434"",""1.434"",""2.868"",""4.303"",""1.434"",""2.868"",""2.868"",""1.454"",""5.816"",""2.868"",""4.302"",""1.434"",""2.868"",""1.434"",""7.270"",""4.302"",""4.303"",""2.868"",""2.868"",""1.434"",""4.362"",""4.302"",""2.868"",""2.868"",""1.434"",""4.362"",""2.868"",""1.434"",""1.454""]","[""6.786"",""10.178"",""0.615"",""1.229"",""1.229"",""1.229"",""1.229"",""1.229"",""1.229"",""1.229"",""16.964"",""1.229"",""1.229"",""0.614"",""13.571"",""1.229"",""0.615"",""0.615"",""0.615"",""0.615"",""6.785"",""1.844"",""0.615"",""2.458"",""1.229"",""2.458"",""0.615"",""1.844"",""1.229"",""0.615"",""6.786"",""20.357"",""1.229"",""0.615"",""2.458"",""0.615"",""0.614"",""1.229"",""1.844"",""0.614"",""1.229"",""1.229"",""3.393"",""13.571"",""1.229"",""1.844"",""0.615"",""1.229"",""0.615"",""16.964"",""1.844"",""1.844"",""1.229"",""1.229"",""0.615"",""10.178"",""1.844"",""1.229"",""1.229"",""0.615"",""10.178"",""1.229"",""0.615"",""3.393""]","{""t01"":[],""t02"":[""t01""],""t03"":[""t01""],""t04"":[""t01""],""t05"":[""t01""],""t06"":[""t01""],""t07"":[""t01""],""t08"":[""t03"",""t04"",""t05""],""t09"":[""t02"",""t04"",""t05"",""t07""],""t10"":[""t03"",""t07""],""t11"":[""t02"",""t03""],""t12"":[""t02"",""t07""],""t13"":[""t02"",""t03"",""t05"",""t06"",""t07""],""t14"":[""t08"",""t10""],""t15"":[""t08"",""t09"",""t10"",""t11""],""t16"":[""t08"",""t09"",""t12""],""t17"":[""t10"",""t13""],""t18"":[""t11""],""t19"":[""t09"",""t12""],""t20"":[""t14"",""t16"",""t18""],""t21"":[""t15"",""t17"",""t18"",""t19""],""t22"":[""t14"",""t17"",""t18""],""t23"":[""t14""],""t24"":[""t19""],""t25"":[""t17""],""t26"":[""t23"",""t25""],""t27"":[""t21"",""t23"",""t24""],""t28"":[""t22""],""t29"":[""t21"",""t22"",""t23"",""t24""],""t30"":[""t21"",""t22"",""t23"",""t25""],""t31"":[""t20"",""t21"",""t22"",""t23"",""t24""],""t32"":[""t27"",""t31""],""t33"":[""t27"",""t28"",""t29""],""t34"":[""t30""],""t35"":[""t26"",""t30"",""t31""],""t36"":[""t28"",""t29""],""t37"":[""t27"",""t28"",""t29"",""t31""],""t38"":[""t37""],""t39"":[""t32"",""t34"",""t35""],""t40"":[""t32"",""t33"",""t35"",""t36"",""t37""],""t41"":[""t32"",""t36"",""t37""],""t42"":[""t34"",""t35"",""t36""],""t43"":[""t32"",""t34"",""t37""],""t44"":[""t38"",""t40"",""t43""],""t45"":[""t38"",""t39"",""t40"",""t42""],""t46"":[""t38"",""t39""],""t47"":[""t40"",""t41"",""t43""],""t48"":[""t39"",""t42""],""t49"":[""t48""],""t50"":[""t44"",""t47""],""t51"":[""t44"",""t47"",""t48""],""t52"":[""t47"",""t48""],""t53"":[""t45"",""t46"",""t48""],""t54"":[""t50"",""t53""],""t55"":[""t51"",""t52""],""t56"":[""t50"",""t51""],""t57"":[""t49"",""t51"",""t52""],""t58"":[""t50"",""t51""],""t59"":[""t54"",""t55""],""t60"":[""t54"",""t56"",""t57""],""t61"":[""t56""],""t62"":[""t55""],""t63"":[""t56"",""t57"",""t58""],""t64"":[""t59"",""t60"",""t61"",""t62"",""t63""]}"
EXP-08,confirmatory,exp08_confirmatory_n64_wide_layered_lognormal_11,n64_wide_layered_lognormal,64,wide_layered,lognormal,low,11,2,2565337159580688671,0.2810457516339869281045751634,t01->t04->t13->t19->t23->t31->t37->t43->t47->t49->t57->t62->t64,516,6,tied,0.3,0.7,"[""24"",""48"",""24"",""24"",""36"",""36"",""12"",""24"",""12"",""36"",""36"",""24"",""60"",""24"",""36"",""12"",""36"",""36"",""72"",""12"",""24"",""12"",""24"",""36"",""12"",""24"",""24"",""12"",""12"",""12"",""36"",""12"",""24"",""60"",""48"",""24"",""12"",""24"",""24"",""36"",""24"",""24"",""72"",""48"",""36"",""36"",""48"",""12"",""36"",""12"",""36"",""24"",""48"",""12"",""12"",""24"",""24"",""12"",""36"",""12"",""12"",""48"",""36"",""36""]","[""3.074"",""5.609"",""2.804"",""3.074"",""4.206"",""4.206"",""1.402"",""2.804"",""1.402"",""4.206"",""4.206"",""2.804"",""7.686"",""2.804"",""4.206"",""1.402"",""4.206"",""4.206"",""9.223"",""1.402"",""2.804"",""1.402"",""3.074"",""4.206"",""1.402"",""2.804"",""2.804"",""1.402"",""1.402"",""1.402"",""4.611"",""1.402"",""2.804"",""7.011"",""5.609"",""2.804"",""1.537"",""2.804"",""2.804"",""4.206"",""2.804"",""2.804"",""9.223"",""5.608"",""4.206"",""4.206"",""6.149"",""1.402"",""4.611"",""1.402"",""4.206"",""2.804"",""5.609"",""1.402"",""1.402"",""2.804"",""3.074"",""1.402"",""4.206"",""1.402"",""1.402"",""6.149"",""4.206"",""4.611""]","[""7.173"",""2.403"",""1.202"",""7.173"",""1.803"",""1.802"",""0.601"",""1.202"",""0.601"",""1.802"",""1.802"",""1.202"",""17.933"",""1.202"",""1.802"",""0.601"",""1.802"",""1.802"",""21.520"",""0.601"",""1.202"",""0.601"",""7.173"",""1.803"",""0.601"",""1.202"",""1.202"",""0.601"",""0.601"",""0.601"",""10.760"",""0.601"",""1.202"",""3.004"",""2.403"",""1.202"",""3.587"",""1.202"",""1.202"",""1.803"",""1.202"",""1.202"",""21.520"",""2.403"",""1.802"",""1.802"",""14.346"",""0.601"",""10.760"",""0.601"",""1.803"",""1.202"",""2.403"",""0.601"",""0.601"",""1.202"",""7.173"",""0.601"",""1.803"",""0.601"",""0.601"",""14.346"",""1.802"",""10.760""]","{""t01"":[],""t02"":[""t01""],""t03"":[""t01""],""t04"":[""t01""],""t05"":[""t01""],""t06"":[""t01""],""t07"":[""t01""],""t08"":[""t04"",""t05"",""t07""],""t09"":[""t04"",""t06""],""t10"":[""t03"",""t04"",""t05"",""t06""],""t11"":[""t02"",""t04""],""t12"":[""t07""],""t13"":[""t03"",""t04""],""t14"":[""t09"",""t10"",""t11"",""t12""],""t15"":[""t08"",""t09"",""t10""],""t16"":[""t09"",""t13""],""t17"":[""t13""],""t18"":[""t09"",""t12""],""t19"":[""t09"",""t10"",""t11"",""t13""],""t20"":[""t14"",""t17""],""t21"":[""t15"",""t16"",""t17""],""t22"":[""t15"",""t17""],""t23"":[""t14"",""t16"",""t17"",""t19""],""t24"":[""t14"",""t16"",""t18""],""t25"":[""t14"",""t15""],""t26"":[""t24""],""t27"":[""t20"",""t23"",""t25""],""t28"":[""t20"",""t22"",""t23""],""t29"":[""t20"",""t24""],""t30"":[""t20"",""t21"",""t23"",""t24""],""t31"":[""t20"",""t21"",""t22"",""t23"",""t24"",""t25""],""t32"":[""t26"",""t27"",""t31""],""t33"":[""t26""],""t34"":[""t26"",""t28"",""t29"",""t31""],""t35"":[""t26""],""t36"":[""t27""],""t37"":[""t27"",""t28"",""t30"",""t31""],""t38"":[""t36"",""t37""],""t39"":[""t32"",""t35"",""t37""],""t40"":[""t33"",""t34""],""t41"":[""t33"",""t36""],""t42"":[""t32"",""t33""],""t43"":[""t33"",""t35"",""t36"",""t37""],""t44"":[""t39"",""t41"",""t42""],""t45"":[""t38"",""t39"",""t40""],""t46"":[""t41"",""t42"",""t43""],""t47"":[""t38"",""t41"",""t43""],""t48"":[""t43""],""t49"":[""t46"",""t47""],""t50"":[""t44"",""t47""],""t51"":[""t46""],""t52"":[""t44"",""t45""],""t53"":[""t44"",""t46"",""t47"",""t48""],""t54"":[""t50""],""t55"":[""t49"",""t52"",""t53""],""t56"":[""t51"",""t52""],""t57"":[""t49"",""t52""],""t58"":[""t50"",""t52"",""t53""],""t59"":[""t55"",""t56"",""t58""],""t60"":[""t55"",""t57"",""t58""],""t61"":[""t54"",""t55"",""t58""],""t62"":[""t54"",""t57""],""t63"":[""t54"",""t57""],""t64"":[""t59"",""t60"",""t61"",""t62"",""t63""]}"
EXP-08,confirmatory,exp08_confirmatory_n64_wide_layered_lognormal_12,n64_wide_layered_lognormal,64,wide_layered,lognormal,low,12,0,18256158389539091713,0.2761194029850746268656716418,t01->t04->t09->t17->t25->t30->t36->t43->t48->t53->t58->t59->t64,444,18,tied,0.3,0.7,"[""12"",""12"",""36"",""36"",""24"",""12"",""36"",""12"",""24"",""24"",""12"",""24"",""48"",""12"",""12"",""12"",""48"",""12"",""12"",""36"",""48"",""36"",""24"",""24"",""24"",""12"",""12"",""12"",""36"",""36"",""36"",""12"",""24"",""36"",""12"",""24"",""24"",""12"",""12"",""12"",""24"",""12"",""48"",""60"",""12"",""24"",""12"",""48"",""12"",""12"",""24"",""60"",""24"",""36"",""36"",""12"",""24"",""48"",""24"",""24"",""24"",""12"",""24"",""48""]","[""1.565"",""1.393"",""4.177"",""4.694"",""2.785"",""1.393"",""4.177"",""1.392"",""3.129"",""2.785"",""1.392"",""2.785"",""5.570"",""1.392"",""1.393"",""1.392"",""6.258"",""1.393"",""1.393"",""4.177"",""5.570"",""4.177"",""2.785"",""2.785"",""3.129"",""1.393"",""1.393"",""1.393"",""4.177"",""4.694"",""4.177"",""1.393"",""2.785"",""4.177"",""1.392"",""3.129"",""2.785"",""1.393"",""1.393"",""1.393"",""2.785"",""1.393"",""6.258"",""6.962"",""1.392"",""2.785"",""1.393"",""6.258"",""1.392"",""1.393"",""2.785"",""6.962"",""3.129"",""4.177"",""4.177"",""1.393"",""2.785"",""6.258"",""3.129"",""2.785"",""2.785"",""1.393"",""2.785"",""6.258""]","[""3.651"",""0.597"",""1.790"",""10.952"",""1.194"",""0.597"",""1.790"",""0.597"",""7.301"",""1.193"",""0.597"",""1.194"",""2.387"",""0.597"",""0.597"",""0.597"",""14.602"",""0.597"",""0.597"",""1.790"",""2.387"",""1.790"",""1.193"",""1.194"",""7.301"",""0.597"",""0.597"",""0.597"",""1.790"",""10.952"",""1.790"",""0.597"",""1.193"",""1.790"",""0.597"",""7.301"",""1.193"",""0.597"",""0.597"",""0.597"",""1.193"",""0.597"",""14.602"",""2.984"",""0.597"",""1.194"",""0.597"",""14.603"",""0.597"",""0.597"",""1.193"",""2.984"",""7.301"",""1.790"",""1.790"",""0.597"",""1.193"",""14.603"",""7.301"",""1.194"",""1.194"",""0.597"",""1.193"",""14.602""]","{""t01"":[],""t02"":[""t01""],""t03"":[""t01""],""t04"":[""t01""],""t05"":[""t01""],""t06"":[""t01""],""t07"":[""t01""],""t08"":[""t07""],""t09"":[""t02"",""t04"",""t05"",""t06""],""t10"":[""t02"",""t03"",""t04"",""t06"",""t07""],""t11"":[""t03"",""t04"",""t06""],""t12"":[""t03""],""t13"":[""t02"",""t06""],""t14"":[""t08"",""t10"",""t12""],""t15"":[""t08"",""t09"",""t13""],""t16"":[""t13""],""t17"":[""t08"",""t09""],""t18"":[""t08"",""t11""],""t19"":[""t10"",""t13""],""t20"":[""t16""],""t21"":[""t17"",""t19""],""t22"":[""t17""],""t23"":[""t15""],""t24"":[""t16"",""t19""],""t25"":[""t14"",""t16"",""t17"",""t18""],""t26"":[""t22"",""t23"",""t24""],""t27"":[""t22""],""t28"":[""t21""],""t29"":[""t20"",""t23"",""t24""],""t30"":[""t25""],""t31"":[""t22"",""t23""],""t32"":[""t28"",""t31""],""t33"":[""t26"",""t31""],""t34"":[""t31""],""t35"":[""t27"",""t29"",""t31""],""t36"":[""t28"",""t30""],""t37"":[""t26"",""t27"",""t29""],""t38"":[""t33"",""t34"",""t35""],""t39"":[""t32"",""t35""],""t40"":[""t32"",""t33"",""t35""],""t41"":[""t33""],""t42"":[""t32"",""t35""],""t43"":[""t32"",""t35"",""t36"",""t37""],""t44"":[""t39"",""t41""],""t45"":[""t40""],""t46"":[""t39"",""t40"",""t41""],""t47"":[""t39"",""t40""],""t48"":[""t38"",""t40"",""t42"",""t43""],""t49"":[""t46"",""t47""],""t50"":[""t45"",""t47"",""t48""],""t51"":[""t45""],""t52"":[""t44"",""t48""],""t53"":[""t45"",""t48""],""t54"":[""t49""],""t55"":[""t49"",""t51""],""t56"":[""t49"",""t50"",""t52"",""t53""],""t57"":[""t49"",""t50"",""t51""],""t58"":[""t50"",""t51"",""t53""],""t59"":[""t54"",""t57"",""t58""],""t60"":[""t57"",""t58""],""t61"":[""t55"",""t56""],""t62"":[""t54"",""t58""],""t63"":[""t56""],""t64"":[""t59"",""t60"",""t61"",""t62"",""t63""]}"
EXP-08,confirmatory,exp08_confirmatory_n64_wide_layered_lognormal_13,n64_wide_layered_lognormal,64,wide_layered,lognormal,low,13,0,13697989554657396859,0.2993630573248407643312101911,t01->t04->t11->t15->t20->t28->t32->t42->t44->t49->t58->t62->t64,564,12,tied,0.3,0.7,"[""36"",""36"",""36"",""36"",""12"",""24"",""36"",""24"",""36"",""36"",""48"",""36"",""24"",""12"",""24"",""24"",""24"",""24"",""12"",""60"",""24"",""24"",""24"",""24"",""12"",""24"",""36"",""48"",""24"",""12"",""24"",""72"",""36"",""36"",""24"",""24"",""24"",""12"",""36"",""24"",""48"",""24"",""24"",""48"",""12"",""12"",""36"",""24"",""36"",""24"",""36"",""24"",""24"",""12"",""24"",""72"",""36"",""36"",""12"",""12"",""36"",""72"",""12"",""24""]","[""4.329"",""4.316"",""4.316"",""4.329"",""1.439"",""2.877"",""4.316"",""2.878"",""4.316"",""4.316"",""5.772"",""4.316"",""2.877"",""1.439"",""2.886"",""2.878"",""2.877"",""2.878"",""1.439"",""7.216"",""2.877"",""2.877"",""2.877"",""2.878"",""1.439"",""2.877"",""4.316"",""5.772"",""2.877"",""1.439"",""2.877"",""8.659"",""4.316"",""4.316"",""2.877"",""2.878"",""2.877"",""1.439"",""4.316"",""2.877"",""5.755"",""2.886"",""2.877"",""5.772"",""1.439"",""1.439"",""4.316"",""2.877"",""4.329"",""2.878"",""4.316"",""2.877"",""2.877"",""1.439"",""2.877"",""8.632"",""4.316"",""4.329"",""1.439"",""1.439"",""4.316"",""8.659"",""1.439"",""2.886""]","[""10.102"",""1.850"",""1.850"",""10.101"",""0.617"",""1.233"",""1.850"",""1.233"",""1.850"",""1.850"",""13.469"",""1.850"",""1.233"",""0.617"",""6.734"",""1.233"",""1.233"",""1.233"",""0.617"",""16.836"",""1.233"",""1.233"",""1.233"",""1.233"",""0.617"",""1.233"",""1.850"",""13.469"",""1.233"",""0.616"",""1.233"",""20.203"",""1.850"",""1.850"",""1.233"",""1.233"",""1.233"",""0.617"",""1.850"",""1.233"",""2.466"",""6.734"",""1.233"",""13.469"",""0.616"",""0.616"",""1.850"",""1.233"",""10.101"",""1.233"",""1.850"",""1.233"",""1.233"",""0.617"",""1.233"",""3.699"",""1.850"",""10.101"",""0.617"",""0.617"",""1.850"",""20.203"",""0.616"",""6.734""]","{""t01"":[],""t02"":[""t01""],""t03"":[""t01""],""t04"":[""t01""],""t05"":[""t01""],""t06"":[""t01""],""t07"":[""t01""],""t08"":[""t04"",""t05"",""t06"",""t07""],""t09"":[""t07""],""t10"":[""t02"",""t04"",""t06""],""t11"":[""t04"",""t06"",""t07""],""t12"":[""t02"",""t03"",""t04"",""t07""],""t13"":[""t06"",""t07""],""t14"":[""t10"",""t11""],""t15"":[""t08"",""t11"",""t12""],""t16"":[""t08"",""t11"",""t13""],""t17"":[""t08"",""t09"",""t12""],""t18"":[""t10"",""t11""],""t19"":[""t10""],""t20"":[""t15"",""t18"",""t19""],""t21"":[""t14"",""t17"",""t19""],""t22"":[""t14"",""t16"",""t17""],""t23"":[""t15"",""t16"",""t18""],""t24"":[""t15"",""t16"",""t18"",""t19""],""t25"":[""t14""],""t26"":[""t20"",""t21"",""t23"",""t24""],""t27"":[""t22""],""t28"":[""t20"",""t22"",""t24""],""t29"":[""t22"",""t24"",""t25""],""t30"":[""t22""],""t31"":[""t20"",""t22"",""t23""],""t32"":[""t28"",""t29""],""t33"":[""t29"",""t31""],""t34"":[""t28"",""t30"",""t31""],""t35"":[""t30""],""t36"":[""t29"",""t30"",""t31""],""t37"":[""t26"",""t27"",""t29"",""t31""],""t38"":[""t36""],""t39"":[""t33"",""t34"",""t36""],""t40"":[""t32"",""t35"",""t36""],""t41"":[""t34"",""t36"",""t37""],""t42"":[""t32"",""t33"",""t35"",""t36""],""t43"":[""t32"",""t34"",""t37""],""t44"":[""t40"",""t42"",""t43""],""t45"":[""t38"",""t39"",""t40""],""t46"":[""t38"",""t41"",""t42"",""t43""],""t47"":[""t38"",""t40"",""t41""],""t48"":[""t38"",""t43""],""t49"":[""t44"",""t47""],""t50"":[""t47""],""t51"":[""t44"",""t47""],""t52"":[""t44"",""t47"",""t48""],""t53"":[""t45"",""t46"",""t47"",""t48""],""t54"":[""t50"",""t51"",""t52""],""t55"":[""t49"",""t53""],""t56"":[""t50"",""t52"",""t53""],""t57"":[""t53""],""t58"":[""t49"",""t53""],""t59"":[""t56"",""t57""],""t60"":[""t55"",""t56"",""t58""],""t61"":[""t54"",""t56"",""t57"",""t58""],""t62"":[""t54"",""t55"",""t58""],""t63"":[""t58""],""t64"":[""t59"",""t60"",""t61"",""t62"",""t63""]}"
EXP-08,confirmatory,exp08_confirmatory_n64_wide_layered_lognormal_14,n64_wide_layered_lognormal,64,wide_layered,lognormal,low,14,0,12282897075537111168,0.2868217054263565891472868217,t01->t04->t13->t14->t23->t28->t32->t39->t44->t53->t55->t60->t64,444,8,tied,0.3,0.7,"[""24"",""12"",""12"",""24"",""24"",""24"",""12"",""12"",""12"",""12"",""60"",""24"",""48"",""12"",""12"",""24"",""12"",""12"",""24"",""12"",""12"",""12"",""48"",""24"",""24"",""60"",""24"",""36"",""36"",""12"",""24"",""24"",""24"",""24"",""12"",""12"",""36"",""24"",""24"",""24"",""24"",""24"",""12"",""48"",""12"",""12"",""12"",""24"",""36"",""12"",""12"",""12"",""24"",""36"",""36"",""24"",""24"",""12"",""36"",""72"",""24"",""36"",""36"",""24""]","[""3.012"",""1.413"",""1.413"",""3.012"",""2.827"",""2.827"",""1.413"",""1.413"",""1.413"",""1.413"",""7.067"",""2.827"",""6.025"",""1.506"",""1.414"",""2.827"",""1.414"",""1.413"",""2.827"",""1.413"",""1.413"",""1.413"",""6.025"",""2.827"",""2.827"",""7.067"",""2.827"",""4.519"",""4.240"",""1.413"",""2.827"",""3.012"",""2.827"",""2.827"",""1.414"",""1.413"",""4.240"",""2.827"",""3.012"",""2.827"",""2.827"",""2.827"",""1.413"",""6.025"",""1.414"",""1.413"",""1.414"",""2.827"",""4.240"",""1.413"",""1.414"",""1.413"",""3.012"",""4.240"",""4.519"",""2.827"",""2.827"",""1.413"",""4.240"",""9.037"",""2.827"",""4.240"",""4.240"",""3.012""]","[""7.029"",""0.606"",""0.606"",""7.029"",""1.211"",""1.211"",""0.606"",""0.606"",""0.606"",""0.606"",""3.029"",""1.211"",""14.058"",""3.514"",""0.606"",""1.212"",""0.606"",""0.606"",""1.211"",""0.606"",""0.606"",""0.606"",""14.057"",""1.211"",""1.211"",""3.029"",""1.211"",""10.543"",""1.817"",""0.606"",""1.211"",""7.029"",""1.212"",""1.211"",""0.606"",""0.606"",""1.817"",""1.211"",""7.029"",""1.211"",""1.211"",""1.211"",""0.606"",""14.057"",""0.606"",""0.606"",""0.606"",""1.212"",""1.817"",""0.606"",""0.606"",""0.606"",""7.029"",""1.817"",""10.543"",""1.212"",""1.211"",""0.606"",""1.817"",""21.086"",""1.211"",""1.817"",""1.817"",""7.029""]","{""t01"":[],""t02"":[""t01""],""t03"":[""t01""],""t04"":[""t01""],""t05"":[""t01""],""t06"":[""t01""],""t07"":[""t01""],""t08"":[""t04"",""t05"",""t06"",""t07""],""t09"":[""t05""],""t10"":[""t02"",""t06""],""t11"":[""t02"",""t07""],""t12"":[""t02"",""t03"",""t04""],""t13"":[""t03"",""t04"",""t06""],""t14"":[""t08"",""t11"",""t13""],""t15"":[""t08"",""t10"",""t12""],""t16"":[""t08"",""t09"",""t10"",""t11""],""t17"":[""t08"",""t09"",""t12""],""t18"":[""t10"",""t11"",""t13""],""t19"":[""t09""],""t20"":[""t15"",""t16"",""t18"",""t19""],""t21"":[""t17"",""t18"",""t19""],""t22"":[""t14"",""t17"",""t19""],""t23"":[""t14"",""t18""],""t24"":[""t14""],""t25"":[""t18""],""t26"":[""t22"",""t23""],""t27"":[""t20"",""t21""],""t28"":[""t23"",""t24""],""t29"":[""t22""],""t30"":[""t22"",""t24""],""t31"":[""t20"",""t23"",""t25""],""t32"":[""t27"",""t28"",""t29"",""t30""],""t33"":[""t27"",""t31""],""t34"":[""t28"",""t30"",""t31""],""t35"":[""t26"",""t31""],""t36"":[""t27"",""t29"",""t30"",""t31""],""t37"":[""t27"",""t30""],""t38"":[""t32"",""t33"",""t36""],""t39"":[""t32"",""t33"",""t37""],""t40"":[""t32"",""t33"",""t34""],""t41"":[""t36"",""t37""],""t42"":[""t33"",""t35"",""t37""],""t43"":[""t32""],""t44"":[""t39"",""t41""],""t45"":[""t38"",""t40"",""t43""],""t46"":[""t39"",""t41""],""t47"":[""t38"",""t41"",""t42"",""t43""],""t48"":[""t41""],""t49"":[""t47""],""t50"":[""t46""],""t51"":[""t44""],""t52"":[""t45"",""t46"",""t48""],""t53"":[""t44"",""t47"",""t48""],""t54"":[""t50"",""t51"",""t52"",""t53""],""t55"":[""t53""],""t56"":[""t51""],""t57"":[""t49"",""t53""],""t58"":[""t50"",""t51""],""t59"":[""t56"",""t58""],""t60"":[""t55""],""t61"":[""t55"",""t56"",""t58""],""t62"":[""t57""],""t63"":[""t54"",""t56"",""t58""],""t64"":[""t59"",""t60"",""t61"",""t62"",""t63""]}"
EXP-08,confirmatory,exp08_confirmatory_n64_wide_layered_lognormal_15,n64_wide_layered_lognormal,64,wide_layered,lognormal,low,15,0,13055491353909549377,0.2929936305732484076433121019,t01->t05->t13->t18->t20->t28->t37->t41->t48->t49->t56->t63->t64,552,3,tied,0.3,0.7,"[""48"",""24"",""24"",""36"",""48"",""24"",""48"",""12"",""24"",""12"",""36"",""36"",""60"",""24"",""36"",""36"",""12"",""48"",""12"",""72"",""12"",""12"",""12"",""12"",""24"",""24"",""24"",""36"",""60"",""60"",""12"",""36"",""12"",""24"",""36"",""48"",""36"",""24"",""12"",""24"",""36"",""24"",""24"",""48"",""12"",""12"",""36"",""60"",""36"",""24"",""24"",""24"",""36"",""36"",""12"",""36"",""36"",""12"",""36"",""36"",""12"",""24"",""24"",""12""]","[""5.898"",""2.852"",""2.851"",""4.277"",""5.898"",""2.851"",""5.703"",""1.426"",""2.851"",""1.426"",""4.277"",""4.277"",""7.372"",""2.852"",""4.277"",""4.277"",""1.426"",""5.898"",""1.426"",""8.847"",""1.426"",""1.426"",""1.426"",""1.426"",""2.852"",""2.851"",""2.851"",""4.423"",""7.129"",""7.129"",""1.426"",""4.277"",""1.426"",""2.851"",""4.277"",""5.703"",""4.423"",""2.851"",""1.426"",""2.852"",""4.423"",""2.851"",""2.851"",""5.703"",""1.426"",""1.426"",""4.277"",""7.372"",""4.423"",""2.851"",""2.851"",""2.852"",""4.277"",""4.277"",""1.426"",""4.423"",""4.277"",""1.426"",""4.277"",""4.277"",""1.426"",""2.851"",""2.949"",""1.475""]","[""13.761"",""1.222"",""1.222"",""1.833"",""13.762"",""1.222"",""2.444"",""0.611"",""1.222"",""0.611"",""1.833"",""1.833"",""17.202"",""1.222"",""1.833"",""1.833"",""0.611"",""13.761"",""0.611"",""20.642"",""0.611"",""0.611"",""0.611"",""0.611"",""1.222"",""1.222"",""1.222"",""10.321"",""3.056"",""3.056"",""0.611"",""1.833"",""0.611"",""1.222"",""1.833"",""2.444"",""10.321"",""1.222"",""0.611"",""1.222"",""10.321"",""1.222"",""1.222"",""2.445"",""0.611"",""0.611"",""1.833"",""17.202"",""10.321"",""1.222"",""1.222"",""1.222"",""1.833"",""1.833"",""0.611"",""10.321"",""1.833"",""0.611"",""1.833"",""1.833"",""0.611"",""1.222"",""6.881"",""3.440""]","{""t01"":[],""t02"":[""t01""],""t03"":[""t01""],""t04"":[""t01""],""t05"":[""t01""],""t06"":[""t01""],""t07"":[""t01""],""t08"":[""t02"",""t03"",""t04"",""t07""],""t09"":[""t05""],""t10"":[""t03"",""t04"",""t06"",""t07""],""t11"":[""t02"",""t04"",""t05""],""t12"":[""t03"",""t06""],""t13"":[""t02"",""t05""],""t14"":[""t08"",""t09"",""t13""],""t15"":[""t09"",""t10"",""t11"",""t13""],""t16"":[""t10""],""t17"":[""t09"",""t13""],""t18"":[""t09"",""t10"",""t12"",""t13""],""t19"":[""t09"",""t10"",""t11""],""t20"":[""t14"",""t15"",""t16"",""t17"",""t18"",""t19""],""t21"":[""t15"",""t18"",""t19""],""t22"":[""t17"",""t18"",""t19""],""t23"":[""t14"",""t18"",""t19""],""t24"":[""t14"",""t17""],""t25"":[""t14"",""t15"",""t16"",""t18"",""t19""],""t26"":[""t23"",""t25""],""t27"":[""t21"",""t22"",""t23"",""t25""],""t28"":[""t20"",""t22"",""t24""],""t29"":[""t21"",""t23""],""t30"":[""t23"",""t24"",""t25""],""t31"":[""t20"",""t23""],""t32"":[""t26"",""t27""],""t33"":[""t27"",""t29"",""t31""],""t34"":[""t27"",""t31""],""t35"":[""t26"",""t27"",""t29""],""t36"":[""t27"",""t30""],""t37"":[""t26"",""t27"",""t28""],""t38"":[""t35""],""t39"":[""t33"",""t34"",""t37""],""t40"":[""t32"",""t34"",""t36""],""t41"":[""t34"",""t35"",""t36"",""t37""],""t42"":[""t32"",""t35""],""t43"":[""t33"",""t34"",""t36"",""t37""],""t44"":[""t38"",""t43""],""t45"":[""t39"",""t43""],""t46"":[""t38"",""t40"",""t41"",""t42"",""t43""],""t47"":[""t38"",""t39"",""t40"",""t42"",""t43""],""t48"":[""t39"",""t41"",""t42"",""t43""],""t49"":[""t47"",""t48""],""t50"":[""t45"",""t47""],""t51"":[""t45"",""t46"",""t48""],""t52"":[""t47""],""t53"":[""t44""],""t54"":[""t52""],""t55"":[""t49"",""t50"",""t51"",""t53""],""t56"":[""t49"",""t51""],""t57"":[""t51"",""t52""],""t58"":[""t51"",""t53""],""t59"":[""t54"",""t55"",""t57"",""t58""],""t60"":[""t54"",""t57"",""t58""],""t61"":[""t56""],""t62"":[""t54"",""t55""],""t63"":[""t55"",""t56"",""t58""],""t64"":[""t59"",""t60"",""t61"",""t62"",""t63""]}"
EXP-08,confirmatory,exp08_confirmatory_n64_wide_layered_lognormal_16,n64_wide_layered_lognormal,64,wide_layered,lognormal,low,16,0,2360565518002460781,0.2676056338028169014084507042,t01->t02->t12->t17->t20->t26->t33->t43->t47->t50->t55->t59->t64,456,16,tied,0.3,0.7,"[""12"",""72"",""48"",""36"",""24"",""60"",""48"",""12"",""24"",""24"",""12"",""12"",""36"",""48"",""24"",""12"",""48"",""24"",""12"",""36"",""24"",""36"",""12"",""24"",""12"",""24"",""24"",""24"",""36"",""24"",""24"",""48"",""36"",""24"",""24"",""48"",""12"",""24"",""36"",""12"",""24"",""24"",""60"",""24"",""24"",""12"",""12"",""24"",""12"",""48"",""12"",""12"",""24"",""36"",""36"",""12"",""24"",""24"",""24"",""12"",""12"",""12"",""12"",""36""]","[""1.614"",""9.686"",""5.505"",""4.129"",""2.753"",""6.881"",""5.505"",""1.376"",""2.753"",""2.753"",""1.376"",""1.614"",""4.129"",""5.505"",""2.753"",""1.376"",""6.457"",""2.753"",""1.376"",""4.843"",""2.752"",""4.129"",""1.376"",""2.753"",""1.376"",""3.229"",""2.753"",""2.753"",""4.129"",""2.753"",""2.753"",""5.505"",""4.843"",""2.753"",""2.753"",""5.505"",""1.376"",""2.753"",""4.129"",""1.376"",""2.753"",""2.753"",""8.072"",""2.753"",""2.753"",""1.376"",""1.614"",""2.753"",""1.376"",""6.457"",""1.376"",""1.376"",""2.753"",""4.129"",""4.843"",""1.376"",""2.752"",""2.753"",""3.229"",""1.376"",""1.376"",""1.376"",""1.376"",""4.843""]","[""3.767"",""22.600"",""2.359"",""1.769"",""1.180"",""2.949"",""2.359"",""0.590"",""1.179"",""1.179"",""0.590"",""3.767"",""1.769"",""2.359"",""1.179"",""0.590"",""15.067"",""1.180"",""0.590"",""11.300"",""1.180"",""1.769"",""0.590"",""1.180"",""0.590"",""7.534"",""1.180"",""1.180"",""1.769"",""1.180"",""1.180"",""2.359"",""11.300"",""1.180"",""1.180"",""2.359"",""0.590"",""1.180"",""1.769"",""0.590"",""1.180"",""1.180"",""18.834"",""1.179"",""1.180"",""0.590"",""3.767"",""1.180"",""0.590"",""15.067"",""0.590"",""0.590"",""1.180"",""1.769"",""11.300"",""0.590"",""1.180"",""1.180"",""7.533"",""0.590"",""0.590"",""0.590"",""0.590"",""11.300""]","{""t01"":[],""t02"":[""t01""],""t03"":[""t01""],""t04"":[""t01""],""t05"":[""t01""],""t06"":[""t01""],""t07"":[""t01""],""t08"":[""t02"",""t03""],""t09"":[""t05"",""t06""],""t10"":[""t03"",""t06"",""t07""],""t11"":[""t03"",""t04"",""t06"",""t07""],""t12"":[""t02"",""t06""],""t13"":[""t04"",""t07""],""t14"":[""t08"",""t09""],""t15"":[""t09"",""t10"",""t11"",""t12"",""t13""],""t16"":[""t09"",""t13""],""t17"":[""t12"",""t13""],""t18"":[""t08"",""t09"",""t11"",""t13""],""t19"":[""t11"",""t12""],""t20"":[""t14"",""t16"",""t17"",""t19""],""t21"":[""t14"",""t16"",""t19""],""t22"":[""t15"",""t17"",""t18""],""t23"":[""t16"",""t17""],""t24"":[""t14"",""t17""],""t25"":[""t16"",""t18""],""t26"":[""t20"",""t21""],""t27"":[""t22"",""t23""],""t28"":[""t20"",""t21"",""t22"",""t25""],""t29"":[""t21"",""t24""],""t30"":[""t24""],""t31"":[""t21"",""t23""],""t32"":[""t28"",""t31""],""t33"":[""t26"",""t28"",""t29"",""t30"",""t31""],""t34"":[""t28"",""t29"",""t30"",""t31""],""t35"":[""t28"",""t29"",""t30""],""t36"":[""t26"",""t27""],""t37"":[""t29""],""t38"":[""t32"",""t34"",""t35"",""t37""],""t39"":[""t35"",""t37""],""t40"":[""t33""],""t41"":[""t33"",""t34"",""t36"",""t37""],""t42"":[""t35""],""t43"":[""t33"",""t34"",""t37""],""t44"":[""t40"",""t41"",""t43""],""t45"":[""t39"",""t41"",""t42""],""t46"":[""t38"",""t42""],""t47"":[""t41"",""t43""],""t48"":[""t40"",""t41""],""t49"":[""t44"",""t47"",""t48""],""t50"":[""t45"",""t46"",""t47""],""t51"":[""t45""],""t52"":[""t45"",""t48""],""t53"":[""t47"",""t48""],""t54"":[""t50"",""t52""],""t55"":[""t49"",""t50"",""t51""],""t56"":[""t50"",""t52"",""t53""],""t57"":[""t49"",""t51""],""t58"":[""t50"",""t51"",""t53""],""t59"":[""t55"",""t56"",""t57""],""t60"":[""t54"",""t56"",""t57""],""t61"":[""t56"",""t58""],""t62"":[""t55"",""t57"",""t58""],""t63"":[""t55"",""t56""],""t64"":[""t59"",""t60"",""t61"",""t62"",""t63""]}"
EXP-08,confirmatory,exp08_confirmatory_n64_wide_layered_lognormal_17,n64_wide_layered_lognormal,64,wide_layered,lognormal,low,17,0,12469556692381136325,0.26,t01->t04->t11->t19->t22->t28->t32->t41->t48->t50->t56->t59->t64,468,3,tied,0.3,0.7,"[""36"",""24"",""48"",""60"",""12"",""48"",""24"",""24"",""24"",""24"",""72"",""36"",""36"",""24"",""24"",""48"",""24"",""12"",""24"",""24"",""12"",""24"",""12"",""36"",""12"",""12"",""48"",""24"",""48"",""12"",""12"",""48"",""24"",""36"",""24"",""48"",""12"",""12"",""36"",""24"",""72"",""24"",""36"",""48"",""48"",""24"",""24"",""12"",""12"",""12"",""12"",""12"",""36"",""12"",""24"",""12"",""36"",""24"",""60"",""24"",""12"",""24"",""24"",""12""]","[""4.985"",""2.724"",""5.449"",""8.308"",""1.362"",""5.449"",""2.724"",""2.724"",""2.724"",""2.725"",""9.969"",""4.087"",""4.087"",""2.724"",""2.724"",""5.449"",""2.724"",""1.362"",""3.323"",""2.724"",""1.362"",""3.323"",""1.362"",""4.087"",""1.362"",""1.362"",""5.449"",""3.323"",""5.449"",""1.362"",""1.362"",""6.646"",""2.724"",""4.087"",""2.724"",""5.449"",""1.362"",""1.362"",""4.087"",""2.724"",""9.969"",""2.724"",""4.087"",""5.449"",""5.449"",""2.724"",""2.724"",""1.662"",""1.362"",""1.661"",""1.362"",""1.362"",""4.087"",""1.362"",""2.725"",""1.662"",""4.087"",""2.724"",""8.308"",""2.724"",""1.362"",""2.724"",""2.724"",""1.661""]","[""11.631"",""1.168"",""2.335"",""19.385"",""0.584"",""2.335"",""1.168"",""1.167"",""1.167"",""1.168"",""23.261"",""1.751"",""1.751"",""1.167"",""1.168"",""2.335"",""1.167"",""0.584"",""7.754"",""1.168"",""0.584"",""7.754"",""0.584"",""1.751"",""0.584"",""0.584"",""2.335"",""7.754"",""2.335"",""0.584"",""0.584"",""15.508"",""1.167"",""1.751"",""1.168"",""2.335"",""0.584"",""0.584"",""1.751"",""1.168"",""23.261"",""1.168"",""1.751"",""2.335"",""2.335"",""1.168"",""1.168"",""3.877"",""0.584"",""3.877"",""0.584"",""0.584"",""1.751"",""0.584"",""1.167"",""3.877"",""1.751"",""1.168"",""19.384"",""1.167"",""0.584"",""1.168"",""1.167"",""3.877""]","{""t01"":[],""t02"":[""t01""],""t03"":[""t01""],""t04"":[""t01""],""t05"":[""t01""],""t06"":[""t01""],""t07"":[""t01""],""t08"":[""t02"",""t03"",""t05"",""t06""],""t09"":[""t03"",""t06""],""t10"":[""t04"",""t05""],""t11"":[""t02"",""t04"",""t05""],""t12"":[""t03"",""t04"",""t06"",""t07""],""t13"":[""t06"",""t07""],""t14"":[""t09"",""t13""],""t15"":[""t10"",""t11"",""t12""],""t16"":[""t08"",""t12""],""t17"":[""t08"",""t10"",""t12""],""t18"":[""t08"",""t11"",""t12"",""t13""],""t19"":[""t11""],""t20"":[""t16"",""t18""],""t21"":[""t15"",""t19""],""t22"":[""t14"",""t16"",""t18"",""t19""],""t23"":[""t17"",""t18"",""t19""],""t24"":[""t18""],""t25"":[""t14"",""t15"",""t16"",""t19""],""t26"":[""t21""],""t27"":[""t23"",""t24""],""t28"":[""t20"",""t22"",""t25""],""t29"":[""t20"",""t22"",""t25""],""t30"":[""t21"",""t22""],""t31"":[""t22"",""t24""],""t32"":[""t26"",""t28"",""t30"",""t31""],""t33"":[""t29"",""t30""],""t34"":[""t26"",""t27"",""t30""],""t35"":[""t27"",""t28"",""t31""],""t36"":[""t26""],""t37"":[""t27"",""t31""],""t38"":[""t32"",""t34"",""t37""],""t39"":[""t32"",""t35"",""t36"",""t37""],""t40"":[""t32"",""t35""],""t41"":[""t32""],""t42"":[""t32"",""t33"",""t37""],""t43"":[""t33"",""t37""],""t44"":[""t38"",""t43""],""t45"":[""t42""],""t46"":[""t42"",""t43""],""t47"":[""t41"",""t42"",""t43""],""t48"":[""t39"",""t40"",""t41"",""t42""],""t49"":[""t48""],""t50"":[""t46"",""t48""],""t51"":[""t44"",""t47""],""t52"":[""t44"",""t45"",""t46""],""t53"":[""t48""],""t54"":[""t49""],""t55"":[""t53""],""t56"":[""t50""],""t57"":[""t52""],""t58"":[""t49"",""t51""],""t59"":[""t54"",""t56""],""t60"":[""t54"",""t58""],""t61"":[""t54"",""t58""],""t62"":[""t54"",""t56""],""t63"":[""t54"",""t55"",""t56"",""t57""],""t64"":[""t59"",""t60"",""t61"",""t62"",""t63""]}"
EXP-08,confirmatory,exp08_confirmatory_n64_wide_layered_lognormal_18,n64_wide_layered_lognormal,64,wide_layered,lognormal,low,18,1,3889168078353471580,0.2826086956521739130434782609,t01->t05->t12->t18->t22->t31->t36->t38->t47->t49->t54->t61->t64,468,2,tied,0.3,0.7,"[""12"",""24"",""24"",""24"",""48"",""12"",""12"",""24"",""12"",""12"",""36"",""36"",""24"",""12"",""12"",""24"",""24"",""36"",""48"",""12"",""24"",""24"",""24"",""24"",""24"",""12"",""12"",""36"",""48"",""36"",""60"",""36"",""48"",""36"",""24"",""36"",""24"",""36"",""12"",""12"",""12"",""36"",""24"",""24"",""12"",""24"",""12"",""36"",""48"",""24"",""12"",""12"",""24"",""24"",""24"",""48"",""24"",""12"",""24"",""24"",""60"",""12"",""12"",""36""]","[""1.529"",""2.810"",""2.810"",""2.810"",""6.114"",""1.405"",""1.405"",""2.810"",""1.405"",""1.405"",""4.215"",""4.586"",""2.810"",""1.405"",""1.405"",""2.810"",""2.810"",""4.586"",""5.621"",""1.405"",""2.810"",""3.057"",""2.810"",""2.810"",""2.810"",""1.405"",""1.405"",""4.216"",""5.621"",""4.216"",""7.643"",""4.216"",""5.621"",""4.216"",""2.810"",""4.586"",""2.810"",""4.586"",""1.405"",""1.405"",""1.405"",""4.215"",""2.810"",""2.810"",""1.405"",""2.810"",""1.529"",""4.216"",""6.114"",""2.810"",""1.405"",""1.405"",""2.810"",""3.057"",""2.810"",""5.621"",""2.810"",""1.405"",""2.810"",""2.810"",""7.643"",""1.405"",""1.405"",""4.586""]","[""3.567"",""1.205"",""1.204"",""1.204"",""14.267"",""0.602"",""0.602"",""1.204"",""0.602"",""0.602"",""1.807"",""10.700"",""1.204"",""0.602"",""0.602"",""1.205"",""1.204"",""10.700"",""2.409"",""0.602"",""1.204"",""7.134"",""1.205"",""1.205"",""1.204"",""0.602"",""0.602"",""1.807"",""2.409"",""1.807"",""17.834"",""1.807"",""2.409"",""1.807"",""1.204"",""10.700"",""1.204"",""10.700"",""0.602"",""0.602"",""0.602"",""1.807"",""1.204"",""1.204"",""0.602"",""1.205"",""3.567"",""1.807"",""14.267"",""1.204"",""0.602"",""0.602"",""1.204"",""7.134"",""1.204"",""2.409"",""1.205"",""0.602"",""1.205"",""1.204"",""17.834"",""0.602"",""0.602"",""10.700""]","{""t01"":[],""t02"":[""t01""],""t03"":[""t01""],""t04"":[""t01""],""t05"":[""t01""],""t06"":[""t01""],""t07"":[""t01""],""t08"":[""t02"",""t04"",""t05""],""t09"":[""t02"",""t05""],""t10"":[""t06""],""t11"":[""t02"",""t06"",""t07""],""t12"":[""t03"",""t04"",""t05"",""t06""],""t13"":[""t04"",""t05"",""t06""],""t14"":[""t08"",""t12""],""t15"":[""t11"",""t13""],""t16"":[""t11"",""t12""],""t17"":[""t08"",""t09"",""t11""],""t18"":[""t10"",""t12"",""t13""],""t19"":[""t11"",""t13""],""t20"":[""t17""],""t21"":[""t14"",""t16"",""t17""],""t22"":[""t18""],""t23"":[""t14""],""t24"":[""t14"",""t15""],""t25"":[""t14"",""t16"",""t19""],""t26"":[""t20"",""t23""],""t27"":[""t21"",""t22"",""t23""],""t28"":[""t22"",""t23"",""t25""],""t29"":[""t21"",""t22"",""t24"",""t25""],""t30"":[""t20"",""t21"",""t23"",""t24""],""t31"":[""t22"",""t24"",""t25""],""t32"":[""t26"",""t31""],""t33"":[""t26"",""t30""],""t34"":[""t27"",""t28"",""t29""],""t35"":[""t27"",""t28""],""t36"":[""t27"",""t31""],""t37"":[""t26"",""t29""],""t38"":[""t34"",""t35"",""t36"",""t37""],""t39"":[""t33"",""t34"",""t35""],""t40"":[""t33"",""t36""],""t41"":[""t33"",""t35"",""t36"",""t37""],""t42"":[""t33"",""t35"",""t36""],""t43"":[""t32"",""t33"",""t36"",""t37""],""t44"":[""t40"",""t41"",""t42"",""t43""],""t45"":[""t39"",""t43""],""t46"":[""t38"",""t39"",""t41"",""t43""],""t47"":[""t38"",""t41""],""t48"":[""t40"",""t42""],""t49"":[""t45"",""t47""],""t50"":[""t44"",""t48""],""t51"":[""t45"",""t46"",""t47"",""t48""],""t52"":[""t44"",""t45"",""t47"",""t48""],""t53"":[""t46"",""t47""],""t54"":[""t49"",""t52""],""t55"":[""t51"",""t52"",""t53""],""t56"":[""t50"",""t53""],""t57"":[""t49""],""t58"":[""t53""],""t59"":[""t55"",""t57""],""t60"":[""t55"",""t58""],""t61"":[""t54"",""t58""],""t62"":[""t56"",""t58""],""t63"":[""t55"",""t57""],""t64"":[""t59"",""t60"",""t61"",""t62"",""t63""]}"
EXP-08,confirmatory,exp08_confirmatory_n64_wide_layered_lognormal_19,n64_wide_layered_lognormal,64,wide_layered,lognormal,low,19,2,14358726530340282699,0.2941176470588235294117647059,t01->t02->t08->t14->t23->t30->t37->t39->t45->t49->t54->t60->t64,480,10,tied,0.3,0.7,"[""12"",""72"",""36"",""60"",""12"",""12"",""24"",""72"",""12"",""12"",""12"",""36"",""36"",""24"",""12"",""24"",""12"",""12"",""24"",""48"",""12"",""24"",""48"",""12"",""36"",""24"",""48"",""24"",""24"",""48"",""48"",""24"",""48"",""12"",""12"",""12"",""12"",""24"",""24"",""12"",""12"",""36"",""36"",""24"",""24"",""24"",""12"",""12"",""24"",""12"",""12"",""12"",""12"",""24"",""12"",""12"",""12"",""24"",""24"",""60"",""24"",""12"",""48"",""36""]","[""1.469"",""8.813"",""4.284"",""7.140"",""1.428"",""1.428"",""2.856"",""8.813"",""1.428"",""1.428"",""1.428"",""4.284"",""4.284"",""2.937"",""1.428"",""2.856"",""1.428"",""1.428"",""2.856"",""5.712"",""1.428"",""2.856"",""5.875"",""1.428"",""4.284"",""2.856"",""5.712"",""2.856"",""2.856"",""5.875"",""5.712"",""2.856"",""5.712"",""1.428"",""1.428"",""1.428"",""1.469"",""2.856"",""2.938"",""1.428"",""1.428"",""4.284"",""4.284"",""2.856"",""2.937"",""2.856"",""1.428"",""1.428"",""2.938"",""1.428"",""1.428"",""1.428"",""1.428"",""2.938"",""1.428"",""1.428"",""1.428"",""2.856"",""2.856"",""7.344"",""2.856"",""1.428"",""5.712"",""4.406""]","[""3.427"",""20.563"",""1.836"",""3.060"",""0.612"",""0.612"",""1.224"",""20.563"",""0.612"",""0.612"",""0.612"",""1.836"",""1.836"",""6.855"",""0.612"",""1.224"",""0.612"",""0.612"",""1.224"",""2.448"",""0.612"",""1.224"",""13.709"",""0.612"",""1.836"",""1.224"",""2.448"",""1.224"",""1.224"",""13.709"",""2.448"",""1.224"",""2.448"",""0.612"",""0.612"",""0.612"",""3.427"",""1.224"",""6.854"",""0.612"",""0.612"",""1.836"",""1.836"",""1.224"",""6.854"",""1.224"",""0.612"",""0.612"",""6.855"",""0.612"",""0.612"",""0.612"",""0.612"",""6.854"",""0.612"",""0.612"",""0.612"",""1.224"",""1.224"",""17.136"",""1.224"",""0.612"",""2.448"",""10.282""]","{""t01"":[],""t02"":[""t01""],""t03"":[""t01""],""t04"":[""t01""],""t05"":[""t01""],""t06"":[""t01""],""t07"":[""t01""],""t08"":[""t02"",""t03"",""t04"",""t05"",""t06""],""t09"":[""t02""],""t10"":[""t05"",""t07""],""t11"":[""t03"",""t04"",""t06""],""t12"":[""t02"",""t03""],""t13"":[""t02"",""t05""],""t14"":[""t08"",""t11""],""t15"":[""t08"",""t10"",""t11""],""t16"":[""t10"",""t11"",""t13""],""t17"":[""t08"",""t09"",""t10""],""t18"":[""t09"",""t11""],""t19"":[""t08"",""t09"",""t10"",""t12""],""t20"":[""t15"",""t16""],""t21"":[""t14"",""t18""],""t22"":[""t15"",""t18""],""t23"":[""t14"",""t16""],""t24"":[""t17"",""t18"",""t19""],""t25"":[""t14"",""t16"",""t17"",""t18""],""t26"":[""t21""],""t27"":[""t20"",""t22""],""t28"":[""t20"",""t22"",""t23"",""t24""],""t29"":[""t21"",""t22"",""t24""],""t30"":[""t20"",""t21"",""t23""],""t31"":[""t22"",""t25""],""t32"":[""t29"",""t31""],""t33"":[""t26""],""t34"":[""t26"",""t27"",""t28""],""t35"":[""t28"",""t30""],""t36"":[""t28"",""t31""],""t37"":[""t26"",""t30""],""t38"":[""t33"",""t35"",""t36""],""t39"":[""t33"",""t37""],""t40"":[""t32"",""t33"",""t34"",""t36""],""t41"":[""t32"",""t33""],""t42"":[""t33"",""t34"",""t35"",""t36""],""t43"":[""t32"",""t35"",""t37""],""t44"":[""t42"",""t43""],""t45"":[""t39""],""t46"":[""t40"",""t41"",""t42"",""t43""],""t47"":[""t39"",""t42"",""t43""],""t48"":[""t38"",""t40"",""t42""],""t49"":[""t45"",""t48""],""t50"":[""t47""],""t51"":[""t46"",""t47"",""t48""],""t52"":[""t44"",""t46""],""t53"":[""t45"",""t46"",""t48""],""t54"":[""t49"",""t52""],""t55"":[""t51""],""t56"":[""t49"",""t51""],""t57"":[""t49"",""t50""],""t58"":[""t49"",""t51"",""t53""],""t59"":[""t54"",""t56"",""t58""],""t60"":[""t54"",""t56"",""t57""],""t61"":[""t54"",""t55"",""t56""],""t62"":[""t58""],""t63"":[""t54"",""t58""],""t64"":[""t59"",""t60"",""t61"",""t62"",""t63""]}"
EXP-08,confirmatory,exp08_confirmatory_n64_mixed_homogeneous_00,n64_mixed_homogeneous,64,mixed,homogeneous,medium,0,0,18229147802151760071,0.453125,t01->t02->t07->t10->t11->t14->t17->t20->t25->t26->t29->t30->t33->t34->t37->t39->t41->t43->t44->t47->t49->t50->t53->t55->t57->t58->t61->t63->t64,348,97440,tied,0.3,0.7,"[""12"",""12"",""12"",""12"",""12"",""12"",""12"",""12"",""12"",""12"",""12"",""12"",""12"",""12"",""12"",""12"",""12"",""12"",""12"",""12"",""12"",""12"",""12"",""12"",""12"",""12"",""12"",""12"",""12"",""12"",""12"",""12"",""12"",""12"",""12"",""12"",""12"",""12"",""12"",""12"",""12"",""12"",""12"",""12"",""12"",""12"",""12"",""12"",""12"",""12"",""12"",""12"",""12"",""12"",""12"",""12"",""12"",""12"",""12"",""12"",""12"",""12"",""12"",""12""]","[""0.954"",""0.953"",""1.843"",""1.843"",""1.844"",""1.843"",""0.953"",""1.844"",""1.843"",""0.953"",""0.953"",""1.843"",""1.844"",""0.953"",""1.844"",""1.843"",""0.953"",""1.844"",""1.844"",""0.953"",""1.843"",""1.843"",""1.843"",""1.843"",""0.953"",""0.953"",""1.843"",""1.843"",""0.953"",""0.954"",""1.843"",""1.844"",""0.953"",""0.953"",""1.843"",""1.843"",""0.954"",""1.843"",""0.954"",""1.843"",""0.953"",""1.843"",""0.954"",""0.954"",""1.843"",""1.843"",""0.953"",""1.843"",""0.954"",""0.954"",""1.843"",""1.843"",""0.953"",""1.843"",""0.953"",""1.843"",""0.954"",""0.953"",""1.843"",""1.843"",""0.953"",""1.843"",""0.954"",""0.954""]","[""2.224"",""2.224"",""0.790"",""0.789"",""0.790"",""0.790"",""2.224"",""0.790"",""0.790"",""2.224"",""2.225"",""0.790"",""0.790"",""2.225"",""0.790"",""0.790"",""2.224"",""0.790"",""0.790"",""2.225"",""0.790"",""0.790"",""0.790"",""0.790"",""2.224"",""2.225"",""0.790"",""0.790"",""2.224"",""2.225"",""0.790"",""0.790"",""2.225"",""2.225"",""0.790"",""0.790"",""2.225"",""0.790"",""2.224"",""0.790"",""2.224"",""0.790"",""2.225"",""2.225"",""0.790"",""0.790"",""2.225"",""0.790"",""2.224"",""2.225"",""0.789"",""0.790"",""2.225"",""0.790"",""2.224"",""0.790"",""2.225"",""2.224"",""0.790"",""0.790"",""2.224"",""0.790"",""2.225"",""2.225""]","{""t01"":[],""t02"":[""t01""],""t03"":[""t01""],""t04"":[""t01""],""t05"":[""t02"",""t03""],""t06"":[""t04""],""t07"":[""t02""],""t08"":[""t05"",""t06"",""t07""],""t09"":[""t05""],""t10"":[""t07""],""t11"":[""t08"",""t10""],""t12"":[""t02"",""t08""],""t13"":[""t08"",""t09"",""t10""],""t14"":[""t11""],""t15"":[""t12"",""t13""],""t16"":[""t13""],""t17"":[""t14"",""t16""],""t18"":[""t15"",""t16""],""t19"":[""t15"",""t16""],""t20"":[""t01"",""t17"",""t18""],""t21"":[""t18""],""t22"":[""t19""],""t23"":[""t08"",""t10"",""t14"",""t20"",""t21"",""t22""],""t24"":[""t01"",""t20"",""t21"",""t22""],""t25"":[""t17"",""t20"",""t22""],""t26"":[""t10"",""t24"",""t25""],""t27"":[""t01"",""t06"",""t23""],""t28"":[""t21"",""t27""],""t29"":[""t12"",""t26""],""t30"":[""t28"",""t29""],""t31"":[""t05"",""t23"",""t24"",""t28""],""t32"":[""t12"",""t30""],""t33"":[""t06"",""t10"",""t18"",""t20"",""t21"",""t30"",""t31""],""t34"":[""t01"",""t05"",""t13"",""t26"",""t32"",""t33""],""t35"":[""t21"",""t33""],""t36"":[""t34"",""t35""],""t37"":[""t34"",""t35""],""t38"":[""t06"",""t11"",""t24"",""t25"",""t37""],""t39"":[""t06"",""t36"",""t37""],""t40"":[""t20"",""t39""],""t41"":[""t21"",""t38"",""t39""],""t42"":[""t14"",""t15"",""t40"",""t41""],""t43"":[""t19"",""t40"",""t41""],""t44"":[""t08"",""t11"",""t21"",""t43""],""t45"":[""t42""],""t46"":[""t03"",""t11"",""t12"",""t29"",""t37"",""t45""],""t47"":[""t09"",""t44""],""t48"":[""t24"",""t30"",""t32"",""t44"",""t46"",""t47""],""t49"":[""t03"",""t15"",""t45"",""t47""],""t50"":[""t48"",""t49""],""t51"":[""t41"",""t48""],""t52"":[""t36"",""t50"",""t51""],""t53"":[""t04"",""t20"",""t50""],""t54"":[""t08"",""t12"",""t46"",""t52""],""t55"":[""t06"",""t09"",""t11"",""t53""],""t56"":[""t08"",""t11"",""t20"",""t47"",""t54""],""t57"":[""t11"",""t21"",""t39"",""t54"",""t55""],""t58"":[""t23"",""t42"",""t51"",""t57""],""t59"":[""t13"",""t22"",""t51"",""t56"",""t57""],""t60"":[""t05"",""t13"",""t44"",""t57"",""t58"",""t59""],""t61"":[""t14"",""t31"",""t33"",""t34"",""t58""],""t62"":[""t06"",""t08"",""t56"",""t60""],""t63"":[""t17"",""t50"",""t58"",""t59"",""t61""],""t64"":[""t07"",""t62"",""t63""]}"
EXP-08,confirmatory,exp08_confirmatory_n64_mixed_homogeneous_01,n64_mixed_homogeneous,64,mixed,homogeneous,medium,1,0,18123222780893718013,0.453125,t01->t03->t05->t09->t11->t16->t17->t22->t23->t27->t29->t31->t33->t35->t37->t38->t41->t43->t45->t46->t48->t51->t53->t54->t57->t58->t60->t63->t64,348,8910,tied,0.3,0.7,"[""12"",""12"",""12"",""12"",""12"",""12"",""12"",""12"",""12"",""12"",""12"",""12"",""12"",""12"",""12"",""12"",""12"",""12"",""12"",""12"",""12"",""12"",""12"",""12"",""12"",""12"",""12"",""12"",""12"",""12"",""12"",""12"",""12"",""12"",""12"",""12"",""12"",""12"",""12"",""12"",""12"",""12"",""12"",""12"",""12"",""12"",""12"",""12"",""12"",""12"",""12"",""12"",""12"",""12"",""12"",""12"",""12"",""12"",""12"",""12"",""12"",""12"",""12"",""12""]","[""0.954"",""1.843"",""0.953"",""1.843"",""0.953"",""1.843"",""1.843"",""1.843"",""0.953"",""1.843"",""0.953"",""1.843"",""1.843"",""1.843"",""1.843"",""0.953"",""0.953"",""1.843"",""1.843"",""1.843"",""1.844"",""0.953"",""0.954"",""1.844"",""1.843"",""1.844"",""0.953"",""1.843"",""0.953"",""1.843"",""0.953"",""1.843"",""0.954"",""1.843"",""0.954"",""1.843"",""0.954"",""0.954"",""1.844"",""1.843"",""0.953"",""1.843"",""0.953"",""1.844"",""0.953"",""0.954"",""1.843"",""0.953"",""1.843"",""1.844"",""0.954"",""1.843"",""0.953"",""0.954"",""1.843"",""1.843"",""0.953"",""0.954"",""1.843"",""0.953"",""1.843"",""1.844"",""0.953"",""0.954""]","[""2.225"",""0.790"",""2.225"",""0.790"",""2.225"",""0.790"",""0.790"",""0.790"",""2.224"",""0.790"",""2.225"",""0.790"",""0.790"",""0.790"",""0.790"",""2.224"",""2.225"",""0.790"",""0.790"",""0.790"",""0.790"",""2.224"",""2.224"",""0.790"",""0.790"",""0.790"",""2.225"",""0.790"",""2.224"",""0.790"",""2.225"",""0.790"",""2.225"",""0.790"",""2.224"",""0.790"",""2.224"",""2.224"",""0.790"",""0.790"",""2.225"",""0.789"",""2.224"",""0.790"",""2.224"",""2.224"",""0.790"",""2.225"",""0.790"",""0.790"",""2.225"",""0.790"",""2.224"",""2.224"",""0.790"",""0.790"",""2.225"",""2.225"",""0.790"",""2.225"",""0.790"",""0.789"",""2.225"",""2.225""]","{""t01"":[],""t02"":[""t01""],""t03"":[""t01""],""t04"":[""t01""],""t05"":[""t03""],""t06"":[""t02"",""t04""],""t07"":[""t03""],""t08"":[""t06""],""t09"":[""t04"",""t05""],""t10"":[""t05"",""t07""],""t11"":[""t09""],""t12"":[""t08"",""t09"",""t10""],""t13"":[""t02"",""t06"",""t09""],""t14"":[""t10"",""t11"",""t12""],""t15"":[""t09"",""t13""],""t16"":[""t11""],""t17"":[""t03"",""t06"",""t16""],""t18"":[""t08"",""t14"",""t15""],""t19"":[""t06"",""t16""],""t20"":[""t18""],""t21"":[""t05"",""t18""],""t22"":[""t14"",""t16"",""t17"",""t19""],""t23"":[""t22""],""t24"":[""t20""],""t25"":[""t06"",""t21""],""t26"":[""t10"",""t23"",""t24"",""t25""],""t27"":[""t07"",""t08"",""t23""],""t28"":[""t26""],""t29"":[""t27""],""t30"":[""t28"",""t29""],""t31"":[""t16"",""t29""],""t32"":[""t19"",""t20"",""t30"",""t31""],""t33"":[""t22"",""t31""],""t34"":[""t32"",""t33""],""t35"":[""t03"",""t17"",""t28"",""t32"",""t33""],""t36"":[""t24"",""t34"",""t35""],""t37"":[""t19"",""t32"",""t35""],""t38"":[""t23"",""t24"",""t37""],""t39"":[""t36""],""t40"":[""t33"",""t38"",""t39""],""t41"":[""t38"",""t39""],""t42"":[""t19"",""t26"",""t40""],""t43"":[""t02"",""t22"",""t41""],""t44"":[""t35"",""t42"",""t43""],""t45"":[""t43""],""t46"":[""t28"",""t44"",""t45""],""t47"":[""t08"",""t13"",""t36"",""t45""],""t48"":[""t03"",""t04"",""t17"",""t24"",""t36"",""t42"",""t46""],""t49"":[""t15"",""t46"",""t47""],""t50"":[""t42"",""t48""],""t51"":[""t48"",""t49""],""t52"":[""t33"",""t42"",""t51""],""t53"":[""t13"",""t39"",""t49"",""t50"",""t51""],""t54"":[""t08"",""t26"",""t27"",""t52"",""t53""],""t55"":[""t01"",""t02"",""t26"",""t40"",""t53""],""t56"":[""t06"",""t54"",""t55""],""t57"":[""t04"",""t28"",""t42"",""t54"",""t55""],""t58"":[""t01"",""t57""],""t59"":[""t56""],""t60"":[""t02"",""t31"",""t58"",""t59""],""t61"":[""t59""],""t62"":[""t25"",""t60"",""t61""],""t63"":[""t10"",""t49"",""t51"",""t60""],""t64"":[""t07"",""t62"",""t63""]}"
EXP-08,confirmatory,exp08_confirmatory_n64_mixed_homogeneous_02,n64_mixed_homogeneous,64,mixed,homogeneous,medium,2,0,2385971233972266246,0.453125,t01->t02->t07->t10->t13->t15->t17->t20->t23->t26->t29->t30->t32->t34->t37->t38->t41->t43->t45->t47->t48->t51->t53->t55->t56->t58->t61->t62->t64,348,17168,tied,0.3,0.7,"[""12"",""12"",""12"",""12"",""12"",""12"",""12"",""12"",""12"",""12"",""12"",""12"",""12"",""12"",""12"",""12"",""12"",""12"",""12"",""12"",""12"",""12"",""12"",""12"",""12"",""12"",""12"",""12"",""12"",""12"",""12"",""12"",""12"",""12"",""12"",""12"",""12"",""12"",""12"",""12"",""12"",""12"",""12"",""12"",""12"",""12"",""12"",""12"",""12"",""12"",""12"",""12"",""12"",""12"",""12"",""12"",""12"",""12"",""12"",""12"",""12"",""12"",""12"",""12""]","[""0.954"",""0.953"",""1.844"",""1.843"",""1.843"",""1.843"",""0.953"",""1.844"",""1.844"",""0.954"",""1.844"",""1.843"",""0.953"",""1.843"",""0.953"",""1.843"",""0.954"",""1.843"",""1.844"",""0.953"",""1.843"",""1.843"",""0.953"",""1.843"",""1.843"",""0.953"",""1.843"",""1.843"",""0.953"",""0.953"",""1.843"",""0.953"",""1.843"",""0.954"",""1.844"",""1.843"",""0.953"",""0.953"",""1.843"",""1.843"",""0.954"",""1.843"",""0.954"",""1.843"",""0.954"",""1.843"",""0.953"",""0.953"",""1.843"",""1.843"",""0.954"",""1.843"",""0.953"",""1.843"",""0.953"",""0.953"",""1.844"",""0.954"",""1.843"",""1.843"",""0.953"",""0.954"",""1.843"",""0.954""]","[""2.224"",""2.225"",""0.790"",""0.790"",""0.790"",""0.790"",""2.225"",""0.790"",""0.790"",""2.225"",""0.790"",""0.790"",""2.225"",""0.789"",""2.225"",""0.790"",""2.225"",""0.790"",""0.790"",""2.224"",""0.790"",""0.789"",""2.225"",""0.790"",""0.790"",""2.225"",""0.790"",""0.790"",""2.225"",""2.225"",""0.790"",""2.225"",""0.790"",""2.224"",""0.790"",""0.790"",""2.224"",""2.225"",""0.790"",""0.790"",""2.225"",""0.790"",""2.225"",""0.790"",""2.224"",""0.790"",""2.225"",""2.224"",""0.790"",""0.790"",""2.224"",""0.790"",""2.224"",""0.790"",""2.224"",""2.224"",""0.790"",""2.224"",""0.790"",""0.790"",""2.224"",""2.225"",""0.790"",""2.224""]","{""t01"":[],""t02"":[""t01""],""t03"":[""t01""],""t04"":[""t01""],""t05"":[""t03"",""t04""],""t06"":[""t02"",""t03""],""t07"":[""t02"",""t03""],""t08"":[""t06"",""t07""],""t09"":[""t05""],""t10"":[""t07""],""t11"":[""t02"",""t09"",""t10""],""t12"":[""t08"",""t09""],""t13"":[""t10""],""t14"":[""t11""],""t15"":[""t12"",""t13""],""t16"":[""t11""],""t17"":[""t13"",""t15"",""t16""],""t18"":[""t01"",""t14""],""t19"":[""t09"",""t15""],""t20"":[""t06"",""t17"",""t18""],""t21"":[""t08"",""t18""],""t22"":[""t17"",""t19""],""t23"":[""t20"",""t21"",""t22""],""t24"":[""t18"",""t19"",""t20"",""t21""],""t25"":[""t21""],""t26"":[""t23"",""t25""],""t27"":[""t23"",""t24"",""t25""],""t28"":[""t14"",""t27""],""t29"":[""t25"",""t26""],""t30"":[""t28"",""t29""],""t31"":[""t01"",""t28""],""t32"":[""t01"",""t26"",""t30""],""t33"":[""t28"",""t29"",""t30"",""t31""],""t34"":[""t32""],""t35"":[""t02"",""t32"",""t33""],""t36"":[""t12"",""t29"",""t32"",""t34"",""t35""],""t37"":[""t34""],""t38"":[""t36"",""t37""],""t39"":[""t05"",""t26"",""t37""],""t40"":[""t05"",""t17"",""t25"",""t38""],""t41"":[""t19"",""t28"",""t34"",""t38"",""t39""],""t42"":[""t27"",""t40""],""t43"":[""t30"",""t41""],""t44"":[""t10"",""t42""],""t45"":[""t02"",""t09"",""t12"",""t23"",""t34"",""t42"",""t43""],""t46"":[""t04"",""t44""],""t47"":[""t17"",""t27"",""t35"",""t43"",""t45""],""t48"":[""t17"",""t24"",""t46"",""t47""],""t49"":[""t47""],""t50"":[""t28"",""t31"",""t33"",""t48""],""t51"":[""t48"",""t49""],""t52"":[""t40"",""t50"",""t51""],""t53"":[""t16"",""t50"",""t51""],""t54"":[""t17"",""t21"",""t51"",""t52""],""t55"":[""t16"",""t26"",""t43"",""t53""],""t56"":[""t29"",""t35"",""t50"",""t55""],""t57"":[""t02"",""t08"",""t13"",""t48"",""t54""],""t58"":[""t03"",""t44"",""t46"",""t52"",""t55"",""t56""],""t59"":[""t05"",""t11"",""t15"",""t57""],""t60"":[""t08"",""t11"",""t16"",""t58""],""t61"":[""t27"",""t49"",""t53"",""t58"",""t59""],""t62"":[""t06"",""t10"",""t31"",""t60"",""t61""],""t63"":[""t03"",""t13"",""t60""],""t64"":[""t37"",""t38"",""t62"",""t63""]}"
EXP-08,confirmatory,exp08_confirmatory_n64_mixed_homogeneous_03,n64_mixed_homogeneous,64,mixed,homogeneous,medium,3,0,4609903374548117932,0.453125,t01->t02->t07->t08->t12->t15->t19->t20->t24->t27->t29->t31->t33->t34->t37->t38->t41->t42->t44->t46->t49->t51->t52->t54->t57->t59->t61->t62->t64,348,28386,tied,0.3,0.7,"[""12"",""12"",""12"",""12"",""12"",""12"",""12"",""12"",""12"",""12"",""12"",""12"",""12"",""12"",""12"",""12"",""12"",""12"",""12"",""12"",""12"",""12"",""12"",""12"",""12"",""12"",""12"",""12"",""12"",""12"",""12"",""12"",""12"",""12"",""12"",""12"",""12"",""12"",""12"",""12"",""12"",""12"",""12"",""12"",""12"",""12"",""12"",""12"",""12"",""12"",""12"",""12"",""12"",""12"",""12"",""12"",""12"",""12"",""12"",""12"",""12"",""12"",""12"",""12""]","[""0.953"",""0.953"",""1.844"",""1.843"",""1.844"",""1.844"",""0.953"",""0.953"",""1.843"",""1.844"",""1.844"",""0.954"",""1.843"",""1.843"",""0.954"",""1.843"",""1.843"",""1.843"",""0.953"",""0.953"",""1.843"",""1.844"",""1.843"",""0.954"",""1.843"",""1.843"",""0.953"",""1.843"",""0.953"",""1.843"",""0.953"",""1.843"",""0.953"",""0.953"",""1.843"",""1.843"",""0.954"",""0.953"",""1.843"",""1.843"",""0.954"",""0.953"",""1.843"",""0.953"",""1.843"",""0.953"",""1.843"",""1.843"",""0.954"",""1.843"",""0.953"",""0.953"",""1.843"",""0.954"",""1.843"",""1.843"",""0.953"",""1.844"",""0.954"",""1.843"",""0.954"",""0.954"",""1.843"",""0.954""]","[""2.224"",""2.225"",""0.790"",""0.790"",""0.790"",""0.790"",""2.225"",""2.225"",""0.790"",""0.790"",""0.790"",""2.224"",""0.790"",""0.790"",""2.225"",""0.790"",""0.790"",""0.790"",""2.225"",""2.225"",""0.790"",""0.790"",""0.790"",""2.225"",""0.790"",""0.790"",""2.225"",""0.790"",""2.225"",""0.790"",""2.224"",""0.790"",""2.224"",""2.224"",""0.790"",""0.790"",""2.224"",""2.225"",""0.790"",""0.790"",""2.224"",""2.224"",""0.790"",""2.225"",""0.789"",""2.224"",""0.790"",""0.790"",""2.225"",""0.789"",""2.224"",""2.224"",""0.790"",""2.225"",""0.790"",""0.790"",""2.225"",""0.790"",""2.224"",""0.790"",""2.225"",""2.224"",""0.790"",""2.225""]","{""t01"":[],""t02"":[""t01""],""t03"":[""t01""],""t04"":[""t01""],""t05"":[""t03"",""t04""],""t06"":[""t01"",""t03"",""t04""],""t07"":[""t02"",""t04""],""t08"":[""t07""],""t09"":[""t05"",""t06"",""t07""],""t10"":[""t07""],""t11"":[""t09"",""t10""],""t12"":[""t08""],""t13"":[""t10""],""t14"":[""t11"",""t12"",""t13""],""t15"":[""t12"",""t13""],""t16"":[""t11"",""t13""],""t17"":[""t14""],""t18"":[""t15"",""t16""],""t19"":[""t05"",""t15"",""t16""],""t20"":[""t19""],""t21"":[""t18""],""t22"":[""t17"",""t18""],""t23"":[""t12"",""t20"",""t21""],""t24"":[""t16"",""t17"",""t20""],""t25"":[""t17"",""t21"",""t22""],""t26"":[""t10"",""t21"",""t23"",""t24"",""t25""],""t27"":[""t09"",""t15"",""t24""],""t28"":[""t07"",""t26""],""t29"":[""t10"",""t26"",""t27""],""t30"":[""t28""],""t31"":[""t29""],""t32"":[""t02"",""t30""],""t33"":[""t08"",""t31""],""t34"":[""t32"",""t33""],""t35"":[""t32""],""t36"":[""t10"",""t28"",""t35""],""t37"":[""t02"",""t26"",""t34""],""t38"":[""t16"",""t30"",""t31"",""t36"",""t37""],""t39"":[""t02"",""t16"",""t26"",""t37""],""t40"":[""t38"",""t39""],""t41"":[""t38""],""t42"":[""t17"",""t40"",""t41""],""t43"":[""t17"",""t40""],""t44"":[""t16"",""t27"",""t42"",""t43""],""t45"":[""t10"",""t42""],""t46"":[""t12"",""t34"",""t44""],""t47"":[""t45""],""t48"":[""t44"",""t46""],""t49"":[""t46"",""t47""],""t50"":[""t08"",""t10"",""t48"",""t49""],""t51"":[""t46"",""t49""],""t52"":[""t26"",""t50"",""t51""],""t53"":[""t11"",""t19"",""t34"",""t39"",""t51""],""t54"":[""t45"",""t52"",""t53""],""t55"":[""t04"",""t46"",""t50"",""t53""],""t56"":[""t55""],""t57"":[""t01"",""t08"",""t24"",""t29"",""t40"",""t54""],""t58"":[""t16"",""t32"",""t54"",""t56"",""t57""],""t59"":[""t09"",""t14"",""t25"",""t50"",""t57""],""t60"":[""t09"",""t25"",""t37"",""t40"",""t55"",""t58"",""t59""],""t61"":[""t43"",""t59""],""t62"":[""t12"",""t50"",""t60"",""t61""],""t63"":[""t35"",""t61""],""t64"":[""t14"",""t62"",""t63""]}"
EXP-08,confirmatory,exp08_confirmatory_n64_mixed_homogeneous_04,n64_mixed_homogeneous,64,mixed,homogeneous,medium,4,0,7895643915697307039,0.453125,t01->t02->t05->t09->t11->t14->t18->t21->t23->t27->t29->t30->t32->t34->t36->t38->t40->t43->t44->t47->t49->t51->t53->t54->t56->t58->t61->t63->t64,348,16146,tied,0.3,0.7,"[""12"",""12"",""12"",""12"",""12"",""12"",""12"",""12"",""12"",""12"",""12"",""12"",""12"",""12"",""12"",""12"",""12"",""12"",""12"",""12"",""12"",""12"",""12"",""12"",""12"",""12"",""12"",""12"",""12"",""12"",""12"",""12"",""12"",""12"",""12"",""12"",""12"",""12"",""12"",""12"",""12"",""12"",""12"",""12"",""12"",""12"",""12"",""12"",""12"",""12"",""12"",""12"",""12"",""12"",""12"",""12"",""12"",""12"",""12"",""12"",""12"",""12"",""12"",""12""]","[""0.953"",""0.954"",""1.843"",""1.843"",""0.954"",""1.843"",""1.844"",""1.843"",""0.953"",""1.844"",""0.953"",""1.843"",""1.844"",""0.953"",""1.843"",""1.844"",""1.844"",""0.953"",""1.843"",""1.843"",""0.953"",""1.843"",""0.954"",""1.843"",""1.843"",""1.843"",""0.954"",""1.843"",""0.954"",""0.953"",""1.843"",""0.954"",""1.844"",""0.953"",""1.843"",""0.953"",""1.843"",""0.954"",""1.843"",""0.954"",""1.843"",""1.843"",""0.954"",""0.953"",""1.843"",""1.843"",""0.953"",""1.843"",""0.954"",""1.843"",""0.953"",""1.843"",""0.954"",""0.953"",""1.843"",""0.953"",""1.844"",""0.953"",""1.843"",""1.843"",""0.953"",""1.843"",""0.953"",""0.953""]","[""2.225"",""2.224"",""0.790"",""0.790"",""2.224"",""0.790"",""0.790"",""0.790"",""2.225"",""0.790"",""2.224"",""0.790"",""0.790"",""2.224"",""0.790"",""0.790"",""0.790"",""2.225"",""0.790"",""0.790"",""2.225"",""0.790"",""2.224"",""0.790"",""0.790"",""0.790"",""2.225"",""0.790"",""2.224"",""2.224"",""0.790"",""2.225"",""0.789"",""2.224"",""0.789"",""2.224"",""0.790"",""2.224"",""0.790"",""2.225"",""0.790"",""0.790"",""2.225"",""2.224"",""0.790"",""0.790"",""2.224"",""0.790"",""2.224"",""0.790"",""2.225"",""0.790"",""2.225"",""2.225"",""0.790"",""2.225"",""0.790"",""2.225"",""0.790"",""0.790"",""2.225"",""0.790"",""2.225"",""2.225""]","{""t01"":[],""t02"":[""t01""],""t03"":[""t01""],""t04"":[""t01""],""t05"":[""t02""],""t06"":[""t02"",""t04""],""t07"":[""t02"",""t03"",""t04""],""t08"":[""t05"",""t06"",""t07""],""t09"":[""t05"",""t06""],""t10"":[""t05""],""t11"":[""t09""],""t12"":[""t08""],""t13"":[""t10""],""t14"":[""t11"",""t13""],""t15"":[""t11""],""t16"":[""t01"",""t12"",""t13""],""t17"":[""t14""],""t18"":[""t14""],""t19"":[""t15"",""t16""],""t20"":[""t19""],""t21"":[""t18""],""t22"":[""t10"",""t17""],""t23"":[""t18"",""t20"",""t21"",""t22""],""t24"":[""t21""],""t25"":[""t22""],""t26"":[""t23"",""t24"",""t25""],""t27"":[""t23""],""t28"":[""t26""],""t29"":[""t06"",""t20"",""t23"",""t27""],""t30"":[""t29""],""t31"":[""t07"",""t08"",""t28"",""t29""],""t32"":[""t20"",""t30""],""t33"":[""t31""],""t34"":[""t11"",""t30"",""t32""],""t35"":[""t12"",""t19"",""t25"",""t32"",""t33""],""t36"":[""t32"",""t34"",""t35""],""t37"":[""t35""],""t38"":[""t10"",""t36"",""t37""],""t39"":[""t14"",""t36""],""t40"":[""t17"",""t38"",""t39""],""t41"":[""t39""],""t42"":[""t14"",""t32"",""t40"",""t41""],""t43"":[""t11"",""t12"",""t36"",""t40""],""t44"":[""t05"",""t12"",""t42"",""t43""],""t45"":[""t21"",""t27"",""t43""],""t46"":[""t38"",""t43"",""t44"",""t45""],""t47"":[""t19"",""t44""],""t48"":[""t17"",""t24"",""t37"",""t46""],""t49"":[""t01"",""t29"",""t47""],""t50"":[""t01"",""t48"",""t49""],""t51"":[""t10"",""t14"",""t35"",""t49""],""t52"":[""t09"",""t16"",""t21"",""t36"",""t48"",""t50"",""t51""],""t53"":[""t25"",""t37"",""t50"",""t51""],""t54"":[""t24"",""t47"",""t53""],""t55"":[""t24"",""t37"",""t41"",""t52"",""t53""],""t56"":[""t06"",""t07"",""t13"",""t37"",""t54"",""t55""],""t57"":[""t06"",""t17"",""t29"",""t55""],""t58"":[""t56"",""t57""],""t59"":[""t03"",""t08"",""t18"",""t30"",""t32"",""t57""],""t60"":[""t25"",""t26"",""t55"",""t59""],""t61"":[""t12"",""t42"",""t58""],""t62"":[""t26"",""t57"",""t60""],""t63"":[""t21"",""t38"",""t57"",""t60"",""t61""],""t64"":[""t21"",""t33"",""t62"",""t63""]}"
EXP-08,confirmatory,exp08_confirmatory_n64_mixed_homogeneous_05,n64_mixed_homogeneous,64,mixed,homogeneous,medium,5,0,13166352085689041254,0.453125,t01->t02->t07->t10->t11->t15->t18->t22->t24->t27->t28->t30->t32->t35->t37->t39->t40->t43->t45->t46->t48->t51->t52->t55->t57->t59->t61->t63->t64,348,8260,tied,0.3,0.7,"[""12"",""12"",""12"",""12"",""12"",""12"",""12"",""12"",""12"",""12"",""12"",""12"",""12"",""12"",""12"",""12"",""12"",""12"",""12"",""12"",""12"",""12"",""12"",""12"",""12"",""12"",""12"",""12"",""12"",""12"",""12"",""12"",""12"",""12"",""12"",""12"",""12"",""12"",""12"",""12"",""12"",""12"",""12"",""12"",""12"",""12"",""12"",""12"",""12"",""12"",""12"",""12"",""12"",""12"",""12"",""12"",""12"",""12"",""12"",""12"",""12"",""12"",""12"",""12""]","[""0.954"",""0.954"",""1.843"",""1.844"",""1.843"",""1.843"",""0.954"",""1.843"",""1.844"",""0.953"",""0.953"",""1.843"",""1.843"",""1.843"",""0.953"",""1.843"",""1.843"",""0.953"",""1.844"",""1.843"",""1.844"",""0.954"",""1.843"",""0.953"",""1.843"",""1.843"",""0.954"",""0.954"",""1.843"",""0.953"",""1.843"",""0.954"",""1.843"",""1.843"",""0.953"",""1.843"",""0.953"",""1.844"",""0.953"",""0.953"",""1.844"",""1.843"",""0.953"",""1.843"",""0.953"",""0.954"",""1.843"",""0.953"",""1.843"",""1.843"",""0.953"",""0.953"",""1.843"",""1.843"",""0.954"",""1.843"",""0.954"",""1.843"",""0.953"",""1.844"",""0.953"",""1.843"",""0.954"",""0.953""]","[""2.224"",""2.224"",""0.790"",""0.790"",""0.790"",""0.790"",""2.224"",""0.790"",""0.790"",""2.225"",""2.225"",""0.790"",""0.790"",""0.790"",""2.225"",""0.790"",""0.790"",""2.225"",""0.790"",""0.790"",""0.789"",""2.225"",""0.790"",""2.225"",""0.790"",""0.790"",""2.224"",""2.225"",""0.790"",""2.224"",""0.790"",""2.225"",""0.790"",""0.790"",""2.225"",""0.790"",""2.224"",""0.790"",""2.225"",""2.225"",""0.790"",""0.790"",""2.224"",""0.790"",""2.224"",""2.225"",""0.789"",""2.225"",""0.790"",""0.790"",""2.225"",""2.224"",""0.790"",""0.790"",""2.225"",""0.790"",""2.225"",""0.790"",""2.224"",""0.790"",""2.224"",""0.790"",""2.224"",""2.224""]","{""t01"":[],""t02"":[""t01""],""t03"":[""t01""],""t04"":[""t01""],""t05"":[""t02"",""t03"",""t04""],""t06"":[""t04""],""t07"":[""t02""],""t08"":[""t05""],""t09"":[""t04"",""t07""],""t10"":[""t06"",""t07""],""t11"":[""t07"",""t08"",""t10""],""t12"":[""t09""],""t13"":[""t09""],""t14"":[""t02"",""t11"",""t12"",""t13""],""t15"":[""t03"",""t11"",""t12""],""t16"":[""t12""],""t17"":[""t05"",""t08"",""t14"",""t16""],""t18"":[""t15""],""t19"":[""t14"",""t15"",""t16""],""t20"":[""t17"",""t19""],""t21"":[""t19""],""t22"":[""t17"",""t18"",""t19""],""t23"":[""t20"",""t21""],""t24"":[""t04"",""t20"",""t22""],""t25"":[""t18"",""t20""],""t26"":[""t23"",""t25""],""t27"":[""t12"",""t24""],""t28"":[""t27""],""t29"":[""t03"",""t07"",""t15"",""t18"",""t26""],""t30"":[""t02"",""t05"",""t28""],""t31"":[""t03"",""t29""],""t32"":[""t30"",""t31""],""t33"":[""t30""],""t34"":[""t14"",""t30"",""t32"",""t33""],""t35"":[""t20"",""t23"",""t26"",""t32""],""t36"":[""t30"",""t34"",""t35""],""t37"":[""t21"",""t35""],""t38"":[""t02"",""t11"",""t36""],""t39"":[""t28"",""t37""],""t40"":[""t22"",""t39""],""t41"":[""t28"",""t38"",""t39""],""t42"":[""t13"",""t40"",""t41""],""t43"":[""t09"",""t22"",""t40""],""t44"":[""t05"",""t42"",""t43""],""t45"":[""t30"",""t42"",""t43""],""t46"":[""t15"",""t36"",""t45""],""t47"":[""t20"",""t21"",""t43"",""t44""],""t48"":[""t46""],""t49"":[""t05"",""t15"",""t32"",""t47""],""t50"":[""t37"",""t49""],""t51"":[""t03"",""t14"",""t48""],""t52"":[""t07"",""t50"",""t51""],""t53"":[""t19"",""t26"",""t51""],""t54"":[""t17"",""t24"",""t53""],""t55"":[""t04"",""t34"",""t52"",""t53""],""t56"":[""t54""],""t57"":[""t08"",""t39"",""t46"",""t54"",""t55""],""t58"":[""t56""],""t59"":[""t57""],""t60"":[""t40"",""t49"",""t59""],""t61"":[""t56"",""t58"",""t59""],""t62"":[""t01"",""t07"",""t14"",""t21"",""t34"",""t60"",""t61""],""t63"":[""t11"",""t14"",""t61""],""t64"":[""t04"",""t21"",""t33"",""t46"",""t57"",""t62"",""t63""]}"
EXP-08,confirmatory,exp08_confirmatory_n64_mixed_homogeneous_06,n64_mixed_homogeneous,64,mixed,homogeneous,medium,6,0,480126206530880333,0.453125,t01->t04->t07->t08->t13->t16->t19->t21->t23->t26->t28->t30->t33->t35->t37->t38->t41->t42->t44->t47->t48->t50->t53->t54->t57->t59->t60->t63->t64,348,21667,tied,0.3,0.7,"[""12"",""12"",""12"",""12"",""12"",""12"",""12"",""12"",""12"",""12"",""12"",""12"",""12"",""12"",""12"",""12"",""12"",""12"",""12"",""12"",""12"",""12"",""12"",""12"",""12"",""12"",""12"",""12"",""12"",""12"",""12"",""12"",""12"",""12"",""12"",""12"",""12"",""12"",""12"",""12"",""12"",""12"",""12"",""12"",""12"",""12"",""12"",""12"",""12"",""12"",""12"",""12"",""12"",""12"",""12"",""12"",""12"",""12"",""12"",""12"",""12"",""12"",""12"",""12""]","[""0.953"",""1.843"",""1.843"",""0.953"",""1.843"",""1.844"",""0.953"",""0.954"",""1.843"",""1.843"",""1.843"",""1.843"",""0.953"",""1.844"",""1.844"",""0.953"",""1.843"",""1.844"",""0.953"",""1.843"",""0.954"",""1.843"",""0.953"",""1.843"",""1.843"",""0.953"",""1.843"",""0.953"",""1.843"",""0.953"",""1.843"",""1.844"",""0.954"",""1.843"",""0.953"",""1.843"",""0.953"",""0.954"",""1.844"",""1.844"",""0.953"",""0.953"",""1.843"",""0.954"",""1.843"",""1.843"",""0.954"",""0.954"",""1.843"",""0.954"",""1.843"",""1.843"",""0.954"",""0.953"",""1.843"",""1.843"",""0.953"",""1.843"",""0.954"",""0.954"",""1.843"",""1.843"",""0.953"",""0.953""]","[""2.225"",""0.790"",""0.790"",""2.224"",""0.789"",""0.790"",""2.225"",""2.224"",""0.790"",""0.790"",""0.790"",""0.790"",""2.225"",""0.790"",""0.790"",""2.224"",""0.790"",""0.790"",""2.225"",""0.790"",""2.225"",""0.790"",""2.225"",""0.790"",""0.790"",""2.225"",""0.790"",""2.225"",""0.790"",""2.224"",""0.790"",""0.790"",""2.224"",""0.790"",""2.224"",""0.790"",""2.224"",""2.225"",""0.790"",""0.790"",""2.225"",""2.225"",""0.790"",""2.224"",""0.790"",""0.790"",""2.225"",""2.224"",""0.790"",""2.224"",""0.790"",""0.789"",""2.225"",""2.225"",""0.790"",""0.790"",""2.224"",""0.790"",""2.224"",""2.224"",""0.790"",""0.790"",""2.225"",""2.225""]","{""t01"":[],""t02"":[""t01""],""t03"":[""t01""],""t04"":[""t01""],""t05"":[""t02""],""t06"":[""t03"",""t04""],""t07"":[""t04""],""t08"":[""t04"",""t07""],""t09"":[""t05"",""t06"",""t07""],""t10"":[""t02"",""t05"",""t07""],""t11"":[""t08"",""t10""],""t12"":[""t01"",""t09"",""t10""],""t13"":[""t08""],""t14"":[""t11"",""t13""],""t15"":[""t11"",""t12""],""t16"":[""t12"",""t13""],""t17"":[""t10"",""t15""],""t18"":[""t14""],""t19"":[""t16""],""t20"":[""t03"",""t17"",""t19""],""t21"":[""t03"",""t15"",""t19""],""t22"":[""t10"",""t17"",""t18""],""t23"":[""t21""],""t24"":[""t20"",""t21"",""t22""],""t25"":[""t20"",""t21""],""t26"":[""t23"",""t24""],""t27"":[""t14"",""t21"",""t22"",""t23"",""t25""],""t28"":[""t26""],""t29"":[""t17"",""t26"",""t27""],""t30"":[""t24"",""t28""],""t31"":[""t11"",""t29""],""t32"":[""t16"",""t21"",""t30"",""t31""],""t33"":[""t30""],""t34"":[""t25"",""t32"",""t33""],""t35"":[""t33""],""t36"":[""t21"",""t32"",""t34"",""t35""],""t37"":[""t07"",""t13"",""t35""],""t38"":[""t02"",""t04"",""t32"",""t36"",""t37""],""t39"":[""t36""],""t40"":[""t39""],""t41"":[""t09"",""t38""],""t42"":[""t22"",""t37"",""t40"",""t41""],""t43"":[""t41""],""t44"":[""t07"",""t09"",""t31"",""t42"",""t43""],""t45"":[""t43""],""t46"":[""t44"",""t45""],""t47"":[""t21"",""t44""],""t48"":[""t44"",""t46"",""t47""],""t49"":[""t12"",""t21"",""t22"",""t45"",""t46""],""t50"":[""t24"",""t48""],""t51"":[""t07"",""t09"",""t48"",""t49""],""t52"":[""t18"",""t50""],""t53"":[""t13"",""t34"",""t36"",""t50"",""t51""],""t54"":[""t53""],""t55"":[""t52""],""t56"":[""t22"",""t26"",""t27"",""t44"",""t54""],""t57"":[""t14"",""t34"",""t49"",""t54"",""t55""],""t58"":[""t30"",""t36"",""t56""],""t59"":[""t38"",""t53"",""t57""],""t60"":[""t36"",""t59""],""t61"":[""t02"",""t11"",""t28"",""t39"",""t42"",""t56"",""t58"",""t59""],""t62"":[""t17"",""t60""],""t63"":[""t20"",""t23"",""t26"",""t60"",""t61""],""t64"":[""t07"",""t20"",""t27"",""t32"",""t62"",""t63""]}"
EXP-08,confirmatory,exp08_confirmatory_n64_mixed_homogeneous_07,n64_mixed_homogeneous,64,mixed,homogeneous,medium,7,0,4621967833882942143,0.453125,t01->t03->t06->t09->t13->t15->t19->t22->t25->t27->t29->t30->t33->t35->t36->t39->t40->t43->t45->t47->t48->t51->t53->t54->t56->t58->t60->t62->t64,348,55290,tied,0.3,0.7,"[""12"",""12"",""12"",""12"",""12"",""12"",""12"",""12"",""12"",""12"",""12"",""12"",""12"",""12"",""12"",""12"",""12"",""12"",""12"",""12"",""12"",""12"",""12"",""12"",""12"",""12"",""12"",""12"",""12"",""12"",""12"",""12"",""12"",""12"",""12"",""12"",""12"",""12"",""12"",""12"",""12"",""12"",""12"",""12"",""12"",""12"",""12"",""12"",""12"",""12"",""12"",""12"",""12"",""12"",""12"",""12"",""12"",""12"",""12"",""12"",""12"",""12"",""12"",""12""]","[""0.953"",""1.843"",""0.954"",""1.844"",""1.843"",""0.953"",""1.843"",""1.843"",""0.953"",""1.844"",""1.843"",""1.843"",""0.953"",""1.843"",""0.953"",""1.843"",""1.843"",""1.844"",""0.953"",""1.843"",""1.843"",""0.953"",""1.843"",""1.844"",""0.954"",""1.843"",""0.953"",""1.843"",""0.953"",""0.953"",""1.843"",""1.843"",""0.953"",""1.843"",""0.954"",""0.953"",""1.843"",""1.844"",""0.954"",""0.954"",""1.844"",""1.843"",""0.954"",""1.843"",""0.954"",""1.844"",""0.954"",""0.954"",""1.843"",""1.843"",""0.954"",""1.843"",""0.953"",""0.953"",""1.843"",""0.954"",""1.843"",""0.953"",""1.843"",""0.953"",""1.843"",""0.953"",""1.843"",""0.953""]","[""2.224"",""0.790"",""2.225"",""0.790"",""0.790"",""2.225"",""0.790"",""0.790"",""2.224"",""0.790"",""0.790"",""0.790"",""2.224"",""0.790"",""2.225"",""0.790"",""0.790"",""0.790"",""2.224"",""0.790"",""0.790"",""2.224"",""0.790"",""0.790"",""2.224"",""0.790"",""2.225"",""0.790"",""2.225"",""2.225"",""0.790"",""0.789"",""2.225"",""0.790"",""2.224"",""2.225"",""0.790"",""0.790"",""2.224"",""2.224"",""0.790"",""0.790"",""2.225"",""0.789"",""2.225"",""0.790"",""2.225"",""2.224"",""0.790"",""0.790"",""2.224"",""0.790"",""2.224"",""2.225"",""0.790"",""2.225"",""0.790"",""2.225"",""0.790"",""2.224"",""0.790"",""2.225"",""0.790"",""2.225""]","{""t01"":[],""t02"":[""t01""],""t03"":[""t01""],""t04"":[""t01""],""t05"":[""t02"",""t04""],""t06"":[""t03""],""t07"":[""t04""],""t08"":[""t05"",""t06""],""t09"":[""t06"",""t07""],""t10"":[""t07""],""t11"":[""t05"",""t08"",""t09""],""t12"":[""t10""],""t13"":[""t07"",""t09""],""t14"":[""t12"",""t13""],""t15"":[""t05"",""t11"",""t13""],""t16"":[""t13""],""t17"":[""t15"",""t16""],""t18"":[""t03"",""t14""],""t19"":[""t01"",""t15""],""t20"":[""t13"",""t19""],""t21"":[""t14"",""t17"",""t18""],""t22"":[""t19""],""t23"":[""t01"",""t18"",""t20""],""t24"":[""t21""],""t25"":[""t22""],""t26"":[""t06"",""t21"",""t23"",""t24""],""t27"":[""t10"",""t24"",""t25""],""t28"":[""t23"",""t26"",""t27""],""t29"":[""t05"",""t26"",""t27""],""t30"":[""t28"",""t29""],""t31"":[""t26"",""t28""],""t32"":[""t30"",""t31""],""t33"":[""t13"",""t14"",""t30""],""t34"":[""t16"",""t32"",""t33""],""t35"":[""t03"",""t08"",""t32"",""t33""],""t36"":[""t35""],""t37"":[""t08"",""t26"",""t34""],""t38"":[""t35"",""t36"",""t37""],""t39"":[""t11"",""t21"",""t32"",""t36""],""t40"":[""t22"",""t38"",""t39""],""t41"":[""t01"",""t36"",""t38"",""t39""],""t42"":[""t03"",""t15"",""t21"",""t25"",""t41""],""t43"":[""t04"",""t27"",""t40""],""t44"":[""t42"",""t43""],""t45"":[""t43""],""t46"":[""t12"",""t20"",""t44""],""t47"":[""t02"",""t03"",""t14"",""t34"",""t44"",""t45""],""t48"":[""t47""],""t49"":[""t17"",""t46"",""t47""],""t50"":[""t03"",""t13"",""t48"",""t49""],""t51"":[""t48""],""t52"":[""t15"",""t33"",""t48"",""t51""],""t53"":[""t30"",""t50"",""t51""],""t54"":[""t05"",""t28"",""t45"",""t53""],""t55"":[""t12"",""t52"",""t53""],""t56"":[""t33"",""t38"",""t41"",""t54"",""t55""],""t57"":[""t54""],""t58"":[""t25"",""t56"",""t57""],""t59"":[""t13"",""t14"",""t23"",""t43"",""t56""],""t60"":[""t19"",""t49"",""t54"",""t55"",""t58"",""t59""],""t61"":[""t29"",""t58""],""t62"":[""t12"",""t28"",""t60""],""t63"":[""t29"",""t30"",""t61""],""t64"":[""t28"",""t62"",""t63""]}"
EXP-08,confirmatory,exp08_confirmatory_n64_mixed_homogeneous_08,n64_mixed_homogeneous,64,mixed,homogeneous,medium,8,0,11919015890806457702,0.453125,t01->t03->t07->t10->t13->t15->t18->t21->t25->t26->t29->t31->t33->t34->t36->t38->t41->t43->t45->t47->t49->t50->t53->t55->t57->t59->t60->t63->t64,348,77270,tied,0.3,0.7,"[""12"",""12"",""12"",""12"",""12"",""12"",""12"",""12"",""12"",""12"",""12"",""12"",""12"",""12"",""12"",""12"",""12"",""12"",""12"",""12"",""12"",""12"",""12"",""12"",""12"",""12"",""12"",""12"",""12"",""12"",""12"",""12"",""12"",""12"",""12"",""12"",""12"",""12"",""12"",""12"",""12"",""12"",""12"",""12"",""12"",""12"",""12"",""12"",""12"",""12"",""12"",""12"",""12"",""12"",""12"",""12"",""12"",""12"",""12"",""12"",""12"",""12"",""12"",""12""]","[""0.953"",""1.843"",""0.953"",""1.843"",""1.843"",""1.844"",""0.953"",""1.843"",""1.844"",""0.954"",""1.843"",""1.843"",""0.953"",""1.843"",""0.954"",""1.843"",""1.844"",""0.954"",""1.844"",""1.843"",""0.953"",""1.843"",""1.844"",""1.843"",""0.954"",""0.953"",""1.843"",""1.843"",""0.953"",""1.843"",""0.953"",""1.843"",""0.953"",""0.953"",""1.843"",""0.954"",""1.843"",""0.954"",""1.843"",""1.843"",""0.953"",""1.843"",""0.953"",""1.843"",""0.954"",""1.844"",""0.954"",""1.843"",""0.953"",""0.953"",""1.843"",""1.843"",""0.953"",""1.844"",""0.953"",""1.843"",""0.953"",""1.843"",""0.954"",""0.954"",""1.843"",""1.843"",""0.954"",""0.953""]","[""2.224"",""0.790"",""2.224"",""0.790"",""0.790"",""0.790"",""2.224"",""0.790"",""0.790"",""2.225"",""0.790"",""0.790"",""2.225"",""0.790"",""2.224"",""0.790"",""0.789"",""2.225"",""0.790"",""0.790"",""2.225"",""0.789"",""0.790"",""0.790"",""2.224"",""2.224"",""0.790"",""0.790"",""2.225"",""0.790"",""2.225"",""0.790"",""2.225"",""2.225"",""0.790"",""2.225"",""0.790"",""2.224"",""0.790"",""0.790"",""2.224"",""0.790"",""2.224"",""0.790"",""2.225"",""0.790"",""2.225"",""0.790"",""2.225"",""2.225"",""0.790"",""0.790"",""2.224"",""0.790"",""2.225"",""0.790"",""2.224"",""0.790"",""2.225"",""2.224"",""0.790"",""0.790"",""2.224"",""2.225""]","{""t01"":[],""t02"":[""t01""],""t03"":[""t01""],""t04"":[""t01""],""t05"":[""t03""],""t06"":[""t04""],""t07"":[""t02"",""t03""],""t08"":[""t05""],""t09"":[""t06"",""t07""],""t10"":[""t07""],""t11"":[""t08"",""t10""],""t12"":[""t04"",""t08"",""t09""],""t13"":[""t08"",""t09"",""t10""],""t14"":[""t03"",""t05"",""t11"",""t13""],""t15"":[""t12"",""t13""],""t16"":[""t12""],""t17"":[""t06"",""t15""],""t18"":[""t14"",""t15""],""t19"":[""t07"",""t15"",""t16""],""t20"":[""t18""],""t21"":[""t12"",""t17"",""t18"",""t19""],""t22"":[""t02"",""t17""],""t23"":[""t01"",""t15"",""t21"",""t22""],""t24"":[""t02"",""t22""],""t25"":[""t20"",""t21""],""t26"":[""t21"",""t24"",""t25""],""t27"":[""t03"",""t05"",""t18"",""t23""],""t28"":[""t13"",""t27""],""t29"":[""t17"",""t24"",""t26"",""t27""],""t30"":[""t12"",""t28"",""t29""],""t31"":[""t24"",""t29""],""t32"":[""t07"",""t27"",""t31""],""t33"":[""t28"",""t30"",""t31""],""t34"":[""t28"",""t33""],""t35"":[""t29"",""t32""],""t36"":[""t17"",""t33"",""t34""],""t37"":[""t28"",""t34"",""t35""],""t38"":[""t11"",""t36"",""t37""],""t39"":[""t36""],""t40"":[""t34"",""t39""],""t41"":[""t13"",""t38""],""t42"":[""t06"",""t40"",""t41""],""t43"":[""t38"",""t41""],""t44"":[""t05"",""t26"",""t31"",""t43""],""t45"":[""t42"",""t43""],""t46"":[""t23"",""t29"",""t38"",""t44""],""t47"":[""t01"",""t09"",""t37"",""t44"",""t45""],""t48"":[""t25"",""t42"",""t46""],""t49"":[""t19"",""t47""],""t50"":[""t14"",""t34"",""t48"",""t49""],""t51"":[""t39"",""t48""],""t52"":[""t18"",""t41"",""t50""],""t53"":[""t02"",""t06"",""t20"",""t25"",""t37"",""t44"",""t48"",""t50"",""t51""],""t54"":[""t07"",""t43"",""t52"",""t53""],""t55"":[""t53""],""t56"":[""t28"",""t54""],""t57"":[""t41"",""t54"",""t55""],""t58"":[""t04"",""t27"",""t56"",""t57""],""t59"":[""t12"",""t43"",""t48"",""t57""],""t60"":[""t26"",""t52"",""t58"",""t59""],""t61"":[""t06"",""t14"",""t46"",""t57"",""t58""],""t62"":[""t25"",""t39"",""t60"",""t61""],""t63"":[""t28"",""t35"",""t60""],""t64"":[""t23"",""t32"",""t57"",""t58"",""t62"",""t63""]}"
EXP-08,confirmatory,exp08_confirmatory_n64_mixed_homogeneous_09,n64_mixed_homogeneous,64,mixed,homogeneous,medium,9,0,3457822147225804564,0.453125,t01->t02->t06->t09->t12->t15->t19->t22->t23->t27->t29->t31->t33->t35->t36->t38->t40->t42->t45->t47->t49->t50->t52->t54->t57->t59->t61->t62->t64,348,7259,tied,0.3,0.7,"[""12"",""12"",""12"",""12"",""12"",""12"",""12"",""12"",""12"",""12"",""12"",""12"",""12"",""12"",""12"",""12"",""12"",""12"",""12"",""12"",""12"",""12"",""12"",""12"",""12"",""12"",""12"",""12"",""12"",""12"",""12"",""12"",""12"",""12"",""12"",""12"",""12"",""12"",""12"",""12"",""12"",""12"",""12"",""12"",""12"",""12"",""12"",""12"",""12"",""12"",""12"",""12"",""12"",""12"",""12"",""12"",""12"",""12"",""12"",""12"",""12"",""12"",""12"",""12""]","[""0.954"",""0.953"",""1.843"",""1.844"",""1.843"",""0.953"",""1.843"",""1.843"",""0.953"",""1.844"",""1.843"",""0.953"",""1.843"",""1.843"",""0.953"",""1.843"",""1.843"",""1.843"",""0.954"",""1.843"",""1.844"",""0.953"",""0.953"",""1.843"",""1.843"",""1.844"",""0.953"",""1.843"",""0.953"",""1.844"",""0.953"",""1.844"",""0.953"",""1.843"",""0.954"",""0.953"",""1.843"",""0.954"",""1.843"",""0.953"",""1.843"",""0.954"",""1.844"",""1.843"",""0.953"",""1.843"",""0.954"",""1.843"",""0.953"",""0.954"",""1.843"",""0.953"",""1.843"",""0.954"",""1.843"",""1.843"",""0.954"",""1.843"",""0.953"",""1.843"",""0.953"",""0.954"",""1.843"",""0.954""]","[""2.225"",""2.224"",""0.790"",""0.790"",""0.790"",""2.224"",""0.790"",""0.790"",""2.224"",""0.790"",""0.790"",""2.224"",""0.790"",""0.790"",""2.225"",""0.790"",""0.789"",""0.790"",""2.225"",""0.790"",""0.790"",""2.225"",""2.225"",""0.790"",""0.790"",""0.790"",""2.224"",""0.790"",""2.225"",""0.790"",""2.224"",""0.790"",""2.225"",""0.790"",""2.224"",""2.225"",""0.790"",""2.224"",""0.790"",""2.225"",""0.790"",""2.224"",""0.790"",""0.790"",""2.225"",""0.790"",""2.225"",""0.790"",""2.225"",""2.224"",""0.790"",""2.224"",""0.790"",""2.225"",""0.790"",""0.789"",""2.225"",""0.790"",""2.224"",""0.790"",""2.224"",""2.225"",""0.790"",""2.225""]","{""t01"":[],""t02"":[""t01""],""t03"":[""t01""],""t04"":[""t01""],""t05"":[""t02"",""t03""],""t06"":[""t02"",""t03""],""t07"":[""t04""],""t08"":[""t05""],""t09"":[""t06"",""t07""],""t10"":[""t03"",""t07""],""t11"":[""t09"",""t10""],""t12"":[""t09""],""t13"":[""t08"",""t10""],""t14"":[""t04"",""t05"",""t11"",""t13""],""t15"":[""t12""],""t16"":[""t04"",""t11"",""t13""],""t17"":[""t15"",""t16""],""t18"":[""t14""],""t19"":[""t15""],""t20"":[""t14"",""t17"",""t18"",""t19""],""t21"":[""t07"",""t17""],""t22"":[""t19""],""t23"":[""t20"",""t22""],""t24"":[""t18"",""t20"",""t21""],""t25"":[""t10"",""t21"",""t22""],""t26"":[""t15"",""t22"",""t24"",""t25""],""t27"":[""t23""],""t28"":[""t02"",""t12"",""t26"",""t27""],""t29"":[""t04"",""t25"",""t27""],""t30"":[""t28""],""t31"":[""t02"",""t16"",""t28"",""t29""],""t32"":[""t04"",""t30""],""t33"":[""t01"",""t06"",""t31""],""t34"":[""t10"",""t11"",""t32""],""t35"":[""t06"",""t31"",""t33""],""t36"":[""t01"",""t03"",""t17"",""t34"",""t35""],""t37"":[""t34""],""t38"":[""t10"",""t36""],""t39"":[""t22"",""t27"",""t31"",""t37""],""t40"":[""t38""],""t41"":[""t38"",""t39""],""t42"":[""t24"",""t32"",""t40""],""t43"":[""t10"",""t27"",""t33"",""t40"",""t41""],""t44"":[""t09"",""t43""],""t45"":[""t02"",""t11"",""t22"",""t42""],""t46"":[""t02"",""t18"",""t19"",""t25"",""t38"",""t44"",""t45""],""t47"":[""t25"",""t45""],""t48"":[""t14"",""t38"",""t46"",""t47""],""t49"":[""t47""],""t50"":[""t23"",""t40"",""t49""],""t51"":[""t22"",""t48""],""t52"":[""t24"",""t45"",""t50""],""t53"":[""t09"",""t14"",""t45"",""t51""],""t54"":[""t52"",""t53""],""t55"":[""t10"",""t32"",""t45"",""t53""],""t56"":[""t17"",""t54"",""t55""],""t57"":[""t13"",""t33"",""t54""],""t58"":[""t25"",""t46"",""t56"",""t57""],""t59"":[""t20"",""t57""],""t60"":[""t37"",""t40"",""t59""],""t61"":[""t33"",""t58"",""t59""],""t62"":[""t34"",""t61""],""t63"":[""t04"",""t26"",""t38"",""t52"",""t60"",""t61""],""t64"":[""t03"",""t23"",""t42"",""t57"",""t62"",""t63""]}"
EXP-08,confirmatory,exp08_confirmatory_n64_mixed_homogeneous_10,n64_mixed_homogeneous,64,mixed,homogeneous,medium,10,0,5818923674398520723,0.453125,t01->t03->t05->t10->t11->t15->t19->t21->t23->t27->t29->t30->t33->t35->t37->t39->t40->t43->t45->t46->t48->t50->t53->t55->t57->t58->t61->t62->t64,348,7494,tied,0.3,0.7,"[""12"",""12"",""12"",""12"",""12"",""12"",""12"",""12"",""12"",""12"",""12"",""12"",""12"",""12"",""12"",""12"",""12"",""12"",""12"",""12"",""12"",""12"",""12"",""12"",""12"",""12"",""12"",""12"",""12"",""12"",""12"",""12"",""12"",""12"",""12"",""12"",""12"",""12"",""12"",""12"",""12"",""12"",""12"",""12"",""12"",""12"",""12"",""12"",""12"",""12"",""12"",""12"",""12"",""12"",""12"",""12"",""12"",""12"",""12"",""12"",""12"",""12"",""12"",""12""]","[""0.953"",""1.843"",""0.954"",""1.843"",""0.953"",""1.843"",""1.843"",""1.843"",""1.843"",""0.953"",""0.953"",""1.843"",""1.843"",""1.844"",""0.953"",""1.843"",""1.844"",""1.843"",""0.953"",""1.844"",""0.953"",""1.843"",""0.953"",""1.843"",""1.843"",""1.843"",""0.953"",""1.843"",""0.953"",""0.953"",""1.843"",""1.843"",""0.954"",""1.844"",""0.953"",""1.843"",""0.954"",""1.843"",""0.954"",""0.954"",""1.844"",""1.843"",""0.954"",""1.843"",""0.953"",""0.953"",""1.843"",""0.954"",""1.843"",""0.954"",""1.844"",""1.844"",""0.953"",""1.843"",""0.954"",""1.843"",""0.953"",""0.953"",""1.843"",""1.843"",""0.953"",""0.954"",""1.843"",""0.954""]","[""2.224"",""0.790"",""2.225"",""0.790"",""2.225"",""0.790"",""0.790"",""0.790"",""0.790"",""2.224"",""2.224"",""0.790"",""0.790"",""0.790"",""2.225"",""0.790"",""0.789"",""0.790"",""2.225"",""0.790"",""2.225"",""0.790"",""2.224"",""0.790"",""0.790"",""0.790"",""2.225"",""0.790"",""2.224"",""2.224"",""0.790"",""0.789"",""2.224"",""0.790"",""2.224"",""0.790"",""2.224"",""0.790"",""2.225"",""2.225"",""0.790"",""0.790"",""2.225"",""0.790"",""2.224"",""2.225"",""0.790"",""2.225"",""0.790"",""2.225"",""0.790"",""0.790"",""2.225"",""0.790"",""2.224"",""0.790"",""2.224"",""2.225"",""0.790"",""0.790"",""2.225"",""2.224"",""0.790"",""2.225""]","{""t01"":[],""t02"":[""t01""],""t03"":[""t01""],""t04"":[""t01""],""t05"":[""t03""],""t06"":[""t03"",""t04""],""t07"":[""t02"",""t03""],""t08"":[""t05"",""t06""],""t09"":[""t04"",""t07""],""t10"":[""t05""],""t11"":[""t10""],""t12"":[""t08"",""t10""],""t13"":[""t09"",""t10""],""t14"":[""t01"",""t11""],""t15"":[""t11"",""t13""],""t16"":[""t06"",""t11"",""t12""],""t17"":[""t15""],""t18"":[""t03"",""t14"",""t15"",""t16""],""t19"":[""t14"",""t15"",""t16""],""t20"":[""t09"",""t19""],""t21"":[""t02"",""t19""],""t22"":[""t17"",""t18"",""t19""],""t23"":[""t04"",""t20"",""t21""],""t24"":[""t07"",""t13"",""t20""],""t25"":[""t17"",""t20"",""t22""],""t26"":[""t24"",""t25""],""t27"":[""t02"",""t23"",""t24""],""t28"":[""t26""],""t29"":[""t21"",""t26"",""t27""],""t30"":[""t02"",""t08"",""t29""],""t31"":[""t03"",""t22"",""t28"",""t29""],""t32"":[""t01"",""t27"",""t31""],""t33"":[""t18"",""t22"",""t30""],""t34"":[""t14"",""t32"",""t33""],""t35"":[""t33""],""t36"":[""t21"",""t34""],""t37"":[""t20"",""t35""],""t38"":[""t20"",""t27"",""t31"",""t37""],""t39"":[""t19"",""t29"",""t36"",""t37""],""t40"":[""t20"",""t23"",""t39""],""t41"":[""t38""],""t42"":[""t14"",""t16"",""t29"",""t41""],""t43"":[""t40""],""t44"":[""t01"",""t21"",""t26"",""t30"",""t42""],""t45"":[""t06"",""t23"",""t37"",""t43""],""t46"":[""t45""],""t47"":[""t12"",""t44""],""t48"":[""t34"",""t37"",""t38"",""t46""],""t49"":[""t08"",""t46"",""t47""],""t50"":[""t12"",""t15"",""t48""],""t51"":[""t49""],""t52"":[""t51""],""t53"":[""t14"",""t48"",""t50"",""t51""],""t54"":[""t03"",""t06"",""t35"",""t52""],""t55"":[""t44"",""t53""],""t56"":[""t07"",""t09"",""t55""],""t57"":[""t54"",""t55""],""t58"":[""t28"",""t56"",""t57""],""t59"":[""t03"",""t15"",""t41"",""t57""],""t60"":[""t56"",""t58"",""t59""],""t61"":[""t25"",""t58"",""t59""],""t62"":[""t13"",""t30"",""t59"",""t61""],""t63"":[""t24"",""t60"",""t61""],""t64"":[""t62"",""t63""]}"
EXP-08,confirmatory,exp08_confirmatory_n64_mixed_homogeneous_11,n64_mixed_homogeneous,64,mixed,homogeneous,medium,11,0,16729593743616101486,0.453125,t01->t02->t07->t08->t12->t15->t19->t22->t24->t26->t28->t30->t33->t34->t37->t39->t40->t42->t44->t47->t49->t50->t53->t54->t57->t59->t61->t63->t64,348,4306,tied,0.3,0.7,"[""12"",""12"",""12"",""12"",""12"",""12"",""12"",""12"",""12"",""12"",""12"",""12"",""12"",""12"",""12"",""12"",""12"",""12"",""12"",""12"",""12"",""12"",""12"",""12"",""12"",""12"",""12"",""12"",""12"",""12"",""12"",""12"",""12"",""12"",""12"",""12"",""12"",""12"",""12"",""12"",""12"",""12"",""12"",""12"",""12"",""12"",""12"",""12"",""12"",""12"",""12"",""12"",""12"",""12"",""12"",""12"",""12"",""12"",""12"",""12"",""12"",""12"",""12"",""12""]","[""0.953"",""0.954"",""1.844"",""1.843"",""1.843"",""1.843"",""0.954"",""0.953"",""1.843"",""1.843"",""1.843"",""0.954"",""1.843"",""1.843"",""0.953"",""1.843"",""1.843"",""1.843"",""0.954"",""1.844"",""1.843"",""0.953"",""1.843"",""0.953"",""1.843"",""0.953"",""1.843"",""0.953"",""1.843"",""0.953"",""1.843"",""1.844"",""0.953"",""0.953"",""1.843"",""1.843"",""0.953"",""1.844"",""0.954"",""0.953"",""1.843"",""0.953"",""1.843"",""0.953"",""1.844"",""1.843"",""0.954"",""1.844"",""0.953"",""0.954"",""1.843"",""1.843"",""0.954"",""0.953"",""1.843"",""1.843"",""0.954"",""1.843"",""0.953"",""1.844"",""0.953"",""1.843"",""0.954"",""0.954""]","[""2.225"",""2.224"",""0.790"",""0.790"",""0.790"",""0.790"",""2.225"",""2.225"",""0.790"",""0.790"",""0.790"",""2.224"",""0.790"",""0.790"",""2.224"",""0.790"",""0.790"",""0.790"",""2.224"",""0.790"",""0.790"",""2.225"",""0.790"",""2.225"",""0.790"",""2.225"",""0.790"",""2.224"",""0.790"",""2.225"",""0.789"",""0.790"",""2.224"",""2.224"",""0.790"",""0.790"",""2.225"",""0.790"",""2.225"",""2.225"",""0.790"",""2.225"",""0.789"",""2.225"",""0.790"",""0.790"",""2.224"",""0.790"",""2.224"",""2.224"",""0.790"",""0.790"",""2.224"",""2.224"",""0.790"",""0.790"",""2.225"",""0.790"",""2.225"",""0.790"",""2.225"",""0.790"",""2.224"",""2.225""]","{""t01"":[],""t02"":[""t01""],""t03"":[""t01""],""t04"":[""t01""],""t05"":[""t04""],""t06"":[""t02""],""t07"":[""t02"",""t03""],""t08"":[""t07""],""t09"":[""t06"",""t07""],""t10"":[""t05"",""t07""],""t11"":[""t09"",""t10""],""t12"":[""t08"",""t10""],""t13"":[""t09""],""t14"":[""t11"",""t12"",""t13""],""t15"":[""t07"",""t12""],""t16"":[""t01"",""t12""],""t17"":[""t14"",""t15"",""t16""],""t18"":[""t02"",""t15""],""t19"":[""t06"",""t10"",""t13"",""t15""],""t20"":[""t18"",""t19""],""t21"":[""t06"",""t17"",""t19""],""t22"":[""t16"",""t19""],""t23"":[""t02"",""t05"",""t20"",""t21"",""t22""],""t24"":[""t01"",""t22""],""t25"":[""t06"",""t21"",""t22""],""t26"":[""t21"",""t23"",""t24"",""t25""],""t27"":[""t02"",""t14"",""t25""],""t28"":[""t07"",""t23"",""t26"",""t27""],""t29"":[""t16"",""t26""],""t30"":[""t11"",""t28""],""t31"":[""t16"",""t25"",""t29""],""t32"":[""t21"",""t30"",""t31""],""t33"":[""t03"",""t30""],""t34"":[""t06"",""t33""],""t35"":[""t04"",""t32"",""t33""],""t36"":[""t20"",""t35""],""t37"":[""t10"",""t23"",""t34""],""t38"":[""t36""],""t39"":[""t12"",""t36"",""t37""],""t40"":[""t03"",""t04"",""t16"",""t29"",""t30"",""t39""],""t41"":[""t38""],""t42"":[""t29"",""t40""],""t43"":[""t02"",""t40"",""t41""],""t44"":[""t02"",""t42""],""t45"":[""t03"",""t17"",""t18"",""t23"",""t43""],""t46"":[""t36"",""t45""],""t47"":[""t44"",""t45""],""t48"":[""t35"",""t46"",""t47""],""t49"":[""t12"",""t42"",""t45"",""t47""],""t50"":[""t08"",""t24"",""t49""],""t51"":[""t09"",""t12"",""t44"",""t48""],""t52"":[""t51""],""t53"":[""t04"",""t24"",""t36"",""t50""],""t54"":[""t16"",""t18"",""t53""],""t55"":[""t52""],""t56"":[""t24"",""t55""],""t57"":[""t36"",""t41"",""t45"",""t54""],""t58"":[""t06"",""t56""],""t59"":[""t06"",""t57""],""t60"":[""t07"",""t58""],""t61"":[""t52"",""t59""],""t62"":[""t27"",""t41"",""t53"",""t59"",""t61""],""t63"":[""t46"",""t58"",""t60"",""t61""],""t64"":[""t10"",""t62"",""t63""]}"
EXP-08,confirmatory,exp08_confirmatory_n64_mixed_homogeneous_12,n64_mixed_homogeneous,64,mixed,homogeneous,medium,12,0,95283774374679653,0.453125,t01->t03->t06->t09->t11->t15->t18->t22->t25->t27->t29->t30->t33->t35->t37->t39->t40->t42->t44->t47->t49->t50->t52->t54->t57->t59->t60->t62->t64,348,64545,tied,0.3,0.7,"[""12"",""12"",""12"",""12"",""12"",""12"",""12"",""12"",""12"",""12"",""12"",""12"",""12"",""12"",""12"",""12"",""12"",""12"",""12"",""12"",""12"",""12"",""12"",""12"",""12"",""12"",""12"",""12"",""12"",""12"",""12"",""12"",""12"",""12"",""12"",""12"",""12"",""12"",""12"",""12"",""12"",""12"",""12"",""12"",""12"",""12"",""12"",""12"",""12"",""12"",""12"",""12"",""12"",""12"",""12"",""12"",""12"",""12"",""12"",""12"",""12"",""12"",""12"",""12""]","[""0.954"",""1.844"",""0.953"",""1.843"",""1.843"",""0.954"",""1.843"",""1.843"",""0.953"",""1.843"",""0.954"",""1.843"",""1.843"",""1.844"",""0.953"",""1.843"",""1.843"",""0.954"",""1.843"",""1.843"",""1.844"",""0.953"",""1.843"",""1.844"",""0.954"",""1.843"",""0.953"",""1.843"",""0.953"",""0.953"",""1.843"",""1.844"",""0.953"",""1.844"",""0.953"",""1.843"",""0.954"",""1.843"",""0.953"",""0.954"",""1.843"",""0.953"",""1.843"",""0.953"",""1.843"",""1.843"",""0.953"",""1.843"",""0.954"",""0.953"",""1.844"",""0.954"",""1.843"",""0.954"",""1.843"",""1.843"",""0.953"",""1.843"",""0.953"",""0.953"",""1.843"",""0.953"",""1.843"",""0.954""]","[""2.224"",""0.790"",""2.225"",""0.789"",""0.790"",""2.225"",""0.789"",""0.790"",""2.224"",""0.790"",""2.224"",""0.790"",""0.790"",""0.790"",""2.225"",""0.790"",""0.790"",""2.224"",""0.790"",""0.790"",""0.790"",""2.225"",""0.790"",""0.790"",""2.224"",""0.790"",""2.225"",""0.790"",""2.225"",""2.224"",""0.790"",""0.790"",""2.225"",""0.790"",""2.225"",""0.790"",""2.224"",""0.790"",""2.225"",""2.224"",""0.790"",""2.225"",""0.790"",""2.225"",""0.790"",""0.790"",""2.225"",""0.790"",""2.224"",""2.224"",""0.790"",""2.225"",""0.790"",""2.224"",""0.790"",""0.790"",""2.224"",""0.790"",""2.225"",""2.225"",""0.790"",""2.224"",""0.790"",""2.225""]","{""t01"":[],""t02"":[""t01""],""t03"":[""t01""],""t04"":[""t01""],""t05"":[""t03""],""t06"":[""t03""],""t07"":[""t02"",""t03"",""t04""],""t08"":[""t05"",""t07""],""t09"":[""t06""],""t10"":[""t06"",""t07""],""t11"":[""t08"",""t09"",""t10""],""t12"":[""t09""],""t13"":[""t08"",""t10""],""t14"":[""t12""],""t15"":[""t11""],""t16"":[""t11"",""t12"",""t13""],""t17"":[""t09"",""t16""],""t18"":[""t10"",""t14"",""t15""],""t19"":[""t11"",""t14"",""t16""],""t20"":[""t15"",""t17"",""t18""],""t21"":[""t17"",""t19""],""t22"":[""t01"",""t03"",""t18""],""t23"":[""t21""],""t24"":[""t07"",""t09"",""t20"",""t22""],""t25"":[""t22""],""t26"":[""t16"",""t23"",""t24"",""t25""],""t27"":[""t14"",""t25""],""t28"":[""t21"",""t22"",""t23"",""t26"",""t27""],""t29"":[""t18"",""t27""],""t30"":[""t28"",""t29""],""t31"":[""t29""],""t32"":[""t30""],""t33"":[""t19"",""t30"",""t31""],""t34"":[""t26"",""t33""],""t35"":[""t22"",""t32"",""t33""],""t36"":[""t29"",""t32"",""t34"",""t35""],""t37"":[""t35""],""t38"":[""t03"",""t09"",""t22"",""t36""],""t39"":[""t03"",""t12"",""t37""],""t40"":[""t13"",""t38"",""t39""],""t41"":[""t36"",""t38""],""t42"":[""t14"",""t26"",""t40"",""t41""],""t43"":[""t23"",""t30"",""t31"",""t37"",""t40""],""t44"":[""t42"",""t43""],""t45"":[""t04"",""t20"",""t33"",""t43""],""t46"":[""t30"",""t41"",""t45""],""t47"":[""t33"",""t44"",""t45""],""t48"":[""t14"",""t16"",""t46""],""t49"":[""t17"",""t47""],""t50"":[""t16"",""t19"",""t32"",""t49""],""t51"":[""t13"",""t17"",""t18"",""t33"",""t48"",""t49""],""t52"":[""t35"",""t50"",""t51""],""t53"":[""t24"",""t51""],""t54"":[""t52"",""t53""],""t55"":[""t21"",""t31"",""t38"",""t53""],""t56"":[""t49"",""t54"",""t55""],""t57"":[""t31"",""t54""],""t58"":[""t06"",""t57""],""t59"":[""t32"",""t40"",""t56"",""t57""],""t60"":[""t48"",""t58"",""t59""],""t61"":[""t38"",""t59""],""t62"":[""t31"",""t60""],""t63"":[""t60"",""t61""],""t64"":[""t34"",""t62"",""t63""]}"
EXP-08,confirmatory,exp08_confirmatory_n64_mixed_homogeneous_13,n64_mixed_homogeneous,64,mixed,homogeneous,medium,13,0,4255084792161864223,0.453125,t01->t02->t05->t08->t13->t16->t19->t21->t24->t26->t28->t31->t33->t35->t37->t39->t40->t43->t44->t46->t48->t51->t53->t55->t56->t59->t60->t63->t64,348,18006,tied,0.3,0.7,"[""12"",""12"",""12"",""12"",""12"",""12"",""12"",""12"",""12"",""12"",""12"",""12"",""12"",""12"",""12"",""12"",""12"",""12"",""12"",""12"",""12"",""12"",""12"",""12"",""12"",""12"",""12"",""12"",""12"",""12"",""12"",""12"",""12"",""12"",""12"",""12"",""12"",""12"",""12"",""12"",""12"",""12"",""12"",""12"",""12"",""12"",""12"",""12"",""12"",""12"",""12"",""12"",""12"",""12"",""12"",""12"",""12"",""12"",""12"",""12"",""12"",""12"",""12"",""12""]","[""0.954"",""0.954"",""1.844"",""1.843"",""0.953"",""1.844"",""1.844"",""0.953"",""1.843"",""1.844"",""1.843"",""1.843"",""0.953"",""1.843"",""1.843"",""0.954"",""1.844"",""1.843"",""0.953"",""1.843"",""0.953"",""1.843"",""1.843"",""0.953"",""1.843"",""0.953"",""1.843"",""0.954"",""1.843"",""1.843"",""0.953"",""1.843"",""0.953"",""1.843"",""0.954"",""1.843"",""0.953"",""1.843"",""0.953"",""0.954"",""1.843"",""1.843"",""0.953"",""0.954"",""1.843"",""0.953"",""1.843"",""0.953"",""1.843"",""1.843"",""0.953"",""1.843"",""0.953"",""1.843"",""0.953"",""0.954"",""1.844"",""1.843"",""0.954"",""0.953"",""1.844"",""1.843"",""0.954"",""0.954""]","[""2.225"",""2.224"",""0.790"",""0.790"",""2.224"",""0.790"",""0.790"",""2.225"",""0.790"",""0.790"",""0.790"",""0.790"",""2.224"",""0.790"",""0.790"",""2.225"",""0.790"",""0.790"",""2.225"",""0.790"",""2.224"",""0.790"",""0.790"",""2.225"",""0.790"",""2.225"",""0.790"",""2.225"",""0.790"",""0.790"",""2.225"",""0.790"",""2.225"",""0.790"",""2.224"",""0.790"",""2.225"",""0.790"",""2.225"",""2.224"",""0.790"",""0.790"",""2.224"",""2.224"",""0.790"",""2.224"",""0.789"",""2.224"",""0.790"",""0.790"",""2.224"",""0.790"",""2.225"",""0.790"",""2.224"",""2.225"",""0.790"",""0.790"",""2.225"",""2.225"",""0.789"",""0.790"",""2.225"",""2.224""]","{""t01"":[],""t02"":[""t01""],""t03"":[""t01""],""t04"":[""t01""],""t05"":[""t02"",""t03"",""t04""],""t06"":[""t02"",""t03""],""t07"":[""t03""],""t08"":[""t05""],""t09"":[""t06"",""t07""],""t10"":[""t05""],""t11"":[""t08""],""t12"":[""t08"",""t09"",""t10""],""t13"":[""t08""],""t14"":[""t09"",""t12""],""t15"":[""t11""],""t16"":[""t12"",""t13""],""t17"":[""t11"",""t14"",""t16""],""t18"":[""t14"",""t16""],""t19"":[""t01"",""t08"",""t14"",""t15"",""t16""],""t20"":[""t18""],""t21"":[""t19""],""t22"":[""t01"",""t03"",""t05"",""t17"",""t18""],""t23"":[""t21"",""t22""],""t24"":[""t04"",""t11"",""t20"",""t21""],""t25"":[""t20"",""t22""],""t26"":[""t21"",""t24""],""t27"":[""t23"",""t25""],""t28"":[""t09"",""t26""],""t29"":[""t15"",""t26"",""t27""],""t30"":[""t09"",""t29""],""t31"":[""t16"",""t20"",""t28"",""t29""],""t32"":[""t31""],""t33"":[""t20"",""t27"",""t30"",""t31""],""t34"":[""t14"",""t33""],""t35"":[""t30"",""t32"",""t33""],""t36"":[""t03"",""t34"",""t35""],""t37"":[""t03"",""t28"",""t35""],""t38"":[""t29"",""t36""],""t39"":[""t22"",""t37""],""t40"":[""t32"",""t38"",""t39""],""t41"":[""t03"",""t07"",""t18"",""t34"",""t39""],""t42"":[""t40"",""t41""],""t43"":[""t19"",""t40""],""t44"":[""t09"",""t43""],""t45"":[""t06"",""t42""],""t46"":[""t44""],""t47"":[""t18"",""t36"",""t44"",""t45""],""t48"":[""t09"",""t35"",""t46""],""t49"":[""t29"",""t47""],""t50"":[""t06"",""t23"",""t44"",""t45"",""t49""],""t51"":[""t21"",""t37"",""t48""],""t52"":[""t27"",""t44"",""t50""],""t53"":[""t08"",""t30"",""t47"",""t51""],""t54"":[""t11"",""t12"",""t13"",""t34"",""t39"",""t49"",""t52""],""t55"":[""t17"",""t28"",""t31"",""t53""],""t56"":[""t52"",""t54"",""t55""],""t57"":[""t24"",""t55""],""t58"":[""t01"",""t08"",""t56""],""t59"":[""t07"",""t28"",""t35"",""t44"",""t56"",""t57""],""t60"":[""t22"",""t34"",""t45"",""t58"",""t59""],""t61"":[""t07"",""t48"",""t57"",""t58""],""t62"":[""t07"",""t26"",""t61""],""t63"":[""t03"",""t26"",""t60""],""t64"":[""t03"",""t07"",""t55"",""t60"",""t62"",""t63""]}"
EXP-08,confirmatory,exp08_confirmatory_n64_mixed_homogeneous_14,n64_mixed_homogeneous,64,mixed,homogeneous,medium,14,0,96510072971134384,0.453125,t01->t04->t07->t09->t12->t14->t17->t21->t24->t27->t28->t30->t32->t35->t37->t38->t41->t43->t44->t46->t48->t50->t52->t55->t56->t59->t61->t63->t64,348,19584,tied,0.3,0.7,"[""12"",""12"",""12"",""12"",""12"",""12"",""12"",""12"",""12"",""12"",""12"",""12"",""12"",""12"",""12"",""12"",""12"",""12"",""12"",""12"",""12"",""12"",""12"",""12"",""12"",""12"",""12"",""12"",""12"",""12"",""12"",""12"",""12"",""12"",""12"",""12"",""12"",""12"",""12"",""12"",""12"",""12"",""12"",""12"",""12"",""12"",""12"",""12"",""12"",""12"",""12"",""12"",""12"",""12"",""12"",""12"",""12"",""12"",""12"",""12"",""12"",""12"",""12"",""12""]","[""0.954"",""1.844"",""1.843"",""0.953"",""1.843"",""1.843"",""0.954"",""1.843"",""0.954"",""1.843"",""1.844"",""0.954"",""1.844"",""0.954"",""1.843"",""1.844"",""0.954"",""1.843"",""1.843"",""1.843"",""0.953"",""1.843"",""1.843"",""0.953"",""1.843"",""1.844"",""0.953"",""0.954"",""1.843"",""0.953"",""1.843"",""0.954"",""1.843"",""1.843"",""0.953"",""1.843"",""0.953"",""0.954"",""1.843"",""1.843"",""0.953"",""1.843"",""0.953"",""0.953"",""1.843"",""0.954"",""1.843"",""0.953"",""1.843"",""0.953"",""1.843"",""0.953"",""1.843"",""1.843"",""0.953"",""0.953"",""1.844"",""1.843"",""0.953"",""1.844"",""0.953"",""1.843"",""0.954"",""0.953""]","[""2.224"",""0.790"",""0.790"",""2.225"",""0.790"",""0.790"",""2.225"",""0.790"",""2.225"",""0.790"",""0.790"",""2.224"",""0.790"",""2.224"",""0.790"",""0.790"",""2.225"",""0.790"",""0.790"",""0.790"",""2.225"",""0.790"",""0.789"",""2.225"",""0.790"",""0.790"",""2.225"",""2.225"",""0.790"",""2.224"",""0.790"",""2.224"",""0.790"",""0.790"",""2.224"",""0.790"",""2.225"",""2.224"",""0.789"",""0.790"",""2.224"",""0.790"",""2.225"",""2.224"",""0.790"",""2.225"",""0.790"",""2.225"",""0.790"",""2.225"",""0.790"",""2.225"",""0.790"",""0.790"",""2.225"",""2.224"",""0.790"",""0.790"",""2.224"",""0.790"",""2.225"",""0.790"",""2.224"",""2.224""]","{""t01"":[],""t02"":[""t01""],""t03"":[""t01""],""t04"":[""t01""],""t05"":[""t04""],""t06"":[""t01"",""t02"",""t03""],""t07"":[""t02"",""t04""],""t08"":[""t05""],""t09"":[""t05"",""t07""],""t10"":[""t06"",""t07""],""t11"":[""t09"",""t10""],""t12"":[""t08"",""t09"",""t10""],""t13"":[""t08""],""t14"":[""t12"",""t13""],""t15"":[""t11""],""t16"":[""t06"",""t12""],""t17"":[""t14""],""t18"":[""t15"",""t16""],""t19"":[""t14""],""t20"":[""t15"",""t17"",""t18""],""t21"":[""t01"",""t14"",""t17"",""t18""],""t22"":[""t17"",""t19""],""t23"":[""t09"",""t21""],""t24"":[""t20"",""t21"",""t22""],""t25"":[""t21""],""t26"":[""t17"",""t25""],""t27"":[""t17"",""t23"",""t24""],""t28"":[""t07"",""t08"",""t19"",""t27""],""t29"":[""t26"",""t27""],""t30"":[""t03"",""t15"",""t28""],""t31"":[""t20"",""t28"",""t29""],""t32"":[""t25"",""t27"",""t30"",""t31""],""t33"":[""t22"",""t30""],""t34"":[""t32"",""t33""],""t35"":[""t32"",""t33""],""t36"":[""t29"",""t34"",""t35""],""t37"":[""t05"",""t18"",""t27"",""t33"",""t35""],""t38"":[""t36"",""t37""],""t39"":[""t29"",""t36""],""t40"":[""t36"",""t38""],""t41"":[""t14"",""t27"",""t38"",""t39""],""t42"":[""t20"",""t35"",""t40"",""t41""],""t43"":[""t41""],""t44"":[""t11"",""t27"",""t28"",""t43""],""t45"":[""t21"",""t42""],""t46"":[""t08"",""t17"",""t38"",""t44""],""t47"":[""t03"",""t11"",""t16"",""t25"",""t31"",""t44"",""t45""],""t48"":[""t06"",""t20"",""t25"",""t46""],""t49"":[""t08"",""t21"",""t47""],""t50"":[""t10"",""t25"",""t48""],""t51"":[""t17"",""t34"",""t48"",""t49""],""t52"":[""t05"",""t18"",""t35"",""t38"",""t47"",""t50""],""t53"":[""t07"",""t08"",""t24"",""t39"",""t51""],""t54"":[""t51"",""t53""],""t55"":[""t29"",""t43"",""t52""],""t56"":[""t25"",""t35"",""t54"",""t55""],""t57"":[""t23"",""t31"",""t55""],""t58"":[""t02"",""t11"",""t14"",""t25"",""t47"",""t57""],""t59"":[""t05"",""t20"",""t56""],""t60"":[""t02"",""t20"",""t27"",""t30"",""t35"",""t59""],""t61"":[""t56"",""t58"",""t59""],""t62"":[""t06"",""t59"",""t60""],""t63"":[""t61""],""t64"":[""t24"",""t49"",""t55"",""t57"",""t62"",""t63""]}"
EXP-08,confirmatory,exp08_confirmatory_n64_mixed_homogeneous_15,n64_mixed_homogeneous,64,mixed,homogeneous,medium,15,0,15217127410429517368,0.453125,t01->t03->t06->t08->t11->t15->t17->t21->t24->t26->t29->t31->t32->t35->t37->t39->t41->t42->t45->t46->t48->t51->t52->t54->t56->t59->t60->t62->t64,348,5856,tied,0.3,0.7,"[""12"",""12"",""12"",""12"",""12"",""12"",""12"",""12"",""12"",""12"",""12"",""12"",""12"",""12"",""12"",""12"",""12"",""12"",""12"",""12"",""12"",""12"",""12"",""12"",""12"",""12"",""12"",""12"",""12"",""12"",""12"",""12"",""12"",""12"",""12"",""12"",""12"",""12"",""12"",""12"",""12"",""12"",""12"",""12"",""12"",""12"",""12"",""12"",""12"",""12"",""12"",""12"",""12"",""12"",""12"",""12"",""12"",""12"",""12"",""12"",""12"",""12"",""12"",""12""]","[""0.954"",""1.843"",""0.953"",""1.843"",""1.843"",""0.953"",""1.844"",""0.954"",""1.843"",""1.843"",""0.953"",""1.843"",""1.844"",""1.844"",""0.954"",""1.843"",""0.954"",""1.844"",""1.844"",""1.843"",""0.954"",""1.843"",""1.843"",""0.953"",""1.843"",""0.954"",""1.843"",""1.843"",""0.954"",""1.843"",""0.953"",""0.953"",""1.843"",""1.843"",""0.953"",""1.844"",""0.953"",""1.843"",""0.954"",""1.843"",""0.953"",""0.954"",""1.843"",""1.843"",""0.954"",""0.953"",""1.844"",""0.953"",""1.843"",""1.843"",""0.953"",""0.953"",""1.843"",""0.953"",""1.843"",""0.953"",""1.843"",""1.843"",""0.954"",""0.953"",""1.843"",""0.953"",""1.843"",""0.953""]","[""2.225"",""0.790"",""2.225"",""0.790"",""0.790"",""2.224"",""0.790"",""2.225"",""0.790"",""0.790"",""2.224"",""0.790"",""0.790"",""0.790"",""2.224"",""0.790"",""2.224"",""0.790"",""0.790"",""0.790"",""2.225"",""0.790"",""0.790"",""2.225"",""0.790"",""2.224"",""0.790"",""0.790"",""2.225"",""0.790"",""2.224"",""2.225"",""0.790"",""0.790"",""2.225"",""0.790"",""2.224"",""0.790"",""2.225"",""0.790"",""2.224"",""2.224"",""0.790"",""0.790"",""2.225"",""2.225"",""0.790"",""2.224"",""0.789"",""0.790"",""2.225"",""2.224"",""0.790"",""2.225"",""0.790"",""2.224"",""0.790"",""0.789"",""2.224"",""2.225"",""0.790"",""2.225"",""0.790"",""2.225""]","{""t01"":[],""t02"":[""t01""],""t03"":[""t01""],""t04"":[""t01""],""t05"":[""t04""],""t06"":[""t03"",""t04""],""t07"":[""t02"",""t03"",""t04""],""t08"":[""t06""],""t09"":[""t05""],""t10"":[""t05"",""t06"",""t07""],""t11"":[""t08""],""t12"":[""t09"",""t10""],""t13"":[""t08""],""t14"":[""t12"",""t13""],""t15"":[""t11"",""t13""],""t16"":[""t11""],""t17"":[""t14"",""t15""],""t18"":[""t09"",""t10"",""t15"",""t16""],""t19"":[""t09"",""t15""],""t20"":[""t13"",""t17"",""t18""],""t21"":[""t06"",""t17"",""t19""],""t22"":[""t02"",""t11"",""t17""],""t23"":[""t20"",""t21"",""t22""],""t24"":[""t05"",""t21""],""t25"":[""t21""],""t26"":[""t23"",""t24"",""t25""],""t27"":[""t24""],""t28"":[""t08"",""t12"",""t19"",""t27""],""t29"":[""t26""],""t30"":[""t15"",""t28""],""t31"":[""t05"",""t27"",""t29""],""t32"":[""t31""],""t33"":[""t25"",""t30""],""t34"":[""t03"",""t09"",""t14"",""t33""],""t35"":[""t32""],""t36"":[""t10"",""t22"",""t34""],""t37"":[""t17"",""t30"",""t35""],""t38"":[""t36"",""t37""],""t39"":[""t37""],""t40"":[""t08"",""t19"",""t38"",""t39""],""t41"":[""t38"",""t39""],""t42"":[""t10"",""t32"",""t39"",""t41""],""t43"":[""t06"",""t08"",""t29"",""t40"",""t41""],""t44"":[""t43""],""t45"":[""t08"",""t10"",""t16"",""t42""],""t46"":[""t31"",""t45""],""t47"":[""t07"",""t44""],""t48"":[""t23"",""t39"",""t46""],""t49"":[""t46"",""t47""],""t50"":[""t41"",""t48"",""t49""],""t51"":[""t08"",""t48""],""t52"":[""t02"",""t12"",""t20"",""t21"",""t37"",""t50"",""t51""],""t53"":[""t23"",""t50""],""t54"":[""t43"",""t52"",""t53""],""t55"":[""t15"",""t52""],""t56"":[""t05"",""t22"",""t25"",""t54""],""t57"":[""t10"",""t13"",""t26"",""t54"",""t55""],""t58"":[""t25"",""t48"",""t57""],""t59"":[""t33"",""t54"",""t56""],""t60"":[""t40"",""t59""],""t61"":[""t22"",""t49"",""t50"",""t58""],""t62"":[""t60""],""t63"":[""t01"",""t04"",""t38"",""t60"",""t61""],""t64"":[""t07"",""t19"",""t20"",""t34"",""t62"",""t63""]}"
EXP-08,confirmatory,exp08_confirmatory_n64_mixed_homogeneous_16,n64_mixed_homogeneous,64,mixed,homogeneous,medium,16,0,13842746394919244916,0.453125,t01->t03->t06->t09->t11->t14->t18->t21->t24->t26->t29->t31->t32->t35->t36->t38->t41->t42->t44->t47->t49->t50->t53->t55->t56->t58->t61->t62->t64,348,36676,tied,0.3,0.7,"[""12"",""12"",""12"",""12"",""12"",""12"",""12"",""12"",""12"",""12"",""12"",""12"",""12"",""12"",""12"",""12"",""12"",""12"",""12"",""12"",""12"",""12"",""12"",""12"",""12"",""12"",""12"",""12"",""12"",""12"",""12"",""12"",""12"",""12"",""12"",""12"",""12"",""12"",""12"",""12"",""12"",""12"",""12"",""12"",""12"",""12"",""12"",""12"",""12"",""12"",""12"",""12"",""12"",""12"",""12"",""12"",""12"",""12"",""12"",""12"",""12"",""12"",""12"",""12""]","[""0.953"",""1.843"",""0.953"",""1.843"",""1.843"",""0.953"",""1.843"",""1.843"",""0.953"",""1.843"",""0.953"",""1.843"",""1.843"",""0.953"",""1.844"",""1.843"",""1.843"",""0.954"",""1.844"",""1.843"",""0.953"",""1.843"",""1.844"",""0.954"",""1.843"",""0.953"",""1.843"",""1.843"",""0.953"",""1.843"",""0.953"",""0.953"",""1.843"",""1.843"",""0.954"",""0.954"",""1.844"",""0.954"",""1.843"",""1.844"",""0.953"",""0.953"",""1.843"",""0.954"",""1.843"",""1.843"",""0.953"",""1.843"",""0.954"",""0.953"",""1.843"",""1.844"",""0.954"",""1.843"",""0.953"",""0.954"",""1.844"",""0.953"",""1.843"",""1.843"",""0.954"",""0.954"",""1.843"",""0.953""]","[""2.225"",""0.790"",""2.224"",""0.790"",""0.790"",""2.224"",""0.790"",""0.790"",""2.225"",""0.790"",""2.224"",""0.790"",""0.789"",""2.224"",""0.790"",""0.790"",""0.789"",""2.224"",""0.790"",""0.790"",""2.225"",""0.790"",""0.790"",""2.225"",""0.790"",""2.225"",""0.790"",""0.790"",""2.225"",""0.790"",""2.224"",""2.224"",""0.790"",""0.790"",""2.225"",""2.225"",""0.790"",""2.225"",""0.790"",""0.790"",""2.225"",""2.225"",""0.790"",""2.225"",""0.790"",""0.790"",""2.225"",""0.790"",""2.224"",""2.224"",""0.790"",""0.790"",""2.225"",""0.790"",""2.224"",""2.224"",""0.790"",""2.225"",""0.790"",""0.790"",""2.225"",""2.224"",""0.790"",""2.224""]","{""t01"":[],""t02"":[""t01""],""t03"":[""t01""],""t04"":[""t01""],""t05"":[""t02""],""t06"":[""t03""],""t07"":[""t04""],""t08"":[""t05"",""t07""],""t09"":[""t06""],""t10"":[""t06""],""t11"":[""t09""],""t12"":[""t08"",""t09"",""t10""],""t13"":[""t10""],""t14"":[""t11""],""t15"":[""t13""],""t16"":[""t01"",""t04"",""t12""],""t17"":[""t13"",""t16""],""t18"":[""t14"",""t15"",""t16""],""t19"":[""t14""],""t20"":[""t17"",""t19""],""t21"":[""t18""],""t22"":[""t13"",""t18""],""t23"":[""t07"",""t18"",""t20"",""t22""],""t24"":[""t13"",""t21""],""t25"":[""t06"",""t22""],""t26"":[""t18"",""t19"",""t24"",""t25""],""t27"":[""t16"",""t23"",""t24""],""t28"":[""t01"",""t07"",""t26"",""t27""],""t29"":[""t22"",""t23"",""t26""],""t30"":[""t13"",""t28""],""t31"":[""t06"",""t10"",""t29""],""t32"":[""t03"",""t31""],""t33"":[""t04"",""t30"",""t31""],""t34"":[""t05"",""t09"",""t32"",""t33""],""t35"":[""t32"",""t33""],""t36"":[""t35""],""t37"":[""t12"",""t15"",""t17"",""t24"",""t34""],""t38"":[""t36"",""t37""],""t39"":[""t36"",""t37""],""t40"":[""t07"",""t37"",""t39""],""t41"":[""t38""],""t42"":[""t19"",""t22"",""t24"",""t40"",""t41""],""t43"":[""t09"",""t14"",""t15"",""t40"",""t41""],""t44"":[""t03"",""t35"",""t42"",""t43""],""t45"":[""t11"",""t31"",""t32"",""t43""],""t46"":[""t14"",""t21"",""t43"",""t44"",""t45""],""t47"":[""t25"",""t44""],""t48"":[""t07"",""t13"",""t17"",""t35"",""t46"",""t47""],""t49"":[""t13"",""t16"",""t47""],""t50"":[""t05"",""t15"",""t26"",""t41"",""t49""],""t51"":[""t23"",""t24"",""t48"",""t49""],""t52"":[""t41"",""t51""],""t53"":[""t21"",""t50"",""t51""],""t54"":[""t08"",""t20"",""t53""],""t55"":[""t45"",""t52"",""t53""],""t56"":[""t32"",""t54"",""t55""],""t57"":[""t16"",""t55""],""t58"":[""t10"",""t21"",""t56"",""t57""],""t59"":[""t21"",""t25"",""t56""],""t60"":[""t16"",""t58"",""t59""],""t61"":[""t21"",""t58""],""t62"":[""t27"",""t60"",""t61""],""t63"":[""t01"",""t60""],""t64"":[""t12"",""t13"",""t21"",""t55"",""t62"",""t63""]}"
EXP-08,confirmatory,exp08_confirmatory_n64_mixed_homogeneous_17,n64_mixed_homogeneous,64,mixed,homogeneous,medium,17,0,2012600718139032731,0.453125,t01->t04->t07->t10->t11->t16->t17->t20->t23->t27->t28->t30->t32->t35->t36->t38->t40->t43->t45->t46->t49->t50->t52->t55->t56->t59->t61->t62->t64,348,35400,tied,0.3,0.7,"[""12"",""12"",""12"",""12"",""12"",""12"",""12"",""12"",""12"",""12"",""12"",""12"",""12"",""12"",""12"",""12"",""12"",""12"",""12"",""12"",""12"",""12"",""12"",""12"",""12"",""12"",""12"",""12"",""12"",""12"",""12"",""12"",""12"",""12"",""12"",""12"",""12"",""12"",""12"",""12"",""12"",""12"",""12"",""12"",""12"",""12"",""12"",""12"",""12"",""12"",""12"",""12"",""12"",""12"",""12"",""12"",""12"",""12"",""12"",""12"",""12"",""12"",""12"",""12""]","[""0.953"",""1.844"",""1.843"",""0.954"",""1.843"",""1.844"",""0.953"",""1.844"",""1.843"",""0.954"",""0.954"",""1.843"",""1.844"",""1.843"",""1.843"",""0.953"",""0.953"",""1.843"",""1.843"",""0.953"",""1.843"",""1.843"",""0.954"",""1.843"",""1.844"",""1.843"",""0.953"",""0.954"",""1.843"",""0.953"",""1.843"",""0.953"",""1.843"",""1.843"",""0.953"",""0.953"",""1.843"",""0.953"",""1.843"",""0.954"",""1.843"",""1.843"",""0.954"",""1.843"",""0.954"",""0.953"",""1.843"",""1.844"",""0.953"",""0.953"",""1.843"",""0.954"",""1.844"",""1.843"",""0.953"",""0.953"",""1.843"",""1.843"",""0.953"",""1.843"",""0.954"",""0.954"",""1.843"",""0.953""]","[""2.224"",""0.790"",""0.790"",""2.225"",""0.790"",""0.790"",""2.224"",""0.790"",""0.790"",""2.224"",""2.225"",""0.790"",""0.790"",""0.790"",""0.790"",""2.224"",""2.225"",""0.790"",""0.789"",""2.225"",""0.790"",""0.790"",""2.225"",""0.790"",""0.790"",""0.790"",""2.224"",""2.224"",""0.790"",""2.225"",""0.790"",""2.225"",""0.790"",""0.790"",""2.225"",""2.224"",""0.789"",""2.225"",""0.790"",""2.225"",""0.790"",""0.790"",""2.224"",""0.790"",""2.224"",""2.225"",""0.790"",""0.790"",""2.224"",""2.225"",""0.790"",""2.224"",""0.790"",""0.790"",""2.225"",""2.225"",""0.790"",""0.790"",""2.225"",""0.790"",""2.224"",""2.224"",""0.790"",""2.225""]","{""t01"":[],""t02"":[""t01""],""t03"":[""t01""],""t04"":[""t01""],""t05"":[""t02"",""t04""],""t06"":[""t02""],""t07"":[""t03"",""t04""],""t08"":[""t03"",""t06"",""t07""],""t09"":[""t05""],""t10"":[""t05"",""t07""],""t11"":[""t08"",""t10""],""t12"":[""t09""],""t13"":[""t08""],""t14"":[""t13""],""t15"":[""t13""],""t16"":[""t05"",""t11"",""t12""],""t17"":[""t03"",""t14"",""t16""],""t18"":[""t03"",""t10"",""t15""],""t19"":[""t15""],""t20"":[""t03"",""t04"",""t17"",""t18"",""t19""],""t21"":[""t18""],""t22"":[""t17"",""t18""],""t23"":[""t08"",""t20"",""t21"",""t22""],""t24"":[""t08"",""t20""],""t25"":[""t11"",""t22""],""t26"":[""t15"",""t24""],""t27"":[""t10"",""t15"",""t23"",""t25""],""t28"":[""t09"",""t26"",""t27""],""t29"":[""t10"",""t27""],""t30"":[""t28"",""t29""],""t31"":[""t28""],""t32"":[""t04"",""t30""],""t33"":[""t05"",""t10"",""t31""],""t34"":[""t33""],""t35"":[""t32""],""t36"":[""t34"",""t35""],""t37"":[""t01"",""t35""],""t38"":[""t36""],""t39"":[""t36"",""t37""],""t40"":[""t05"",""t36"",""t38""],""t41"":[""t01"",""t38"",""t39""],""t42"":[""t20"",""t24"",""t40""],""t43"":[""t20"",""t40"",""t41""],""t44"":[""t06"",""t35"",""t42"",""t43""],""t45"":[""t15"",""t38"",""t43""],""t46"":[""t17"",""t20"",""t44"",""t45""],""t47"":[""t01"",""t21"",""t43"",""t44""],""t48"":[""t47""],""t49"":[""t02"",""t18"",""t46"",""t47""],""t50"":[""t21"",""t23"",""t49""],""t51"":[""t08"",""t42"",""t48"",""t49""],""t52"":[""t29"",""t50""],""t53"":[""t14"",""t26"",""t38"",""t51""],""t54"":[""t23"",""t53""],""t55"":[""t02"",""t30"",""t52"",""t53""],""t56"":[""t04"",""t55""],""t57"":[""t03"",""t24"",""t42"",""t54"",""t55""],""t58"":[""t28"",""t57""],""t59"":[""t56""],""t60"":[""t06"",""t33"",""t43"",""t59""],""t61"":[""t09"",""t18"",""t31"",""t58"",""t59""],""t62"":[""t40"",""t54"",""t61""],""t63"":[""t07"",""t19"",""t51"",""t55"",""t60"",""t61""],""t64"":[""t09"",""t14"",""t62"",""t63""]}"
EXP-08,confirmatory,exp08_confirmatory_n64_mixed_homogeneous_18,n64_mixed_homogeneous,64,mixed,homogeneous,medium,18,0,10846374632781034649,0.453125,t01->t02->t07->t08->t11->t15->t18->t22->t25->t26->t28->t31->t33->t34->t36->t39->t40->t42->t45->t46->t48->t51->t52->t54->t56->t59->t60->t62->t64,348,21760,tied,0.3,0.7,"[""12"",""12"",""12"",""12"",""12"",""12"",""12"",""12"",""12"",""12"",""12"",""12"",""12"",""12"",""12"",""12"",""12"",""12"",""12"",""12"",""12"",""12"",""12"",""12"",""12"",""12"",""12"",""12"",""12"",""12"",""12"",""12"",""12"",""12"",""12"",""12"",""12"",""12"",""12"",""12"",""12"",""12"",""12"",""12"",""12"",""12"",""12"",""12"",""12"",""12"",""12"",""12"",""12"",""12"",""12"",""12"",""12"",""12"",""12"",""12"",""12"",""12"",""12"",""12""]","[""0.953"",""0.954"",""1.843"",""1.843"",""1.844"",""1.843"",""0.954"",""0.953"",""1.843"",""1.843"",""0.954"",""1.843"",""1.843"",""1.843"",""0.953"",""1.844"",""1.843"",""0.953"",""1.843"",""1.843"",""1.843"",""0.954"",""1.843"",""1.844"",""0.953"",""0.953"",""1.843"",""0.953"",""1.843"",""1.843"",""0.953"",""1.843"",""0.953"",""0.954"",""1.843"",""0.953"",""1.844"",""1.843"",""0.954"",""0.954"",""1.843"",""0.954"",""1.843"",""1.843"",""0.954"",""0.953"",""1.844"",""0.953"",""1.843"",""1.844"",""0.953"",""0.953"",""1.843"",""0.954"",""1.843"",""0.953"",""1.843"",""1.843"",""0.953"",""0.953"",""1.843"",""0.954"",""1.844"",""0.953""]","[""2.225"",""2.225"",""0.790"",""0.790"",""0.790"",""0.790"",""2.225"",""2.224"",""0.790"",""0.790"",""2.224"",""0.790"",""0.790"",""0.790"",""2.224"",""0.790"",""0.790"",""2.224"",""0.790"",""0.789"",""0.790"",""2.225"",""0.790"",""0.790"",""2.225"",""2.225"",""0.790"",""2.225"",""0.790"",""0.790"",""2.224"",""0.790"",""2.225"",""2.225"",""0.790"",""2.225"",""0.790"",""0.790"",""2.224"",""2.224"",""0.789"",""2.224"",""0.790"",""0.790"",""2.225"",""2.224"",""0.790"",""2.225"",""0.790"",""0.790"",""2.225"",""2.225"",""0.790"",""2.224"",""0.790"",""2.225"",""0.790"",""0.790"",""2.224"",""2.224"",""0.790"",""2.224"",""0.790"",""2.225""]","{""t01"":[],""t02"":[""t01""],""t03"":[""t01""],""t04"":[""t01""],""t05"":[""t03"",""t04""],""t06"":[""t02"",""t03"",""t04""],""t07"":[""t02""],""t08"":[""t07""],""t09"":[""t06""],""t10"":[""t05"",""t07""],""t11"":[""t08""],""t12"":[""t09"",""t10""],""t13"":[""t10""],""t14"":[""t11"",""t12""],""t15"":[""t11"",""t13""],""t16"":[""t11"",""t12""],""t17"":[""t16""],""t18"":[""t02"",""t15"",""t16""],""t19"":[""t14""],""t20"":[""t05"",""t08"",""t17""],""t21"":[""t02"",""t03"",""t17"",""t19""],""t22"":[""t09"",""t18"",""t19""],""t23"":[""t06"",""t20"",""t22""],""t24"":[""t20""],""t25"":[""t21"",""t22""],""t26"":[""t25""],""t27"":[""t23"",""t24"",""t25""],""t28"":[""t12"",""t26""],""t29"":[""t04"",""t07"",""t27""],""t30"":[""t17"",""t25"",""t29""],""t31"":[""t28""],""t32"":[""t25"",""t30""],""t33"":[""t21"",""t26"",""t30"",""t31""],""t34"":[""t32"",""t33""],""t35"":[""t02"",""t33""],""t36"":[""t34"",""t35""],""t37"":[""t02"",""t05"",""t14"",""t18"",""t34"",""t35""],""t38"":[""t04"",""t37""],""t39"":[""t36"",""t37""],""t40"":[""t17"",""t18"",""t34"",""t39""],""t41"":[""t11"",""t31"",""t38""],""t42"":[""t25"",""t38"",""t40"",""t41""],""t43"":[""t12"",""t41""],""t44"":[""t01"",""t17"",""t20"",""t42""],""t45"":[""t42"",""t43""],""t46"":[""t06"",""t13"",""t44"",""t45""],""t47"":[""t01"",""t38"",""t44""],""t48"":[""t15"",""t23"",""t46""],""t49"":[""t25"",""t47""],""t50"":[""t47"",""t48"",""t49""],""t51"":[""t40"",""t48""],""t52"":[""t07"",""t51""],""t53"":[""t08"",""t35"",""t48"",""t50""],""t54"":[""t01"",""t38"",""t52"",""t53""],""t55"":[""t09"",""t23"",""t52"",""t53""],""t56"":[""t01"",""t47"",""t54""],""t57"":[""t21"",""t26"",""t47"",""t55""],""t58"":[""t02"",""t34"",""t35"",""t56"",""t57""],""t59"":[""t18"",""t33"",""t44"",""t45"",""t56""],""t60"":[""t29"",""t32"",""t58"",""t59""],""t61"":[""t26"",""t58""],""t62"":[""t60""],""t63"":[""t08"",""t09"",""t13"",""t61""],""t64"":[""t02"",""t48"",""t62"",""t63""]}"
EXP-08,confirmatory,exp08_confirmatory_n64_mixed_homogeneous_19,n64_mixed_homogeneous,64,mixed,homogeneous,medium,19,0,3126608895982219868,0.453125,t01->t04->t07->t09->t13->t15->t18->t20->t25->t26->t28->t31->t32->t34->t37->t38->t40->t43->t45->t47->t49->t50->t53->t55->t56->t58->t60->t63->t64,348,13340,tied,0.3,0.7,"[""12"",""12"",""12"",""12"",""12"",""12"",""12"",""12"",""12"",""12"",""12"",""12"",""12"",""12"",""12"",""12"",""12"",""12"",""12"",""12"",""12"",""12"",""12"",""12"",""12"",""12"",""12"",""12"",""12"",""12"",""12"",""12"",""12"",""12"",""12"",""12"",""12"",""12"",""12"",""12"",""12"",""12"",""12"",""12"",""12"",""12"",""12"",""12"",""12"",""12"",""12"",""12"",""12"",""12"",""12"",""12"",""12"",""12"",""12"",""12"",""12"",""12"",""12"",""12""]","[""0.954"",""1.844"",""1.843"",""0.954"",""1.843"",""1.843"",""0.954"",""1.843"",""0.954"",""1.843"",""1.843"",""1.843"",""0.953"",""1.843"",""0.953"",""1.843"",""1.844"",""0.953"",""1.843"",""0.954"",""1.844"",""1.844"",""1.844"",""1.843"",""0.953"",""0.953"",""1.843"",""0.953"",""1.844"",""1.843"",""0.954"",""0.953"",""1.843"",""0.953"",""1.843"",""1.843"",""0.953"",""0.953"",""1.843"",""0.953"",""1.843"",""1.843"",""0.953"",""1.843"",""0.954"",""1.843"",""0.953"",""1.843"",""0.953"",""0.954"",""1.843"",""1.843"",""0.953"",""1.843"",""0.954"",""0.953"",""1.843"",""0.954"",""1.843"",""0.953"",""1.843"",""1.844"",""0.953"",""0.954""]","[""2.225"",""0.790"",""0.790"",""2.224"",""0.790"",""0.790"",""2.224"",""0.790"",""2.225"",""0.790"",""0.790"",""0.790"",""2.225"",""0.790"",""2.225"",""0.790"",""0.790"",""2.225"",""0.790"",""2.224"",""0.790"",""0.790"",""0.790"",""0.790"",""2.225"",""2.225"",""0.790"",""2.224"",""0.790"",""0.790"",""2.224"",""2.225"",""0.790"",""2.224"",""0.790"",""0.790"",""2.225"",""2.225"",""0.790"",""2.224"",""0.789"",""0.790"",""2.224"",""0.789"",""2.225"",""0.790"",""2.225"",""0.790"",""2.225"",""2.224"",""0.790"",""0.790"",""2.224"",""0.790"",""2.225"",""2.224"",""0.790"",""2.225"",""0.790"",""2.224"",""0.790"",""0.790"",""2.225"",""2.224""]","{""t01"":[],""t02"":[""t01""],""t03"":[""t01""],""t04"":[""t01""],""t05"":[""t04""],""t06"":[""t02"",""t03""],""t07"":[""t04""],""t08"":[""t02"",""t05"",""t06""],""t09"":[""t07""],""t10"":[""t07""],""t11"":[""t06"",""t09""],""t12"":[""t08"",""t09""],""t13"":[""t09"",""t10""],""t14"":[""t03"",""t12"",""t13""],""t15"":[""t13""],""t16"":[""t06"",""t10"",""t11"",""t13""],""t17"":[""t16""],""t18"":[""t14"",""t15""],""t19"":[""t16""],""t20"":[""t18""],""t21"":[""t17"",""t18"",""t19""],""t22"":[""t18""],""t23"":[""t05"",""t22""],""t24"":[""t13"",""t20""],""t25"":[""t11"",""t20"",""t21"",""t22""],""t26"":[""t25""],""t27"":[""t23"",""t24"",""t25""],""t28"":[""t01"",""t02"",""t15"",""t23"",""t26""],""t29"":[""t15"",""t20"",""t23"",""t27""],""t30"":[""t11"",""t28"",""t29""],""t31"":[""t11"",""t23"",""t28""],""t32"":[""t24"",""t31""],""t33"":[""t12"",""t30"",""t31""],""t34"":[""t25"",""t32"",""t33""],""t35"":[""t04"",""t32""],""t36"":[""t20"",""t25"",""t34"",""t35""],""t37"":[""t01"",""t26"",""t34""],""t38"":[""t12"",""t37""],""t39"":[""t32"",""t33"",""t36"",""t37""],""t40"":[""t12"",""t26"",""t37"",""t38""],""t41"":[""t39""],""t42"":[""t09"",""t40""],""t43"":[""t12"",""t28"",""t33"",""t40"",""t41""],""t44"":[""t42""],""t45"":[""t18"",""t28"",""t42"",""t43""],""t46"":[""t44""],""t47"":[""t02"",""t28"",""t35"",""t44"",""t45""],""t48"":[""t38"",""t46""],""t49"":[""t07"",""t19"",""t30"",""t31"",""t46"",""t47""],""t50"":[""t18"",""t19"",""t49""],""t51"":[""t01"",""t40"",""t48"",""t49""],""t52"":[""t51""],""t53"":[""t19"",""t46"",""t50"",""t51""],""t54"":[""t21"",""t52""],""t55"":[""t09"",""t26"",""t52"",""t53""],""t56"":[""t54"",""t55""],""t57"":[""t27"",""t54""],""t58"":[""t05"",""t56""],""t59"":[""t44"",""t47"",""t56"",""t57""],""t60"":[""t08"",""t33"",""t35"",""t47"",""t58"",""t59""],""t61"":[""t48"",""t59""],""t62"":[""t61""],""t63"":[""t07"",""t10"",""t18"",""t28"",""t29"",""t35"",""t50"",""t54"",""t58"",""t60""],""t64"":[""t36"",""t52"",""t62"",""t63""]}"
EXP-08,confirmatory,exp08_confirmatory_n64_mixed_lognormal_00,n64_mixed_lognormal,64,mixed,lognormal,medium,0,0,14990837786015937935,0.5373134328358208955223880597,t01->t04->t06->t10->t11->t15->t18->t20->t23->t27->t29->t31->t33->t35->t36->t38->t40->t42->t44->t47->t48->t50->t52->t54->t56->t59->t61->t62->t64,864,1,unique,0.3,0.7,"[""36"",""12"",""12"",""24"",""12"",""36"",""12"",""24"",""36"",""60"",""24"",""12"",""12"",""36"",""36"",""48"",""24"",""24"",""12"",""36"",""12"",""12"",""36"",""36"",""24"",""24"",""36"",""24"",""12"",""24"",""24"",""12"",""24"",""12"",""36"",""12"",""24"",""48"",""12"",""24"",""36"",""36"",""24"",""36"",""12"",""24"",""12"",""12"",""24"",""60"",""36"",""12"",""12"",""24"",""48"",""60"",""24"",""12"",""36"",""12"",""12"",""24"",""12"",""12""]","[""2.412"",""2.179"",""2.179"",""1.608"",""2.179"",""2.412"",""2.178"",""4.357"",""6.536"",""4.020"",""1.608"",""2.179"",""2.179"",""6.536"",""2.412"",""8.714"",""4.357"",""1.608"",""2.178"",""2.412"",""2.178"",""2.179"",""2.412"",""6.536"",""4.357"",""4.357"",""2.412"",""4.357"",""0.804"",""4.357"",""1.608"",""2.178"",""1.608"",""2.179"",""2.412"",""0.804"",""4.357"",""3.216"",""2.179"",""1.608"",""6.536"",""2.412"",""4.357"",""2.412"",""2.179"",""4.357"",""0.804"",""0.804"",""4.357"",""4.020"",""6.536"",""0.804"",""2.178"",""1.608"",""8.714"",""4.020"",""4.357"",""2.179"",""2.412"",""2.179"",""0.804"",""1.608"",""2.178"",""0.804""]","[""5.628"",""0.934"",""0.934"",""3.752"",""0.934"",""5.628"",""0.933"",""1.867"",""2.801"",""9.380"",""3.752"",""0.934"",""0.934"",""2.801"",""5.628"",""3.735"",""1.867"",""3.752"",""0.934"",""5.628"",""0.934"",""0.934"",""5.628"",""2.801"",""1.867"",""1.867"",""5.628"",""1.867"",""1.876"",""1.867"",""3.752"",""0.934"",""3.752"",""0.934"",""5.628"",""1.876"",""1.867"",""7.504"",""0.934"",""3.752"",""2.801"",""5.628"",""1.867"",""5.628"",""0.934"",""1.867"",""1.876"",""1.876"",""1.867"",""9.380"",""2.801"",""1.876"",""0.934"",""3.752"",""3.735"",""9.380"",""1.867"",""0.934"",""5.628"",""0.934"",""1.876"",""3.752"",""0.933"",""1.876""]","{""t01"":[],""t02"":[""t01""],""t03"":[""t01""],""t04"":[""t01""],""t05"":[""t02""],""t06"":[""t03"",""t04""],""t07"":[""t03""],""t08"":[""t06"",""t07""],""t09"":[""t06"",""t07""],""t10"":[""t05"",""t06""],""t11"":[""t05"",""t09"",""t10""],""t12"":[""t05"",""t08"",""t09"",""t10""],""t13"":[""t05"",""t08"",""t09""],""t14"":[""t12""],""t15"":[""t11""],""t16"":[""t07"",""t12"",""t13""],""t17"":[""t15""],""t18"":[""t14"",""t15""],""t19"":[""t14"",""t15"",""t16""],""t20"":[""t18"",""t19""],""t21"":[""t17"",""t18""],""t22"":[""t15"",""t17"",""t18""],""t23"":[""t06"",""t20""],""t24"":[""t06"",""t07"",""t22""],""t25"":[""t21"",""t22""],""t26"":[""t15"",""t24""],""t27"":[""t07"",""t23"",""t24"",""t25""],""t28"":[""t08"",""t26""],""t29"":[""t26"",""t27""],""t30"":[""t16"",""t28""],""t31"":[""t27"",""t28"",""t29""],""t32"":[""t30"",""t31""],""t33"":[""t31""],""t34"":[""t15"",""t33""],""t35"":[""t32"",""t33""],""t36"":[""t02"",""t34"",""t35""],""t37"":[""t18"",""t28"",""t34""],""t38"":[""t33"",""t36"",""t37""],""t39"":[""t09"",""t36""],""t40"":[""t09"",""t12"",""t18"",""t25"",""t38""],""t41"":[""t07"",""t13"",""t30"",""t38"",""t39""],""t42"":[""t20"",""t40""],""t43"":[""t06"",""t08"",""t13"",""t24"",""t41""],""t44"":[""t07"",""t21"",""t42""],""t45"":[""t06"",""t13"",""t39"",""t43""],""t46"":[""t06"",""t45""],""t47"":[""t12"",""t14"",""t33"",""t44"",""t45""],""t48"":[""t42"",""t47""],""t49"":[""t46"",""t47""],""t50"":[""t01"",""t27"",""t48""],""t51"":[""t07"",""t19"",""t33"",""t47"",""t49""],""t52"":[""t06"",""t14"",""t31"",""t45"",""t50"",""t51""],""t53"":[""t51""],""t54"":[""t07"",""t10"",""t13"",""t16"",""t41"",""t52""],""t55"":[""t04"",""t06"",""t46"",""t52"",""t53""],""t56"":[""t12"",""t30"",""t54""],""t57"":[""t25"",""t54"",""t55""],""t58"":[""t25"",""t57""],""t59"":[""t06"",""t49"",""t56""],""t60"":[""t01"",""t03"",""t32"",""t37"",""t40"",""t58""],""t61"":[""t01"",""t04"",""t53"",""t59""],""t62"":[""t30"",""t47"",""t57"",""t61""],""t63"":[""t12"",""t28"",""t60""],""t64"":[""t50"",""t62"",""t63""]}"
EXP-08,confirmatory,exp08_confirmatory_n64_mixed_lognormal_01,n64_mixed_lognormal,64,mixed,lognormal,medium,1,0,597661553522601200,0.5864661654135338345864661654,t01->t02->t06->t08->t12->t15->t18->t22->t25->t26->t28->t30->t33->t35->t36->t38->t41->t42->t45->t46->t48->t50->t53->t55->t57->t59->t61->t63->t64,936,3,tied,0.3,0.7,"[""72"",""36"",""36"",""12"",""24"",""24"",""12"",""12"",""24"",""48"",""24"",""24"",""12"",""24"",""72"",""24"",""36"",""24"",""12"",""24"",""12"",""48"",""12"",""24"",""48"",""36"",""12"",""24"",""12"",""12"",""24"",""24"",""48"",""12"",""24"",""36"",""12"",""60"",""12"",""12"",""12"",""36"",""36"",""12"",""12"",""36"",""12"",""24"",""12"",""72"",""24"",""24"",""24"",""12"",""24"",""12"",""24"",""12"",""12"",""12"",""12"",""12"",""12"",""36""]","[""4.420"",""2.210"",""7.313"",""2.438"",""4.875"",""1.473"",""2.438"",""0.737"",""4.875"",""9.750"",""4.875"",""1.473"",""2.437"",""4.875"",""4.420"",""4.875"",""7.313"",""1.473"",""2.437"",""4.875"",""2.437"",""2.946"",""2.437"",""4.875"",""2.946"",""2.210"",""2.437"",""1.473"",""2.438"",""0.737"",""4.875"",""4.875"",""2.946"",""2.438"",""1.473"",""2.210"",""2.438"",""3.683"",""2.438"",""2.437"",""0.736"",""2.210"",""7.313"",""2.437"",""0.737"",""2.210"",""2.438"",""1.473"",""2.437"",""4.420"",""4.875"",""4.875"",""1.473"",""2.437"",""1.473"",""2.438"",""1.473"",""2.438"",""0.737"",""2.438"",""0.737"",""2.437"",""0.737"",""2.210""]","[""10.313"",""5.156"",""3.134"",""1.045"",""2.089"",""3.437"",""1.045"",""1.719"",""2.089"",""4.178"",""2.089"",""3.437"",""1.045"",""2.089"",""10.313"",""2.089"",""3.134"",""3.438"",""1.045"",""2.089"",""1.044"",""6.875"",""1.045"",""2.089"",""6.875"",""5.156"",""1.045"",""3.438"",""1.045"",""1.719"",""2.089"",""2.089"",""6.875"",""1.045"",""3.437"",""5.156"",""1.045"",""8.594"",""1.044"",""1.045"",""1.719"",""5.156"",""3.134"",""1.045"",""1.719"",""5.156"",""1.045"",""3.437"",""1.045"",""10.313"",""2.089"",""2.089"",""3.438"",""1.045"",""3.437"",""1.045"",""3.438"",""1.044"",""1.719"",""1.045"",""1.719"",""1.045"",""1.719"",""5.156""]","{""t01"":[],""t02"":[""t01""],""t03"":[""t01""],""t04"":[""t01""],""t05"":[""t04""],""t06"":[""t01"",""t02""],""t07"":[""t03"",""t04""],""t08"":[""t05"",""t06"",""t07""],""t09"":[""t07""],""t10"":[""t05"",""t07""],""t11"":[""t09""],""t12"":[""t08""],""t13"":[""t08"",""t09"",""t10""],""t14"":[""t11"",""t13""],""t15"":[""t12""],""t16"":[""t11""],""t17"":[""t14"",""t16""],""t18"":[""t15"",""t16""],""t19"":[""t16""],""t20"":[""t17"",""t18"",""t19""],""t21"":[""t17"",""t18""],""t22"":[""t17"",""t18""],""t23"":[""t01"",""t20""],""t24"":[""t21""],""t25"":[""t01"",""t22""],""t26"":[""t24"",""t25""],""t27"":[""t09"",""t23"",""t24""],""t28"":[""t06"",""t21"",""t26"",""t27""],""t29"":[""t02"",""t26""],""t30"":[""t14"",""t27"",""t28"",""t29""],""t31"":[""t28""],""t32"":[""t01"",""t23"",""t30"",""t31""],""t33"":[""t08"",""t30""],""t34"":[""t32""],""t35"":[""t15"",""t33""],""t36"":[""t01"",""t33"",""t34"",""t35""],""t37"":[""t08"",""t22"",""t35""],""t38"":[""t36""],""t39"":[""t10"",""t34"",""t36"",""t37""],""t40"":[""t02"",""t37"",""t38"",""t39""],""t41"":[""t21"",""t30"",""t38""],""t42"":[""t11"",""t28"",""t40"",""t41""],""t43"":[""t11"",""t41""],""t44"":[""t18"",""t43""],""t45"":[""t02"",""t10"",""t42"",""t43""],""t46"":[""t08"",""t39"",""t45""],""t47"":[""t03"",""t22"",""t40"",""t44"",""t45""],""t48"":[""t46"",""t47""],""t49"":[""t28"",""t38"",""t41"",""t47""],""t50"":[""t16"",""t28"",""t38"",""t48""],""t51"":[""t19"",""t46"",""t49""],""t52"":[""t51""],""t53"":[""t26"",""t50"",""t51""],""t54"":[""t52""],""t55"":[""t52"",""t53""],""t56"":[""t04"",""t16"",""t21"",""t48"",""t54""],""t57"":[""t14"",""t54"",""t55""],""t58"":[""t04"",""t18"",""t56""],""t59"":[""t11"",""t22"",""t28"",""t29"",""t40"",""t57""],""t60"":[""t36"",""t58""],""t61"":[""t36"",""t54"",""t58"",""t59""],""t62"":[""t01"",""t13"",""t57"",""t58"",""t60""],""t63"":[""t39"",""t55"",""t61""],""t64"":[""t12"",""t53"",""t54"",""t56"",""t62"",""t63""]}"
EXP-08,confirmatory,exp08_confirmatory_n64_mixed_lognormal_02,n64_mixed_lognormal,64,mixed,lognormal,medium,2,0,14818888856787399341,0.5255474452554744525547445255,t01->t04->t05->t08->t11->t14->t19->t22->t23->t26->t28->t30->t32->t35->t37->t39->t41->t42->t45->t47->t48->t51->t52->t54->t56->t59->t60->t63->t64,864,2,tied,0.3,0.7,"[""24"",""12"",""24"",""72"",""36"",""24"",""48"",""48"",""24"",""12"",""36"",""12"",""60"",""36"",""60"",""36"",""12"",""24"",""72"",""12"",""36"",""24"",""12"",""12"",""12"",""36"",""24"",""36"",""12"",""24"",""24"",""36"",""12"",""12"",""24"",""24"",""12"",""12"",""36"",""12"",""24"",""12"",""24"",""12"",""24"",""24"",""36"",""12"",""12"",""24"",""24"",""24"",""24"",""24"",""12"",""12"",""24"",""12"",""60"",""24"",""36"",""24"",""12"",""12""]","[""1.644"",""2.125"",""4.249"",""4.932"",""2.466"",""4.249"",""8.498"",""3.288"",""4.249"",""2.124"",""2.466"",""2.124"",""10.623"",""2.466"",""10.623"",""6.374"",""2.125"",""4.249"",""4.932"",""2.125"",""6.374"",""1.644"",""0.822"",""2.125"",""2.125"",""2.466"",""4.249"",""2.466"",""2.125"",""1.644"",""4.249"",""2.466"",""2.125"",""2.125"",""1.644"",""4.249"",""0.822"",""2.124"",""2.466"",""2.124"",""1.644"",""0.822"",""4.249"",""2.124"",""1.644"",""4.249"",""2.466"",""0.822"",""2.124"",""4.249"",""1.644"",""1.644"",""4.249"",""1.644"",""2.124"",""0.822"",""4.249"",""2.125"",""4.110"",""1.644"",""6.374"",""4.249"",""0.822"",""0.822""]","[""3.836"",""0.910"",""1.821"",""11.508"",""5.754"",""1.821"",""3.642"",""7.672"",""1.821"",""0.911"",""5.754"",""0.910"",""4.553"",""5.754"",""4.553"",""2.732"",""0.911"",""1.821"",""11.508"",""0.911"",""2.732"",""3.836"",""1.918"",""0.910"",""0.911"",""5.754"",""1.821"",""5.754"",""0.910"",""3.836"",""1.821"",""5.754"",""0.910"",""0.911"",""3.836"",""1.821"",""1.918"",""0.910"",""5.754"",""0.910"",""3.836"",""1.918"",""1.821"",""0.910"",""3.836"",""1.821"",""5.754"",""1.918"",""0.910"",""1.821"",""3.836"",""3.836"",""1.821"",""3.836"",""0.911"",""1.918"",""1.821"",""0.911"",""9.590"",""3.836"",""2.732"",""1.821"",""1.918"",""1.918""]","{""t01"":[],""t02"":[""t01""],""t03"":[""t01""],""t04"":[""t01""],""t05"":[""t02"",""t04""],""t06"":[""t03"",""t04""],""t07"":[""t03""],""t08"":[""t05"",""t07""],""t09"":[""t05"",""t06"",""t07""],""t10"":[""t05"",""t06"",""t07""],""t11"":[""t02"",""t08"",""t10""],""t12"":[""t05"",""t09""],""t13"":[""t09""],""t14"":[""t11"",""t12""],""t15"":[""t11""],""t16"":[""t04"",""t09"",""t12"",""t13""],""t17"":[""t07"",""t14"",""t16""],""t18"":[""t15"",""t16""],""t19"":[""t10"",""t14"",""t16""],""t20"":[""t05"",""t17"",""t18""],""t21"":[""t11"",""t17"",""t18""],""t22"":[""t17"",""t18"",""t19""],""t23"":[""t03"",""t12"",""t20"",""t21"",""t22""],""t24"":[""t10"",""t20""],""t25"":[""t20"",""t21""],""t26"":[""t09"",""t14"",""t23"",""t24"",""t25""],""t27"":[""t23""],""t28"":[""t20"",""t26""],""t29"":[""t04"",""t26"",""t27""],""t30"":[""t28""],""t31"":[""t14"",""t28"",""t29""],""t32"":[""t29"",""t30""],""t33"":[""t29"",""t30"",""t31""],""t34"":[""t16"",""t33""],""t35"":[""t08"",""t23"",""t32""],""t36"":[""t34""],""t37"":[""t04"",""t34"",""t35""],""t38"":[""t36"",""t37""],""t39"":[""t09"",""t13"",""t36"",""t37""],""t40"":[""t06"",""t38"",""t39""],""t41"":[""t38"",""t39""],""t42"":[""t04"",""t11"",""t35"",""t41""],""t43"":[""t40""],""t44"":[""t07"",""t08"",""t42"",""t43""],""t45"":[""t42""],""t46"":[""t19"",""t44""],""t47"":[""t01"",""t14"",""t44"",""t45""],""t48"":[""t46"",""t47""],""t49"":[""t15"",""t19"",""t27"",""t46""],""t50"":[""t07"",""t15"",""t22"",""t26"",""t49""],""t51"":[""t48"",""t49""],""t52"":[""t11"",""t12"",""t43"",""t50"",""t51""],""t53"":[""t02"",""t04"",""t22"",""t31"",""t50"",""t51""],""t54"":[""t25"",""t34"",""t39"",""t52""],""t55"":[""t09"",""t35"",""t52"",""t53""],""t56"":[""t13"",""t38"",""t48"",""t54""],""t57"":[""t01"",""t47"",""t54"",""t55""],""t58"":[""t57""],""t59"":[""t04"",""t56""],""t60"":[""t19"",""t33"",""t58"",""t59""],""t61"":[""t30"",""t58""],""t62"":[""t61""],""t63"":[""t14"",""t58"",""t60""],""t64"":[""t62"",""t63""]}"
EXP-08,confirmatory,exp08_confirmatory_n64_mixed_lognormal_03,n64_mixed_lognormal,64,mixed,lognormal,medium,3,0,3050368161300791992,0.5189873417721518987341772152,t01->t04->t05->t08->t11->t14->t18->t20->t25->t27->t28->t30->t33->t35->t36->t38->t40->t42->t44->t46->t49->t51->t53->t55->t57->t59->t61->t63->t64,984,192,tied,0.3,0.7,"[""24"",""36"",""12"",""72"",""36"",""60"",""24"",""36"",""48"",""48"",""60"",""24"",""24"",""48"",""24"",""48"",""24"",""24"",""12"",""36"",""24"",""36"",""12"",""24"",""72"",""48"",""60"",""36"",""36"",""24"",""24"",""12"",""24"",""12"",""12"",""48"",""12"",""24"",""12"",""60"",""24"",""12"",""12"",""24"",""24"",""36"",""36"",""60"",""36"",""24"",""48"",""12"",""12"",""24"",""12"",""24"",""24"",""12"",""24"",""12"",""12"",""12"",""24"",""24""]","[""1.665"",""6.287"",""2.096"",""4.994"",""2.497"",""10.478"",""4.191"",""2.497"",""8.382"",""8.382"",""4.162"",""4.191"",""4.191"",""3.330"",""4.191"",""8.382"",""4.191"",""1.665"",""2.096"",""2.497"",""4.191"",""6.287"",""2.096"",""4.191"",""4.994"",""8.382"",""4.162"",""2.497"",""6.287"",""1.665"",""4.191"",""2.096"",""1.665"",""2.095"",""0.832"",""3.330"",""2.096"",""1.665"",""2.096"",""4.162"",""4.191"",""0.832"",""2.095"",""1.665"",""4.191"",""2.497"",""6.287"",""10.478"",""2.497"",""4.191"",""3.330"",""2.095"",""0.832"",""4.191"",""0.832"",""4.191"",""1.665"",""2.096"",""1.665"",""2.096"",""0.832"",""2.096"",""1.665"",""1.665""]","[""3.884"",""2.695"",""0.898"",""11.653"",""5.827"",""4.491"",""1.796"",""5.827"",""3.593"",""3.593"",""9.711"",""1.796"",""1.796"",""7.769"",""1.796"",""3.593"",""1.796"",""3.885"",""0.898"",""5.827"",""1.796"",""2.694"",""0.898"",""1.796"",""11.653"",""3.593"",""9.711"",""5.827"",""2.695"",""3.884"",""1.796"",""0.898"",""3.884"",""0.898"",""1.942"",""7.769"",""0.898"",""3.885"",""0.898"",""9.711"",""1.796"",""1.942"",""0.898"",""3.885"",""1.796"",""5.827"",""2.694"",""4.491"",""5.827"",""1.796"",""7.769"",""0.898"",""1.942"",""1.796"",""1.942"",""1.796"",""3.885"",""0.898"",""3.884"",""0.898"",""1.942"",""0.898"",""3.885"",""3.885""]","{""t01"":[],""t02"":[""t01""],""t03"":[""t01""],""t04"":[""t01""],""t05"":[""t04""],""t06"":[""t03""],""t07"":[""t02"",""t03""],""t08"":[""t05"",""t06""],""t09"":[""t07""],""t10"":[""t07""],""t11"":[""t08"",""t10""],""t12"":[""t08"",""t09"",""t10""],""t13"":[""t08""],""t14"":[""t10"",""t11""],""t15"":[""t05"",""t07"",""t12"",""t13""],""t16"":[""t13""],""t17"":[""t03"",""t11"",""t15""],""t18"":[""t14"",""t15""],""t19"":[""t15"",""t16""],""t20"":[""t16"",""t18""],""t21"":[""t17"",""t18""],""t22"":[""t06"",""t19""],""t23"":[""t01"",""t16"",""t20""],""t24"":[""t13"",""t20""],""t25"":[""t20"",""t21"",""t22""],""t26"":[""t23"",""t25""],""t27"":[""t11"",""t24"",""t25""],""t28"":[""t05"",""t15"",""t27""],""t29"":[""t09"",""t26"",""t27""],""t30"":[""t15"",""t28"",""t29""],""t31"":[""t10"",""t16"",""t29""],""t32"":[""t30"",""t31""],""t33"":[""t30"",""t31""],""t34"":[""t33""],""t35"":[""t32"",""t33""],""t36"":[""t02"",""t25"",""t34"",""t35""],""t37"":[""t10"",""t34"",""t35""],""t38"":[""t36""],""t39"":[""t17"",""t26"",""t28"",""t36"",""t37""],""t40"":[""t30"",""t38"",""t39""],""t41"":[""t38"",""t39""],""t42"":[""t04"",""t40""],""t43"":[""t10"",""t40"",""t41""],""t44"":[""t42"",""t43""],""t45"":[""t42"",""t43""],""t46"":[""t44"",""t45""],""t47"":[""t15"",""t21"",""t32"",""t45""],""t48"":[""t04"",""t18"",""t47""],""t49"":[""t04"",""t06"",""t25"",""t35"",""t46""],""t50"":[""t04"",""t48"",""t49""],""t51"":[""t16"",""t40"",""t49""],""t52"":[""t14"",""t22"",""t24"",""t43"",""t51""],""t53"":[""t50"",""t51""],""t54"":[""t33"",""t52"",""t53""],""t55"":[""t01"",""t18"",""t53""],""t56"":[""t54"",""t55""],""t57"":[""t43"",""t49"",""t55""],""t58"":[""t08"",""t14"",""t18"",""t22"",""t37"",""t56""],""t59"":[""t05"",""t25"",""t33"",""t57""],""t60"":[""t58"",""t59""],""t61"":[""t20"",""t31"",""t35"",""t46"",""t58"",""t59""],""t62"":[""t18"",""t28"",""t53"",""t60""],""t63"":[""t38"",""t60"",""t61""],""t64"":[""t05"",""t28"",""t62"",""t63""]}"
EXP-08,confirmatory,exp08_confirmatory_n64_mixed_lognormal_04,n64_mixed_lognormal,64,mixed,lognormal,medium,4,0,13097744302959269308,0.5205479452054794520547945205,t01->t03->t06->t09->t11->t16->t19->t22->t25->t27->t28->t31->t33->t34->t36->t39->t41->t42->t44->t47->t48->t50->t53->t54->t56->t59->t61->t63->t64,912,5,tied,0.3,0.7,"[""12"",""12"",""48"",""24"",""24"",""48"",""60"",""24"",""12"",""36"",""36"",""12"",""24"",""36"",""12"",""24"",""36"",""12"",""48"",""24"",""12"",""12"",""24"",""12"",""24"",""12"",""12"",""24"",""24"",""24"",""36"",""12"",""24"",""24"",""24"",""36"",""48"",""12"",""24"",""12"",""24"",""60"",""24"",""48"",""48"",""24"",""24"",""24"",""12"",""24"",""12"",""24"",""12"",""24"",""36"",""36"",""12"",""72"",""60"",""12"",""36"",""12"",""60"",""36""]","[""0.830"",""2.102"",""3.319"",""4.205"",""4.205"",""3.319"",""10.512"",""4.205"",""0.830"",""6.307"",""2.490"",""2.102"",""4.205"",""6.307"",""2.103"",""1.660"",""6.307"",""2.102"",""3.319"",""4.205"",""2.103"",""0.830"",""4.205"",""2.102"",""1.660"",""2.102"",""0.830"",""1.660"",""4.205"",""4.205"",""2.489"",""2.102"",""1.660"",""1.660"",""4.205"",""2.490"",""8.410"",""2.103"",""1.660"",""2.102"",""1.660"",""4.149"",""4.205"",""3.319"",""8.410"",""4.205"",""1.660"",""1.660"",""2.102"",""1.660"",""2.102"",""4.205"",""0.830"",""1.660"",""6.307"",""2.490"",""2.102"",""12.614"",""4.149"",""2.103"",""2.490"",""2.102"",""4.149"",""2.490""]","[""1.937"",""0.901"",""7.746"",""1.802"",""1.802"",""7.746"",""4.506"",""1.802"",""1.936"",""2.703"",""5.809"",""0.901"",""1.802"",""2.703"",""0.901"",""3.873"",""2.703"",""0.901"",""7.746"",""1.802"",""0.901"",""1.936"",""1.802"",""0.901"",""3.873"",""0.901"",""1.936"",""3.873"",""1.802"",""1.802"",""5.809"",""0.901"",""3.873"",""3.873"",""1.802"",""5.809"",""3.604"",""0.901"",""3.873"",""0.901"",""3.873"",""9.682"",""1.802"",""7.746"",""3.604"",""1.802"",""3.873"",""3.873"",""0.901"",""3.873"",""0.901"",""1.802"",""1.936"",""3.873"",""2.703"",""5.809"",""0.901"",""5.407"",""9.682"",""0.901"",""5.809"",""0.901"",""9.682"",""5.809""]","{""t01"":[],""t02"":[""t01""],""t03"":[""t01""],""t04"":[""t01""],""t05"":[""t02""],""t06"":[""t03""],""t07"":[""t04""],""t08"":[""t02"",""t04"",""t05""],""t09"":[""t03"",""t05"",""t06""],""t10"":[""t01"",""t06"",""t07""],""t11"":[""t09""],""t12"":[""t08"",""t10""],""t13"":[""t07"",""t09""],""t14"":[""t09"",""t11"",""t12""],""t15"":[""t09"",""t12"",""t13""],""t16"":[""t11""],""t17"":[""t02"",""t15""],""t18"":[""t14"",""t15""],""t19"":[""t01"",""t15"",""t16""],""t20"":[""t17"",""t18""],""t21"":[""t04"",""t09"",""t18"",""t19""],""t22"":[""t06"",""t14"",""t19""],""t23"":[""t13"",""t22""],""t24"":[""t11"",""t20""],""t25"":[""t10"",""t20"",""t21"",""t22""],""t26"":[""t02"",""t19"",""t24"",""t25""],""t27"":[""t23"",""t25""],""t28"":[""t26"",""t27""],""t29"":[""t02"",""t19"",""t21"",""t26""],""t30"":[""t08"",""t12"",""t29""],""t31"":[""t02"",""t20"",""t28""],""t32"":[""t30"",""t31""],""t33"":[""t30"",""t31""],""t34"":[""t07"",""t33""],""t35"":[""t12"",""t20"",""t32""],""t36"":[""t05"",""t25"",""t34"",""t35""],""t37"":[""t35""],""t38"":[""t04"",""t37""],""t39"":[""t03"",""t36""],""t40"":[""t19"",""t39""],""t41"":[""t12"",""t38"",""t39""],""t42"":[""t14"",""t41""],""t43"":[""t17"",""t31"",""t36"",""t40"",""t41""],""t44"":[""t42""],""t45"":[""t09"",""t15"",""t22"",""t26"",""t35"",""t43""],""t46"":[""t16"",""t28"",""t37"",""t41"",""t45""],""t47"":[""t44""],""t48"":[""t23"",""t24"",""t46"",""t47""],""t49"":[""t02"",""t29"",""t30"",""t46""],""t50"":[""t23"",""t48""],""t51"":[""t24"",""t41"",""t49""],""t52"":[""t04"",""t18"",""t20"",""t51""],""t53"":[""t15"",""t16"",""t19"",""t46"",""t50""],""t54"":[""t10"",""t33"",""t53""],""t55"":[""t13"",""t15"",""t25"",""t38"",""t41"",""t42"",""t45"",""t52""],""t56"":[""t04"",""t19"",""t28"",""t40"",""t54""],""t57"":[""t05"",""t22"",""t51"",""t53"",""t55""],""t58"":[""t28"",""t33"",""t57""],""t59"":[""t16"",""t18"",""t24"",""t43"",""t45"",""t56"",""t57""],""t60"":[""t07"",""t23"",""t34"",""t38"",""t58""],""t61"":[""t11"",""t58"",""t59""],""t62"":[""t31"",""t57"",""t60""],""t63"":[""t19"",""t30"",""t35"",""t57"",""t61""],""t64"":[""t62"",""t63""]}"
EXP-08,confirmatory,exp08_confirmatory_n64_mixed_lognormal_05,n64_mixed_lognormal,64,mixed,lognormal,medium,5,0,2789944120323490352,0.5467625899280575539568345324,t01->t03->t07->t10->t11->t15->t18->t22->t25->t27->t29->t31->t33->t35->t37->t38->t41->t43->t45->t47->t49->t50->t52->t55->t56->t58->t60->t62->t64,912,2,tied,0.3,0.7,"[""48"",""24"",""36"",""12"",""24"",""24"",""60"",""24"",""24"",""36"",""60"",""24"",""12"",""12"",""24"",""12"",""36"",""12"",""12"",""36"",""24"",""12"",""12"",""24"",""36"",""24"",""36"",""12"",""24"",""12"",""24"",""12"",""48"",""36"",""48"",""24"",""12"",""12"",""12"",""48"",""48"",""24"",""24"",""24"",""24"",""12"",""48"",""24"",""36"",""36"",""24"",""24"",""24"",""48"",""36"",""24"",""12"",""36"",""12"",""12"",""12"",""24"",""24"",""12""]","[""3.161"",""4.448"",""2.370"",""2.224"",""4.448"",""4.448"",""3.951"",""4.448"",""4.448"",""2.370"",""3.951"",""4.448"",""2.224"",""2.224"",""1.580"",""2.224"",""6.672"",""0.790"",""2.224"",""6.672"",""4.448"",""0.790"",""2.224"",""4.448"",""2.370"",""4.448"",""2.370"",""2.224"",""1.580"",""2.224"",""1.580"",""2.224"",""3.161"",""6.672"",""3.161"",""4.448"",""0.790"",""0.790"",""2.224"",""8.896"",""3.161"",""4.448"",""1.580"",""4.448"",""1.580"",""2.224"",""3.161"",""4.448"",""2.371"",""2.370"",""4.448"",""1.580"",""4.448"",""8.896"",""2.370"",""1.580"",""2.224"",""2.370"",""2.224"",""0.790"",""2.224"",""1.580"",""4.448"",""0.790""]","[""7.374"",""1.906"",""5.531"",""0.953"",""1.906"",""1.907"",""9.218"",""1.906"",""1.906"",""5.531"",""9.218"",""1.907"",""0.953"",""0.953"",""3.687"",""0.953"",""2.860"",""1.844"",""0.953"",""2.860"",""1.906"",""1.843"",""0.953"",""1.906"",""5.531"",""1.907"",""5.531"",""0.953"",""3.687"",""0.953"",""3.687"",""0.953"",""7.374"",""2.860"",""7.374"",""1.906"",""1.844"",""1.844"",""0.953"",""3.813"",""7.374"",""1.906"",""3.687"",""1.906"",""3.687"",""0.953"",""7.374"",""1.906"",""5.531"",""5.531"",""1.907"",""3.687"",""1.906"",""3.813"",""5.531"",""3.687"",""0.953"",""5.531"",""0.953"",""1.843"",""0.953"",""3.687"",""1.906"",""1.844""]","{""t01"":[],""t02"":[""t01""],""t03"":[""t01""],""t04"":[""t01""],""t05"":[""t03"",""t04""],""t06"":[""t04""],""t07"":[""t02"",""t03""],""t08"":[""t06"",""t07""],""t09"":[""t05"",""t06""],""t10"":[""t05"",""t06"",""t07""],""t11"":[""t03"",""t07"",""t10""],""t12"":[""t08""],""t13"":[""t05"",""t08"",""t09""],""t14"":[""t11"",""t13""],""t15"":[""t11""],""t16"":[""t02"",""t09"",""t12""],""t17"":[""t16""],""t18"":[""t14"",""t15""],""t19"":[""t12"",""t14"",""t15""],""t20"":[""t17""],""t21"":[""t04"",""t06"",""t18"",""t19""],""t22"":[""t08"",""t17"",""t18""],""t23"":[""t20"",""t21""],""t24"":[""t11"",""t19"",""t22""],""t25"":[""t22""],""t26"":[""t25""],""t27"":[""t06"",""t14"",""t23"",""t24"",""t25""],""t28"":[""t16"",""t24"",""t26"",""t27""],""t29"":[""t06"",""t27""],""t30"":[""t20"",""t29""],""t31"":[""t05"",""t28"",""t29""],""t32"":[""t21"",""t30"",""t31""],""t33"":[""t29"",""t31""],""t34"":[""t12"",""t20"",""t32""],""t35"":[""t14"",""t33""],""t36"":[""t26"",""t34""],""t37"":[""t35""],""t38"":[""t11"",""t20"",""t34"",""t37""],""t39"":[""t32"",""t36""],""t40"":[""t23"",""t28"",""t30"",""t39""],""t41"":[""t10"",""t38"",""t39""],""t42"":[""t04"",""t41""],""t43"":[""t01"",""t40"",""t41""],""t44"":[""t30"",""t31"",""t39"",""t42""],""t45"":[""t42"",""t43""],""t46"":[""t18"",""t44""],""t47"":[""t41"",""t45""],""t48"":[""t44"",""t47""],""t49"":[""t18"",""t19"",""t46"",""t47""],""t50"":[""t39"",""t40"",""t46"",""t48"",""t49""],""t51"":[""t48""],""t52"":[""t50""],""t53"":[""t10"",""t13"",""t51""],""t54"":[""t39"",""t50"",""t53""],""t55"":[""t03"",""t52""],""t56"":[""t03"",""t54"",""t55""],""t57"":[""t02"",""t11"",""t31"",""t39"",""t42"",""t46"",""t55""],""t58"":[""t27"",""t45"",""t56"",""t57""],""t59"":[""t10"",""t34"",""t40"",""t57""],""t60"":[""t16"",""t23"",""t56"",""t58"",""t59""],""t61"":[""t16"",""t18"",""t34"",""t59""],""t62"":[""t30"",""t60""],""t63"":[""t01"",""t07"",""t23"",""t29"",""t36"",""t61""],""t64"":[""t20"",""t62"",""t63""]}"
EXP-08,confirmatory,exp08_confirmatory_n64_mixed_lognormal_06,n64_mixed_lognormal,64,mixed,lognormal,medium,6,0,10977072758492406857,0.5783132530120481927710843373,t01->t04->t05->t09->t13->t16->t19->t21->t25->t26->t29->t30->t32->t34->t37->t38->t41->t43->t44->t46->t48->t50->t53->t54->t57->t59->t60->t63->t64,1152,7,tied,0.3,0.7,"[""24"",""12"",""12"",""36"",""24"",""24"",""48"",""36"",""24"",""12"",""12"",""60"",""36"",""36"",""24"",""72"",""36"",""12"",""24"",""12"",""36"",""24"",""24"",""12"",""12"",""36"",""36"",""24"",""24"",""72"",""24"",""36"",""12"",""72"",""12"",""24"",""72"",""12"",""48"",""24"",""48"",""36"",""48"",""36"",""24"",""48"",""12"",""36"",""12"",""24"",""24"",""24"",""60"",""72"",""12"",""12"",""48"",""12"",""24"",""48"",""48"",""24"",""24"",""24""]","[""1.494"",""2.391"",""2.390"",""2.241"",""1.494"",""4.781"",""9.562"",""7.171"",""1.494"",""2.391"",""2.390"",""11.952"",""2.241"",""7.171"",""4.781"",""4.482"",""7.171"",""2.390"",""1.494"",""2.390"",""2.241"",""4.781"",""4.781"",""2.391"",""0.747"",""2.241"",""7.171"",""4.781"",""1.494"",""4.482"",""4.781"",""2.241"",""2.390"",""4.482"",""2.390"",""4.781"",""4.482"",""0.747"",""9.562"",""4.781"",""2.988"",""7.171"",""2.988"",""2.241"",""4.781"",""2.988"",""2.390"",""2.241"",""2.390"",""1.494"",""4.781"",""4.781"",""3.735"",""4.482"",""2.390"",""2.390"",""2.988"",""2.390"",""1.494"",""2.988"",""9.562"",""4.781"",""1.494"",""1.494""]","[""3.486"",""1.025"",""1.024"",""5.229"",""3.486"",""2.049"",""4.098"",""3.073"",""3.486"",""1.024"",""1.025"",""5.122"",""5.229"",""3.073"",""2.049"",""10.458"",""3.073"",""1.025"",""3.486"",""1.025"",""5.229"",""2.049"",""2.049"",""1.024"",""1.743"",""5.229"",""3.073"",""2.049"",""3.486"",""10.458"",""2.049"",""5.229"",""1.025"",""10.458"",""1.025"",""2.049"",""10.458"",""1.743"",""4.098"",""2.049"",""6.972"",""3.073"",""6.972"",""5.229"",""2.049"",""6.972"",""1.024"",""5.229"",""1.024"",""3.486"",""2.049"",""2.049"",""8.715"",""10.458"",""1.024"",""1.025"",""6.972"",""1.024"",""3.486"",""6.972"",""4.098"",""2.049"",""3.486"",""3.486""]","{""t01"":[],""t02"":[""t01""],""t03"":[""t01""],""t04"":[""t01""],""t05"":[""t04""],""t06"":[""t03""],""t07"":[""t02"",""t04""],""t08"":[""t06"",""t07""],""t09"":[""t02"",""t05""],""t10"":[""t06""],""t11"":[""t10""],""t12"":[""t08"",""t10""],""t13"":[""t09""],""t14"":[""t10"",""t11""],""t15"":[""t11"",""t12""],""t16"":[""t13""],""t17"":[""t12"",""t14""],""t18"":[""t08"",""t15"",""t16""],""t19"":[""t05"",""t16""],""t20"":[""t17"",""t18""],""t21"":[""t17"",""t19""],""t22"":[""t18""],""t23"":[""t20"",""t22""],""t24"":[""t22""],""t25"":[""t20"",""t21"",""t22""],""t26"":[""t18"",""t24"",""t25""],""t27"":[""t10"",""t20"",""t23"",""t24"",""t25""],""t28"":[""t26""],""t29"":[""t26"",""t27""],""t30"":[""t02"",""t24"",""t28"",""t29""],""t31"":[""t09"",""t28""],""t32"":[""t14"",""t30""],""t33"":[""t15"",""t30"",""t31""],""t34"":[""t05"",""t21"",""t32"",""t33""],""t35"":[""t30"",""t32""],""t36"":[""t11"",""t35""],""t37"":[""t34""],""t38"":[""t36"",""t37""],""t39"":[""t24"",""t36""],""t40"":[""t38""],""t41"":[""t20"",""t35"",""t38"",""t39""],""t42"":[""t09"",""t14"",""t24"",""t30"",""t31"",""t40""],""t43"":[""t11"",""t22"",""t40"",""t41""],""t44"":[""t08"",""t14"",""t30"",""t31"",""t35"",""t42"",""t43""],""t45"":[""t40"",""t42"",""t43""],""t46"":[""t33"",""t44""],""t47"":[""t44"",""t45""],""t48"":[""t11"",""t15"",""t18"",""t30"",""t46"",""t47""],""t49"":[""t31"",""t42"",""t46"",""t47""],""t50"":[""t04"",""t18"",""t36"",""t38"",""t48"",""t49""],""t51"":[""t49""],""t52"":[""t02"",""t08"",""t24"",""t27"",""t42"",""t46"",""t51""],""t53"":[""t28"",""t50"",""t51""],""t54"":[""t16"",""t18"",""t53""],""t55"":[""t52""],""t56"":[""t23"",""t55""],""t57"":[""t43"",""t54""],""t58"":[""t14"",""t22"",""t30"",""t57""],""t59"":[""t53"",""t56"",""t57""],""t60"":[""t17"",""t58"",""t59""],""t61"":[""t15"",""t19"",""t34"",""t57"",""t58""],""t62"":[""t12"",""t61""],""t63"":[""t22"",""t48"",""t60"",""t61""],""t64"":[""t57"",""t62"",""t63""]}"
EXP-08,confirmatory,exp08_confirmatory_n64_mixed_lognormal_07,n64_mixed_lognormal,64,mixed,lognormal,medium,7,0,14047591303140805933,0.5401459854014598540145985401,t01->t03->t06->t09->t11->t16->t17->t20->t23->t27->t29->t30->t32->t35->t36->t38->t40->t42->t45->t47->t48->t51->t53->t55->t56->t58->t61->t63->t64,888,4,tied,0.3,0.7,"[""24"",""24"",""36"",""24"",""12"",""72"",""48"",""24"",""24"",""24"",""12"",""24"",""12"",""12"",""12"",""48"",""24"",""12"",""24"",""36"",""36"",""12"",""36"",""48"",""12"",""24"",""24"",""24"",""72"",""12"",""12"",""12"",""12"",""12"",""12"",""24"",""24"",""12"",""24"",""12"",""12"",""12"",""36"",""12"",""24"",""36"",""72"",""60"",""12"",""24"",""36"",""12"",""12"",""48"",""36"",""36"",""24"",""24"",""12"",""12"",""24"",""24"",""24"",""36""]","[""1.600"",""4.384"",""2.399"",""4.384"",""2.192"",""4.799"",""8.768"",""4.384"",""1.600"",""4.384"",""0.800"",""4.384"",""2.192"",""2.192"",""2.192"",""3.199"",""1.600"",""2.192"",""4.384"",""2.399"",""6.576"",""2.192"",""2.399"",""8.768"",""2.192"",""4.384"",""1.599"",""4.384"",""4.799"",""0.800"",""2.192"",""0.800"",""2.192"",""2.192"",""0.800"",""1.599"",""4.384"",""0.800"",""4.384"",""0.800"",""2.192"",""0.800"",""6.576"",""2.192"",""1.599"",""6.576"",""4.799"",""3.999"",""2.192"",""4.384"",""2.399"",""2.192"",""0.800"",""8.768"",""2.399"",""2.399"",""4.384"",""1.600"",""2.192"",""2.192"",""1.599"",""4.384"",""1.600"",""2.399""]","[""3.732"",""1.879"",""5.599"",""1.879"",""0.939"",""11.197"",""3.758"",""1.879"",""3.732"",""1.879"",""1.866"",""1.879"",""0.940"",""0.939"",""0.940"",""7.465"",""3.732"",""0.939"",""1.879"",""5.599"",""2.818"",""0.939"",""5.599"",""3.758"",""0.939"",""1.879"",""3.732"",""1.879"",""11.197"",""1.866"",""0.939"",""1.866"",""0.939"",""0.939"",""1.866"",""3.732"",""1.879"",""1.866"",""1.879"",""1.866"",""0.939"",""1.866"",""2.818"",""0.940"",""3.732"",""2.818"",""11.197"",""9.331"",""0.940"",""1.879"",""5.599"",""0.939"",""1.866"",""3.758"",""5.599"",""5.599"",""1.879"",""3.732"",""0.940"",""0.939"",""3.732"",""1.879"",""3.732"",""5.599""]","{""t01"":[],""t02"":[""t01""],""t03"":[""t01""],""t04"":[""t01""],""t05"":[""t02""],""t06"":[""t02"",""t03"",""t04""],""t07"":[""t04""],""t08"":[""t06"",""t07""],""t09"":[""t05"",""t06"",""t07""],""t10"":[""t05"",""t07""],""t11"":[""t08"",""t09""],""t12"":[""t09""],""t13"":[""t09"",""t10""],""t14"":[""t11""],""t15"":[""t12"",""t13""],""t16"":[""t07"",""t11""],""t17"":[""t05"",""t16""],""t18"":[""t15""],""t19"":[""t12"",""t14"",""t16""],""t20"":[""t17"",""t18""],""t21"":[""t18""],""t22"":[""t03"",""t17"",""t19""],""t23"":[""t12"",""t20"",""t22""],""t24"":[""t02"",""t20"",""t21""],""t25"":[""t06"",""t08"",""t20"",""t22""],""t26"":[""t13"",""t24""],""t27"":[""t23"",""t25""],""t28"":[""t08"",""t11"",""t26""],""t29"":[""t27""],""t30"":[""t21"",""t29""],""t31"":[""t04"",""t21"",""t28""],""t32"":[""t11"",""t25"",""t30"",""t31""],""t33"":[""t15"",""t16"",""t28"",""t31""],""t34"":[""t16"",""t31"",""t33""],""t35"":[""t06"",""t32"",""t33""],""t36"":[""t26"",""t35""],""t37"":[""t10"",""t12"",""t34""],""t38"":[""t05"",""t07"",""t34"",""t36"",""t37""],""t39"":[""t37""],""t40"":[""t02"",""t38"",""t39""],""t41"":[""t13"",""t34"",""t38""],""t42"":[""t12"",""t27"",""t40""],""t43"":[""t22"",""t41""],""t44"":[""t09"",""t31"",""t36"",""t42"",""t43""],""t45"":[""t42""],""t46"":[""t12"",""t26"",""t30"",""t34"",""t44""],""t47"":[""t25"",""t45""],""t48"":[""t47""],""t49"":[""t13"",""t46""],""t50"":[""t26"",""t48"",""t49""],""t51"":[""t19"",""t48""],""t52"":[""t47"",""t50""],""t53"":[""t12"",""t27"",""t28"",""t32"",""t41"",""t51""],""t54"":[""t03"",""t11"",""t13"",""t30"",""t47"",""t53""],""t55"":[""t15"",""t29"",""t39"",""t52"",""t53""],""t56"":[""t48"",""t55""],""t57"":[""t47"",""t54""],""t58"":[""t12"",""t14"",""t27"",""t40"",""t54"",""t56"",""t57""],""t59"":[""t12"",""t47"",""t57""],""t60"":[""t39"",""t58""],""t61"":[""t58"",""t59""],""t62"":[""t01"",""t51"",""t60""],""t63"":[""t05"",""t30"",""t58"",""t61""],""t64"":[""t01"",""t62"",""t63""]}"
EXP-08,confirmatory,exp08_confirmatory_n64_mixed_lognormal_08,n64_mixed_lognormal,64,mixed,lognormal,medium,8,0,16807977300305714065,0.5411764705882352941176470588,t01->t02->t05->t10->t11->t15->t18->t22->t23->t26->t29->t31->t32->t35->t36->t38->t41->t42->t45->t46->t49->t50->t53->t54->t56->t58->t60->t62->t64,1104,4,tied,0.3,0.7,"[""24"",""12"",""12"",""12"",""36"",""36"",""12"",""24"",""24"",""72"",""36"",""24"",""36"",""24"",""36"",""24"",""12"",""60"",""60"",""24"",""36"",""36"",""48"",""24"",""24"",""24"",""36"",""36"",""24"",""24"",""36"",""12"",""36"",""60"",""48"",""36"",""24"",""48"",""12"",""12"",""36"",""24"",""24"",""24"",""72"",""12"",""24"",""24"",""24"",""24"",""12"",""36"",""36"",""60"",""12"",""24"",""12"",""36"",""36"",""60"",""48"",""72"",""36"",""36""]","[""1.596"",""0.798"",""2.197"",""2.197"",""2.395"",""6.590"",""2.197"",""4.394"",""4.394"",""4.790"",""2.395"",""4.394"",""6.591"",""4.394"",""2.395"",""4.394"",""2.197"",""3.991"",""10.984"",""4.394"",""6.590"",""2.395"",""3.193"",""4.394"",""4.394"",""1.597"",""6.591"",""6.591"",""1.596"",""4.394"",""2.395"",""0.798"",""6.591"",""10.984"",""3.193"",""2.395"",""4.394"",""3.193"",""2.197"",""2.197"",""2.395"",""1.596"",""4.394"",""4.394"",""4.790"",""0.798"",""4.394"",""4.394"",""1.596"",""1.596"",""2.197"",""6.590"",""2.395"",""3.991"",""2.197"",""1.597"",""2.197"",""2.395"",""6.591"",""3.991"",""8.787"",""4.790"",""6.591"",""2.395""]","[""3.725"",""1.862"",""0.941"",""0.941"",""5.588"",""2.825"",""0.941"",""1.883"",""1.883"",""11.176"",""5.588"",""1.883"",""2.825"",""1.883"",""5.588"",""1.883"",""0.942"",""9.313"",""4.708"",""1.883"",""2.825"",""5.588"",""7.450"",""1.883"",""1.883"",""3.725"",""2.825"",""2.825"",""3.725"",""1.883"",""5.588"",""1.863"",""2.825"",""4.708"",""7.450"",""5.588"",""1.883"",""7.450"",""0.941"",""0.941"",""5.588"",""3.725"",""1.883"",""1.883"",""11.176"",""1.863"",""1.883"",""1.883"",""3.725"",""3.725"",""0.942"",""2.825"",""5.588"",""9.313"",""0.941"",""3.725"",""0.941"",""5.588"",""2.825"",""9.313"",""3.766"",""11.176"",""2.825"",""5.588""]","{""t01"":[],""t02"":[""t01""],""t03"":[""t01""],""t04"":[""t01""],""t05"":[""t02""],""t06"":[""t03"",""t04""],""t07"":[""t02"",""t04""],""t08"":[""t06""],""t09"":[""t05"",""t06"",""t07""],""t10"":[""t05""],""t11"":[""t04"",""t05"",""t08"",""t10""],""t12"":[""t08"",""t10""],""t13"":[""t08"",""t09""],""t14"":[""t06"",""t11"",""t12""],""t15"":[""t11"",""t12"",""t13""],""t16"":[""t05"",""t13""],""t17"":[""t14"",""t15"",""t16""],""t18"":[""t01"",""t15"",""t16""],""t19"":[""t15""],""t20"":[""t19""],""t21"":[""t17"",""t18""],""t22"":[""t13"",""t18""],""t23"":[""t11"",""t19"",""t20"",""t22""],""t24"":[""t21""],""t25"":[""t06"",""t17"",""t21"",""t22""],""t26"":[""t20"",""t23"",""t24"",""t25""],""t27"":[""t18"",""t25""],""t28"":[""t04"",""t05"",""t08"",""t26"",""t27""],""t29"":[""t23"",""t26""],""t30"":[""t05"",""t07"",""t28"",""t29""],""t31"":[""t05"",""t08"",""t29""],""t32"":[""t31""],""t33"":[""t10"",""t30"",""t31""],""t34"":[""t33""],""t35"":[""t02"",""t14"",""t32""],""t36"":[""t11"",""t35""],""t37"":[""t34"",""t35""],""t38"":[""t36""],""t39"":[""t37""],""t40"":[""t22"",""t29"",""t38"",""t39""],""t41"":[""t15"",""t19"",""t25"",""t31"",""t38""],""t42"":[""t25"",""t41""],""t43"":[""t02"",""t06"",""t40"",""t41""],""t44"":[""t03"",""t19"",""t41"",""t42"",""t43""],""t45"":[""t14"",""t42""],""t46"":[""t11"",""t17"",""t40"",""t43"",""t44"",""t45""],""t47"":[""t01"",""t06"",""t44""],""t48"":[""t12"",""t46""],""t49"":[""t07"",""t46"",""t47""],""t50"":[""t21"",""t47"",""t48"",""t49""],""t51"":[""t32"",""t48""],""t52"":[""t14"",""t16"",""t22"",""t50""],""t53"":[""t01"",""t36"",""t50"",""t51""],""t54"":[""t30"",""t38"",""t52"",""t53""],""t55"":[""t02"",""t44"",""t53""],""t56"":[""t09"",""t14"",""t54"",""t55""],""t57"":[""t11"",""t54""],""t58"":[""t13"",""t30"",""t37"",""t53"",""t56"",""t57""],""t59"":[""t06"",""t08"",""t20"",""t48"",""t56"",""t57""],""t60"":[""t58""],""t61"":[""t12"",""t13"",""t16"",""t28"",""t45"",""t50"",""t59""],""t62"":[""t30"",""t37"",""t50"",""t60"",""t61""],""t63"":[""t19"",""t61""],""t64"":[""t44"",""t62"",""t63""]}"
EXP-08,confirmatory,exp08_confirmatory_n64_mixed_lognormal_09,n64_mixed_lognormal,64,mixed,lognormal,medium,9,0,15123729520244299737,0.5671641791044776119402985075,t01->t02->t07->t09->t13->t16->t19->t22->t25->t26->t28->t30->t33->t34->t36->t39->t40->t43->t44->t46->t48->t51->t52->t54->t57->t58->t61->t63->t64,912,8,tied,0.3,0.7,"[""24"",""36"",""24"",""36"",""12"",""12"",""12"",""12"",""24"",""24"",""12"",""12"",""24"",""12"",""36"",""24"",""12"",""48"",""24"",""12"",""24"",""48"",""24"",""36"",""60"",""24"",""12"",""36"",""24"",""24"",""24"",""24"",""48"",""12"",""12"",""24"",""24"",""36"",""60"",""24"",""12"",""24"",""36"",""12"",""12"",""24"",""24"",""24"",""12"",""12"",""36"",""12"",""12"",""72"",""12"",""24"",""36"",""36"",""24"",""12"",""24"",""12"",""60"",""12""]","[""1.523"",""2.285"",""4.657"",""6.986"",""2.329"",""2.329"",""0.762"",""2.329"",""1.523"",""4.658"",""2.329"",""2.329"",""1.523"",""2.329"",""6.986"",""1.524"",""2.329"",""9.315"",""1.523"",""2.329"",""4.658"",""3.047"",""4.658"",""6.986"",""3.809"",""1.523"",""2.329"",""2.285"",""4.658"",""1.523"",""4.657"",""4.658"",""3.047"",""0.762"",""2.329"",""1.523"",""4.657"",""6.986"",""3.809"",""1.523"",""2.329"",""4.657"",""2.285"",""0.762"",""2.329"",""1.523"",""4.658"",""1.523"",""2.329"",""2.329"",""2.285"",""0.762"",""2.329"",""4.570"",""2.329"",""4.657"",""2.285"",""2.285"",""4.658"",""2.329"",""1.523"",""2.329"",""3.809"",""0.762""]","[""3.555"",""5.332"",""1.996"",""2.995"",""0.998"",""0.998"",""1.777"",""0.998"",""3.554"",""1.996"",""0.998"",""0.998"",""3.555"",""0.998"",""2.995"",""3.555"",""0.998"",""3.993"",""3.554"",""0.998"",""1.996"",""7.109"",""1.996"",""2.995"",""8.886"",""3.554"",""0.998"",""5.332"",""1.996"",""3.554"",""1.996"",""1.996"",""7.109"",""1.777"",""0.998"",""3.555"",""1.996"",""2.994"",""8.886"",""3.554"",""0.998"",""1.996"",""5.332"",""1.777"",""0.998"",""3.555"",""1.996"",""3.555"",""0.998"",""0.998"",""5.332"",""1.777"",""0.998"",""10.664"",""0.998"",""1.996"",""5.332"",""5.332"",""1.996"",""0.998"",""3.555"",""0.998"",""8.886"",""1.777""]","{""t01"":[],""t02"":[""t01""],""t03"":[""t01""],""t04"":[""t01""],""t05"":[""t02"",""t03""],""t06"":[""t02"",""t04""],""t07"":[""t02""],""t08"":[""t06""],""t09"":[""t05"",""t07""],""t10"":[""t05""],""t11"":[""t08""],""t12"":[""t10""],""t13"":[""t08"",""t09""],""t14"":[""t12"",""t13""],""t15"":[""t06"",""t11"",""t12"",""t13""],""t16"":[""t06"",""t13""],""t17"":[""t16""],""t18"":[""t15"",""t16""],""t19"":[""t14"",""t16""],""t20"":[""t17"",""t18""],""t21"":[""t05"",""t17"",""t18""],""t22"":[""t17"",""t19""],""t23"":[""t07"",""t21""],""t24"":[""t13"",""t20"",""t22""],""t25"":[""t13"",""t22""],""t26"":[""t23"",""t25""],""t27"":[""t05"",""t23"",""t24""],""t28"":[""t26""],""t29"":[""t10"",""t17"",""t26"",""t27""],""t30"":[""t15"",""t27"",""t28"",""t29""],""t31"":[""t29""],""t32"":[""t14"",""t30""],""t33"":[""t15"",""t30"",""t31""],""t34"":[""t01"",""t33""],""t35"":[""t03"",""t10"",""t32""],""t36"":[""t19"",""t21"",""t28"",""t32"",""t34"",""t35""],""t37"":[""t29"",""t35""],""t38"":[""t14"",""t18"",""t31"",""t36""],""t39"":[""t13"",""t36"",""t37""],""t40"":[""t38"",""t39""],""t41"":[""t39""],""t42"":[""t40"",""t41""],""t43"":[""t33"",""t34"",""t40""],""t44"":[""t10"",""t15"",""t16"",""t18"",""t26"",""t29"",""t42"",""t43""],""t45"":[""t39"",""t42""],""t46"":[""t12"",""t19"",""t36"",""t44""],""t47"":[""t07"",""t32"",""t44"",""t45""],""t48"":[""t23"",""t46"",""t47""],""t49"":[""t04"",""t14"",""t18"",""t46""],""t50"":[""t06"",""t31"",""t32"",""t35"",""t39"",""t48"",""t49""],""t51"":[""t26"",""t30"",""t48"",""t49""],""t52"":[""t19"",""t24"",""t44"",""t50"",""t51""],""t53"":[""t10"",""t19"",""t33"",""t47"",""t51""],""t54"":[""t52"",""t53""],""t55"":[""t15"",""t24"",""t52""],""t56"":[""t55""],""t57"":[""t04"",""t22"",""t28"",""t54"",""t55""],""t58"":[""t57""],""t59"":[""t20"",""t23"",""t32"",""t36"",""t56"",""t57""],""t60"":[""t14"",""t58""],""t61"":[""t29"",""t31"",""t58"",""t59""],""t62"":[""t31"",""t60""],""t63"":[""t22"",""t27"",""t29"",""t39"",""t61""],""t64"":[""t01"",""t24"",""t53"",""t62"",""t63""]}"
EXP-08,confirmatory,exp08_confirmatory_n64_mixed_lognormal_10,n64_mixed_lognormal,64,mixed,lognormal,medium,10,0,8089348083278973606,0.58,t01->t03->t06->t08->t13->t16->t18->t21->t25->t27->t29->t31->t32->t34->t36->t38->t41->t43->t45->t46->t49->t50->t53->t55->t56->t58->t61->t62->t64,1044,8,tied,0.3,0.7,"[""12"",""24"",""36"",""12"",""12"",""36"",""12"",""72"",""36"",""36"",""24"",""24"",""24"",""12"",""48"",""60"",""24"",""24"",""12"",""12"",""24"",""24"",""12"",""12"",""24"",""24"",""48"",""12"",""36"",""24"",""24"",""36"",""24"",""24"",""24"",""72"",""24"",""48"",""12"",""12"",""36"",""24"",""24"",""24"",""36"",""36"",""36"",""24"",""60"",""12"",""12"",""24"",""36"",""36"",""60"",""24"",""24"",""24"",""24"",""24"",""72"",""12"",""12"",""12""]","[""0.745"",""4.800"",""2.234"",""2.400"",""2.400"",""2.234"",""2.400"",""4.469"",""7.200"",""7.200"",""4.800"",""4.800"",""1.490"",""2.400"",""9.600"",""3.724"",""4.800"",""1.490"",""2.400"",""2.400"",""1.490"",""4.800"",""2.400"",""2.400"",""1.490"",""4.800"",""2.979"",""2.400"",""2.234"",""4.800"",""1.490"",""2.235"",""4.800"",""1.490"",""4.800"",""4.469"",""4.800"",""2.979"",""2.400"",""2.400"",""2.234"",""4.800"",""1.490"",""4.800"",""2.234"",""2.234"",""7.200"",""4.800"",""3.724"",""0.745"",""2.400"",""4.800"",""2.234"",""7.200"",""3.724"",""1.490"",""4.800"",""1.490"",""4.800"",""4.800"",""4.469"",""0.745"",""2.400"",""0.745""]","[""1.738"",""2.057"",""5.214"",""1.029"",""1.028"",""5.214"",""1.029"",""10.427"",""3.086"",""3.086"",""2.057"",""2.057"",""3.476"",""1.029"",""4.114"",""8.689"",""2.057"",""3.476"",""1.028"",""1.028"",""3.476"",""2.057"",""1.029"",""1.029"",""3.476"",""2.057"",""6.952"",""1.029"",""5.214"",""2.057"",""3.476"",""5.214"",""2.057"",""3.476"",""2.057"",""10.427"",""2.057"",""6.952"",""1.029"",""1.028"",""5.214"",""2.057"",""3.476"",""2.057"",""5.214"",""5.214"",""3.086"",""2.057"",""8.689"",""1.738"",""1.029"",""2.057"",""5.214"",""3.086"",""8.689"",""3.476"",""2.057"",""3.476"",""2.057"",""2.057"",""10.427"",""1.738"",""1.029"",""1.738""]","{""t01"":[],""t02"":[""t01""],""t03"":[""t01""],""t04"":[""t01""],""t05"":[""t02""],""t06"":[""t03""],""t07"":[""t01"",""t02"",""t04""],""t08"":[""t06"",""t07""],""t09"":[""t06""],""t10"":[""t05"",""t06""],""t11"":[""t09""],""t12"":[""t09""],""t13"":[""t08"",""t09"",""t10""],""t14"":[""t12""],""t15"":[""t01"",""t11"",""t12""],""t16"":[""t05"",""t13""],""t17"":[""t13"",""t14""],""t18"":[""t15"",""t16""],""t19"":[""t04"",""t05"",""t14""],""t20"":[""t18"",""t19""],""t21"":[""t17"",""t18""],""t22"":[""t18""],""t23"":[""t08"",""t20"",""t22""],""t24"":[""t13"",""t20"",""t21""],""t25"":[""t12"",""t21""],""t26"":[""t23""],""t27"":[""t05"",""t07"",""t24"",""t25""],""t28"":[""t26"",""t27""],""t29"":[""t09"",""t26"",""t27""],""t30"":[""t14"",""t17"",""t28"",""t29""],""t31"":[""t05"",""t29""],""t32"":[""t21"",""t31""],""t33"":[""t03"",""t30""],""t34"":[""t17"",""t19"",""t26"",""t32"",""t33""],""t35"":[""t09"",""t32""],""t36"":[""t08"",""t14"",""t16"",""t17"",""t34"",""t35""],""t37"":[""t35""],""t38"":[""t07"",""t29"",""t36"",""t37""],""t39"":[""t25"",""t37""],""t40"":[""t01"",""t15"",""t35"",""t39""],""t41"":[""t04"",""t38""],""t42"":[""t16"",""t40""],""t43"":[""t40"",""t41""],""t44"":[""t10"",""t43""],""t45"":[""t42"",""t43""],""t46"":[""t07"",""t28"",""t35"",""t45""],""t47"":[""t08"",""t09"",""t38"",""t44"",""t45""],""t48"":[""t05"",""t06"",""t25"",""t47""],""t49"":[""t46"",""t47""],""t50"":[""t19"",""t31"",""t48"",""t49""],""t51"":[""t10"",""t29"",""t44"",""t49""],""t52"":[""t33"",""t43"",""t50"",""t51""],""t53"":[""t08"",""t17"",""t35"",""t50""],""t54"":[""t07"",""t19"",""t30"",""t52"",""t53""],""t55"":[""t26"",""t39"",""t53""],""t56"":[""t54"",""t55""],""t57"":[""t01"",""t03"",""t05"",""t29"",""t55""],""t58"":[""t30"",""t56""],""t59"":[""t45"",""t49"",""t54"",""t56"",""t57""],""t60"":[""t21"",""t35"",""t59""],""t61"":[""t07"",""t20"",""t24"",""t58""],""t62"":[""t05"",""t44"",""t60"",""t61""],""t63"":[""t60"",""t61""],""t64"":[""t62"",""t63""]}"
EXP-08,confirmatory,exp08_confirmatory_n64_mixed_lognormal_11,n64_mixed_lognormal,64,mixed,lognormal,medium,11,0,13200057394004372384,0.5639534883720930232558139535,t01->t03->t05->t09->t12->t14->t18->t20->t24->t26->t28->t31->t33->t34->t36->t39->t41->t42->t45->t47->t49->t50->t52->t55->t56->t58->t60->t62->t64,1164,3,tied,0.3,0.7,"[""24"",""24"",""48"",""36"",""72"",""24"",""36"",""60"",""60"",""24"",""36"",""24"",""36"",""36"",""12"",""48"",""12"",""48"",""24"",""12"",""12"",""36"",""24"",""36"",""24"",""24"",""24"",""60"",""36"",""12"",""72"",""12"",""36"",""24"",""48"",""60"",""24"",""12"",""12"",""36"",""12"",""72"",""24"",""24"",""72"",""24"",""36"",""24"",""60"",""24"",""24"",""48"",""36"",""12"",""36"",""24"",""12"",""24"",""12"",""48"",""24"",""24"",""12"",""36""]","[""1.532"",""4.623"",""3.064"",""6.935"",""4.597"",""4.623"",""6.935"",""11.559"",""3.830"",""4.623"",""6.935"",""1.532"",""6.935"",""2.298"",""2.312"",""9.247"",""2.312"",""3.064"",""4.623"",""0.766"",""2.312"",""6.935"",""4.623"",""2.298"",""4.623"",""1.532"",""4.623"",""3.830"",""6.935"",""2.312"",""4.596"",""2.312"",""2.298"",""1.532"",""9.247"",""3.830"",""4.623"",""2.312"",""0.766"",""6.935"",""0.766"",""4.597"",""4.623"",""4.623"",""4.596"",""4.623"",""2.298"",""4.624"",""3.830"",""1.532"",""4.623"",""3.064"",""6.935"",""2.312"",""2.298"",""1.532"",""2.312"",""1.532"",""2.312"",""3.064"",""4.623"",""1.532"",""2.312"",""2.298""]","[""3.575"",""1.981"",""7.150"",""2.972"",""10.724"",""1.982"",""2.972"",""4.954"",""8.937"",""1.981"",""2.972"",""3.575"",""2.972"",""5.362"",""0.991"",""3.963"",""0.991"",""7.150"",""1.981"",""1.787"",""0.991"",""2.972"",""1.981"",""5.362"",""1.981"",""3.575"",""1.982"",""8.937"",""2.972"",""0.991"",""10.724"",""0.991"",""5.362"",""3.575"",""3.963"",""8.937"",""1.981"",""0.991"",""1.787"",""2.972"",""1.787"",""10.724"",""1.982"",""1.981"",""10.724"",""1.981"",""5.362"",""1.981"",""8.937"",""3.575"",""1.981"",""7.149"",""2.972"",""0.991"",""5.362"",""3.575"",""0.991"",""3.575"",""0.991"",""7.150"",""1.982"",""3.575"",""0.991"",""5.362""]","{""t01"":[],""t02"":[""t01""],""t03"":[""t01""],""t04"":[""t01""],""t05"":[""t02"",""t03""],""t06"":[""t02"",""t03"",""t04""],""t07"":[""t03""],""t08"":[""t05"",""t07""],""t09"":[""t05"",""t07""],""t10"":[""t05"",""t06"",""t07""],""t11"":[""t08"",""t09""],""t12"":[""t01"",""t09""],""t13"":[""t10""],""t14"":[""t12""],""t15"":[""t03"",""t12""],""t16"":[""t11"",""t13""],""t17"":[""t14""],""t18"":[""t14"",""t15""],""t19"":[""t10"",""t15"",""t16""],""t20"":[""t18"",""t19""],""t21"":[""t08"",""t17"",""t18"",""t19""],""t22"":[""t05"",""t17""],""t23"":[""t21""],""t24"":[""t02"",""t15"",""t20"",""t22""],""t25"":[""t22""],""t26"":[""t03"",""t17"",""t18"",""t21"",""t24"",""t25""],""t27"":[""t10"",""t23""],""t28"":[""t11"",""t26"",""t27""],""t29"":[""t26""],""t30"":[""t29""],""t31"":[""t14"",""t28"",""t29""],""t32"":[""t09"",""t27"",""t30""],""t33"":[""t19"",""t31""],""t34"":[""t32"",""t33""],""t35"":[""t13"",""t32""],""t36"":[""t34"",""t35""],""t37"":[""t03"",""t09"",""t31"",""t34""],""t38"":[""t02"",""t12"",""t16"",""t34"",""t36"",""t37""],""t39"":[""t13"",""t21"",""t36"",""t37""],""t40"":[""t06"",""t23"",""t29"",""t31"",""t33"",""t37"",""t38"",""t39""],""t41"":[""t27"",""t39""],""t42"":[""t41""],""t43"":[""t13"",""t16"",""t40""],""t44"":[""t03"",""t43""],""t45"":[""t42""],""t46"":[""t17"",""t21"",""t44""],""t47"":[""t41"",""t44"",""t45""],""t48"":[""t02"",""t47""],""t49"":[""t20"",""t46"",""t47""],""t50"":[""t05"",""t45"",""t49""],""t51"":[""t08"",""t11"",""t48""],""t52"":[""t04"",""t23"",""t38"",""t50"",""t51""],""t53"":[""t08"",""t22"",""t50""],""t54"":[""t13"",""t21"",""t45"",""t52""],""t55"":[""t13"",""t30"",""t52"",""t53""],""t56"":[""t04"",""t54"",""t55""],""t57"":[""t35"",""t55""],""t58"":[""t56"",""t57""],""t59"":[""t41"",""t56""],""t60"":[""t02"",""t06"",""t32"",""t43"",""t51"",""t58""],""t61"":[""t03"",""t11"",""t12"",""t23"",""t51"",""t55"",""t58"",""t59""],""t62"":[""t50"",""t60"",""t61""],""t63"":[""t24"",""t60""],""t64"":[""t55"",""t61"",""t62"",""t63""]}"
EXP-08,confirmatory,exp08_confirmatory_n64_mixed_lognormal_12,n64_mixed_lognormal,64,mixed,lognormal,medium,12,0,5805426830040433319,0.5,t01->t04->t05->t08->t11->t15->t17->t22->t25->t27->t28->t30->t32->t34->t37->t38->t41->t43->t45->t46->t49->t51->t53->t54->t56->t58->t61->t63->t64,912,2,tied,0.3,0.7,"[""24"",""60"",""12"",""72"",""36"",""36"",""48"",""36"",""24"",""12"",""24"",""12"",""24"",""36"",""48"",""12"",""12"",""24"",""24"",""12"",""12"",""36"",""24"",""36"",""24"",""36"",""24"",""36"",""12"",""36"",""12"",""12"",""36"",""36"",""48"",""12"",""24"",""24"",""24"",""12"",""24"",""24"",""24"",""48"",""36"",""72"",""36"",""24"",""24"",""24"",""24"",""48"",""24"",""24"",""36"",""24"",""24"",""48"",""12"",""24"",""48"",""12"",""24"",""12""]","[""1.728"",""10.080"",""2.016"",""5.184"",""2.592"",""6.048"",""8.064"",""2.592"",""4.032"",""2.016"",""1.728"",""2.016"",""4.032"",""6.048"",""3.456"",""2.016"",""0.864"",""4.032"",""4.032"",""2.016"",""2.016"",""2.592"",""4.032"",""6.048"",""1.728"",""6.048"",""1.728"",""2.592"",""2.016"",""2.592"",""2.016"",""0.864"",""6.048"",""2.592"",""8.064"",""2.016"",""1.728"",""1.728"",""4.032"",""2.016"",""1.728"",""4.032"",""1.728"",""8.064"",""2.592"",""5.184"",""6.048"",""4.032"",""1.728"",""4.032"",""1.728"",""8.064"",""1.728"",""1.728"",""6.048"",""1.728"",""4.032"",""3.456"",""2.016"",""4.032"",""3.456"",""2.016"",""1.728"",""0.864""]","[""4.032"",""4.320"",""0.864"",""12.096"",""6.048"",""2.592"",""3.456"",""6.048"",""1.728"",""0.864"",""4.032"",""0.864"",""1.728"",""2.592"",""8.064"",""0.864"",""2.016"",""1.728"",""1.728"",""0.864"",""0.864"",""6.048"",""1.728"",""2.592"",""4.032"",""2.592"",""4.032"",""6.048"",""0.864"",""6.048"",""0.864"",""2.016"",""2.592"",""6.048"",""3.456"",""0.864"",""4.032"",""4.032"",""1.728"",""0.864"",""4.032"",""1.728"",""4.032"",""3.456"",""6.048"",""12.096"",""2.592"",""1.728"",""4.032"",""1.728"",""4.032"",""3.456"",""4.032"",""4.032"",""2.592"",""4.032"",""1.728"",""8.064"",""0.864"",""1.728"",""8.064"",""0.864"",""4.032"",""2.016""]","{""t01"":[],""t02"":[""t01""],""t03"":[""t01""],""t04"":[""t01""],""t05"":[""t03"",""t04""],""t06"":[""t02"",""t04""],""t07"":[""t03""],""t08"":[""t05"",""t06""],""t09"":[""t07""],""t10"":[""t05""],""t11"":[""t08"",""t09""],""t12"":[""t05"",""t09""],""t13"":[""t10""],""t14"":[""t11"",""t12"",""t13""],""t15"":[""t11""],""t16"":[""t02"",""t11""],""t17"":[""t14"",""t15""],""t18"":[""t16""],""t19"":[""t14"",""t16""],""t20"":[""t17"",""t19""],""t21"":[""t17"",""t18""],""t22"":[""t02"",""t08"",""t10"",""t17""],""t23"":[""t16"",""t20"",""t21""],""t24"":[""t20""],""t25"":[""t20"",""t22""],""t26"":[""t06"",""t16"",""t23""],""t27"":[""t23"",""t24"",""t25""],""t28"":[""t15"",""t22"",""t27""],""t29"":[""t26""],""t30"":[""t21"",""t28""],""t31"":[""t06"",""t29""],""t32"":[""t09"",""t11"",""t30""],""t33"":[""t31""],""t34"":[""t04"",""t06"",""t30"",""t32""],""t35"":[""t33""],""t36"":[""t01"",""t22"",""t35""],""t37"":[""t04"",""t25"",""t34"",""t35""],""t38"":[""t36"",""t37""],""t39"":[""t25"",""t32"",""t37""],""t40"":[""t26"",""t39""],""t41"":[""t02"",""t23"",""t37"",""t38""],""t42"":[""t25"",""t40""],""t43"":[""t01"",""t06"",""t41""],""t44"":[""t13"",""t42""],""t45"":[""t04"",""t42"",""t43""],""t46"":[""t11"",""t24"",""t45""],""t47"":[""t09"",""t44""],""t48"":[""t13"",""t47""],""t49"":[""t46""],""t50"":[""t35"",""t42"",""t48""],""t51"":[""t06"",""t23"",""t37"",""t45"",""t47"",""t49""],""t52"":[""t17"",""t21"",""t24"",""t50""],""t53"":[""t42"",""t51""],""t54"":[""t07"",""t11"",""t52"",""t53""],""t55"":[""t18"",""t52""],""t56"":[""t03"",""t15"",""t54""],""t57"":[""t43"",""t45"",""t55""],""t58"":[""t35"",""t56""],""t59"":[""t14"",""t19"",""t21"",""t25"",""t48"",""t57""],""t60"":[""t23"",""t58"",""t59""],""t61"":[""t58""],""t62"":[""t13"",""t27"",""t60"",""t61""],""t63"":[""t39"",""t43"",""t59"",""t61""],""t64"":[""t10"",""t20"",""t62"",""t63""]}"
EXP-08,confirmatory,exp08_confirmatory_n64_mixed_lognormal_13,n64_mixed_lognormal,64,mixed,lognormal,medium,13,0,10583310056830601552,0.5320512820512820512820512821,t01->t02->t06->t09->t13->t15->t19->t22->t23->t26->t29->t30->t33->t34->t37->t38->t41->t43->t44->t47->t49->t51->t53->t54->t56->t58->t61->t63->t64,996,1,unique,0.3,0.7,"[""24"",""72"",""12"",""48"",""24"",""24"",""24"",""12"",""60"",""12"",""24"",""12"",""36"",""48"",""48"",""24"",""12"",""12"",""24"",""24"",""12"",""36"",""24"",""24"",""24"",""24"",""12"",""24"",""60"",""60"",""72"",""12"",""60"",""12"",""24"",""72"",""24"",""36"",""12"",""24"",""36"",""24"",""12"",""24"",""12"",""12"",""48"",""24"",""48"",""24"",""24"",""36"",""12"",""12"",""36"",""24"",""12"",""24"",""24"",""36"",""24"",""36"",""72"",""12""]","[""1.624"",""4.871"",""2.154"",""8.617"",""4.308"",""1.624"",""4.308"",""2.154"",""4.059"",""2.154"",""4.308"",""2.154"",""2.436"",""8.617"",""3.248"",""4.308"",""2.154"",""2.154"",""1.624"",""4.308"",""2.154"",""2.436"",""1.624"",""4.308"",""4.308"",""1.624"",""2.154"",""4.308"",""4.060"",""4.060"",""12.925"",""2.154"",""4.059"",""0.812"",""4.308"",""12.925"",""1.624"",""2.436"",""2.154"",""4.308"",""2.436"",""4.308"",""0.812"",""1.624"",""2.154"",""2.154"",""3.248"",""4.308"",""3.248"",""4.308"",""1.624"",""6.462"",""0.812"",""0.812"",""6.463"",""1.624"",""2.154"",""1.624"",""4.308"",""6.462"",""1.624"",""6.463"",""4.871"",""0.812""]","[""3.789"",""11.367"",""0.923"",""3.693"",""1.846"",""3.789"",""1.846"",""0.923"",""9.473"",""0.923"",""1.846"",""0.923"",""5.684"",""3.693"",""7.578"",""1.847"",""0.923"",""0.923"",""3.789"",""1.846"",""0.923"",""5.684"",""3.789"",""1.847"",""1.846"",""3.789"",""0.923"",""1.846"",""9.473"",""9.473"",""5.539"",""0.923"",""9.473"",""1.895"",""1.846"",""5.539"",""3.789"",""5.684"",""0.923"",""1.847"",""5.684"",""1.846"",""1.894"",""3.789"",""0.923"",""0.923"",""7.578"",""1.847"",""7.578"",""1.847"",""3.789"",""2.770"",""1.895"",""1.894"",""2.770"",""3.789"",""0.923"",""3.789"",""1.846"",""2.770"",""3.789"",""2.770"",""11.367"",""1.895""]","{""t01"":[],""t02"":[""t01""],""t03"":[""t01""],""t04"":[""t01""],""t05"":[""t03"",""t04""],""t06"":[""t02"",""t03""],""t07"":[""t02""],""t08"":[""t07""],""t09"":[""t05"",""t06""],""t10"":[""t07""],""t11"":[""t07"",""t08""],""t12"":[""t09"",""t10""],""t13"":[""t09""],""t14"":[""t11""],""t15"":[""t13""],""t16"":[""t04"",""t11"",""t12""],""t17"":[""t14"",""t16""],""t18"":[""t15"",""t16""],""t19"":[""t15"",""t16""],""t20"":[""t18""],""t21"":[""t17"",""t19""],""t22"":[""t19""],""t23"":[""t07"",""t21"",""t22""],""t24"":[""t20"",""t21""],""t25"":[""t22""],""t26"":[""t23"",""t24""],""t27"":[""t24"",""t25""],""t28"":[""t18"",""t20"",""t27""],""t29"":[""t26""],""t30"":[""t10"",""t11"",""t21"",""t26"",""t28"",""t29""],""t31"":[""t28""],""t32"":[""t28"",""t31""],""t33"":[""t16"",""t24"",""t25"",""t30""],""t34"":[""t14"",""t26"",""t33""],""t35"":[""t12"",""t32""],""t36"":[""t35""],""t37"":[""t12"",""t14"",""t32"",""t34"",""t35""],""t38"":[""t04"",""t06"",""t37""],""t39"":[""t09"",""t11"",""t24"",""t36"",""t37""],""t40"":[""t13"",""t38"",""t39""],""t41"":[""t07"",""t38""],""t42"":[""t08"",""t29"",""t36"",""t41""],""t43"":[""t25"",""t31"",""t40"",""t41""],""t44"":[""t01"",""t24"",""t43""],""t45"":[""t34"",""t38"",""t42""],""t46"":[""t03"",""t21"",""t45""],""t47"":[""t44""],""t48"":[""t02"",""t10"",""t14"",""t46""],""t49"":[""t06"",""t47""],""t50"":[""t43"",""t48""],""t51"":[""t34"",""t48"",""t49""],""t52"":[""t10"",""t36"",""t43"",""t50""],""t53"":[""t34"",""t51""],""t54"":[""t09"",""t53""],""t55"":[""t11"",""t26"",""t52""],""t56"":[""t11"",""t54""],""t57"":[""t19"",""t33"",""t55""],""t58"":[""t56"",""t57""],""t59"":[""t55"",""t57""],""t60"":[""t13"",""t29"",""t58"",""t59""],""t61"":[""t38"",""t52"",""t53"",""t58""],""t62"":[""t36"",""t51"",""t60"",""t61""],""t63"":[""t61""],""t64"":[""t12"",""t62"",""t63""]}"
EXP-08,confirmatory,exp08_confirmatory_n64_mixed_lognormal_14,n64_mixed_lognormal,64,mixed,lognormal,medium,14,0,16922979209957453166,0.5098039215686274509803921569,t01->t02->t06->t08->t13->t14->t19->t21->t25->t26->t29->t30->t33->t35->t37->t38->t41->t43->t45->t46->t48->t50->t53->t54->t56->t59->t61->t62->t64,936,12,tied,0.3,0.7,"[""12"",""12"",""24"",""12"",""12"",""48"",""48"",""72"",""24"",""24"",""36"",""24"",""48"",""48"",""36"",""24"",""24"",""12"",""12"",""12"",""48"",""24"",""36"",""12"",""36"",""36"",""36"",""36"",""36"",""24"",""24"",""36"",""24"",""12"",""36"",""48"",""12"",""48"",""24"",""24"",""12"",""12"",""24"",""24"",""36"",""36"",""12"",""12"",""12"",""24"",""24"",""12"",""24"",""60"",""36"",""24"",""48"",""24"",""24"",""36"",""72"",""24"",""36"",""12""]","[""0.847"",""0.847"",""4.113"",""2.056"",""2.056"",""3.390"",""8.225"",""5.084"",""4.113"",""4.113"",""6.169"",""4.113"",""3.390"",""3.390"",""6.169"",""4.112"",""4.113"",""2.056"",""0.847"",""2.056"",""3.390"",""4.113"",""6.169"",""2.056"",""2.542"",""2.542"",""6.169"",""6.169"",""2.542"",""1.695"",""4.113"",""6.169"",""1.695"",""2.056"",""2.542"",""8.225"",""0.847"",""3.390"",""4.113"",""4.113"",""0.847"",""2.056"",""1.695"",""4.113"",""2.542"",""2.542"",""2.056"",""0.847"",""2.056"",""1.695"",""4.113"",""2.056"",""1.695"",""4.237"",""6.169"",""1.695"",""8.225"",""4.113"",""1.695"",""6.169"",""5.084"",""1.695"",""6.169"",""0.847""]","[""1.977"",""1.977"",""1.763"",""0.881"",""0.881"",""7.909"",""3.525"",""11.863"",""1.763"",""1.762"",""2.644"",""1.763"",""7.909"",""7.909"",""2.644"",""1.762"",""1.763"",""0.881"",""1.977"",""0.881"",""7.909"",""1.763"",""2.644"",""0.881"",""5.932"",""5.932"",""2.644"",""2.644"",""5.932"",""3.955"",""1.763"",""2.644"",""3.954"",""0.881"",""5.932"",""3.525"",""1.977"",""7.909"",""1.762"",""1.763"",""1.977"",""0.881"",""3.955"",""1.763"",""5.932"",""5.932"",""0.881"",""1.977"",""0.881"",""3.954"",""1.762"",""0.881"",""3.954"",""9.886"",""2.644"",""3.954"",""3.525"",""1.763"",""3.955"",""2.644"",""11.863"",""3.955"",""2.644"",""1.977""]","{""t01"":[],""t02"":[""t01""],""t03"":[""t01""],""t04"":[""t01""],""t05"":[""t02"",""t04""],""t06"":[""t02"",""t04""],""t07"":[""t02"",""t03"",""t04""],""t08"":[""t06""],""t09"":[""t07""],""t10"":[""t05"",""t06"",""t07""],""t11"":[""t08"",""t10""],""t12"":[""t08"",""t09"",""t10""],""t13"":[""t08""],""t14"":[""t12"",""t13""],""t15"":[""t02"",""t12""],""t16"":[""t11"",""t12""],""t17"":[""t16""],""t18"":[""t05"",""t10"",""t15""],""t19"":[""t01"",""t12"",""t14"",""t16""],""t20"":[""t17"",""t19""],""t21"":[""t17"",""t19""],""t22"":[""t18"",""t19""],""t23"":[""t20""],""t24"":[""t21""],""t25"":[""t04"",""t20"",""t21"",""t22""],""t26"":[""t23"",""t24"",""t25""],""t27"":[""t18"",""t23""],""t28"":[""t07"",""t27""],""t29"":[""t26"",""t27""],""t30"":[""t08"",""t28"",""t29""],""t31"":[""t23"",""t28""],""t32"":[""t14"",""t31""],""t33"":[""t30""],""t34"":[""t03"",""t32""],""t35"":[""t02"",""t22"",""t33""],""t36"":[""t14"",""t17"",""t34""],""t37"":[""t16"",""t29"",""t34"",""t35""],""t38"":[""t21"",""t37""],""t39"":[""t12"",""t21"",""t36"",""t37""],""t40"":[""t04"",""t31"",""t38"",""t39""],""t41"":[""t29"",""t38""],""t42"":[""t08"",""t27"",""t34"",""t40"",""t41""],""t43"":[""t29"",""t41""],""t44"":[""t11"",""t24"",""t42"",""t43""],""t45"":[""t03"",""t04"",""t18"",""t43""],""t46"":[""t45""],""t47"":[""t23"",""t44""],""t48"":[""t18"",""t31"",""t46"",""t47""],""t49"":[""t19"",""t21"",""t46""],""t50"":[""t13"",""t38"",""t48""],""t51"":[""t23"",""t48"",""t49""],""t52"":[""t51""],""t53"":[""t35"",""t38"",""t50"",""t51""],""t54"":[""t31"",""t35"",""t36"",""t44"",""t53""],""t55"":[""t30"",""t38"",""t41"",""t52""],""t56"":[""t05"",""t17"",""t52"",""t53"",""t54""],""t57"":[""t07"",""t20"",""t27"",""t40"",""t54"",""t55""],""t58"":[""t10"",""t17"",""t27"",""t45"",""t56"",""t57""],""t59"":[""t03"",""t24"",""t34"",""t52"",""t56""],""t60"":[""t35"",""t42"",""t58""],""t61"":[""t59""],""t62"":[""t09"",""t36"",""t57"",""t60"",""t61""],""t63"":[""t33"",""t56"",""t60""],""t64"":[""t12"",""t18"",""t62"",""t63""]}"
EXP-08,confirmatory,exp08_confirmatory_n64_mixed_lognormal_15,n64_mixed_lognormal,64,mixed,lognormal,medium,15,0,4625539908883815280,0.5586206896551724137931034483,t01->t03->t05->t10->t13->t14->t19->t21->t24->t26->t28->t31->t33->t34->t36->t38->t41->t43->t44->t47->t48->t50->t52->t55->t57->t58->t61->t63->t64,972,96,tied,0.3,0.7,"[""60"",""24"",""48"",""36"",""24"",""24"",""36"",""36"",""24"",""36"",""24"",""12"",""24"",""72"",""24"",""24"",""36"",""24"",""36"",""12"",""48"",""36"",""12"",""12"",""12"",""24"",""12"",""24"",""12"",""12"",""12"",""12"",""24"",""48"",""12"",""24"",""36"",""12"",""12"",""24"",""24"",""12"",""36"",""12"",""12"",""36"",""24"",""36"",""24"",""60"",""36"",""24"",""12"",""12"",""60"",""36"",""24"",""24"",""24"",""24"",""72"",""12"",""24"",""24""]","[""3.867"",""4.567"",""3.093"",""6.851"",""1.547"",""4.568"",""6.851"",""6.851"",""4.567"",""2.320"",""4.567"",""2.284"",""1.547"",""4.640"",""4.568"",""4.567"",""6.851"",""4.568"",""2.320"",""2.284"",""3.093"",""6.851"",""2.284"",""0.773"",""2.284"",""1.546"",""2.284"",""1.546"",""2.284"",""2.284"",""0.773"",""2.284"",""1.547"",""3.093"",""2.284"",""1.547"",""6.851"",""0.773"",""2.284"",""4.567"",""1.547"",""2.284"",""2.320"",""0.773"",""2.284"",""6.851"",""1.547"",""2.320"",""4.568"",""3.867"",""6.851"",""1.547"",""2.284"",""2.284"",""3.866"",""6.851"",""1.547"",""1.547"",""4.567"",""4.567"",""4.640"",""2.284"",""1.547"",""1.547""]","[""9.022"",""1.957"",""7.218"",""2.936"",""3.609"",""1.957"",""2.936"",""2.936"",""1.957"",""5.413"",""1.958"",""0.979"",""3.609"",""10.827"",""1.957"",""1.957"",""2.936"",""1.957"",""5.413"",""0.979"",""7.218"",""2.936"",""0.979"",""1.804"",""0.979"",""3.609"",""0.979"",""3.609"",""0.979"",""0.979"",""1.804"",""0.979"",""3.609"",""7.218"",""0.979"",""3.609"",""2.936"",""1.804"",""0.979"",""1.958"",""3.609"",""0.979"",""5.413"",""1.805"",""0.979"",""2.936"",""3.609"",""5.413"",""1.958"",""9.022"",""2.936"",""3.609"",""0.979"",""0.979"",""9.022"",""2.936"",""3.609"",""3.609"",""1.958"",""1.957"",""10.827"",""0.979"",""3.609"",""3.609""]","{""t01"":[],""t02"":[""t01""],""t03"":[""t01""],""t04"":[""t01""],""t05"":[""t02"",""t03"",""t04""],""t06"":[""t03""],""t07"":[""t02"",""t04""],""t08"":[""t04"",""t05"",""t06""],""t09"":[""t07""],""t10"":[""t01"",""t05""],""t11"":[""t08""],""t12"":[""t10""],""t13"":[""t08"",""t09"",""t10""],""t14"":[""t13""],""t15"":[""t12"",""t13""],""t16"":[""t11""],""t17"":[""t04"",""t14""],""t18"":[""t16""],""t19"":[""t07"",""t09"",""t11"",""t14"",""t15""],""t20"":[""t02"",""t07"",""t17""],""t21"":[""t01"",""t17"",""t19""],""t22"":[""t07"",""t18""],""t23"":[""t06"",""t20""],""t24"":[""t20"",""t21"",""t22""],""t25"":[""t11"",""t21"",""t22""],""t26"":[""t20"",""t24"",""t25""],""t27"":[""t12"",""t19"",""t20"",""t23""],""t28"":[""t26""],""t29"":[""t26"",""t27""],""t30"":[""t19"",""t21"",""t28"",""t29""],""t31"":[""t15"",""t28""],""t32"":[""t31""],""t33"":[""t06"",""t11"",""t20"",""t30"",""t31""],""t34"":[""t32"",""t33""],""t35"":[""t08"",""t32""],""t36"":[""t02"",""t34""],""t37"":[""t35""],""t38"":[""t19"",""t27"",""t31"",""t36""],""t39"":[""t02"",""t14"",""t37""],""t40"":[""t05"",""t19"",""t38""],""t41"":[""t14"",""t36"",""t38"",""t39""],""t42"":[""t40"",""t41""],""t43"":[""t05"",""t40"",""t41""],""t44"":[""t26"",""t43""],""t45"":[""t09"",""t17"",""t42""],""t46"":[""t17"",""t38"",""t44""],""t47"":[""t05"",""t10"",""t15"",""t39"",""t44"",""t45""],""t48"":[""t07"",""t47""],""t49"":[""t36"",""t39"",""t46"",""t47""],""t50"":[""t07"",""t48"",""t49""],""t51"":[""t17"",""t26"",""t30"",""t48""],""t52"":[""t01"",""t10"",""t34"",""t41"",""t50"",""t51""],""t53"":[""t19"",""t32"",""t49"",""t50"",""t51""],""t54"":[""t52"",""t53""],""t55"":[""t42"",""t48"",""t52"",""t53""],""t56"":[""t24"",""t29"",""t54""],""t57"":[""t12"",""t47"",""t55""],""t58"":[""t05"",""t07"",""t24"",""t31"",""t48"",""t57""],""t59"":[""t30"",""t36"",""t56"",""t57""],""t60"":[""t12"",""t43"",""t45"",""t56"",""t58"",""t59""],""t61"":[""t08"",""t58""],""t62"":[""t60"",""t61""],""t63"":[""t61""],""t64"":[""t14"",""t22"",""t32"",""t47"",""t62"",""t63""]}"
EXP-08,confirmatory,exp08_confirmatory_n64_mixed_lognormal_16,n64_mixed_lognormal,64,mixed,lognormal,medium,16,0,9867745467562304602,0.5230769230769230769230769231,t01->t02->t06->t09->t11->t15->t17->t21->t24->t27->t29->t30->t33->t34->t37->t38->t40->t42->t44->t47->t49->t51->t52->t54->t57->t58->t61->t62->t64,816,4,tied,0.3,0.7,"[""48"",""36"",""36"",""12"",""12"",""24"",""12"",""12"",""36"",""24"",""36"",""24"",""24"",""36"",""24"",""48"",""24"",""12"",""12"",""12"",""72"",""36"",""12"",""24"",""36"",""36"",""36"",""12"",""24"",""24"",""24"",""24"",""36"",""24"",""24"",""12"",""12"",""24"",""24"",""12"",""12"",""48"",""24"",""24"",""24"",""24"",""24"",""12"",""24"",""48"",""24"",""24"",""12"",""12"",""12"",""24"",""48"",""12"",""12"",""12"",""24"",""24"",""12"",""12""]","[""3.303"",""2.477"",""6.341"",""2.113"",""2.114"",""1.652"",""2.113"",""2.113"",""2.477"",""4.227"",""2.477"",""4.227"",""4.227"",""6.341"",""1.652"",""8.454"",""1.652"",""2.114"",""2.114"",""2.114"",""4.955"",""6.341"",""2.114"",""1.652"",""6.341"",""6.341"",""2.477"",""2.113"",""1.652"",""1.652"",""4.227"",""4.227"",""2.478"",""1.652"",""4.227"",""2.114"",""0.826"",""1.652"",""4.227"",""0.826"",""2.114"",""3.303"",""4.227"",""1.652"",""4.227"",""4.227"",""1.652"",""2.113"",""1.652"",""8.454"",""1.652"",""1.652"",""2.113"",""0.826"",""2.113"",""4.227"",""3.303"",""0.826"",""2.114"",""2.114"",""1.652"",""1.652"",""2.113"",""0.826""]","[""7.709"",""5.781"",""2.717"",""0.906"",""0.906"",""3.854"",""0.906"",""0.906"",""5.781"",""1.812"",""5.781"",""1.811"",""1.812"",""2.717"",""3.854"",""3.623"",""3.854"",""0.906"",""0.906"",""0.906"",""11.563"",""2.717"",""0.906"",""3.854"",""2.717"",""2.717"",""5.781"",""0.906"",""3.854"",""3.854"",""1.812"",""1.812"",""5.781"",""3.854"",""1.811"",""0.906"",""1.927"",""3.854"",""1.811"",""1.927"",""0.906"",""7.709"",""1.811"",""3.854"",""1.812"",""1.812"",""3.854"",""0.906"",""3.854"",""3.623"",""3.854"",""3.854"",""0.906"",""1.927"",""0.906"",""1.811"",""7.709"",""1.927"",""0.906"",""0.906"",""3.854"",""3.854"",""0.906"",""1.927""]","{""t01"":[],""t02"":[""t01""],""t03"":[""t01""],""t04"":[""t01""],""t05"":[""t03""],""t06"":[""t02""],""t07"":[""t02"",""t04""],""t08"":[""t06""],""t09"":[""t05"",""t06""],""t10"":[""t04"",""t07""],""t11"":[""t09"",""t10""],""t12"":[""t09"",""t10""],""t13"":[""t08""],""t14"":[""t11"",""t13""],""t15"":[""t03"",""t04"",""t11"",""t12"",""t13""],""t16"":[""t03"",""t13""],""t17"":[""t15""],""t18"":[""t14""],""t19"":[""t01"",""t10"",""t11"",""t16""],""t20"":[""t19""],""t21"":[""t14"",""t17""],""t22"":[""t04"",""t06"",""t18""],""t23"":[""t07"",""t20"",""t21"",""t22""],""t24"":[""t06"",""t21""],""t25"":[""t02"",""t22""],""t26"":[""t06"",""t23"",""t25""],""t27"":[""t04"",""t18"",""t23"",""t24""],""t28"":[""t22"",""t23"",""t27""],""t29"":[""t08"",""t26"",""t27""],""t30"":[""t29""],""t31"":[""t28""],""t32"":[""t30""],""t33"":[""t30"",""t31""],""t34"":[""t33""],""t35"":[""t32"",""t33""],""t36"":[""t21"",""t34"",""t35""],""t37"":[""t13"",""t33"",""t34""],""t38"":[""t15"",""t23"",""t37""],""t39"":[""t02"",""t36"",""t37""],""t40"":[""t37"",""t38""],""t41"":[""t39""],""t42"":[""t40"",""t41""],""t43"":[""t06"",""t30"",""t40"",""t41""],""t44"":[""t01"",""t12"",""t21"",""t39"",""t42"",""t43""],""t45"":[""t27"",""t41"",""t43""],""t46"":[""t13"",""t25"",""t45""],""t47"":[""t10"",""t26"",""t41"",""t44""],""t48"":[""t05"",""t16"",""t37"",""t46""],""t49"":[""t26"",""t47""],""t50"":[""t06"",""t29"",""t41"",""t48""],""t51"":[""t49""],""t52"":[""t06"",""t50"",""t51""],""t53"":[""t02"",""t14"",""t18"",""t41"",""t51""],""t54"":[""t14"",""t19"",""t49"",""t52""],""t55"":[""t07"",""t19"",""t51"",""t52"",""t53""],""t56"":[""t03"",""t09"",""t28"",""t54"",""t55""],""t57"":[""t15"",""t22"",""t42"",""t54""],""t58"":[""t47"",""t54"",""t56"",""t57""],""t59"":[""t03"",""t10"",""t56""],""t60"":[""t59""],""t61"":[""t24"",""t30"",""t46"",""t58"",""t59""],""t62"":[""t07"",""t36"",""t41"",""t53"",""t61""],""t63"":[""t25"",""t51"",""t60"",""t61""],""t64"":[""t14"",""t50"",""t62"",""t63""]}"
EXP-08,confirmatory,exp08_confirmatory_n64_mixed_lognormal_17,n64_mixed_lognormal,64,mixed,lognormal,medium,17,1,15387055581399239765,0.5774647887323943661971830986,t01->t04->t06->t10->t13->t15->t17->t22->t25->t27->t29->t30->t33->t34->t37->t38->t41->t43->t44->t47->t49->t51->t53->t55->t57->t59->t61->t62->t64,984,4,tied,0.3,0.7,"[""48"",""12"",""12"",""12"",""24"",""60"",""48"",""12"",""12"",""12"",""24"",""24"",""60"",""12"",""24"",""12"",""24"",""24"",""24"",""12"",""24"",""24"",""12"",""12"",""24"",""24"",""36"",""24"",""24"",""48"",""12"",""24"",""36"",""24"",""12"",""12"",""12"",""48"",""12"",""12"",""60"",""12"",""36"",""24"",""36"",""36"",""12"",""36"",""72"",""60"",""12"",""12"",""24"",""12"",""60"",""36"",""24"",""12"",""48"",""12"",""24"",""24"",""24"",""48""]","[""2.993"",""2.385"",""2.386"",""0.748"",""4.771"",""3.741"",""9.542"",""2.385"",""2.386"",""0.748"",""4.771"",""4.771"",""3.741"",""2.385"",""1.496"",""2.386"",""1.496"",""4.771"",""4.771"",""2.386"",""4.771"",""1.496"",""2.386"",""2.386"",""1.496"",""4.771"",""2.244"",""4.771"",""1.496"",""2.993"",""2.386"",""4.771"",""2.244"",""1.496"",""2.385"",""2.386"",""0.748"",""2.992"",""2.386"",""2.386"",""3.741"",""2.385"",""2.244"",""1.496"",""7.157"",""7.157"",""0.748"",""7.157"",""4.489"",""11.928"",""0.748"",""2.385"",""1.496"",""2.386"",""3.741"",""7.157"",""1.496"",""2.386"",""2.993"",""2.386"",""1.496"",""1.496"",""4.771"",""2.992""]","[""6.982"",""1.023"",""1.023"",""1.746"",""2.045"",""8.728"",""4.090"",""1.022"",""1.023"",""1.746"",""2.045"",""2.045"",""8.728"",""1.022"",""3.491"",""1.022"",""3.491"",""2.045"",""2.045"",""1.022"",""2.045"",""3.491"",""1.023"",""1.022"",""3.491"",""2.045"",""5.237"",""2.045"",""3.491"",""6.982"",""1.022"",""2.045"",""5.237"",""3.491"",""1.023"",""1.022"",""1.746"",""6.982"",""1.022"",""1.022"",""8.728"",""1.023"",""5.237"",""3.491"",""3.067"",""3.067"",""1.745"",""3.067"",""10.473"",""5.112"",""1.746"",""1.022"",""3.491"",""1.022"",""8.728"",""3.067"",""3.491"",""1.022"",""6.982"",""1.022"",""3.491"",""3.491"",""2.045"",""6.982""]","{""t01"":[],""t02"":[""t01""],""t03"":[""t01""],""t04"":[""t01""],""t05"":[""t03"",""t04""],""t06"":[""t04""],""t07"":[""t02"",""t03"",""t04""],""t08"":[""t07""],""t09"":[""t05"",""t06""],""t10"":[""t05"",""t06"",""t07""],""t11"":[""t09"",""t10""],""t12"":[""t08""],""t13"":[""t10""],""t14"":[""t07"",""t11"",""t12""],""t15"":[""t03"",""t11"",""t13""],""t16"":[""t06"",""t12""],""t17"":[""t15""],""t18"":[""t14"",""t15""],""t19"":[""t15"",""t16""],""t20"":[""t09"",""t18""],""t21"":[""t19""],""t22"":[""t14"",""t17""],""t23"":[""t20"",""t22""],""t24"":[""t21"",""t22""],""t25"":[""t04"",""t22""],""t26"":[""t09"",""t11"",""t23"",""t24"",""t25""],""t27"":[""t13"",""t25""],""t28"":[""t26"",""t27""],""t29"":[""t27""],""t30"":[""t18"",""t28"",""t29""],""t31"":[""t02"",""t04"",""t28"",""t29""],""t32"":[""t18"",""t30"",""t31""],""t33"":[""t30""],""t34"":[""t14"",""t32"",""t33""],""t35"":[""t05"",""t25"",""t33""],""t36"":[""t31"",""t34""],""t37"":[""t31"",""t34"",""t35""],""t38"":[""t06"",""t13"",""t36"",""t37""],""t39"":[""t09"",""t27"",""t36""],""t40"":[""t19"",""t35"",""t39""],""t41"":[""t09"",""t25"",""t31"",""t37"",""t38"",""t39""],""t42"":[""t29"",""t40"",""t41""],""t43"":[""t26"",""t34"",""t40"",""t41""],""t44"":[""t04"",""t14"",""t38"",""t43""],""t45"":[""t34"",""t42""],""t46"":[""t11"",""t12"",""t14"",""t34"",""t45""],""t47"":[""t44""],""t48"":[""t01"",""t28"",""t36"",""t42"",""t46""],""t49"":[""t34"",""t47""],""t50"":[""t35"",""t48"",""t49""],""t51"":[""t49""],""t52"":[""t01"",""t04"",""t33"",""t38"",""t42"",""t50"",""t51""],""t53"":[""t01"",""t30"",""t51""],""t54"":[""t23"",""t52"",""t53""],""t55"":[""t47"",""t53""],""t56"":[""t29"",""t54""],""t57"":[""t23"",""t55""],""t58"":[""t54"",""t56"",""t57""],""t59"":[""t07"",""t14"",""t32"",""t54"",""t57""],""t60"":[""t12"",""t32"",""t35"",""t58"",""t59""],""t61"":[""t02"",""t11"",""t28"",""t51"",""t59""],""t62"":[""t28"",""t50"",""t60"",""t61""],""t63"":[""t13"",""t23"",""t60""],""t64"":[""t37"",""t39"",""t51"",""t53"",""t62"",""t63""]}"
EXP-08,confirmatory,exp08_confirmatory_n64_mixed_lognormal_18,n64_mixed_lognormal,64,mixed,lognormal,medium,18,0,3244391803760622178,0.5,t01->t02->t07->t09->t11->t14->t19->t21->t24->t27->t28->t31->t32->t35->t36->t39->t41->t43->t45->t46->t49->t50->t52->t55->t56->t58->t61->t63->t64,768,10,tied,0.3,0.7,"[""12"",""36"",""12"",""24"",""12"",""24"",""12"",""12"",""24"",""12"",""24"",""24"",""24"",""12"",""24"",""12"",""24"",""24"",""36"",""36"",""24"",""24"",""36"",""48"",""12"",""12"",""24"",""12"",""12"",""24"",""24"",""36"",""48"",""36"",""12"",""24"",""12"",""36"",""36"",""24"",""24"",""12"",""24"",""24"",""36"",""72"",""12"",""12"",""24"",""24"",""24"",""12"",""24"",""12"",""36"",""36"",""36"",""48"",""36"",""12"",""12"",""24"",""12"",""12""]","[""0.864"",""2.592"",""2.016"",""4.032"",""2.016"",""4.032"",""0.864"",""2.016"",""1.728"",""2.016"",""1.728"",""4.032"",""4.032"",""0.864"",""4.032"",""2.016"",""4.032"",""4.032"",""2.592"",""6.048"",""1.728"",""4.032"",""6.048"",""3.456"",""2.016"",""2.016"",""1.728"",""0.864"",""2.016"",""4.032"",""1.728"",""2.592"",""8.064"",""6.048"",""0.864"",""1.728"",""2.016"",""6.048"",""2.592"",""4.032"",""1.728"",""2.016"",""1.728"",""4.032"",""2.592"",""5.184"",""2.016"",""2.016"",""1.728"",""1.728"",""4.032"",""0.864"",""4.032"",""2.016"",""2.592"",""2.592"",""6.048"",""3.456"",""6.048"",""2.016"",""0.864"",""4.032"",""0.864"",""0.864""]","[""2.016"",""6.048"",""0.864"",""1.728"",""0.864"",""1.728"",""2.016"",""0.864"",""4.032"",""0.864"",""4.032"",""1.728"",""1.728"",""2.016"",""1.728"",""0.864"",""1.728"",""1.728"",""6.048"",""2.592"",""4.032"",""1.728"",""2.592"",""8.064"",""0.864"",""0.864"",""4.032"",""2.016"",""0.864"",""1.728"",""4.032"",""6.048"",""3.456"",""2.592"",""2.016"",""4.032"",""0.864"",""2.592"",""6.048"",""1.728"",""4.032"",""0.864"",""4.032"",""1.728"",""6.048"",""12.096"",""0.864"",""0.864"",""4.032"",""4.032"",""1.728"",""2.016"",""1.728"",""0.864"",""6.048"",""6.048"",""2.592"",""8.064"",""2.592"",""0.864"",""2.016"",""1.728"",""2.016"",""2.016""]","{""t01"":[],""t02"":[""t01""],""t03"":[""t01""],""t04"":[""t01""],""t05"":[""t04""],""t06"":[""t03"",""t04""],""t07"":[""t02"",""t04""],""t08"":[""t05"",""t06""],""t09"":[""t07""],""t10"":[""t05""],""t11"":[""t08"",""t09""],""t12"":[""t10""],""t13"":[""t10""],""t14"":[""t11""],""t15"":[""t12""],""t16"":[""t09"",""t11"",""t13""],""t17"":[""t07"",""t14"",""t15"",""t16""],""t18"":[""t07"",""t08"",""t12"",""t15""],""t19"":[""t14""],""t20"":[""t17"",""t18""],""t21"":[""t08"",""t17"",""t19""],""t22"":[""t17""],""t23"":[""t21""],""t24"":[""t20"",""t21""],""t25"":[""t01"",""t05"",""t09"",""t21"",""t22""],""t26"":[""t10"",""t17"",""t21"",""t23"",""t25""],""t27"":[""t04"",""t09"",""t20"",""t21"",""t23"",""t24""],""t28"":[""t06"",""t10"",""t19"",""t27""],""t29"":[""t05"",""t26""],""t30"":[""t10"",""t29""],""t31"":[""t19"",""t20"",""t28""],""t32"":[""t02"",""t26"",""t30"",""t31""],""t33"":[""t27"",""t30""],""t34"":[""t09"",""t22"",""t33""],""t35"":[""t28"",""t32""],""t36"":[""t04"",""t35""],""t37"":[""t34""],""t38"":[""t04"",""t37""],""t39"":[""t01"",""t36"",""t37""],""t40"":[""t04"",""t39""],""t41"":[""t38"",""t39""],""t42"":[""t10"",""t18"",""t20"",""t40"",""t41""],""t43"":[""t06"",""t26"",""t28"",""t36"",""t37"",""t41""],""t44"":[""t35"",""t43""],""t45"":[""t42"",""t43""],""t46"":[""t25"",""t28"",""t44"",""t45""],""t47"":[""t31"",""t45""],""t48"":[""t04"",""t30"",""t47""],""t49"":[""t13"",""t14"",""t15"",""t32"",""t46"",""t47""],""t50"":[""t20"",""t49""],""t51"":[""t06"",""t48""],""t52"":[""t50""],""t53"":[""t21"",""t46"",""t51""],""t54"":[""t02"",""t06"",""t13"",""t17"",""t48"",""t52""],""t55"":[""t46"",""t52"",""t53""],""t56"":[""t44"",""t54"",""t55""],""t57"":[""t10"",""t17"",""t30"",""t40"",""t54""],""t58"":[""t23"",""t31"",""t56"",""t57""],""t59"":[""t32"",""t56""],""t60"":[""t59""],""t61"":[""t11"",""t38"",""t58"",""t59""],""t62"":[""t24"",""t60""],""t63"":[""t61""],""t64"":[""t36"",""t62"",""t63""]}"
EXP-08,confirmatory,exp08_confirmatory_n64_mixed_lognormal_19,n64_mixed_lognormal,64,mixed,lognormal,medium,19,0,12477794696776824677,0.5193798449612403100775193798,t01->t04->t05->t10->t13->t16->t17->t21->t23->t26->t29->t30->t33->t34->t36->t38->t41->t42->t44->t46->t49->t50->t53->t54->t57->t59->t61->t63->t64,804,2,tied,0.3,0.7,"[""24"",""12"",""12"",""24"",""24"",""36"",""36"",""12"",""36"",""12"",""12"",""12"",""12"",""24"",""12"",""48"",""24"",""12"",""24"",""12"",""48"",""12"",""24"",""24"",""12"",""24"",""36"",""12"",""24"",""60"",""36"",""12"",""24"",""24"",""24"",""24"",""12"",""36"",""24"",""36"",""72"",""24"",""36"",""24"",""24"",""12"",""24"",""36"",""24"",""24"",""36"",""12"",""60"",""24"",""12"",""12"",""24"",""12"",""24"",""36"",""12"",""12"",""12"",""12""]","[""1.664"",""2.097"",""2.097"",""1.663"",""1.664"",""6.292"",""6.292"",""2.097"",""6.292"",""0.832"",""2.098"",""2.097"",""0.832"",""4.195"",""2.097"",""3.327"",""1.663"",""2.097"",""4.195"",""2.097"",""3.327"",""2.097"",""1.663"",""4.195"",""2.097"",""1.663"",""6.292"",""2.097"",""1.664"",""4.159"",""6.292"",""2.097"",""1.663"",""1.664"",""4.195"",""1.664"",""2.097"",""2.495"",""4.195"",""6.292"",""4.991"",""1.663"",""6.292"",""1.664"",""4.195"",""0.832"",""4.195"",""6.292"",""1.663"",""1.664"",""6.292"",""2.097"",""4.159"",""1.663"",""2.097"",""2.097"",""1.663"",""2.097"",""1.663"",""6.292"",""0.832"",""2.097"",""0.832"",""0.832""]","[""3.881"",""0.899"",""0.899"",""3.881"",""3.882"",""2.696"",""2.696"",""0.899"",""2.696"",""1.941"",""0.899"",""0.899"",""1.941"",""1.798"",""0.899"",""7.763"",""3.881"",""0.899"",""1.798"",""0.899"",""7.763"",""0.899"",""3.882"",""1.798"",""0.899"",""3.882"",""2.696"",""0.899"",""3.881"",""9.704"",""2.696"",""0.899"",""3.881"",""3.882"",""1.798"",""3.881"",""0.899"",""5.822"",""1.798"",""2.696"",""11.645"",""3.882"",""2.696"",""3.882"",""1.798"",""1.941"",""1.798"",""2.696"",""3.881"",""3.881"",""2.696"",""0.899"",""9.704"",""3.882"",""0.899"",""0.899"",""3.882"",""0.899"",""3.881"",""2.696"",""1.941"",""0.899"",""1.941"",""1.941""]","{""t01"":[],""t02"":[""t01""],""t03"":[""t01""],""t04"":[""t01""],""t05"":[""t02"",""t04""],""t06"":[""t03""],""t07"":[""t02"",""t03""],""t08"":[""t06"",""t07""],""t09"":[""t05""],""t10"":[""t05""],""t11"":[""t10""],""t12"":[""t08"",""t09""],""t13"":[""t10""],""t14"":[""t01"",""t06"",""t13""],""t15"":[""t11"",""t12"",""t13""],""t16"":[""t02"",""t13""],""t17"":[""t12"",""t14"",""t16""],""t18"":[""t16""],""t19"":[""t01"",""t15""],""t20"":[""t02"",""t17""],""t21"":[""t17"",""t18"",""t19""],""t22"":[""t18""],""t23"":[""t07"",""t20"",""t21"",""t22""],""t24"":[""t08"",""t17"",""t20""],""t25"":[""t04"",""t20"",""t22""],""t26"":[""t23""],""t27"":[""t24"",""t25""],""t28"":[""t17"",""t27""],""t29"":[""t26""],""t30"":[""t05"",""t14"",""t29""],""t31"":[""t28""],""t32"":[""t21"",""t31""],""t33"":[""t03"",""t30""],""t34"":[""t11"",""t27"",""t31"",""t32"",""t33""],""t35"":[""t32""],""t36"":[""t13"",""t34"",""t35""],""t37"":[""t02"",""t34"",""t35""],""t38"":[""t04"",""t13"",""t20"",""t21"",""t36"",""t37""],""t39"":[""t07"",""t28"",""t36"",""t37""],""t40"":[""t13"",""t16"",""t38"",""t39""],""t41"":[""t38""],""t42"":[""t19"",""t41""],""t43"":[""t01"",""t40""],""t44"":[""t22"",""t26"",""t34"",""t42"",""t43""],""t45"":[""t02"",""t17"",""t43""],""t46"":[""t22"",""t37"",""t44"",""t45""],""t47"":[""t45""],""t48"":[""t46"",""t47""],""t49"":[""t01"",""t07"",""t25"",""t35"",""t46""],""t50"":[""t49""],""t51"":[""t33"",""t48""],""t52"":[""t17"",""t32"",""t45"",""t50"",""t51""],""t53"":[""t07"",""t20"",""t50""],""t54"":[""t01"",""t34"",""t52"",""t53""],""t55"":[""t17"",""t23"",""t31"",""t32"",""t42"",""t52"",""t53""],""t56"":[""t09"",""t55""],""t57"":[""t54""],""t58"":[""t27"",""t44"",""t56""],""t59"":[""t21"",""t57""],""t60"":[""t11"",""t58""],""t61"":[""t21"",""t38"",""t59""],""t62"":[""t21"",""t58"",""t61""],""t63"":[""t11"",""t36"",""t60"",""t61""],""t64"":[""t02"",""t20"",""t21"",""t62"",""t63""]}"
EXP-08,confirmatory,exp08_confirmatory_n64_chain_like_homogeneous_00,n64_chain_like_homogeneous,64,chain_like,homogeneous,high,0,0,8094337225619721596,0.75,t01->t03->t05->t06->t08->t11->t13->t15->t16->t19->t20->t22->t25->t27->t28->t31->t32->t34->t35->t36->t37->t38->t39->t40->t41->t42->t43->t44->t45->t46->t47->t48->t49->t50->t51->t52->t53->t54->t55->t56->t57->t58->t59->t60->t61->t62->t63->t64,576,293,tied,0.3,0.7,"[""12"",""12"",""12"",""12"",""12"",""12"",""12"",""12"",""12"",""12"",""12"",""12"",""12"",""12"",""12"",""12"",""12"",""12"",""12"",""12"",""12"",""12"",""12"",""12"",""12"",""12"",""12"",""12"",""12"",""12"",""12"",""12"",""12"",""12"",""12"",""12"",""12"",""12"",""12"",""12"",""12"",""12"",""12"",""12"",""12"",""12"",""12"",""12"",""12"",""12"",""12"",""12"",""12"",""12"",""12"",""12"",""12"",""12"",""12"",""12"",""12"",""12"",""12"",""12""]","[""0.576"",""4.032"",""0.576"",""4.032"",""0.576"",""0.576"",""4.032"",""0.576"",""4.032"",""4.032"",""0.576"",""4.032"",""0.576"",""4.032"",""0.576"",""0.576"",""4.032"",""4.032"",""0.576"",""0.576"",""4.032"",""0.576"",""4.032"",""4.032"",""0.576"",""4.032"",""0.576"",""0.576"",""4.032"",""4.032"",""0.576"",""0.576"",""4.032"",""0.576"",""0.576"",""0.576"",""0.576"",""0.576"",""0.576"",""0.576"",""0.576"",""0.576"",""0.576"",""0.576"",""0.576"",""0.576"",""0.576"",""0.576"",""0.576"",""0.576"",""0.576"",""0.576"",""0.576"",""0.576"",""0.576"",""0.576"",""0.576"",""0.576"",""0.576"",""0.576"",""0.576"",""0.576"",""0.576"",""0.576""]","[""1.344"",""1.728"",""1.344"",""1.728"",""1.344"",""1.344"",""1.728"",""1.344"",""1.728"",""1.728"",""1.344"",""1.728"",""1.344"",""1.728"",""1.344"",""1.344"",""1.728"",""1.728"",""1.344"",""1.344"",""1.728"",""1.344"",""1.728"",""1.728"",""1.344"",""1.728"",""1.344"",""1.344"",""1.728"",""1.728"",""1.344"",""1.344"",""1.728"",""1.344"",""1.344"",""1.344"",""1.344"",""1.344"",""1.344"",""1.344"",""1.344"",""1.344"",""1.344"",""1.344"",""1.344"",""1.344"",""1.344"",""1.344"",""1.344"",""1.344"",""1.344"",""1.344"",""1.344"",""1.344"",""1.344"",""1.344"",""1.344"",""1.344"",""1.344"",""1.344"",""1.344"",""1.344"",""1.344"",""1.344""]","{""t01"":[],""t02"":[""t01""],""t03"":[""t01""],""t04"":[""t02"",""t03""],""t05"":[""t03""],""t06"":[""t04"",""t05""],""t07"":[""t04""],""t08"":[""t06"",""t07""],""t09"":[""t06""],""t10"":[""t08"",""t09""],""t11"":[""t08""],""t12"":[""t10""],""t13"":[""t11""],""t14"":[""t12"",""t13""],""t15"":[""t13""],""t16"":[""t14"",""t15""],""t17"":[""t15""],""t18"":[""t17""],""t19"":[""t16"",""t17""],""t20"":[""t18"",""t19""],""t21"":[""t19""],""t22"":[""t20"",""t21""],""t23"":[""t20""],""t24"":[""t23""],""t25"":[""t22"",""t23""],""t26"":[""t25""],""t27"":[""t24"",""t25""],""t28"":[""t27""],""t29"":[""t26""],""t30"":[""t29""],""t31"":[""t28""],""t32"":[""t31""],""t33"":[""t30"",""t31""],""t34"":[""t32"",""t33""],""t35"":[""t34""],""t36"":[""t35""],""t37"":[""t36""],""t38"":[""t37""],""t39"":[""t38""],""t40"":[""t39""],""t41"":[""t40""],""t42"":[""t41""],""t43"":[""t42""],""t44"":[""t43""],""t45"":[""t44""],""t46"":[""t45""],""t47"":[""t46""],""t48"":[""t47""],""t49"":[""t48""],""t50"":[""t49""],""t51"":[""t50""],""t52"":[""t51""],""t53"":[""t52""],""t54"":[""t53""],""t55"":[""t54""],""t56"":[""t55""],""t57"":[""t56""],""t58"":[""t57""],""t59"":[""t58""],""t60"":[""t59""],""t61"":[""t60""],""t62"":[""t61""],""t63"":[""t62""],""t64"":[""t63""]}"
EXP-08,confirmatory,exp08_confirmatory_n64_chain_like_homogeneous_01,n64_chain_like_homogeneous,64,chain_like,homogeneous,high,1,0,17638634497331400098,0.75,t01->t03->t04->t07->t09->t10->t13->t15->t17->t18->t20->t23->t24->t27->t29->t31->t32->t34->t35->t36->t37->t38->t39->t40->t41->t42->t43->t44->t45->t46->t47->t48->t49->t50->t51->t52->t53->t54->t55->t56->t57->t58->t59->t60->t61->t62->t63->t64,576,159,tied,0.3,0.7,"[""12"",""12"",""12"",""12"",""12"",""12"",""12"",""12"",""12"",""12"",""12"",""12"",""12"",""12"",""12"",""12"",""12"",""12"",""12"",""12"",""12"",""12"",""12"",""12"",""12"",""12"",""12"",""12"",""12"",""12"",""12"",""12"",""12"",""12"",""12"",""12"",""12"",""12"",""12"",""12"",""12"",""12"",""12"",""12"",""12"",""12"",""12"",""12"",""12"",""12"",""12"",""12"",""12"",""12"",""12"",""12"",""12"",""12"",""12"",""12"",""12"",""12"",""12"",""12""]","[""0.576"",""4.032"",""0.576"",""0.576"",""4.032"",""4.032"",""0.576"",""4.032"",""0.576"",""0.576"",""4.032"",""4.032"",""0.576"",""4.032"",""0.576"",""4.032"",""0.576"",""0.576"",""4.032"",""0.576"",""4.032"",""4.032"",""0.576"",""0.576"",""4.032"",""4.032"",""0.576"",""4.032"",""0.576"",""4.032"",""0.576"",""0.576"",""4.032"",""0.576"",""0.576"",""0.576"",""0.576"",""0.576"",""0.576"",""0.576"",""0.576"",""0.576"",""0.576"",""0.576"",""0.576"",""0.576"",""0.576"",""0.576"",""0.576"",""0.576"",""0.576"",""0.576"",""0.576"",""0.576"",""0.576"",""0.576"",""0.576"",""0.576"",""0.576"",""0.576"",""0.576"",""0.576"",""0.576"",""0.576""]","[""1.344"",""1.728"",""1.344"",""1.344"",""1.728"",""1.728"",""1.344"",""1.728"",""1.344"",""1.344"",""1.728"",""1.728"",""1.344"",""1.728"",""1.344"",""1.728"",""1.344"",""1.344"",""1.728"",""1.344"",""1.728"",""1.728"",""1.344"",""1.344"",""1.728"",""1.728"",""1.344"",""1.728"",""1.344"",""1.728"",""1.344"",""1.344"",""1.728"",""1.344"",""1.344"",""1.344"",""1.344"",""1.344"",""1.344"",""1.344"",""1.344"",""1.344"",""1.344"",""1.344"",""1.344"",""1.344"",""1.344"",""1.344"",""1.344"",""1.344"",""1.344"",""1.344"",""1.344"",""1.344"",""1.344"",""1.344"",""1.344"",""1.344"",""1.344"",""1.344"",""1.344"",""1.344"",""1.344"",""1.344""]","{""t01"":[],""t02"":[""t01""],""t03"":[""t01""],""t04"":[""t03""],""t05"":[""t02"",""t03""],""t06"":[""t05""],""t07"":[""t04""],""t08"":[""t06""],""t09"":[""t06"",""t07""],""t10"":[""t08"",""t09""],""t11"":[""t09""],""t12"":[""t11""],""t13"":[""t10""],""t14"":[""t13""],""t15"":[""t12"",""t13""],""t16"":[""t15""],""t17"":[""t14"",""t15""],""t18"":[""t17""],""t19"":[""t16""],""t20"":[""t18""],""t21"":[""t18"",""t19""],""t22"":[""t20"",""t21""],""t23"":[""t20""],""t24"":[""t23""],""t25"":[""t22"",""t23""],""t26"":[""t24""],""t27"":[""t24"",""t25""],""t28"":[""t26""],""t29"":[""t26"",""t27""],""t30"":[""t28""],""t31"":[""t29""],""t32"":[""t31""],""t33"":[""t30"",""t31""],""t34"":[""t32"",""t33""],""t35"":[""t34""],""t36"":[""t35""],""t37"":[""t36""],""t38"":[""t37""],""t39"":[""t38""],""t40"":[""t39""],""t41"":[""t40""],""t42"":[""t41""],""t43"":[""t42""],""t44"":[""t43""],""t45"":[""t44""],""t46"":[""t45""],""t47"":[""t46""],""t48"":[""t47""],""t49"":[""t48""],""t50"":[""t49""],""t51"":[""t50""],""t52"":[""t51""],""t53"":[""t52""],""t54"":[""t53""],""t55"":[""t54""],""t56"":[""t55""],""t57"":[""t56""],""t58"":[""t57""],""t59"":[""t58""],""t60"":[""t59""],""t61"":[""t60""],""t62"":[""t61""],""t63"":[""t62""],""t64"":[""t63""]}"
EXP-08,confirmatory,exp08_confirmatory_n64_chain_like_homogeneous_02,n64_chain_like_homogeneous,64,chain_like,homogeneous,high,2,0,9772110483396085936,0.75,t01->t03->t04->t06->t09->t11->t13->t15->t16->t18->t21->t22->t25->t26->t28->t31->t33->t34->t35->t36->t37->t38->t39->t40->t41->t42->t43->t44->t45->t46->t47->t48->t49->t50->t51->t52->t53->t54->t55->t56->t57->t58->t59->t60->t61->t62->t63->t64,576,80,tied,0.3,0.7,"[""12"",""12"",""12"",""12"",""12"",""12"",""12"",""12"",""12"",""12"",""12"",""12"",""12"",""12"",""12"",""12"",""12"",""12"",""12"",""12"",""12"",""12"",""12"",""12"",""12"",""12"",""12"",""12"",""12"",""12"",""12"",""12"",""12"",""12"",""12"",""12"",""12"",""12"",""12"",""12"",""12"",""12"",""12"",""12"",""12"",""12"",""12"",""12"",""12"",""12"",""12"",""12"",""12"",""12"",""12"",""12"",""12"",""12"",""12"",""12"",""12"",""12"",""12"",""12""]","[""0.576"",""4.032"",""0.576"",""0.576"",""4.032"",""0.576"",""4.032"",""4.032"",""0.576"",""4.032"",""0.576"",""4.032"",""0.576"",""4.032"",""0.576"",""0.576"",""4.032"",""0.576"",""4.032"",""4.032"",""0.576"",""0.576"",""4.032"",""4.032"",""0.576"",""0.576"",""4.032"",""0.576"",""4.032"",""4.032"",""0.576"",""4.032"",""0.576"",""0.576"",""0.576"",""0.576"",""0.576"",""0.576"",""0.576"",""0.576"",""0.576"",""0.576"",""0.576"",""0.576"",""0.576"",""0.576"",""0.576"",""0.576"",""0.576"",""0.576"",""0.576"",""0.576"",""0.576"",""0.576"",""0.576"",""0.576"",""0.576"",""0.576"",""0.576"",""0.576"",""0.576"",""0.576"",""0.576"",""0.576""]","[""1.344"",""1.728"",""1.344"",""1.344"",""1.728"",""1.344"",""1.728"",""1.728"",""1.344"",""1.728"",""1.344"",""1.728"",""1.344"",""1.728"",""1.344"",""1.344"",""1.728"",""1.344"",""1.728"",""1.728"",""1.344"",""1.344"",""1.728"",""1.728"",""1.344"",""1.344"",""1.728"",""1.344"",""1.728"",""1.728"",""1.344"",""1.728"",""1.344"",""1.344"",""1.344"",""1.344"",""1.344"",""1.344"",""1.344"",""1.344"",""1.344"",""1.344"",""1.344"",""1.344"",""1.344"",""1.344"",""1.344"",""1.344"",""1.344"",""1.344"",""1.344"",""1.344"",""1.344"",""1.344"",""1.344"",""1.344"",""1.344"",""1.344"",""1.344"",""1.344"",""1.344"",""1.344"",""1.344"",""1.344""]","{""t01"":[],""t02"":[""t01""],""t03"":[""t01""],""t04"":[""t03""],""t05"":[""t02"",""t03""],""t06"":[""t04""],""t07"":[""t05""],""t08"":[""t06"",""t07""],""t09"":[""t06""],""t10"":[""t08""],""t11"":[""t09""],""t12"":[""t10"",""t11""],""t13"":[""t11""],""t14"":[""t12""],""t15"":[""t12"",""t13""],""t16"":[""t14"",""t15""],""t17"":[""t15""],""t18"":[""t16"",""t17""],""t19"":[""t17""],""t20"":[""t19""],""t21"":[""t18""],""t22"":[""t21""],""t23"":[""t20""],""t24"":[""t23""],""t25"":[""t22""],""t26"":[""t25""],""t27"":[""t24"",""t25""],""t28"":[""t26"",""t27""],""t29"":[""t26""],""t30"":[""t29""],""t31"":[""t28""],""t32"":[""t30"",""t31""],""t33"":[""t31""],""t34"":[""t32"",""t33""],""t35"":[""t34""],""t36"":[""t35""],""t37"":[""t36""],""t38"":[""t37""],""t39"":[""t38""],""t40"":[""t39""],""t41"":[""t40""],""t42"":[""t41""],""t43"":[""t42""],""t44"":[""t43""],""t45"":[""t44""],""t46"":[""t45""],""t47"":[""t46""],""t48"":[""t47""],""t49"":[""t48""],""t50"":[""t49""],""t51"":[""t50""],""t52"":[""t51""],""t53"":[""t52""],""t54"":[""t53""],""t55"":[""t54""],""t56"":[""t55""],""t57"":[""t56""],""t58"":[""t57""],""t59"":[""t58""],""t60"":[""t59""],""t61"":[""t60""],""t62"":[""t61""],""t63"":[""t62""],""t64"":[""t63""]}"
EXP-08,confirmatory,exp08_confirmatory_n64_chain_like_homogeneous_03,n64_chain_like_homogeneous,64,chain_like,homogeneous,high,3,0,1642499266748220637,0.75,t01->t02->t05->t06->t09->t10->t13->t14->t17->t19->t21->t22->t25->t26->t28->t31->t33->t34->t35->t36->t37->t38->t39->t40->t41->t42->t43->t44->t45->t46->t47->t48->t49->t50->t51->t52->t53->t54->t55->t56->t57->t58->t59->t60->t61->t62->t63->t64,576,350,tied,0.3,0.7,"[""12"",""12"",""12"",""12"",""12"",""12"",""12"",""12"",""12"",""12"",""12"",""12"",""12"",""12"",""12"",""12"",""12"",""12"",""12"",""12"",""12"",""12"",""12"",""12"",""12"",""12"",""12"",""12"",""12"",""12"",""12"",""12"",""12"",""12"",""12"",""12"",""12"",""12"",""12"",""12"",""12"",""12"",""12"",""12"",""12"",""12"",""12"",""12"",""12"",""12"",""12"",""12"",""12"",""12"",""12"",""12"",""12"",""12"",""12"",""12"",""12"",""12"",""12"",""12""]","[""0.576"",""0.576"",""4.032"",""4.032"",""0.576"",""0.576"",""4.032"",""4.032"",""0.576"",""0.576"",""4.032"",""4.032"",""0.576"",""0.576"",""4.032"",""4.032"",""0.576"",""4.032"",""0.576"",""4.032"",""0.576"",""0.576"",""4.032"",""4.032"",""0.576"",""0.576"",""4.032"",""0.576"",""4.032"",""4.032"",""0.576"",""4.032"",""0.576"",""0.576"",""0.576"",""0.576"",""0.576"",""0.576"",""0.576"",""0.576"",""0.576"",""0.576"",""0.576"",""0.576"",""0.576"",""0.576"",""0.576"",""0.576"",""0.576"",""0.576"",""0.576"",""0.576"",""0.576"",""0.576"",""0.576"",""0.576"",""0.576"",""0.576"",""0.576"",""0.576"",""0.576"",""0.576"",""0.576"",""0.576""]","[""1.344"",""1.344"",""1.728"",""1.728"",""1.344"",""1.344"",""1.728"",""1.728"",""1.344"",""1.344"",""1.728"",""1.728"",""1.344"",""1.344"",""1.728"",""1.728"",""1.344"",""1.728"",""1.344"",""1.728"",""1.344"",""1.344"",""1.728"",""1.728"",""1.344"",""1.344"",""1.728"",""1.344"",""1.728"",""1.728"",""1.344"",""1.728"",""1.344"",""1.344"",""1.344"",""1.344"",""1.344"",""1.344"",""1.344"",""1.344"",""1.344"",""1.344"",""1.344"",""1.344"",""1.344"",""1.344"",""1.344"",""1.344"",""1.344"",""1.344"",""1.344"",""1.344"",""1.344"",""1.344"",""1.344"",""1.344"",""1.344"",""1.344"",""1.344"",""1.344"",""1.344"",""1.344"",""1.344"",""1.344""]","{""t01"":[],""t02"":[""t01""],""t03"":[""t01""],""t04"":[""t02"",""t03""],""t05"":[""t02""],""t06"":[""t04"",""t05""],""t07"":[""t04""],""t08"":[""t07""],""t09"":[""t06"",""t07""],""t10"":[""t08"",""t09""],""t11"":[""t08"",""t09""],""t12"":[""t10"",""t11""],""t13"":[""t10""],""t14"":[""t12"",""t13""],""t15"":[""t12""],""t16"":[""t15""],""t17"":[""t14"",""t15""],""t18"":[""t16""],""t19"":[""t17""],""t20"":[""t18""],""t21"":[""t19""],""t22"":[""t21""],""t23"":[""t20""],""t24"":[""t22"",""t23""],""t25"":[""t22""],""t26"":[""t25""],""t27"":[""t24""],""t28"":[""t26"",""t27""],""t29"":[""t27""],""t30"":[""t28"",""t29""],""t31"":[""t28""],""t32"":[""t30""],""t33"":[""t30"",""t31""],""t34"":[""t32"",""t33""],""t35"":[""t34""],""t36"":[""t35""],""t37"":[""t36""],""t38"":[""t37""],""t39"":[""t38""],""t40"":[""t39""],""t41"":[""t40""],""t42"":[""t41""],""t43"":[""t42""],""t44"":[""t43""],""t45"":[""t44""],""t46"":[""t45""],""t47"":[""t46""],""t48"":[""t47""],""t49"":[""t48""],""t50"":[""t49""],""t51"":[""t50""],""t52"":[""t51""],""t53"":[""t52""],""t54"":[""t53""],""t55"":[""t54""],""t56"":[""t55""],""t57"":[""t56""],""t58"":[""t57""],""t59"":[""t58""],""t60"":[""t59""],""t61"":[""t60""],""t62"":[""t61""],""t63"":[""t62""],""t64"":[""t63""]}"
EXP-08,confirmatory,exp08_confirmatory_n64_chain_like_homogeneous_04,n64_chain_like_homogeneous,64,chain_like,homogeneous,high,4,0,1679694218422533772,0.75,t01->t03->t05->t07->t08->t11->t13->t15->t17->t19->t20->t23->t24->t26->t29->t31->t33->t34->t35->t36->t37->t38->t39->t40->t41->t42->t43->t44->t45->t46->t47->t48->t49->t50->t51->t52->t53->t54->t55->t56->t57->t58->t59->t60->t61->t62->t63->t64,576,65,tied,0.3,0.7,"[""12"",""12"",""12"",""12"",""12"",""12"",""12"",""12"",""12"",""12"",""12"",""12"",""12"",""12"",""12"",""12"",""12"",""12"",""12"",""12"",""12"",""12"",""12"",""12"",""12"",""12"",""12"",""12"",""12"",""12"",""12"",""12"",""12"",""12"",""12"",""12"",""12"",""12"",""12"",""12"",""12"",""12"",""12"",""12"",""12"",""12"",""12"",""12"",""12"",""12"",""12"",""12"",""12"",""12"",""12"",""12"",""12"",""12"",""12"",""12"",""12"",""12"",""12"",""12""]","[""0.576"",""4.032"",""0.576"",""4.032"",""0.576"",""4.032"",""0.576"",""0.576"",""4.032"",""4.032"",""0.576"",""4.032"",""0.576"",""4.032"",""0.576"",""4.032"",""0.576"",""4.032"",""0.576"",""0.576"",""4.032"",""4.032"",""0.576"",""0.576"",""4.032"",""0.576"",""4.032"",""4.032"",""0.576"",""4.032"",""0.576"",""4.032"",""0.576"",""0.576"",""0.576"",""0.576"",""0.576"",""0.576"",""0.576"",""0.576"",""0.576"",""0.576"",""0.576"",""0.576"",""0.576"",""0.576"",""0.576"",""0.576"",""0.576"",""0.576"",""0.576"",""0.576"",""0.576"",""0.576"",""0.576"",""0.576"",""0.576"",""0.576"",""0.576"",""0.576"",""0.576"",""0.576"",""0.576"",""0.576""]","[""1.344"",""1.728"",""1.344"",""1.728"",""1.344"",""1.728"",""1.344"",""1.344"",""1.728"",""1.728"",""1.344"",""1.728"",""1.344"",""1.728"",""1.344"",""1.728"",""1.344"",""1.728"",""1.344"",""1.344"",""1.728"",""1.728"",""1.344"",""1.344"",""1.728"",""1.344"",""1.728"",""1.728"",""1.344"",""1.728"",""1.344"",""1.728"",""1.344"",""1.344"",""1.344"",""1.344"",""1.344"",""1.344"",""1.344"",""1.344"",""1.344"",""1.344"",""1.344"",""1.344"",""1.344"",""1.344"",""1.344"",""1.344"",""1.344"",""1.344"",""1.344"",""1.344"",""1.344"",""1.344"",""1.344"",""1.344"",""1.344"",""1.344"",""1.344"",""1.344"",""1.344"",""1.344"",""1.344"",""1.344""]","{""t01"":[],""t02"":[""t01""],""t03"":[""t01""],""t04"":[""t02"",""t03""],""t05"":[""t03""],""t06"":[""t04""],""t07"":[""t05""],""t08"":[""t07""],""t09"":[""t06"",""t07""],""t10"":[""t09""],""t11"":[""t08""],""t12"":[""t11""],""t13"":[""t10"",""t11""],""t14"":[""t12""],""t15"":[""t12"",""t13""],""t16"":[""t14""],""t17"":[""t15""],""t18"":[""t16""],""t19"":[""t16"",""t17""],""t20"":[""t18"",""t19""],""t21"":[""t19""],""t22"":[""t21""],""t23"":[""t20""],""t24"":[""t22"",""t23""],""t25"":[""t22"",""t23""],""t26"":[""t24""],""t27"":[""t25""],""t28"":[""t27""],""t29"":[""t26"",""t27""],""t30"":[""t28""],""t31"":[""t28"",""t29""],""t32"":[""t30""],""t33"":[""t30"",""t31""],""t34"":[""t32"",""t33""],""t35"":[""t34""],""t36"":[""t35""],""t37"":[""t36""],""t38"":[""t37""],""t39"":[""t38""],""t40"":[""t39""],""t41"":[""t40""],""t42"":[""t41""],""t43"":[""t42""],""t44"":[""t43""],""t45"":[""t44""],""t46"":[""t45""],""t47"":[""t46""],""t48"":[""t47""],""t49"":[""t48""],""t50"":[""t49""],""t51"":[""t50""],""t52"":[""t51""],""t53"":[""t52""],""t54"":[""t53""],""t55"":[""t54""],""t56"":[""t55""],""t57"":[""t56""],""t58"":[""t57""],""t59"":[""t58""],""t60"":[""t59""],""t61"":[""t60""],""t62"":[""t61""],""t63"":[""t62""],""t64"":[""t63""]}"
EXP-08,confirmatory,exp08_confirmatory_n64_chain_like_homogeneous_05,n64_chain_like_homogeneous,64,chain_like,homogeneous,high,5,0,5187482019700643293,0.75,t01->t03->t05->t06->t08->t10->t13->t15->t17->t19->t21->t23->t25->t27->t28->t31->t32->t34->t35->t36->t37->t38->t39->t40->t41->t42->t43->t44->t45->t46->t47->t48->t49->t50->t51->t52->t53->t54->t55->t56->t57->t58->t59->t60->t61->t62->t63->t64,576,121,tied,0.3,0.7,"[""12"",""12"",""12"",""12"",""12"",""12"",""12"",""12"",""12"",""12"",""12"",""12"",""12"",""12"",""12"",""12"",""12"",""12"",""12"",""12"",""12"",""12"",""12"",""12"",""12"",""12"",""12"",""12"",""12"",""12"",""12"",""12"",""12"",""12"",""12"",""12"",""12"",""12"",""12"",""12"",""12"",""12"",""12"",""12"",""12"",""12"",""12"",""12"",""12"",""12"",""12"",""12"",""12"",""12"",""12"",""12"",""12"",""12"",""12"",""12"",""12"",""12"",""12"",""12""]","[""0.576"",""4.032"",""0.576"",""4.032"",""0.576"",""0.576"",""4.032"",""0.576"",""4.032"",""0.576"",""4.032"",""4.032"",""0.576"",""4.032"",""0.576"",""4.032"",""0.576"",""4.032"",""0.576"",""4.032"",""0.576"",""4.032"",""0.576"",""4.032"",""0.576"",""4.032"",""0.576"",""0.576"",""4.032"",""4.032"",""0.576"",""0.576"",""4.032"",""0.576"",""0.576"",""0.576"",""0.576"",""0.576"",""0.576"",""0.576"",""0.576"",""0.576"",""0.576"",""0.576"",""0.576"",""0.576"",""0.576"",""0.576"",""0.576"",""0.576"",""0.576"",""0.576"",""0.576"",""0.576"",""0.576"",""0.576"",""0.576"",""0.576"",""0.576"",""0.576"",""0.576"",""0.576"",""0.576"",""0.576""]","[""1.344"",""1.728"",""1.344"",""1.728"",""1.344"",""1.344"",""1.728"",""1.344"",""1.728"",""1.344"",""1.728"",""1.728"",""1.344"",""1.728"",""1.344"",""1.728"",""1.344"",""1.728"",""1.344"",""1.728"",""1.344"",""1.728"",""1.344"",""1.728"",""1.344"",""1.728"",""1.344"",""1.344"",""1.728"",""1.728"",""1.344"",""1.344"",""1.728"",""1.344"",""1.344"",""1.344"",""1.344"",""1.344"",""1.344"",""1.344"",""1.344"",""1.344"",""1.344"",""1.344"",""1.344"",""1.344"",""1.344"",""1.344"",""1.344"",""1.344"",""1.344"",""1.344"",""1.344"",""1.344"",""1.344"",""1.344"",""1.344"",""1.344"",""1.344"",""1.344"",""1.344"",""1.344"",""1.344"",""1.344""]","{""t01"":[],""t02"":[""t01""],""t03"":[""t01""],""t04"":[""t03""],""t05"":[""t02"",""t03""],""t06"":[""t05""],""t07"":[""t04""],""t08"":[""t06"",""t07""],""t09"":[""t06""],""t10"":[""t08""],""t11"":[""t09""],""t12"":[""t10""],""t13"":[""t10"",""t11""],""t14"":[""t12""],""t15"":[""t13""],""t16"":[""t14""],""t17"":[""t14"",""t15""],""t18"":[""t16"",""t17""],""t19"":[""t17""],""t20"":[""t18"",""t19""],""t21"":[""t19""],""t22"":[""t21""],""t23"":[""t20"",""t21""],""t24"":[""t22""],""t25"":[""t22"",""t23""],""t26"":[""t24""],""t27"":[""t25""],""t28"":[""t26"",""t27""],""t29"":[""t27""],""t30"":[""t29""],""t31"":[""t28""],""t32"":[""t31""],""t33"":[""t30"",""t31""],""t34"":[""t32"",""t33""],""t35"":[""t34""],""t36"":[""t35""],""t37"":[""t36""],""t38"":[""t37""],""t39"":[""t38""],""t40"":[""t39""],""t41"":[""t40""],""t42"":[""t41""],""t43"":[""t42""],""t44"":[""t43""],""t45"":[""t44""],""t46"":[""t45""],""t47"":[""t46""],""t48"":[""t47""],""t49"":[""t48""],""t50"":[""t49""],""t51"":[""t50""],""t52"":[""t51""],""t53"":[""t52""],""t54"":[""t53""],""t55"":[""t54""],""t56"":[""t55""],""t57"":[""t56""],""t58"":[""t57""],""t59"":[""t58""],""t60"":[""t59""],""t61"":[""t60""],""t62"":[""t61""],""t63"":[""t62""],""t64"":[""t63""]}"
EXP-08,confirmatory,exp08_confirmatory_n64_chain_like_homogeneous_06,n64_chain_like_homogeneous,64,chain_like,homogeneous,high,6,0,17195139104796601066,0.75,t01->t02->t05->t06->t08->t10->t13->t14->t16->t19->t20->t23->t24->t26->t28->t31->t32->t34->t35->t36->t37->t38->t39->t40->t41->t42->t43->t44->t45->t46->t47->t48->t49->t50->t51->t52->t53->t54->t55->t56->t57->t58->t59->t60->t61->t62->t63->t64,576,64,tied,0.3,0.7,"[""12"",""12"",""12"",""12"",""12"",""12"",""12"",""12"",""12"",""12"",""12"",""12"",""12"",""12"",""12"",""12"",""12"",""12"",""12"",""12"",""12"",""12"",""12"",""12"",""12"",""12"",""12"",""12"",""12"",""12"",""12"",""12"",""12"",""12"",""12"",""12"",""12"",""12"",""12"",""12"",""12"",""12"",""12"",""12"",""12"",""12"",""12"",""12"",""12"",""12"",""12"",""12"",""12"",""12"",""12"",""12"",""12"",""12"",""12"",""12"",""12"",""12"",""12"",""12""]","[""0.576"",""0.576"",""4.032"",""4.032"",""0.576"",""0.576"",""4.032"",""0.576"",""4.032"",""0.576"",""4.032"",""4.032"",""0.576"",""0.576"",""4.032"",""0.576"",""4.032"",""4.032"",""0.576"",""0.576"",""4.032"",""4.032"",""0.576"",""0.576"",""4.032"",""0.576"",""4.032"",""0.576"",""4.032"",""4.032"",""0.576"",""0.576"",""4.032"",""0.576"",""0.576"",""0.576"",""0.576"",""0.576"",""0.576"",""0.576"",""0.576"",""0.576"",""0.576"",""0.576"",""0.576"",""0.576"",""0.576"",""0.576"",""0.576"",""0.576"",""0.576"",""0.576"",""0.576"",""0.576"",""0.576"",""0.576"",""0.576"",""0.576"",""0.576"",""0.576"",""0.576"",""0.576"",""0.576"",""0.576""]","[""1.344"",""1.344"",""1.728"",""1.728"",""1.344"",""1.344"",""1.728"",""1.344"",""1.728"",""1.344"",""1.728"",""1.728"",""1.344"",""1.344"",""1.728"",""1.344"",""1.728"",""1.728"",""1.344"",""1.344"",""1.728"",""1.728"",""1.344"",""1.344"",""1.728"",""1.344"",""1.728"",""1.344"",""1.728"",""1.728"",""1.344"",""1.344"",""1.728"",""1.344"",""1.344"",""1.344"",""1.344"",""1.344"",""1.344"",""1.344"",""1.344"",""1.344"",""1.344"",""1.344"",""1.344"",""1.344"",""1.344"",""1.344"",""1.344"",""1.344"",""1.344"",""1.344"",""1.344"",""1.344"",""1.344"",""1.344"",""1.344"",""1.344"",""1.344"",""1.344"",""1.344"",""1.344"",""1.344"",""1.344""]","{""t01"":[],""t02"":[""t01""],""t03"":[""t01""],""t04"":[""t02"",""t03""],""t05"":[""t02""],""t06"":[""t05""],""t07"":[""t04"",""t05""],""t08"":[""t06""],""t09"":[""t07""],""t10"":[""t08"",""t09""],""t11"":[""t09""],""t12"":[""t10""],""t13"":[""t10"",""t11""],""t14"":[""t12"",""t13""],""t15"":[""t12""],""t16"":[""t14""],""t17"":[""t15""],""t18"":[""t17""],""t19"":[""t16"",""t17""],""t20"":[""t19""],""t21"":[""t18"",""t19""],""t22"":[""t20"",""t21""],""t23"":[""t20""],""t24"":[""t23""],""t25"":[""t22""],""t26"":[""t24""],""t27"":[""t25""],""t28"":[""t26""],""t29"":[""t27""],""t30"":[""t29""],""t31"":[""t28""],""t32"":[""t30"",""t31""],""t33"":[""t31""],""t34"":[""t32"",""t33""],""t35"":[""t34""],""t36"":[""t35""],""t37"":[""t36""],""t38"":[""t37""],""t39"":[""t38""],""t40"":[""t39""],""t41"":[""t40""],""t42"":[""t41""],""t43"":[""t42""],""t44"":[""t43""],""t45"":[""t44""],""t46"":[""t45""],""t47"":[""t46""],""t48"":[""t47""],""t49"":[""t48""],""t50"":[""t49""],""t51"":[""t50""],""t52"":[""t51""],""t53"":[""t52""],""t54"":[""t53""],""t55"":[""t54""],""t56"":[""t55""],""t57"":[""t56""],""t58"":[""t57""],""t59"":[""t58""],""t60"":[""t59""],""t61"":[""t60""],""t62"":[""t61""],""t63"":[""t62""],""t64"":[""t63""]}"
EXP-08,confirmatory,exp08_confirmatory_n64_chain_like_homogeneous_07,n64_chain_like_homogeneous,64,chain_like,homogeneous,high,7,0,13232907461194619348,0.75,t01->t03->t04->t07->t08->t11->t12->t14->t16->t19->t21->t22->t24->t26->t28->t31->t33->t34->t35->t36->t37->t38->t39->t40->t41->t42->t43->t44->t45->t46->t47->t48->t49->t50->t51->t52->t53->t54->t55->t56->t57->t58->t59->t60->t61->t62->t63->t64,576,77,tied,0.3,0.7,"[""12"",""12"",""12"",""12"",""12"",""12"",""12"",""12"",""12"",""12"",""12"",""12"",""12"",""12"",""12"",""12"",""12"",""12"",""12"",""12"",""12"",""12"",""12"",""12"",""12"",""12"",""12"",""12"",""12"",""12"",""12"",""12"",""12"",""12"",""12"",""12"",""12"",""12"",""12"",""12"",""12"",""12"",""12"",""12"",""12"",""12"",""12"",""12"",""12"",""12"",""12"",""12"",""12"",""12"",""12"",""12"",""12"",""12"",""12"",""12"",""12"",""12"",""12"",""12""]","[""0.576"",""4.032"",""0.576"",""0.576"",""4.032"",""4.032"",""0.576"",""0.576"",""4.032"",""4.032"",""0.576"",""0.576"",""4.032"",""0.576"",""4.032"",""0.576"",""4.032"",""4.032"",""0.576"",""4.032"",""0.576"",""0.576"",""4.032"",""0.576"",""4.032"",""0.576"",""4.032"",""0.576"",""4.032"",""4.032"",""0.576"",""4.032"",""0.576"",""0.576"",""0.576"",""0.576"",""0.576"",""0.576"",""0.576"",""0.576"",""0.576"",""0.576"",""0.576"",""0.576"",""0.576"",""0.576"",""0.576"",""0.576"",""0.576"",""0.576"",""0.576"",""0.576"",""0.576"",""0.576"",""0.576"",""0.576"",""0.576"",""0.576"",""0.576"",""0.576"",""0.576"",""0.576"",""0.576"",""0.576""]","[""1.344"",""1.728"",""1.344"",""1.344"",""1.728"",""1.728"",""1.344"",""1.344"",""1.728"",""1.728"",""1.344"",""1.344"",""1.728"",""1.344"",""1.728"",""1.344"",""1.728"",""1.728"",""1.344"",""1.728"",""1.344"",""1.344"",""1.728"",""1.344"",""1.728"",""1.344"",""1.728"",""1.344"",""1.728"",""1.728"",""1.344"",""1.728"",""1.344"",""1.344"",""1.344"",""1.344"",""1.344"",""1.344"",""1.344"",""1.344"",""1.344"",""1.344"",""1.344"",""1.344"",""1.344"",""1.344"",""1.344"",""1.344"",""1.344"",""1.344"",""1.344"",""1.344"",""1.344"",""1.344"",""1.344"",""1.344"",""1.344"",""1.344"",""1.344"",""1.344"",""1.344"",""1.344"",""1.344"",""1.344""]","{""t01"":[],""t02"":[""t01""],""t03"":[""t01""],""t04"":[""t03""],""t05"":[""t02"",""t03""],""t06"":[""t05""],""t07"":[""t04""],""t08"":[""t07""],""t09"":[""t06""],""t10"":[""t09""],""t11"":[""t08"",""t09""],""t12"":[""t10"",""t11""],""t13"":[""t11""],""t14"":[""t12"",""t13""],""t15"":[""t12""],""t16"":[""t14"",""t15""],""t17"":[""t15""],""t18"":[""t17""],""t19"":[""t16""],""t20"":[""t18""],""t21"":[""t18"",""t19""],""t22"":[""t21""],""t23"":[""t20"",""t21""],""t24"":[""t22""],""t25"":[""t23""],""t26"":[""t24""],""t27"":[""t25""],""t28"":[""t26""],""t29"":[""t26"",""t27""],""t30"":[""t29""],""t31"":[""t28""],""t32"":[""t30"",""t31""],""t33"":[""t31""],""t34"":[""t32"",""t33""],""t35"":[""t34""],""t36"":[""t35""],""t37"":[""t36""],""t38"":[""t37""],""t39"":[""t38""],""t40"":[""t39""],""t41"":[""t40""],""t42"":[""t41""],""t43"":[""t42""],""t44"":[""t43""],""t45"":[""t44""],""t46"":[""t45""],""t47"":[""t46""],""t48"":[""t47""],""t49"":[""t48""],""t50"":[""t49""],""t51"":[""t50""],""t52"":[""t51""],""t53"":[""t52""],""t54"":[""t53""],""t55"":[""t54""],""t56"":[""t55""],""t57"":[""t56""],""t58"":[""t57""],""t59"":[""t58""],""t60"":[""t59""],""t61"":[""t60""],""t62"":[""t61""],""t63"":[""t62""],""t64"":[""t63""]}"
EXP-08,confirmatory,exp08_confirmatory_n64_chain_like_homogeneous_08,n64_chain_like_homogeneous,64,chain_like,homogeneous,high,8,0,2359725464337975824,0.75,t01->t02->t04->t07->t09->t11->t12->t14->t16->t19->t21->t23->t24->t27->t29->t31->t33->t34->t35->t36->t37->t38->t39->t40->t41->t42->t43->t44->t45->t46->t47->t48->t49->t50->t51->t52->t53->t54->t55->t56->t57->t58->t59->t60->t61->t62->t63->t64,576,43,tied,0.3,0.7,"[""12"",""12"",""12"",""12"",""12"",""12"",""12"",""12"",""12"",""12"",""12"",""12"",""12"",""12"",""12"",""12"",""12"",""12"",""12"",""12"",""12"",""12"",""12"",""12"",""12"",""12"",""12"",""12"",""12"",""12"",""12"",""12"",""12"",""12"",""12"",""12"",""12"",""12"",""12"",""12"",""12"",""12"",""12"",""12"",""12"",""12"",""12"",""12"",""12"",""12"",""12"",""12"",""12"",""12"",""12"",""12"",""12"",""12"",""12"",""12"",""12"",""12"",""12"",""12""]","[""0.576"",""0.576"",""4.032"",""0.576"",""4.032"",""4.032"",""0.576"",""4.032"",""0.576"",""4.032"",""0.576"",""0.576"",""4.032"",""0.576"",""4.032"",""0.576"",""4.032"",""4.032"",""0.576"",""4.032"",""0.576"",""4.032"",""0.576"",""0.576"",""4.032"",""4.032"",""0.576"",""4.032"",""0.576"",""4.032"",""0.576"",""4.032"",""0.576"",""0.576"",""0.576"",""0.576"",""0.576"",""0.576"",""0.576"",""0.576"",""0.576"",""0.576"",""0.576"",""0.576"",""0.576"",""0.576"",""0.576"",""0.576"",""0.576"",""0.576"",""0.576"",""0.576"",""0.576"",""0.576"",""0.576"",""0.576"",""0.576"",""0.576"",""0.576"",""0.576"",""0.576"",""0.576"",""0.576"",""0.576""]","[""1.344"",""1.344"",""1.728"",""1.344"",""1.728"",""1.728"",""1.344"",""1.728"",""1.344"",""1.728"",""1.344"",""1.344"",""1.728"",""1.344"",""1.728"",""1.344"",""1.728"",""1.728"",""1.344"",""1.728"",""1.344"",""1.728"",""1.344"",""1.344"",""1.728"",""1.728"",""1.344"",""1.728"",""1.344"",""1.728"",""1.344"",""1.728"",""1.344"",""1.344"",""1.344"",""1.344"",""1.344"",""1.344"",""1.344"",""1.344"",""1.344"",""1.344"",""1.344"",""1.344"",""1.344"",""1.344"",""1.344"",""1.344"",""1.344"",""1.344"",""1.344"",""1.344"",""1.344"",""1.344"",""1.344"",""1.344"",""1.344"",""1.344"",""1.344"",""1.344"",""1.344"",""1.344"",""1.344"",""1.344""]","{""t01"":[],""t02"":[""t01""],""t03"":[""t01""],""t04"":[""t02""],""t05"":[""t03""],""t06"":[""t04"",""t05""],""t07"":[""t04""],""t08"":[""t06"",""t07""],""t09"":[""t07""],""t10"":[""t08"",""t09""],""t11"":[""t09""],""t12"":[""t11""],""t13"":[""t10""],""t14"":[""t12"",""t13""],""t15"":[""t13""],""t16"":[""t14""],""t17"":[""t15""],""t18"":[""t16"",""t17""],""t19"":[""t16""],""t20"":[""t18""],""t21"":[""t19""],""t22"":[""t20""],""t23"":[""t21""],""t24"":[""t23""],""t25"":[""t22""],""t26"":[""t24"",""t25""],""t27"":[""t24""],""t28"":[""t26"",""t27""],""t29"":[""t27""],""t30"":[""t28""],""t31"":[""t28"",""t29""],""t32"":[""t30""],""t33"":[""t31""],""t34"":[""t32"",""t33""],""t35"":[""t34""],""t36"":[""t35""],""t37"":[""t36""],""t38"":[""t37""],""t39"":[""t38""],""t40"":[""t39""],""t41"":[""t40""],""t42"":[""t41""],""t43"":[""t42""],""t44"":[""t43""],""t45"":[""t44""],""t46"":[""t45""],""t47"":[""t46""],""t48"":[""t47""],""t49"":[""t48""],""t50"":[""t49""],""t51"":[""t50""],""t52"":[""t51""],""t53"":[""t52""],""t54"":[""t53""],""t55"":[""t54""],""t56"":[""t55""],""t57"":[""t56""],""t58"":[""t57""],""t59"":[""t58""],""t60"":[""t59""],""t61"":[""t60""],""t62"":[""t61""],""t63"":[""t62""],""t64"":[""t63""]}"
EXP-08,confirmatory,exp08_confirmatory_n64_chain_like_homogeneous_09,n64_chain_like_homogeneous,64,chain_like,homogeneous,high,9,0,3523765097191775465,0.75,t01->t03->t04->t06->t09->t10->t13->t14->t16->t18->t21->t23->t24->t27->t28->t31->t32->t34->t35->t36->t37->t38->t39->t40->t41->t42->t43->t44->t45->t46->t47->t48->t49->t50->t51->t52->t53->t54->t55->t56->t57->t58->t59->t60->t61->t62->t63->t64,576,94,tied,0.3,0.7,"[""12"",""12"",""12"",""12"",""12"",""12"",""12"",""12"",""12"",""12"",""12"",""12"",""12"",""12"",""12"",""12"",""12"",""12"",""12"",""12"",""12"",""12"",""12"",""12"",""12"",""12"",""12"",""12"",""12"",""12"",""12"",""12"",""12"",""12"",""12"",""12"",""12"",""12"",""12"",""12"",""12"",""12"",""12"",""12"",""12"",""12"",""12"",""12"",""12"",""12"",""12"",""12"",""12"",""12"",""12"",""12"",""12"",""12"",""12"",""12"",""12"",""12"",""12"",""12""]","[""0.576"",""4.032"",""0.576"",""0.576"",""4.032"",""0.576"",""4.032"",""4.032"",""0.576"",""0.576"",""4.032"",""4.032"",""0.576"",""0.576"",""4.032"",""0.576"",""4.032"",""0.576"",""4.032"",""4.032"",""0.576"",""4.032"",""0.576"",""0.576"",""4.032"",""4.032"",""0.576"",""0.576"",""4.032"",""4.032"",""0.576"",""0.576"",""4.032"",""0.576"",""0.576"",""0.576"",""0.576"",""0.576"",""0.576"",""0.576"",""0.576"",""0.576"",""0.576"",""0.576"",""0.576"",""0.576"",""0.576"",""0.576"",""0.576"",""0.576"",""0.576"",""0.576"",""0.576"",""0.576"",""0.576"",""0.576"",""0.576"",""0.576"",""0.576"",""0.576"",""0.576"",""0.576"",""0.576"",""0.576""]","[""1.344"",""1.728"",""1.344"",""1.344"",""1.728"",""1.344"",""1.728"",""1.728"",""1.344"",""1.344"",""1.728"",""1.728"",""1.344"",""1.344"",""1.728"",""1.344"",""1.728"",""1.344"",""1.728"",""1.728"",""1.344"",""1.728"",""1.344"",""1.344"",""1.728"",""1.728"",""1.344"",""1.344"",""1.728"",""1.728"",""1.344"",""1.344"",""1.728"",""1.344"",""1.344"",""1.344"",""1.344"",""1.344"",""1.344"",""1.344"",""1.344"",""1.344"",""1.344"",""1.344"",""1.344"",""1.344"",""1.344"",""1.344"",""1.344"",""1.344"",""1.344"",""1.344"",""1.344"",""1.344"",""1.344"",""1.344"",""1.344"",""1.344"",""1.344"",""1.344"",""1.344"",""1.344"",""1.344"",""1.344""]","{""t01"":[],""t02"":[""t01""],""t03"":[""t01""],""t04"":[""t03""],""t05"":[""t02""],""t06"":[""t04"",""t05""],""t07"":[""t04"",""t05""],""t08"":[""t07""],""t09"":[""t06""],""t10"":[""t09""],""t11"":[""t08""],""t12"":[""t11""],""t13"":[""t10""],""t14"":[""t13""],""t15"":[""t12"",""t13""],""t16"":[""t14""],""t17"":[""t14"",""t15""],""t18"":[""t16"",""t17""],""t19"":[""t16""],""t20"":[""t18"",""t19""],""t21"":[""t18""],""t22"":[""t20"",""t21""],""t23"":[""t21""],""t24"":[""t22"",""t23""],""t25"":[""t23""],""t26"":[""t25""],""t27"":[""t24""],""t28"":[""t26"",""t27""],""t29"":[""t27""],""t30"":[""t28"",""t29""],""t31"":[""t28""],""t32"":[""t31""],""t33"":[""t30""],""t34"":[""t32"",""t33""],""t35"":[""t34""],""t36"":[""t35""],""t37"":[""t36""],""t38"":[""t37""],""t39"":[""t38""],""t40"":[""t39""],""t41"":[""t40""],""t42"":[""t41""],""t43"":[""t42""],""t44"":[""t43""],""t45"":[""t44""],""t46"":[""t45""],""t47"":[""t46""],""t48"":[""t47""],""t49"":[""t48""],""t50"":[""t49""],""t51"":[""t50""],""t52"":[""t51""],""t53"":[""t52""],""t54"":[""t53""],""t55"":[""t54""],""t56"":[""t55""],""t57"":[""t56""],""t58"":[""t57""],""t59"":[""t58""],""t60"":[""t59""],""t61"":[""t60""],""t62"":[""t61""],""t63"":[""t62""],""t64"":[""t63""]}"
EXP-08,confirmatory,exp08_confirmatory_n64_chain_like_homogeneous_10,n64_chain_like_homogeneous,64,chain_like,homogeneous,high,10,0,10363924372165768770,0.75,t01->t02->t05->t07->t09->t11->t12->t14->t17->t18->t20->t23->t25->t26->t28->t31->t32->t34->t35->t36->t37->t38->t39->t40->t41->t42->t43->t44->t45->t46->t47->t48->t49->t50->t51->t52->t53->t54->t55->t56->t57->t58->t59->t60->t61->t62->t63->t64,576,339,tied,0.3,0.7,"[""12"",""12"",""12"",""12"",""12"",""12"",""12"",""12"",""12"",""12"",""12"",""12"",""12"",""12"",""12"",""12"",""12"",""12"",""12"",""12"",""12"",""12"",""12"",""12"",""12"",""12"",""12"",""12"",""12"",""12"",""12"",""12"",""12"",""12"",""12"",""12"",""12"",""12"",""12"",""12"",""12"",""12"",""12"",""12"",""12"",""12"",""12"",""12"",""12"",""12"",""12"",""12"",""12"",""12"",""12"",""12"",""12"",""12"",""12"",""12"",""12"",""12"",""12"",""12""]","[""0.576"",""0.576"",""4.032"",""4.032"",""0.576"",""4.032"",""0.576"",""4.032"",""0.576"",""4.032"",""0.576"",""0.576"",""4.032"",""0.576"",""4.032"",""4.032"",""0.576"",""0.576"",""4.032"",""0.576"",""4.032"",""4.032"",""0.576"",""4.032"",""0.576"",""0.576"",""4.032"",""0.576"",""4.032"",""4.032"",""0.576"",""0.576"",""4.032"",""0.576"",""0.576"",""0.576"",""0.576"",""0.576"",""0.576"",""0.576"",""0.576"",""0.576"",""0.576"",""0.576"",""0.576"",""0.576"",""0.576"",""0.576"",""0.576"",""0.576"",""0.576"",""0.576"",""0.576"",""0.576"",""0.576"",""0.576"",""0.576"",""0.576"",""0.576"",""0.576"",""0.576"",""0.576"",""0.576"",""0.576""]","[""1.344"",""1.344"",""1.728"",""1.728"",""1.344"",""1.728"",""1.344"",""1.728"",""1.344"",""1.728"",""1.344"",""1.344"",""1.728"",""1.344"",""1.728"",""1.728"",""1.344"",""1.344"",""1.728"",""1.344"",""1.728"",""1.728"",""1.344"",""1.728"",""1.344"",""1.344"",""1.728"",""1.344"",""1.728"",""1.728"",""1.344"",""1.344"",""1.728"",""1.344"",""1.344"",""1.344"",""1.344"",""1.344"",""1.344"",""1.344"",""1.344"",""1.344"",""1.344"",""1.344"",""1.344"",""1.344"",""1.344"",""1.344"",""1.344"",""1.344"",""1.344"",""1.344"",""1.344"",""1.344"",""1.344"",""1.344"",""1.344"",""1.344"",""1.344"",""1.344"",""1.344"",""1.344"",""1.344"",""1.344""]","{""t01"":[],""t02"":[""t01""],""t03"":[""t01""],""t04"":[""t03""],""t05"":[""t02""],""t06"":[""t04""],""t07"":[""t05""],""t08"":[""t06""],""t09"":[""t06"",""t07""],""t10"":[""t08"",""t09""],""t11"":[""t09""],""t12"":[""t11""],""t13"":[""t10"",""t11""],""t14"":[""t12"",""t13""],""t15"":[""t13""],""t16"":[""t14""],""t17"":[""t14"",""t15""],""t18"":[""t16"",""t17""],""t19"":[""t17""],""t20"":[""t18"",""t19""],""t21"":[""t19""],""t22"":[""t20""],""t23"":[""t20"",""t21""],""t24"":[""t23""],""t25"":[""t22"",""t23""],""t26"":[""t25""],""t27"":[""t24""],""t28"":[""t26""],""t29"":[""t26"",""t27""],""t30"":[""t28"",""t29""],""t31"":[""t28""],""t32"":[""t30"",""t31""],""t33"":[""t31""],""t34"":[""t32"",""t33""],""t35"":[""t34""],""t36"":[""t35""],""t37"":[""t36""],""t38"":[""t37""],""t39"":[""t38""],""t40"":[""t39""],""t41"":[""t40""],""t42"":[""t41""],""t43"":[""t42""],""t44"":[""t43""],""t45"":[""t44""],""t46"":[""t45""],""t47"":[""t46""],""t48"":[""t47""],""t49"":[""t48""],""t50"":[""t49""],""t51"":[""t50""],""t52"":[""t51""],""t53"":[""t52""],""t54"":[""t53""],""t55"":[""t54""],""t56"":[""t55""],""t57"":[""t56""],""t58"":[""t57""],""t59"":[""t58""],""t60"":[""t59""],""t61"":[""t60""],""t62"":[""t61""],""t63"":[""t62""],""t64"":[""t63""]}"
EXP-08,confirmatory,exp08_confirmatory_n64_chain_like_homogeneous_11,n64_chain_like_homogeneous,64,chain_like,homogeneous,high,11,0,6951930741422992104,0.75,t01->t03->t04->t06->t09->t10->t12->t14->t17->t19->t20->t23->t25->t26->t28->t31->t33->t34->t35->t36->t37->t38->t39->t40->t41->t42->t43->t44->t45->t46->t47->t48->t49->t50->t51->t52->t53->t54->t55->t56->t57->t58->t59->t60->t61->t62->t63->t64,576,41,tied,0.3,0.7,"[""12"",""12"",""12"",""12"",""12"",""12"",""12"",""12"",""12"",""12"",""12"",""12"",""12"",""12"",""12"",""12"",""12"",""12"",""12"",""12"",""12"",""12"",""12"",""12"",""12"",""12"",""12"",""12"",""12"",""12"",""12"",""12"",""12"",""12"",""12"",""12"",""12"",""12"",""12"",""12"",""12"",""12"",""12"",""12"",""12"",""12"",""12"",""12"",""12"",""12"",""12"",""12"",""12"",""12"",""12"",""12"",""12"",""12"",""12"",""12"",""12"",""12"",""12"",""12""]","[""0.576"",""4.032"",""0.576"",""0.576"",""4.032"",""0.576"",""4.032"",""4.032"",""0.576"",""0.576"",""4.032"",""0.576"",""4.032"",""0.576"",""4.032"",""4.032"",""0.576"",""4.032"",""0.576"",""0.576"",""4.032"",""4.032"",""0.576"",""4.032"",""0.576"",""0.576"",""4.032"",""0.576"",""4.032"",""4.032"",""0.576"",""4.032"",""0.576"",""0.576"",""0.576"",""0.576"",""0.576"",""0.576"",""0.576"",""0.576"",""0.576"",""0.576"",""0.576"",""0.576"",""0.576"",""0.576"",""0.576"",""0.576"",""0.576"",""0.576"",""0.576"",""0.576"",""0.576"",""0.576"",""0.576"",""0.576"",""0.576"",""0.576"",""0.576"",""0.576"",""0.576"",""0.576"",""0.576"",""0.576""]","[""1.344"",""1.728"",""1.344"",""1.344"",""1.728"",""1.344"",""1.728"",""1.728"",""1.344"",""1.344"",""1.728"",""1.344"",""1.728"",""1.344"",""1.728"",""1.728"",""1.344"",""1.728"",""1.344"",""1.344"",""1.728"",""1.728"",""1.344"",""1.728"",""1.344"",""1.344"",""1.728"",""1.344"",""1.728"",""1.728"",""1.344"",""1.728"",""1.344"",""1.344"",""1.344"",""1.344"",""1.344"",""1.344"",""1.344"",""1.344"",""1.344"",""1.344"",""1.344"",""1.344"",""1.344"",""1.344"",""1.344"",""1.344"",""1.344"",""1.344"",""1.344"",""1.344"",""1.344"",""1.344"",""1.344"",""1.344"",""1.344"",""1.344"",""1.344"",""1.344"",""1.344"",""1.344"",""1.344"",""1.344""]","{""t01"":[],""t02"":[""t01""],""t03"":[""t01""],""t04"":[""t02"",""t03""],""t05"":[""t02""],""t06"":[""t04""],""t07"":[""t05""],""t08"":[""t07""],""t09"":[""t06""],""t10"":[""t09""],""t11"":[""t08"",""t09""],""t12"":[""t10""],""t13"":[""t10"",""t11""],""t14"":[""t12""],""t15"":[""t12"",""t13""],""t16"":[""t14"",""t15""],""t17"":[""t14""],""t18"":[""t16""],""t19"":[""t17""],""t20"":[""t18"",""t19""],""t21"":[""t19""],""t22"":[""t21""],""t23"":[""t20"",""t21""],""t24"":[""t22""],""t25"":[""t23""],""t26"":[""t25""],""t27"":[""t24"",""t25""],""t28"":[""t26"",""t27""],""t29"":[""t26""],""t30"":[""t29""],""t31"":[""t28""],""t32"":[""t30""],""t33"":[""t31""],""t34"":[""t32"",""t33""],""t35"":[""t34""],""t36"":[""t35""],""t37"":[""t36""],""t38"":[""t37""],""t39"":[""t38""],""t40"":[""t39""],""t41"":[""t40""],""t42"":[""t41""],""t43"":[""t42""],""t44"":[""t43""],""t45"":[""t44""],""t46"":[""t45""],""t47"":[""t46""],""t48"":[""t47""],""t49"":[""t48""],""t50"":[""t49""],""t51"":[""t50""],""t52"":[""t51""],""t53"":[""t52""],""t54"":[""t53""],""t55"":[""t54""],""t56"":[""t55""],""t57"":[""t56""],""t58"":[""t57""],""t59"":[""t58""],""t60"":[""t59""],""t61"":[""t60""],""t62"":[""t61""],""t63"":[""t62""],""t64"":[""t63""]}"
EXP-08,confirmatory,exp08_confirmatory_n64_chain_like_homogeneous_12,n64_chain_like_homogeneous,64,chain_like,homogeneous,high,12,0,3493207951008720888,0.75,t01->t03->t05->t07->t08->t11->t12->t14->t17->t19->t20->t22->t25->t26->t29->t31->t33->t34->t35->t36->t37->t38->t39->t40->t41->t42->t43->t44->t45->t46->t47->t48->t49->t50->t51->t52->t53->t54->t55->t56->t57->t58->t59->t60->t61->t62->t63->t64,576,226,tied,0.3,0.7,"[""12"",""12"",""12"",""12"",""12"",""12"",""12"",""12"",""12"",""12"",""12"",""12"",""12"",""12"",""12"",""12"",""12"",""12"",""12"",""12"",""12"",""12"",""12"",""12"",""12"",""12"",""12"",""12"",""12"",""12"",""12"",""12"",""12"",""12"",""12"",""12"",""12"",""12"",""12"",""12"",""12"",""12"",""12"",""12"",""12"",""12"",""12"",""12"",""12"",""12"",""12"",""12"",""12"",""12"",""12"",""12"",""12"",""12"",""12"",""12"",""12"",""12"",""12"",""12""]","[""0.576"",""4.032"",""0.576"",""4.032"",""0.576"",""4.032"",""0.576"",""0.576"",""4.032"",""4.032"",""0.576"",""0.576"",""4.032"",""0.576"",""4.032"",""4.032"",""0.576"",""4.032"",""0.576"",""0.576"",""4.032"",""0.576"",""4.032"",""4.032"",""0.576"",""0.576"",""4.032"",""4.032"",""0.576"",""4.032"",""0.576"",""4.032"",""0.576"",""0.576"",""0.576"",""0.576"",""0.576"",""0.576"",""0.576"",""0.576"",""0.576"",""0.576"",""0.576"",""0.576"",""0.576"",""0.576"",""0.576"",""0.576"",""0.576"",""0.576"",""0.576"",""0.576"",""0.576"",""0.576"",""0.576"",""0.576"",""0.576"",""0.576"",""0.576"",""0.576"",""0.576"",""0.576"",""0.576"",""0.576""]","[""1.344"",""1.728"",""1.344"",""1.728"",""1.344"",""1.728"",""1.344"",""1.344"",""1.728"",""1.728"",""1.344"",""1.344"",""1.728"",""1.344"",""1.728"",""1.728"",""1.344"",""1.728"",""1.344"",""1.344"",""1.728"",""1.344"",""1.728"",""1.728"",""1.344"",""1.344"",""1.728"",""1.728"",""1.344"",""1.728"",""1.344"",""1.728"",""1.344"",""1.344"",""1.344"",""1.344"",""1.344"",""1.344"",""1.344"",""1.344"",""1.344"",""1.344"",""1.344"",""1.344"",""1.344"",""1.344"",""1.344"",""1.344"",""1.344"",""1.344"",""1.344"",""1.344"",""1.344"",""1.344"",""1.344"",""1.344"",""1.344"",""1.344"",""1.344"",""1.344"",""1.344"",""1.344"",""1.344"",""1.344""]","{""t01"":[],""t02"":[""t01""],""t03"":[""t01""],""t04"":[""t02""],""t05"":[""t03""],""t06"":[""t04"",""t05""],""t07"":[""t05""],""t08"":[""t07""],""t09"":[""t06""],""t10"":[""t08"",""t09""],""t11"":[""t08""],""t12"":[""t11""],""t13"":[""t10"",""t11""],""t14"":[""t12"",""t13""],""t15"":[""t13""],""t16"":[""t14""],""t17"":[""t14"",""t15""],""t18"":[""t16"",""t17""],""t19"":[""t17""],""t20"":[""t18"",""t19""],""t21"":[""t18""],""t22"":[""t20""],""t23"":[""t20"",""t21""],""t24"":[""t22"",""t23""],""t25"":[""t22""],""t26"":[""t25""],""t27"":[""t24""],""t28"":[""t27""],""t29"":[""t26""],""t30"":[""t28""],""t31"":[""t28"",""t29""],""t32"":[""t30"",""t31""],""t33"":[""t31""],""t34"":[""t32"",""t33""],""t35"":[""t34""],""t36"":[""t35""],""t37"":[""t36""],""t38"":[""t37""],""t39"":[""t38""],""t40"":[""t39""],""t41"":[""t40""],""t42"":[""t41""],""t43"":[""t42""],""t44"":[""t43""],""t45"":[""t44""],""t46"":[""t45""],""t47"":[""t46""],""t48"":[""t47""],""t49"":[""t48""],""t50"":[""t49""],""t51"":[""t50""],""t52"":[""t51""],""t53"":[""t52""],""t54"":[""t53""],""t55"":[""t54""],""t56"":[""t55""],""t57"":[""t56""],""t58"":[""t57""],""t59"":[""t58""],""t60"":[""t59""],""t61"":[""t60""],""t62"":[""t61""],""t63"":[""t62""],""t64"":[""t63""]}"
EXP-08,confirmatory,exp08_confirmatory_n64_chain_like_homogeneous_13,n64_chain_like_homogeneous,64,chain_like,homogeneous,high,13,0,10063948705616579933,0.75,t01->t03->t04->t06->t08->t10->t13->t15->t16->t18->t21->t23->t24->t26->t29->t31->t32->t34->t35->t36->t37->t38->t39->t40->t41->t42->t43->t44->t45->t46->t47->t48->t49->t50->t51->t52->t53->t54->t55->t56->t57->t58->t59->t60->t61->t62->t63->t64,576,85,tied,0.3,0.7,"[""12"",""12"",""12"",""12"",""12"",""12"",""12"",""12"",""12"",""12"",""12"",""12"",""12"",""12"",""12"",""12"",""12"",""12"",""12"",""12"",""12"",""12"",""12"",""12"",""12"",""12"",""12"",""12"",""12"",""12"",""12"",""12"",""12"",""12"",""12"",""12"",""12"",""12"",""12"",""12"",""12"",""12"",""12"",""12"",""12"",""12"",""12"",""12"",""12"",""12"",""12"",""12"",""12"",""12"",""12"",""12"",""12"",""12"",""12"",""12"",""12"",""12"",""12"",""12""]","[""0.576"",""4.032"",""0.576"",""0.576"",""4.032"",""0.576"",""4.032"",""0.576"",""4.032"",""0.576"",""4.032"",""4.032"",""0.576"",""4.032"",""0.576"",""0.576"",""4.032"",""0.576"",""4.032"",""4.032"",""0.576"",""4.032"",""0.576"",""0.576"",""4.032"",""0.576"",""4.032"",""4.032"",""0.576"",""4.032"",""0.576"",""0.576"",""4.032"",""0.576"",""0.576"",""0.576"",""0.576"",""0.576"",""0.576"",""0.576"",""0.576"",""0.576"",""0.576"",""0.576"",""0.576"",""0.576"",""0.576"",""0.576"",""0.576"",""0.576"",""0.576"",""0.576"",""0.576"",""0.576"",""0.576"",""0.576"",""0.576"",""0.576"",""0.576"",""0.576"",""0.576"",""0.576"",""0.576"",""0.576""]","[""1.344"",""1.728"",""1.344"",""1.344"",""1.728"",""1.344"",""1.728"",""1.344"",""1.728"",""1.344"",""1.728"",""1.728"",""1.344"",""1.728"",""1.344"",""1.344"",""1.728"",""1.344"",""1.728"",""1.728"",""1.344"",""1.728"",""1.344"",""1.344"",""1.728"",""1.344"",""1.728"",""1.728"",""1.344"",""1.728"",""1.344"",""1.344"",""1.728"",""1.344"",""1.344"",""1.344"",""1.344"",""1.344"",""1.344"",""1.344"",""1.344"",""1.344"",""1.344"",""1.344"",""1.344"",""1.344"",""1.344"",""1.344"",""1.344"",""1.344"",""1.344"",""1.344"",""1.344"",""1.344"",""1.344"",""1.344"",""1.344"",""1.344"",""1.344"",""1.344"",""1.344"",""1.344"",""1.344"",""1.344""]","{""t01"":[],""t02"":[""t01""],""t03"":[""t01""],""t04"":[""t03""],""t05"":[""t02""],""t06"":[""t04""],""t07"":[""t04"",""t05""],""t08"":[""t06""],""t09"":[""t07""],""t10"":[""t08"",""t09""],""t11"":[""t08""],""t12"":[""t11""],""t13"":[""t10"",""t11""],""t14"":[""t12"",""t13""],""t15"":[""t13""],""t16"":[""t14"",""t15""],""t17"":[""t15""],""t18"":[""t16"",""t17""],""t19"":[""t17""],""t20"":[""t19""],""t21"":[""t18""],""t22"":[""t20"",""t21""],""t23"":[""t20"",""t21""],""t24"":[""t23""],""t25"":[""t22""],""t26"":[""t24"",""t25""],""t27"":[""t24""],""t28"":[""t27""],""t29"":[""t26""],""t30"":[""t28""],""t31"":[""t29""],""t32"":[""t30"",""t31""],""t33"":[""t31""],""t34"":[""t32"",""t33""],""t35"":[""t34""],""t36"":[""t35""],""t37"":[""t36""],""t38"":[""t37""],""t39"":[""t38""],""t40"":[""t39""],""t41"":[""t40""],""t42"":[""t41""],""t43"":[""t42""],""t44"":[""t43""],""t45"":[""t44""],""t46"":[""t45""],""t47"":[""t46""],""t48"":[""t47""],""t49"":[""t48""],""t50"":[""t49""],""t51"":[""t50""],""t52"":[""t51""],""t53"":[""t52""],""t54"":[""t53""],""t55"":[""t54""],""t56"":[""t55""],""t57"":[""t56""],""t58"":[""t57""],""t59"":[""t58""],""t60"":[""t59""],""t61"":[""t60""],""t62"":[""t61""],""t63"":[""t62""],""t64"":[""t63""]}"
EXP-08,confirmatory,exp08_confirmatory_n64_chain_like_homogeneous_14,n64_chain_like_homogeneous,64,chain_like,homogeneous,high,14,0,9597142880384903040,0.75,t01->t03->t04->t07->t09->t11->t13->t15->t16->t19->t20->t23->t24->t26->t28->t31->t33->t34->t35->t36->t37->t38->t39->t40->t41->t42->t43->t44->t45->t46->t47->t48->t49->t50->t51->t52->t53->t54->t55->t56->t57->t58->t59->t60->t61->t62->t63->t64,576,120,tied,0.3,0.7,"[""12"",""12"",""12"",""12"",""12"",""12"",""12"",""12"",""12"",""12"",""12"",""12"",""12"",""12"",""12"",""12"",""12"",""12"",""12"",""12"",""12"",""12"",""12"",""12"",""12"",""12"",""12"",""12"",""12"",""12"",""12"",""12"",""12"",""12"",""12"",""12"",""12"",""12"",""12"",""12"",""12"",""12"",""12"",""12"",""12"",""12"",""12"",""12"",""12"",""12"",""12"",""12"",""12"",""12"",""12"",""12"",""12"",""12"",""12"",""12"",""12"",""12"",""12"",""12""]","[""0.576"",""4.032"",""0.576"",""0.576"",""4.032"",""4.032"",""0.576"",""4.032"",""0.576"",""4.032"",""0.576"",""4.032"",""0.576"",""4.032"",""0.576"",""0.576"",""4.032"",""4.032"",""0.576"",""0.576"",""4.032"",""4.032"",""0.576"",""0.576"",""4.032"",""0.576"",""4.032"",""0.576"",""4.032"",""4.032"",""0.576"",""4.032"",""0.576"",""0.576"",""0.576"",""0.576"",""0.576"",""0.576"",""0.576"",""0.576"",""0.576"",""0.576"",""0.576"",""0.576"",""0.576"",""0.576"",""0.576"",""0.576"",""0.576"",""0.576"",""0.576"",""0.576"",""0.576"",""0.576"",""0.576"",""0.576"",""0.576"",""0.576"",""0.576"",""0.576"",""0.576"",""0.576"",""0.576"",""0.576""]","[""1.344"",""1.728"",""1.344"",""1.344"",""1.728"",""1.728"",""1.344"",""1.728"",""1.344"",""1.728"",""1.344"",""1.728"",""1.344"",""1.728"",""1.344"",""1.344"",""1.728"",""1.728"",""1.344"",""1.344"",""1.728"",""1.728"",""1.344"",""1.344"",""1.728"",""1.344"",""1.728"",""1.344"",""1.728"",""1.728"",""1.344"",""1.728"",""1.344"",""1.344"",""1.344"",""1.344"",""1.344"",""1.344"",""1.344"",""1.344"",""1.344"",""1.344"",""1.344"",""1.344"",""1.344"",""1.344"",""1.344"",""1.344"",""1.344"",""1.344"",""1.344"",""1.344"",""1.344"",""1.344"",""1.344"",""1.344"",""1.344"",""1.344"",""1.344"",""1.344"",""1.344"",""1.344"",""1.344"",""1.344""]","{""t01"":[],""t02"":[""t01""],""t03"":[""t01""],""t04"":[""t02"",""t03""],""t05"":[""t03""],""t06"":[""t04"",""t05""],""t07"":[""t04""],""t08"":[""t06"",""t07""],""t09"":[""t07""],""t10"":[""t08"",""t09""],""t11"":[""t09""],""t12"":[""t10""],""t13"":[""t10"",""t11""],""t14"":[""t12""],""t15"":[""t13""],""t16"":[""t15""],""t17"":[""t14"",""t15""],""t18"":[""t17""],""t19"":[""t16""],""t20"":[""t19""],""t21"":[""t18""],""t22"":[""t21""],""t23"":[""t20""],""t24"":[""t23""],""t25"":[""t22""],""t26"":[""t24""],""t27"":[""t24"",""t25""],""t28"":[""t26"",""t27""],""t29"":[""t26""],""t30"":[""t28""],""t31"":[""t28"",""t29""],""t32"":[""t30"",""t31""],""t33"":[""t31""],""t34"":[""t32"",""t33""],""t35"":[""t34""],""t36"":[""t35""],""t37"":[""t36""],""t38"":[""t37""],""t39"":[""t38""],""t40"":[""t39""],""t41"":[""t40""],""t42"":[""t41""],""t43"":[""t42""],""t44"":[""t43""],""t45"":[""t44""],""t46"":[""t45""],""t47"":[""t46""],""t48"":[""t47""],""t49"":[""t48""],""t50"":[""t49""],""t51"":[""t50""],""t52"":[""t51""],""t53"":[""t52""],""t54"":[""t53""],""t55"":[""t54""],""t56"":[""t55""],""t57"":[""t56""],""t58"":[""t57""],""t59"":[""t58""],""t60"":[""t59""],""t61"":[""t60""],""t62"":[""t61""],""t63"":[""t62""],""t64"":[""t63""]}"
EXP-08,confirmatory,exp08_confirmatory_n64_chain_like_homogeneous_15,n64_chain_like_homogeneous,64,chain_like,homogeneous,high,15,0,11084666331323317240,0.75,t01->t02->t05->t07->t08->t11->t12->t15->t17->t18->t21->t22->t25->t26->t29->t30->t32->t34->t35->t36->t37->t38->t39->t40->t41->t42->t43->t44->t45->t46->t47->t48->t49->t50->t51->t52->t53->t54->t55->t56->t57->t58->t59->t60->t61->t62->t63->t64,576,248,tied,0.3,0.7,"[""12"",""12"",""12"",""12"",""12"",""12"",""12"",""12"",""12"",""12"",""12"",""12"",""12"",""12"",""12"",""12"",""12"",""12"",""12"",""12"",""12"",""12"",""12"",""12"",""12"",""12"",""12"",""12"",""12"",""12"",""12"",""12"",""12"",""12"",""12"",""12"",""12"",""12"",""12"",""12"",""12"",""12"",""12"",""12"",""12"",""12"",""12"",""12"",""12"",""12"",""12"",""12"",""12"",""12"",""12"",""12"",""12"",""12"",""12"",""12"",""12"",""12"",""12"",""12""]","[""0.576"",""0.576"",""4.032"",""4.032"",""0.576"",""4.032"",""0.576"",""0.576"",""4.032"",""4.032"",""0.576"",""0.576"",""4.032"",""4.032"",""0.576"",""4.032"",""0.576"",""0.576"",""4.032"",""4.032"",""0.576"",""0.576"",""4.032"",""4.032"",""0.576"",""0.576"",""4.032"",""4.032"",""0.576"",""0.576"",""4.032"",""0.576"",""4.032"",""0.576"",""0.576"",""0.576"",""0.576"",""0.576"",""0.576"",""0.576"",""0.576"",""0.576"",""0.576"",""0.576"",""0.576"",""0.576"",""0.576"",""0.576"",""0.576"",""0.576"",""0.576"",""0.576"",""0.576"",""0.576"",""0.576"",""0.576"",""0.576"",""0.576"",""0.576"",""0.576"",""0.576"",""0.576"",""0.576"",""0.576""]","[""1.344"",""1.344"",""1.728"",""1.728"",""1.344"",""1.728"",""1.344"",""1.344"",""1.728"",""1.728"",""1.344"",""1.344"",""1.728"",""1.728"",""1.344"",""1.728"",""1.344"",""1.344"",""1.728"",""1.728"",""1.344"",""1.344"",""1.728"",""1.728"",""1.344"",""1.344"",""1.728"",""1.728"",""1.344"",""1.344"",""1.728"",""1.344"",""1.728"",""1.344"",""1.344"",""1.344"",""1.344"",""1.344"",""1.344"",""1.344"",""1.344"",""1.344"",""1.344"",""1.344"",""1.344"",""1.344"",""1.344"",""1.344"",""1.344"",""1.344"",""1.344"",""1.344"",""1.344"",""1.344"",""1.344"",""1.344"",""1.344"",""1.344"",""1.344"",""1.344"",""1.344"",""1.344"",""1.344"",""1.344""]","{""t01"":[],""t02"":[""t01""],""t03"":[""t01""],""t04"":[""t02"",""t03""],""t05"":[""t02""],""t06"":[""t04""],""t07"":[""t05""],""t08"":[""t07""],""t09"":[""t06"",""t07""],""t10"":[""t08"",""t09""],""t11"":[""t08"",""t09""],""t12"":[""t10"",""t11""],""t13"":[""t10"",""t11""],""t14"":[""t12""],""t15"":[""t12"",""t13""],""t16"":[""t14""],""t17"":[""t15""],""t18"":[""t16"",""t17""],""t19"":[""t17""],""t20"":[""t18""],""t21"":[""t18"",""t19""],""t22"":[""t21""],""t23"":[""t20""],""t24"":[""t22"",""t23""],""t25"":[""t22""],""t26"":[""t25""],""t27"":[""t24""],""t28"":[""t27""],""t29"":[""t26""],""t30"":[""t29""],""t31"":[""t28"",""t29""],""t32"":[""t30"",""t31""],""t33"":[""t31""],""t34"":[""t32"",""t33""],""t35"":[""t34""],""t36"":[""t35""],""t37"":[""t36""],""t38"":[""t37""],""t39"":[""t38""],""t40"":[""t39""],""t41"":[""t40""],""t42"":[""t41""],""t43"":[""t42""],""t44"":[""t43""],""t45"":[""t44""],""t46"":[""t45""],""t47"":[""t46""],""t48"":[""t47""],""t49"":[""t48""],""t50"":[""t49""],""t51"":[""t50""],""t52"":[""t51""],""t53"":[""t52""],""t54"":[""t53""],""t55"":[""t54""],""t56"":[""t55""],""t57"":[""t56""],""t58"":[""t57""],""t59"":[""t58""],""t60"":[""t59""],""t61"":[""t60""],""t62"":[""t61""],""t63"":[""t62""],""t64"":[""t63""]}"
EXP-08,confirmatory,exp08_confirmatory_n64_chain_like_homogeneous_16,n64_chain_like_homogeneous,64,chain_like,homogeneous,high,16,0,17517052782625792264,0.75,t01->t03->t05->t07->t09->t11->t12->t14->t17->t18->t21->t23->t24->t26->t28->t30->t33->t34->t35->t36->t37->t38->t39->t40->t41->t42->t43->t44->t45->t46->t47->t48->t49->t50->t51->t52->t53->t54->t55->t56->t57->t58->t59->t60->t61->t62->t63->t64,576,414,tied,0.3,0.7,"[""12"",""12"",""12"",""12"",""12"",""12"",""12"",""12"",""12"",""12"",""12"",""12"",""12"",""12"",""12"",""12"",""12"",""12"",""12"",""12"",""12"",""12"",""12"",""12"",""12"",""12"",""12"",""12"",""12"",""12"",""12"",""12"",""12"",""12"",""12"",""12"",""12"",""12"",""12"",""12"",""12"",""12"",""12"",""12"",""12"",""12"",""12"",""12"",""12"",""12"",""12"",""12"",""12"",""12"",""12"",""12"",""12"",""12"",""12"",""12"",""12"",""12"",""12"",""12""]","[""0.576"",""4.032"",""0.576"",""4.032"",""0.576"",""4.032"",""0.576"",""4.032"",""0.576"",""4.032"",""0.576"",""0.576"",""4.032"",""0.576"",""4.032"",""4.032"",""0.576"",""0.576"",""4.032"",""4.032"",""0.576"",""4.032"",""0.576"",""0.576"",""4.032"",""0.576"",""4.032"",""0.576"",""4.032"",""0.576"",""4.032"",""4.032"",""0.576"",""0.576"",""0.576"",""0.576"",""0.576"",""0.576"",""0.576"",""0.576"",""0.576"",""0.576"",""0.576"",""0.576"",""0.576"",""0.576"",""0.576"",""0.576"",""0.576"",""0.576"",""0.576"",""0.576"",""0.576"",""0.576"",""0.576"",""0.576"",""0.576"",""0.576"",""0.576"",""0.576"",""0.576"",""0.576"",""0.576"",""0.576""]","[""1.344"",""1.728"",""1.344"",""1.728"",""1.344"",""1.728"",""1.344"",""1.728"",""1.344"",""1.728"",""1.344"",""1.344"",""1.728"",""1.344"",""1.728"",""1.728"",""1.344"",""1.344"",""1.728"",""1.728"",""1.344"",""1.728"",""1.344"",""1.344"",""1.728"",""1.344"",""1.728"",""1.344"",""1.728"",""1.344"",""1.728"",""1.728"",""1.344"",""1.344"",""1.344"",""1.344"",""1.344"",""1.344"",""1.344"",""1.344"",""1.344"",""1.344"",""1.344"",""1.344"",""1.344"",""1.344"",""1.344"",""1.344"",""1.344"",""1.344"",""1.344"",""1.344"",""1.344"",""1.344"",""1.344"",""1.344"",""1.344"",""1.344"",""1.344"",""1.344"",""1.344"",""1.344"",""1.344"",""1.344""]","{""t01"":[],""t02"":[""t01""],""t03"":[""t01""],""t04"":[""t02""],""t05"":[""t02"",""t03""],""t06"":[""t04"",""t05""],""t07"":[""t05""],""t08"":[""t06""],""t09"":[""t06"",""t07""],""t10"":[""t08"",""t09""],""t11"":[""t09""],""t12"":[""t11""],""t13"":[""t10""],""t14"":[""t12""],""t15"":[""t12"",""t13""],""t16"":[""t14""],""t17"":[""t14"",""t15""],""t18"":[""t16"",""t17""],""t19"":[""t16"",""t17""],""t20"":[""t19""],""t21"":[""t18""],""t22"":[""t20""],""t23"":[""t20"",""t21""],""t24"":[""t23""],""t25"":[""t22""],""t26"":[""t24"",""t25""],""t27"":[""t24""],""t28"":[""t26"",""t27""],""t29"":[""t26""],""t30"":[""t28""],""t31"":[""t28"",""t29""],""t32"":[""t30"",""t31""],""t33"":[""t30""],""t34"":[""t32"",""t33""],""t35"":[""t34""],""t36"":[""t35""],""t37"":[""t36""],""t38"":[""t37""],""t39"":[""t38""],""t40"":[""t39""],""t41"":[""t40""],""t42"":[""t41""],""t43"":[""t42""],""t44"":[""t43""],""t45"":[""t44""],""t46"":[""t45""],""t47"":[""t46""],""t48"":[""t47""],""t49"":[""t48""],""t50"":[""t49""],""t51"":[""t50""],""t52"":[""t51""],""t53"":[""t52""],""t54"":[""t53""],""t55"":[""t54""],""t56"":[""t55""],""t57"":[""t56""],""t58"":[""t57""],""t59"":[""t58""],""t60"":[""t59""],""t61"":[""t60""],""t62"":[""t61""],""t63"":[""t62""],""t64"":[""t63""]}"
EXP-08,confirmatory,exp08_confirmatory_n64_chain_like_homogeneous_17,n64_chain_like_homogeneous,64,chain_like,homogeneous,high,17,0,13010237739801078518,0.75,t01->t03->t05->t06->t08->t10->t12->t15->t16->t19->t21->t23->t25->t26->t28->t30->t33->t34->t35->t36->t37->t38->t39->t40->t41->t42->t43->t44->t45->t46->t47->t48->t49->t50->t51->t52->t53->t54->t55->t56->t57->t58->t59->t60->t61->t62->t63->t64,576,133,tied,0.3,0.7,"[""12"",""12"",""12"",""12"",""12"",""12"",""12"",""12"",""12"",""12"",""12"",""12"",""12"",""12"",""12"",""12"",""12"",""12"",""12"",""12"",""12"",""12"",""12"",""12"",""12"",""12"",""12"",""12"",""12"",""12"",""12"",""12"",""12"",""12"",""12"",""12"",""12"",""12"",""12"",""12"",""12"",""12"",""12"",""12"",""12"",""12"",""12"",""12"",""12"",""12"",""12"",""12"",""12"",""12"",""12"",""12"",""12"",""12"",""12"",""12"",""12"",""12"",""12"",""12""]","[""0.576"",""4.032"",""0.576"",""4.032"",""0.576"",""0.576"",""4.032"",""0.576"",""4.032"",""0.576"",""4.032"",""0.576"",""4.032"",""4.032"",""0.576"",""0.576"",""4.032"",""4.032"",""0.576"",""4.032"",""0.576"",""4.032"",""0.576"",""4.032"",""0.576"",""0.576"",""4.032"",""0.576"",""4.032"",""0.576"",""4.032"",""4.032"",""0.576"",""0.576"",""0.576"",""0.576"",""0.576"",""0.576"",""0.576"",""0.576"",""0.576"",""0.576"",""0.576"",""0.576"",""0.576"",""0.576"",""0.576"",""0.576"",""0.576"",""0.576"",""0.576"",""0.576"",""0.576"",""0.576"",""0.576"",""0.576"",""0.576"",""0.576"",""0.576"",""0.576"",""0.576"",""0.576"",""0.576"",""0.576""]","[""1.344"",""1.728"",""1.344"",""1.728"",""1.344"",""1.344"",""1.728"",""1.344"",""1.728"",""1.344"",""1.728"",""1.344"",""1.728"",""1.728"",""1.344"",""1.344"",""1.728"",""1.728"",""1.344"",""1.728"",""1.344"",""1.728"",""1.344"",""1.728"",""1.344"",""1.344"",""1.728"",""1.344"",""1.728"",""1.344"",""1.728"",""1.728"",""1.344"",""1.344"",""1.344"",""1.344"",""1.344"",""1.344"",""1.344"",""1.344"",""1.344"",""1.344"",""1.344"",""1.344"",""1.344"",""1.344"",""1.344"",""1.344"",""1.344"",""1.344"",""1.344"",""1.344"",""1.344"",""1.344"",""1.344"",""1.344"",""1.344"",""1.344"",""1.344"",""1.344"",""1.344"",""1.344"",""1.344"",""1.344""]","{""t01"":[],""t02"":[""t01""],""t03"":[""t01""],""t04"":[""t02""],""t05"":[""t03""],""t06"":[""t05""],""t07"":[""t04""],""t08"":[""t06"",""t07""],""t09"":[""t06""],""t10"":[""t08""],""t11"":[""t08"",""t09""],""t12"":[""t10""],""t13"":[""t10"",""t11""],""t14"":[""t12"",""t13""],""t15"":[""t12""],""t16"":[""t14"",""t15""],""t17"":[""t15""],""t18"":[""t17""],""t19"":[""t16""],""t20"":[""t18"",""t19""],""t21"":[""t19""],""t22"":[""t20""],""t23"":[""t20"",""t21""],""t24"":[""t23""],""t25"":[""t22"",""t23""],""t26"":[""t25""],""t27"":[""t24""],""t28"":[""t26""],""t29"":[""t27""],""t30"":[""t28""],""t31"":[""t28"",""t29""],""t32"":[""t31""],""t33"":[""t30"",""t31""],""t34"":[""t32"",""t33""],""t35"":[""t34""],""t36"":[""t35""],""t37"":[""t36""],""t38"":[""t37""],""t39"":[""t38""],""t40"":[""t39""],""t41"":[""t40""],""t42"":[""t41""],""t43"":[""t42""],""t44"":[""t43""],""t45"":[""t44""],""t46"":[""t45""],""t47"":[""t46""],""t48"":[""t47""],""t49"":[""t48""],""t50"":[""t49""],""t51"":[""t50""],""t52"":[""t51""],""t53"":[""t52""],""t54"":[""t53""],""t55"":[""t54""],""t56"":[""t55""],""t57"":[""t56""],""t58"":[""t57""],""t59"":[""t58""],""t60"":[""t59""],""t61"":[""t60""],""t62"":[""t61""],""t63"":[""t62""],""t64"":[""t63""]}"
EXP-08,confirmatory,exp08_confirmatory_n64_chain_like_homogeneous_18,n64_chain_like_homogeneous,64,chain_like,homogeneous,high,18,0,13590207724600668227,0.75,t01->t03->t05->t07->t09->t10->t13->t14->t17->t19->t20->t22->t24->t27->t28->t30->t32->t34->t35->t36->t37->t38->t39->t40->t41->t42->t43->t44->t45->t46->t47->t48->t49->t50->t51->t52->t53->t54->t55->t56->t57->t58->t59->t60->t61->t62->t63->t64,576,111,tied,0.3,0.7,"[""12"",""12"",""12"",""12"",""12"",""12"",""12"",""12"",""12"",""12"",""12"",""12"",""12"",""12"",""12"",""12"",""12"",""12"",""12"",""12"",""12"",""12"",""12"",""12"",""12"",""12"",""12"",""12"",""12"",""12"",""12"",""12"",""12"",""12"",""12"",""12"",""12"",""12"",""12"",""12"",""12"",""12"",""12"",""12"",""12"",""12"",""12"",""12"",""12"",""12"",""12"",""12"",""12"",""12"",""12"",""12"",""12"",""12"",""12"",""12"",""12"",""12"",""12"",""12""]","[""0.576"",""4.032"",""0.576"",""4.032"",""0.576"",""4.032"",""0.576"",""4.032"",""0.576"",""0.576"",""4.032"",""4.032"",""0.576"",""0.576"",""4.032"",""4.032"",""0.576"",""4.032"",""0.576"",""0.576"",""4.032"",""0.576"",""4.032"",""0.576"",""4.032"",""4.032"",""0.576"",""0.576"",""4.032"",""0.576"",""4.032"",""0.576"",""4.032"",""0.576"",""0.576"",""0.576"",""0.576"",""0.576"",""0.576"",""0.576"",""0.576"",""0.576"",""0.576"",""0.576"",""0.576"",""0.576"",""0.576"",""0.576"",""0.576"",""0.576"",""0.576"",""0.576"",""0.576"",""0.576"",""0.576"",""0.576"",""0.576"",""0.576"",""0.576"",""0.576"",""0.576"",""0.576"",""0.576"",""0.576""]","[""1.344"",""1.728"",""1.344"",""1.728"",""1.344"",""1.728"",""1.344"",""1.728"",""1.344"",""1.344"",""1.728"",""1.728"",""1.344"",""1.344"",""1.728"",""1.728"",""1.344"",""1.728"",""1.344"",""1.344"",""1.728"",""1.344"",""1.728"",""1.344"",""1.728"",""1.728"",""1.344"",""1.344"",""1.728"",""1.344"",""1.728"",""1.344"",""1.728"",""1.344"",""1.344"",""1.344"",""1.344"",""1.344"",""1.344"",""1.344"",""1.344"",""1.344"",""1.344"",""1.344"",""1.344"",""1.344"",""1.344"",""1.344"",""1.344"",""1.344"",""1.344"",""1.344"",""1.344"",""1.344"",""1.344"",""1.344"",""1.344"",""1.344"",""1.344"",""1.344"",""1.344"",""1.344"",""1.344"",""1.344""]","{""t01"":[],""t02"":[""t01""],""t03"":[""t01""],""t04"":[""t02""],""t05"":[""t03""],""t06"":[""t04""],""t07"":[""t05""],""t08"":[""t06"",""t07""],""t09"":[""t07""],""t10"":[""t08"",""t09""],""t11"":[""t09""],""t12"":[""t10"",""t11""],""t13"":[""t10""],""t14"":[""t12"",""t13""],""t15"":[""t13""],""t16"":[""t15""],""t17"":[""t14""],""t18"":[""t16""],""t19"":[""t17""],""t20"":[""t18"",""t19""],""t21"":[""t19""],""t22"":[""t20""],""t23"":[""t21""],""t24"":[""t22""],""t25"":[""t22"",""t23""],""t26"":[""t24""],""t27"":[""t24"",""t25""],""t28"":[""t26"",""t27""],""t29"":[""t26"",""t27""],""t30"":[""t28""],""t31"":[""t29""],""t32"":[""t30"",""t31""],""t33"":[""t31""],""t34"":[""t32"",""t33""],""t35"":[""t34""],""t36"":[""t35""],""t37"":[""t36""],""t38"":[""t37""],""t39"":[""t38""],""t40"":[""t39""],""t41"":[""t40""],""t42"":[""t41""],""t43"":[""t42""],""t44"":[""t43""],""t45"":[""t44""],""t46"":[""t45""],""t47"":[""t46""],""t48"":[""t47""],""t49"":[""t48""],""t50"":[""t49""],""t51"":[""t50""],""t52"":[""t51""],""t53"":[""t52""],""t54"":[""t53""],""t55"":[""t54""],""t56"":[""t55""],""t57"":[""t56""],""t58"":[""t57""],""t59"":[""t58""],""t60"":[""t59""],""t61"":[""t60""],""t62"":[""t61""],""t63"":[""t62""],""t64"":[""t63""]}"
EXP-08,confirmatory,exp08_confirmatory_n64_chain_like_homogeneous_19,n64_chain_like_homogeneous,64,chain_like,homogeneous,high,19,0,7147827595619117599,0.75,t01->t03->t05->t06->t09->t11->t13->t15->t16->t19->t21->t23->t25->t26->t28->t31->t32->t34->t35->t36->t37->t38->t39->t40->t41->t42->t43->t44->t45->t46->t47->t48->t49->t50->t51->t52->t53->t54->t55->t56->t57->t58->t59->t60->t61->t62->t63->t64,576,42,tied,0.3,0.7,"[""12"",""12"",""12"",""12"",""12"",""12"",""12"",""12"",""12"",""12"",""12"",""12"",""12"",""12"",""12"",""12"",""12"",""12"",""12"",""12"",""12"",""12"",""12"",""12"",""12"",""12"",""12"",""12"",""12"",""12"",""12"",""12"",""12"",""12"",""12"",""12"",""12"",""12"",""12"",""12"",""12"",""12"",""12"",""12"",""12"",""12"",""12"",""12"",""12"",""12"",""12"",""12"",""12"",""12"",""12"",""12"",""12"",""12"",""12"",""12"",""12"",""12"",""12"",""12""]","[""0.576"",""4.032"",""0.576"",""4.032"",""0.576"",""0.576"",""4.032"",""4.032"",""0.576"",""4.032"",""0.576"",""4.032"",""0.576"",""4.032"",""0.576"",""0.576"",""4.032"",""4.032"",""0.576"",""4.032"",""0.576"",""4.032"",""0.576"",""4.032"",""0.576"",""0.576"",""4.032"",""0.576"",""4.032"",""4.032"",""0.576"",""0.576"",""4.032"",""0.576"",""0.576"",""0.576"",""0.576"",""0.576"",""0.576"",""0.576"",""0.576"",""0.576"",""0.576"",""0.576"",""0.576"",""0.576"",""0.576"",""0.576"",""0.576"",""0.576"",""0.576"",""0.576"",""0.576"",""0.576"",""0.576"",""0.576"",""0.576"",""0.576"",""0.576"",""0.576"",""0.576"",""0.576"",""0.576"",""0.576""]","[""1.344"",""1.728"",""1.344"",""1.728"",""1.344"",""1.344"",""1.728"",""1.728"",""1.344"",""1.728"",""1.344"",""1.728"",""1.344"",""1.728"",""1.344"",""1.344"",""1.728"",""1.728"",""1.344"",""1.728"",""1.344"",""1.728"",""1.344"",""1.728"",""1.344"",""1.344"",""1.728"",""1.344"",""1.728"",""1.728"",""1.344"",""1.344"",""1.728"",""1.344"",""1.344"",""1.344"",""1.344"",""1.344"",""1.344"",""1.344"",""1.344"",""1.344"",""1.344"",""1.344"",""1.344"",""1.344"",""1.344"",""1.344"",""1.344"",""1.344"",""1.344"",""1.344"",""1.344"",""1.344"",""1.344"",""1.344"",""1.344"",""1.344"",""1.344"",""1.344"",""1.344"",""1.344"",""1.344"",""1.344""]","{""t01"":[],""t02"":[""t01""],""t03"":[""t01""],""t04"":[""t02""],""t05"":[""t03""],""t06"":[""t05""],""t07"":[""t04""],""t08"":[""t07""],""t09"":[""t06""],""t10"":[""t08"",""t09""],""t11"":[""t09""],""t12"":[""t10""],""t13"":[""t11""],""t14"":[""t12"",""t13""],""t15"":[""t12"",""t13""],""t16"":[""t15""],""t17"":[""t14"",""t15""],""t18"":[""t17""],""t19"":[""t16""],""t20"":[""t18""],""t21"":[""t18"",""t19""],""t22"":[""t20"",""t21""],""t23"":[""t21""],""t24"":[""t22""],""t25"":[""t23""],""t26"":[""t25""],""t27"":[""t24"",""t25""],""t28"":[""t26""],""t29"":[""t27""],""t30"":[""t28"",""t29""],""t31"":[""t28""],""t32"":[""t31""],""t33"":[""t30""],""t34"":[""t32"",""t33""],""t35"":[""t34""],""t36"":[""t35""],""t37"":[""t36""],""t38"":[""t37""],""t39"":[""t38""],""t40"":[""t39""],""t41"":[""t40""],""t42"":[""t41""],""t43"":[""t42""],""t44"":[""t43""],""t45"":[""t44""],""t46"":[""t45""],""t47"":[""t46""],""t48"":[""t47""],""t49"":[""t48""],""t50"":[""t49""],""t51"":[""t50""],""t52"":[""t51""],""t53"":[""t52""],""t54"":[""t53""],""t55"":[""t54""],""t56"":[""t55""],""t57"":[""t56""],""t58"":[""t57""],""t59"":[""t58""],""t60"":[""t59""],""t61"":[""t60""],""t62"":[""t61""],""t63"":[""t62""],""t64"":[""t63""]}"
EXP-08,confirmatory,exp08_confirmatory_n64_chain_like_lognormal_00,n64_chain_like_lognormal,64,chain_like,lognormal,high,0,0,11663306756787184151,0.8309859154929577464788732394,t01->t02->t04->t07->t08->t10->t12->t15->t16->t18->t20->t22->t24->t27->t29->t31->t33->t34->t35->t36->t37->t38->t39->t40->t41->t42->t43->t44->t45->t46->t47->t48->t49->t50->t51->t52->t53->t54->t55->t56->t57->t58->t59->t60->t61->t62->t63->t64,1416,2,tied,0.3,0.7,"[""36"",""48"",""24"",""12"",""12"",""12"",""24"",""48"",""12"",""36"",""12"",""24"",""12"",""36"",""36"",""12"",""24"",""24"",""24"",""12"",""12"",""48"",""12"",""24"",""36"",""12"",""48"",""12"",""12"",""12"",""24"",""24"",""36"",""24"",""36"",""12"",""12"",""24"",""24"",""12"",""24"",""12"",""24"",""12"",""48"",""60"",""24"",""24"",""24"",""24"",""24"",""36"",""24"",""12"",""36"",""36"",""24"",""72"",""24"",""48"",""48"",""60"",""12"",""36""]","[""1.559"",""2.079"",""11.928"",""0.520"",""5.964"",""5.964"",""1.040"",""2.079"",""5.964"",""1.560"",""5.964"",""1.040"",""5.964"",""17.892"",""1.559"",""0.520"",""11.928"",""1.040"",""11.928"",""0.520"",""5.964"",""2.079"",""5.964"",""1.040"",""17.892"",""5.964"",""2.079"",""5.964"",""0.520"",""5.964"",""1.040"",""11.928"",""1.559"",""1.040"",""1.560"",""0.520"",""0.520"",""1.040"",""1.040"",""0.520"",""1.040"",""0.520"",""1.040"",""0.520"",""2.079"",""2.599"",""1.040"",""1.040"",""1.040"",""1.040"",""1.040"",""1.559"",""1.040"",""0.520"",""1.559"",""1.559"",""1.040"",""3.119"",""1.040"",""2.079"",""2.079"",""2.599"",""0.520"",""1.560""]","[""3.639"",""4.852"",""5.112"",""1.213"",""2.556"",""2.556"",""2.426"",""4.852"",""2.556"",""3.639"",""2.556"",""2.426"",""2.556"",""7.668"",""3.639"",""1.213"",""5.112"",""2.426"",""5.112"",""1.213"",""2.556"",""4.852"",""2.556"",""2.426"",""7.668"",""2.556"",""4.852"",""2.556"",""1.213"",""2.556"",""2.426"",""5.112"",""3.639"",""2.426"",""3.639"",""1.213"",""1.213"",""2.426"",""2.426"",""1.213"",""2.426"",""1.213"",""2.426"",""1.213"",""4.852"",""6.065"",""2.426"",""2.426"",""2.426"",""2.426"",""2.426"",""3.639"",""2.426"",""1.213"",""3.639"",""3.639"",""2.426"",""7.279"",""2.426"",""4.852"",""4.852"",""6.066"",""1.213"",""3.639""]","{""t01"":[],""t02"":[""t01""],""t03"":[""t01""],""t04"":[""t02""],""t05"":[""t03""],""t06"":[""t05""],""t07"":[""t04""],""t08"":[""t06"",""t07""],""t09"":[""t06""],""t10"":[""t08""],""t11"":[""t09""],""t12"":[""t10""],""t13"":[""t10"",""t11""],""t14"":[""t12""],""t15"":[""t12"",""t13""],""t16"":[""t15""],""t17"":[""t14"",""t15""],""t18"":[""t16""],""t19"":[""t16"",""t17""],""t20"":[""t18""],""t21"":[""t19""],""t22"":[""t20""],""t23"":[""t20"",""t21""],""t24"":[""t22""],""t25"":[""t23""],""t26"":[""t24""],""t27"":[""t24"",""t25""],""t28"":[""t27""],""t29"":[""t26"",""t27""],""t30"":[""t29""],""t31"":[""t28"",""t29""],""t32"":[""t30""],""t33"":[""t30"",""t31""],""t34"":[""t32"",""t33""],""t35"":[""t34""],""t36"":[""t35""],""t37"":[""t36""],""t38"":[""t37""],""t39"":[""t38""],""t40"":[""t39""],""t41"":[""t40""],""t42"":[""t41""],""t43"":[""t42""],""t44"":[""t43""],""t45"":[""t44""],""t46"":[""t45""],""t47"":[""t46""],""t48"":[""t47""],""t49"":[""t48""],""t50"":[""t49""],""t51"":[""t50""],""t52"":[""t51""],""t53"":[""t52""],""t54"":[""t53""],""t55"":[""t54""],""t56"":[""t55""],""t57"":[""t56""],""t58"":[""t57""],""t59"":[""t58""],""t60"":[""t59""],""t61"":[""t60""],""t62"":[""t61""],""t63"":[""t62""],""t64"":[""t63""]}"
EXP-08,confirmatory,exp08_confirmatory_n64_chain_like_lognormal_01,n64_chain_like_lognormal,64,chain_like,lognormal,high,1,0,2549262293330480121,0.7902097902097902097902097902,t01->t03->t04->t07->t08->t10->t12->t15->t16->t19->t21->t23->t25->t26->t29->t30->t33->t34->t35->t36->t37->t38->t39->t40->t41->t42->t43->t44->t45->t46->t47->t48->t49->t50->t51->t52->t53->t54->t55->t56->t57->t58->t59->t60->t61->t62->t63->t64,1356,6,tied,0.3,0.7,"[""48"",""24"",""36"",""24"",""12"",""24"",""24"",""12"",""24"",""48"",""12"",""24"",""24"",""24"",""24"",""12"",""12"",""36"",""48"",""12"",""12"",""36"",""12"",""24"",""12"",""24"",""12"",""24"",""60"",""24"",""36"",""24"",""36"",""12"",""72"",""12"",""24"",""36"",""36"",""12"",""24"",""24"",""36"",""12"",""12"",""24"",""36"",""72"",""36"",""24"",""12"",""36"",""12"",""48"",""12"",""24"",""12"",""24"",""36"",""48"",""12"",""48"",""36"",""12""]","[""2.187"",""9.610"",""1.640"",""1.093"",""4.805"",""9.609"",""1.093"",""0.547"",""9.610"",""2.187"",""4.805"",""1.093"",""9.610"",""9.610"",""1.093"",""0.547"",""4.805"",""14.414"",""2.187"",""4.805"",""0.547"",""14.414"",""0.547"",""9.610"",""0.547"",""1.093"",""4.805"",""9.609"",""2.733"",""1.093"",""14.414"",""9.609"",""1.640"",""0.547"",""3.280"",""0.547"",""1.093"",""1.640"",""1.640"",""0.547"",""1.093"",""1.093"",""1.640"",""0.547"",""0.547"",""1.093"",""1.640"",""3.280"",""1.640"",""1.093"",""0.547"",""1.640"",""0.547"",""2.187"",""0.547"",""1.093"",""0.547"",""1.093"",""1.640"",""2.187"",""0.547"",""2.187"",""1.640"",""0.547""]","[""5.102"",""4.118"",""3.827"",""2.551"",""2.059"",""4.118"",""2.551"",""1.276"",""4.118"",""5.102"",""2.059"",""2.551"",""4.118"",""4.119"",""2.551"",""1.276"",""2.059"",""6.178"",""5.102"",""2.059"",""1.276"",""6.178"",""1.276"",""4.119"",""1.276"",""2.551"",""2.059"",""4.119"",""6.378"",""2.551"",""6.178"",""4.118"",""3.827"",""1.276"",""7.654"",""1.276"",""2.551"",""3.827"",""3.827"",""1.275"",""2.551"",""2.551"",""3.827"",""1.276"",""1.276"",""2.551"",""3.827"",""7.654"",""3.827"",""2.551"",""1.276"",""3.827"",""1.276"",""5.102"",""1.276"",""2.551"",""1.276"",""2.551"",""3.827"",""5.102"",""1.275"",""5.102"",""3.827"",""1.275""]","{""t01"":[],""t02"":[""t01""],""t03"":[""t01""],""t04"":[""t02"",""t03""],""t05"":[""t03""],""t06"":[""t04""],""t07"":[""t04"",""t05""],""t08"":[""t07""],""t09"":[""t06"",""t07""],""t10"":[""t08""],""t11"":[""t08"",""t09""],""t12"":[""t10""],""t13"":[""t10"",""t11""],""t14"":[""t12"",""t13""],""t15"":[""t12""],""t16"":[""t15""],""t17"":[""t14""],""t18"":[""t16""],""t19"":[""t16"",""t17""],""t20"":[""t19""],""t21"":[""t18"",""t19""],""t22"":[""t20"",""t21""],""t23"":[""t21""],""t24"":[""t22"",""t23""],""t25"":[""t23""],""t26"":[""t25""],""t27"":[""t24""],""t28"":[""t27""],""t29"":[""t26""],""t30"":[""t28"",""t29""],""t31"":[""t29""],""t32"":[""t30"",""t31""],""t33"":[""t30""],""t34"":[""t32"",""t33""],""t35"":[""t34""],""t36"":[""t35""],""t37"":[""t36""],""t38"":[""t37""],""t39"":[""t38""],""t40"":[""t39""],""t41"":[""t40""],""t42"":[""t41""],""t43"":[""t42""],""t44"":[""t43""],""t45"":[""t44""],""t46"":[""t45""],""t47"":[""t46""],""t48"":[""t47""],""t49"":[""t48""],""t50"":[""t49""],""t51"":[""t50""],""t52"":[""t51""],""t53"":[""t52""],""t54"":[""t53""],""t55"":[""t54""],""t56"":[""t55""],""t57"":[""t56""],""t58"":[""t57""],""t59"":[""t58""],""t60"":[""t59""],""t61"":[""t60""],""t62"":[""t61""],""t63"":[""t62""],""t64"":[""t63""]}"
EXP-08,confirmatory,exp08_confirmatory_n64_chain_like_lognormal_02,n64_chain_like_lognormal,64,chain_like,lognormal,high,2,0,3055681414703175281,0.7945205479452054794520547945,t01->t03->t05->t07->t08->t10->t13->t15->t17->t19->t20->t22->t25->t26->t28->t30->t32->t34->t35->t36->t37->t38->t39->t40->t41->t42->t43->t44->t45->t46->t47->t48->t49->t50->t51->t52->t53->t54->t55->t56->t57->t58->t59->t60->t61->t62->t63->t64,1392,2,tied,0.3,0.7,"[""24"",""24"",""36"",""12"",""12"",""12"",""12"",""12"",""24"",""12"",""12"",""12"",""48"",""24"",""12"",""36"",""36"",""48"",""36"",""24"",""24"",""48"",""24"",""12"",""24"",""72"",""24"",""60"",""36"",""24"",""24"",""36"",""12"",""36"",""24"",""24"",""24"",""48"",""24"",""24"",""24"",""60"",""24"",""24"",""72"",""24"",""24"",""24"",""24"",""24"",""36"",""36"",""12"",""12"",""24"",""12"",""24"",""36"",""24"",""36"",""36"",""12"",""12"",""24""]","[""1.088"",""9.811"",""1.631"",""4.905"",""0.544"",""4.906"",""0.544"",""0.544"",""9.811"",""0.544"",""4.906"",""4.906"",""2.175"",""9.811"",""0.544"",""14.717"",""1.631"",""19.622"",""1.631"",""1.087"",""9.811"",""2.175"",""9.811"",""4.906"",""1.087"",""3.262"",""9.811"",""2.719"",""14.717"",""1.087"",""9.811"",""1.631"",""4.906"",""1.631"",""1.088"",""1.087"",""1.087"",""2.175"",""1.087"",""1.088"",""1.087"",""2.719"",""1.087"",""1.088"",""3.262"",""1.087"",""1.088"",""1.087"",""1.087"",""1.087"",""1.631"",""1.631"",""0.544"",""0.544"",""1.088"",""0.544"",""1.087"",""1.631"",""1.088"",""1.631"",""1.631"",""0.544"",""0.544"",""1.088""]","[""2.537"",""4.205"",""3.806"",""2.102"",""1.269"",""2.102"",""1.269"",""1.269"",""4.205"",""1.269"",""2.102"",""2.102"",""5.075"",""4.205"",""1.269"",""6.307"",""3.806"",""8.410"",""3.806"",""2.537"",""4.205"",""5.075"",""4.205"",""2.103"",""2.537"",""7.612"",""4.205"",""6.344"",""6.307"",""2.537"",""4.205"",""3.806"",""2.102"",""3.806"",""2.537"",""2.537"",""2.538"",""5.075"",""2.538"",""2.537"",""2.537"",""6.344"",""2.537"",""2.537"",""7.612"",""2.538"",""2.537"",""2.537"",""2.537"",""2.537"",""3.806"",""3.806"",""1.269"",""1.269"",""2.537"",""1.269"",""2.538"",""3.806"",""2.537"",""3.806"",""3.806"",""1.269"",""1.269"",""2.537""]","{""t01"":[],""t02"":[""t01""],""t03"":[""t01""],""t04"":[""t02""],""t05"":[""t02"",""t03""],""t06"":[""t04""],""t07"":[""t05""],""t08"":[""t06"",""t07""],""t09"":[""t06""],""t10"":[""t08"",""t09""],""t11"":[""t08""],""t12"":[""t10"",""t11""],""t13"":[""t10""],""t14"":[""t12""],""t15"":[""t13""],""t16"":[""t14""],""t17"":[""t14"",""t15""],""t18"":[""t16""],""t19"":[""t16"",""t17""],""t20"":[""t19""],""t21"":[""t18""],""t22"":[""t20"",""t21""],""t23"":[""t20"",""t21""],""t24"":[""t23""],""t25"":[""t22"",""t23""],""t26"":[""t24"",""t25""],""t27"":[""t25""],""t28"":[""t26"",""t27""],""t29"":[""t26""],""t30"":[""t28"",""t29""],""t31"":[""t29""],""t32"":[""t30""],""t33"":[""t31""],""t34"":[""t32"",""t33""],""t35"":[""t34""],""t36"":[""t35""],""t37"":[""t36""],""t38"":[""t37""],""t39"":[""t38""],""t40"":[""t39""],""t41"":[""t40""],""t42"":[""t41""],""t43"":[""t42""],""t44"":[""t43""],""t45"":[""t44""],""t46"":[""t45""],""t47"":[""t46""],""t48"":[""t47""],""t49"":[""t48""],""t50"":[""t49""],""t51"":[""t50""],""t52"":[""t51""],""t53"":[""t52""],""t54"":[""t53""],""t55"":[""t54""],""t56"":[""t55""],""t57"":[""t56""],""t58"":[""t57""],""t59"":[""t58""],""t60"":[""t59""],""t61"":[""t60""],""t62"":[""t61""],""t63"":[""t62""],""t64"":[""t63""]}"
EXP-08,confirmatory,exp08_confirmatory_n64_chain_like_lognormal_03,n64_chain_like_lognormal,64,chain_like,lognormal,high,3,0,13529114404600974690,0.8142857142857142857142857143,t01->t03->t04->t07->t09->t11->t13->t15->t17->t19->t20->t22->t24->t27->t28->t31->t32->t34->t35->t36->t37->t38->t39->t40->t41->t42->t43->t44->t45->t46->t47->t48->t49->t50->t51->t52->t53->t54->t55->t56->t57->t58->t59->t60->t61->t62->t63->t64,1368,2,tied,0.3,0.7,"[""12"",""12"",""24"",""24"",""12"",""12"",""24"",""12"",""36"",""24"",""48"",""24"",""36"",""24"",""12"",""24"",""72"",""12"",""36"",""24"",""36"",""24"",""12"",""48"",""12"",""12"",""36"",""24"",""12"",""36"",""36"",""36"",""36"",""48"",""36"",""24"",""24"",""12"",""24"",""24"",""12"",""24"",""12"",""24"",""12"",""12"",""24"",""24"",""12"",""12"",""12"",""36"",""12"",""36"",""24"",""24"",""36"",""24"",""36"",""72"",""36"",""24"",""36"",""48""]","[""0.530"",""5.428"",""1.061"",""1.061"",""5.428"",""5.428"",""1.061"",""5.428"",""1.592"",""10.855"",""2.122"",""10.855"",""1.592"",""10.855"",""0.530"",""10.855"",""3.183"",""5.428"",""1.592"",""1.061"",""16.283"",""1.061"",""5.427"",""2.122"",""5.428"",""5.428"",""1.592"",""1.061"",""5.428"",""16.283"",""1.592"",""1.592"",""16.283"",""2.122"",""1.592"",""1.061"",""1.061"",""0.530"",""1.061"",""1.061"",""0.530"",""1.061"",""0.530"",""1.061"",""0.531"",""0.530"",""1.061"",""1.061"",""0.530"",""0.531"",""0.530"",""1.592"",""0.530"",""1.592"",""1.061"",""1.061"",""1.592"",""1.061"",""1.592"",""3.183"",""1.592"",""1.061"",""1.592"",""2.122""]","[""1.238"",""2.326"",""2.476"",""2.476"",""2.326"",""2.326"",""2.476"",""2.326"",""3.713"",""4.652"",""4.951"",""4.653"",""3.714"",""4.652"",""1.238"",""4.652"",""7.427"",""2.326"",""3.713"",""2.476"",""6.979"",""2.476"",""2.326"",""4.951"",""2.326"",""2.326"",""3.714"",""2.476"",""2.326"",""6.979"",""3.713"",""3.713"",""6.979"",""4.951"",""3.714"",""2.476"",""2.476"",""1.238"",""2.476"",""2.476"",""1.238"",""2.476"",""1.238"",""2.476"",""1.238"",""1.238"",""2.476"",""2.476"",""1.238"",""1.238"",""1.238"",""3.713"",""1.238"",""3.713"",""2.476"",""2.476"",""3.714"",""2.476"",""3.714"",""7.427"",""3.714"",""2.476"",""3.714"",""4.951""]","{""t01"":[],""t02"":[""t01""],""t03"":[""t01""],""t04"":[""t02"",""t03""],""t05"":[""t02""],""t06"":[""t05""],""t07"":[""t04""],""t08"":[""t06""],""t09"":[""t06"",""t07""],""t10"":[""t08"",""t09""],""t11"":[""t08"",""t09""],""t12"":[""t10"",""t11""],""t13"":[""t11""],""t14"":[""t12""],""t15"":[""t12"",""t13""],""t16"":[""t14""],""t17"":[""t14"",""t15""],""t18"":[""t16""],""t19"":[""t16"",""t17""],""t20"":[""t18"",""t19""],""t21"":[""t18""],""t22"":[""t20""],""t23"":[""t21""],""t24"":[""t22"",""t23""],""t25"":[""t23""],""t26"":[""t25""],""t27"":[""t24"",""t25""],""t28"":[""t27""],""t29"":[""t26""],""t30"":[""t29""],""t31"":[""t28"",""t29""],""t32"":[""t30"",""t31""],""t33"":[""t30""],""t34"":[""t32"",""t33""],""t35"":[""t34""],""t36"":[""t35""],""t37"":[""t36""],""t38"":[""t37""],""t39"":[""t38""],""t40"":[""t39""],""t41"":[""t40""],""t42"":[""t41""],""t43"":[""t42""],""t44"":[""t43""],""t45"":[""t44""],""t46"":[""t45""],""t47"":[""t46""],""t48"":[""t47""],""t49"":[""t48""],""t50"":[""t49""],""t51"":[""t50""],""t52"":[""t51""],""t53"":[""t52""],""t54"":[""t53""],""t55"":[""t54""],""t56"":[""t55""],""t57"":[""t56""],""t58"":[""t57""],""t59"":[""t58""],""t60"":[""t59""],""t61"":[""t60""],""t62"":[""t61""],""t63"":[""t62""],""t64"":[""t63""]}"
EXP-08,confirmatory,exp08_confirmatory_n64_chain_like_lognormal_04,n64_chain_like_lognormal,64,chain_like,lognormal,high,4,0,4779036181334927867,0.7651006711409395973154362416,t01->t03->t04->t06->t09->t10->t13->t14->t17->t19->t20->t22->t24->t27->t28->t30->t32->t34->t35->t36->t37->t38->t39->t40->t41->t42->t43->t44->t45->t46->t47->t48->t49->t50->t51->t52->t53->t54->t55->t56->t57->t58->t59->t60->t61->t62->t63->t64,1368,3,tied,0.3,0.7,"[""12"",""60"",""36"",""48"",""36"",""60"",""36"",""24"",""72"",""36"",""12"",""12"",""12"",""24"",""36"",""12"",""24"",""12"",""36"",""48"",""36"",""72"",""48"",""36"",""36"",""24"",""24"",""24"",""12"",""24"",""12"",""48"",""12"",""12"",""36"",""36"",""60"",""12"",""24"",""24"",""12"",""12"",""24"",""24"",""12"",""12"",""36"",""24"",""24"",""12"",""12"",""24"",""24"",""12"",""12"",""24"",""12"",""24"",""48"",""12"",""12"",""24"",""60"",""36""]","[""0.565"",""21.456"",""1.694"",""2.258"",""12.874"",""2.823"",""12.874"",""8.582"",""3.388"",""1.694"",""4.291"",""4.291"",""0.565"",""1.129"",""12.874"",""4.291"",""1.129"",""4.291"",""1.694"",""2.258"",""12.874"",""3.388"",""17.165"",""1.694"",""12.874"",""8.582"",""1.129"",""1.129"",""4.291"",""1.129"",""4.291"",""2.258"",""4.291"",""0.565"",""1.694"",""1.694"",""2.823"",""0.565"",""1.129"",""1.129"",""0.565"",""0.565"",""1.129"",""1.129"",""0.565"",""0.565"",""1.694"",""1.129"",""1.129"",""0.565"",""0.565"",""1.129"",""1.129"",""0.565"",""0.565"",""1.129"",""0.565"",""1.129"",""2.258"",""0.565"",""0.565"",""1.129"",""2.823"",""1.694""]","[""1.318"",""9.196"",""3.952"",""5.270"",""5.517"",""6.587"",""5.518"",""3.678"",""7.905"",""3.952"",""1.839"",""1.839"",""1.317"",""2.635"",""5.517"",""1.839"",""2.635"",""1.839"",""3.952"",""5.270"",""5.517"",""7.905"",""7.357"",""3.952"",""5.517"",""3.678"",""2.635"",""2.635"",""1.839"",""2.635"",""1.839"",""5.270"",""1.839"",""1.318"",""3.952"",""3.952"",""6.587"",""1.318"",""2.635"",""2.635"",""1.318"",""1.318"",""2.635"",""2.635"",""1.317"",""1.317"",""3.952"",""2.635"",""2.635"",""1.318"",""1.318"",""2.635"",""2.635"",""1.317"",""1.318"",""2.635"",""1.317"",""2.635"",""5.270"",""1.318"",""1.318"",""2.635"",""6.587"",""3.952""]","{""t01"":[],""t02"":[""t01""],""t03"":[""t01""],""t04"":[""t03""],""t05"":[""t02"",""t03""],""t06"":[""t04""],""t07"":[""t05""],""t08"":[""t07""],""t09"":[""t06"",""t07""],""t10"":[""t08"",""t09""],""t11"":[""t09""],""t12"":[""t11""],""t13"":[""t10"",""t11""],""t14"":[""t13""],""t15"":[""t12""],""t16"":[""t14"",""t15""],""t17"":[""t14""],""t18"":[""t16""],""t19"":[""t16"",""t17""],""t20"":[""t19""],""t21"":[""t18""],""t22"":[""t20"",""t21""],""t23"":[""t21""],""t24"":[""t22"",""t23""],""t25"":[""t22""],""t26"":[""t24"",""t25""],""t27"":[""t24""],""t28"":[""t26"",""t27""],""t29"":[""t27""],""t30"":[""t28""],""t31"":[""t28"",""t29""],""t32"":[""t30"",""t31""],""t33"":[""t31""],""t34"":[""t32"",""t33""],""t35"":[""t34""],""t36"":[""t35""],""t37"":[""t36""],""t38"":[""t37""],""t39"":[""t38""],""t40"":[""t39""],""t41"":[""t40""],""t42"":[""t41""],""t43"":[""t42""],""t44"":[""t43""],""t45"":[""t44""],""t46"":[""t45""],""t47"":[""t46""],""t48"":[""t47""],""t49"":[""t48""],""t50"":[""t49""],""t51"":[""t50""],""t52"":[""t51""],""t53"":[""t52""],""t54"":[""t53""],""t55"":[""t54""],""t56"":[""t55""],""t57"":[""t56""],""t58"":[""t57""],""t59"":[""t58""],""t60"":[""t59""],""t61"":[""t60""],""t62"":[""t61""],""t63"":[""t62""],""t64"":[""t63""]}"
EXP-08,confirmatory,exp08_confirmatory_n64_chain_like_lognormal_05,n64_chain_like_lognormal,64,chain_like,lognormal,high,5,0,9774853621357893395,0.7763157894736842105263157895,t01->t03->t04->t06->t09->t10->t13->t14->t16->t19->t20->t23->t24->t27->t29->t31->t33->t34->t35->t36->t37->t38->t39->t40->t41->t42->t43->t44->t45->t46->t47->t48->t49->t50->t51->t52->t53->t54->t55->t56->t57->t58->t59->t60->t61->t62->t63->t64,1416,2,tied,0.3,0.7,"[""24"",""12"",""12"",""24"",""24"",""24"",""12"",""12"",""12"",""24"",""24"",""72"",""36"",""48"",""24"",""12"",""24"",""12"",""24"",""24"",""12"",""12"",""60"",""36"",""48"",""60"",""24"",""12"",""72"",""12"",""12"",""36"",""12"",""24"",""24"",""24"",""24"",""24"",""36"",""36"",""36"",""12"",""72"",""24"",""72"",""36"",""12"",""36"",""36"",""48"",""24"",""12"",""12"",""36"",""24"",""36"",""12"",""24"",""24"",""24"",""48"",""36"",""24"",""24""]","[""1.113"",""4.506"",""0.556"",""1.113"",""9.013"",""1.113"",""4.507"",""4.506"",""0.557"",""1.113"",""9.013"",""27.038"",""1.669"",""2.226"",""9.013"",""0.557"",""9.013"",""4.506"",""1.113"",""1.113"",""4.506"",""4.506"",""2.782"",""1.669"",""18.026"",""22.532"",""1.113"",""4.506"",""3.339"",""4.506"",""0.557"",""13.519"",""0.557"",""1.113"",""1.113"",""1.113"",""1.113"",""1.113"",""1.669"",""1.669"",""1.669"",""0.557"",""3.339"",""1.113"",""3.339"",""1.669"",""0.557"",""1.669"",""1.669"",""2.226"",""1.113"",""0.557"",""0.557"",""1.669"",""1.113"",""1.669"",""0.556"",""1.113"",""1.113"",""1.113"",""2.226"",""1.669"",""1.113"",""1.113""]","[""2.597"",""1.931"",""1.298"",""2.597"",""3.863"",""2.597"",""1.931"",""1.931"",""1.298"",""2.597"",""3.863"",""11.588"",""3.895"",""5.194"",""3.863"",""1.299"",""3.863"",""1.931"",""2.597"",""2.597"",""1.931"",""1.931"",""6.492"",""3.895"",""7.725"",""9.657"",""2.597"",""1.931"",""7.791"",""1.931"",""1.298"",""5.794"",""1.299"",""2.597"",""2.597"",""2.597"",""2.597"",""2.597"",""3.895"",""3.895"",""3.895"",""1.299"",""7.791"",""2.597"",""7.791"",""3.895"",""1.298"",""3.895"",""3.895"",""5.194"",""2.597"",""1.299"",""1.298"",""3.895"",""2.597"",""3.895"",""1.298"",""2.597"",""2.597"",""2.597"",""5.194"",""3.895"",""2.597"",""2.597""]","{""t01"":[],""t02"":[""t01""],""t03"":[""t01""],""t04"":[""t03""],""t05"":[""t02""],""t06"":[""t04""],""t07"":[""t04"",""t05""],""t08"":[""t07""],""t09"":[""t06"",""t07""],""t10"":[""t08"",""t09""],""t11"":[""t08""],""t12"":[""t11""],""t13"":[""t10"",""t11""],""t14"":[""t13""],""t15"":[""t12""],""t16"":[""t14""],""t17"":[""t15""],""t18"":[""t17""],""t19"":[""t16""],""t20"":[""t19""],""t21"":[""t18"",""t19""],""t22"":[""t20"",""t21""],""t23"":[""t20"",""t21""],""t24"":[""t22"",""t23""],""t25"":[""t22""],""t26"":[""t25""],""t27"":[""t24"",""t25""],""t28"":[""t26""],""t29"":[""t26"",""t27""],""t30"":[""t28""],""t31"":[""t28"",""t29""],""t32"":[""t30""],""t33"":[""t31""],""t34"":[""t32"",""t33""],""t35"":[""t34""],""t36"":[""t35""],""t37"":[""t36""],""t38"":[""t37""],""t39"":[""t38""],""t40"":[""t39""],""t41"":[""t40""],""t42"":[""t41""],""t43"":[""t42""],""t44"":[""t43""],""t45"":[""t44""],""t46"":[""t45""],""t47"":[""t46""],""t48"":[""t47""],""t49"":[""t48""],""t50"":[""t49""],""t51"":[""t50""],""t52"":[""t51""],""t53"":[""t52""],""t54"":[""t53""],""t55"":[""t54""],""t56"":[""t55""],""t57"":[""t56""],""t58"":[""t57""],""t59"":[""t58""],""t60"":[""t59""],""t61"":[""t60""],""t62"":[""t61""],""t63"":[""t62""],""t64"":[""t63""]}"
EXP-08,confirmatory,exp08_confirmatory_n64_chain_like_lognormal_06,n64_chain_like_lognormal,64,chain_like,lognormal,high,6,0,3451678912888457059,0.7876106194690265486725663717,t01->t03->t04->t07->t09->t11->t13->t15->t17->t19->t20->t22->t24->t27->t29->t31->t32->t34->t35->t36->t37->t38->t39->t40->t41->t42->t43->t44->t45->t46->t47->t48->t49->t50->t51->t52->t53->t54->t55->t56->t57->t58->t59->t60->t61->t62->t63->t64,1068,2,tied,0.3,0.7,"[""12"",""12"",""12"",""12"",""12"",""12"",""36"",""12"",""24"",""12"",""24"",""24"",""36"",""24"",""24"",""36"",""12"",""12"",""24"",""12"",""12"",""12"",""24"",""36"",""12"",""12"",""48"",""24"",""12"",""24"",""36"",""12"",""24"",""24"",""24"",""12"",""12"",""24"",""36"",""12"",""12"",""12"",""12"",""36"",""24"",""36"",""24"",""24"",""12"",""36"",""24"",""12"",""24"",""24"",""12"",""36"",""12"",""12"",""24"",""36"",""36"",""24"",""24"",""12""]","[""0.549"",""4.746"",""0.548"",""0.549"",""4.746"",""4.746"",""1.645"",""4.746"",""1.097"",""4.746"",""1.097"",""9.492"",""1.645"",""9.492"",""1.097"",""14.238"",""0.548"",""4.746"",""1.097"",""0.549"",""4.746"",""0.548"",""9.492"",""1.645"",""4.746"",""4.746"",""2.194"",""9.492"",""0.549"",""9.492"",""1.645"",""0.549"",""9.492"",""1.097"",""1.097"",""0.549"",""0.549"",""1.097"",""1.645"",""0.549"",""0.549"",""0.549"",""0.548"",""1.645"",""1.097"",""1.645"",""1.097"",""1.097"",""0.549"",""1.645"",""1.097"",""0.549"",""1.097"",""1.097"",""0.549"",""1.645"",""0.549"",""0.548"",""1.097"",""1.645"",""1.645"",""1.097"",""1.097"",""0.549""]","[""1.280"",""2.034"",""1.280"",""1.280"",""2.034"",""2.034"",""3.839"",""2.034"",""2.559"",""2.034"",""2.560"",""4.068"",""3.839"",""4.068"",""2.560"",""6.102"",""1.280"",""2.034"",""2.560"",""1.280"",""2.034"",""1.280"",""4.068"",""3.839"",""2.034"",""2.034"",""5.119"",""4.068"",""1.280"",""4.068"",""3.839"",""1.280"",""4.068"",""2.559"",""2.560"",""1.280"",""1.280"",""2.559"",""3.839"",""1.280"",""1.280"",""1.280"",""1.280"",""3.839"",""2.560"",""3.839"",""2.560"",""2.560"",""1.280"",""3.839"",""2.560"",""1.280"",""2.559"",""2.560"",""1.280"",""3.839"",""1.280"",""1.280"",""2.560"",""3.839"",""3.839"",""2.560"",""2.560"",""1.280""]","{""t01"":[],""t02"":[""t01""],""t03"":[""t01""],""t04"":[""t03""],""t05"":[""t02""],""t06"":[""t04""],""t07"":[""t04"",""t05""],""t08"":[""t06"",""t07""],""t09"":[""t07""],""t10"":[""t08"",""t09""],""t11"":[""t09""],""t12"":[""t10""],""t13"":[""t11""],""t14"":[""t12""],""t15"":[""t13""],""t16"":[""t14""],""t17"":[""t15""],""t18"":[""t16"",""t17""],""t19"":[""t17""],""t20"":[""t18"",""t19""],""t21"":[""t18""],""t22"":[""t20""],""t23"":[""t21""],""t24"":[""t22""],""t25"":[""t23""],""t26"":[""t24""],""t27"":[""t24"",""t25""],""t28"":[""t26""],""t29"":[""t27""],""t30"":[""t28""],""t31"":[""t28"",""t29""],""t32"":[""t31""],""t33"":[""t30""],""t34"":[""t32"",""t33""],""t35"":[""t34""],""t36"":[""t35""],""t37"":[""t36""],""t38"":[""t37""],""t39"":[""t38""],""t40"":[""t39""],""t41"":[""t40""],""t42"":[""t41""],""t43"":[""t42""],""t44"":[""t43""],""t45"":[""t44""],""t46"":[""t45""],""t47"":[""t46""],""t48"":[""t47""],""t49"":[""t48""],""t50"":[""t49""],""t51"":[""t50""],""t52"":[""t51""],""t53"":[""t52""],""t54"":[""t53""],""t55"":[""t54""],""t56"":[""t55""],""t57"":[""t56""],""t58"":[""t57""],""t59"":[""t58""],""t60"":[""t59""],""t61"":[""t60""],""t62"":[""t61""],""t63"":[""t62""],""t64"":[""t63""]}"
EXP-08,confirmatory,exp08_confirmatory_n64_chain_like_lognormal_07,n64_chain_like_lognormal,64,chain_like,lognormal,high,7,0,255405010381588612,0.8066666666666666666666666667,t01->t03->t05->t06->t09->t10->t12->t15->t16->t19->t21->t22->t25->t26->t29->t30->t33->t34->t35->t36->t37->t38->t39->t40->t41->t42->t43->t44->t45->t46->t47->t48->t49->t50->t51->t52->t53->t54->t55->t56->t57->t58->t59->t60->t61->t62->t63->t64,1452,2,tied,0.3,0.7,"[""36"",""12"",""24"",""12"",""24"",""36"",""36"",""36"",""36"",""24"",""12"",""60"",""24"",""12"",""48"",""36"",""36"",""36"",""12"",""24"",""12"",""48"",""12"",""24"",""36"",""24"",""12"",""24"",""60"",""24"",""12"",""24"",""24"",""24"",""24"",""72"",""24"",""36"",""48"",""12"",""24"",""12"",""24"",""60"",""12"",""36"",""12"",""24"",""24"",""72"",""36"",""36"",""12"",""48"",""24"",""24"",""24"",""12"",""12"",""60"",""12"",""12"",""24"",""12""]","[""1.607"",""5.214"",""1.071"",""5.214"",""1.071"",""1.607"",""15.641"",""15.641"",""1.607"",""1.071"",""5.214"",""2.678"",""10.427"",""5.214"",""2.142"",""1.607"",""15.641"",""15.641"",""0.535"",""10.428"",""0.535"",""2.142"",""5.214"",""10.428"",""1.607"",""1.071"",""5.214"",""10.428"",""2.678"",""1.071"",""5.214"",""10.427"",""1.071"",""1.071"",""1.071"",""3.213"",""1.071"",""1.607"",""2.142"",""0.535"",""1.071"",""0.535"",""1.071"",""2.678"",""0.536"",""1.607"",""0.536"",""1.071"",""1.071"",""3.213"",""1.607"",""1.607"",""0.535"",""2.142"",""1.071"",""1.071"",""1.071"",""0.535"",""0.535"",""2.678"",""0.536"",""0.536"",""1.071"",""0.535""]","[""3.749"",""2.235"",""2.499"",""2.234"",""2.499"",""3.749"",""6.703"",""6.703"",""3.749"",""2.499"",""2.234"",""6.248"",""4.469"",""2.235"",""4.998"",""3.749"",""6.703"",""6.703"",""1.250"",""4.469"",""1.250"",""4.998"",""2.235"",""4.469"",""3.749"",""2.499"",""2.235"",""4.469"",""6.248"",""2.499"",""2.235"",""4.469"",""2.499"",""2.499"",""2.499"",""7.497"",""2.499"",""3.749"",""4.998"",""1.250"",""2.499"",""1.250"",""2.499"",""6.248"",""1.250"",""3.749"",""1.250"",""2.499"",""2.499"",""7.497"",""3.749"",""3.749"",""1.250"",""4.998"",""2.499"",""2.499"",""2.499"",""1.250"",""1.249"",""6.248"",""1.250"",""1.249"",""2.499"",""1.250""]","{""t01"":[],""t02"":[""t01""],""t03"":[""t01""],""t04"":[""t03""],""t05"":[""t02"",""t03""],""t06"":[""t05""],""t07"":[""t04""],""t08"":[""t07""],""t09"":[""t06""],""t10"":[""t08"",""t09""],""t11"":[""t09""],""t12"":[""t10""],""t13"":[""t10"",""t11""],""t14"":[""t13""],""t15"":[""t12"",""t13""],""t16"":[""t15""],""t17"":[""t14""],""t18"":[""t17""],""t19"":[""t16"",""t17""],""t20"":[""t19""],""t21"":[""t18"",""t19""],""t22"":[""t21""],""t23"":[""t20""],""t24"":[""t23""],""t25"":[""t22"",""t23""],""t26"":[""t24"",""t25""],""t27"":[""t24""],""t28"":[""t26"",""t27""],""t29"":[""t26""],""t30"":[""t28"",""t29""],""t31"":[""t28"",""t29""],""t32"":[""t30""],""t33"":[""t30"",""t31""],""t34"":[""t32"",""t33""],""t35"":[""t34""],""t36"":[""t35""],""t37"":[""t36""],""t38"":[""t37""],""t39"":[""t38""],""t40"":[""t39""],""t41"":[""t40""],""t42"":[""t41""],""t43"":[""t42""],""t44"":[""t43""],""t45"":[""t44""],""t46"":[""t45""],""t47"":[""t46""],""t48"":[""t47""],""t49"":[""t48""],""t50"":[""t49""],""t51"":[""t50""],""t52"":[""t51""],""t53"":[""t52""],""t54"":[""t53""],""t55"":[""t54""],""t56"":[""t55""],""t57"":[""t56""],""t58"":[""t57""],""t59"":[""t58""],""t60"":[""t59""],""t61"":[""t60""],""t62"":[""t61""],""t63"":[""t62""],""t64"":[""t63""]}"
EXP-08,confirmatory,exp08_confirmatory_n64_chain_like_lognormal_08,n64_chain_like_lognormal,64,chain_like,lognormal,high,8,0,11152906591110012325,0.7786885245901639344262295082,t01->t03->t04->t06->t09->t11->t13->t14->t16->t19->t21->t22->t24->t27->t29->t31->t32->t34->t35->t36->t37->t38->t39->t40->t41->t42->t43->t44->t45->t46->t47->t48->t49->t50->t51->t52->t53->t54->t55->t56->t57->t58->t59->t60->t61->t62->t63->t64,1140,2,tied,0.3,0.7,"[""24"",""12"",""36"",""12"",""12"",""24"",""12"",""12"",""12"",""12"",""12"",""24"",""24"",""36"",""36"",""36"",""12"",""36"",""12"",""24"",""36"",""12"",""36"",""24"",""12"",""24"",""24"",""24"",""48"",""24"",""24"",""24"",""12"",""12"",""36"",""12"",""12"",""48"",""24"",""12"",""48"",""12"",""24"",""12"",""12"",""36"",""12"",""24"",""12"",""36"",""12"",""60"",""12"",""24"",""48"",""24"",""12"",""24"",""24"",""36"",""12"",""12"",""12"",""24""]","[""1.109"",""4.555"",""1.664"",""0.555"",""4.555"",""1.109"",""4.555"",""4.555"",""0.555"",""4.555"",""0.555"",""9.109"",""1.110"",""1.664"",""13.664"",""1.664"",""4.554"",""13.664"",""0.555"",""9.109"",""1.664"",""0.555"",""13.664"",""1.110"",""4.555"",""9.109"",""1.109"",""9.109"",""2.219"",""9.109"",""1.110"",""1.109"",""4.555"",""0.555"",""1.664"",""0.555"",""0.555"",""2.219"",""1.110"",""0.555"",""2.219"",""0.555"",""1.110"",""0.555"",""0.555"",""1.664"",""0.555"",""1.109"",""0.555"",""1.664"",""0.555"",""2.774"",""0.555"",""1.110"",""2.219"",""1.109"",""0.555"",""1.110"",""1.109"",""1.664"",""0.555"",""0.555"",""0.555"",""1.109""]","[""2.589"",""1.952"",""3.883"",""1.294"",""1.952"",""2.589"",""1.952"",""1.952"",""1.294"",""1.952"",""1.295"",""3.904"",""2.589"",""3.883"",""5.856"",""3.883"",""1.952"",""5.856"",""1.295"",""3.904"",""3.883"",""1.294"",""5.856"",""2.589"",""1.952"",""3.904"",""2.589"",""3.904"",""5.178"",""3.904"",""2.589"",""2.589"",""1.952"",""1.294"",""3.883"",""1.295"",""1.295"",""5.178"",""2.589"",""1.295"",""5.178"",""1.294"",""2.589"",""1.294"",""1.295"",""3.883"",""1.295"",""2.589"",""1.294"",""3.883"",""1.295"",""6.472"",""1.295"",""2.589"",""5.178"",""2.589"",""1.295"",""2.589"",""2.589"",""3.883"",""1.295"",""1.295"",""1.295"",""2.589""]","{""t01"":[],""t02"":[""t01""],""t03"":[""t01""],""t04"":[""t02"",""t03""],""t05"":[""t03""],""t06"":[""t04""],""t07"":[""t05""],""t08"":[""t07""],""t09"":[""t06"",""t07""],""t10"":[""t08""],""t11"":[""t09""],""t12"":[""t10"",""t11""],""t13"":[""t11""],""t14"":[""t12"",""t13""],""t15"":[""t13""],""t16"":[""t14""],""t17"":[""t14"",""t15""],""t18"":[""t17""],""t19"":[""t16"",""t17""],""t20"":[""t18"",""t19""],""t21"":[""t19""],""t22"":[""t21""],""t23"":[""t20""],""t24"":[""t22""],""t25"":[""t22"",""t23""],""t26"":[""t24"",""t25""],""t27"":[""t24""],""t28"":[""t26""],""t29"":[""t27""],""t30"":[""t29""],""t31"":[""t28"",""t29""],""t32"":[""t31""],""t33"":[""t30"",""t31""],""t34"":[""t32"",""t33""],""t35"":[""t34""],""t36"":[""t35""],""t37"":[""t36""],""t38"":[""t37""],""t39"":[""t38""],""t40"":[""t39""],""t41"":[""t40""],""t42"":[""t41""],""t43"":[""t42""],""t44"":[""t43""],""t45"":[""t44""],""t46"":[""t45""],""t47"":[""t46""],""t48"":[""t47""],""t49"":[""t48""],""t50"":[""t49""],""t51"":[""t50""],""t52"":[""t51""],""t53"":[""t52""],""t54"":[""t53""],""t55"":[""t54""],""t56"":[""t55""],""t57"":[""t56""],""t58"":[""t57""],""t59"":[""t58""],""t60"":[""t59""],""t61"":[""t60""],""t62"":[""t61""],""t63"":[""t62""],""t64"":[""t63""]}"
EXP-08,confirmatory,exp08_confirmatory_n64_chain_like_lognormal_09,n64_chain_like_lognormal,64,chain_like,lognormal,high,9,0,11451879205777973592,0.8082191780821917808219178082,t01->t03->t04->t07->t09->t10->t13->t14->t16->t19->t20->t23->t24->t27->t28->t31->t32->t34->t35->t36->t37->t38->t39->t40->t41->t42->t43->t44->t45->t46->t47->t48->t49->t50->t51->t52->t53->t54->t55->t56->t57->t58->t59->t60->t61->t62->t63->t64,1416,2,tied,0.3,0.7,"[""36"",""12"",""36"",""12"",""12"",""12"",""24"",""48"",""60"",""24"",""24"",""24"",""36"",""24"",""12"",""48"",""24"",""24"",""24"",""24"",""12"",""12"",""24"",""24"",""12"",""36"",""24"",""24"",""24"",""36"",""12"",""48"",""12"",""24"",""12"",""12"",""12"",""60"",""72"",""12"",""36"",""36"",""24"",""12"",""12"",""12"",""36"",""12"",""24"",""12"",""72"",""12"",""36"",""36"",""72"",""48"",""36"",""48"",""12"",""12"",""48"",""24"",""12"",""24""]","[""1.604"",""5.256"",""1.604"",""0.534"",""5.256"",""5.256"",""1.069"",""21.024"",""2.673"",""1.069"",""10.512"",""10.512"",""1.604"",""1.069"",""5.256"",""2.138"",""10.512"",""10.512"",""1.069"",""1.069"",""5.256"",""5.256"",""1.069"",""1.069"",""5.256"",""15.768"",""1.069"",""1.069"",""10.512"",""15.768"",""0.534"",""2.138"",""5.256"",""1.069"",""0.534"",""0.534"",""0.534"",""2.673"",""3.207"",""0.534"",""1.604"",""1.604"",""1.069"",""0.534"",""0.534"",""0.535"",""1.604"",""0.535"",""1.069"",""0.534"",""3.207"",""0.534"",""1.604"",""1.604"",""3.207"",""2.138"",""1.604"",""2.138"",""0.534"",""0.535"",""2.138"",""1.069"",""0.534"",""1.069""]","[""3.742"",""2.253"",""3.742"",""1.247"",""2.253"",""2.252"",""2.494"",""9.010"",""6.236"",""2.494"",""4.505"",""4.505"",""3.742"",""2.494"",""2.253"",""4.989"",""4.505"",""4.505"",""2.494"",""2.494"",""2.252"",""2.252"",""2.494"",""2.495"",""2.253"",""6.758"",""2.495"",""2.494"",""4.505"",""6.758"",""1.247"",""4.989"",""2.253"",""2.494"",""1.247"",""1.247"",""1.247"",""6.236"",""7.483"",""1.247"",""3.742"",""3.742"",""2.494"",""1.247"",""1.247"",""1.247"",""3.742"",""1.247"",""2.495"",""1.247"",""7.483"",""1.247"",""3.742"",""3.742"",""7.483"",""4.989"",""3.742"",""4.989"",""1.247"",""1.247"",""4.989"",""2.494"",""1.247"",""2.494""]","{""t01"":[],""t02"":[""t01""],""t03"":[""t01""],""t04"":[""t02"",""t03""],""t05"":[""t02""],""t06"":[""t04""],""t07"":[""t04"",""t05""],""t08"":[""t07""],""t09"":[""t06"",""t07""],""t10"":[""t08"",""t09""],""t11"":[""t08""],""t12"":[""t10"",""t11""],""t13"":[""t10""],""t14"":[""t13""],""t15"":[""t12""],""t16"":[""t14""],""t17"":[""t15""],""t18"":[""t16"",""t17""],""t19"":[""t16""],""t20"":[""t19""],""t21"":[""t18"",""t19""],""t22"":[""t20"",""t21""],""t23"":[""t20""],""t24"":[""t23""],""t25"":[""t22"",""t23""],""t26"":[""t24""],""t27"":[""t24"",""t25""],""t28"":[""t27""],""t29"":[""t26""],""t30"":[""t28"",""t29""],""t31"":[""t28""],""t32"":[""t31""],""t33"":[""t30"",""t31""],""t34"":[""t32"",""t33""],""t35"":[""t34""],""t36"":[""t35""],""t37"":[""t36""],""t38"":[""t37""],""t39"":[""t38""],""t40"":[""t39""],""t41"":[""t40""],""t42"":[""t41""],""t43"":[""t42""],""t44"":[""t43""],""t45"":[""t44""],""t46"":[""t45""],""t47"":[""t46""],""t48"":[""t47""],""t49"":[""t48""],""t50"":[""t49""],""t51"":[""t50""],""t52"":[""t51""],""t53"":[""t52""],""t54"":[""t53""],""t55"":[""t54""],""t56"":[""t55""],""t57"":[""t56""],""t58"":[""t57""],""t59"":[""t58""],""t60"":[""t59""],""t61"":[""t60""],""t62"":[""t61""],""t63"":[""t62""],""t64"":[""t63""]}"
EXP-08,confirmatory,exp08_confirmatory_n64_chain_like_lognormal_10,n64_chain_like_lognormal,64,chain_like,lognormal,high,10,0,12539352768647715085,0.7419354838709677419354838710,t01->t02->t05->t07->t08->t10->t13->t14->t16->t18->t20->t22->t25->t27->t28->t31->t32->t34->t35->t36->t37->t38->t39->t40->t41->t42->t43->t44->t45->t46->t47->t48->t49->t50->t51->t52->t53->t54->t55->t56->t57->t58->t59->t60->t61->t62->t63->t64,1380,2,tied,0.3,0.7,"[""48"",""36"",""12"",""24"",""24"",""12"",""12"",""36"",""36"",""12"",""72"",""36"",""24"",""36"",""36"",""24"",""12"",""60"",""12"",""72"",""12"",""36"",""60"",""60"",""36"",""24"",""24"",""72"",""12"",""12"",""12"",""48"",""48"",""12"",""24"",""12"",""24"",""36"",""12"",""24"",""24"",""48"",""24"",""36"",""24"",""24"",""12"",""12"",""24"",""36"",""36"",""12"",""12"",""24"",""36"",""12"",""12"",""24"",""36"",""36"",""12"",""24"",""36"",""48""]","[""2.329"",""1.747"",""3.906"",""7.812"",""1.165"",""3.906"",""0.582"",""1.747"",""11.718"",""0.582"",""23.436"",""11.718"",""1.164"",""1.747"",""11.718"",""1.164"",""3.906"",""2.911"",""3.906"",""3.494"",""3.906"",""1.747"",""19.530"",""19.530"",""1.747"",""7.812"",""1.165"",""3.494"",""3.906"",""3.906"",""0.582"",""2.329"",""15.624"",""0.582"",""1.165"",""0.582"",""1.164"",""1.747"",""0.582"",""1.165"",""1.165"",""2.329"",""1.164"",""1.747"",""1.164"",""1.164"",""0.582"",""0.582"",""1.165"",""1.747"",""1.747"",""0.582"",""0.582"",""1.165"",""1.747"",""0.582"",""0.582"",""1.165"",""1.747"",""1.747"",""0.582"",""1.164"",""1.747"",""2.329""]","[""5.434"",""4.076"",""1.674"",""3.348"",""2.717"",""1.674"",""1.359"",""4.076"",""5.022"",""1.359"",""10.044"",""5.022"",""2.717"",""4.076"",""5.022"",""2.717"",""1.674"",""6.793"",""1.674"",""8.152"",""1.674"",""4.076"",""8.370"",""8.370"",""4.076"",""3.348"",""2.717"",""8.152"",""1.674"",""1.674"",""1.358"",""5.434"",""6.696"",""1.359"",""2.717"",""1.359"",""2.717"",""4.076"",""1.359"",""2.717"",""2.717"",""5.434"",""2.717"",""4.076"",""2.717"",""2.717"",""1.359"",""1.359"",""2.717"",""4.076"",""4.076"",""1.359"",""1.358"",""2.717"",""4.076"",""1.358"",""1.359"",""2.717"",""4.076"",""4.076"",""1.359"",""2.717"",""4.076"",""5.434""]","{""t01"":[],""t02"":[""t01""],""t03"":[""t01""],""t04"":[""t02"",""t03""],""t05"":[""t02""],""t06"":[""t04""],""t07"":[""t05""],""t08"":[""t07""],""t09"":[""t06""],""t10"":[""t08"",""t09""],""t11"":[""t08""],""t12"":[""t11""],""t13"":[""t10""],""t14"":[""t13""],""t15"":[""t12""],""t16"":[""t14""],""t17"":[""t15""],""t18"":[""t16""],""t19"":[""t17""],""t20"":[""t18""],""t21"":[""t18"",""t19""],""t22"":[""t20""],""t23"":[""t20"",""t21""],""t24"":[""t23""],""t25"":[""t22""],""t26"":[""t24"",""t25""],""t27"":[""t25""],""t28"":[""t27""],""t29"":[""t26"",""t27""],""t30"":[""t29""],""t31"":[""t28"",""t29""],""t32"":[""t31""],""t33"":[""t30""],""t34"":[""t32"",""t33""],""t35"":[""t34""],""t36"":[""t35""],""t37"":[""t36""],""t38"":[""t37""],""t39"":[""t38""],""t40"":[""t39""],""t41"":[""t40""],""t42"":[""t41""],""t43"":[""t42""],""t44"":[""t43""],""t45"":[""t44""],""t46"":[""t45""],""t47"":[""t46""],""t48"":[""t47""],""t49"":[""t48""],""t50"":[""t49""],""t51"":[""t50""],""t52"":[""t51""],""t53"":[""t52""],""t54"":[""t53""],""t55"":[""t54""],""t56"":[""t55""],""t57"":[""t56""],""t58"":[""t57""],""t59"":[""t58""],""t60"":[""t59""],""t61"":[""t60""],""t62"":[""t61""],""t63"":[""t62""],""t64"":[""t63""]}"
EXP-08,confirmatory,exp08_confirmatory_n64_chain_like_lognormal_11,n64_chain_like_lognormal,64,chain_like,lognormal,high,11,0,9638468527533732501,0.7967479674796747967479674797,t01->t02->t05->t07->t09->t10->t13->t15->t17->t18->t21->t22->t24->t27->t28->t31->t32->t34->t35->t36->t37->t38->t39->t40->t41->t42->t43->t44->t45->t46->t47->t48->t49->t50->t51->t52->t53->t54->t55->t56->t57->t58->t59->t60->t61->t62->t63->t64,1176,1,unique,0.3,0.7,"[""12"",""36"",""12"",""24"",""24"",""12"",""12"",""24"",""24"",""36"",""12"",""24"",""36"",""12"",""36"",""24"",""24"",""12"",""12"",""12"",""36"",""36"",""12"",""36"",""12"",""24"",""24"",""24"",""60"",""12"",""24"",""24"",""12"",""24"",""12"",""24"",""12"",""12"",""12"",""24"",""36"",""12"",""12"",""24"",""36"",""12"",""12"",""12"",""48"",""36"",""24"",""24"",""12"",""24"",""24"",""36"",""24"",""12"",""48"",""24"",""48"",""12"",""36"",""12""]","[""0.542"",""1.627"",""4.959"",""9.919"",""1.084"",""4.959"",""0.542"",""9.919"",""1.084"",""1.627"",""4.960"",""9.919"",""1.627"",""4.959"",""1.627"",""9.919"",""1.085"",""0.542"",""4.960"",""4.959"",""1.627"",""1.627"",""4.959"",""1.627"",""4.959"",""9.919"",""1.084"",""1.084"",""24.797"",""4.959"",""1.085"",""1.084"",""4.959"",""1.084"",""0.542"",""1.085"",""0.542"",""0.542"",""0.542"",""1.084"",""1.627"",""0.542"",""0.542"",""1.084"",""1.627"",""0.542"",""0.542"",""0.542"",""2.169"",""1.627"",""1.084"",""1.085"",""0.542"",""1.084"",""1.084"",""1.627"",""1.084"",""0.542"",""2.169"",""1.085"",""2.169"",""0.542"",""1.627"",""0.542""]","[""1.265"",""3.796"",""2.125"",""4.251"",""2.530"",""2.126"",""1.265"",""4.251"",""2.530"",""3.796"",""2.126"",""4.251"",""3.796"",""2.125"",""3.796"",""4.251"",""2.530"",""1.265"",""2.125"",""2.125"",""3.796"",""3.796"",""2.126"",""3.796"",""2.125"",""4.251"",""2.530"",""2.530"",""10.627"",""2.125"",""2.530"",""2.530"",""2.126"",""2.530"",""1.265"",""2.530"",""1.265"",""1.265"",""1.265"",""2.530"",""3.796"",""1.265"",""1.265"",""2.530"",""3.796"",""1.265"",""1.265"",""1.265"",""5.061"",""3.795"",""2.530"",""2.530"",""1.265"",""2.530"",""2.530"",""3.796"",""2.530"",""1.265"",""5.061"",""2.530"",""5.061"",""1.265"",""3.796"",""1.265""]","{""t01"":[],""t02"":[""t01""],""t03"":[""t01""],""t04"":[""t03""],""t05"":[""t02"",""t03""],""t06"":[""t04""],""t07"":[""t04"",""t05""],""t08"":[""t07""],""t09"":[""t06"",""t07""],""t10"":[""t09""],""t11"":[""t08"",""t09""],""t12"":[""t10"",""t11""],""t13"":[""t10""],""t14"":[""t12""],""t15"":[""t13""],""t16"":[""t15""],""t17"":[""t14"",""t15""],""t18"":[""t17""],""t19"":[""t16"",""t17""],""t20"":[""t18"",""t19""],""t21"":[""t18""],""t22"":[""t20"",""t21""],""t23"":[""t20""],""t24"":[""t22""],""t25"":[""t23""],""t26"":[""t25""],""t27"":[""t24""],""t28"":[""t26"",""t27""],""t29"":[""t26""],""t30"":[""t29""],""t31"":[""t28"",""t29""],""t32"":[""t30"",""t31""],""t33"":[""t30""],""t34"":[""t32"",""t33""],""t35"":[""t34""],""t36"":[""t35""],""t37"":[""t36""],""t38"":[""t37""],""t39"":[""t38""],""t40"":[""t39""],""t41"":[""t40""],""t42"":[""t41""],""t43"":[""t42""],""t44"":[""t43""],""t45"":[""t44""],""t46"":[""t45""],""t47"":[""t46""],""t48"":[""t47""],""t49"":[""t48""],""t50"":[""t49""],""t51"":[""t50""],""t52"":[""t51""],""t53"":[""t52""],""t54"":[""t53""],""t55"":[""t54""],""t56"":[""t55""],""t57"":[""t56""],""t58"":[""t57""],""t59"":[""t58""],""t60"":[""t59""],""t61"":[""t60""],""t62"":[""t61""],""t63"":[""t62""],""t64"":[""t63""]}"
EXP-08,confirmatory,exp08_confirmatory_n64_chain_like_lognormal_12,n64_chain_like_lognormal,64,chain_like,lognormal,high,12,0,9915929669776585748,0.8263888888888888888888888889,t01->t03->t04->t06->t08->t11->t12->t15->t17->t19->t21->t23->t24->t27->t29->t31->t32->t34->t35->t36->t37->t38->t39->t40->t41->t42->t43->t44->t45->t46->t47->t48->t49->t50->t51->t52->t53->t54->t55->t56->t57->t58->t59->t60->t61->t62->t63->t64,1428,3,tied,0.3,0.7,"[""48"",""12"",""48"",""36"",""24"",""24"",""12"",""24"",""24"",""12"",""36"",""48"",""12"",""24"",""36"",""48"",""24"",""12"",""12"",""24"",""24"",""12"",""24"",""48"",""12"",""12"",""24"",""24"",""24"",""24"",""24"",""12"",""12"",""36"",""72"",""48"",""24"",""12"",""24"",""24"",""12"",""24"",""36"",""48"",""48"",""48"",""12"",""12"",""12"",""12"",""24"",""12"",""72"",""36"",""24"",""12"",""12"",""24"",""24"",""24"",""36"",""12"",""24"",""72""]","[""2.091"",""5.806"",""2.091"",""1.568"",""11.612"",""1.045"",""5.806"",""1.046"",""11.612"",""5.806"",""1.568"",""2.091"",""5.806"",""11.612"",""1.568"",""23.225"",""1.046"",""5.806"",""0.523"",""11.612"",""1.045"",""5.806"",""1.046"",""2.091"",""5.806"",""5.806"",""1.045"",""11.613"",""1.045"",""11.612"",""1.045"",""0.523"",""5.806"",""1.568"",""3.137"",""2.091"",""1.045"",""0.523"",""1.045"",""1.045"",""0.523"",""1.046"",""1.568"",""2.091"",""2.091"",""2.091"",""0.523"",""0.523"",""0.523"",""0.523"",""1.045"",""0.523"",""3.137"",""1.568"",""1.045"",""0.523"",""0.523"",""1.046"",""1.046"",""1.046"",""1.568"",""0.523"",""1.045"",""3.137""]","[""4.879"",""2.488"",""4.879"",""3.659"",""4.977"",""2.440"",""2.488"",""2.439"",""4.977"",""2.488"",""3.659"",""4.879"",""2.489"",""4.977"",""3.659"",""9.953"",""2.440"",""2.488"",""1.220"",""4.977"",""2.440"",""2.488"",""2.440"",""4.879"",""2.488"",""2.488"",""2.439"",""4.977"",""2.439"",""4.977"",""2.439"",""1.220"",""2.488"",""3.659"",""7.319"",""4.879"",""2.439"",""1.220"",""2.439"",""2.439"",""1.220"",""2.439"",""3.659"",""4.879"",""4.879"",""4.879"",""1.220"",""1.220"",""1.220"",""1.220"",""2.440"",""1.220"",""7.319"",""3.659"",""2.439"",""1.220"",""1.220"",""2.440"",""2.440"",""2.439"",""3.659"",""1.220"",""2.440"",""7.319""]","{""t01"":[],""t02"":[""t01""],""t03"":[""t01""],""t04"":[""t02"",""t03""],""t05"":[""t03""],""t06"":[""t04"",""t05""],""t07"":[""t04""],""t08"":[""t06""],""t09"":[""t07""],""t10"":[""t08""],""t11"":[""t08"",""t09""],""t12"":[""t10"",""t11""],""t13"":[""t11""],""t14"":[""t13""],""t15"":[""t12"",""t13""],""t16"":[""t14""],""t17"":[""t14"",""t15""],""t18"":[""t16""],""t19"":[""t17""],""t20"":[""t18""],""t21"":[""t19""],""t22"":[""t21""],""t23"":[""t20"",""t21""],""t24"":[""t23""],""t25"":[""t22""],""t26"":[""t25""],""t27"":[""t24"",""t25""],""t28"":[""t27""],""t29"":[""t26"",""t27""],""t30"":[""t28""],""t31"":[""t28"",""t29""],""t32"":[""t31""],""t33"":[""t30""],""t34"":[""t32"",""t33""],""t35"":[""t34""],""t36"":[""t35""],""t37"":[""t36""],""t38"":[""t37""],""t39"":[""t38""],""t40"":[""t39""],""t41"":[""t40""],""t42"":[""t41""],""t43"":[""t42""],""t44"":[""t43""],""t45"":[""t44""],""t46"":[""t45""],""t47"":[""t46""],""t48"":[""t47""],""t49"":[""t48""],""t50"":[""t49""],""t51"":[""t50""],""t52"":[""t51""],""t53"":[""t52""],""t54"":[""t53""],""t55"":[""t54""],""t56"":[""t55""],""t57"":[""t56""],""t58"":[""t57""],""t59"":[""t58""],""t60"":[""t59""],""t61"":[""t60""],""t62"":[""t61""],""t63"":[""t62""],""t64"":[""t63""]}"
EXP-08,confirmatory,exp08_confirmatory_n64_chain_like_lognormal_13,n64_chain_like_lognormal,64,chain_like,lognormal,high,13,0,17884897007248326480,0.7972972972972972972972972973,t01->t03->t04->t06->t09->t10->t13->t14->t17->t19->t21->t23->t24->t26->t28->t30->t33->t34->t35->t36->t37->t38->t39->t40->t41->t42->t43->t44->t45->t46->t47->t48->t49->t50->t51->t52->t53->t54->t55->t56->t57->t58->t59->t60->t61->t62->t63->t64,1416,2,tied,0.3,0.7,"[""24"",""12"",""24"",""24"",""36"",""36"",""24"",""12"",""24"",""24"",""24"",""48"",""24"",""24"",""12"",""36"",""24"",""36"",""72"",""12"",""12"",""12"",""48"",""12"",""36"",""36"",""12"",""24"",""12"",""24"",""12"",""24"",""48"",""24"",""48"",""48"",""24"",""12"",""12"",""36"",""12"",""48"",""12"",""24"",""36"",""36"",""60"",""36"",""24"",""12"",""24"",""24"",""24"",""12"",""36"",""72"",""36"",""36"",""24"",""12"",""12"",""36"",""48"",""12""]","[""1.084"",""4.973"",""1.084"",""1.084"",""14.918"",""1.625"",""9.945"",""4.973"",""1.084"",""1.084"",""9.946"",""19.891"",""1.084"",""1.084"",""4.973"",""14.918"",""1.084"",""14.918"",""3.251"",""4.973"",""0.542"",""4.973"",""2.167"",""0.542"",""14.918"",""1.625"",""4.973"",""1.084"",""4.973"",""1.084"",""4.973"",""9.946"",""2.167"",""1.084"",""2.167"",""2.167"",""1.084"",""0.542"",""0.542"",""1.625"",""0.542"",""2.167"",""0.542"",""1.083"",""1.625"",""1.625"",""2.709"",""1.625"",""1.084"",""0.542"",""1.084"",""1.084"",""1.084"",""0.542"",""1.625"",""3.251"",""1.625"",""1.625"",""1.084"",""0.542"",""0.542"",""1.625"",""2.167"",""0.542""]","[""2.528"",""2.131"",""2.529"",""2.529"",""6.394"",""3.793"",""4.262"",""2.131"",""2.529"",""2.528"",""4.263"",""8.525"",""2.528"",""2.529"",""2.131"",""6.394"",""2.529"",""6.394"",""7.586"",""2.131"",""1.264"",""2.131"",""5.057"",""1.264"",""6.394"",""3.793"",""2.131"",""2.528"",""2.131"",""2.529"",""2.131"",""4.262"",""5.057"",""2.528"",""5.057"",""5.057"",""2.529"",""1.264"",""1.264"",""3.793"",""1.264"",""5.057"",""1.264"",""2.529"",""3.793"",""3.793"",""6.321"",""3.793"",""2.529"",""1.264"",""2.528"",""2.528"",""2.529"",""1.264"",""3.793"",""7.586"",""3.793"",""3.793"",""2.529"",""1.264"",""1.264"",""3.793"",""5.057"",""1.264""]","{""t01"":[],""t02"":[""t01""],""t03"":[""t01""],""t04"":[""t02"",""t03""],""t05"":[""t03""],""t06"":[""t04""],""t07"":[""t04"",""t05""],""t08"":[""t06"",""t07""],""t09"":[""t06""],""t10"":[""t09""],""t11"":[""t08"",""t09""],""t12"":[""t11""],""t13"":[""t10"",""t11""],""t14"":[""t13""],""t15"":[""t12""],""t16"":[""t14"",""t15""],""t17"":[""t14""],""t18"":[""t16""],""t19"":[""t17""],""t20"":[""t18""],""t21"":[""t19""],""t22"":[""t21""],""t23"":[""t20"",""t21""],""t24"":[""t22"",""t23""],""t25"":[""t22""],""t26"":[""t24"",""t25""],""t27"":[""t24""],""t28"":[""t26""],""t29"":[""t27""],""t30"":[""t28"",""t29""],""t31"":[""t28""],""t32"":[""t30"",""t31""],""t33"":[""t30"",""t31""],""t34"":[""t32"",""t33""],""t35"":[""t34""],""t36"":[""t35""],""t37"":[""t36""],""t38"":[""t37""],""t39"":[""t38""],""t40"":[""t39""],""t41"":[""t40""],""t42"":[""t41""],""t43"":[""t42""],""t44"":[""t43""],""t45"":[""t44""],""t46"":[""t45""],""t47"":[""t46""],""t48"":[""t47""],""t49"":[""t48""],""t50"":[""t49""],""t51"":[""t50""],""t52"":[""t51""],""t53"":[""t52""],""t54"":[""t53""],""t55"":[""t54""],""t56"":[""t55""],""t57"":[""t56""],""t58"":[""t57""],""t59"":[""t58""],""t60"":[""t59""],""t61"":[""t60""],""t62"":[""t61""],""t63"":[""t62""],""t64"":[""t63""]}"
EXP-08,confirmatory,exp08_confirmatory_n64_chain_like_lognormal_14,n64_chain_like_lognormal,64,chain_like,lognormal,high,14,0,18372898957162881092,0.8043478260869565217391304348,t01->t02->t05->t06->t09->t11->t13->t15->t16->t18->t20->t23->t25->t26->t28->t31->t32->t34->t35->t36->t37->t38->t39->t40->t41->t42->t43->t44->t45->t46->t47->t48->t49->t50->t51->t52->t53->t54->t55->t56->t57->t58->t59->t60->t61->t62->t63->t64,1332,7,tied,0.3,0.7,"[""36"",""72"",""12"",""24"",""12"",""72"",""12"",""24"",""24"",""24"",""24"",""12"",""12"",""12"",""12"",""12"",""24"",""24"",""12"",""48"",""36"",""24"",""36"",""12"",""36"",""12"",""24"",""36"",""12"",""24"",""48"",""36"",""36"",""48"",""24"",""12"",""12"",""12"",""24"",""24"",""24"",""24"",""48"",""12"",""36"",""12"",""12"",""36"",""12"",""36"",""24"",""24"",""24"",""48"",""24"",""36"",""36"",""36"",""12"",""24"",""12"",""36"",""24"",""12""]","[""1.611"",""3.223"",""5.152"",""10.304"",""0.537"",""3.223"",""5.152"",""10.304"",""1.074"",""10.304"",""1.074"",""5.152"",""0.537"",""5.152"",""0.537"",""0.537"",""10.304"",""1.074"",""5.152"",""2.149"",""15.456"",""10.304"",""1.611"",""5.152"",""1.611"",""0.537"",""10.304"",""1.611"",""5.152"",""10.304"",""2.149"",""1.612"",""15.456"",""2.149"",""1.074"",""0.537"",""0.537"",""0.537"",""1.074"",""1.074"",""1.074"",""1.074"",""2.149"",""0.537"",""1.611"",""0.537"",""0.537"",""1.611"",""0.537"",""1.612"",""1.074"",""1.074"",""1.074"",""2.149"",""1.074"",""1.611"",""1.611"",""1.611"",""0.537"",""1.074"",""0.537"",""1.611"",""1.074"",""0.537""]","[""3.760"",""7.519"",""2.208"",""4.416"",""1.253"",""7.519"",""2.208"",""4.416"",""2.506"",""4.416"",""2.506"",""2.208"",""1.253"",""2.208"",""1.253"",""1.253"",""4.416"",""2.506"",""2.208"",""5.013"",""6.624"",""4.416"",""3.760"",""2.208"",""3.760"",""1.253"",""4.416"",""3.760"",""2.208"",""4.416"",""5.013"",""3.760"",""6.624"",""5.013"",""2.506"",""1.253"",""1.253"",""1.253"",""2.507"",""2.506"",""2.506"",""2.506"",""5.013"",""1.253"",""3.760"",""1.253"",""1.253"",""3.760"",""1.253"",""3.760"",""2.506"",""2.506"",""2.507"",""5.013"",""2.506"",""3.760"",""3.760"",""3.760"",""1.253"",""2.506"",""1.253"",""3.760"",""2.506"",""1.253""]","{""t01"":[],""t02"":[""t01""],""t03"":[""t01""],""t04"":[""t03""],""t05"":[""t02"",""t03""],""t06"":[""t04"",""t05""],""t07"":[""t04""],""t08"":[""t06"",""t07""],""t09"":[""t06""],""t10"":[""t09""],""t11"":[""t08"",""t09""],""t12"":[""t10"",""t11""],""t13"":[""t11""],""t14"":[""t12"",""t13""],""t15"":[""t13""],""t16"":[""t14"",""t15""],""t17"":[""t15""],""t18"":[""t16""],""t19"":[""t16"",""t17""],""t20"":[""t18""],""t21"":[""t19""],""t22"":[""t21""],""t23"":[""t20""],""t24"":[""t22""],""t25"":[""t22"",""t23""],""t26"":[""t25""],""t27"":[""t24"",""t25""],""t28"":[""t26""],""t29"":[""t27""],""t30"":[""t28"",""t29""],""t31"":[""t28""],""t32"":[""t30"",""t31""],""t33"":[""t30""],""t34"":[""t32"",""t33""],""t35"":[""t34""],""t36"":[""t35""],""t37"":[""t36""],""t38"":[""t37""],""t39"":[""t38""],""t40"":[""t39""],""t41"":[""t40""],""t42"":[""t41""],""t43"":[""t42""],""t44"":[""t43""],""t45"":[""t44""],""t46"":[""t45""],""t47"":[""t46""],""t48"":[""t47""],""t49"":[""t48""],""t50"":[""t49""],""t51"":[""t50""],""t52"":[""t51""],""t53"":[""t52""],""t54"":[""t53""],""t55"":[""t54""],""t56"":[""t55""],""t57"":[""t56""],""t58"":[""t57""],""t59"":[""t58""],""t60"":[""t59""],""t61"":[""t60""],""t62"":[""t61""],""t63"":[""t62""],""t64"":[""t63""]}"
EXP-08,confirmatory,exp08_confirmatory_n64_chain_like_lognormal_15,n64_chain_like_lognormal,64,chain_like,lognormal,high,15,0,18052855259375617810,0.7956204379562043795620437956,t01->t03->t04->t06->t08->t10->t12->t15->t16->t18->t21->t23->t25->t27->t28->t30->t33->t34->t35->t36->t37->t38->t39->t40->t41->t42->t43->t44->t45->t46->t47->t48->t49->t50->t51->t52->t53->t54->t55->t56->t57->t58->t59->t60->t61->t62->t63->t64,1308,1,unique,0.3,0.7,"[""12"",""12"",""60"",""12"",""24"",""48"",""24"",""24"",""12"",""24"",""24"",""12"",""24"",""12"",""60"",""12"",""36"",""48"",""24"",""12"",""12"",""12"",""36"",""24"",""36"",""24"",""36"",""12"",""12"",""36"",""36"",""24"",""24"",""24"",""36"",""12"",""24"",""60"",""36"",""24"",""12"",""36"",""24"",""12"",""24"",""24"",""12"",""12"",""24"",""36"",""24"",""12"",""36"",""12"",""24"",""12"",""36"",""24"",""36"",""24"",""24"",""24"",""48"",""36""]","[""0.543"",""4.932"",""2.714"",""0.543"",""9.864"",""2.172"",""9.864"",""1.086"",""4.932"",""1.086"",""9.864"",""0.543"",""9.864"",""4.932"",""2.714"",""0.543"",""14.796"",""2.172"",""9.864"",""4.932"",""0.543"",""4.932"",""1.629"",""9.864"",""1.629"",""9.864"",""1.629"",""0.543"",""4.932"",""1.629"",""14.796"",""9.864"",""1.086"",""1.086"",""1.629"",""0.543"",""1.086"",""2.714"",""1.629"",""1.086"",""0.543"",""1.629"",""1.086"",""0.543"",""1.086"",""1.086"",""0.543"",""0.543"",""1.086"",""1.629"",""1.086"",""0.543"",""1.629"",""0.543"",""1.086"",""0.543"",""1.629"",""1.086"",""1.629"",""1.086"",""1.086"",""1.086"",""2.172"",""1.629""]","[""1.267"",""2.114"",""6.334"",""1.267"",""4.228"",""5.067"",""4.228"",""2.534"",""2.114"",""2.534"",""4.227"",""1.267"",""4.227"",""2.114"",""6.334"",""1.267"",""6.341"",""5.067"",""4.227"",""2.114"",""1.267"",""2.114"",""3.801"",""4.227"",""3.801"",""4.227"",""3.801"",""1.267"",""2.114"",""3.801"",""6.341"",""4.227"",""2.534"",""2.534"",""3.801"",""1.267"",""2.534"",""6.334"",""3.801"",""2.534"",""1.267"",""3.801"",""2.534"",""1.267"",""2.534"",""2.534"",""1.267"",""1.267"",""2.534"",""3.800"",""2.534"",""1.267"",""3.801"",""1.267"",""2.534"",""1.267"",""3.801"",""2.534"",""3.801"",""2.534"",""2.534"",""2.534"",""5.067"",""3.801""]","{""t01"":[],""t02"":[""t01""],""t03"":[""t01""],""t04"":[""t02"",""t03""],""t05"":[""t02""],""t06"":[""t04""],""t07"":[""t05""],""t08"":[""t06""],""t09"":[""t07""],""t10"":[""t08""],""t11"":[""t09""],""t12"":[""t10""],""t13"":[""t11""],""t14"":[""t13""],""t15"":[""t12""],""t16"":[""t14"",""t15""],""t17"":[""t14""],""t18"":[""t16"",""t17""],""t19"":[""t17""],""t20"":[""t18""],""t21"":[""t18"",""t19""],""t22"":[""t20"",""t21""],""t23"":[""t21""],""t24"":[""t23""],""t25"":[""t22"",""t23""],""t26"":[""t24"",""t25""],""t27"":[""t24"",""t25""],""t28"":[""t27""],""t29"":[""t26""],""t30"":[""t28"",""t29""],""t31"":[""t29""],""t32"":[""t31""],""t33"":[""t30"",""t31""],""t34"":[""t32"",""t33""],""t35"":[""t34""],""t36"":[""t35""],""t37"":[""t36""],""t38"":[""t37""],""t39"":[""t38""],""t40"":[""t39""],""t41"":[""t40""],""t42"":[""t41""],""t43"":[""t42""],""t44"":[""t43""],""t45"":[""t44""],""t46"":[""t45""],""t47"":[""t46""],""t48"":[""t47""],""t49"":[""t48""],""t50"":[""t49""],""t51"":[""t50""],""t52"":[""t51""],""t53"":[""t52""],""t54"":[""t53""],""t55"":[""t54""],""t56"":[""t55""],""t57"":[""t56""],""t58"":[""t57""],""t59"":[""t58""],""t60"":[""t59""],""t61"":[""t60""],""t62"":[""t61""],""t63"":[""t62""],""t64"":[""t63""]}"
EXP-08,confirmatory,exp08_confirmatory_n64_chain_like_lognormal_16,n64_chain_like_lognormal,64,chain_like,lognormal,high,16,0,6691207151350814382,0.7905405405405405405405405405,t01->t02->t05->t06->t09->t11->t13->t14->t17->t18->t21->t23->t25->t27->t29->t31->t32->t34->t35->t36->t37->t38->t39->t40->t41->t42->t43->t44->t45->t46->t47->t48->t49->t50->t51->t52->t53->t54->t55->t56->t57->t58->t59->t60->t61->t62->t63->t64,1404,16,tied,0.3,0.7,"[""24"",""36"",""12"",""24"",""12"",""36"",""12"",""24"",""36"",""24"",""36"",""12"",""72"",""12"",""60"",""12"",""24"",""12"",""12"",""36"",""36"",""36"",""36"",""24"",""24"",""36"",""36"",""12"",""48"",""12"",""12"",""24"",""24"",""60"",""36"",""36"",""36"",""72"",""24"",""12"",""24"",""24"",""12"",""24"",""24"",""24"",""24"",""24"",""24"",""48"",""36"",""12"",""24"",""24"",""24"",""24"",""36"",""12"",""36"",""24"",""12"",""24"",""24"",""48""]","[""1.093"",""1.639"",""4.812"",""9.625"",""0.547"",""1.639"",""4.813"",""9.625"",""1.639"",""9.625"",""1.639"",""4.812"",""3.279"",""0.546"",""24.062"",""4.813"",""1.093"",""0.547"",""4.812"",""14.437"",""1.639"",""14.437"",""1.639"",""9.625"",""1.093"",""14.437"",""1.639"",""4.812"",""2.186"",""4.812"",""0.547"",""1.093"",""9.625"",""2.732"",""1.639"",""1.639"",""1.639"",""3.279"",""1.093"",""0.546"",""1.093"",""1.093"",""0.547"",""1.093"",""1.093"",""1.093"",""1.093"",""1.093"",""1.093"",""2.186"",""1.639"",""0.547"",""1.093"",""1.093"",""1.093"",""1.093"",""1.639"",""0.547"",""1.639"",""1.093"",""0.547"",""1.093"",""1.093"",""2.186""]","[""2.550"",""3.825"",""2.063"",""4.125"",""1.275"",""3.826"",""2.062"",""4.125"",""3.826"",""4.125"",""3.825"",""2.063"",""7.651"",""1.275"",""10.312"",""2.062"",""2.550"",""1.275"",""2.062"",""6.187"",""3.825"",""6.187"",""3.825"",""4.125"",""2.550"",""6.187"",""3.825"",""2.063"",""5.101"",""2.063"",""1.275"",""2.550"",""4.125"",""6.376"",""3.825"",""3.826"",""3.825"",""7.651"",""2.550"",""1.275"",""2.550"",""2.550"",""1.275"",""2.550"",""2.550"",""2.550"",""2.550"",""2.550"",""2.550"",""5.101"",""3.825"",""1.275"",""2.550"",""2.550"",""2.550"",""2.550"",""3.825"",""1.275"",""3.825"",""2.550"",""1.275"",""2.550"",""2.550"",""5.101""]","{""t01"":[],""t02"":[""t01""],""t03"":[""t01""],""t04"":[""t02"",""t03""],""t05"":[""t02""],""t06"":[""t05""],""t07"":[""t04""],""t08"":[""t06""],""t09"":[""t06"",""t07""],""t10"":[""t09""],""t11"":[""t08"",""t09""],""t12"":[""t10"",""t11""],""t13"":[""t11""],""t14"":[""t12"",""t13""],""t15"":[""t12""],""t16"":[""t15""],""t17"":[""t14"",""t15""],""t18"":[""t16"",""t17""],""t19"":[""t17""],""t20"":[""t19""],""t21"":[""t18"",""t19""],""t22"":[""t20""],""t23"":[""t21""],""t24"":[""t23""],""t25"":[""t22"",""t23""],""t26"":[""t24"",""t25""],""t27"":[""t25""],""t28"":[""t27""],""t29"":[""t26"",""t27""],""t30"":[""t28""],""t31"":[""t28"",""t29""],""t32"":[""t31""],""t33"":[""t30"",""t31""],""t34"":[""t32"",""t33""],""t35"":[""t34""],""t36"":[""t35""],""t37"":[""t36""],""t38"":[""t37""],""t39"":[""t38""],""t40"":[""t39""],""t41"":[""t40""],""t42"":[""t41""],""t43"":[""t42""],""t44"":[""t43""],""t45"":[""t44""],""t46"":[""t45""],""t47"":[""t46""],""t48"":[""t47""],""t49"":[""t48""],""t50"":[""t49""],""t51"":[""t50""],""t52"":[""t51""],""t53"":[""t52""],""t54"":[""t53""],""t55"":[""t54""],""t56"":[""t55""],""t57"":[""t56""],""t58"":[""t57""],""t59"":[""t58""],""t60"":[""t59""],""t61"":[""t60""],""t62"":[""t61""],""t63"":[""t62""],""t64"":[""t63""]}"
EXP-08,confirmatory,exp08_confirmatory_n64_chain_like_lognormal_17,n64_chain_like_lognormal,64,chain_like,lognormal,high,17,0,17833067265825506069,0.76875,t01->t02->t05->t07->t08->t11->t13->t15->t16->t19->t20->t23->t24->t26->t28->t30->t33->t34->t35->t36->t37->t38->t39->t40->t41->t42->t43->t44->t45->t46->t47->t48->t49->t50->t51->t52->t53->t54->t55->t56->t57->t58->t59->t60->t61->t62->t63->t64,1476,2,tied,0.3,0.7,"[""12"",""60"",""24"",""60"",""12"",""24"",""48"",""48"",""24"",""24"",""36"",""24"",""36"",""48"",""36"",""24"",""36"",""12"",""48"",""12"",""12"",""72"",""36"",""12"",""12"",""24"",""24"",""12"",""12"",""48"",""12"",""24"",""24"",""24"",""24"",""48"",""12"",""12"",""12"",""24"",""24"",""48"",""24"",""24"",""48"",""24"",""36"",""24"",""60"",""12"",""24"",""36"",""12"",""48"",""72"",""24"",""36"",""36"",""60"",""24"",""24"",""24"",""12"",""36""]","[""0.562"",""2.809"",""8.718"",""21.794"",""0.562"",""8.718"",""2.248"",""2.248"",""8.718"",""8.718"",""1.686"",""8.718"",""1.686"",""17.435"",""1.686"",""1.124"",""13.077"",""4.359"",""2.247"",""0.562"",""4.359"",""26.153"",""1.686"",""0.562"",""4.359"",""1.124"",""8.718"",""0.562"",""4.359"",""2.248"",""4.359"",""8.718"",""1.124"",""1.124"",""1.124"",""2.248"",""0.562"",""0.562"",""0.562"",""1.124"",""1.124"",""2.248"",""1.124"",""1.124"",""2.248"",""1.124"",""1.686"",""1.124"",""2.809"",""0.562"",""1.124"",""1.686"",""0.562"",""2.247"",""3.371"",""1.124"",""1.686"",""1.686"",""2.809"",""1.124"",""1.124"",""1.124"",""0.562"",""1.686""]","[""1.311"",""6.556"",""3.736"",""9.341"",""1.311"",""3.736"",""5.245"",""5.245"",""3.736"",""3.736"",""3.934"",""3.736"",""3.934"",""7.473"",""3.934"",""2.622"",""5.605"",""1.868"",""5.245"",""1.311"",""1.868"",""11.209"",""3.934"",""1.311"",""1.868"",""2.623"",""3.736"",""1.311"",""1.868"",""5.245"",""1.868"",""3.736"",""2.622"",""2.623"",""2.622"",""5.245"",""1.311"",""1.311"",""1.311"",""2.623"",""2.622"",""5.245"",""2.623"",""2.622"",""5.245"",""2.622"",""3.934"",""2.623"",""6.556"",""1.311"",""2.622"",""3.934"",""1.311"",""5.245"",""7.867"",""2.623"",""3.934"",""3.934"",""6.556"",""2.622"",""2.622"",""2.622"",""1.311"",""3.934""]","{""t01"":[],""t02"":[""t01""],""t03"":[""t01""],""t04"":[""t03""],""t05"":[""t02""],""t06"":[""t04"",""t05""],""t07"":[""t05""],""t08"":[""t07""],""t09"":[""t06""],""t10"":[""t09""],""t11"":[""t08"",""t09""],""t12"":[""t11""],""t13"":[""t10"",""t11""],""t14"":[""t12""],""t15"":[""t13""],""t16"":[""t15""],""t17"":[""t14"",""t15""],""t18"":[""t17""],""t19"":[""t16""],""t20"":[""t18"",""t19""],""t21"":[""t19""],""t22"":[""t21""],""t23"":[""t20""],""t24"":[""t23""],""t25"":[""t22""],""t26"":[""t24""],""t27"":[""t25""],""t28"":[""t26""],""t29"":[""t26"",""t27""],""t30"":[""t28""],""t31"":[""t28"",""t29""],""t32"":[""t31""],""t33"":[""t30""],""t34"":[""t32"",""t33""],""t35"":[""t34""],""t36"":[""t35""],""t37"":[""t36""],""t38"":[""t37""],""t39"":[""t38""],""t40"":[""t39""],""t41"":[""t40""],""t42"":[""t41""],""t43"":[""t42""],""t44"":[""t43""],""t45"":[""t44""],""t46"":[""t45""],""t47"":[""t46""],""t48"":[""t47""],""t49"":[""t48""],""t50"":[""t49""],""t51"":[""t50""],""t52"":[""t51""],""t53"":[""t52""],""t54"":[""t53""],""t55"":[""t54""],""t56"":[""t55""],""t57"":[""t56""],""t58"":[""t57""],""t59"":[""t58""],""t60"":[""t59""],""t61"":[""t60""],""t62"":[""t61""],""t63"":[""t62""],""t64"":[""t63""]}"
EXP-08,confirmatory,exp08_confirmatory_n64_chain_like_lognormal_18,n64_chain_like_lognormal,64,chain_like,lognormal,high,18,0,11125226749691108742,0.8068965517241379310344827586,t01->t02->t04->t06->t08->t10->t13->t14->t16->t18->t21->t22->t24->t26->t29->t30->t33->t34->t35->t36->t37->t38->t39->t40->t41->t42->t43->t44->t45->t46->t47->t48->t49->t50->t51->t52->t53->t54->t55->t56->t57->t58->t59->t60->t61->t62->t63->t64,1404,1,unique,0.3,0.7,"[""24"",""36"",""24"",""72"",""12"",""12"",""12"",""24"",""36"",""12"",""12"",""12"",""36"",""12"",""48"",""12"",""24"",""24"",""12"",""12"",""60"",""24"",""12"",""36"",""12"",""12"",""24"",""48"",""36"",""36"",""12"",""24"",""48"",""24"",""36"",""12"",""24"",""24"",""12"",""24"",""24"",""24"",""48"",""12"",""72"",""12"",""12"",""24"",""24"",""24"",""12"",""12"",""24"",""36"",""12"",""60"",""24"",""36"",""24"",""36"",""12"",""48"",""72"",""48""]","[""1.071"",""1.606"",""10.440"",""3.212"",""5.220"",""0.536"",""5.220"",""1.071"",""15.660"",""0.535"",""5.220"",""5.220"",""1.606"",""0.535"",""20.880"",""0.535"",""10.440"",""1.071"",""5.220"",""5.220"",""2.677"",""1.071"",""5.220"",""1.606"",""5.220"",""0.535"",""10.440"",""20.880"",""1.606"",""1.606"",""5.220"",""10.440"",""2.142"",""1.071"",""1.606"",""0.535"",""1.071"",""1.071"",""0.535"",""1.071"",""1.071"",""1.071"",""2.142"",""0.535"",""3.212"",""0.535"",""0.535"",""1.071"",""1.071"",""1.071"",""0.535"",""0.536"",""1.071"",""1.606"",""0.535"",""2.677"",""1.071"",""1.606"",""1.071"",""1.606"",""0.535"",""2.142"",""3.212"",""2.142""]","[""2.499"",""3.748"",""4.474"",""7.495"",""2.237"",""1.249"",""2.237"",""2.499"",""6.712"",""1.249"",""2.237"",""2.237"",""3.748"",""1.249"",""8.949"",""1.249"",""4.475"",""2.499"",""2.237"",""2.237"",""6.246"",""2.498"",""2.237"",""3.748"",""2.237"",""1.249"",""4.474"",""8.949"",""3.748"",""3.748"",""2.237"",""4.474"",""4.997"",""2.498"",""3.748"",""1.249"",""2.498"",""2.499"",""1.249"",""2.498"",""2.499"",""2.499"",""4.997"",""1.249"",""7.495"",""1.249"",""1.249"",""2.499"",""2.498"",""2.498"",""1.249"",""1.249"",""2.499"",""3.748"",""1.249"",""6.246"",""2.498"",""3.748"",""2.499"",""3.748"",""1.249"",""4.997"",""7.495"",""4.997""]","{""t01"":[],""t02"":[""t01""],""t03"":[""t01""],""t04"":[""t02"",""t03""],""t05"":[""t03""],""t06"":[""t04"",""t05""],""t07"":[""t05""],""t08"":[""t06"",""t07""],""t09"":[""t06""],""t10"":[""t08""],""t11"":[""t09""],""t12"":[""t11""],""t13"":[""t10""],""t14"":[""t13""],""t15"":[""t12"",""t13""],""t16"":[""t14""],""t17"":[""t15""],""t18"":[""t16""],""t19"":[""t16"",""t17""],""t20"":[""t18"",""t19""],""t21"":[""t18""],""t22"":[""t21""],""t23"":[""t20""],""t24"":[""t22"",""t23""],""t25"":[""t22""],""t26"":[""t24""],""t27"":[""t24"",""t25""],""t28"":[""t26"",""t27""],""t29"":[""t26""],""t30"":[""t29""],""t31"":[""t28""],""t32"":[""t31""],""t33"":[""t30""],""t34"":[""t32"",""t33""],""t35"":[""t34""],""t36"":[""t35""],""t37"":[""t36""],""t38"":[""t37""],""t39"":[""t38""],""t40"":[""t39""],""t41"":[""t40""],""t42"":[""t41""],""t43"":[""t42""],""t44"":[""t43""],""t45"":[""t44""],""t46"":[""t45""],""t47"":[""t46""],""t48"":[""t47""],""t49"":[""t48""],""t50"":[""t49""],""t51"":[""t50""],""t52"":[""t51""],""t53"":[""t52""],""t54"":[""t53""],""t55"":[""t54""],""t56"":[""t55""],""t57"":[""t56""],""t58"":[""t57""],""t59"":[""t58""],""t60"":[""t59""],""t61"":[""t60""],""t62"":[""t61""],""t63"":[""t62""],""t64"":[""t63""]}"
EXP-08,confirmatory,exp08_confirmatory_n64_chain_like_lognormal_19,n64_chain_like_lognormal,64,chain_like,lognormal,high,19,0,14698206669391645115,0.7714285714285714285714285714,t01->t03->t05->t07->t08->t10->t12->t15->t17->t18->t20->t23->t25->t26->t29->t31->t33->t34->t35->t36->t37->t38->t39->t40->t41->t42->t43->t44->t45->t46->t47->t48->t49->t50->t51->t52->t53->t54->t55->t56->t57->t58->t59->t60->t61->t62->t63->t64,1296,1,unique,0.3,0.7,"[""36"",""24"",""60"",""24"",""24"",""24"",""24"",""24"",""12"",""12"",""24"",""12"",""24"",""60"",""36"",""12"",""36"",""72"",""12"",""12"",""24"",""48"",""36"",""12"",""36"",""24"",""24"",""12"",""24"",""12"",""24"",""36"",""36"",""12"",""12"",""12"",""12"",""24"",""12"",""36"",""36"",""24"",""48"",""24"",""48"",""24"",""12"",""24"",""24"",""12"",""12"",""48"",""36"",""12"",""12"",""12"",""36"",""72"",""24"",""24"",""24"",""12"",""36"",""12""]","[""1.680"",""8.820"",""2.800"",""8.820"",""1.120"",""8.820"",""1.120"",""1.120"",""4.410"",""0.560"",""8.820"",""0.560"",""8.820"",""22.050"",""1.680"",""4.410"",""1.680"",""3.360"",""4.410"",""0.560"",""8.820"",""17.640"",""1.680"",""4.410"",""1.680"",""1.120"",""8.820"",""4.410"",""1.120"",""4.410"",""1.120"",""13.230"",""1.680"",""0.560"",""0.560"",""0.560"",""0.560"",""1.120"",""0.560"",""1.680"",""1.680"",""1.120"",""2.240"",""1.120"",""2.240"",""1.120"",""0.560"",""1.120"",""1.120"",""0.560"",""0.560"",""2.240"",""1.680"",""0.560"",""0.560"",""0.560"",""1.680"",""3.360"",""1.120"",""1.120"",""1.120"",""0.560"",""1.680"",""0.560""]","[""3.920"",""3.780"",""6.533"",""3.780"",""2.613"",""3.780"",""2.613"",""2.613"",""1.890"",""1.307"",""3.780"",""1.307"",""3.780"",""9.450"",""3.920"",""1.890"",""3.920"",""7.840"",""1.890"",""1.307"",""3.780"",""7.560"",""3.920"",""1.890"",""3.920"",""2.613"",""3.780"",""1.890"",""2.613"",""1.890"",""2.613"",""5.670"",""3.920"",""1.307"",""1.307"",""1.307"",""1.307"",""2.613"",""1.307"",""3.920"",""3.920"",""2.613"",""5.227"",""2.613"",""5.227"",""2.613"",""1.307"",""2.613"",""2.613"",""1.307"",""1.307"",""5.227"",""3.920"",""1.306"",""1.307"",""1.307"",""3.920"",""7.840"",""2.613"",""2.613"",""2.613"",""1.307"",""3.920"",""1.307""]","{""t01"":[],""t02"":[""t01""],""t03"":[""t01""],""t04"":[""t02""],""t05"":[""t03""],""t06"":[""t04""],""t07"":[""t05""],""t08"":[""t07""],""t09"":[""t06""],""t10"":[""t08""],""t11"":[""t09""],""t12"":[""t10"",""t11""],""t13"":[""t11""],""t14"":[""t13""],""t15"":[""t12"",""t13""],""t16"":[""t14"",""t15""],""t17"":[""t15""],""t18"":[""t17""],""t19"":[""t16"",""t17""],""t20"":[""t18"",""t19""],""t21"":[""t19""],""t22"":[""t20"",""t21""],""t23"":[""t20""],""t24"":[""t22"",""t23""],""t25"":[""t23""],""t26"":[""t24"",""t25""],""t27"":[""t24""],""t28"":[""t27""],""t29"":[""t26"",""t27""],""t30"":[""t28""],""t31"":[""t29""],""t32"":[""t30""],""t33"":[""t30"",""t31""],""t34"":[""t32"",""t33""],""t35"":[""t34""],""t36"":[""t35""],""t37"":[""t36""],""t38"":[""t37""],""t39"":[""t38""],""t40"":[""t39""],""t41"":[""t40""],""t42"":[""t41""],""t43"":[""t42""],""t44"":[""t43""],""t45"":[""t44""],""t46"":[""t45""],""t47"":[""t46""],""t48"":[""t47""],""t49"":[""t48""],""t50"":[""t49""],""t51"":[""t50""],""t52"":[""t51""],""t53"":[""t52""],""t54"":[""t53""],""t55"":[""t54""],""t56"":[""t55""],""t57"":[""t56""],""t58"":[""t57""],""t59"":[""t58""],""t60"":[""t59""],""t61"":[""t60""],""t62"":[""t61""],""t63"":[""t62""],""t64"":[""t63""]}"
